detection_index,entry_index,exit_index,termination_index,status,reason,reference_entry,exit_reference_price,entry_price,exit_price,stop_price,target_price,gross_points,fill_pnl_points,net_points,net_dollars,fees_dollars,slippage_points,holding_bars,holding_minutes,mae_points,detection_timestamp,entry_timestamp,exit_timestamp,expiry_timestamp,pattern_id,direction,entry_kind,entry_offset_points,horizon,pending_bars,stop_points,target_points,balance_after_dollars
355958,355959,355959,355959,closed,timeout,18658.25,18658.5,18658.5,18658.25,18654.25,18690.25,0.25,-0.25,-0.75,-15.0,10.0,0.5,1.0,1.0,2.0,2024-01-02 18:05:00+00:00,2024-01-02 18:05:00+00:00,2024-01-02 18:06:00+00:00,2024-01-02 18:06:00+00:00,exhaustion_reversal_long_midday_8346db7cf1cc,1,market,0.0,1,1,4,32,49985.0
357242,357243,357243,357243,closed,timeout,18512.5,18518.25,18512.75,18518.0,18508.5,18544.5,5.75,5.25,4.75,95.0,10.0,0.5,1.0,1.0,1.5,2024-01-03 16:44:00+00:00,2024-01-03 16:44:00+00:00,2024-01-03 16:45:00+00:00,2024-01-03 16:45:00+00:00,exhaustion_reversal_long_midday_8346db7cf1cc,1,market,0.0,1,1,4,32,50080.0
360000,360001,360001,360001,closed,timeout,18410.75,18410.0,18411.0,18409.75,18406.75,18442.75,-0.75,-1.25,-1.75,-35.0,10.0,0.5,1.0,1.0,3.0,2024-01-05 17:12:00+00:00,2024-01-05 17:12:00+00:00,2024-01-05 17:13:00+00:00,2024-01-05 17:13:00+00:00,exhaustion_reversal_long_midday_8346db7cf1cc,1,market,0.0,1,1,4,32,50045.0
360002,360003,360003,360003,closed,timeout,18414.25,18415.0,18414.5,18414.75,18410.25,18446.25,0.75,0.25,-0.25,-5.0,10.0,0.5,1.0,1.0,0.5,2024-01-05 17:14:00+00:00,2024-01-05 17:14:00+00:00,2024-01-05 17:15:00+00:00,2024-01-05 17:15:00+00:00,exhaustion_reversal_long_midday_8346db7cf1cc,1,market,0.0,1,1,4,32,50040.0
360004,360005,360005,360005,closed,timeout,18417.25,18422.75,18417.5,18422.5,18413.25,18449.25,5.5,5.0,4.5,90.0,10.0,0.5,1.0,1.0,0.75,2024-01-05 17:16:00+00:00,2024-01-05 17:16:00+00:00,2024-01-05 17:17:00+00:00,2024-01-05 17:17:00+00:00,exhaustion_reversal_long_midday_8346db7cf1cc,1,market,0.0,1,1,4,32,50130.0
360053,360054,360054,360054,closed,timeout,18389.5,18397.0,18389.75,18396.75,18385.5,18421.5,7.5,7.0,6.5,130.0,10.0,0.5,1.0,1.0,2.25,2024-01-05 18:05:00+00:00,2024-01-05 18:05:00+00:00,2024-01-05 18:06:00+00:00,2024-01-05 18:06:00+00:00,exhaustion_reversal_long_midday_8346db7cf1cc,1,market,0.0,1,1,4,32,50260.0
360066,360067,360067,360067,closed,stop,18378.75,18374.75,18379.0,18374.5,18374.75,18410.75,-4.0,-4.5,-5.0,-100.0,10.0,0.5,1.0,1.0,7.5,2024-01-05 18:18:00+00:00,2024-01-05 18:18:00+00:00,2024-01-05 18:19:00+00:00,2024-01-05 18:19:00+00:00,exhaustion_reversal_long_midday_8346db7cf1cc,1,market,0.0,1,1,4,32,50160.0
361379,361380,361380,361380,closed,timeout,18623.25,18622.0,18623.5,18621.75,18619.25,18655.25,-1.25,-1.75,-2.25,-45.0,10.0,0.5,1.0,1.0,2.0,2024-01-08 17:26:00+00:00,2024-01-08 17:26:00+00:00,2024-01-08 17:27:00+00:00,2024-01-08 17:27:00+00:00,exhaustion_reversal_long_midday_8346db7cf1cc,1,market,0.0,1,1,4,32,50115.0
362735,362736,362736,362736,closed,timeout,18762.0,18762.75,18762.25,18762.5,18758.0,18794.0,0.75,0.25,-0.25,-5.0,10.0,0.5,1.0,1.0,1.75,2024-01-09 17:18:00+00:00,2024-01-09 17:18:00+00:00,2024-01-09 17:19:00+00:00,2024-01-09 17:19:00+00:00,exhaustion_reversal_long_midday_8346db7cf1cc,1,market,0.0,1,1,4,32,50110.0
362813,362814,362814,362814,closed,timeout,18751.0,18751.75,18751.25,18751.5,18747.0,18783.0,0.75,0.25,-0.25,-5.0,10.0,0.5,1.0,1.0,3.5,2024-01-09 18:36:00+00:00,2024-01-09 18:36:00+00:00,2024-01-09 18:37:00+00:00,2024-01-09 18:37:00+00:00,exhaustion_reversal_long_midday_8346db7cf1cc,1,market,0.0,1,1,4,32,50105.0
364040,364041,364041,364041,closed,timeout,18803.75,18810.0,18804.0,18809.75,18799.75,18835.75,6.25,5.75,5.25,105.0,10.0,0.5,1.0,1.0,0.5,2024-01-10 16:18:00+00:00,2024-01-10 16:18:00+00:00,2024-01-10 16:19:00+00:00,2024-01-10 16:19:00+00:00,exhaustion_reversal_long_midday_8346db7cf1cc,1,market,0.0,1,1,4,32,50210.0
364076,364077,364077,364077,closed,timeout,18806.75,18813.5,18807.0,18813.25,18802.75,18838.75,6.75,6.25,5.75,115.0,10.0,0.5,1.0,1.0,0.25,2024-01-10 16:54:00+00:00,2024-01-10 16:54:00+00:00,2024-01-10 16:55:00+00:00,2024-01-10 16:55:00+00:00,exhaustion_reversal_long_midday_8346db7cf1cc,1,market,0.0,1,1,4,32,50325.0
365406,365407,365407,365407,closed,stop,18732.0,18728.0,18732.25,18727.75,18728.0,18764.0,-4.0,-4.5,-5.0,-100.0,10.0,0.5,1.0,1.0,4.25,2024-01-11 16:19:00+00:00,2024-01-11 16:19:00+00:00,2024-01-11 16:20:00+00:00,2024-01-11 16:20:00+00:00,exhaustion_reversal_long_midday_8346db7cf1cc,1,market,0.0,1,1,4,32,50225.0
366792,366793,366793,366793,closed,stop,18887.75,18883.75,18888.0,18883.5,18883.75,18919.75,-4.0,-4.5,-5.0,-100.0,10.0,0.5,1.0,1.0,9.25,2024-01-12 16:40:00+00:00,2024-01-12 16:40:00+00:00,2024-01-12 16:41:00+00:00,2024-01-12 16:41:00+00:00,exhaustion_reversal_long_midday_8346db7cf1cc,1,market,0.0,1,1,4,32,50125.0
368129,368130,368130,368130,closed,timeout,18910.75,18911.0,18911.0,18910.75,18906.75,18942.75,0.25,-0.25,-0.75,-15.0,10.0,0.5,1.0,1.0,0.75,2024-01-15 16:12:00+00:00,2024-01-15 16:12:00+00:00,2024-01-15 16:13:00+00:00,2024-01-15 16:13:00+00:00,exhaustion_reversal_long_midday_8346db7cf1cc,1,market,0.0,1,1,4,32,50110.0
368164,368165,368165,368165,closed,timeout,18911.75,18911.5,18912.0,18911.25,18907.75,18943.75,-0.25,-0.75,-1.25,-25.0,10.0,0.5,1.0,1.0,1.0,2024-01-15 16:47:00+00:00,2024-01-15 16:47:00+00:00,2024-01-15 16:48:00+00:00,2024-01-15 16:48:00+00:00,exhaustion_reversal_long_midday_8346db7cf1cc,1,market,0.0,1,1,4,32,50085.0
369263,369264,369264,369264,closed,timeout,18914.25,18928.0,18914.5,18927.75,18910.25,18946.25,13.75,13.25,12.75,255.0,10.0,0.5,1.0,1.0,0.25,2024-01-16 16:06:00+00:00,2024-01-16 16:06:00+00:00,2024-01-16 16:07:00+00:00,2024-01-16 16:07:00+00:00,exhaustion_reversal_long_midday_8346db7cf1cc,1,market,0.0,1,1,4,32,50340.0
369327,369328,369328,369328,closed,timeout,18863.0,18871.75,18863.25,18871.5,18859.0,18895.0,8.75,8.25,7.75,155.0,10.0,0.5,1.0,1.0,4.0,2024-01-16 17:10:00+00:00,2024-01-16 17:10:00+00:00,2024-01-16 17:11:00+00:00,2024-01-16 17:11:00+00:00,exhaustion_reversal_long_midday_8346db7cf1cc,1,market,0.0,1,1,4,32,50495.0
369351,369352,369352,369352,closed,stop,18858.25,18854.25,18858.5,18854.0,18854.25,18890.25,-4.0,-4.5,-5.0,-100.0,10.0,0.5,1.0,1.0,8.0,2024-01-16 17:34:00+00:00,2024-01-16 17:34:00+00:00,2024-01-16 17:35:00+00:00,2024-01-16 17:35:00+00:00,exhaustion_reversal_long_midday_8346db7cf1cc,1,market,0.0,1,1,4,32,50395.0
369421,369422,369422,369422,closed,stop,18865.25,18861.25,18865.5,18861.0,18861.25,18897.25,-4.0,-4.5,-5.0,-100.0,10.0,0.5,1.0,1.0,5.5,2024-01-16 18:44:00+00:00,2024-01-16 18:44:00+00:00,2024-01-16 18:45:00+00:00,2024-01-16 18:45:00+00:00,exhaustion_reversal_long_midday_8346db7cf1cc,1,market,0.0,1,1,4,32,50295.0
369433,369434,369434,369434,closed,timeout,18842.25,18841.5,18842.5,18841.25,18838.25,18874.25,-0.75,-1.25,-1.75,-35.0,10.0,0.5,1.0,1.0,3.5,2024-01-16 18:56:00+00:00,2024-01-16 18:56:00+00:00,2024-01-16 18:57:00+00:00,2024-01-16 18:57:00+00:00,exhaustion_reversal_long_midday_8346db7cf1cc,1,market,0.0,1,1,4,32,50260.0
370712,370713,370713,370713,closed,stop,18730.75,18726.75,18731.0,18726.5,18726.75,18762.75,-4.0,-4.5,-5.0,-100.0,10.0,0.5,1.0,1.0,7.5,2024-01-17 17:30:00+00:00,2024-01-17 17:30:00+00:00,2024-01-17 17:31:00+00:00,2024-01-17 17:31:00+00:00,exhaustion_reversal_long_midday_8346db7cf1cc,1,market,0.0,1,1,4,32,50160.0
372032,372033,372033,372033,closed,timeout,19020.25,19018.0,19020.5,19017.75,19016.25,19052.25,-2.25,-2.75,-3.25,-65.0,10.0,0.5,1.0,1.0,3.75,2024-01-18 16:45:00+00:00,2024-01-18 16:45:00+00:00,2024-01-18 16:46:00+00:00,2024-01-18 16:46:00+00:00,exhaustion_reversal_long_midday_8346db7cf1cc,1,market,0.0,1,1,4,32,50095.0
372053,372054,372054,372054,closed,timeout,18969.0,18973.5,18969.25,18973.25,18965.0,19001.0,4.5,4.0,3.5,70.0,10.0,0.5,1.0,1.0,2.0,2024-01-18 17:06:00+00:00,2024-01-18 17:06:00+00:00,2024-01-18 17:07:00+00:00,2024-01-18 17:07:00+00:00,exhaustion_reversal_long_midday_8346db7cf1cc,1,market,0.0,1,1,4,32,50165.0
372057,372058,372058,372058,closed,stop,18961.25,18957.25,18961.5,18957.0,18957.25,18993.25,-4.0,-4.5,-5.0,-100.0,10.0,0.5,1.0,1.0,5.5,2024-01-18 17:10:00+00:00,2024-01-18 17:10:00+00:00,2024-01-18 17:11:00+00:00,2024-01-18 17:11:00+00:00,exhaustion_reversal_long_midday_8346db7cf1cc,1,market,0.0,1,1,4,32,50065.0
372061,372062,372062,372062,closed,timeout,18948.0,18954.0,18948.25,18953.75,18944.0,18980.0,6.0,5.5,5.0,100.0,10.0,0.5,1.0,1.0,1.0,2024-01-18 17:14:00+00:00,2024-01-18 17:14:00+00:00,2024-01-18 17:15:00+00:00,2024-01-18 17:15:00+00:00,exhaustion_reversal_long_midday_8346db7cf1cc,1,market,0.0,1,1,4,32,50165.0
372115,372116,372116,372116,closed,timeout,18907.0,18912.25,18907.25,18912.0,18903.0,18939.0,5.25,4.75,4.25,85.0,10.0,0.5,1.0,1.0,0.25,2024-01-18 18:08:00+00:00,2024-01-18 18:08:00+00:00,2024-01-18 18:09:00+00:00,2024-01-18 18:09:00+00:00,exhaustion_reversal_long_midday_8346db7cf1cc,1,market,0.0,1,1,4,32,50250.0
373392,373393,373393,373393,closed,timeout,19175.75,19178.25,19176.0,19178.0,19171.75,19207.75,2.5,2.0,1.5,30.0,10.0,0.5,1.0,1.0,2.25,2024-01-19 16:40:00+00:00,2024-01-19 16:40:00+00:00,2024-01-19 16:41:00+00:00,2024-01-19 16:41:00+00:00,exhaustion_reversal_long_midday_8346db7cf1cc,1,market,0.0,1,1,4,32,50280.0
376105,376106,376106,376106,closed,timeout,19389.75,19392.5,19390.0,19392.25,19385.75,19421.75,2.75,2.25,1.75,35.0,10.0,0.5,1.0,1.0,0.5,2024-01-23 16:23:00+00:00,2024-01-23 16:23:00+00:00,2024-01-23 16:24:00+00:00,2024-01-23 16:24:00+00:00,exhaustion_reversal_long_midday_8346db7cf1cc,1,market,0.0,1,1,4,32,50315.0
377457,377458,377458,377458,closed,stop,19653.5,19649.5,19653.75,19649.25,19649.5,19685.5,-4.0,-4.5,-5.0,-100.0,10.0,0.5,1.0,1.0,12.0,2024-01-24 16:10:00+00:00,2024-01-24 16:10:00+00:00,2024-01-24 16:11:00+00:00,2024-01-24 16:11:00+00:00,exhaustion_reversal_long_midday_8346db7cf1cc,1,market,0.0,1,1,4,32,50215.0
377461,377462,377462,377462,closed,stop,19643.0,19639.0,19643.25,19638.75,19639.0,19675.0,-4.0,-4.5,-5.0,-100.0,10.0,0.5,1.0,1.0,7.0,2024-01-24 16:14:00+00:00,2024-01-24 16:14:00+00:00,2024-01-24 16:15:00+00:00,2024-01-24 16:15:00+00:00,exhaustion_reversal_long_midday_8346db7cf1cc,1,market,0.0,1,1,4,32,50115.0
377570,377571,377571,377571,closed,stop,19704.25,19700.25,19704.5,19700.0,19700.25,19736.25,-4.0,-4.5,-5.0,-100.0,10.0,0.5,1.0,1.0,5.5,2024-01-24 18:03:00+00:00,2024-01-24 18:03:00+00:00,2024-01-24 18:04:00+00:00,2024-01-24 18:04:00+00:00,exhaustion_reversal_long_midday_8346db7cf1cc,1,market,0.0,1,1,4,32,50015.0
378883,378884,378884,378884,closed,stop,19633.0,19629.0,19633.25,19628.75,19629.0,19665.0,-4.0,-4.5,-5.0,-100.0,10.0,0.5,1.0,1.0,10.5,2024-01-25 17:11:00+00:00,2024-01-25 17:11:00+00:00,2024-01-25 17:12:00+00:00,2024-01-25 17:12:00+00:00,exhaustion_reversal_long_midday_8346db7cf1cc,1,market,0.0,1,1,4,32,49915.0
378885,378886,378886,378886,closed,stop,19631.0,19627.0,19631.25,19626.75,19627.0,19663.0,-4.0,-4.5,-5.0,-100.0,10.0,0.5,1.0,1.0,4.5,2024-01-25 17:13:00+00:00,2024-01-25 17:13:00+00:00,2024-01-25 17:14:00+00:00,2024-01-25 17:14:00+00:00,exhaustion_reversal_long_midday_8346db7cf1cc,1,market,0.0,1,1,4,32,49815.0
380222,380223,380223,380223,closed,timeout,19529.5,19527.0,19529.75,19526.75,19525.5,19561.5,-2.5,-3.0,-3.5,-70.0,10.0,0.5,1.0,1.0,3.5,2024-01-26 16:45:00+00:00,2024-01-26 16:45:00+00:00,2024-01-26 16:46:00+00:00,2024-01-26 16:46:00+00:00,exhaustion_reversal_long_midday_8346db7cf1cc,1,market,0.0,1,1,4,32,49745.0
380279,380280,380280,380280,closed,stop,19497.25,19493.25,19497.5,19493.0,19493.25,19529.25,-4.0,-4.5,-5.0,-100.0,10.0,0.5,1.0,1.0,8.5,2024-01-26 17:42:00+00:00,2024-01-26 17:42:00+00:00,2024-01-26 17:43:00+00:00,2024-01-26 17:43:00+00:00,exhaustion_reversal_long_midday_8346db7cf1cc,1,market,0.0,1,1,4,32,49645.0
380288,380289,380289,380289,closed,stop,19467.0,19463.0,19467.25,19462.75,19463.0,19499.0,-4.0,-4.5,-5.0,-100.0,10.0,0.5,1.0,1.0,11.0,2024-01-26 17:51:00+00:00,2024-01-26 17:51:00+00:00,2024-01-26 17:52:00+00:00,2024-01-26 17:52:00+00:00,exhaustion_reversal_long_midday_8346db7cf1cc,1,market,0.0,1,1,4,32,49545.0
380291,380292,380292,380292,closed,timeout,19465.75,19476.75,19466.0,19476.5,19461.75,19497.75,11.0,10.5,10.0,200.0,10.0,0.5,1.0,1.0,2.75,2024-01-26 17:54:00+00:00,2024-01-26 17:54:00+00:00,2024-01-26 17:55:00+00:00,2024-01-26 17:55:00+00:00,exhaustion_reversal_long_midday_8346db7cf1cc,1,market,0.0,1,1,4,32,49745.0
380343,380344,380344,380344,closed,stop,19464.75,19460.75,19465.0,19460.5,19460.75,19496.75,-4.0,-4.5,-5.0,-100.0,10.0,0.5,1.0,1.0,10.75,2024-01-26 18:46:00+00:00,2024-01-26 18:46:00+00:00,2024-01-26 18:47:00+00:00,2024-01-26 18:47:00+00:00,exhaustion_reversal_long_midday_8346db7cf1cc,1,market,0.0,1,1,4,32,49645.0
381718,381719,381719,381719,closed,stop,19531.5,19527.5,19531.75,19527.25,19527.5,19563.5,-4.0,-4.5,-5.0,-100.0,10.0,0.5,1.0,1.0,5.5,2024-01-29 18:56:00+00:00,2024-01-29 18:56:00+00:00,2024-01-29 18:57:00+00:00,2024-01-29 18:57:00+00:00,exhaustion_reversal_long_midday_8346db7cf1cc,1,market,0.0,1,1,4,32,49545.0
382963,382964,382964,382964,closed,timeout,19576.25,19579.25,19576.5,19579.0,19572.25,19608.25,3.0,2.5,2.0,40.0,10.0,0.5,1.0,1.0,2.75,2024-01-30 16:57:00+00:00,2024-01-30 16:57:00+00:00,2024-01-30 16:58:00+00:00,2024-01-30 16:58:00+00:00,exhaustion_reversal_long_midday_8346db7cf1cc,1,market,0.0,1,1,4,32,49585.0
382988,382989,382989,382989,closed,stop,19557.25,19553.25,19557.5,19553.0,19553.25,19589.25,-4.0,-4.5,-5.0,-100.0,10.0,0.5,1.0,1.0,6.25,2024-01-30 17:22:00+00:00,2024-01-30 17:22:00+00:00,2024-01-30 17:23:00+00:00,2024-01-30 17:23:00+00:00,exhaustion_reversal_long_midday_8346db7cf1cc,1,market,0.0,1,1,4,32,49485.0
383080,383081,383081,383081,closed,stop,19509.75,19505.75,19510.0,19505.5,19505.75,19541.75,-4.0,-4.5,-5.0,-100.0,10.0,0.5,1.0,1.0,4.75,2024-01-30 18:54:00+00:00,2024-01-30 18:54:00+00:00,2024-01-30 18:55:00+00:00,2024-01-30 18:55:00+00:00,exhaustion_reversal_long_midday_8346db7cf1cc,1,market,0.0,1,1,4,32,49385.0
385637,385638,385638,385638,closed,stop,19220.0,19216.0,19220.25,19215.75,19216.0,19252.0,-4.0,-4.5,-5.0,-100.0,10.0,0.5,1.0,1.0,4.5,2024-02-01 16:01:00+00:00,2024-02-01 16:01:00+00:00,2024-02-01 16:02:00+00:00,2024-02-01 16:02:00+00:00,exhaustion_reversal_long_midday_8346db7cf1cc,1,market,0.0,1,1,4,32,49285.0
385717,385718,385718,385718,closed,stop,19310.0,19306.0,19310.25,19305.75,19306.0,19342.0,-4.0,-4.5,-5.0,-100.0,10.0,0.5,1.0,1.0,8.5,2024-02-01 17:21:00+00:00,2024-02-01 17:21:00+00:00,2024-02-01 17:22:00+00:00,2024-02-01 17:22:00+00:00,exhaustion_reversal_long_midday_8346db7cf1cc,1,market,0.0,1,1,4,32,49185.0
385766,385767,385767,385767,closed,timeout,19282.0,19292.5,19282.25,19292.25,19278.0,19314.0,10.5,10.0,9.5,190.0,10.0,0.5,1.0,1.0,1.75,2024-02-01 18:10:00+00:00,2024-02-01 18:10:00+00:00,2024-02-01 18:11:00+00:00,2024-02-01 18:11:00+00:00,exhaustion_reversal_long_midday_8346db7cf1cc,1,market,0.0,1,1,4,32,49375.0
387109,387110,387110,387110,closed,timeout,19623.75,19629.25,19624.0,19629.0,19619.75,19655.75,5.5,5.0,4.5,90.0,10.0,0.5,1.0,1.0,1.5,2024-02-02 17:48:00+00:00,2024-02-02 17:48:00+00:00,2024-02-02 17:49:00+00:00,2024-02-02 17:49:00+00:00,exhaustion_reversal_long_midday_8346db7cf1cc,1,market,0.0,1,1,4,32,49465.0
387115,387116,387116,387116,closed,timeout,19623.0,19627.0,19623.25,19626.75,19619.0,19655.0,4.0,3.5,3.0,60.0,10.0,0.5,1.0,1.0,3.25,2024-02-02 17:54:00+00:00,2024-02-02 17:54:00+00:00,2024-02-02 17:55:00+00:00,2024-02-02 17:55:00+00:00,exhaustion_reversal_long_midday_8346db7cf1cc,1,market,0.0,1,1,4,32,49525.0
389779,389780,389780,389780,closed,stop,19548.0,19544.0,19548.25,19543.75,19544.0,19580.0,-4.0,-4.5,-5.0,-100.0,10.0,0.5,1.0,1.0,13.0,2024-02-06 16:48:00+00:00,2024-02-06 16:48:00+00:00,2024-02-06 16:49:00+00:00,2024-02-06 16:49:00+00:00,exhaustion_reversal_long_midday_8346db7cf1cc,1,market,0.0,1,1,4,32,49425.0
391099,391100,391100,391100,closed,stop,19766.25,19762.25,19766.5,19762.0,19762.25,19798.25,-4.0,-4.5,-5.0,-100.0,10.0,0.5,1.0,1.0,5.0,2024-02-07 16:03:00+00:00,2024-02-07 16:03:00+00:00,2024-02-07 16:04:00+00:00,2024-02-07 16:04:00+00:00,exhaustion_reversal_long_midday_8346db7cf1cc,1,market,0.0,1,1,4,32,49325.0
391118,391119,391119,391119,closed,timeout,19764.0,19766.75,19764.25,19766.5,19760.0,19796.0,2.75,2.25,1.75,35.0,10.0,0.5,1.0,1.0,4.0,2024-02-07 16:22:00+00:00,2024-02-07 16:22:00+00:00,2024-02-07 16:23:00+00:00,2024-02-07 16:23:00+00:00,exhaustion_reversal_long_midday_8346db7cf1cc,1,market,0.0,1,1,4,32,49360.0
391119,391120,391120,391120,closed,stop,19766.25,19762.25,19766.5,19762.0,19762.25,19798.25,-4.0,-4.5,-5.0,-100.0,10.0,0.5,1.0,1.0,7.25,2024-02-07 16:23:00+00:00,2024-02-07 16:23:00+00:00,2024-02-07 16:24:00+00:00,2024-02-07 16:24:00+00:00,exhaustion_reversal_long_midday_8346db7cf1cc,1,market,0.0,1,1,4,32,49260.0
391122,391123,391123,391123,closed,timeout,19757.75,19766.25,19758.0,19766.0,19753.75,19789.75,8.5,8.0,7.5,150.0,10.0,0.5,1.0,1.0,3.75,2024-02-07 16:26:00+00:00,2024-02-07 16:26:00+00:00,2024-02-07 16:27:00+00:00,2024-02-07 16:27:00+00:00,exhaustion_reversal_long_midday_8346db7cf1cc,1,market,0.0,1,1,4,32,49410.0
392492,392493,392493,392493,closed,stop,19810.5,19806.5,19810.75,19806.25,19806.5,19842.5,-4.0,-4.5,-5.0,-100.0,10.0,0.5,1.0,1.0,8.25,2024-02-08 16:31:00+00:00,2024-02-08 16:31:00+00:00,2024-02-08 16:32:00+00:00,2024-02-08 16:32:00+00:00,exhaustion_reversal_long_midday_8346db7cf1cc,1,market,0.0,1,1,4,32,49310.0
392634,392635,392635,392635,closed,timeout,19808.5,19807.25,19808.75,19807.0,19804.5,19840.5,-1.25,-1.75,-2.25,-45.0,10.0,0.5,1.0,1.0,3.25,2024-02-08 18:53:00+00:00,2024-02-08 18:53:00+00:00,2024-02-08 18:54:00+00:00,2024-02-08 18:54:00+00:00,exhaustion_reversal_long_midday_8346db7cf1cc,1,market,0.0,1,1,4,32,49265.0
393894,393895,393895,393895,closed,timeout,19926.0,19926.75,19926.25,19926.5,19922.0,19958.0,0.75,0.25,-0.25,-5.0,10.0,0.5,1.0,1.0,3.75,2024-02-09 17:09:00+00:00,2024-02-09 17:09:00+00:00,2024-02-09 17:10:00+00:00,2024-02-09 17:10:00+00:00,exhaustion_reversal_long_midday_8346db7cf1cc,1,market,0.0,1,1,4,32,49260.0
395268,395269,395269,395269,closed,timeout,20017.75,20016.25,20018.0,20016.0,20013.75,20049.75,-1.5,-2.0,-2.5,-50.0,10.0,0.5,1.0,1.0,2.5,2024-02-12 17:25:00+00:00,2024-02-12 17:25:00+00:00,2024-02-12 17:26:00+00:00,2024-02-12 17:26:00+00:00,exhaustion_reversal_long_midday_8346db7cf1cc,1,market,0.0,1,1,4,32,49210.0
395348,395349,395349,395349,closed,stop,19947.0,19943.0,19947.25,19942.75,19943.0,19979.0,-4.0,-4.5,-5.0,-100.0,10.0,0.5,1.0,1.0,5.5,2024-02-12 18:45:00+00:00,2024-02-12 18:45:00+00:00,2024-02-12 18:46:00+00:00,2024-02-12 18:46:00+00:00,exhaustion_reversal_long_midday_8346db7cf1cc,1,market,0.0,1,1,4,32,49110.0
396568,396569,396569,396569,closed,timeout,19682.75,19688.5,19683.0,19688.25,19678.75,19714.75,5.75,5.25,4.75,95.0,10.0,0.5,1.0,1.0,0.75,2024-02-13 16:20:00+00:00,2024-02-13 16:20:00+00:00,2024-02-13 16:21:00+00:00,2024-02-13 16:21:00+00:00,exhaustion_reversal_long_midday_8346db7cf1cc,1,market,0.0,1,1,4,32,49205.0
396638,396639,396639,396639,closed,timeout,19632.25,19639.5,19632.5,19639.25,19628.25,19664.25,7.25,6.75,6.25,125.0,10.0,0.5,1.0,1.0,0.25,2024-02-13 17:30:00+00:00,2024-02-13 17:30:00+00:00,2024-02-13 17:31:00+00:00,2024-02-13 17:31:00+00:00,exhaustion_reversal_long_midday_8346db7cf1cc,1,market,0.0,1,1,4,32,49330.0
396668,396669,396669,396669,closed,timeout,19615.25,19613.5,19615.5,19613.25,19611.25,19647.25,-1.75,-2.25,-2.75,-55.0,10.0,0.5,1.0,1.0,3.75,2024-02-13 18:00:00+00:00,2024-02-13 18:00:00+00:00,2024-02-13 18:01:00+00:00,2024-02-13 18:01:00+00:00,exhaustion_reversal_long_midday_8346db7cf1cc,1,market,0.0,1,1,4,32,49275.0
397959,397960,397960,397960,closed,stop,19679.0,19675.0,19679.25,19674.75,19675.0,19711.0,-4.0,-4.5,-5.0,-100.0,10.0,0.5,1.0,1.0,5.75,2024-02-14 16:46:00+00:00,2024-02-14 16:46:00+00:00,2024-02-14 16:47:00+00:00,2024-02-14 16:47:00+00:00,exhaustion_reversal_long_midday_8346db7cf1cc,1,market,0.0,1,1,4,32,49175.0
397980,397981,397981,397981,closed,stop,19649.0,19645.0,19649.25,19644.75,19645.0,19681.0,-4.0,-4.5,-5.0,-100.0,10.0,0.5,1.0,1.0,4.25,2024-02-14 17:07:00+00:00,2024-02-14 17:07:00+00:00,2024-02-14 17:08:00+00:00,2024-02-14 17:08:00+00:00,exhaustion_reversal_long_midday_8346db7cf1cc,1,market,0.0,1,1,4,32,49075.0
398049,398050,398050,398050,closed,timeout,19693.0,19694.0,19693.25,19693.75,19689.0,19725.0,1.0,0.5,0.0,0.0,10.0,0.5,1.0,1.0,4.0,2024-02-14 18:16:00+00:00,2024-02-14 18:16:00+00:00,2024-02-14 18:17:00+00:00,2024-02-14 18:17:00+00:00,exhaustion_reversal_long_midday_8346db7cf1cc,1,market,0.0,1,1,4,32,49075.0
398092,398093,398093,398093,closed,timeout,19725.5,19726.0,19725.75,19725.75,19721.5,19757.5,0.5,0.0,-0.5,-10.0,10.0,0.5,1.0,1.0,3.25,2024-02-14 18:59:00+00:00,2024-02-14 18:59:00+00:00,2024-02-14 19:00:00+00:00,2024-02-14 19:00:00+00:00,exhaustion_reversal_long_midday_8346db7cf1cc,1,market,0.0,1,1,4,32,49065.0
399289,399290,399290,399290,closed,timeout,19732.75,19746.0,19733.0,19745.75,19728.75,19764.75,13.25,12.75,12.25,245.0,10.0,0.5,1.0,1.0,4.0,2024-02-15 16:11:00+00:00,2024-02-15 16:11:00+00:00,2024-02-15 16:12:00+00:00,2024-02-15 16:12:00+00:00,exhaustion_reversal_long_midday_8346db7cf1cc,1,market,0.0,1,1,4,32,49310.0
403163,403164,403164,403164,closed,timeout,19506.25,19510.5,19506.5,19510.25,19502.25,19538.25,4.25,3.75,3.25,65.0,10.0,0.5,1.0,1.0,0.5,2024-02-20 16:15:00+00:00,2024-02-20 16:15:00+00:00,2024-02-20 16:16:00+00:00,2024-02-20 16:16:00+00:00,exhaustion_reversal_long_midday_8346db7cf1cc,1,market,0.0,1,1,4,32,49375.0
403206,403207,403207,403207,closed,timeout,19453.75,19453.75,19454.0,19453.5,19449.75,19485.75,0.0,-0.5,-1.0,-20.0,10.0,0.5,1.0,1.0,1.5,2024-02-20 16:58:00+00:00,2024-02-20 16:58:00+00:00,2024-02-20 16:59:00+00:00,2024-02-20 16:59:00+00:00,exhaustion_reversal_long_midday_8346db7cf1cc,1,market,0.0,1,1,4,32,49355.0
403229,403230,403230,403230,closed,timeout,19410.25,19415.5,19410.5,19415.25,19406.25,19442.25,5.25,4.75,4.25,85.0,10.0,0.5,1.0,1.0,2.0,2024-02-20 17:21:00+00:00,2024-02-20 17:21:00+00:00,2024-02-20 17:22:00+00:00,2024-02-20 17:22:00+00:00,exhaustion_reversal_long_midday_8346db7cf1cc,1,market,0.0,1,1,4,32,49440.0
404583,404584,404584,404584,closed,stop,19400.5,19396.5,19400.75,19396.25,19396.5,19432.5,-4.0,-4.5,-5.0,-100.0,10.0,0.5,1.0,1.0,18.75,2024-02-21 17:10:00+00:00,2024-02-21 17:10:00+00:00,2024-02-21 17:11:00+00:00,2024-02-21 17:11:00+00:00,exhaustion_reversal_long_midday_8346db7cf1cc,1,market,0.0,1,1,4,32,49340.0
405931,405932,405932,405932,closed,timeout,19893.75,19896.75,19894.0,19896.5,19889.75,19925.75,3.0,2.5,2.0,40.0,10.0,0.5,1.0,1.0,2.0,2024-02-22 16:53:00+00:00,2024-02-22 16:53:00+00:00,2024-02-22 16:54:00+00:00,2024-02-22 16:54:00+00:00,exhaustion_reversal_long_midday_8346db7cf1cc,1,market,0.0,1,1,4,32,49380.0
408753,408754,408754,408754,closed,stop,19961.5,19957.5,19961.75,19957.25,19957.5,19993.5,-4.0,-4.5,-5.0,-100.0,10.0,0.5,1.0,1.0,8.0,2024-02-26 18:25:00+00:00,2024-02-26 18:25:00+00:00,2024-02-26 18:26:00+00:00,2024-02-26 18:26:00+00:00,exhaustion_reversal_long_midday_8346db7cf1cc,1,market,0.0,1,1,4,32,49280.0
409984,409985,409985,409985,closed,timeout,19931.5,19938.75,19931.75,19938.5,19927.5,19963.5,7.25,6.75,6.25,125.0,10.0,0.5,1.0,1.0,2.5,2024-02-27 16:11:00+00:00,2024-02-27 16:11:00+00:00,2024-02-27 16:12:00+00:00,2024-02-27 16:12:00+00:00,exhaustion_reversal_long_midday_8346db7cf1cc,1,market,0.0,1,1,4,32,49405.0
410052,410053,410053,410053,closed,stop,19931.5,19927.5,19931.75,19927.25,19927.5,19963.5,-4.0,-4.5,-5.0,-100.0,10.0,0.5,1.0,1.0,7.0,2024-02-27 17:19:00+00:00,2024-02-27 17:19:00+00:00,2024-02-27 17:20:00+00:00,2024-02-27 17:20:00+00:00,exhaustion_reversal_long_midday_8346db7cf1cc,1,market,0.0,1,1,4,32,49305.0
410057,410058,410058,410058,closed,stop,19913.0,19909.0,19913.25,19908.75,19909.0,19945.0,-4.0,-4.5,-5.0,-100.0,10.0,0.5,1.0,1.0,6.0,2024-02-27 17:24:00+00:00,2024-02-27 17:24:00+00:00,2024-02-27 17:25:00+00:00,2024-02-27 17:25:00+00:00,exhaustion_reversal_long_midday_8346db7cf1cc,1,market,0.0,1,1,4,32,49205.0
411439,411440,411440,411440,closed,timeout,19842.75,19843.0,19843.0,19842.75,19838.75,19874.75,0.25,-0.25,-0.75,-15.0,10.0,0.5,1.0,1.0,3.25,2024-02-28 17:41:00+00:00,2024-02-28 17:41:00+00:00,2024-02-28 17:42:00+00:00,2024-02-28 17:42:00+00:00,exhaustion_reversal_long_midday_8346db7cf1cc,1,market,0.0,1,1,4,32,49190.0
411465,411466,411466,411466,closed,stop,19851.0,19847.0,19851.25,19846.75,19847.0,19883.0,-4.0,-4.5,-5.0,-100.0,10.0,0.5,1.0,1.0,12.75,2024-02-28 18:07:00+00:00,2024-02-28 18:07:00+00:00,2024-02-28 18:08:00+00:00,2024-02-28 18:08:00+00:00,exhaustion_reversal_long_midday_8346db7cf1cc,1,market,0.0,1,1,4,32,49090.0
411467,411468,411468,411468,closed,timeout,19843.75,19842.25,19844.0,19842.0,19839.75,19875.75,-1.5,-2.0,-2.5,-50.0,10.0,0.5,1.0,1.0,2.75,2024-02-28 18:09:00+00:00,2024-02-28 18:09:00+00:00,2024-02-28 18:10:00+00:00,2024-02-28 18:10:00+00:00,exhaustion_reversal_long_midday_8346db7cf1cc,1,market,0.0,1,1,4,32,49040.0
411511,411512,411512,411512,closed,timeout,19878.0,19880.0,19878.25,19879.75,19874.0,19910.0,2.0,1.5,1.0,20.0,10.0,0.5,1.0,1.0,2.75,2024-02-28 18:53:00+00:00,2024-02-28 18:53:00+00:00,2024-02-28 18:54:00+00:00,2024-02-28 18:54:00+00:00,exhaustion_reversal_long_midday_8346db7cf1cc,1,market,0.0,1,1,4,32,49060.0
415579,415580,415580,415580,closed,timeout,20218.25,20224.5,20218.5,20224.25,20214.25,20250.25,6.25,5.75,5.25,105.0,10.0,0.5,1.0,1.0,1.0,2024-03-04 18:26:00+00:00,2024-03-04 18:26:00+00:00,2024-03-04 18:27:00+00:00,2024-03-04 18:27:00+00:00,exhaustion_reversal_long_midday_8346db7cf1cc,1,market,0.0,1,1,4,32,49165.0
418321,418322,418322,418322,closed,stop,20011.5,20007.5,20011.75,20007.25,20007.5,20043.5,-4.0,-4.5,-5.0,-100.0,10.0,0.5,1.0,1.0,12.25,2024-03-06 18:38:00+00:00,2024-03-06 18:38:00+00:00,2024-03-06 18:39:00+00:00,2024-03-06 18:39:00+00:00,exhaustion_reversal_long_midday_8346db7cf1cc,1,market,0.0,1,1,4,32,49065.0
418334,418335,418335,418335,closed,stop,19993.0,19989.0,19993.25,19988.75,19989.0,20025.0,-4.0,-4.5,-5.0,-100.0,10.0,0.5,1.0,1.0,16.25,2024-03-06 18:51:00+00:00,2024-03-06 18:51:00+00:00,2024-03-06 18:52:00+00:00,2024-03-06 18:52:00+00:00,exhaustion_reversal_long_midday_8346db7cf1cc,1,market,0.0,1,1,4,32,48965.0
420904,420905,420905,420905,closed,stop,20217.25,20213.25,20217.5,20213.0,20213.25,20249.25,-4.0,-4.5,-5.0,-100.0,10.0,0.5,1.0,1.0,14.5,2024-03-08 16:11:00+00:00,2024-03-08 16:11:00+00:00,2024-03-08 16:12:00+00:00,2024-03-08 16:12:00+00:00,exhaustion_reversal_long_midday_8346db7cf1cc,1,market,0.0,1,1,4,32,48865.0
420926,420927,420927,420927,closed,stop,20119.0,20115.0,20119.25,20114.75,20115.0,20151.0,-4.0,-4.5,-5.0,-100.0,10.0,0.5,1.0,1.0,5.0,2024-03-08 16:33:00+00:00,2024-03-08 16:33:00+00:00,2024-03-08 16:34:00+00:00,2024-03-08 16:34:00+00:00,exhaustion_reversal_long_midday_8346db7cf1cc,1,market,0.0,1,1,4,32,48765.0
422370,422371,422371,422371,closed,timeout,19912.25,19923.25,19912.5,19923.0,19908.25,19944.25,11.0,10.5,10.0,200.0,10.0,0.5,1.0,1.0,0.5,2024-03-11 16:52:00+00:00,2024-03-11 16:52:00+00:00,2024-03-11 16:53:00+00:00,2024-03-11 16:53:00+00:00,exhaustion_reversal_long_midday_8346db7cf1cc,1,market,0.0,1,1,4,32,48965.0
423709,423710,423710,423710,closed,stop,20075.5,20071.5,20075.75,20071.25,20071.5,20107.5,-4.0,-4.5,-5.0,-100.0,10.0,0.5,1.0,1.0,9.25,2024-03-12 16:26:00+00:00,2024-03-12 16:26:00+00:00,2024-03-12 16:27:00+00:00,2024-03-12 16:27:00+00:00,exhaustion_reversal_long_midday_8346db7cf1cc,1,market,0.0,1,1,4,32,48865.0
427722,427723,427723,427723,closed,timeout,19810.75,19814.75,19811.0,19814.5,19806.75,19842.75,4.0,3.5,3.0,60.0,10.0,0.5,1.0,1.0,2.5,2024-03-15 15:04:00+00:00,2024-03-15 15:04:00+00:00,2024-03-15 15:05:00+00:00,2024-03-15 15:05:00+00:00,exhaustion_reversal_long_midday_8346db7cf1cc,1,market,0.0,1,1,4,32,48925.0
427758,427759,427759,427759,closed,stop,19767.5,19763.5,19767.75,19763.25,19763.5,19799.5,-4.0,-4.5,-5.0,-100.0,10.0,0.5,1.0,1.0,5.25,2024-03-15 15:40:00+00:00,2024-03-15 15:40:00+00:00,2024-03-15 15:41:00+00:00,2024-03-15 15:41:00+00:00,exhaustion_reversal_long_midday_8346db7cf1cc,1,market,0.0,1,1,4,32,48825.0
429202,429203,429203,429203,closed,stop,19948.75,19944.75,19949.0,19944.5,19944.75,19980.75,-4.0,-4.5,-5.0,-100.0,10.0,0.5,1.0,1.0,7.5,2024-03-18 16:59:00+00:00,2024-03-18 16:59:00+00:00,2024-03-18 17:00:00+00:00,2024-03-18 17:00:00+00:00,exhaustion_reversal_long_midday_8346db7cf1cc,1,market,0.0,1,1,4,32,48725.0
429245,429246,429246,429246,closed,timeout,19943.0,19950.25,19943.25,19950.0,19939.0,19975.0,7.25,6.75,6.25,125.0,10.0,0.5,1.0,1.0,1.25,2024-03-18 17:42:00+00:00,2024-03-18 17:42:00+00:00,2024-03-18 17:43:00+00:00,2024-03-18 17:43:00+00:00,exhaustion_reversal_long_midday_8346db7cf1cc,1,market,0.0,1,1,4,32,48850.0
429247,429248,429248,429248,closed,timeout,19952.75,19953.0,19953.0,19952.75,19948.75,19984.75,0.25,-0.25,-0.75,-15.0,10.0,0.5,1.0,1.0,2.75,2024-03-18 17:44:00+00:00,2024-03-18 17:44:00+00:00,2024-03-18 17:45:00+00:00,2024-03-18 17:45:00+00:00,exhaustion_reversal_long_midday_8346db7cf1cc,1,market,0.0,1,1,4,32,48835.0
430624,430625,430625,430625,closed,timeout,19950.0,19950.5,19950.25,19950.25,19946.0,19982.0,0.5,0.0,-0.5,-10.0,10.0,0.5,1.0,1.0,2.0,2024-03-19 17:56:00+00:00,2024-03-19 17:56:00+00:00,2024-03-19 17:57:00+00:00,2024-03-19 17:57:00+00:00,exhaustion_reversal_long_midday_8346db7cf1cc,1,market,0.0,1,1,4,32,48825.0
431949,431950,431950,431950,closed,timeout,19954.5,19957.75,19954.75,19957.5,19950.5,19986.5,3.25,2.75,2.25,45.0,10.0,0.5,1.0,1.0,2.5,2024-03-20 17:16:00+00:00,2024-03-20 17:16:00+00:00,2024-03-20 17:17:00+00:00,2024-03-20 17:17:00+00:00,exhaustion_reversal_long_midday_8346db7cf1cc,1,market,0.0,1,1,4,32,48870.0
431950,431951,431951,431951,closed,timeout,19957.0,19962.75,19957.25,19962.5,19953.0,19989.0,5.75,5.25,4.75,95.0,10.0,0.5,1.0,1.0,1.5,2024-03-20 17:17:00+00:00,2024-03-20 17:17:00+00:00,2024-03-20 17:18:00+00:00,2024-03-20 17:18:00+00:00,exhaustion_reversal_long_midday_8346db7cf1cc,1,market,0.0,1,1,4,32,48965.0
431981,431982,431982,431982,closed,timeout,19943.5,19949.25,19943.75,19949.0,19939.5,19975.5,5.75,5.25,4.75,95.0,10.0,0.5,1.0,1.0,1.0,2024-03-20 17:48:00+00:00,2024-03-20 17:48:00+00:00,2024-03-20 17:49:00+00:00,2024-03-20 17:49:00+00:00,exhaustion_reversal_long_midday_8346db7cf1cc,1,market,0.0,1,1,4,32,49060.0
433302,433303,433303,433303,closed,timeout,20369.25,20371.25,20369.5,20371.0,20365.25,20401.25,2.0,1.5,1.0,20.0,10.0,0.5,1.0,1.0,2.0,2024-03-21 17:04:00+00:00,2024-03-21 17:04:00+00:00,2024-03-21 17:05:00+00:00,2024-03-21 17:05:00+00:00,exhaustion_reversal_long_midday_8346db7cf1cc,1,market,0.0,1,1,4,32,49080.0
438771,438772,438772,438772,closed,timeout,20109.75,20113.75,20110.0,20113.5,20105.75,20141.75,4.0,3.5,3.0,60.0,10.0,0.5,1.0,1.0,3.25,2024-03-27 17:13:00+00:00,2024-03-27 17:13:00+00:00,2024-03-27 17:14:00+00:00,2024-03-27 17:14:00+00:00,exhaustion_reversal_long_midday_8346db7cf1cc,1,market,0.0,1,1,4,32,49140.0
441496,441497,441497,441497,closed,stop,20152.25,20148.25,20152.5,20148.0,20148.25,20184.25,-4.0,-4.5,-5.0,-100.0,10.0,0.5,1.0,1.0,6.0,2024-04-01 17:09:00+00:00,2024-04-01 17:09:00+00:00,2024-04-01 17:10:00+00:00,2024-04-01 17:10:00+00:00,exhaustion_reversal_long_midday_8346db7cf1cc,1,market,0.0,1,1,4,32,49040.0
445628,445629,445629,445629,closed,stop,20217.0,20213.0,20217.25,20212.75,20213.0,20249.0,-4.0,-4.5,-5.0,-100.0,10.0,0.5,1.0,1.0,7.5,2024-04-04 17:46:00+00:00,2024-04-04 17:46:00+00:00,2024-04-04 17:47:00+00:00,2024-04-04 17:47:00+00:00,exhaustion_reversal_long_midday_8346db7cf1cc,1,market,0.0,1,1,4,32,48940.0
446957,446958,446958,446958,closed,timeout,20053.25,20057.0,20053.5,20056.75,20049.25,20085.25,3.75,3.25,2.75,55.0,10.0,0.5,1.0,1.0,1.25,2024-04-05 17:10:00+00:00,2024-04-05 17:10:00+00:00,2024-04-05 17:11:00+00:00,2024-04-05 17:11:00+00:00,exhaustion_reversal_long_midday_8346db7cf1cc,1,market,0.0,1,1,4,32,48995.0
447006,447007,447007,447007,closed,stop,19990.0,19986.0,19990.25,19985.75,19986.0,20022.0,-4.0,-4.5,-5.0,-100.0,10.0,0.5,1.0,1.0,8.25,2024-04-05 17:59:00+00:00,2024-04-05 17:59:00+00:00,2024-04-05 18:00:00+00:00,2024-04-05 18:00:00+00:00,exhaustion_reversal_long_midday_8346db7cf1cc,1,market,0.0,1,1,4,32,48895.0
448230,448231,448231,448231,closed,stop,19999.75,19995.75,20000.0,19995.5,19995.75,20031.75,-4.0,-4.5,-5.0,-100.0,10.0,0.5,1.0,1.0,7.0,2024-04-08 15:38:00+00:00,2024-04-08 15:38:00+00:00,2024-04-08 15:39:00+00:00,2024-04-08 15:39:00+00:00,exhaustion_reversal_long_midday_8346db7cf1cc,1,market,0.0,1,1,4,32,48795.0
450967,450968,450968,450968,closed,stop,19827.75,19823.75,19828.0,19823.5,19823.75,19859.75,-4.0,-4.5,-5.0,-100.0,10.0,0.5,1.0,1.0,6.0,2024-04-10 15:46:00+00:00,2024-04-10 15:46:00+00:00,2024-04-10 15:47:00+00:00,2024-04-10 15:47:00+00:00,exhaustion_reversal_long_midday_8346db7cf1cc,1,market,0.0,1,1,4,32,48695.0
451076,451077,451077,451077,closed,stop,19844.0,19840.0,19844.25,19839.75,19840.0,19876.0,-4.0,-4.5,-5.0,-100.0,10.0,0.5,1.0,1.0,17.75,2024-04-10 17:35:00+00:00,2024-04-10 17:35:00+00:00,2024-04-10 17:36:00+00:00,2024-04-10 17:36:00+00:00,exhaustion_reversal_long_midday_8346db7cf1cc,1,market,0.0,1,1,4,32,48595.0
453750,453751,453751,453751,closed,stop,19867.0,19863.0,19867.25,19862.75,19863.0,19899.0,-4.0,-4.5,-5.0,-100.0,10.0,0.5,1.0,1.0,9.25,2024-04-12 16:40:00+00:00,2024-04-12 16:40:00+00:00,2024-04-12 16:41:00+00:00,2024-04-12 16:41:00+00:00,exhaustion_reversal_long_midday_8346db7cf1cc,1,market,0.0,1,1,4,32,48495.0
455115,455116,455116,455116,closed,timeout,19791.5,19798.25,19791.75,19798.0,19787.5,19823.5,6.75,6.25,5.75,115.0,10.0,0.5,1.0,1.0,0.25,2024-04-15 16:40:00+00:00,2024-04-15 16:40:00+00:00,2024-04-15 16:41:00+00:00,2024-04-15 16:41:00+00:00,exhaustion_reversal_long_midday_8346db7cf1cc,1,market,0.0,1,1,4,32,48610.0
455167,455168,455168,455168,closed,stop,19626.5,19622.5,19626.75,19622.25,19622.5,19658.5,-4.0,-4.5,-5.0,-100.0,10.0,0.5,1.0,1.0,27.25,2024-04-15 17:32:00+00:00,2024-04-15 17:32:00+00:00,2024-04-15 17:33:00+00:00,2024-04-15 17:33:00+00:00,exhaustion_reversal_long_midday_8346db7cf1cc,1,market,0.0,1,1,4,32,48510.0
456535,456536,456536,456536,closed,target,19558.75,19590.75,19559.0,19590.5,19554.75,19590.75,32.0,31.5,31.0,620.0,10.0,0.5,1.0,1.0,1.5,2024-04-16 17:35:00+00:00,2024-04-16 17:35:00+00:00,2024-04-16 17:36:00+00:00,2024-04-16 17:36:00+00:00,exhaustion_reversal_long_midday_8346db7cf1cc,1,market,0.0,1,1,4,32,49130.0
457815,457816,457816,457816,closed,timeout,19381.75,19395.25,19382.0,19395.0,19377.75,19413.75,13.5,13.0,12.5,250.0,10.0,0.5,1.0,1.0,0.25,2024-04-17 16:10:00+00:00,2024-04-17 16:10:00+00:00,2024-04-17 16:11:00+00:00,2024-04-17 16:11:00+00:00,exhaustion_reversal_long_midday_8346db7cf1cc,1,market,0.0,1,1,4,32,49380.0
459223,459224,459224,459224,closed,stop,19310.75,19306.75,19311.0,19306.5,19306.75,19342.75,-4.0,-4.5,-5.0,-100.0,10.0,0.5,1.0,1.0,6.25,2024-04-18 16:53:00+00:00,2024-04-18 16:53:00+00:00,2024-04-18 16:54:00+00:00,2024-04-18 16:54:00+00:00,exhaustion_reversal_long_midday_8346db7cf1cc,1,market,0.0,1,1,4,32,49280.0
459245,459246,459246,459246,closed,timeout,19280.25,19277.0,19280.5,19276.75,19276.25,19312.25,-3.25,-3.75,-4.25,-85.0,10.0,0.5,1.0,1.0,4.0,2024-04-18 17:15:00+00:00,2024-04-18 17:15:00+00:00,2024-04-18 17:16:00+00:00,2024-04-18 17:16:00+00:00,exhaustion_reversal_long_midday_8346db7cf1cc,1,market,0.0,1,1,4,32,49195.0
460481,460482,460482,460482,closed,stop,19055.25,19051.25,19055.5,19051.0,19051.25,19087.25,-4.0,-4.5,-5.0,-100.0,10.0,0.5,1.0,1.0,12.5,2024-04-19 15:06:00+00:00,2024-04-19 15:06:00+00:00,2024-04-19 15:07:00+00:00,2024-04-19 15:07:00+00:00,exhaustion_reversal_long_midday_8346db7cf1cc,1,market,0.0,1,1,4,32,49095.0
460482,460483,460483,460483,closed,timeout,19060.0,19064.75,19060.25,19064.5,19056.0,19092.0,4.75,4.25,3.75,75.0,10.0,0.5,1.0,1.0,2.5,2024-04-19 15:07:00+00:00,2024-04-19 15:07:00+00:00,2024-04-19 15:08:00+00:00,2024-04-19 15:08:00+00:00,exhaustion_reversal_long_midday_8346db7cf1cc,1,market,0.0,1,1,4,32,49170.0
463211,463212,463212,463212,closed,stop,19249.0,19245.0,19249.25,19244.75,19245.0,19281.0,-4.0,-4.5,-5.0,-100.0,10.0,0.5,1.0,1.0,4.75,2024-04-23 15:06:00+00:00,2024-04-23 15:06:00+00:00,2024-04-23 15:07:00+00:00,2024-04-23 15:07:00+00:00,exhaustion_reversal_long_midday_8346db7cf1cc,1,market,0.0,1,1,4,32,49070.0
463342,463343,463343,463343,closed,stop,19276.75,19272.75,19277.0,19272.5,19272.75,19308.75,-4.0,-4.5,-5.0,-100.0,10.0,0.5,1.0,1.0,6.25,2024-04-23 17:17:00+00:00,2024-04-23 17:17:00+00:00,2024-04-23 17:18:00+00:00,2024-04-23 17:18:00+00:00,exhaustion_reversal_long_midday_8346db7cf1cc,1,market,0.0,1,1,4,32,48970.0
467359,467360,467360,467360,closed,stop,19546.75,19542.75,19547.0,19542.5,19542.75,19578.75,-4.0,-4.5,-5.0,-100.0,10.0,0.5,1.0,1.0,8.5,2024-04-26 15:59:00+00:00,2024-04-26 15:59:00+00:00,2024-04-26 16:00:00+00:00,2024-04-26 16:00:00+00:00,exhaustion_reversal_long_midday_8346db7cf1cc,1,market,0.0,1,1,4,32,48870.0
470033,470034,470034,470034,closed,stop,19521.0,19517.0,19521.25,19516.75,19517.0,19553.0,-4.0,-4.5,-5.0,-100.0,10.0,0.5,1.0,1.0,9.5,2024-04-30 15:03:00+00:00,2024-04-30 15:03:00+00:00,2024-04-30 15:04:00+00:00,2024-04-30 15:04:00+00:00,exhaustion_reversal_long_midday_8346db7cf1cc,1,market,0.0,1,1,4,32,48770.0
470046,470047,470047,470047,closed,timeout,19457.5,19461.5,19457.75,19461.25,19453.5,19489.5,4.0,3.5,3.0,60.0,10.0,0.5,1.0,1.0,1.5,2024-04-30 15:16:00+00:00,2024-04-30 15:16:00+00:00,2024-04-30 15:17:00+00:00,2024-04-30 15:17:00+00:00,exhaustion_reversal_long_midday_8346db7cf1cc,1,market,0.0,1,1,4,32,48830.0
471415,471416,471416,471416,closed,stop,19115.5,19111.5,19115.75,19111.25,19111.5,19147.5,-4.0,-4.5,-5.0,-100.0,10.0,0.5,1.0,1.0,4.5,2024-05-01 15:20:00+00:00,2024-05-01 15:20:00+00:00,2024-05-01 15:21:00+00:00,2024-05-01 15:21:00+00:00,exhaustion_reversal_long_midday_8346db7cf1cc,1,market,0.0,1,1,4,32,48730.0
472788,472789,472789,472789,closed,stop,19216.0,19212.0,19216.25,19211.75,19212.0,19248.0,-4.0,-4.5,-5.0,-100.0,10.0,0.5,1.0,1.0,6.25,2024-05-02 15:29:00+00:00,2024-05-02 15:29:00+00:00,2024-05-02 15:30:00+00:00,2024-05-02 15:30:00+00:00,exhaustion_reversal_long_midday_8346db7cf1cc,1,market,0.0,1,1,4,32,48630.0
472833,472834,472834,472834,closed,stop,19224.5,19220.5,19224.75,19220.25,19220.5,19256.5,-4.0,-4.5,-5.0,-100.0,10.0,0.5,1.0,1.0,17.5,2024-05-02 16:14:00+00:00,2024-05-02 16:14:00+00:00,2024-05-02 16:15:00+00:00,2024-05-02 16:15:00+00:00,exhaustion_reversal_long_midday_8346db7cf1cc,1,market,0.0,1,1,4,32,48530.0
472838,472839,472839,472839,closed,timeout,19209.75,19211.25,19210.0,19211.0,19205.75,19241.75,1.5,1.0,0.5,10.0,10.0,0.5,1.0,1.0,1.5,2024-05-02 16:19:00+00:00,2024-05-02 16:19:00+00:00,2024-05-02 16:20:00+00:00,2024-05-02 16:20:00+00:00,exhaustion_reversal_long_midday_8346db7cf1cc,1,market,0.0,1,1,4,32,48540.0
474240,474241,474241,474241,closed,stop,19668.0,19664.0,19668.25,19663.75,19664.0,19700.0,-4.0,-4.5,-5.0,-100.0,10.0,0.5,1.0,1.0,9.0,2024-05-03 16:56:00+00:00,2024-05-03 16:56:00+00:00,2024-05-03 16:57:00+00:00,2024-05-03 16:57:00+00:00,exhaustion_reversal_long_midday_8346db7cf1cc,1,market,0.0,1,1,4,32,48440.0
476948,476949,476949,476949,closed,timeout,19935.25,19934.0,19935.5,19933.75,19931.25,19967.25,-1.25,-1.75,-2.25,-45.0,10.0,0.5,1.0,1.0,3.25,2024-05-07 16:36:00+00:00,2024-05-07 16:36:00+00:00,2024-05-07 16:37:00+00:00,2024-05-07 16:37:00+00:00,exhaustion_reversal_long_midday_8346db7cf1cc,1,market,0.0,1,1,4,32,48395.0
476964,476965,476965,476965,closed,stop,19932.5,19928.5,19932.75,19928.25,19928.5,19964.5,-4.0,-4.5,-5.0,-100.0,10.0,0.5,1.0,1.0,5.25,2024-05-07 16:52:00+00:00,2024-05-07 16:52:00+00:00,2024-05-07 16:53:00+00:00,2024-05-07 16:53:00+00:00,exhaustion_reversal_long_midday_8346db7cf1cc,1,market,0.0,1,1,4,32,48295.0
478313,478314,478314,478314,closed,stop,19858.5,19854.5,19858.75,19854.25,19854.5,19890.5,-4.0,-4.5,-5.0,-100.0,10.0,0.5,1.0,1.0,4.75,2024-05-08 16:37:00+00:00,2024-05-08 16:37:00+00:00,2024-05-08 16:38:00+00:00,2024-05-08 16:38:00+00:00,exhaustion_reversal_long_midday_8346db7cf1cc,1,market,0.0,1,1,4,32,48195.0
478314,478315,478315,478315,closed,timeout,19863.0,19860.75,19863.25,19860.5,19859.0,19895.0,-2.25,-2.75,-3.25,-65.0,10.0,0.5,1.0,1.0,3.5,2024-05-08 16:38:00+00:00,2024-05-08 16:38:00+00:00,2024-05-08 16:39:00+00:00,2024-05-08 16:39:00+00:00,exhaustion_reversal_long_midday_8346db7cf1cc,1,market,0.0,1,1,4,32,48130.0
478363,478364,478364,478364,closed,timeout,19840.25,19843.25,19840.5,19843.0,19836.25,19872.25,3.0,2.5,2.0,40.0,10.0,0.5,1.0,1.0,2.0,2024-05-08 17:27:00+00:00,2024-05-08 17:27:00+00:00,2024-05-08 17:28:00+00:00,2024-05-08 17:28:00+00:00,exhaustion_reversal_long_midday_8346db7cf1cc,1,market,0.0,1,1,4,32,48170.0
479625,479626,479626,479626,closed,stop,19906.25,19902.25,19906.5,19902.0,19902.25,19938.25,-4.0,-4.5,-5.0,-100.0,10.0,0.5,1.0,1.0,14.0,2024-05-09 15:46:00+00:00,2024-05-09 15:46:00+00:00,2024-05-09 15:47:00+00:00,2024-05-09 15:47:00+00:00,exhaustion_reversal_long_midday_8346db7cf1cc,1,market,0.0,1,1,4,32,48070.0
479628,479629,479629,479629,closed,timeout,19894.75,19895.25,19895.0,19895.0,19890.75,19926.75,0.5,0.0,-0.5,-10.0,10.0,0.5,1.0,1.0,1.75,2024-05-09 15:49:00+00:00,2024-05-09 15:49:00+00:00,2024-05-09 15:50:00+00:00,2024-05-09 15:50:00+00:00,exhaustion_reversal_long_midday_8346db7cf1cc,1,market,0.0,1,1,4,32,48060.0
479674,479675,479675,479675,closed,timeout,19880.5,19889.0,19880.75,19888.75,19876.5,19912.5,8.5,8.0,7.5,150.0,10.0,0.5,1.0,1.0,1.0,2024-05-09 16:35:00+00:00,2024-05-09 16:35:00+00:00,2024-05-09 16:36:00+00:00,2024-05-09 16:36:00+00:00,exhaustion_reversal_long_midday_8346db7cf1cc,1,market,0.0,1,1,4,32,48210.0
482332,482333,482333,482333,closed,timeout,19981.5,19984.75,19981.75,19984.5,19977.5,20013.5,3.25,2.75,2.25,45.0,10.0,0.5,1.0,1.0,0.25,2024-05-13 15:23:00+00:00,2024-05-13 15:23:00+00:00,2024-05-13 15:24:00+00:00,2024-05-13 15:24:00+00:00,exhaustion_reversal_long_midday_8346db7cf1cc,1,market,0.0,1,1,4,32,48255.0
482438,482439,482439,482439,closed,stop,19952.0,19948.0,19952.25,19947.75,19948.0,19984.0,-4.0,-4.5,-5.0,-100.0,10.0,0.5,1.0,1.0,7.0,2024-05-13 17:09:00+00:00,2024-05-13 17:09:00+00:00,2024-05-13 17:10:00+00:00,2024-05-13 17:10:00+00:00,exhaustion_reversal_long_midday_8346db7cf1cc,1,market,0.0,1,1,4,32,48155.0
482443,482444,482444,482444,closed,timeout,19956.25,19961.0,19956.5,19960.75,19952.25,19988.25,4.75,4.25,3.75,75.0,10.0,0.5,1.0,1.0,1.25,2024-05-13 17:14:00+00:00,2024-05-13 17:14:00+00:00,2024-05-13 17:15:00+00:00,2024-05-13 17:15:00+00:00,exhaustion_reversal_long_midday_8346db7cf1cc,1,market,0.0,1,1,4,32,48230.0
486447,486448,486448,486448,closed,timeout,20427.25,20433.25,20427.5,20433.0,20423.25,20459.25,6.0,5.5,5.0,100.0,10.0,0.5,1.0,1.0,4.0,2024-05-16 15:43:00+00:00,2024-05-16 15:43:00+00:00,2024-05-16 15:44:00+00:00,2024-05-16 15:44:00+00:00,exhaustion_reversal_long_midday_8346db7cf1cc,1,market,0.0,1,1,4,32,48330.0
486550,486551,486551,486551,closed,timeout,20387.5,20393.0,20387.75,20392.75,20383.5,20419.5,5.5,5.0,4.5,90.0,10.0,0.5,1.0,1.0,2.25,2024-05-16 17:26:00+00:00,2024-05-16 17:26:00+00:00,2024-05-16 17:27:00+00:00,2024-05-16 17:27:00+00:00,exhaustion_reversal_long_midday_8346db7cf1cc,1,market,0.0,1,1,4,32,48420.0
487776,487777,487777,487777,closed,timeout,20341.25,20345.5,20341.5,20345.25,20337.25,20373.25,4.25,3.75,3.25,65.0,10.0,0.5,1.0,1.0,1.5,2024-05-17 15:08:00+00:00,2024-05-17 15:08:00+00:00,2024-05-17 15:09:00+00:00,2024-05-17 15:09:00+00:00,exhaustion_reversal_long_midday_8346db7cf1cc,1,market,0.0,1,1,4,32,48485.0
489133,489134,489134,489134,closed,stop,20437.5,20433.5,20437.75,20433.25,20433.5,20469.5,-4.0,-4.5,-5.0,-100.0,10.0,0.5,1.0,1.0,6.5,2024-05-20 15:00:00+00:00,2024-05-20 15:00:00+00:00,2024-05-20 15:01:00+00:00,2024-05-20 15:01:00+00:00,exhaustion_reversal_long_midday_8346db7cf1cc,1,market,0.0,1,1,4,32,48385.0
489178,489179,489179,489179,closed,timeout,20436.25,20433.5,20436.5,20433.25,20432.25,20468.25,-2.75,-3.25,-3.75,-75.0,10.0,0.5,1.0,1.0,3.25,2024-05-20 15:45:00+00:00,2024-05-20 15:45:00+00:00,2024-05-20 15:46:00+00:00,2024-05-20 15:46:00+00:00,exhaustion_reversal_long_midday_8346db7cf1cc,1,market,0.0,1,1,4,32,48310.0
490618,490619,490619,490619,closed,timeout,20437.5,20438.5,20437.75,20438.25,20433.5,20469.5,1.0,0.5,0.0,0.0,10.0,0.5,1.0,1.0,1.75,2024-05-21 17:02:00+00:00,2024-05-21 17:02:00+00:00,2024-05-21 17:03:00+00:00,2024-05-21 17:03:00+00:00,exhaustion_reversal_long_midday_8346db7cf1cc,1,market,0.0,1,1,4,32,48310.0
492020,492021,492021,492021,closed,timeout,20471.0,20473.25,20471.25,20473.0,20467.0,20503.0,2.25,1.75,1.25,25.0,10.0,0.5,1.0,1.0,0.5,2024-05-22 17:39:00+00:00,2024-05-22 17:39:00+00:00,2024-05-22 17:40:00+00:00,2024-05-22 17:40:00+00:00,exhaustion_reversal_long_midday_8346db7cf1cc,1,market,0.0,1,1,4,32,48335.0
492023,492024,492024,492024,closed,stop,20474.75,20470.75,20475.0,20470.5,20470.75,20506.75,-4.0,-4.5,-5.0,-100.0,10.0,0.5,1.0,1.0,8.0,2024-05-22 17:42:00+00:00,2024-05-22 17:42:00+00:00,2024-05-22 17:43:00+00:00,2024-05-22 17:43:00+00:00,exhaustion_reversal_long_midday_8346db7cf1cc,1,market,0.0,1,1,4,32,48235.0
492027,492028,492028,492028,closed,timeout,20461.75,20464.75,20462.0,20464.5,20457.75,20493.75,3.0,2.5,2.0,40.0,10.0,0.5,1.0,1.0,3.75,2024-05-22 17:46:00+00:00,2024-05-22 17:46:00+00:00,2024-05-22 17:47:00+00:00,2024-05-22 17:47:00+00:00,exhaustion_reversal_long_midday_8346db7cf1cc,1,market,0.0,1,1,4,32,48275.0
493303,493304,493304,493304,closed,timeout,20594.75,20595.0,20595.0,20594.75,20590.75,20626.75,0.25,-0.25,-0.75,-15.0,10.0,0.5,1.0,1.0,3.5,2024-05-23 16:17:00+00:00,2024-05-23 16:17:00+00:00,2024-05-23 16:18:00+00:00,2024-05-23 16:18:00+00:00,exhaustion_reversal_long_midday_8346db7cf1cc,1,market,0.0,1,1,4,32,48260.0
497272,497273,497273,497273,closed,stop,20596.0,20592.0,20596.25,20591.75,20592.0,20628.0,-4.0,-4.5,-5.0,-100.0,10.0,0.5,1.0,1.0,9.5,2024-05-28 17:56:00+00:00,2024-05-28 17:56:00+00:00,2024-05-28 17:57:00+00:00,2024-05-28 17:57:00+00:00,exhaustion_reversal_long_midday_8346db7cf1cc,1,market,0.0,1,1,4,32,48160.0
498472,498473,498473,498473,closed,timeout,20533.5,20537.25,20533.75,20537.0,20529.5,20565.5,3.75,3.25,2.75,55.0,10.0,0.5,1.0,1.0,1.25,2024-05-29 15:11:00+00:00,2024-05-29 15:11:00+00:00,2024-05-29 15:12:00+00:00,2024-05-29 15:12:00+00:00,exhaustion_reversal_long_midday_8346db7cf1cc,1,market,0.0,1,1,4,32,48215.0
498619,498620,498620,498620,closed,timeout,20522.5,20519.5,20522.75,20519.25,20518.5,20554.5,-3.0,-3.5,-4.0,-80.0,10.0,0.5,1.0,1.0,4.0,2024-05-29 17:38:00+00:00,2024-05-29 17:38:00+00:00,2024-05-29 17:39:00+00:00,2024-05-29 17:39:00+00:00,exhaustion_reversal_long_midday_8346db7cf1cc,1,market,0.0,1,1,4,32,48135.0
498623,498624,498624,498624,closed,stop,20523.75,20519.75,20524.0,20519.5,20519.75,20555.75,-4.0,-4.5,-5.0,-100.0,10.0,0.5,1.0,1.0,10.0,2024-05-29 17:42:00+00:00,2024-05-29 17:42:00+00:00,2024-05-29 17:43:00+00:00,2024-05-29 17:43:00+00:00,exhaustion_reversal_long_midday_8346db7cf1cc,1,market,0.0,1,1,4,32,48035.0
499832,499833,499833,499833,closed,timeout,20337.25,20340.0,20337.5,20339.75,20333.25,20369.25,2.75,2.25,1.75,35.0,10.0,0.5,1.0,1.0,1.25,2024-05-30 15:06:00+00:00,2024-05-30 15:06:00+00:00,2024-05-30 15:07:00+00:00,2024-05-30 15:07:00+00:00,exhaustion_reversal_long_midday_8346db7cf1cc,1,market,0.0,1,1,4,32,48070.0
499917,499918,499918,499918,closed,timeout,20383.0,20386.5,20383.25,20386.25,20379.0,20415.0,3.5,3.0,2.5,50.0,10.0,0.5,1.0,1.0,0.75,2024-05-30 16:31:00+00:00,2024-05-30 16:31:00+00:00,2024-05-30 16:32:00+00:00,2024-05-30 16:32:00+00:00,exhaustion_reversal_long_midday_8346db7cf1cc,1,market,0.0,1,1,4,32,48120.0
501223,501224,501224,501224,closed,timeout,20011.0,20017.25,20011.25,20017.0,20007.0,20043.0,6.25,5.75,5.25,105.0,10.0,0.5,1.0,1.0,2.5,2024-05-31 15:32:00+00:00,2024-05-31 15:32:00+00:00,2024-05-31 15:33:00+00:00,2024-05-31 15:33:00+00:00,exhaustion_reversal_long_midday_8346db7cf1cc,1,market,0.0,1,1,4,32,48225.0
501275,501276,501276,501276,closed,stop,19949.0,19945.0,19949.25,19944.75,19945.0,19981.0,-4.0,-4.5,-5.0,-100.0,10.0,0.5,1.0,1.0,5.75,2024-05-31 16:24:00+00:00,2024-05-31 16:24:00+00:00,2024-05-31 16:25:00+00:00,2024-05-31 16:25:00+00:00,exhaustion_reversal_long_midday_8346db7cf1cc,1,market,0.0,1,1,4,32,48125.0
501355,501356,501356,501356,closed,timeout,20030.0,20037.75,20030.25,20037.5,20026.0,20062.0,7.75,7.25,6.75,135.0,10.0,0.5,1.0,1.0,0.5,2024-05-31 17:44:00+00:00,2024-05-31 17:44:00+00:00,2024-05-31 17:45:00+00:00,2024-05-31 17:45:00+00:00,exhaustion_reversal_long_midday_8346db7cf1cc,1,market,0.0,1,1,4,32,48260.0
502620,502621,502621,502621,closed,timeout,20280.5,20285.5,20280.75,20285.25,20276.5,20312.5,5.0,4.5,4.0,80.0,10.0,0.5,1.0,1.0,1.0,2024-06-03 16:04:00+00:00,2024-06-03 16:04:00+00:00,2024-06-03 16:05:00+00:00,2024-06-03 16:05:00+00:00,exhaustion_reversal_long_midday_8346db7cf1cc,1,market,0.0,1,1,4,32,48340.0
502626,502627,502627,502627,closed,timeout,20272.75,20277.25,20273.0,20277.0,20268.75,20304.75,4.5,4.0,3.5,70.0,10.0,0.5,1.0,1.0,0.25,2024-06-03 16:10:00+00:00,2024-06-03 16:10:00+00:00,2024-06-03 16:11:00+00:00,2024-06-03 16:11:00+00:00,exhaustion_reversal_long_midday_8346db7cf1cc,1,market,0.0,1,1,4,32,48410.0
504040,504041,504041,504041,closed,stop,20326.0,20322.0,20326.25,20321.75,20322.0,20358.0,-4.0,-4.5,-5.0,-100.0,10.0,0.5,1.0,1.0,7.75,2024-06-04 16:59:00+00:00,2024-06-04 16:59:00+00:00,2024-06-04 17:00:00+00:00,2024-06-04 17:00:00+00:00,exhaustion_reversal_long_midday_8346db7cf1cc,1,market,0.0,1,1,4,32,48310.0
505428,505429,505429,505429,closed,timeout,20678.75,20684.25,20679.0,20684.0,20674.75,20710.75,5.5,5.0,4.5,90.0,10.0,0.5,1.0,1.0,3.75,2024-06-05 17:22:00+00:00,2024-06-05 17:22:00+00:00,2024-06-05 17:23:00+00:00,2024-06-05 17:23:00+00:00,exhaustion_reversal_long_midday_8346db7cf1cc,1,market,0.0,1,1,4,32,48400.0
508018,508019,508019,508019,closed,timeout,20753.5,20752.0,20753.75,20751.75,20749.5,20785.5,-1.5,-2.0,-2.5,-50.0,10.0,0.5,1.0,1.0,3.75,2024-06-07 15:03:00+00:00,2024-06-07 15:03:00+00:00,2024-06-07 15:04:00+00:00,2024-06-07 15:04:00+00:00,exhaustion_reversal_long_midday_8346db7cf1cc,1,market,0.0,1,1,4,32,48350.0
508024,508025,508025,508025,closed,stop,20726.75,20722.75,20727.0,20722.5,20722.75,20758.75,-4.0,-4.5,-5.0,-100.0,10.0,0.5,1.0,1.0,6.5,2024-06-07 15:09:00+00:00,2024-06-07 15:09:00+00:00,2024-06-07 15:10:00+00:00,2024-06-07 15:10:00+00:00,exhaustion_reversal_long_midday_8346db7cf1cc,1,market,0.0,1,1,4,32,48250.0
509468,509469,509469,509469,closed,timeout,20798.0,20801.75,20798.25,20801.5,20794.0,20830.0,3.75,3.25,2.75,55.0,10.0,0.5,1.0,1.0,2.0,2024-06-10 16:29:00+00:00,2024-06-10 16:29:00+00:00,2024-06-10 16:30:00+00:00,2024-06-10 16:30:00+00:00,exhaustion_reversal_long_midday_8346db7cf1cc,1,market,0.0,1,1,4,32,48305.0
509518,509519,509519,509519,closed,timeout,20775.25,20780.75,20775.5,20780.5,20771.25,20807.25,5.5,5.0,4.5,90.0,10.0,0.5,1.0,1.0,0.75,2024-06-10 17:19:00+00:00,2024-06-10 17:19:00+00:00,2024-06-10 17:20:00+00:00,2024-06-10 17:20:00+00:00,exhaustion_reversal_long_midday_8346db7cf1cc,1,market,0.0,1,1,4,32,48395.0
510789,510790,510790,510790,closed,stop,20778.75,20774.75,20779.0,20774.5,20774.75,20810.75,-4.0,-4.5,-5.0,-100.0,10.0,0.5,1.0,1.0,8.0,2024-06-11 15:45:00+00:00,2024-06-11 15:45:00+00:00,2024-06-11 15:46:00+00:00,2024-06-11 15:46:00+00:00,exhaustion_reversal_long_midday_8346db7cf1cc,1,market,0.0,1,1,4,32,48295.0
510796,510797,510797,510797,closed,timeout,20767.75,20764.75,20768.0,20764.5,20763.75,20799.75,-3.0,-3.5,-4.0,-80.0,10.0,0.5,1.0,1.0,3.25,2024-06-11 15:52:00+00:00,2024-06-11 15:52:00+00:00,2024-06-11 15:53:00+00:00,2024-06-11 15:53:00+00:00,exhaustion_reversal_long_midday_8346db7cf1cc,1,market,0.0,1,1,4,32,48215.0
510892,510893,510893,510893,closed,stop,20812.0,20808.0,20812.25,20807.75,20808.0,20844.0,-4.0,-4.5,-5.0,-100.0,10.0,0.5,1.0,1.0,4.25,2024-06-11 17:28:00+00:00,2024-06-11 17:28:00+00:00,2024-06-11 17:29:00+00:00,2024-06-11 17:29:00+00:00,exhaustion_reversal_long_midday_8346db7cf1cc,1,market,0.0,1,1,4,32,48115.0
513565,513566,513566,513566,closed,timeout,21211.25,21218.25,21211.5,21218.0,21207.25,21243.25,7.0,6.5,6.0,120.0,10.0,0.5,1.0,1.0,2.0,2024-06-13 16:31:00+00:00,2024-06-13 16:31:00+00:00,2024-06-13 16:32:00+00:00,2024-06-13 16:32:00+00:00,exhaustion_reversal_long_midday_8346db7cf1cc,1,market,0.0,1,1,4,32,48235.0
517647,517648,517648,517648,closed,timeout,21608.25,21606.25,21608.5,21606.0,21604.25,21640.25,-2.0,-2.5,-3.0,-60.0,10.0,0.5,1.0,1.0,2.25,2024-06-18 16:20:00+00:00,2024-06-18 16:20:00+00:00,2024-06-18 16:21:00+00:00,2024-06-18 16:21:00+00:00,exhaustion_reversal_long_midday_8346db7cf1cc,1,market,0.0,1,1,4,32,48175.0
519008,519009,519009,519009,closed,timeout,21671.75,21670.75,21672.0,21670.5,21667.75,21703.75,-1.0,-1.5,-2.0,-40.0,10.0,0.5,1.0,1.0,1.5,2024-06-19 16:16:00+00:00,2024-06-19 16:16:00+00:00,2024-06-19 16:17:00+00:00,2024-06-19 16:17:00+00:00,exhaustion_reversal_long_midday_8346db7cf1cc,1,market,0.0,1,1,4,32,48135.0
519045,519046,519046,519046,closed,timeout,21663.25,21664.75,21663.5,21664.5,21659.25,21695.25,1.5,1.0,0.5,10.0,10.0,0.5,1.0,1.0,0.5,2024-06-19 16:53:00+00:00,2024-06-19 16:53:00+00:00,2024-06-19 16:54:00+00:00,2024-06-19 16:54:00+00:00,exhaustion_reversal_long_midday_8346db7cf1cc,1,market,0.0,1,1,4,32,48145.0
520226,520227,520227,520227,closed,stop,21423.25,21419.25,21423.5,21419.0,21419.25,21455.25,-4.0,-4.5,-5.0,-100.0,10.0,0.5,1.0,1.0,13.25,2024-06-20 17:34:00+00:00,2024-06-20 17:34:00+00:00,2024-06-20 17:35:00+00:00,2024-06-20 17:35:00+00:00,exhaustion_reversal_long_midday_8346db7cf1cc,1,market,0.0,1,1,4,32,48045.0
520229,520230,520230,520230,closed,timeout,21406.0,21406.5,21406.25,21406.25,21402.0,21438.0,0.5,0.0,-0.5,-10.0,10.0,0.5,1.0,1.0,3.0,2024-06-20 17:37:00+00:00,2024-06-20 17:37:00+00:00,2024-06-20 17:38:00+00:00,2024-06-20 17:38:00+00:00,exhaustion_reversal_long_midday_8346db7cf1cc,1,market,0.0,1,1,4,32,48035.0
521471,521472,521472,521472,closed,stop,21416.25,21412.25,21416.5,21412.0,21412.25,21448.25,-4.0,-4.5,-5.0,-100.0,10.0,0.5,1.0,1.0,7.5,2024-06-21 15:34:00+00:00,2024-06-21 15:34:00+00:00,2024-06-21 15:35:00+00:00,2024-06-21 15:35:00+00:00,exhaustion_reversal_long_midday_8346db7cf1cc,1,market,0.0,1,1,4,32,47935.0
521525,521526,521526,521526,closed,timeout,21469.5,21474.0,21469.75,21473.75,21465.5,21501.5,4.5,4.0,3.5,70.0,10.0,0.5,1.0,1.0,3.75,2024-06-21 16:28:00+00:00,2024-06-21 16:28:00+00:00,2024-06-21 16:29:00+00:00,2024-06-21 16:29:00+00:00,exhaustion_reversal_long_midday_8346db7cf1cc,1,market,0.0,1,1,4,32,48005.0
521526,521527,521527,521527,closed,timeout,21473.5,21477.75,21473.75,21477.5,21469.5,21505.5,4.25,3.75,3.25,65.0,10.0,0.5,1.0,1.0,0.25,2024-06-21 16:29:00+00:00,2024-06-21 16:29:00+00:00,2024-06-21 16:30:00+00:00,2024-06-21 16:30:00+00:00,exhaustion_reversal_long_midday_8346db7cf1cc,1,market,0.0,1,1,4,32,48070.0
521545,521546,521546,521546,closed,stop,21452.5,21448.5,21452.75,21448.25,21448.5,21484.5,-4.0,-4.5,-5.0,-100.0,10.0,0.5,1.0,1.0,7.0,2024-06-21 16:48:00+00:00,2024-06-21 16:48:00+00:00,2024-06-21 16:49:00+00:00,2024-06-21 16:49:00+00:00,exhaustion_reversal_long_midday_8346db7cf1cc,1,market,0.0,1,1,4,32,47970.0
521594,521595,521595,521595,closed,timeout,21386.25,21396.5,21386.5,21396.25,21382.25,21418.25,10.25,9.75,9.25,185.0,10.0,0.5,1.0,1.0,0.75,2024-06-21 17:37:00+00:00,2024-06-21 17:37:00+00:00,2024-06-21 17:38:00+00:00,2024-06-21 17:38:00+00:00,exhaustion_reversal_long_midday_8346db7cf1cc,1,market,0.0,1,1,4,32,48155.0
522827,522828,522828,522828,closed,timeout,21321.25,21344.0,21321.5,21343.75,21317.25,21353.25,22.75,22.25,21.75,435.0,10.0,0.5,1.0,1.0,1.75,2024-06-24 15:28:00+00:00,2024-06-24 15:28:00+00:00,2024-06-24 15:29:00+00:00,2024-06-24 15:29:00+00:00,exhaustion_reversal_long_midday_8346db7cf1cc,1,market,0.0,1,1,4,32,48590.0
522929,522930,522930,522930,closed,stop,21256.0,21252.0,21256.25,21251.75,21252.0,21288.0,-4.0,-4.5,-5.0,-100.0,10.0,0.5,1.0,1.0,8.0,2024-06-24 17:10:00+00:00,2024-06-24 17:10:00+00:00,2024-06-24 17:11:00+00:00,2024-06-24 17:11:00+00:00,exhaustion_reversal_long_midday_8346db7cf1cc,1,market,0.0,1,1,4,32,48490.0
526931,526932,526932,526932,closed,stop,21393.75,21389.75,21394.0,21389.5,21389.75,21425.75,-4.0,-4.5,-5.0,-100.0,10.0,0.5,1.0,1.0,5.25,2024-06-27 15:37:00+00:00,2024-06-27 15:37:00+00:00,2024-06-27 15:38:00+00:00,2024-06-27 15:38:00+00:00,exhaustion_reversal_long_midday_8346db7cf1cc,1,market,0.0,1,1,4,32,48390.0
526932,526933,526933,526933,closed,timeout,21400.25,21412.25,21400.5,21412.0,21396.25,21432.25,12.0,11.5,11.0,220.0,10.0,0.5,1.0,1.0,1.75,2024-06-27 15:38:00+00:00,2024-06-27 15:38:00+00:00,2024-06-27 15:39:00+00:00,2024-06-27 15:39:00+00:00,exhaustion_reversal_long_midday_8346db7cf1cc,1,market,0.0,1,1,4,32,48610.0
528259,528260,528260,528260,closed,stop,21573.5,21569.5,21573.75,21569.25,21569.5,21605.5,-4.0,-4.5,-5.0,-100.0,10.0,0.5,1.0,1.0,20.25,2024-06-28 15:00:00+00:00,2024-06-28 15:00:00+00:00,2024-06-28 15:01:00+00:00,2024-06-28 15:01:00+00:00,exhaustion_reversal_long_midday_8346db7cf1cc,1,market,0.0,1,1,4,32,48510.0
528263,528264,528264,528264,closed,stop,21546.5,21542.5,21546.75,21542.25,21542.5,21578.5,-4.0,-4.5,-5.0,-100.0,10.0,0.5,1.0,1.0,10.75,2024-06-28 15:04:00+00:00,2024-06-28 15:04:00+00:00,2024-06-28 15:05:00+00:00,2024-06-28 15:05:00+00:00,exhaustion_reversal_long_midday_8346db7cf1cc,1,market,0.0,1,1,4,32,48410.0
528331,528332,528332,528332,closed,stop,21492.25,21488.25,21492.5,21488.0,21488.25,21524.25,-4.0,-4.5,-5.0,-100.0,10.0,0.5,1.0,1.0,8.75,2024-06-28 16:12:00+00:00,2024-06-28 16:12:00+00:00,2024-06-28 16:13:00+00:00,2024-06-28 16:13:00+00:00,exhaustion_reversal_long_midday_8346db7cf1cc,1,market,0.0,1,1,4,32,48310.0
529750,529751,529751,529751,closed,timeout,21432.75,21435.0,21433.0,21434.75,21428.75,21464.75,2.25,1.75,1.25,25.0,10.0,0.5,1.0,1.0,4.0,2024-07-01 17:06:00+00:00,2024-07-01 17:06:00+00:00,2024-07-01 17:07:00+00:00,2024-07-01 17:07:00+00:00,exhaustion_reversal_long_midday_8346db7cf1cc,1,market,0.0,1,1,4,32,48335.0
531054,531055,531055,531055,closed,stop,21528.5,21524.5,21528.75,21524.25,21524.5,21560.5,-4.0,-4.5,-5.0,-100.0,10.0,0.5,1.0,1.0,8.5,2024-07-02 16:05:00+00:00,2024-07-02 16:05:00+00:00,2024-07-02 16:06:00+00:00,2024-07-02 16:06:00+00:00,exhaustion_reversal_long_midday_8346db7cf1cc,1,market,0.0,1,1,4,32,48235.0
533563,533564,533564,533564,closed,timeout,21810.25,21809.25,21810.5,21809.0,21806.25,21842.25,-1.0,-1.5,-2.0,-40.0,10.0,0.5,1.0,1.0,1.75,2024-07-04 16:12:00+00:00,2024-07-04 16:12:00+00:00,2024-07-04 16:13:00+00:00,2024-07-04 16:13:00+00:00,exhaustion_reversal_long_midday_8346db7cf1cc,1,market,0.0,1,1,4,32,48195.0
533566,533567,533567,533567,closed,timeout,21808.0,21809.25,21808.25,21809.0,21804.0,21840.0,1.25,0.75,0.25,5.0,10.0,0.5,1.0,1.0,0.25,2024-07-04 16:15:00+00:00,2024-07-04 16:15:00+00:00,2024-07-04 16:16:00+00:00,2024-07-04 16:16:00+00:00,exhaustion_reversal_long_midday_8346db7cf1cc,1,market,0.0,1,1,4,32,48200.0
534729,534730,534730,534730,closed,stop,22029.5,22025.5,22029.75,22025.25,22025.5,22061.5,-4.0,-4.5,-5.0,-100.0,10.0,0.5,1.0,1.0,4.25,2024-07-05 16:39:00+00:00,2024-07-05 16:39:00+00:00,2024-07-05 16:40:00+00:00,2024-07-05 16:40:00+00:00,exhaustion_reversal_long_midday_8346db7cf1cc,1,market,0.0,1,1,4,32,48100.0
536167,536168,536168,536168,closed,timeout,22080.0,22081.75,22080.25,22081.5,22076.0,22112.0,1.75,1.25,0.75,15.0,10.0,0.5,1.0,1.0,2.0,2024-07-08 17:52:00+00:00,2024-07-08 17:52:00+00:00,2024-07-08 17:53:00+00:00,2024-07-08 17:53:00+00:00,exhaustion_reversal_long_midday_8346db7cf1cc,1,market,0.0,1,1,4,32,48115.0
537453,537454,537454,537454,closed,stop,22128.75,22124.75,22129.0,22124.5,22124.75,22160.75,-4.0,-4.5,-5.0,-100.0,10.0,0.5,1.0,1.0,8.0,2024-07-09 16:34:00+00:00,2024-07-09 16:34:00+00:00,2024-07-09 16:35:00+00:00,2024-07-09 16:35:00+00:00,exhaustion_reversal_long_midday_8346db7cf1cc,1,market,0.0,1,1,4,32,48015.0
537461,537462,537462,537462,closed,stop,22111.5,22107.5,22111.75,22107.25,22107.5,22143.5,-4.0,-4.5,-5.0,-100.0,10.0,0.5,1.0,1.0,16.75,2024-07-09 16:42:00+00:00,2024-07-09 16:42:00+00:00,2024-07-09 16:43:00+00:00,2024-07-09 16:43:00+00:00,exhaustion_reversal_long_midday_8346db7cf1cc,1,market,0.0,1,1,4,32,47915.0
540092,540093,540093,540093,closed,stop,22030.5,22026.5,22030.75,22026.25,22026.5,22062.5,-4.0,-4.5,-5.0,-100.0,10.0,0.5,1.0,1.0,6.0,2024-07-11 15:03:00+00:00,2024-07-11 15:03:00+00:00,2024-07-11 15:04:00+00:00,2024-07-11 15:04:00+00:00,exhaustion_reversal_long_midday_8346db7cf1cc,1,market,0.0,1,1,4,32,47815.0
540206,540207,540207,540207,closed,stop,21892.0,21888.0,21892.25,21887.75,21888.0,21924.0,-4.0,-4.5,-5.0,-100.0,10.0,0.5,1.0,1.0,7.75,2024-07-11 16:57:00+00:00,2024-07-11 16:57:00+00:00,2024-07-11 16:58:00+00:00,2024-07-11 16:58:00+00:00,exhaustion_reversal_long_midday_8346db7cf1cc,1,market,0.0,1,1,4,32,47715.0
541477,541478,541478,541478,closed,stop,22070.75,22066.75,22071.0,22066.5,22066.75,22102.75,-4.0,-4.5,-5.0,-100.0,10.0,0.5,1.0,1.0,12.5,2024-07-12 15:23:00+00:00,2024-07-12 15:23:00+00:00,2024-07-12 15:24:00+00:00,2024-07-12 15:24:00+00:00,exhaustion_reversal_long_midday_8346db7cf1cc,1,market,0.0,1,1,4,32,47615.0
541479,541480,541480,541480,closed,timeout,22061.25,22076.25,22061.5,22076.0,22057.25,22093.25,15.0,14.5,14.0,280.0,10.0,0.5,1.0,1.0,3.0,2024-07-12 15:25:00+00:00,2024-07-12 15:25:00+00:00,2024-07-12 15:26:00+00:00,2024-07-12 15:26:00+00:00,exhaustion_reversal_long_midday_8346db7cf1cc,1,market,0.0,1,1,4,32,47895.0
542850,542851,542851,542851,closed,stop,22170.25,22166.25,22170.5,22166.0,22166.25,22202.25,-4.0,-4.5,-5.0,-100.0,10.0,0.5,1.0,1.0,13.5,2024-07-15 15:31:00+00:00,2024-07-15 15:31:00+00:00,2024-07-15 15:32:00+00:00,2024-07-15 15:32:00+00:00,exhaustion_reversal_long_midday_8346db7cf1cc,1,market,0.0,1,1,4,32,47795.0
542889,542890,542890,542890,closed,stop,22096.0,22092.0,22096.25,22091.75,22092.0,22128.0,-4.0,-4.5,-5.0,-100.0,10.0,0.5,1.0,1.0,12.0,2024-07-15 16:10:00+00:00,2024-07-15 16:10:00+00:00,2024-07-15 16:11:00+00:00,2024-07-15 16:11:00+00:00,exhaustion_reversal_long_midday_8346db7cf1cc,1,market,0.0,1,1,4,32,47695.0
544221,544222,544222,544222,closed,timeout,21967.25,21969.0,21967.5,21968.75,21963.25,21999.25,1.75,1.25,0.75,15.0,10.0,0.5,1.0,1.0,2.5,2024-07-16 15:37:00+00:00,2024-07-16 15:37:00+00:00,2024-07-16 15:38:00+00:00,2024-07-16 15:38:00+00:00,exhaustion_reversal_long_midday_8346db7cf1cc,1,market,0.0,1,1,4,32,47710.0
545716,545717,545717,545717,closed,stop,21479.75,21475.75,21480.0,21475.5,21475.75,21511.75,-4.0,-4.5,-5.0,-100.0,10.0,0.5,1.0,1.0,4.75,2024-07-17 17:47:00+00:00,2024-07-17 17:47:00+00:00,2024-07-17 17:48:00+00:00,2024-07-17 17:48:00+00:00,exhaustion_reversal_long_midday_8346db7cf1cc,1,market,0.0,1,1,4,32,47610.0
548369,548370,548370,548370,closed,timeout,21139.25,21157.5,21139.5,21157.25,21135.25,21171.25,18.25,17.75,17.25,345.0,10.0,0.5,1.0,1.0,2.0,2024-07-19 16:40:00+00:00,2024-07-19 16:40:00+00:00,2024-07-19 16:41:00+00:00,2024-07-19 16:41:00+00:00,exhaustion_reversal_long_midday_8346db7cf1cc,1,market,0.0,1,1,4,32,47955.0
551086,551087,551087,551087,closed,timeout,21401.25,21405.0,21401.5,21404.75,21397.25,21433.25,3.75,3.25,2.75,55.0,10.0,0.5,1.0,1.0,2.25,2024-07-23 16:27:00+00:00,2024-07-23 16:27:00+00:00,2024-07-23 16:28:00+00:00,2024-07-23 16:28:00+00:00,exhaustion_reversal_long_midday_8346db7cf1cc,1,market,0.0,1,1,4,32,48010.0
553861,553862,553862,553862,closed,stop,20756.0,20752.0,20756.25,20751.75,20752.0,20788.0,-4.0,-4.5,-5.0,-100.0,10.0,0.5,1.0,1.0,15.0,2024-07-25 17:17:00+00:00,2024-07-25 17:17:00+00:00,2024-07-25 17:18:00+00:00,2024-07-25 17:18:00+00:00,exhaustion_reversal_long_midday_8346db7cf1cc,1,market,0.0,1,1,4,32,47910.0
553866,553867,553867,553867,closed,stop,20735.5,20731.5,20735.75,20731.25,20731.5,20767.5,-4.0,-4.5,-5.0,-100.0,10.0,0.5,1.0,1.0,24.25,2024-07-25 17:22:00+00:00,2024-07-25 17:22:00+00:00,2024-07-25 17:23:00+00:00,2024-07-25 17:23:00+00:00,exhaustion_reversal_long_midday_8346db7cf1cc,1,market,0.0,1,1,4,32,47810.0
555252,555253,555253,555253,closed,stop,20606.0,20602.0,20606.25,20601.75,20602.0,20638.0,-4.0,-4.5,-5.0,-100.0,10.0,0.5,1.0,1.0,9.25,2024-07-26 17:43:00+00:00,2024-07-26 17:43:00+00:00,2024-07-26 17:44:00+00:00,2024-07-26 17:44:00+00:00,exhaustion_reversal_long_midday_8346db7cf1cc,1,market,0.0,1,1,4,32,47710.0
555253,555254,555254,555254,closed,stop,20611.25,20607.25,20611.5,20607.0,20607.25,20643.25,-4.0,-4.5,-5.0,-100.0,10.0,0.5,1.0,1.0,4.5,2024-07-26 17:44:00+00:00,2024-07-26 17:44:00+00:00,2024-07-26 17:45:00+00:00,2024-07-26 17:45:00+00:00,exhaustion_reversal_long_midday_8346db7cf1cc,1,market,0.0,1,1,4,32,47610.0
556457,556458,556458,556458,closed,stop,20648.0,20644.0,20648.25,20643.75,20644.0,20680.0,-4.0,-4.5,-5.0,-100.0,10.0,0.5,1.0,1.0,9.0,2024-07-29 15:04:00+00:00,2024-07-29 15:04:00+00:00,2024-07-29 15:05:00+00:00,2024-07-29 15:05:00+00:00,exhaustion_reversal_long_midday_8346db7cf1cc,1,market,0.0,1,1,4,32,47510.0
556596,556597,556597,556597,closed,stop,20739.0,20735.0,20739.25,20734.75,20735.0,20771.0,-4.0,-4.5,-5.0,-100.0,10.0,0.5,1.0,1.0,7.25,2024-07-29 17:23:00+00:00,2024-07-29 17:23:00+00:00,2024-07-29 17:24:00+00:00,2024-07-29 17:24:00+00:00,exhaustion_reversal_long_midday_8346db7cf1cc,1,market,0.0,1,1,4,32,47410.0
557827,557828,557828,557828,closed,stop,20433.25,20429.25,20433.5,20429.0,20429.25,20465.25,-4.0,-4.5,-5.0,-100.0,10.0,0.5,1.0,1.0,13.0,2024-07-30 15:10:00+00:00,2024-07-30 15:10:00+00:00,2024-07-30 15:11:00+00:00,2024-07-30 15:11:00+00:00,exhaustion_reversal_long_midday_8346db7cf1cc,1,market,0.0,1,1,4,32,47310.0
557828,557829,557829,557829,closed,timeout,20449.5,20452.75,20449.75,20452.5,20445.5,20481.5,3.25,2.75,2.25,45.0,10.0,0.5,1.0,1.0,1.75,2024-07-30 15:11:00+00:00,2024-07-30 15:11:00+00:00,2024-07-30 15:12:00+00:00,2024-07-30 15:12:00+00:00,exhaustion_reversal_long_midday_8346db7cf1cc,1,market,0.0,1,1,4,32,47355.0
561915,561916,561916,561916,closed,stop,19866.75,19862.75,19867.0,19862.5,19862.75,19898.75,-4.0,-4.5,-5.0,-100.0,10.0,0.5,1.0,1.0,11.25,2024-08-02 15:03:00+00:00,2024-08-02 15:03:00+00:00,2024-08-02 15:04:00+00:00,2024-08-02 15:04:00+00:00,exhaustion_reversal_long_midday_8346db7cf1cc,1,market,0.0,1,1,4,32,47255.0
563366,563367,563367,563367,closed,stop,19581.5,19577.5,19581.75,19577.25,19577.5,19613.5,-4.0,-4.5,-5.0,-100.0,10.0,0.5,1.0,1.0,27.75,2024-08-05 16:39:00+00:00,2024-08-05 16:39:00+00:00,2024-08-05 16:40:00+00:00,2024-08-05 16:40:00+00:00,exhaustion_reversal_long_midday_8346db7cf1cc,1,market,0.0,1,1,4,32,47155.0
564651,564652,564652,564652,closed,stop,19704.5,19700.5,19704.75,19700.25,19700.5,19736.5,-4.0,-4.5,-5.0,-100.0,10.0,0.5,1.0,1.0,14.0,2024-08-06 15:19:00+00:00,2024-08-06 15:19:00+00:00,2024-08-06 15:20:00+00:00,2024-08-06 15:20:00+00:00,exhaustion_reversal_long_midday_8346db7cf1cc,1,market,0.0,1,1,4,32,47055.0
566015,566016,566016,566016,closed,stop,19908.5,19904.5,19908.75,19904.25,19904.5,19940.5,-4.0,-4.5,-5.0,-100.0,10.0,0.5,1.0,1.0,19.5,2024-08-07 15:18:00+00:00,2024-08-07 15:18:00+00:00,2024-08-07 15:19:00+00:00,2024-08-07 15:19:00+00:00,exhaustion_reversal_long_midday_8346db7cf1cc,1,market,0.0,1,1,4,32,46955.0
566044,566045,566045,566045,closed,stop,19805.25,19801.25,19805.5,19801.0,19801.25,19837.25,-4.0,-4.5,-5.0,-100.0,10.0,0.5,1.0,1.0,10.25,2024-08-07 15:47:00+00:00,2024-08-07 15:47:00+00:00,2024-08-07 15:48:00+00:00,2024-08-07 15:48:00+00:00,exhaustion_reversal_long_midday_8346db7cf1cc,1,market,0.0,1,1,4,32,46855.0
566066,566067,566067,566067,closed,stop,19763.75,19759.75,19764.0,19759.5,19759.75,19795.75,-4.0,-4.5,-5.0,-100.0,10.0,0.5,1.0,1.0,8.5,2024-08-07 16:09:00+00:00,2024-08-07 16:09:00+00:00,2024-08-07 16:10:00+00:00,2024-08-07 16:10:00+00:00,exhaustion_reversal_long_midday_8346db7cf1cc,1,market,0.0,1,1,4,32,46755.0
566131,566132,566132,566132,closed,stop,19640.75,19636.75,19641.0,19636.5,19636.75,19672.75,-4.0,-4.5,-5.0,-100.0,10.0,0.5,1.0,1.0,8.25,2024-08-07 17:14:00+00:00,2024-08-07 17:14:00+00:00,2024-08-07 17:15:00+00:00,2024-08-07 17:15:00+00:00,exhaustion_reversal_long_midday_8346db7cf1cc,1,market,0.0,1,1,4,32,46655.0
566168,566169,566169,566169,closed,stop,19573.5,19569.5,19573.75,19569.25,19569.5,19605.5,-4.0,-4.5,-5.0,-100.0,10.0,0.5,1.0,1.0,15.0,2024-08-07 17:51:00+00:00,2024-08-07 17:51:00+00:00,2024-08-07 17:52:00+00:00,2024-08-07 17:52:00+00:00,exhaustion_reversal_long_midday_8346db7cf1cc,1,market,0.0,1,1,4,32,46555.0
566171,566172,566172,566172,closed,timeout,19557.75,19567.0,19558.0,19566.75,19553.75,19589.75,9.25,8.75,8.25,165.0,10.0,0.5,1.0,1.0,0.25,2024-08-07 17:54:00+00:00,2024-08-07 17:54:00+00:00,2024-08-07 17:55:00+00:00,2024-08-07 17:55:00+00:00,exhaustion_reversal_long_midday_8346db7cf1cc,1,market,0.0,1,1,4,32,46720.0
567376,567377,567377,567377,closed,stop,19778.75,19774.75,19779.0,19774.5,19774.75,19810.75,-4.0,-4.5,-5.0,-100.0,10.0,0.5,1.0,1.0,9.25,2024-08-08 15:14:00+00:00,2024-08-08 15:14:00+00:00,2024-08-08 15:15:00+00:00,2024-08-08 15:15:00+00:00,exhaustion_reversal_long_midday_8346db7cf1cc,1,market,0.0,1,1,4,32,46620.0
567380,567381,567381,567381,closed,stop,19770.5,19766.5,19770.75,19766.25,19766.5,19802.5,-4.0,-4.5,-5.0,-100.0,10.0,0.5,1.0,1.0,13.5,2024-08-08 15:18:00+00:00,2024-08-08 15:18:00+00:00,2024-08-08 15:19:00+00:00,2024-08-08 15:19:00+00:00,exhaustion_reversal_long_midday_8346db7cf1cc,1,market,0.0,1,1,4,32,46520.0
567458,567459,567459,567459,closed,stop,19836.5,19832.5,19836.75,19832.25,19832.5,19868.5,-4.0,-4.5,-5.0,-100.0,10.0,0.5,1.0,1.0,13.5,2024-08-08 16:36:00+00:00,2024-08-08 16:36:00+00:00,2024-08-08 16:37:00+00:00,2024-08-08 16:37:00+00:00,exhaustion_reversal_long_midday_8346db7cf1cc,1,market,0.0,1,1,4,32,46420.0
570118,570119,570119,570119,closed,stop,20038.5,20034.5,20038.75,20034.25,20034.5,20070.5,-4.0,-4.5,-5.0,-100.0,10.0,0.5,1.0,1.0,22.5,2024-08-12 15:26:00+00:00,2024-08-12 15:26:00+00:00,2024-08-12 15:27:00+00:00,2024-08-12 15:27:00+00:00,exhaustion_reversal_long_midday_8346db7cf1cc,1,market,0.0,1,1,4,32,46320.0
570215,570216,570216,570216,closed,stop,20056.0,20052.0,20056.25,20051.75,20052.0,20088.0,-4.0,-4.5,-5.0,-100.0,10.0,0.5,1.0,1.0,7.75,2024-08-12 17:03:00+00:00,2024-08-12 17:03:00+00:00,2024-08-12 17:04:00+00:00,2024-08-12 17:04:00+00:00,exhaustion_reversal_long_midday_8346db7cf1cc,1,market,0.0,1,1,4,32,46220.0
570216,570217,570217,570217,closed,timeout,20061.0,20060.5,20061.25,20060.25,20057.0,20093.0,-0.5,-1.0,-1.5,-30.0,10.0,0.5,1.0,1.0,2.75,2024-08-12 17:04:00+00:00,2024-08-12 17:04:00+00:00,2024-08-12 17:05:00+00:00,2024-08-12 17:05:00+00:00,exhaustion_reversal_long_midday_8346db7cf1cc,1,market,0.0,1,1,4,32,46190.0
570258,570259,570259,570259,closed,stop,20072.0,20068.0,20072.25,20067.75,20068.0,20104.0,-4.0,-4.5,-5.0,-100.0,10.0,0.5,1.0,1.0,7.75,2024-08-12 17:46:00+00:00,2024-08-12 17:46:00+00:00,2024-08-12 17:47:00+00:00,2024-08-12 17:47:00+00:00,exhaustion_reversal_long_midday_8346db7cf1cc,1,market,0.0,1,1,4,32,46090.0
572901,572902,572902,572902,closed,stop,20556.0,20552.0,20556.25,20551.75,20552.0,20588.0,-4.0,-4.5,-5.0,-100.0,10.0,0.5,1.0,1.0,5.5,2024-08-14 16:19:00+00:00,2024-08-14 16:19:00+00:00,2024-08-14 16:20:00+00:00,2024-08-14 16:20:00+00:00,exhaustion_reversal_long_midday_8346db7cf1cc,1,market,0.0,1,1,4,32,45990.0
574297,574298,574298,574298,closed,timeout,20958.75,20961.5,20959.0,20961.25,20954.75,20990.75,2.75,2.25,1.75,35.0,10.0,0.5,1.0,1.0,3.0,2024-08-15 16:50:00+00:00,2024-08-15 16:50:00+00:00,2024-08-15 16:51:00+00:00,2024-08-15 16:51:00+00:00,exhaustion_reversal_long_midday_8346db7cf1cc,1,market,0.0,1,1,4,32,46025.0
575682,575683,575683,575683,closed,timeout,21064.5,21064.5,21064.75,21064.25,21060.5,21096.5,0.0,-0.5,-1.0,-20.0,10.0,0.5,1.0,1.0,3.75,2024-08-16 17:10:00+00:00,2024-08-16 17:10:00+00:00,2024-08-16 17:11:00+00:00,2024-08-16 17:11:00+00:00,exhaustion_reversal_long_midday_8346db7cf1cc,1,market,0.0,1,1,4,32,46005.0
578362,578363,578363,578363,closed,stop,21245.5,21241.5,21245.75,21241.25,21241.5,21277.5,-4.0,-4.5,-5.0,-100.0,10.0,0.5,1.0,1.0,6.75,2024-08-20 16:21:00+00:00,2024-08-20 16:21:00+00:00,2024-08-20 16:22:00+00:00,2024-08-20 16:22:00+00:00,exhaustion_reversal_long_midday_8346db7cf1cc,1,market,0.0,1,1,4,32,45905.0
581056,581057,581057,581057,closed,stop,21124.0,21120.0,21124.25,21119.75,21120.0,21156.0,-4.0,-4.5,-5.0,-100.0,10.0,0.5,1.0,1.0,8.0,2024-08-22 15:46:00+00:00,2024-08-22 15:46:00+00:00,2024-08-22 15:47:00+00:00,2024-08-22 15:47:00+00:00,exhaustion_reversal_long_midday_8346db7cf1cc,1,market,0.0,1,1,4,32,45805.0
581061,581062,581062,581062,closed,stop,21113.5,21109.5,21113.75,21109.25,21109.5,21145.5,-4.0,-4.5,-5.0,-100.0,10.0,0.5,1.0,1.0,5.25,2024-08-22 15:51:00+00:00,2024-08-22 15:51:00+00:00,2024-08-22 15:52:00+00:00,2024-08-22 15:52:00+00:00,exhaustion_reversal_long_midday_8346db7cf1cc,1,market,0.0,1,1,4,32,45705.0
581164,581165,581165,581165,closed,stop,21098.0,21094.0,21098.25,21093.75,21094.0,21130.0,-4.0,-4.5,-5.0,-100.0,10.0,0.5,1.0,1.0,13.0,2024-08-22 17:34:00+00:00,2024-08-22 17:34:00+00:00,2024-08-22 17:35:00+00:00,2024-08-22 17:35:00+00:00,exhaustion_reversal_long_midday_8346db7cf1cc,1,market,0.0,1,1,4,32,45605.0
582442,582443,582443,582443,closed,stop,21113.5,21109.5,21113.75,21109.25,21109.5,21145.5,-4.0,-4.5,-5.0,-100.0,10.0,0.5,1.0,1.0,8.25,2024-08-23 16:07:00+00:00,2024-08-23 16:07:00+00:00,2024-08-23 16:08:00+00:00,2024-08-23 16:08:00+00:00,exhaustion_reversal_long_midday_8346db7cf1cc,1,market,0.0,1,1,4,32,45505.0
582485,582486,582486,582486,closed,timeout,21056.5,21074.75,21056.75,21074.5,21052.5,21088.5,18.25,17.75,17.25,345.0,10.0,0.5,1.0,1.0,1.25,2024-08-23 16:50:00+00:00,2024-08-23 16:50:00+00:00,2024-08-23 16:51:00+00:00,2024-08-23 16:51:00+00:00,exhaustion_reversal_long_midday_8346db7cf1cc,1,market,0.0,1,1,4,32,45850.0
583903,583904,583904,583904,closed,timeout,21001.75,21000.75,21002.0,21000.5,20997.75,21033.75,-1.0,-1.5,-2.0,-40.0,10.0,0.5,1.0,1.0,2.25,2024-08-26 17:44:00+00:00,2024-08-26 17:44:00+00:00,2024-08-26 17:45:00+00:00,2024-08-26 17:45:00+00:00,exhaustion_reversal_long_midday_8346db7cf1cc,1,market,0.0,1,1,4,32,45810.0
583907,583908,583908,583908,closed,timeout,20972.5,20973.75,20972.75,20973.5,20968.5,21004.5,1.25,0.75,0.25,5.0,10.0,0.5,1.0,1.0,3.5,2024-08-26 17:48:00+00:00,2024-08-26 17:48:00+00:00,2024-08-26 17:49:00+00:00,2024-08-26 17:49:00+00:00,exhaustion_reversal_long_midday_8346db7cf1cc,1,market,0.0,1,1,4,32,45815.0
585139,585140,585140,585140,closed,stop,21030.25,21026.25,21030.5,21026.0,21026.25,21062.25,-4.0,-4.5,-5.0,-100.0,10.0,0.5,1.0,1.0,4.25,2024-08-27 15:35:00+00:00,2024-08-27 15:35:00+00:00,2024-08-27 15:36:00+00:00,2024-08-27 15:36:00+00:00,exhaustion_reversal_long_midday_8346db7cf1cc,1,market,0.0,1,1,4,32,45715.0
586488,586489,586489,586489,closed,stop,20794.25,20790.25,20794.5,20790.0,20790.25,20826.25,-4.0,-4.5,-5.0,-100.0,10.0,0.5,1.0,1.0,16.5,2024-08-28 15:19:00+00:00,2024-08-28 15:19:00+00:00,2024-08-28 15:20:00+00:00,2024-08-28 15:20:00+00:00,exhaustion_reversal_long_midday_8346db7cf1cc,1,market,0.0,1,1,4,32,45615.0
587857,587858,587858,587858,closed,timeout,21039.0,21045.0,21039.25,21044.75,21035.0,21071.0,6.0,5.5,5.0,100.0,10.0,0.5,1.0,1.0,0.25,2024-08-29 15:23:00+00:00,2024-08-29 15:23:00+00:00,2024-08-29 15:24:00+00:00,2024-08-29 15:24:00+00:00,exhaustion_reversal_long_midday_8346db7cf1cc,1,market,0.0,1,1,4,32,45715.0
589200,589201,589201,589201,closed,stop,20906.0,20902.0,20906.25,20901.75,20902.0,20938.0,-4.0,-4.5,-5.0,-100.0,10.0,0.5,1.0,1.0,5.5,2024-08-30 15:01:00+00:00,2024-08-30 15:01:00+00:00,2024-08-30 15:02:00+00:00,2024-08-30 15:02:00+00:00,exhaustion_reversal_long_midday_8346db7cf1cc,1,market,0.0,1,1,4,32,45615.0
589263,589264,589264,589264,closed,timeout,20868.5,20884.0,20868.75,20883.75,20864.5,20900.5,15.5,15.0,14.5,290.0,10.0,0.5,1.0,1.0,0.75,2024-08-30 16:04:00+00:00,2024-08-30 16:04:00+00:00,2024-08-30 16:05:00+00:00,2024-08-30 16:05:00+00:00,exhaustion_reversal_long_midday_8346db7cf1cc,1,market,0.0,1,1,4,32,45905.0
589297,589298,589298,589298,closed,stop,20821.75,20817.75,20822.0,20817.5,20817.75,20853.75,-4.0,-4.5,-5.0,-100.0,10.0,0.5,1.0,1.0,5.75,2024-08-30 16:38:00+00:00,2024-08-30 16:38:00+00:00,2024-08-30 16:39:00+00:00,2024-08-30 16:39:00+00:00,exhaustion_reversal_long_midday_8346db7cf1cc,1,market,0.0,1,1,4,32,45805.0
589298,589299,589299,589299,closed,timeout,20826.75,20831.0,20827.0,20830.75,20822.75,20858.75,4.25,3.75,3.25,65.0,10.0,0.5,1.0,1.0,4.0,2024-08-30 16:39:00+00:00,2024-08-30 16:39:00+00:00,2024-08-30 16:40:00+00:00,2024-08-30 16:40:00+00:00,exhaustion_reversal_long_midday_8346db7cf1cc,1,market,0.0,1,1,4,32,45870.0
590594,590595,590595,590595,closed,timeout,21081.75,21086.5,21082.0,21086.25,21077.75,21113.75,4.75,4.25,3.75,75.0,10.0,0.5,1.0,1.0,1.0,2024-09-02 15:30:00+00:00,2024-09-02 15:30:00+00:00,2024-09-02 15:31:00+00:00,2024-09-02 15:31:00+00:00,exhaustion_reversal_long_midday_8346db7cf1cc,1,market,0.0,1,1,4,32,45945.0
591792,591793,591793,591793,closed,stop,20593.25,20589.25,20593.5,20589.0,20589.25,20625.25,-4.0,-4.5,-5.0,-100.0,10.0,0.5,1.0,1.0,5.25,2024-09-03 16:29:00+00:00,2024-09-03 16:29:00+00:00,2024-09-03 16:30:00+00:00,2024-09-03 16:30:00+00:00,exhaustion_reversal_long_midday_8346db7cf1cc,1,market,0.0,1,1,4,32,45845.0
593174,593175,593175,593175,closed,stop,20471.0,20467.0,20471.25,20466.75,20467.0,20503.0,-4.0,-4.5,-5.0,-100.0,10.0,0.5,1.0,1.0,21.5,2024-09-04 16:46:00+00:00,2024-09-04 16:46:00+00:00,2024-09-04 16:47:00+00:00,2024-09-04 16:47:00+00:00,exhaustion_reversal_long_midday_8346db7cf1cc,1,market,0.0,1,1,4,32,45745.0
593178,593179,593179,593179,closed,stop,20471.25,20467.25,20471.5,20467.0,20467.25,20503.25,-4.0,-4.5,-5.0,-100.0,10.0,0.5,1.0,1.0,7.0,2024-09-04 16:50:00+00:00,2024-09-04 16:50:00+00:00,2024-09-04 16:51:00+00:00,2024-09-04 16:51:00+00:00,exhaustion_reversal_long_midday_8346db7cf1cc,1,market,0.0,1,1,4,32,45645.0
594437,594438,594438,594438,closed,stop,20383.75,20379.75,20384.0,20379.5,20379.75,20415.75,-4.0,-4.5,-5.0,-100.0,10.0,0.5,1.0,1.0,10.0,2024-09-05 15:04:00+00:00,2024-09-05 15:04:00+00:00,2024-09-05 15:05:00+00:00,2024-09-05 15:05:00+00:00,exhaustion_reversal_long_midday_8346db7cf1cc,1,market,0.0,1,1,4,32,45545.0
594546,594547,594547,594547,closed,stop,20365.25,20361.25,20365.5,20361.0,20361.25,20397.25,-4.0,-4.5,-5.0,-100.0,10.0,0.5,1.0,1.0,10.5,2024-09-05 16:53:00+00:00,2024-09-05 16:53:00+00:00,2024-09-05 16:54:00+00:00,2024-09-05 16:54:00+00:00,exhaustion_reversal_long_midday_8346db7cf1cc,1,market,0.0,1,1,4,32,45445.0
594561,594562,594562,594562,closed,timeout,20350.5,20356.0,20350.75,20355.75,20346.5,20382.5,5.5,5.0,4.5,90.0,10.0,0.5,1.0,1.0,0.5,2024-09-05 17:08:00+00:00,2024-09-05 17:08:00+00:00,2024-09-05 17:09:00+00:00,2024-09-05 17:09:00+00:00,exhaustion_reversal_long_midday_8346db7cf1cc,1,market,0.0,1,1,4,32,45535.0
595913,595914,595914,595914,closed,timeout,19871.0,19871.5,19871.25,19871.25,19867.0,19903.0,0.5,0.0,-0.5,-10.0,10.0,0.5,1.0,1.0,3.5,2024-09-06 16:55:00+00:00,2024-09-06 16:55:00+00:00,2024-09-06 16:56:00+00:00,2024-09-06 16:56:00+00:00,exhaustion_reversal_long_midday_8346db7cf1cc,1,market,0.0,1,1,4,32,45525.0
597182,597183,597183,597183,closed,timeout,19948.0,19948.75,19948.25,19948.5,19944.0,19980.0,0.75,0.25,-0.25,-5.0,10.0,0.5,1.0,1.0,2.25,2024-09-09 15:19:00+00:00,2024-09-09 15:19:00+00:00,2024-09-09 15:20:00+00:00,2024-09-09 15:20:00+00:00,exhaustion_reversal_long_midday_8346db7cf1cc,1,market,0.0,1,1,4,32,45520.0
597319,597320,597320,597320,closed,timeout,20117.75,20124.25,20118.0,20124.0,20113.75,20149.75,6.5,6.0,5.5,110.0,10.0,0.5,1.0,1.0,2.25,2024-09-09 17:36:00+00:00,2024-09-09 17:36:00+00:00,2024-09-09 17:37:00+00:00,2024-09-09 17:37:00+00:00,exhaustion_reversal_long_midday_8346db7cf1cc,1,market,0.0,1,1,4,32,45630.0
598569,598570,598570,598570,closed,stop,20179.25,20175.25,20179.5,20175.0,20175.25,20211.25,-4.0,-4.5,-5.0,-100.0,10.0,0.5,1.0,1.0,5.75,2024-09-10 15:41:00+00:00,2024-09-10 15:41:00+00:00,2024-09-10 15:42:00+00:00,2024-09-10 15:42:00+00:00,exhaustion_reversal_long_midday_8346db7cf1cc,1,market,0.0,1,1,4,32,45530.0
598590,598591,598591,598591,closed,stop,20058.75,20054.75,20059.0,20054.5,20054.75,20090.75,-4.0,-4.5,-5.0,-100.0,10.0,0.5,1.0,1.0,14.25,2024-09-10 16:02:00+00:00,2024-09-10 16:02:00+00:00,2024-09-10 16:03:00+00:00,2024-09-10 16:03:00+00:00,exhaustion_reversal_long_midday_8346db7cf1cc,1,market,0.0,1,1,4,32,45430.0
604027,604028,604028,604028,closed,stop,20765.25,20761.25,20765.5,20761.0,20761.25,20797.25,-4.0,-4.5,-5.0,-100.0,10.0,0.5,1.0,1.0,8.5,2024-09-16 15:48:00+00:00,2024-09-16 15:48:00+00:00,2024-09-16 15:49:00+00:00,2024-09-16 15:49:00+00:00,exhaustion_reversal_long_midday_8346db7cf1cc,1,market,0.0,1,1,4,32,45330.0
606722,606723,606723,606723,closed,timeout,20865.75,20872.0,20866.0,20871.75,20861.75,20897.75,6.25,5.75,5.25,105.0,10.0,0.5,1.0,1.0,0.5,2024-09-18 15:14:00+00:00,2024-09-18 15:14:00+00:00,2024-09-18 15:15:00+00:00,2024-09-18 15:15:00+00:00,exhaustion_reversal_long_midday_8346db7cf1cc,1,market,0.0,1,1,4,32,45435.0
608129,608130,608130,608130,closed,stop,21306.75,21302.75,21307.0,21302.5,21302.75,21338.75,-4.0,-4.5,-5.0,-100.0,10.0,0.5,1.0,1.0,15.75,2024-09-19 15:56:00+00:00,2024-09-19 15:56:00+00:00,2024-09-19 15:57:00+00:00,2024-09-19 15:57:00+00:00,exhaustion_reversal_long_midday_8346db7cf1cc,1,market,0.0,1,1,4,32,45335.0
608131,608132,608132,608132,closed,timeout,21297.75,21298.25,21298.0,21298.0,21293.75,21329.75,0.5,0.0,-0.5,-10.0,10.0,0.5,1.0,1.0,3.0,2024-09-19 15:58:00+00:00,2024-09-19 15:58:00+00:00,2024-09-19 15:59:00+00:00,2024-09-19 15:59:00+00:00,exhaustion_reversal_long_midday_8346db7cf1cc,1,market,0.0,1,1,4,32,45325.0
608134,608135,608135,608135,closed,timeout,21302.0,21311.5,21302.25,21311.25,21298.0,21334.0,9.5,9.0,8.5,170.0,10.0,0.5,1.0,1.0,1.0,2024-09-19 16:01:00+00:00,2024-09-19 16:01:00+00:00,2024-09-19 16:02:00+00:00,2024-09-19 16:02:00+00:00,exhaustion_reversal_long_midday_8346db7cf1cc,1,market,0.0,1,1,4,32,45495.0
609450,609451,609451,609451,closed,stop,21092.75,21088.75,21093.0,21088.5,21088.75,21124.75,-4.0,-4.5,-5.0,-100.0,10.0,0.5,1.0,1.0,28.75,2024-09-20 15:15:00+00:00,2024-09-20 15:15:00+00:00,2024-09-20 15:16:00+00:00,2024-09-20 15:16:00+00:00,exhaustion_reversal_long_midday_8346db7cf1cc,1,market,0.0,1,1,4,32,45395.0
609567,609568,609568,609568,closed,timeout,21203.75,21209.75,21204.0,21209.5,21199.75,21235.75,6.0,5.5,5.0,100.0,10.0,0.5,1.0,1.0,2.75,2024-09-20 17:12:00+00:00,2024-09-20 17:12:00+00:00,2024-09-20 17:13:00+00:00,2024-09-20 17:13:00+00:00,exhaustion_reversal_long_midday_8346db7cf1cc,1,market,0.0,1,1,4,32,45495.0
610874,610875,610875,610875,closed,stop,21269.25,21265.25,21269.5,21265.0,21265.25,21301.25,-4.0,-4.5,-5.0,-100.0,10.0,0.5,1.0,1.0,8.0,2024-09-23 16:14:00+00:00,2024-09-23 16:14:00+00:00,2024-09-23 16:15:00+00:00,2024-09-23 16:15:00+00:00,exhaustion_reversal_long_midday_8346db7cf1cc,1,market,0.0,1,1,4,32,45395.0
612283,612284,612284,612284,closed,stop,21373.5,21369.5,21373.75,21369.25,21369.5,21405.5,-4.0,-4.5,-5.0,-100.0,10.0,0.5,1.0,1.0,9.0,2024-09-24 16:58:00+00:00,2024-09-24 16:58:00+00:00,2024-09-24 16:59:00+00:00,2024-09-24 16:59:00+00:00,exhaustion_reversal_long_midday_8346db7cf1cc,1,market,0.0,1,1,4,32,45295.0
612286,612287,612287,612287,closed,stop,21367.5,21363.5,21367.75,21363.25,21363.5,21399.5,-4.0,-4.5,-5.0,-100.0,10.0,0.5,1.0,1.0,7.25,2024-09-24 17:01:00+00:00,2024-09-24 17:01:00+00:00,2024-09-24 17:02:00+00:00,2024-09-24 17:02:00+00:00,exhaustion_reversal_long_midday_8346db7cf1cc,1,market,0.0,1,1,4,32,45195.0
613638,613639,613639,613639,closed,stop,21387.5,21383.5,21387.75,21383.25,21383.5,21419.5,-4.0,-4.5,-5.0,-100.0,10.0,0.5,1.0,1.0,11.0,2024-09-25 16:48:00+00:00,2024-09-25 16:48:00+00:00,2024-09-25 16:49:00+00:00,2024-09-25 16:49:00+00:00,exhaustion_reversal_long_midday_8346db7cf1cc,1,market,0.0,1,1,4,32,45095.0
616268,616269,616269,616269,closed,stop,21486.0,21482.0,21486.25,21481.75,21482.0,21518.0,-4.0,-4.5,-5.0,-100.0,10.0,0.5,1.0,1.0,13.5,2024-09-27 15:08:00+00:00,2024-09-27 15:08:00+00:00,2024-09-27 15:09:00+00:00,2024-09-27 15:09:00+00:00,exhaustion_reversal_long_midday_8346db7cf1cc,1,market,0.0,1,1,4,32,44995.0
616313,616314,616314,616314,closed,stop,21439.25,21435.25,21439.5,21435.0,21435.25,21471.25,-4.0,-4.5,-5.0,-100.0,10.0,0.5,1.0,1.0,10.0,2024-09-27 15:53:00+00:00,2024-09-27 15:53:00+00:00,2024-09-27 15:54:00+00:00,2024-09-27 15:54:00+00:00,exhaustion_reversal_long_midday_8346db7cf1cc,1,market,0.0,1,1,4,32,44895.0
616317,616318,616318,616318,closed,stop,21445.0,21441.0,21445.25,21440.75,21441.0,21477.0,-4.0,-4.5,-5.0,-100.0,10.0,0.5,1.0,1.0,7.75,2024-09-27 15:57:00+00:00,2024-09-27 15:57:00+00:00,2024-09-27 15:58:00+00:00,2024-09-27 15:58:00+00:00,exhaustion_reversal_long_midday_8346db7cf1cc,1,market,0.0,1,1,4,32,44795.0
617746,617747,617747,617747,closed,stop,21411.5,21407.5,21411.75,21407.25,21407.5,21443.5,-4.0,-4.5,-5.0,-100.0,10.0,0.5,1.0,1.0,10.25,2024-09-30 17:01:00+00:00,2024-09-30 17:01:00+00:00,2024-09-30 17:02:00+00:00,2024-09-30 17:02:00+00:00,exhaustion_reversal_long_midday_8346db7cf1cc,1,market,0.0,1,1,4,32,44695.0
617748,617749,617749,617749,closed,timeout,21405.0,21402.5,21405.25,21402.25,21401.0,21437.0,-2.5,-3.0,-3.5,-70.0,10.0,0.5,1.0,1.0,3.75,2024-09-30 17:03:00+00:00,2024-09-30 17:03:00+00:00,2024-09-30 17:04:00+00:00,2024-09-30 17:04:00+00:00,exhaustion_reversal_long_midday_8346db7cf1cc,1,market,0.0,1,1,4,32,44625.0
617756,617757,617757,617757,closed,stop,21394.25,21390.25,21394.5,21390.0,21390.25,21426.25,-4.0,-4.5,-5.0,-100.0,10.0,0.5,1.0,1.0,27.5,2024-09-30 17:11:00+00:00,2024-09-30 17:11:00+00:00,2024-09-30 17:12:00+00:00,2024-09-30 17:12:00+00:00,exhaustion_reversal_long_midday_8346db7cf1cc,1,market,0.0,1,1,4,32,44525.0
619098,619099,619099,619099,closed,timeout,21073.25,21071.0,21073.5,21070.75,21069.25,21105.25,-2.25,-2.75,-3.25,-65.0,10.0,0.5,1.0,1.0,4.0,2024-10-01 16:48:00+00:00,2024-10-01 16:48:00+00:00,2024-10-01 16:49:00+00:00,2024-10-01 16:49:00+00:00,exhaustion_reversal_long_midday_8346db7cf1cc,1,market,0.0,1,1,4,32,44460.0
620452,620453,620453,620453,closed,timeout,21249.5,21250.25,21249.75,21250.0,21245.5,21281.5,0.75,0.25,-0.25,-5.0,10.0,0.5,1.0,1.0,1.0,2024-10-02 16:37:00+00:00,2024-10-02 16:37:00+00:00,2024-10-02 16:38:00+00:00,2024-10-02 16:38:00+00:00,exhaustion_reversal_long_midday_8346db7cf1cc,1,market,0.0,1,1,4,32,44455.0
621825,621826,621826,621826,closed,stop,21171.25,21167.25,21171.5,21167.0,21167.25,21203.25,-4.0,-4.5,-5.0,-100.0,10.0,0.5,1.0,1.0,14.5,2024-10-03 16:45:00+00:00,2024-10-03 16:45:00+00:00,2024-10-03 16:46:00+00:00,2024-10-03 16:46:00+00:00,exhaustion_reversal_long_midday_8346db7cf1cc,1,market,0.0,1,1,4,32,44355.0
621829,621830,621830,621830,closed,stop,21151.25,21147.25,21151.5,21147.0,21147.25,21183.25,-4.0,-4.5,-5.0,-100.0,10.0,0.5,1.0,1.0,27.75,2024-10-03 16:49:00+00:00,2024-10-03 16:49:00+00:00,2024-10-03 16:50:00+00:00,2024-10-03 16:50:00+00:00,exhaustion_reversal_long_midday_8346db7cf1cc,1,market,0.0,1,1,4,32,44255.0
621847,621848,621848,621848,closed,timeout,21097.75,21116.0,21098.0,21115.75,21093.75,21129.75,18.25,17.75,17.25,345.0,10.0,0.5,1.0,1.0,2.25,2024-10-03 17:07:00+00:00,2024-10-03 17:07:00+00:00,2024-10-03 17:08:00+00:00,2024-10-03 17:08:00+00:00,exhaustion_reversal_long_midday_8346db7cf1cc,1,market,0.0,1,1,4,32,44600.0
623161,623162,623162,623162,closed,stop,21301.75,21297.75,21302.0,21297.5,21297.75,21333.75,-4.0,-4.5,-5.0,-100.0,10.0,0.5,1.0,1.0,6.0,2024-10-04 16:16:00+00:00,2024-10-04 16:16:00+00:00,2024-10-04 16:17:00+00:00,2024-10-04 16:17:00+00:00,exhaustion_reversal_long_midday_8346db7cf1cc,1,market,0.0,1,1,4,32,44500.0
624459,624460,624460,624460,closed,stop,21334.75,21330.75,21335.0,21330.5,21330.75,21366.75,-4.0,-4.5,-5.0,-100.0,10.0,0.5,1.0,1.0,5.75,2024-10-07 15:09:00+00:00,2024-10-07 15:09:00+00:00,2024-10-07 15:10:00+00:00,2024-10-07 15:10:00+00:00,exhaustion_reversal_long_midday_8346db7cf1cc,1,market,0.0,1,1,4,32,44400.0
624597,624598,624598,624598,closed,timeout,21337.5,21341.0,21337.75,21340.75,21333.5,21369.5,3.5,3.0,2.5,50.0,10.0,0.5,1.0,1.0,3.0,2024-10-07 17:27:00+00:00,2024-10-07 17:27:00+00:00,2024-10-07 17:28:00+00:00,2024-10-07 17:28:00+00:00,exhaustion_reversal_long_midday_8346db7cf1cc,1,market,0.0,1,1,4,32,44450.0
625828,625829,625829,625829,closed,stop,21429.5,21425.5,21429.75,21425.25,21425.5,21461.5,-4.0,-4.5,-5.0,-100.0,10.0,0.5,1.0,1.0,5.75,2024-10-08 15:13:00+00:00,2024-10-08 15:13:00+00:00,2024-10-08 15:14:00+00:00,2024-10-08 15:14:00+00:00,exhaustion_reversal_long_midday_8346db7cf1cc,1,market,0.0,1,1,4,32,44350.0
627250,627251,627251,627251,closed,timeout,21618.0,21616.0,21618.25,21615.75,21614.0,21650.0,-2.0,-2.5,-3.0,-60.0,10.0,0.5,1.0,1.0,3.0,2024-10-09 16:10:00+00:00,2024-10-09 16:10:00+00:00,2024-10-09 16:11:00+00:00,2024-10-09 16:11:00+00:00,exhaustion_reversal_long_midday_8346db7cf1cc,1,market,0.0,1,1,4,32,44290.0
627356,627357,627357,627357,closed,timeout,21590.75,21591.25,21591.0,21591.0,21586.75,21622.75,0.5,0.0,-0.5,-10.0,10.0,0.5,1.0,1.0,1.75,2024-10-09 17:56:00+00:00,2024-10-09 17:56:00+00:00,2024-10-09 17:57:00+00:00,2024-10-09 17:57:00+00:00,exhaustion_reversal_long_midday_8346db7cf1cc,1,market,0.0,1,1,4,32,44280.0
628635,628636,628636,628636,closed,stop,21667.5,21663.5,21667.75,21663.25,21663.5,21699.5,-4.0,-4.5,-5.0,-100.0,10.0,0.5,1.0,1.0,27.75,2024-10-10 16:30:00+00:00,2024-10-10 16:30:00+00:00,2024-10-10 16:31:00+00:00,2024-10-10 16:31:00+00:00,exhaustion_reversal_long_midday_8346db7cf1cc,1,market,0.0,1,1,4,32,44180.0
628654,628655,628655,628655,closed,stop,21632.5,21628.5,21632.75,21628.25,21628.5,21664.5,-4.0,-4.5,-5.0,-100.0,10.0,0.5,1.0,1.0,5.25,2024-10-10 16:49:00+00:00,2024-10-10 16:49:00+00:00,2024-10-10 16:50:00+00:00,2024-10-10 16:50:00+00:00,exhaustion_reversal_long_midday_8346db7cf1cc,1,market,0.0,1,1,4,32,44080.0
629999,630000,630000,630000,closed,timeout,21630.0,21638.75,21630.25,21638.5,21626.0,21662.0,8.75,8.25,7.75,155.0,10.0,0.5,1.0,1.0,1.25,2024-10-11 16:29:00+00:00,2024-10-11 16:29:00+00:00,2024-10-11 16:30:00+00:00,2024-10-11 16:30:00+00:00,exhaustion_reversal_long_midday_8346db7cf1cc,1,market,0.0,1,1,4,32,44235.0
631278,631279,631279,631279,closed,stop,21744.25,21740.25,21744.5,21740.0,21740.25,21776.25,-4.0,-4.5,-5.0,-100.0,10.0,0.5,1.0,1.0,16.0,2024-10-14 15:03:00+00:00,2024-10-14 15:03:00+00:00,2024-10-14 15:04:00+00:00,2024-10-14 15:04:00+00:00,exhaustion_reversal_long_midday_8346db7cf1cc,1,market,0.0,1,1,4,32,44135.0
632750,632751,632751,632751,closed,stop,21583.5,21579.5,21583.75,21579.25,21579.5,21615.5,-4.0,-4.5,-5.0,-100.0,10.0,0.5,1.0,1.0,11.75,2024-10-15 16:50:00+00:00,2024-10-15 16:50:00+00:00,2024-10-15 16:51:00+00:00,2024-10-15 16:51:00+00:00,exhaustion_reversal_long_midday_8346db7cf1cc,1,market,0.0,1,1,4,32,44035.0
634058,634059,634059,634059,closed,stop,21478.75,21474.75,21479.0,21474.5,21474.75,21510.75,-4.0,-4.5,-5.0,-100.0,10.0,0.5,1.0,1.0,5.75,2024-10-16 15:53:00+00:00,2024-10-16 15:53:00+00:00,2024-10-16 15:54:00+00:00,2024-10-16 15:54:00+00:00,exhaustion_reversal_long_midday_8346db7cf1cc,1,market,0.0,1,1,4,32,43935.0
636778,636779,636779,636779,closed,stop,21684.75,21680.75,21685.0,21680.5,21680.75,21716.75,-4.0,-4.5,-5.0,-100.0,10.0,0.5,1.0,1.0,7.0,2024-10-18 15:44:00+00:00,2024-10-18 15:44:00+00:00,2024-10-18 15:45:00+00:00,2024-10-18 15:45:00+00:00,exhaustion_reversal_long_midday_8346db7cf1cc,1,market,0.0,1,1,4,32,43835.0
639550,639551,639551,639551,closed,stop,21638.75,21634.75,21639.0,21634.5,21634.75,21670.75,-4.0,-4.5,-5.0,-100.0,10.0,0.5,1.0,1.0,5.0,2024-10-22 16:27:00+00:00,2024-10-22 16:27:00+00:00,2024-10-22 16:28:00+00:00,2024-10-22 16:28:00+00:00,exhaustion_reversal_long_midday_8346db7cf1cc,1,market,0.0,1,1,4,32,43735.0
639551,639552,639552,639552,closed,stop,21645.0,21641.0,21645.25,21640.75,21641.0,21677.0,-4.0,-4.5,-5.0,-100.0,10.0,0.5,1.0,1.0,13.5,2024-10-22 16:28:00+00:00,2024-10-22 16:28:00+00:00,2024-10-22 16:29:00+00:00,2024-10-22 16:29:00+00:00,exhaustion_reversal_long_midday_8346db7cf1cc,1,market,0.0,1,1,4,32,43635.0
639554,639555,639555,639555,closed,timeout,21639.25,21645.0,21639.5,21644.75,21635.25,21671.25,5.75,5.25,4.75,95.0,10.0,0.5,1.0,1.0,2.0,2024-10-22 16:31:00+00:00,2024-10-22 16:31:00+00:00,2024-10-22 16:32:00+00:00,2024-10-22 16:32:00+00:00,exhaustion_reversal_long_midday_8346db7cf1cc,1,market,0.0,1,1,4,32,43730.0
640830,640831,640831,640831,closed,timeout,21593.0,21594.25,21593.25,21594.0,21589.0,21625.0,1.25,0.75,0.25,5.0,10.0,0.5,1.0,1.0,3.25,2024-10-23 15:02:00+00:00,2024-10-23 15:02:00+00:00,2024-10-23 15:03:00+00:00,2024-10-23 15:03:00+00:00,exhaustion_reversal_long_midday_8346db7cf1cc,1,market,0.0,1,1,4,32,43735.0
640843,640844,640844,640844,closed,stop,21534.5,21530.5,21534.75,21530.25,21530.5,21566.5,-4.0,-4.5,-5.0,-100.0,10.0,0.5,1.0,1.0,7.25,2024-10-23 15:15:00+00:00,2024-10-23 15:15:00+00:00,2024-10-23 15:16:00+00:00,2024-10-23 15:16:00+00:00,exhaustion_reversal_long_midday_8346db7cf1cc,1,market,0.0,1,1,4,32,43635.0
640922,640923,640923,640923,closed,timeout,21449.5,21456.5,21449.75,21456.25,21445.5,21481.5,7.0,6.5,6.0,120.0,10.0,0.5,1.0,1.0,2.75,2024-10-23 16:34:00+00:00,2024-10-23 16:34:00+00:00,2024-10-23 16:35:00+00:00,2024-10-23 16:35:00+00:00,exhaustion_reversal_long_midday_8346db7cf1cc,1,market,0.0,1,1,4,32,43755.0
642246,642247,642247,642247,closed,timeout,21482.5,21489.75,21482.75,21489.5,21478.5,21514.5,7.25,6.75,6.25,125.0,10.0,0.5,1.0,1.0,3.75,2024-10-24 15:53:00+00:00,2024-10-24 15:53:00+00:00,2024-10-24 15:54:00+00:00,2024-10-24 15:54:00+00:00,exhaustion_reversal_long_midday_8346db7cf1cc,1,market,0.0,1,1,4,32,43880.0
643693,643694,643694,643694,closed,stop,21815.75,21811.75,21816.0,21811.5,21811.75,21847.75,-4.0,-4.5,-5.0,-100.0,10.0,0.5,1.0,1.0,10.0,2024-10-25 17:15:00+00:00,2024-10-25 17:15:00+00:00,2024-10-25 17:16:00+00:00,2024-10-25 17:16:00+00:00,exhaustion_reversal_long_midday_8346db7cf1cc,1,market,0.0,1,1,4,32,43780.0
643701,643702,643702,643702,closed,timeout,21769.25,21779.5,21769.5,21779.25,21765.25,21801.25,10.25,9.75,9.25,185.0,10.0,0.5,1.0,1.0,2.5,2024-10-25 17:23:00+00:00,2024-10-25 17:23:00+00:00,2024-10-25 17:24:00+00:00,2024-10-25 17:24:00+00:00,exhaustion_reversal_long_midday_8346db7cf1cc,1,market,0.0,1,1,4,32,43965.0
643703,643704,643704,643704,closed,stop,21783.5,21779.5,21783.75,21779.25,21779.5,21815.5,-4.0,-4.5,-5.0,-100.0,10.0,0.5,1.0,1.0,9.0,2024-10-25 17:25:00+00:00,2024-10-25 17:25:00+00:00,2024-10-25 17:26:00+00:00,2024-10-25 17:26:00+00:00,exhaustion_reversal_long_midday_8346db7cf1cc,1,market,0.0,1,1,4,32,43865.0
646386,646387,646387,646387,closed,timeout,21797.0,21808.75,21797.25,21808.5,21793.0,21829.0,11.75,11.25,10.75,215.0,10.0,0.5,1.0,1.0,0.75,2024-10-29 16:38:00+00:00,2024-10-29 16:38:00+00:00,2024-10-29 16:39:00+00:00,2024-10-29 16:39:00+00:00,exhaustion_reversal_long_midday_8346db7cf1cc,1,market,0.0,1,1,4,32,44080.0
646454,646455,646455,646455,closed,timeout,21859.75,21863.75,21860.0,21863.5,21855.75,21891.75,4.0,3.5,3.0,60.0,10.0,0.5,1.0,1.0,3.25,2024-10-29 17:46:00+00:00,2024-10-29 17:46:00+00:00,2024-10-29 17:47:00+00:00,2024-10-29 17:47:00+00:00,exhaustion_reversal_long_midday_8346db7cf1cc,1,market,0.0,1,1,4,32,44140.0
647775,647776,647776,647776,closed,timeout,21842.75,21849.0,21843.0,21848.75,21838.75,21874.75,6.25,5.75,5.25,105.0,10.0,0.5,1.0,1.0,0.75,2024-10-30 17:02:00+00:00,2024-10-30 17:02:00+00:00,2024-10-30 17:03:00+00:00,2024-10-30 17:03:00+00:00,exhaustion_reversal_long_midday_8346db7cf1cc,1,market,0.0,1,1,4,32,44245.0
651784,651785,651785,651785,closed,stop,21348.75,21344.75,21349.0,21344.5,21344.75,21380.75,-4.0,-4.5,-5.0,-100.0,10.0,0.5,1.0,1.0,12.25,2024-11-04 16:36:00+00:00,2024-11-04 16:36:00+00:00,2024-11-04 16:37:00+00:00,2024-11-04 16:37:00+00:00,exhaustion_reversal_long_midday_8346db7cf1cc,1,market,0.0,1,1,4,32,44145.0
651877,651878,651878,651878,closed,timeout,21289.0,21295.75,21289.25,21295.5,21285.0,21321.0,6.75,6.25,5.75,115.0,10.0,0.5,1.0,1.0,3.25,2024-11-04 18:09:00+00:00,2024-11-04 18:09:00+00:00,2024-11-04 18:10:00+00:00,2024-11-04 18:10:00+00:00,exhaustion_reversal_long_midday_8346db7cf1cc,1,market,0.0,1,1,4,32,44260.0
653272,653273,653273,653273,closed,timeout,21495.0,21503.0,21495.25,21502.75,21491.0,21527.0,8.0,7.5,7.0,140.0,10.0,0.5,1.0,1.0,1.25,2024-11-05 18:39:00+00:00,2024-11-05 18:39:00+00:00,2024-11-05 18:40:00+00:00,2024-11-05 18:40:00+00:00,exhaustion_reversal_long_midday_8346db7cf1cc,1,market,0.0,1,1,4,32,44400.0
655977,655978,655978,655978,closed,stop,22374.5,22370.5,22374.75,22370.25,22370.5,22406.5,-4.0,-4.5,-5.0,-100.0,10.0,0.5,1.0,1.0,6.0,2024-11-07 18:14:00+00:00,2024-11-07 18:14:00+00:00,2024-11-07 18:15:00+00:00,2024-11-07 18:15:00+00:00,exhaustion_reversal_long_midday_8346db7cf1cc,1,market,0.0,1,1,4,32,44300.0
657382,657383,657383,657383,closed,stop,22441.0,22437.0,22441.25,22436.75,22437.0,22473.0,-4.0,-4.5,-5.0,-100.0,10.0,0.5,1.0,1.0,7.5,2024-11-08 18:54:00+00:00,2024-11-08 18:54:00+00:00,2024-11-08 18:55:00+00:00,2024-11-08 18:55:00+00:00,exhaustion_reversal_long_midday_8346db7cf1cc,1,market,0.0,1,1,4,32,44200.0
661345,661346,661346,661346,closed,stop,22323.75,22319.75,22324.0,22319.5,22319.75,22355.75,-4.0,-4.5,-5.0,-100.0,10.0,0.5,1.0,1.0,22.5,2024-11-13 16:42:00+00:00,2024-11-13 16:42:00+00:00,2024-11-13 16:43:00+00:00,2024-11-13 16:43:00+00:00,exhaustion_reversal_long_midday_8346db7cf1cc,1,market,0.0,1,1,4,32,44100.0
662749,662750,662750,662750,closed,stop,22275.5,22271.5,22275.75,22271.25,22271.5,22307.5,-4.0,-4.5,-5.0,-100.0,10.0,0.5,1.0,1.0,19.0,2024-11-14 17:21:00+00:00,2024-11-14 17:21:00+00:00,2024-11-14 17:22:00+00:00,2024-11-14 17:22:00+00:00,exhaustion_reversal_long_midday_8346db7cf1cc,1,market,0.0,1,1,4,32,44000.0
664078,664079,664079,664079,closed,stop,21733.75,21729.75,21734.0,21729.5,21729.75,21765.75,-4.0,-4.5,-5.0,-100.0,10.0,0.5,1.0,1.0,9.75,2024-11-15 16:45:00+00:00,2024-11-15 16:45:00+00:00,2024-11-15 16:46:00+00:00,2024-11-15 16:46:00+00:00,exhaustion_reversal_long_midday_8346db7cf1cc,1,market,0.0,1,1,4,32,43900.0
664093,664094,664094,664094,closed,timeout,21693.75,21701.25,21694.0,21701.0,21689.75,21725.75,7.5,7.0,6.5,130.0,10.0,0.5,1.0,1.0,3.75,2024-11-15 17:00:00+00:00,2024-11-15 17:00:00+00:00,2024-11-15 17:01:00+00:00,2024-11-15 17:01:00+00:00,exhaustion_reversal_long_midday_8346db7cf1cc,1,market,0.0,1,1,4,32,44030.0
664150,664151,664151,664151,closed,stop,21663.25,21659.25,21663.5,21659.0,21659.25,21695.25,-4.0,-4.5,-5.0,-100.0,10.0,0.5,1.0,1.0,5.5,2024-11-15 17:57:00+00:00,2024-11-15 17:57:00+00:00,2024-11-15 17:58:00+00:00,2024-11-15 17:58:00+00:00,exhaustion_reversal_long_midday_8346db7cf1cc,1,market,0.0,1,1,4,32,43930.0
665568,665569,665569,665569,closed,timeout,21808.0,21817.25,21808.25,21817.0,21804.0,21840.0,9.25,8.75,8.25,165.0,10.0,0.5,1.0,1.0,2.0,2024-11-18 18:50:00+00:00,2024-11-18 18:50:00+00:00,2024-11-18 18:51:00+00:00,2024-11-18 18:51:00+00:00,exhaustion_reversal_long_midday_8346db7cf1cc,1,market,0.0,1,1,4,32,44095.0
668141,668142,668142,668142,closed,stop,21792.25,21788.25,21792.5,21788.0,21788.25,21824.25,-4.0,-4.5,-5.0,-100.0,10.0,0.5,1.0,1.0,8.0,2024-11-20 16:13:00+00:00,2024-11-20 16:13:00+00:00,2024-11-20 16:14:00+00:00,2024-11-20 16:14:00+00:00,exhaustion_reversal_long_midday_8346db7cf1cc,1,market,0.0,1,1,4,32,43995.0
668199,668200,668200,668200,closed,stop,21858.0,21854.0,21858.25,21853.75,21854.0,21890.0,-4.0,-4.5,-5.0,-100.0,10.0,0.5,1.0,1.0,9.25,2024-11-20 17:11:00+00:00,2024-11-20 17:11:00+00:00,2024-11-20 17:12:00+00:00,2024-11-20 17:12:00+00:00,exhaustion_reversal_long_midday_8346db7cf1cc,1,market,0.0,1,1,4,32,43895.0
668289,668290,668290,668290,closed,stop,21790.0,21786.0,21790.25,21785.75,21786.0,21822.0,-4.0,-4.5,-5.0,-100.0,10.0,0.5,1.0,1.0,11.0,2024-11-20 18:41:00+00:00,2024-11-20 18:41:00+00:00,2024-11-20 18:42:00+00:00,2024-11-20 18:42:00+00:00,exhaustion_reversal_long_midday_8346db7cf1cc,1,market,0.0,1,1,4,32,43795.0
670875,670876,670876,670876,closed,stop,21996.5,21992.5,21996.75,21992.25,21992.5,22028.5,-4.0,-4.5,-5.0,-100.0,10.0,0.5,1.0,1.0,8.25,2024-11-22 16:17:00+00:00,2024-11-22 16:17:00+00:00,2024-11-22 16:18:00+00:00,2024-11-22 16:18:00+00:00,exhaustion_reversal_long_midday_8346db7cf1cc,1,market,0.0,1,1,4,32,43695.0
672286,672287,672287,672287,closed,timeout,22086.5,22094.25,22086.75,22094.0,22082.5,22118.5,7.75,7.25,6.75,135.0,10.0,0.5,1.0,1.0,1.25,2024-11-25 17:04:00+00:00,2024-11-25 17:04:00+00:00,2024-11-25 17:05:00+00:00,2024-11-25 17:05:00+00:00,exhaustion_reversal_long_midday_8346db7cf1cc,1,market,0.0,1,1,4,32,43830.0
675004,675005,675005,675005,closed,timeout,21904.25,21909.5,21904.5,21909.25,21900.25,21936.25,5.25,4.75,4.25,85.0,10.0,0.5,1.0,1.0,0.5,2024-11-27 16:52:00+00:00,2024-11-27 16:52:00+00:00,2024-11-27 16:53:00+00:00,2024-11-27 16:53:00+00:00,exhaustion_reversal_long_midday_8346db7cf1cc,1,market,0.0,1,1,4,32,43915.0
676426,676427,676427,676427,closed,timeout,22086.75,22088.75,22087.0,22088.5,22082.75,22118.75,2.0,1.5,1.0,20.0,10.0,0.5,1.0,1.0,0.75,2024-11-28 17:49:00+00:00,2024-11-28 17:49:00+00:00,2024-11-28 17:50:00+00:00,2024-11-28 17:50:00+00:00,exhaustion_reversal_long_midday_8346db7cf1cc,1,market,0.0,1,1,4,32,43935.0
678597,678598,678598,678598,closed,timeout,22354.25,22364.75,22354.5,22364.5,22350.25,22386.25,10.5,10.0,9.5,190.0,10.0,0.5,1.0,1.0,0.75,2024-12-02 16:00:00+00:00,2024-12-02 16:00:00+00:00,2024-12-02 16:01:00+00:00,2024-12-02 16:01:00+00:00,exhaustion_reversal_long_midday_8346db7cf1cc,1,market,0.0,1,1,4,32,44125.0
678721,678722,678722,678722,closed,timeout,22423.25,22422.5,22423.5,22422.25,22419.25,22455.25,-0.75,-1.25,-1.75,-35.0,10.0,0.5,1.0,1.0,1.75,2024-12-02 18:04:00+00:00,2024-12-02 18:04:00+00:00,2024-12-02 18:05:00+00:00,2024-12-02 18:05:00+00:00,exhaustion_reversal_long_midday_8346db7cf1cc,1,market,0.0,1,1,4,32,44090.0
681344,681345,681345,681345,closed,timeout,22673.5,22673.0,22673.75,22672.75,22669.5,22705.5,-0.5,-1.0,-1.5,-30.0,10.0,0.5,1.0,1.0,3.75,2024-12-04 16:18:00+00:00,2024-12-04 16:18:00+00:00,2024-12-04 16:19:00+00:00,2024-12-04 16:19:00+00:00,exhaustion_reversal_long_midday_8346db7cf1cc,1,market,0.0,1,1,4,32,44060.0
681480,681481,681481,681481,closed,timeout,22655.0,22653.5,22655.25,22653.25,22651.0,22687.0,-1.5,-2.0,-2.5,-50.0,10.0,0.5,1.0,1.0,3.75,2024-12-04 18:34:00+00:00,2024-12-04 18:34:00+00:00,2024-12-04 18:35:00+00:00,2024-12-04 18:35:00+00:00,exhaustion_reversal_long_midday_8346db7cf1cc,1,market,0.0,1,1,4,32,44010.0
685432,685433,685433,685433,closed,stop,22652.5,22648.5,22652.75,22648.25,22648.5,22684.5,-4.0,-4.5,-5.0,-100.0,10.0,0.5,1.0,1.0,18.75,2024-12-09 16:11:00+00:00,2024-12-09 16:11:00+00:00,2024-12-09 16:12:00+00:00,2024-12-09 16:12:00+00:00,exhaustion_reversal_long_midday_8346db7cf1cc,1,market,0.0,1,1,4,32,43910.0
685466,685467,685467,685467,closed,timeout,22686.5,22701.5,22686.75,22701.25,22682.5,22718.5,15.0,14.5,14.0,280.0,10.0,0.5,1.0,1.0,0.75,2024-12-09 16:45:00+00:00,2024-12-09 16:45:00+00:00,2024-12-09 16:46:00+00:00,2024-12-09 16:46:00+00:00,exhaustion_reversal_long_midday_8346db7cf1cc,1,market,0.0,1,1,4,32,44190.0
685543,685544,685544,685544,closed,timeout,22684.0,22686.25,22684.25,22686.0,22680.0,22716.0,2.25,1.75,1.25,25.0,10.0,0.5,1.0,1.0,2.25,2024-12-09 18:02:00+00:00,2024-12-09 18:02:00+00:00,2024-12-09 18:03:00+00:00,2024-12-09 18:03:00+00:00,exhaustion_reversal_long_midday_8346db7cf1cc,1,market,0.0,1,1,4,32,44215.0
685599,685600,685600,685600,closed,timeout,22727.25,22727.25,22727.5,22727.0,22723.25,22759.25,0.0,-0.5,-1.0,-20.0,10.0,0.5,1.0,1.0,3.5,2024-12-09 18:58:00+00:00,2024-12-09 18:58:00+00:00,2024-12-09 18:59:00+00:00,2024-12-09 18:59:00+00:00,exhaustion_reversal_long_midday_8346db7cf1cc,1,market,0.0,1,1,4,32,44195.0
686817,686818,686818,686818,closed,stop,22676.0,22672.0,22676.25,22671.75,22672.0,22708.0,-4.0,-4.5,-5.0,-100.0,10.0,0.5,1.0,1.0,10.25,2024-12-10 16:31:00+00:00,2024-12-10 16:31:00+00:00,2024-12-10 16:32:00+00:00,2024-12-10 16:32:00+00:00,exhaustion_reversal_long_midday_8346db7cf1cc,1,market,0.0,1,1,4,32,44095.0
686821,686822,686822,686822,closed,stop,22665.25,22661.25,22665.5,22661.0,22661.25,22697.25,-4.0,-4.5,-5.0,-100.0,10.0,0.5,1.0,1.0,7.25,2024-12-10 16:35:00+00:00,2024-12-10 16:35:00+00:00,2024-12-10 16:36:00+00:00,2024-12-10 16:36:00+00:00,exhaustion_reversal_long_midday_8346db7cf1cc,1,market,0.0,1,1,4,32,43995.0
688328,688329,688329,688329,closed,timeout,22989.25,22990.5,22989.5,22990.25,22985.25,23021.25,1.25,0.75,0.25,5.0,10.0,0.5,1.0,1.0,2.0,2024-12-11 18:57:00+00:00,2024-12-11 18:57:00+00:00,2024-12-11 18:58:00+00:00,2024-12-11 18:58:00+00:00,exhaustion_reversal_long_midday_8346db7cf1cc,1,market,0.0,1,1,4,32,44000.0
689601,689602,689602,689602,closed,timeout,22905.5,22904.5,22905.75,22904.25,22901.5,22937.5,-1.0,-1.5,-2.0,-40.0,10.0,0.5,1.0,1.0,2.75,2024-12-12 17:26:00+00:00,2024-12-12 17:26:00+00:00,2024-12-12 17:27:00+00:00,2024-12-12 17:27:00+00:00,exhaustion_reversal_long_midday_8346db7cf1cc,1,market,0.0,1,1,4,32,43960.0
690969,690970,690970,690970,closed,timeout,22893.75,22894.0,22894.0,22893.75,22889.75,22925.75,0.25,-0.25,-0.75,-15.0,10.0,0.5,1.0,1.0,3.75,2024-12-13 17:29:00+00:00,2024-12-13 17:29:00+00:00,2024-12-13 17:30:00+00:00,2024-12-13 17:30:00+00:00,exhaustion_reversal_long_midday_8346db7cf1cc,1,market,0.0,1,1,4,32,43945.0
693663,693664,693664,693664,closed,stop,23253.0,23249.0,23253.25,23248.75,23249.0,23285.0,-4.0,-4.5,-5.0,-100.0,10.0,0.5,1.0,1.0,20.0,2024-12-17 17:00:00+00:00,2024-12-17 17:00:00+00:00,2024-12-17 17:01:00+00:00,2024-12-17 17:01:00+00:00,exhaustion_reversal_long_midday_8346db7cf1cc,1,market,0.0,1,1,4,32,43845.0
694993,694994,694994,694994,closed,timeout,23179.25,23190.0,23179.5,23189.75,23175.25,23211.25,10.75,10.25,9.75,195.0,10.0,0.5,1.0,1.0,1.75,2024-12-18 16:25:00+00:00,2024-12-18 16:25:00+00:00,2024-12-18 16:26:00+00:00,2024-12-18 16:26:00+00:00,exhaustion_reversal_long_midday_8346db7cf1cc,1,market,0.0,1,1,4,32,44040.0
695062,695063,695063,695063,closed,timeout,23203.75,23208.75,23204.0,23208.5,23199.75,23235.75,5.0,4.5,4.0,80.0,10.0,0.5,1.0,1.0,0.25,2024-12-18 17:34:00+00:00,2024-12-18 17:34:00+00:00,2024-12-18 17:35:00+00:00,2024-12-18 17:35:00+00:00,exhaustion_reversal_long_midday_8346db7cf1cc,1,market,0.0,1,1,4,32,44120.0
697824,697825,697825,697825,closed,stop,22667.75,22663.75,22668.0,22663.5,22663.75,22699.75,-4.0,-4.5,-5.0,-100.0,10.0,0.5,1.0,1.0,12.75,2024-12-20 18:06:00+00:00,2024-12-20 18:06:00+00:00,2024-12-20 18:07:00+00:00,2024-12-20 18:07:00+00:00,exhaustion_reversal_long_midday_8346db7cf1cc,1,market,0.0,1,1,4,32,44020.0
699135,699136,699136,699136,closed,timeout,22597.5,22605.0,22597.75,22604.75,22593.5,22629.5,7.5,7.0,6.5,130.0,10.0,0.5,1.0,1.0,2.0,2024-12-23 17:12:00+00:00,2024-12-23 17:12:00+00:00,2024-12-23 17:13:00+00:00,2024-12-23 17:13:00+00:00,exhaustion_reversal_long_midday_8346db7cf1cc,1,market,0.0,1,1,4,32,44150.0
700483,700484,700484,700484,closed,timeout,22880.25,22897.0,22880.5,22896.75,22876.25,22912.25,16.75,16.25,15.75,315.0,10.0,0.5,1.0,1.0,1.0,2024-12-24 16:55:00+00:00,2024-12-24 16:55:00+00:00,2024-12-24 16:56:00+00:00,2024-12-24 16:56:00+00:00,exhaustion_reversal_long_midday_8346db7cf1cc,1,market,0.0,1,1,4,32,44465.0
700525,700526,700526,700526,closed,stop,22873.5,22869.5,22873.75,22869.25,22869.5,22905.5,-4.0,-4.5,-5.0,-100.0,10.0,0.5,1.0,1.0,4.75,2024-12-24 17:37:00+00:00,2024-12-24 17:37:00+00:00,2024-12-24 17:38:00+00:00,2024-12-24 17:38:00+00:00,exhaustion_reversal_long_midday_8346db7cf1cc,1,market,0.0,1,1,4,32,44365.0
702979,702980,702980,702980,closed,stop,22509.0,22505.0,22509.25,22504.75,22505.0,22541.0,-4.0,-4.5,-5.0,-100.0,10.0,0.5,1.0,1.0,6.25,2024-12-27 16:47:00+00:00,2024-12-27 16:47:00+00:00,2024-12-27 16:48:00+00:00,2024-12-27 16:48:00+00:00,exhaustion_reversal_long_midday_8346db7cf1cc,1,market,0.0,1,1,4,32,44265.0
704445,704446,704446,704446,closed,timeout,22421.25,22440.25,22421.5,22440.0,22417.25,22453.25,19.0,18.5,18.0,360.0,10.0,0.5,1.0,1.0,0.25,2024-12-30 18:28:00+00:00,2024-12-30 18:28:00+00:00,2024-12-30 18:29:00+00:00,2024-12-30 18:29:00+00:00,exhaustion_reversal_long_midday_8346db7cf1cc,1,market,0.0,1,1,4,32,44625.0
705670,705671,705671,705671,closed,stop,22247.5,22243.5,22247.75,22243.25,22243.5,22279.5,-4.0,-4.5,-5.0,-100.0,10.0,0.5,1.0,1.0,14.25,2024-12-31 16:08:00+00:00,2024-12-31 16:08:00+00:00,2024-12-31 16:09:00+00:00,2024-12-31 16:09:00+00:00,exhaustion_reversal_long_midday_8346db7cf1cc,1,market,0.0,1,1,4,32,44525.0
