detection_index,entry_index,exit_index,termination_index,status,reason,reference_entry,exit_reference_price,entry_price,exit_price,stop_price,target_price,gross_points,fill_pnl_points,net_points,net_dollars,fees_dollars,slippage_points,holding_bars,holding_minutes,mae_points,detection_timestamp,entry_timestamp,exit_timestamp,expiry_timestamp,pattern_id,direction,entry_kind,entry_offset_points,horizon,pending_bars,stop_points,target_points,balance_after_dollars
355846,355847,355847,355847,closed,target,18692.0,18688.0,18691.75,18688.25,18712.0,18688.0,4.0,3.5,3.0,60.0,10.0,0.5,1.0,1.0,0.75,2024-01-02 16:13:00+00:00,2024-01-02 16:13:00+00:00,2024-01-02 16:14:00+00:00,2024-01-02 16:18:00+00:00,exhaustion_reversal_short_midday_124e344457cb,-1,market,0.0,5,1,20,4,50060.0
357204,357205,357206,357206,closed,target,18545.75,18541.75,18545.5,18542.0,18565.75,18541.75,4.0,3.5,3.0,60.0,10.0,0.5,2.0,2.0,6.25,2024-01-03 16:06:00+00:00,2024-01-03 16:06:00+00:00,2024-01-03 16:08:00+00:00,2024-01-03 16:11:00+00:00,exhaustion_reversal_short_midday_124e344457cb,-1,market,0.0,5,1,20,4,50120.0
357321,357322,357322,357322,closed,target,18547.25,18543.25,18547.0,18543.5,18567.25,18543.25,4.0,3.5,3.0,60.0,10.0,0.5,1.0,1.0,1.25,2024-01-03 18:03:00+00:00,2024-01-03 18:03:00+00:00,2024-01-03 18:04:00+00:00,2024-01-03 18:08:00+00:00,exhaustion_reversal_short_midday_124e344457cb,-1,market,0.0,5,1,20,4,50180.0
358581,358582,358583,358583,closed,target,18518.25,18514.25,18518.0,18514.5,18538.25,18514.25,4.0,3.5,3.0,60.0,10.0,0.5,2.0,2.0,4.25,2024-01-04 16:18:00+00:00,2024-01-04 16:18:00+00:00,2024-01-04 16:20:00+00:00,2024-01-04 16:23:00+00:00,exhaustion_reversal_short_midday_124e344457cb,-1,market,0.0,5,1,20,4,50240.0
358583,358584,358588,358588,closed,timeout,18514.0,18516.75,18513.75,18517.0,18534.0,18510.0,-2.75,-3.25,-3.75,-75.0,10.0,0.5,5.0,5.0,5.75,2024-01-04 16:20:00+00:00,2024-01-04 16:20:00+00:00,2024-01-04 16:25:00+00:00,2024-01-04 16:25:00+00:00,exhaustion_reversal_short_midday_124e344457cb,-1,market,0.0,5,1,20,4,50165.0
360084,360085,360088,360088,closed,stop,18424.25,18444.25,18424.0,18444.5,18444.25,18420.25,-20.0,-20.5,-21.0,-420.0,10.0,0.5,4.0,4.0,21.5,2024-01-05 18:36:00+00:00,2024-01-05 18:36:00+00:00,2024-01-05 18:40:00+00:00,2024-01-05 18:41:00+00:00,exhaustion_reversal_short_midday_124e344457cb,-1,market,0.0,5,1,20,4,49745.0
361355,361356,361360,361360,closed,timeout,18618.5,18633.5,18618.25,18633.75,18638.5,18614.5,-15.0,-15.5,-16.0,-320.0,10.0,0.5,5.0,5.0,18.75,2024-01-08 17:02:00+00:00,2024-01-08 17:02:00+00:00,2024-01-08 17:07:00+00:00,2024-01-08 17:07:00+00:00,exhaustion_reversal_short_midday_124e344457cb,-1,market,0.0,5,1,20,4,49425.0
361390,361391,361395,361395,closed,timeout,18638.25,18653.25,18638.0,18653.5,18658.25,18634.25,-15.0,-15.5,-16.0,-320.0,10.0,0.5,5.0,5.0,17.25,2024-01-08 17:37:00+00:00,2024-01-08 17:37:00+00:00,2024-01-08 17:42:00+00:00,2024-01-08 17:42:00+00:00,exhaustion_reversal_short_midday_124e344457cb,-1,market,0.0,5,1,20,4,49105.0
362665,362666,362666,362666,closed,target,18697.0,18693.0,18696.75,18693.25,18717.0,18693.0,4.0,3.5,3.0,60.0,10.0,0.5,1.0,1.0,1.0,2024-01-09 16:08:00+00:00,2024-01-09 16:08:00+00:00,2024-01-09 16:09:00+00:00,2024-01-09 16:13:00+00:00,exhaustion_reversal_short_midday_124e344457cb,-1,market,0.0,5,1,20,4,49165.0
364069,364070,364071,364071,closed,target,18822.25,18818.25,18822.0,18818.5,18842.25,18818.25,4.0,3.5,3.0,60.0,10.0,0.5,2.0,2.0,1.5,2024-01-10 16:47:00+00:00,2024-01-10 16:47:00+00:00,2024-01-10 16:49:00+00:00,2024-01-10 16:52:00+00:00,exhaustion_reversal_short_midday_124e344457cb,-1,market,0.0,5,1,20,4,49225.0
364100,364101,364105,364105,closed,timeout,18829.5,18830.5,18829.25,18830.75,18849.5,18825.5,-1.0,-1.5,-2.0,-40.0,10.0,0.5,5.0,5.0,6.5,2024-01-10 17:18:00+00:00,2024-01-10 17:18:00+00:00,2024-01-10 17:23:00+00:00,2024-01-10 17:23:00+00:00,exhaustion_reversal_short_midday_124e344457cb,-1,market,0.0,5,1,20,4,49185.0
365464,365465,365465,365465,closed,target,18748.25,18744.25,18748.0,18744.5,18768.25,18744.25,4.0,3.5,3.0,60.0,10.0,0.5,1.0,1.0,3.5,2024-01-11 17:17:00+00:00,2024-01-11 17:17:00+00:00,2024-01-11 17:18:00+00:00,2024-01-11 17:22:00+00:00,exhaustion_reversal_short_midday_124e344457cb,-1,market,0.0,5,1,20,4,49245.0
365494,365495,365499,365499,closed,stop,18770.5,18790.5,18770.25,18790.75,18790.5,18766.5,-20.0,-20.5,-21.0,-420.0,10.0,0.5,5.0,5.0,28.5,2024-01-11 17:47:00+00:00,2024-01-11 17:47:00+00:00,2024-01-11 17:52:00+00:00,2024-01-11 17:52:00+00:00,exhaustion_reversal_short_midday_124e344457cb,-1,market,0.0,5,1,20,4,48825.0
365514,365515,365515,365515,closed,target,18810.0,18806.0,18809.75,18806.25,18830.0,18806.0,4.0,3.5,3.0,60.0,10.0,0.5,1.0,1.0,1.0,2024-01-11 18:07:00+00:00,2024-01-11 18:07:00+00:00,2024-01-11 18:08:00+00:00,2024-01-11 18:12:00+00:00,exhaustion_reversal_short_midday_124e344457cb,-1,market,0.0,5,1,20,4,48885.0
366765,366766,366770,366770,closed,stop,18915.0,18935.0,18914.75,18935.25,18935.0,18911.0,-20.0,-20.5,-21.0,-420.0,10.0,0.5,5.0,5.0,20.75,2024-01-12 16:13:00+00:00,2024-01-12 16:13:00+00:00,2024-01-12 16:18:00+00:00,2024-01-12 16:18:00+00:00,exhaustion_reversal_short_midday_124e344457cb,-1,market,0.0,5,1,20,4,48465.0
369396,369397,369398,369398,closed,target,18878.25,18874.25,18878.0,18874.5,18898.25,18874.25,4.0,3.5,3.0,60.0,10.0,0.5,2.0,2.0,3.5,2024-01-16 18:19:00+00:00,2024-01-16 18:19:00+00:00,2024-01-16 18:21:00+00:00,2024-01-16 18:24:00+00:00,exhaustion_reversal_short_midday_124e344457cb,-1,market,0.0,5,1,20,4,48525.0
370635,370636,370636,370636,closed,target,18747.75,18743.75,18747.5,18744.0,18767.75,18743.75,4.0,3.5,3.0,60.0,10.0,0.5,1.0,1.0,1.75,2024-01-17 16:13:00+00:00,2024-01-17 16:13:00+00:00,2024-01-17 16:14:00+00:00,2024-01-17 16:18:00+00:00,exhaustion_reversal_short_midday_124e344457cb,-1,market,0.0,5,1,20,4,48585.0
372009,372010,372010,372010,closed,target,19018.25,19014.25,19018.0,19014.5,19038.25,19014.25,4.0,3.5,3.0,60.0,10.0,0.5,1.0,1.0,1.75,2024-01-18 16:22:00+00:00,2024-01-18 16:22:00+00:00,2024-01-18 16:23:00+00:00,2024-01-18 16:27:00+00:00,exhaustion_reversal_short_midday_124e344457cb,-1,market,0.0,5,1,20,4,48645.0
372024,372025,372028,372028,closed,target,19037.25,19033.25,19037.0,19033.5,19057.25,19033.25,4.0,3.5,3.0,60.0,10.0,0.5,4.0,4.0,6.5,2024-01-18 16:37:00+00:00,2024-01-18 16:37:00+00:00,2024-01-18 16:41:00+00:00,2024-01-18 16:42:00+00:00,exhaustion_reversal_short_midday_124e344457cb,-1,market,0.0,5,1,20,4,48705.0
372143,372144,372146,372146,closed,stop,18919.75,18939.75,18919.5,18940.0,18939.75,18915.75,-20.0,-20.5,-21.0,-420.0,10.0,0.5,3.0,3.0,25.0,2024-01-18 18:36:00+00:00,2024-01-18 18:36:00+00:00,2024-01-18 18:39:00+00:00,2024-01-18 18:41:00+00:00,exhaustion_reversal_short_midday_124e344457cb,-1,market,0.0,5,1,20,4,48285.0
373362,373363,373364,373364,closed,stop,19186.75,19206.75,19186.5,19207.0,19206.75,19182.75,-20.0,-20.5,-21.0,-420.0,10.0,0.5,2.0,2.0,20.5,2024-01-19 16:10:00+00:00,2024-01-19 16:10:00+00:00,2024-01-19 16:12:00+00:00,2024-01-19 16:15:00+00:00,exhaustion_reversal_short_midday_124e344457cb,-1,market,0.0,5,1,20,4,47865.0
373367,373368,373372,373372,closed,timeout,19195.0,19203.75,19194.75,19204.0,19215.0,19191.0,-8.75,-9.25,-9.75,-195.0,10.0,0.5,5.0,5.0,17.5,2024-01-19 16:15:00+00:00,2024-01-19 16:15:00+00:00,2024-01-19 16:20:00+00:00,2024-01-19 16:20:00+00:00,exhaustion_reversal_short_midday_124e344457cb,-1,market,0.0,5,1,20,4,47670.0
373413,373414,373416,373416,closed,target,19204.0,19200.0,19203.75,19200.25,19224.0,19200.0,4.0,3.5,3.0,60.0,10.0,0.5,3.0,3.0,11.75,2024-01-19 17:01:00+00:00,2024-01-19 17:01:00+00:00,2024-01-19 17:04:00+00:00,2024-01-19 17:06:00+00:00,exhaustion_reversal_short_midday_124e344457cb,-1,market,0.0,5,1,20,4,47730.0
373443,373444,373444,373444,closed,stop,19227.25,19247.25,19227.0,19247.5,19247.25,19223.25,-20.0,-20.5,-21.0,-420.0,10.0,0.5,1.0,1.0,21.75,2024-01-19 17:31:00+00:00,2024-01-19 17:31:00+00:00,2024-01-19 17:32:00+00:00,2024-01-19 17:36:00+00:00,exhaustion_reversal_short_midday_124e344457cb,-1,market,0.0,5,1,20,4,47310.0
373445,373446,373446,373446,closed,target,19237.5,19233.5,19237.25,19233.75,19257.5,19233.5,4.0,3.5,3.0,60.0,10.0,0.5,1.0,1.0,3.25,2024-01-19 17:33:00+00:00,2024-01-19 17:33:00+00:00,2024-01-19 17:34:00+00:00,2024-01-19 17:38:00+00:00,exhaustion_reversal_short_midday_124e344457cb,-1,market,0.0,5,1,20,4,47370.0
376092,376093,376096,376096,closed,target,19410.25,19406.25,19410.0,19406.5,19430.25,19406.25,4.0,3.5,3.0,60.0,10.0,0.5,4.0,4.0,9.5,2024-01-23 16:10:00+00:00,2024-01-23 16:10:00+00:00,2024-01-23 16:14:00+00:00,2024-01-23 16:15:00+00:00,exhaustion_reversal_short_midday_124e344457cb,-1,market,0.0,5,1,20,4,47430.0
376203,376204,376207,376207,closed,target,19427.0,19423.0,19426.75,19423.25,19447.0,19423.0,4.0,3.5,3.0,60.0,10.0,0.5,4.0,4.0,3.0,2024-01-23 18:01:00+00:00,2024-01-23 18:01:00+00:00,2024-01-23 18:05:00+00:00,2024-01-23 18:06:00+00:00,exhaustion_reversal_short_midday_124e344457cb,-1,market,0.0,5,1,20,4,47490.0
377507,377508,377508,377508,closed,target,19691.0,19687.0,19690.75,19687.25,19711.0,19687.0,4.0,3.5,3.0,60.0,10.0,0.5,1.0,1.0,2.0,2024-01-24 17:00:00+00:00,2024-01-24 17:00:00+00:00,2024-01-24 17:01:00+00:00,2024-01-24 17:05:00+00:00,exhaustion_reversal_short_midday_124e344457cb,-1,market,0.0,5,1,20,4,47550.0
377537,377538,377542,377542,closed,stop,19704.25,19724.25,19704.0,19724.5,19724.25,19700.25,-20.0,-20.5,-21.0,-420.0,10.0,0.5,5.0,5.0,24.0,2024-01-24 17:30:00+00:00,2024-01-24 17:30:00+00:00,2024-01-24 17:35:00+00:00,2024-01-24 17:35:00+00:00,exhaustion_reversal_short_midday_124e344457cb,-1,market,0.0,5,1,20,4,47130.0
377564,377565,377567,377567,closed,target,19729.75,19725.75,19729.5,19726.0,19749.75,19725.75,4.0,3.5,3.0,60.0,10.0,0.5,3.0,3.0,1.75,2024-01-24 17:57:00+00:00,2024-01-24 17:57:00+00:00,2024-01-24 18:00:00+00:00,2024-01-24 18:02:00+00:00,exhaustion_reversal_short_midday_124e344457cb,-1,market,0.0,5,1,20,4,47190.0
378829,378830,378833,378833,closed,target,19660.5,19656.5,19660.25,19656.75,19680.5,19656.5,4.0,3.5,3.0,60.0,10.0,0.5,4.0,4.0,5.75,2024-01-25 16:17:00+00:00,2024-01-25 16:17:00+00:00,2024-01-25 16:21:00+00:00,2024-01-25 16:22:00+00:00,exhaustion_reversal_short_midday_124e344457cb,-1,market,0.0,5,1,20,4,47250.0
378936,378937,378937,378937,closed,target,19606.25,19602.25,19606.0,19602.5,19626.25,19602.25,4.0,3.5,3.0,60.0,10.0,0.5,1.0,1.0,0.5,2024-01-25 18:04:00+00:00,2024-01-25 18:04:00+00:00,2024-01-25 18:05:00+00:00,2024-01-25 18:09:00+00:00,exhaustion_reversal_short_midday_124e344457cb,-1,market,0.0,5,1,20,4,47310.0
380245,380246,380246,380246,closed,target,19564.75,19560.75,19564.5,19561.0,19584.75,19560.75,4.0,3.5,3.0,60.0,10.0,0.5,1.0,1.0,0.25,2024-01-26 17:08:00+00:00,2024-01-26 17:08:00+00:00,2024-01-26 17:09:00+00:00,2024-01-26 17:13:00+00:00,exhaustion_reversal_short_midday_124e344457cb,-1,market,0.0,5,1,20,4,47370.0
383045,383046,383050,383050,closed,timeout,19523.25,19524.0,19523.0,19524.25,19543.25,19519.25,-0.75,-1.25,-1.75,-35.0,10.0,0.5,5.0,5.0,7.0,2024-01-30 18:19:00+00:00,2024-01-30 18:19:00+00:00,2024-01-30 18:24:00+00:00,2024-01-30 18:24:00+00:00,exhaustion_reversal_short_midday_124e344457cb,-1,market,0.0,5,1,20,4,47335.0
384279,384280,384280,384280,closed,target,19257.75,19253.75,19257.5,19254.0,19277.75,19253.75,4.0,3.5,3.0,60.0,10.0,0.5,1.0,1.0,6.5,2024-01-31 16:08:00+00:00,2024-01-31 16:08:00+00:00,2024-01-31 16:09:00+00:00,2024-01-31 16:13:00+00:00,exhaustion_reversal_short_midday_124e344457cb,-1,market,0.0,5,1,20,4,47395.0
384294,384295,384296,384296,closed,target,19284.75,19280.75,19284.5,19281.0,19304.75,19280.75,4.0,3.5,3.0,60.0,10.0,0.5,2.0,2.0,3.5,2024-01-31 16:23:00+00:00,2024-01-31 16:23:00+00:00,2024-01-31 16:25:00+00:00,2024-01-31 16:28:00+00:00,exhaustion_reversal_short_midday_124e344457cb,-1,market,0.0,5,1,20,4,47455.0
385772,385773,385775,385775,closed,target,19309.75,19305.75,19309.5,19306.0,19329.75,19305.75,4.0,3.5,3.0,60.0,10.0,0.5,3.0,3.0,6.75,2024-02-01 18:16:00+00:00,2024-02-01 18:16:00+00:00,2024-02-01 18:19:00+00:00,2024-02-01 18:21:00+00:00,exhaustion_reversal_short_midday_124e344457cb,-1,market,0.0,5,1,20,4,47515.0
387039,387040,387044,387044,closed,stop,19618.5,19638.5,19618.25,19638.75,19638.5,19614.5,-20.0,-20.5,-21.0,-420.0,10.0,0.5,5.0,5.0,21.0,2024-02-02 16:38:00+00:00,2024-02-02 16:38:00+00:00,2024-02-02 16:43:00+00:00,2024-02-02 16:43:00+00:00,exhaustion_reversal_short_midday_124e344457cb,-1,market,0.0,5,1,20,4,47095.0
387056,387057,387057,387057,closed,target,19653.25,19649.25,19653.0,19649.5,19673.25,19649.25,4.0,3.5,3.0,60.0,10.0,0.5,1.0,1.0,2.0,2024-02-02 16:55:00+00:00,2024-02-02 16:55:00+00:00,2024-02-02 16:56:00+00:00,2024-02-02 17:00:00+00:00,exhaustion_reversal_short_midday_124e344457cb,-1,market,0.0,5,1,20,4,47155.0
387092,387093,387096,387096,closed,target,19687.75,19683.75,19687.5,19684.0,19707.75,19683.75,4.0,3.5,3.0,60.0,10.0,0.5,4.0,4.0,10.25,2024-02-02 17:31:00+00:00,2024-02-02 17:31:00+00:00,2024-02-02 17:35:00+00:00,2024-02-02 17:36:00+00:00,exhaustion_reversal_short_midday_124e344457cb,-1,market,0.0,5,1,20,4,47215.0
387169,387170,387170,387170,closed,target,19662.75,19658.75,19662.5,19659.0,19682.75,19658.75,4.0,3.5,3.0,60.0,10.0,0.5,1.0,1.0,1.5,2024-02-02 18:48:00+00:00,2024-02-02 18:48:00+00:00,2024-02-02 18:49:00+00:00,2024-02-02 18:53:00+00:00,exhaustion_reversal_short_midday_124e344457cb,-1,market,0.0,5,1,20,4,47275.0
388440,388441,388445,388445,closed,timeout,19619.0,19620.5,19618.75,19620.75,19639.0,19615.0,-1.5,-2.0,-2.5,-50.0,10.0,0.5,5.0,5.0,7.0,2024-02-05 17:14:00+00:00,2024-02-05 17:14:00+00:00,2024-02-05 17:19:00+00:00,2024-02-05 17:19:00+00:00,exhaustion_reversal_short_midday_124e344457cb,-1,market,0.0,5,1,20,4,47225.0
389886,389887,389891,389891,closed,timeout,19554.75,19568.5,19554.5,19568.75,19574.75,19550.75,-13.75,-14.25,-14.75,-295.0,10.0,0.5,5.0,5.0,18.5,2024-02-06 18:35:00+00:00,2024-02-06 18:35:00+00:00,2024-02-06 18:40:00+00:00,2024-02-06 18:40:00+00:00,exhaustion_reversal_short_midday_124e344457cb,-1,market,0.0,5,1,20,4,46930.0
392503,392504,392504,392504,closed,target,19822.5,19818.5,19822.25,19818.75,19842.5,19818.5,4.0,3.5,3.0,60.0,10.0,0.5,1.0,1.0,0.5,2024-02-08 16:42:00+00:00,2024-02-08 16:42:00+00:00,2024-02-08 16:43:00+00:00,2024-02-08 16:47:00+00:00,exhaustion_reversal_short_midday_124e344457cb,-1,market,0.0,5,1,20,4,46990.0
392520,392521,392522,392522,closed,target,19827.75,19823.75,19827.5,19824.0,19847.75,19823.75,4.0,3.5,3.0,60.0,10.0,0.5,2.0,2.0,3.75,2024-02-08 16:59:00+00:00,2024-02-08 16:59:00+00:00,2024-02-08 17:01:00+00:00,2024-02-08 17:04:00+00:00,exhaustion_reversal_short_midday_124e344457cb,-1,market,0.0,5,1,20,4,47050.0
392616,392617,392621,392621,closed,timeout,19822.25,19829.25,19822.0,19829.5,19842.25,19818.25,-7.0,-7.5,-8.0,-160.0,10.0,0.5,5.0,5.0,11.75,2024-02-08 18:35:00+00:00,2024-02-08 18:35:00+00:00,2024-02-08 18:40:00+00:00,2024-02-08 18:40:00+00:00,exhaustion_reversal_short_midday_124e344457cb,-1,market,0.0,5,1,20,4,46890.0
393918,393919,393919,393919,closed,target,19943.5,19939.5,19943.25,19939.75,19963.5,19939.5,4.0,3.5,3.0,60.0,10.0,0.5,1.0,1.0,2.25,2024-02-09 17:33:00+00:00,2024-02-09 17:33:00+00:00,2024-02-09 17:34:00+00:00,2024-02-09 17:38:00+00:00,exhaustion_reversal_short_midday_124e344457cb,-1,market,0.0,5,1,20,4,46950.0
393940,393941,393945,393945,closed,timeout,19964.25,19965.25,19964.0,19965.5,19984.25,19960.25,-1.0,-1.5,-2.0,-40.0,10.0,0.5,5.0,5.0,2.5,2024-02-09 17:55:00+00:00,2024-02-09 17:55:00+00:00,2024-02-09 18:00:00+00:00,2024-02-09 18:00:00+00:00,exhaustion_reversal_short_midday_124e344457cb,-1,market,0.0,5,1,20,4,46910.0
395222,395223,395223,395223,closed,target,20058.0,20054.0,20057.75,20054.25,20078.0,20054.0,4.0,3.5,3.0,60.0,10.0,0.5,1.0,1.0,0.25,2024-02-12 16:39:00+00:00,2024-02-12 16:39:00+00:00,2024-02-12 16:40:00+00:00,2024-02-12 16:44:00+00:00,exhaustion_reversal_short_midday_124e344457cb,-1,market,0.0,5,1,20,4,46970.0
396559,396560,396560,396560,closed,target,19709.75,19705.75,19709.5,19706.0,19729.75,19705.75,4.0,3.5,3.0,60.0,10.0,0.5,1.0,1.0,2.75,2024-02-13 16:11:00+00:00,2024-02-13 16:11:00+00:00,2024-02-13 16:12:00+00:00,2024-02-13 16:16:00+00:00,exhaustion_reversal_short_midday_124e344457cb,-1,market,0.0,5,1,20,4,47030.0
397987,397988,397992,397992,closed,timeout,19671.0,19675.0,19670.75,19675.25,19691.0,19667.0,-4.0,-4.5,-5.0,-100.0,10.0,0.5,5.0,5.0,11.5,2024-02-14 17:14:00+00:00,2024-02-14 17:14:00+00:00,2024-02-14 17:19:00+00:00,2024-02-14 17:19:00+00:00,exhaustion_reversal_short_midday_124e344457cb,-1,market,0.0,5,1,20,4,46930.0
399355,399356,399360,399360,closed,timeout,19790.5,19798.25,19790.25,19798.5,19810.5,19786.5,-7.75,-8.25,-8.75,-175.0,10.0,0.5,5.0,5.0,12.0,2024-02-15 17:17:00+00:00,2024-02-15 17:17:00+00:00,2024-02-15 17:22:00+00:00,2024-02-15 17:22:00+00:00,exhaustion_reversal_short_midday_124e344457cb,-1,market,0.0,5,1,20,4,46755.0
399419,399420,399421,399421,closed,target,19855.75,19851.75,19855.5,19852.0,19875.75,19851.75,4.0,3.5,3.0,60.0,10.0,0.5,2.0,2.0,6.5,2024-02-15 18:21:00+00:00,2024-02-15 18:21:00+00:00,2024-02-15 18:23:00+00:00,2024-02-15 18:26:00+00:00,exhaustion_reversal_short_midday_124e344457cb,-1,market,0.0,5,1,20,4,46815.0
399431,399432,399433,399433,closed,target,19868.0,19864.0,19867.75,19864.25,19888.0,19864.0,4.0,3.5,3.0,60.0,10.0,0.5,2.0,2.0,1.5,2024-02-15 18:33:00+00:00,2024-02-15 18:33:00+00:00,2024-02-15 18:35:00+00:00,2024-02-15 18:38:00+00:00,exhaustion_reversal_short_midday_124e344457cb,-1,market,0.0,5,1,20,4,46875.0
400812,400813,400817,400817,closed,timeout,19799.75,19809.25,19799.5,19809.5,19819.75,19795.75,-9.5,-10.0,-10.5,-210.0,10.0,0.5,5.0,5.0,10.75,2024-02-16 18:49:00+00:00,2024-02-16 18:49:00+00:00,2024-02-16 18:54:00+00:00,2024-02-16 18:54:00+00:00,exhaustion_reversal_short_midday_124e344457cb,-1,market,0.0,5,1,20,4,46665.0
403293,403294,403295,403295,closed,target,19465.25,19461.25,19465.0,19461.5,19485.25,19461.25,4.0,3.5,3.0,60.0,10.0,0.5,2.0,2.0,3.0,2024-02-20 18:25:00+00:00,2024-02-20 18:25:00+00:00,2024-02-20 18:27:00+00:00,2024-02-20 18:30:00+00:00,exhaustion_reversal_short_midday_124e344457cb,-1,market,0.0,5,1,20,4,46725.0
404529,404530,404530,404530,closed,target,19452.0,19448.0,19451.75,19448.25,19472.0,19448.0,4.0,3.5,3.0,60.0,10.0,0.5,1.0,1.0,0.5,2024-02-21 16:16:00+00:00,2024-02-21 16:16:00+00:00,2024-02-21 16:17:00+00:00,2024-02-21 16:21:00+00:00,exhaustion_reversal_short_midday_124e344457cb,-1,market,0.0,5,1,20,4,46785.0
407310,407311,407311,407311,closed,target,19990.75,19986.75,19990.5,19987.0,20010.75,19986.75,4.0,3.5,3.0,60.0,10.0,0.5,1.0,1.0,0.25,2024-02-23 17:07:00+00:00,2024-02-23 17:07:00+00:00,2024-02-23 17:08:00+00:00,2024-02-23 17:12:00+00:00,exhaustion_reversal_short_midday_124e344457cb,-1,market,0.0,5,1,20,4,46845.0
411361,411362,411362,411362,closed,target,19901.5,19897.5,19901.25,19897.75,19921.5,19897.5,4.0,3.5,3.0,60.0,10.0,0.5,1.0,1.0,0.25,2024-02-28 16:23:00+00:00,2024-02-28 16:23:00+00:00,2024-02-28 16:24:00+00:00,2024-02-28 16:28:00+00:00,exhaustion_reversal_short_midday_124e344457cb,-1,market,0.0,5,1,20,4,46905.0
411492,411493,411497,411497,closed,timeout,19885.5,19892.25,19885.25,19892.5,19905.5,19881.5,-6.75,-7.25,-7.75,-155.0,10.0,0.5,5.0,5.0,8.25,2024-02-28 18:34:00+00:00,2024-02-28 18:34:00+00:00,2024-02-28 18:39:00+00:00,2024-02-28 18:39:00+00:00,exhaustion_reversal_short_midday_124e344457cb,-1,market,0.0,5,1,20,4,46750.0
414184,414185,414185,414185,closed,target,20226.75,20222.75,20226.5,20223.0,20246.75,20222.75,4.0,3.5,3.0,60.0,10.0,0.5,1.0,1.0,1.5,2024-03-01 17:56:00+00:00,2024-03-01 17:56:00+00:00,2024-03-01 17:57:00+00:00,2024-03-01 18:01:00+00:00,exhaustion_reversal_short_midday_124e344457cb,-1,market,0.0,5,1,20,4,46810.0
414233,414234,414238,414238,closed,target,20279.75,20275.75,20279.5,20276.0,20299.75,20275.75,4.0,3.5,3.0,60.0,10.0,0.5,5.0,5.0,8.5,2024-03-01 18:45:00+00:00,2024-03-01 18:45:00+00:00,2024-03-01 18:50:00+00:00,2024-03-01 18:50:00+00:00,exhaustion_reversal_short_midday_124e344457cb,-1,market,0.0,5,1,20,4,46870.0
415512,415513,415513,415513,closed,target,20256.0,20252.0,20255.75,20252.25,20276.0,20252.0,4.0,3.5,3.0,60.0,10.0,0.5,1.0,1.0,0.25,2024-03-04 17:19:00+00:00,2024-03-04 17:19:00+00:00,2024-03-04 17:20:00+00:00,2024-03-04 17:24:00+00:00,exhaustion_reversal_short_midday_124e344457cb,-1,market,0.0,5,1,20,4,46930.0
416889,416890,416890,416890,closed,target,19912.5,19908.5,19912.25,19908.75,19932.5,19908.5,4.0,3.5,3.0,60.0,10.0,0.5,1.0,1.0,0.5,2024-03-05 17:31:00+00:00,2024-03-05 17:31:00+00:00,2024-03-05 17:32:00+00:00,2024-03-05 17:36:00+00:00,exhaustion_reversal_short_midday_124e344457cb,-1,market,0.0,5,1,20,4,46990.0
418223,418224,418228,418228,closed,timeout,20063.5,20072.75,20063.25,20073.0,20083.5,20059.5,-9.25,-9.75,-10.25,-205.0,10.0,0.5,5.0,5.0,12.0,2024-03-06 17:00:00+00:00,2024-03-06 17:00:00+00:00,2024-03-06 17:05:00+00:00,2024-03-06 17:05:00+00:00,exhaustion_reversal_short_midday_124e344457cb,-1,market,0.0,5,1,20,4,46785.0
418311,418312,418316,418316,closed,target,20090.25,20086.25,20090.0,20086.5,20110.25,20086.25,4.0,3.5,3.0,60.0,10.0,0.5,5.0,5.0,7.25,2024-03-06 18:28:00+00:00,2024-03-06 18:28:00+00:00,2024-03-06 18:33:00+00:00,2024-03-06 18:33:00+00:00,exhaustion_reversal_short_midday_124e344457cb,-1,market,0.0,5,1,20,4,46845.0
419600,419601,419603,419603,closed,target,20254.75,20250.75,20254.5,20251.0,20274.75,20250.75,4.0,3.5,3.0,60.0,10.0,0.5,3.0,3.0,3.5,2024-03-07 17:12:00+00:00,2024-03-07 17:12:00+00:00,2024-03-07 17:15:00+00:00,2024-03-07 17:17:00+00:00,exhaustion_reversal_short_midday_124e344457cb,-1,market,0.0,5,1,20,4,46905.0
419607,419608,419610,419610,closed,target,20261.25,20257.25,20261.0,20257.5,20281.25,20257.25,4.0,3.5,3.0,60.0,10.0,0.5,3.0,3.0,9.5,2024-03-07 17:19:00+00:00,2024-03-07 17:19:00+00:00,2024-03-07 17:22:00+00:00,2024-03-07 17:24:00+00:00,exhaustion_reversal_short_midday_124e344457cb,-1,market,0.0,5,1,20,4,46965.0
419686,419687,419691,419691,closed,timeout,20277.0,20275.25,20276.75,20275.5,20297.0,20273.0,1.75,1.25,0.75,15.0,10.0,0.5,5.0,5.0,9.5,2024-03-07 18:38:00+00:00,2024-03-07 18:38:00+00:00,2024-03-07 18:43:00+00:00,2024-03-07 18:43:00+00:00,exhaustion_reversal_short_midday_124e344457cb,-1,market,0.0,5,1,20,4,46980.0
426441,426442,426443,426443,closed,target,19974.75,19970.75,19974.5,19971.0,19994.75,19970.75,4.0,3.5,3.0,60.0,10.0,0.5,2.0,2.0,3.75,2024-03-14 16:28:00+00:00,2024-03-14 16:28:00+00:00,2024-03-14 16:30:00+00:00,2024-03-14 16:33:00+00:00,exhaustion_reversal_short_midday_124e344457cb,-1,market,0.0,5,1,20,4,47040.0
426502,426503,426503,426503,closed,target,19932.5,19928.5,19932.25,19928.75,19952.5,19928.5,4.0,3.5,3.0,60.0,10.0,0.5,1.0,1.0,1.25,2024-03-14 17:29:00+00:00,2024-03-14 17:29:00+00:00,2024-03-14 17:30:00+00:00,2024-03-14 17:34:00+00:00,exhaustion_reversal_short_midday_124e344457cb,-1,market,0.0,5,1,20,4,47100.0
427864,427865,427865,427865,closed,target,19758.5,19754.5,19758.25,19754.75,19778.5,19754.5,4.0,3.5,3.0,60.0,10.0,0.5,1.0,1.0,0.5,2024-03-15 17:26:00+00:00,2024-03-15 17:26:00+00:00,2024-03-15 17:27:00+00:00,2024-03-15 17:31:00+00:00,exhaustion_reversal_short_midday_124e344457cb,-1,market,0.0,5,1,20,4,47160.0
430547,430548,430552,430552,closed,stop,19909.75,19929.75,19909.5,19930.0,19929.75,19905.75,-20.0,-20.5,-21.0,-420.0,10.0,0.5,5.0,5.0,21.0,2024-03-19 16:39:00+00:00,2024-03-19 16:39:00+00:00,2024-03-19 16:44:00+00:00,2024-03-19 16:44:00+00:00,exhaustion_reversal_short_midday_124e344457cb,-1,market,0.0,5,1,20,4,46740.0
430555,430556,430556,430556,closed,target,19941.5,19937.5,19941.25,19937.75,19961.5,19937.5,4.0,3.5,3.0,60.0,10.0,0.5,1.0,1.0,1.25,2024-03-19 16:47:00+00:00,2024-03-19 16:47:00+00:00,2024-03-19 16:48:00+00:00,2024-03-19 16:52:00+00:00,exhaustion_reversal_short_midday_124e344457cb,-1,market,0.0,5,1,20,4,46800.0
430557,430558,430560,430560,closed,stop,19935.75,19955.75,19935.5,19956.0,19955.75,19931.75,-20.0,-20.5,-21.0,-420.0,10.0,0.5,3.0,3.0,24.5,2024-03-19 16:49:00+00:00,2024-03-19 16:49:00+00:00,2024-03-19 16:52:00+00:00,2024-03-19 16:54:00+00:00,exhaustion_reversal_short_midday_124e344457cb,-1,market,0.0,5,1,20,4,46380.0
431873,431874,431874,431874,closed,target,19972.25,19968.25,19972.0,19968.5,19992.25,19968.25,4.0,3.5,3.0,60.0,10.0,0.5,1.0,1.0,0.75,2024-03-20 16:00:00+00:00,2024-03-20 16:00:00+00:00,2024-03-20 16:01:00+00:00,2024-03-20 16:05:00+00:00,exhaustion_reversal_short_midday_124e344457cb,-1,market,0.0,5,1,20,4,46440.0
434548,434549,434553,434553,closed,timeout,20228.25,20230.5,20228.0,20230.75,20248.25,20224.25,-2.25,-2.75,-3.25,-65.0,10.0,0.5,5.0,5.0,9.25,2024-03-22 15:05:00+00:00,2024-03-22 15:05:00+00:00,2024-03-22 15:10:00+00:00,2024-03-22 15:10:00+00:00,exhaustion_reversal_short_midday_124e344457cb,-1,market,0.0,5,1,20,4,46375.0
434570,434571,434572,434572,closed,target,20245.25,20241.25,20245.0,20241.5,20265.25,20241.25,4.0,3.5,3.0,60.0,10.0,0.5,2.0,2.0,2.5,2024-03-22 15:27:00+00:00,2024-03-22 15:27:00+00:00,2024-03-22 15:29:00+00:00,2024-03-22 15:32:00+00:00,exhaustion_reversal_short_midday_124e344457cb,-1,market,0.0,5,1,20,4,46435.0
435913,435914,435918,435918,closed,target,20223.5,20219.5,20223.25,20219.75,20243.5,20219.5,4.0,3.5,3.0,60.0,10.0,0.5,5.0,5.0,9.5,2024-03-25 15:05:00+00:00,2024-03-25 15:05:00+00:00,2024-03-25 15:10:00+00:00,2024-03-25 15:10:00+00:00,exhaustion_reversal_short_midday_124e344457cb,-1,market,0.0,5,1,20,4,46495.0
437330,437331,437331,437331,closed,target,20271.0,20267.0,20270.75,20267.25,20291.0,20267.0,4.0,3.5,3.0,60.0,10.0,0.5,1.0,1.0,1.25,2024-03-26 15:57:00+00:00,2024-03-26 15:57:00+00:00,2024-03-26 15:58:00+00:00,2024-03-26 16:02:00+00:00,exhaustion_reversal_short_midday_124e344457cb,-1,market,0.0,5,1,20,4,46555.0
438683,438684,438684,438684,closed,target,20117.0,20113.0,20116.75,20113.25,20137.0,20113.0,4.0,3.5,3.0,60.0,10.0,0.5,1.0,1.0,3.25,2024-03-27 15:45:00+00:00,2024-03-27 15:45:00+00:00,2024-03-27 15:46:00+00:00,2024-03-27 15:50:00+00:00,exhaustion_reversal_short_midday_124e344457cb,-1,market,0.0,5,1,20,4,46615.0
440058,440059,440063,440063,closed,timeout,20206.0,20206.25,20205.75,20206.5,20226.0,20202.0,-0.25,-0.75,-1.25,-25.0,10.0,0.5,5.0,5.0,7.0,2024-03-28 15:56:00+00:00,2024-03-28 15:56:00+00:00,2024-03-28 16:01:00+00:00,2024-03-28 16:01:00+00:00,exhaustion_reversal_short_midday_124e344457cb,-1,market,0.0,5,1,20,4,46590.0
441522,441523,441527,441527,closed,timeout,20138.75,20141.25,20138.5,20141.5,20158.75,20134.75,-2.5,-3.0,-3.5,-70.0,10.0,0.5,5.0,5.0,11.0,2024-04-01 17:35:00+00:00,2024-04-01 17:35:00+00:00,2024-04-01 17:40:00+00:00,2024-04-01 17:40:00+00:00,exhaustion_reversal_short_midday_124e344457cb,-1,market,0.0,5,1,20,4,46520.0
442748,442749,442753,442753,closed,timeout,19948.25,19958.75,19948.0,19959.0,19968.25,19944.25,-10.5,-11.0,-11.5,-230.0,10.0,0.5,5.0,5.0,15.75,2024-04-02 15:16:00+00:00,2024-04-02 15:16:00+00:00,2024-04-02 15:21:00+00:00,2024-04-02 15:21:00+00:00,exhaustion_reversal_short_midday_124e344457cb,-1,market,0.0,5,1,20,4,46290.0
442820,442821,442825,442825,closed,timeout,19941.75,19949.25,19941.5,19949.5,19961.75,19937.75,-7.5,-8.0,-8.5,-170.0,10.0,0.5,5.0,5.0,10.25,2024-04-02 16:28:00+00:00,2024-04-02 16:28:00+00:00,2024-04-02 16:33:00+00:00,2024-04-02 16:33:00+00:00,exhaustion_reversal_short_midday_124e344457cb,-1,market,0.0,5,1,20,4,46120.0
444125,444126,444129,444129,closed,target,20138.75,20134.75,20138.5,20135.0,20158.75,20134.75,4.0,3.5,3.0,60.0,10.0,0.5,4.0,4.0,7.0,2024-04-03 15:28:00+00:00,2024-04-03 15:28:00+00:00,2024-04-03 15:32:00+00:00,2024-04-03 15:33:00+00:00,exhaustion_reversal_short_midday_124e344457cb,-1,market,0.0,5,1,20,4,46180.0
445534,445535,445535,445535,closed,target,20250.0,20246.0,20249.75,20246.25,20270.0,20246.0,4.0,3.5,3.0,60.0,10.0,0.5,1.0,1.0,1.75,2024-04-04 16:12:00+00:00,2024-04-04 16:12:00+00:00,2024-04-04 16:13:00+00:00,2024-04-04 16:17:00+00:00,exhaustion_reversal_short_midday_124e344457cb,-1,market,0.0,5,1,20,4,46240.0
448314,448315,448315,448315,closed,target,20007.25,20003.25,20007.0,20003.5,20027.25,20003.25,4.0,3.5,3.0,60.0,10.0,0.5,1.0,1.0,2.0,2024-04-08 17:02:00+00:00,2024-04-08 17:02:00+00:00,2024-04-08 17:03:00+00:00,2024-04-08 17:07:00+00:00,exhaustion_reversal_short_midday_124e344457cb,-1,market,0.0,5,1,20,4,46300.0
451012,451013,451017,451017,closed,timeout,19844.0,19862.0,19843.75,19862.25,19864.0,19840.0,-18.0,-18.5,-19.0,-380.0,10.0,0.5,5.0,5.0,19.5,2024-04-10 16:31:00+00:00,2024-04-10 16:31:00+00:00,2024-04-10 16:36:00+00:00,2024-04-10 16:36:00+00:00,exhaustion_reversal_short_midday_124e344457cb,-1,market,0.0,5,1,20,4,45920.0
451041,451042,451043,451043,closed,target,19885.5,19881.5,19885.25,19881.75,19905.5,19881.5,4.0,3.5,3.0,60.0,10.0,0.5,2.0,2.0,11.5,2024-04-10 17:00:00+00:00,2024-04-10 17:00:00+00:00,2024-04-10 17:02:00+00:00,2024-04-10 17:05:00+00:00,exhaustion_reversal_short_midday_124e344457cb,-1,market,0.0,5,1,20,4,45980.0
451069,451070,451070,451070,closed,target,19896.0,19892.0,19895.75,19892.25,19916.0,19892.0,4.0,3.5,3.0,60.0,10.0,0.5,1.0,1.0,7.25,2024-04-10 17:28:00+00:00,2024-04-10 17:28:00+00:00,2024-04-10 17:29:00+00:00,2024-04-10 17:33:00+00:00,exhaustion_reversal_short_midday_124e344457cb,-1,market,0.0,5,1,20,4,46040.0
451070,451071,451071,451071,closed,target,19890.25,19886.25,19890.0,19886.5,19910.25,19886.25,4.0,3.5,3.0,60.0,10.0,0.5,1.0,1.0,0.25,2024-04-10 17:29:00+00:00,2024-04-10 17:29:00+00:00,2024-04-10 17:30:00+00:00,2024-04-10 17:34:00+00:00,exhaustion_reversal_short_midday_124e344457cb,-1,market,0.0,5,1,20,4,46100.0
452329,452330,452330,452330,closed,target,19975.75,19971.75,19975.5,19972.0,19995.75,19971.75,4.0,3.5,3.0,60.0,10.0,0.5,1.0,1.0,0.5,2024-04-11 15:43:00+00:00,2024-04-11 15:43:00+00:00,2024-04-11 15:44:00+00:00,2024-04-11 15:48:00+00:00,exhaustion_reversal_short_midday_124e344457cb,-1,market,0.0,5,1,20,4,46160.0
452348,452349,452349,452349,closed,target,20008.25,20004.25,20008.0,20004.5,20028.25,20004.25,4.0,3.5,3.0,60.0,10.0,0.5,1.0,1.0,5.0,2024-04-11 16:02:00+00:00,2024-04-11 16:02:00+00:00,2024-04-11 16:03:00+00:00,2024-04-11 16:07:00+00:00,exhaustion_reversal_short_midday_124e344457cb,-1,market,0.0,5,1,20,4,46220.0
452349,452350,452350,452350,closed,target,20003.25,19999.25,20003.0,19999.5,20023.25,19999.25,4.0,3.5,3.0,60.0,10.0,0.5,1.0,1.0,4.25,2024-04-11 16:03:00+00:00,2024-04-11 16:03:00+00:00,2024-04-11 16:04:00+00:00,2024-04-11 16:08:00+00:00,exhaustion_reversal_short_midday_124e344457cb,-1,market,0.0,5,1,20,4,46280.0
453820,453821,453822,453822,closed,target,19873.5,19869.5,19873.25,19869.75,19893.5,19869.5,4.0,3.5,3.0,60.0,10.0,0.5,2.0,2.0,14.25,2024-04-12 17:50:00+00:00,2024-04-12 17:50:00+00:00,2024-04-12 17:52:00+00:00,2024-04-12 17:55:00+00:00,exhaustion_reversal_short_midday_124e344457cb,-1,market,0.0,5,1,20,4,46340.0
456391,456392,456392,456392,closed,target,19582.25,19578.25,19582.0,19578.5,19602.25,19578.25,4.0,3.5,3.0,60.0,10.0,0.5,1.0,1.0,1.5,2024-04-16 15:11:00+00:00,2024-04-16 15:11:00+00:00,2024-04-16 15:12:00+00:00,2024-04-16 15:16:00+00:00,exhaustion_reversal_short_midday_124e344457cb,-1,market,0.0,5,1,20,4,46400.0
456436,456437,456437,456437,closed,target,19623.5,19619.5,19623.25,19619.75,19643.5,19619.5,4.0,3.5,3.0,60.0,10.0,0.5,1.0,1.0,5.0,2024-04-16 15:56:00+00:00,2024-04-16 15:56:00+00:00,2024-04-16 15:57:00+00:00,2024-04-16 16:01:00+00:00,exhaustion_reversal_short_midday_124e344457cb,-1,market,0.0,5,1,20,4,46460.0
456437,456438,456438,456438,closed,target,19615.75,19611.75,19615.5,19612.0,19635.75,19611.75,4.0,3.5,3.0,60.0,10.0,0.5,1.0,1.0,1.5,2024-04-16 15:57:00+00:00,2024-04-16 15:57:00+00:00,2024-04-16 15:58:00+00:00,2024-04-16 16:02:00+00:00,exhaustion_reversal_short_midday_124e344457cb,-1,market,0.0,5,1,20,4,46520.0
457873,457874,457878,457878,closed,timeout,19373.0,19382.25,19372.75,19382.5,19393.0,19369.0,-9.25,-9.75,-10.25,-205.0,10.0,0.5,5.0,5.0,15.5,2024-04-17 17:08:00+00:00,2024-04-17 17:08:00+00:00,2024-04-17 17:13:00+00:00,2024-04-17 17:13:00+00:00,exhaustion_reversal_short_midday_124e344457cb,-1,market,0.0,5,1,20,4,46315.0
461873,461874,461878,461878,closed,timeout,18904.25,18920.75,18904.0,18921.0,18924.25,18900.25,-16.5,-17.0,-17.5,-350.0,10.0,0.5,5.0,5.0,19.75,2024-04-22 15:33:00+00:00,2024-04-22 15:33:00+00:00,2024-04-22 15:38:00+00:00,2024-04-22 15:38:00+00:00,exhaustion_reversal_short_midday_124e344457cb,-1,market,0.0,5,1,20,4,45965.0
461895,461896,461900,461900,closed,timeout,18931.5,18945.0,18931.25,18945.25,18951.5,18927.5,-13.5,-14.0,-14.5,-290.0,10.0,0.5,5.0,5.0,16.75,2024-04-22 15:55:00+00:00,2024-04-22 15:55:00+00:00,2024-04-22 16:00:00+00:00,2024-04-22 16:00:00+00:00,exhaustion_reversal_short_midday_124e344457cb,-1,market,0.0,5,1,20,4,45675.0
461919,461920,461920,461920,closed,target,18975.0,18971.0,18974.75,18971.25,18995.0,18971.0,4.0,3.5,3.0,60.0,10.0,0.5,1.0,1.0,1.75,2024-04-22 16:19:00+00:00,2024-04-22 16:19:00+00:00,2024-04-22 16:20:00+00:00,2024-04-22 16:24:00+00:00,exhaustion_reversal_short_midday_124e344457cb,-1,market,0.0,5,1,20,4,45735.0
461972,461973,461977,461977,closed,timeout,18990.75,19002.0,18990.5,19002.25,19010.75,18986.75,-11.25,-11.75,-12.25,-245.0,10.0,0.5,5.0,5.0,16.75,2024-04-22 17:12:00+00:00,2024-04-22 17:12:00+00:00,2024-04-22 17:17:00+00:00,2024-04-22 17:17:00+00:00,exhaustion_reversal_short_midday_124e344457cb,-1,market,0.0,5,1,20,4,45490.0
461995,461996,461996,461996,closed,target,19045.25,19041.25,19045.0,19041.5,19065.25,19041.25,4.0,3.5,3.0,60.0,10.0,0.5,1.0,1.0,4.25,2024-04-22 17:35:00+00:00,2024-04-22 17:35:00+00:00,2024-04-22 17:36:00+00:00,2024-04-22 17:40:00+00:00,exhaustion_reversal_short_midday_124e344457cb,-1,market,0.0,5,1,20,4,45550.0
461996,461997,461997,461997,closed,target,19042.75,19038.75,19042.5,19039.0,19062.75,19038.75,4.0,3.5,3.0,60.0,10.0,0.5,1.0,1.0,4.5,2024-04-22 17:36:00+00:00,2024-04-22 17:36:00+00:00,2024-04-22 17:37:00+00:00,2024-04-22 17:41:00+00:00,exhaustion_reversal_short_midday_124e344457cb,-1,market,0.0,5,1,20,4,45610.0
463224,463225,463228,463228,closed,stop,19277.25,19297.25,19277.0,19297.5,19297.25,19273.25,-20.0,-20.5,-21.0,-420.0,10.0,0.5,4.0,4.0,20.5,2024-04-23 15:19:00+00:00,2024-04-23 15:19:00+00:00,2024-04-23 15:23:00+00:00,2024-04-23 15:24:00+00:00,exhaustion_reversal_short_midday_124e344457cb,-1,market,0.0,5,1,20,4,45190.0
463282,463283,463283,463283,closed,target,19298.25,19294.25,19298.0,19294.5,19318.25,19294.25,4.0,3.5,3.0,60.0,10.0,0.5,1.0,1.0,3.75,2024-04-23 16:17:00+00:00,2024-04-23 16:17:00+00:00,2024-04-23 16:18:00+00:00,2024-04-23 16:22:00+00:00,exhaustion_reversal_short_midday_124e344457cb,-1,market,0.0,5,1,20,4,45250.0
464692,464693,464693,464693,closed,target,19313.0,19309.0,19312.75,19309.25,19333.0,19309.0,4.0,3.5,3.0,60.0,10.0,0.5,1.0,1.0,5.5,2024-04-24 17:02:00+00:00,2024-04-24 17:02:00+00:00,2024-04-24 17:03:00+00:00,2024-04-24 17:07:00+00:00,exhaustion_reversal_short_midday_124e344457cb,-1,market,0.0,5,1,20,4,45310.0
464724,464725,464729,464729,closed,stop,19356.75,19376.75,19356.5,19377.0,19376.75,19352.75,-20.0,-20.5,-21.0,-420.0,10.0,0.5,5.0,5.0,25.5,2024-04-24 17:34:00+00:00,2024-04-24 17:34:00+00:00,2024-04-24 17:39:00+00:00,2024-04-24 17:39:00+00:00,exhaustion_reversal_short_midday_124e344457cb,-1,market,0.0,5,1,20,4,44890.0
465979,465980,465980,465980,closed,target,19082.75,19078.75,19082.5,19079.0,19102.75,19078.75,4.0,3.5,3.0,60.0,10.0,0.5,1.0,1.0,1.25,2024-04-25 15:44:00+00:00,2024-04-25 15:44:00+00:00,2024-04-25 15:45:00+00:00,2024-04-25 15:49:00+00:00,exhaustion_reversal_short_midday_124e344457cb,-1,market,0.0,5,1,20,4,44950.0
467448,467449,467449,467449,closed,target,19587.5,19583.5,19587.25,19583.75,19607.5,19583.5,4.0,3.5,3.0,60.0,10.0,0.5,1.0,1.0,1.25,2024-04-26 17:28:00+00:00,2024-04-26 17:28:00+00:00,2024-04-26 17:29:00+00:00,2024-04-26 17:33:00+00:00,exhaustion_reversal_short_midday_124e344457cb,-1,market,0.0,5,1,20,4,45010.0
467472,467473,467473,467473,closed,target,19584.5,19580.5,19584.25,19580.75,19604.5,19580.5,4.0,3.5,3.0,60.0,10.0,0.5,1.0,1.0,0.75,2024-04-26 17:52:00+00:00,2024-04-26 17:52:00+00:00,2024-04-26 17:53:00+00:00,2024-04-26 17:57:00+00:00,exhaustion_reversal_short_midday_124e344457cb,-1,market,0.0,5,1,20,4,45070.0
468803,468804,468804,468804,closed,target,19589.5,19585.5,19589.25,19585.75,19609.5,19585.5,4.0,3.5,3.0,60.0,10.0,0.5,1.0,1.0,1.5,2024-04-29 17:18:00+00:00,2024-04-29 17:18:00+00:00,2024-04-29 17:19:00+00:00,2024-04-29 17:23:00+00:00,exhaustion_reversal_short_midday_124e344457cb,-1,market,0.0,5,1,20,4,45130.0
470091,470092,470092,470092,closed,target,19455.5,19451.5,19455.25,19451.75,19475.5,19451.5,4.0,3.5,3.0,60.0,10.0,0.5,1.0,1.0,0.5,2024-04-30 16:01:00+00:00,2024-04-30 16:01:00+00:00,2024-04-30 16:02:00+00:00,2024-04-30 16:06:00+00:00,exhaustion_reversal_short_midday_124e344457cb,-1,market,0.0,5,1,20,4,45190.0
470206,470207,470207,470207,closed,target,19424.5,19420.5,19424.25,19420.75,19444.5,19420.5,4.0,3.5,3.0,60.0,10.0,0.5,1.0,1.0,0.25,2024-04-30 17:56:00+00:00,2024-04-30 17:56:00+00:00,2024-04-30 17:57:00+00:00,2024-04-30 18:01:00+00:00,exhaustion_reversal_short_midday_124e344457cb,-1,market,0.0,5,1,20,4,45250.0
471427,471428,471428,471428,closed,target,19144.75,19140.75,19144.5,19141.0,19164.75,19140.75,4.0,3.5,3.0,60.0,10.0,0.5,1.0,1.0,6.5,2024-05-01 15:32:00+00:00,2024-05-01 15:32:00+00:00,2024-05-01 15:33:00+00:00,2024-05-01 15:37:00+00:00,exhaustion_reversal_short_midday_124e344457cb,-1,market,0.0,5,1,20,4,45310.0
471571,471572,471573,471573,closed,target,19160.75,19156.75,19160.5,19157.0,19180.75,19156.75,4.0,3.5,3.0,60.0,10.0,0.5,2.0,2.0,3.0,2024-05-01 17:56:00+00:00,2024-05-01 17:56:00+00:00,2024-05-01 17:58:00+00:00,2024-05-01 18:01:00+00:00,exhaustion_reversal_short_midday_124e344457cb,-1,market,0.0,5,1,20,4,45370.0
472760,472761,472761,472761,closed,target,19218.5,19214.5,19218.25,19214.75,19238.5,19214.5,4.0,3.5,3.0,60.0,10.0,0.5,1.0,1.0,9.75,2024-05-02 15:01:00+00:00,2024-05-02 15:01:00+00:00,2024-05-02 15:02:00+00:00,2024-05-02 15:06:00+00:00,exhaustion_reversal_short_midday_124e344457cb,-1,market,0.0,5,1,20,4,45430.0
472761,472762,472762,472762,closed,stop,19215.0,19235.0,19214.75,19235.25,19235.0,19211.0,-20.0,-20.5,-21.0,-420.0,10.0,0.5,1.0,1.0,21.5,2024-05-02 15:02:00+00:00,2024-05-02 15:02:00+00:00,2024-05-02 15:03:00+00:00,2024-05-02 15:07:00+00:00,exhaustion_reversal_short_midday_124e344457cb,-1,market,0.0,5,1,20,4,45010.0
472911,472912,472912,472912,closed,target,19299.0,19295.0,19298.75,19295.25,19319.0,19295.0,4.0,3.5,3.0,60.0,10.0,0.5,1.0,1.0,1.5,2024-05-02 17:32:00+00:00,2024-05-02 17:32:00+00:00,2024-05-02 17:33:00+00:00,2024-05-02 17:37:00+00:00,exhaustion_reversal_short_midday_124e344457cb,-1,market,0.0,5,1,20,4,45070.0
474160,474161,474165,474165,closed,timeout,19666.75,19680.0,19666.5,19680.25,19686.75,19662.75,-13.25,-13.75,-14.25,-285.0,10.0,0.5,5.0,5.0,17.25,2024-05-03 15:36:00+00:00,2024-05-03 15:36:00+00:00,2024-05-03 15:41:00+00:00,2024-05-03 15:41:00+00:00,exhaustion_reversal_short_midday_124e344457cb,-1,market,0.0,5,1,20,4,44785.0
474183,474184,474184,474184,closed,target,19689.25,19685.25,19689.0,19685.5,19709.25,19685.25,4.0,3.5,3.0,60.0,10.0,0.5,1.0,1.0,0.75,2024-05-03 15:59:00+00:00,2024-05-03 15:59:00+00:00,2024-05-03 16:00:00+00:00,2024-05-03 16:04:00+00:00,exhaustion_reversal_short_midday_124e344457cb,-1,market,0.0,5,1,20,4,44845.0
475614,475615,475615,475615,closed,target,19810.0,19806.0,19809.75,19806.25,19830.0,19806.0,4.0,3.5,3.0,60.0,10.0,0.5,1.0,1.0,1.75,2024-05-06 17:05:00+00:00,2024-05-06 17:05:00+00:00,2024-05-06 17:06:00+00:00,2024-05-06 17:10:00+00:00,exhaustion_reversal_short_midday_124e344457cb,-1,market,0.0,5,1,20,4,44905.0
475656,475657,475657,475657,closed,target,19820.5,19816.5,19820.25,19816.75,19840.5,19816.5,4.0,3.5,3.0,60.0,10.0,0.5,1.0,1.0,0.5,2024-05-06 17:47:00+00:00,2024-05-06 17:47:00+00:00,2024-05-06 17:48:00+00:00,2024-05-06 17:52:00+00:00,exhaustion_reversal_short_midday_124e344457cb,-1,market,0.0,5,1,20,4,44965.0
477001,477002,477003,477003,closed,target,19950.25,19946.25,19950.0,19946.5,19970.25,19946.25,4.0,3.5,3.0,60.0,10.0,0.5,2.0,2.0,2.25,2024-05-07 17:29:00+00:00,2024-05-07 17:29:00+00:00,2024-05-07 17:31:00+00:00,2024-05-07 17:34:00+00:00,exhaustion_reversal_short_midday_124e344457cb,-1,market,0.0,5,1,20,4,45025.0
479655,479656,479658,479658,closed,target,19891.5,19887.5,19891.25,19887.75,19911.5,19887.5,4.0,3.5,3.0,60.0,10.0,0.5,3.0,3.0,5.0,2024-05-09 16:16:00+00:00,2024-05-09 16:16:00+00:00,2024-05-09 16:19:00+00:00,2024-05-09 16:21:00+00:00,exhaustion_reversal_short_midday_124e344457cb,-1,market,0.0,5,1,20,4,45085.0
481021,481022,481022,481022,closed,target,19929.0,19925.0,19928.75,19925.25,19949.0,19925.0,4.0,3.5,3.0,60.0,10.0,0.5,1.0,1.0,4.5,2024-05-10 16:17:00+00:00,2024-05-10 16:17:00+00:00,2024-05-10 16:18:00+00:00,2024-05-10 16:22:00+00:00,exhaustion_reversal_short_midday_124e344457cb,-1,market,0.0,5,1,20,4,45145.0
481055,481056,481056,481056,closed,target,19940.75,19936.75,19940.5,19937.0,19960.75,19936.75,4.0,3.5,3.0,60.0,10.0,0.5,1.0,1.0,0.5,2024-05-10 16:51:00+00:00,2024-05-10 16:51:00+00:00,2024-05-10 16:52:00+00:00,2024-05-10 16:56:00+00:00,exhaustion_reversal_short_midday_124e344457cb,-1,market,0.0,5,1,20,4,45205.0
483826,483827,483831,483831,closed,timeout,20016.75,20019.0,20016.5,20019.25,20036.75,20012.75,-2.25,-2.75,-3.25,-65.0,10.0,0.5,5.0,5.0,4.0,2024-05-14 17:32:00+00:00,2024-05-14 17:32:00+00:00,2024-05-14 17:37:00+00:00,2024-05-14 17:37:00+00:00,exhaustion_reversal_short_midday_124e344457cb,-1,market,0.0,5,1,20,4,45140.0
485128,485129,485133,485133,closed,timeout,20303.5,20312.0,20303.25,20312.25,20323.5,20299.5,-8.5,-9.0,-9.5,-190.0,10.0,0.5,5.0,5.0,10.25,2024-05-15 16:29:00+00:00,2024-05-15 16:29:00+00:00,2024-05-15 16:34:00+00:00,2024-05-15 16:34:00+00:00,exhaustion_reversal_short_midday_124e344457cb,-1,market,0.0,5,1,20,4,44950.0
489165,489166,489170,489170,closed,timeout,20446.75,20452.5,20446.5,20452.75,20466.75,20442.75,-5.75,-6.25,-6.75,-135.0,10.0,0.5,5.0,5.0,9.75,2024-05-20 15:32:00+00:00,2024-05-20 15:32:00+00:00,2024-05-20 15:37:00+00:00,2024-05-20 15:37:00+00:00,exhaustion_reversal_short_midday_124e344457cb,-1,market,0.0,5,1,20,4,44815.0
489253,489254,489255,489255,closed,target,20485.0,20481.0,20484.75,20481.25,20505.0,20481.0,4.0,3.5,3.0,60.0,10.0,0.5,2.0,2.0,2.75,2024-05-20 17:00:00+00:00,2024-05-20 17:00:00+00:00,2024-05-20 17:02:00+00:00,2024-05-20 17:05:00+00:00,exhaustion_reversal_short_midday_124e344457cb,-1,market,0.0,5,1,20,4,44875.0
490501,490502,490502,490502,closed,target,20451.5,20447.5,20451.25,20447.75,20471.5,20447.5,4.0,3.5,3.0,60.0,10.0,0.5,1.0,1.0,0.5,2024-05-21 15:05:00+00:00,2024-05-21 15:05:00+00:00,2024-05-21 15:06:00+00:00,2024-05-21 15:10:00+00:00,exhaustion_reversal_short_midday_124e344457cb,-1,market,0.0,5,1,20,4,44935.0
490575,490576,490580,490580,closed,timeout,20461.75,20458.75,20461.5,20459.0,20481.75,20457.75,3.0,2.5,2.0,40.0,10.0,0.5,5.0,5.0,2.25,2024-05-21 16:19:00+00:00,2024-05-21 16:19:00+00:00,2024-05-21 16:24:00+00:00,2024-05-21 16:24:00+00:00,exhaustion_reversal_short_midday_124e344457cb,-1,market,0.0,5,1,20,4,44975.0
490653,490654,490658,490658,closed,timeout,20453.25,20456.25,20453.0,20456.5,20473.25,20449.25,-3.0,-3.5,-4.0,-80.0,10.0,0.5,5.0,5.0,10.5,2024-05-21 17:37:00+00:00,2024-05-21 17:37:00+00:00,2024-05-21 17:42:00+00:00,2024-05-21 17:42:00+00:00,exhaustion_reversal_short_midday_124e344457cb,-1,market,0.0,5,1,20,4,44895.0
490660,490661,490665,490665,closed,timeout,20458.75,20456.5,20458.5,20456.75,20478.75,20454.75,2.25,1.75,1.25,25.0,10.0,0.5,5.0,5.0,5.25,2024-05-21 17:44:00+00:00,2024-05-21 17:44:00+00:00,2024-05-21 17:49:00+00:00,2024-05-21 17:49:00+00:00,exhaustion_reversal_short_midday_124e344457cb,-1,market,0.0,5,1,20,4,44920.0
491861,491862,491862,491862,closed,target,20514.25,20510.25,20514.0,20510.5,20534.25,20510.25,4.0,3.5,3.0,60.0,10.0,0.5,1.0,1.0,2.25,2024-05-22 15:00:00+00:00,2024-05-22 15:00:00+00:00,2024-05-22 15:01:00+00:00,2024-05-22 15:05:00+00:00,exhaustion_reversal_short_midday_124e344457cb,-1,market,0.0,5,1,20,4,44980.0
493237,493238,493238,493238,closed,target,20574.25,20570.25,20574.0,20570.5,20594.25,20570.25,4.0,3.5,3.0,60.0,10.0,0.5,1.0,1.0,4.5,2024-05-23 15:11:00+00:00,2024-05-23 15:11:00+00:00,2024-05-23 15:12:00+00:00,2024-05-23 15:16:00+00:00,exhaustion_reversal_short_midday_124e344457cb,-1,market,0.0,5,1,20,4,45040.0
493312,493313,493317,493317,closed,timeout,20607.5,20616.0,20607.25,20616.25,20627.5,20603.5,-8.5,-9.0,-9.5,-190.0,10.0,0.5,5.0,5.0,14.25,2024-05-23 16:26:00+00:00,2024-05-23 16:26:00+00:00,2024-05-23 16:31:00+00:00,2024-05-23 16:31:00+00:00,exhaustion_reversal_short_midday_124e344457cb,-1,market,0.0,5,1,20,4,44850.0
494739,494740,494741,494741,closed,target,20594.5,20590.5,20594.25,20590.75,20614.5,20590.5,4.0,3.5,3.0,60.0,10.0,0.5,2.0,2.0,2.0,2024-05-24 17:28:00+00:00,2024-05-24 17:28:00+00:00,2024-05-24 17:30:00+00:00,2024-05-24 17:33:00+00:00,exhaustion_reversal_short_midday_124e344457cb,-1,market,0.0,5,1,20,4,44910.0
496008,496009,496013,496013,closed,timeout,20630.5,20633.25,20630.25,20633.5,20650.5,20626.5,-2.75,-3.25,-3.75,-75.0,10.0,0.5,5.0,5.0,4.75,2024-05-27 15:52:00+00:00,2024-05-27 15:52:00+00:00,2024-05-27 15:57:00+00:00,2024-05-27 15:57:00+00:00,exhaustion_reversal_short_midday_124e344457cb,-1,market,0.0,5,1,20,4,44835.0
496070,496071,496071,496071,closed,target,20648.0,20644.0,20647.75,20644.25,20668.0,20644.0,4.0,3.5,3.0,60.0,10.0,0.5,1.0,1.0,0.25,2024-05-27 16:54:00+00:00,2024-05-27 16:54:00+00:00,2024-05-27 16:55:00+00:00,2024-05-27 16:59:00+00:00,exhaustion_reversal_short_midday_124e344457cb,-1,market,0.0,5,1,20,4,44895.0
497205,497206,497206,497206,closed,target,20634.25,20630.25,20634.0,20630.5,20654.25,20630.25,4.0,3.5,3.0,60.0,10.0,0.5,1.0,1.0,0.25,2024-05-28 16:49:00+00:00,2024-05-28 16:49:00+00:00,2024-05-28 16:50:00+00:00,2024-05-28 16:54:00+00:00,exhaustion_reversal_short_midday_124e344457cb,-1,market,0.0,5,1,20,4,44955.0
498518,498519,498520,498520,closed,target,20544.0,20540.0,20543.75,20540.25,20564.0,20540.0,4.0,3.5,3.0,60.0,10.0,0.5,2.0,2.0,2.0,2024-05-29 15:57:00+00:00,2024-05-29 15:57:00+00:00,2024-05-29 15:59:00+00:00,2024-05-29 16:02:00+00:00,exhaustion_reversal_short_midday_124e344457cb,-1,market,0.0,5,1,20,4,45015.0
498637,498638,498638,498638,closed,target,20552.25,20548.25,20552.0,20548.5,20572.25,20548.25,4.0,3.5,3.0,60.0,10.0,0.5,1.0,1.0,0.25,2024-05-29 17:56:00+00:00,2024-05-29 17:56:00+00:00,2024-05-29 17:57:00+00:00,2024-05-29 18:01:00+00:00,exhaustion_reversal_short_midday_124e344457cb,-1,market,0.0,5,1,20,4,45075.0
499851,499852,499856,499856,closed,timeout,20352.0,20367.75,20351.75,20368.0,20372.0,20348.0,-15.75,-16.25,-16.75,-335.0,10.0,0.5,5.0,5.0,19.0,2024-05-30 15:25:00+00:00,2024-05-30 15:25:00+00:00,2024-05-30 15:30:00+00:00,2024-05-30 15:30:00+00:00,exhaustion_reversal_short_midday_124e344457cb,-1,market,0.0,5,1,20,4,44740.0
499960,499961,499963,499963,closed,target,20410.25,20406.25,20410.0,20406.5,20430.25,20406.25,4.0,3.5,3.0,60.0,10.0,0.5,3.0,3.0,4.75,2024-05-30 17:14:00+00:00,2024-05-30 17:14:00+00:00,2024-05-30 17:17:00+00:00,2024-05-30 17:19:00+00:00,exhaustion_reversal_short_midday_124e344457cb,-1,market,0.0,5,1,20,4,44800.0
501298,501299,501299,501299,closed,target,19981.25,19977.25,19981.0,19977.5,20001.25,19977.25,4.0,3.5,3.0,60.0,10.0,0.5,1.0,1.0,2.25,2024-05-31 16:47:00+00:00,2024-05-31 16:47:00+00:00,2024-05-31 16:48:00+00:00,2024-05-31 16:52:00+00:00,exhaustion_reversal_short_midday_124e344457cb,-1,market,0.0,5,1,20,4,44860.0
501344,501345,501345,501345,closed,target,20055.25,20051.25,20055.0,20051.5,20075.25,20051.25,4.0,3.5,3.0,60.0,10.0,0.5,1.0,1.0,2.0,2024-05-31 17:33:00+00:00,2024-05-31 17:33:00+00:00,2024-05-31 17:34:00+00:00,2024-05-31 17:38:00+00:00,exhaustion_reversal_short_midday_124e344457cb,-1,market,0.0,5,1,20,4,44920.0
502584,502585,502589,502589,closed,timeout,20306.5,20310.0,20306.25,20310.25,20326.5,20302.5,-3.5,-4.0,-4.5,-90.0,10.0,0.5,5.0,5.0,12.75,2024-06-03 15:28:00+00:00,2024-06-03 15:28:00+00:00,2024-06-03 15:33:00+00:00,2024-06-03 15:33:00+00:00,exhaustion_reversal_short_midday_124e344457cb,-1,market,0.0,5,1,20,4,44830.0
503944,503945,503945,503945,closed,target,20323.25,20319.25,20323.0,20319.5,20343.25,20319.25,4.0,3.5,3.0,60.0,10.0,0.5,1.0,1.0,0.5,2024-06-04 15:23:00+00:00,2024-06-04 15:23:00+00:00,2024-06-04 15:24:00+00:00,2024-06-04 15:28:00+00:00,exhaustion_reversal_short_midday_124e344457cb,-1,market,0.0,5,1,20,4,44890.0
503947,503948,503948,503948,closed,target,20315.75,20311.75,20315.5,20312.0,20335.75,20311.75,4.0,3.5,3.0,60.0,10.0,0.5,1.0,1.0,2.25,2024-06-04 15:26:00+00:00,2024-06-04 15:26:00+00:00,2024-06-04 15:27:00+00:00,2024-06-04 15:31:00+00:00,exhaustion_reversal_short_midday_124e344457cb,-1,market,0.0,5,1,20,4,44950.0
504027,504028,504032,504032,closed,timeout,20329.75,20331.75,20329.5,20332.0,20349.75,20325.75,-2.0,-2.5,-3.0,-60.0,10.0,0.5,5.0,5.0,16.5,2024-06-04 16:46:00+00:00,2024-06-04 16:46:00+00:00,2024-06-04 16:51:00+00:00,2024-06-04 16:51:00+00:00,exhaustion_reversal_short_midday_124e344457cb,-1,market,0.0,5,1,20,4,44890.0
505292,505293,505296,505296,closed,target,20633.25,20629.25,20633.0,20629.5,20653.25,20629.25,4.0,3.5,3.0,60.0,10.0,0.5,4.0,4.0,9.25,2024-06-05 15:06:00+00:00,2024-06-05 15:06:00+00:00,2024-06-05 15:10:00+00:00,2024-06-05 15:11:00+00:00,exhaustion_reversal_short_midday_124e344457cb,-1,market,0.0,5,1,20,4,44950.0
505403,505404,505407,505407,closed,target,20696.75,20692.75,20696.5,20693.0,20716.75,20692.75,4.0,3.5,3.0,60.0,10.0,0.5,4.0,4.0,4.0,2024-06-05 16:57:00+00:00,2024-06-05 16:57:00+00:00,2024-06-05 17:01:00+00:00,2024-06-05 17:02:00+00:00,exhaustion_reversal_short_midday_124e344457cb,-1,market,0.0,5,1,20,4,45010.0
506777,506778,506778,506778,closed,target,20765.5,20761.5,20765.25,20761.75,20785.5,20761.5,4.0,3.5,3.0,60.0,10.0,0.5,1.0,1.0,3.75,2024-06-06 17:06:00+00:00,2024-06-06 17:06:00+00:00,2024-06-06 17:07:00+00:00,2024-06-06 17:11:00+00:00,exhaustion_reversal_short_midday_124e344457cb,-1,market,0.0,5,1,20,4,45070.0
506778,506779,506779,506779,closed,target,20761.75,20757.75,20761.5,20758.0,20781.75,20757.75,4.0,3.5,3.0,60.0,10.0,0.5,1.0,1.0,2.5,2024-06-06 17:07:00+00:00,2024-06-06 17:07:00+00:00,2024-06-06 17:08:00+00:00,2024-06-06 17:12:00+00:00,exhaustion_reversal_short_midday_124e344457cb,-1,market,0.0,5,1,20,4,45130.0
508044,508045,508046,508046,closed,stop,20748.75,20768.75,20748.5,20769.0,20768.75,20744.75,-20.0,-20.5,-21.0,-420.0,10.0,0.5,2.0,2.0,28.75,2024-06-07 15:29:00+00:00,2024-06-07 15:29:00+00:00,2024-06-07 15:31:00+00:00,2024-06-07 15:34:00+00:00,exhaustion_reversal_short_midday_124e344457cb,-1,market,0.0,5,1,20,4,44710.0
508088,508089,508090,508090,closed,target,20786.5,20782.5,20786.25,20782.75,20806.5,20782.5,4.0,3.5,3.0,60.0,10.0,0.5,2.0,2.0,3.25,2024-06-07 16:13:00+00:00,2024-06-07 16:13:00+00:00,2024-06-07 16:15:00+00:00,2024-06-07 16:18:00+00:00,exhaustion_reversal_short_midday_124e344457cb,-1,market,0.0,5,1,20,4,44770.0
508109,508110,508110,508110,closed,target,20808.25,20804.25,20808.0,20804.5,20828.25,20804.25,4.0,3.5,3.0,60.0,10.0,0.5,1.0,1.0,1.25,2024-06-07 16:34:00+00:00,2024-06-07 16:34:00+00:00,2024-06-07 16:35:00+00:00,2024-06-07 16:39:00+00:00,exhaustion_reversal_short_midday_124e344457cb,-1,market,0.0,5,1,20,4,44830.0
509379,509380,509384,509384,closed,timeout,20759.25,20761.5,20759.0,20761.75,20779.25,20755.25,-2.25,-2.75,-3.25,-65.0,10.0,0.5,5.0,5.0,9.75,2024-06-10 15:00:00+00:00,2024-06-10 15:00:00+00:00,2024-06-10 15:05:00+00:00,2024-06-10 15:05:00+00:00,exhaustion_reversal_short_midday_124e344457cb,-1,market,0.0,5,1,20,4,44765.0
509384,509385,509385,509385,closed,target,20761.25,20757.25,20761.0,20757.5,20781.25,20757.25,4.0,3.5,3.0,60.0,10.0,0.5,1.0,1.0,2.0,2024-06-10 15:05:00+00:00,2024-06-10 15:05:00+00:00,2024-06-10 15:06:00+00:00,2024-06-10 15:10:00+00:00,exhaustion_reversal_short_midday_124e344457cb,-1,market,0.0,5,1,20,4,44825.0
509407,509408,509412,509412,closed,timeout,20779.75,20790.0,20779.5,20790.25,20799.75,20775.75,-10.25,-10.75,-11.25,-225.0,10.0,0.5,5.0,5.0,15.0,2024-06-10 15:28:00+00:00,2024-06-10 15:28:00+00:00,2024-06-10 15:33:00+00:00,2024-06-10 15:33:00+00:00,exhaustion_reversal_short_midday_124e344457cb,-1,market,0.0,5,1,20,4,44600.0
509436,509437,509437,509437,closed,target,20800.25,20796.25,20800.0,20796.5,20820.25,20796.25,4.0,3.5,3.0,60.0,10.0,0.5,1.0,1.0,0.5,2024-06-10 15:57:00+00:00,2024-06-10 15:57:00+00:00,2024-06-10 15:58:00+00:00,2024-06-10 16:02:00+00:00,exhaustion_reversal_short_midday_124e344457cb,-1,market,0.0,5,1,20,4,44660.0
512117,512118,512120,512120,closed,target,21213.5,21209.5,21213.25,21209.75,21233.5,21209.5,4.0,3.5,3.0,60.0,10.0,0.5,3.0,3.0,7.5,2024-06-12 15:08:00+00:00,2024-06-12 15:08:00+00:00,2024-06-12 15:11:00+00:00,2024-06-12 15:13:00+00:00,exhaustion_reversal_short_midday_124e344457cb,-1,market,0.0,5,1,20,4,44720.0
512136,512137,512137,512137,closed,target,21226.25,21222.25,21226.0,21222.5,21246.25,21222.25,4.0,3.5,3.0,60.0,10.0,0.5,1.0,1.0,1.5,2024-06-12 15:27:00+00:00,2024-06-12 15:27:00+00:00,2024-06-12 15:28:00+00:00,2024-06-12 15:32:00+00:00,exhaustion_reversal_short_midday_124e344457cb,-1,market,0.0,5,1,20,4,44780.0
513487,513488,513488,513488,closed,target,21278.5,21274.5,21278.25,21274.75,21298.5,21274.5,4.0,3.5,3.0,60.0,10.0,0.5,1.0,1.0,1.5,2024-06-13 15:13:00+00:00,2024-06-13 15:13:00+00:00,2024-06-13 15:14:00+00:00,2024-06-13 15:18:00+00:00,exhaustion_reversal_short_midday_124e344457cb,-1,market,0.0,5,1,20,4,44840.0
513571,513572,513572,513572,closed,target,21229.0,21225.0,21228.75,21225.25,21249.0,21225.0,4.0,3.5,3.0,60.0,10.0,0.5,1.0,1.0,3.5,2024-06-13 16:37:00+00:00,2024-06-13 16:37:00+00:00,2024-06-13 16:38:00+00:00,2024-06-13 16:42:00+00:00,exhaustion_reversal_short_midday_124e344457cb,-1,market,0.0,5,1,20,4,44900.0
514913,514914,514916,514916,closed,target,21329.25,21325.25,21329.0,21325.5,21349.25,21325.25,4.0,3.5,3.0,60.0,10.0,0.5,3.0,3.0,3.0,2024-06-14 16:14:00+00:00,2024-06-14 16:14:00+00:00,2024-06-14 16:17:00+00:00,2024-06-14 16:19:00+00:00,exhaustion_reversal_short_midday_124e344457cb,-1,market,0.0,5,1,20,4,44960.0
514976,514977,514977,514977,closed,target,21355.0,21351.0,21354.75,21351.25,21375.0,21351.0,4.0,3.5,3.0,60.0,10.0,0.5,1.0,1.0,1.25,2024-06-14 17:17:00+00:00,2024-06-14 17:17:00+00:00,2024-06-14 17:18:00+00:00,2024-06-14 17:22:00+00:00,exhaustion_reversal_short_midday_124e344457cb,-1,market,0.0,5,1,20,4,45020.0
516346,516347,516351,516351,closed,timeout,21587.0,21587.25,21586.75,21587.5,21607.0,21583.0,-0.25,-0.75,-1.25,-25.0,10.0,0.5,5.0,5.0,13.25,2024-06-17 17:24:00+00:00,2024-06-17 17:24:00+00:00,2024-06-17 17:29:00+00:00,2024-06-17 17:29:00+00:00,exhaustion_reversal_short_midday_124e344457cb,-1,market,0.0,5,1,20,4,44995.0
516364,516365,516367,516367,closed,target,21632.0,21628.0,21631.75,21628.25,21652.0,21628.0,4.0,3.5,3.0,60.0,10.0,0.5,3.0,3.0,5.25,2024-06-17 17:42:00+00:00,2024-06-17 17:42:00+00:00,2024-06-17 17:45:00+00:00,2024-06-17 17:47:00+00:00,exhaustion_reversal_short_midday_124e344457cb,-1,market,0.0,5,1,20,4,45055.0
517634,517635,517638,517638,closed,target,21625.25,21621.25,21625.0,21621.5,21645.25,21621.25,4.0,3.5,3.0,60.0,10.0,0.5,4.0,4.0,6.5,2024-06-18 16:07:00+00:00,2024-06-18 16:07:00+00:00,2024-06-18 16:11:00+00:00,2024-06-18 16:12:00+00:00,exhaustion_reversal_short_midday_124e344457cb,-1,market,0.0,5,1,20,4,45115.0
517687,517688,517688,517688,closed,target,21638.25,21634.25,21638.0,21634.5,21658.25,21634.25,4.0,3.5,3.0,60.0,10.0,0.5,1.0,1.0,3.0,2024-06-18 17:00:00+00:00,2024-06-18 17:00:00+00:00,2024-06-18 17:01:00+00:00,2024-06-18 17:05:00+00:00,exhaustion_reversal_short_midday_124e344457cb,-1,market,0.0,5,1,20,4,45175.0
520211,520212,520213,520213,closed,target,21478.0,21474.0,21477.75,21474.25,21498.0,21474.0,4.0,3.5,3.0,60.0,10.0,0.5,2.0,2.0,4.5,2024-06-20 17:19:00+00:00,2024-06-20 17:19:00+00:00,2024-06-20 17:21:00+00:00,2024-06-20 17:24:00+00:00,exhaustion_reversal_short_midday_124e344457cb,-1,market,0.0,5,1,20,4,45235.0
521458,521459,521459,521459,closed,target,21464.0,21460.0,21463.75,21460.25,21484.0,21460.0,4.0,3.5,3.0,60.0,10.0,0.5,1.0,1.0,0.5,2024-06-21 15:21:00+00:00,2024-06-21 15:21:00+00:00,2024-06-21 15:22:00+00:00,2024-06-21 15:26:00+00:00,exhaustion_reversal_short_midday_124e344457cb,-1,market,0.0,5,1,20,4,45295.0
522800,522801,522801,522801,closed,target,21331.0,21327.0,21330.75,21327.25,21351.0,21327.0,4.0,3.5,3.0,60.0,10.0,0.5,1.0,1.0,2.0,2024-06-24 15:01:00+00:00,2024-06-24 15:01:00+00:00,2024-06-24 15:02:00+00:00,2024-06-24 15:06:00+00:00,exhaustion_reversal_short_midday_124e344457cb,-1,market,0.0,5,1,20,4,45355.0
524172,524173,524173,524173,closed,target,21328.5,21324.5,21328.25,21324.75,21348.5,21324.5,4.0,3.5,3.0,60.0,10.0,0.5,1.0,1.0,1.25,2024-06-25 15:08:00+00:00,2024-06-25 15:08:00+00:00,2024-06-25 15:09:00+00:00,2024-06-25 15:13:00+00:00,exhaustion_reversal_short_midday_124e344457cb,-1,market,0.0,5,1,20,4,45415.0
524183,524184,524184,524184,closed,target,21367.5,21363.5,21367.25,21363.75,21387.5,21363.5,4.0,3.5,3.0,60.0,10.0,0.5,1.0,1.0,2.75,2024-06-25 15:19:00+00:00,2024-06-25 15:19:00+00:00,2024-06-25 15:20:00+00:00,2024-06-25 15:24:00+00:00,exhaustion_reversal_short_midday_124e344457cb,-1,market,0.0,5,1,20,4,45475.0
524187,524188,524188,524188,closed,target,21367.75,21363.75,21367.5,21364.0,21387.75,21363.75,4.0,3.5,3.0,60.0,10.0,0.5,1.0,1.0,0.25,2024-06-25 15:23:00+00:00,2024-06-25 15:23:00+00:00,2024-06-25 15:24:00+00:00,2024-06-25 15:28:00+00:00,exhaustion_reversal_short_midday_124e344457cb,-1,market,0.0,5,1,20,4,45535.0
524330,524331,524335,524335,closed,stop,21342.75,21362.75,21342.5,21363.0,21362.75,21338.75,-20.0,-20.5,-21.0,-420.0,10.0,0.5,5.0,5.0,22.25,2024-06-25 17:46:00+00:00,2024-06-25 17:46:00+00:00,2024-06-25 17:51:00+00:00,2024-06-25 17:51:00+00:00,exhaustion_reversal_short_midday_124e344457cb,-1,market,0.0,5,1,20,4,45115.0
525587,525588,525588,525588,closed,target,21448.75,21444.75,21448.5,21445.0,21468.75,21444.75,4.0,3.5,3.0,60.0,10.0,0.5,1.0,1.0,1.5,2024-06-26 15:58:00+00:00,2024-06-26 15:58:00+00:00,2024-06-26 15:59:00+00:00,2024-06-26 16:03:00+00:00,exhaustion_reversal_short_midday_124e344457cb,-1,market,0.0,5,1,20,4,45175.0
526992,526993,526996,526996,closed,target,21477.25,21473.25,21477.0,21473.5,21497.25,21473.25,4.0,3.5,3.0,60.0,10.0,0.5,4.0,4.0,8.75,2024-06-27 16:38:00+00:00,2024-06-27 16:38:00+00:00,2024-06-27 16:42:00+00:00,2024-06-27 16:43:00+00:00,exhaustion_reversal_short_midday_124e344457cb,-1,market,0.0,5,1,20,4,45235.0
527056,527057,527057,527057,closed,target,21495.0,21491.0,21494.75,21491.25,21515.0,21491.0,4.0,3.5,3.0,60.0,10.0,0.5,1.0,1.0,0.5,2024-06-27 17:42:00+00:00,2024-06-27 17:42:00+00:00,2024-06-27 17:43:00+00:00,2024-06-27 17:47:00+00:00,exhaustion_reversal_short_midday_124e344457cb,-1,market,0.0,5,1,20,4,45295.0
528350,528351,528351,528351,closed,target,21501.25,21497.25,21501.0,21497.5,21521.25,21497.25,4.0,3.5,3.0,60.0,10.0,0.5,1.0,1.0,2.0,2024-06-28 16:31:00+00:00,2024-06-28 16:31:00+00:00,2024-06-28 16:32:00+00:00,2024-06-28 16:36:00+00:00,exhaustion_reversal_short_midday_124e344457cb,-1,market,0.0,5,1,20,4,45355.0
528390,528391,528392,528392,closed,target,21490.0,21486.0,21489.75,21486.25,21510.0,21486.0,4.0,3.5,3.0,60.0,10.0,0.5,2.0,2.0,6.0,2024-06-28 17:11:00+00:00,2024-06-28 17:11:00+00:00,2024-06-28 17:13:00+00:00,2024-06-28 17:16:00+00:00,exhaustion_reversal_short_midday_124e344457cb,-1,market,0.0,5,1,20,4,45415.0
529642,529643,529643,529643,closed,target,21364.5,21360.5,21364.25,21360.75,21384.5,21360.5,4.0,3.5,3.0,60.0,10.0,0.5,1.0,1.0,7.5,2024-07-01 15:18:00+00:00,2024-07-01 15:18:00+00:00,2024-07-01 15:19:00+00:00,2024-07-01 15:23:00+00:00,exhaustion_reversal_short_midday_124e344457cb,-1,market,0.0,5,1,20,4,45475.0
532416,532417,532421,532421,closed,timeout,21817.75,21825.0,21817.5,21825.25,21837.75,21813.75,-7.25,-7.75,-8.25,-165.0,10.0,0.5,5.0,5.0,11.25,2024-07-03 16:02:00+00:00,2024-07-03 16:02:00+00:00,2024-07-03 16:07:00+00:00,2024-07-03 16:07:00+00:00,exhaustion_reversal_short_midday_124e344457cb,-1,market,0.0,5,1,20,4,45310.0
533491,533492,533496,533496,closed,timeout,21808.75,21815.0,21808.5,21815.25,21828.75,21804.75,-6.25,-6.75,-7.25,-145.0,10.0,0.5,5.0,5.0,7.5,2024-07-04 15:00:00+00:00,2024-07-04 15:00:00+00:00,2024-07-04 15:05:00+00:00,2024-07-04 15:05:00+00:00,exhaustion_reversal_short_midday_124e344457cb,-1,market,0.0,5,1,20,4,45165.0
533585,533586,533589,533589,closed,target,21816.25,21812.25,21816.0,21812.5,21836.25,21812.25,4.0,3.5,3.0,60.0,10.0,0.5,4.0,4.0,0.5,2024-07-04 16:34:00+00:00,2024-07-04 16:34:00+00:00,2024-07-04 16:38:00+00:00,2024-07-04 16:39:00+00:00,exhaustion_reversal_short_midday_124e344457cb,-1,market,0.0,5,1,20,4,45225.0
534680,534681,534685,534685,closed,target,22031.25,22027.25,22031.0,22027.5,22051.25,22027.25,4.0,3.5,3.0,60.0,10.0,0.5,5.0,5.0,8.0,2024-07-05 15:50:00+00:00,2024-07-05 15:50:00+00:00,2024-07-05 15:55:00+00:00,2024-07-05 15:55:00+00:00,exhaustion_reversal_short_midday_124e344457cb,-1,market,0.0,5,1,20,4,45285.0
534787,534788,534792,534792,closed,target,22056.25,22052.25,22056.0,22052.5,22076.25,22052.25,4.0,3.5,3.0,60.0,10.0,0.5,5.0,5.0,8.25,2024-07-05 17:37:00+00:00,2024-07-05 17:37:00+00:00,2024-07-05 17:42:00+00:00,2024-07-05 17:42:00+00:00,exhaustion_reversal_short_midday_124e344457cb,-1,market,0.0,5,1,20,4,45345.0
536019,536020,536022,536022,closed,target,22090.5,22086.5,22090.25,22086.75,22110.5,22086.5,4.0,3.5,3.0,60.0,10.0,0.5,3.0,3.0,5.75,2024-07-08 15:24:00+00:00,2024-07-08 15:24:00+00:00,2024-07-08 15:27:00+00:00,2024-07-08 15:29:00+00:00,exhaustion_reversal_short_midday_124e344457cb,-1,market,0.0,5,1,20,4,45405.0
538818,538819,538819,538819,closed,target,22254.0,22250.0,22253.75,22250.25,22274.0,22250.0,4.0,3.5,3.0,60.0,10.0,0.5,1.0,1.0,0.5,2024-07-10 16:34:00+00:00,2024-07-10 16:34:00+00:00,2024-07-10 16:35:00+00:00,2024-07-10 16:39:00+00:00,exhaustion_reversal_short_midday_124e344457cb,-1,market,0.0,5,1,20,4,45465.0
538831,538832,538832,538832,closed,target,22271.75,22267.75,22271.5,22268.0,22291.75,22267.75,4.0,3.5,3.0,60.0,10.0,0.5,1.0,1.0,0.5,2024-07-10 16:47:00+00:00,2024-07-10 16:47:00+00:00,2024-07-10 16:48:00+00:00,2024-07-10 16:52:00+00:00,exhaustion_reversal_short_midday_124e344457cb,-1,market,0.0,5,1,20,4,45525.0
538886,538887,538891,538891,closed,timeout,22300.5,22303.75,22300.25,22304.0,22320.5,22296.5,-3.25,-3.75,-4.25,-85.0,10.0,0.5,5.0,5.0,9.0,2024-07-10 17:42:00+00:00,2024-07-10 17:42:00+00:00,2024-07-10 17:47:00+00:00,2024-07-10 17:47:00+00:00,exhaustion_reversal_short_midday_124e344457cb,-1,market,0.0,5,1,20,4,45440.0
540162,540163,540163,540163,closed,target,21950.0,21946.0,21949.75,21946.25,21970.0,21946.0,4.0,3.5,3.0,60.0,10.0,0.5,1.0,1.0,7.0,2024-07-11 16:13:00+00:00,2024-07-11 16:13:00+00:00,2024-07-11 16:14:00+00:00,2024-07-11 16:18:00+00:00,exhaustion_reversal_short_midday_124e344457cb,-1,market,0.0,5,1,20,4,45500.0
541541,541542,541542,541542,closed,target,22021.0,22017.0,22020.75,22017.25,22041.0,22017.0,4.0,3.5,3.0,60.0,10.0,0.5,1.0,1.0,5.0,2024-07-12 16:27:00+00:00,2024-07-12 16:27:00+00:00,2024-07-12 16:28:00+00:00,2024-07-12 16:32:00+00:00,exhaustion_reversal_short_midday_124e344457cb,-1,market,0.0,5,1,20,4,45560.0
541587,541588,541588,541588,closed,target,22083.25,22079.25,22083.0,22079.5,22103.25,22079.25,4.0,3.5,3.0,60.0,10.0,0.5,1.0,1.0,1.5,2024-07-12 17:13:00+00:00,2024-07-12 17:13:00+00:00,2024-07-12 17:14:00+00:00,2024-07-12 17:18:00+00:00,exhaustion_reversal_short_midday_124e344457cb,-1,market,0.0,5,1,20,4,45620.0
541626,541627,541631,541631,closed,timeout,22166.25,22173.25,22166.0,22173.5,22186.25,22162.25,-7.0,-7.5,-8.0,-160.0,10.0,0.5,5.0,5.0,8.0,2024-07-12 17:52:00+00:00,2024-07-12 17:52:00+00:00,2024-07-12 17:57:00+00:00,2024-07-12 17:57:00+00:00,exhaustion_reversal_short_midday_124e344457cb,-1,market,0.0,5,1,20,4,45460.0
542822,542823,542827,542827,closed,timeout,22180.5,22185.25,22180.25,22185.5,22200.5,22176.5,-4.75,-5.25,-5.75,-115.0,10.0,0.5,5.0,5.0,10.0,2024-07-15 15:03:00+00:00,2024-07-15 15:03:00+00:00,2024-07-15 15:08:00+00:00,2024-07-15 15:08:00+00:00,exhaustion_reversal_short_midday_124e344457cb,-1,market,0.0,5,1,20,4,45345.0
545573,545574,545574,545574,closed,target,21572.75,21568.75,21572.5,21569.0,21592.75,21568.75,4.0,3.5,3.0,60.0,10.0,0.5,1.0,1.0,2.25,2024-07-17 15:24:00+00:00,2024-07-17 15:24:00+00:00,2024-07-17 15:25:00+00:00,2024-07-17 15:29:00+00:00,exhaustion_reversal_short_midday_124e344457cb,-1,market,0.0,5,1,20,4,45405.0
545707,545708,545709,545709,closed,target,21501.25,21497.25,21501.0,21497.5,21521.25,21497.25,4.0,3.5,3.0,60.0,10.0,0.5,2.0,2.0,9.0,2024-07-17 17:38:00+00:00,2024-07-17 17:38:00+00:00,2024-07-17 17:40:00+00:00,2024-07-17 17:43:00+00:00,exhaustion_reversal_short_midday_124e344457cb,-1,market,0.0,5,1,20,4,45465.0
546958,546959,546959,546959,closed,target,21269.25,21265.25,21269.0,21265.5,21289.25,21265.25,4.0,3.5,3.0,60.0,10.0,0.5,1.0,1.0,4.0,2024-07-18 15:44:00+00:00,2024-07-18 15:44:00+00:00,2024-07-18 15:45:00+00:00,2024-07-18 15:49:00+00:00,exhaustion_reversal_short_midday_124e344457cb,-1,market,0.0,5,1,20,4,45525.0
549751,549752,549752,549752,closed,target,21397.0,21393.0,21396.75,21393.25,21417.0,21393.0,4.0,3.5,3.0,60.0,10.0,0.5,1.0,1.0,2.0,2024-07-22 16:57:00+00:00,2024-07-22 16:57:00+00:00,2024-07-22 16:58:00+00:00,2024-07-22 17:02:00+00:00,exhaustion_reversal_short_midday_124e344457cb,-1,market,0.0,5,1,20,4,45585.0
549755,549756,549760,549760,closed,stop,21391.0,21411.0,21390.75,21411.25,21411.0,21387.0,-20.0,-20.5,-21.0,-420.0,10.0,0.5,5.0,5.0,28.0,2024-07-22 17:01:00+00:00,2024-07-22 17:01:00+00:00,2024-07-22 17:06:00+00:00,2024-07-22 17:06:00+00:00,exhaustion_reversal_short_midday_124e344457cb,-1,market,0.0,5,1,20,4,45165.0
551023,551024,551025,551025,closed,target,21500.75,21496.75,21500.5,21497.0,21520.75,21496.75,4.0,3.5,3.0,60.0,10.0,0.5,2.0,2.0,6.75,2024-07-23 15:24:00+00:00,2024-07-23 15:24:00+00:00,2024-07-23 15:26:00+00:00,2024-07-23 15:29:00+00:00,exhaustion_reversal_short_midday_124e344457cb,-1,market,0.0,5,1,20,4,45225.0
552527,552528,552530,552530,closed,target,20800.75,20796.75,20800.5,20797.0,20820.75,20796.75,4.0,3.5,3.0,60.0,10.0,0.5,3.0,3.0,6.75,2024-07-24 17:43:00+00:00,2024-07-24 17:43:00+00:00,2024-07-24 17:46:00+00:00,2024-07-24 17:48:00+00:00,exhaustion_reversal_short_midday_124e344457cb,-1,market,0.0,5,1,20,4,45285.0
553789,553790,553790,553790,closed,target,20695.25,20691.25,20695.0,20691.5,20715.25,20691.25,4.0,3.5,3.0,60.0,10.0,0.5,1.0,1.0,0.75,2024-07-25 16:05:00+00:00,2024-07-25 16:05:00+00:00,2024-07-25 16:06:00+00:00,2024-07-25 16:10:00+00:00,exhaustion_reversal_short_midday_124e344457cb,-1,market,0.0,5,1,20,4,45345.0
555094,555095,555095,555095,closed,stop,20570.75,20590.75,20570.5,20591.0,20590.75,20566.75,-20.0,-20.5,-21.0,-420.0,10.0,0.5,1.0,1.0,20.25,2024-07-26 15:05:00+00:00,2024-07-26 15:05:00+00:00,2024-07-26 15:06:00+00:00,2024-07-26 15:10:00+00:00,exhaustion_reversal_short_midday_124e344457cb,-1,market,0.0,5,1,20,4,44925.0
559216,559217,559218,559218,closed,target,20935.75,20931.75,20935.5,20932.0,20955.75,20931.75,4.0,3.5,3.0,60.0,10.0,0.5,2.0,2.0,8.25,2024-07-31 15:34:00+00:00,2024-07-31 15:34:00+00:00,2024-07-31 15:36:00+00:00,2024-07-31 15:39:00+00:00,exhaustion_reversal_short_midday_124e344457cb,-1,market,0.0,5,1,20,4,44985.0
559312,559313,559317,559317,closed,timeout,20888.0,20904.5,20887.75,20904.75,20908.0,20884.0,-16.5,-17.0,-17.5,-350.0,10.0,0.5,5.0,5.0,17.5,2024-07-31 17:10:00+00:00,2024-07-31 17:10:00+00:00,2024-07-31 17:15:00+00:00,2024-07-31 17:15:00+00:00,exhaustion_reversal_short_midday_124e344457cb,-1,market,0.0,5,1,20,4,44635.0
559319,559320,559323,559323,closed,target,20899.75,20895.75,20899.5,20896.0,20919.75,20895.75,4.0,3.5,3.0,60.0,10.0,0.5,4.0,4.0,13.25,2024-07-31 17:17:00+00:00,2024-07-31 17:17:00+00:00,2024-07-31 17:21:00+00:00,2024-07-31 17:22:00+00:00,exhaustion_reversal_short_midday_124e344457cb,-1,market,0.0,5,1,20,4,44695.0
560617,560618,560619,560619,closed,target,20641.75,20637.75,20641.5,20638.0,20661.75,20637.75,4.0,3.5,3.0,60.0,10.0,0.5,2.0,2.0,9.0,2024-08-01 16:10:00+00:00,2024-08-01 16:10:00+00:00,2024-08-01 16:12:00+00:00,2024-08-01 16:15:00+00:00,exhaustion_reversal_short_midday_124e344457cb,-1,market,0.0,5,1,20,4,44755.0
561951,561952,561952,561952,closed,target,19985.5,19981.5,19985.25,19981.75,20005.5,19981.5,4.0,3.5,3.0,60.0,10.0,0.5,1.0,1.0,11.75,2024-08-02 15:39:00+00:00,2024-08-02 15:39:00+00:00,2024-08-02 15:40:00+00:00,2024-08-02 15:44:00+00:00,exhaustion_reversal_short_midday_124e344457cb,-1,market,0.0,5,1,20,4,44815.0
564740,564741,564745,564745,closed,stop,19794.5,19814.5,19794.25,19814.75,19814.5,19790.5,-20.0,-20.5,-21.0,-420.0,10.0,0.5,5.0,5.0,49.25,2024-08-06 16:48:00+00:00,2024-08-06 16:48:00+00:00,2024-08-06 16:53:00+00:00,2024-08-06 16:53:00+00:00,exhaustion_reversal_short_midday_124e344457cb,-1,market,0.0,5,1,20,4,44395.0
564752,564753,564753,564753,closed,target,19860.25,19856.25,19860.0,19856.5,19880.25,19856.25,4.0,3.5,3.0,60.0,10.0,0.5,1.0,1.0,8.75,2024-08-06 17:00:00+00:00,2024-08-06 17:00:00+00:00,2024-08-06 17:01:00+00:00,2024-08-06 17:05:00+00:00,exhaustion_reversal_short_midday_124e344457cb,-1,market,0.0,5,1,20,4,44455.0
567432,567433,567435,567435,closed,target,19887.25,19883.25,19887.0,19883.5,19907.25,19883.25,4.0,3.5,3.0,60.0,10.0,0.5,3.0,3.0,14.75,2024-08-08 16:10:00+00:00,2024-08-08 16:10:00+00:00,2024-08-08 16:13:00+00:00,2024-08-08 16:15:00+00:00,exhaustion_reversal_short_midday_124e344457cb,-1,market,0.0,5,1,20,4,44515.0
567473,567474,567474,567474,closed,target,19840.5,19836.5,19840.25,19836.75,19860.5,19836.5,4.0,3.5,3.0,60.0,10.0,0.5,1.0,1.0,4.75,2024-08-08 16:51:00+00:00,2024-08-08 16:51:00+00:00,2024-08-08 16:52:00+00:00,2024-08-08 16:56:00+00:00,exhaustion_reversal_short_midday_124e344457cb,-1,market,0.0,5,1,20,4,44575.0
568822,568823,568827,568827,closed,stop,19926.0,19946.0,19925.75,19946.25,19946.0,19922.0,-20.0,-20.5,-21.0,-420.0,10.0,0.5,5.0,5.0,24.0,2024-08-09 16:35:00+00:00,2024-08-09 16:35:00+00:00,2024-08-09 16:40:00+00:00,2024-08-09 16:40:00+00:00,exhaustion_reversal_short_midday_124e344457cb,-1,market,0.0,5,1,20,4,44155.0
568883,568884,568884,568884,closed,target,20086.5,20082.5,20086.25,20082.75,20106.5,20082.5,4.0,3.5,3.0,60.0,10.0,0.5,1.0,1.0,6.25,2024-08-09 17:36:00+00:00,2024-08-09 17:36:00+00:00,2024-08-09 17:37:00+00:00,2024-08-09 17:41:00+00:00,exhaustion_reversal_short_midday_124e344457cb,-1,market,0.0,5,1,20,4,44215.0
570235,570236,570238,570238,closed,target,20107.0,20103.0,20106.75,20103.25,20127.0,20103.0,4.0,3.5,3.0,60.0,10.0,0.5,3.0,3.0,5.25,2024-08-12 17:23:00+00:00,2024-08-12 17:23:00+00:00,2024-08-12 17:26:00+00:00,2024-08-12 17:28:00+00:00,exhaustion_reversal_short_midday_124e344457cb,-1,market,0.0,5,1,20,4,44275.0
571569,571570,571574,571574,closed,timeout,20492.75,20494.0,20492.5,20494.25,20512.75,20488.75,-1.25,-1.75,-2.25,-45.0,10.0,0.5,5.0,5.0,6.5,2024-08-13 16:52:00+00:00,2024-08-13 16:52:00+00:00,2024-08-13 16:57:00+00:00,2024-08-13 16:57:00+00:00,exhaustion_reversal_short_midday_124e344457cb,-1,market,0.0,5,1,20,4,44230.0
572860,572861,572863,572863,closed,stop,20562.5,20582.5,20562.25,20582.75,20582.5,20558.5,-20.0,-20.5,-21.0,-420.0,10.0,0.5,3.0,3.0,21.5,2024-08-14 15:38:00+00:00,2024-08-14 15:38:00+00:00,2024-08-14 15:41:00+00:00,2024-08-14 15:43:00+00:00,exhaustion_reversal_short_midday_124e344457cb,-1,market,0.0,5,1,20,4,43810.0
574356,574357,574361,574361,closed,timeout,21006.25,21010.75,21006.0,21011.0,21026.25,21002.25,-4.5,-5.0,-5.5,-110.0,10.0,0.5,5.0,5.0,11.75,2024-08-15 17:49:00+00:00,2024-08-15 17:49:00+00:00,2024-08-15 17:54:00+00:00,2024-08-15 17:54:00+00:00,exhaustion_reversal_short_midday_124e344457cb,-1,market,0.0,5,1,20,4,43700.0
575650,575651,575651,575651,closed,target,21064.75,21060.75,21064.5,21061.0,21084.75,21060.75,4.0,3.5,3.0,60.0,10.0,0.5,1.0,1.0,0.75,2024-08-16 16:38:00+00:00,2024-08-16 16:38:00+00:00,2024-08-16 16:39:00+00:00,2024-08-16 16:43:00+00:00,exhaustion_reversal_short_midday_124e344457cb,-1,market,0.0,5,1,20,4,43760.0
575673,575674,575674,575674,closed,target,21081.75,21077.75,21081.5,21078.0,21101.75,21077.75,4.0,3.5,3.0,60.0,10.0,0.5,1.0,1.0,2.25,2024-08-16 17:01:00+00:00,2024-08-16 17:01:00+00:00,2024-08-16 17:02:00+00:00,2024-08-16 17:06:00+00:00,exhaustion_reversal_short_midday_124e344457cb,-1,market,0.0,5,1,20,4,43820.0
575698,575699,575699,575699,closed,target,21073.75,21069.75,21073.5,21070.0,21093.75,21069.75,4.0,3.5,3.0,60.0,10.0,0.5,1.0,1.0,0.5,2024-08-16 17:26:00+00:00,2024-08-16 17:26:00+00:00,2024-08-16 17:27:00+00:00,2024-08-16 17:31:00+00:00,exhaustion_reversal_short_midday_124e344457cb,-1,market,0.0,5,1,20,4,43880.0
577021,577022,577022,577022,closed,target,21103.0,21099.0,21102.75,21099.25,21123.0,21099.0,4.0,3.5,3.0,60.0,10.0,0.5,1.0,1.0,1.25,2024-08-19 16:45:00+00:00,2024-08-19 16:45:00+00:00,2024-08-19 16:46:00+00:00,2024-08-19 16:50:00+00:00,exhaustion_reversal_short_midday_124e344457cb,-1,market,0.0,5,1,20,4,43940.0
577089,577090,577090,577090,closed,target,21142.75,21138.75,21142.5,21139.0,21162.75,21138.75,4.0,3.5,3.0,60.0,10.0,0.5,1.0,1.0,3.25,2024-08-19 17:53:00+00:00,2024-08-19 17:53:00+00:00,2024-08-19 17:54:00+00:00,2024-08-19 17:58:00+00:00,exhaustion_reversal_short_midday_124e344457cb,-1,market,0.0,5,1,20,4,44000.0
578412,578413,578413,578413,closed,target,21215.25,21211.25,21215.0,21211.5,21235.25,21211.25,4.0,3.5,3.0,60.0,10.0,0.5,1.0,1.0,2.75,2024-08-20 17:11:00+00:00,2024-08-20 17:11:00+00:00,2024-08-20 17:12:00+00:00,2024-08-20 17:16:00+00:00,exhaustion_reversal_short_midday_124e344457cb,-1,market,0.0,5,1,20,4,44060.0
578434,578435,578438,578438,closed,target,21220.25,21216.25,21220.0,21216.5,21240.25,21216.25,4.0,3.5,3.0,60.0,10.0,0.5,4.0,4.0,4.75,2024-08-20 17:33:00+00:00,2024-08-20 17:33:00+00:00,2024-08-20 17:37:00+00:00,2024-08-20 17:38:00+00:00,exhaustion_reversal_short_midday_124e344457cb,-1,market,0.0,5,1,20,4,44120.0
579658,579659,579659,579659,closed,target,21313.5,21309.5,21313.25,21309.75,21333.5,21309.5,4.0,3.5,3.0,60.0,10.0,0.5,1.0,1.0,11.25,2024-08-21 15:13:00+00:00,2024-08-21 15:13:00+00:00,2024-08-21 15:14:00+00:00,2024-08-21 15:18:00+00:00,exhaustion_reversal_short_midday_124e344457cb,-1,market,0.0,5,1,20,4,44180.0
579663,579664,579665,579665,closed,target,21311.25,21307.25,21311.0,21307.5,21331.25,21307.25,4.0,3.5,3.0,60.0,10.0,0.5,2.0,2.0,9.75,2024-08-21 15:18:00+00:00,2024-08-21 15:18:00+00:00,2024-08-21 15:20:00+00:00,2024-08-21 15:23:00+00:00,exhaustion_reversal_short_midday_124e344457cb,-1,market,0.0,5,1,20,4,44240.0
579733,579734,579738,579738,closed,timeout,21269.75,21276.5,21269.5,21276.75,21289.75,21265.75,-6.75,-7.25,-7.75,-155.0,10.0,0.5,5.0,5.0,12.25,2024-08-21 16:28:00+00:00,2024-08-21 16:28:00+00:00,2024-08-21 16:33:00+00:00,2024-08-21 16:33:00+00:00,exhaustion_reversal_short_midday_124e344457cb,-1,market,0.0,5,1,20,4,44085.0
579821,579822,579822,579822,closed,target,21322.0,21318.0,21321.75,21318.25,21342.0,21318.0,4.0,3.5,3.0,60.0,10.0,0.5,1.0,1.0,2.0,2024-08-21 17:56:00+00:00,2024-08-21 17:56:00+00:00,2024-08-21 17:57:00+00:00,2024-08-21 18:01:00+00:00,exhaustion_reversal_short_midday_124e344457cb,-1,market,0.0,5,1,20,4,44145.0
581102,581103,581104,581104,closed,target,21252.5,21248.5,21252.25,21248.75,21272.5,21248.5,4.0,3.5,3.0,60.0,10.0,0.5,2.0,2.0,4.0,2024-08-22 16:32:00+00:00,2024-08-22 16:32:00+00:00,2024-08-22 16:34:00+00:00,2024-08-22 16:37:00+00:00,exhaustion_reversal_short_midday_124e344457cb,-1,market,0.0,5,1,20,4,44205.0
582395,582396,582396,582396,closed,target,21222.25,21218.25,21222.0,21218.5,21242.25,21218.25,4.0,3.5,3.0,60.0,10.0,0.5,1.0,1.0,5.0,2024-08-23 15:20:00+00:00,2024-08-23 15:20:00+00:00,2024-08-23 15:21:00+00:00,2024-08-23 15:25:00+00:00,exhaustion_reversal_short_midday_124e344457cb,-1,market,0.0,5,1,20,4,44265.0
582494,582495,582495,582495,closed,target,21121.0,21117.0,21120.75,21117.25,21141.0,21117.0,4.0,3.5,3.0,60.0,10.0,0.5,1.0,1.0,1.75,2024-08-23 16:59:00+00:00,2024-08-23 16:59:00+00:00,2024-08-23 17:00:00+00:00,2024-08-23 17:04:00+00:00,exhaustion_reversal_short_midday_124e344457cb,-1,market,0.0,5,1,20,4,44325.0
582528,582529,582529,582529,closed,target,21168.25,21164.25,21168.0,21164.5,21188.25,21164.25,4.0,3.5,3.0,60.0,10.0,0.5,1.0,1.0,1.0,2024-08-23 17:33:00+00:00,2024-08-23 17:33:00+00:00,2024-08-23 17:34:00+00:00,2024-08-23 17:38:00+00:00,exhaustion_reversal_short_midday_124e344457cb,-1,market,0.0,5,1,20,4,44385.0
585181,585182,585182,585182,closed,target,21070.0,21066.0,21069.75,21066.25,21090.0,21066.0,4.0,3.5,3.0,60.0,10.0,0.5,1.0,1.0,1.0,2024-08-27 16:17:00+00:00,2024-08-27 16:17:00+00:00,2024-08-27 16:18:00+00:00,2024-08-27 16:22:00+00:00,exhaustion_reversal_short_midday_124e344457cb,-1,market,0.0,5,1,20,4,44445.0
585219,585220,585220,585220,closed,target,21067.0,21063.0,21066.75,21063.25,21087.0,21063.0,4.0,3.5,3.0,60.0,10.0,0.5,1.0,1.0,2.75,2024-08-27 16:55:00+00:00,2024-08-27 16:55:00+00:00,2024-08-27 16:56:00+00:00,2024-08-27 17:00:00+00:00,exhaustion_reversal_short_midday_124e344457cb,-1,market,0.0,5,1,20,4,44505.0
586564,586565,586566,586566,closed,target,20850.25,20846.25,20850.0,20846.5,20870.25,20846.25,4.0,3.5,3.0,60.0,10.0,0.5,2.0,2.0,12.5,2024-08-28 16:35:00+00:00,2024-08-28 16:35:00+00:00,2024-08-28 16:37:00+00:00,2024-08-28 16:40:00+00:00,exhaustion_reversal_short_midday_124e344457cb,-1,market,0.0,5,1,20,4,44565.0
586589,586590,586590,586590,closed,target,20885.75,20881.75,20885.5,20882.0,20905.75,20881.75,4.0,3.5,3.0,60.0,10.0,0.5,1.0,1.0,3.5,2024-08-28 17:00:00+00:00,2024-08-28 17:00:00+00:00,2024-08-28 17:01:00+00:00,2024-08-28 17:05:00+00:00,exhaustion_reversal_short_midday_124e344457cb,-1,market,0.0,5,1,20,4,44625.0
590670,590671,590673,590673,closed,target,21084.0,21080.0,21083.75,21080.25,21104.0,21080.0,4.0,3.5,3.0,60.0,10.0,0.5,3.0,3.0,0.5,2024-09-02 16:46:00+00:00,2024-09-02 16:46:00+00:00,2024-09-02 16:49:00+00:00,2024-09-02 16:51:00+00:00,exhaustion_reversal_short_midday_124e344457cb,-1,market,0.0,5,1,20,4,44685.0
591783,591784,591784,591784,closed,target,20620.25,20616.25,20620.0,20616.5,20640.25,20616.25,4.0,3.5,3.0,60.0,10.0,0.5,1.0,1.0,5.75,2024-09-03 16:20:00+00:00,2024-09-03 16:20:00+00:00,2024-09-03 16:21:00+00:00,2024-09-03 16:25:00+00:00,exhaustion_reversal_short_midday_124e344457cb,-1,market,0.0,5,1,20,4,44745.0
591846,591847,591851,591851,closed,timeout,20598.0,20609.0,20597.75,20609.25,20618.0,20594.0,-11.0,-11.5,-12.0,-240.0,10.0,0.5,5.0,5.0,14.0,2024-09-03 17:23:00+00:00,2024-09-03 17:23:00+00:00,2024-09-03 17:28:00+00:00,2024-09-03 17:28:00+00:00,exhaustion_reversal_short_midday_124e344457cb,-1,market,0.0,5,1,20,4,44505.0
593069,593070,593070,593070,closed,target,20519.75,20515.75,20519.5,20516.0,20539.75,20515.75,4.0,3.5,3.0,60.0,10.0,0.5,1.0,1.0,3.0,2024-09-04 15:01:00+00:00,2024-09-04 15:01:00+00:00,2024-09-04 15:02:00+00:00,2024-09-04 15:06:00+00:00,exhaustion_reversal_short_midday_124e344457cb,-1,market,0.0,5,1,20,4,44565.0
593152,593153,593155,593155,closed,stop,20460.0,20480.0,20459.75,20480.25,20480.0,20456.0,-20.0,-20.5,-21.0,-420.0,10.0,0.5,3.0,3.0,26.0,2024-09-04 16:24:00+00:00,2024-09-04 16:24:00+00:00,2024-09-04 16:27:00+00:00,2024-09-04 16:29:00+00:00,exhaustion_reversal_short_midday_124e344457cb,-1,market,0.0,5,1,20,4,44145.0
593164,593165,593165,593165,closed,target,20511.75,20507.75,20511.5,20508.0,20531.75,20507.75,4.0,3.5,3.0,60.0,10.0,0.5,1.0,1.0,5.0,2024-09-04 16:36:00+00:00,2024-09-04 16:36:00+00:00,2024-09-04 16:37:00+00:00,2024-09-04 16:41:00+00:00,exhaustion_reversal_short_midday_124e344457cb,-1,market,0.0,5,1,20,4,44205.0
595801,595802,595802,595802,closed,target,20035.75,20031.75,20035.5,20032.0,20055.75,20031.75,4.0,3.5,3.0,60.0,10.0,0.5,1.0,1.0,14.5,2024-09-06 15:03:00+00:00,2024-09-06 15:03:00+00:00,2024-09-06 15:04:00+00:00,2024-09-06 15:08:00+00:00,exhaustion_reversal_short_midday_124e344457cb,-1,market,0.0,5,1,20,4,44265.0
595802,595803,595803,595803,closed,target,20029.0,20025.0,20028.75,20025.25,20049.0,20025.0,4.0,3.5,3.0,60.0,10.0,0.5,1.0,1.0,5.0,2024-09-06 15:04:00+00:00,2024-09-06 15:04:00+00:00,2024-09-06 15:05:00+00:00,2024-09-06 15:09:00+00:00,exhaustion_reversal_short_midday_124e344457cb,-1,market,0.0,5,1,20,4,44325.0
595931,595932,595936,595936,closed,timeout,19938.0,19945.0,19937.75,19945.25,19958.0,19934.0,-7.0,-7.5,-8.0,-160.0,10.0,0.5,5.0,5.0,17.25,2024-09-06 17:13:00+00:00,2024-09-06 17:13:00+00:00,2024-09-06 17:18:00+00:00,2024-09-06 17:18:00+00:00,exhaustion_reversal_short_midday_124e344457cb,-1,market,0.0,5,1,20,4,44165.0
597191,597192,597192,597192,closed,stop,19971.75,19991.75,19971.5,19992.0,19991.75,19967.75,-20.0,-20.5,-21.0,-420.0,10.0,0.5,1.0,1.0,21.0,2024-09-09 15:28:00+00:00,2024-09-09 15:28:00+00:00,2024-09-09 15:29:00+00:00,2024-09-09 15:33:00+00:00,exhaustion_reversal_short_midday_124e344457cb,-1,market,0.0,5,1,20,4,43745.0
597273,597274,597278,597278,closed,timeout,20135.25,20143.0,20135.0,20143.25,20155.25,20131.25,-7.75,-8.25,-8.75,-175.0,10.0,0.5,5.0,5.0,16.5,2024-09-09 16:50:00+00:00,2024-09-09 16:50:00+00:00,2024-09-09 16:55:00+00:00,2024-09-09 16:55:00+00:00,exhaustion_reversal_short_midday_124e344457cb,-1,market,0.0,5,1,20,4,43570.0
598614,598615,598615,598615,closed,target,20077.5,20073.5,20077.25,20073.75,20097.5,20073.5,4.0,3.5,3.0,60.0,10.0,0.5,1.0,1.0,1.25,2024-09-10 16:26:00+00:00,2024-09-10 16:26:00+00:00,2024-09-10 16:27:00+00:00,2024-09-10 16:31:00+00:00,exhaustion_reversal_short_midday_124e344457cb,-1,market,0.0,5,1,20,4,43630.0
598634,598635,598635,598635,closed,target,20114.0,20110.0,20113.75,20110.25,20134.0,20110.0,4.0,3.5,3.0,60.0,10.0,0.5,1.0,1.0,2.0,2024-09-10 16:46:00+00:00,2024-09-10 16:46:00+00:00,2024-09-10 16:47:00+00:00,2024-09-10 16:51:00+00:00,exhaustion_reversal_short_midday_124e344457cb,-1,market,0.0,5,1,20,4,43690.0
598667,598668,598668,598668,closed,target,20203.0,20199.0,20202.75,20199.25,20223.0,20199.0,4.0,3.5,3.0,60.0,10.0,0.5,1.0,1.0,1.5,2024-09-10 17:19:00+00:00,2024-09-10 17:19:00+00:00,2024-09-10 17:20:00+00:00,2024-09-10 17:24:00+00:00,exhaustion_reversal_short_midday_124e344457cb,-1,market,0.0,5,1,20,4,43750.0
599934,599935,599935,599935,closed,stop,20189.5,20209.5,20189.25,20209.75,20209.5,20185.5,-20.0,-20.5,-21.0,-420.0,10.0,0.5,1.0,1.0,23.0,2024-09-11 15:41:00+00:00,2024-09-11 15:41:00+00:00,2024-09-11 15:42:00+00:00,2024-09-11 15:46:00+00:00,exhaustion_reversal_short_midday_124e344457cb,-1,market,0.0,5,1,20,4,43330.0
601379,601380,601380,601380,closed,target,20809.25,20805.25,20809.0,20805.5,20829.25,20805.25,4.0,3.5,3.0,60.0,10.0,0.5,1.0,1.0,6.0,2024-09-12 17:01:00+00:00,2024-09-12 17:01:00+00:00,2024-09-12 17:02:00+00:00,2024-09-12 17:06:00+00:00,exhaustion_reversal_short_midday_124e344457cb,-1,market,0.0,5,1,20,4,43390.0
601419,601420,601420,601420,closed,target,20860.5,20856.5,20860.25,20856.75,20880.5,20856.5,4.0,3.5,3.0,60.0,10.0,0.5,1.0,1.0,4.25,2024-09-12 17:41:00+00:00,2024-09-12 17:41:00+00:00,2024-09-12 17:42:00+00:00,2024-09-12 17:46:00+00:00,exhaustion_reversal_short_midday_124e344457cb,-1,market,0.0,5,1,20,4,43450.0
601421,601422,601422,601422,closed,target,20858.0,20854.0,20857.75,20854.25,20878.0,20854.0,4.0,3.5,3.0,60.0,10.0,0.5,1.0,1.0,2.0,2024-09-12 17:43:00+00:00,2024-09-12 17:43:00+00:00,2024-09-12 17:44:00+00:00,2024-09-12 17:48:00+00:00,exhaustion_reversal_short_midday_124e344457cb,-1,market,0.0,5,1,20,4,43510.0
605490,605491,605495,605495,closed,stop,20870.25,20890.25,20870.0,20890.5,20890.25,20866.25,-20.0,-20.5,-21.0,-420.0,10.0,0.5,5.0,5.0,22.0,2024-09-17 17:26:00+00:00,2024-09-17 17:26:00+00:00,2024-09-17 17:31:00+00:00,2024-09-17 17:31:00+00:00,exhaustion_reversal_short_midday_124e344457cb,-1,market,0.0,5,1,20,4,43090.0
606788,606789,606793,606793,closed,timeout,20842.75,20854.5,20842.5,20854.75,20862.75,20838.75,-11.75,-12.25,-12.75,-255.0,10.0,0.5,5.0,5.0,20.0,2024-09-18 16:20:00+00:00,2024-09-18 16:20:00+00:00,2024-09-18 16:25:00+00:00,2024-09-18 16:25:00+00:00,exhaustion_reversal_short_midday_124e344457cb,-1,market,0.0,5,1,20,4,42835.0
606798,606799,606799,606799,closed,target,20868.0,20864.0,20867.75,20864.25,20888.0,20864.0,4.0,3.5,3.0,60.0,10.0,0.5,1.0,1.0,2.25,2024-09-18 16:30:00+00:00,2024-09-18 16:30:00+00:00,2024-09-18 16:31:00+00:00,2024-09-18 16:35:00+00:00,exhaustion_reversal_short_midday_124e344457cb,-1,market,0.0,5,1,20,4,42895.0
606826,606827,606831,606831,closed,timeout,20900.0,20899.75,20899.75,20900.0,20920.0,20896.0,0.25,-0.25,-0.75,-15.0,10.0,0.5,5.0,5.0,11.25,2024-09-18 16:58:00+00:00,2024-09-18 16:58:00+00:00,2024-09-18 17:03:00+00:00,2024-09-18 17:03:00+00:00,exhaustion_reversal_short_midday_124e344457cb,-1,market,0.0,5,1,20,4,42880.0
608142,608143,608146,608146,closed,target,21328.25,21324.25,21328.0,21324.5,21348.25,21324.25,4.0,3.5,3.0,60.0,10.0,0.5,4.0,4.0,14.25,2024-09-19 16:09:00+00:00,2024-09-19 16:09:00+00:00,2024-09-19 16:13:00+00:00,2024-09-19 16:14:00+00:00,exhaustion_reversal_short_midday_124e344457cb,-1,market,0.0,5,1,20,4,42940.0
610838,610839,610843,610843,closed,timeout,21299.5,21308.75,21299.25,21309.0,21319.5,21295.5,-9.25,-9.75,-10.25,-205.0,10.0,0.5,5.0,5.0,13.0,2024-09-23 15:38:00+00:00,2024-09-23 15:38:00+00:00,2024-09-23 15:43:00+00:00,2024-09-23 15:43:00+00:00,exhaustion_reversal_short_midday_124e344457cb,-1,market,0.0,5,1,20,4,42735.0
612168,612169,612173,612173,closed,timeout,21269.25,21281.75,21269.0,21282.0,21289.25,21265.25,-12.5,-13.0,-13.5,-270.0,10.0,0.5,5.0,5.0,17.0,2024-09-24 15:03:00+00:00,2024-09-24 15:03:00+00:00,2024-09-24 15:08:00+00:00,2024-09-24 15:08:00+00:00,exhaustion_reversal_short_midday_124e344457cb,-1,market,0.0,5,1,20,4,42465.0
615048,615049,615053,615053,closed,timeout,21455.0,21463.25,21454.75,21463.5,21475.0,21451.0,-8.25,-8.75,-9.25,-185.0,10.0,0.5,5.0,5.0,12.0,2024-09-26 17:33:00+00:00,2024-09-26 17:33:00+00:00,2024-09-26 17:38:00+00:00,2024-09-26 17:38:00+00:00,exhaustion_reversal_short_midday_124e344457cb,-1,market,0.0,5,1,20,4,42280.0
616429,616430,616433,616433,closed,stop,21440.0,21460.0,21439.75,21460.25,21460.0,21436.0,-20.0,-20.5,-21.0,-420.0,10.0,0.5,4.0,4.0,21.5,2024-09-27 17:49:00+00:00,2024-09-27 17:49:00+00:00,2024-09-27 17:53:00+00:00,2024-09-27 17:54:00+00:00,exhaustion_reversal_short_midday_124e344457cb,-1,market,0.0,5,1,20,4,41860.0
616438,616439,616441,616441,closed,stop,21465.0,21485.0,21464.75,21485.25,21485.0,21461.0,-20.0,-20.5,-21.0,-420.0,10.0,0.5,3.0,3.0,21.5,2024-09-27 17:58:00+00:00,2024-09-27 17:58:00+00:00,2024-09-27 18:01:00+00:00,2024-09-27 18:03:00+00:00,exhaustion_reversal_short_midday_124e344457cb,-1,market,0.0,5,1,20,4,41440.0
617676,617677,617677,617677,closed,target,21417.75,21413.75,21417.5,21414.0,21437.75,21413.75,4.0,3.5,3.0,60.0,10.0,0.5,1.0,1.0,0.5,2024-09-30 15:51:00+00:00,2024-09-30 15:51:00+00:00,2024-09-30 15:52:00+00:00,2024-09-30 15:56:00+00:00,exhaustion_reversal_short_midday_124e344457cb,-1,market,0.0,5,1,20,4,41500.0
619028,619029,619029,619029,closed,target,21112.25,21108.25,21112.0,21108.5,21132.25,21108.25,4.0,3.5,3.0,60.0,10.0,0.5,1.0,1.0,19.25,2024-10-01 15:38:00+00:00,2024-10-01 15:38:00+00:00,2024-10-01 15:39:00+00:00,2024-10-01 15:43:00+00:00,exhaustion_reversal_short_midday_124e344457cb,-1,market,0.0,5,1,20,4,41560.0
619106,619107,619107,619107,closed,target,21125.0,21121.0,21124.75,21121.25,21145.0,21121.0,4.0,3.5,3.0,60.0,10.0,0.5,1.0,1.0,8.0,2024-10-01 16:56:00+00:00,2024-10-01 16:56:00+00:00,2024-10-01 16:57:00+00:00,2024-10-01 17:01:00+00:00,exhaustion_reversal_short_midday_124e344457cb,-1,market,0.0,5,1,20,4,41620.0
621758,621759,621759,621759,closed,target,21217.0,21213.0,21216.75,21213.25,21237.0,21213.0,4.0,3.5,3.0,60.0,10.0,0.5,1.0,1.0,3.75,2024-10-03 15:38:00+00:00,2024-10-03 15:38:00+00:00,2024-10-03 15:39:00+00:00,2024-10-03 15:43:00+00:00,exhaustion_reversal_short_midday_124e344457cb,-1,market,0.0,5,1,20,4,41680.0
621865,621866,621866,621866,closed,target,21146.5,21142.5,21146.25,21142.75,21166.5,21142.5,4.0,3.5,3.0,60.0,10.0,0.5,1.0,1.0,19.75,2024-10-03 17:25:00+00:00,2024-10-03 17:25:00+00:00,2024-10-03 17:26:00+00:00,2024-10-03 17:30:00+00:00,exhaustion_reversal_short_midday_124e344457cb,-1,market,0.0,5,1,20,4,41740.0
623094,623095,623095,623095,closed,target,21340.25,21336.25,21340.0,21336.5,21360.25,21336.25,4.0,3.5,3.0,60.0,10.0,0.5,1.0,1.0,4.5,2024-10-04 15:09:00+00:00,2024-10-04 15:09:00+00:00,2024-10-04 15:10:00+00:00,2024-10-04 15:14:00+00:00,exhaustion_reversal_short_midday_124e344457cb,-1,market,0.0,5,1,20,4,41800.0
623146,623147,623147,623147,closed,target,21335.0,21331.0,21334.75,21331.25,21355.0,21331.0,4.0,3.5,3.0,60.0,10.0,0.5,1.0,1.0,7.25,2024-10-04 16:01:00+00:00,2024-10-04 16:01:00+00:00,2024-10-04 16:02:00+00:00,2024-10-04 16:06:00+00:00,exhaustion_reversal_short_midday_124e344457cb,-1,market,0.0,5,1,20,4,41860.0
624576,624577,624577,624577,closed,target,21348.5,21344.5,21348.25,21344.75,21368.5,21344.5,4.0,3.5,3.0,60.0,10.0,0.5,1.0,1.0,0.75,2024-10-07 17:06:00+00:00,2024-10-07 17:06:00+00:00,2024-10-07 17:07:00+00:00,2024-10-07 17:11:00+00:00,exhaustion_reversal_short_midday_124e344457cb,-1,market,0.0,5,1,20,4,41920.0
624581,624582,624582,624582,closed,target,21356.0,21352.0,21355.75,21352.25,21376.0,21352.0,4.0,3.5,3.0,60.0,10.0,0.5,1.0,1.0,2.0,2024-10-07 17:11:00+00:00,2024-10-07 17:11:00+00:00,2024-10-07 17:12:00+00:00,2024-10-07 17:16:00+00:00,exhaustion_reversal_short_midday_124e344457cb,-1,market,0.0,5,1,20,4,41980.0
628608,628609,628613,628613,closed,timeout,21674.5,21681.0,21674.25,21681.25,21694.5,21670.5,-6.5,-7.0,-7.5,-150.0,10.0,0.5,5.0,5.0,13.5,2024-10-10 16:03:00+00:00,2024-10-10 16:03:00+00:00,2024-10-10 16:08:00+00:00,2024-10-10 16:08:00+00:00,exhaustion_reversal_short_midday_124e344457cb,-1,market,0.0,5,1,20,4,41830.0
628613,628614,628614,628614,closed,target,21681.25,21677.25,21681.0,21677.5,21701.25,21677.25,4.0,3.5,3.0,60.0,10.0,0.5,1.0,1.0,0.5,2024-10-10 16:08:00+00:00,2024-10-10 16:08:00+00:00,2024-10-10 16:09:00+00:00,2024-10-10 16:13:00+00:00,exhaustion_reversal_short_midday_124e344457cb,-1,market,0.0,5,1,20,4,41890.0
628623,628624,628624,628624,closed,target,21700.5,21696.5,21700.25,21696.75,21720.5,21696.5,4.0,3.5,3.0,60.0,10.0,0.5,1.0,1.0,1.5,2024-10-10 16:18:00+00:00,2024-10-10 16:18:00+00:00,2024-10-10 16:19:00+00:00,2024-10-10 16:23:00+00:00,exhaustion_reversal_short_midday_124e344457cb,-1,market,0.0,5,1,20,4,41950.0
632807,632808,632808,632808,closed,target,21580.5,21576.5,21580.25,21576.75,21600.5,21576.5,4.0,3.5,3.0,60.0,10.0,0.5,1.0,1.0,2.25,2024-10-15 17:47:00+00:00,2024-10-15 17:47:00+00:00,2024-10-15 17:48:00+00:00,2024-10-15 17:52:00+00:00,exhaustion_reversal_short_midday_124e344457cb,-1,market,0.0,5,1,20,4,42010.0
634126,634127,634131,634131,closed,timeout,21525.25,21530.0,21525.0,21530.25,21545.25,21521.25,-4.75,-5.25,-5.75,-115.0,10.0,0.5,5.0,5.0,14.25,2024-10-16 17:01:00+00:00,2024-10-16 17:01:00+00:00,2024-10-16 17:06:00+00:00,2024-10-16 17:06:00+00:00,exhaustion_reversal_short_midday_124e344457cb,-1,market,0.0,5,1,20,4,41895.0
635385,635386,635387,635387,closed,target,21635.5,21631.5,21635.25,21631.75,21655.5,21631.5,4.0,3.5,3.0,60.0,10.0,0.5,2.0,2.0,12.0,2024-10-17 15:16:00+00:00,2024-10-17 15:16:00+00:00,2024-10-17 15:18:00+00:00,2024-10-17 15:21:00+00:00,exhaustion_reversal_short_midday_124e344457cb,-1,market,0.0,5,1,20,4,41955.0
636831,636832,636832,636832,closed,target,21676.75,21672.75,21676.5,21673.0,21696.75,21672.75,4.0,3.5,3.0,60.0,10.0,0.5,1.0,1.0,2.25,2024-10-18 16:37:00+00:00,2024-10-18 16:37:00+00:00,2024-10-18 16:38:00+00:00,2024-10-18 16:42:00+00:00,exhaustion_reversal_short_midday_124e344457cb,-1,market,0.0,5,1,20,4,42015.0
636867,636868,636870,636870,closed,target,21711.75,21707.75,21711.5,21708.0,21731.75,21707.75,4.0,3.5,3.0,60.0,10.0,0.5,3.0,3.0,4.5,2024-10-18 17:13:00+00:00,2024-10-18 17:13:00+00:00,2024-10-18 17:16:00+00:00,2024-10-18 17:18:00+00:00,exhaustion_reversal_short_midday_124e344457cb,-1,market,0.0,5,1,20,4,42075.0
638146,638147,638147,638147,closed,target,21609.5,21605.5,21609.25,21605.75,21629.5,21605.5,4.0,3.5,3.0,60.0,10.0,0.5,1.0,1.0,7.5,2024-10-21 15:47:00+00:00,2024-10-21 15:47:00+00:00,2024-10-21 15:48:00+00:00,2024-10-21 15:52:00+00:00,exhaustion_reversal_short_midday_124e344457cb,-1,market,0.0,5,1,20,4,42135.0
638221,638222,638223,638223,closed,target,21672.25,21668.25,21672.0,21668.5,21692.25,21668.25,4.0,3.5,3.0,60.0,10.0,0.5,2.0,2.0,3.5,2024-10-21 17:02:00+00:00,2024-10-21 17:02:00+00:00,2024-10-21 17:04:00+00:00,2024-10-21 17:07:00+00:00,exhaustion_reversal_short_midday_124e344457cb,-1,market,0.0,5,1,20,4,42195.0
639584,639585,639589,639589,closed,timeout,21694.0,21699.5,21693.75,21699.75,21714.0,21690.0,-5.5,-6.0,-6.5,-130.0,10.0,0.5,5.0,5.0,8.0,2024-10-22 17:01:00+00:00,2024-10-22 17:01:00+00:00,2024-10-22 17:06:00+00:00,2024-10-22 17:06:00+00:00,exhaustion_reversal_short_midday_124e344457cb,-1,market,0.0,5,1,20,4,42065.0
642289,642290,642290,642290,closed,target,21546.0,21542.0,21545.75,21542.25,21566.0,21542.0,4.0,3.5,3.0,60.0,10.0,0.5,1.0,1.0,2.0,2024-10-24 16:36:00+00:00,2024-10-24 16:36:00+00:00,2024-10-24 16:37:00+00:00,2024-10-24 16:41:00+00:00,exhaustion_reversal_short_midday_124e344457cb,-1,market,0.0,5,1,20,4,42125.0
643630,643631,643631,643631,closed,target,21839.0,21835.0,21838.75,21835.25,21859.0,21835.0,4.0,3.5,3.0,60.0,10.0,0.5,1.0,1.0,3.5,2024-10-25 16:12:00+00:00,2024-10-25 16:12:00+00:00,2024-10-25 16:13:00+00:00,2024-10-25 16:17:00+00:00,exhaustion_reversal_short_midday_124e344457cb,-1,market,0.0,5,1,20,4,42185.0
646352,646353,646354,646354,closed,target,21815.5,21811.5,21815.25,21811.75,21835.5,21811.5,4.0,3.5,3.0,60.0,10.0,0.5,2.0,2.0,9.5,2024-10-29 16:04:00+00:00,2024-10-29 16:04:00+00:00,2024-10-29 16:06:00+00:00,2024-10-29 16:09:00+00:00,exhaustion_reversal_short_midday_124e344457cb,-1,market,0.0,5,1,20,4,42245.0
646398,646399,646401,646401,closed,stop,21835.25,21855.25,21835.0,21855.5,21855.25,21831.25,-20.0,-20.5,-21.0,-420.0,10.0,0.5,3.0,3.0,21.25,2024-10-29 16:50:00+00:00,2024-10-29 16:50:00+00:00,2024-10-29 16:53:00+00:00,2024-10-29 16:55:00+00:00,exhaustion_reversal_short_midday_124e344457cb,-1,market,0.0,5,1,20,4,41825.0
647681,647682,647685,647685,closed,stop,21862.25,21882.25,21862.0,21882.5,21882.25,21858.25,-20.0,-20.5,-21.0,-420.0,10.0,0.5,4.0,4.0,21.0,2024-10-30 15:28:00+00:00,2024-10-30 15:28:00+00:00,2024-10-30 15:32:00+00:00,2024-10-30 15:33:00+00:00,exhaustion_reversal_short_midday_124e344457cb,-1,market,0.0,5,1,20,4,41405.0
650400,650401,650401,650401,closed,target,21462.75,21458.75,21462.5,21459.0,21482.75,21458.75,4.0,3.5,3.0,60.0,10.0,0.5,1.0,1.0,1.0,2024-11-01 15:17:00+00:00,2024-11-01 15:17:00+00:00,2024-11-01 15:18:00+00:00,2024-11-01 15:22:00+00:00,exhaustion_reversal_short_midday_124e344457cb,-1,market,0.0,5,1,20,4,41465.0
650412,650413,650413,650413,closed,target,21480.0,21476.0,21479.75,21476.25,21500.0,21476.0,4.0,3.5,3.0,60.0,10.0,0.5,1.0,1.0,2.75,2024-11-01 15:29:00+00:00,2024-11-01 15:29:00+00:00,2024-11-01 15:30:00+00:00,2024-11-01 15:34:00+00:00,exhaustion_reversal_short_midday_124e344457cb,-1,market,0.0,5,1,20,4,41525.0
650528,650529,650529,650529,closed,target,21437.25,21433.25,21437.0,21433.5,21457.25,21433.25,4.0,3.5,3.0,60.0,10.0,0.5,1.0,1.0,0.5,2024-11-01 17:25:00+00:00,2024-11-01 17:25:00+00:00,2024-11-01 17:26:00+00:00,2024-11-01 17:30:00+00:00,exhaustion_reversal_short_midday_124e344457cb,-1,market,0.0,5,1,20,4,41585.0
653151,653152,653154,653154,closed,target,21519.25,21515.25,21519.0,21515.5,21539.25,21515.25,4.0,3.5,3.0,60.0,10.0,0.5,3.0,3.0,6.75,2024-11-05 16:38:00+00:00,2024-11-05 16:38:00+00:00,2024-11-05 16:41:00+00:00,2024-11-05 16:43:00+00:00,exhaustion_reversal_short_midday_124e344457cb,-1,market,0.0,5,1,20,4,41645.0
653281,653282,653282,653282,closed,target,21513.75,21509.75,21513.5,21510.0,21533.75,21509.75,4.0,3.5,3.0,60.0,10.0,0.5,1.0,1.0,4.25,2024-11-05 18:48:00+00:00,2024-11-05 18:48:00+00:00,2024-11-05 18:49:00+00:00,2024-11-05 18:53:00+00:00,exhaustion_reversal_short_midday_124e344457cb,-1,market,0.0,5,1,20,4,41705.0
654535,654536,654536,654536,closed,target,22000.5,21996.5,22000.25,21996.75,22020.5,21996.5,4.0,3.5,3.0,60.0,10.0,0.5,1.0,1.0,0.25,2024-11-06 16:57:00+00:00,2024-11-06 16:57:00+00:00,2024-11-06 16:58:00+00:00,2024-11-06 17:02:00+00:00,exhaustion_reversal_short_midday_124e344457cb,-1,market,0.0,5,1,20,4,41765.0
655947,655948,655952,655952,closed,timeout,22380.25,22392.0,22380.0,22392.25,22400.25,22376.25,-11.75,-12.25,-12.75,-255.0,10.0,0.5,5.0,5.0,14.0,2024-11-07 17:44:00+00:00,2024-11-07 17:44:00+00:00,2024-11-07 17:49:00+00:00,2024-11-07 17:49:00+00:00,exhaustion_reversal_short_midday_124e344457cb,-1,market,0.0,5,1,20,4,41510.0
656019,656020,656021,656021,closed,target,22386.75,22382.75,22386.5,22383.0,22406.75,22382.75,4.0,3.5,3.0,60.0,10.0,0.5,2.0,2.0,2.0,2024-11-07 18:56:00+00:00,2024-11-07 18:56:00+00:00,2024-11-07 18:58:00+00:00,2024-11-07 19:01:00+00:00,exhaustion_reversal_short_midday_124e344457cb,-1,market,0.0,5,1,20,4,41570.0
657265,657266,657266,657266,closed,target,22427.5,22423.5,22427.25,22423.75,22447.5,22423.5,4.0,3.5,3.0,60.0,10.0,0.5,1.0,1.0,4.0,2024-11-08 16:57:00+00:00,2024-11-08 16:57:00+00:00,2024-11-08 16:58:00+00:00,2024-11-08 17:02:00+00:00,exhaustion_reversal_short_midday_124e344457cb,-1,market,0.0,5,1,20,4,41630.0
657266,657267,657267,657267,closed,target,22422.25,22418.25,22422.0,22418.5,22442.25,22418.25,4.0,3.5,3.0,60.0,10.0,0.5,1.0,1.0,1.5,2024-11-08 16:58:00+00:00,2024-11-08 16:58:00+00:00,2024-11-08 16:59:00+00:00,2024-11-08 17:03:00+00:00,exhaustion_reversal_short_midday_124e344457cb,-1,market,0.0,5,1,20,4,41690.0
657306,657307,657308,657308,closed,target,22420.0,22416.0,22419.75,22416.25,22440.0,22416.0,4.0,3.5,3.0,60.0,10.0,0.5,2.0,2.0,4.5,2024-11-08 17:38:00+00:00,2024-11-08 17:38:00+00:00,2024-11-08 17:40:00+00:00,2024-11-08 17:43:00+00:00,exhaustion_reversal_short_midday_124e344457cb,-1,market,0.0,5,1,20,4,41750.0
658747,658748,658749,658749,closed,target,22386.75,22382.75,22386.5,22383.0,22406.75,22382.75,4.0,3.5,3.0,60.0,10.0,0.5,2.0,2.0,2.25,2024-11-11 18:54:00+00:00,2024-11-11 18:54:00+00:00,2024-11-11 18:56:00+00:00,2024-11-11 18:59:00+00:00,exhaustion_reversal_short_midday_124e344457cb,-1,market,0.0,5,1,20,4,41810.0
659993,659994,659994,659994,closed,target,22384.75,22380.75,22384.5,22381.0,22404.75,22380.75,4.0,3.5,3.0,60.0,10.0,0.5,1.0,1.0,1.5,2024-11-12 16:55:00+00:00,2024-11-12 16:55:00+00:00,2024-11-12 16:56:00+00:00,2024-11-12 17:00:00+00:00,exhaustion_reversal_short_midday_124e344457cb,-1,market,0.0,5,1,20,4,41870.0
660095,660096,660096,660096,closed,target,22353.5,22349.5,22353.25,22349.75,22373.5,22349.5,4.0,3.5,3.0,60.0,10.0,0.5,1.0,1.0,3.5,2024-11-12 18:37:00+00:00,2024-11-12 18:37:00+00:00,2024-11-12 18:38:00+00:00,2024-11-12 18:42:00+00:00,exhaustion_reversal_short_midday_124e344457cb,-1,market,0.0,5,1,20,4,41930.0
660096,660097,660098,660098,closed,target,22349.25,22345.25,22349.0,22345.5,22369.25,22345.25,4.0,3.5,3.0,60.0,10.0,0.5,2.0,2.0,5.25,2024-11-12 18:38:00+00:00,2024-11-12 18:38:00+00:00,2024-11-12 18:40:00+00:00,2024-11-12 18:43:00+00:00,exhaustion_reversal_short_midday_124e344457cb,-1,market,0.0,5,1,20,4,41990.0
660098,660099,660103,660103,closed,timeout,22344.5,22360.0,22344.25,22360.25,22364.5,22340.5,-15.5,-16.0,-16.5,-330.0,10.0,0.5,5.0,5.0,20.0,2024-11-12 18:40:00+00:00,2024-11-12 18:40:00+00:00,2024-11-12 18:45:00+00:00,2024-11-12 18:45:00+00:00,exhaustion_reversal_short_midday_124e344457cb,-1,market,0.0,5,1,20,4,41660.0
661424,661425,661429,661429,closed,timeout,22423.25,22428.75,22423.0,22429.0,22443.25,22419.25,-5.5,-6.0,-6.5,-130.0,10.0,0.5,5.0,5.0,13.0,2024-11-13 18:01:00+00:00,2024-11-13 18:01:00+00:00,2024-11-13 18:06:00+00:00,2024-11-13 18:06:00+00:00,exhaustion_reversal_short_midday_124e344457cb,-1,market,0.0,5,1,20,4,41530.0
665524,665525,665529,665529,closed,timeout,21851.75,21863.0,21851.5,21863.25,21871.75,21847.75,-11.25,-11.75,-12.25,-245.0,10.0,0.5,5.0,5.0,15.25,2024-11-18 18:06:00+00:00,2024-11-18 18:06:00+00:00,2024-11-18 18:11:00+00:00,2024-11-18 18:11:00+00:00,exhaustion_reversal_short_midday_124e344457cb,-1,market,0.0,5,1,20,4,41285.0
666783,666784,666784,666784,closed,target,21872.75,21868.75,21872.5,21869.0,21892.75,21868.75,4.0,3.5,3.0,60.0,10.0,0.5,1.0,1.0,1.25,2024-11-19 16:20:00+00:00,2024-11-19 16:20:00+00:00,2024-11-19 16:21:00+00:00,2024-11-19 16:25:00+00:00,exhaustion_reversal_short_midday_124e344457cb,-1,market,0.0,5,1,20,4,41345.0
666925,666926,666929,666929,closed,stop,21943.75,21963.75,21943.5,21964.0,21963.75,21939.75,-20.0,-20.5,-21.0,-420.0,10.0,0.5,4.0,4.0,21.75,2024-11-19 18:42:00+00:00,2024-11-19 18:42:00+00:00,2024-11-19 18:46:00+00:00,2024-11-19 18:47:00+00:00,exhaustion_reversal_short_midday_124e344457cb,-1,market,0.0,5,1,20,4,40925.0
669625,669626,669627,669627,closed,target,22045.75,22041.75,22045.5,22042.0,22065.75,22041.75,4.0,3.5,3.0,60.0,10.0,0.5,2.0,2.0,9.25,2024-11-21 18:12:00+00:00,2024-11-21 18:12:00+00:00,2024-11-21 18:14:00+00:00,2024-11-21 18:17:00+00:00,exhaustion_reversal_short_midday_124e344457cb,-1,market,0.0,5,1,20,4,40985.0
670911,670912,670912,670912,closed,target,22010.25,22006.25,22010.0,22006.5,22030.25,22006.25,4.0,3.5,3.0,60.0,10.0,0.5,1.0,1.0,7.75,2024-11-22 16:53:00+00:00,2024-11-22 16:53:00+00:00,2024-11-22 16:54:00+00:00,2024-11-22 16:58:00+00:00,exhaustion_reversal_short_midday_124e344457cb,-1,market,0.0,5,1,20,4,41045.0
670991,670992,670992,670992,closed,target,22071.5,22067.5,22071.25,22067.75,22091.5,22067.5,4.0,3.5,3.0,60.0,10.0,0.5,1.0,1.0,3.25,2024-11-22 18:13:00+00:00,2024-11-22 18:13:00+00:00,2024-11-22 18:14:00+00:00,2024-11-22 18:18:00+00:00,exhaustion_reversal_short_midday_124e344457cb,-1,market,0.0,5,1,20,4,41105.0
673696,673697,673701,673701,closed,timeout,22163.75,22170.25,22163.5,22170.5,22183.75,22159.75,-6.5,-7.0,-7.5,-150.0,10.0,0.5,5.0,5.0,10.25,2024-11-26 17:49:00+00:00,2024-11-26 17:49:00+00:00,2024-11-26 17:54:00+00:00,2024-11-26 17:54:00+00:00,exhaustion_reversal_short_midday_124e344457cb,-1,market,0.0,5,1,20,4,40955.0
673753,673754,673754,673754,closed,target,22173.25,22169.25,22173.0,22169.5,22193.25,22169.25,4.0,3.5,3.0,60.0,10.0,0.5,1.0,1.0,1.5,2024-11-26 18:46:00+00:00,2024-11-26 18:46:00+00:00,2024-11-26 18:47:00+00:00,2024-11-26 18:51:00+00:00,exhaustion_reversal_short_midday_124e344457cb,-1,market,0.0,5,1,20,4,41015.0
674991,674992,674995,674995,closed,target,21941.5,21937.5,21941.25,21937.75,21961.5,21937.5,4.0,3.5,3.0,60.0,10.0,0.5,4.0,4.0,18.75,2024-11-27 16:39:00+00:00,2024-11-27 16:39:00+00:00,2024-11-27 16:43:00+00:00,2024-11-27 16:44:00+00:00,exhaustion_reversal_short_midday_124e344457cb,-1,market,0.0,5,1,20,4,41075.0
675041,675042,675043,675043,closed,target,21921.5,21917.5,21921.25,21917.75,21941.5,21917.5,4.0,3.5,3.0,60.0,10.0,0.5,2.0,2.0,3.75,2024-11-27 17:29:00+00:00,2024-11-27 17:29:00+00:00,2024-11-27 17:31:00+00:00,2024-11-27 17:34:00+00:00,exhaustion_reversal_short_midday_124e344457cb,-1,market,0.0,5,1,20,4,41135.0
675066,675067,675067,675067,closed,target,21936.0,21932.0,21935.75,21932.25,21956.0,21932.0,4.0,3.5,3.0,60.0,10.0,0.5,1.0,1.0,0.25,2024-11-27 17:54:00+00:00,2024-11-27 17:54:00+00:00,2024-11-27 17:55:00+00:00,2024-11-27 17:59:00+00:00,exhaustion_reversal_short_midday_124e344457cb,-1,market,0.0,5,1,20,4,41195.0
675114,675115,675115,675115,closed,target,21991.75,21987.75,21991.5,21988.0,22011.75,21987.75,4.0,3.5,3.0,60.0,10.0,0.5,1.0,1.0,1.0,2024-11-27 18:42:00+00:00,2024-11-27 18:42:00+00:00,2024-11-27 18:43:00+00:00,2024-11-27 18:47:00+00:00,exhaustion_reversal_short_midday_124e344457cb,-1,market,0.0,5,1,20,4,41255.0
676412,676413,676417,676417,closed,timeout,22096.25,22098.0,22096.0,22098.25,22116.25,22092.25,-1.75,-2.25,-2.75,-55.0,10.0,0.5,5.0,5.0,3.5,2024-11-28 17:35:00+00:00,2024-11-28 17:35:00+00:00,2024-11-28 17:40:00+00:00,2024-11-28 17:40:00+00:00,exhaustion_reversal_short_midday_124e344457cb,-1,market,0.0,5,1,20,4,41200.0
678666,678667,678667,678667,closed,target,22440.75,22436.75,22440.5,22437.0,22460.75,22436.75,4.0,3.5,3.0,60.0,10.0,0.5,1.0,1.0,1.5,2024-12-02 17:09:00+00:00,2024-12-02 17:09:00+00:00,2024-12-02 17:10:00+00:00,2024-12-02 17:14:00+00:00,exhaustion_reversal_short_midday_124e344457cb,-1,market,0.0,5,1,20,4,41260.0
680138,680139,680142,680142,closed,target,22432.5,22428.5,22432.25,22428.75,22452.5,22428.5,4.0,3.5,3.0,60.0,10.0,0.5,4.0,4.0,3.0,2024-12-03 18:56:00+00:00,2024-12-03 18:56:00+00:00,2024-12-03 19:00:00+00:00,2024-12-03 19:01:00+00:00,exhaustion_reversal_short_midday_124e344457cb,-1,market,0.0,5,1,20,4,41320.0
681389,681390,681390,681390,closed,target,22674.5,22670.5,22674.25,22670.75,22694.5,22670.5,4.0,3.5,3.0,60.0,10.0,0.5,1.0,1.0,0.5,2024-12-04 17:03:00+00:00,2024-12-04 17:03:00+00:00,2024-12-04 17:04:00+00:00,2024-12-04 17:08:00+00:00,exhaustion_reversal_short_midday_124e344457cb,-1,market,0.0,5,1,20,4,41380.0
681444,681445,681447,681447,closed,target,22680.75,22676.75,22680.5,22677.0,22700.75,22676.75,4.0,3.5,3.0,60.0,10.0,0.5,3.0,3.0,2.25,2024-12-04 17:58:00+00:00,2024-12-04 17:58:00+00:00,2024-12-04 18:01:00+00:00,2024-12-04 18:03:00+00:00,exhaustion_reversal_short_midday_124e344457cb,-1,market,0.0,5,1,20,4,41440.0
682716,682717,682718,682718,closed,target,22733.0,22729.0,22732.75,22729.25,22753.0,22729.0,4.0,3.5,3.0,60.0,10.0,0.5,2.0,2.0,1.75,2024-12-05 16:25:00+00:00,2024-12-05 16:25:00+00:00,2024-12-05 16:27:00+00:00,2024-12-05 16:30:00+00:00,exhaustion_reversal_short_midday_124e344457cb,-1,market,0.0,5,1,20,4,41500.0
682767,682768,682769,682769,closed,target,22755.0,22751.0,22754.75,22751.25,22775.0,22751.0,4.0,3.5,3.0,60.0,10.0,0.5,2.0,2.0,1.0,2024-12-05 17:16:00+00:00,2024-12-05 17:16:00+00:00,2024-12-05 17:18:00+00:00,2024-12-05 17:21:00+00:00,exhaustion_reversal_short_midday_124e344457cb,-1,market,0.0,5,1,20,4,41560.0
682805,682806,682806,682806,closed,target,22761.75,22757.75,22761.5,22758.0,22781.75,22757.75,4.0,3.5,3.0,60.0,10.0,0.5,1.0,1.0,0.25,2024-12-05 17:54:00+00:00,2024-12-05 17:54:00+00:00,2024-12-05 17:55:00+00:00,2024-12-05 17:59:00+00:00,exhaustion_reversal_short_midday_124e344457cb,-1,market,0.0,5,1,20,4,41620.0
684080,684081,684081,684081,closed,target,22800.25,22796.25,22800.0,22796.5,22820.25,22796.25,4.0,3.5,3.0,60.0,10.0,0.5,1.0,1.0,4.75,2024-12-06 16:24:00+00:00,2024-12-06 16:24:00+00:00,2024-12-06 16:25:00+00:00,2024-12-06 16:29:00+00:00,exhaustion_reversal_short_midday_124e344457cb,-1,market,0.0,5,1,20,4,41680.0
686875,686876,686876,686876,closed,target,22682.25,22678.25,22682.0,22678.5,22702.25,22678.25,4.0,3.5,3.0,60.0,10.0,0.5,1.0,1.0,0.25,2024-12-10 17:29:00+00:00,2024-12-10 17:29:00+00:00,2024-12-10 17:30:00+00:00,2024-12-10 17:34:00+00:00,exhaustion_reversal_short_midday_124e344457cb,-1,market,0.0,5,1,20,4,41740.0
689590,689591,689595,689595,closed,target,22917.25,22913.25,22917.0,22913.5,22937.25,22913.25,4.0,3.5,3.0,60.0,10.0,0.5,5.0,5.0,7.0,2024-12-12 17:15:00+00:00,2024-12-12 17:15:00+00:00,2024-12-12 17:20:00+00:00,2024-12-12 17:20:00+00:00,exhaustion_reversal_short_midday_124e344457cb,-1,market,0.0,5,1,20,4,41800.0
691043,691044,691048,691048,closed,timeout,22942.25,22955.0,22942.0,22955.25,22962.25,22938.25,-12.75,-13.25,-13.75,-275.0,10.0,0.5,5.0,5.0,13.75,2024-12-13 18:43:00+00:00,2024-12-13 18:43:00+00:00,2024-12-13 18:48:00+00:00,2024-12-13 18:48:00+00:00,exhaustion_reversal_short_midday_124e344457cb,-1,market,0.0,5,1,20,4,41525.0
692343,692344,692346,692346,closed,target,23285.75,23281.75,23285.5,23282.0,23305.75,23281.75,4.0,3.5,3.0,60.0,10.0,0.5,3.0,3.0,2.75,2024-12-16 17:43:00+00:00,2024-12-16 17:43:00+00:00,2024-12-16 17:46:00+00:00,2024-12-16 17:48:00+00:00,exhaustion_reversal_short_midday_124e344457cb,-1,market,0.0,5,1,20,4,41585.0
692386,692387,692391,692391,closed,timeout,23325.5,23327.25,23325.25,23327.5,23345.5,23321.5,-1.75,-2.25,-2.75,-55.0,10.0,0.5,5.0,5.0,6.75,2024-12-16 18:26:00+00:00,2024-12-16 18:26:00+00:00,2024-12-16 18:31:00+00:00,2024-12-16 18:31:00+00:00,exhaustion_reversal_short_midday_124e344457cb,-1,market,0.0,5,1,20,4,41530.0
697761,697762,697762,697762,closed,target,22660.5,22656.5,22660.25,22656.75,22680.5,22656.5,4.0,3.5,3.0,60.0,10.0,0.5,1.0,1.0,7.5,2024-12-20 17:03:00+00:00,2024-12-20 17:03:00+00:00,2024-12-20 17:04:00+00:00,2024-12-20 17:08:00+00:00,exhaustion_reversal_short_midday_124e344457cb,-1,market,0.0,5,1,20,4,41590.0
699109,699110,699110,699110,closed,stop,22583.25,22603.25,22583.0,22603.5,22603.25,22579.25,-20.0,-20.5,-21.0,-420.0,10.0,0.5,1.0,1.0,24.0,2024-12-23 16:46:00+00:00,2024-12-23 16:46:00+00:00,2024-12-23 16:47:00+00:00,2024-12-23 16:51:00+00:00,exhaustion_reversal_short_midday_124e344457cb,-1,market,0.0,5,1,20,4,41170.0
699126,699127,699127,699127,closed,target,22621.5,22617.5,22621.25,22617.75,22641.5,22617.5,4.0,3.5,3.0,60.0,10.0,0.5,1.0,1.0,2.25,2024-12-23 17:03:00+00:00,2024-12-23 17:03:00+00:00,2024-12-23 17:04:00+00:00,2024-12-23 17:08:00+00:00,exhaustion_reversal_short_midday_124e344457cb,-1,market,0.0,5,1,20,4,41230.0
701631,701632,701636,701636,closed,timeout,22952.0,22954.25,22951.75,22954.5,22972.0,22948.0,-2.25,-2.75,-3.25,-65.0,10.0,0.5,5.0,5.0,7.25,2024-12-26 17:04:00+00:00,2024-12-26 17:04:00+00:00,2024-12-26 17:09:00+00:00,2024-12-26 17:09:00+00:00,exhaustion_reversal_short_midday_124e344457cb,-1,market,0.0,5,1,20,4,41165.0
701646,701647,701648,701648,closed,target,22976.25,22972.25,22976.0,22972.5,22996.25,22972.25,4.0,3.5,3.0,60.0,10.0,0.5,2.0,2.0,4.5,2024-12-26 17:19:00+00:00,2024-12-26 17:19:00+00:00,2024-12-26 17:21:00+00:00,2024-12-26 17:24:00+00:00,exhaustion_reversal_short_midday_124e344457cb,-1,market,0.0,5,1,20,4,41225.0
703056,703057,703059,703059,closed,target,22498.5,22494.5,22498.25,22494.75,22518.5,22494.5,4.0,3.5,3.0,60.0,10.0,0.5,3.0,3.0,19.5,2024-12-27 18:04:00+00:00,2024-12-27 18:04:00+00:00,2024-12-27 18:07:00+00:00,2024-12-27 18:09:00+00:00,exhaustion_reversal_short_midday_124e344457cb,-1,market,0.0,5,1,20,4,41285.0
704383,704384,704384,704384,closed,target,22414.25,22410.25,22414.0,22410.5,22434.25,22410.25,4.0,3.5,3.0,60.0,10.0,0.5,1.0,1.0,8.75,2024-12-30 17:26:00+00:00,2024-12-30 17:26:00+00:00,2024-12-30 17:27:00+00:00,2024-12-30 17:31:00+00:00,exhaustion_reversal_short_midday_124e344457cb,-1,market,0.0,5,1,20,4,41345.0
704464,704465,704469,704469,closed,target,22461.75,22457.75,22461.5,22458.0,22481.75,22457.75,4.0,3.5,3.0,60.0,10.0,0.5,5.0,5.0,16.5,2024-12-30 18:47:00+00:00,2024-12-30 18:47:00+00:00,2024-12-30 18:52:00+00:00,2024-12-30 18:52:00+00:00,exhaustion_reversal_short_midday_124e344457cb,-1,market,0.0,5,1,20,4,41405.0
