detection_index,entry_index,exit_index,termination_index,status,reason,reference_entry,exit_reference_price,entry_price,exit_price,stop_price,target_price,gross_points,fill_pnl_points,net_points,net_dollars,fees_dollars,slippage_points,holding_bars,holding_minutes,mae_points,detection_timestamp,entry_timestamp,exit_timestamp,expiry_timestamp,pattern_id,direction,entry_kind,entry_offset_points,horizon,pending_bars,stop_points,target_points,balance_after_dollars
357197,357198,357199,357199,closed,target,18532.0,18552.0,18532.25,18551.75,18512.0,18552.0,20.0,19.5,19.0,380.0,10.0,0.5,2.0,2.0,2.75,2024-01-03 15:59:00+00:00,2024-01-03 15:59:00+00:00,2024-01-03 16:01:00+00:00,2024-01-03 16:04:00+00:00,momentum_long_open_c3518efb2097,1,market,0.0,5,1,20,20,50380.0
358512,358513,358517,358517,closed,timeout,18448.25,18454.75,18448.5,18454.5,18428.25,18468.25,6.5,6.0,5.5,110.0,10.0,0.5,5.0,5.0,9.0,2024-01-04 15:09:00+00:00,2024-01-04 15:09:00+00:00,2024-01-04 15:14:00+00:00,2024-01-04 15:14:00+00:00,momentum_long_open_c3518efb2097,1,market,0.0,5,1,20,20,50490.0
358521,358522,358526,358526,closed,timeout,18468.5,18454.5,18468.75,18454.25,18448.5,18488.5,-14.0,-14.5,-15.0,-300.0,10.0,0.5,5.0,5.0,18.25,2024-01-04 15:18:00+00:00,2024-01-04 15:18:00+00:00,2024-01-04 15:23:00+00:00,2024-01-04 15:23:00+00:00,momentum_long_open_c3518efb2097,1,market,0.0,5,1,20,20,50190.0
358553,358554,358558,358558,closed,timeout,18476.5,18477.25,18476.75,18477.0,18456.5,18496.5,0.75,0.25,-0.25,-5.0,10.0,0.5,5.0,5.0,11.25,2024-01-04 15:50:00+00:00,2024-01-04 15:50:00+00:00,2024-01-04 15:55:00+00:00,2024-01-04 15:55:00+00:00,momentum_long_open_c3518efb2097,1,market,0.0,5,1,20,20,50185.0
359838,359839,359841,359841,closed,target,18390.5,18410.5,18390.75,18410.25,18370.5,18410.5,20.0,19.5,19.0,380.0,10.0,0.5,3.0,3.0,12.0,2024-01-05 14:30:00+00:00,2024-01-05 14:30:00+00:00,2024-01-05 14:33:00+00:00,2024-01-05 14:35:00+00:00,momentum_long_open_c3518efb2097,1,market,0.0,5,1,20,20,50565.0
359841,359842,359843,359843,closed,target,18403.5,18423.5,18403.75,18423.25,18383.5,18423.5,20.0,19.5,19.0,380.0,10.0,0.5,2.0,2.0,5.25,2024-01-05 14:33:00+00:00,2024-01-05 14:33:00+00:00,2024-01-05 14:35:00+00:00,2024-01-05 14:38:00+00:00,momentum_long_open_c3518efb2097,1,market,0.0,5,1,20,20,50945.0
359843,359844,359848,359848,closed,stop,18427.0,18407.0,18427.25,18406.75,18407.0,18447.0,-20.0,-20.5,-21.0,-420.0,10.0,0.5,5.0,5.0,23.75,2024-01-05 14:35:00+00:00,2024-01-05 14:35:00+00:00,2024-01-05 14:40:00+00:00,2024-01-05 14:40:00+00:00,momentum_long_open_c3518efb2097,1,market,0.0,5,1,20,20,50525.0
359871,359872,359875,359875,closed,target,18474.25,18494.25,18474.5,18494.0,18454.25,18494.25,20.0,19.5,19.0,380.0,10.0,0.5,4.0,4.0,6.75,2024-01-05 15:03:00+00:00,2024-01-05 15:03:00+00:00,2024-01-05 15:07:00+00:00,2024-01-05 15:08:00+00:00,momentum_long_open_c3518efb2097,1,market,0.0,5,1,20,20,50905.0
359875,359876,359880,359880,closed,timeout,18488.25,18481.0,18488.5,18480.75,18468.25,18508.25,-7.25,-7.75,-8.25,-165.0,10.0,0.5,5.0,5.0,11.0,2024-01-05 15:07:00+00:00,2024-01-05 15:07:00+00:00,2024-01-05 15:12:00+00:00,2024-01-05 15:12:00+00:00,momentum_long_open_c3518efb2097,1,market,0.0,5,1,20,20,50740.0
359905,359906,359910,359910,closed,timeout,18503.0,18491.75,18503.25,18491.5,18483.0,18523.0,-11.25,-11.75,-12.25,-245.0,10.0,0.5,5.0,5.0,15.5,2024-01-05 15:37:00+00:00,2024-01-05 15:37:00+00:00,2024-01-05 15:42:00+00:00,2024-01-05 15:42:00+00:00,momentum_long_open_c3518efb2097,1,market,0.0,5,1,20,20,50495.0
361204,361205,361205,361205,closed,target,18459.0,18479.0,18459.25,18478.75,18439.0,18479.0,20.0,19.5,19.0,380.0,10.0,0.5,1.0,1.0,1.75,2024-01-08 14:31:00+00:00,2024-01-08 14:31:00+00:00,2024-01-08 14:32:00+00:00,2024-01-08 14:36:00+00:00,momentum_long_open_c3518efb2097,1,market,0.0,5,1,20,20,50875.0
361205,361206,361210,361210,closed,timeout,18477.25,18487.25,18477.5,18487.0,18457.25,18497.25,10.0,9.5,9.0,180.0,10.0,0.5,5.0,5.0,0.75,2024-01-08 14:32:00+00:00,2024-01-08 14:32:00+00:00,2024-01-08 14:37:00+00:00,2024-01-08 14:37:00+00:00,momentum_long_open_c3518efb2097,1,market,0.0,5,1,20,20,51055.0
361210,361211,361213,361213,closed,target,18487.25,18507.25,18487.5,18507.0,18467.25,18507.25,20.0,19.5,19.0,380.0,10.0,0.5,3.0,3.0,0.75,2024-01-08 14:37:00+00:00,2024-01-08 14:37:00+00:00,2024-01-08 14:40:00+00:00,2024-01-08 14:42:00+00:00,momentum_long_open_c3518efb2097,1,market,0.0,5,1,20,20,51435.0
361213,361214,361218,361218,closed,timeout,18509.0,18517.75,18509.25,18517.5,18489.0,18529.0,8.75,8.25,7.75,155.0,10.0,0.5,5.0,5.0,9.25,2024-01-08 14:40:00+00:00,2024-01-08 14:40:00+00:00,2024-01-08 14:45:00+00:00,2024-01-08 14:45:00+00:00,momentum_long_open_c3518efb2097,1,market,0.0,5,1,20,20,51590.0
361219,361220,361224,361224,closed,timeout,18527.75,18524.0,18528.0,18523.75,18507.75,18547.75,-3.75,-4.25,-4.75,-95.0,10.0,0.5,5.0,5.0,6.0,2024-01-08 14:46:00+00:00,2024-01-08 14:46:00+00:00,2024-01-08 14:51:00+00:00,2024-01-08 14:51:00+00:00,momentum_long_open_c3518efb2097,1,market,0.0,5,1,20,20,51495.0
361232,361233,361237,361237,closed,timeout,18555.75,18571.0,18556.0,18570.75,18535.75,18575.75,15.25,14.75,14.25,285.0,10.0,0.5,5.0,5.0,2.0,2024-01-08 14:59:00+00:00,2024-01-08 14:59:00+00:00,2024-01-08 15:04:00+00:00,2024-01-08 15:04:00+00:00,momentum_long_open_c3518efb2097,1,market,0.0,5,1,20,20,51780.0
361237,361238,361242,361242,closed,timeout,18571.0,18581.0,18571.25,18580.75,18551.0,18591.0,10.0,9.5,9.0,180.0,10.0,0.5,5.0,5.0,1.25,2024-01-08 15:04:00+00:00,2024-01-08 15:04:00+00:00,2024-01-08 15:09:00+00:00,2024-01-08 15:09:00+00:00,momentum_long_open_c3518efb2097,1,market,0.0,5,1,20,20,51960.0
361265,361266,361270,361270,closed,timeout,18592.5,18590.75,18592.75,18590.5,18572.5,18612.5,-1.75,-2.25,-2.75,-55.0,10.0,0.5,5.0,5.0,5.5,2024-01-08 15:32:00+00:00,2024-01-08 15:32:00+00:00,2024-01-08 15:37:00+00:00,2024-01-08 15:37:00+00:00,momentum_long_open_c3518efb2097,1,market,0.0,5,1,20,20,51905.0
361282,361283,361287,361287,closed,timeout,18601.0,18603.0,18601.25,18602.75,18581.0,18621.0,2.0,1.5,1.0,20.0,10.0,0.5,5.0,5.0,1.0,2024-01-08 15:49:00+00:00,2024-01-08 15:49:00+00:00,2024-01-08 15:54:00+00:00,2024-01-08 15:54:00+00:00,momentum_long_open_c3518efb2097,1,market,0.0,5,1,20,20,51925.0
362572,362573,362573,362573,closed,stop,18652.5,18632.5,18652.75,18632.25,18632.5,18672.5,-20.0,-20.5,-21.0,-420.0,10.0,0.5,1.0,1.0,21.75,2024-01-09 14:35:00+00:00,2024-01-09 14:35:00+00:00,2024-01-09 14:36:00+00:00,2024-01-09 14:40:00+00:00,momentum_long_open_c3518efb2097,1,market,0.0,5,1,20,20,51505.0
362612,362613,362617,362617,closed,timeout,18673.25,18681.5,18673.5,18681.25,18653.25,18693.25,8.25,7.75,7.25,145.0,10.0,0.5,5.0,5.0,4.0,2024-01-09 15:15:00+00:00,2024-01-09 15:15:00+00:00,2024-01-09 15:20:00+00:00,2024-01-09 15:20:00+00:00,momentum_long_open_c3518efb2097,1,market,0.0,5,1,20,20,51650.0
363933,363934,363938,363938,closed,timeout,18803.5,18803.5,18803.75,18803.25,18783.5,18823.5,0.0,-0.5,-1.0,-20.0,10.0,0.5,5.0,5.0,12.0,2024-01-10 14:31:00+00:00,2024-01-10 14:31:00+00:00,2024-01-10 14:36:00+00:00,2024-01-10 14:36:00+00:00,momentum_long_open_c3518efb2097,1,market,0.0,5,1,20,20,51630.0
363975,363976,363980,363980,closed,timeout,18784.5,18790.5,18784.75,18790.25,18764.5,18804.5,6.0,5.5,5.0,100.0,10.0,0.5,5.0,5.0,1.75,2024-01-10 15:13:00+00:00,2024-01-10 15:13:00+00:00,2024-01-10 15:18:00+00:00,2024-01-10 15:18:00+00:00,momentum_long_open_c3518efb2097,1,market,0.0,5,1,20,20,51730.0
363993,363994,363998,363998,closed,timeout,18802.5,18804.5,18802.75,18804.25,18782.5,18822.5,2.0,1.5,1.0,20.0,10.0,0.5,5.0,5.0,3.0,2024-01-10 15:31:00+00:00,2024-01-10 15:31:00+00:00,2024-01-10 15:36:00+00:00,2024-01-10 15:36:00+00:00,momentum_long_open_c3518efb2097,1,market,0.0,5,1,20,20,51750.0
364007,364008,364012,364012,closed,timeout,18826.5,18829.5,18826.75,18829.25,18806.5,18846.5,3.0,2.5,2.0,40.0,10.0,0.5,5.0,5.0,8.75,2024-01-10 15:45:00+00:00,2024-01-10 15:45:00+00:00,2024-01-10 15:50:00+00:00,2024-01-10 15:50:00+00:00,momentum_long_open_c3518efb2097,1,market,0.0,5,1,20,20,51790.0
364013,364014,364018,364018,closed,timeout,18832.75,18827.5,18833.0,18827.25,18812.75,18852.75,-5.25,-5.75,-6.25,-125.0,10.0,0.5,5.0,5.0,10.75,2024-01-10 15:51:00+00:00,2024-01-10 15:51:00+00:00,2024-01-10 15:56:00+00:00,2024-01-10 15:56:00+00:00,momentum_long_open_c3518efb2097,1,market,0.0,5,1,20,20,51665.0
365298,365299,365300,365300,closed,stop,18943.75,18923.75,18944.0,18923.5,18923.75,18963.75,-20.0,-20.5,-21.0,-420.0,10.0,0.5,2.0,2.0,27.75,2024-01-11 14:31:00+00:00,2024-01-11 14:31:00+00:00,2024-01-11 14:33:00+00:00,2024-01-11 14:36:00+00:00,momentum_long_open_c3518efb2097,1,market,0.0,5,1,20,20,51245.0
365303,365304,365307,365307,closed,stop,18972.25,18952.25,18972.5,18952.0,18952.25,18992.25,-20.0,-20.5,-21.0,-420.0,10.0,0.5,4.0,4.0,23.25,2024-01-11 14:36:00+00:00,2024-01-11 14:36:00+00:00,2024-01-11 14:40:00+00:00,2024-01-11 14:41:00+00:00,momentum_long_open_c3518efb2097,1,market,0.0,5,1,20,20,50825.0
366662,366663,366665,366665,closed,stop,18949.25,18929.25,18949.5,18929.0,18929.25,18969.25,-20.0,-20.5,-21.0,-420.0,10.0,0.5,3.0,3.0,34.25,2024-01-12 14:30:00+00:00,2024-01-12 14:30:00+00:00,2024-01-12 14:33:00+00:00,2024-01-12 14:35:00+00:00,momentum_long_open_c3518efb2097,1,market,0.0,5,1,20,20,50405.0
366675,366676,366680,366680,closed,timeout,18969.0,18977.0,18969.25,18976.75,18949.0,18989.0,8.0,7.5,7.0,140.0,10.0,0.5,5.0,5.0,7.25,2024-01-12 14:43:00+00:00,2024-01-12 14:43:00+00:00,2024-01-12 14:48:00+00:00,2024-01-12 14:48:00+00:00,momentum_long_open_c3518efb2097,1,market,0.0,5,1,20,20,50545.0
366725,366726,366730,366730,closed,stop,18927.5,18907.5,18927.75,18907.25,18907.5,18947.5,-20.0,-20.5,-21.0,-420.0,10.0,0.5,5.0,5.0,23.25,2024-01-12 15:33:00+00:00,2024-01-12 15:33:00+00:00,2024-01-12 15:38:00+00:00,2024-01-12 15:38:00+00:00,momentum_long_open_c3518efb2097,1,market,0.0,5,1,20,20,50125.0
368028,368029,368033,368033,closed,timeout,18904.0,18897.75,18904.25,18897.5,18884.0,18924.0,-6.25,-6.75,-7.25,-145.0,10.0,0.5,5.0,5.0,7.25,2024-01-15 14:31:00+00:00,2024-01-15 14:31:00+00:00,2024-01-15 14:36:00+00:00,2024-01-15 14:36:00+00:00,momentum_long_open_c3518efb2097,1,market,0.0,5,1,20,20,49980.0
368091,368092,368096,368096,closed,timeout,18900.75,18903.25,18901.0,18903.0,18880.75,18920.75,2.5,2.0,1.5,30.0,10.0,0.5,5.0,5.0,2.0,2024-01-15 15:34:00+00:00,2024-01-15 15:34:00+00:00,2024-01-15 15:39:00+00:00,2024-01-15 15:39:00+00:00,momentum_long_open_c3518efb2097,1,market,0.0,5,1,20,20,50010.0
368107,368108,368112,368112,closed,timeout,18909.75,18910.75,18910.0,18910.5,18889.75,18929.75,1.0,0.5,0.0,0.0,10.0,0.5,5.0,5.0,1.75,2024-01-15 15:50:00+00:00,2024-01-15 15:50:00+00:00,2024-01-15 15:55:00+00:00,2024-01-15 15:55:00+00:00,momentum_long_open_c3518efb2097,1,market,0.0,5,1,20,20,50010.0
368113,368114,368118,368118,closed,timeout,18913.75,18917.0,18914.0,18916.75,18893.75,18933.75,3.25,2.75,2.25,45.0,10.0,0.5,5.0,5.0,1.0,2024-01-15 15:56:00+00:00,2024-01-15 15:56:00+00:00,2024-01-15 16:01:00+00:00,2024-01-15 16:01:00+00:00,momentum_long_open_c3518efb2097,1,market,0.0,5,1,20,20,50055.0
369167,369168,369169,369169,closed,target,18858.0,18878.0,18858.25,18877.75,18838.0,18878.0,20.0,19.5,19.0,380.0,10.0,0.5,2.0,2.0,12.0,2024-01-16 14:30:00+00:00,2024-01-16 14:30:00+00:00,2024-01-16 14:32:00+00:00,2024-01-16 14:35:00+00:00,momentum_long_open_c3518efb2097,1,market,0.0,5,1,20,20,50435.0
369169,369170,369174,369174,closed,timeout,18867.5,18880.0,18867.75,18879.75,18847.5,18887.5,12.5,12.0,11.5,230.0,10.0,0.5,5.0,5.0,13.5,2024-01-16 14:32:00+00:00,2024-01-16 14:32:00+00:00,2024-01-16 14:37:00+00:00,2024-01-16 14:37:00+00:00,momentum_long_open_c3518efb2097,1,market,0.0,5,1,20,20,50665.0
369199,369200,369202,369202,closed,stop,18865.25,18845.25,18865.5,18845.0,18845.25,18885.25,-20.0,-20.5,-21.0,-420.0,10.0,0.5,3.0,3.0,29.5,2024-01-16 15:02:00+00:00,2024-01-16 15:02:00+00:00,2024-01-16 15:05:00+00:00,2024-01-16 15:07:00+00:00,momentum_long_open_c3518efb2097,1,market,0.0,5,1,20,20,50245.0
369212,369213,369216,369216,closed,target,18883.0,18903.0,18883.25,18902.75,18863.0,18903.0,20.0,19.5,19.0,380.0,10.0,0.5,4.0,4.0,9.0,2024-01-16 15:15:00+00:00,2024-01-16 15:15:00+00:00,2024-01-16 15:19:00+00:00,2024-01-16 15:20:00+00:00,momentum_long_open_c3518efb2097,1,market,0.0,5,1,20,20,50625.0
369216,369217,369220,369220,closed,target,18905.5,18925.5,18905.75,18925.25,18885.5,18925.5,20.0,19.5,19.0,380.0,10.0,0.5,4.0,4.0,4.0,2024-01-16 15:19:00+00:00,2024-01-16 15:19:00+00:00,2024-01-16 15:23:00+00:00,2024-01-16 15:24:00+00:00,momentum_long_open_c3518efb2097,1,market,0.0,5,1,20,20,51005.0
369220,369221,369225,369225,closed,timeout,18926.5,18935.5,18926.75,18935.25,18906.5,18946.5,9.0,8.5,8.0,160.0,10.0,0.5,5.0,5.0,4.75,2024-01-16 15:23:00+00:00,2024-01-16 15:23:00+00:00,2024-01-16 15:28:00+00:00,2024-01-16 15:28:00+00:00,momentum_long_open_c3518efb2097,1,market,0.0,5,1,20,20,51165.0
369226,369227,369231,369231,closed,timeout,18942.5,18940.0,18942.75,18939.75,18922.5,18962.5,-2.5,-3.0,-3.5,-70.0,10.0,0.5,5.0,5.0,10.25,2024-01-16 15:29:00+00:00,2024-01-16 15:29:00+00:00,2024-01-16 15:34:00+00:00,2024-01-16 15:34:00+00:00,momentum_long_open_c3518efb2097,1,market,0.0,5,1,20,20,51095.0
369246,369247,369251,369251,closed,timeout,18969.0,18972.25,18969.25,18972.0,18949.0,18989.0,3.25,2.75,2.25,45.0,10.0,0.5,5.0,5.0,8.75,2024-01-16 15:49:00+00:00,2024-01-16 15:49:00+00:00,2024-01-16 15:54:00+00:00,2024-01-16 15:54:00+00:00,momentum_long_open_c3518efb2097,1,market,0.0,5,1,20,20,51140.0
371898,371899,371903,371903,closed,timeout,18971.25,18983.0,18971.5,18982.75,18951.25,18991.25,11.75,11.25,10.75,215.0,10.0,0.5,5.0,5.0,12.75,2024-01-18 14:31:00+00:00,2024-01-18 14:31:00+00:00,2024-01-18 14:36:00+00:00,2024-01-18 14:36:00+00:00,momentum_long_open_c3518efb2097,1,market,0.0,5,1,20,20,51355.0
371958,371959,371960,371960,closed,stop,18984.25,18964.25,18984.5,18964.0,18964.25,19004.25,-20.0,-20.5,-21.0,-420.0,10.0,0.5,2.0,2.0,32.75,2024-01-18 15:31:00+00:00,2024-01-18 15:31:00+00:00,2024-01-18 15:33:00+00:00,2024-01-18 15:36:00+00:00,momentum_long_open_c3518efb2097,1,market,0.0,5,1,20,20,50935.0
371969,371970,371974,371974,closed,timeout,19006.75,19003.5,19007.0,19003.25,18986.75,19026.75,-3.25,-3.75,-4.25,-85.0,10.0,0.5,5.0,5.0,19.25,2024-01-18 15:42:00+00:00,2024-01-18 15:42:00+00:00,2024-01-18 15:47:00+00:00,2024-01-18 15:47:00+00:00,momentum_long_open_c3518efb2097,1,market,0.0,5,1,20,20,50850.0
374629,374630,374633,374633,closed,target,19499.0,19519.0,19499.25,19518.75,19479.0,19519.0,20.0,19.5,19.0,380.0,10.0,0.5,4.0,4.0,3.5,2024-01-22 14:32:00+00:00,2024-01-22 14:32:00+00:00,2024-01-22 14:36:00+00:00,2024-01-22 14:37:00+00:00,momentum_long_open_c3518efb2097,1,market,0.0,5,1,20,20,51230.0
374633,374634,374634,374634,closed,stop,19520.5,19500.5,19520.75,19500.25,19500.5,19540.5,-20.0,-20.5,-21.0,-420.0,10.0,0.5,1.0,1.0,31.0,2024-01-22 14:36:00+00:00,2024-01-22 14:36:00+00:00,2024-01-22 14:37:00+00:00,2024-01-22 14:41:00+00:00,momentum_long_open_c3518efb2097,1,market,0.0,5,1,20,20,50810.0
376065,376066,376070,376070,closed,timeout,19411.75,19403.25,19412.0,19403.0,19391.75,19431.75,-8.5,-9.0,-9.5,-190.0,10.0,0.5,5.0,5.0,17.5,2024-01-23 15:43:00+00:00,2024-01-23 15:43:00+00:00,2024-01-23 15:48:00+00:00,2024-01-23 15:48:00+00:00,momentum_long_open_c3518efb2097,1,market,0.0,5,1,20,20,50620.0
377357,377358,377359,377359,closed,stop,19633.75,19613.75,19634.0,19613.5,19613.75,19653.75,-20.0,-20.5,-21.0,-420.0,10.0,0.5,2.0,2.0,31.75,2024-01-24 14:30:00+00:00,2024-01-24 14:30:00+00:00,2024-01-24 14:32:00+00:00,2024-01-24 14:35:00+00:00,momentum_long_open_c3518efb2097,1,market,0.0,5,1,20,20,50200.0
377399,377400,377403,377403,closed,target,19620.0,19640.0,19620.25,19639.75,19600.0,19640.0,20.0,19.5,19.0,380.0,10.0,0.5,4.0,4.0,2.25,2024-01-24 15:12:00+00:00,2024-01-24 15:12:00+00:00,2024-01-24 15:16:00+00:00,2024-01-24 15:17:00+00:00,momentum_long_open_c3518efb2097,1,market,0.0,5,1,20,20,50580.0
377403,377404,377408,377408,closed,timeout,19644.25,19641.75,19644.5,19641.5,19624.25,19664.25,-2.5,-3.0,-3.5,-70.0,10.0,0.5,5.0,5.0,8.25,2024-01-24 15:16:00+00:00,2024-01-24 15:16:00+00:00,2024-01-24 15:21:00+00:00,2024-01-24 15:21:00+00:00,momentum_long_open_c3518efb2097,1,market,0.0,5,1,20,20,50510.0
377420,377421,377425,377425,closed,timeout,19660.5,19674.25,19660.75,19674.0,19640.5,19680.5,13.75,13.25,12.75,255.0,10.0,0.5,5.0,5.0,6.25,2024-01-24 15:33:00+00:00,2024-01-24 15:33:00+00:00,2024-01-24 15:38:00+00:00,2024-01-24 15:38:00+00:00,momentum_long_open_c3518efb2097,1,market,0.0,5,1,20,20,50765.0
377425,377426,377430,377430,closed,timeout,19674.25,19691.25,19674.5,19691.0,19654.25,19694.25,17.0,16.5,16.0,320.0,10.0,0.5,5.0,5.0,6.5,2024-01-24 15:38:00+00:00,2024-01-24 15:38:00+00:00,2024-01-24 15:43:00+00:00,2024-01-24 15:43:00+00:00,momentum_long_open_c3518efb2097,1,market,0.0,5,1,20,20,51085.0
377430,377431,377435,377435,closed,timeout,19691.25,19684.75,19691.5,19684.5,19671.25,19711.25,-6.5,-7.0,-7.5,-150.0,10.0,0.5,5.0,5.0,7.0,2024-01-24 15:43:00+00:00,2024-01-24 15:43:00+00:00,2024-01-24 15:48:00+00:00,2024-01-24 15:48:00+00:00,momentum_long_open_c3518efb2097,1,market,0.0,5,1,20,20,50935.0
378769,378770,378774,378774,closed,timeout,19651.75,19665.25,19652.0,19665.0,19631.75,19671.75,13.5,13.0,12.5,250.0,10.0,0.5,5.0,5.0,13.5,2024-01-25 15:17:00+00:00,2024-01-25 15:17:00+00:00,2024-01-25 15:22:00+00:00,2024-01-25 15:22:00+00:00,momentum_long_open_c3518efb2097,1,market,0.0,5,1,20,20,51185.0
378774,378775,378779,378779,closed,timeout,19664.75,19662.0,19665.0,19661.75,19644.75,19684.75,-2.75,-3.25,-3.75,-75.0,10.0,0.5,5.0,5.0,7.5,2024-01-25 15:22:00+00:00,2024-01-25 15:22:00+00:00,2024-01-25 15:27:00+00:00,2024-01-25 15:27:00+00:00,momentum_long_open_c3518efb2097,1,market,0.0,5,1,20,20,51110.0
380144,380145,380149,380149,closed,target,19508.75,19528.75,19509.0,19528.5,19488.75,19528.75,20.0,19.5,19.0,380.0,10.0,0.5,5.0,5.0,3.0,2024-01-26 15:27:00+00:00,2024-01-26 15:27:00+00:00,2024-01-26 15:32:00+00:00,2024-01-26 15:32:00+00:00,momentum_long_open_c3518efb2097,1,market,0.0,5,1,20,20,51490.0
380149,380150,380154,380154,closed,timeout,19528.75,19534.75,19529.0,19534.5,19508.75,19548.75,6.0,5.5,5.0,100.0,10.0,0.5,5.0,5.0,2.0,2024-01-26 15:32:00+00:00,2024-01-26 15:32:00+00:00,2024-01-26 15:37:00+00:00,2024-01-26 15:37:00+00:00,momentum_long_open_c3518efb2097,1,market,0.0,5,1,20,20,51590.0
380167,380168,380172,380172,closed,timeout,19550.0,19555.0,19550.25,19554.75,19530.0,19570.0,5.0,4.5,4.0,80.0,10.0,0.5,5.0,5.0,7.75,2024-01-26 15:50:00+00:00,2024-01-26 15:50:00+00:00,2024-01-26 15:55:00+00:00,2024-01-26 15:55:00+00:00,momentum_long_open_c3518efb2097,1,market,0.0,5,1,20,20,51670.0
380173,380174,380178,380178,closed,timeout,19564.0,19563.5,19564.25,19563.25,19544.0,19584.0,-0.5,-1.0,-1.5,-30.0,10.0,0.5,5.0,5.0,10.0,2024-01-26 15:56:00+00:00,2024-01-26 15:56:00+00:00,2024-01-26 16:01:00+00:00,2024-01-26 16:01:00+00:00,momentum_long_open_c3518efb2097,1,market,0.0,5,1,20,20,51640.0
381461,381462,381466,381466,closed,timeout,19514.75,19513.25,19515.0,19513.0,19494.75,19534.75,-1.5,-2.0,-2.5,-50.0,10.0,0.5,5.0,5.0,7.75,2024-01-29 14:39:00+00:00,2024-01-29 14:39:00+00:00,2024-01-29 14:44:00+00:00,2024-01-29 14:44:00+00:00,momentum_long_open_c3518efb2097,1,market,0.0,5,1,20,20,51590.0
382819,382820,382824,382824,closed,timeout,19617.75,19620.0,19618.0,19619.75,19597.75,19637.75,2.25,1.75,1.25,25.0,10.0,0.5,5.0,5.0,10.75,2024-01-30 14:33:00+00:00,2024-01-30 14:33:00+00:00,2024-01-30 14:38:00+00:00,2024-01-30 14:38:00+00:00,momentum_long_open_c3518efb2097,1,market,0.0,5,1,20,20,51615.0
384186,384187,384189,384189,closed,stop,19356.5,19336.5,19356.75,19336.25,19336.5,19376.5,-20.0,-20.5,-21.0,-420.0,10.0,0.5,3.0,3.0,25.25,2024-01-31 14:35:00+00:00,2024-01-31 14:35:00+00:00,2024-01-31 14:38:00+00:00,2024-01-31 14:40:00+00:00,momentum_long_open_c3518efb2097,1,market,0.0,5,1,20,20,51195.0
385585,385586,385590,385590,closed,timeout,19283.5,19278.25,19283.75,19278.0,19263.5,19303.5,-5.25,-5.75,-6.25,-125.0,10.0,0.5,5.0,5.0,7.5,2024-02-01 15:09:00+00:00,2024-02-01 15:09:00+00:00,2024-02-01 15:14:00+00:00,2024-02-01 15:14:00+00:00,momentum_long_open_c3518efb2097,1,market,0.0,5,1,20,20,51070.0
385608,385609,385613,385613,closed,timeout,19308.25,19307.75,19308.5,19307.5,19288.25,19328.25,-0.5,-1.0,-1.5,-30.0,10.0,0.5,5.0,5.0,14.0,2024-02-01 15:32:00+00:00,2024-02-01 15:32:00+00:00,2024-02-01 15:37:00+00:00,2024-02-01 15:37:00+00:00,momentum_long_open_c3518efb2097,1,market,0.0,5,1,20,20,51040.0
386923,386924,386926,386926,closed,target,19495.75,19515.75,19496.0,19515.5,19475.75,19515.75,20.0,19.5,19.0,380.0,10.0,0.5,3.0,3.0,5.5,2024-02-02 14:42:00+00:00,2024-02-02 14:42:00+00:00,2024-02-02 14:45:00+00:00,2024-02-02 14:47:00+00:00,momentum_long_open_c3518efb2097,1,market,0.0,5,1,20,20,51420.0
386926,386927,386927,386927,closed,target,19517.25,19537.25,19517.5,19537.0,19497.25,19537.25,20.0,19.5,19.0,380.0,10.0,0.5,1.0,1.0,0.25,2024-02-02 14:45:00+00:00,2024-02-02 14:45:00+00:00,2024-02-02 14:46:00+00:00,2024-02-02 14:50:00+00:00,momentum_long_open_c3518efb2097,1,market,0.0,5,1,20,20,51800.0
386927,386928,386929,386929,closed,target,19540.75,19560.75,19541.0,19560.5,19520.75,19560.75,20.0,19.5,19.0,380.0,10.0,0.5,2.0,2.0,8.75,2024-02-02 14:46:00+00:00,2024-02-02 14:46:00+00:00,2024-02-02 14:48:00+00:00,2024-02-02 14:51:00+00:00,momentum_long_open_c3518efb2097,1,market,0.0,5,1,20,20,52180.0
386929,386930,386931,386931,closed,stop,19556.5,19536.5,19556.75,19536.25,19536.5,19576.5,-20.0,-20.5,-21.0,-420.0,10.0,0.5,2.0,2.0,31.75,2024-02-02 14:48:00+00:00,2024-02-02 14:48:00+00:00,2024-02-02 14:50:00+00:00,2024-02-02 14:53:00+00:00,momentum_long_open_c3518efb2097,1,market,0.0,5,1,20,20,51760.0
386983,386984,386985,386985,closed,target,19567.75,19587.75,19568.0,19587.5,19547.75,19587.75,20.0,19.5,19.0,380.0,10.0,0.5,2.0,2.0,0.25,2024-02-02 15:42:00+00:00,2024-02-02 15:42:00+00:00,2024-02-02 15:44:00+00:00,2024-02-02 15:47:00+00:00,momentum_long_open_c3518efb2097,1,market,0.0,5,1,20,20,52140.0
386985,386986,386990,386990,closed,timeout,19591.75,19596.0,19592.0,19595.75,19571.75,19611.75,4.25,3.75,3.25,65.0,10.0,0.5,5.0,5.0,7.0,2024-02-02 15:44:00+00:00,2024-02-02 15:44:00+00:00,2024-02-02 15:49:00+00:00,2024-02-02 15:49:00+00:00,momentum_long_open_c3518efb2097,1,market,0.0,5,1,20,20,52205.0
389707,389708,389711,389711,closed,stop,19596.25,19576.25,19596.5,19576.0,19576.25,19616.25,-20.0,-20.5,-21.0,-420.0,10.0,0.5,4.0,4.0,21.75,2024-02-06 15:36:00+00:00,2024-02-06 15:36:00+00:00,2024-02-06 15:40:00+00:00,2024-02-06 15:41:00+00:00,momentum_long_open_c3518efb2097,1,market,0.0,5,1,20,20,51785.0
391050,391051,391055,391055,closed,timeout,19747.0,19757.25,19747.25,19757.0,19727.0,19767.0,10.25,9.75,9.25,185.0,10.0,0.5,5.0,5.0,5.5,2024-02-07 15:14:00+00:00,2024-02-07 15:14:00+00:00,2024-02-07 15:19:00+00:00,2024-02-07 15:19:00+00:00,momentum_long_open_c3518efb2097,1,market,0.0,5,1,20,20,51970.0
391061,391062,391065,391065,closed,target,19778.5,19798.5,19778.75,19798.25,19758.5,19798.5,20.0,19.5,19.0,380.0,10.0,0.5,4.0,4.0,8.75,2024-02-07 15:25:00+00:00,2024-02-07 15:25:00+00:00,2024-02-07 15:29:00+00:00,2024-02-07 15:30:00+00:00,momentum_long_open_c3518efb2097,1,market,0.0,5,1,20,20,52350.0
391065,391066,391070,391070,closed,timeout,19796.75,19800.5,19797.0,19800.25,19776.75,19816.75,3.75,3.25,2.75,55.0,10.0,0.5,5.0,5.0,11.75,2024-02-07 15:29:00+00:00,2024-02-07 15:29:00+00:00,2024-02-07 15:34:00+00:00,2024-02-07 15:34:00+00:00,momentum_long_open_c3518efb2097,1,market,0.0,5,1,20,20,52405.0
391089,391090,391090,391090,closed,stop,19814.75,19794.75,19815.0,19794.5,19794.75,19834.75,-20.0,-20.5,-21.0,-420.0,10.0,0.5,1.0,1.0,21.5,2024-02-07 15:53:00+00:00,2024-02-07 15:53:00+00:00,2024-02-07 15:54:00+00:00,2024-02-07 15:58:00+00:00,momentum_long_open_c3518efb2097,1,market,0.0,5,1,20,20,51985.0
392394,392395,392399,392399,closed,timeout,19781.25,19779.0,19781.5,19778.75,19761.25,19801.25,-2.25,-2.75,-3.25,-65.0,10.0,0.5,5.0,5.0,6.5,2024-02-08 14:53:00+00:00,2024-02-08 14:53:00+00:00,2024-02-08 14:58:00+00:00,2024-02-08 14:58:00+00:00,momentum_long_open_c3518efb2097,1,market,0.0,5,1,20,20,51920.0
392450,392451,392455,392455,closed,timeout,19814.5,19823.75,19814.75,19823.5,19794.5,19834.5,9.25,8.75,8.25,165.0,10.0,0.5,5.0,5.0,2.75,2024-02-08 15:49:00+00:00,2024-02-08 15:49:00+00:00,2024-02-08 15:54:00+00:00,2024-02-08 15:54:00+00:00,momentum_long_open_c3518efb2097,1,market,0.0,5,1,20,20,52085.0
392456,392457,392461,392461,closed,timeout,19832.0,19830.5,19832.25,19830.25,19812.0,19852.0,-1.5,-2.0,-2.5,-50.0,10.0,0.5,5.0,5.0,9.0,2024-02-08 15:55:00+00:00,2024-02-08 15:55:00+00:00,2024-02-08 16:00:00+00:00,2024-02-08 16:00:00+00:00,momentum_long_open_c3518efb2097,1,market,0.0,5,1,20,20,52035.0
393765,393766,393770,393770,closed,timeout,19881.25,19873.25,19881.5,19873.0,19861.25,19901.25,-8.0,-8.5,-9.0,-180.0,10.0,0.5,5.0,5.0,13.25,2024-02-09 15:00:00+00:00,2024-02-09 15:00:00+00:00,2024-02-09 15:05:00+00:00,2024-02-09 15:05:00+00:00,momentum_long_open_c3518efb2097,1,market,0.0,5,1,20,20,51855.0
393783,393784,393788,393788,closed,timeout,19901.5,19900.25,19901.75,19900.0,19881.5,19921.5,-1.25,-1.75,-2.25,-45.0,10.0,0.5,5.0,5.0,9.0,2024-02-09 15:18:00+00:00,2024-02-09 15:18:00+00:00,2024-02-09 15:23:00+00:00,2024-02-09 15:23:00+00:00,momentum_long_open_c3518efb2097,1,market,0.0,5,1,20,20,51810.0
393798,393799,393803,393803,closed,timeout,19917.25,19925.5,19917.5,19925.25,19897.25,19937.25,8.25,7.75,7.25,145.0,10.0,0.5,5.0,5.0,6.25,2024-02-09 15:33:00+00:00,2024-02-09 15:33:00+00:00,2024-02-09 15:38:00+00:00,2024-02-09 15:38:00+00:00,momentum_long_open_c3518efb2097,1,market,0.0,5,1,20,20,51955.0
395151,395152,395156,395156,closed,timeout,19976.75,19981.75,19977.0,19981.5,19956.75,19996.75,5.0,4.5,4.0,80.0,10.0,0.5,5.0,5.0,8.5,2024-02-12 15:28:00+00:00,2024-02-12 15:28:00+00:00,2024-02-12 15:33:00+00:00,2024-02-12 15:33:00+00:00,momentum_long_open_c3518efb2097,1,market,0.0,5,1,20,20,52035.0
395157,395158,395162,395162,closed,timeout,19985.5,19990.75,19985.75,19990.5,19965.5,20005.5,5.25,4.75,4.25,85.0,10.0,0.5,5.0,5.0,5.75,2024-02-12 15:34:00+00:00,2024-02-12 15:34:00+00:00,2024-02-12 15:39:00+00:00,2024-02-12 15:39:00+00:00,momentum_long_open_c3518efb2097,1,market,0.0,5,1,20,20,52120.0
395163,395164,395168,395168,closed,timeout,19992.25,20000.5,19992.5,20000.25,19972.25,20012.25,8.25,7.75,7.25,145.0,10.0,0.5,5.0,5.0,2.75,2024-02-12 15:40:00+00:00,2024-02-12 15:40:00+00:00,2024-02-12 15:45:00+00:00,2024-02-12 15:45:00+00:00,momentum_long_open_c3518efb2097,1,market,0.0,5,1,20,20,52265.0
395168,395169,395173,395173,closed,timeout,20001.0,20005.25,20001.25,20005.0,19981.0,20021.0,4.25,3.75,3.25,65.0,10.0,0.5,5.0,5.0,3.0,2024-02-12 15:45:00+00:00,2024-02-12 15:45:00+00:00,2024-02-12 15:50:00+00:00,2024-02-12 15:50:00+00:00,momentum_long_open_c3518efb2097,1,market,0.0,5,1,20,20,52330.0
395176,395177,395181,395181,closed,timeout,20014.25,20022.25,20014.5,20022.0,19994.25,20034.25,8.0,7.5,7.0,140.0,10.0,0.5,5.0,5.0,0.75,2024-02-12 15:53:00+00:00,2024-02-12 15:53:00+00:00,2024-02-12 15:58:00+00:00,2024-02-12 15:58:00+00:00,momentum_long_open_c3518efb2097,1,market,0.0,5,1,20,20,52470.0
396513,396514,396516,396516,closed,target,19646.25,19666.25,19646.5,19666.0,19626.25,19666.25,20.0,19.5,19.0,380.0,10.0,0.5,3.0,3.0,0.75,2024-02-13 15:25:00+00:00,2024-02-13 15:25:00+00:00,2024-02-13 15:28:00+00:00,2024-02-13 15:30:00+00:00,momentum_long_open_c3518efb2097,1,market,0.0,5,1,20,20,52850.0
396516,396517,396519,396519,closed,target,19665.5,19685.5,19665.75,19685.25,19645.5,19685.5,20.0,19.5,19.0,380.0,10.0,0.5,3.0,3.0,4.0,2024-02-13 15:28:00+00:00,2024-02-13 15:28:00+00:00,2024-02-13 15:31:00+00:00,2024-02-13 15:33:00+00:00,momentum_long_open_c3518efb2097,1,market,0.0,5,1,20,20,53230.0
396519,396520,396524,396524,closed,timeout,19689.25,19686.25,19689.5,19686.0,19669.25,19709.25,-3.0,-3.5,-4.0,-80.0,10.0,0.5,5.0,5.0,12.0,2024-02-13 15:31:00+00:00,2024-02-13 15:31:00+00:00,2024-02-13 15:36:00+00:00,2024-02-13 15:36:00+00:00,momentum_long_open_c3518efb2097,1,market,0.0,5,1,20,20,53150.0
396527,396528,396528,396528,closed,target,19702.25,19722.25,19702.5,19722.0,19682.25,19722.25,20.0,19.5,19.0,380.0,10.0,0.5,1.0,1.0,4.0,2024-02-13 15:39:00+00:00,2024-02-13 15:39:00+00:00,2024-02-13 15:40:00+00:00,2024-02-13 15:44:00+00:00,momentum_long_open_c3518efb2097,1,market,0.0,5,1,20,20,53530.0
396528,396529,396533,396533,closed,timeout,19719.75,19722.75,19720.0,19722.5,19699.75,19739.75,3.0,2.5,2.0,40.0,10.0,0.5,5.0,5.0,16.75,2024-02-13 15:40:00+00:00,2024-02-13 15:40:00+00:00,2024-02-13 15:45:00+00:00,2024-02-13 15:45:00+00:00,momentum_long_open_c3518efb2097,1,market,0.0,5,1,20,20,53570.0
397823,397824,397824,397824,closed,target,19730.0,19750.0,19730.25,19749.75,19710.0,19750.0,20.0,19.5,19.0,380.0,10.0,0.5,1.0,1.0,5.0,2024-02-14 14:30:00+00:00,2024-02-14 14:30:00+00:00,2024-02-14 14:31:00+00:00,2024-02-14 14:35:00+00:00,momentum_long_open_c3518efb2097,1,market,0.0,5,1,20,20,53950.0
397824,397825,397829,397829,closed,stop,19742.75,19722.75,19743.0,19722.5,19722.75,19762.75,-20.0,-20.5,-21.0,-420.0,10.0,0.5,5.0,5.0,25.25,2024-02-14 14:31:00+00:00,2024-02-14 14:31:00+00:00,2024-02-14 14:36:00+00:00,2024-02-14 14:36:00+00:00,momentum_long_open_c3518efb2097,1,market,0.0,5,1,20,20,53530.0
397854,397855,397859,397859,closed,timeout,19734.25,19736.5,19734.5,19736.25,19714.25,19754.25,2.25,1.75,1.25,25.0,10.0,0.5,5.0,5.0,18.5,2024-02-14 15:01:00+00:00,2024-02-14 15:01:00+00:00,2024-02-14 15:06:00+00:00,2024-02-14 15:06:00+00:00,momentum_long_open_c3518efb2097,1,market,0.0,5,1,20,20,53555.0
397861,397862,397863,397863,closed,stop,19750.5,19730.5,19750.75,19730.25,19730.5,19770.5,-20.0,-20.5,-21.0,-420.0,10.0,0.5,2.0,2.0,23.0,2024-02-14 15:08:00+00:00,2024-02-14 15:08:00+00:00,2024-02-14 15:10:00+00:00,2024-02-14 15:13:00+00:00,momentum_long_open_c3518efb2097,1,market,0.0,5,1,20,20,53135.0
397874,397875,397879,397879,closed,timeout,19776.25,19776.5,19776.5,19776.25,19756.25,19796.25,0.25,-0.25,-0.75,-15.0,10.0,0.5,5.0,5.0,12.75,2024-02-14 15:21:00+00:00,2024-02-14 15:21:00+00:00,2024-02-14 15:26:00+00:00,2024-02-14 15:26:00+00:00,momentum_long_open_c3518efb2097,1,market,0.0,5,1,20,20,53120.0
397881,397882,397886,397886,closed,timeout,19782.5,19777.75,19782.75,19777.5,19762.5,19802.5,-4.75,-5.25,-5.75,-115.0,10.0,0.5,5.0,5.0,13.5,2024-02-14 15:28:00+00:00,2024-02-14 15:28:00+00:00,2024-02-14 15:33:00+00:00,2024-02-14 15:33:00+00:00,momentum_long_open_c3518efb2097,1,market,0.0,5,1,20,20,53005.0
399233,399234,399238,399238,closed,timeout,19797.25,19793.75,19797.5,19793.5,19777.25,19817.25,-3.5,-4.0,-4.5,-90.0,10.0,0.5,5.0,5.0,12.75,2024-02-15 15:15:00+00:00,2024-02-15 15:15:00+00:00,2024-02-15 15:20:00+00:00,2024-02-15 15:20:00+00:00,momentum_long_open_c3518efb2097,1,market,0.0,5,1,20,20,52915.0
400624,400625,400629,400629,closed,timeout,19753.25,19744.25,19753.5,19744.0,19733.25,19773.25,-9.0,-9.5,-10.0,-200.0,10.0,0.5,5.0,5.0,15.0,2024-02-16 15:41:00+00:00,2024-02-16 15:41:00+00:00,2024-02-16 15:46:00+00:00,2024-02-16 15:46:00+00:00,momentum_long_open_c3518efb2097,1,market,0.0,5,1,20,20,52715.0
401918,401919,401923,401923,closed,timeout,19730.5,19735.75,19730.75,19735.5,19710.5,19750.5,5.25,4.75,4.25,85.0,10.0,0.5,5.0,5.0,4.5,2024-02-19 14:30:00+00:00,2024-02-19 14:30:00+00:00,2024-02-19 14:35:00+00:00,2024-02-19 14:35:00+00:00,momentum_long_open_c3518efb2097,1,market,0.0,5,1,20,20,52800.0
403060,403061,403062,403062,closed,stop,19652.75,19632.75,19653.0,19632.5,19632.75,19672.75,-20.0,-20.5,-21.0,-420.0,10.0,0.5,2.0,2.0,21.5,2024-02-20 14:32:00+00:00,2024-02-20 14:32:00+00:00,2024-02-20 14:34:00+00:00,2024-02-20 14:37:00+00:00,momentum_long_open_c3518efb2097,1,market,0.0,5,1,20,20,52380.0
403135,403136,403140,403140,closed,timeout,19483.75,19499.5,19484.0,19499.25,19463.75,19503.75,15.75,15.25,14.75,295.0,10.0,0.5,5.0,5.0,10.0,2024-02-20 15:47:00+00:00,2024-02-20 15:47:00+00:00,2024-02-20 15:52:00+00:00,2024-02-20 15:52:00+00:00,momentum_long_open_c3518efb2097,1,market,0.0,5,1,20,20,52675.0
403140,403141,403145,403145,closed,timeout,19499.5,19502.0,19499.75,19501.75,19479.5,19519.5,2.5,2.0,1.5,30.0,10.0,0.5,5.0,5.0,10.5,2024-02-20 15:52:00+00:00,2024-02-20 15:52:00+00:00,2024-02-20 15:57:00+00:00,2024-02-20 15:57:00+00:00,momentum_long_open_c3518efb2097,1,market,0.0,5,1,20,20,52705.0
403146,403147,403149,403149,closed,target,19513.5,19533.5,19513.75,19533.25,19493.5,19533.5,20.0,19.5,19.0,380.0,10.0,0.5,3.0,3.0,3.75,2024-02-20 15:58:00+00:00,2024-02-20 15:58:00+00:00,2024-02-20 16:01:00+00:00,2024-02-20 16:03:00+00:00,momentum_long_open_c3518efb2097,1,market,0.0,5,1,20,20,53085.0
405804,405805,405809,405809,closed,target,19872.75,19892.75,19873.0,19892.5,19852.75,19892.75,20.0,19.5,19.0,380.0,10.0,0.5,5.0,5.0,11.0,2024-02-22 14:46:00+00:00,2024-02-22 14:46:00+00:00,2024-02-22 14:51:00+00:00,2024-02-22 14:51:00+00:00,momentum_long_open_c3518efb2097,1,market,0.0,5,1,20,20,53465.0
405809,405810,405810,405810,closed,stop,19904.5,19884.5,19904.75,19884.25,19884.5,19924.5,-20.0,-20.5,-21.0,-420.0,10.0,0.5,1.0,1.0,28.5,2024-02-22 14:51:00+00:00,2024-02-22 14:51:00+00:00,2024-02-22 14:52:00+00:00,2024-02-22 14:56:00+00:00,momentum_long_open_c3518efb2097,1,market,0.0,5,1,20,20,53045.0
405852,405853,405857,405857,closed,timeout,19906.75,19894.25,19907.0,19894.0,19886.75,19926.75,-12.5,-13.0,-13.5,-270.0,10.0,0.5,5.0,5.0,16.75,2024-02-22 15:34:00+00:00,2024-02-22 15:34:00+00:00,2024-02-22 15:39:00+00:00,2024-02-22 15:39:00+00:00,momentum_long_open_c3518efb2097,1,market,0.0,5,1,20,20,52775.0
407158,407159,407163,407163,closed,timeout,20076.75,20070.0,20077.0,20069.75,20056.75,20096.75,-6.75,-7.25,-7.75,-155.0,10.0,0.5,5.0,5.0,10.5,2024-02-23 14:35:00+00:00,2024-02-23 14:35:00+00:00,2024-02-23 14:40:00+00:00,2024-02-23 14:40:00+00:00,momentum_long_open_c3518efb2097,1,market,0.0,5,1,20,20,52620.0
408518,408519,408519,408519,closed,target,19958.5,19978.5,19958.75,19978.25,19938.5,19978.5,20.0,19.5,19.0,380.0,10.0,0.5,1.0,1.0,7.75,2024-02-26 14:30:00+00:00,2024-02-26 14:30:00+00:00,2024-02-26 14:31:00+00:00,2024-02-26 14:35:00+00:00,momentum_long_open_c3518efb2097,1,market,0.0,5,1,20,20,53000.0
408519,408520,408523,408523,closed,stop,19974.5,19954.5,19974.75,19954.25,19954.5,19994.5,-20.0,-20.5,-21.0,-420.0,10.0,0.5,4.0,4.0,22.75,2024-02-26 14:31:00+00:00,2024-02-26 14:31:00+00:00,2024-02-26 14:35:00+00:00,2024-02-26 14:36:00+00:00,momentum_long_open_c3518efb2097,1,market,0.0,5,1,20,20,52580.0
408556,408557,408561,408561,closed,timeout,19947.75,19950.5,19948.0,19950.25,19927.75,19967.75,2.75,2.25,1.75,35.0,10.0,0.5,5.0,5.0,15.5,2024-02-26 15:08:00+00:00,2024-02-26 15:08:00+00:00,2024-02-26 15:13:00+00:00,2024-02-26 15:13:00+00:00,momentum_long_open_c3518efb2097,1,market,0.0,5,1,20,20,52615.0
408575,408576,408579,408579,closed,stop,19977.75,19957.75,19978.0,19957.5,19957.75,19997.75,-20.0,-20.5,-21.0,-420.0,10.0,0.5,4.0,4.0,29.75,2024-02-26 15:27:00+00:00,2024-02-26 15:27:00+00:00,2024-02-26 15:31:00+00:00,2024-02-26 15:32:00+00:00,momentum_long_open_c3518efb2097,1,market,0.0,5,1,20,20,52195.0
409914,409915,409919,409919,closed,stop,19946.75,19926.75,19947.0,19926.5,19926.75,19966.75,-20.0,-20.5,-21.0,-420.0,10.0,0.5,5.0,5.0,27.25,2024-02-27 15:01:00+00:00,2024-02-27 15:01:00+00:00,2024-02-27 15:06:00+00:00,2024-02-27 15:06:00+00:00,momentum_long_open_c3518efb2097,1,market,0.0,5,1,20,20,51775.0
409933,409934,409938,409938,closed,timeout,19969.25,19955.0,19969.5,19954.75,19949.25,19989.25,-14.25,-14.75,-15.25,-305.0,10.0,0.5,5.0,5.0,17.5,2024-02-27 15:20:00+00:00,2024-02-27 15:20:00+00:00,2024-02-27 15:25:00+00:00,2024-02-27 15:25:00+00:00,momentum_long_open_c3518efb2097,1,market,0.0,5,1,20,20,51470.0
411290,411291,411295,411295,closed,timeout,19860.0,19856.75,19860.25,19856.5,19840.0,19880.0,-3.25,-3.75,-4.25,-85.0,10.0,0.5,5.0,5.0,14.75,2024-02-28 15:12:00+00:00,2024-02-28 15:12:00+00:00,2024-02-28 15:17:00+00:00,2024-02-28 15:17:00+00:00,momentum_long_open_c3518efb2097,1,market,0.0,5,1,20,20,51385.0
412613,412614,412614,412614,closed,target,19971.5,19991.5,19971.75,19991.25,19951.5,19991.5,20.0,19.5,19.0,380.0,10.0,0.5,1.0,1.0,9.75,2024-02-29 14:30:00+00:00,2024-02-29 14:30:00+00:00,2024-02-29 14:31:00+00:00,2024-02-29 14:35:00+00:00,momentum_long_open_c3518efb2097,1,market,0.0,5,1,20,20,51765.0
412614,412615,412619,412619,closed,target,19991.0,20011.0,19991.25,20010.75,19971.0,20011.0,20.0,19.5,19.0,380.0,10.0,0.5,5.0,5.0,9.5,2024-02-29 14:31:00+00:00,2024-02-29 14:31:00+00:00,2024-02-29 14:36:00+00:00,2024-02-29 14:36:00+00:00,momentum_long_open_c3518efb2097,1,market,0.0,5,1,20,20,52145.0
412619,412620,412621,412621,closed,stop,20011.25,19991.25,20011.5,19991.0,19991.25,20031.25,-20.0,-20.5,-21.0,-420.0,10.0,0.5,2.0,2.0,22.75,2024-02-29 14:36:00+00:00,2024-02-29 14:36:00+00:00,2024-02-29 14:38:00+00:00,2024-02-29 14:41:00+00:00,momentum_long_open_c3518efb2097,1,market,0.0,5,1,20,20,51725.0
412640,412641,412645,412645,closed,timeout,20005.5,20001.75,20005.75,20001.5,19985.5,20025.5,-3.75,-4.25,-4.75,-95.0,10.0,0.5,5.0,5.0,15.75,2024-02-29 14:57:00+00:00,2024-02-29 14:57:00+00:00,2024-02-29 15:02:00+00:00,2024-02-29 15:02:00+00:00,momentum_long_open_c3518efb2097,1,market,0.0,5,1,20,20,51630.0
413979,413980,413980,413980,closed,target,20053.25,20073.25,20053.5,20073.0,20033.25,20073.25,20.0,19.5,19.0,380.0,10.0,0.5,1.0,1.0,8.0,2024-03-01 14:31:00+00:00,2024-03-01 14:31:00+00:00,2024-03-01 14:32:00+00:00,2024-03-01 14:36:00+00:00,momentum_long_open_c3518efb2097,1,market,0.0,5,1,20,20,52010.0
413980,413981,413985,413985,closed,timeout,20075.5,20068.25,20075.75,20068.0,20055.5,20095.5,-7.25,-7.75,-8.25,-165.0,10.0,0.5,5.0,5.0,14.0,2024-03-01 14:32:00+00:00,2024-03-01 14:32:00+00:00,2024-03-01 14:37:00+00:00,2024-03-01 14:37:00+00:00,momentum_long_open_c3518efb2097,1,market,0.0,5,1,20,20,51845.0
414009,414010,414013,414013,closed,stop,20088.25,20068.25,20088.5,20068.0,20068.25,20108.25,-20.0,-20.5,-21.0,-420.0,10.0,0.5,4.0,4.0,25.25,2024-03-01 15:01:00+00:00,2024-03-01 15:01:00+00:00,2024-03-01 15:05:00+00:00,2024-03-01 15:06:00+00:00,momentum_long_open_c3518efb2097,1,market,0.0,5,1,20,20,51425.0
414025,414026,414030,414030,closed,timeout,20130.75,20117.0,20131.0,20116.75,20110.75,20150.75,-13.75,-14.25,-14.75,-295.0,10.0,0.5,5.0,5.0,19.75,2024-03-01 15:17:00+00:00,2024-03-01 15:17:00+00:00,2024-03-01 15:22:00+00:00,2024-03-01 15:22:00+00:00,momentum_long_open_c3518efb2097,1,market,0.0,5,1,20,20,51130.0
415411,415412,415416,415416,closed,timeout,20269.5,20263.0,20269.75,20262.75,20249.5,20289.5,-6.5,-7.0,-7.5,-150.0,10.0,0.5,5.0,5.0,9.0,2024-03-04 15:38:00+00:00,2024-03-04 15:38:00+00:00,2024-03-04 15:43:00+00:00,2024-03-04 15:43:00+00:00,momentum_long_open_c3518efb2097,1,market,0.0,5,1,20,20,50980.0
418153,418154,418155,418155,closed,target,19999.0,20019.0,19999.25,20018.75,19979.0,20019.0,20.0,19.5,19.0,380.0,10.0,0.5,2.0,2.0,5.5,2024-03-06 15:50:00+00:00,2024-03-06 15:50:00+00:00,2024-03-06 15:52:00+00:00,2024-03-06 15:55:00+00:00,momentum_long_open_c3518efb2097,1,market,0.0,5,1,20,20,51360.0
418155,418156,418160,418160,closed,timeout,20015.5,20014.75,20015.75,20014.5,19995.5,20035.5,-0.75,-1.25,-1.75,-35.0,10.0,0.5,5.0,5.0,9.5,2024-03-06 15:52:00+00:00,2024-03-06 15:52:00+00:00,2024-03-06 15:57:00+00:00,2024-03-06 15:57:00+00:00,momentum_long_open_c3518efb2097,1,market,0.0,5,1,20,20,51325.0
418162,418163,418165,418165,closed,target,20021.25,20041.25,20021.5,20041.0,20001.25,20041.25,20.0,19.5,19.0,380.0,10.0,0.5,3.0,3.0,6.5,2024-03-06 15:59:00+00:00,2024-03-06 15:59:00+00:00,2024-03-06 16:02:00+00:00,2024-03-06 16:04:00+00:00,momentum_long_open_c3518efb2097,1,market,0.0,5,1,20,20,51705.0
419444,419445,419447,419447,closed,target,20146.25,20166.25,20146.5,20166.0,20126.25,20166.25,20.0,19.5,19.0,380.0,10.0,0.5,3.0,3.0,0.25,2024-03-07 14:36:00+00:00,2024-03-07 14:36:00+00:00,2024-03-07 14:39:00+00:00,2024-03-07 14:41:00+00:00,momentum_long_open_c3518efb2097,1,market,0.0,5,1,20,20,52085.0
419447,419448,419450,419450,closed,stop,20149.75,20129.75,20150.0,20129.5,20129.75,20169.75,-20.0,-20.5,-21.0,-420.0,10.0,0.5,3.0,3.0,30.75,2024-03-07 14:39:00+00:00,2024-03-07 14:39:00+00:00,2024-03-07 14:42:00+00:00,2024-03-07 14:44:00+00:00,momentum_long_open_c3518efb2097,1,market,0.0,5,1,20,20,51665.0
419509,419510,419514,419514,closed,timeout,20196.0,20207.5,20196.25,20207.25,20176.0,20216.0,11.5,11.0,10.5,210.0,10.0,0.5,5.0,5.0,3.5,2024-03-07 15:41:00+00:00,2024-03-07 15:41:00+00:00,2024-03-07 15:46:00+00:00,2024-03-07 15:46:00+00:00,momentum_long_open_c3518efb2097,1,market,0.0,5,1,20,20,51875.0
419514,419515,419519,419519,closed,timeout,20207.75,20205.0,20208.0,20204.75,20187.75,20227.75,-2.75,-3.25,-3.75,-75.0,10.0,0.5,5.0,5.0,8.25,2024-03-07 15:46:00+00:00,2024-03-07 15:46:00+00:00,2024-03-07 15:51:00+00:00,2024-03-07 15:51:00+00:00,momentum_long_open_c3518efb2097,1,market,0.0,5,1,20,20,51800.0
420823,420824,420828,420828,closed,timeout,20297.5,20311.5,20297.75,20311.25,20277.5,20317.5,14.0,13.5,13.0,260.0,10.0,0.5,5.0,5.0,9.25,2024-03-08 14:50:00+00:00,2024-03-08 14:50:00+00:00,2024-03-08 14:55:00+00:00,2024-03-08 14:55:00+00:00,momentum_long_open_c3518efb2097,1,market,0.0,5,1,20,20,52060.0
420829,420830,420834,420834,closed,timeout,20316.75,20328.25,20317.0,20328.0,20296.75,20336.75,11.5,11.0,10.5,210.0,10.0,0.5,5.0,5.0,8.25,2024-03-08 14:56:00+00:00,2024-03-08 14:56:00+00:00,2024-03-08 15:01:00+00:00,2024-03-08 15:01:00+00:00,momentum_long_open_c3518efb2097,1,market,0.0,5,1,20,20,52270.0
420839,420840,420844,420844,closed,timeout,20342.75,20345.5,20343.0,20345.25,20322.75,20362.75,2.75,2.25,1.75,35.0,10.0,0.5,5.0,5.0,1.5,2024-03-08 15:06:00+00:00,2024-03-08 15:06:00+00:00,2024-03-08 15:11:00+00:00,2024-03-08 15:11:00+00:00,momentum_long_open_c3518efb2097,1,market,0.0,5,1,20,20,52305.0
422230,422231,422232,422232,closed,target,19903.5,19923.5,19903.75,19923.25,19883.5,19923.5,20.0,19.5,19.0,380.0,10.0,0.5,2.0,2.0,2.75,2024-03-11 14:32:00+00:00,2024-03-11 14:32:00+00:00,2024-03-11 14:34:00+00:00,2024-03-11 14:37:00+00:00,momentum_long_open_c3518efb2097,1,market,0.0,5,1,20,20,52685.0
422232,422233,422236,422236,closed,stop,19917.25,19897.25,19917.5,19897.0,19897.25,19937.25,-20.0,-20.5,-21.0,-420.0,10.0,0.5,4.0,4.0,25.75,2024-03-11 14:34:00+00:00,2024-03-11 14:34:00+00:00,2024-03-11 14:38:00+00:00,2024-03-11 14:39:00+00:00,momentum_long_open_c3518efb2097,1,market,0.0,5,1,20,20,52265.0
422253,422254,422258,422258,closed,timeout,19948.5,19942.0,19948.75,19941.75,19928.5,19968.5,-6.5,-7.0,-7.5,-150.0,10.0,0.5,5.0,5.0,13.0,2024-03-11 14:55:00+00:00,2024-03-11 14:55:00+00:00,2024-03-11 15:00:00+00:00,2024-03-11 15:00:00+00:00,momentum_long_open_c3518efb2097,1,market,0.0,5,1,20,20,52115.0
423533,423534,423534,423534,closed,target,20005.0,20025.0,20005.25,20024.75,19985.0,20025.0,20.0,19.5,19.0,380.0,10.0,0.5,1.0,1.0,0.75,2024-03-12 13:30:00+00:00,2024-03-12 13:30:00+00:00,2024-03-12 13:31:00+00:00,2024-03-12 13:35:00+00:00,momentum_long_open_c3518efb2097,1,market,0.0,5,1,20,20,52495.0
423534,423535,423535,423535,closed,stop,20023.5,20003.5,20023.75,20003.25,20003.5,20043.5,-20.0,-20.5,-21.0,-420.0,10.0,0.5,1.0,1.0,27.25,2024-03-12 13:31:00+00:00,2024-03-12 13:31:00+00:00,2024-03-12 13:32:00+00:00,2024-03-12 13:36:00+00:00,momentum_long_open_c3518efb2097,1,market,0.0,5,1,20,20,52075.0
423560,423561,423563,423563,closed,target,19963.5,19983.5,19963.75,19983.25,19943.5,19983.5,20.0,19.5,19.0,380.0,10.0,0.5,3.0,3.0,12.75,2024-03-12 13:57:00+00:00,2024-03-12 13:57:00+00:00,2024-03-12 14:00:00+00:00,2024-03-12 14:02:00+00:00,momentum_long_open_c3518efb2097,1,market,0.0,5,1,20,20,52455.0
423563,423564,423568,423568,closed,timeout,19987.25,19978.5,19987.5,19978.25,19967.25,20007.25,-8.75,-9.25,-9.75,-195.0,10.0,0.5,5.0,5.0,19.0,2024-03-12 14:00:00+00:00,2024-03-12 14:00:00+00:00,2024-03-12 14:05:00+00:00,2024-03-12 14:05:00+00:00,momentum_long_open_c3518efb2097,1,market,0.0,5,1,20,20,52260.0
423570,423571,423573,423573,closed,stop,20016.75,19996.75,20017.0,19996.5,19996.75,20036.75,-20.0,-20.5,-21.0,-420.0,10.0,0.5,3.0,3.0,21.5,2024-03-12 14:07:00+00:00,2024-03-12 14:07:00+00:00,2024-03-12 14:10:00+00:00,2024-03-12 14:12:00+00:00,momentum_long_open_c3518efb2097,1,market,0.0,5,1,20,20,51840.0
423588,423589,423593,423593,closed,timeout,20050.5,20058.25,20050.75,20058.0,20030.5,20070.5,7.75,7.25,6.75,135.0,10.0,0.5,5.0,5.0,8.0,2024-03-12 14:25:00+00:00,2024-03-12 14:25:00+00:00,2024-03-12 14:30:00+00:00,2024-03-12 14:30:00+00:00,momentum_long_open_c3518efb2097,1,market,0.0,5,1,20,20,51975.0
423594,423595,423599,423599,closed,timeout,20083.0,20086.5,20083.25,20086.25,20063.0,20103.0,3.5,3.0,2.5,50.0,10.0,0.5,5.0,5.0,3.25,2024-03-12 14:31:00+00:00,2024-03-12 14:31:00+00:00,2024-03-12 14:36:00+00:00,2024-03-12 14:36:00+00:00,momentum_long_open_c3518efb2097,1,market,0.0,5,1,20,20,52025.0
423602,423603,423607,423607,closed,timeout,20103.75,20093.5,20104.0,20093.25,20083.75,20123.75,-10.25,-10.75,-11.25,-225.0,10.0,0.5,5.0,5.0,15.0,2024-03-12 14:39:00+00:00,2024-03-12 14:39:00+00:00,2024-03-12 14:44:00+00:00,2024-03-12 14:44:00+00:00,momentum_long_open_c3518efb2097,1,market,0.0,5,1,20,20,51800.0
423613,423614,423618,423618,closed,timeout,20126.5,20120.25,20126.75,20120.0,20106.5,20146.5,-6.25,-6.75,-7.25,-145.0,10.0,0.5,5.0,5.0,8.5,2024-03-12 14:50:00+00:00,2024-03-12 14:50:00+00:00,2024-03-12 14:55:00+00:00,2024-03-12 14:55:00+00:00,momentum_long_open_c3518efb2097,1,market,0.0,5,1,20,20,51655.0
426305,426306,426309,426309,closed,target,19986.25,20006.25,19986.5,20006.0,19966.25,20006.25,20.0,19.5,19.0,380.0,10.0,0.5,4.0,4.0,6.0,2024-03-14 14:12:00+00:00,2024-03-14 14:12:00+00:00,2024-03-14 14:16:00+00:00,2024-03-14 14:17:00+00:00,momentum_long_open_c3518efb2097,1,market,0.0,5,1,20,20,52035.0
426309,426310,426311,426311,closed,stop,20001.75,19981.75,20002.0,19981.5,19981.75,20021.75,-20.0,-20.5,-21.0,-420.0,10.0,0.5,2.0,2.0,21.75,2024-03-14 14:16:00+00:00,2024-03-14 14:16:00+00:00,2024-03-14 14:18:00+00:00,2024-03-14 14:21:00+00:00,momentum_long_open_c3518efb2097,1,market,0.0,5,1,20,20,51615.0
427697,427698,427702,427702,closed,timeout,19837.5,19837.75,19837.75,19837.5,19817.5,19857.5,0.25,-0.25,-0.75,-15.0,10.0,0.5,5.0,5.0,15.75,2024-03-15 14:39:00+00:00,2024-03-15 14:39:00+00:00,2024-03-15 14:44:00+00:00,2024-03-15 14:44:00+00:00,momentum_long_open_c3518efb2097,1,market,0.0,5,1,20,20,51600.0
428995,428996,428999,428999,closed,target,20007.25,20027.25,20007.5,20027.0,19987.25,20027.25,20.0,19.5,19.0,380.0,10.0,0.5,4.0,4.0,11.0,2024-03-18 13:32:00+00:00,2024-03-18 13:32:00+00:00,2024-03-18 13:36:00+00:00,2024-03-18 13:37:00+00:00,momentum_long_open_c3518efb2097,1,market,0.0,5,1,20,20,51980.0
428999,429000,429004,429004,closed,timeout,20028.25,20025.75,20028.5,20025.5,20008.25,20048.25,-2.5,-3.0,-3.5,-70.0,10.0,0.5,5.0,5.0,19.75,2024-03-18 13:36:00+00:00,2024-03-18 13:36:00+00:00,2024-03-18 13:41:00+00:00,2024-03-18 13:41:00+00:00,momentum_long_open_c3518efb2097,1,market,0.0,5,1,20,20,51910.0
429035,429036,429040,429040,closed,timeout,20040.75,20035.75,20041.0,20035.5,20020.75,20060.75,-5.0,-5.5,-6.0,-120.0,10.0,0.5,5.0,5.0,11.0,2024-03-18 14:12:00+00:00,2024-03-18 14:12:00+00:00,2024-03-18 14:17:00+00:00,2024-03-18 14:17:00+00:00,momentum_long_open_c3518efb2097,1,market,0.0,5,1,20,20,51790.0
429051,429052,429056,429056,closed,timeout,20068.25,20056.75,20068.5,20056.5,20048.25,20088.25,-11.5,-12.0,-12.5,-250.0,10.0,0.5,5.0,5.0,19.0,2024-03-18 14:28:00+00:00,2024-03-18 14:28:00+00:00,2024-03-18 14:33:00+00:00,2024-03-18 14:33:00+00:00,momentum_long_open_c3518efb2097,1,market,0.0,5,1,20,20,51540.0
430428,430429,430433,430433,closed,timeout,19809.25,19823.75,19809.5,19823.5,19789.25,19829.25,14.5,14.0,13.5,270.0,10.0,0.5,5.0,5.0,4.5,2024-03-19 14:40:00+00:00,2024-03-19 14:40:00+00:00,2024-03-19 14:45:00+00:00,2024-03-19 14:45:00+00:00,momentum_long_open_c3518efb2097,1,market,0.0,5,1,20,20,51810.0
430433,430434,430438,430438,closed,timeout,19823.25,19835.0,19823.5,19834.75,19803.25,19843.25,11.75,11.25,10.75,215.0,10.0,0.5,5.0,5.0,7.0,2024-03-19 14:45:00+00:00,2024-03-19 14:45:00+00:00,2024-03-19 14:50:00+00:00,2024-03-19 14:50:00+00:00,momentum_long_open_c3518efb2097,1,market,0.0,5,1,20,20,52025.0
430438,430439,430441,430441,closed,stop,19835.0,19815.0,19835.25,19814.75,19815.0,19855.0,-20.0,-20.5,-21.0,-420.0,10.0,0.5,3.0,3.0,21.5,2024-03-19 14:50:00+00:00,2024-03-19 14:50:00+00:00,2024-03-19 14:53:00+00:00,2024-03-19 14:55:00+00:00,momentum_long_open_c3518efb2097,1,market,0.0,5,1,20,20,51605.0
431724,431725,431728,431728,closed,stop,20019.25,19999.25,20019.5,19999.0,19999.25,20039.25,-20.0,-20.5,-21.0,-420.0,10.0,0.5,4.0,4.0,23.75,2024-03-20 13:31:00+00:00,2024-03-20 13:31:00+00:00,2024-03-20 13:35:00+00:00,2024-03-20 13:36:00+00:00,momentum_long_open_c3518efb2097,1,market,0.0,5,1,20,20,51185.0
431778,431779,431783,431783,closed,timeout,19979.5,19990.0,19979.75,19989.75,19959.5,19999.5,10.5,10.0,9.5,190.0,10.0,0.5,5.0,5.0,7.25,2024-03-20 14:25:00+00:00,2024-03-20 14:25:00+00:00,2024-03-20 14:30:00+00:00,2024-03-20 14:30:00+00:00,momentum_long_open_c3518efb2097,1,market,0.0,5,1,20,20,51375.0
431783,431784,431788,431788,closed,timeout,19989.75,19978.0,19990.0,19977.75,19969.75,20009.75,-11.75,-12.25,-12.75,-255.0,10.0,0.5,5.0,5.0,12.25,2024-03-20 14:30:00+00:00,2024-03-20 14:30:00+00:00,2024-03-20 14:35:00+00:00,2024-03-20 14:35:00+00:00,momentum_long_open_c3518efb2097,1,market,0.0,5,1,20,20,51120.0
433088,433089,433092,433092,closed,stop,20381.5,20361.5,20381.75,20361.25,20361.5,20401.5,-20.0,-20.5,-21.0,-420.0,10.0,0.5,4.0,4.0,27.0,2024-03-21 13:30:00+00:00,2024-03-21 13:30:00+00:00,2024-03-21 13:34:00+00:00,2024-03-21 13:35:00+00:00,momentum_long_open_c3518efb2097,1,market,0.0,5,1,20,20,50700.0
434478,434479,434483,434483,closed,timeout,20232.0,20224.5,20232.25,20224.25,20212.0,20252.0,-7.5,-8.0,-8.5,-170.0,10.0,0.5,5.0,5.0,12.5,2024-03-22 13:55:00+00:00,2024-03-22 13:55:00+00:00,2024-03-22 14:00:00+00:00,2024-03-22 14:00:00+00:00,momentum_long_open_c3518efb2097,1,market,0.0,5,1,20,20,50530.0
435840,435841,435845,435845,closed,timeout,20174.5,20170.25,20174.75,20170.0,20154.5,20194.5,-4.25,-4.75,-5.25,-105.0,10.0,0.5,5.0,5.0,9.75,2024-03-25 13:52:00+00:00,2024-03-25 13:52:00+00:00,2024-03-25 13:57:00+00:00,2024-03-25 13:57:00+00:00,momentum_long_open_c3518efb2097,1,market,0.0,5,1,20,20,50425.0
435860,435861,435865,435865,closed,timeout,20211.0,20210.0,20211.25,20209.75,20191.0,20231.0,-1.0,-1.5,-2.0,-40.0,10.0,0.5,5.0,5.0,8.5,2024-03-25 14:12:00+00:00,2024-03-25 14:12:00+00:00,2024-03-25 14:17:00+00:00,2024-03-25 14:17:00+00:00,momentum_long_open_c3518efb2097,1,market,0.0,5,1,20,20,50385.0
437188,437189,437193,437193,closed,timeout,20281.5,20268.5,20281.75,20268.25,20261.5,20301.5,-13.0,-13.5,-14.0,-280.0,10.0,0.5,5.0,5.0,19.5,2024-03-26 13:35:00+00:00,2024-03-26 13:35:00+00:00,2024-03-26 13:40:00+00:00,2024-03-26 13:40:00+00:00,momentum_long_open_c3518efb2097,1,market,0.0,5,1,20,20,50105.0
437217,437218,437222,437222,closed,timeout,20295.5,20293.0,20295.75,20292.75,20275.5,20315.5,-2.5,-3.0,-3.5,-70.0,10.0,0.5,5.0,5.0,8.0,2024-03-26 14:04:00+00:00,2024-03-26 14:04:00+00:00,2024-03-26 14:09:00+00:00,2024-03-26 14:09:00+00:00,momentum_long_open_c3518efb2097,1,market,0.0,5,1,20,20,50035.0
438620,438621,438623,438623,closed,stop,20136.5,20116.5,20136.75,20116.25,20116.5,20156.5,-20.0,-20.5,-21.0,-420.0,10.0,0.5,3.0,3.0,24.75,2024-03-27 14:42:00+00:00,2024-03-27 14:42:00+00:00,2024-03-27 14:45:00+00:00,2024-03-27 14:47:00+00:00,momentum_long_open_c3518efb2097,1,market,0.0,5,1,20,20,49615.0
439929,439930,439934,439934,closed,timeout,20209.5,20224.25,20209.75,20224.0,20189.5,20229.5,14.75,14.25,13.75,275.0,10.0,0.5,5.0,5.0,8.25,2024-03-28 13:47:00+00:00,2024-03-28 13:47:00+00:00,2024-03-28 13:52:00+00:00,2024-03-28 13:52:00+00:00,momentum_long_open_c3518efb2097,1,market,0.0,5,1,20,20,49890.0
439934,439935,439939,439939,closed,timeout,20224.25,20219.75,20224.5,20219.5,20204.25,20244.25,-4.5,-5.0,-5.5,-110.0,10.0,0.5,5.0,5.0,7.25,2024-03-28 13:52:00+00:00,2024-03-28 13:52:00+00:00,2024-03-28 13:57:00+00:00,2024-03-28 13:57:00+00:00,momentum_long_open_c3518efb2097,1,market,0.0,5,1,20,20,49780.0
439979,439980,439984,439984,closed,stop,20208.25,20188.25,20208.5,20188.0,20188.25,20228.25,-20.0,-20.5,-21.0,-420.0,10.0,0.5,5.0,5.0,23.25,2024-03-28 14:37:00+00:00,2024-03-28 14:37:00+00:00,2024-03-28 14:42:00+00:00,2024-03-28 14:42:00+00:00,momentum_long_open_c3518efb2097,1,market,0.0,5,1,20,20,49360.0
441281,441282,441283,441283,closed,target,20226.0,20246.0,20226.25,20245.75,20206.0,20246.0,20.0,19.5,19.0,380.0,10.0,0.5,2.0,2.0,1.5,2024-04-01 13:34:00+00:00,2024-04-01 13:34:00+00:00,2024-04-01 13:36:00+00:00,2024-04-01 13:39:00+00:00,momentum_long_open_c3518efb2097,1,market,0.0,5,1,20,20,49740.0
441283,441284,441286,441286,closed,target,20259.0,20279.0,20259.25,20278.75,20239.0,20279.0,20.0,19.5,19.0,380.0,10.0,0.5,3.0,3.0,3.5,2024-04-01 13:36:00+00:00,2024-04-01 13:36:00+00:00,2024-04-01 13:39:00+00:00,2024-04-01 13:41:00+00:00,momentum_long_open_c3518efb2097,1,market,0.0,5,1,20,20,50120.0
441286,441287,441291,441291,closed,timeout,20283.25,20281.25,20283.5,20281.0,20263.25,20303.25,-2.0,-2.5,-3.0,-60.0,10.0,0.5,5.0,5.0,6.25,2024-04-01 13:39:00+00:00,2024-04-01 13:39:00+00:00,2024-04-01 13:44:00+00:00,2024-04-01 13:44:00+00:00,momentum_long_open_c3518efb2097,1,market,0.0,5,1,20,20,50060.0
444014,444015,444019,444019,closed,timeout,19967.0,19964.5,19967.25,19964.25,19947.0,19987.0,-2.5,-3.0,-3.5,-70.0,10.0,0.5,5.0,5.0,8.5,2024-04-03 13:37:00+00:00,2024-04-03 13:37:00+00:00,2024-04-03 13:42:00+00:00,2024-04-03 13:42:00+00:00,momentum_long_open_c3518efb2097,1,market,0.0,5,1,20,20,49990.0
444038,444039,444040,444040,closed,target,20013.75,20033.75,20014.0,20033.5,19993.75,20033.75,20.0,19.5,19.0,380.0,10.0,0.5,2.0,2.0,0.25,2024-04-03 14:01:00+00:00,2024-04-03 14:01:00+00:00,2024-04-03 14:03:00+00:00,2024-04-03 14:06:00+00:00,momentum_long_open_c3518efb2097,1,market,0.0,5,1,20,20,50370.0
444040,444041,444044,444044,closed,target,20038.25,20058.25,20038.5,20058.0,20018.25,20058.25,20.0,19.5,19.0,380.0,10.0,0.5,4.0,4.0,7.5,2024-04-03 14:03:00+00:00,2024-04-03 14:03:00+00:00,2024-04-03 14:07:00+00:00,2024-04-03 14:08:00+00:00,momentum_long_open_c3518efb2097,1,market,0.0,5,1,20,20,50750.0
444044,444045,444047,444047,closed,stop,20056.75,20036.75,20057.0,20036.5,20036.75,20076.75,-20.0,-20.5,-21.0,-420.0,10.0,0.5,3.0,3.0,34.0,2024-04-03 14:07:00+00:00,2024-04-03 14:07:00+00:00,2024-04-03 14:10:00+00:00,2024-04-03 14:12:00+00:00,momentum_long_open_c3518efb2097,1,market,0.0,5,1,20,20,50330.0
444057,444058,444062,444062,closed,timeout,20083.5,20093.0,20083.75,20092.75,20063.5,20103.5,9.5,9.0,8.5,170.0,10.0,0.5,5.0,5.0,6.75,2024-04-03 14:20:00+00:00,2024-04-03 14:20:00+00:00,2024-04-03 14:25:00+00:00,2024-04-03 14:25:00+00:00,momentum_long_open_c3518efb2097,1,market,0.0,5,1,20,20,50500.0
444064,444065,444069,444069,closed,timeout,20107.25,20111.5,20107.5,20111.25,20087.25,20127.25,4.25,3.75,3.25,65.0,10.0,0.5,5.0,5.0,6.5,2024-04-03 14:27:00+00:00,2024-04-03 14:27:00+00:00,2024-04-03 14:32:00+00:00,2024-04-03 14:32:00+00:00,momentum_long_open_c3518efb2097,1,market,0.0,5,1,20,20,50565.0
444094,444095,444099,444099,closed,timeout,20121.5,20126.0,20121.75,20125.75,20101.5,20141.5,4.5,4.0,3.5,70.0,10.0,0.5,5.0,5.0,8.0,2024-04-03 14:57:00+00:00,2024-04-03 14:57:00+00:00,2024-04-03 15:02:00+00:00,2024-04-03 15:02:00+00:00,momentum_long_open_c3518efb2097,1,market,0.0,5,1,20,20,50635.0
446759,446760,446762,446762,closed,target,19888.75,19908.75,19889.0,19908.5,19868.75,19908.75,20.0,19.5,19.0,380.0,10.0,0.5,3.0,3.0,3.25,2024-04-05 13:52:00+00:00,2024-04-05 13:52:00+00:00,2024-04-05 13:55:00+00:00,2024-04-05 13:57:00+00:00,momentum_long_open_c3518efb2097,1,market,0.0,5,1,20,20,51015.0
446762,446763,446766,446766,closed,stop,19918.75,19898.75,19919.0,19898.5,19898.75,19938.75,-20.0,-20.5,-21.0,-420.0,10.0,0.5,4.0,4.0,21.75,2024-04-05 13:55:00+00:00,2024-04-05 13:55:00+00:00,2024-04-05 13:59:00+00:00,2024-04-05 14:00:00+00:00,momentum_long_open_c3518efb2097,1,market,0.0,5,1,20,20,50595.0
446806,446807,446807,446807,closed,stop,19929.5,19909.5,19929.75,19909.25,19909.5,19949.5,-20.0,-20.5,-21.0,-420.0,10.0,0.5,1.0,1.0,21.5,2024-04-05 14:39:00+00:00,2024-04-05 14:39:00+00:00,2024-04-05 14:40:00+00:00,2024-04-05 14:44:00+00:00,momentum_long_open_c3518efb2097,1,market,0.0,5,1,20,20,50175.0
446817,446818,446819,446819,closed,target,19961.0,19981.0,19961.25,19980.75,19941.0,19981.0,20.0,19.5,19.0,380.0,10.0,0.5,2.0,2.0,3.0,2024-04-05 14:50:00+00:00,2024-04-05 14:50:00+00:00,2024-04-05 14:52:00+00:00,2024-04-05 14:55:00+00:00,momentum_long_open_c3518efb2097,1,market,0.0,5,1,20,20,50555.0
446819,446820,446824,446824,closed,timeout,19977.0,19989.0,19977.25,19988.75,19957.0,19997.0,12.0,11.5,11.0,220.0,10.0,0.5,5.0,5.0,10.0,2024-04-05 14:52:00+00:00,2024-04-05 14:52:00+00:00,2024-04-05 14:57:00+00:00,2024-04-05 14:57:00+00:00,momentum_long_open_c3518efb2097,1,market,0.0,5,1,20,20,50775.0
446825,446826,446830,446830,closed,timeout,19997.75,19999.0,19998.0,19998.75,19977.75,20017.75,1.25,0.75,0.25,5.0,10.0,0.5,5.0,5.0,7.0,2024-04-05 14:58:00+00:00,2024-04-05 14:58:00+00:00,2024-04-05 15:03:00+00:00,2024-04-05 15:03:00+00:00,momentum_long_open_c3518efb2097,1,market,0.0,5,1,20,20,50780.0
448161,448162,448163,448163,closed,target,20027.5,20047.5,20027.75,20047.25,20007.5,20047.5,20.0,19.5,19.0,380.0,10.0,0.5,2.0,2.0,1.25,2024-04-08 14:29:00+00:00,2024-04-08 14:29:00+00:00,2024-04-08 14:31:00+00:00,2024-04-08 14:34:00+00:00,momentum_long_open_c3518efb2097,1,market,0.0,5,1,20,20,51160.0
448163,448164,448168,448168,closed,timeout,20052.0,20055.75,20052.25,20055.5,20032.0,20072.0,3.75,3.25,2.75,55.0,10.0,0.5,5.0,5.0,6.5,2024-04-08 14:31:00+00:00,2024-04-08 14:31:00+00:00,2024-04-08 14:36:00+00:00,2024-04-08 14:36:00+00:00,momentum_long_open_c3518efb2097,1,market,0.0,5,1,20,20,51215.0
448184,448185,448189,448189,closed,timeout,20066.5,20057.75,20066.75,20057.5,20046.5,20086.5,-8.75,-9.25,-9.75,-195.0,10.0,0.5,5.0,5.0,9.75,2024-04-08 14:52:00+00:00,2024-04-08 14:52:00+00:00,2024-04-08 14:57:00+00:00,2024-04-08 14:57:00+00:00,momentum_long_open_c3518efb2097,1,market,0.0,5,1,20,20,51020.0
449514,449515,449519,449519,closed,timeout,20056.75,20044.25,20057.0,20044.0,20036.75,20076.75,-12.5,-13.0,-13.5,-270.0,10.0,0.5,5.0,5.0,19.0,2024-04-09 14:17:00+00:00,2024-04-09 14:17:00+00:00,2024-04-09 14:22:00+00:00,2024-04-09 14:22:00+00:00,momentum_long_open_c3518efb2097,1,market,0.0,5,1,20,20,50750.0
450895,450896,450897,450897,closed,stop,19901.75,19881.75,19902.0,19881.5,19881.75,19921.75,-20.0,-20.5,-21.0,-420.0,10.0,0.5,2.0,2.0,21.25,2024-04-10 14:34:00+00:00,2024-04-10 14:34:00+00:00,2024-04-10 14:36:00+00:00,2024-04-10 14:39:00+00:00,momentum_long_open_c3518efb2097,1,market,0.0,5,1,20,20,50330.0
452258,452259,452259,452259,closed,stop,19932.0,19912.0,19932.25,19911.75,19912.0,19952.0,-20.0,-20.5,-21.0,-420.0,10.0,0.5,1.0,1.0,24.0,2024-04-11 14:32:00+00:00,2024-04-11 14:32:00+00:00,2024-04-11 14:33:00+00:00,2024-04-11 14:37:00+00:00,momentum_long_open_c3518efb2097,1,market,0.0,5,1,20,20,49910.0
456317,456318,456319,456319,closed,target,19580.75,19600.75,19581.0,19600.5,19560.75,19600.75,20.0,19.5,19.0,380.0,10.0,0.5,2.0,2.0,3.75,2024-04-16 13:57:00+00:00,2024-04-16 13:57:00+00:00,2024-04-16 13:59:00+00:00,2024-04-16 14:02:00+00:00,momentum_long_open_c3518efb2097,1,market,0.0,5,1,20,20,50290.0
456319,456320,456321,456321,closed,stop,19602.5,19582.5,19602.75,19582.25,19582.5,19622.5,-20.0,-20.5,-21.0,-420.0,10.0,0.5,2.0,2.0,24.75,2024-04-16 13:59:00+00:00,2024-04-16 13:59:00+00:00,2024-04-16 14:01:00+00:00,2024-04-16 14:04:00+00:00,momentum_long_open_c3518efb2097,1,market,0.0,5,1,20,20,49870.0
456336,456337,456338,456338,closed,stop,19622.0,19602.0,19622.25,19601.75,19602.0,19642.0,-20.0,-20.5,-21.0,-420.0,10.0,0.5,2.0,2.0,33.25,2024-04-16 14:16:00+00:00,2024-04-16 14:16:00+00:00,2024-04-16 14:18:00+00:00,2024-04-16 14:21:00+00:00,momentum_long_open_c3518efb2097,1,market,0.0,5,1,20,20,49450.0
459061,459062,459066,459066,closed,timeout,19341.75,19334.25,19342.0,19334.0,19321.75,19361.75,-7.5,-8.0,-8.5,-170.0,10.0,0.5,5.0,5.0,16.75,2024-04-18 14:11:00+00:00,2024-04-18 14:11:00+00:00,2024-04-18 14:16:00+00:00,2024-04-18 14:16:00+00:00,momentum_long_open_c3518efb2097,1,market,0.0,5,1,20,20,49280.0
459085,459086,459087,459087,closed,target,19369.75,19389.75,19370.0,19389.5,19349.75,19389.75,20.0,19.5,19.0,380.0,10.0,0.5,2.0,2.0,6.0,2024-04-18 14:35:00+00:00,2024-04-18 14:35:00+00:00,2024-04-18 14:37:00+00:00,2024-04-18 14:40:00+00:00,momentum_long_open_c3518efb2097,1,market,0.0,5,1,20,20,49660.0
459087,459088,459092,459092,closed,stop,19393.75,19373.75,19394.0,19373.5,19373.75,19413.75,-20.0,-20.5,-21.0,-420.0,10.0,0.5,5.0,5.0,22.5,2024-04-18 14:37:00+00:00,2024-04-18 14:37:00+00:00,2024-04-18 14:42:00+00:00,2024-04-18 14:42:00+00:00,momentum_long_open_c3518efb2097,1,market,0.0,5,1,20,20,49240.0
460402,460403,460403,460403,closed,stop,19203.25,19183.25,19203.5,19183.0,19183.25,19223.25,-20.0,-20.5,-21.0,-420.0,10.0,0.5,1.0,1.0,31.0,2024-04-19 13:47:00+00:00,2024-04-19 13:47:00+00:00,2024-04-19 13:48:00+00:00,2024-04-19 13:52:00+00:00,momentum_long_open_c3518efb2097,1,market,0.0,5,1,20,20,48820.0
460463,460464,460468,460468,closed,timeout,19097.5,19103.0,19097.75,19102.75,19077.5,19117.5,5.5,5.0,4.5,90.0,10.0,0.5,5.0,5.0,8.75,2024-04-19 14:48:00+00:00,2024-04-19 14:48:00+00:00,2024-04-19 14:53:00+00:00,2024-04-19 14:53:00+00:00,momentum_long_open_c3518efb2097,1,market,0.0,5,1,20,20,48910.0
461773,461774,461778,461778,closed,timeout,19015.25,19004.75,19015.5,19004.5,18995.25,19035.25,-10.5,-11.0,-11.5,-230.0,10.0,0.5,5.0,5.0,17.5,2024-04-22 13:53:00+00:00,2024-04-22 13:53:00+00:00,2024-04-22 13:58:00+00:00,2024-04-22 13:58:00+00:00,momentum_long_open_c3518efb2097,1,market,0.0,5,1,20,20,48680.0
463131,463132,463134,463134,closed,stop,19208.5,19188.5,19208.75,19188.25,19188.5,19228.5,-20.0,-20.5,-21.0,-420.0,10.0,0.5,3.0,3.0,20.75,2024-04-23 13:46:00+00:00,2024-04-23 13:46:00+00:00,2024-04-23 13:49:00+00:00,2024-04-23 13:51:00+00:00,momentum_long_open_c3518efb2097,1,market,0.0,5,1,20,20,48260.0
463174,463175,463177,463177,closed,target,19261.75,19281.75,19262.0,19281.5,19241.75,19281.75,20.0,19.5,19.0,380.0,10.0,0.5,3.0,3.0,3.75,2024-04-23 14:29:00+00:00,2024-04-23 14:29:00+00:00,2024-04-23 14:32:00+00:00,2024-04-23 14:34:00+00:00,momentum_long_open_c3518efb2097,1,market,0.0,5,1,20,20,48640.0
463177,463178,463182,463182,closed,timeout,19279.5,19278.0,19279.75,19277.75,19259.5,19299.5,-1.5,-2.0,-2.5,-50.0,10.0,0.5,5.0,5.0,3.25,2024-04-23 14:32:00+00:00,2024-04-23 14:32:00+00:00,2024-04-23 14:37:00+00:00,2024-04-23 14:37:00+00:00,momentum_long_open_c3518efb2097,1,market,0.0,5,1,20,20,48590.0
464480,464481,464485,464485,closed,timeout,19426.75,19428.5,19427.0,19428.25,19406.75,19446.75,1.75,1.25,0.75,15.0,10.0,0.5,5.0,5.0,20.0,2024-04-24 13:30:00+00:00,2024-04-24 13:30:00+00:00,2024-04-24 13:35:00+00:00,2024-04-24 13:35:00+00:00,momentum_long_open_c3518efb2097,1,market,0.0,5,1,20,20,48605.0
464501,464502,464504,464504,closed,stop,19481.25,19461.25,19481.5,19461.0,19461.25,19501.25,-20.0,-20.5,-21.0,-420.0,10.0,0.5,3.0,3.0,23.75,2024-04-24 13:51:00+00:00,2024-04-24 13:51:00+00:00,2024-04-24 13:54:00+00:00,2024-04-24 13:56:00+00:00,momentum_long_open_c3518efb2097,1,market,0.0,5,1,20,20,48185.0
465862,465863,465864,465864,closed,stop,19072.0,19052.0,19072.25,19051.75,19052.0,19092.0,-20.0,-20.5,-21.0,-420.0,10.0,0.5,2.0,2.0,25.0,2024-04-25 13:47:00+00:00,2024-04-25 13:47:00+00:00,2024-04-25 13:49:00+00:00,2024-04-25 13:52:00+00:00,momentum_long_open_c3518efb2097,1,market,0.0,5,1,20,20,47765.0
465887,465888,465891,465891,closed,target,19093.5,19113.5,19093.75,19113.25,19073.5,19113.5,20.0,19.5,19.0,380.0,10.0,0.5,4.0,4.0,2.25,2024-04-25 14:12:00+00:00,2024-04-25 14:12:00+00:00,2024-04-25 14:16:00+00:00,2024-04-25 14:17:00+00:00,momentum_long_open_c3518efb2097,1,market,0.0,5,1,20,20,48145.0
465891,465892,465894,465894,closed,target,19101.75,19121.75,19102.0,19121.5,19081.75,19121.75,20.0,19.5,19.0,380.0,10.0,0.5,3.0,3.0,2.5,2024-04-25 14:16:00+00:00,2024-04-25 14:16:00+00:00,2024-04-25 14:19:00+00:00,2024-04-25 14:21:00+00:00,momentum_long_open_c3518efb2097,1,market,0.0,5,1,20,20,48525.0
465894,465895,465899,465899,closed,timeout,19128.5,19128.5,19128.75,19128.25,19108.5,19148.5,0.0,-0.5,-1.0,-20.0,10.0,0.5,5.0,5.0,11.5,2024-04-25 14:19:00+00:00,2024-04-25 14:19:00+00:00,2024-04-25 14:24:00+00:00,2024-04-25 14:24:00+00:00,momentum_long_open_c3518efb2097,1,market,0.0,5,1,20,20,48505.0
465901,465902,465906,465906,closed,stop,19136.75,19116.75,19137.0,19116.5,19116.75,19156.75,-20.0,-20.5,-21.0,-420.0,10.0,0.5,5.0,5.0,21.0,2024-04-25 14:26:00+00:00,2024-04-25 14:26:00+00:00,2024-04-25 14:31:00+00:00,2024-04-25 14:31:00+00:00,momentum_long_open_c3518efb2097,1,market,0.0,5,1,20,20,48085.0
467231,467232,467236,467236,closed,timeout,19476.75,19488.25,19477.0,19488.0,19456.75,19496.75,11.5,11.0,10.5,210.0,10.0,0.5,5.0,5.0,17.5,2024-04-26 13:51:00+00:00,2024-04-26 13:51:00+00:00,2024-04-26 13:56:00+00:00,2024-04-26 13:56:00+00:00,momentum_long_open_c3518efb2097,1,market,0.0,5,1,20,20,48295.0
467239,467240,467241,467241,closed,stop,19491.5,19471.5,19491.75,19471.25,19471.5,19511.5,-20.0,-20.5,-21.0,-420.0,10.0,0.5,2.0,2.0,21.5,2024-04-26 13:59:00+00:00,2024-04-26 13:59:00+00:00,2024-04-26 14:01:00+00:00,2024-04-26 14:04:00+00:00,momentum_long_open_c3518efb2097,1,market,0.0,5,1,20,20,47875.0
467282,467283,467287,467287,closed,stop,19530.75,19510.75,19531.0,19510.5,19510.75,19550.75,-20.0,-20.5,-21.0,-420.0,10.0,0.5,5.0,5.0,21.75,2024-04-26 14:42:00+00:00,2024-04-26 14:42:00+00:00,2024-04-26 14:47:00+00:00,2024-04-26 14:47:00+00:00,momentum_long_open_c3518efb2097,1,market,0.0,5,1,20,20,47455.0
468577,468578,468582,468582,closed,timeout,19633.25,19617.0,19633.5,19616.75,19613.25,19653.25,-16.25,-16.75,-17.25,-345.0,10.0,0.5,5.0,5.0,18.0,2024-04-29 13:32:00+00:00,2024-04-29 13:32:00+00:00,2024-04-29 13:37:00+00:00,2024-04-29 13:37:00+00:00,momentum_long_open_c3518efb2097,1,market,0.0,5,1,20,20,47110.0
468609,468610,468614,468614,closed,target,19567.5,19587.5,19567.75,19587.25,19547.5,19587.5,20.0,19.5,19.0,380.0,10.0,0.5,5.0,5.0,10.75,2024-04-29 14:04:00+00:00,2024-04-29 14:04:00+00:00,2024-04-29 14:09:00+00:00,2024-04-29 14:09:00+00:00,momentum_long_open_c3518efb2097,1,market,0.0,5,1,20,20,47490.0
468614,468615,468619,468619,closed,timeout,19581.0,19588.25,19581.25,19588.0,19561.0,19601.0,7.25,6.75,6.25,125.0,10.0,0.5,5.0,5.0,3.25,2024-04-29 14:09:00+00:00,2024-04-29 14:09:00+00:00,2024-04-29 14:14:00+00:00,2024-04-29 14:14:00+00:00,momentum_long_open_c3518efb2097,1,market,0.0,5,1,20,20,47615.0
468640,468641,468642,468642,closed,stop,19606.25,19586.25,19606.5,19586.0,19586.25,19626.25,-20.0,-20.5,-21.0,-420.0,10.0,0.5,2.0,2.0,20.5,2024-04-29 14:35:00+00:00,2024-04-29 14:35:00+00:00,2024-04-29 14:37:00+00:00,2024-04-29 14:40:00+00:00,momentum_long_open_c3518efb2097,1,market,0.0,5,1,20,20,47195.0
469972,469973,469974,469974,closed,stop,19574.25,19554.25,19574.5,19554.0,19554.25,19594.25,-20.0,-20.5,-21.0,-420.0,10.0,0.5,2.0,2.0,25.0,2024-04-30 14:02:00+00:00,2024-04-30 14:02:00+00:00,2024-04-30 14:04:00+00:00,2024-04-30 14:07:00+00:00,momentum_long_open_c3518efb2097,1,market,0.0,5,1,20,20,46775.0
470016,470017,470021,470021,closed,timeout,19564.0,19554.25,19564.25,19554.0,19544.0,19584.0,-9.75,-10.25,-10.75,-215.0,10.0,0.5,5.0,5.0,13.0,2024-04-30 14:46:00+00:00,2024-04-30 14:46:00+00:00,2024-04-30 14:51:00+00:00,2024-04-30 14:51:00+00:00,momentum_long_open_c3518efb2097,1,market,0.0,5,1,20,20,46560.0
471374,471375,471379,471379,closed,timeout,19180.75,19174.5,19181.0,19174.25,19160.75,19200.75,-6.25,-6.75,-7.25,-145.0,10.0,0.5,5.0,5.0,12.75,2024-05-01 14:39:00+00:00,2024-05-01 14:39:00+00:00,2024-05-01 14:44:00+00:00,2024-05-01 14:44:00+00:00,momentum_long_open_c3518efb2097,1,market,0.0,5,1,20,20,46415.0
472758,472759,472763,472763,closed,timeout,19219.5,19228.25,19219.75,19228.0,19199.5,19239.5,8.75,8.25,7.75,155.0,10.0,0.5,5.0,5.0,6.0,2024-05-02 14:59:00+00:00,2024-05-02 14:59:00+00:00,2024-05-02 15:04:00+00:00,2024-05-02 15:04:00+00:00,momentum_long_open_c3518efb2097,1,market,0.0,5,1,20,20,46570.0
474034,474035,474036,474036,closed,stop,19651.25,19631.25,19651.5,19631.0,19631.25,19671.25,-20.0,-20.5,-21.0,-420.0,10.0,0.5,2.0,2.0,22.5,2024-05-03 13:30:00+00:00,2024-05-03 13:30:00+00:00,2024-05-03 13:32:00+00:00,2024-05-03 13:35:00+00:00,momentum_long_open_c3518efb2097,1,market,0.0,5,1,20,20,46150.0
474047,474048,474050,474050,closed,target,19655.5,19675.5,19655.75,19675.25,19635.5,19675.5,20.0,19.5,19.0,380.0,10.0,0.5,3.0,3.0,2.0,2024-05-03 13:43:00+00:00,2024-05-03 13:43:00+00:00,2024-05-03 13:46:00+00:00,2024-05-03 13:48:00+00:00,momentum_long_open_c3518efb2097,1,market,0.0,5,1,20,20,46530.0
474050,474051,474055,474055,closed,timeout,19683.5,19683.0,19683.75,19682.75,19663.5,19703.5,-0.5,-1.0,-1.5,-30.0,10.0,0.5,5.0,5.0,9.75,2024-05-03 13:46:00+00:00,2024-05-03 13:46:00+00:00,2024-05-03 13:51:00+00:00,2024-05-03 13:51:00+00:00,momentum_long_open_c3518efb2097,1,market,0.0,5,1,20,20,46500.0
474108,474109,474110,474110,closed,target,19660.25,19680.25,19660.5,19680.0,19640.25,19680.25,20.0,19.5,19.0,380.0,10.0,0.5,2.0,2.0,3.25,2024-05-03 14:44:00+00:00,2024-05-03 14:44:00+00:00,2024-05-03 14:46:00+00:00,2024-05-03 14:49:00+00:00,momentum_long_open_c3518efb2097,1,market,0.0,5,1,20,20,46880.0
475421,475422,475426,475426,closed,timeout,19795.25,19785.75,19795.5,19785.5,19775.25,19815.25,-9.5,-10.0,-10.5,-210.0,10.0,0.5,5.0,5.0,12.0,2024-05-06 13:52:00+00:00,2024-05-06 13:52:00+00:00,2024-05-06 13:57:00+00:00,2024-05-06 13:57:00+00:00,momentum_long_open_c3518efb2097,1,market,0.0,5,1,20,20,46670.0
476762,476763,476765,476765,closed,target,19905.0,19925.0,19905.25,19924.75,19885.0,19925.0,20.0,19.5,19.0,380.0,10.0,0.5,3.0,3.0,14.0,2024-05-07 13:30:00+00:00,2024-05-07 13:30:00+00:00,2024-05-07 13:33:00+00:00,2024-05-07 13:35:00+00:00,momentum_long_open_c3518efb2097,1,market,0.0,5,1,20,20,47050.0
476765,476766,476770,476770,closed,stop,19922.75,19902.75,19923.0,19902.5,19902.75,19942.75,-20.0,-20.5,-21.0,-420.0,10.0,0.5,5.0,5.0,20.25,2024-05-07 13:33:00+00:00,2024-05-07 13:33:00+00:00,2024-05-07 13:38:00+00:00,2024-05-07 13:38:00+00:00,momentum_long_open_c3518efb2097,1,market,0.0,5,1,20,20,46630.0
476809,476810,476814,476814,closed,stop,19910.75,19890.75,19911.0,19890.5,19890.75,19930.75,-20.0,-20.5,-21.0,-420.0,10.0,0.5,5.0,5.0,24.0,2024-05-07 14:17:00+00:00,2024-05-07 14:17:00+00:00,2024-05-07 14:22:00+00:00,2024-05-07 14:22:00+00:00,momentum_long_open_c3518efb2097,1,market,0.0,5,1,20,20,46210.0
476842,476843,476847,476847,closed,timeout,19915.0,19927.75,19915.25,19927.5,19895.0,19935.0,12.75,12.25,11.75,235.0,10.0,0.5,5.0,5.0,0.25,2024-05-07 14:50:00+00:00,2024-05-07 14:50:00+00:00,2024-05-07 14:55:00+00:00,2024-05-07 14:55:00+00:00,momentum_long_open_c3518efb2097,1,market,0.0,5,1,20,20,46445.0
476847,476848,476852,476852,closed,timeout,19927.5,19944.0,19927.75,19943.75,19907.5,19947.5,16.5,16.0,15.5,310.0,10.0,0.5,5.0,5.0,2.75,2024-05-07 14:55:00+00:00,2024-05-07 14:55:00+00:00,2024-05-07 15:00:00+00:00,2024-05-07 15:00:00+00:00,momentum_long_open_c3518efb2097,1,market,0.0,5,1,20,20,46755.0
478136,478137,478141,478141,closed,timeout,19815.75,19818.0,19816.0,19817.75,19795.75,19835.75,2.25,1.75,1.25,25.0,10.0,0.5,5.0,5.0,11.25,2024-05-08 13:40:00+00:00,2024-05-08 13:40:00+00:00,2024-05-08 13:45:00+00:00,2024-05-08 13:45:00+00:00,momentum_long_open_c3518efb2097,1,market,0.0,5,1,20,20,46780.0
478144,478145,478149,478149,closed,timeout,19835.25,19850.75,19835.5,19850.5,19815.25,19855.25,15.5,15.0,14.5,290.0,10.0,0.5,5.0,5.0,1.0,2024-05-08 13:48:00+00:00,2024-05-08 13:48:00+00:00,2024-05-08 13:53:00+00:00,2024-05-08 13:53:00+00:00,momentum_long_open_c3518efb2097,1,market,0.0,5,1,20,20,47070.0
478149,478150,478154,478154,closed,timeout,19850.75,19855.0,19851.0,19854.75,19830.75,19870.75,4.25,3.75,3.25,65.0,10.0,0.5,5.0,5.0,4.0,2024-05-08 13:53:00+00:00,2024-05-08 13:53:00+00:00,2024-05-08 13:58:00+00:00,2024-05-08 13:58:00+00:00,momentum_long_open_c3518efb2097,1,market,0.0,5,1,20,20,47135.0
478157,478158,478162,478162,closed,timeout,19868.75,19863.25,19869.0,19863.0,19848.75,19888.75,-5.5,-6.0,-6.5,-130.0,10.0,0.5,5.0,5.0,16.5,2024-05-08 14:01:00+00:00,2024-05-08 14:01:00+00:00,2024-05-08 14:06:00+00:00,2024-05-08 14:06:00+00:00,momentum_long_open_c3518efb2097,1,market,0.0,5,1,20,20,47005.0
478179,478180,478184,478184,closed,timeout,19882.0,19892.0,19882.25,19891.75,19862.0,19902.0,10.0,9.5,9.0,180.0,10.0,0.5,5.0,5.0,0.25,2024-05-08 14:23:00+00:00,2024-05-08 14:23:00+00:00,2024-05-08 14:28:00+00:00,2024-05-08 14:28:00+00:00,momentum_long_open_c3518efb2097,1,market,0.0,5,1,20,20,47185.0
478184,478185,478189,478189,closed,timeout,19892.25,19897.0,19892.5,19896.75,19872.25,19912.25,4.75,4.25,3.75,75.0,10.0,0.5,5.0,5.0,0.5,2024-05-08 14:28:00+00:00,2024-05-08 14:28:00+00:00,2024-05-08 14:33:00+00:00,2024-05-08 14:33:00+00:00,momentum_long_open_c3518efb2097,1,market,0.0,5,1,20,20,47260.0
478199,478200,478204,478204,closed,timeout,19912.25,19919.0,19912.5,19918.75,19892.25,19932.25,6.75,6.25,5.75,115.0,10.0,0.5,5.0,5.0,4.5,2024-05-08 14:43:00+00:00,2024-05-08 14:43:00+00:00,2024-05-08 14:48:00+00:00,2024-05-08 14:48:00+00:00,momentum_long_open_c3518efb2097,1,market,0.0,5,1,20,20,47375.0
478205,478206,478210,478210,closed,timeout,19933.25,19928.25,19933.5,19928.0,19913.25,19953.25,-5.0,-5.5,-6.0,-120.0,10.0,0.5,5.0,5.0,14.75,2024-05-08 14:49:00+00:00,2024-05-08 14:49:00+00:00,2024-05-08 14:54:00+00:00,2024-05-08 14:54:00+00:00,momentum_long_open_c3518efb2097,1,market,0.0,5,1,20,20,47255.0
479521,479522,479525,479525,closed,target,19854.5,19874.5,19854.75,19874.25,19834.5,19874.5,20.0,19.5,19.0,380.0,10.0,0.5,4.0,4.0,2.5,2024-05-09 14:02:00+00:00,2024-05-09 14:02:00+00:00,2024-05-09 14:06:00+00:00,2024-05-09 14:07:00+00:00,momentum_long_open_c3518efb2097,1,market,0.0,5,1,20,20,47635.0
479525,479526,479529,479529,closed,stop,19872.5,19852.5,19872.75,19852.25,19852.5,19892.5,-20.0,-20.5,-21.0,-420.0,10.0,0.5,4.0,4.0,20.75,2024-05-09 14:06:00+00:00,2024-05-09 14:06:00+00:00,2024-05-09 14:10:00+00:00,2024-05-09 14:11:00+00:00,momentum_long_open_c3518efb2097,1,market,0.0,5,1,20,20,47215.0
479555,479556,479558,479558,closed,target,19877.5,19897.5,19877.75,19897.25,19857.5,19897.5,20.0,19.5,19.0,380.0,10.0,0.5,3.0,3.0,3.5,2024-05-09 14:36:00+00:00,2024-05-09 14:36:00+00:00,2024-05-09 14:39:00+00:00,2024-05-09 14:41:00+00:00,momentum_long_open_c3518efb2097,1,market,0.0,5,1,20,20,47595.0
479558,479559,479563,479563,closed,timeout,19901.0,19894.5,19901.25,19894.25,19881.0,19921.0,-6.5,-7.0,-7.5,-150.0,10.0,0.5,5.0,5.0,15.5,2024-05-09 14:39:00+00:00,2024-05-09 14:39:00+00:00,2024-05-09 14:44:00+00:00,2024-05-09 14:44:00+00:00,momentum_long_open_c3518efb2097,1,market,0.0,5,1,20,20,47445.0
479572,479573,479577,479577,closed,timeout,19907.25,19904.75,19907.5,19904.5,19887.25,19927.25,-2.5,-3.0,-3.5,-70.0,10.0,0.5,5.0,5.0,11.0,2024-05-09 14:53:00+00:00,2024-05-09 14:53:00+00:00,2024-05-09 14:58:00+00:00,2024-05-09 14:58:00+00:00,momentum_long_open_c3518efb2097,1,market,0.0,5,1,20,20,47375.0
480859,480860,480860,480860,closed,stop,20007.0,19987.0,20007.25,19986.75,19987.0,20027.0,-20.0,-20.5,-21.0,-420.0,10.0,0.5,1.0,1.0,21.75,2024-05-10 13:35:00+00:00,2024-05-10 13:35:00+00:00,2024-05-10 13:36:00+00:00,2024-05-10 13:40:00+00:00,momentum_long_open_c3518efb2097,1,market,0.0,5,1,20,20,46955.0
480865,480866,480870,480870,closed,timeout,20015.25,20013.5,20015.5,20013.25,19995.25,20035.25,-1.75,-2.25,-2.75,-55.0,10.0,0.5,5.0,5.0,4.75,2024-05-10 13:41:00+00:00,2024-05-10 13:41:00+00:00,2024-05-10 13:46:00+00:00,2024-05-10 13:46:00+00:00,momentum_long_open_c3518efb2097,1,market,0.0,5,1,20,20,46900.0
480873,480874,480878,480878,closed,timeout,20032.5,20022.25,20032.75,20022.0,20012.5,20052.5,-10.25,-10.75,-11.25,-225.0,10.0,0.5,5.0,5.0,17.25,2024-05-10 13:49:00+00:00,2024-05-10 13:49:00+00:00,2024-05-10 13:54:00+00:00,2024-05-10 13:54:00+00:00,momentum_long_open_c3518efb2097,1,market,0.0,5,1,20,20,46675.0
482274,482275,482279,482279,closed,timeout,20001.5,19998.25,20001.75,19998.0,19981.5,20021.5,-3.25,-3.75,-4.25,-85.0,10.0,0.5,5.0,5.0,6.0,2024-05-13 14:25:00+00:00,2024-05-13 14:25:00+00:00,2024-05-13 14:30:00+00:00,2024-05-13 14:30:00+00:00,momentum_long_open_c3518efb2097,1,market,0.0,5,1,20,20,46590.0
483599,483600,483604,483604,closed,timeout,20005.75,20003.25,20006.0,20003.0,19985.75,20025.75,-2.5,-3.0,-3.5,-70.0,10.0,0.5,5.0,5.0,5.25,2024-05-14 13:45:00+00:00,2024-05-14 13:45:00+00:00,2024-05-14 13:50:00+00:00,2024-05-14 13:50:00+00:00,momentum_long_open_c3518efb2097,1,market,0.0,5,1,20,20,46520.0
483639,483640,483641,483641,closed,target,20037.5,20057.5,20037.75,20057.25,20017.5,20057.5,20.0,19.5,19.0,380.0,10.0,0.5,2.0,2.0,1.0,2024-05-14 14:25:00+00:00,2024-05-14 14:25:00+00:00,2024-05-14 14:27:00+00:00,2024-05-14 14:30:00+00:00,momentum_long_open_c3518efb2097,1,market,0.0,5,1,20,20,46900.0
483641,483642,483646,483646,closed,timeout,20051.0,20061.0,20051.25,20060.75,20031.0,20071.0,10.0,9.5,9.0,180.0,10.0,0.5,5.0,5.0,0.75,2024-05-14 14:27:00+00:00,2024-05-14 14:27:00+00:00,2024-05-14 14:32:00+00:00,2024-05-14 14:32:00+00:00,momentum_long_open_c3518efb2097,1,market,0.0,5,1,20,20,47080.0
483672,483673,483675,483675,closed,target,20018.75,20038.75,20019.0,20038.5,19998.75,20038.75,20.0,19.5,19.0,380.0,10.0,0.5,3.0,3.0,0.25,2024-05-14 14:58:00+00:00,2024-05-14 14:58:00+00:00,2024-05-14 15:01:00+00:00,2024-05-14 15:03:00+00:00,momentum_long_open_c3518efb2097,1,market,0.0,5,1,20,20,47460.0
484955,484956,484957,484957,closed,stop,20220.5,20200.5,20220.75,20200.25,20200.5,20240.5,-20.0,-20.5,-21.0,-420.0,10.0,0.5,2.0,2.0,31.0,2024-05-15 13:36:00+00:00,2024-05-15 13:36:00+00:00,2024-05-15 13:38:00+00:00,2024-05-15 13:41:00+00:00,momentum_long_open_c3518efb2097,1,market,0.0,5,1,20,20,47040.0
484987,484988,484992,484992,closed,timeout,20206.0,20208.75,20206.25,20208.5,20186.0,20226.0,2.75,2.25,1.75,35.0,10.0,0.5,5.0,5.0,4.25,2024-05-15 14:08:00+00:00,2024-05-15 14:08:00+00:00,2024-05-15 14:13:00+00:00,2024-05-15 14:13:00+00:00,momentum_long_open_c3518efb2097,1,market,0.0,5,1,20,20,47075.0
485003,485004,485008,485008,closed,timeout,20232.5,20223.0,20232.75,20222.75,20212.5,20252.5,-9.5,-10.0,-10.5,-210.0,10.0,0.5,5.0,5.0,15.5,2024-05-15 14:24:00+00:00,2024-05-15 14:24:00+00:00,2024-05-15 14:29:00+00:00,2024-05-15 14:29:00+00:00,momentum_long_open_c3518efb2097,1,market,0.0,5,1,20,20,46865.0
485016,485017,485021,485021,closed,timeout,20246.0,20257.5,20246.25,20257.25,20226.0,20266.0,11.5,11.0,10.5,210.0,10.0,0.5,5.0,5.0,1.5,2024-05-15 14:37:00+00:00,2024-05-15 14:37:00+00:00,2024-05-15 14:42:00+00:00,2024-05-15 14:42:00+00:00,momentum_long_open_c3518efb2097,1,market,0.0,5,1,20,20,47075.0
485021,485022,485026,485026,closed,timeout,20257.25,20261.0,20257.5,20260.75,20237.25,20277.25,3.75,3.25,2.75,55.0,10.0,0.5,5.0,5.0,4.75,2024-05-15 14:42:00+00:00,2024-05-15 14:42:00+00:00,2024-05-15 14:47:00+00:00,2024-05-15 14:47:00+00:00,momentum_long_open_c3518efb2097,1,market,0.0,5,1,20,20,47130.0
486338,486339,486343,486343,closed,timeout,20401.75,20404.75,20402.0,20404.5,20381.75,20421.75,3.0,2.5,2.0,40.0,10.0,0.5,5.0,5.0,8.25,2024-05-16 13:54:00+00:00,2024-05-16 13:54:00+00:00,2024-05-16 13:59:00+00:00,2024-05-16 13:59:00+00:00,momentum_long_open_c3518efb2097,1,market,0.0,5,1,20,20,47170.0
486369,486370,486374,486374,closed,timeout,20412.0,20410.25,20412.25,20410.0,20392.0,20432.0,-1.75,-2.25,-2.75,-55.0,10.0,0.5,5.0,5.0,4.25,2024-05-16 14:25:00+00:00,2024-05-16 14:25:00+00:00,2024-05-16 14:30:00+00:00,2024-05-16 14:30:00+00:00,momentum_long_open_c3518efb2097,1,market,0.0,5,1,20,20,47115.0
486389,486390,486394,486394,closed,timeout,20418.5,20424.25,20418.75,20424.0,20398.5,20438.5,5.75,5.25,4.75,95.0,10.0,0.5,5.0,5.0,2.75,2024-05-16 14:45:00+00:00,2024-05-16 14:45:00+00:00,2024-05-16 14:50:00+00:00,2024-05-16 14:50:00+00:00,momentum_long_open_c3518efb2097,1,market,0.0,5,1,20,20,47210.0
486394,486395,486399,486399,closed,timeout,20424.0,20430.5,20424.25,20430.25,20404.0,20444.0,6.5,6.0,5.5,110.0,10.0,0.5,5.0,5.0,3.25,2024-05-16 14:50:00+00:00,2024-05-16 14:50:00+00:00,2024-05-16 14:55:00+00:00,2024-05-16 14:55:00+00:00,momentum_long_open_c3518efb2097,1,market,0.0,5,1,20,20,47320.0
486399,486400,486404,486404,closed,timeout,20430.75,20441.75,20431.0,20441.5,20410.75,20450.75,11.0,10.5,10.0,200.0,10.0,0.5,5.0,5.0,4.5,2024-05-16 14:55:00+00:00,2024-05-16 14:55:00+00:00,2024-05-16 15:00:00+00:00,2024-05-16 15:00:00+00:00,momentum_long_open_c3518efb2097,1,market,0.0,5,1,20,20,47520.0
487737,487738,487742,487742,closed,timeout,20353.75,20364.0,20354.0,20363.75,20333.75,20373.75,10.25,9.75,9.25,185.0,10.0,0.5,5.0,5.0,1.75,2024-05-17 14:29:00+00:00,2024-05-17 14:29:00+00:00,2024-05-17 14:34:00+00:00,2024-05-17 14:34:00+00:00,momentum_long_open_c3518efb2097,1,market,0.0,5,1,20,20,47705.0
487742,487743,487747,487747,closed,timeout,20364.25,20360.25,20364.5,20360.0,20344.25,20384.25,-4.0,-4.5,-5.0,-100.0,10.0,0.5,5.0,5.0,13.5,2024-05-17 14:34:00+00:00,2024-05-17 14:34:00+00:00,2024-05-17 14:39:00+00:00,2024-05-17 14:39:00+00:00,momentum_long_open_c3518efb2097,1,market,0.0,5,1,20,20,47605.0
489047,489048,489050,489050,closed,target,20371.5,20391.5,20371.75,20391.25,20351.5,20391.5,20.0,19.5,19.0,380.0,10.0,0.5,3.0,3.0,3.25,2024-05-20 13:34:00+00:00,2024-05-20 13:34:00+00:00,2024-05-20 13:37:00+00:00,2024-05-20 13:39:00+00:00,momentum_long_open_c3518efb2097,1,market,0.0,5,1,20,20,47985.0
489050,489051,489055,489055,closed,timeout,20389.25,20386.75,20389.5,20386.5,20369.25,20409.25,-2.5,-3.0,-3.5,-70.0,10.0,0.5,5.0,5.0,8.25,2024-05-20 13:37:00+00:00,2024-05-20 13:37:00+00:00,2024-05-20 13:42:00+00:00,2024-05-20 13:42:00+00:00,momentum_long_open_c3518efb2097,1,market,0.0,5,1,20,20,47915.0
489064,489065,489068,489068,closed,target,20415.75,20435.75,20416.0,20435.5,20395.75,20435.75,20.0,19.5,19.0,380.0,10.0,0.5,4.0,4.0,0.25,2024-05-20 13:51:00+00:00,2024-05-20 13:51:00+00:00,2024-05-20 13:55:00+00:00,2024-05-20 13:56:00+00:00,momentum_long_open_c3518efb2097,1,market,0.0,5,1,20,20,48295.0
489068,489069,489073,489073,closed,timeout,20436.5,20443.25,20436.75,20443.0,20416.5,20456.5,6.75,6.25,5.75,115.0,10.0,0.5,5.0,5.0,4.75,2024-05-20 13:55:00+00:00,2024-05-20 13:55:00+00:00,2024-05-20 14:00:00+00:00,2024-05-20 14:00:00+00:00,momentum_long_open_c3518efb2097,1,market,0.0,5,1,20,20,48410.0
489123,489124,489128,489128,closed,timeout,20459.5,20448.0,20459.75,20447.75,20439.5,20479.5,-11.5,-12.0,-12.5,-250.0,10.0,0.5,5.0,5.0,13.25,2024-05-20 14:50:00+00:00,2024-05-20 14:50:00+00:00,2024-05-20 14:55:00+00:00,2024-05-20 14:55:00+00:00,momentum_long_open_c3518efb2097,1,market,0.0,5,1,20,20,48160.0
490466,490467,490471,490471,closed,timeout,20424.5,20436.5,20424.75,20436.25,20404.5,20444.5,12.0,11.5,11.0,220.0,10.0,0.5,5.0,5.0,3.75,2024-05-21 14:30:00+00:00,2024-05-21 14:30:00+00:00,2024-05-21 14:35:00+00:00,2024-05-21 14:35:00+00:00,momentum_long_open_c3518efb2097,1,market,0.0,5,1,20,20,48380.0
490471,490472,490476,490476,closed,timeout,20436.25,20440.25,20436.5,20440.0,20416.25,20456.25,4.0,3.5,3.0,60.0,10.0,0.5,5.0,5.0,3.5,2024-05-21 14:35:00+00:00,2024-05-21 14:35:00+00:00,2024-05-21 14:40:00+00:00,2024-05-21 14:40:00+00:00,momentum_long_open_c3518efb2097,1,market,0.0,5,1,20,20,48440.0
491860,491861,491865,491865,closed,timeout,20515.5,20518.25,20515.75,20518.0,20495.5,20535.5,2.75,2.25,1.75,35.0,10.0,0.5,5.0,5.0,7.0,2024-05-22 14:59:00+00:00,2024-05-22 14:59:00+00:00,2024-05-22 15:04:00+00:00,2024-05-22 15:04:00+00:00,momentum_long_open_c3518efb2097,1,market,0.0,5,1,20,20,48475.0
494551,494552,494556,494556,closed,timeout,20508.25,20511.5,20508.5,20511.25,20488.25,20528.25,3.25,2.75,2.25,45.0,10.0,0.5,5.0,5.0,14.5,2024-05-24 14:20:00+00:00,2024-05-24 14:20:00+00:00,2024-05-24 14:25:00+00:00,2024-05-24 14:25:00+00:00,momentum_long_open_c3518efb2097,1,market,0.0,5,1,20,20,48520.0
494563,494564,494568,494568,closed,timeout,20532.5,20518.5,20532.75,20518.25,20512.5,20552.5,-14.0,-14.5,-15.0,-300.0,10.0,0.5,5.0,5.0,16.5,2024-05-24 14:32:00+00:00,2024-05-24 14:32:00+00:00,2024-05-24 14:37:00+00:00,2024-05-24 14:37:00+00:00,momentum_long_open_c3518efb2097,1,market,0.0,5,1,20,20,48220.0
494586,494587,494591,494591,closed,timeout,20546.5,20555.5,20546.75,20555.25,20526.5,20566.5,9.0,8.5,8.0,160.0,10.0,0.5,5.0,5.0,1.75,2024-05-24 14:55:00+00:00,2024-05-24 14:55:00+00:00,2024-05-24 15:00:00+00:00,2024-05-24 15:00:00+00:00,momentum_long_open_c3518efb2097,1,market,0.0,5,1,20,20,48380.0
495867,495868,495872,495872,closed,timeout,20580.25,20594.5,20580.5,20594.25,20560.25,20600.25,14.25,13.75,13.25,265.0,10.0,0.5,5.0,5.0,0.25,2024-05-27 13:31:00+00:00,2024-05-27 13:31:00+00:00,2024-05-27 13:36:00+00:00,2024-05-27 13:36:00+00:00,momentum_long_open_c3518efb2097,1,market,0.0,5,1,20,20,48645.0
495872,495873,495877,495877,closed,timeout,20594.25,20602.5,20594.5,20602.25,20574.25,20614.25,8.25,7.75,7.25,145.0,10.0,0.5,5.0,5.0,0.25,2024-05-27 13:36:00+00:00,2024-05-27 13:36:00+00:00,2024-05-27 13:41:00+00:00,2024-05-27 13:41:00+00:00,momentum_long_open_c3518efb2097,1,market,0.0,5,1,20,20,48790.0
495877,495878,495882,495882,closed,timeout,20602.5,20599.0,20602.75,20598.75,20582.5,20622.5,-3.5,-4.0,-4.5,-90.0,10.0,0.5,5.0,5.0,5.25,2024-05-27 13:41:00+00:00,2024-05-27 13:41:00+00:00,2024-05-27 13:46:00+00:00,2024-05-27 13:46:00+00:00,momentum_long_open_c3518efb2097,1,market,0.0,5,1,20,20,48700.0
495936,495937,495941,495941,closed,timeout,20583.5,20589.25,20583.75,20589.0,20563.5,20603.5,5.75,5.25,4.75,95.0,10.0,0.5,5.0,5.0,0.25,2024-05-27 14:40:00+00:00,2024-05-27 14:40:00+00:00,2024-05-27 14:45:00+00:00,2024-05-27 14:45:00+00:00,momentum_long_open_c3518efb2097,1,market,0.0,5,1,20,20,48795.0
495941,495942,495946,495946,closed,timeout,20589.25,20592.75,20589.5,20592.5,20569.25,20609.25,3.5,3.0,2.5,50.0,10.0,0.5,5.0,5.0,1.5,2024-05-27 14:45:00+00:00,2024-05-27 14:45:00+00:00,2024-05-27 14:50:00+00:00,2024-05-27 14:50:00+00:00,momentum_long_open_c3518efb2097,1,market,0.0,5,1,20,20,48845.0
495946,495947,495951,495951,closed,timeout,20592.5,20598.75,20592.75,20598.5,20572.5,20612.5,6.25,5.75,5.25,105.0,10.0,0.5,5.0,5.0,0.75,2024-05-27 14:50:00+00:00,2024-05-27 14:50:00+00:00,2024-05-27 14:55:00+00:00,2024-05-27 14:55:00+00:00,momentum_long_open_c3518efb2097,1,market,0.0,5,1,20,20,48950.0
495951,495952,495956,495956,closed,timeout,20598.5,20604.25,20598.75,20604.0,20578.5,20618.5,5.75,5.25,4.75,95.0,10.0,0.5,5.0,5.0,1.75,2024-05-27 14:55:00+00:00,2024-05-27 14:55:00+00:00,2024-05-27 15:00:00+00:00,2024-05-27 15:00:00+00:00,momentum_long_open_c3518efb2097,1,market,0.0,5,1,20,20,49045.0
497047,497048,497052,497052,closed,stop,20592.25,20572.25,20592.5,20572.0,20572.25,20612.25,-20.0,-20.5,-21.0,-420.0,10.0,0.5,5.0,5.0,23.75,2024-05-28 14:11:00+00:00,2024-05-28 14:11:00+00:00,2024-05-28 14:16:00+00:00,2024-05-28 14:16:00+00:00,momentum_long_open_c3518efb2097,1,market,0.0,5,1,20,20,48625.0
497083,497084,497088,497088,closed,timeout,20606.0,20611.0,20606.25,20610.75,20586.0,20626.0,5.0,4.5,4.0,80.0,10.0,0.5,5.0,5.0,1.5,2024-05-28 14:47:00+00:00,2024-05-28 14:47:00+00:00,2024-05-28 14:52:00+00:00,2024-05-28 14:52:00+00:00,momentum_long_open_c3518efb2097,1,market,0.0,5,1,20,20,48705.0
498373,498374,498378,498378,closed,timeout,20489.5,20482.25,20489.75,20482.0,20469.5,20509.5,-7.25,-7.75,-8.25,-165.0,10.0,0.5,5.0,5.0,15.0,2024-05-29 13:32:00+00:00,2024-05-29 13:32:00+00:00,2024-05-29 13:37:00+00:00,2024-05-29 13:37:00+00:00,momentum_long_open_c3518efb2097,1,market,0.0,5,1,20,20,48540.0
498380,498381,498382,498382,closed,stop,20509.5,20489.5,20509.75,20489.25,20489.5,20529.5,-20.0,-20.5,-21.0,-420.0,10.0,0.5,2.0,2.0,27.75,2024-05-29 13:39:00+00:00,2024-05-29 13:39:00+00:00,2024-05-29 13:41:00+00:00,2024-05-29 13:44:00+00:00,momentum_long_open_c3518efb2097,1,market,0.0,5,1,20,20,48120.0
498393,498394,498398,498398,closed,timeout,20531.75,20535.75,20532.0,20535.5,20511.75,20551.75,4.0,3.5,3.0,60.0,10.0,0.5,5.0,5.0,9.25,2024-05-29 13:52:00+00:00,2024-05-29 13:52:00+00:00,2024-05-29 13:57:00+00:00,2024-05-29 13:57:00+00:00,momentum_long_open_c3518efb2097,1,market,0.0,5,1,20,20,48180.0
498435,498436,498440,498440,closed,timeout,20561.5,20568.0,20561.75,20567.75,20541.5,20581.5,6.5,6.0,5.5,110.0,10.0,0.5,5.0,5.0,6.75,2024-05-29 14:34:00+00:00,2024-05-29 14:34:00+00:00,2024-05-29 14:39:00+00:00,2024-05-29 14:39:00+00:00,momentum_long_open_c3518efb2097,1,market,0.0,5,1,20,20,48290.0
502478,502479,502483,502483,closed,timeout,20431.25,20443.25,20431.5,20443.0,20411.25,20451.25,12.0,11.5,11.0,220.0,10.0,0.5,5.0,5.0,9.5,2024-06-03 13:42:00+00:00,2024-06-03 13:42:00+00:00,2024-06-03 13:47:00+00:00,2024-06-03 13:47:00+00:00,momentum_long_open_c3518efb2097,1,market,0.0,5,1,20,20,48510.0
503893,503894,503895,503895,closed,stop,20329.75,20309.75,20330.0,20309.5,20309.75,20349.75,-20.0,-20.5,-21.0,-420.0,10.0,0.5,2.0,2.0,22.25,2024-06-04 14:32:00+00:00,2024-06-04 14:32:00+00:00,2024-06-04 14:34:00+00:00,2024-06-04 14:37:00+00:00,momentum_long_open_c3518efb2097,1,market,0.0,5,1,20,20,48090.0
505196,505197,505197,505197,closed,stop,20542.5,20522.5,20542.75,20522.25,20522.5,20562.5,-20.0,-20.5,-21.0,-420.0,10.0,0.5,1.0,1.0,26.0,2024-06-05 13:30:00+00:00,2024-06-05 13:30:00+00:00,2024-06-05 13:31:00+00:00,2024-06-05 13:35:00+00:00,momentum_long_open_c3518efb2097,1,market,0.0,5,1,20,20,47670.0
505250,505251,505252,505252,closed,target,20562.25,20582.25,20562.5,20582.0,20542.25,20582.25,20.0,19.5,19.0,380.0,10.0,0.5,2.0,2.0,0.5,2024-06-05 14:24:00+00:00,2024-06-05 14:24:00+00:00,2024-06-05 14:26:00+00:00,2024-06-05 14:29:00+00:00,momentum_long_open_c3518efb2097,1,market,0.0,5,1,20,20,48050.0
505252,505253,505257,505257,closed,timeout,20579.75,20597.5,20580.0,20597.25,20559.75,20599.75,17.75,17.25,16.75,335.0,10.0,0.5,5.0,5.0,11.25,2024-06-05 14:26:00+00:00,2024-06-05 14:26:00+00:00,2024-06-05 14:31:00+00:00,2024-06-05 14:31:00+00:00,momentum_long_open_c3518efb2097,1,market,0.0,5,1,20,20,48385.0
505257,505258,505261,505261,closed,target,20597.5,20617.5,20597.75,20617.25,20577.5,20617.5,20.0,19.5,19.0,380.0,10.0,0.5,4.0,4.0,1.25,2024-06-05 14:31:00+00:00,2024-06-05 14:31:00+00:00,2024-06-05 14:35:00+00:00,2024-06-05 14:36:00+00:00,momentum_long_open_c3518efb2097,1,market,0.0,5,1,20,20,48765.0
505261,505262,505266,505266,closed,timeout,20623.5,20619.5,20623.75,20619.25,20603.5,20643.5,-4.0,-4.5,-5.0,-100.0,10.0,0.5,5.0,5.0,17.5,2024-06-05 14:35:00+00:00,2024-06-05 14:35:00+00:00,2024-06-05 14:40:00+00:00,2024-06-05 14:40:00+00:00,momentum_long_open_c3518efb2097,1,market,0.0,5,1,20,20,48665.0
506628,506629,506633,506633,closed,timeout,20791.5,20789.5,20791.75,20789.25,20771.5,20811.5,-2.0,-2.5,-3.0,-60.0,10.0,0.5,5.0,5.0,7.0,2024-06-06 14:37:00+00:00,2024-06-06 14:37:00+00:00,2024-06-06 14:42:00+00:00,2024-06-06 14:42:00+00:00,momentum_long_open_c3518efb2097,1,market,0.0,5,1,20,20,48605.0
507947,507948,507951,507951,closed,stop,20752.0,20732.0,20752.25,20731.75,20732.0,20772.0,-20.0,-20.5,-21.0,-420.0,10.0,0.5,4.0,4.0,21.5,2024-06-07 13:52:00+00:00,2024-06-07 13:52:00+00:00,2024-06-07 13:56:00+00:00,2024-06-07 13:57:00+00:00,momentum_long_open_c3518efb2097,1,market,0.0,5,1,20,20,48185.0
507993,507994,507996,507996,closed,target,20759.25,20779.25,20759.5,20779.0,20739.25,20779.25,20.0,19.5,19.0,380.0,10.0,0.5,3.0,3.0,8.75,2024-06-07 14:38:00+00:00,2024-06-07 14:38:00+00:00,2024-06-07 14:41:00+00:00,2024-06-07 14:43:00+00:00,momentum_long_open_c3518efb2097,1,market,0.0,5,1,20,20,48565.0
507996,507997,508001,508001,closed,timeout,20780.0,20784.5,20780.25,20784.25,20760.0,20800.0,4.5,4.0,3.5,70.0,10.0,0.5,5.0,5.0,5.75,2024-06-07 14:41:00+00:00,2024-06-07 14:41:00+00:00,2024-06-07 14:46:00+00:00,2024-06-07 14:46:00+00:00,momentum_long_open_c3518efb2097,1,market,0.0,5,1,20,20,48635.0
508002,508003,508007,508007,closed,timeout,20792.0,20791.25,20792.25,20791.0,20772.0,20812.0,-0.75,-1.25,-1.75,-35.0,10.0,0.5,5.0,5.0,2.25,2024-06-07 14:47:00+00:00,2024-06-07 14:47:00+00:00,2024-06-07 14:52:00+00:00,2024-06-07 14:52:00+00:00,momentum_long_open_c3518efb2097,1,market,0.0,5,1,20,20,48600.0
509294,509295,509299,509299,closed,timeout,20706.5,20711.0,20706.75,20710.75,20686.5,20726.5,4.5,4.0,3.5,70.0,10.0,0.5,5.0,5.0,12.75,2024-06-10 13:35:00+00:00,2024-06-10 13:35:00+00:00,2024-06-10 13:40:00+00:00,2024-06-10 13:40:00+00:00,momentum_long_open_c3518efb2097,1,market,0.0,5,1,20,20,48670.0
509329,509330,509334,509334,closed,timeout,20709.25,20695.5,20709.5,20695.25,20689.25,20729.25,-13.75,-14.25,-14.75,-295.0,10.0,0.5,5.0,5.0,19.25,2024-06-10 14:10:00+00:00,2024-06-10 14:10:00+00:00,2024-06-10 14:15:00+00:00,2024-06-10 14:15:00+00:00,momentum_long_open_c3518efb2097,1,market,0.0,5,1,20,20,48375.0
509342,509343,509347,509347,closed,timeout,20722.75,20723.0,20723.0,20722.75,20702.75,20742.75,0.25,-0.25,-0.75,-15.0,10.0,0.5,5.0,5.0,12.0,2024-06-10 14:23:00+00:00,2024-06-10 14:23:00+00:00,2024-06-10 14:28:00+00:00,2024-06-10 14:28:00+00:00,momentum_long_open_c3518efb2097,1,market,0.0,5,1,20,20,48360.0
509349,509350,509354,509354,closed,timeout,20729.0,20718.75,20729.25,20718.5,20709.0,20749.0,-10.25,-10.75,-11.25,-225.0,10.0,0.5,5.0,5.0,13.25,2024-06-10 14:30:00+00:00,2024-06-10 14:30:00+00:00,2024-06-10 14:35:00+00:00,2024-06-10 14:35:00+00:00,momentum_long_open_c3518efb2097,1,market,0.0,5,1,20,20,48135.0
509373,509374,509378,509378,closed,timeout,20749.75,20761.25,20750.0,20761.0,20729.75,20769.75,11.5,11.0,10.5,210.0,10.0,0.5,5.0,5.0,5.25,2024-06-10 14:54:00+00:00,2024-06-10 14:54:00+00:00,2024-06-10 14:59:00+00:00,2024-06-10 14:59:00+00:00,momentum_long_open_c3518efb2097,1,market,0.0,5,1,20,20,48345.0
509378,509379,509383,509383,closed,timeout,20761.25,20763.0,20761.5,20762.75,20741.25,20781.25,1.75,1.25,0.75,15.0,10.0,0.5,5.0,5.0,2.75,2024-06-10 14:59:00+00:00,2024-06-10 14:59:00+00:00,2024-06-10 15:04:00+00:00,2024-06-10 15:04:00+00:00,momentum_long_open_c3518efb2097,1,market,0.0,5,1,20,20,48360.0
510709,510710,510714,510714,closed,timeout,20774.75,20781.0,20775.0,20780.75,20754.75,20794.75,6.25,5.75,5.25,105.0,10.0,0.5,5.0,5.0,12.5,2024-06-11 14:25:00+00:00,2024-06-11 14:25:00+00:00,2024-06-11 14:30:00+00:00,2024-06-11 14:30:00+00:00,momentum_long_open_c3518efb2097,1,market,0.0,5,1,20,20,48465.0
510717,510718,510722,510722,closed,timeout,20783.25,20777.5,20783.5,20777.25,20763.25,20803.25,-5.75,-6.25,-6.75,-135.0,10.0,0.5,5.0,5.0,10.5,2024-06-11 14:33:00+00:00,2024-06-11 14:33:00+00:00,2024-06-11 14:38:00+00:00,2024-06-11 14:38:00+00:00,momentum_long_open_c3518efb2097,1,market,0.0,5,1,20,20,48330.0
510728,510729,510733,510733,closed,timeout,20802.25,20802.75,20802.5,20802.5,20782.25,20822.25,0.5,0.0,-0.5,-10.0,10.0,0.5,5.0,5.0,8.25,2024-06-11 14:44:00+00:00,2024-06-11 14:44:00+00:00,2024-06-11 14:49:00+00:00,2024-06-11 14:49:00+00:00,momentum_long_open_c3518efb2097,1,market,0.0,5,1,20,20,48320.0
510734,510735,510739,510739,closed,timeout,20811.5,20823.75,20811.75,20823.5,20791.5,20831.5,12.25,11.75,11.25,225.0,10.0,0.5,5.0,5.0,2.5,2024-06-11 14:50:00+00:00,2024-06-11 14:50:00+00:00,2024-06-11 14:55:00+00:00,2024-06-11 14:55:00+00:00,momentum_long_open_c3518efb2097,1,market,0.0,5,1,20,20,48545.0
510739,510740,510744,510744,closed,timeout,20824.0,20828.0,20824.25,20827.75,20804.0,20844.0,4.0,3.5,3.0,60.0,10.0,0.5,5.0,5.0,6.5,2024-06-11 14:55:00+00:00,2024-06-11 14:55:00+00:00,2024-06-11 15:00:00+00:00,2024-06-11 15:00:00+00:00,momentum_long_open_c3518efb2097,1,market,0.0,5,1,20,20,48605.0
512030,512031,512033,512033,closed,target,21148.0,21168.0,21148.25,21167.75,21128.0,21168.0,20.0,19.5,19.0,380.0,10.0,0.5,3.0,3.0,6.0,2024-06-12 13:41:00+00:00,2024-06-12 13:41:00+00:00,2024-06-12 13:44:00+00:00,2024-06-12 13:46:00+00:00,momentum_long_open_c3518efb2097,1,market,0.0,5,1,20,20,48985.0
512033,512034,512038,512038,closed,timeout,21170.5,21179.25,21170.75,21179.0,21150.5,21190.5,8.75,8.25,7.75,155.0,10.0,0.5,5.0,5.0,9.75,2024-06-12 13:44:00+00:00,2024-06-12 13:44:00+00:00,2024-06-12 13:49:00+00:00,2024-06-12 13:49:00+00:00,momentum_long_open_c3518efb2097,1,market,0.0,5,1,20,20,49140.0
512039,512040,512044,512044,closed,timeout,21188.5,21178.75,21188.75,21178.5,21168.5,21208.5,-9.75,-10.25,-10.75,-215.0,10.0,0.5,5.0,5.0,10.75,2024-06-12 13:50:00+00:00,2024-06-12 13:50:00+00:00,2024-06-12 13:55:00+00:00,2024-06-12 13:55:00+00:00,momentum_long_open_c3518efb2097,1,market,0.0,5,1,20,20,48925.0
512065,512066,512070,512070,closed,timeout,21214.75,21206.75,21215.0,21206.5,21194.75,21234.75,-8.0,-8.5,-9.0,-180.0,10.0,0.5,5.0,5.0,15.0,2024-06-12 14:16:00+00:00,2024-06-12 14:16:00+00:00,2024-06-12 14:21:00+00:00,2024-06-12 14:21:00+00:00,momentum_long_open_c3518efb2097,1,market,0.0,5,1,20,20,48745.0
512076,512077,512081,512081,closed,timeout,21226.0,21230.0,21226.25,21229.75,21206.0,21246.0,4.0,3.5,3.0,60.0,10.0,0.5,5.0,5.0,2.5,2024-06-12 14:27:00+00:00,2024-06-12 14:27:00+00:00,2024-06-12 14:32:00+00:00,2024-06-12 14:32:00+00:00,momentum_long_open_c3518efb2097,1,market,0.0,5,1,20,20,48805.0
514765,514766,514770,514770,closed,timeout,21302.25,21318.75,21302.5,21318.5,21282.25,21322.25,16.5,16.0,15.5,310.0,10.0,0.5,5.0,5.0,3.25,2024-06-14 13:46:00+00:00,2024-06-14 13:46:00+00:00,2024-06-14 13:51:00+00:00,2024-06-14 13:51:00+00:00,momentum_long_open_c3518efb2097,1,market,0.0,5,1,20,20,49115.0
514770,514771,514775,514775,closed,timeout,21318.75,21318.75,21319.0,21318.5,21298.75,21338.75,0.0,-0.5,-1.0,-20.0,10.0,0.5,5.0,5.0,6.0,2024-06-14 13:51:00+00:00,2024-06-14 13:51:00+00:00,2024-06-14 13:56:00+00:00,2024-06-14 13:56:00+00:00,momentum_long_open_c3518efb2097,1,market,0.0,5,1,20,20,49095.0
514801,514802,514806,514806,closed,stop,21335.25,21315.25,21335.5,21315.0,21315.25,21355.25,-20.0,-20.5,-21.0,-420.0,10.0,0.5,5.0,5.0,20.75,2024-06-14 14:22:00+00:00,2024-06-14 14:22:00+00:00,2024-06-14 14:27:00+00:00,2024-06-14 14:27:00+00:00,momentum_long_open_c3518efb2097,1,market,0.0,5,1,20,20,48675.0
516112,516113,516117,516117,closed,timeout,21391.0,21372.75,21391.25,21372.5,21371.0,21411.0,-18.25,-18.75,-19.25,-385.0,10.0,0.5,5.0,5.0,19.0,2024-06-17 13:30:00+00:00,2024-06-17 13:30:00+00:00,2024-06-17 13:35:00+00:00,2024-06-17 13:35:00+00:00,momentum_long_open_c3518efb2097,1,market,0.0,5,1,20,20,48290.0
516148,516149,516153,516153,closed,timeout,21394.25,21408.25,21394.5,21408.0,21374.25,21414.25,14.0,13.5,13.0,260.0,10.0,0.5,5.0,5.0,5.25,2024-06-17 14:06:00+00:00,2024-06-17 14:06:00+00:00,2024-06-17 14:11:00+00:00,2024-06-17 14:11:00+00:00,momentum_long_open_c3518efb2097,1,market,0.0,5,1,20,20,48550.0
516153,516154,516158,516158,closed,timeout,21408.75,21407.0,21409.0,21406.75,21388.75,21428.75,-1.75,-2.25,-2.75,-55.0,10.0,0.5,5.0,5.0,11.25,2024-06-17 14:11:00+00:00,2024-06-17 14:11:00+00:00,2024-06-17 14:16:00+00:00,2024-06-17 14:16:00+00:00,momentum_long_open_c3518efb2097,1,market,0.0,5,1,20,20,48495.0
516159,516160,516164,516164,closed,stop,21415.25,21395.25,21415.5,21395.0,21395.25,21435.25,-20.0,-20.5,-21.0,-420.0,10.0,0.5,5.0,5.0,21.0,2024-06-17 14:17:00+00:00,2024-06-17 14:17:00+00:00,2024-06-17 14:22:00+00:00,2024-06-17 14:22:00+00:00,momentum_long_open_c3518efb2097,1,market,0.0,5,1,20,20,48075.0
517517,517518,517522,517522,closed,timeout,21636.5,21641.5,21636.75,21641.25,21616.5,21656.5,5.0,4.5,4.0,80.0,10.0,0.5,5.0,5.0,5.25,2024-06-18 14:10:00+00:00,2024-06-18 14:10:00+00:00,2024-06-18 14:15:00+00:00,2024-06-18 14:15:00+00:00,momentum_long_open_c3518efb2097,1,market,0.0,5,1,20,20,48155.0
518920,518921,518925,518925,closed,timeout,21673.5,21668.5,21673.75,21668.25,21653.5,21693.5,-5.0,-5.5,-6.0,-120.0,10.0,0.5,5.0,5.0,5.5,2024-06-19 14:48:00+00:00,2024-06-19 14:48:00+00:00,2024-06-19 14:53:00+00:00,2024-06-19 14:53:00+00:00,momentum_long_open_c3518efb2097,1,market,0.0,5,1,20,20,48035.0
520044,520045,520049,520049,closed,timeout,21612.75,21611.25,21613.0,21611.0,21592.75,21632.75,-1.5,-2.0,-2.5,-50.0,10.0,0.5,5.0,5.0,16.5,2024-06-20 14:32:00+00:00,2024-06-20 14:32:00+00:00,2024-06-20 14:37:00+00:00,2024-06-20 14:37:00+00:00,momentum_long_open_c3518efb2097,1,market,0.0,5,1,20,20,47985.0
520070,520071,520075,520075,closed,timeout,21636.5,21641.75,21636.75,21641.5,21616.5,21656.5,5.25,4.75,4.25,85.0,10.0,0.5,5.0,5.0,3.25,2024-06-20 14:58:00+00:00,2024-06-20 14:58:00+00:00,2024-06-20 15:03:00+00:00,2024-06-20 15:03:00+00:00,momentum_long_open_c3518efb2097,1,market,0.0,5,1,20,20,48070.0
521392,521393,521397,521397,closed,timeout,21429.0,21428.75,21429.25,21428.5,21409.0,21449.0,-0.25,-0.75,-1.25,-25.0,10.0,0.5,5.0,5.0,11.75,2024-06-21 14:15:00+00:00,2024-06-21 14:15:00+00:00,2024-06-21 14:20:00+00:00,2024-06-21 14:20:00+00:00,momentum_long_open_c3518efb2097,1,market,0.0,5,1,20,20,48045.0
521426,521427,521431,521431,closed,timeout,21416.25,21407.25,21416.5,21407.0,21396.25,21436.25,-9.0,-9.5,-10.0,-200.0,10.0,0.5,5.0,5.0,12.25,2024-06-21 14:49:00+00:00,2024-06-21 14:49:00+00:00,2024-06-21 14:54:00+00:00,2024-06-21 14:54:00+00:00,momentum_long_open_c3518efb2097,1,market,0.0,5,1,20,20,47845.0
522740,522741,522741,522741,closed,target,21390.75,21410.75,21391.0,21410.5,21370.75,21410.75,20.0,19.5,19.0,380.0,10.0,0.5,1.0,1.0,1.25,2024-06-24 14:01:00+00:00,2024-06-24 14:01:00+00:00,2024-06-24 14:02:00+00:00,2024-06-24 14:06:00+00:00,momentum_long_open_c3518efb2097,1,market,0.0,5,1,20,20,48225.0
522741,522742,522743,522743,closed,stop,21418.75,21398.75,21419.0,21398.5,21398.75,21438.75,-20.0,-20.5,-21.0,-420.0,10.0,0.5,2.0,2.0,22.5,2024-06-24 14:02:00+00:00,2024-06-24 14:02:00+00:00,2024-06-24 14:04:00+00:00,2024-06-24 14:07:00+00:00,momentum_long_open_c3518efb2097,1,market,0.0,5,1,20,20,47805.0
524092,524093,524097,524097,closed,stop,21279.75,21259.75,21280.0,21259.5,21259.75,21299.75,-20.0,-20.5,-21.0,-420.0,10.0,0.5,5.0,5.0,20.25,2024-06-25 13:48:00+00:00,2024-06-25 13:48:00+00:00,2024-06-25 13:53:00+00:00,2024-06-25 13:53:00+00:00,momentum_long_open_c3518efb2097,1,market,0.0,5,1,20,20,47385.0
524109,524110,524114,524114,closed,timeout,21307.5,21323.0,21307.75,21322.75,21287.5,21327.5,15.5,15.0,14.5,290.0,10.0,0.5,5.0,5.0,7.5,2024-06-25 14:05:00+00:00,2024-06-25 14:05:00+00:00,2024-06-25 14:10:00+00:00,2024-06-25 14:10:00+00:00,momentum_long_open_c3518efb2097,1,market,0.0,5,1,20,20,47675.0
524118,524119,524121,524121,closed,stop,21325.75,21305.75,21326.0,21305.5,21305.75,21345.75,-20.0,-20.5,-21.0,-420.0,10.0,0.5,3.0,3.0,22.25,2024-06-25 14:14:00+00:00,2024-06-25 14:14:00+00:00,2024-06-25 14:17:00+00:00,2024-06-25 14:19:00+00:00,momentum_long_open_c3518efb2097,1,market,0.0,5,1,20,20,47255.0
525442,525443,525444,525444,closed,stop,21381.25,21361.25,21381.5,21361.0,21361.25,21401.25,-20.0,-20.5,-21.0,-420.0,10.0,0.5,2.0,2.0,29.25,2024-06-26 13:33:00+00:00,2024-06-26 13:33:00+00:00,2024-06-26 13:35:00+00:00,2024-06-26 13:38:00+00:00,momentum_long_open_c3518efb2097,1,market,0.0,5,1,20,20,46835.0
525461,525462,525466,525466,closed,timeout,21421.75,21417.75,21422.0,21417.5,21401.75,21441.75,-4.0,-4.5,-5.0,-100.0,10.0,0.5,5.0,5.0,16.25,2024-06-26 13:52:00+00:00,2024-06-26 13:52:00+00:00,2024-06-26 13:57:00+00:00,2024-06-26 13:57:00+00:00,momentum_long_open_c3518efb2097,1,market,0.0,5,1,20,20,46735.0
525478,525479,525482,525482,closed,stop,21444.0,21424.0,21444.25,21423.75,21424.0,21464.0,-20.0,-20.5,-21.0,-420.0,10.0,0.5,4.0,4.0,22.0,2024-06-26 14:09:00+00:00,2024-06-26 14:09:00+00:00,2024-06-26 14:13:00+00:00,2024-06-26 14:14:00+00:00,momentum_long_open_c3518efb2097,1,market,0.0,5,1,20,20,46315.0
525517,525518,525522,525522,closed,stop,21439.75,21419.75,21440.0,21419.5,21419.75,21459.75,-20.0,-20.5,-21.0,-420.0,10.0,0.5,5.0,5.0,29.75,2024-06-26 14:48:00+00:00,2024-06-26 14:48:00+00:00,2024-06-26 14:53:00+00:00,2024-06-26 14:53:00+00:00,momentum_long_open_c3518efb2097,1,market,0.0,5,1,20,20,45895.0
526806,526807,526808,526808,closed,target,21451.25,21471.25,21451.5,21471.0,21431.25,21471.25,20.0,19.5,19.0,380.0,10.0,0.5,2.0,2.0,5.0,2024-06-27 13:32:00+00:00,2024-06-27 13:32:00+00:00,2024-06-27 13:34:00+00:00,2024-06-27 13:37:00+00:00,momentum_long_open_c3518efb2097,1,market,0.0,5,1,20,20,46275.0
526808,526809,526811,526811,closed,target,21480.25,21500.25,21480.5,21500.0,21460.25,21500.25,20.0,19.5,19.0,380.0,10.0,0.5,3.0,3.0,5.75,2024-06-27 13:34:00+00:00,2024-06-27 13:34:00+00:00,2024-06-27 13:37:00+00:00,2024-06-27 13:39:00+00:00,momentum_long_open_c3518efb2097,1,market,0.0,5,1,20,20,46655.0
526811,526812,526814,526814,closed,target,21511.0,21531.0,21511.25,21530.75,21491.0,21531.0,20.0,19.5,19.0,380.0,10.0,0.5,3.0,3.0,9.0,2024-06-27 13:37:00+00:00,2024-06-27 13:37:00+00:00,2024-06-27 13:40:00+00:00,2024-06-27 13:42:00+00:00,momentum_long_open_c3518efb2097,1,market,0.0,5,1,20,20,47035.0
526814,526815,526816,526816,closed,stop,21525.75,21505.75,21526.0,21505.5,21505.75,21545.75,-20.0,-20.5,-21.0,-420.0,10.0,0.5,2.0,2.0,20.25,2024-06-27 13:40:00+00:00,2024-06-27 13:40:00+00:00,2024-06-27 13:42:00+00:00,2024-06-27 13:45:00+00:00,momentum_long_open_c3518efb2097,1,market,0.0,5,1,20,20,46615.0
526849,526850,526851,526851,closed,stop,21543.5,21523.5,21543.75,21523.25,21523.5,21563.5,-20.0,-20.5,-21.0,-420.0,10.0,0.5,2.0,2.0,24.75,2024-06-27 14:15:00+00:00,2024-06-27 14:15:00+00:00,2024-06-27 14:17:00+00:00,2024-06-27 14:20:00+00:00,momentum_long_open_c3518efb2097,1,market,0.0,5,1,20,20,46195.0
526852,526853,526854,526854,closed,stop,21532.5,21512.5,21532.75,21512.25,21512.5,21552.5,-20.0,-20.5,-21.0,-420.0,10.0,0.5,2.0,2.0,30.5,2024-06-27 14:18:00+00:00,2024-06-27 14:18:00+00:00,2024-06-27 14:20:00+00:00,2024-06-27 14:23:00+00:00,momentum_long_open_c3518efb2097,1,market,0.0,5,1,20,20,45775.0
528184,528185,528189,528189,closed,target,21536.5,21556.5,21536.75,21556.25,21516.5,21556.5,20.0,19.5,19.0,380.0,10.0,0.5,5.0,5.0,0.75,2024-06-28 13:45:00+00:00,2024-06-28 13:45:00+00:00,2024-06-28 13:50:00+00:00,2024-06-28 13:50:00+00:00,momentum_long_open_c3518efb2097,1,market,0.0,5,1,20,20,46155.0
528189,528190,528194,528194,closed,timeout,21558.75,21564.0,21559.0,21563.75,21538.75,21578.75,5.25,4.75,4.25,85.0,10.0,0.5,5.0,5.0,1.5,2024-06-28 13:50:00+00:00,2024-06-28 13:50:00+00:00,2024-06-28 13:55:00+00:00,2024-06-28 13:55:00+00:00,momentum_long_open_c3518efb2097,1,market,0.0,5,1,20,20,46240.0
528197,528198,528200,528200,closed,target,21572.75,21592.75,21573.0,21592.5,21552.75,21592.75,20.0,19.5,19.0,380.0,10.0,0.5,3.0,3.0,6.75,2024-06-28 13:58:00+00:00,2024-06-28 13:58:00+00:00,2024-06-28 14:01:00+00:00,2024-06-28 14:03:00+00:00,momentum_long_open_c3518efb2097,1,market,0.0,5,1,20,20,46620.0
528200,528201,528202,528202,closed,target,21601.5,21621.5,21601.75,21621.25,21581.5,21621.5,20.0,19.5,19.0,380.0,10.0,0.5,2.0,2.0,3.0,2024-06-28 14:01:00+00:00,2024-06-28 14:01:00+00:00,2024-06-28 14:03:00+00:00,2024-06-28 14:06:00+00:00,momentum_long_open_c3518efb2097,1,market,0.0,5,1,20,20,47000.0
528202,528203,528205,528205,closed,target,21637.0,21657.0,21637.25,21656.75,21617.0,21657.0,20.0,19.5,19.0,380.0,10.0,0.5,3.0,3.0,0.25,2024-06-28 14:03:00+00:00,2024-06-28 14:03:00+00:00,2024-06-28 14:06:00+00:00,2024-06-28 14:08:00+00:00,momentum_long_open_c3518efb2097,1,market,0.0,5,1,20,20,47380.0
528205,528206,528210,528210,closed,timeout,21667.0,21674.0,21667.25,21673.75,21647.0,21687.0,7.0,6.5,6.0,120.0,10.0,0.5,5.0,5.0,9.5,2024-06-28 14:06:00+00:00,2024-06-28 14:06:00+00:00,2024-06-28 14:11:00+00:00,2024-06-28 14:11:00+00:00,momentum_long_open_c3518efb2097,1,market,0.0,5,1,20,20,47500.0
528212,528213,528215,528215,closed,target,21685.75,21705.75,21686.0,21705.5,21665.75,21705.75,20.0,19.5,19.0,380.0,10.0,0.5,3.0,3.0,6.25,2024-06-28 14:13:00+00:00,2024-06-28 14:13:00+00:00,2024-06-28 14:16:00+00:00,2024-06-28 14:18:00+00:00,momentum_long_open_c3518efb2097,1,market,0.0,5,1,20,20,47880.0
529588,529589,529589,529589,closed,stop,21372.75,21352.75,21373.0,21352.5,21352.75,21392.75,-20.0,-20.5,-21.0,-420.0,10.0,0.5,1.0,1.0,23.5,2024-07-01 14:24:00+00:00,2024-07-01 14:24:00+00:00,2024-07-01 14:25:00+00:00,2024-07-01 14:29:00+00:00,momentum_long_open_c3518efb2097,1,market,0.0,5,1,20,20,47460.0
530902,530903,530907,530907,closed,timeout,21452.25,21470.25,21452.5,21470.0,21432.25,21472.25,18.0,17.5,17.0,340.0,10.0,0.5,5.0,5.0,17.0,2024-07-02 13:33:00+00:00,2024-07-02 13:33:00+00:00,2024-07-02 13:38:00+00:00,2024-07-02 13:38:00+00:00,momentum_long_open_c3518efb2097,1,market,0.0,5,1,20,20,47800.0
530907,530908,530911,530911,closed,target,21470.0,21490.0,21470.25,21489.75,21450.0,21490.0,20.0,19.5,19.0,380.0,10.0,0.5,4.0,4.0,10.0,2024-07-02 13:38:00+00:00,2024-07-02 13:38:00+00:00,2024-07-02 13:42:00+00:00,2024-07-02 13:43:00+00:00,momentum_long_open_c3518efb2097,1,market,0.0,5,1,20,20,48180.0
530911,530912,530912,530912,closed,target,21485.75,21505.75,21486.0,21505.5,21465.75,21505.75,20.0,19.5,19.0,380.0,10.0,0.5,1.0,1.0,1.75,2024-07-02 13:42:00+00:00,2024-07-02 13:42:00+00:00,2024-07-02 13:43:00+00:00,2024-07-02 13:47:00+00:00,momentum_long_open_c3518efb2097,1,market,0.0,5,1,20,20,48560.0
530912,530913,530914,530914,closed,stop,21511.5,21491.5,21511.75,21491.25,21491.5,21531.5,-20.0,-20.5,-21.0,-420.0,10.0,0.5,2.0,2.0,24.25,2024-07-02 13:43:00+00:00,2024-07-02 13:43:00+00:00,2024-07-02 13:45:00+00:00,2024-07-02 13:48:00+00:00,momentum_long_open_c3518efb2097,1,market,0.0,5,1,20,20,48140.0
530915,530916,530919,530919,closed,stop,21513.25,21493.25,21513.5,21493.0,21493.25,21533.25,-20.0,-20.5,-21.0,-420.0,10.0,0.5,4.0,4.0,21.25,2024-07-02 13:46:00+00:00,2024-07-02 13:46:00+00:00,2024-07-02 13:50:00+00:00,2024-07-02 13:51:00+00:00,momentum_long_open_c3518efb2097,1,market,0.0,5,1,20,20,47720.0
530963,530964,530968,530968,closed,timeout,21512.0,21516.0,21512.25,21515.75,21492.0,21532.0,4.0,3.5,3.0,60.0,10.0,0.5,5.0,5.0,8.25,2024-07-02 14:34:00+00:00,2024-07-02 14:34:00+00:00,2024-07-02 14:39:00+00:00,2024-07-02 14:39:00+00:00,momentum_long_open_c3518efb2097,1,market,0.0,5,1,20,20,47780.0
530971,530972,530973,530973,closed,stop,21527.75,21507.75,21528.0,21507.5,21507.75,21547.75,-20.0,-20.5,-21.0,-420.0,10.0,0.5,2.0,2.0,21.25,2024-07-02 14:42:00+00:00,2024-07-02 14:42:00+00:00,2024-07-02 14:44:00+00:00,2024-07-02 14:47:00+00:00,momentum_long_open_c3518efb2097,1,market,0.0,5,1,20,20,47360.0
530987,530988,530992,530992,closed,timeout,21553.5,21553.75,21553.75,21553.5,21533.5,21573.5,0.25,-0.25,-0.75,-15.0,10.0,0.5,5.0,5.0,13.0,2024-07-02 14:58:00+00:00,2024-07-02 14:58:00+00:00,2024-07-02 15:03:00+00:00,2024-07-02 15:03:00+00:00,momentum_long_open_c3518efb2097,1,market,0.0,5,1,20,20,47345.0
532267,532268,532270,532270,closed,stop,21695.25,21675.25,21695.5,21675.0,21675.25,21715.25,-20.0,-20.5,-21.0,-420.0,10.0,0.5,3.0,3.0,28.0,2024-07-03 13:33:00+00:00,2024-07-03 13:33:00+00:00,2024-07-03 13:36:00+00:00,2024-07-03 13:38:00+00:00,momentum_long_open_c3518efb2097,1,market,0.0,5,1,20,20,46925.0
532338,532339,532343,532343,closed,timeout,21735.5,21744.25,21735.75,21744.0,21715.5,21755.5,8.75,8.25,7.75,155.0,10.0,0.5,5.0,5.0,6.5,2024-07-03 14:44:00+00:00,2024-07-03 14:44:00+00:00,2024-07-03 14:49:00+00:00,2024-07-03 14:49:00+00:00,momentum_long_open_c3518efb2097,1,market,0.0,5,1,20,20,47080.0
532344,532345,532347,532347,closed,stop,21744.5,21724.5,21744.75,21724.25,21724.5,21764.5,-20.0,-20.5,-21.0,-420.0,10.0,0.5,3.0,3.0,20.5,2024-07-03 14:50:00+00:00,2024-07-03 14:50:00+00:00,2024-07-03 14:53:00+00:00,2024-07-03 14:55:00+00:00,momentum_long_open_c3518efb2097,1,market,0.0,5,1,20,20,46660.0
534541,534542,534543,534543,closed,target,21888.25,21908.25,21888.5,21908.0,21868.25,21908.25,20.0,19.5,19.0,380.0,10.0,0.5,2.0,2.0,6.75,2024-07-05 13:31:00+00:00,2024-07-05 13:31:00+00:00,2024-07-05 13:33:00+00:00,2024-07-05 13:36:00+00:00,momentum_long_open_c3518efb2097,1,market,0.0,5,1,20,20,47040.0
534543,534544,534548,534548,closed,timeout,21895.75,21907.75,21896.0,21907.5,21875.75,21915.75,12.0,11.5,11.0,220.0,10.0,0.5,5.0,5.0,17.25,2024-07-05 13:33:00+00:00,2024-07-05 13:33:00+00:00,2024-07-05 13:38:00+00:00,2024-07-05 13:38:00+00:00,momentum_long_open_c3518efb2097,1,market,0.0,5,1,20,20,47260.0
534549,534550,534554,534554,closed,stop,21924.75,21904.75,21925.0,21904.5,21904.75,21944.75,-20.0,-20.5,-21.0,-420.0,10.0,0.5,5.0,5.0,26.0,2024-07-05 13:39:00+00:00,2024-07-05 13:39:00+00:00,2024-07-05 13:44:00+00:00,2024-07-05 13:44:00+00:00,momentum_long_open_c3518efb2097,1,market,0.0,5,1,20,20,46840.0
534566,534567,534571,534571,closed,target,21935.25,21955.25,21935.5,21955.0,21915.25,21955.25,20.0,19.5,19.0,380.0,10.0,0.5,5.0,5.0,2.75,2024-07-05 13:56:00+00:00,2024-07-05 13:56:00+00:00,2024-07-05 14:01:00+00:00,2024-07-05 14:01:00+00:00,momentum_long_open_c3518efb2097,1,market,0.0,5,1,20,20,47220.0
534571,534572,534576,534576,closed,timeout,21962.5,21968.25,21962.75,21968.0,21942.5,21982.5,5.75,5.25,4.75,95.0,10.0,0.5,5.0,5.0,8.75,2024-07-05 14:01:00+00:00,2024-07-05 14:01:00+00:00,2024-07-05 14:06:00+00:00,2024-07-05 14:06:00+00:00,momentum_long_open_c3518efb2097,1,market,0.0,5,1,20,20,47315.0
535926,535927,535930,535930,closed,stop,22079.5,22059.5,22079.75,22059.25,22059.5,22099.5,-20.0,-20.5,-21.0,-420.0,10.0,0.5,4.0,4.0,27.0,2024-07-08 13:51:00+00:00,2024-07-08 13:51:00+00:00,2024-07-08 13:55:00+00:00,2024-07-08 13:56:00+00:00,momentum_long_open_c3518efb2097,1,market,0.0,5,1,20,20,46895.0
537274,537275,537275,537275,closed,stop,22195.5,22175.5,22195.75,22175.25,22175.5,22215.5,-20.0,-20.5,-21.0,-420.0,10.0,0.5,1.0,1.0,24.0,2024-07-09 13:35:00+00:00,2024-07-09 13:35:00+00:00,2024-07-09 13:36:00+00:00,2024-07-09 13:40:00+00:00,momentum_long_open_c3518efb2097,1,market,0.0,5,1,20,20,46475.0
537297,537298,537301,537301,closed,stop,22193.0,22173.0,22193.25,22172.75,22173.0,22213.0,-20.0,-20.5,-21.0,-420.0,10.0,0.5,4.0,4.0,28.75,2024-07-09 13:58:00+00:00,2024-07-09 13:58:00+00:00,2024-07-09 14:02:00+00:00,2024-07-09 14:03:00+00:00,momentum_long_open_c3518efb2097,1,market,0.0,5,1,20,20,46055.0
538654,538655,538656,538656,closed,stop,22207.25,22187.25,22207.5,22187.0,22187.25,22227.25,-20.0,-20.5,-21.0,-420.0,10.0,0.5,2.0,2.0,23.5,2024-07-10 13:50:00+00:00,2024-07-10 13:50:00+00:00,2024-07-10 13:52:00+00:00,2024-07-10 13:55:00+00:00,momentum_long_open_c3518efb2097,1,market,0.0,5,1,20,20,45635.0
538673,538674,538678,538678,closed,timeout,22216.75,22221.5,22217.0,22221.25,22196.75,22236.75,4.75,4.25,3.75,75.0,10.0,0.5,5.0,5.0,2.0,2024-07-10 14:09:00+00:00,2024-07-10 14:09:00+00:00,2024-07-10 14:14:00+00:00,2024-07-10 14:14:00+00:00,momentum_long_open_c3518efb2097,1,market,0.0,5,1,20,20,45710.0
541365,541366,541368,541368,closed,stop,21892.5,21872.5,21892.75,21872.25,21872.5,21912.5,-20.0,-20.5,-21.0,-420.0,10.0,0.5,3.0,3.0,30.25,2024-07-12 13:31:00+00:00,2024-07-12 13:31:00+00:00,2024-07-12 13:34:00+00:00,2024-07-12 13:36:00+00:00,momentum_long_open_c3518efb2097,1,market,0.0,5,1,20,20,45290.0
541387,541388,541392,541392,closed,target,21949.75,21969.75,21950.0,21969.5,21929.75,21969.75,20.0,19.5,19.0,380.0,10.0,0.5,5.0,5.0,17.75,2024-07-12 13:53:00+00:00,2024-07-12 13:53:00+00:00,2024-07-12 13:58:00+00:00,2024-07-12 13:58:00+00:00,momentum_long_open_c3518efb2097,1,market,0.0,5,1,20,20,45670.0
541392,541393,541395,541395,closed,target,21969.75,21989.75,21970.0,21989.5,21949.75,21989.75,20.0,19.5,19.0,380.0,10.0,0.5,3.0,3.0,1.0,2024-07-12 13:58:00+00:00,2024-07-12 13:58:00+00:00,2024-07-12 14:01:00+00:00,2024-07-12 14:03:00+00:00,momentum_long_open_c3518efb2097,1,market,0.0,5,1,20,20,46050.0
541395,541396,541398,541398,closed,stop,22002.5,21982.5,22002.75,21982.25,21982.5,22022.5,-20.0,-20.5,-21.0,-420.0,10.0,0.5,3.0,3.0,28.75,2024-07-12 14:01:00+00:00,2024-07-12 14:01:00+00:00,2024-07-12 14:04:00+00:00,2024-07-12 14:06:00+00:00,momentum_long_open_c3518efb2097,1,market,0.0,5,1,20,20,45630.0
541428,541429,541433,541433,closed,timeout,22023.5,22040.75,22023.75,22040.5,22003.5,22043.5,17.25,16.75,16.25,325.0,10.0,0.5,5.0,5.0,4.5,2024-07-12 14:34:00+00:00,2024-07-12 14:34:00+00:00,2024-07-12 14:39:00+00:00,2024-07-12 14:39:00+00:00,momentum_long_open_c3518efb2097,1,market,0.0,5,1,20,20,45955.0
541433,541434,541435,541435,closed,target,22041.25,22061.25,22041.5,22061.0,22021.25,22061.25,20.0,19.5,19.0,380.0,10.0,0.5,2.0,2.0,4.5,2024-07-12 14:39:00+00:00,2024-07-12 14:39:00+00:00,2024-07-12 14:41:00+00:00,2024-07-12 14:44:00+00:00,momentum_long_open_c3518efb2097,1,market,0.0,5,1,20,20,46335.0
541435,541436,541440,541440,closed,timeout,22061.0,22066.5,22061.25,22066.25,22041.0,22081.0,5.5,5.0,4.5,90.0,10.0,0.5,5.0,5.0,6.25,2024-07-12 14:41:00+00:00,2024-07-12 14:41:00+00:00,2024-07-12 14:46:00+00:00,2024-07-12 14:46:00+00:00,momentum_long_open_c3518efb2097,1,market,0.0,5,1,20,20,46425.0
541444,541445,541449,541449,closed,timeout,22084.5,22093.0,22084.75,22092.75,22064.5,22104.5,8.5,8.0,7.5,150.0,10.0,0.5,5.0,5.0,14.25,2024-07-12 14:50:00+00:00,2024-07-12 14:50:00+00:00,2024-07-12 14:55:00+00:00,2024-07-12 14:55:00+00:00,momentum_long_open_c3518efb2097,1,market,0.0,5,1,20,20,46575.0
542790,542791,542795,542795,closed,timeout,22126.25,22139.0,22126.5,22138.75,22106.25,22146.25,12.75,12.25,11.75,235.0,10.0,0.5,5.0,5.0,6.0,2024-07-15 14:31:00+00:00,2024-07-15 14:31:00+00:00,2024-07-15 14:36:00+00:00,2024-07-15 14:36:00+00:00,momentum_long_open_c3518efb2097,1,market,0.0,5,1,20,20,46810.0
542795,542796,542800,542800,closed,timeout,22138.75,22144.0,22139.0,22143.75,22118.75,22158.75,5.25,4.75,4.25,85.0,10.0,0.5,5.0,5.0,8.75,2024-07-15 14:36:00+00:00,2024-07-15 14:36:00+00:00,2024-07-15 14:41:00+00:00,2024-07-15 14:41:00+00:00,momentum_long_open_c3518efb2097,1,market,0.0,5,1,20,20,46895.0
542817,542818,542822,542822,closed,timeout,22169.5,22180.25,22169.75,22180.0,22149.5,22189.5,10.75,10.25,9.75,195.0,10.0,0.5,5.0,5.0,12.75,2024-07-15 14:58:00+00:00,2024-07-15 14:58:00+00:00,2024-07-15 15:03:00+00:00,2024-07-15 15:03:00+00:00,momentum_long_open_c3518efb2097,1,market,0.0,5,1,20,20,47090.0
544157,544158,544158,544158,closed,stop,21981.75,21961.75,21982.0,21961.5,21961.75,22001.75,-20.0,-20.5,-21.0,-420.0,10.0,0.5,1.0,1.0,23.75,2024-07-16 14:33:00+00:00,2024-07-16 14:33:00+00:00,2024-07-16 14:34:00+00:00,2024-07-16 14:38:00+00:00,momentum_long_open_c3518efb2097,1,market,0.0,5,1,20,20,46670.0
545525,545526,545527,545527,closed,stop,21602.75,21582.75,21603.0,21582.5,21582.75,21622.75,-20.0,-20.5,-21.0,-420.0,10.0,0.5,2.0,2.0,29.25,2024-07-17 14:36:00+00:00,2024-07-17 14:36:00+00:00,2024-07-17 14:38:00+00:00,2024-07-17 14:41:00+00:00,momentum_long_open_c3518efb2097,1,market,0.0,5,1,20,20,46250.0
546908,546909,546913,546913,closed,stop,21444.5,21424.5,21444.75,21424.25,21424.5,21464.5,-20.0,-20.5,-21.0,-420.0,10.0,0.5,5.0,5.0,21.5,2024-07-18 14:54:00+00:00,2024-07-18 14:54:00+00:00,2024-07-18 14:59:00+00:00,2024-07-18 14:59:00+00:00,momentum_long_open_c3518efb2097,1,market,0.0,5,1,20,20,45830.0
548200,548201,548202,548202,closed,stop,21390.0,21370.0,21390.25,21369.75,21370.0,21410.0,-20.0,-20.5,-21.0,-420.0,10.0,0.5,2.0,2.0,34.25,2024-07-19 13:41:00+00:00,2024-07-19 13:41:00+00:00,2024-07-19 13:43:00+00:00,2024-07-19 13:46:00+00:00,momentum_long_open_c3518efb2097,1,market,0.0,5,1,20,20,45410.0
549564,549565,549566,549566,closed,stop,21454.25,21434.25,21454.5,21434.0,21434.25,21474.25,-20.0,-20.5,-21.0,-420.0,10.0,0.5,2.0,2.0,24.25,2024-07-22 13:50:00+00:00,2024-07-22 13:50:00+00:00,2024-07-22 13:52:00+00:00,2024-07-22 13:55:00+00:00,momentum_long_open_c3518efb2097,1,market,0.0,5,1,20,20,44990.0
549615,549616,549617,549617,closed,stop,21443.25,21423.25,21443.5,21423.0,21423.25,21463.25,-20.0,-20.5,-21.0,-420.0,10.0,0.5,2.0,2.0,20.25,2024-07-22 14:41:00+00:00,2024-07-22 14:41:00+00:00,2024-07-22 14:43:00+00:00,2024-07-22 14:46:00+00:00,momentum_long_open_c3518efb2097,1,market,0.0,5,1,20,20,44570.0
550921,550922,550924,550924,closed,target,21430.5,21450.5,21430.75,21450.25,21410.5,21450.5,20.0,19.5,19.0,380.0,10.0,0.5,3.0,3.0,1.75,2024-07-23 13:42:00+00:00,2024-07-23 13:42:00+00:00,2024-07-23 13:45:00+00:00,2024-07-23 13:47:00+00:00,momentum_long_open_c3518efb2097,1,market,0.0,5,1,20,20,44950.0
550924,550925,550925,550925,closed,stop,21464.75,21444.75,21465.0,21444.5,21444.75,21484.75,-20.0,-20.5,-21.0,-420.0,10.0,0.5,1.0,1.0,22.75,2024-07-23 13:45:00+00:00,2024-07-23 13:45:00+00:00,2024-07-23 13:46:00+00:00,2024-07-23 13:50:00+00:00,momentum_long_open_c3518efb2097,1,market,0.0,5,1,20,20,44530.0
550963,550964,550965,550965,closed,stop,21471.75,21451.75,21472.0,21451.5,21451.75,21491.75,-20.0,-20.5,-21.0,-420.0,10.0,0.5,2.0,2.0,29.75,2024-07-23 14:24:00+00:00,2024-07-23 14:24:00+00:00,2024-07-23 14:26:00+00:00,2024-07-23 14:29:00+00:00,momentum_long_open_c3518efb2097,1,market,0.0,5,1,20,20,44110.0
553693,553694,553694,553694,closed,target,20462.75,20482.75,20463.0,20482.5,20442.75,20482.75,20.0,19.5,19.0,380.0,10.0,0.5,1.0,1.0,5.75,2024-07-25 14:24:00+00:00,2024-07-25 14:24:00+00:00,2024-07-25 14:25:00+00:00,2024-07-25 14:29:00+00:00,momentum_long_open_c3518efb2097,1,market,0.0,5,1,20,20,44490.0
553694,553695,553696,553696,closed,stop,20484.25,20464.25,20484.5,20464.0,20464.25,20504.25,-20.0,-20.5,-21.0,-420.0,10.0,0.5,2.0,2.0,22.25,2024-07-25 14:25:00+00:00,2024-07-25 14:25:00+00:00,2024-07-25 14:27:00+00:00,2024-07-25 14:30:00+00:00,momentum_long_open_c3518efb2097,1,market,0.0,5,1,20,20,44070.0
553697,553698,553699,553699,closed,target,20487.25,20507.25,20487.5,20507.0,20467.25,20507.25,20.0,19.5,19.0,380.0,10.0,0.5,2.0,2.0,14.5,2024-07-25 14:28:00+00:00,2024-07-25 14:28:00+00:00,2024-07-25 14:30:00+00:00,2024-07-25 14:33:00+00:00,momentum_long_open_c3518efb2097,1,market,0.0,5,1,20,20,44450.0
555058,555059,555059,555059,closed,stop,20620.5,20600.5,20620.75,20600.25,20600.5,20640.5,-20.0,-20.5,-21.0,-420.0,10.0,0.5,1.0,1.0,52.75,2024-07-26 14:29:00+00:00,2024-07-26 14:29:00+00:00,2024-07-26 14:30:00+00:00,2024-07-26 14:34:00+00:00,momentum_long_open_c3518efb2097,1,market,0.0,5,1,20,20,44030.0
555088,555089,555091,555091,closed,target,20552.75,20572.75,20553.0,20572.5,20532.75,20572.75,20.0,19.5,19.0,380.0,10.0,0.5,3.0,3.0,5.75,2024-07-26 14:59:00+00:00,2024-07-26 14:59:00+00:00,2024-07-26 15:02:00+00:00,2024-07-26 15:04:00+00:00,momentum_long_open_c3518efb2097,1,market,0.0,5,1,20,20,44410.0
556375,556376,556378,556378,closed,target,20743.25,20763.25,20743.5,20763.0,20723.25,20763.25,20.0,19.5,19.0,380.0,10.0,0.5,3.0,3.0,15.75,2024-07-29 13:42:00+00:00,2024-07-29 13:42:00+00:00,2024-07-29 13:45:00+00:00,2024-07-29 13:47:00+00:00,momentum_long_open_c3518efb2097,1,market,0.0,5,1,20,20,44790.0
556378,556379,556379,556379,closed,target,20775.0,20795.0,20775.25,20794.75,20755.0,20795.0,20.0,19.5,19.0,380.0,10.0,0.5,1.0,1.0,1.75,2024-07-29 13:45:00+00:00,2024-07-29 13:45:00+00:00,2024-07-29 13:46:00+00:00,2024-07-29 13:50:00+00:00,momentum_long_open_c3518efb2097,1,market,0.0,5,1,20,20,45170.0
556379,556380,556381,556381,closed,stop,20791.0,20771.0,20791.25,20770.75,20771.0,20811.0,-20.0,-20.5,-21.0,-420.0,10.0,0.5,2.0,2.0,21.75,2024-07-29 13:46:00+00:00,2024-07-29 13:46:00+00:00,2024-07-29 13:48:00+00:00,2024-07-29 13:51:00+00:00,momentum_long_open_c3518efb2097,1,market,0.0,5,1,20,20,44750.0
556394,556395,556396,556396,closed,stop,20808.5,20788.5,20808.75,20788.25,20788.5,20828.5,-20.0,-20.5,-21.0,-420.0,10.0,0.5,2.0,2.0,20.25,2024-07-29 14:01:00+00:00,2024-07-29 14:01:00+00:00,2024-07-29 14:03:00+00:00,2024-07-29 14:06:00+00:00,momentum_long_open_c3518efb2097,1,market,0.0,5,1,20,20,44330.0
559132,559133,559134,559134,closed,stop,20877.25,20857.25,20877.5,20857.0,20857.25,20897.25,-20.0,-20.5,-21.0,-420.0,10.0,0.5,2.0,2.0,29.0,2024-07-31 14:10:00+00:00,2024-07-31 14:10:00+00:00,2024-07-31 14:12:00+00:00,2024-07-31 14:15:00+00:00,momentum_long_open_c3518efb2097,1,market,0.0,5,1,20,20,43910.0
559158,559159,559163,559163,closed,stop,20908.75,20888.75,20909.0,20888.5,20888.75,20928.75,-20.0,-20.5,-21.0,-420.0,10.0,0.5,5.0,5.0,20.25,2024-07-31 14:36:00+00:00,2024-07-31 14:36:00+00:00,2024-07-31 14:41:00+00:00,2024-07-31 14:41:00+00:00,momentum_long_open_c3518efb2097,1,market,0.0,5,1,20,20,43490.0
560473,560474,560475,560475,closed,target,21059.5,21079.5,21059.75,21079.25,21039.5,21079.5,20.0,19.5,19.0,380.0,10.0,0.5,2.0,2.0,0.25,2024-08-01 13:46:00+00:00,2024-08-01 13:46:00+00:00,2024-08-01 13:48:00+00:00,2024-08-01 13:51:00+00:00,momentum_long_open_c3518efb2097,1,market,0.0,5,1,20,20,43870.0
560475,560476,560477,560477,closed,target,21076.0,21096.0,21076.25,21095.75,21056.0,21096.0,20.0,19.5,19.0,380.0,10.0,0.5,2.0,2.0,18.0,2024-08-01 13:48:00+00:00,2024-08-01 13:48:00+00:00,2024-08-01 13:50:00+00:00,2024-08-01 13:53:00+00:00,momentum_long_open_c3518efb2097,1,market,0.0,5,1,20,20,44250.0
561902,561903,561904,561904,closed,stop,19973.75,19953.75,19974.0,19953.5,19953.75,19993.75,-20.0,-20.5,-21.0,-420.0,10.0,0.5,2.0,2.0,40.5,2024-08-02 14:50:00+00:00,2024-08-02 14:50:00+00:00,2024-08-02 14:52:00+00:00,2024-08-02 14:55:00+00:00,momentum_long_open_c3518efb2097,1,market,0.0,5,1,20,20,43830.0
563187,563188,563188,563188,closed,stop,19213.25,19193.25,19213.5,19193.0,19193.25,19233.25,-20.0,-20.5,-21.0,-420.0,10.0,0.5,1.0,1.0,34.0,2024-08-05 13:38:00+00:00,2024-08-05 13:38:00+00:00,2024-08-05 13:39:00+00:00,2024-08-05 13:43:00+00:00,momentum_long_open_c3518efb2097,1,market,0.0,5,1,20,20,43410.0
563188,563189,563189,563189,closed,target,19231.5,19251.5,19231.75,19251.25,19211.5,19251.5,20.0,19.5,19.0,380.0,10.0,0.5,1.0,1.0,9.75,2024-08-05 13:39:00+00:00,2024-08-05 13:39:00+00:00,2024-08-05 13:40:00+00:00,2024-08-05 13:44:00+00:00,momentum_long_open_c3518efb2097,1,market,0.0,5,1,20,20,43790.0
563189,563190,563190,563190,closed,stop,19292.25,19272.25,19292.5,19272.0,19272.25,19312.25,-20.0,-20.5,-21.0,-420.0,10.0,0.5,1.0,1.0,131.0,2024-08-05 13:40:00+00:00,2024-08-05 13:40:00+00:00,2024-08-05 13:41:00+00:00,2024-08-05 13:45:00+00:00,momentum_long_open_c3518efb2097,1,market,0.0,5,1,20,20,43370.0
563211,563212,563212,563212,closed,stop,19534.25,19514.25,19534.5,19514.0,19514.25,19554.25,-20.0,-20.5,-21.0,-420.0,10.0,0.5,1.0,1.0,50.5,2024-08-05 14:02:00+00:00,2024-08-05 14:02:00+00:00,2024-08-05 14:03:00+00:00,2024-08-05 14:07:00+00:00,momentum_long_open_c3518efb2097,1,market,0.0,5,1,20,20,42950.0
563213,563214,563214,563214,closed,stop,19488.25,19468.25,19488.5,19468.0,19468.25,19508.25,-20.0,-20.5,-21.0,-420.0,10.0,0.5,1.0,1.0,23.5,2024-08-05 14:04:00+00:00,2024-08-05 14:04:00+00:00,2024-08-05 14:05:00+00:00,2024-08-05 14:09:00+00:00,momentum_long_open_c3518efb2097,1,market,0.0,5,1,20,20,42530.0
563214,563215,563215,563215,closed,stop,19475.25,19455.25,19475.5,19455.0,19455.25,19495.25,-20.0,-20.5,-21.0,-420.0,10.0,0.5,1.0,1.0,23.5,2024-08-05 14:05:00+00:00,2024-08-05 14:05:00+00:00,2024-08-05 14:06:00+00:00,2024-08-05 14:10:00+00:00,momentum_long_open_c3518efb2097,1,market,0.0,5,1,20,20,42110.0
564569,564570,564571,564571,closed,stop,19587.75,19567.75,19588.0,19567.5,19567.75,19607.75,-20.0,-20.5,-21.0,-420.0,10.0,0.5,2.0,2.0,32.5,2024-08-06 13:57:00+00:00,2024-08-06 13:57:00+00:00,2024-08-06 13:59:00+00:00,2024-08-06 14:02:00+00:00,momentum_long_open_c3518efb2097,1,market,0.0,5,1,20,20,41690.0
564583,564584,564584,564584,closed,stop,19643.75,19623.75,19644.0,19623.5,19623.75,19663.75,-20.0,-20.5,-21.0,-420.0,10.0,0.5,1.0,1.0,27.75,2024-08-06 14:11:00+00:00,2024-08-06 14:11:00+00:00,2024-08-06 14:12:00+00:00,2024-08-06 14:16:00+00:00,momentum_long_open_c3518efb2097,1,market,0.0,5,1,20,20,41270.0
564614,564615,564616,564616,closed,target,19667.5,19687.5,19667.75,19687.25,19647.5,19687.5,20.0,19.5,19.0,380.0,10.0,0.5,2.0,2.0,18.25,2024-08-06 14:42:00+00:00,2024-08-06 14:42:00+00:00,2024-08-06 14:44:00+00:00,2024-08-06 14:47:00+00:00,momentum_long_open_c3518efb2097,1,market,0.0,5,1,20,20,41650.0
564617,564618,564619,564619,closed,target,19687.0,19707.0,19687.25,19706.75,19667.0,19707.0,20.0,19.5,19.0,380.0,10.0,0.5,2.0,2.0,9.5,2024-08-06 14:45:00+00:00,2024-08-06 14:45:00+00:00,2024-08-06 14:47:00+00:00,2024-08-06 14:50:00+00:00,momentum_long_open_c3518efb2097,1,market,0.0,5,1,20,20,42030.0
564619,564620,564620,564620,closed,target,19725.75,19745.75,19726.0,19745.5,19705.75,19745.75,20.0,19.5,19.0,380.0,10.0,0.5,1.0,1.0,7.5,2024-08-06 14:47:00+00:00,2024-08-06 14:47:00+00:00,2024-08-06 14:48:00+00:00,2024-08-06 14:52:00+00:00,momentum_long_open_c3518efb2097,1,market,0.0,5,1,20,20,42410.0
564620,564621,564623,564623,closed,stop,19754.0,19734.0,19754.25,19733.75,19734.0,19774.0,-20.0,-20.5,-21.0,-420.0,10.0,0.5,3.0,3.0,25.0,2024-08-06 14:48:00+00:00,2024-08-06 14:48:00+00:00,2024-08-06 14:51:00+00:00,2024-08-06 14:53:00+00:00,momentum_long_open_c3518efb2097,1,market,0.0,5,1,20,20,41990.0
564623,564624,564624,564624,closed,stop,19741.0,19721.0,19741.25,19720.75,19721.0,19761.0,-20.0,-20.5,-21.0,-420.0,10.0,0.5,1.0,1.0,24.25,2024-08-06 14:51:00+00:00,2024-08-06 14:51:00+00:00,2024-08-06 14:52:00+00:00,2024-08-06 14:56:00+00:00,momentum_long_open_c3518efb2097,1,market,0.0,5,1,20,20,41570.0
565907,565908,565908,565908,closed,target,19886.25,19906.25,19886.5,19906.0,19866.25,19906.25,20.0,19.5,19.0,380.0,10.0,0.5,1.0,1.0,14.75,2024-08-07 13:30:00+00:00,2024-08-07 13:30:00+00:00,2024-08-07 13:31:00+00:00,2024-08-07 13:35:00+00:00,momentum_long_open_c3518efb2097,1,market,0.0,5,1,20,20,41950.0
565908,565909,565909,565909,closed,target,19920.0,19940.0,19920.25,19939.75,19900.0,19940.0,20.0,19.5,19.0,380.0,10.0,0.5,1.0,1.0,9.25,2024-08-07 13:31:00+00:00,2024-08-07 13:31:00+00:00,2024-08-07 13:32:00+00:00,2024-08-07 13:36:00+00:00,momentum_long_open_c3518efb2097,1,market,0.0,5,1,20,20,42330.0
565909,565910,565910,565910,closed,stop,19937.25,19917.25,19937.5,19917.0,19917.25,19957.25,-20.0,-20.5,-21.0,-420.0,10.0,0.5,1.0,1.0,27.0,2024-08-07 13:32:00+00:00,2024-08-07 13:32:00+00:00,2024-08-07 13:33:00+00:00,2024-08-07 13:37:00+00:00,momentum_long_open_c3518efb2097,1,market,0.0,5,1,20,20,41910.0
565912,565913,565914,565914,closed,target,19927.0,19947.0,19927.25,19946.75,19907.0,19947.0,20.0,19.5,19.0,380.0,10.0,0.5,2.0,2.0,13.75,2024-08-07 13:35:00+00:00,2024-08-07 13:35:00+00:00,2024-08-07 13:37:00+00:00,2024-08-07 13:40:00+00:00,momentum_long_open_c3518efb2097,1,market,0.0,5,1,20,20,42290.0
565915,565916,565918,565918,closed,stop,19964.25,19944.25,19964.5,19944.0,19944.25,19984.25,-20.0,-20.5,-21.0,-420.0,10.0,0.5,3.0,3.0,38.0,2024-08-07 13:38:00+00:00,2024-08-07 13:38:00+00:00,2024-08-07 13:41:00+00:00,2024-08-07 13:43:00+00:00,momentum_long_open_c3518efb2097,1,market,0.0,5,1,20,20,41870.0
565983,565984,565985,565985,closed,target,19953.0,19973.0,19953.25,19972.75,19933.0,19973.0,20.0,19.5,19.0,380.0,10.0,0.5,2.0,2.0,14.75,2024-08-07 14:46:00+00:00,2024-08-07 14:46:00+00:00,2024-08-07 14:48:00+00:00,2024-08-07 14:51:00+00:00,momentum_long_open_c3518efb2097,1,market,0.0,5,1,20,20,42250.0
565985,565986,565990,565990,closed,timeout,19968.75,19961.0,19969.0,19960.75,19948.75,19988.75,-7.75,-8.25,-8.75,-175.0,10.0,0.5,5.0,5.0,17.75,2024-08-07 14:48:00+00:00,2024-08-07 14:48:00+00:00,2024-08-07 14:53:00+00:00,2024-08-07 14:53:00+00:00,momentum_long_open_c3518efb2097,1,market,0.0,5,1,20,20,42075.0
567303,567304,567305,567305,closed,target,19658.25,19678.25,19658.5,19678.0,19638.25,19678.25,20.0,19.5,19.0,380.0,10.0,0.5,2.0,2.0,9.0,2024-08-08 14:01:00+00:00,2024-08-08 14:01:00+00:00,2024-08-08 14:03:00+00:00,2024-08-08 14:06:00+00:00,momentum_long_open_c3518efb2097,1,market,0.0,5,1,20,20,42455.0
567305,567306,567307,567307,closed,target,19693.25,19713.25,19693.5,19713.0,19673.25,19713.25,20.0,19.5,19.0,380.0,10.0,0.5,2.0,2.0,8.5,2024-08-08 14:03:00+00:00,2024-08-08 14:03:00+00:00,2024-08-08 14:05:00+00:00,2024-08-08 14:08:00+00:00,momentum_long_open_c3518efb2097,1,market,0.0,5,1,20,20,42835.0
567307,567308,567309,567309,closed,stop,19709.0,19689.0,19709.25,19688.75,19689.0,19729.0,-20.0,-20.5,-21.0,-420.0,10.0,0.5,2.0,2.0,29.75,2024-08-08 14:05:00+00:00,2024-08-08 14:05:00+00:00,2024-08-08 14:07:00+00:00,2024-08-08 14:10:00+00:00,momentum_long_open_c3518efb2097,1,market,0.0,5,1,20,20,42415.0
567309,567310,567310,567310,closed,stop,19685.25,19665.25,19685.5,19665.0,19665.25,19705.25,-20.0,-20.5,-21.0,-420.0,10.0,0.5,1.0,1.0,21.25,2024-08-08 14:07:00+00:00,2024-08-08 14:07:00+00:00,2024-08-08 14:08:00+00:00,2024-08-08 14:12:00+00:00,momentum_long_open_c3518efb2097,1,market,0.0,5,1,20,20,41995.0
567319,567320,567321,567321,closed,stop,19770.5,19750.5,19770.75,19750.25,19750.5,19790.5,-20.0,-20.5,-21.0,-420.0,10.0,0.5,2.0,2.0,24.0,2024-08-08 14:17:00+00:00,2024-08-08 14:17:00+00:00,2024-08-08 14:19:00+00:00,2024-08-08 14:22:00+00:00,momentum_long_open_c3518efb2097,1,market,0.0,5,1,20,20,41575.0
567332,567333,567336,567336,closed,stop,19815.0,19795.0,19815.25,19794.75,19795.0,19835.0,-20.0,-20.5,-21.0,-420.0,10.0,0.5,4.0,4.0,27.25,2024-08-08 14:30:00+00:00,2024-08-08 14:30:00+00:00,2024-08-08 14:34:00+00:00,2024-08-08 14:35:00+00:00,momentum_long_open_c3518efb2097,1,market,0.0,5,1,20,20,41155.0
567340,567341,567345,567345,closed,stop,19828.75,19808.75,19829.0,19808.5,19808.75,19848.75,-20.0,-20.5,-21.0,-420.0,10.0,0.5,5.0,5.0,25.25,2024-08-08 14:38:00+00:00,2024-08-08 14:38:00+00:00,2024-08-08 14:43:00+00:00,2024-08-08 14:43:00+00:00,momentum_long_open_c3518efb2097,1,market,0.0,5,1,20,20,40735.0
567355,567356,567356,567356,closed,stop,19867.0,19847.0,19867.25,19846.75,19847.0,19887.0,-20.0,-20.5,-21.0,-420.0,10.0,0.5,1.0,1.0,37.5,2024-08-08 14:53:00+00:00,2024-08-08 14:53:00+00:00,2024-08-08 14:54:00+00:00,2024-08-08 14:58:00+00:00,momentum_long_open_c3518efb2097,1,market,0.0,5,1,20,20,40315.0
568639,568640,568640,568640,closed,target,19917.0,19937.0,19917.25,19936.75,19897.0,19937.0,20.0,19.5,19.0,380.0,10.0,0.5,1.0,1.0,10.75,2024-08-09 13:32:00+00:00,2024-08-09 13:32:00+00:00,2024-08-09 13:33:00+00:00,2024-08-09 13:37:00+00:00,momentum_long_open_c3518efb2097,1,market,0.0,5,1,20,20,40695.0
568640,568641,568641,568641,closed,stop,19928.25,19908.25,19928.5,19908.0,19908.25,19948.25,-20.0,-20.5,-21.0,-420.0,10.0,0.5,1.0,1.0,32.0,2024-08-09 13:33:00+00:00,2024-08-09 13:33:00+00:00,2024-08-09 13:34:00+00:00,2024-08-09 13:38:00+00:00,momentum_long_open_c3518efb2097,1,market,0.0,5,1,20,20,40275.0
568642,568643,568643,568643,closed,stop,19927.0,19907.0,19927.25,19906.75,19907.0,19947.0,-20.0,-20.5,-21.0,-420.0,10.0,0.5,1.0,1.0,46.25,2024-08-09 13:35:00+00:00,2024-08-09 13:35:00+00:00,2024-08-09 13:36:00+00:00,2024-08-09 13:40:00+00:00,momentum_long_open_c3518efb2097,1,market,0.0,5,1,20,20,39855.0
568675,568676,568677,568677,closed,stop,19928.0,19908.0,19928.25,19907.75,19908.0,19948.0,-20.0,-20.5,-21.0,-420.0,10.0,0.5,2.0,2.0,24.0,2024-08-09 14:08:00+00:00,2024-08-09 14:08:00+00:00,2024-08-09 14:10:00+00:00,2024-08-09 14:13:00+00:00,momentum_long_open_c3518efb2097,1,market,0.0,5,1,20,20,39435.0
568679,568680,568680,568680,closed,target,19954.0,19974.0,19954.25,19973.75,19934.0,19974.0,20.0,19.5,19.0,380.0,10.0,0.5,1.0,1.0,4.0,2024-08-09 14:12:00+00:00,2024-08-09 14:12:00+00:00,2024-08-09 14:13:00+00:00,2024-08-09 14:17:00+00:00,momentum_long_open_c3518efb2097,1,market,0.0,5,1,20,20,39815.0
568680,568681,568684,568684,closed,stop,19980.75,19960.75,19981.0,19960.5,19960.75,20000.75,-20.0,-20.5,-21.0,-420.0,10.0,0.5,4.0,4.0,37.0,2024-08-09 14:13:00+00:00,2024-08-09 14:13:00+00:00,2024-08-09 14:17:00+00:00,2024-08-09 14:18:00+00:00,momentum_long_open_c3518efb2097,1,market,0.0,5,1,20,20,39395.0
568720,568721,568724,568724,closed,target,19972.25,19992.25,19972.5,19992.0,19952.25,19992.25,20.0,19.5,19.0,380.0,10.0,0.5,4.0,4.0,20.0,2024-08-09 14:53:00+00:00,2024-08-09 14:53:00+00:00,2024-08-09 14:57:00+00:00,2024-08-09 14:58:00+00:00,momentum_long_open_c3518efb2097,1,market,0.0,5,1,20,20,39775.0
568724,568725,568727,568727,closed,stop,19980.0,19960.0,19980.25,19959.75,19960.0,20000.0,-20.0,-20.5,-21.0,-420.0,10.0,0.5,3.0,3.0,31.75,2024-08-09 14:57:00+00:00,2024-08-09 14:57:00+00:00,2024-08-09 15:00:00+00:00,2024-08-09 15:02:00+00:00,momentum_long_open_c3518efb2097,1,market,0.0,5,1,20,20,39355.0
570039,570040,570042,570042,closed,target,20038.25,20058.25,20038.5,20058.0,20018.25,20058.25,20.0,19.5,19.0,380.0,10.0,0.5,3.0,3.0,3.0,2024-08-12 14:07:00+00:00,2024-08-12 14:07:00+00:00,2024-08-12 14:10:00+00:00,2024-08-12 14:12:00+00:00,momentum_long_open_c3518efb2097,1,market,0.0,5,1,20,20,39735.0
570042,570043,570047,570047,closed,target,20071.5,20091.5,20071.75,20091.25,20051.5,20091.5,20.0,19.5,19.0,380.0,10.0,0.5,5.0,5.0,11.75,2024-08-12 14:10:00+00:00,2024-08-12 14:10:00+00:00,2024-08-12 14:15:00+00:00,2024-08-12 14:15:00+00:00,momentum_long_open_c3518efb2097,1,market,0.0,5,1,20,20,40115.0
570047,570048,570049,570049,closed,target,20091.25,20111.25,20091.5,20111.0,20071.25,20111.25,20.0,19.5,19.0,380.0,10.0,0.5,2.0,2.0,3.5,2024-08-12 14:15:00+00:00,2024-08-12 14:15:00+00:00,2024-08-12 14:17:00+00:00,2024-08-12 14:20:00+00:00,momentum_long_open_c3518efb2097,1,market,0.0,5,1,20,20,40495.0
570049,570050,570050,570050,closed,stop,20106.25,20086.25,20106.5,20086.0,20086.25,20126.25,-20.0,-20.5,-21.0,-420.0,10.0,0.5,1.0,1.0,21.5,2024-08-12 14:17:00+00:00,2024-08-12 14:17:00+00:00,2024-08-12 14:18:00+00:00,2024-08-12 14:22:00+00:00,momentum_long_open_c3518efb2097,1,market,0.0,5,1,20,20,40075.0
570050,570051,570053,570053,closed,target,20091.5,20111.5,20091.75,20111.25,20071.5,20111.5,20.0,19.5,19.0,380.0,10.0,0.5,3.0,3.0,1.0,2024-08-12 14:18:00+00:00,2024-08-12 14:18:00+00:00,2024-08-12 14:21:00+00:00,2024-08-12 14:23:00+00:00,momentum_long_open_c3518efb2097,1,market,0.0,5,1,20,20,40455.0
570054,570055,570059,570059,closed,target,20132.5,20152.5,20132.75,20152.25,20112.5,20152.5,20.0,19.5,19.0,380.0,10.0,0.5,5.0,5.0,4.5,2024-08-12 14:22:00+00:00,2024-08-12 14:22:00+00:00,2024-08-12 14:27:00+00:00,2024-08-12 14:27:00+00:00,momentum_long_open_c3518efb2097,1,market,0.0,5,1,20,20,40835.0
570059,570060,570062,570062,closed,stop,20154.25,20134.25,20154.5,20134.0,20134.25,20174.25,-20.0,-20.5,-21.0,-420.0,10.0,0.5,3.0,3.0,32.25,2024-08-12 14:27:00+00:00,2024-08-12 14:27:00+00:00,2024-08-12 14:30:00+00:00,2024-08-12 14:32:00+00:00,momentum_long_open_c3518efb2097,1,market,0.0,5,1,20,20,40415.0
570073,570074,570077,570077,closed,stop,20169.75,20149.75,20170.0,20149.5,20149.75,20189.75,-20.0,-20.5,-21.0,-420.0,10.0,0.5,4.0,4.0,28.75,2024-08-12 14:41:00+00:00,2024-08-12 14:41:00+00:00,2024-08-12 14:45:00+00:00,2024-08-12 14:46:00+00:00,momentum_long_open_c3518efb2097,1,market,0.0,5,1,20,20,39995.0
571387,571388,571392,571392,closed,timeout,20335.5,20328.75,20335.75,20328.5,20315.5,20355.5,-6.75,-7.25,-7.75,-155.0,10.0,0.5,5.0,5.0,15.75,2024-08-13 13:50:00+00:00,2024-08-13 13:50:00+00:00,2024-08-13 13:55:00+00:00,2024-08-13 13:55:00+00:00,momentum_long_open_c3518efb2097,1,market,0.0,5,1,20,20,39840.0
571445,571446,571450,571450,closed,timeout,20370.5,20372.5,20370.75,20372.25,20350.5,20390.5,2.0,1.5,1.0,20.0,10.0,0.5,5.0,5.0,8.75,2024-08-13 14:48:00+00:00,2024-08-13 14:48:00+00:00,2024-08-13 14:53:00+00:00,2024-08-13 14:53:00+00:00,momentum_long_open_c3518efb2097,1,market,0.0,5,1,20,20,39860.0
572810,572811,572815,572815,closed,target,20452.5,20472.5,20452.75,20472.25,20432.5,20472.5,20.0,19.5,19.0,380.0,10.0,0.5,5.0,5.0,10.5,2024-08-14 14:48:00+00:00,2024-08-14 14:48:00+00:00,2024-08-14 14:53:00+00:00,2024-08-14 14:53:00+00:00,momentum_long_open_c3518efb2097,1,market,0.0,5,1,20,20,40240.0
572815,572816,572820,572820,closed,timeout,20475.25,20487.75,20475.5,20487.5,20455.25,20495.25,12.5,12.0,11.5,230.0,10.0,0.5,5.0,5.0,4.25,2024-08-14 14:53:00+00:00,2024-08-14 14:53:00+00:00,2024-08-14 14:58:00+00:00,2024-08-14 14:58:00+00:00,momentum_long_open_c3518efb2097,1,market,0.0,5,1,20,20,40470.0
572821,572822,572826,572826,closed,timeout,20500.0,20516.0,20500.25,20515.75,20480.0,20520.0,16.0,15.5,15.0,300.0,10.0,0.5,5.0,5.0,6.75,2024-08-14 14:59:00+00:00,2024-08-14 14:59:00+00:00,2024-08-14 15:04:00+00:00,2024-08-14 15:04:00+00:00,momentum_long_open_c3518efb2097,1,market,0.0,5,1,20,20,40770.0
574097,574098,574100,574100,closed,target,20784.75,20804.75,20785.0,20804.5,20764.75,20804.75,20.0,19.5,19.0,380.0,10.0,0.5,3.0,3.0,15.75,2024-08-15 13:30:00+00:00,2024-08-15 13:30:00+00:00,2024-08-15 13:33:00+00:00,2024-08-15 13:35:00+00:00,momentum_long_open_c3518efb2097,1,market,0.0,5,1,20,20,41150.0
574118,574119,574123,574123,closed,target,20844.75,20864.75,20845.0,20864.5,20824.75,20864.75,20.0,19.5,19.0,380.0,10.0,0.5,5.0,5.0,9.25,2024-08-15 13:51:00+00:00,2024-08-15 13:51:00+00:00,2024-08-15 13:56:00+00:00,2024-08-15 13:56:00+00:00,momentum_long_open_c3518efb2097,1,market,0.0,5,1,20,20,41530.0
574123,574124,574126,574126,closed,target,20870.5,20890.5,20870.75,20890.25,20850.5,20890.5,20.0,19.5,19.0,380.0,10.0,0.5,3.0,3.0,3.75,2024-08-15 13:56:00+00:00,2024-08-15 13:56:00+00:00,2024-08-15 13:59:00+00:00,2024-08-15 14:01:00+00:00,momentum_long_open_c3518efb2097,1,market,0.0,5,1,20,20,41910.0
574126,574127,574130,574130,closed,target,20892.0,20912.0,20892.25,20911.75,20872.0,20912.0,20.0,19.5,19.0,380.0,10.0,0.5,4.0,4.0,10.5,2024-08-15 13:59:00+00:00,2024-08-15 13:59:00+00:00,2024-08-15 14:03:00+00:00,2024-08-15 14:04:00+00:00,momentum_long_open_c3518efb2097,1,market,0.0,5,1,20,20,42290.0
574130,574131,574131,574131,closed,stop,20906.5,20886.5,20906.75,20886.25,20886.5,20926.5,-20.0,-20.5,-21.0,-420.0,10.0,0.5,1.0,1.0,20.5,2024-08-15 14:03:00+00:00,2024-08-15 14:03:00+00:00,2024-08-15 14:04:00+00:00,2024-08-15 14:08:00+00:00,momentum_long_open_c3518efb2097,1,market,0.0,5,1,20,20,41870.0
574154,574155,574159,574159,closed,timeout,20909.5,20914.25,20909.75,20914.0,20889.5,20929.5,4.75,4.25,3.75,75.0,10.0,0.5,5.0,5.0,9.5,2024-08-15 14:27:00+00:00,2024-08-15 14:27:00+00:00,2024-08-15 14:32:00+00:00,2024-08-15 14:32:00+00:00,momentum_long_open_c3518efb2097,1,market,0.0,5,1,20,20,41945.0
575499,575500,575501,575501,closed,stop,20988.25,20968.25,20988.5,20968.0,20968.25,21008.25,-20.0,-20.5,-21.0,-420.0,10.0,0.5,2.0,2.0,21.25,2024-08-16 14:07:00+00:00,2024-08-16 14:07:00+00:00,2024-08-16 14:09:00+00:00,2024-08-16 14:12:00+00:00,momentum_long_open_c3518efb2097,1,market,0.0,5,1,20,20,41525.0
575510,575511,575515,575515,closed,timeout,21012.25,21007.25,21012.5,21007.0,20992.25,21032.25,-5.0,-5.5,-6.0,-120.0,10.0,0.5,5.0,5.0,10.5,2024-08-16 14:18:00+00:00,2024-08-16 14:18:00+00:00,2024-08-16 14:23:00+00:00,2024-08-16 14:23:00+00:00,momentum_long_open_c3518efb2097,1,market,0.0,5,1,20,20,41405.0
576909,576910,576914,576914,closed,timeout,21078.25,21078.5,21078.5,21078.25,21058.25,21098.25,0.25,-0.25,-0.75,-15.0,10.0,0.5,5.0,5.0,7.5,2024-08-19 14:53:00+00:00,2024-08-19 14:53:00+00:00,2024-08-19 14:58:00+00:00,2024-08-19 14:58:00+00:00,momentum_long_open_c3518efb2097,1,market,0.0,5,1,20,20,41390.0
578192,578193,578196,578196,closed,target,21265.75,21285.75,21266.0,21285.5,21245.75,21285.75,20.0,19.5,19.0,380.0,10.0,0.5,4.0,4.0,2.25,2024-08-20 13:31:00+00:00,2024-08-20 13:31:00+00:00,2024-08-20 13:35:00+00:00,2024-08-20 13:36:00+00:00,momentum_long_open_c3518efb2097,1,market,0.0,5,1,20,20,41770.0
578196,578197,578201,578201,closed,timeout,21296.5,21283.75,21296.75,21283.5,21276.5,21316.5,-12.75,-13.25,-13.75,-275.0,10.0,0.5,5.0,5.0,16.75,2024-08-20 13:35:00+00:00,2024-08-20 13:35:00+00:00,2024-08-20 13:40:00+00:00,2024-08-20 13:40:00+00:00,momentum_long_open_c3518efb2097,1,market,0.0,5,1,20,20,41495.0
578211,578212,578216,578216,closed,target,21315.0,21335.0,21315.25,21334.75,21295.0,21335.0,20.0,19.5,19.0,380.0,10.0,0.5,5.0,5.0,9.25,2024-08-20 13:50:00+00:00,2024-08-20 13:50:00+00:00,2024-08-20 13:55:00+00:00,2024-08-20 13:55:00+00:00,momentum_long_open_c3518efb2097,1,market,0.0,5,1,20,20,41875.0
578216,578217,578221,578221,closed,timeout,21341.25,21351.5,21341.5,21351.25,21321.25,21361.25,10.25,9.75,9.25,185.0,10.0,0.5,5.0,5.0,8.0,2024-08-20 13:55:00+00:00,2024-08-20 13:55:00+00:00,2024-08-20 14:00:00+00:00,2024-08-20 14:00:00+00:00,momentum_long_open_c3518efb2097,1,market,0.0,5,1,20,20,42060.0
579586,579587,579591,579591,closed,timeout,21329.25,21336.75,21329.5,21336.5,21309.25,21349.25,7.5,7.0,6.5,130.0,10.0,0.5,5.0,5.0,16.75,2024-08-21 14:01:00+00:00,2024-08-21 14:01:00+00:00,2024-08-21 14:06:00+00:00,2024-08-21 14:06:00+00:00,momentum_long_open_c3518efb2097,1,market,0.0,5,1,20,20,42190.0
579626,579627,579628,579628,closed,target,21379.0,21399.0,21379.25,21398.75,21359.0,21399.0,20.0,19.5,19.0,380.0,10.0,0.5,2.0,2.0,0.25,2024-08-21 14:41:00+00:00,2024-08-21 14:41:00+00:00,2024-08-21 14:43:00+00:00,2024-08-21 14:46:00+00:00,momentum_long_open_c3518efb2097,1,market,0.0,5,1,20,20,42570.0
579628,579629,579633,579633,closed,stop,21411.0,21391.0,21411.25,21390.75,21391.0,21431.0,-20.0,-20.5,-21.0,-420.0,10.0,0.5,5.0,5.0,30.5,2024-08-21 14:43:00+00:00,2024-08-21 14:43:00+00:00,2024-08-21 14:48:00+00:00,2024-08-21 14:48:00+00:00,momentum_long_open_c3518efb2097,1,market,0.0,5,1,20,20,42150.0
582317,582318,582318,582318,closed,target,21268.0,21288.0,21268.25,21287.75,21248.0,21288.0,20.0,19.5,19.0,380.0,10.0,0.5,1.0,1.0,0.75,2024-08-23 14:02:00+00:00,2024-08-23 14:02:00+00:00,2024-08-23 14:03:00+00:00,2024-08-23 14:07:00+00:00,momentum_long_open_c3518efb2097,1,market,0.0,5,1,20,20,42530.0
582318,582319,582319,582319,closed,stop,21297.75,21277.75,21298.0,21277.5,21277.75,21317.75,-20.0,-20.5,-21.0,-420.0,10.0,0.5,1.0,1.0,38.75,2024-08-23 14:03:00+00:00,2024-08-23 14:03:00+00:00,2024-08-23 14:04:00+00:00,2024-08-23 14:08:00+00:00,momentum_long_open_c3518efb2097,1,market,0.0,5,1,20,20,42110.0
582319,582320,582320,582320,closed,stop,21276.5,21256.5,21276.75,21256.25,21256.5,21296.5,-20.0,-20.5,-21.0,-420.0,10.0,0.5,1.0,1.0,21.0,2024-08-23 14:04:00+00:00,2024-08-23 14:04:00+00:00,2024-08-23 14:05:00+00:00,2024-08-23 14:09:00+00:00,momentum_long_open_c3518efb2097,1,market,0.0,5,1,20,20,41690.0
582320,582321,582321,582321,closed,stop,21279.5,21259.5,21279.75,21259.25,21259.5,21299.5,-20.0,-20.5,-21.0,-420.0,10.0,0.5,1.0,1.0,40.75,2024-08-23 14:05:00+00:00,2024-08-23 14:05:00+00:00,2024-08-23 14:06:00+00:00,2024-08-23 14:10:00+00:00,momentum_long_open_c3518efb2097,1,market,0.0,5,1,20,20,41270.0
582344,582345,582345,582345,closed,stop,21333.0,21313.0,21333.25,21312.75,21313.0,21353.0,-20.0,-20.5,-21.0,-420.0,10.0,0.5,1.0,1.0,22.0,2024-08-23 14:29:00+00:00,2024-08-23 14:29:00+00:00,2024-08-23 14:30:00+00:00,2024-08-23 14:34:00+00:00,momentum_long_open_c3518efb2097,1,market,0.0,5,1,20,20,40850.0
583738,583739,583743,583743,closed,timeout,21030.5,21044.25,21030.75,21044.0,21010.5,21050.5,13.75,13.25,12.75,255.0,10.0,0.5,5.0,5.0,8.25,2024-08-26 14:59:00+00:00,2024-08-26 14:59:00+00:00,2024-08-26 15:04:00+00:00,2024-08-26 15:04:00+00:00,momentum_long_open_c3518efb2097,1,market,0.0,5,1,20,20,41105.0
585014,585015,585018,585018,closed,stop,20956.5,20936.5,20956.75,20936.25,20936.5,20976.5,-20.0,-20.5,-21.0,-420.0,10.0,0.5,4.0,4.0,30.5,2024-08-27 13:30:00+00:00,2024-08-27 13:30:00+00:00,2024-08-27 13:34:00+00:00,2024-08-27 13:35:00+00:00,momentum_long_open_c3518efb2097,1,market,0.0,5,1,20,20,40685.0
585039,585040,585040,585040,closed,target,20982.0,21002.0,20982.25,21001.75,20962.0,21002.0,20.0,19.5,19.0,380.0,10.0,0.5,1.0,1.0,1.0,2024-08-27 13:55:00+00:00,2024-08-27 13:55:00+00:00,2024-08-27 13:56:00+00:00,2024-08-27 14:00:00+00:00,momentum_long_open_c3518efb2097,1,market,0.0,5,1,20,20,41065.0
585040,585041,585042,585042,closed,stop,20994.5,20974.5,20994.75,20974.25,20974.5,21014.5,-20.0,-20.5,-21.0,-420.0,10.0,0.5,2.0,2.0,29.0,2024-08-27 13:56:00+00:00,2024-08-27 13:56:00+00:00,2024-08-27 13:58:00+00:00,2024-08-27 14:01:00+00:00,momentum_long_open_c3518efb2097,1,market,0.0,5,1,20,20,40645.0
585070,585071,585075,585075,closed,target,21058.25,21078.25,21058.5,21078.0,21038.25,21078.25,20.0,19.5,19.0,380.0,10.0,0.5,5.0,5.0,14.25,2024-08-27 14:26:00+00:00,2024-08-27 14:26:00+00:00,2024-08-27 14:31:00+00:00,2024-08-27 14:31:00+00:00,momentum_long_open_c3518efb2097,1,market,0.0,5,1,20,20,41025.0
585077,585078,585082,585082,closed,stop,21078.75,21058.75,21079.0,21058.5,21058.75,21098.75,-20.0,-20.5,-21.0,-420.0,10.0,0.5,5.0,5.0,23.0,2024-08-27 14:33:00+00:00,2024-08-27 14:33:00+00:00,2024-08-27 14:38:00+00:00,2024-08-27 14:38:00+00:00,momentum_long_open_c3518efb2097,1,market,0.0,5,1,20,20,40605.0
586380,586381,586383,586383,closed,stop,21087.0,21067.0,21087.25,21066.75,21067.0,21107.0,-20.0,-20.5,-21.0,-420.0,10.0,0.5,3.0,3.0,24.0,2024-08-28 13:31:00+00:00,2024-08-28 13:31:00+00:00,2024-08-28 13:34:00+00:00,2024-08-28 13:36:00+00:00,momentum_long_open_c3518efb2097,1,market,0.0,5,1,20,20,40185.0
587747,587748,587748,587748,closed,target,20978.75,20998.75,20979.0,20998.5,20958.75,20998.75,20.0,19.5,19.0,380.0,10.0,0.5,1.0,1.0,9.0,2024-08-29 13:33:00+00:00,2024-08-29 13:33:00+00:00,2024-08-29 13:34:00+00:00,2024-08-29 13:38:00+00:00,momentum_long_open_c3518efb2097,1,market,0.0,5,1,20,20,40565.0
587748,587749,587749,587749,closed,target,20998.25,21018.25,20998.5,21018.0,20978.25,21018.25,20.0,19.5,19.0,380.0,10.0,0.5,1.0,1.0,2.25,2024-08-29 13:34:00+00:00,2024-08-29 13:34:00+00:00,2024-08-29 13:35:00+00:00,2024-08-29 13:39:00+00:00,momentum_long_open_c3518efb2097,1,market,0.0,5,1,20,20,40945.0
587749,587750,587751,587751,closed,target,21022.5,21042.5,21022.75,21042.25,21002.5,21042.5,20.0,19.5,19.0,380.0,10.0,0.5,2.0,2.0,7.75,2024-08-29 13:35:00+00:00,2024-08-29 13:35:00+00:00,2024-08-29 13:37:00+00:00,2024-08-29 13:40:00+00:00,momentum_long_open_c3518efb2097,1,market,0.0,5,1,20,20,41325.0
587751,587752,587752,587752,closed,stop,21037.75,21017.75,21038.0,21017.5,21017.75,21057.75,-20.0,-20.5,-21.0,-420.0,10.0,0.5,1.0,1.0,32.5,2024-08-29 13:37:00+00:00,2024-08-29 13:37:00+00:00,2024-08-29 13:38:00+00:00,2024-08-29 13:42:00+00:00,momentum_long_open_c3518efb2097,1,market,0.0,5,1,20,20,40905.0
587752,587753,587753,587753,closed,target,21009.25,21029.25,21009.5,21029.0,20989.25,21029.25,20.0,19.5,19.0,380.0,10.0,0.5,1.0,1.0,1.0,2024-08-29 13:38:00+00:00,2024-08-29 13:38:00+00:00,2024-08-29 13:39:00+00:00,2024-08-29 13:43:00+00:00,momentum_long_open_c3518efb2097,1,market,0.0,5,1,20,20,41285.0
587775,587776,587777,587777,closed,stop,21097.75,21077.75,21098.0,21077.5,21077.75,21117.75,-20.0,-20.5,-21.0,-420.0,10.0,0.5,2.0,2.0,51.0,2024-08-29 14:01:00+00:00,2024-08-29 14:01:00+00:00,2024-08-29 14:03:00+00:00,2024-08-29 14:06:00+00:00,momentum_long_open_c3518efb2097,1,market,0.0,5,1,20,20,40865.0
587810,587811,587813,587813,closed,stop,21070.5,21050.5,21070.75,21050.25,21050.5,21090.5,-20.0,-20.5,-21.0,-420.0,10.0,0.5,3.0,3.0,26.25,2024-08-29 14:36:00+00:00,2024-08-29 14:36:00+00:00,2024-08-29 14:39:00+00:00,2024-08-29 14:41:00+00:00,momentum_long_open_c3518efb2097,1,market,0.0,5,1,20,20,40445.0
589140,589141,589145,589145,closed,stop,21046.5,21026.5,21046.75,21026.25,21026.5,21066.5,-20.0,-20.5,-21.0,-420.0,10.0,0.5,5.0,5.0,37.5,2024-08-30 14:01:00+00:00,2024-08-30 14:01:00+00:00,2024-08-30 14:06:00+00:00,2024-08-30 14:06:00+00:00,momentum_long_open_c3518efb2097,1,market,0.0,5,1,20,20,40025.0
590489,590490,590494,590494,closed,timeout,21073.5,21066.0,21073.75,21065.75,21053.5,21093.5,-7.5,-8.0,-8.5,-170.0,10.0,0.5,5.0,5.0,9.5,2024-09-02 13:45:00+00:00,2024-09-02 13:45:00+00:00,2024-09-02 13:50:00+00:00,2024-09-02 13:50:00+00:00,momentum_long_open_c3518efb2097,1,market,0.0,5,1,20,20,39855.0
590536,590537,590540,590540,closed,target,21051.0,21071.0,21051.25,21070.75,21031.0,21071.0,20.0,19.5,19.0,380.0,10.0,0.5,4.0,4.0,0.5,2024-09-02 14:32:00+00:00,2024-09-02 14:32:00+00:00,2024-09-02 14:36:00+00:00,2024-09-02 14:37:00+00:00,momentum_long_open_c3518efb2097,1,market,0.0,5,1,20,20,40235.0
590540,590541,590545,590545,closed,timeout,21077.5,21084.25,21077.75,21084.0,21057.5,21097.5,6.75,6.25,5.75,115.0,10.0,0.5,5.0,5.0,1.25,2024-09-02 14:36:00+00:00,2024-09-02 14:36:00+00:00,2024-09-02 14:41:00+00:00,2024-09-02 14:41:00+00:00,momentum_long_open_c3518efb2097,1,market,0.0,5,1,20,20,40350.0
590547,590548,590552,590552,closed,timeout,21089.25,21093.25,21089.5,21093.0,21069.25,21109.25,4.0,3.5,3.0,60.0,10.0,0.5,5.0,5.0,2.5,2024-09-02 14:43:00+00:00,2024-09-02 14:43:00+00:00,2024-09-02 14:48:00+00:00,2024-09-02 14:48:00+00:00,momentum_long_open_c3518efb2097,1,market,0.0,5,1,20,20,40410.0
592998,592999,592999,592999,closed,stop,20417.75,20397.75,20418.0,20397.5,20397.75,20437.75,-20.0,-20.5,-21.0,-420.0,10.0,0.5,1.0,1.0,32.75,2024-09-04 13:50:00+00:00,2024-09-04 13:50:00+00:00,2024-09-04 13:51:00+00:00,2024-09-04 13:55:00+00:00,momentum_long_open_c3518efb2097,1,market,0.0,5,1,20,20,39990.0
593040,593041,593042,593042,closed,target,20441.25,20461.25,20441.5,20461.0,20421.25,20461.25,20.0,19.5,19.0,380.0,10.0,0.5,2.0,2.0,7.25,2024-09-04 14:32:00+00:00,2024-09-04 14:32:00+00:00,2024-09-04 14:34:00+00:00,2024-09-04 14:37:00+00:00,momentum_long_open_c3518efb2097,1,market,0.0,5,1,20,20,40370.0
593042,593043,593047,593047,closed,timeout,20456.25,20470.0,20456.5,20469.75,20436.25,20476.25,13.75,13.25,12.75,255.0,10.0,0.5,5.0,5.0,9.5,2024-09-04 14:34:00+00:00,2024-09-04 14:34:00+00:00,2024-09-04 14:39:00+00:00,2024-09-04 14:39:00+00:00,momentum_long_open_c3518efb2097,1,market,0.0,5,1,20,20,40625.0
593065,593066,593068,593068,closed,target,20508.5,20528.5,20508.75,20528.25,20488.5,20528.5,20.0,19.5,19.0,380.0,10.0,0.5,3.0,3.0,5.75,2024-09-04 14:57:00+00:00,2024-09-04 14:57:00+00:00,2024-09-04 15:00:00+00:00,2024-09-04 15:02:00+00:00,momentum_long_open_c3518efb2097,1,market,0.0,5,1,20,20,41005.0
594351,594352,594353,594353,closed,target,20419.5,20439.5,20419.75,20439.25,20399.5,20439.5,20.0,19.5,19.0,380.0,10.0,0.5,2.0,2.0,1.75,2024-09-05 13:38:00+00:00,2024-09-05 13:38:00+00:00,2024-09-05 13:40:00+00:00,2024-09-05 13:43:00+00:00,momentum_long_open_c3518efb2097,1,market,0.0,5,1,20,20,41385.0
594353,594354,594358,594358,closed,timeout,20432.25,20427.0,20432.5,20426.75,20412.25,20452.25,-5.25,-5.75,-6.25,-125.0,10.0,0.5,5.0,5.0,18.0,2024-09-05 13:40:00+00:00,2024-09-05 13:40:00+00:00,2024-09-05 13:45:00+00:00,2024-09-05 13:45:00+00:00,momentum_long_open_c3518efb2097,1,market,0.0,5,1,20,20,41260.0
594372,594373,594374,594374,closed,target,20491.75,20511.75,20492.0,20511.5,20471.75,20511.75,20.0,19.5,19.0,380.0,10.0,0.5,2.0,2.0,19.75,2024-09-05 13:59:00+00:00,2024-09-05 13:59:00+00:00,2024-09-05 14:01:00+00:00,2024-09-05 14:04:00+00:00,momentum_long_open_c3518efb2097,1,market,0.0,5,1,20,20,41640.0
594374,594375,594379,594379,closed,stop,20527.0,20507.0,20527.25,20506.75,20507.0,20547.0,-20.0,-20.5,-21.0,-420.0,10.0,0.5,5.0,5.0,24.0,2024-09-05 14:01:00+00:00,2024-09-05 14:01:00+00:00,2024-09-05 14:06:00+00:00,2024-09-05 14:06:00+00:00,momentum_long_open_c3518efb2097,1,market,0.0,5,1,20,20,41220.0
594398,594399,594401,594401,closed,target,20563.25,20583.25,20563.5,20583.0,20543.25,20583.25,20.0,19.5,19.0,380.0,10.0,0.5,3.0,3.0,3.0,2024-09-05 14:25:00+00:00,2024-09-05 14:25:00+00:00,2024-09-05 14:28:00+00:00,2024-09-05 14:30:00+00:00,momentum_long_open_c3518efb2097,1,market,0.0,5,1,20,20,41600.0
594401,594402,594403,594403,closed,stop,20575.0,20555.0,20575.25,20554.75,20555.0,20595.0,-20.0,-20.5,-21.0,-420.0,10.0,0.5,2.0,2.0,48.0,2024-09-05 14:28:00+00:00,2024-09-05 14:28:00+00:00,2024-09-05 14:30:00+00:00,2024-09-05 14:33:00+00:00,momentum_long_open_c3518efb2097,1,market,0.0,5,1,20,20,41180.0
597073,597074,597074,597074,closed,stop,20061.75,20041.75,20062.0,20041.5,20041.75,20081.75,-20.0,-20.5,-21.0,-420.0,10.0,0.5,1.0,1.0,24.25,2024-09-09 13:30:00+00:00,2024-09-09 13:30:00+00:00,2024-09-09 13:31:00+00:00,2024-09-09 13:35:00+00:00,momentum_long_open_c3518efb2097,1,market,0.0,5,1,20,20,40760.0
597077,597078,597082,597082,closed,timeout,20087.5,20088.75,20087.75,20088.5,20067.5,20107.5,1.25,0.75,0.25,5.0,10.0,0.5,5.0,5.0,17.75,2024-09-09 13:34:00+00:00,2024-09-09 13:34:00+00:00,2024-09-09 13:39:00+00:00,2024-09-09 13:39:00+00:00,momentum_long_open_c3518efb2097,1,market,0.0,5,1,20,20,40765.0
597102,597103,597107,597107,closed,timeout,20125.75,20124.0,20126.0,20123.75,20105.75,20145.75,-1.75,-2.25,-2.75,-55.0,10.0,0.5,5.0,5.0,20.0,2024-09-09 13:59:00+00:00,2024-09-09 13:59:00+00:00,2024-09-09 14:04:00+00:00,2024-09-09 14:04:00+00:00,momentum_long_open_c3518efb2097,1,market,0.0,5,1,20,20,40710.0
598441,598442,598442,598442,closed,stop,20253.0,20233.0,20253.25,20232.75,20233.0,20273.0,-20.0,-20.5,-21.0,-420.0,10.0,0.5,1.0,1.0,29.25,2024-09-10 13:33:00+00:00,2024-09-10 13:33:00+00:00,2024-09-10 13:34:00+00:00,2024-09-10 13:38:00+00:00,momentum_long_open_c3518efb2097,1,market,0.0,5,1,20,20,40290.0
601213,601214,601216,601216,closed,target,20744.75,20764.75,20745.0,20764.5,20724.75,20764.75,20.0,19.5,19.0,380.0,10.0,0.5,3.0,3.0,18.25,2024-09-12 14:15:00+00:00,2024-09-12 14:15:00+00:00,2024-09-12 14:18:00+00:00,2024-09-12 14:20:00+00:00,momentum_long_open_c3518efb2097,1,market,0.0,5,1,20,20,40670.0
601216,601217,601221,601221,closed,timeout,20766.0,20775.75,20766.25,20775.5,20746.0,20786.0,9.75,9.25,8.75,175.0,10.0,0.5,5.0,5.0,11.5,2024-09-12 14:18:00+00:00,2024-09-12 14:18:00+00:00,2024-09-12 14:23:00+00:00,2024-09-12 14:23:00+00:00,momentum_long_open_c3518efb2097,1,market,0.0,5,1,20,20,40845.0
601233,601234,601234,601234,closed,stop,20791.75,20771.75,20792.0,20771.5,20771.75,20811.75,-20.0,-20.5,-21.0,-420.0,10.0,0.5,1.0,1.0,99.75,2024-09-12 14:35:00+00:00,2024-09-12 14:35:00+00:00,2024-09-12 14:36:00+00:00,2024-09-12 14:40:00+00:00,momentum_long_open_c3518efb2097,1,market,0.0,5,1,20,20,40425.0
602542,602543,602546,602546,closed,target,20903.5,20923.5,20903.75,20923.25,20883.5,20923.5,20.0,19.5,19.0,380.0,10.0,0.5,4.0,4.0,16.0,2024-09-13 13:40:00+00:00,2024-09-13 13:40:00+00:00,2024-09-13 13:44:00+00:00,2024-09-13 13:45:00+00:00,momentum_long_open_c3518efb2097,1,market,0.0,5,1,20,20,40805.0
602546,602547,602548,602548,closed,stop,20927.5,20907.5,20927.75,20907.25,20907.5,20947.5,-20.0,-20.5,-21.0,-420.0,10.0,0.5,2.0,2.0,24.25,2024-09-13 13:44:00+00:00,2024-09-13 13:44:00+00:00,2024-09-13 13:46:00+00:00,2024-09-13 13:49:00+00:00,momentum_long_open_c3518efb2097,1,market,0.0,5,1,20,20,40385.0
602609,602610,602614,602614,closed,stop,20961.0,20941.0,20961.25,20940.75,20941.0,20981.0,-20.0,-20.5,-21.0,-420.0,10.0,0.5,5.0,5.0,34.75,2024-09-13 14:47:00+00:00,2024-09-13 14:47:00+00:00,2024-09-13 14:52:00+00:00,2024-09-13 14:52:00+00:00,momentum_long_open_c3518efb2097,1,market,0.0,5,1,20,20,39965.0
603912,603913,603914,603914,closed,target,20852.75,20872.75,20853.0,20872.5,20832.75,20872.75,20.0,19.5,19.0,380.0,10.0,0.5,2.0,2.0,14.0,2024-09-16 13:53:00+00:00,2024-09-16 13:53:00+00:00,2024-09-16 13:55:00+00:00,2024-09-16 13:58:00+00:00,momentum_long_open_c3518efb2097,1,market,0.0,5,1,20,20,40345.0
603914,603915,603916,603916,closed,target,20872.0,20892.0,20872.25,20891.75,20852.0,20892.0,20.0,19.5,19.0,380.0,10.0,0.5,2.0,2.0,13.25,2024-09-16 13:55:00+00:00,2024-09-16 13:55:00+00:00,2024-09-16 13:57:00+00:00,2024-09-16 14:00:00+00:00,momentum_long_open_c3518efb2097,1,market,0.0,5,1,20,20,40725.0
603916,603917,603918,603918,closed,stop,20881.5,20861.5,20881.75,20861.25,20861.5,20901.5,-20.0,-20.5,-21.0,-420.0,10.0,0.5,2.0,2.0,22.25,2024-09-16 13:57:00+00:00,2024-09-16 13:57:00+00:00,2024-09-16 13:59:00+00:00,2024-09-16 14:02:00+00:00,momentum_long_open_c3518efb2097,1,market,0.0,5,1,20,20,40305.0
605295,605296,605298,605298,closed,stop,21006.75,20986.75,21007.0,20986.5,20986.75,21026.75,-20.0,-20.5,-21.0,-420.0,10.0,0.5,3.0,3.0,34.0,2024-09-17 14:11:00+00:00,2024-09-17 14:11:00+00:00,2024-09-17 14:14:00+00:00,2024-09-17 14:16:00+00:00,momentum_long_open_c3518efb2097,1,market,0.0,5,1,20,20,39885.0
605329,605330,605330,605330,closed,target,21015.25,21035.25,21015.5,21035.0,20995.25,21035.25,20.0,19.5,19.0,380.0,10.0,0.5,1.0,1.0,2.0,2024-09-17 14:45:00+00:00,2024-09-17 14:45:00+00:00,2024-09-17 14:46:00+00:00,2024-09-17 14:50:00+00:00,momentum_long_open_c3518efb2097,1,market,0.0,5,1,20,20,40265.0
605330,605331,605335,605335,closed,timeout,21038.0,21032.0,21038.25,21031.75,21018.0,21058.0,-6.0,-6.5,-7.0,-140.0,10.0,0.5,5.0,5.0,12.25,2024-09-17 14:46:00+00:00,2024-09-17 14:46:00+00:00,2024-09-17 14:51:00+00:00,2024-09-17 14:51:00+00:00,momentum_long_open_c3518efb2097,1,market,0.0,5,1,20,20,40125.0
606678,606679,606680,606680,closed,stop,20898.0,20878.0,20898.25,20877.75,20878.0,20918.0,-20.0,-20.5,-21.0,-420.0,10.0,0.5,2.0,2.0,22.25,2024-09-18 14:30:00+00:00,2024-09-18 14:30:00+00:00,2024-09-18 14:32:00+00:00,2024-09-18 14:35:00+00:00,momentum_long_open_c3518efb2097,1,market,0.0,5,1,20,20,39705.0
606691,606692,606696,606696,closed,timeout,20912.0,20917.0,20912.25,20916.75,20892.0,20932.0,5.0,4.5,4.0,80.0,10.0,0.5,5.0,5.0,4.75,2024-09-18 14:43:00+00:00,2024-09-18 14:43:00+00:00,2024-09-18 14:48:00+00:00,2024-09-18 14:48:00+00:00,momentum_long_open_c3518efb2097,1,market,0.0,5,1,20,20,39785.0
607983,607984,607985,607985,closed,stop,21250.25,21230.25,21250.5,21230.0,21230.25,21270.25,-20.0,-20.5,-21.0,-420.0,10.0,0.5,2.0,2.0,24.5,2024-09-19 13:30:00+00:00,2024-09-19 13:30:00+00:00,2024-09-19 13:32:00+00:00,2024-09-19 13:35:00+00:00,momentum_long_open_c3518efb2097,1,market,0.0,5,1,20,20,39365.0
608032,608033,608037,608037,closed,timeout,21279.5,21273.5,21279.75,21273.25,21259.5,21299.5,-6.0,-6.5,-7.0,-140.0,10.0,0.5,5.0,5.0,9.75,2024-09-19 14:19:00+00:00,2024-09-19 14:19:00+00:00,2024-09-19 14:24:00+00:00,2024-09-19 14:24:00+00:00,momentum_long_open_c3518efb2097,1,market,0.0,5,1,20,20,39225.0
608040,608041,608041,608041,closed,target,21296.0,21316.0,21296.25,21315.75,21276.0,21316.0,20.0,19.5,19.0,380.0,10.0,0.5,1.0,1.0,1.0,2024-09-19 14:27:00+00:00,2024-09-19 14:27:00+00:00,2024-09-19 14:28:00+00:00,2024-09-19 14:32:00+00:00,momentum_long_open_c3518efb2097,1,market,0.0,5,1,20,20,39605.0
608041,608042,608044,608044,closed,target,21323.75,21343.75,21324.0,21343.5,21303.75,21343.75,20.0,19.5,19.0,380.0,10.0,0.5,3.0,3.0,12.25,2024-09-19 14:28:00+00:00,2024-09-19 14:28:00+00:00,2024-09-19 14:31:00+00:00,2024-09-19 14:33:00+00:00,momentum_long_open_c3518efb2097,1,market,0.0,5,1,20,20,39985.0
608044,608045,608049,608049,closed,timeout,21339.25,21341.25,21339.5,21341.0,21319.25,21359.25,2.0,1.5,1.0,20.0,10.0,0.5,5.0,5.0,3.0,2024-09-19 14:31:00+00:00,2024-09-19 14:31:00+00:00,2024-09-19 14:36:00+00:00,2024-09-19 14:36:00+00:00,momentum_long_open_c3518efb2097,1,market,0.0,5,1,20,20,40005.0
609347,609348,609348,609348,closed,stop,21262.75,21242.75,21263.0,21242.5,21242.75,21282.75,-20.0,-20.5,-21.0,-420.0,10.0,0.5,1.0,1.0,28.0,2024-09-20 13:32:00+00:00,2024-09-20 13:32:00+00:00,2024-09-20 13:33:00+00:00,2024-09-20 13:37:00+00:00,momentum_long_open_c3518efb2097,1,market,0.0,5,1,20,20,39585.0
610764,610765,610767,610767,closed,stop,21307.0,21287.0,21307.25,21286.75,21287.0,21327.0,-20.0,-20.5,-21.0,-420.0,10.0,0.5,3.0,3.0,29.75,2024-09-23 14:24:00+00:00,2024-09-23 14:24:00+00:00,2024-09-23 14:27:00+00:00,2024-09-23 14:29:00+00:00,momentum_long_open_c3518efb2097,1,market,0.0,5,1,20,20,39165.0
612155,612156,612158,612158,closed,target,21216.25,21236.25,21216.5,21236.0,21196.25,21236.25,20.0,19.5,19.0,380.0,10.0,0.5,3.0,3.0,0.25,2024-09-24 14:50:00+00:00,2024-09-24 14:50:00+00:00,2024-09-24 14:53:00+00:00,2024-09-24 14:55:00+00:00,momentum_long_open_c3518efb2097,1,market,0.0,5,1,20,20,39545.0
612158,612159,612163,612163,closed,target,21242.75,21262.75,21243.0,21262.5,21222.75,21262.75,20.0,19.5,19.0,380.0,10.0,0.5,5.0,5.0,4.5,2024-09-24 14:53:00+00:00,2024-09-24 14:53:00+00:00,2024-09-24 14:58:00+00:00,2024-09-24 14:58:00+00:00,momentum_long_open_c3518efb2097,1,market,0.0,5,1,20,20,39925.0
612163,612164,612168,612168,closed,timeout,21265.75,21269.5,21266.0,21269.25,21245.75,21285.75,3.75,3.25,2.75,55.0,10.0,0.5,5.0,5.0,3.75,2024-09-24 14:58:00+00:00,2024-09-24 14:58:00+00:00,2024-09-24 15:03:00+00:00,2024-09-24 15:03:00+00:00,momentum_long_open_c3518efb2097,1,market,0.0,5,1,20,20,39980.0
613442,613443,613444,613444,closed,target,21367.5,21387.5,21367.75,21387.25,21347.5,21387.5,20.0,19.5,19.0,380.0,10.0,0.5,2.0,2.0,7.75,2024-09-25 13:32:00+00:00,2024-09-25 13:32:00+00:00,2024-09-25 13:34:00+00:00,2024-09-25 13:37:00+00:00,momentum_long_open_c3518efb2097,1,market,0.0,5,1,20,20,40360.0
613444,613445,613449,613449,closed,timeout,21387.0,21382.25,21387.25,21382.0,21367.0,21407.0,-4.75,-5.25,-5.75,-115.0,10.0,0.5,5.0,5.0,6.25,2024-09-25 13:34:00+00:00,2024-09-25 13:34:00+00:00,2024-09-25 13:39:00+00:00,2024-09-25 13:39:00+00:00,momentum_long_open_c3518efb2097,1,market,0.0,5,1,20,20,40245.0
613467,613468,613471,613471,closed,target,21418.25,21438.25,21418.5,21438.0,21398.25,21438.25,20.0,19.5,19.0,380.0,10.0,0.5,4.0,4.0,7.75,2024-09-25 13:57:00+00:00,2024-09-25 13:57:00+00:00,2024-09-25 14:01:00+00:00,2024-09-25 14:02:00+00:00,momentum_long_open_c3518efb2097,1,market,0.0,5,1,20,20,40625.0
613471,613472,613476,613476,closed,timeout,21430.25,21437.25,21430.5,21437.0,21410.25,21450.25,7.0,6.5,6.0,120.0,10.0,0.5,5.0,5.0,9.0,2024-09-25 14:01:00+00:00,2024-09-25 14:01:00+00:00,2024-09-25 14:06:00+00:00,2024-09-25 14:06:00+00:00,momentum_long_open_c3518efb2097,1,market,0.0,5,1,20,20,40745.0
613479,613480,613484,613484,closed,timeout,21448.0,21450.75,21448.25,21450.5,21428.0,21468.0,2.75,2.25,1.75,35.0,10.0,0.5,5.0,5.0,10.0,2024-09-25 14:09:00+00:00,2024-09-25 14:09:00+00:00,2024-09-25 14:14:00+00:00,2024-09-25 14:14:00+00:00,momentum_long_open_c3518efb2097,1,market,0.0,5,1,20,20,40780.0
613485,613486,613490,613490,closed,timeout,21459.5,21464.75,21459.75,21464.5,21439.5,21479.5,5.25,4.75,4.25,85.0,10.0,0.5,5.0,5.0,7.0,2024-09-25 14:15:00+00:00,2024-09-25 14:15:00+00:00,2024-09-25 14:20:00+00:00,2024-09-25 14:20:00+00:00,momentum_long_open_c3518efb2097,1,market,0.0,5,1,20,20,40865.0
617537,617538,617542,617542,closed,target,21418.25,21438.25,21418.5,21438.0,21398.25,21438.25,20.0,19.5,19.0,380.0,10.0,0.5,5.0,5.0,8.5,2024-09-30 13:32:00+00:00,2024-09-30 13:32:00+00:00,2024-09-30 13:37:00+00:00,2024-09-30 13:37:00+00:00,momentum_long_open_c3518efb2097,1,market,0.0,5,1,20,20,41245.0
617542,617543,617547,617547,closed,stop,21451.75,21431.75,21452.0,21431.5,21431.75,21471.75,-20.0,-20.5,-21.0,-420.0,10.0,0.5,5.0,5.0,24.75,2024-09-30 13:37:00+00:00,2024-09-30 13:37:00+00:00,2024-09-30 13:42:00+00:00,2024-09-30 13:42:00+00:00,momentum_long_open_c3518efb2097,1,market,0.0,5,1,20,20,40825.0
620298,620299,620302,620302,closed,stop,21153.25,21133.25,21153.5,21133.0,21133.25,21173.25,-20.0,-20.5,-21.0,-420.0,10.0,0.5,4.0,4.0,27.75,2024-10-02 14:03:00+00:00,2024-10-02 14:03:00+00:00,2024-10-02 14:07:00+00:00,2024-10-02 14:08:00+00:00,momentum_long_open_c3518efb2097,1,market,0.0,5,1,20,20,40405.0
620315,620316,620317,620317,closed,stop,21195.75,21175.75,21196.0,21175.5,21175.75,21215.75,-20.0,-20.5,-21.0,-420.0,10.0,0.5,2.0,2.0,24.0,2024-10-02 14:20:00+00:00,2024-10-02 14:20:00+00:00,2024-10-02 14:22:00+00:00,2024-10-02 14:25:00+00:00,momentum_long_open_c3518efb2097,1,market,0.0,5,1,20,20,39985.0
620345,620346,620347,620347,closed,stop,21249.5,21229.5,21249.75,21229.25,21229.5,21269.5,-20.0,-20.5,-21.0,-420.0,10.0,0.5,2.0,2.0,32.75,2024-10-02 14:50:00+00:00,2024-10-02 14:50:00+00:00,2024-10-02 14:52:00+00:00,2024-10-02 14:55:00+00:00,momentum_long_open_c3518efb2097,1,market,0.0,5,1,20,20,39565.0
621634,621635,621636,621636,closed,target,21158.25,21178.25,21158.5,21178.0,21138.25,21178.25,20.0,19.5,19.0,380.0,10.0,0.5,2.0,2.0,9.5,2024-10-03 13:34:00+00:00,2024-10-03 13:34:00+00:00,2024-10-03 13:36:00+00:00,2024-10-03 13:39:00+00:00,momentum_long_open_c3518efb2097,1,market,0.0,5,1,20,20,39945.0
621636,621637,621641,621641,closed,stop,21174.25,21154.25,21174.5,21154.0,21154.25,21194.25,-20.0,-20.5,-21.0,-420.0,10.0,0.5,5.0,5.0,28.25,2024-10-03 13:36:00+00:00,2024-10-03 13:36:00+00:00,2024-10-03 13:41:00+00:00,2024-10-03 13:41:00+00:00,momentum_long_open_c3518efb2097,1,market,0.0,5,1,20,20,39525.0
621643,621644,621646,621646,closed,stop,21200.75,21180.75,21201.0,21180.5,21180.75,21220.75,-20.0,-20.5,-21.0,-420.0,10.0,0.5,3.0,3.0,20.75,2024-10-03 13:43:00+00:00,2024-10-03 13:43:00+00:00,2024-10-03 13:46:00+00:00,2024-10-03 13:48:00+00:00,momentum_long_open_c3518efb2097,1,market,0.0,5,1,20,20,39105.0
621658,621659,621661,621661,closed,target,21234.0,21254.0,21234.25,21253.75,21214.0,21254.0,20.0,19.5,19.0,380.0,10.0,0.5,3.0,3.0,14.25,2024-10-03 13:58:00+00:00,2024-10-03 13:58:00+00:00,2024-10-03 14:01:00+00:00,2024-10-03 14:03:00+00:00,momentum_long_open_c3518efb2097,1,market,0.0,5,1,20,20,39485.0
621661,621662,621663,621663,closed,target,21253.0,21273.0,21253.25,21272.75,21233.0,21273.0,20.0,19.5,19.0,380.0,10.0,0.5,2.0,2.0,11.5,2024-10-03 14:01:00+00:00,2024-10-03 14:01:00+00:00,2024-10-03 14:03:00+00:00,2024-10-03 14:06:00+00:00,momentum_long_open_c3518efb2097,1,market,0.0,5,1,20,20,39865.0
621663,621664,621665,621665,closed,target,21263.5,21283.5,21263.75,21283.25,21243.5,21283.5,20.0,19.5,19.0,380.0,10.0,0.5,2.0,2.0,12.25,2024-10-03 14:03:00+00:00,2024-10-03 14:03:00+00:00,2024-10-03 14:05:00+00:00,2024-10-03 14:08:00+00:00,momentum_long_open_c3518efb2097,1,market,0.0,5,1,20,20,40245.0
621665,621666,621667,621667,closed,target,21288.5,21308.5,21288.75,21308.25,21268.5,21308.5,20.0,19.5,19.0,380.0,10.0,0.5,2.0,2.0,1.5,2024-10-03 14:05:00+00:00,2024-10-03 14:05:00+00:00,2024-10-03 14:07:00+00:00,2024-10-03 14:10:00+00:00,momentum_long_open_c3518efb2097,1,market,0.0,5,1,20,20,40625.0
621667,621668,621672,621672,closed,timeout,21300.75,21294.0,21301.0,21293.75,21280.75,21320.75,-6.75,-7.25,-7.75,-155.0,10.0,0.5,5.0,5.0,14.0,2024-10-03 14:07:00+00:00,2024-10-03 14:07:00+00:00,2024-10-03 14:12:00+00:00,2024-10-03 14:12:00+00:00,momentum_long_open_c3518efb2097,1,market,0.0,5,1,20,20,40470.0
623078,623079,623083,623083,closed,timeout,21310.0,21299.5,21310.25,21299.25,21290.0,21330.0,-10.5,-11.0,-11.5,-230.0,10.0,0.5,5.0,5.0,17.5,2024-10-04 14:53:00+00:00,2024-10-04 14:53:00+00:00,2024-10-04 14:58:00+00:00,2024-10-04 14:58:00+00:00,momentum_long_open_c3518efb2097,1,market,0.0,5,1,20,20,40240.0
624409,624410,624414,624414,closed,timeout,21360.75,21361.5,21361.0,21361.25,21340.75,21380.75,0.75,0.25,-0.25,-5.0,10.0,0.5,5.0,5.0,10.25,2024-10-07 14:19:00+00:00,2024-10-07 14:19:00+00:00,2024-10-07 14:24:00+00:00,2024-10-07 14:24:00+00:00,momentum_long_open_c3518efb2097,1,market,0.0,5,1,20,20,40235.0
625725,625726,625726,625726,closed,stop,21301.5,21281.5,21301.75,21281.25,21281.5,21321.5,-20.0,-20.5,-21.0,-420.0,10.0,0.5,1.0,1.0,21.75,2024-10-08 13:30:00+00:00,2024-10-08 13:30:00+00:00,2024-10-08 13:31:00+00:00,2024-10-08 13:35:00+00:00,momentum_long_open_c3518efb2097,1,market,0.0,5,1,20,20,39815.0
625751,625752,625756,625756,closed,target,21343.5,21363.5,21343.75,21363.25,21323.5,21363.5,20.0,19.5,19.0,380.0,10.0,0.5,5.0,5.0,9.75,2024-10-08 13:56:00+00:00,2024-10-08 13:56:00+00:00,2024-10-08 14:01:00+00:00,2024-10-08 14:01:00+00:00,momentum_long_open_c3518efb2097,1,market,0.0,5,1,20,20,40195.0
625756,625757,625761,625761,closed,timeout,21390.0,21391.0,21390.25,21390.75,21370.0,21410.0,1.0,0.5,0.0,0.0,10.0,0.5,5.0,5.0,13.5,2024-10-08 14:01:00+00:00,2024-10-08 14:01:00+00:00,2024-10-08 14:06:00+00:00,2024-10-08 14:06:00+00:00,momentum_long_open_c3518efb2097,1,market,0.0,5,1,20,20,40195.0
625790,625791,625795,625795,closed,timeout,21406.25,21400.5,21406.5,21400.25,21386.25,21426.25,-5.75,-6.25,-6.75,-135.0,10.0,0.5,5.0,5.0,13.0,2024-10-08 14:35:00+00:00,2024-10-08 14:35:00+00:00,2024-10-08 14:40:00+00:00,2024-10-08 14:40:00+00:00,momentum_long_open_c3518efb2097,1,market,0.0,5,1,20,20,40060.0
625798,625799,625799,625799,closed,stop,21449.75,21429.75,21450.0,21429.5,21429.75,21469.75,-20.0,-20.5,-21.0,-420.0,10.0,0.5,1.0,1.0,20.25,2024-10-08 14:43:00+00:00,2024-10-08 14:43:00+00:00,2024-10-08 14:44:00+00:00,2024-10-08 14:48:00+00:00,momentum_long_open_c3518efb2097,1,market,0.0,5,1,20,20,39640.0
625799,625800,625802,625802,closed,target,21439.75,21459.75,21440.0,21459.5,21419.75,21459.75,20.0,19.5,19.0,380.0,10.0,0.5,3.0,3.0,7.0,2024-10-08 14:44:00+00:00,2024-10-08 14:44:00+00:00,2024-10-08 14:47:00+00:00,2024-10-08 14:49:00+00:00,momentum_long_open_c3518efb2097,1,market,0.0,5,1,20,20,40020.0
625802,625803,625807,625807,closed,stop,21461.0,21441.0,21461.25,21440.75,21441.0,21481.0,-20.0,-20.5,-21.0,-420.0,10.0,0.5,5.0,5.0,25.25,2024-10-08 14:47:00+00:00,2024-10-08 14:47:00+00:00,2024-10-08 14:52:00+00:00,2024-10-08 14:52:00+00:00,momentum_long_open_c3518efb2097,1,market,0.0,5,1,20,20,39600.0
627128,627129,627130,627130,closed,stop,21496.0,21476.0,21496.25,21475.75,21476.0,21516.0,-20.0,-20.5,-21.0,-420.0,10.0,0.5,2.0,2.0,25.5,2024-10-09 14:08:00+00:00,2024-10-09 14:08:00+00:00,2024-10-09 14:10:00+00:00,2024-10-09 14:13:00+00:00,momentum_long_open_c3518efb2097,1,market,0.0,5,1,20,20,39180.0
627140,627141,627145,627145,closed,timeout,21518.75,21530.25,21519.0,21530.0,21498.75,21538.75,11.5,11.0,10.5,210.0,10.0,0.5,5.0,5.0,13.5,2024-10-09 14:20:00+00:00,2024-10-09 14:20:00+00:00,2024-10-09 14:25:00+00:00,2024-10-09 14:25:00+00:00,momentum_long_open_c3518efb2097,1,market,0.0,5,1,20,20,39390.0
627148,627149,627153,627153,closed,timeout,21543.75,21546.5,21544.0,21546.25,21523.75,21563.75,2.75,2.25,1.75,35.0,10.0,0.5,5.0,5.0,15.75,2024-10-09 14:28:00+00:00,2024-10-09 14:28:00+00:00,2024-10-09 14:33:00+00:00,2024-10-09 14:33:00+00:00,momentum_long_open_c3518efb2097,1,market,0.0,5,1,20,20,39425.0
627178,627179,627181,627181,closed,target,21546.5,21566.5,21546.75,21566.25,21526.5,21566.5,20.0,19.5,19.0,380.0,10.0,0.5,3.0,3.0,3.5,2024-10-09 14:58:00+00:00,2024-10-09 14:58:00+00:00,2024-10-09 15:01:00+00:00,2024-10-09 15:03:00+00:00,momentum_long_open_c3518efb2097,1,market,0.0,5,1,20,20,39805.0
629840,629841,629845,629845,closed,timeout,21555.75,21553.25,21556.0,21553.0,21535.75,21575.75,-2.5,-3.0,-3.5,-70.0,10.0,0.5,5.0,5.0,11.25,2024-10-11 13:50:00+00:00,2024-10-11 13:50:00+00:00,2024-10-11 13:55:00+00:00,2024-10-11 13:55:00+00:00,momentum_long_open_c3518efb2097,1,market,0.0,5,1,20,20,39735.0
629858,629859,629861,629861,closed,target,21599.5,21619.5,21599.75,21619.25,21579.5,21619.5,20.0,19.5,19.0,380.0,10.0,0.5,3.0,3.0,7.5,2024-10-11 14:08:00+00:00,2024-10-11 14:08:00+00:00,2024-10-11 14:11:00+00:00,2024-10-11 14:13:00+00:00,momentum_long_open_c3518efb2097,1,market,0.0,5,1,20,20,40115.0
629861,629862,629865,629865,closed,target,21617.0,21637.0,21617.25,21636.75,21597.0,21637.0,20.0,19.5,19.0,380.0,10.0,0.5,4.0,4.0,1.5,2024-10-11 14:11:00+00:00,2024-10-11 14:11:00+00:00,2024-10-11 14:15:00+00:00,2024-10-11 14:16:00+00:00,momentum_long_open_c3518efb2097,1,market,0.0,5,1,20,20,40495.0
629865,629866,629870,629870,closed,timeout,21635.25,21646.0,21635.5,21645.75,21615.25,21655.25,10.75,10.25,9.75,195.0,10.0,0.5,5.0,5.0,7.0,2024-10-11 14:15:00+00:00,2024-10-11 14:15:00+00:00,2024-10-11 14:20:00+00:00,2024-10-11 14:20:00+00:00,momentum_long_open_c3518efb2097,1,market,0.0,5,1,20,20,40690.0
629877,629878,629882,629882,closed,timeout,21666.75,21657.25,21667.0,21657.0,21646.75,21686.75,-9.5,-10.0,-10.5,-210.0,10.0,0.5,5.0,5.0,16.5,2024-10-11 14:27:00+00:00,2024-10-11 14:27:00+00:00,2024-10-11 14:32:00+00:00,2024-10-11 14:32:00+00:00,momentum_long_open_c3518efb2097,1,market,0.0,5,1,20,20,40480.0
631190,631191,631194,631194,closed,target,21778.75,21798.75,21779.0,21798.5,21758.75,21798.75,20.0,19.5,19.0,380.0,10.0,0.5,4.0,4.0,3.75,2024-10-14 13:35:00+00:00,2024-10-14 13:35:00+00:00,2024-10-14 13:39:00+00:00,2024-10-14 13:40:00+00:00,momentum_long_open_c3518efb2097,1,market,0.0,5,1,20,20,40860.0
631194,631195,631199,631199,closed,timeout,21787.25,21802.0,21787.5,21801.75,21767.25,21807.25,14.75,14.25,13.75,275.0,10.0,0.5,5.0,5.0,10.0,2024-10-14 13:39:00+00:00,2024-10-14 13:39:00+00:00,2024-10-14 13:44:00+00:00,2024-10-14 13:44:00+00:00,momentum_long_open_c3518efb2097,1,market,0.0,5,1,20,20,41135.0
631203,631204,631206,631206,closed,target,21822.5,21842.5,21822.75,21842.25,21802.5,21842.5,20.0,19.5,19.0,380.0,10.0,0.5,3.0,3.0,7.25,2024-10-14 13:48:00+00:00,2024-10-14 13:48:00+00:00,2024-10-14 13:51:00+00:00,2024-10-14 13:53:00+00:00,momentum_long_open_c3518efb2097,1,market,0.0,5,1,20,20,41515.0
631206,631207,631211,631211,closed,timeout,21844.5,21838.5,21844.75,21838.25,21824.5,21864.5,-6.0,-6.5,-7.0,-140.0,10.0,0.5,5.0,5.0,14.0,2024-10-14 13:51:00+00:00,2024-10-14 13:51:00+00:00,2024-10-14 13:56:00+00:00,2024-10-14 13:56:00+00:00,momentum_long_open_c3518efb2097,1,market,0.0,5,1,20,20,41375.0
631213,631214,631218,631218,closed,timeout,21861.25,21861.0,21861.5,21860.75,21841.25,21881.25,-0.25,-0.75,-1.25,-25.0,10.0,0.5,5.0,5.0,6.5,2024-10-14 13:58:00+00:00,2024-10-14 13:58:00+00:00,2024-10-14 14:03:00+00:00,2024-10-14 14:03:00+00:00,momentum_long_open_c3518efb2097,1,market,0.0,5,1,20,20,41350.0
632637,632638,632638,632638,closed,stop,21640.5,21620.5,21640.75,21620.25,21620.5,21660.5,-20.0,-20.5,-21.0,-420.0,10.0,0.5,1.0,1.0,23.0,2024-10-15 14:57:00+00:00,2024-10-15 14:57:00+00:00,2024-10-15 14:58:00+00:00,2024-10-15 15:02:00+00:00,momentum_long_open_c3518efb2097,1,market,0.0,5,1,20,20,40930.0
633955,633956,633960,633960,closed,target,21484.5,21504.5,21484.75,21504.25,21464.5,21504.5,20.0,19.5,19.0,380.0,10.0,0.5,5.0,5.0,9.25,2024-10-16 14:10:00+00:00,2024-10-16 14:10:00+00:00,2024-10-16 14:15:00+00:00,2024-10-16 14:15:00+00:00,momentum_long_open_c3518efb2097,1,market,0.0,5,1,20,20,41310.0
633960,633961,633964,633964,closed,stop,21501.0,21481.0,21501.25,21480.75,21481.0,21521.0,-20.0,-20.5,-21.0,-420.0,10.0,0.5,4.0,4.0,21.0,2024-10-16 14:15:00+00:00,2024-10-16 14:15:00+00:00,2024-10-16 14:19:00+00:00,2024-10-16 14:20:00+00:00,momentum_long_open_c3518efb2097,1,market,0.0,5,1,20,20,40890.0
633971,633972,633976,633976,closed,timeout,21537.75,21538.75,21538.0,21538.5,21517.75,21557.75,1.0,0.5,0.0,0.0,10.0,0.5,5.0,5.0,16.5,2024-10-16 14:26:00+00:00,2024-10-16 14:26:00+00:00,2024-10-16 14:31:00+00:00,2024-10-16 14:31:00+00:00,momentum_long_open_c3518efb2097,1,market,0.0,5,1,20,20,40890.0
635331,635332,635336,635336,closed,timeout,21645.5,21657.25,21645.75,21657.0,21625.5,21665.5,11.75,11.25,10.75,215.0,10.0,0.5,5.0,5.0,2.0,2024-10-17 14:22:00+00:00,2024-10-17 14:22:00+00:00,2024-10-17 14:27:00+00:00,2024-10-17 14:27:00+00:00,momentum_long_open_c3518efb2097,1,market,0.0,5,1,20,20,41105.0
638010,638011,638012,638012,closed,stop,21652.5,21632.5,21652.75,21632.25,21632.5,21672.5,-20.0,-20.5,-21.0,-420.0,10.0,0.5,2.0,2.0,32.0,2024-10-21 13:31:00+00:00,2024-10-21 13:31:00+00:00,2024-10-21 13:33:00+00:00,2024-10-21 13:36:00+00:00,momentum_long_open_c3518efb2097,1,market,0.0,5,1,20,20,40685.0
638016,638017,638019,638019,closed,stop,21679.5,21659.5,21679.75,21659.25,21659.5,21699.5,-20.0,-20.5,-21.0,-420.0,10.0,0.5,3.0,3.0,20.25,2024-10-21 13:37:00+00:00,2024-10-21 13:37:00+00:00,2024-10-21 13:40:00+00:00,2024-10-21 13:42:00+00:00,momentum_long_open_c3518efb2097,1,market,0.0,5,1,20,20,40265.0
638047,638048,638052,638052,closed,timeout,21726.75,21720.5,21727.0,21720.25,21706.75,21746.75,-6.25,-6.75,-7.25,-145.0,10.0,0.5,5.0,5.0,9.0,2024-10-21 14:08:00+00:00,2024-10-21 14:08:00+00:00,2024-10-21 14:13:00+00:00,2024-10-21 14:13:00+00:00,momentum_long_open_c3518efb2097,1,market,0.0,5,1,20,20,40120.0
639386,639387,639390,639390,closed,target,21650.5,21670.5,21650.75,21670.25,21630.5,21670.5,20.0,19.5,19.0,380.0,10.0,0.5,4.0,4.0,12.25,2024-10-22 13:43:00+00:00,2024-10-22 13:43:00+00:00,2024-10-22 13:47:00+00:00,2024-10-22 13:48:00+00:00,momentum_long_open_c3518efb2097,1,market,0.0,5,1,20,20,40500.0
639390,639391,639395,639395,closed,stop,21657.0,21637.0,21657.25,21636.75,21637.0,21677.0,-20.0,-20.5,-21.0,-420.0,10.0,0.5,5.0,5.0,26.0,2024-10-22 13:47:00+00:00,2024-10-22 13:47:00+00:00,2024-10-22 13:52:00+00:00,2024-10-22 13:52:00+00:00,momentum_long_open_c3518efb2097,1,market,0.0,5,1,20,20,40080.0
639410,639411,639414,639414,closed,stop,21702.0,21682.0,21702.25,21681.75,21682.0,21722.0,-20.0,-20.5,-21.0,-420.0,10.0,0.5,4.0,4.0,21.75,2024-10-22 14:07:00+00:00,2024-10-22 14:07:00+00:00,2024-10-22 14:11:00+00:00,2024-10-22 14:12:00+00:00,momentum_long_open_c3518efb2097,1,market,0.0,5,1,20,20,39660.0
640798,640799,640803,640803,closed,target,21616.5,21636.5,21616.75,21636.25,21596.5,21636.5,20.0,19.5,19.0,380.0,10.0,0.5,5.0,5.0,9.25,2024-10-23 14:30:00+00:00,2024-10-23 14:30:00+00:00,2024-10-23 14:35:00+00:00,2024-10-23 14:35:00+00:00,momentum_long_open_c3518efb2097,1,market,0.0,5,1,20,20,40040.0
640803,640804,640808,640808,closed,timeout,21638.25,21631.0,21638.5,21630.75,21618.25,21658.25,-7.25,-7.75,-8.25,-165.0,10.0,0.5,5.0,5.0,18.5,2024-10-23 14:35:00+00:00,2024-10-23 14:35:00+00:00,2024-10-23 14:40:00+00:00,2024-10-23 14:40:00+00:00,momentum_long_open_c3518efb2097,1,market,0.0,5,1,20,20,39875.0
642136,642137,642138,642138,closed,stop,21569.5,21549.5,21569.75,21549.25,21549.5,21589.5,-20.0,-20.5,-21.0,-420.0,10.0,0.5,2.0,2.0,38.5,2024-10-24 14:03:00+00:00,2024-10-24 14:03:00+00:00,2024-10-24 14:05:00+00:00,2024-10-24 14:08:00+00:00,momentum_long_open_c3518efb2097,1,market,0.0,5,1,20,20,39455.0
642171,642172,642176,642176,closed,timeout,21568.75,21563.75,21569.0,21563.5,21548.75,21588.75,-5.0,-5.5,-6.0,-120.0,10.0,0.5,5.0,5.0,13.25,2024-10-24 14:38:00+00:00,2024-10-24 14:38:00+00:00,2024-10-24 14:43:00+00:00,2024-10-24 14:43:00+00:00,momentum_long_open_c3518efb2097,1,market,0.0,5,1,20,20,39335.0
643473,643474,643474,643474,closed,target,21733.75,21753.75,21734.0,21753.5,21713.75,21753.75,20.0,19.5,19.0,380.0,10.0,0.5,1.0,1.0,1.25,2024-10-25 13:35:00+00:00,2024-10-25 13:35:00+00:00,2024-10-25 13:36:00+00:00,2024-10-25 13:40:00+00:00,momentum_long_open_c3518efb2097,1,market,0.0,5,1,20,20,39715.0
643474,643475,643479,643479,closed,timeout,21756.75,21746.75,21757.0,21746.5,21736.75,21776.75,-10.0,-10.5,-11.0,-220.0,10.0,0.5,5.0,5.0,14.25,2024-10-25 13:36:00+00:00,2024-10-25 13:36:00+00:00,2024-10-25 13:41:00+00:00,2024-10-25 13:41:00+00:00,momentum_long_open_c3518efb2097,1,market,0.0,5,1,20,20,39495.0
643482,643483,643485,643485,closed,target,21780.75,21800.75,21781.0,21800.5,21760.75,21800.75,20.0,19.5,19.0,380.0,10.0,0.5,3.0,3.0,5.25,2024-10-25 13:44:00+00:00,2024-10-25 13:44:00+00:00,2024-10-25 13:47:00+00:00,2024-10-25 13:49:00+00:00,momentum_long_open_c3518efb2097,1,market,0.0,5,1,20,20,39875.0
643485,643486,643490,643490,closed,timeout,21803.75,21817.5,21804.0,21817.25,21783.75,21823.75,13.75,13.25,12.75,255.0,10.0,0.5,5.0,5.0,2.25,2024-10-25 13:47:00+00:00,2024-10-25 13:47:00+00:00,2024-10-25 13:52:00+00:00,2024-10-25 13:52:00+00:00,momentum_long_open_c3518efb2097,1,market,0.0,5,1,20,20,40130.0
643493,643494,643495,643495,closed,target,21828.25,21848.25,21828.5,21848.0,21808.25,21848.25,20.0,19.5,19.0,380.0,10.0,0.5,2.0,2.0,3.25,2024-10-25 13:55:00+00:00,2024-10-25 13:55:00+00:00,2024-10-25 13:57:00+00:00,2024-10-25 14:00:00+00:00,momentum_long_open_c3518efb2097,1,market,0.0,5,1,20,20,40510.0
643495,643496,643500,643500,closed,target,21848.75,21868.75,21849.0,21868.5,21828.75,21868.75,20.0,19.5,19.0,380.0,10.0,0.5,5.0,5.0,6.0,2024-10-25 13:57:00+00:00,2024-10-25 13:57:00+00:00,2024-10-25 14:02:00+00:00,2024-10-25 14:02:00+00:00,momentum_long_open_c3518efb2097,1,market,0.0,5,1,20,20,40890.0
643500,643501,643504,643504,closed,stop,21880.0,21860.0,21880.25,21859.75,21860.0,21900.0,-20.0,-20.5,-21.0,-420.0,10.0,0.5,4.0,4.0,27.0,2024-10-25 14:02:00+00:00,2024-10-25 14:02:00+00:00,2024-10-25 14:06:00+00:00,2024-10-25 14:07:00+00:00,momentum_long_open_c3518efb2097,1,market,0.0,5,1,20,20,40470.0
643522,643523,643525,643525,closed,stop,21898.25,21878.25,21898.5,21878.0,21878.25,21918.25,-20.0,-20.5,-21.0,-420.0,10.0,0.5,3.0,3.0,28.25,2024-10-25 14:24:00+00:00,2024-10-25 14:24:00+00:00,2024-10-25 14:27:00+00:00,2024-10-25 14:29:00+00:00,momentum_long_open_c3518efb2097,1,market,0.0,5,1,20,20,40050.0
644885,644886,644890,644890,closed,timeout,21790.0,21795.0,21790.25,21794.75,21770.0,21810.0,5.0,4.5,4.0,80.0,10.0,0.5,5.0,5.0,17.25,2024-10-28 14:22:00+00:00,2024-10-28 14:22:00+00:00,2024-10-28 14:27:00+00:00,2024-10-28 14:27:00+00:00,momentum_long_open_c3518efb2097,1,market,0.0,5,1,20,20,40130.0
646198,646199,646199,646199,closed,stop,21709.0,21689.0,21709.25,21688.75,21689.0,21729.0,-20.0,-20.5,-21.0,-420.0,10.0,0.5,1.0,1.0,20.75,2024-10-29 13:30:00+00:00,2024-10-29 13:30:00+00:00,2024-10-29 13:31:00+00:00,2024-10-29 13:35:00+00:00,momentum_long_open_c3518efb2097,1,market,0.0,5,1,20,20,39710.0
646227,646228,646229,646229,closed,stop,21714.25,21694.25,21714.5,21694.0,21694.25,21734.25,-20.0,-20.5,-21.0,-420.0,10.0,0.5,2.0,2.0,21.75,2024-10-29 13:59:00+00:00,2024-10-29 13:59:00+00:00,2024-10-29 14:01:00+00:00,2024-10-29 14:04:00+00:00,momentum_long_open_c3518efb2097,1,market,0.0,5,1,20,20,39290.0
646234,646235,646238,646238,closed,stop,21731.5,21711.5,21731.75,21711.25,21711.5,21751.5,-20.0,-20.5,-21.0,-420.0,10.0,0.5,4.0,4.0,21.25,2024-10-29 14:06:00+00:00,2024-10-29 14:06:00+00:00,2024-10-29 14:10:00+00:00,2024-10-29 14:11:00+00:00,momentum_long_open_c3518efb2097,1,market,0.0,5,1,20,20,38870.0
646253,646254,646256,646256,closed,stop,21786.0,21766.0,21786.25,21765.75,21766.0,21806.0,-20.0,-20.5,-21.0,-420.0,10.0,0.5,3.0,3.0,47.5,2024-10-29 14:25:00+00:00,2024-10-29 14:25:00+00:00,2024-10-29 14:28:00+00:00,2024-10-29 14:30:00+00:00,momentum_long_open_c3518efb2097,1,market,0.0,5,1,20,20,38450.0
646286,646287,646291,646291,closed,timeout,21796.5,21799.25,21796.75,21799.0,21776.5,21816.5,2.75,2.25,1.75,35.0,10.0,0.5,5.0,5.0,15.25,2024-10-29 14:58:00+00:00,2024-10-29 14:58:00+00:00,2024-10-29 15:03:00+00:00,2024-10-29 15:03:00+00:00,momentum_long_open_c3518efb2097,1,market,0.0,5,1,20,20,38485.0
647593,647594,647596,647596,closed,target,21829.75,21849.75,21830.0,21849.5,21809.75,21849.75,20.0,19.5,19.0,380.0,10.0,0.5,3.0,3.0,3.25,2024-10-30 14:00:00+00:00,2024-10-30 14:00:00+00:00,2024-10-30 14:03:00+00:00,2024-10-30 14:05:00+00:00,momentum_long_open_c3518efb2097,1,market,0.0,5,1,20,20,38865.0
647596,647597,647601,647601,closed,timeout,21847.25,21858.5,21847.5,21858.25,21827.25,21867.25,11.25,10.75,10.25,205.0,10.0,0.5,5.0,5.0,6.75,2024-10-30 14:03:00+00:00,2024-10-30 14:03:00+00:00,2024-10-30 14:08:00+00:00,2024-10-30 14:08:00+00:00,momentum_long_open_c3518efb2097,1,market,0.0,5,1,20,20,39070.0
650307,650308,650309,650309,closed,stop,21354.0,21334.0,21354.25,21333.75,21334.0,21374.0,-20.0,-20.5,-21.0,-420.0,10.0,0.5,2.0,2.0,21.0,2024-11-01 13:44:00+00:00,2024-11-01 13:44:00+00:00,2024-11-01 13:46:00+00:00,2024-11-01 13:49:00+00:00,momentum_long_open_c3518efb2097,1,market,0.0,5,1,20,20,38650.0
650320,650321,650325,650325,closed,timeout,21370.25,21362.5,21370.5,21362.25,21350.25,21390.25,-7.75,-8.25,-8.75,-175.0,10.0,0.5,5.0,5.0,18.5,2024-11-01 13:57:00+00:00,2024-11-01 13:57:00+00:00,2024-11-01 14:02:00+00:00,2024-11-01 14:02:00+00:00,momentum_long_open_c3518efb2097,1,market,0.0,5,1,20,20,38475.0
650337,650338,650339,650339,closed,target,21411.25,21431.25,21411.5,21431.0,21391.25,21431.25,20.0,19.5,19.0,380.0,10.0,0.5,2.0,2.0,6.25,2024-11-01 14:14:00+00:00,2024-11-01 14:14:00+00:00,2024-11-01 14:16:00+00:00,2024-11-01 14:19:00+00:00,momentum_long_open_c3518efb2097,1,market,0.0,5,1,20,20,38855.0
650339,650340,650344,650344,closed,timeout,21429.5,21430.0,21429.75,21429.75,21409.5,21449.5,0.5,0.0,-0.5,-10.0,10.0,0.5,5.0,5.0,17.75,2024-11-01 14:16:00+00:00,2024-11-01 14:16:00+00:00,2024-11-01 14:21:00+00:00,2024-11-01 14:21:00+00:00,momentum_long_open_c3518efb2097,1,market,0.0,5,1,20,20,38845.0
650353,650354,650357,650357,closed,stop,21468.75,21448.75,21469.0,21448.5,21448.75,21488.75,-20.0,-20.5,-21.0,-420.0,10.0,0.5,4.0,4.0,22.5,2024-11-01 14:30:00+00:00,2024-11-01 14:30:00+00:00,2024-11-01 14:34:00+00:00,2024-11-01 14:35:00+00:00,momentum_long_open_c3518efb2097,1,market,0.0,5,1,20,20,38425.0
651674,651675,651679,651679,closed,stop,21323.5,21303.5,21323.75,21303.25,21303.5,21343.5,-20.0,-20.5,-21.0,-420.0,10.0,0.5,5.0,5.0,22.75,2024-11-04 14:46:00+00:00,2024-11-04 14:46:00+00:00,2024-11-04 14:51:00+00:00,2024-11-04 14:51:00+00:00,momentum_long_open_c3518efb2097,1,market,0.0,5,1,20,20,38005.0
651707,651708,651712,651712,closed,target,21360.25,21380.25,21360.5,21380.0,21340.25,21380.25,20.0,19.5,19.0,380.0,10.0,0.5,5.0,5.0,8.0,2024-11-04 15:19:00+00:00,2024-11-04 15:19:00+00:00,2024-11-04 15:24:00+00:00,2024-11-04 15:24:00+00:00,momentum_long_open_c3518efb2097,1,market,0.0,5,1,20,20,38385.0
651712,651713,651717,651717,closed,timeout,21382.5,21376.0,21382.75,21375.75,21362.5,21402.5,-6.5,-7.0,-7.5,-150.0,10.0,0.5,5.0,5.0,15.75,2024-11-04 15:24:00+00:00,2024-11-04 15:24:00+00:00,2024-11-04 15:29:00+00:00,2024-11-04 15:29:00+00:00,momentum_long_open_c3518efb2097,1,market,0.0,5,1,20,20,38235.0
653023,653024,653024,653024,closed,target,21350.25,21370.25,21350.5,21370.0,21330.25,21370.25,20.0,19.5,19.0,380.0,10.0,0.5,1.0,1.0,5.5,2024-11-05 14:30:00+00:00,2024-11-05 14:30:00+00:00,2024-11-05 14:31:00+00:00,2024-11-05 14:35:00+00:00,momentum_long_open_c3518efb2097,1,market,0.0,5,1,20,20,38615.0
653024,653025,653025,653025,closed,target,21377.5,21397.5,21377.75,21397.25,21357.5,21397.5,20.0,19.5,19.0,380.0,10.0,0.5,1.0,1.0,6.0,2024-11-05 14:31:00+00:00,2024-11-05 14:31:00+00:00,2024-11-05 14:32:00+00:00,2024-11-05 14:36:00+00:00,momentum_long_open_c3518efb2097,1,market,0.0,5,1,20,20,38995.0
653025,653026,653027,653027,closed,stop,21403.0,21383.0,21403.25,21382.75,21383.0,21423.0,-20.0,-20.5,-21.0,-420.0,10.0,0.5,2.0,2.0,27.75,2024-11-05 14:32:00+00:00,2024-11-05 14:32:00+00:00,2024-11-05 14:34:00+00:00,2024-11-05 14:37:00+00:00,momentum_long_open_c3518efb2097,1,market,0.0,5,1,20,20,38575.0
653027,653028,653031,653031,closed,target,21398.25,21418.25,21398.5,21418.0,21378.25,21418.25,20.0,19.5,19.0,380.0,10.0,0.5,4.0,4.0,4.0,2024-11-05 14:34:00+00:00,2024-11-05 14:34:00+00:00,2024-11-05 14:38:00+00:00,2024-11-05 14:39:00+00:00,momentum_long_open_c3518efb2097,1,market,0.0,5,1,20,20,38955.0
653031,653032,653036,653036,closed,timeout,21425.75,21416.0,21426.0,21415.75,21405.75,21445.75,-9.75,-10.25,-10.75,-215.0,10.0,0.5,5.0,5.0,16.75,2024-11-05 14:38:00+00:00,2024-11-05 14:38:00+00:00,2024-11-05 14:43:00+00:00,2024-11-05 14:43:00+00:00,momentum_long_open_c3518efb2097,1,market,0.0,5,1,20,20,38740.0
653045,653046,653049,653049,closed,target,21458.0,21478.0,21458.25,21477.75,21438.0,21478.0,20.0,19.5,19.0,380.0,10.0,0.5,4.0,4.0,10.75,2024-11-05 14:52:00+00:00,2024-11-05 14:52:00+00:00,2024-11-05 14:56:00+00:00,2024-11-05 14:57:00+00:00,momentum_long_open_c3518efb2097,1,market,0.0,5,1,20,20,39120.0
653049,653050,653051,653051,closed,stop,21490.5,21470.5,21490.75,21470.25,21470.5,21510.5,-20.0,-20.5,-21.0,-420.0,10.0,0.5,2.0,2.0,22.0,2024-11-05 14:56:00+00:00,2024-11-05 14:56:00+00:00,2024-11-05 14:58:00+00:00,2024-11-05 15:01:00+00:00,momentum_long_open_c3518efb2097,1,market,0.0,5,1,20,20,38700.0
653051,653052,653053,653053,closed,target,21470.0,21490.0,21470.25,21489.75,21450.0,21490.0,20.0,19.5,19.0,380.0,10.0,0.5,2.0,2.0,2.75,2024-11-05 14:58:00+00:00,2024-11-05 14:58:00+00:00,2024-11-05 15:00:00+00:00,2024-11-05 15:03:00+00:00,momentum_long_open_c3518efb2097,1,market,0.0,5,1,20,20,39080.0
654392,654393,654393,654393,closed,stop,21939.25,21919.25,21939.5,21919.0,21919.25,21959.25,-20.0,-20.5,-21.0,-420.0,10.0,0.5,1.0,1.0,25.0,2024-11-06 14:34:00+00:00,2024-11-06 14:34:00+00:00,2024-11-06 14:35:00+00:00,2024-11-06 14:39:00+00:00,momentum_long_open_c3518efb2097,1,market,0.0,5,1,20,20,38660.0
654395,654396,654398,654398,closed,target,21967.5,21987.5,21967.75,21987.25,21947.5,21987.5,20.0,19.5,19.0,380.0,10.0,0.5,3.0,3.0,9.25,2024-11-06 14:37:00+00:00,2024-11-06 14:37:00+00:00,2024-11-06 14:40:00+00:00,2024-11-06 14:42:00+00:00,momentum_long_open_c3518efb2097,1,market,0.0,5,1,20,20,39040.0
654398,654399,654401,654401,closed,stop,21991.0,21971.0,21991.25,21970.75,21971.0,22011.0,-20.0,-20.5,-21.0,-420.0,10.0,0.5,3.0,3.0,20.5,2024-11-06 14:40:00+00:00,2024-11-06 14:40:00+00:00,2024-11-06 14:43:00+00:00,2024-11-06 14:45:00+00:00,momentum_long_open_c3518efb2097,1,market,0.0,5,1,20,20,38620.0
654433,654434,654435,654435,closed,stop,21946.75,21926.75,21947.0,21926.5,21926.75,21966.75,-20.0,-20.5,-21.0,-420.0,10.0,0.5,2.0,2.0,21.0,2024-11-06 15:15:00+00:00,2024-11-06 15:15:00+00:00,2024-11-06 15:17:00+00:00,2024-11-06 15:20:00+00:00,momentum_long_open_c3518efb2097,1,market,0.0,5,1,20,20,38200.0
654435,654436,654440,654440,closed,target,21962.0,21982.0,21962.25,21981.75,21942.0,21982.0,20.0,19.5,19.0,380.0,10.0,0.5,5.0,5.0,4.25,2024-11-06 15:17:00+00:00,2024-11-06 15:17:00+00:00,2024-11-06 15:22:00+00:00,2024-11-06 15:22:00+00:00,momentum_long_open_c3518efb2097,1,market,0.0,5,1,20,20,38580.0
654450,654451,654452,654452,closed,stop,22016.25,21996.25,22016.5,21996.0,21996.25,22036.25,-20.0,-20.5,-21.0,-420.0,10.0,0.5,2.0,2.0,26.0,2024-11-06 15:32:00+00:00,2024-11-06 15:32:00+00:00,2024-11-06 15:34:00+00:00,2024-11-06 15:37:00+00:00,momentum_long_open_c3518efb2097,1,market,0.0,5,1,20,20,38160.0
655758,655759,655759,655759,closed,stop,22238.0,22218.0,22238.25,22217.75,22218.0,22258.0,-20.0,-20.5,-21.0,-420.0,10.0,0.5,1.0,1.0,22.0,2024-11-07 14:35:00+00:00,2024-11-07 14:35:00+00:00,2024-11-07 14:36:00+00:00,2024-11-07 14:40:00+00:00,momentum_long_open_c3518efb2097,1,market,0.0,5,1,20,20,37740.0
655760,655761,655764,655764,closed,target,22252.25,22272.25,22252.5,22272.0,22232.25,22272.25,20.0,19.5,19.0,380.0,10.0,0.5,4.0,4.0,11.25,2024-11-07 14:37:00+00:00,2024-11-07 14:37:00+00:00,2024-11-07 14:41:00+00:00,2024-11-07 14:42:00+00:00,momentum_long_open_c3518efb2097,1,market,0.0,5,1,20,20,38120.0
655764,655765,655769,655769,closed,stop,22281.25,22261.25,22281.5,22261.0,22261.25,22301.25,-20.0,-20.5,-21.0,-420.0,10.0,0.5,5.0,5.0,22.75,2024-11-07 14:41:00+00:00,2024-11-07 14:41:00+00:00,2024-11-07 14:46:00+00:00,2024-11-07 14:46:00+00:00,momentum_long_open_c3518efb2097,1,market,0.0,5,1,20,20,37700.0
655781,655782,655786,655786,closed,timeout,22296.75,22299.5,22297.0,22299.25,22276.75,22316.75,2.75,2.25,1.75,35.0,10.0,0.5,5.0,5.0,2.25,2024-11-07 14:58:00+00:00,2024-11-07 14:58:00+00:00,2024-11-07 15:03:00+00:00,2024-11-07 15:03:00+00:00,momentum_long_open_c3518efb2097,1,market,0.0,5,1,20,20,37735.0
655789,655790,655794,655794,closed,timeout,22320.0,22308.75,22320.25,22308.5,22300.0,22340.0,-11.25,-11.75,-12.25,-245.0,10.0,0.5,5.0,5.0,19.5,2024-11-07 15:06:00+00:00,2024-11-07 15:06:00+00:00,2024-11-07 15:11:00+00:00,2024-11-07 15:11:00+00:00,momentum_long_open_c3518efb2097,1,market,0.0,5,1,20,20,37490.0
655832,655833,655837,655837,closed,timeout,22341.0,22347.75,22341.25,22347.5,22321.0,22361.0,6.75,6.25,5.75,115.0,10.0,0.5,5.0,5.0,2.5,2024-11-07 15:49:00+00:00,2024-11-07 15:49:00+00:00,2024-11-07 15:54:00+00:00,2024-11-07 15:54:00+00:00,momentum_long_open_c3518efb2097,1,market,0.0,5,1,20,20,37605.0
657119,657120,657124,657124,closed,timeout,22414.25,22417.0,22414.5,22416.75,22394.25,22434.25,2.75,2.25,1.75,35.0,10.0,0.5,5.0,5.0,19.5,2024-11-08 14:31:00+00:00,2024-11-08 14:31:00+00:00,2024-11-08 14:36:00+00:00,2024-11-08 14:36:00+00:00,momentum_long_open_c3518efb2097,1,market,0.0,5,1,20,20,37640.0
658550,658551,658555,658555,closed,timeout,22426.0,22428.5,22426.25,22428.25,22406.0,22446.0,2.5,2.0,1.5,30.0,10.0,0.5,5.0,5.0,4.25,2024-11-11 15:37:00+00:00,2024-11-11 15:37:00+00:00,2024-11-11 15:42:00+00:00,2024-11-11 15:42:00+00:00,momentum_long_open_c3518efb2097,1,market,0.0,5,1,20,20,37670.0
659871,659872,659876,659876,closed,timeout,22431.75,22444.5,22432.0,22444.25,22411.75,22451.75,12.75,12.25,11.75,235.0,10.0,0.5,5.0,5.0,10.5,2024-11-12 14:53:00+00:00,2024-11-12 14:53:00+00:00,2024-11-12 14:58:00+00:00,2024-11-12 14:58:00+00:00,momentum_long_open_c3518efb2097,1,market,0.0,5,1,20,20,37905.0
662579,662580,662581,662581,closed,stop,22359.25,22339.25,22359.5,22339.0,22339.25,22379.25,-20.0,-20.5,-21.0,-420.0,10.0,0.5,2.0,2.0,24.5,2024-11-14 14:31:00+00:00,2024-11-14 14:31:00+00:00,2024-11-14 14:33:00+00:00,2024-11-14 14:36:00+00:00,momentum_long_open_c3518efb2097,1,market,0.0,5,1,20,20,37485.0
662585,662586,662588,662588,closed,stop,22365.0,22345.0,22365.25,22344.75,22345.0,22385.0,-20.0,-20.5,-21.0,-420.0,10.0,0.5,3.0,3.0,25.0,2024-11-14 14:37:00+00:00,2024-11-14 14:37:00+00:00,2024-11-14 14:40:00+00:00,2024-11-14 14:42:00+00:00,momentum_long_open_c3518efb2097,1,market,0.0,5,1,20,20,37065.0
662653,662654,662658,662658,closed,timeout,22326.5,22326.75,22326.75,22326.5,22306.5,22346.5,0.25,-0.25,-0.75,-15.0,10.0,0.5,5.0,5.0,15.75,2024-11-14 15:45:00+00:00,2024-11-14 15:45:00+00:00,2024-11-14 15:50:00+00:00,2024-11-14 15:50:00+00:00,momentum_long_open_c3518efb2097,1,market,0.0,5,1,20,20,37050.0
665341,665342,665343,665343,closed,target,21763.75,21783.75,21764.0,21783.5,21743.75,21783.75,20.0,19.5,19.0,380.0,10.0,0.5,2.0,2.0,6.25,2024-11-18 15:03:00+00:00,2024-11-18 15:03:00+00:00,2024-11-18 15:05:00+00:00,2024-11-18 15:08:00+00:00,momentum_long_open_c3518efb2097,1,market,0.0,5,1,20,20,37430.0
665343,665344,665348,665348,closed,timeout,21784.5,21778.0,21784.75,21777.75,21764.5,21804.5,-6.5,-7.0,-7.5,-150.0,10.0,0.5,5.0,5.0,18.75,2024-11-18 15:05:00+00:00,2024-11-18 15:05:00+00:00,2024-11-18 15:10:00+00:00,2024-11-18 15:10:00+00:00,momentum_long_open_c3518efb2097,1,market,0.0,5,1,20,20,37280.0
665355,665356,665360,665360,closed,timeout,21810.75,21804.0,21811.0,21803.75,21790.75,21830.75,-6.75,-7.25,-7.75,-155.0,10.0,0.5,5.0,5.0,11.25,2024-11-18 15:17:00+00:00,2024-11-18 15:17:00+00:00,2024-11-18 15:22:00+00:00,2024-11-18 15:22:00+00:00,momentum_long_open_c3518efb2097,1,market,0.0,5,1,20,20,37125.0
665367,665368,665369,665369,closed,target,21842.0,21862.0,21842.25,21861.75,21822.0,21862.0,20.0,19.5,19.0,380.0,10.0,0.5,2.0,2.0,4.5,2024-11-18 15:29:00+00:00,2024-11-18 15:29:00+00:00,2024-11-18 15:31:00+00:00,2024-11-18 15:34:00+00:00,momentum_long_open_c3518efb2097,1,market,0.0,5,1,20,20,37505.0
665369,665370,665373,665373,closed,target,21863.5,21883.5,21863.75,21883.25,21843.5,21883.5,20.0,19.5,19.0,380.0,10.0,0.5,4.0,4.0,3.5,2024-11-18 15:31:00+00:00,2024-11-18 15:31:00+00:00,2024-11-18 15:35:00+00:00,2024-11-18 15:36:00+00:00,momentum_long_open_c3518efb2097,1,market,0.0,5,1,20,20,37885.0
665373,665374,665378,665378,closed,timeout,21889.0,21871.0,21889.25,21870.75,21869.0,21909.0,-18.0,-18.5,-19.0,-380.0,10.0,0.5,5.0,5.0,19.25,2024-11-18 15:35:00+00:00,2024-11-18 15:35:00+00:00,2024-11-18 15:40:00+00:00,2024-11-18 15:40:00+00:00,momentum_long_open_c3518efb2097,1,market,0.0,5,1,20,20,37505.0
666741,666742,666744,666744,closed,stop,21829.0,21809.0,21829.25,21808.75,21809.0,21849.0,-20.0,-20.5,-21.0,-420.0,10.0,0.5,3.0,3.0,26.0,2024-11-19 15:38:00+00:00,2024-11-19 15:38:00+00:00,2024-11-19 15:41:00+00:00,2024-11-19 15:43:00+00:00,momentum_long_open_c3518efb2097,1,market,0.0,5,1,20,20,37085.0
668102,668103,668107,668107,closed,timeout,21759.25,21768.75,21759.5,21768.5,21739.25,21779.25,9.5,9.0,8.5,170.0,10.0,0.5,5.0,5.0,17.75,2024-11-20 15:34:00+00:00,2024-11-20 15:34:00+00:00,2024-11-20 15:39:00+00:00,2024-11-20 15:39:00+00:00,momentum_long_open_c3518efb2097,1,market,0.0,5,1,20,20,37255.0
668108,668109,668113,668113,closed,timeout,21784.0,21782.25,21784.25,21782.0,21764.0,21804.0,-1.75,-2.25,-2.75,-55.0,10.0,0.5,5.0,5.0,19.75,2024-11-20 15:40:00+00:00,2024-11-20 15:40:00+00:00,2024-11-20 15:45:00+00:00,2024-11-20 15:45:00+00:00,momentum_long_open_c3518efb2097,1,market,0.0,5,1,20,20,37200.0
668115,668116,668120,668120,closed,timeout,21809.25,21815.25,21809.5,21815.0,21789.25,21829.25,6.0,5.5,5.0,100.0,10.0,0.5,5.0,5.0,7.25,2024-11-20 15:47:00+00:00,2024-11-20 15:47:00+00:00,2024-11-20 15:52:00+00:00,2024-11-20 15:52:00+00:00,momentum_long_open_c3518efb2097,1,market,0.0,5,1,20,20,37300.0
669481,669482,669486,669486,closed,timeout,21827.75,21824.0,21828.0,21823.75,21807.75,21847.75,-3.75,-4.25,-4.75,-95.0,10.0,0.5,5.0,5.0,18.75,2024-11-21 15:48:00+00:00,2024-11-21 15:48:00+00:00,2024-11-21 15:53:00+00:00,2024-11-21 15:53:00+00:00,momentum_long_open_c3518efb2097,1,market,0.0,5,1,20,20,37205.0
669488,669489,669490,669490,closed,target,21865.75,21885.75,21866.0,21885.5,21845.75,21885.75,20.0,19.5,19.0,380.0,10.0,0.5,2.0,2.0,0.75,2024-11-21 15:55:00+00:00,2024-11-21 15:55:00+00:00,2024-11-21 15:57:00+00:00,2024-11-21 16:00:00+00:00,momentum_long_open_c3518efb2097,1,market,0.0,5,1,20,20,37585.0
669490,669491,669494,669494,closed,target,21897.5,21917.5,21897.75,21917.25,21877.5,21917.5,20.0,19.5,19.0,380.0,10.0,0.5,4.0,4.0,11.0,2024-11-21 15:57:00+00:00,2024-11-21 15:57:00+00:00,2024-11-21 16:01:00+00:00,2024-11-21 16:02:00+00:00,momentum_long_open_c3518efb2097,1,market,0.0,5,1,20,20,37965.0
670773,670774,670776,670776,closed,stop,22023.75,22003.75,22024.0,22003.5,22003.75,22043.75,-20.0,-20.5,-21.0,-420.0,10.0,0.5,3.0,3.0,31.0,2024-11-22 14:35:00+00:00,2024-11-22 14:35:00+00:00,2024-11-22 14:38:00+00:00,2024-11-22 14:40:00+00:00,momentum_long_open_c3518efb2097,1,market,0.0,5,1,20,20,37545.0
670787,670788,670788,670788,closed,stop,22064.25,22044.25,22064.5,22044.0,22044.25,22084.25,-20.0,-20.5,-21.0,-420.0,10.0,0.5,1.0,1.0,23.75,2024-11-22 14:49:00+00:00,2024-11-22 14:49:00+00:00,2024-11-22 14:50:00+00:00,2024-11-22 14:54:00+00:00,momentum_long_open_c3518efb2097,1,market,0.0,5,1,20,20,37125.0
670838,670839,670842,670842,closed,target,22013.5,22033.5,22013.75,22033.25,21993.5,22033.5,20.0,19.5,19.0,380.0,10.0,0.5,4.0,4.0,10.0,2024-11-22 15:40:00+00:00,2024-11-22 15:40:00+00:00,2024-11-22 15:44:00+00:00,2024-11-22 15:45:00+00:00,momentum_long_open_c3518efb2097,1,market,0.0,5,1,20,20,37505.0
670842,670843,670844,670844,closed,target,22029.25,22049.25,22029.5,22049.0,22009.25,22049.25,20.0,19.5,19.0,380.0,10.0,0.5,2.0,2.0,8.75,2024-11-22 15:44:00+00:00,2024-11-22 15:44:00+00:00,2024-11-22 15:46:00+00:00,2024-11-22 15:49:00+00:00,momentum_long_open_c3518efb2097,1,market,0.0,5,1,20,20,37885.0
670844,670845,670845,670845,closed,stop,22044.0,22024.0,22044.25,22023.75,22024.0,22064.0,-20.0,-20.5,-21.0,-420.0,10.0,0.5,1.0,1.0,31.0,2024-11-22 15:46:00+00:00,2024-11-22 15:46:00+00:00,2024-11-22 15:47:00+00:00,2024-11-22 15:51:00+00:00,momentum_long_open_c3518efb2097,1,market,0.0,5,1,20,20,37465.0
672144,672145,672149,672149,closed,timeout,22266.0,22252.5,22266.25,22252.25,22246.0,22286.0,-13.5,-14.0,-14.5,-290.0,10.0,0.5,5.0,5.0,18.25,2024-11-25 14:42:00+00:00,2024-11-25 14:42:00+00:00,2024-11-25 14:47:00+00:00,2024-11-25 14:47:00+00:00,momentum_long_open_c3518efb2097,1,market,0.0,5,1,20,20,37175.0
672206,672207,672209,672209,closed,stop,22133.75,22113.75,22134.0,22113.5,22113.75,22153.75,-20.0,-20.5,-21.0,-420.0,10.0,0.5,3.0,3.0,24.25,2024-11-25 15:44:00+00:00,2024-11-25 15:44:00+00:00,2024-11-25 15:47:00+00:00,2024-11-25 15:49:00+00:00,momentum_long_open_c3518efb2097,1,market,0.0,5,1,20,20,36755.0
673519,673520,673521,673521,closed,stop,22215.75,22195.75,22216.0,22195.5,22195.75,22235.75,-20.0,-20.5,-21.0,-420.0,10.0,0.5,2.0,2.0,37.0,2024-11-26 14:52:00+00:00,2024-11-26 14:52:00+00:00,2024-11-26 14:54:00+00:00,2024-11-26 14:57:00+00:00,momentum_long_open_c3518efb2097,1,market,0.0,5,1,20,20,36335.0
676228,676229,676233,676233,closed,timeout,22087.75,22081.25,22088.0,22081.0,22067.75,22107.75,-6.5,-7.0,-7.5,-150.0,10.0,0.5,5.0,5.0,7.0,2024-11-28 14:31:00+00:00,2024-11-28 14:31:00+00:00,2024-11-28 14:36:00+00:00,2024-11-28 14:36:00+00:00,momentum_long_open_c3518efb2097,1,market,0.0,5,1,20,20,36185.0
676254,676255,676259,676259,closed,timeout,22092.0,22090.75,22092.25,22090.5,22072.0,22112.0,-1.25,-1.75,-2.25,-45.0,10.0,0.5,5.0,5.0,6.75,2024-11-28 14:57:00+00:00,2024-11-28 14:57:00+00:00,2024-11-28 15:02:00+00:00,2024-11-28 15:02:00+00:00,momentum_long_open_c3518efb2097,1,market,0.0,5,1,20,20,36140.0
676306,676307,676311,676311,closed,timeout,22101.25,22098.75,22101.5,22098.5,22081.25,22121.25,-2.5,-3.0,-3.5,-70.0,10.0,0.5,5.0,5.0,5.0,2024-11-28 15:49:00+00:00,2024-11-28 15:49:00+00:00,2024-11-28 15:54:00+00:00,2024-11-28 15:54:00+00:00,momentum_long_open_c3518efb2097,1,market,0.0,5,1,20,20,36070.0
677396,677397,677401,677401,closed,timeout,22106.0,22113.5,22106.25,22113.25,22086.0,22126.0,7.5,7.0,6.5,130.0,10.0,0.5,5.0,5.0,2.75,2024-11-29 14:59:00+00:00,2024-11-29 14:59:00+00:00,2024-11-29 15:04:00+00:00,2024-11-29 15:04:00+00:00,momentum_long_open_c3518efb2097,1,market,0.0,5,1,20,20,36200.0
677405,677406,677409,677409,closed,target,22134.75,22154.75,22135.0,22154.5,22114.75,22154.75,20.0,19.5,19.0,380.0,10.0,0.5,4.0,4.0,1.75,2024-11-29 15:08:00+00:00,2024-11-29 15:08:00+00:00,2024-11-29 15:12:00+00:00,2024-11-29 15:13:00+00:00,momentum_long_open_c3518efb2097,1,market,0.0,5,1,20,20,36580.0
677409,677410,677414,677414,closed,timeout,22156.0,22160.0,22156.25,22159.75,22136.0,22176.0,4.0,3.5,3.0,60.0,10.0,0.5,5.0,5.0,5.75,2024-11-29 15:12:00+00:00,2024-11-29 15:12:00+00:00,2024-11-29 15:17:00+00:00,2024-11-29 15:17:00+00:00,momentum_long_open_c3518efb2097,1,market,0.0,5,1,20,20,36640.0
677415,677416,677420,677420,closed,stop,22164.75,22144.75,22165.0,22144.5,22144.75,22184.75,-20.0,-20.5,-21.0,-420.0,10.0,0.5,5.0,5.0,20.75,2024-11-29 15:18:00+00:00,2024-11-29 15:18:00+00:00,2024-11-29 15:23:00+00:00,2024-11-29 15:23:00+00:00,momentum_long_open_c3518efb2097,1,market,0.0,5,1,20,20,36220.0
678508,678509,678509,678509,closed,target,22259.5,22279.5,22259.75,22279.25,22239.5,22279.5,20.0,19.5,19.0,380.0,10.0,0.5,1.0,1.0,5.0,2024-12-02 14:31:00+00:00,2024-12-02 14:31:00+00:00,2024-12-02 14:32:00+00:00,2024-12-02 14:36:00+00:00,momentum_long_open_c3518efb2097,1,market,0.0,5,1,20,20,36600.0
678509,678510,678510,678510,closed,target,22283.25,22303.25,22283.5,22303.0,22263.25,22303.25,20.0,19.5,19.0,380.0,10.0,0.5,1.0,1.0,4.5,2024-12-02 14:32:00+00:00,2024-12-02 14:32:00+00:00,2024-12-02 14:33:00+00:00,2024-12-02 14:37:00+00:00,momentum_long_open_c3518efb2097,1,market,0.0,5,1,20,20,36980.0
678510,678511,678512,678512,closed,target,22295.5,22315.5,22295.75,22315.25,22275.5,22315.5,20.0,19.5,19.0,380.0,10.0,0.5,2.0,2.0,8.25,2024-12-02 14:33:00+00:00,2024-12-02 14:33:00+00:00,2024-12-02 14:35:00+00:00,2024-12-02 14:38:00+00:00,momentum_long_open_c3518efb2097,1,market,0.0,5,1,20,20,37360.0
678512,678513,678514,678514,closed,target,22312.0,22332.0,22312.25,22331.75,22292.0,22332.0,20.0,19.5,19.0,380.0,10.0,0.5,2.0,2.0,7.25,2024-12-02 14:35:00+00:00,2024-12-02 14:35:00+00:00,2024-12-02 14:37:00+00:00,2024-12-02 14:40:00+00:00,momentum_long_open_c3518efb2097,1,market,0.0,5,1,20,20,37740.0
678514,678515,678517,678517,closed,stop,22328.25,22308.25,22328.5,22308.0,22308.25,22348.25,-20.0,-20.5,-21.0,-420.0,10.0,0.5,3.0,3.0,21.25,2024-12-02 14:37:00+00:00,2024-12-02 14:37:00+00:00,2024-12-02 14:40:00+00:00,2024-12-02 14:42:00+00:00,momentum_long_open_c3518efb2097,1,market,0.0,5,1,20,20,37320.0
678531,678532,678535,678535,closed,stop,22360.0,22340.0,22360.25,22339.75,22340.0,22380.0,-20.0,-20.5,-21.0,-420.0,10.0,0.5,4.0,4.0,24.5,2024-12-02 14:54:00+00:00,2024-12-02 14:54:00+00:00,2024-12-02 14:58:00+00:00,2024-12-02 14:59:00+00:00,momentum_long_open_c3518efb2097,1,market,0.0,5,1,20,20,36900.0
681277,681278,681282,681282,closed,stop,22647.75,22627.75,22648.0,22627.5,22627.75,22667.75,-20.0,-20.5,-21.0,-420.0,10.0,0.5,5.0,5.0,28.0,2024-12-04 15:11:00+00:00,2024-12-04 15:11:00+00:00,2024-12-04 15:16:00+00:00,2024-12-04 15:16:00+00:00,momentum_long_open_c3518efb2097,1,market,0.0,5,1,20,20,36480.0
681301,681302,681306,681306,closed,timeout,22675.5,22676.0,22675.75,22675.75,22655.5,22695.5,0.5,0.0,-0.5,-10.0,10.0,0.5,5.0,5.0,6.75,2024-12-04 15:35:00+00:00,2024-12-04 15:35:00+00:00,2024-12-04 15:40:00+00:00,2024-12-04 15:40:00+00:00,momentum_long_open_c3518efb2097,1,market,0.0,5,1,20,20,36470.0
683983,683984,683985,683985,closed,target,22772.25,22792.25,22772.5,22792.0,22752.25,22792.25,20.0,19.5,19.0,380.0,10.0,0.5,2.0,2.0,0.5,2024-12-06 14:47:00+00:00,2024-12-06 14:47:00+00:00,2024-12-06 14:49:00+00:00,2024-12-06 14:52:00+00:00,momentum_long_open_c3518efb2097,1,market,0.0,5,1,20,20,36850.0
683985,683986,683990,683990,closed,timeout,22792.5,22805.0,22792.75,22804.75,22772.5,22812.5,12.5,12.0,11.5,230.0,10.0,0.5,5.0,5.0,12.75,2024-12-06 14:49:00+00:00,2024-12-06 14:49:00+00:00,2024-12-06 14:54:00+00:00,2024-12-06 14:54:00+00:00,momentum_long_open_c3518efb2097,1,market,0.0,5,1,20,20,37080.0
683991,683992,683994,683994,closed,stop,22810.0,22790.0,22810.25,22789.75,22790.0,22830.0,-20.0,-20.5,-21.0,-420.0,10.0,0.5,3.0,3.0,21.0,2024-12-06 14:55:00+00:00,2024-12-06 14:55:00+00:00,2024-12-06 14:58:00+00:00,2024-12-06 15:00:00+00:00,momentum_long_open_c3518efb2097,1,market,0.0,5,1,20,20,36660.0
684012,684013,684017,684017,closed,timeout,22831.25,22832.75,22831.5,22832.5,22811.25,22851.25,1.5,1.0,0.5,10.0,10.0,0.5,5.0,5.0,12.5,2024-12-06 15:16:00+00:00,2024-12-06 15:16:00+00:00,2024-12-06 15:21:00+00:00,2024-12-06 15:21:00+00:00,momentum_long_open_c3518efb2097,1,market,0.0,5,1,20,20,36670.0
685350,685351,685355,685355,closed,timeout,22837.5,22831.75,22837.75,22831.5,22817.5,22857.5,-5.75,-6.25,-6.75,-135.0,10.0,0.5,5.0,5.0,17.25,2024-12-09 14:49:00+00:00,2024-12-09 14:49:00+00:00,2024-12-09 14:54:00+00:00,2024-12-09 14:54:00+00:00,momentum_long_open_c3518efb2097,1,market,0.0,5,1,20,20,36535.0
686709,686710,686711,686711,closed,target,22753.75,22773.75,22754.0,22773.5,22733.75,22773.75,20.0,19.5,19.0,380.0,10.0,0.5,2.0,2.0,4.75,2024-12-10 14:43:00+00:00,2024-12-10 14:43:00+00:00,2024-12-10 14:45:00+00:00,2024-12-10 14:48:00+00:00,momentum_long_open_c3518efb2097,1,market,0.0,5,1,20,20,36915.0
686711,686712,686716,686716,closed,timeout,22773.75,22773.25,22774.0,22773.0,22753.75,22793.75,-0.5,-1.0,-1.5,-30.0,10.0,0.5,5.0,5.0,4.75,2024-12-10 14:45:00+00:00,2024-12-10 14:45:00+00:00,2024-12-10 14:50:00+00:00,2024-12-10 14:50:00+00:00,momentum_long_open_c3518efb2097,1,market,0.0,5,1,20,20,36885.0
686736,686737,686741,686741,closed,timeout,22791.5,22793.75,22791.75,22793.5,22771.5,22811.5,2.25,1.75,1.25,25.0,10.0,0.5,5.0,5.0,16.5,2024-12-10 15:10:00+00:00,2024-12-10 15:10:00+00:00,2024-12-10 15:15:00+00:00,2024-12-10 15:15:00+00:00,momentum_long_open_c3518efb2097,1,market,0.0,5,1,20,20,36910.0
688067,688068,688070,688070,closed,stop,22816.75,22796.75,22817.0,22796.5,22796.75,22836.75,-20.0,-20.5,-21.0,-420.0,10.0,0.5,3.0,3.0,24.5,2024-12-11 14:36:00+00:00,2024-12-11 14:36:00+00:00,2024-12-11 14:39:00+00:00,2024-12-11 14:41:00+00:00,momentum_long_open_c3518efb2097,1,market,0.0,5,1,20,20,36490.0
688079,688080,688084,688084,closed,target,22870.25,22890.25,22870.5,22890.0,22850.25,22890.25,20.0,19.5,19.0,380.0,10.0,0.5,5.0,5.0,6.75,2024-12-11 14:48:00+00:00,2024-12-11 14:48:00+00:00,2024-12-11 14:53:00+00:00,2024-12-11 14:53:00+00:00,momentum_long_open_c3518efb2097,1,market,0.0,5,1,20,20,36870.0
688084,688085,688088,688088,closed,stop,22889.75,22869.75,22890.0,22869.5,22869.75,22909.75,-20.0,-20.5,-21.0,-420.0,10.0,0.5,4.0,4.0,22.5,2024-12-11 14:53:00+00:00,2024-12-11 14:53:00+00:00,2024-12-11 14:57:00+00:00,2024-12-11 14:58:00+00:00,momentum_long_open_c3518efb2097,1,market,0.0,5,1,20,20,36450.0
688099,688100,688104,688104,closed,timeout,22916.75,22910.5,22917.0,22910.25,22896.75,22936.75,-6.25,-6.75,-7.25,-145.0,10.0,0.5,5.0,5.0,8.0,2024-12-11 15:08:00+00:00,2024-12-11 15:08:00+00:00,2024-12-11 15:13:00+00:00,2024-12-11 15:13:00+00:00,momentum_long_open_c3518efb2097,1,market,0.0,5,1,20,20,36305.0
689479,689480,689482,689482,closed,target,22896.25,22916.25,22896.5,22916.0,22876.25,22916.25,20.0,19.5,19.0,380.0,10.0,0.5,3.0,3.0,7.0,2024-12-12 15:24:00+00:00,2024-12-12 15:24:00+00:00,2024-12-12 15:27:00+00:00,2024-12-12 15:29:00+00:00,momentum_long_open_c3518efb2097,1,market,0.0,5,1,20,20,36685.0
689482,689483,689484,689484,closed,stop,22912.25,22892.25,22912.5,22892.0,22892.25,22932.25,-20.0,-20.5,-21.0,-420.0,10.0,0.5,2.0,2.0,25.5,2024-12-12 15:27:00+00:00,2024-12-12 15:27:00+00:00,2024-12-12 15:29:00+00:00,2024-12-12 15:32:00+00:00,momentum_long_open_c3518efb2097,1,market,0.0,5,1,20,20,36265.0
689512,689513,689517,689517,closed,timeout,22922.5,22922.0,22922.75,22921.75,22902.5,22942.5,-0.5,-1.0,-1.5,-30.0,10.0,0.5,5.0,5.0,15.0,2024-12-12 15:57:00+00:00,2024-12-12 15:57:00+00:00,2024-12-12 16:02:00+00:00,2024-12-12 16:02:00+00:00,momentum_long_open_c3518efb2097,1,market,0.0,5,1,20,20,36235.0
690797,690798,690802,690802,closed,timeout,23033.5,23040.75,23033.75,23040.5,23013.5,23053.5,7.25,6.75,6.25,125.0,10.0,0.5,5.0,5.0,13.75,2024-12-13 14:37:00+00:00,2024-12-13 14:37:00+00:00,2024-12-13 14:42:00+00:00,2024-12-13 14:42:00+00:00,momentum_long_open_c3518efb2097,1,market,0.0,5,1,20,20,36360.0
690803,690804,690804,690804,closed,target,23058.25,23078.25,23058.5,23078.0,23038.25,23078.25,20.0,19.5,19.0,380.0,10.0,0.5,1.0,1.0,1.0,2024-12-13 14:43:00+00:00,2024-12-13 14:43:00+00:00,2024-12-13 14:44:00+00:00,2024-12-13 14:48:00+00:00,momentum_long_open_c3518efb2097,1,market,0.0,5,1,20,20,36740.0
690804,690805,690806,690806,closed,target,23079.0,23099.0,23079.25,23098.75,23059.0,23099.0,20.0,19.5,19.0,380.0,10.0,0.5,2.0,2.0,3.5,2024-12-13 14:44:00+00:00,2024-12-13 14:44:00+00:00,2024-12-13 14:46:00+00:00,2024-12-13 14:49:00+00:00,momentum_long_open_c3518efb2097,1,market,0.0,5,1,20,20,37120.0
690806,690807,690811,690811,closed,timeout,23099.75,23090.75,23100.0,23090.5,23079.75,23119.75,-9.0,-9.5,-10.0,-200.0,10.0,0.5,5.0,5.0,19.0,2024-12-13 14:46:00+00:00,2024-12-13 14:46:00+00:00,2024-12-13 14:51:00+00:00,2024-12-13 14:51:00+00:00,momentum_long_open_c3518efb2097,1,market,0.0,5,1,20,20,36920.0
692175,692176,692178,692178,closed,stop,23175.0,23155.0,23175.25,23154.75,23155.0,23195.0,-20.0,-20.5,-21.0,-420.0,10.0,0.5,3.0,3.0,26.5,2024-12-16 14:55:00+00:00,2024-12-16 14:55:00+00:00,2024-12-16 14:58:00+00:00,2024-12-16 15:00:00+00:00,momentum_long_open_c3518efb2097,1,market,0.0,5,1,20,20,36500.0
692181,692182,692186,692186,closed,timeout,23191.25,23186.25,23191.5,23186.0,23171.25,23211.25,-5.0,-5.5,-6.0,-120.0,10.0,0.5,5.0,5.0,7.0,2024-12-16 15:01:00+00:00,2024-12-16 15:01:00+00:00,2024-12-16 15:06:00+00:00,2024-12-16 15:06:00+00:00,momentum_long_open_c3518efb2097,1,market,0.0,5,1,20,20,36380.0
692210,692211,692214,692214,closed,target,23201.5,23221.5,23201.75,23221.25,23181.5,23221.5,20.0,19.5,19.0,380.0,10.0,0.5,4.0,4.0,12.25,2024-12-16 15:30:00+00:00,2024-12-16 15:30:00+00:00,2024-12-16 15:34:00+00:00,2024-12-16 15:35:00+00:00,momentum_long_open_c3518efb2097,1,market,0.0,5,1,20,20,36760.0
692214,692215,692219,692219,closed,timeout,23223.75,23220.0,23224.0,23219.75,23203.75,23243.75,-3.75,-4.25,-4.75,-95.0,10.0,0.5,5.0,5.0,17.25,2024-12-16 15:34:00+00:00,2024-12-16 15:34:00+00:00,2024-12-16 15:39:00+00:00,2024-12-16 15:39:00+00:00,momentum_long_open_c3518efb2097,1,market,0.0,5,1,20,20,36665.0
694954,694955,694959,694959,closed,timeout,23249.5,23259.0,23249.75,23258.75,23229.5,23269.5,9.5,9.0,8.5,170.0,10.0,0.5,5.0,5.0,8.25,2024-12-18 15:46:00+00:00,2024-12-18 15:46:00+00:00,2024-12-18 15:51:00+00:00,2024-12-18 15:51:00+00:00,momentum_long_open_c3518efb2097,1,market,0.0,5,1,20,20,36835.0
694959,694960,694962,694962,closed,stop,23259.0,23239.0,23259.25,23238.75,23239.0,23279.0,-20.0,-20.5,-21.0,-420.0,10.0,0.5,3.0,3.0,21.25,2024-12-18 15:51:00+00:00,2024-12-18 15:51:00+00:00,2024-12-18 15:54:00+00:00,2024-12-18 15:56:00+00:00,momentum_long_open_c3518efb2097,1,market,0.0,5,1,20,20,36415.0
696243,696244,696244,696244,closed,stop,22589.0,22569.0,22589.25,22568.75,22569.0,22609.0,-20.0,-20.5,-21.0,-420.0,10.0,0.5,1.0,1.0,34.25,2024-12-19 14:30:00+00:00,2024-12-19 14:30:00+00:00,2024-12-19 14:31:00+00:00,2024-12-19 14:35:00+00:00,momentum_long_open_c3518efb2097,1,market,0.0,5,1,20,20,35995.0
696288,696289,696289,696289,closed,stop,22540.5,22520.5,22540.75,22520.25,22520.5,22560.5,-20.0,-20.5,-21.0,-420.0,10.0,0.5,1.0,1.0,25.25,2024-12-19 15:15:00+00:00,2024-12-19 15:15:00+00:00,2024-12-19 15:16:00+00:00,2024-12-19 15:20:00+00:00,momentum_long_open_c3518efb2097,1,market,0.0,5,1,20,20,35575.0
697618,697619,697619,697619,closed,stop,22217.5,22197.5,22217.75,22197.25,22197.5,22237.5,-20.0,-20.5,-21.0,-420.0,10.0,0.5,1.0,1.0,27.75,2024-12-20 14:40:00+00:00,2024-12-20 14:40:00+00:00,2024-12-20 14:41:00+00:00,2024-12-20 14:45:00+00:00,momentum_long_open_c3518efb2097,1,market,0.0,5,1,20,20,35155.0
697662,697663,697665,697665,closed,target,22289.75,22309.75,22290.0,22309.5,22269.75,22309.75,20.0,19.5,19.0,380.0,10.0,0.5,3.0,3.0,7.25,2024-12-20 15:24:00+00:00,2024-12-20 15:24:00+00:00,2024-12-20 15:27:00+00:00,2024-12-20 15:29:00+00:00,momentum_long_open_c3518efb2097,1,market,0.0,5,1,20,20,35535.0
697665,697666,697666,697666,closed,target,22320.5,22340.5,22320.75,22340.25,22300.5,22340.5,20.0,19.5,19.0,380.0,10.0,0.5,1.0,1.0,1.5,2024-12-20 15:27:00+00:00,2024-12-20 15:27:00+00:00,2024-12-20 15:28:00+00:00,2024-12-20 15:32:00+00:00,momentum_long_open_c3518efb2097,1,market,0.0,5,1,20,20,35915.0
697666,697667,697667,697667,closed,target,22340.25,22360.25,22340.5,22360.0,22320.25,22360.25,20.0,19.5,19.0,380.0,10.0,0.5,1.0,1.0,3.5,2024-12-20 15:28:00+00:00,2024-12-20 15:28:00+00:00,2024-12-20 15:29:00+00:00,2024-12-20 15:33:00+00:00,momentum_long_open_c3518efb2097,1,market,0.0,5,1,20,20,36295.0
697667,697668,697668,697668,closed,stop,22360.0,22340.0,22360.25,22339.75,22340.0,22380.0,-20.0,-20.5,-21.0,-420.0,10.0,0.5,1.0,1.0,21.0,2024-12-20 15:29:00+00:00,2024-12-20 15:29:00+00:00,2024-12-20 15:30:00+00:00,2024-12-20 15:34:00+00:00,momentum_long_open_c3518efb2097,1,market,0.0,5,1,20,20,35875.0
697668,697669,697669,697669,closed,target,22370.25,22390.25,22370.5,22390.0,22350.25,22390.25,20.0,19.5,19.0,380.0,10.0,0.5,1.0,1.0,2.75,2024-12-20 15:30:00+00:00,2024-12-20 15:30:00+00:00,2024-12-20 15:31:00+00:00,2024-12-20 15:35:00+00:00,momentum_long_open_c3518efb2097,1,market,0.0,5,1,20,20,36255.0
697669,697670,697671,697671,closed,target,22400.0,22420.0,22400.25,22419.75,22380.0,22420.0,20.0,19.5,19.0,380.0,10.0,0.5,2.0,2.0,10.25,2024-12-20 15:31:00+00:00,2024-12-20 15:31:00+00:00,2024-12-20 15:33:00+00:00,2024-12-20 15:36:00+00:00,momentum_long_open_c3518efb2097,1,market,0.0,5,1,20,20,36635.0
697671,697672,697672,697672,closed,stop,22448.75,22428.75,22449.0,22428.5,22428.75,22468.75,-20.0,-20.5,-21.0,-420.0,10.0,0.5,1.0,1.0,40.25,2024-12-20 15:33:00+00:00,2024-12-20 15:33:00+00:00,2024-12-20 15:34:00+00:00,2024-12-20 15:38:00+00:00,momentum_long_open_c3518efb2097,1,market,0.0,5,1,20,20,36215.0
697672,697673,697674,697674,closed,stop,22422.5,22402.5,22422.75,22402.25,22402.5,22442.5,-20.0,-20.5,-21.0,-420.0,10.0,0.5,2.0,2.0,29.75,2024-12-20 15:34:00+00:00,2024-12-20 15:34:00+00:00,2024-12-20 15:36:00+00:00,2024-12-20 15:39:00+00:00,momentum_long_open_c3518efb2097,1,market,0.0,5,1,20,20,35795.0
697675,697676,697676,697676,closed,stop,22440.0,22420.0,22440.25,22419.75,22420.0,22460.0,-20.0,-20.5,-21.0,-420.0,10.0,0.5,1.0,1.0,21.0,2024-12-20 15:37:00+00:00,2024-12-20 15:37:00+00:00,2024-12-20 15:38:00+00:00,2024-12-20 15:42:00+00:00,momentum_long_open_c3518efb2097,1,market,0.0,5,1,20,20,35375.0
698973,698974,698974,698974,closed,target,22531.5,22551.5,22531.75,22551.25,22511.5,22551.5,20.0,19.5,19.0,380.0,10.0,0.5,1.0,1.0,10.75,2024-12-23 14:30:00+00:00,2024-12-23 14:30:00+00:00,2024-12-23 14:31:00+00:00,2024-12-23 14:35:00+00:00,momentum_long_open_c3518efb2097,1,market,0.0,5,1,20,20,35755.0
698974,698975,698975,698975,closed,stop,22566.0,22546.0,22566.25,22545.75,22546.0,22586.0,-20.0,-20.5,-21.0,-420.0,10.0,0.5,1.0,1.0,36.5,2024-12-23 14:31:00+00:00,2024-12-23 14:31:00+00:00,2024-12-23 14:32:00+00:00,2024-12-23 14:36:00+00:00,momentum_long_open_c3518efb2097,1,market,0.0,5,1,20,20,35335.0
698977,698978,698979,698979,closed,stop,22571.0,22551.0,22571.25,22550.75,22551.0,22591.0,-20.0,-20.5,-21.0,-420.0,10.0,0.5,2.0,2.0,25.25,2024-12-23 14:34:00+00:00,2024-12-23 14:34:00+00:00,2024-12-23 14:36:00+00:00,2024-12-23 14:39:00+00:00,momentum_long_open_c3518efb2097,1,market,0.0,5,1,20,20,34915.0
699044,699045,699047,699047,closed,stop,22494.25,22474.25,22494.5,22474.0,22474.25,22514.25,-20.0,-20.5,-21.0,-420.0,10.0,0.5,3.0,3.0,20.75,2024-12-23 15:41:00+00:00,2024-12-23 15:41:00+00:00,2024-12-23 15:44:00+00:00,2024-12-23 15:46:00+00:00,momentum_long_open_c3518efb2097,1,market,0.0,5,1,20,20,34495.0
699060,699061,699062,699062,closed,stop,22499.0,22479.0,22499.25,22478.75,22479.0,22519.0,-20.0,-20.5,-21.0,-420.0,10.0,0.5,2.0,2.0,52.5,2024-12-23 15:57:00+00:00,2024-12-23 15:57:00+00:00,2024-12-23 15:59:00+00:00,2024-12-23 16:02:00+00:00,momentum_long_open_c3518efb2097,1,market,0.0,5,1,20,20,34075.0
700349,700350,700354,700354,closed,timeout,22776.5,22785.5,22776.75,22785.25,22756.5,22796.5,9.0,8.5,8.0,160.0,10.0,0.5,5.0,5.0,19.5,2024-12-24 14:41:00+00:00,2024-12-24 14:41:00+00:00,2024-12-24 14:46:00+00:00,2024-12-24 14:46:00+00:00,momentum_long_open_c3518efb2097,1,market,0.0,5,1,20,20,34235.0
700367,700368,700370,700370,closed,target,22813.25,22833.25,22813.5,22833.0,22793.25,22833.25,20.0,19.5,19.0,380.0,10.0,0.5,3.0,3.0,5.25,2024-12-24 14:59:00+00:00,2024-12-24 14:59:00+00:00,2024-12-24 15:02:00+00:00,2024-12-24 15:04:00+00:00,momentum_long_open_c3518efb2097,1,market,0.0,5,1,20,20,34615.0
700370,700371,700375,700375,closed,timeout,22827.5,22836.5,22827.75,22836.25,22807.5,22847.5,9.0,8.5,8.0,160.0,10.0,0.5,5.0,5.0,6.5,2024-12-24 15:02:00+00:00,2024-12-24 15:02:00+00:00,2024-12-24 15:07:00+00:00,2024-12-24 15:07:00+00:00,momentum_long_open_c3518efb2097,1,market,0.0,5,1,20,20,34775.0
700376,700377,700378,700378,closed,stop,22845.0,22825.0,22845.25,22824.75,22825.0,22865.0,-20.0,-20.5,-21.0,-420.0,10.0,0.5,2.0,2.0,24.0,2024-12-24 15:08:00+00:00,2024-12-24 15:08:00+00:00,2024-12-24 15:10:00+00:00,2024-12-24 15:13:00+00:00,momentum_long_open_c3518efb2097,1,market,0.0,5,1,20,20,34355.0
700404,700405,700409,700409,closed,timeout,22854.75,22850.0,22855.0,22849.75,22834.75,22874.75,-4.75,-5.25,-5.75,-115.0,10.0,0.5,5.0,5.0,16.25,2024-12-24 15:36:00+00:00,2024-12-24 15:36:00+00:00,2024-12-24 15:41:00+00:00,2024-12-24 15:41:00+00:00,momentum_long_open_c3518efb2097,1,market,0.0,5,1,20,20,34240.0
700413,700414,700418,700418,closed,timeout,22870.0,22877.0,22870.25,22876.75,22850.0,22890.0,7.0,6.5,6.0,120.0,10.0,0.5,5.0,5.0,9.0,2024-12-24 15:45:00+00:00,2024-12-24 15:45:00+00:00,2024-12-24 15:50:00+00:00,2024-12-24 15:50:00+00:00,momentum_long_open_c3518efb2097,1,market,0.0,5,1,20,20,34360.0
701478,701479,701479,701479,closed,stop,22890.0,22870.0,22890.25,22869.75,22870.0,22910.0,-20.0,-20.5,-21.0,-420.0,10.0,0.5,1.0,1.0,22.25,2024-12-26 14:31:00+00:00,2024-12-26 14:31:00+00:00,2024-12-26 14:32:00+00:00,2024-12-26 14:36:00+00:00,momentum_long_open_c3518efb2097,1,market,0.0,5,1,20,20,33940.0
701479,701480,701484,701484,closed,timeout,22887.75,22901.75,22888.0,22901.5,22867.75,22907.75,14.0,13.5,13.0,260.0,10.0,0.5,5.0,5.0,15.25,2024-12-26 14:32:00+00:00,2024-12-26 14:32:00+00:00,2024-12-26 14:37:00+00:00,2024-12-26 14:37:00+00:00,momentum_long_open_c3518efb2097,1,market,0.0,5,1,20,20,34200.0
701485,701486,701490,701490,closed,timeout,22908.5,22900.5,22908.75,22900.25,22888.5,22928.5,-8.0,-8.5,-9.0,-180.0,10.0,0.5,5.0,5.0,16.75,2024-12-26 14:38:00+00:00,2024-12-26 14:38:00+00:00,2024-12-26 14:43:00+00:00,2024-12-26 14:43:00+00:00,momentum_long_open_c3518efb2097,1,market,0.0,5,1,20,20,34020.0
701534,701535,701539,701539,closed,timeout,22900.75,22906.5,22901.0,22906.25,22880.75,22920.75,5.75,5.25,4.75,95.0,10.0,0.5,5.0,5.0,18.5,2024-12-26 15:27:00+00:00,2024-12-26 15:27:00+00:00,2024-12-26 15:32:00+00:00,2024-12-26 15:32:00+00:00,momentum_long_open_c3518efb2097,1,market,0.0,5,1,20,20,34115.0
701546,701547,701549,701549,closed,stop,22921.5,22901.5,22921.75,22901.25,22901.5,22941.5,-20.0,-20.5,-21.0,-420.0,10.0,0.5,3.0,3.0,34.75,2024-12-26 15:39:00+00:00,2024-12-26 15:39:00+00:00,2024-12-26 15:42:00+00:00,2024-12-26 15:44:00+00:00,momentum_long_open_c3518efb2097,1,market,0.0,5,1,20,20,33695.0
704277,704278,704280,704280,closed,stop,22275.5,22255.5,22275.75,22255.25,22255.5,22295.5,-20.0,-20.5,-21.0,-420.0,10.0,0.5,3.0,3.0,22.75,2024-12-30 15:40:00+00:00,2024-12-30 15:40:00+00:00,2024-12-30 15:43:00+00:00,2024-12-30 15:45:00+00:00,momentum_long_open_c3518efb2097,1,market,0.0,5,1,20,20,33275.0
704283,704284,704284,704284,closed,stop,22304.25,22284.25,22304.5,22284.0,22284.25,22324.25,-20.0,-20.5,-21.0,-420.0,10.0,0.5,1.0,1.0,43.0,2024-12-30 15:46:00+00:00,2024-12-30 15:46:00+00:00,2024-12-30 15:47:00+00:00,2024-12-30 15:51:00+00:00,momentum_long_open_c3518efb2097,1,market,0.0,5,1,20,20,32855.0
705628,705629,705631,705631,closed,stop,22360.0,22340.0,22360.25,22339.75,22340.0,22380.0,-20.0,-20.5,-21.0,-420.0,10.0,0.5,3.0,3.0,53.25,2024-12-31 15:26:00+00:00,2024-12-31 15:26:00+00:00,2024-12-31 15:29:00+00:00,2024-12-31 15:31:00+00:00,momentum_long_open_c3518efb2097,1,market,0.0,5,1,20,20,32435.0
