detection_index,entry_index,exit_index,termination_index,status,reason,reference_entry,exit_reference_price,entry_price,exit_price,stop_price,target_price,gross_points,fill_pnl_points,net_points,net_dollars,fees_dollars,slippage_points,holding_bars,holding_minutes,mae_points,detection_timestamp,entry_timestamp,exit_timestamp,expiry_timestamp,pattern_id,direction,entry_kind,entry_offset_points,horizon,pending_bars,stop_points,target_points,balance_after_dollars
357197,357198,357199,357199,closed,target,18532.0,18544.0,18532.25,18543.75,18512.0,18544.0,12.0,11.5,11.0,220.0,10.0,0.5,2.0,2.0,2.75,2024-01-03 15:59:00+00:00,2024-01-03 15:59:00+00:00,2024-01-03 16:01:00+00:00,2024-01-03 16:04:00+00:00,momentum_long_open_b15181741626,1,market,0.0,5,1,20,12,50220.0
358512,358513,358517,358517,closed,target,18448.25,18460.25,18448.5,18460.0,18428.25,18460.25,12.0,11.5,11.0,220.0,10.0,0.5,5.0,5.0,9.0,2024-01-04 15:09:00+00:00,2024-01-04 15:09:00+00:00,2024-01-04 15:14:00+00:00,2024-01-04 15:14:00+00:00,momentum_long_open_b15181741626,1,market,0.0,5,1,20,12,50440.0
358521,358522,358526,358526,closed,timeout,18468.5,18454.5,18468.75,18454.25,18448.5,18480.5,-14.0,-14.5,-15.0,-300.0,10.0,0.5,5.0,5.0,18.25,2024-01-04 15:18:00+00:00,2024-01-04 15:18:00+00:00,2024-01-04 15:23:00+00:00,2024-01-04 15:23:00+00:00,momentum_long_open_b15181741626,1,market,0.0,5,1,20,12,50140.0
358553,358554,358558,358558,closed,timeout,18476.5,18477.25,18476.75,18477.0,18456.5,18488.5,0.75,0.25,-0.25,-5.0,10.0,0.5,5.0,5.0,11.25,2024-01-04 15:50:00+00:00,2024-01-04 15:50:00+00:00,2024-01-04 15:55:00+00:00,2024-01-04 15:55:00+00:00,momentum_long_open_b15181741626,1,market,0.0,5,1,20,12,50135.0
359838,359839,359839,359839,closed,target,18390.5,18402.5,18390.75,18402.25,18370.5,18402.5,12.0,11.5,11.0,220.0,10.0,0.5,1.0,1.0,12.0,2024-01-05 14:30:00+00:00,2024-01-05 14:30:00+00:00,2024-01-05 14:31:00+00:00,2024-01-05 14:35:00+00:00,momentum_long_open_b15181741626,1,market,0.0,5,1,20,12,50355.0
359839,359840,359841,359841,closed,target,18396.75,18408.75,18397.0,18408.5,18376.75,18408.75,12.0,11.5,11.0,220.0,10.0,0.5,2.0,2.0,11.0,2024-01-05 14:31:00+00:00,2024-01-05 14:31:00+00:00,2024-01-05 14:33:00+00:00,2024-01-05 14:36:00+00:00,momentum_long_open_b15181741626,1,market,0.0,5,1,20,12,50575.0
359841,359842,359842,359842,closed,target,18403.5,18415.5,18403.75,18415.25,18383.5,18415.5,12.0,11.5,11.0,220.0,10.0,0.5,1.0,1.0,5.25,2024-01-05 14:33:00+00:00,2024-01-05 14:33:00+00:00,2024-01-05 14:34:00+00:00,2024-01-05 14:38:00+00:00,momentum_long_open_b15181741626,1,market,0.0,5,1,20,12,50795.0
359842,359843,359843,359843,closed,target,18408.25,18420.25,18408.5,18420.0,18388.25,18420.25,12.0,11.5,11.0,220.0,10.0,0.5,1.0,1.0,3.25,2024-01-05 14:34:00+00:00,2024-01-05 14:34:00+00:00,2024-01-05 14:35:00+00:00,2024-01-05 14:39:00+00:00,momentum_long_open_b15181741626,1,market,0.0,5,1,20,12,51015.0
359843,359844,359848,359848,closed,stop,18427.0,18407.0,18427.25,18406.75,18407.0,18439.0,-20.0,-20.5,-21.0,-420.0,10.0,0.5,5.0,5.0,23.75,2024-01-05 14:35:00+00:00,2024-01-05 14:35:00+00:00,2024-01-05 14:40:00+00:00,2024-01-05 14:40:00+00:00,momentum_long_open_b15181741626,1,market,0.0,5,1,20,12,50595.0
359871,359872,359872,359872,closed,target,18474.25,18486.25,18474.5,18486.0,18454.25,18486.25,12.0,11.5,11.0,220.0,10.0,0.5,1.0,1.0,6.75,2024-01-05 15:03:00+00:00,2024-01-05 15:03:00+00:00,2024-01-05 15:04:00+00:00,2024-01-05 15:08:00+00:00,momentum_long_open_b15181741626,1,market,0.0,5,1,20,12,50815.0
359872,359873,359877,359877,closed,timeout,18485.5,18479.5,18485.75,18479.25,18465.5,18497.5,-6.0,-6.5,-7.0,-140.0,10.0,0.5,5.0,5.0,15.25,2024-01-05 15:04:00+00:00,2024-01-05 15:04:00+00:00,2024-01-05 15:09:00+00:00,2024-01-05 15:09:00+00:00,momentum_long_open_b15181741626,1,market,0.0,5,1,20,12,50675.0
359905,359906,359910,359910,closed,timeout,18503.0,18491.75,18503.25,18491.5,18483.0,18515.0,-11.25,-11.75,-12.25,-245.0,10.0,0.5,5.0,5.0,15.5,2024-01-05 15:37:00+00:00,2024-01-05 15:37:00+00:00,2024-01-05 15:42:00+00:00,2024-01-05 15:42:00+00:00,momentum_long_open_b15181741626,1,market,0.0,5,1,20,12,50430.0
361204,361205,361205,361205,closed,target,18459.0,18471.0,18459.25,18470.75,18439.0,18471.0,12.0,11.5,11.0,220.0,10.0,0.5,1.0,1.0,1.75,2024-01-08 14:31:00+00:00,2024-01-08 14:31:00+00:00,2024-01-08 14:32:00+00:00,2024-01-08 14:36:00+00:00,momentum_long_open_b15181741626,1,market,0.0,5,1,20,12,50650.0
361205,361206,361208,361208,closed,target,18477.25,18489.25,18477.5,18489.0,18457.25,18489.25,12.0,11.5,11.0,220.0,10.0,0.5,3.0,3.0,0.75,2024-01-08 14:32:00+00:00,2024-01-08 14:32:00+00:00,2024-01-08 14:35:00+00:00,2024-01-08 14:37:00+00:00,momentum_long_open_b15181741626,1,market,0.0,5,1,20,12,50870.0
361208,361209,361212,361212,closed,target,18486.75,18498.75,18487.0,18498.5,18466.75,18498.75,12.0,11.5,11.0,220.0,10.0,0.5,4.0,4.0,3.0,2024-01-08 14:35:00+00:00,2024-01-08 14:35:00+00:00,2024-01-08 14:39:00+00:00,2024-01-08 14:40:00+00:00,momentum_long_open_b15181741626,1,market,0.0,5,1,20,12,51090.0
361213,361214,361218,361218,closed,timeout,18509.0,18517.75,18509.25,18517.5,18489.0,18521.0,8.75,8.25,7.75,155.0,10.0,0.5,5.0,5.0,9.25,2024-01-08 14:40:00+00:00,2024-01-08 14:40:00+00:00,2024-01-08 14:45:00+00:00,2024-01-08 14:45:00+00:00,momentum_long_open_b15181741626,1,market,0.0,5,1,20,12,51245.0
361219,361220,361224,361224,closed,timeout,18527.75,18524.0,18528.0,18523.75,18507.75,18539.75,-3.75,-4.25,-4.75,-95.0,10.0,0.5,5.0,5.0,6.0,2024-01-08 14:46:00+00:00,2024-01-08 14:46:00+00:00,2024-01-08 14:51:00+00:00,2024-01-08 14:51:00+00:00,momentum_long_open_b15181741626,1,market,0.0,5,1,20,12,51150.0
361232,361233,361233,361233,closed,target,18555.75,18567.75,18556.0,18567.5,18535.75,18567.75,12.0,11.5,11.0,220.0,10.0,0.5,1.0,1.0,0.5,2024-01-08 14:59:00+00:00,2024-01-08 14:59:00+00:00,2024-01-08 15:00:00+00:00,2024-01-08 15:04:00+00:00,momentum_long_open_b15181741626,1,market,0.0,5,1,20,12,51370.0
361233,361234,361238,361238,closed,target,18569.75,18581.75,18570.0,18581.5,18549.75,18581.75,12.0,11.5,11.0,220.0,10.0,0.5,5.0,5.0,16.0,2024-01-08 15:00:00+00:00,2024-01-08 15:00:00+00:00,2024-01-08 15:05:00+00:00,2024-01-08 15:05:00+00:00,momentum_long_open_b15181741626,1,market,0.0,5,1,20,12,51590.0
361239,361240,361244,361244,closed,timeout,18579.25,18579.0,18579.5,18578.75,18559.25,18591.25,-0.25,-0.75,-1.25,-25.0,10.0,0.5,5.0,5.0,5.75,2024-01-08 15:06:00+00:00,2024-01-08 15:06:00+00:00,2024-01-08 15:11:00+00:00,2024-01-08 15:11:00+00:00,momentum_long_open_b15181741626,1,market,0.0,5,1,20,12,51565.0
361265,361266,361270,361270,closed,timeout,18592.5,18590.75,18592.75,18590.5,18572.5,18604.5,-1.75,-2.25,-2.75,-55.0,10.0,0.5,5.0,5.0,5.5,2024-01-08 15:32:00+00:00,2024-01-08 15:32:00+00:00,2024-01-08 15:37:00+00:00,2024-01-08 15:37:00+00:00,momentum_long_open_b15181741626,1,market,0.0,5,1,20,12,51510.0
361282,361283,361287,361287,closed,timeout,18601.0,18603.0,18601.25,18602.75,18581.0,18613.0,2.0,1.5,1.0,20.0,10.0,0.5,5.0,5.0,1.0,2024-01-08 15:49:00+00:00,2024-01-08 15:49:00+00:00,2024-01-08 15:54:00+00:00,2024-01-08 15:54:00+00:00,momentum_long_open_b15181741626,1,market,0.0,5,1,20,12,51530.0
362572,362573,362573,362573,closed,stop,18652.5,18632.5,18652.75,18632.25,18632.5,18664.5,-20.0,-20.5,-21.0,-420.0,10.0,0.5,1.0,1.0,21.75,2024-01-09 14:35:00+00:00,2024-01-09 14:35:00+00:00,2024-01-09 14:36:00+00:00,2024-01-09 14:40:00+00:00,momentum_long_open_b15181741626,1,market,0.0,5,1,20,12,51110.0
362612,362613,362615,362615,closed,target,18673.25,18685.25,18673.5,18685.0,18653.25,18685.25,12.0,11.5,11.0,220.0,10.0,0.5,3.0,3.0,4.0,2024-01-09 15:15:00+00:00,2024-01-09 15:15:00+00:00,2024-01-09 15:18:00+00:00,2024-01-09 15:20:00+00:00,momentum_long_open_b15181741626,1,market,0.0,5,1,20,12,51330.0
362615,362616,362620,362620,closed,timeout,18682.5,18680.25,18682.75,18680.0,18662.5,18694.5,-2.25,-2.75,-3.25,-65.0,10.0,0.5,5.0,5.0,5.5,2024-01-09 15:18:00+00:00,2024-01-09 15:18:00+00:00,2024-01-09 15:23:00+00:00,2024-01-09 15:23:00+00:00,momentum_long_open_b15181741626,1,market,0.0,5,1,20,12,51265.0
363933,363934,363938,363938,closed,timeout,18803.5,18803.5,18803.75,18803.25,18783.5,18815.5,0.0,-0.5,-1.0,-20.0,10.0,0.5,5.0,5.0,12.0,2024-01-10 14:31:00+00:00,2024-01-10 14:31:00+00:00,2024-01-10 14:36:00+00:00,2024-01-10 14:36:00+00:00,momentum_long_open_b15181741626,1,market,0.0,5,1,20,12,51245.0
363975,363976,363978,363978,closed,target,18784.5,18796.5,18784.75,18796.25,18764.5,18796.5,12.0,11.5,11.0,220.0,10.0,0.5,3.0,3.0,1.75,2024-01-10 15:13:00+00:00,2024-01-10 15:13:00+00:00,2024-01-10 15:16:00+00:00,2024-01-10 15:18:00+00:00,momentum_long_open_b15181741626,1,market,0.0,5,1,20,12,51465.0
363978,363979,363983,363983,closed,timeout,18795.75,18785.25,18796.0,18785.0,18775.75,18807.75,-10.5,-11.0,-11.5,-230.0,10.0,0.5,5.0,5.0,15.75,2024-01-10 15:16:00+00:00,2024-01-10 15:16:00+00:00,2024-01-10 15:21:00+00:00,2024-01-10 15:21:00+00:00,momentum_long_open_b15181741626,1,market,0.0,5,1,20,12,51235.0
363993,363994,363998,363998,closed,timeout,18802.5,18804.5,18802.75,18804.25,18782.5,18814.5,2.0,1.5,1.0,20.0,10.0,0.5,5.0,5.0,3.0,2024-01-10 15:31:00+00:00,2024-01-10 15:31:00+00:00,2024-01-10 15:36:00+00:00,2024-01-10 15:36:00+00:00,momentum_long_open_b15181741626,1,market,0.0,5,1,20,12,51255.0
364007,364008,364012,364012,closed,timeout,18826.5,18829.5,18826.75,18829.25,18806.5,18838.5,3.0,2.5,2.0,40.0,10.0,0.5,5.0,5.0,8.75,2024-01-10 15:45:00+00:00,2024-01-10 15:45:00+00:00,2024-01-10 15:50:00+00:00,2024-01-10 15:50:00+00:00,momentum_long_open_b15181741626,1,market,0.0,5,1,20,12,51295.0
364013,364014,364018,364018,closed,timeout,18832.75,18827.5,18833.0,18827.25,18812.75,18844.75,-5.25,-5.75,-6.25,-125.0,10.0,0.5,5.0,5.0,10.75,2024-01-10 15:51:00+00:00,2024-01-10 15:51:00+00:00,2024-01-10 15:56:00+00:00,2024-01-10 15:56:00+00:00,momentum_long_open_b15181741626,1,market,0.0,5,1,20,12,51170.0
365298,365299,365300,365300,closed,stop,18943.75,18923.75,18944.0,18923.5,18923.75,18955.75,-20.0,-20.5,-21.0,-420.0,10.0,0.5,2.0,2.0,27.75,2024-01-11 14:31:00+00:00,2024-01-11 14:31:00+00:00,2024-01-11 14:33:00+00:00,2024-01-11 14:36:00+00:00,momentum_long_open_b15181741626,1,market,0.0,5,1,20,12,50750.0
365303,365304,365304,365304,closed,target,18972.25,18984.25,18972.5,18984.0,18952.25,18984.25,12.0,11.5,11.0,220.0,10.0,0.5,1.0,1.0,7.0,2024-01-11 14:36:00+00:00,2024-01-11 14:36:00+00:00,2024-01-11 14:37:00+00:00,2024-01-11 14:41:00+00:00,momentum_long_open_b15181741626,1,market,0.0,5,1,20,12,50970.0
366662,366663,366665,366665,closed,stop,18949.25,18929.25,18949.5,18929.0,18929.25,18961.25,-20.0,-20.5,-21.0,-420.0,10.0,0.5,3.0,3.0,34.25,2024-01-12 14:30:00+00:00,2024-01-12 14:30:00+00:00,2024-01-12 14:33:00+00:00,2024-01-12 14:35:00+00:00,momentum_long_open_b15181741626,1,market,0.0,5,1,20,12,50550.0
366675,366676,366678,366678,closed,target,18969.0,18981.0,18969.25,18980.75,18949.0,18981.0,12.0,11.5,11.0,220.0,10.0,0.5,3.0,3.0,7.25,2024-01-12 14:43:00+00:00,2024-01-12 14:43:00+00:00,2024-01-12 14:46:00+00:00,2024-01-12 14:48:00+00:00,momentum_long_open_b15181741626,1,market,0.0,5,1,20,12,50770.0
366678,366679,366683,366683,closed,timeout,18981.0,18973.0,18981.25,18972.75,18961.0,18993.0,-8.0,-8.5,-9.0,-180.0,10.0,0.5,5.0,5.0,13.5,2024-01-12 14:46:00+00:00,2024-01-12 14:46:00+00:00,2024-01-12 14:51:00+00:00,2024-01-12 14:51:00+00:00,momentum_long_open_b15181741626,1,market,0.0,5,1,20,12,50590.0
366725,366726,366730,366730,closed,stop,18927.5,18907.5,18927.75,18907.25,18907.5,18939.5,-20.0,-20.5,-21.0,-420.0,10.0,0.5,5.0,5.0,23.25,2024-01-12 15:33:00+00:00,2024-01-12 15:33:00+00:00,2024-01-12 15:38:00+00:00,2024-01-12 15:38:00+00:00,momentum_long_open_b15181741626,1,market,0.0,5,1,20,12,50170.0
368028,368029,368033,368033,closed,timeout,18904.0,18897.75,18904.25,18897.5,18884.0,18916.0,-6.25,-6.75,-7.25,-145.0,10.0,0.5,5.0,5.0,7.25,2024-01-15 14:31:00+00:00,2024-01-15 14:31:00+00:00,2024-01-15 14:36:00+00:00,2024-01-15 14:36:00+00:00,momentum_long_open_b15181741626,1,market,0.0,5,1,20,12,50025.0
368091,368092,368096,368096,closed,timeout,18900.75,18903.25,18901.0,18903.0,18880.75,18912.75,2.5,2.0,1.5,30.0,10.0,0.5,5.0,5.0,2.0,2024-01-15 15:34:00+00:00,2024-01-15 15:34:00+00:00,2024-01-15 15:39:00+00:00,2024-01-15 15:39:00+00:00,momentum_long_open_b15181741626,1,market,0.0,5,1,20,12,50055.0
368107,368108,368112,368112,closed,timeout,18909.75,18910.75,18910.0,18910.5,18889.75,18921.75,1.0,0.5,0.0,0.0,10.0,0.5,5.0,5.0,1.75,2024-01-15 15:50:00+00:00,2024-01-15 15:50:00+00:00,2024-01-15 15:55:00+00:00,2024-01-15 15:55:00+00:00,momentum_long_open_b15181741626,1,market,0.0,5,1,20,12,50055.0
368113,368114,368118,368118,closed,timeout,18913.75,18917.0,18914.0,18916.75,18893.75,18925.75,3.25,2.75,2.25,45.0,10.0,0.5,5.0,5.0,1.0,2024-01-15 15:56:00+00:00,2024-01-15 15:56:00+00:00,2024-01-15 16:01:00+00:00,2024-01-15 16:01:00+00:00,momentum_long_open_b15181741626,1,market,0.0,5,1,20,12,50100.0
369167,369168,369168,369168,closed,target,18858.0,18870.0,18858.25,18869.75,18838.0,18870.0,12.0,11.5,11.0,220.0,10.0,0.5,1.0,1.0,12.0,2024-01-16 14:30:00+00:00,2024-01-16 14:30:00+00:00,2024-01-16 14:31:00+00:00,2024-01-16 14:35:00+00:00,momentum_long_open_b15181741626,1,market,0.0,5,1,20,12,50320.0
369168,369169,369173,369173,closed,timeout,18873.5,18880.5,18873.75,18880.25,18853.5,18885.5,7.0,6.5,6.0,120.0,10.0,0.5,5.0,5.0,19.5,2024-01-16 14:31:00+00:00,2024-01-16 14:31:00+00:00,2024-01-16 14:36:00+00:00,2024-01-16 14:36:00+00:00,momentum_long_open_b15181741626,1,market,0.0,5,1,20,12,50440.0
369199,369200,369202,369202,closed,stop,18865.25,18845.25,18865.5,18845.0,18845.25,18877.25,-20.0,-20.5,-21.0,-420.0,10.0,0.5,3.0,3.0,29.5,2024-01-16 15:02:00+00:00,2024-01-16 15:02:00+00:00,2024-01-16 15:05:00+00:00,2024-01-16 15:07:00+00:00,momentum_long_open_b15181741626,1,market,0.0,5,1,20,12,50020.0
369212,369213,369215,369215,closed,target,18883.0,18895.0,18883.25,18894.75,18863.0,18895.0,12.0,11.5,11.0,220.0,10.0,0.5,3.0,3.0,9.0,2024-01-16 15:15:00+00:00,2024-01-16 15:15:00+00:00,2024-01-16 15:18:00+00:00,2024-01-16 15:20:00+00:00,momentum_long_open_b15181741626,1,market,0.0,5,1,20,12,50240.0
369215,369216,369216,369216,closed,target,18896.5,18908.5,18896.75,18908.25,18876.5,18908.5,12.0,11.5,11.0,220.0,10.0,0.5,1.0,1.0,1.75,2024-01-16 15:18:00+00:00,2024-01-16 15:18:00+00:00,2024-01-16 15:19:00+00:00,2024-01-16 15:23:00+00:00,momentum_long_open_b15181741626,1,market,0.0,5,1,20,12,50460.0
369216,369217,369218,369218,closed,target,18905.5,18917.5,18905.75,18917.25,18885.5,18917.5,12.0,11.5,11.0,220.0,10.0,0.5,2.0,2.0,4.0,2024-01-16 15:19:00+00:00,2024-01-16 15:19:00+00:00,2024-01-16 15:21:00+00:00,2024-01-16 15:24:00+00:00,momentum_long_open_b15181741626,1,market,0.0,5,1,20,12,50680.0
369218,369219,369220,369220,closed,target,18915.75,18927.75,18916.0,18927.5,18895.75,18927.75,12.0,11.5,11.0,220.0,10.0,0.5,2.0,2.0,7.5,2024-01-16 15:21:00+00:00,2024-01-16 15:21:00+00:00,2024-01-16 15:23:00+00:00,2024-01-16 15:26:00+00:00,momentum_long_open_b15181741626,1,market,0.0,5,1,20,12,50900.0
369220,369221,369222,369222,closed,target,18926.5,18938.5,18926.75,18938.25,18906.5,18938.5,12.0,11.5,11.0,220.0,10.0,0.5,2.0,2.0,4.75,2024-01-16 15:23:00+00:00,2024-01-16 15:23:00+00:00,2024-01-16 15:25:00+00:00,2024-01-16 15:28:00+00:00,momentum_long_open_b15181741626,1,market,0.0,5,1,20,12,51120.0
369222,369223,369227,369227,closed,timeout,18940.25,18932.75,18940.5,18932.5,18920.25,18952.25,-7.5,-8.0,-8.5,-170.0,10.0,0.5,5.0,5.0,12.75,2024-01-16 15:25:00+00:00,2024-01-16 15:25:00+00:00,2024-01-16 15:30:00+00:00,2024-01-16 15:30:00+00:00,momentum_long_open_b15181741626,1,market,0.0,5,1,20,12,50950.0
369246,369247,369251,369251,closed,timeout,18969.0,18972.25,18969.25,18972.0,18949.0,18981.0,3.25,2.75,2.25,45.0,10.0,0.5,5.0,5.0,8.75,2024-01-16 15:49:00+00:00,2024-01-16 15:49:00+00:00,2024-01-16 15:54:00+00:00,2024-01-16 15:54:00+00:00,momentum_long_open_b15181741626,1,market,0.0,5,1,20,12,50995.0
371898,371899,371899,371899,closed,target,18971.25,18983.25,18971.5,18983.0,18951.25,18983.25,12.0,11.5,11.0,220.0,10.0,0.5,1.0,1.0,10.75,2024-01-18 14:31:00+00:00,2024-01-18 14:31:00+00:00,2024-01-18 14:32:00+00:00,2024-01-18 14:36:00+00:00,momentum_long_open_b15181741626,1,market,0.0,5,1,20,12,51215.0
371901,371902,371906,371906,closed,stop,18976.5,18956.5,18976.75,18956.25,18956.5,18988.5,-20.0,-20.5,-21.0,-420.0,10.0,0.5,5.0,5.0,24.5,2024-01-18 14:34:00+00:00,2024-01-18 14:34:00+00:00,2024-01-18 14:39:00+00:00,2024-01-18 14:39:00+00:00,momentum_long_open_b15181741626,1,market,0.0,5,1,20,12,50795.0
371958,371959,371960,371960,closed,stop,18984.25,18964.25,18984.5,18964.0,18964.25,18996.25,-20.0,-20.5,-21.0,-420.0,10.0,0.5,2.0,2.0,32.75,2024-01-18 15:31:00+00:00,2024-01-18 15:31:00+00:00,2024-01-18 15:33:00+00:00,2024-01-18 15:36:00+00:00,momentum_long_open_b15181741626,1,market,0.0,5,1,20,12,50375.0
371969,371970,371974,371974,closed,timeout,19006.75,19003.5,19007.0,19003.25,18986.75,19018.75,-3.25,-3.75,-4.25,-85.0,10.0,0.5,5.0,5.0,19.25,2024-01-18 15:42:00+00:00,2024-01-18 15:42:00+00:00,2024-01-18 15:47:00+00:00,2024-01-18 15:47:00+00:00,momentum_long_open_b15181741626,1,market,0.0,5,1,20,12,50290.0
374629,374630,374630,374630,closed,target,19499.0,19511.0,19499.25,19510.75,19479.0,19511.0,12.0,11.5,11.0,220.0,10.0,0.5,1.0,1.0,3.5,2024-01-22 14:32:00+00:00,2024-01-22 14:32:00+00:00,2024-01-22 14:33:00+00:00,2024-01-22 14:37:00+00:00,momentum_long_open_b15181741626,1,market,0.0,5,1,20,12,50510.0
374632,374633,374634,374634,closed,stop,19514.5,19494.5,19514.75,19494.25,19494.5,19526.5,-20.0,-20.5,-21.0,-420.0,10.0,0.5,2.0,2.0,25.0,2024-01-22 14:35:00+00:00,2024-01-22 14:35:00+00:00,2024-01-22 14:37:00+00:00,2024-01-22 14:40:00+00:00,momentum_long_open_b15181741626,1,market,0.0,5,1,20,12,50090.0
376065,376066,376070,376070,closed,timeout,19411.75,19403.25,19412.0,19403.0,19391.75,19423.75,-8.5,-9.0,-9.5,-190.0,10.0,0.5,5.0,5.0,17.5,2024-01-23 15:43:00+00:00,2024-01-23 15:43:00+00:00,2024-01-23 15:48:00+00:00,2024-01-23 15:48:00+00:00,momentum_long_open_b15181741626,1,market,0.0,5,1,20,12,49900.0
377357,377358,377359,377359,closed,stop,19633.75,19613.75,19634.0,19613.5,19613.75,19645.75,-20.0,-20.5,-21.0,-420.0,10.0,0.5,2.0,2.0,31.75,2024-01-24 14:30:00+00:00,2024-01-24 14:30:00+00:00,2024-01-24 14:32:00+00:00,2024-01-24 14:35:00+00:00,momentum_long_open_b15181741626,1,market,0.0,5,1,20,12,49480.0
377399,377400,377401,377401,closed,target,19620.0,19632.0,19620.25,19631.75,19600.0,19632.0,12.0,11.5,11.0,220.0,10.0,0.5,2.0,2.0,2.25,2024-01-24 15:12:00+00:00,2024-01-24 15:12:00+00:00,2024-01-24 15:14:00+00:00,2024-01-24 15:17:00+00:00,momentum_long_open_b15181741626,1,market,0.0,5,1,20,12,49700.0
377403,377404,377408,377408,closed,timeout,19644.25,19641.75,19644.5,19641.5,19624.25,19656.25,-2.5,-3.0,-3.5,-70.0,10.0,0.5,5.0,5.0,8.25,2024-01-24 15:16:00+00:00,2024-01-24 15:16:00+00:00,2024-01-24 15:21:00+00:00,2024-01-24 15:21:00+00:00,momentum_long_open_b15181741626,1,market,0.0,5,1,20,12,49630.0
377420,377421,377424,377424,closed,target,19660.5,19672.5,19660.75,19672.25,19640.5,19672.5,12.0,11.5,11.0,220.0,10.0,0.5,4.0,4.0,6.25,2024-01-24 15:33:00+00:00,2024-01-24 15:33:00+00:00,2024-01-24 15:37:00+00:00,2024-01-24 15:38:00+00:00,momentum_long_open_b15181741626,1,market,0.0,5,1,20,12,49850.0
377424,377425,377428,377428,closed,target,19674.75,19686.75,19675.0,19686.5,19654.75,19686.75,12.0,11.5,11.0,220.0,10.0,0.5,4.0,4.0,7.0,2024-01-24 15:37:00+00:00,2024-01-24 15:37:00+00:00,2024-01-24 15:41:00+00:00,2024-01-24 15:42:00+00:00,momentum_long_open_b15181741626,1,market,0.0,5,1,20,12,50070.0
377428,377429,377431,377431,closed,target,19685.0,19697.0,19685.25,19696.75,19665.0,19697.0,12.0,11.5,11.0,220.0,10.0,0.5,3.0,3.0,7.5,2024-01-24 15:41:00+00:00,2024-01-24 15:41:00+00:00,2024-01-24 15:44:00+00:00,2024-01-24 15:46:00+00:00,momentum_long_open_b15181741626,1,market,0.0,5,1,20,12,50290.0
377431,377432,377436,377436,closed,timeout,19696.25,19687.5,19696.5,19687.25,19676.25,19708.25,-8.75,-9.25,-9.75,-195.0,10.0,0.5,5.0,5.0,15.75,2024-01-24 15:44:00+00:00,2024-01-24 15:44:00+00:00,2024-01-24 15:49:00+00:00,2024-01-24 15:49:00+00:00,momentum_long_open_b15181741626,1,market,0.0,5,1,20,12,50095.0
378769,378770,378774,378774,closed,target,19651.75,19663.75,19652.0,19663.5,19631.75,19663.75,12.0,11.5,11.0,220.0,10.0,0.5,5.0,5.0,13.5,2024-01-25 15:17:00+00:00,2024-01-25 15:17:00+00:00,2024-01-25 15:22:00+00:00,2024-01-25 15:22:00+00:00,momentum_long_open_b15181741626,1,market,0.0,5,1,20,12,50315.0
378774,378775,378779,378779,closed,timeout,19664.75,19662.0,19665.0,19661.75,19644.75,19676.75,-2.75,-3.25,-3.75,-75.0,10.0,0.5,5.0,5.0,7.5,2024-01-25 15:22:00+00:00,2024-01-25 15:22:00+00:00,2024-01-25 15:27:00+00:00,2024-01-25 15:27:00+00:00,momentum_long_open_b15181741626,1,market,0.0,5,1,20,12,50240.0
380144,380145,380146,380146,closed,target,19508.75,19520.75,19509.0,19520.5,19488.75,19520.75,12.0,11.5,11.0,220.0,10.0,0.5,2.0,2.0,3.0,2024-01-26 15:27:00+00:00,2024-01-26 15:27:00+00:00,2024-01-26 15:29:00+00:00,2024-01-26 15:32:00+00:00,momentum_long_open_b15181741626,1,market,0.0,5,1,20,12,50460.0
380146,380147,380150,380150,closed,target,19519.5,19531.5,19519.75,19531.25,19499.5,19531.5,12.0,11.5,11.0,220.0,10.0,0.5,4.0,4.0,3.5,2024-01-26 15:29:00+00:00,2024-01-26 15:29:00+00:00,2024-01-26 15:33:00+00:00,2024-01-26 15:34:00+00:00,momentum_long_open_b15181741626,1,market,0.0,5,1,20,12,50680.0
380150,380151,380155,380155,closed,timeout,19539.0,19543.5,19539.25,19543.25,19519.0,19551.0,4.5,4.0,3.5,70.0,10.0,0.5,5.0,5.0,12.25,2024-01-26 15:33:00+00:00,2024-01-26 15:33:00+00:00,2024-01-26 15:38:00+00:00,2024-01-26 15:38:00+00:00,momentum_long_open_b15181741626,1,market,0.0,5,1,20,12,50750.0
380167,380168,380172,380172,closed,timeout,19550.0,19555.0,19550.25,19554.75,19530.0,19562.0,5.0,4.5,4.0,80.0,10.0,0.5,5.0,5.0,7.75,2024-01-26 15:50:00+00:00,2024-01-26 15:50:00+00:00,2024-01-26 15:55:00+00:00,2024-01-26 15:55:00+00:00,momentum_long_open_b15181741626,1,market,0.0,5,1,20,12,50830.0
380173,380174,380178,380178,closed,timeout,19564.0,19563.5,19564.25,19563.25,19544.0,19576.0,-0.5,-1.0,-1.5,-30.0,10.0,0.5,5.0,5.0,10.0,2024-01-26 15:56:00+00:00,2024-01-26 15:56:00+00:00,2024-01-26 16:01:00+00:00,2024-01-26 16:01:00+00:00,momentum_long_open_b15181741626,1,market,0.0,5,1,20,12,50800.0
381461,381462,381466,381466,closed,timeout,19514.75,19513.25,19515.0,19513.0,19494.75,19526.75,-1.5,-2.0,-2.5,-50.0,10.0,0.5,5.0,5.0,7.75,2024-01-29 14:39:00+00:00,2024-01-29 14:39:00+00:00,2024-01-29 14:44:00+00:00,2024-01-29 14:44:00+00:00,momentum_long_open_b15181741626,1,market,0.0,5,1,20,12,50750.0
382819,382820,382824,382824,closed,timeout,19617.75,19620.0,19618.0,19619.75,19597.75,19629.75,2.25,1.75,1.25,25.0,10.0,0.5,5.0,5.0,10.75,2024-01-30 14:33:00+00:00,2024-01-30 14:33:00+00:00,2024-01-30 14:38:00+00:00,2024-01-30 14:38:00+00:00,momentum_long_open_b15181741626,1,market,0.0,5,1,20,12,50775.0
384186,384187,384189,384189,closed,stop,19356.5,19336.5,19356.75,19336.25,19336.5,19368.5,-20.0,-20.5,-21.0,-420.0,10.0,0.5,3.0,3.0,25.25,2024-01-31 14:35:00+00:00,2024-01-31 14:35:00+00:00,2024-01-31 14:38:00+00:00,2024-01-31 14:40:00+00:00,momentum_long_open_b15181741626,1,market,0.0,5,1,20,12,50355.0
385585,385586,385586,385586,closed,target,19283.5,19295.5,19283.75,19295.25,19263.5,19295.5,12.0,11.5,11.0,220.0,10.0,0.5,1.0,1.0,2.25,2024-02-01 15:09:00+00:00,2024-02-01 15:09:00+00:00,2024-02-01 15:10:00+00:00,2024-02-01 15:14:00+00:00,momentum_long_open_b15181741626,1,market,0.0,5,1,20,12,50575.0
385586,385587,385591,385591,closed,timeout,19294.0,19285.75,19294.25,19285.5,19274.0,19306.0,-8.25,-8.75,-9.25,-185.0,10.0,0.5,5.0,5.0,19.0,2024-02-01 15:10:00+00:00,2024-02-01 15:10:00+00:00,2024-02-01 15:15:00+00:00,2024-02-01 15:15:00+00:00,momentum_long_open_b15181741626,1,market,0.0,5,1,20,12,50390.0
385608,385609,385613,385613,closed,timeout,19308.25,19307.75,19308.5,19307.5,19288.25,19320.25,-0.5,-1.0,-1.5,-30.0,10.0,0.5,5.0,5.0,14.0,2024-02-01 15:32:00+00:00,2024-02-01 15:32:00+00:00,2024-02-01 15:37:00+00:00,2024-02-01 15:37:00+00:00,momentum_long_open_b15181741626,1,market,0.0,5,1,20,12,50360.0
386923,386924,386924,386924,closed,target,19495.75,19507.75,19496.0,19507.5,19475.75,19507.75,12.0,11.5,11.0,220.0,10.0,0.5,1.0,1.0,5.5,2024-02-02 14:42:00+00:00,2024-02-02 14:42:00+00:00,2024-02-02 14:43:00+00:00,2024-02-02 14:47:00+00:00,momentum_long_open_b15181741626,1,market,0.0,5,1,20,12,50580.0
386924,386925,386927,386927,closed,target,19511.0,19523.0,19511.25,19522.75,19491.0,19523.0,12.0,11.5,11.0,220.0,10.0,0.5,3.0,3.0,9.0,2024-02-02 14:43:00+00:00,2024-02-02 14:43:00+00:00,2024-02-02 14:46:00+00:00,2024-02-02 14:48:00+00:00,momentum_long_open_b15181741626,1,market,0.0,5,1,20,12,50800.0
386927,386928,386929,386929,closed,target,19540.75,19552.75,19541.0,19552.5,19520.75,19552.75,12.0,11.5,11.0,220.0,10.0,0.5,2.0,2.0,8.75,2024-02-02 14:46:00+00:00,2024-02-02 14:46:00+00:00,2024-02-02 14:48:00+00:00,2024-02-02 14:51:00+00:00,momentum_long_open_b15181741626,1,market,0.0,5,1,20,12,51020.0
386929,386930,386931,386931,closed,stop,19556.5,19536.5,19556.75,19536.25,19536.5,19568.5,-20.0,-20.5,-21.0,-420.0,10.0,0.5,2.0,2.0,31.75,2024-02-02 14:48:00+00:00,2024-02-02 14:48:00+00:00,2024-02-02 14:50:00+00:00,2024-02-02 14:53:00+00:00,momentum_long_open_b15181741626,1,market,0.0,5,1,20,12,50600.0
386983,386984,386984,386984,closed,target,19567.75,19579.75,19568.0,19579.5,19547.75,19579.75,12.0,11.5,11.0,220.0,10.0,0.5,1.0,1.0,0.25,2024-02-02 15:42:00+00:00,2024-02-02 15:42:00+00:00,2024-02-02 15:43:00+00:00,2024-02-02 15:47:00+00:00,momentum_long_open_b15181741626,1,market,0.0,5,1,20,12,50820.0
386984,386985,386986,386986,closed,target,19584.25,19596.25,19584.5,19596.0,19564.25,19596.25,12.0,11.5,11.0,220.0,10.0,0.5,2.0,2.0,3.0,2024-02-02 15:43:00+00:00,2024-02-02 15:43:00+00:00,2024-02-02 15:45:00+00:00,2024-02-02 15:48:00+00:00,momentum_long_open_b15181741626,1,market,0.0,5,1,20,12,51040.0
386986,386987,386990,386990,closed,target,19595.0,19607.0,19595.25,19606.75,19575.0,19607.0,12.0,11.5,11.0,220.0,10.0,0.5,4.0,4.0,10.25,2024-02-02 15:45:00+00:00,2024-02-02 15:45:00+00:00,2024-02-02 15:49:00+00:00,2024-02-02 15:50:00+00:00,momentum_long_open_b15181741626,1,market,0.0,5,1,20,12,51260.0
389707,389708,389711,389711,closed,stop,19596.25,19576.25,19596.5,19576.0,19576.25,19608.25,-20.0,-20.5,-21.0,-420.0,10.0,0.5,4.0,4.0,21.75,2024-02-06 15:36:00+00:00,2024-02-06 15:36:00+00:00,2024-02-06 15:40:00+00:00,2024-02-06 15:41:00+00:00,momentum_long_open_b15181741626,1,market,0.0,5,1,20,12,50840.0
391050,391051,391054,391054,closed,target,19747.0,19759.0,19747.25,19758.75,19727.0,19759.0,12.0,11.5,11.0,220.0,10.0,0.5,4.0,4.0,5.5,2024-02-07 15:14:00+00:00,2024-02-07 15:14:00+00:00,2024-02-07 15:18:00+00:00,2024-02-07 15:19:00+00:00,momentum_long_open_b15181741626,1,market,0.0,5,1,20,12,51060.0
391054,391055,391059,391059,closed,timeout,19762.75,19761.0,19763.0,19760.75,19742.75,19774.75,-1.75,-2.25,-2.75,-55.0,10.0,0.5,5.0,5.0,16.0,2024-02-07 15:18:00+00:00,2024-02-07 15:18:00+00:00,2024-02-07 15:23:00+00:00,2024-02-07 15:23:00+00:00,momentum_long_open_b15181741626,1,market,0.0,5,1,20,12,51005.0
391061,391062,391064,391064,closed,target,19778.5,19790.5,19778.75,19790.25,19758.5,19790.5,12.0,11.5,11.0,220.0,10.0,0.5,3.0,3.0,8.75,2024-02-07 15:25:00+00:00,2024-02-07 15:25:00+00:00,2024-02-07 15:28:00+00:00,2024-02-07 15:30:00+00:00,momentum_long_open_b15181741626,1,market,0.0,5,1,20,12,51225.0
391064,391065,391066,391066,closed,target,19792.75,19804.75,19793.0,19804.5,19772.75,19804.75,12.0,11.5,11.0,220.0,10.0,0.5,2.0,2.0,3.0,2024-02-07 15:28:00+00:00,2024-02-07 15:28:00+00:00,2024-02-07 15:30:00+00:00,2024-02-07 15:33:00+00:00,momentum_long_open_b15181741626,1,market,0.0,5,1,20,12,51445.0
391066,391067,391068,391068,closed,stop,19806.25,19786.25,19806.5,19786.0,19786.25,19818.25,-20.0,-20.5,-21.0,-420.0,10.0,0.5,2.0,2.0,21.25,2024-02-07 15:30:00+00:00,2024-02-07 15:30:00+00:00,2024-02-07 15:32:00+00:00,2024-02-07 15:35:00+00:00,momentum_long_open_b15181741626,1,market,0.0,5,1,20,12,51025.0
391089,391090,391090,391090,closed,stop,19814.75,19794.75,19815.0,19794.5,19794.75,19826.75,-20.0,-20.5,-21.0,-420.0,10.0,0.5,1.0,1.0,21.5,2024-02-07 15:53:00+00:00,2024-02-07 15:53:00+00:00,2024-02-07 15:54:00+00:00,2024-02-07 15:58:00+00:00,momentum_long_open_b15181741626,1,market,0.0,5,1,20,12,50605.0
392394,392395,392399,392399,closed,timeout,19781.25,19779.0,19781.5,19778.75,19761.25,19793.25,-2.25,-2.75,-3.25,-65.0,10.0,0.5,5.0,5.0,6.5,2024-02-08 14:53:00+00:00,2024-02-08 14:53:00+00:00,2024-02-08 14:58:00+00:00,2024-02-08 14:58:00+00:00,momentum_long_open_b15181741626,1,market,0.0,5,1,20,12,50540.0
392450,392451,392453,392453,closed,target,19814.5,19826.5,19814.75,19826.25,19794.5,19826.5,12.0,11.5,11.0,220.0,10.0,0.5,3.0,3.0,2.75,2024-02-08 15:49:00+00:00,2024-02-08 15:49:00+00:00,2024-02-08 15:52:00+00:00,2024-02-08 15:54:00+00:00,momentum_long_open_b15181741626,1,market,0.0,5,1,20,12,50760.0
392453,392454,392458,392458,closed,timeout,19826.5,19825.5,19826.75,19825.25,19806.5,19838.5,-1.0,-1.5,-2.0,-40.0,10.0,0.5,5.0,5.0,7.25,2024-02-08 15:52:00+00:00,2024-02-08 15:52:00+00:00,2024-02-08 15:57:00+00:00,2024-02-08 15:57:00+00:00,momentum_long_open_b15181741626,1,market,0.0,5,1,20,12,50720.0
393765,393766,393770,393770,closed,timeout,19881.25,19873.25,19881.5,19873.0,19861.25,19893.25,-8.0,-8.5,-9.0,-180.0,10.0,0.5,5.0,5.0,13.25,2024-02-09 15:00:00+00:00,2024-02-09 15:00:00+00:00,2024-02-09 15:05:00+00:00,2024-02-09 15:05:00+00:00,momentum_long_open_b15181741626,1,market,0.0,5,1,20,12,50540.0
393783,393784,393788,393788,closed,timeout,19901.5,19900.25,19901.75,19900.0,19881.5,19913.5,-1.25,-1.75,-2.25,-45.0,10.0,0.5,5.0,5.0,9.0,2024-02-09 15:18:00+00:00,2024-02-09 15:18:00+00:00,2024-02-09 15:23:00+00:00,2024-02-09 15:23:00+00:00,momentum_long_open_b15181741626,1,market,0.0,5,1,20,12,50495.0
393798,393799,393802,393802,closed,target,19917.25,19929.25,19917.5,19929.0,19897.25,19929.25,12.0,11.5,11.0,220.0,10.0,0.5,4.0,4.0,6.25,2024-02-09 15:33:00+00:00,2024-02-09 15:33:00+00:00,2024-02-09 15:37:00+00:00,2024-02-09 15:38:00+00:00,momentum_long_open_b15181741626,1,market,0.0,5,1,20,12,50715.0
393802,393803,393807,393807,closed,timeout,19933.0,19927.75,19933.25,19927.5,19913.0,19945.0,-5.25,-5.75,-6.25,-125.0,10.0,0.5,5.0,5.0,17.0,2024-02-09 15:37:00+00:00,2024-02-09 15:37:00+00:00,2024-02-09 15:42:00+00:00,2024-02-09 15:42:00+00:00,momentum_long_open_b15181741626,1,market,0.0,5,1,20,12,50590.0
395151,395152,395156,395156,closed,timeout,19976.75,19981.75,19977.0,19981.5,19956.75,19988.75,5.0,4.5,4.0,80.0,10.0,0.5,5.0,5.0,8.5,2024-02-12 15:28:00+00:00,2024-02-12 15:28:00+00:00,2024-02-12 15:33:00+00:00,2024-02-12 15:33:00+00:00,momentum_long_open_b15181741626,1,market,0.0,5,1,20,12,50670.0
395157,395158,395162,395162,closed,timeout,19985.5,19990.75,19985.75,19990.5,19965.5,19997.5,5.25,4.75,4.25,85.0,10.0,0.5,5.0,5.0,5.75,2024-02-12 15:34:00+00:00,2024-02-12 15:34:00+00:00,2024-02-12 15:39:00+00:00,2024-02-12 15:39:00+00:00,momentum_long_open_b15181741626,1,market,0.0,5,1,20,12,50755.0
395163,395164,395168,395168,closed,timeout,19992.25,20000.5,19992.5,20000.25,19972.25,20004.25,8.25,7.75,7.25,145.0,10.0,0.5,5.0,5.0,2.75,2024-02-12 15:40:00+00:00,2024-02-12 15:40:00+00:00,2024-02-12 15:45:00+00:00,2024-02-12 15:45:00+00:00,momentum_long_open_b15181741626,1,market,0.0,5,1,20,12,50900.0
395168,395169,395173,395173,closed,timeout,20001.0,20005.25,20001.25,20005.0,19981.0,20013.0,4.25,3.75,3.25,65.0,10.0,0.5,5.0,5.0,3.0,2024-02-12 15:45:00+00:00,2024-02-12 15:45:00+00:00,2024-02-12 15:50:00+00:00,2024-02-12 15:50:00+00:00,momentum_long_open_b15181741626,1,market,0.0,5,1,20,12,50965.0
395176,395177,395181,395181,closed,timeout,20014.25,20022.25,20014.5,20022.0,19994.25,20026.25,8.0,7.5,7.0,140.0,10.0,0.5,5.0,5.0,0.75,2024-02-12 15:53:00+00:00,2024-02-12 15:53:00+00:00,2024-02-12 15:58:00+00:00,2024-02-12 15:58:00+00:00,momentum_long_open_b15181741626,1,market,0.0,5,1,20,12,51105.0
396513,396514,396514,396514,closed,target,19646.25,19658.25,19646.5,19658.0,19626.25,19658.25,12.0,11.5,11.0,220.0,10.0,0.5,1.0,1.0,0.75,2024-02-13 15:25:00+00:00,2024-02-13 15:25:00+00:00,2024-02-13 15:26:00+00:00,2024-02-13 15:30:00+00:00,momentum_long_open_b15181741626,1,market,0.0,5,1,20,12,51325.0
396514,396515,396518,396518,closed,target,19658.75,19670.75,19659.0,19670.5,19638.75,19670.75,12.0,11.5,11.0,220.0,10.0,0.5,4.0,4.0,9.25,2024-02-13 15:26:00+00:00,2024-02-13 15:26:00+00:00,2024-02-13 15:30:00+00:00,2024-02-13 15:31:00+00:00,momentum_long_open_b15181741626,1,market,0.0,5,1,20,12,51545.0
396518,396519,396520,396520,closed,target,19683.5,19695.5,19683.75,19695.25,19663.5,19695.5,12.0,11.5,11.0,220.0,10.0,0.5,2.0,2.0,4.0,2024-02-13 15:30:00+00:00,2024-02-13 15:30:00+00:00,2024-02-13 15:32:00+00:00,2024-02-13 15:35:00+00:00,momentum_long_open_b15181741626,1,market,0.0,5,1,20,12,51765.0
396520,396521,396525,396525,closed,timeout,19691.75,19695.75,19692.0,19695.5,19671.75,19703.75,4.0,3.5,3.0,60.0,10.0,0.5,5.0,5.0,14.5,2024-02-13 15:32:00+00:00,2024-02-13 15:32:00+00:00,2024-02-13 15:37:00+00:00,2024-02-13 15:37:00+00:00,momentum_long_open_b15181741626,1,market,0.0,5,1,20,12,51825.0
396527,396528,396528,396528,closed,target,19702.25,19714.25,19702.5,19714.0,19682.25,19714.25,12.0,11.5,11.0,220.0,10.0,0.5,1.0,1.0,4.0,2024-02-13 15:39:00+00:00,2024-02-13 15:39:00+00:00,2024-02-13 15:40:00+00:00,2024-02-13 15:44:00+00:00,momentum_long_open_b15181741626,1,market,0.0,5,1,20,12,52045.0
396528,396529,396532,396532,closed,target,19719.75,19731.75,19720.0,19731.5,19699.75,19731.75,12.0,11.5,11.0,220.0,10.0,0.5,4.0,4.0,16.75,2024-02-13 15:40:00+00:00,2024-02-13 15:40:00+00:00,2024-02-13 15:44:00+00:00,2024-02-13 15:45:00+00:00,momentum_long_open_b15181741626,1,market,0.0,5,1,20,12,52265.0
396532,396533,396537,396537,closed,timeout,19731.5,19716.25,19731.75,19716.0,19711.5,19743.5,-15.25,-15.75,-16.25,-325.0,10.0,0.5,5.0,5.0,18.0,2024-02-13 15:44:00+00:00,2024-02-13 15:44:00+00:00,2024-02-13 15:49:00+00:00,2024-02-13 15:49:00+00:00,momentum_long_open_b15181741626,1,market,0.0,5,1,20,12,51940.0
397823,397824,397824,397824,closed,target,19730.0,19742.0,19730.25,19741.75,19710.0,19742.0,12.0,11.5,11.0,220.0,10.0,0.5,1.0,1.0,5.0,2024-02-14 14:30:00+00:00,2024-02-14 14:30:00+00:00,2024-02-14 14:31:00+00:00,2024-02-14 14:35:00+00:00,momentum_long_open_b15181741626,1,market,0.0,5,1,20,12,52160.0
397824,397825,397825,397825,closed,target,19742.75,19754.75,19743.0,19754.5,19722.75,19754.75,12.0,11.5,11.0,220.0,10.0,0.5,1.0,1.0,5.75,2024-02-14 14:31:00+00:00,2024-02-14 14:31:00+00:00,2024-02-14 14:32:00+00:00,2024-02-14 14:36:00+00:00,momentum_long_open_b15181741626,1,market,0.0,5,1,20,12,52380.0
397825,397826,397829,397829,closed,stop,19740.0,19720.0,19740.25,19719.75,19720.0,19752.0,-20.0,-20.5,-21.0,-420.0,10.0,0.5,4.0,4.0,22.5,2024-02-14 14:32:00+00:00,2024-02-14 14:32:00+00:00,2024-02-14 14:36:00+00:00,2024-02-14 14:37:00+00:00,momentum_long_open_b15181741626,1,market,0.0,5,1,20,12,51960.0
397854,397855,397859,397859,closed,timeout,19734.25,19736.5,19734.5,19736.25,19714.25,19746.25,2.25,1.75,1.25,25.0,10.0,0.5,5.0,5.0,18.5,2024-02-14 15:01:00+00:00,2024-02-14 15:01:00+00:00,2024-02-14 15:06:00+00:00,2024-02-14 15:06:00+00:00,momentum_long_open_b15181741626,1,market,0.0,5,1,20,12,51985.0
397861,397862,397863,397863,closed,stop,19750.5,19730.5,19750.75,19730.25,19730.5,19762.5,-20.0,-20.5,-21.0,-420.0,10.0,0.5,2.0,2.0,23.0,2024-02-14 15:08:00+00:00,2024-02-14 15:08:00+00:00,2024-02-14 15:10:00+00:00,2024-02-14 15:13:00+00:00,momentum_long_open_b15181741626,1,market,0.0,5,1,20,12,51565.0
397874,397875,397879,397879,closed,timeout,19776.25,19776.5,19776.5,19776.25,19756.25,19788.25,0.25,-0.25,-0.75,-15.0,10.0,0.5,5.0,5.0,12.75,2024-02-14 15:21:00+00:00,2024-02-14 15:21:00+00:00,2024-02-14 15:26:00+00:00,2024-02-14 15:26:00+00:00,momentum_long_open_b15181741626,1,market,0.0,5,1,20,12,51550.0
397881,397882,397886,397886,closed,timeout,19782.5,19777.75,19782.75,19777.5,19762.5,19794.5,-4.75,-5.25,-5.75,-115.0,10.0,0.5,5.0,5.0,13.5,2024-02-14 15:28:00+00:00,2024-02-14 15:28:00+00:00,2024-02-14 15:33:00+00:00,2024-02-14 15:33:00+00:00,momentum_long_open_b15181741626,1,market,0.0,5,1,20,12,51435.0
399233,399234,399238,399238,closed,timeout,19797.25,19793.75,19797.5,19793.5,19777.25,19809.25,-3.5,-4.0,-4.5,-90.0,10.0,0.5,5.0,5.0,12.75,2024-02-15 15:15:00+00:00,2024-02-15 15:15:00+00:00,2024-02-15 15:20:00+00:00,2024-02-15 15:20:00+00:00,momentum_long_open_b15181741626,1,market,0.0,5,1,20,12,51345.0
400624,400625,400629,400629,closed,timeout,19753.25,19744.25,19753.5,19744.0,19733.25,19765.25,-9.0,-9.5,-10.0,-200.0,10.0,0.5,5.0,5.0,15.0,2024-02-16 15:41:00+00:00,2024-02-16 15:41:00+00:00,2024-02-16 15:46:00+00:00,2024-02-16 15:46:00+00:00,momentum_long_open_b15181741626,1,market,0.0,5,1,20,12,51145.0
401918,401919,401920,401920,closed,target,19730.5,19742.5,19730.75,19742.25,19710.5,19742.5,12.0,11.5,11.0,220.0,10.0,0.5,2.0,2.0,0.75,2024-02-19 14:30:00+00:00,2024-02-19 14:30:00+00:00,2024-02-19 14:32:00+00:00,2024-02-19 14:35:00+00:00,momentum_long_open_b15181741626,1,market,0.0,5,1,20,12,51365.0
401920,401921,401925,401925,closed,timeout,19735.75,19740.0,19736.0,19739.75,19715.75,19747.75,4.25,3.75,3.25,65.0,10.0,0.5,5.0,5.0,9.75,2024-02-19 14:32:00+00:00,2024-02-19 14:32:00+00:00,2024-02-19 14:37:00+00:00,2024-02-19 14:37:00+00:00,momentum_long_open_b15181741626,1,market,0.0,5,1,20,12,51430.0
403060,403061,403061,403061,closed,target,19652.75,19664.75,19653.0,19664.5,19632.75,19664.75,12.0,11.5,11.0,220.0,10.0,0.5,1.0,1.0,8.0,2024-02-20 14:32:00+00:00,2024-02-20 14:32:00+00:00,2024-02-20 14:33:00+00:00,2024-02-20 14:37:00+00:00,momentum_long_open_b15181741626,1,market,0.0,5,1,20,12,51650.0
403061,403062,403062,403062,closed,stop,19654.0,19634.0,19654.25,19633.75,19634.0,19666.0,-20.0,-20.5,-21.0,-420.0,10.0,0.5,1.0,1.0,22.75,2024-02-20 14:33:00+00:00,2024-02-20 14:33:00+00:00,2024-02-20 14:34:00+00:00,2024-02-20 14:38:00+00:00,momentum_long_open_b15181741626,1,market,0.0,5,1,20,12,51230.0
403135,403136,403139,403139,closed,target,19483.75,19495.75,19484.0,19495.5,19463.75,19495.75,12.0,11.5,11.0,220.0,10.0,0.5,4.0,4.0,10.0,2024-02-20 15:47:00+00:00,2024-02-20 15:47:00+00:00,2024-02-20 15:51:00+00:00,2024-02-20 15:52:00+00:00,momentum_long_open_b15181741626,1,market,0.0,5,1,20,12,51450.0
403139,403140,403141,403141,closed,target,19496.0,19508.0,19496.25,19507.75,19476.0,19508.0,12.0,11.5,11.0,220.0,10.0,0.5,2.0,2.0,5.0,2024-02-20 15:51:00+00:00,2024-02-20 15:51:00+00:00,2024-02-20 15:53:00+00:00,2024-02-20 15:56:00+00:00,momentum_long_open_b15181741626,1,market,0.0,5,1,20,12,51670.0
403141,403142,403146,403146,closed,target,19495.0,19507.0,19495.25,19506.75,19475.0,19507.0,12.0,11.5,11.0,220.0,10.0,0.5,5.0,5.0,6.0,2024-02-20 15:53:00+00:00,2024-02-20 15:53:00+00:00,2024-02-20 15:58:00+00:00,2024-02-20 15:58:00+00:00,momentum_long_open_b15181741626,1,market,0.0,5,1,20,12,51890.0
403146,403147,403149,403149,closed,target,19513.5,19525.5,19513.75,19525.25,19493.5,19525.5,12.0,11.5,11.0,220.0,10.0,0.5,3.0,3.0,3.75,2024-02-20 15:58:00+00:00,2024-02-20 15:58:00+00:00,2024-02-20 16:01:00+00:00,2024-02-20 16:03:00+00:00,momentum_long_open_b15181741626,1,market,0.0,5,1,20,12,52110.0
405804,405805,405807,405807,closed,target,19872.75,19884.75,19873.0,19884.5,19852.75,19884.75,12.0,11.5,11.0,220.0,10.0,0.5,3.0,3.0,11.0,2024-02-22 14:46:00+00:00,2024-02-22 14:46:00+00:00,2024-02-22 14:49:00+00:00,2024-02-22 14:51:00+00:00,momentum_long_open_b15181741626,1,market,0.0,5,1,20,12,52330.0
405807,405808,405809,405809,closed,target,19886.0,19898.0,19886.25,19897.75,19866.0,19898.0,12.0,11.5,11.0,220.0,10.0,0.5,2.0,2.0,7.5,2024-02-22 14:49:00+00:00,2024-02-22 14:49:00+00:00,2024-02-22 14:51:00+00:00,2024-02-22 14:54:00+00:00,momentum_long_open_b15181741626,1,market,0.0,5,1,20,12,52550.0
405809,405810,405810,405810,closed,stop,19904.5,19884.5,19904.75,19884.25,19884.5,19916.5,-20.0,-20.5,-21.0,-420.0,10.0,0.5,1.0,1.0,28.5,2024-02-22 14:51:00+00:00,2024-02-22 14:51:00+00:00,2024-02-22 14:52:00+00:00,2024-02-22 14:56:00+00:00,momentum_long_open_b15181741626,1,market,0.0,5,1,20,12,52130.0
405852,405853,405857,405857,closed,timeout,19906.75,19894.25,19907.0,19894.0,19886.75,19918.75,-12.5,-13.0,-13.5,-270.0,10.0,0.5,5.0,5.0,16.75,2024-02-22 15:34:00+00:00,2024-02-22 15:34:00+00:00,2024-02-22 15:39:00+00:00,2024-02-22 15:39:00+00:00,momentum_long_open_b15181741626,1,market,0.0,5,1,20,12,51860.0
407158,407159,407163,407163,closed,timeout,20076.75,20070.0,20077.0,20069.75,20056.75,20088.75,-6.75,-7.25,-7.75,-155.0,10.0,0.5,5.0,5.0,10.5,2024-02-23 14:35:00+00:00,2024-02-23 14:35:00+00:00,2024-02-23 14:40:00+00:00,2024-02-23 14:40:00+00:00,momentum_long_open_b15181741626,1,market,0.0,5,1,20,12,51705.0
408518,408519,408519,408519,closed,target,19958.5,19970.5,19958.75,19970.25,19938.5,19970.5,12.0,11.5,11.0,220.0,10.0,0.5,1.0,1.0,7.75,2024-02-26 14:30:00+00:00,2024-02-26 14:30:00+00:00,2024-02-26 14:31:00+00:00,2024-02-26 14:35:00+00:00,momentum_long_open_b15181741626,1,market,0.0,5,1,20,12,51925.0
408519,408520,408520,408520,closed,target,19974.5,19986.5,19974.75,19986.25,19954.5,19986.5,12.0,11.5,11.0,220.0,10.0,0.5,1.0,1.0,4.25,2024-02-26 14:31:00+00:00,2024-02-26 14:31:00+00:00,2024-02-26 14:32:00+00:00,2024-02-26 14:36:00+00:00,momentum_long_open_b15181741626,1,market,0.0,5,1,20,12,52145.0
408520,408521,408521,408521,closed,stop,19986.5,19966.5,19986.75,19966.25,19966.5,19998.5,-20.0,-20.5,-21.0,-420.0,10.0,0.5,1.0,1.0,23.0,2024-02-26 14:32:00+00:00,2024-02-26 14:32:00+00:00,2024-02-26 14:33:00+00:00,2024-02-26 14:37:00+00:00,momentum_long_open_b15181741626,1,market,0.0,5,1,20,12,51725.0
408556,408557,408561,408561,closed,timeout,19947.75,19950.5,19948.0,19950.25,19927.75,19959.75,2.75,2.25,1.75,35.0,10.0,0.5,5.0,5.0,15.5,2024-02-26 15:08:00+00:00,2024-02-26 15:08:00+00:00,2024-02-26 15:13:00+00:00,2024-02-26 15:13:00+00:00,momentum_long_open_b15181741626,1,market,0.0,5,1,20,12,51760.0
408575,408576,408579,408579,closed,stop,19977.75,19957.75,19978.0,19957.5,19957.75,19989.75,-20.0,-20.5,-21.0,-420.0,10.0,0.5,4.0,4.0,29.75,2024-02-26 15:27:00+00:00,2024-02-26 15:27:00+00:00,2024-02-26 15:31:00+00:00,2024-02-26 15:32:00+00:00,momentum_long_open_b15181741626,1,market,0.0,5,1,20,12,51340.0
409914,409915,409919,409919,closed,stop,19946.75,19926.75,19947.0,19926.5,19926.75,19958.75,-20.0,-20.5,-21.0,-420.0,10.0,0.5,5.0,5.0,27.25,2024-02-27 15:01:00+00:00,2024-02-27 15:01:00+00:00,2024-02-27 15:06:00+00:00,2024-02-27 15:06:00+00:00,momentum_long_open_b15181741626,1,market,0.0,5,1,20,12,50920.0
409933,409934,409938,409938,closed,timeout,19969.25,19955.0,19969.5,19954.75,19949.25,19981.25,-14.25,-14.75,-15.25,-305.0,10.0,0.5,5.0,5.0,17.5,2024-02-27 15:20:00+00:00,2024-02-27 15:20:00+00:00,2024-02-27 15:25:00+00:00,2024-02-27 15:25:00+00:00,momentum_long_open_b15181741626,1,market,0.0,5,1,20,12,50615.0
411290,411291,411295,411295,closed,timeout,19860.0,19856.75,19860.25,19856.5,19840.0,19872.0,-3.25,-3.75,-4.25,-85.0,10.0,0.5,5.0,5.0,14.75,2024-02-28 15:12:00+00:00,2024-02-28 15:12:00+00:00,2024-02-28 15:17:00+00:00,2024-02-28 15:17:00+00:00,momentum_long_open_b15181741626,1,market,0.0,5,1,20,12,50530.0
412613,412614,412614,412614,closed,target,19971.5,19983.5,19971.75,19983.25,19951.5,19983.5,12.0,11.5,11.0,220.0,10.0,0.5,1.0,1.0,9.75,2024-02-29 14:30:00+00:00,2024-02-29 14:30:00+00:00,2024-02-29 14:31:00+00:00,2024-02-29 14:35:00+00:00,momentum_long_open_b15181741626,1,market,0.0,5,1,20,12,50750.0
412614,412615,412615,412615,closed,target,19991.0,20003.0,19991.25,20002.75,19971.0,20003.0,12.0,11.5,11.0,220.0,10.0,0.5,1.0,1.0,9.0,2024-02-29 14:31:00+00:00,2024-02-29 14:31:00+00:00,2024-02-29 14:32:00+00:00,2024-02-29 14:36:00+00:00,momentum_long_open_b15181741626,1,market,0.0,5,1,20,12,50970.0
412616,412617,412618,412618,closed,target,19990.25,20002.25,19990.5,20002.0,19970.25,20002.25,12.0,11.5,11.0,220.0,10.0,0.5,2.0,2.0,6.0,2024-02-29 14:33:00+00:00,2024-02-29 14:33:00+00:00,2024-02-29 14:35:00+00:00,2024-02-29 14:38:00+00:00,momentum_long_open_b15181741626,1,market,0.0,5,1,20,12,51190.0
412618,412619,412619,412619,closed,target,20001.5,20013.5,20001.75,20013.25,19981.5,20013.5,12.0,11.5,11.0,220.0,10.0,0.5,1.0,1.0,0.5,2024-02-29 14:35:00+00:00,2024-02-29 14:35:00+00:00,2024-02-29 14:36:00+00:00,2024-02-29 14:40:00+00:00,momentum_long_open_b15181741626,1,market,0.0,5,1,20,12,51410.0
412619,412620,412621,412621,closed,stop,20011.25,19991.25,20011.5,19991.0,19991.25,20023.25,-20.0,-20.5,-21.0,-420.0,10.0,0.5,2.0,2.0,22.75,2024-02-29 14:36:00+00:00,2024-02-29 14:36:00+00:00,2024-02-29 14:38:00+00:00,2024-02-29 14:41:00+00:00,momentum_long_open_b15181741626,1,market,0.0,5,1,20,12,50990.0
412640,412641,412645,412645,closed,timeout,20005.5,20001.75,20005.75,20001.5,19985.5,20017.5,-3.75,-4.25,-4.75,-95.0,10.0,0.5,5.0,5.0,15.75,2024-02-29 14:57:00+00:00,2024-02-29 14:57:00+00:00,2024-02-29 15:02:00+00:00,2024-02-29 15:02:00+00:00,momentum_long_open_b15181741626,1,market,0.0,5,1,20,12,50895.0
413979,413980,413980,413980,closed,target,20053.25,20065.25,20053.5,20065.0,20033.25,20065.25,12.0,11.5,11.0,220.0,10.0,0.5,1.0,1.0,8.0,2024-03-01 14:31:00+00:00,2024-03-01 14:31:00+00:00,2024-03-01 14:32:00+00:00,2024-03-01 14:36:00+00:00,momentum_long_open_b15181741626,1,market,0.0,5,1,20,12,51115.0
413980,413981,413985,413985,closed,timeout,20075.5,20068.25,20075.75,20068.0,20055.5,20087.5,-7.25,-7.75,-8.25,-165.0,10.0,0.5,5.0,5.0,14.0,2024-03-01 14:32:00+00:00,2024-03-01 14:32:00+00:00,2024-03-01 14:37:00+00:00,2024-03-01 14:37:00+00:00,momentum_long_open_b15181741626,1,market,0.0,5,1,20,12,50950.0
414009,414010,414013,414013,closed,stop,20088.25,20068.25,20088.5,20068.0,20068.25,20100.25,-20.0,-20.5,-21.0,-420.0,10.0,0.5,4.0,4.0,25.25,2024-03-01 15:01:00+00:00,2024-03-01 15:01:00+00:00,2024-03-01 15:05:00+00:00,2024-03-01 15:06:00+00:00,momentum_long_open_b15181741626,1,market,0.0,5,1,20,12,50530.0
414025,414026,414030,414030,closed,timeout,20130.75,20117.0,20131.0,20116.75,20110.75,20142.75,-13.75,-14.25,-14.75,-295.0,10.0,0.5,5.0,5.0,19.75,2024-03-01 15:17:00+00:00,2024-03-01 15:17:00+00:00,2024-03-01 15:22:00+00:00,2024-03-01 15:22:00+00:00,momentum_long_open_b15181741626,1,market,0.0,5,1,20,12,50235.0
415411,415412,415416,415416,closed,timeout,20269.5,20263.0,20269.75,20262.75,20249.5,20281.5,-6.5,-7.0,-7.5,-150.0,10.0,0.5,5.0,5.0,9.0,2024-03-04 15:38:00+00:00,2024-03-04 15:38:00+00:00,2024-03-04 15:43:00+00:00,2024-03-04 15:43:00+00:00,momentum_long_open_b15181741626,1,market,0.0,5,1,20,12,50085.0
418153,418154,418154,418154,closed,target,19999.0,20011.0,19999.25,20010.75,19979.0,20011.0,12.0,11.5,11.0,220.0,10.0,0.5,1.0,1.0,5.5,2024-03-06 15:50:00+00:00,2024-03-06 15:50:00+00:00,2024-03-06 15:51:00+00:00,2024-03-06 15:55:00+00:00,momentum_long_open_b15181741626,1,market,0.0,5,1,20,12,50305.0
418154,418155,418159,418159,closed,timeout,20011.0,20012.25,20011.25,20012.0,19991.0,20023.0,1.25,0.75,0.25,5.0,10.0,0.5,5.0,5.0,5.0,2024-03-06 15:51:00+00:00,2024-03-06 15:51:00+00:00,2024-03-06 15:56:00+00:00,2024-03-06 15:56:00+00:00,momentum_long_open_b15181741626,1,market,0.0,5,1,20,12,50310.0
418162,418163,418165,418165,closed,target,20021.25,20033.25,20021.5,20033.0,20001.25,20033.25,12.0,11.5,11.0,220.0,10.0,0.5,3.0,3.0,6.5,2024-03-06 15:59:00+00:00,2024-03-06 15:59:00+00:00,2024-03-06 16:02:00+00:00,2024-03-06 16:04:00+00:00,momentum_long_open_b15181741626,1,market,0.0,5,1,20,12,50530.0
419444,419445,419445,419445,closed,target,20146.25,20158.25,20146.5,20158.0,20126.25,20158.25,12.0,11.5,11.0,220.0,10.0,0.5,1.0,1.0,0.25,2024-03-07 14:36:00+00:00,2024-03-07 14:36:00+00:00,2024-03-07 14:37:00+00:00,2024-03-07 14:41:00+00:00,momentum_long_open_b15181741626,1,market,0.0,5,1,20,12,50750.0
419445,419446,419449,419449,closed,stop,20157.5,20137.5,20157.75,20137.25,20137.5,20169.5,-20.0,-20.5,-21.0,-420.0,10.0,0.5,4.0,4.0,26.0,2024-03-07 14:37:00+00:00,2024-03-07 14:37:00+00:00,2024-03-07 14:41:00+00:00,2024-03-07 14:42:00+00:00,momentum_long_open_b15181741626,1,market,0.0,5,1,20,12,50330.0
419509,419510,419511,419511,closed,target,20196.0,20208.0,20196.25,20207.75,20176.0,20208.0,12.0,11.5,11.0,220.0,10.0,0.5,2.0,2.0,3.5,2024-03-07 15:41:00+00:00,2024-03-07 15:41:00+00:00,2024-03-07 15:43:00+00:00,2024-03-07 15:46:00+00:00,momentum_long_open_b15181741626,1,market,0.0,5,1,20,12,50550.0
419511,419512,419515,419515,closed,target,20204.0,20216.0,20204.25,20215.75,20184.0,20216.0,12.0,11.5,11.0,220.0,10.0,0.5,4.0,4.0,8.0,2024-03-07 15:43:00+00:00,2024-03-07 15:43:00+00:00,2024-03-07 15:47:00+00:00,2024-03-07 15:48:00+00:00,momentum_long_open_b15181741626,1,market,0.0,5,1,20,12,50770.0
419515,419516,419520,419520,closed,stop,20214.25,20194.25,20214.5,20194.0,20194.25,20226.25,-20.0,-20.5,-21.0,-420.0,10.0,0.5,5.0,5.0,30.5,2024-03-07 15:47:00+00:00,2024-03-07 15:47:00+00:00,2024-03-07 15:52:00+00:00,2024-03-07 15:52:00+00:00,momentum_long_open_b15181741626,1,market,0.0,5,1,20,12,50350.0
420823,420824,420828,420828,closed,target,20297.5,20309.5,20297.75,20309.25,20277.5,20309.5,12.0,11.5,11.0,220.0,10.0,0.5,5.0,5.0,9.25,2024-03-08 14:50:00+00:00,2024-03-08 14:50:00+00:00,2024-03-08 14:55:00+00:00,2024-03-08 14:55:00+00:00,momentum_long_open_b15181741626,1,market,0.0,5,1,20,12,50570.0
420829,420830,420831,420831,closed,target,20316.75,20328.75,20317.0,20328.5,20296.75,20328.75,12.0,11.5,11.0,220.0,10.0,0.5,2.0,2.0,8.25,2024-03-08 14:56:00+00:00,2024-03-08 14:56:00+00:00,2024-03-08 14:58:00+00:00,2024-03-08 15:01:00+00:00,momentum_long_open_b15181741626,1,market,0.0,5,1,20,12,50790.0
420831,420832,420835,420835,closed,target,20324.5,20336.5,20324.75,20336.25,20304.5,20336.5,12.0,11.5,11.0,220.0,10.0,0.5,4.0,4.0,4.25,2024-03-08 14:58:00+00:00,2024-03-08 14:58:00+00:00,2024-03-08 15:02:00+00:00,2024-03-08 15:03:00+00:00,momentum_long_open_b15181741626,1,market,0.0,5,1,20,12,51010.0
420839,420840,420840,420840,closed,target,20342.75,20354.75,20343.0,20354.5,20322.75,20354.75,12.0,11.5,11.0,220.0,10.0,0.5,1.0,1.0,1.5,2024-03-08 15:06:00+00:00,2024-03-08 15:06:00+00:00,2024-03-08 15:07:00+00:00,2024-03-08 15:11:00+00:00,momentum_long_open_b15181741626,1,market,0.0,5,1,20,12,51230.0
420840,420841,420845,420845,closed,timeout,20356.75,20350.5,20357.0,20350.25,20336.75,20368.75,-6.25,-6.75,-7.25,-145.0,10.0,0.5,5.0,5.0,20.0,2024-03-08 15:07:00+00:00,2024-03-08 15:07:00+00:00,2024-03-08 15:12:00+00:00,2024-03-08 15:12:00+00:00,momentum_long_open_b15181741626,1,market,0.0,5,1,20,12,51085.0
422230,422231,422231,422231,closed,target,19903.5,19915.5,19903.75,19915.25,19883.5,19915.5,12.0,11.5,11.0,220.0,10.0,0.5,1.0,1.0,2.75,2024-03-11 14:32:00+00:00,2024-03-11 14:32:00+00:00,2024-03-11 14:33:00+00:00,2024-03-11 14:37:00+00:00,momentum_long_open_b15181741626,1,market,0.0,5,1,20,12,51305.0
422231,422232,422236,422236,closed,stop,19914.75,19894.75,19915.0,19894.5,19894.75,19926.75,-20.0,-20.5,-21.0,-420.0,10.0,0.5,5.0,5.0,23.25,2024-03-11 14:33:00+00:00,2024-03-11 14:33:00+00:00,2024-03-11 14:38:00+00:00,2024-03-11 14:38:00+00:00,momentum_long_open_b15181741626,1,market,0.0,5,1,20,12,50885.0
422253,422254,422254,422254,closed,target,19948.5,19960.5,19948.75,19960.25,19928.5,19960.5,12.0,11.5,11.0,220.0,10.0,0.5,1.0,1.0,0.75,2024-03-11 14:55:00+00:00,2024-03-11 14:55:00+00:00,2024-03-11 14:56:00+00:00,2024-03-11 15:00:00+00:00,momentum_long_open_b15181741626,1,market,0.0,5,1,20,12,51105.0
422254,422255,422259,422259,closed,stop,19954.5,19934.5,19954.75,19934.25,19934.5,19966.5,-20.0,-20.5,-21.0,-420.0,10.0,0.5,5.0,5.0,25.5,2024-03-11 14:56:00+00:00,2024-03-11 14:56:00+00:00,2024-03-11 15:01:00+00:00,2024-03-11 15:01:00+00:00,momentum_long_open_b15181741626,1,market,0.0,5,1,20,12,50685.0
423533,423534,423534,423534,closed,target,20005.0,20017.0,20005.25,20016.75,19985.0,20017.0,12.0,11.5,11.0,220.0,10.0,0.5,1.0,1.0,0.75,2024-03-12 13:30:00+00:00,2024-03-12 13:30:00+00:00,2024-03-12 13:31:00+00:00,2024-03-12 13:35:00+00:00,momentum_long_open_b15181741626,1,market,0.0,5,1,20,12,50905.0
423534,423535,423535,423535,closed,stop,20023.5,20003.5,20023.75,20003.25,20003.5,20035.5,-20.0,-20.5,-21.0,-420.0,10.0,0.5,1.0,1.0,27.25,2024-03-12 13:31:00+00:00,2024-03-12 13:31:00+00:00,2024-03-12 13:32:00+00:00,2024-03-12 13:36:00+00:00,momentum_long_open_b15181741626,1,market,0.0,5,1,20,12,50485.0
423560,423561,423562,423562,closed,target,19963.5,19975.5,19963.75,19975.25,19943.5,19975.5,12.0,11.5,11.0,220.0,10.0,0.5,2.0,2.0,12.75,2024-03-12 13:57:00+00:00,2024-03-12 13:57:00+00:00,2024-03-12 13:59:00+00:00,2024-03-12 14:02:00+00:00,momentum_long_open_b15181741626,1,market,0.0,5,1,20,12,50705.0
423562,423563,423563,423563,closed,target,19975.5,19987.5,19975.75,19987.25,19955.5,19987.5,12.0,11.5,11.0,220.0,10.0,0.5,1.0,1.0,3.5,2024-03-12 13:59:00+00:00,2024-03-12 13:59:00+00:00,2024-03-12 14:00:00+00:00,2024-03-12 14:04:00+00:00,momentum_long_open_b15181741626,1,market,0.0,5,1,20,12,50925.0
423563,423564,423568,423568,closed,timeout,19987.25,19978.5,19987.5,19978.25,19967.25,19999.25,-8.75,-9.25,-9.75,-195.0,10.0,0.5,5.0,5.0,19.0,2024-03-12 14:00:00+00:00,2024-03-12 14:00:00+00:00,2024-03-12 14:05:00+00:00,2024-03-12 14:05:00+00:00,momentum_long_open_b15181741626,1,market,0.0,5,1,20,12,50730.0
423570,423571,423573,423573,closed,stop,20016.75,19996.75,20017.0,19996.5,19996.75,20028.75,-20.0,-20.5,-21.0,-420.0,10.0,0.5,3.0,3.0,21.5,2024-03-12 14:07:00+00:00,2024-03-12 14:07:00+00:00,2024-03-12 14:10:00+00:00,2024-03-12 14:12:00+00:00,momentum_long_open_b15181741626,1,market,0.0,5,1,20,12,50310.0
423588,423589,423593,423593,closed,timeout,20050.5,20058.25,20050.75,20058.0,20030.5,20062.5,7.75,7.25,6.75,135.0,10.0,0.5,5.0,5.0,8.0,2024-03-12 14:25:00+00:00,2024-03-12 14:25:00+00:00,2024-03-12 14:30:00+00:00,2024-03-12 14:30:00+00:00,momentum_long_open_b15181741626,1,market,0.0,5,1,20,12,50445.0
423594,423595,423595,423595,closed,target,20083.0,20095.0,20083.25,20094.75,20063.0,20095.0,12.0,11.5,11.0,220.0,10.0,0.5,1.0,1.0,3.25,2024-03-12 14:31:00+00:00,2024-03-12 14:31:00+00:00,2024-03-12 14:32:00+00:00,2024-03-12 14:36:00+00:00,momentum_long_open_b15181741626,1,market,0.0,5,1,20,12,50665.0
423595,423596,423600,423600,closed,timeout,20095.5,20087.75,20095.75,20087.5,20075.5,20107.5,-7.75,-8.25,-8.75,-175.0,10.0,0.5,5.0,5.0,15.25,2024-03-12 14:32:00+00:00,2024-03-12 14:32:00+00:00,2024-03-12 14:37:00+00:00,2024-03-12 14:37:00+00:00,momentum_long_open_b15181741626,1,market,0.0,5,1,20,12,50490.0
423602,423603,423607,423607,closed,timeout,20103.75,20093.5,20104.0,20093.25,20083.75,20115.75,-10.25,-10.75,-11.25,-225.0,10.0,0.5,5.0,5.0,15.0,2024-03-12 14:39:00+00:00,2024-03-12 14:39:00+00:00,2024-03-12 14:44:00+00:00,2024-03-12 14:44:00+00:00,momentum_long_open_b15181741626,1,market,0.0,5,1,20,12,50265.0
423613,423614,423616,423616,closed,target,20126.5,20138.5,20126.75,20138.25,20106.5,20138.5,12.0,11.5,11.0,220.0,10.0,0.5,3.0,3.0,8.5,2024-03-12 14:50:00+00:00,2024-03-12 14:50:00+00:00,2024-03-12 14:53:00+00:00,2024-03-12 14:55:00+00:00,momentum_long_open_b15181741626,1,market,0.0,5,1,20,12,50485.0
426305,426306,426307,426307,closed,target,19986.25,19998.25,19986.5,19998.0,19966.25,19998.25,12.0,11.5,11.0,220.0,10.0,0.5,2.0,2.0,6.0,2024-03-14 14:12:00+00:00,2024-03-14 14:12:00+00:00,2024-03-14 14:14:00+00:00,2024-03-14 14:17:00+00:00,momentum_long_open_b15181741626,1,market,0.0,5,1,20,12,50705.0
426307,426308,426312,426312,closed,stop,20000.0,19980.0,20000.25,19979.75,19980.0,20012.0,-20.0,-20.5,-21.0,-420.0,10.0,0.5,5.0,5.0,23.75,2024-03-14 14:14:00+00:00,2024-03-14 14:14:00+00:00,2024-03-14 14:19:00+00:00,2024-03-14 14:19:00+00:00,momentum_long_open_b15181741626,1,market,0.0,5,1,20,12,50285.0
427697,427698,427702,427702,closed,timeout,19837.5,19837.75,19837.75,19837.5,19817.5,19849.5,0.25,-0.25,-0.75,-15.0,10.0,0.5,5.0,5.0,15.75,2024-03-15 14:39:00+00:00,2024-03-15 14:39:00+00:00,2024-03-15 14:44:00+00:00,2024-03-15 14:44:00+00:00,momentum_long_open_b15181741626,1,market,0.0,5,1,20,12,50270.0
428995,428996,428996,428996,closed,target,20007.25,20019.25,20007.5,20019.0,19987.25,20019.25,12.0,11.5,11.0,220.0,10.0,0.5,1.0,1.0,3.25,2024-03-18 13:32:00+00:00,2024-03-18 13:32:00+00:00,2024-03-18 13:33:00+00:00,2024-03-18 13:37:00+00:00,momentum_long_open_b15181741626,1,market,0.0,5,1,20,12,50490.0
428996,428997,428999,428999,closed,target,20011.0,20023.0,20011.25,20022.75,19991.0,20023.0,12.0,11.5,11.0,220.0,10.0,0.5,3.0,3.0,14.75,2024-03-18 13:33:00+00:00,2024-03-18 13:33:00+00:00,2024-03-18 13:36:00+00:00,2024-03-18 13:38:00+00:00,momentum_long_open_b15181741626,1,market,0.0,5,1,20,12,50710.0
428999,429000,429004,429004,closed,timeout,20028.25,20025.75,20028.5,20025.5,20008.25,20040.25,-2.5,-3.0,-3.5,-70.0,10.0,0.5,5.0,5.0,19.75,2024-03-18 13:36:00+00:00,2024-03-18 13:36:00+00:00,2024-03-18 13:41:00+00:00,2024-03-18 13:41:00+00:00,momentum_long_open_b15181741626,1,market,0.0,5,1,20,12,50640.0
429035,429036,429040,429040,closed,timeout,20040.75,20035.75,20041.0,20035.5,20020.75,20052.75,-5.0,-5.5,-6.0,-120.0,10.0,0.5,5.0,5.0,11.0,2024-03-18 14:12:00+00:00,2024-03-18 14:12:00+00:00,2024-03-18 14:17:00+00:00,2024-03-18 14:17:00+00:00,momentum_long_open_b15181741626,1,market,0.0,5,1,20,12,50520.0
429051,429052,429056,429056,closed,timeout,20068.25,20056.75,20068.5,20056.5,20048.25,20080.25,-11.5,-12.0,-12.5,-250.0,10.0,0.5,5.0,5.0,19.0,2024-03-18 14:28:00+00:00,2024-03-18 14:28:00+00:00,2024-03-18 14:33:00+00:00,2024-03-18 14:33:00+00:00,momentum_long_open_b15181741626,1,market,0.0,5,1,20,12,50270.0
430428,430429,430432,430432,closed,target,19809.25,19821.25,19809.5,19821.0,19789.25,19821.25,12.0,11.5,11.0,220.0,10.0,0.5,4.0,4.0,4.5,2024-03-19 14:40:00+00:00,2024-03-19 14:40:00+00:00,2024-03-19 14:44:00+00:00,2024-03-19 14:45:00+00:00,momentum_long_open_b15181741626,1,market,0.0,5,1,20,12,50490.0
430432,430433,430437,430437,closed,timeout,19821.75,19826.25,19822.0,19826.0,19801.75,19833.75,4.5,4.0,3.5,70.0,10.0,0.5,5.0,5.0,5.5,2024-03-19 14:44:00+00:00,2024-03-19 14:44:00+00:00,2024-03-19 14:49:00+00:00,2024-03-19 14:49:00+00:00,momentum_long_open_b15181741626,1,market,0.0,5,1,20,12,50560.0
430438,430439,430441,430441,closed,stop,19835.0,19815.0,19835.25,19814.75,19815.0,19847.0,-20.0,-20.5,-21.0,-420.0,10.0,0.5,3.0,3.0,21.5,2024-03-19 14:50:00+00:00,2024-03-19 14:50:00+00:00,2024-03-19 14:53:00+00:00,2024-03-19 14:55:00+00:00,momentum_long_open_b15181741626,1,market,0.0,5,1,20,12,50140.0
431724,431725,431728,431728,closed,stop,20019.25,19999.25,20019.5,19999.0,19999.25,20031.25,-20.0,-20.5,-21.0,-420.0,10.0,0.5,4.0,4.0,23.75,2024-03-20 13:31:00+00:00,2024-03-20 13:31:00+00:00,2024-03-20 13:35:00+00:00,2024-03-20 13:36:00+00:00,momentum_long_open_b15181741626,1,market,0.0,5,1,20,12,49720.0
431778,431779,431781,431781,closed,target,19979.5,19991.5,19979.75,19991.25,19959.5,19991.5,12.0,11.5,11.0,220.0,10.0,0.5,3.0,3.0,7.25,2024-03-20 14:25:00+00:00,2024-03-20 14:25:00+00:00,2024-03-20 14:28:00+00:00,2024-03-20 14:30:00+00:00,momentum_long_open_b15181741626,1,market,0.0,5,1,20,12,49940.0
431781,431782,431786,431786,closed,timeout,19991.25,19985.75,19991.5,19985.5,19971.25,20003.25,-5.5,-6.0,-6.5,-130.0,10.0,0.5,5.0,5.0,9.25,2024-03-20 14:28:00+00:00,2024-03-20 14:28:00+00:00,2024-03-20 14:33:00+00:00,2024-03-20 14:33:00+00:00,momentum_long_open_b15181741626,1,market,0.0,5,1,20,12,49810.0
433088,433089,433092,433092,closed,stop,20381.5,20361.5,20381.75,20361.25,20361.5,20393.5,-20.0,-20.5,-21.0,-420.0,10.0,0.5,4.0,4.0,27.0,2024-03-21 13:30:00+00:00,2024-03-21 13:30:00+00:00,2024-03-21 13:34:00+00:00,2024-03-21 13:35:00+00:00,momentum_long_open_b15181741626,1,market,0.0,5,1,20,12,49390.0
434478,434479,434483,434483,closed,timeout,20232.0,20224.5,20232.25,20224.25,20212.0,20244.0,-7.5,-8.0,-8.5,-170.0,10.0,0.5,5.0,5.0,12.5,2024-03-22 13:55:00+00:00,2024-03-22 13:55:00+00:00,2024-03-22 14:00:00+00:00,2024-03-22 14:00:00+00:00,momentum_long_open_b15181741626,1,market,0.0,5,1,20,12,49220.0
435840,435841,435845,435845,closed,timeout,20174.5,20170.25,20174.75,20170.0,20154.5,20186.5,-4.25,-4.75,-5.25,-105.0,10.0,0.5,5.0,5.0,9.75,2024-03-25 13:52:00+00:00,2024-03-25 13:52:00+00:00,2024-03-25 13:57:00+00:00,2024-03-25 13:57:00+00:00,momentum_long_open_b15181741626,1,market,0.0,5,1,20,12,49115.0
435860,435861,435865,435865,closed,timeout,20211.0,20210.0,20211.25,20209.75,20191.0,20223.0,-1.0,-1.5,-2.0,-40.0,10.0,0.5,5.0,5.0,8.5,2024-03-25 14:12:00+00:00,2024-03-25 14:12:00+00:00,2024-03-25 14:17:00+00:00,2024-03-25 14:17:00+00:00,momentum_long_open_b15181741626,1,market,0.0,5,1,20,12,49075.0
437188,437189,437193,437193,closed,timeout,20281.5,20268.5,20281.75,20268.25,20261.5,20293.5,-13.0,-13.5,-14.0,-280.0,10.0,0.5,5.0,5.0,19.5,2024-03-26 13:35:00+00:00,2024-03-26 13:35:00+00:00,2024-03-26 13:40:00+00:00,2024-03-26 13:40:00+00:00,momentum_long_open_b15181741626,1,market,0.0,5,1,20,12,48795.0
437217,437218,437222,437222,closed,timeout,20295.5,20293.0,20295.75,20292.75,20275.5,20307.5,-2.5,-3.0,-3.5,-70.0,10.0,0.5,5.0,5.0,8.0,2024-03-26 14:04:00+00:00,2024-03-26 14:04:00+00:00,2024-03-26 14:09:00+00:00,2024-03-26 14:09:00+00:00,momentum_long_open_b15181741626,1,market,0.0,5,1,20,12,48725.0
438620,438621,438623,438623,closed,stop,20136.5,20116.5,20136.75,20116.25,20116.5,20148.5,-20.0,-20.5,-21.0,-420.0,10.0,0.5,3.0,3.0,24.75,2024-03-27 14:42:00+00:00,2024-03-27 14:42:00+00:00,2024-03-27 14:45:00+00:00,2024-03-27 14:47:00+00:00,momentum_long_open_b15181741626,1,market,0.0,5,1,20,12,48305.0
439929,439930,439933,439933,closed,target,20209.5,20221.5,20209.75,20221.25,20189.5,20221.5,12.0,11.5,11.0,220.0,10.0,0.5,4.0,4.0,8.25,2024-03-28 13:47:00+00:00,2024-03-28 13:47:00+00:00,2024-03-28 13:51:00+00:00,2024-03-28 13:52:00+00:00,momentum_long_open_b15181741626,1,market,0.0,5,1,20,12,48525.0
439934,439935,439939,439939,closed,timeout,20224.25,20219.75,20224.5,20219.5,20204.25,20236.25,-4.5,-5.0,-5.5,-110.0,10.0,0.5,5.0,5.0,7.25,2024-03-28 13:52:00+00:00,2024-03-28 13:52:00+00:00,2024-03-28 13:57:00+00:00,2024-03-28 13:57:00+00:00,momentum_long_open_b15181741626,1,market,0.0,5,1,20,12,48415.0
439979,439980,439984,439984,closed,stop,20208.25,20188.25,20208.5,20188.0,20188.25,20220.25,-20.0,-20.5,-21.0,-420.0,10.0,0.5,5.0,5.0,23.25,2024-03-28 14:37:00+00:00,2024-03-28 14:37:00+00:00,2024-03-28 14:42:00+00:00,2024-03-28 14:42:00+00:00,momentum_long_open_b15181741626,1,market,0.0,5,1,20,12,47995.0
441281,441282,441282,441282,closed,target,20226.0,20238.0,20226.25,20237.75,20206.0,20238.0,12.0,11.5,11.0,220.0,10.0,0.5,1.0,1.0,1.5,2024-04-01 13:34:00+00:00,2024-04-01 13:34:00+00:00,2024-04-01 13:35:00+00:00,2024-04-01 13:39:00+00:00,momentum_long_open_b15181741626,1,market,0.0,5,1,20,12,48215.0
441282,441283,441283,441283,closed,target,20244.5,20256.5,20244.75,20256.25,20224.5,20256.5,12.0,11.5,11.0,220.0,10.0,0.5,1.0,1.0,1.0,2024-04-01 13:35:00+00:00,2024-04-01 13:35:00+00:00,2024-04-01 13:36:00+00:00,2024-04-01 13:40:00+00:00,momentum_long_open_b15181741626,1,market,0.0,5,1,20,12,48435.0
441283,441284,441285,441285,closed,target,20259.0,20271.0,20259.25,20270.75,20239.0,20271.0,12.0,11.5,11.0,220.0,10.0,0.5,2.0,2.0,3.5,2024-04-01 13:36:00+00:00,2024-04-01 13:36:00+00:00,2024-04-01 13:38:00+00:00,2024-04-01 13:41:00+00:00,momentum_long_open_b15181741626,1,market,0.0,5,1,20,12,48655.0
441285,441286,441286,441286,closed,target,20272.5,20284.5,20272.75,20284.25,20252.5,20284.5,12.0,11.5,11.0,220.0,10.0,0.5,1.0,1.0,0.25,2024-04-01 13:38:00+00:00,2024-04-01 13:38:00+00:00,2024-04-01 13:39:00+00:00,2024-04-01 13:43:00+00:00,momentum_long_open_b15181741626,1,market,0.0,5,1,20,12,48875.0
441286,441287,441288,441288,closed,target,20283.25,20295.25,20283.5,20295.0,20263.25,20295.25,12.0,11.5,11.0,220.0,10.0,0.5,2.0,2.0,2.0,2024-04-01 13:39:00+00:00,2024-04-01 13:39:00+00:00,2024-04-01 13:41:00+00:00,2024-04-01 13:44:00+00:00,momentum_long_open_b15181741626,1,market,0.0,5,1,20,12,49095.0
441288,441289,441293,441293,closed,timeout,20292.25,20295.0,20292.5,20294.75,20272.25,20304.25,2.75,2.25,1.75,35.0,10.0,0.5,5.0,5.0,15.25,2024-04-01 13:41:00+00:00,2024-04-01 13:41:00+00:00,2024-04-01 13:46:00+00:00,2024-04-01 13:46:00+00:00,momentum_long_open_b15181741626,1,market,0.0,5,1,20,12,49130.0
444014,444015,444019,444019,closed,timeout,19967.0,19964.5,19967.25,19964.25,19947.0,19979.0,-2.5,-3.0,-3.5,-70.0,10.0,0.5,5.0,5.0,8.5,2024-04-03 13:37:00+00:00,2024-04-03 13:37:00+00:00,2024-04-03 13:42:00+00:00,2024-04-03 13:42:00+00:00,momentum_long_open_b15181741626,1,market,0.0,5,1,20,12,49060.0
444038,444039,444039,444039,closed,target,20013.75,20025.75,20014.0,20025.5,19993.75,20025.75,12.0,11.5,11.0,220.0,10.0,0.5,1.0,1.0,0.25,2024-04-03 14:01:00+00:00,2024-04-03 14:01:00+00:00,2024-04-03 14:02:00+00:00,2024-04-03 14:06:00+00:00,momentum_long_open_b15181741626,1,market,0.0,5,1,20,12,49280.0
444039,444040,444040,444040,closed,target,20031.25,20043.25,20031.5,20043.0,20011.25,20043.25,12.0,11.5,11.0,220.0,10.0,0.5,1.0,1.0,6.25,2024-04-03 14:02:00+00:00,2024-04-03 14:02:00+00:00,2024-04-03 14:03:00+00:00,2024-04-03 14:07:00+00:00,momentum_long_open_b15181741626,1,market,0.0,5,1,20,12,49500.0
444040,444041,444043,444043,closed,target,20038.25,20050.25,20038.5,20050.0,20018.25,20050.25,12.0,11.5,11.0,220.0,10.0,0.5,3.0,3.0,7.5,2024-04-03 14:03:00+00:00,2024-04-03 14:03:00+00:00,2024-04-03 14:06:00+00:00,2024-04-03 14:08:00+00:00,momentum_long_open_b15181741626,1,market,0.0,5,1,20,12,49720.0
444043,444044,444047,444047,closed,stop,20056.0,20036.0,20056.25,20035.75,20036.0,20068.0,-20.0,-20.5,-21.0,-420.0,10.0,0.5,4.0,4.0,33.25,2024-04-03 14:06:00+00:00,2024-04-03 14:06:00+00:00,2024-04-03 14:10:00+00:00,2024-04-03 14:11:00+00:00,momentum_long_open_b15181741626,1,market,0.0,5,1,20,12,49300.0
444057,444058,444062,444062,closed,target,20083.5,20095.5,20083.75,20095.25,20063.5,20095.5,12.0,11.5,11.0,220.0,10.0,0.5,5.0,5.0,6.75,2024-04-03 14:20:00+00:00,2024-04-03 14:20:00+00:00,2024-04-03 14:25:00+00:00,2024-04-03 14:25:00+00:00,momentum_long_open_b15181741626,1,market,0.0,5,1,20,12,49520.0
444064,444065,444068,444068,closed,target,20107.25,20119.25,20107.5,20119.0,20087.25,20119.25,12.0,11.5,11.0,220.0,10.0,0.5,4.0,4.0,6.5,2024-04-03 14:27:00+00:00,2024-04-03 14:27:00+00:00,2024-04-03 14:31:00+00:00,2024-04-03 14:32:00+00:00,momentum_long_open_b15181741626,1,market,0.0,5,1,20,12,49740.0
444068,444069,444073,444073,closed,timeout,20110.25,20114.25,20110.5,20114.0,20090.25,20122.25,4.0,3.5,3.0,60.0,10.0,0.5,5.0,5.0,11.5,2024-04-03 14:31:00+00:00,2024-04-03 14:31:00+00:00,2024-04-03 14:36:00+00:00,2024-04-03 14:36:00+00:00,momentum_long_open_b15181741626,1,market,0.0,5,1,20,12,49800.0
444094,444095,444099,444099,closed,timeout,20121.5,20126.0,20121.75,20125.75,20101.5,20133.5,4.5,4.0,3.5,70.0,10.0,0.5,5.0,5.0,8.0,2024-04-03 14:57:00+00:00,2024-04-03 14:57:00+00:00,2024-04-03 15:02:00+00:00,2024-04-03 15:02:00+00:00,momentum_long_open_b15181741626,1,market,0.0,5,1,20,12,49870.0
446759,446760,446760,446760,closed,target,19888.75,19900.75,19889.0,19900.5,19868.75,19900.75,12.0,11.5,11.0,220.0,10.0,0.5,1.0,1.0,3.25,2024-04-05 13:52:00+00:00,2024-04-05 13:52:00+00:00,2024-04-05 13:53:00+00:00,2024-04-05 13:57:00+00:00,momentum_long_open_b15181741626,1,market,0.0,5,1,20,12,50090.0
446760,446761,446762,446762,closed,target,19901.5,19913.5,19901.75,19913.25,19881.5,19913.5,12.0,11.5,11.0,220.0,10.0,0.5,2.0,2.0,10.5,2024-04-05 13:53:00+00:00,2024-04-05 13:53:00+00:00,2024-04-05 13:55:00+00:00,2024-04-05 13:58:00+00:00,momentum_long_open_b15181741626,1,market,0.0,5,1,20,12,50310.0
446762,446763,446766,446766,closed,stop,19918.75,19898.75,19919.0,19898.5,19898.75,19930.75,-20.0,-20.5,-21.0,-420.0,10.0,0.5,4.0,4.0,21.75,2024-04-05 13:55:00+00:00,2024-04-05 13:55:00+00:00,2024-04-05 13:59:00+00:00,2024-04-05 14:00:00+00:00,momentum_long_open_b15181741626,1,market,0.0,5,1,20,12,49890.0
446806,446807,446807,446807,closed,stop,19929.5,19909.5,19929.75,19909.25,19909.5,19941.5,-20.0,-20.5,-21.0,-420.0,10.0,0.5,1.0,1.0,21.5,2024-04-05 14:39:00+00:00,2024-04-05 14:39:00+00:00,2024-04-05 14:40:00+00:00,2024-04-05 14:44:00+00:00,momentum_long_open_b15181741626,1,market,0.0,5,1,20,12,49470.0
446817,446818,446819,446819,closed,target,19961.0,19973.0,19961.25,19972.75,19941.0,19973.0,12.0,11.5,11.0,220.0,10.0,0.5,2.0,2.0,3.0,2024-04-05 14:50:00+00:00,2024-04-05 14:50:00+00:00,2024-04-05 14:52:00+00:00,2024-04-05 14:55:00+00:00,momentum_long_open_b15181741626,1,market,0.0,5,1,20,12,49690.0
446819,446820,446824,446824,closed,target,19977.0,19989.0,19977.25,19988.75,19957.0,19989.0,12.0,11.5,11.0,220.0,10.0,0.5,5.0,5.0,10.0,2024-04-05 14:52:00+00:00,2024-04-05 14:52:00+00:00,2024-04-05 14:57:00+00:00,2024-04-05 14:57:00+00:00,momentum_long_open_b15181741626,1,market,0.0,5,1,20,12,49910.0
446825,446826,446828,446828,closed,target,19997.75,20009.75,19998.0,20009.5,19977.75,20009.75,12.0,11.5,11.0,220.0,10.0,0.5,3.0,3.0,7.0,2024-04-05 14:58:00+00:00,2024-04-05 14:58:00+00:00,2024-04-05 15:01:00+00:00,2024-04-05 15:03:00+00:00,momentum_long_open_b15181741626,1,market,0.0,5,1,20,12,50130.0
448161,448162,448163,448163,closed,target,20027.5,20039.5,20027.75,20039.25,20007.5,20039.5,12.0,11.5,11.0,220.0,10.0,0.5,2.0,2.0,1.25,2024-04-08 14:29:00+00:00,2024-04-08 14:29:00+00:00,2024-04-08 14:31:00+00:00,2024-04-08 14:34:00+00:00,momentum_long_open_b15181741626,1,market,0.0,5,1,20,12,50350.0
448163,448164,448166,448166,closed,target,20052.0,20064.0,20052.25,20063.75,20032.0,20064.0,12.0,11.5,11.0,220.0,10.0,0.5,3.0,3.0,6.5,2024-04-08 14:31:00+00:00,2024-04-08 14:31:00+00:00,2024-04-08 14:34:00+00:00,2024-04-08 14:36:00+00:00,momentum_long_open_b15181741626,1,market,0.0,5,1,20,12,50570.0
448166,448167,448171,448171,closed,timeout,20061.25,20053.5,20061.5,20053.25,20041.25,20073.25,-7.75,-8.25,-8.75,-175.0,10.0,0.5,5.0,5.0,11.75,2024-04-08 14:34:00+00:00,2024-04-08 14:34:00+00:00,2024-04-08 14:39:00+00:00,2024-04-08 14:39:00+00:00,momentum_long_open_b15181741626,1,market,0.0,5,1,20,12,50395.0
448184,448185,448189,448189,closed,timeout,20066.5,20057.75,20066.75,20057.5,20046.5,20078.5,-8.75,-9.25,-9.75,-195.0,10.0,0.5,5.0,5.0,9.75,2024-04-08 14:52:00+00:00,2024-04-08 14:52:00+00:00,2024-04-08 14:57:00+00:00,2024-04-08 14:57:00+00:00,momentum_long_open_b15181741626,1,market,0.0,5,1,20,12,50200.0
449514,449515,449519,449519,closed,timeout,20056.75,20044.25,20057.0,20044.0,20036.75,20068.75,-12.5,-13.0,-13.5,-270.0,10.0,0.5,5.0,5.0,19.0,2024-04-09 14:17:00+00:00,2024-04-09 14:17:00+00:00,2024-04-09 14:22:00+00:00,2024-04-09 14:22:00+00:00,momentum_long_open_b15181741626,1,market,0.0,5,1,20,12,49930.0
450895,450896,450897,450897,closed,stop,19901.75,19881.75,19902.0,19881.5,19881.75,19913.75,-20.0,-20.5,-21.0,-420.0,10.0,0.5,2.0,2.0,21.25,2024-04-10 14:34:00+00:00,2024-04-10 14:34:00+00:00,2024-04-10 14:36:00+00:00,2024-04-10 14:39:00+00:00,momentum_long_open_b15181741626,1,market,0.0,5,1,20,12,49510.0
452258,452259,452259,452259,closed,stop,19932.0,19912.0,19932.25,19911.75,19912.0,19944.0,-20.0,-20.5,-21.0,-420.0,10.0,0.5,1.0,1.0,24.0,2024-04-11 14:32:00+00:00,2024-04-11 14:32:00+00:00,2024-04-11 14:33:00+00:00,2024-04-11 14:37:00+00:00,momentum_long_open_b15181741626,1,market,0.0,5,1,20,12,49090.0
456317,456318,456318,456318,closed,target,19580.75,19592.75,19581.0,19592.5,19560.75,19592.75,12.0,11.5,11.0,220.0,10.0,0.5,1.0,1.0,3.75,2024-04-16 13:57:00+00:00,2024-04-16 13:57:00+00:00,2024-04-16 13:58:00+00:00,2024-04-16 14:02:00+00:00,momentum_long_open_b15181741626,1,market,0.0,5,1,20,12,49310.0
456318,456319,456319,456319,closed,target,19590.5,19602.5,19590.75,19602.25,19570.5,19602.5,12.0,11.5,11.0,220.0,10.0,0.5,1.0,1.0,2.5,2024-04-16 13:58:00+00:00,2024-04-16 13:58:00+00:00,2024-04-16 13:59:00+00:00,2024-04-16 14:03:00+00:00,momentum_long_open_b15181741626,1,market,0.0,5,1,20,12,49530.0
456319,456320,456321,456321,closed,stop,19602.5,19582.5,19602.75,19582.25,19582.5,19614.5,-20.0,-20.5,-21.0,-420.0,10.0,0.5,2.0,2.0,24.75,2024-04-16 13:59:00+00:00,2024-04-16 13:59:00+00:00,2024-04-16 14:01:00+00:00,2024-04-16 14:04:00+00:00,momentum_long_open_b15181741626,1,market,0.0,5,1,20,12,49110.0
456336,456337,456338,456338,closed,stop,19622.0,19602.0,19622.25,19601.75,19602.0,19634.0,-20.0,-20.5,-21.0,-420.0,10.0,0.5,2.0,2.0,33.25,2024-04-16 14:16:00+00:00,2024-04-16 14:16:00+00:00,2024-04-16 14:18:00+00:00,2024-04-16 14:21:00+00:00,momentum_long_open_b15181741626,1,market,0.0,5,1,20,12,48690.0
459061,459062,459066,459066,closed,timeout,19341.75,19334.25,19342.0,19334.0,19321.75,19353.75,-7.5,-8.0,-8.5,-170.0,10.0,0.5,5.0,5.0,16.75,2024-04-18 14:11:00+00:00,2024-04-18 14:11:00+00:00,2024-04-18 14:16:00+00:00,2024-04-18 14:16:00+00:00,momentum_long_open_b15181741626,1,market,0.0,5,1,20,12,48520.0
459085,459086,459086,459086,closed,target,19369.75,19381.75,19370.0,19381.5,19349.75,19381.75,12.0,11.5,11.0,220.0,10.0,0.5,1.0,1.0,6.0,2024-04-18 14:35:00+00:00,2024-04-18 14:35:00+00:00,2024-04-18 14:36:00+00:00,2024-04-18 14:40:00+00:00,momentum_long_open_b15181741626,1,market,0.0,5,1,20,12,48740.0
459086,459087,459087,459087,closed,target,19378.25,19390.25,19378.5,19390.0,19358.25,19390.25,12.0,11.5,11.0,220.0,10.0,0.5,1.0,1.0,4.0,2024-04-18 14:36:00+00:00,2024-04-18 14:36:00+00:00,2024-04-18 14:37:00+00:00,2024-04-18 14:41:00+00:00,momentum_long_open_b15181741626,1,market,0.0,5,1,20,12,48960.0
459087,459088,459092,459092,closed,stop,19393.75,19373.75,19394.0,19373.5,19373.75,19405.75,-20.0,-20.5,-21.0,-420.0,10.0,0.5,5.0,5.0,22.5,2024-04-18 14:37:00+00:00,2024-04-18 14:37:00+00:00,2024-04-18 14:42:00+00:00,2024-04-18 14:42:00+00:00,momentum_long_open_b15181741626,1,market,0.0,5,1,20,12,48540.0
460402,460403,460403,460403,closed,stop,19203.25,19183.25,19203.5,19183.0,19183.25,19215.25,-20.0,-20.5,-21.0,-420.0,10.0,0.5,1.0,1.0,31.0,2024-04-19 13:47:00+00:00,2024-04-19 13:47:00+00:00,2024-04-19 13:48:00+00:00,2024-04-19 13:52:00+00:00,momentum_long_open_b15181741626,1,market,0.0,5,1,20,12,48120.0
460463,460464,460466,460466,closed,target,19097.5,19109.5,19097.75,19109.25,19077.5,19109.5,12.0,11.5,11.0,220.0,10.0,0.5,3.0,3.0,8.5,2024-04-19 14:48:00+00:00,2024-04-19 14:48:00+00:00,2024-04-19 14:51:00+00:00,2024-04-19 14:53:00+00:00,momentum_long_open_b15181741626,1,market,0.0,5,1,20,12,48340.0
461773,461774,461778,461778,closed,timeout,19015.25,19004.75,19015.5,19004.5,18995.25,19027.25,-10.5,-11.0,-11.5,-230.0,10.0,0.5,5.0,5.0,17.5,2024-04-22 13:53:00+00:00,2024-04-22 13:53:00+00:00,2024-04-22 13:58:00+00:00,2024-04-22 13:58:00+00:00,momentum_long_open_b15181741626,1,market,0.0,5,1,20,12,48110.0
463131,463132,463134,463134,closed,stop,19208.5,19188.5,19208.75,19188.25,19188.5,19220.5,-20.0,-20.5,-21.0,-420.0,10.0,0.5,3.0,3.0,20.75,2024-04-23 13:46:00+00:00,2024-04-23 13:46:00+00:00,2024-04-23 13:49:00+00:00,2024-04-23 13:51:00+00:00,momentum_long_open_b15181741626,1,market,0.0,5,1,20,12,47690.0
463174,463175,463176,463176,closed,target,19261.75,19273.75,19262.0,19273.5,19241.75,19273.75,12.0,11.5,11.0,220.0,10.0,0.5,2.0,2.0,3.75,2024-04-23 14:29:00+00:00,2024-04-23 14:29:00+00:00,2024-04-23 14:31:00+00:00,2024-04-23 14:34:00+00:00,momentum_long_open_b15181741626,1,market,0.0,5,1,20,12,47910.0
463176,463177,463178,463178,closed,target,19276.5,19288.5,19276.75,19288.25,19256.5,19288.5,12.0,11.5,11.0,220.0,10.0,0.5,2.0,2.0,1.0,2024-04-23 14:31:00+00:00,2024-04-23 14:31:00+00:00,2024-04-23 14:33:00+00:00,2024-04-23 14:36:00+00:00,momentum_long_open_b15181741626,1,market,0.0,5,1,20,12,48130.0
463178,463179,463183,463183,closed,timeout,19284.25,19280.25,19284.5,19280.0,19264.25,19296.25,-4.0,-4.5,-5.0,-100.0,10.0,0.5,5.0,5.0,13.0,2024-04-23 14:33:00+00:00,2024-04-23 14:33:00+00:00,2024-04-23 14:38:00+00:00,2024-04-23 14:38:00+00:00,momentum_long_open_b15181741626,1,market,0.0,5,1,20,12,48030.0
464480,464481,464481,464481,closed,target,19426.75,19438.75,19427.0,19438.5,19406.75,19438.75,12.0,11.5,11.0,220.0,10.0,0.5,1.0,1.0,5.5,2024-04-24 13:30:00+00:00,2024-04-24 13:30:00+00:00,2024-04-24 13:31:00+00:00,2024-04-24 13:35:00+00:00,momentum_long_open_b15181741626,1,market,0.0,5,1,20,12,48250.0
464481,464482,464483,464483,closed,target,19430.0,19442.0,19430.25,19441.75,19410.0,19442.0,12.0,11.5,11.0,220.0,10.0,0.5,2.0,2.0,16.5,2024-04-24 13:31:00+00:00,2024-04-24 13:31:00+00:00,2024-04-24 13:33:00+00:00,2024-04-24 13:36:00+00:00,momentum_long_open_b15181741626,1,market,0.0,5,1,20,12,48470.0
464501,464502,464504,464504,closed,stop,19481.25,19461.25,19481.5,19461.0,19461.25,19493.25,-20.0,-20.5,-21.0,-420.0,10.0,0.5,3.0,3.0,23.75,2024-04-24 13:51:00+00:00,2024-04-24 13:51:00+00:00,2024-04-24 13:54:00+00:00,2024-04-24 13:56:00+00:00,momentum_long_open_b15181741626,1,market,0.0,5,1,20,12,48050.0
465862,465863,465864,465864,closed,stop,19072.0,19052.0,19072.25,19051.75,19052.0,19084.0,-20.0,-20.5,-21.0,-420.0,10.0,0.5,2.0,2.0,25.0,2024-04-25 13:47:00+00:00,2024-04-25 13:47:00+00:00,2024-04-25 13:49:00+00:00,2024-04-25 13:52:00+00:00,momentum_long_open_b15181741626,1,market,0.0,5,1,20,12,47630.0
465887,465888,465889,465889,closed,target,19093.5,19105.5,19093.75,19105.25,19073.5,19105.5,12.0,11.5,11.0,220.0,10.0,0.5,2.0,2.0,2.25,2024-04-25 14:12:00+00:00,2024-04-25 14:12:00+00:00,2024-04-25 14:14:00+00:00,2024-04-25 14:17:00+00:00,momentum_long_open_b15181741626,1,market,0.0,5,1,20,12,47850.0
465889,465890,465891,465891,closed,target,19103.5,19115.5,19103.75,19115.25,19083.5,19115.5,12.0,11.5,11.0,220.0,10.0,0.5,2.0,2.0,4.0,2024-04-25 14:14:00+00:00,2024-04-25 14:14:00+00:00,2024-04-25 14:16:00+00:00,2024-04-25 14:19:00+00:00,momentum_long_open_b15181741626,1,market,0.0,5,1,20,12,48070.0
465891,465892,465892,465892,closed,target,19101.75,19113.75,19102.0,19113.5,19081.75,19113.75,12.0,11.5,11.0,220.0,10.0,0.5,1.0,1.0,2.5,2024-04-25 14:16:00+00:00,2024-04-25 14:16:00+00:00,2024-04-25 14:17:00+00:00,2024-04-25 14:21:00+00:00,momentum_long_open_b15181741626,1,market,0.0,5,1,20,12,48290.0
465894,465895,465899,465899,closed,timeout,19128.5,19128.5,19128.75,19128.25,19108.5,19140.5,0.0,-0.5,-1.0,-20.0,10.0,0.5,5.0,5.0,11.5,2024-04-25 14:19:00+00:00,2024-04-25 14:19:00+00:00,2024-04-25 14:24:00+00:00,2024-04-25 14:24:00+00:00,momentum_long_open_b15181741626,1,market,0.0,5,1,20,12,48270.0
465901,465902,465906,465906,closed,stop,19136.75,19116.75,19137.0,19116.5,19116.75,19148.75,-20.0,-20.5,-21.0,-420.0,10.0,0.5,5.0,5.0,21.0,2024-04-25 14:26:00+00:00,2024-04-25 14:26:00+00:00,2024-04-25 14:31:00+00:00,2024-04-25 14:31:00+00:00,momentum_long_open_b15181741626,1,market,0.0,5,1,20,12,47850.0
467231,467232,467236,467236,closed,target,19476.75,19488.75,19477.0,19488.5,19456.75,19488.75,12.0,11.5,11.0,220.0,10.0,0.5,5.0,5.0,17.5,2024-04-26 13:51:00+00:00,2024-04-26 13:51:00+00:00,2024-04-26 13:56:00+00:00,2024-04-26 13:56:00+00:00,momentum_long_open_b15181741626,1,market,0.0,5,1,20,12,48070.0
467239,467240,467241,467241,closed,stop,19491.5,19471.5,19491.75,19471.25,19471.5,19503.5,-20.0,-20.5,-21.0,-420.0,10.0,0.5,2.0,2.0,21.5,2024-04-26 13:59:00+00:00,2024-04-26 13:59:00+00:00,2024-04-26 14:01:00+00:00,2024-04-26 14:04:00+00:00,momentum_long_open_b15181741626,1,market,0.0,5,1,20,12,47650.0
467282,467283,467287,467287,closed,stop,19530.75,19510.75,19531.0,19510.5,19510.75,19542.75,-20.0,-20.5,-21.0,-420.0,10.0,0.5,5.0,5.0,21.75,2024-04-26 14:42:00+00:00,2024-04-26 14:42:00+00:00,2024-04-26 14:47:00+00:00,2024-04-26 14:47:00+00:00,momentum_long_open_b15181741626,1,market,0.0,5,1,20,12,47230.0
468577,468578,468582,468582,closed,timeout,19633.25,19617.0,19633.5,19616.75,19613.25,19645.25,-16.25,-16.75,-17.25,-345.0,10.0,0.5,5.0,5.0,18.0,2024-04-29 13:32:00+00:00,2024-04-29 13:32:00+00:00,2024-04-29 13:37:00+00:00,2024-04-29 13:37:00+00:00,momentum_long_open_b15181741626,1,market,0.0,5,1,20,12,46885.0
468609,468610,468613,468613,closed,target,19567.5,19579.5,19567.75,19579.25,19547.5,19579.5,12.0,11.5,11.0,220.0,10.0,0.5,4.0,4.0,10.75,2024-04-29 14:04:00+00:00,2024-04-29 14:04:00+00:00,2024-04-29 14:08:00+00:00,2024-04-29 14:09:00+00:00,momentum_long_open_b15181741626,1,market,0.0,5,1,20,12,47105.0
468613,468614,468618,468618,closed,timeout,19581.5,19584.75,19581.75,19584.5,19561.5,19593.5,3.25,2.75,2.25,45.0,10.0,0.5,5.0,5.0,3.75,2024-04-29 14:08:00+00:00,2024-04-29 14:08:00+00:00,2024-04-29 14:13:00+00:00,2024-04-29 14:13:00+00:00,momentum_long_open_b15181741626,1,market,0.0,5,1,20,12,47150.0
468640,468641,468642,468642,closed,stop,19606.25,19586.25,19606.5,19586.0,19586.25,19618.25,-20.0,-20.5,-21.0,-420.0,10.0,0.5,2.0,2.0,20.5,2024-04-29 14:35:00+00:00,2024-04-29 14:35:00+00:00,2024-04-29 14:37:00+00:00,2024-04-29 14:40:00+00:00,momentum_long_open_b15181741626,1,market,0.0,5,1,20,12,46730.0
469972,469973,469973,469973,closed,target,19574.25,19586.25,19574.5,19586.0,19554.25,19586.25,12.0,11.5,11.0,220.0,10.0,0.5,1.0,1.0,7.5,2024-04-30 14:02:00+00:00,2024-04-30 14:02:00+00:00,2024-04-30 14:03:00+00:00,2024-04-30 14:07:00+00:00,momentum_long_open_b15181741626,1,market,0.0,5,1,20,12,46950.0
470016,470017,470021,470021,closed,timeout,19564.0,19554.25,19564.25,19554.0,19544.0,19576.0,-9.75,-10.25,-10.75,-215.0,10.0,0.5,5.0,5.0,13.0,2024-04-30 14:46:00+00:00,2024-04-30 14:46:00+00:00,2024-04-30 14:51:00+00:00,2024-04-30 14:51:00+00:00,momentum_long_open_b15181741626,1,market,0.0,5,1,20,12,46735.0
471374,471375,471379,471379,closed,timeout,19180.75,19174.5,19181.0,19174.25,19160.75,19192.75,-6.25,-6.75,-7.25,-145.0,10.0,0.5,5.0,5.0,12.75,2024-05-01 14:39:00+00:00,2024-05-01 14:39:00+00:00,2024-05-01 14:44:00+00:00,2024-05-01 14:44:00+00:00,momentum_long_open_b15181741626,1,market,0.0,5,1,20,12,46590.0
472758,472759,472759,472759,closed,target,19219.5,19231.5,19219.75,19231.25,19199.5,19231.5,12.0,11.5,11.0,220.0,10.0,0.5,1.0,1.0,4.25,2024-05-02 14:59:00+00:00,2024-05-02 14:59:00+00:00,2024-05-02 15:00:00+00:00,2024-05-02 15:04:00+00:00,momentum_long_open_b15181741626,1,market,0.0,5,1,20,12,46810.0
474034,474035,474036,474036,closed,stop,19651.25,19631.25,19651.5,19631.0,19631.25,19663.25,-20.0,-20.5,-21.0,-420.0,10.0,0.5,2.0,2.0,22.5,2024-05-03 13:30:00+00:00,2024-05-03 13:30:00+00:00,2024-05-03 13:32:00+00:00,2024-05-03 13:35:00+00:00,momentum_long_open_b15181741626,1,market,0.0,5,1,20,12,46390.0
474047,474048,474049,474049,closed,target,19655.5,19667.5,19655.75,19667.25,19635.5,19667.5,12.0,11.5,11.0,220.0,10.0,0.5,2.0,2.0,2.0,2024-05-03 13:43:00+00:00,2024-05-03 13:43:00+00:00,2024-05-03 13:45:00+00:00,2024-05-03 13:48:00+00:00,momentum_long_open_b15181741626,1,market,0.0,5,1,20,12,46610.0
474049,474050,474050,474050,closed,target,19665.5,19677.5,19665.75,19677.25,19645.5,19677.5,12.0,11.5,11.0,220.0,10.0,0.5,1.0,1.0,4.0,2024-05-03 13:45:00+00:00,2024-05-03 13:45:00+00:00,2024-05-03 13:46:00+00:00,2024-05-03 13:50:00+00:00,momentum_long_open_b15181741626,1,market,0.0,5,1,20,12,46830.0
474050,474051,474051,474051,closed,target,19683.5,19695.5,19683.75,19695.25,19663.5,19695.5,12.0,11.5,11.0,220.0,10.0,0.5,1.0,1.0,9.75,2024-05-03 13:46:00+00:00,2024-05-03 13:46:00+00:00,2024-05-03 13:47:00+00:00,2024-05-03 13:51:00+00:00,momentum_long_open_b15181741626,1,market,0.0,5,1,20,12,47050.0
474051,474052,474056,474056,closed,stop,19693.75,19673.75,19694.0,19673.5,19673.75,19705.75,-20.0,-20.5,-21.0,-420.0,10.0,0.5,5.0,5.0,24.25,2024-05-03 13:47:00+00:00,2024-05-03 13:47:00+00:00,2024-05-03 13:52:00+00:00,2024-05-03 13:52:00+00:00,momentum_long_open_b15181741626,1,market,0.0,5,1,20,12,46630.0
474108,474109,474109,474109,closed,target,19660.25,19672.25,19660.5,19672.0,19640.25,19672.25,12.0,11.5,11.0,220.0,10.0,0.5,1.0,1.0,3.25,2024-05-03 14:44:00+00:00,2024-05-03 14:44:00+00:00,2024-05-03 14:45:00+00:00,2024-05-03 14:49:00+00:00,momentum_long_open_b15181741626,1,market,0.0,5,1,20,12,46850.0
474109,474110,474114,474114,closed,timeout,19676.5,19670.5,19676.75,19670.25,19656.5,19688.5,-6.0,-6.5,-7.0,-140.0,10.0,0.5,5.0,5.0,12.0,2024-05-03 14:45:00+00:00,2024-05-03 14:45:00+00:00,2024-05-03 14:50:00+00:00,2024-05-03 14:50:00+00:00,momentum_long_open_b15181741626,1,market,0.0,5,1,20,12,46710.0
475421,475422,475426,475426,closed,timeout,19795.25,19785.75,19795.5,19785.5,19775.25,19807.25,-9.5,-10.0,-10.5,-210.0,10.0,0.5,5.0,5.0,12.0,2024-05-06 13:52:00+00:00,2024-05-06 13:52:00+00:00,2024-05-06 13:57:00+00:00,2024-05-06 13:57:00+00:00,momentum_long_open_b15181741626,1,market,0.0,5,1,20,12,46500.0
476762,476763,476764,476764,closed,target,19905.0,19917.0,19905.25,19916.75,19885.0,19917.0,12.0,11.5,11.0,220.0,10.0,0.5,2.0,2.0,14.0,2024-05-07 13:30:00+00:00,2024-05-07 13:30:00+00:00,2024-05-07 13:32:00+00:00,2024-05-07 13:35:00+00:00,momentum_long_open_b15181741626,1,market,0.0,5,1,20,12,46720.0
476764,476765,476769,476769,closed,timeout,19920.25,19912.25,19920.5,19912.0,19900.25,19932.25,-8.0,-8.5,-9.0,-180.0,10.0,0.5,5.0,5.0,8.75,2024-05-07 13:32:00+00:00,2024-05-07 13:32:00+00:00,2024-05-07 13:37:00+00:00,2024-05-07 13:37:00+00:00,momentum_long_open_b15181741626,1,market,0.0,5,1,20,12,46540.0
476809,476810,476814,476814,closed,stop,19910.75,19890.75,19911.0,19890.5,19890.75,19922.75,-20.0,-20.5,-21.0,-420.0,10.0,0.5,5.0,5.0,24.0,2024-05-07 14:17:00+00:00,2024-05-07 14:17:00+00:00,2024-05-07 14:22:00+00:00,2024-05-07 14:22:00+00:00,momentum_long_open_b15181741626,1,market,0.0,5,1,20,12,46120.0
476842,476843,476847,476847,closed,target,19915.0,19927.0,19915.25,19926.75,19895.0,19927.0,12.0,11.5,11.0,220.0,10.0,0.5,5.0,5.0,0.25,2024-05-07 14:50:00+00:00,2024-05-07 14:50:00+00:00,2024-05-07 14:55:00+00:00,2024-05-07 14:55:00+00:00,momentum_long_open_b15181741626,1,market,0.0,5,1,20,12,46340.0
476847,476848,476850,476850,closed,target,19927.5,19939.5,19927.75,19939.25,19907.5,19939.5,12.0,11.5,11.0,220.0,10.0,0.5,3.0,3.0,2.75,2024-05-07 14:55:00+00:00,2024-05-07 14:55:00+00:00,2024-05-07 14:58:00+00:00,2024-05-07 15:00:00+00:00,momentum_long_open_b15181741626,1,market,0.0,5,1,20,12,46560.0
476850,476851,476855,476855,closed,timeout,19941.25,19943.75,19941.5,19943.5,19921.25,19953.25,2.5,2.0,1.5,30.0,10.0,0.5,5.0,5.0,3.0,2024-05-07 14:58:00+00:00,2024-05-07 14:58:00+00:00,2024-05-07 15:03:00+00:00,2024-05-07 15:03:00+00:00,momentum_long_open_b15181741626,1,market,0.0,5,1,20,12,46590.0
478136,478137,478141,478141,closed,timeout,19815.75,19818.0,19816.0,19817.75,19795.75,19827.75,2.25,1.75,1.25,25.0,10.0,0.5,5.0,5.0,11.25,2024-05-08 13:40:00+00:00,2024-05-08 13:40:00+00:00,2024-05-08 13:45:00+00:00,2024-05-08 13:45:00+00:00,momentum_long_open_b15181741626,1,market,0.0,5,1,20,12,46615.0
478144,478145,478145,478145,closed,target,19835.25,19847.25,19835.5,19847.0,19815.25,19847.25,12.0,11.5,11.0,220.0,10.0,0.5,1.0,1.0,1.0,2024-05-08 13:48:00+00:00,2024-05-08 13:48:00+00:00,2024-05-08 13:49:00+00:00,2024-05-08 13:53:00+00:00,momentum_long_open_b15181741626,1,market,0.0,5,1,20,12,46835.0
478145,478146,478150,478150,closed,timeout,19846.5,19854.0,19846.75,19853.75,19826.5,19858.5,7.5,7.0,6.5,130.0,10.0,0.5,5.0,5.0,7.25,2024-05-08 13:49:00+00:00,2024-05-08 13:49:00+00:00,2024-05-08 13:54:00+00:00,2024-05-08 13:54:00+00:00,momentum_long_open_b15181741626,1,market,0.0,5,1,20,12,46965.0
478152,478153,478157,478157,closed,timeout,19858.5,19868.75,19858.75,19868.5,19838.5,19870.5,10.25,9.75,9.25,185.0,10.0,0.5,5.0,5.0,10.0,2024-05-08 13:56:00+00:00,2024-05-08 13:56:00+00:00,2024-05-08 14:01:00+00:00,2024-05-08 14:01:00+00:00,momentum_long_open_b15181741626,1,market,0.0,5,1,20,12,47150.0
478157,478158,478162,478162,closed,timeout,19868.75,19863.25,19869.0,19863.0,19848.75,19880.75,-5.5,-6.0,-6.5,-130.0,10.0,0.5,5.0,5.0,16.5,2024-05-08 14:01:00+00:00,2024-05-08 14:01:00+00:00,2024-05-08 14:06:00+00:00,2024-05-08 14:06:00+00:00,momentum_long_open_b15181741626,1,market,0.0,5,1,20,12,47020.0
478179,478180,478182,478182,closed,target,19882.0,19894.0,19882.25,19893.75,19862.0,19894.0,12.0,11.5,11.0,220.0,10.0,0.5,3.0,3.0,0.25,2024-05-08 14:23:00+00:00,2024-05-08 14:23:00+00:00,2024-05-08 14:26:00+00:00,2024-05-08 14:28:00+00:00,momentum_long_open_b15181741626,1,market,0.0,5,1,20,12,47240.0
478182,478183,478187,478187,closed,timeout,19893.0,19901.75,19893.25,19901.5,19873.0,19905.0,8.75,8.25,7.75,155.0,10.0,0.5,5.0,5.0,5.75,2024-05-08 14:26:00+00:00,2024-05-08 14:26:00+00:00,2024-05-08 14:31:00+00:00,2024-05-08 14:31:00+00:00,momentum_long_open_b15181741626,1,market,0.0,5,1,20,12,47395.0
478187,478188,478192,478192,closed,timeout,19902.25,19891.75,19902.5,19891.5,19882.25,19914.25,-10.5,-11.0,-11.5,-230.0,10.0,0.5,5.0,5.0,16.0,2024-05-08 14:31:00+00:00,2024-05-08 14:31:00+00:00,2024-05-08 14:36:00+00:00,2024-05-08 14:36:00+00:00,momentum_long_open_b15181741626,1,market,0.0,5,1,20,12,47165.0
478199,478200,478204,478204,closed,timeout,19912.25,19919.0,19912.5,19918.75,19892.25,19924.25,6.75,6.25,5.75,115.0,10.0,0.5,5.0,5.0,4.5,2024-05-08 14:43:00+00:00,2024-05-08 14:43:00+00:00,2024-05-08 14:48:00+00:00,2024-05-08 14:48:00+00:00,momentum_long_open_b15181741626,1,market,0.0,5,1,20,12,47280.0
478205,478206,478210,478210,closed,timeout,19933.25,19928.25,19933.5,19928.0,19913.25,19945.25,-5.0,-5.5,-6.0,-120.0,10.0,0.5,5.0,5.0,14.75,2024-05-08 14:49:00+00:00,2024-05-08 14:49:00+00:00,2024-05-08 14:54:00+00:00,2024-05-08 14:54:00+00:00,momentum_long_open_b15181741626,1,market,0.0,5,1,20,12,47160.0
479521,479522,479524,479524,closed,target,19854.5,19866.5,19854.75,19866.25,19834.5,19866.5,12.0,11.5,11.0,220.0,10.0,0.5,3.0,3.0,2.5,2024-05-09 14:02:00+00:00,2024-05-09 14:02:00+00:00,2024-05-09 14:05:00+00:00,2024-05-09 14:07:00+00:00,momentum_long_open_b15181741626,1,market,0.0,5,1,20,12,47380.0
479524,479525,479525,479525,closed,target,19866.0,19878.0,19866.25,19877.75,19846.0,19878.0,12.0,11.5,11.0,220.0,10.0,0.5,1.0,1.0,1.0,2024-05-09 14:05:00+00:00,2024-05-09 14:05:00+00:00,2024-05-09 14:06:00+00:00,2024-05-09 14:10:00+00:00,momentum_long_open_b15181741626,1,market,0.0,5,1,20,12,47600.0
479525,479526,479529,479529,closed,stop,19872.5,19852.5,19872.75,19852.25,19852.5,19884.5,-20.0,-20.5,-21.0,-420.0,10.0,0.5,4.0,4.0,20.75,2024-05-09 14:06:00+00:00,2024-05-09 14:06:00+00:00,2024-05-09 14:10:00+00:00,2024-05-09 14:11:00+00:00,momentum_long_open_b15181741626,1,market,0.0,5,1,20,12,47180.0
479555,479556,479557,479557,closed,target,19877.5,19889.5,19877.75,19889.25,19857.5,19889.5,12.0,11.5,11.0,220.0,10.0,0.5,2.0,2.0,3.5,2024-05-09 14:36:00+00:00,2024-05-09 14:36:00+00:00,2024-05-09 14:38:00+00:00,2024-05-09 14:41:00+00:00,momentum_long_open_b15181741626,1,market,0.0,5,1,20,12,47400.0
479557,479558,479558,479558,closed,target,19888.5,19900.5,19888.75,19900.25,19868.5,19900.5,12.0,11.5,11.0,220.0,10.0,0.5,1.0,1.0,1.0,2024-05-09 14:38:00+00:00,2024-05-09 14:38:00+00:00,2024-05-09 14:39:00+00:00,2024-05-09 14:43:00+00:00,momentum_long_open_b15181741626,1,market,0.0,5,1,20,12,47620.0
479558,479559,479563,479563,closed,timeout,19901.0,19894.5,19901.25,19894.25,19881.0,19913.0,-6.5,-7.0,-7.5,-150.0,10.0,0.5,5.0,5.0,15.5,2024-05-09 14:39:00+00:00,2024-05-09 14:39:00+00:00,2024-05-09 14:44:00+00:00,2024-05-09 14:44:00+00:00,momentum_long_open_b15181741626,1,market,0.0,5,1,20,12,47470.0
479572,479573,479577,479577,closed,timeout,19907.25,19904.75,19907.5,19904.5,19887.25,19919.25,-2.5,-3.0,-3.5,-70.0,10.0,0.5,5.0,5.0,11.0,2024-05-09 14:53:00+00:00,2024-05-09 14:53:00+00:00,2024-05-09 14:58:00+00:00,2024-05-09 14:58:00+00:00,momentum_long_open_b15181741626,1,market,0.0,5,1,20,12,47400.0
480859,480860,480860,480860,closed,stop,20007.0,19987.0,20007.25,19986.75,19987.0,20019.0,-20.0,-20.5,-21.0,-420.0,10.0,0.5,1.0,1.0,21.75,2024-05-10 13:35:00+00:00,2024-05-10 13:35:00+00:00,2024-05-10 13:36:00+00:00,2024-05-10 13:40:00+00:00,momentum_long_open_b15181741626,1,market,0.0,5,1,20,12,46980.0
480865,480866,480870,480870,closed,timeout,20015.25,20013.5,20015.5,20013.25,19995.25,20027.25,-1.75,-2.25,-2.75,-55.0,10.0,0.5,5.0,5.0,4.75,2024-05-10 13:41:00+00:00,2024-05-10 13:41:00+00:00,2024-05-10 13:46:00+00:00,2024-05-10 13:46:00+00:00,momentum_long_open_b15181741626,1,market,0.0,5,1,20,12,46925.0
480873,480874,480878,480878,closed,timeout,20032.5,20022.25,20032.75,20022.0,20012.5,20044.5,-10.25,-10.75,-11.25,-225.0,10.0,0.5,5.0,5.0,17.25,2024-05-10 13:49:00+00:00,2024-05-10 13:49:00+00:00,2024-05-10 13:54:00+00:00,2024-05-10 13:54:00+00:00,momentum_long_open_b15181741626,1,market,0.0,5,1,20,12,46700.0
482274,482275,482279,482279,closed,timeout,20001.5,19998.25,20001.75,19998.0,19981.5,20013.5,-3.25,-3.75,-4.25,-85.0,10.0,0.5,5.0,5.0,6.0,2024-05-13 14:25:00+00:00,2024-05-13 14:25:00+00:00,2024-05-13 14:30:00+00:00,2024-05-13 14:30:00+00:00,momentum_long_open_b15181741626,1,market,0.0,5,1,20,12,46615.0
483599,483600,483601,483601,closed,target,20005.75,20017.75,20006.0,20017.5,19985.75,20017.75,12.0,11.5,11.0,220.0,10.0,0.5,2.0,2.0,2.5,2024-05-14 13:45:00+00:00,2024-05-14 13:45:00+00:00,2024-05-14 13:47:00+00:00,2024-05-14 13:50:00+00:00,momentum_long_open_b15181741626,1,market,0.0,5,1,20,12,46835.0
483601,483602,483606,483606,closed,timeout,20017.0,20009.25,20017.25,20009.0,19997.0,20029.0,-7.75,-8.25,-8.75,-175.0,10.0,0.5,5.0,5.0,18.25,2024-05-14 13:47:00+00:00,2024-05-14 13:47:00+00:00,2024-05-14 13:52:00+00:00,2024-05-14 13:52:00+00:00,momentum_long_open_b15181741626,1,market,0.0,5,1,20,12,46660.0
483639,483640,483640,483640,closed,target,20037.5,20049.5,20037.75,20049.25,20017.5,20049.5,12.0,11.5,11.0,220.0,10.0,0.5,1.0,1.0,1.0,2024-05-14 14:25:00+00:00,2024-05-14 14:25:00+00:00,2024-05-14 14:26:00+00:00,2024-05-14 14:30:00+00:00,momentum_long_open_b15181741626,1,market,0.0,5,1,20,12,46880.0
483640,483641,483641,483641,closed,target,20047.0,20059.0,20047.25,20058.75,20027.0,20059.0,12.0,11.5,11.0,220.0,10.0,0.5,1.0,1.0,0.25,2024-05-14 14:26:00+00:00,2024-05-14 14:26:00+00:00,2024-05-14 14:27:00+00:00,2024-05-14 14:31:00+00:00,momentum_long_open_b15181741626,1,market,0.0,5,1,20,12,47100.0
483641,483642,483643,483643,closed,target,20051.0,20063.0,20051.25,20062.75,20031.0,20063.0,12.0,11.5,11.0,220.0,10.0,0.5,2.0,2.0,0.75,2024-05-14 14:27:00+00:00,2024-05-14 14:27:00+00:00,2024-05-14 14:29:00+00:00,2024-05-14 14:32:00+00:00,momentum_long_open_b15181741626,1,market,0.0,5,1,20,12,47320.0
483643,483644,483648,483648,closed,timeout,20059.5,20050.5,20059.75,20050.25,20039.5,20071.5,-9.0,-9.5,-10.0,-200.0,10.0,0.5,5.0,5.0,12.0,2024-05-14 14:29:00+00:00,2024-05-14 14:29:00+00:00,2024-05-14 14:34:00+00:00,2024-05-14 14:34:00+00:00,momentum_long_open_b15181741626,1,market,0.0,5,1,20,12,47120.0
483672,483673,483673,483673,closed,target,20018.75,20030.75,20019.0,20030.5,19998.75,20030.75,12.0,11.5,11.0,220.0,10.0,0.5,1.0,1.0,0.25,2024-05-14 14:58:00+00:00,2024-05-14 14:58:00+00:00,2024-05-14 14:59:00+00:00,2024-05-14 15:03:00+00:00,momentum_long_open_b15181741626,1,market,0.0,5,1,20,12,47340.0
483673,483674,483675,483675,closed,target,20027.5,20039.5,20027.75,20039.25,20007.5,20039.5,12.0,11.5,11.0,220.0,10.0,0.5,2.0,2.0,3.25,2024-05-14 14:59:00+00:00,2024-05-14 14:59:00+00:00,2024-05-14 15:01:00+00:00,2024-05-14 15:04:00+00:00,momentum_long_open_b15181741626,1,market,0.0,5,1,20,12,47560.0
484955,484956,484957,484957,closed,stop,20220.5,20200.5,20220.75,20200.25,20200.5,20232.5,-20.0,-20.5,-21.0,-420.0,10.0,0.5,2.0,2.0,31.0,2024-05-15 13:36:00+00:00,2024-05-15 13:36:00+00:00,2024-05-15 13:38:00+00:00,2024-05-15 13:41:00+00:00,momentum_long_open_b15181741626,1,market,0.0,5,1,20,12,47140.0
484987,484988,484988,484988,closed,target,20206.0,20218.0,20206.25,20217.75,20186.0,20218.0,12.0,11.5,11.0,220.0,10.0,0.5,1.0,1.0,1.25,2024-05-15 14:08:00+00:00,2024-05-15 14:08:00+00:00,2024-05-15 14:09:00+00:00,2024-05-15 14:13:00+00:00,momentum_long_open_b15181741626,1,market,0.0,5,1,20,12,47360.0
485003,485004,485008,485008,closed,timeout,20232.5,20223.0,20232.75,20222.75,20212.5,20244.5,-9.5,-10.0,-10.5,-210.0,10.0,0.5,5.0,5.0,15.5,2024-05-15 14:24:00+00:00,2024-05-15 14:24:00+00:00,2024-05-15 14:29:00+00:00,2024-05-15 14:29:00+00:00,momentum_long_open_b15181741626,1,market,0.0,5,1,20,12,47150.0
485016,485017,485018,485018,closed,target,20246.0,20258.0,20246.25,20257.75,20226.0,20258.0,12.0,11.5,11.0,220.0,10.0,0.5,2.0,2.0,1.5,2024-05-15 14:37:00+00:00,2024-05-15 14:37:00+00:00,2024-05-15 14:39:00+00:00,2024-05-15 14:42:00+00:00,momentum_long_open_b15181741626,1,market,0.0,5,1,20,12,47370.0
485018,485019,485023,485023,closed,timeout,20251.25,20259.0,20251.5,20258.75,20231.25,20263.25,7.75,7.25,6.75,135.0,10.0,0.5,5.0,5.0,6.75,2024-05-15 14:39:00+00:00,2024-05-15 14:39:00+00:00,2024-05-15 14:44:00+00:00,2024-05-15 14:44:00+00:00,momentum_long_open_b15181741626,1,market,0.0,5,1,20,12,47505.0
485023,485024,485028,485028,closed,timeout,20259.25,20264.75,20259.5,20264.5,20239.25,20271.25,5.5,5.0,4.5,90.0,10.0,0.5,5.0,5.0,6.75,2024-05-15 14:44:00+00:00,2024-05-15 14:44:00+00:00,2024-05-15 14:49:00+00:00,2024-05-15 14:49:00+00:00,momentum_long_open_b15181741626,1,market,0.0,5,1,20,12,47595.0
486338,486339,486343,486343,closed,timeout,20401.75,20404.75,20402.0,20404.5,20381.75,20413.75,3.0,2.5,2.0,40.0,10.0,0.5,5.0,5.0,8.25,2024-05-16 13:54:00+00:00,2024-05-16 13:54:00+00:00,2024-05-16 13:59:00+00:00,2024-05-16 13:59:00+00:00,momentum_long_open_b15181741626,1,market,0.0,5,1,20,12,47635.0
486369,486370,486374,486374,closed,timeout,20412.0,20410.25,20412.25,20410.0,20392.0,20424.0,-1.75,-2.25,-2.75,-55.0,10.0,0.5,5.0,5.0,4.25,2024-05-16 14:25:00+00:00,2024-05-16 14:25:00+00:00,2024-05-16 14:30:00+00:00,2024-05-16 14:30:00+00:00,momentum_long_open_b15181741626,1,market,0.0,5,1,20,12,47580.0
486389,486390,486394,486394,closed,timeout,20418.5,20424.25,20418.75,20424.0,20398.5,20430.5,5.75,5.25,4.75,95.0,10.0,0.5,5.0,5.0,2.75,2024-05-16 14:45:00+00:00,2024-05-16 14:45:00+00:00,2024-05-16 14:50:00+00:00,2024-05-16 14:50:00+00:00,momentum_long_open_b15181741626,1,market,0.0,5,1,20,12,47675.0
486394,486395,486399,486399,closed,timeout,20424.0,20430.5,20424.25,20430.25,20404.0,20436.0,6.5,6.0,5.5,110.0,10.0,0.5,5.0,5.0,3.25,2024-05-16 14:50:00+00:00,2024-05-16 14:50:00+00:00,2024-05-16 14:55:00+00:00,2024-05-16 14:55:00+00:00,momentum_long_open_b15181741626,1,market,0.0,5,1,20,12,47785.0
486399,486400,486404,486404,closed,target,20430.75,20442.75,20431.0,20442.5,20410.75,20442.75,12.0,11.5,11.0,220.0,10.0,0.5,5.0,5.0,4.5,2024-05-16 14:55:00+00:00,2024-05-16 14:55:00+00:00,2024-05-16 15:00:00+00:00,2024-05-16 15:00:00+00:00,momentum_long_open_b15181741626,1,market,0.0,5,1,20,12,48005.0
487737,487738,487742,487742,closed,target,20353.75,20365.75,20354.0,20365.5,20333.75,20365.75,12.0,11.5,11.0,220.0,10.0,0.5,5.0,5.0,1.75,2024-05-17 14:29:00+00:00,2024-05-17 14:29:00+00:00,2024-05-17 14:34:00+00:00,2024-05-17 14:34:00+00:00,momentum_long_open_b15181741626,1,market,0.0,5,1,20,12,48225.0
487742,487743,487747,487747,closed,timeout,20364.25,20360.25,20364.5,20360.0,20344.25,20376.25,-4.0,-4.5,-5.0,-100.0,10.0,0.5,5.0,5.0,13.5,2024-05-17 14:34:00+00:00,2024-05-17 14:34:00+00:00,2024-05-17 14:39:00+00:00,2024-05-17 14:39:00+00:00,momentum_long_open_b15181741626,1,market,0.0,5,1,20,12,48125.0
489047,489048,489049,489049,closed,target,20371.5,20383.5,20371.75,20383.25,20351.5,20383.5,12.0,11.5,11.0,220.0,10.0,0.5,2.0,2.0,3.25,2024-05-20 13:34:00+00:00,2024-05-20 13:34:00+00:00,2024-05-20 13:36:00+00:00,2024-05-20 13:39:00+00:00,momentum_long_open_b15181741626,1,market,0.0,5,1,20,12,48345.0
489049,489050,489051,489051,closed,target,20388.5,20400.5,20388.75,20400.25,20368.5,20400.5,12.0,11.5,11.0,220.0,10.0,0.5,2.0,2.0,4.25,2024-05-20 13:36:00+00:00,2024-05-20 13:36:00+00:00,2024-05-20 13:38:00+00:00,2024-05-20 13:41:00+00:00,momentum_long_open_b15181741626,1,market,0.0,5,1,20,12,48565.0
489051,489052,489056,489056,closed,timeout,20400.0,20396.75,20400.25,20396.5,20380.0,20412.0,-3.25,-3.75,-4.25,-85.0,10.0,0.5,5.0,5.0,19.0,2024-05-20 13:38:00+00:00,2024-05-20 13:38:00+00:00,2024-05-20 13:43:00+00:00,2024-05-20 13:43:00+00:00,momentum_long_open_b15181741626,1,market,0.0,5,1,20,12,48480.0
489064,489065,489066,489066,closed,target,20415.75,20427.75,20416.0,20427.5,20395.75,20427.75,12.0,11.5,11.0,220.0,10.0,0.5,2.0,2.0,0.25,2024-05-20 13:51:00+00:00,2024-05-20 13:51:00+00:00,2024-05-20 13:53:00+00:00,2024-05-20 13:56:00+00:00,momentum_long_open_b15181741626,1,market,0.0,5,1,20,12,48700.0
489068,489069,489073,489073,closed,timeout,20436.5,20443.25,20436.75,20443.0,20416.5,20448.5,6.75,6.25,5.75,115.0,10.0,0.5,5.0,5.0,4.75,2024-05-20 13:55:00+00:00,2024-05-20 13:55:00+00:00,2024-05-20 14:00:00+00:00,2024-05-20 14:00:00+00:00,momentum_long_open_b15181741626,1,market,0.0,5,1,20,12,48815.0
489123,489124,489128,489128,closed,timeout,20459.5,20448.0,20459.75,20447.75,20439.5,20471.5,-11.5,-12.0,-12.5,-250.0,10.0,0.5,5.0,5.0,13.25,2024-05-20 14:50:00+00:00,2024-05-20 14:50:00+00:00,2024-05-20 14:55:00+00:00,2024-05-20 14:55:00+00:00,momentum_long_open_b15181741626,1,market,0.0,5,1,20,12,48565.0
490466,490467,490471,490471,closed,target,20424.5,20436.5,20424.75,20436.25,20404.5,20436.5,12.0,11.5,11.0,220.0,10.0,0.5,5.0,5.0,3.75,2024-05-21 14:30:00+00:00,2024-05-21 14:30:00+00:00,2024-05-21 14:35:00+00:00,2024-05-21 14:35:00+00:00,momentum_long_open_b15181741626,1,market,0.0,5,1,20,12,48785.0
490471,490472,490473,490473,closed,target,20436.25,20448.25,20436.5,20448.0,20416.25,20448.25,12.0,11.5,11.0,220.0,10.0,0.5,2.0,2.0,3.5,2024-05-21 14:35:00+00:00,2024-05-21 14:35:00+00:00,2024-05-21 14:37:00+00:00,2024-05-21 14:40:00+00:00,momentum_long_open_b15181741626,1,market,0.0,5,1,20,12,49005.0
490473,490474,490478,490478,closed,timeout,20449.0,20444.75,20449.25,20444.5,20429.0,20461.0,-4.25,-4.75,-5.25,-105.0,10.0,0.5,5.0,5.0,12.0,2024-05-21 14:37:00+00:00,2024-05-21 14:37:00+00:00,2024-05-21 14:42:00+00:00,2024-05-21 14:42:00+00:00,momentum_long_open_b15181741626,1,market,0.0,5,1,20,12,48900.0
491860,491861,491865,491865,closed,timeout,20515.5,20518.25,20515.75,20518.0,20495.5,20527.5,2.75,2.25,1.75,35.0,10.0,0.5,5.0,5.0,7.0,2024-05-22 14:59:00+00:00,2024-05-22 14:59:00+00:00,2024-05-22 15:04:00+00:00,2024-05-22 15:04:00+00:00,momentum_long_open_b15181741626,1,market,0.0,5,1,20,12,48935.0
494551,494552,494556,494556,closed,timeout,20508.25,20511.5,20508.5,20511.25,20488.25,20520.25,3.25,2.75,2.25,45.0,10.0,0.5,5.0,5.0,14.5,2024-05-24 14:20:00+00:00,2024-05-24 14:20:00+00:00,2024-05-24 14:25:00+00:00,2024-05-24 14:25:00+00:00,momentum_long_open_b15181741626,1,market,0.0,5,1,20,12,48980.0
494563,494564,494568,494568,closed,timeout,20532.5,20518.5,20532.75,20518.25,20512.5,20544.5,-14.0,-14.5,-15.0,-300.0,10.0,0.5,5.0,5.0,16.5,2024-05-24 14:32:00+00:00,2024-05-24 14:32:00+00:00,2024-05-24 14:37:00+00:00,2024-05-24 14:37:00+00:00,momentum_long_open_b15181741626,1,market,0.0,5,1,20,12,48680.0
494586,494587,494590,494590,closed,target,20546.5,20558.5,20546.75,20558.25,20526.5,20558.5,12.0,11.5,11.0,220.0,10.0,0.5,4.0,4.0,1.75,2024-05-24 14:55:00+00:00,2024-05-24 14:55:00+00:00,2024-05-24 14:59:00+00:00,2024-05-24 15:00:00+00:00,momentum_long_open_b15181741626,1,market,0.0,5,1,20,12,48900.0
494590,494591,494595,494595,closed,target,20556.75,20568.75,20557.0,20568.5,20536.75,20568.75,12.0,11.5,11.0,220.0,10.0,0.5,5.0,5.0,5.5,2024-05-24 14:59:00+00:00,2024-05-24 14:59:00+00:00,2024-05-24 15:04:00+00:00,2024-05-24 15:04:00+00:00,momentum_long_open_b15181741626,1,market,0.0,5,1,20,12,49120.0
495867,495868,495870,495870,closed,target,20580.25,20592.25,20580.5,20592.0,20560.25,20592.25,12.0,11.5,11.0,220.0,10.0,0.5,3.0,3.0,0.25,2024-05-27 13:31:00+00:00,2024-05-27 13:31:00+00:00,2024-05-27 13:34:00+00:00,2024-05-27 13:36:00+00:00,momentum_long_open_b15181741626,1,market,0.0,5,1,20,12,49340.0
495870,495871,495875,495875,closed,timeout,20593.25,20600.5,20593.5,20600.25,20573.25,20605.25,7.25,6.75,6.25,125.0,10.0,0.5,5.0,5.0,1.5,2024-05-27 13:34:00+00:00,2024-05-27 13:34:00+00:00,2024-05-27 13:39:00+00:00,2024-05-27 13:39:00+00:00,momentum_long_open_b15181741626,1,market,0.0,5,1,20,12,49465.0
495875,495876,495880,495880,closed,timeout,20600.75,20599.25,20601.0,20599.0,20580.75,20612.75,-1.5,-2.0,-2.5,-50.0,10.0,0.5,5.0,5.0,4.25,2024-05-27 13:39:00+00:00,2024-05-27 13:39:00+00:00,2024-05-27 13:44:00+00:00,2024-05-27 13:44:00+00:00,momentum_long_open_b15181741626,1,market,0.0,5,1,20,12,49415.0
495936,495937,495941,495941,closed,timeout,20583.5,20589.25,20583.75,20589.0,20563.5,20595.5,5.75,5.25,4.75,95.0,10.0,0.5,5.0,5.0,0.25,2024-05-27 14:40:00+00:00,2024-05-27 14:40:00+00:00,2024-05-27 14:45:00+00:00,2024-05-27 14:45:00+00:00,momentum_long_open_b15181741626,1,market,0.0,5,1,20,12,49510.0
495941,495942,495946,495946,closed,timeout,20589.25,20592.75,20589.5,20592.5,20569.25,20601.25,3.5,3.0,2.5,50.0,10.0,0.5,5.0,5.0,1.5,2024-05-27 14:45:00+00:00,2024-05-27 14:45:00+00:00,2024-05-27 14:50:00+00:00,2024-05-27 14:50:00+00:00,momentum_long_open_b15181741626,1,market,0.0,5,1,20,12,49560.0
495946,495947,495951,495951,closed,timeout,20592.5,20598.75,20592.75,20598.5,20572.5,20604.5,6.25,5.75,5.25,105.0,10.0,0.5,5.0,5.0,0.75,2024-05-27 14:50:00+00:00,2024-05-27 14:50:00+00:00,2024-05-27 14:55:00+00:00,2024-05-27 14:55:00+00:00,momentum_long_open_b15181741626,1,market,0.0,5,1,20,12,49665.0
495951,495952,495956,495956,closed,timeout,20598.5,20604.25,20598.75,20604.0,20578.5,20610.5,5.75,5.25,4.75,95.0,10.0,0.5,5.0,5.0,1.75,2024-05-27 14:55:00+00:00,2024-05-27 14:55:00+00:00,2024-05-27 15:00:00+00:00,2024-05-27 15:00:00+00:00,momentum_long_open_b15181741626,1,market,0.0,5,1,20,12,49760.0
497047,497048,497052,497052,closed,stop,20592.25,20572.25,20592.5,20572.0,20572.25,20604.25,-20.0,-20.5,-21.0,-420.0,10.0,0.5,5.0,5.0,23.75,2024-05-28 14:11:00+00:00,2024-05-28 14:11:00+00:00,2024-05-28 14:16:00+00:00,2024-05-28 14:16:00+00:00,momentum_long_open_b15181741626,1,market,0.0,5,1,20,12,49340.0
497083,497084,497088,497088,closed,target,20606.0,20618.0,20606.25,20617.75,20586.0,20618.0,12.0,11.5,11.0,220.0,10.0,0.5,5.0,5.0,1.5,2024-05-28 14:47:00+00:00,2024-05-28 14:47:00+00:00,2024-05-28 14:52:00+00:00,2024-05-28 14:52:00+00:00,momentum_long_open_b15181741626,1,market,0.0,5,1,20,12,49560.0
498373,498374,498378,498378,closed,timeout,20489.5,20482.25,20489.75,20482.0,20469.5,20501.5,-7.25,-7.75,-8.25,-165.0,10.0,0.5,5.0,5.0,15.0,2024-05-29 13:32:00+00:00,2024-05-29 13:32:00+00:00,2024-05-29 13:37:00+00:00,2024-05-29 13:37:00+00:00,momentum_long_open_b15181741626,1,market,0.0,5,1,20,12,49395.0
498380,498381,498382,498382,closed,stop,20509.5,20489.5,20509.75,20489.25,20489.5,20521.5,-20.0,-20.5,-21.0,-420.0,10.0,0.5,2.0,2.0,27.75,2024-05-29 13:39:00+00:00,2024-05-29 13:39:00+00:00,2024-05-29 13:41:00+00:00,2024-05-29 13:44:00+00:00,momentum_long_open_b15181741626,1,market,0.0,5,1,20,12,48975.0
498393,498394,498398,498398,closed,timeout,20531.75,20535.75,20532.0,20535.5,20511.75,20543.75,4.0,3.5,3.0,60.0,10.0,0.5,5.0,5.0,9.25,2024-05-29 13:52:00+00:00,2024-05-29 13:52:00+00:00,2024-05-29 13:57:00+00:00,2024-05-29 13:57:00+00:00,momentum_long_open_b15181741626,1,market,0.0,5,1,20,12,49035.0
498435,498436,498440,498440,closed,timeout,20561.5,20568.0,20561.75,20567.75,20541.5,20573.5,6.5,6.0,5.5,110.0,10.0,0.5,5.0,5.0,6.75,2024-05-29 14:34:00+00:00,2024-05-29 14:34:00+00:00,2024-05-29 14:39:00+00:00,2024-05-29 14:39:00+00:00,momentum_long_open_b15181741626,1,market,0.0,5,1,20,12,49145.0
502478,502479,502480,502480,closed,target,20431.25,20443.25,20431.5,20443.0,20411.25,20443.25,12.0,11.5,11.0,220.0,10.0,0.5,2.0,2.0,7.5,2024-06-03 13:42:00+00:00,2024-06-03 13:42:00+00:00,2024-06-03 13:44:00+00:00,2024-06-03 13:47:00+00:00,momentum_long_open_b15181741626,1,market,0.0,5,1,20,12,49365.0
502482,502483,502486,502486,closed,stop,20442.25,20422.25,20442.5,20422.0,20422.25,20454.25,-20.0,-20.5,-21.0,-420.0,10.0,0.5,4.0,4.0,23.25,2024-06-03 13:46:00+00:00,2024-06-03 13:46:00+00:00,2024-06-03 13:50:00+00:00,2024-06-03 13:51:00+00:00,momentum_long_open_b15181741626,1,market,0.0,5,1,20,12,48945.0
503893,503894,503895,503895,closed,stop,20329.75,20309.75,20330.0,20309.5,20309.75,20341.75,-20.0,-20.5,-21.0,-420.0,10.0,0.5,2.0,2.0,22.25,2024-06-04 14:32:00+00:00,2024-06-04 14:32:00+00:00,2024-06-04 14:34:00+00:00,2024-06-04 14:37:00+00:00,momentum_long_open_b15181741626,1,market,0.0,5,1,20,12,48525.0
505196,505197,505197,505197,closed,stop,20542.5,20522.5,20542.75,20522.25,20522.5,20554.5,-20.0,-20.5,-21.0,-420.0,10.0,0.5,1.0,1.0,26.0,2024-06-05 13:30:00+00:00,2024-06-05 13:30:00+00:00,2024-06-05 13:31:00+00:00,2024-06-05 13:35:00+00:00,momentum_long_open_b15181741626,1,market,0.0,5,1,20,12,48105.0
505250,505251,505251,505251,closed,target,20562.25,20574.25,20562.5,20574.0,20542.25,20574.25,12.0,11.5,11.0,220.0,10.0,0.5,1.0,1.0,0.5,2024-06-05 14:24:00+00:00,2024-06-05 14:24:00+00:00,2024-06-05 14:25:00+00:00,2024-06-05 14:29:00+00:00,momentum_long_open_b15181741626,1,market,0.0,5,1,20,12,48325.0
505251,505252,505252,505252,closed,target,20570.0,20582.0,20570.25,20581.75,20550.0,20582.0,12.0,11.5,11.0,220.0,10.0,0.5,1.0,1.0,2.25,2024-06-05 14:25:00+00:00,2024-06-05 14:25:00+00:00,2024-06-05 14:26:00+00:00,2024-06-05 14:30:00+00:00,momentum_long_open_b15181741626,1,market,0.0,5,1,20,12,48545.0
505252,505253,505257,505257,closed,target,20579.75,20591.75,20580.0,20591.5,20559.75,20591.75,12.0,11.5,11.0,220.0,10.0,0.5,5.0,5.0,11.25,2024-06-05 14:26:00+00:00,2024-06-05 14:26:00+00:00,2024-06-05 14:31:00+00:00,2024-06-05 14:31:00+00:00,momentum_long_open_b15181741626,1,market,0.0,5,1,20,12,48765.0
505257,505258,505259,505259,closed,target,20597.5,20609.5,20597.75,20609.25,20577.5,20609.5,12.0,11.5,11.0,220.0,10.0,0.5,2.0,2.0,1.25,2024-06-05 14:31:00+00:00,2024-06-05 14:31:00+00:00,2024-06-05 14:33:00+00:00,2024-06-05 14:36:00+00:00,momentum_long_open_b15181741626,1,market,0.0,5,1,20,12,48985.0
505259,505260,505261,505261,closed,target,20612.25,20624.25,20612.5,20624.0,20592.25,20624.25,12.0,11.5,11.0,220.0,10.0,0.5,2.0,2.0,2.75,2024-06-05 14:33:00+00:00,2024-06-05 14:33:00+00:00,2024-06-05 14:35:00+00:00,2024-06-05 14:38:00+00:00,momentum_long_open_b15181741626,1,market,0.0,5,1,20,12,49205.0
505261,505262,505266,505266,closed,timeout,20623.5,20619.5,20623.75,20619.25,20603.5,20635.5,-4.0,-4.5,-5.0,-100.0,10.0,0.5,5.0,5.0,17.5,2024-06-05 14:35:00+00:00,2024-06-05 14:35:00+00:00,2024-06-05 14:40:00+00:00,2024-06-05 14:40:00+00:00,momentum_long_open_b15181741626,1,market,0.0,5,1,20,12,49105.0
506628,506629,506633,506633,closed,timeout,20791.5,20789.5,20791.75,20789.25,20771.5,20803.5,-2.0,-2.5,-3.0,-60.0,10.0,0.5,5.0,5.0,7.0,2024-06-06 14:37:00+00:00,2024-06-06 14:37:00+00:00,2024-06-06 14:42:00+00:00,2024-06-06 14:42:00+00:00,momentum_long_open_b15181741626,1,market,0.0,5,1,20,12,49045.0
507947,507948,507951,507951,closed,stop,20752.0,20732.0,20752.25,20731.75,20732.0,20764.0,-20.0,-20.5,-21.0,-420.0,10.0,0.5,4.0,4.0,21.5,2024-06-07 13:52:00+00:00,2024-06-07 13:52:00+00:00,2024-06-07 13:56:00+00:00,2024-06-07 13:57:00+00:00,momentum_long_open_b15181741626,1,market,0.0,5,1,20,12,48625.0
507993,507994,507996,507996,closed,target,20759.25,20771.25,20759.5,20771.0,20739.25,20771.25,12.0,11.5,11.0,220.0,10.0,0.5,3.0,3.0,8.75,2024-06-07 14:38:00+00:00,2024-06-07 14:38:00+00:00,2024-06-07 14:41:00+00:00,2024-06-07 14:43:00+00:00,momentum_long_open_b15181741626,1,market,0.0,5,1,20,12,48845.0
507996,507997,508001,508001,closed,timeout,20780.0,20784.5,20780.25,20784.25,20760.0,20792.0,4.5,4.0,3.5,70.0,10.0,0.5,5.0,5.0,5.75,2024-06-07 14:41:00+00:00,2024-06-07 14:41:00+00:00,2024-06-07 14:46:00+00:00,2024-06-07 14:46:00+00:00,momentum_long_open_b15181741626,1,market,0.0,5,1,20,12,48915.0
508002,508003,508004,508004,closed,target,20792.0,20804.0,20792.25,20803.75,20772.0,20804.0,12.0,11.5,11.0,220.0,10.0,0.5,2.0,2.0,0.25,2024-06-07 14:47:00+00:00,2024-06-07 14:47:00+00:00,2024-06-07 14:49:00+00:00,2024-06-07 14:52:00+00:00,momentum_long_open_b15181741626,1,market,0.0,5,1,20,12,49135.0
508004,508005,508008,508008,closed,stop,20806.25,20786.25,20806.5,20786.0,20786.25,20818.25,-20.0,-20.5,-21.0,-420.0,10.0,0.5,4.0,4.0,23.5,2024-06-07 14:49:00+00:00,2024-06-07 14:49:00+00:00,2024-06-07 14:53:00+00:00,2024-06-07 14:54:00+00:00,momentum_long_open_b15181741626,1,market,0.0,5,1,20,12,48715.0
509294,509295,509299,509299,closed,timeout,20706.5,20711.0,20706.75,20710.75,20686.5,20718.5,4.5,4.0,3.5,70.0,10.0,0.5,5.0,5.0,12.75,2024-06-10 13:35:00+00:00,2024-06-10 13:35:00+00:00,2024-06-10 13:40:00+00:00,2024-06-10 13:40:00+00:00,momentum_long_open_b15181741626,1,market,0.0,5,1,20,12,48785.0
509329,509330,509334,509334,closed,timeout,20709.25,20695.5,20709.5,20695.25,20689.25,20721.25,-13.75,-14.25,-14.75,-295.0,10.0,0.5,5.0,5.0,19.25,2024-06-10 14:10:00+00:00,2024-06-10 14:10:00+00:00,2024-06-10 14:15:00+00:00,2024-06-10 14:15:00+00:00,momentum_long_open_b15181741626,1,market,0.0,5,1,20,12,48490.0
509342,509343,509347,509347,closed,timeout,20722.75,20723.0,20723.0,20722.75,20702.75,20734.75,0.25,-0.25,-0.75,-15.0,10.0,0.5,5.0,5.0,12.0,2024-06-10 14:23:00+00:00,2024-06-10 14:23:00+00:00,2024-06-10 14:28:00+00:00,2024-06-10 14:28:00+00:00,momentum_long_open_b15181741626,1,market,0.0,5,1,20,12,48475.0
509349,509350,509354,509354,closed,timeout,20729.0,20718.75,20729.25,20718.5,20709.0,20741.0,-10.25,-10.75,-11.25,-225.0,10.0,0.5,5.0,5.0,13.25,2024-06-10 14:30:00+00:00,2024-06-10 14:30:00+00:00,2024-06-10 14:35:00+00:00,2024-06-10 14:35:00+00:00,momentum_long_open_b15181741626,1,market,0.0,5,1,20,12,48250.0
509373,509374,509378,509378,closed,target,20749.75,20761.75,20750.0,20761.5,20729.75,20761.75,12.0,11.5,11.0,220.0,10.0,0.5,5.0,5.0,5.25,2024-06-10 14:54:00+00:00,2024-06-10 14:54:00+00:00,2024-06-10 14:59:00+00:00,2024-06-10 14:59:00+00:00,momentum_long_open_b15181741626,1,market,0.0,5,1,20,12,48470.0
509378,509379,509383,509383,closed,timeout,20761.25,20763.0,20761.5,20762.75,20741.25,20773.25,1.75,1.25,0.75,15.0,10.0,0.5,5.0,5.0,2.75,2024-06-10 14:59:00+00:00,2024-06-10 14:59:00+00:00,2024-06-10 15:04:00+00:00,2024-06-10 15:04:00+00:00,momentum_long_open_b15181741626,1,market,0.0,5,1,20,12,48485.0
510709,510710,510714,510714,closed,timeout,20774.75,20781.0,20775.0,20780.75,20754.75,20786.75,6.25,5.75,5.25,105.0,10.0,0.5,5.0,5.0,12.5,2024-06-11 14:25:00+00:00,2024-06-11 14:25:00+00:00,2024-06-11 14:30:00+00:00,2024-06-11 14:30:00+00:00,momentum_long_open_b15181741626,1,market,0.0,5,1,20,12,48590.0
510717,510718,510722,510722,closed,timeout,20783.25,20777.5,20783.5,20777.25,20763.25,20795.25,-5.75,-6.25,-6.75,-135.0,10.0,0.5,5.0,5.0,10.5,2024-06-11 14:33:00+00:00,2024-06-11 14:33:00+00:00,2024-06-11 14:38:00+00:00,2024-06-11 14:38:00+00:00,momentum_long_open_b15181741626,1,market,0.0,5,1,20,12,48455.0
510728,510729,510733,510733,closed,timeout,20802.25,20802.75,20802.5,20802.5,20782.25,20814.25,0.5,0.0,-0.5,-10.0,10.0,0.5,5.0,5.0,8.25,2024-06-11 14:44:00+00:00,2024-06-11 14:44:00+00:00,2024-06-11 14:49:00+00:00,2024-06-11 14:49:00+00:00,momentum_long_open_b15181741626,1,market,0.0,5,1,20,12,48445.0
510734,510735,510738,510738,closed,target,20811.5,20823.5,20811.75,20823.25,20791.5,20823.5,12.0,11.5,11.0,220.0,10.0,0.5,4.0,4.0,2.5,2024-06-11 14:50:00+00:00,2024-06-11 14:50:00+00:00,2024-06-11 14:54:00+00:00,2024-06-11 14:55:00+00:00,momentum_long_open_b15181741626,1,market,0.0,5,1,20,12,48665.0
510738,510739,510743,510743,closed,timeout,20824.0,20824.5,20824.25,20824.25,20804.0,20836.0,0.5,0.0,-0.5,-10.0,10.0,0.5,5.0,5.0,6.5,2024-06-11 14:54:00+00:00,2024-06-11 14:54:00+00:00,2024-06-11 14:59:00+00:00,2024-06-11 14:59:00+00:00,momentum_long_open_b15181741626,1,market,0.0,5,1,20,12,48655.0
512030,512031,512032,512032,closed,target,21148.0,21160.0,21148.25,21159.75,21128.0,21160.0,12.0,11.5,11.0,220.0,10.0,0.5,2.0,2.0,6.0,2024-06-12 13:41:00+00:00,2024-06-12 13:41:00+00:00,2024-06-12 13:43:00+00:00,2024-06-12 13:46:00+00:00,momentum_long_open_b15181741626,1,market,0.0,5,1,20,12,48875.0
512032,512033,512034,512034,closed,target,21159.75,21171.75,21160.0,21171.5,21139.75,21171.75,12.0,11.5,11.0,220.0,10.0,0.5,2.0,2.0,1.25,2024-06-12 13:43:00+00:00,2024-06-12 13:43:00+00:00,2024-06-12 13:45:00+00:00,2024-06-12 13:48:00+00:00,momentum_long_open_b15181741626,1,market,0.0,5,1,20,12,49095.0
512034,512035,512036,512036,closed,target,21174.5,21186.5,21174.75,21186.25,21154.5,21186.5,12.0,11.5,11.0,220.0,10.0,0.5,2.0,2.0,2.25,2024-06-12 13:45:00+00:00,2024-06-12 13:45:00+00:00,2024-06-12 13:47:00+00:00,2024-06-12 13:50:00+00:00,momentum_long_open_b15181741626,1,market,0.0,5,1,20,12,49315.0
512036,512037,512040,512040,closed,target,21182.25,21194.25,21182.5,21194.0,21162.25,21194.25,12.0,11.5,11.0,220.0,10.0,0.5,4.0,4.0,8.25,2024-06-12 13:47:00+00:00,2024-06-12 13:47:00+00:00,2024-06-12 13:51:00+00:00,2024-06-12 13:52:00+00:00,momentum_long_open_b15181741626,1,market,0.0,5,1,20,12,49535.0
512040,512041,512045,512045,closed,timeout,21197.25,21191.25,21197.5,21191.0,21177.25,21209.25,-6.0,-6.5,-7.0,-140.0,10.0,0.5,5.0,5.0,20.0,2024-06-12 13:51:00+00:00,2024-06-12 13:51:00+00:00,2024-06-12 13:56:00+00:00,2024-06-12 13:56:00+00:00,momentum_long_open_b15181741626,1,market,0.0,5,1,20,12,49395.0
512065,512066,512070,512070,closed,timeout,21214.75,21206.75,21215.0,21206.5,21194.75,21226.75,-8.0,-8.5,-9.0,-180.0,10.0,0.5,5.0,5.0,15.0,2024-06-12 14:16:00+00:00,2024-06-12 14:16:00+00:00,2024-06-12 14:21:00+00:00,2024-06-12 14:21:00+00:00,momentum_long_open_b15181741626,1,market,0.0,5,1,20,12,49215.0
512076,512077,512080,512080,closed,target,21226.0,21238.0,21226.25,21237.75,21206.0,21238.0,12.0,11.5,11.0,220.0,10.0,0.5,4.0,4.0,2.5,2024-06-12 14:27:00+00:00,2024-06-12 14:27:00+00:00,2024-06-12 14:31:00+00:00,2024-06-12 14:32:00+00:00,momentum_long_open_b15181741626,1,market,0.0,5,1,20,12,49435.0
512080,512081,512085,512085,closed,timeout,21231.5,21230.75,21231.75,21230.5,21211.5,21243.5,-0.75,-1.25,-1.75,-35.0,10.0,0.5,5.0,5.0,6.0,2024-06-12 14:31:00+00:00,2024-06-12 14:31:00+00:00,2024-06-12 14:36:00+00:00,2024-06-12 14:36:00+00:00,momentum_long_open_b15181741626,1,market,0.0,5,1,20,12,49400.0
514765,514766,514766,514766,closed,target,21302.25,21314.25,21302.5,21314.0,21282.25,21314.25,12.0,11.5,11.0,220.0,10.0,0.5,1.0,1.0,3.25,2024-06-14 13:46:00+00:00,2024-06-14 13:46:00+00:00,2024-06-14 13:47:00+00:00,2024-06-14 13:51:00+00:00,momentum_long_open_b15181741626,1,market,0.0,5,1,20,12,49620.0
514766,514767,514771,514771,closed,timeout,21315.25,21320.0,21315.5,21319.75,21295.25,21327.25,4.75,4.25,3.75,75.0,10.0,0.5,5.0,5.0,6.75,2024-06-14 13:47:00+00:00,2024-06-14 13:47:00+00:00,2024-06-14 13:52:00+00:00,2024-06-14 13:52:00+00:00,momentum_long_open_b15181741626,1,market,0.0,5,1,20,12,49695.0
514772,514773,514777,514777,closed,timeout,21326.25,21320.5,21326.5,21320.25,21306.25,21338.25,-5.75,-6.25,-6.75,-135.0,10.0,0.5,5.0,5.0,11.5,2024-06-14 13:53:00+00:00,2024-06-14 13:53:00+00:00,2024-06-14 13:58:00+00:00,2024-06-14 13:58:00+00:00,momentum_long_open_b15181741626,1,market,0.0,5,1,20,12,49560.0
514801,514802,514806,514806,closed,stop,21335.25,21315.25,21335.5,21315.0,21315.25,21347.25,-20.0,-20.5,-21.0,-420.0,10.0,0.5,5.0,5.0,20.75,2024-06-14 14:22:00+00:00,2024-06-14 14:22:00+00:00,2024-06-14 14:27:00+00:00,2024-06-14 14:27:00+00:00,momentum_long_open_b15181741626,1,market,0.0,5,1,20,12,49140.0
516112,516113,516114,516114,closed,target,21391.0,21403.0,21391.25,21402.75,21371.0,21403.0,12.0,11.5,11.0,220.0,10.0,0.5,2.0,2.0,5.5,2024-06-17 13:30:00+00:00,2024-06-17 13:30:00+00:00,2024-06-17 13:32:00+00:00,2024-06-17 13:35:00+00:00,momentum_long_open_b15181741626,1,market,0.0,5,1,20,12,49360.0
516114,516115,516116,516116,closed,stop,21396.25,21376.25,21396.5,21376.0,21376.25,21408.25,-20.0,-20.5,-21.0,-420.0,10.0,0.5,2.0,2.0,22.75,2024-06-17 13:32:00+00:00,2024-06-17 13:32:00+00:00,2024-06-17 13:34:00+00:00,2024-06-17 13:37:00+00:00,momentum_long_open_b15181741626,1,market,0.0,5,1,20,12,48940.0
516148,516149,516153,516153,closed,target,21394.25,21406.25,21394.5,21406.0,21374.25,21406.25,12.0,11.5,11.0,220.0,10.0,0.5,5.0,5.0,5.25,2024-06-17 14:06:00+00:00,2024-06-17 14:06:00+00:00,2024-06-17 14:11:00+00:00,2024-06-17 14:11:00+00:00,momentum_long_open_b15181741626,1,market,0.0,5,1,20,12,49160.0
516153,516154,516158,516158,closed,timeout,21408.75,21407.0,21409.0,21406.75,21388.75,21420.75,-1.75,-2.25,-2.75,-55.0,10.0,0.5,5.0,5.0,11.25,2024-06-17 14:11:00+00:00,2024-06-17 14:11:00+00:00,2024-06-17 14:16:00+00:00,2024-06-17 14:16:00+00:00,momentum_long_open_b15181741626,1,market,0.0,5,1,20,12,49105.0
516159,516160,516164,516164,closed,stop,21415.25,21395.25,21415.5,21395.0,21395.25,21427.25,-20.0,-20.5,-21.0,-420.0,10.0,0.5,5.0,5.0,21.0,2024-06-17 14:17:00+00:00,2024-06-17 14:17:00+00:00,2024-06-17 14:22:00+00:00,2024-06-17 14:22:00+00:00,momentum_long_open_b15181741626,1,market,0.0,5,1,20,12,48685.0
517517,517518,517522,517522,closed,timeout,21636.5,21641.5,21636.75,21641.25,21616.5,21648.5,5.0,4.5,4.0,80.0,10.0,0.5,5.0,5.0,5.25,2024-06-18 14:10:00+00:00,2024-06-18 14:10:00+00:00,2024-06-18 14:15:00+00:00,2024-06-18 14:15:00+00:00,momentum_long_open_b15181741626,1,market,0.0,5,1,20,12,48765.0
518920,518921,518925,518925,closed,timeout,21673.5,21668.5,21673.75,21668.25,21653.5,21685.5,-5.0,-5.5,-6.0,-120.0,10.0,0.5,5.0,5.0,5.5,2024-06-19 14:48:00+00:00,2024-06-19 14:48:00+00:00,2024-06-19 14:53:00+00:00,2024-06-19 14:53:00+00:00,momentum_long_open_b15181741626,1,market,0.0,5,1,20,12,48645.0
520044,520045,520049,520049,closed,timeout,21612.75,21611.25,21613.0,21611.0,21592.75,21624.75,-1.5,-2.0,-2.5,-50.0,10.0,0.5,5.0,5.0,16.5,2024-06-20 14:32:00+00:00,2024-06-20 14:32:00+00:00,2024-06-20 14:37:00+00:00,2024-06-20 14:37:00+00:00,momentum_long_open_b15181741626,1,market,0.0,5,1,20,12,48595.0
520070,520071,520072,520072,closed,target,21636.5,21648.5,21636.75,21648.25,21616.5,21648.5,12.0,11.5,11.0,220.0,10.0,0.5,2.0,2.0,3.25,2024-06-20 14:58:00+00:00,2024-06-20 14:58:00+00:00,2024-06-20 15:00:00+00:00,2024-06-20 15:03:00+00:00,momentum_long_open_b15181741626,1,market,0.0,5,1,20,12,48815.0
521392,521393,521394,521394,closed,target,21429.0,21441.0,21429.25,21440.75,21409.0,21441.0,12.0,11.5,11.0,220.0,10.0,0.5,2.0,2.0,6.25,2024-06-21 14:15:00+00:00,2024-06-21 14:15:00+00:00,2024-06-21 14:17:00+00:00,2024-06-21 14:20:00+00:00,momentum_long_open_b15181741626,1,market,0.0,5,1,20,12,49035.0
521394,521395,521397,521397,closed,stop,21438.75,21418.75,21439.0,21418.5,21418.75,21450.75,-20.0,-20.5,-21.0,-420.0,10.0,0.5,3.0,3.0,21.5,2024-06-21 14:17:00+00:00,2024-06-21 14:17:00+00:00,2024-06-21 14:20:00+00:00,2024-06-21 14:22:00+00:00,momentum_long_open_b15181741626,1,market,0.0,5,1,20,12,48615.0
521426,521427,521427,521427,closed,target,21416.25,21428.25,21416.5,21428.0,21396.25,21428.25,12.0,11.5,11.0,220.0,10.0,0.5,1.0,1.0,1.0,2024-06-21 14:49:00+00:00,2024-06-21 14:49:00+00:00,2024-06-21 14:50:00+00:00,2024-06-21 14:54:00+00:00,momentum_long_open_b15181741626,1,market,0.0,5,1,20,12,48835.0
521427,521428,521430,521430,closed,stop,21430.5,21410.5,21430.75,21410.25,21410.5,21442.5,-20.0,-20.5,-21.0,-420.0,10.0,0.5,3.0,3.0,26.5,2024-06-21 14:50:00+00:00,2024-06-21 14:50:00+00:00,2024-06-21 14:53:00+00:00,2024-06-21 14:55:00+00:00,momentum_long_open_b15181741626,1,market,0.0,5,1,20,12,48415.0
522740,522741,522741,522741,closed,target,21390.75,21402.75,21391.0,21402.5,21370.75,21402.75,12.0,11.5,11.0,220.0,10.0,0.5,1.0,1.0,1.25,2024-06-24 14:01:00+00:00,2024-06-24 14:01:00+00:00,2024-06-24 14:02:00+00:00,2024-06-24 14:06:00+00:00,momentum_long_open_b15181741626,1,market,0.0,5,1,20,12,48635.0
522741,522742,522743,522743,closed,stop,21418.75,21398.75,21419.0,21398.5,21398.75,21430.75,-20.0,-20.5,-21.0,-420.0,10.0,0.5,2.0,2.0,22.5,2024-06-24 14:02:00+00:00,2024-06-24 14:02:00+00:00,2024-06-24 14:04:00+00:00,2024-06-24 14:07:00+00:00,momentum_long_open_b15181741626,1,market,0.0,5,1,20,12,48215.0
524092,524093,524097,524097,closed,stop,21279.75,21259.75,21280.0,21259.5,21259.75,21291.75,-20.0,-20.5,-21.0,-420.0,10.0,0.5,5.0,5.0,20.25,2024-06-25 13:48:00+00:00,2024-06-25 13:48:00+00:00,2024-06-25 13:53:00+00:00,2024-06-25 13:53:00+00:00,momentum_long_open_b15181741626,1,market,0.0,5,1,20,12,47795.0
524109,524110,524114,524114,closed,target,21307.5,21319.5,21307.75,21319.25,21287.5,21319.5,12.0,11.5,11.0,220.0,10.0,0.5,5.0,5.0,7.5,2024-06-25 14:05:00+00:00,2024-06-25 14:05:00+00:00,2024-06-25 14:10:00+00:00,2024-06-25 14:10:00+00:00,momentum_long_open_b15181741626,1,market,0.0,5,1,20,12,48015.0
524118,524119,524121,524121,closed,stop,21325.75,21305.75,21326.0,21305.5,21305.75,21337.75,-20.0,-20.5,-21.0,-420.0,10.0,0.5,3.0,3.0,22.25,2024-06-25 14:14:00+00:00,2024-06-25 14:14:00+00:00,2024-06-25 14:17:00+00:00,2024-06-25 14:19:00+00:00,momentum_long_open_b15181741626,1,market,0.0,5,1,20,12,47595.0
525442,525443,525444,525444,closed,stop,21381.25,21361.25,21381.5,21361.0,21361.25,21393.25,-20.0,-20.5,-21.0,-420.0,10.0,0.5,2.0,2.0,29.25,2024-06-26 13:33:00+00:00,2024-06-26 13:33:00+00:00,2024-06-26 13:35:00+00:00,2024-06-26 13:38:00+00:00,momentum_long_open_b15181741626,1,market,0.0,5,1,20,12,47175.0
525461,525462,525466,525466,closed,timeout,21421.75,21417.75,21422.0,21417.5,21401.75,21433.75,-4.0,-4.5,-5.0,-100.0,10.0,0.5,5.0,5.0,16.25,2024-06-26 13:52:00+00:00,2024-06-26 13:52:00+00:00,2024-06-26 13:57:00+00:00,2024-06-26 13:57:00+00:00,momentum_long_open_b15181741626,1,market,0.0,5,1,20,12,47075.0
525478,525479,525482,525482,closed,stop,21444.0,21424.0,21444.25,21423.75,21424.0,21456.0,-20.0,-20.5,-21.0,-420.0,10.0,0.5,4.0,4.0,22.0,2024-06-26 14:09:00+00:00,2024-06-26 14:09:00+00:00,2024-06-26 14:13:00+00:00,2024-06-26 14:14:00+00:00,momentum_long_open_b15181741626,1,market,0.0,5,1,20,12,46655.0
525517,525518,525522,525522,closed,stop,21439.75,21419.75,21440.0,21419.5,21419.75,21451.75,-20.0,-20.5,-21.0,-420.0,10.0,0.5,5.0,5.0,29.75,2024-06-26 14:48:00+00:00,2024-06-26 14:48:00+00:00,2024-06-26 14:53:00+00:00,2024-06-26 14:53:00+00:00,momentum_long_open_b15181741626,1,market,0.0,5,1,20,12,46235.0
526806,526807,526807,526807,closed,target,21451.25,21463.25,21451.5,21463.0,21431.25,21463.25,12.0,11.5,11.0,220.0,10.0,0.5,1.0,1.0,5.0,2024-06-27 13:32:00+00:00,2024-06-27 13:32:00+00:00,2024-06-27 13:33:00+00:00,2024-06-27 13:37:00+00:00,momentum_long_open_b15181741626,1,market,0.0,5,1,20,12,46455.0
526807,526808,526808,526808,closed,target,21459.0,21471.0,21459.25,21470.75,21439.0,21471.0,12.0,11.5,11.0,220.0,10.0,0.5,1.0,1.0,5.0,2024-06-27 13:33:00+00:00,2024-06-27 13:33:00+00:00,2024-06-27 13:34:00+00:00,2024-06-27 13:38:00+00:00,momentum_long_open_b15181741626,1,market,0.0,5,1,20,12,46675.0
526808,526809,526810,526810,closed,target,21480.25,21492.25,21480.5,21492.0,21460.25,21492.25,12.0,11.5,11.0,220.0,10.0,0.5,2.0,2.0,5.75,2024-06-27 13:34:00+00:00,2024-06-27 13:34:00+00:00,2024-06-27 13:36:00+00:00,2024-06-27 13:39:00+00:00,momentum_long_open_b15181741626,1,market,0.0,5,1,20,12,46895.0
526810,526811,526811,526811,closed,target,21494.5,21506.5,21494.75,21506.25,21474.5,21506.5,12.0,11.5,11.0,220.0,10.0,0.5,1.0,1.0,4.5,2024-06-27 13:36:00+00:00,2024-06-27 13:36:00+00:00,2024-06-27 13:37:00+00:00,2024-06-27 13:41:00+00:00,momentum_long_open_b15181741626,1,market,0.0,5,1,20,12,47115.0
526811,526812,526813,526813,closed,target,21511.0,21523.0,21511.25,21522.75,21491.0,21523.0,12.0,11.5,11.0,220.0,10.0,0.5,2.0,2.0,9.0,2024-06-27 13:37:00+00:00,2024-06-27 13:37:00+00:00,2024-06-27 13:39:00+00:00,2024-06-27 13:42:00+00:00,momentum_long_open_b15181741626,1,market,0.0,5,1,20,12,47335.0
526813,526814,526817,526817,closed,stop,21524.0,21504.0,21524.25,21503.75,21504.0,21536.0,-20.0,-20.5,-21.0,-420.0,10.0,0.5,4.0,4.0,21.25,2024-06-27 13:39:00+00:00,2024-06-27 13:39:00+00:00,2024-06-27 13:43:00+00:00,2024-06-27 13:44:00+00:00,momentum_long_open_b15181741626,1,market,0.0,5,1,20,12,46915.0
526849,526850,526851,526851,closed,stop,21543.5,21523.5,21543.75,21523.25,21523.5,21555.5,-20.0,-20.5,-21.0,-420.0,10.0,0.5,2.0,2.0,24.75,2024-06-27 14:15:00+00:00,2024-06-27 14:15:00+00:00,2024-06-27 14:17:00+00:00,2024-06-27 14:20:00+00:00,momentum_long_open_b15181741626,1,market,0.0,5,1,20,12,46495.0
526852,526853,526854,526854,closed,stop,21532.5,21512.5,21532.75,21512.25,21512.5,21544.5,-20.0,-20.5,-21.0,-420.0,10.0,0.5,2.0,2.0,30.5,2024-06-27 14:18:00+00:00,2024-06-27 14:18:00+00:00,2024-06-27 14:20:00+00:00,2024-06-27 14:23:00+00:00,momentum_long_open_b15181741626,1,market,0.0,5,1,20,12,46075.0
528184,528185,528185,528185,closed,target,21536.5,21548.5,21536.75,21548.25,21516.5,21548.5,12.0,11.5,11.0,220.0,10.0,0.5,1.0,1.0,0.75,2024-06-28 13:45:00+00:00,2024-06-28 13:45:00+00:00,2024-06-28 13:46:00+00:00,2024-06-28 13:50:00+00:00,momentum_long_open_b15181741626,1,market,0.0,5,1,20,12,46295.0
528185,528186,528189,528189,closed,target,21544.0,21556.0,21544.25,21555.75,21524.0,21556.0,12.0,11.5,11.0,220.0,10.0,0.5,4.0,4.0,6.5,2024-06-28 13:46:00+00:00,2024-06-28 13:46:00+00:00,2024-06-28 13:50:00+00:00,2024-06-28 13:51:00+00:00,momentum_long_open_b15181741626,1,market,0.0,5,1,20,12,46515.0
528189,528190,528191,528191,closed,target,21558.75,21570.75,21559.0,21570.5,21538.75,21570.75,12.0,11.5,11.0,220.0,10.0,0.5,2.0,2.0,1.5,2024-06-28 13:50:00+00:00,2024-06-28 13:50:00+00:00,2024-06-28 13:52:00+00:00,2024-06-28 13:55:00+00:00,momentum_long_open_b15181741626,1,market,0.0,5,1,20,12,46735.0
528191,528192,528196,528196,closed,timeout,21567.25,21564.0,21567.5,21563.75,21547.25,21579.25,-3.25,-3.75,-4.25,-85.0,10.0,0.5,5.0,5.0,9.25,2024-06-28 13:52:00+00:00,2024-06-28 13:52:00+00:00,2024-06-28 13:57:00+00:00,2024-06-28 13:57:00+00:00,momentum_long_open_b15181741626,1,market,0.0,5,1,20,12,46650.0
528197,528198,528200,528200,closed,target,21572.75,21584.75,21573.0,21584.5,21552.75,21584.75,12.0,11.5,11.0,220.0,10.0,0.5,3.0,3.0,6.75,2024-06-28 13:58:00+00:00,2024-06-28 13:58:00+00:00,2024-06-28 14:01:00+00:00,2024-06-28 14:03:00+00:00,momentum_long_open_b15181741626,1,market,0.0,5,1,20,12,46870.0
528200,528201,528201,528201,closed,target,21601.5,21613.5,21601.75,21613.25,21581.5,21613.5,12.0,11.5,11.0,220.0,10.0,0.5,1.0,1.0,3.0,2024-06-28 14:01:00+00:00,2024-06-28 14:01:00+00:00,2024-06-28 14:02:00+00:00,2024-06-28 14:06:00+00:00,momentum_long_open_b15181741626,1,market,0.0,5,1,20,12,47090.0
528201,528202,528202,528202,closed,target,21616.25,21628.25,21616.5,21628.0,21596.25,21628.25,12.0,11.5,11.0,220.0,10.0,0.5,1.0,1.0,0.5,2024-06-28 14:02:00+00:00,2024-06-28 14:02:00+00:00,2024-06-28 14:03:00+00:00,2024-06-28 14:07:00+00:00,momentum_long_open_b15181741626,1,market,0.0,5,1,20,12,47310.0
528202,528203,528203,528203,closed,target,21637.0,21649.0,21637.25,21648.75,21617.0,21649.0,12.0,11.5,11.0,220.0,10.0,0.5,1.0,1.0,0.25,2024-06-28 14:03:00+00:00,2024-06-28 14:03:00+00:00,2024-06-28 14:04:00+00:00,2024-06-28 14:08:00+00:00,momentum_long_open_b15181741626,1,market,0.0,5,1,20,12,47530.0
528203,528204,528205,528205,closed,target,21650.75,21662.75,21651.0,21662.5,21630.75,21662.75,12.0,11.5,11.0,220.0,10.0,0.5,2.0,2.0,6.5,2024-06-28 14:04:00+00:00,2024-06-28 14:04:00+00:00,2024-06-28 14:06:00+00:00,2024-06-28 14:09:00+00:00,momentum_long_open_b15181741626,1,market,0.0,5,1,20,12,47750.0
528205,528206,528210,528210,closed,target,21667.0,21679.0,21667.25,21678.75,21647.0,21679.0,12.0,11.5,11.0,220.0,10.0,0.5,5.0,5.0,9.5,2024-06-28 14:06:00+00:00,2024-06-28 14:06:00+00:00,2024-06-28 14:11:00+00:00,2024-06-28 14:11:00+00:00,momentum_long_open_b15181741626,1,market,0.0,5,1,20,12,47970.0
528212,528213,528215,528215,closed,target,21685.75,21697.75,21686.0,21697.5,21665.75,21697.75,12.0,11.5,11.0,220.0,10.0,0.5,3.0,3.0,6.25,2024-06-28 14:13:00+00:00,2024-06-28 14:13:00+00:00,2024-06-28 14:16:00+00:00,2024-06-28 14:18:00+00:00,momentum_long_open_b15181741626,1,market,0.0,5,1,20,12,48190.0
529588,529589,529589,529589,closed,stop,21372.75,21352.75,21373.0,21352.5,21352.75,21384.75,-20.0,-20.5,-21.0,-420.0,10.0,0.5,1.0,1.0,23.5,2024-07-01 14:24:00+00:00,2024-07-01 14:24:00+00:00,2024-07-01 14:25:00+00:00,2024-07-01 14:29:00+00:00,momentum_long_open_b15181741626,1,market,0.0,5,1,20,12,47770.0
530902,530903,530903,530903,closed,target,21452.25,21464.25,21452.5,21464.0,21432.25,21464.25,12.0,11.5,11.0,220.0,10.0,0.5,1.0,1.0,0.25,2024-07-02 13:33:00+00:00,2024-07-02 13:33:00+00:00,2024-07-02 13:34:00+00:00,2024-07-02 13:38:00+00:00,momentum_long_open_b15181741626,1,market,0.0,5,1,20,12,47990.0
530903,530904,530905,530905,closed,stop,21459.0,21439.0,21459.25,21438.75,21439.0,21471.0,-20.0,-20.5,-21.0,-420.0,10.0,0.5,2.0,2.0,20.5,2024-07-02 13:34:00+00:00,2024-07-02 13:34:00+00:00,2024-07-02 13:36:00+00:00,2024-07-02 13:39:00+00:00,momentum_long_open_b15181741626,1,market,0.0,5,1,20,12,47570.0
530907,530908,530908,530908,closed,target,21470.0,21482.0,21470.25,21481.75,21450.0,21482.0,12.0,11.5,11.0,220.0,10.0,0.5,1.0,1.0,4.0,2024-07-02 13:38:00+00:00,2024-07-02 13:38:00+00:00,2024-07-02 13:39:00+00:00,2024-07-02 13:43:00+00:00,momentum_long_open_b15181741626,1,market,0.0,5,1,20,12,47790.0
530910,530911,530912,530912,closed,target,21482.5,21494.5,21482.75,21494.25,21462.5,21494.5,12.0,11.5,11.0,220.0,10.0,0.5,2.0,2.0,4.5,2024-07-02 13:41:00+00:00,2024-07-02 13:41:00+00:00,2024-07-02 13:43:00+00:00,2024-07-02 13:46:00+00:00,momentum_long_open_b15181741626,1,market,0.0,5,1,20,12,48010.0
530912,530913,530914,530914,closed,stop,21511.5,21491.5,21511.75,21491.25,21491.5,21523.5,-20.0,-20.5,-21.0,-420.0,10.0,0.5,2.0,2.0,24.25,2024-07-02 13:43:00+00:00,2024-07-02 13:43:00+00:00,2024-07-02 13:45:00+00:00,2024-07-02 13:48:00+00:00,momentum_long_open_b15181741626,1,market,0.0,5,1,20,12,47590.0
530915,530916,530916,530916,closed,target,21513.25,21525.25,21513.5,21525.0,21493.25,21525.25,12.0,11.5,11.0,220.0,10.0,0.5,1.0,1.0,3.25,2024-07-02 13:46:00+00:00,2024-07-02 13:46:00+00:00,2024-07-02 13:47:00+00:00,2024-07-02 13:51:00+00:00,momentum_long_open_b15181741626,1,market,0.0,5,1,20,12,47810.0
530916,530917,530917,530917,closed,stop,21524.75,21504.75,21525.0,21504.5,21504.75,21536.75,-20.0,-20.5,-21.0,-420.0,10.0,0.5,1.0,1.0,20.25,2024-07-02 13:47:00+00:00,2024-07-02 13:47:00+00:00,2024-07-02 13:48:00+00:00,2024-07-02 13:52:00+00:00,momentum_long_open_b15181741626,1,market,0.0,5,1,20,12,47390.0
530963,530964,530965,530965,closed,target,21512.0,21524.0,21512.25,21523.75,21492.0,21524.0,12.0,11.5,11.0,220.0,10.0,0.5,2.0,2.0,8.25,2024-07-02 14:34:00+00:00,2024-07-02 14:34:00+00:00,2024-07-02 14:36:00+00:00,2024-07-02 14:39:00+00:00,momentum_long_open_b15181741626,1,market,0.0,5,1,20,12,47610.0
530971,530972,530973,530973,closed,stop,21527.75,21507.75,21528.0,21507.5,21507.75,21539.75,-20.0,-20.5,-21.0,-420.0,10.0,0.5,2.0,2.0,21.25,2024-07-02 14:42:00+00:00,2024-07-02 14:42:00+00:00,2024-07-02 14:44:00+00:00,2024-07-02 14:47:00+00:00,momentum_long_open_b15181741626,1,market,0.0,5,1,20,12,47190.0
530987,530988,530992,530992,closed,timeout,21553.5,21553.75,21553.75,21553.5,21533.5,21565.5,0.25,-0.25,-0.75,-15.0,10.0,0.5,5.0,5.0,13.0,2024-07-02 14:58:00+00:00,2024-07-02 14:58:00+00:00,2024-07-02 15:03:00+00:00,2024-07-02 15:03:00+00:00,momentum_long_open_b15181741626,1,market,0.0,5,1,20,12,47175.0
532267,532268,532270,532270,closed,stop,21695.25,21675.25,21695.5,21675.0,21675.25,21707.25,-20.0,-20.5,-21.0,-420.0,10.0,0.5,3.0,3.0,28.0,2024-07-03 13:33:00+00:00,2024-07-03 13:33:00+00:00,2024-07-03 13:36:00+00:00,2024-07-03 13:38:00+00:00,momentum_long_open_b15181741626,1,market,0.0,5,1,20,12,46755.0
532338,532339,532341,532341,closed,target,21735.5,21747.5,21735.75,21747.25,21715.5,21747.5,12.0,11.5,11.0,220.0,10.0,0.5,3.0,3.0,6.5,2024-07-03 14:44:00+00:00,2024-07-03 14:44:00+00:00,2024-07-03 14:47:00+00:00,2024-07-03 14:49:00+00:00,momentum_long_open_b15181741626,1,market,0.0,5,1,20,12,46975.0
532341,532342,532346,532346,closed,timeout,21748.5,21730.25,21748.75,21730.0,21728.5,21760.5,-18.25,-18.75,-19.25,-385.0,10.0,0.5,5.0,5.0,18.75,2024-07-03 14:47:00+00:00,2024-07-03 14:47:00+00:00,2024-07-03 14:52:00+00:00,2024-07-03 14:52:00+00:00,momentum_long_open_b15181741626,1,market,0.0,5,1,20,12,46590.0
534541,534542,534542,534542,closed,target,21888.25,21900.25,21888.5,21900.0,21868.25,21900.25,12.0,11.5,11.0,220.0,10.0,0.5,1.0,1.0,6.75,2024-07-05 13:31:00+00:00,2024-07-05 13:31:00+00:00,2024-07-05 13:32:00+00:00,2024-07-05 13:36:00+00:00,momentum_long_open_b15181741626,1,market,0.0,5,1,20,12,46810.0
534542,534543,534545,534545,closed,stop,21900.25,21880.25,21900.5,21880.0,21880.25,21912.25,-20.0,-20.5,-21.0,-420.0,10.0,0.5,3.0,3.0,21.75,2024-07-05 13:32:00+00:00,2024-07-05 13:32:00+00:00,2024-07-05 13:35:00+00:00,2024-07-05 13:37:00+00:00,momentum_long_open_b15181741626,1,market,0.0,5,1,20,12,46390.0
534549,534550,534554,534554,closed,stop,21924.75,21904.75,21925.0,21904.5,21904.75,21936.75,-20.0,-20.5,-21.0,-420.0,10.0,0.5,5.0,5.0,26.0,2024-07-05 13:39:00+00:00,2024-07-05 13:39:00+00:00,2024-07-05 13:44:00+00:00,2024-07-05 13:44:00+00:00,momentum_long_open_b15181741626,1,market,0.0,5,1,20,12,45970.0
534566,534567,534568,534568,closed,target,21935.25,21947.25,21935.5,21947.0,21915.25,21947.25,12.0,11.5,11.0,220.0,10.0,0.5,2.0,2.0,2.75,2024-07-05 13:56:00+00:00,2024-07-05 13:56:00+00:00,2024-07-05 13:58:00+00:00,2024-07-05 14:01:00+00:00,momentum_long_open_b15181741626,1,market,0.0,5,1,20,12,46190.0
534568,534569,534571,534571,closed,target,21945.75,21957.75,21946.0,21957.5,21925.75,21957.75,12.0,11.5,11.0,220.0,10.0,0.5,3.0,3.0,9.5,2024-07-05 13:58:00+00:00,2024-07-05 13:58:00+00:00,2024-07-05 14:01:00+00:00,2024-07-05 14:03:00+00:00,momentum_long_open_b15181741626,1,market,0.0,5,1,20,12,46410.0
534571,534572,534573,534573,closed,target,21962.5,21974.5,21962.75,21974.25,21942.5,21974.5,12.0,11.5,11.0,220.0,10.0,0.5,2.0,2.0,2.5,2024-07-05 14:01:00+00:00,2024-07-05 14:01:00+00:00,2024-07-05 14:03:00+00:00,2024-07-05 14:06:00+00:00,momentum_long_open_b15181741626,1,market,0.0,5,1,20,12,46630.0
534573,534574,534577,534577,closed,stop,21973.0,21953.0,21973.25,21952.75,21953.0,21985.0,-20.0,-20.5,-21.0,-420.0,10.0,0.5,4.0,4.0,43.75,2024-07-05 14:03:00+00:00,2024-07-05 14:03:00+00:00,2024-07-05 14:07:00+00:00,2024-07-05 14:08:00+00:00,momentum_long_open_b15181741626,1,market,0.0,5,1,20,12,46210.0
535926,535927,535930,535930,closed,stop,22079.5,22059.5,22079.75,22059.25,22059.5,22091.5,-20.0,-20.5,-21.0,-420.0,10.0,0.5,4.0,4.0,27.0,2024-07-08 13:51:00+00:00,2024-07-08 13:51:00+00:00,2024-07-08 13:55:00+00:00,2024-07-08 13:56:00+00:00,momentum_long_open_b15181741626,1,market,0.0,5,1,20,12,45790.0
537274,537275,537275,537275,closed,stop,22195.5,22175.5,22195.75,22175.25,22175.5,22207.5,-20.0,-20.5,-21.0,-420.0,10.0,0.5,1.0,1.0,24.0,2024-07-09 13:35:00+00:00,2024-07-09 13:35:00+00:00,2024-07-09 13:36:00+00:00,2024-07-09 13:40:00+00:00,momentum_long_open_b15181741626,1,market,0.0,5,1,20,12,45370.0
537297,537298,537301,537301,closed,stop,22193.0,22173.0,22193.25,22172.75,22173.0,22205.0,-20.0,-20.5,-21.0,-420.0,10.0,0.5,4.0,4.0,28.75,2024-07-09 13:58:00+00:00,2024-07-09 13:58:00+00:00,2024-07-09 14:02:00+00:00,2024-07-09 14:03:00+00:00,momentum_long_open_b15181741626,1,market,0.0,5,1,20,12,44950.0
538654,538655,538656,538656,closed,stop,22207.25,22187.25,22207.5,22187.0,22187.25,22219.25,-20.0,-20.5,-21.0,-420.0,10.0,0.5,2.0,2.0,23.5,2024-07-10 13:50:00+00:00,2024-07-10 13:50:00+00:00,2024-07-10 13:52:00+00:00,2024-07-10 13:55:00+00:00,momentum_long_open_b15181741626,1,market,0.0,5,1,20,12,44530.0
538673,538674,538678,538678,closed,timeout,22216.75,22221.5,22217.0,22221.25,22196.75,22228.75,4.75,4.25,3.75,75.0,10.0,0.5,5.0,5.0,2.0,2024-07-10 14:09:00+00:00,2024-07-10 14:09:00+00:00,2024-07-10 14:14:00+00:00,2024-07-10 14:14:00+00:00,momentum_long_open_b15181741626,1,market,0.0,5,1,20,12,44605.0
541365,541366,541368,541368,closed,stop,21892.5,21872.5,21892.75,21872.25,21872.5,21904.5,-20.0,-20.5,-21.0,-420.0,10.0,0.5,3.0,3.0,30.25,2024-07-12 13:31:00+00:00,2024-07-12 13:31:00+00:00,2024-07-12 13:34:00+00:00,2024-07-12 13:36:00+00:00,momentum_long_open_b15181741626,1,market,0.0,5,1,20,12,44185.0
541387,541388,541392,541392,closed,target,21949.75,21961.75,21950.0,21961.5,21929.75,21961.75,12.0,11.5,11.0,220.0,10.0,0.5,5.0,5.0,17.75,2024-07-12 13:53:00+00:00,2024-07-12 13:53:00+00:00,2024-07-12 13:58:00+00:00,2024-07-12 13:58:00+00:00,momentum_long_open_b15181741626,1,market,0.0,5,1,20,12,44405.0
541392,541393,541394,541394,closed,target,21969.75,21981.75,21970.0,21981.5,21949.75,21981.75,12.0,11.5,11.0,220.0,10.0,0.5,2.0,2.0,1.0,2024-07-12 13:58:00+00:00,2024-07-12 13:58:00+00:00,2024-07-12 14:00:00+00:00,2024-07-12 14:03:00+00:00,momentum_long_open_b15181741626,1,market,0.0,5,1,20,12,44625.0
541394,541395,541395,541395,closed,target,21976.0,21988.0,21976.25,21987.75,21956.0,21988.0,12.0,11.5,11.0,220.0,10.0,0.5,1.0,1.0,0.25,2024-07-12 14:00:00+00:00,2024-07-12 14:00:00+00:00,2024-07-12 14:01:00+00:00,2024-07-12 14:05:00+00:00,momentum_long_open_b15181741626,1,market,0.0,5,1,20,12,44845.0
541395,541396,541398,541398,closed,stop,22002.5,21982.5,22002.75,21982.25,21982.5,22014.5,-20.0,-20.5,-21.0,-420.0,10.0,0.5,3.0,3.0,28.75,2024-07-12 14:01:00+00:00,2024-07-12 14:01:00+00:00,2024-07-12 14:04:00+00:00,2024-07-12 14:06:00+00:00,momentum_long_open_b15181741626,1,market,0.0,5,1,20,12,44425.0
541428,541429,541431,541431,closed,target,22023.5,22035.5,22023.75,22035.25,22003.5,22035.5,12.0,11.5,11.0,220.0,10.0,0.5,3.0,3.0,4.5,2024-07-12 14:34:00+00:00,2024-07-12 14:34:00+00:00,2024-07-12 14:37:00+00:00,2024-07-12 14:39:00+00:00,momentum_long_open_b15181741626,1,market,0.0,5,1,20,12,44645.0
541431,541432,541434,541434,closed,target,22039.5,22051.5,22039.75,22051.25,22019.5,22051.5,12.0,11.5,11.0,220.0,10.0,0.5,3.0,3.0,6.5,2024-07-12 14:37:00+00:00,2024-07-12 14:37:00+00:00,2024-07-12 14:40:00+00:00,2024-07-12 14:42:00+00:00,momentum_long_open_b15181741626,1,market,0.0,5,1,20,12,44865.0
541434,541435,541436,541436,closed,target,22056.5,22068.5,22056.75,22068.25,22036.5,22068.5,12.0,11.5,11.0,220.0,10.0,0.5,2.0,2.0,7.25,2024-07-12 14:40:00+00:00,2024-07-12 14:40:00+00:00,2024-07-12 14:42:00+00:00,2024-07-12 14:45:00+00:00,momentum_long_open_b15181741626,1,market,0.0,5,1,20,12,45085.0
541436,541437,541441,541441,closed,timeout,22069.5,22073.0,22069.75,22072.75,22049.5,22081.5,3.5,3.0,2.5,50.0,10.0,0.5,5.0,5.0,14.75,2024-07-12 14:42:00+00:00,2024-07-12 14:42:00+00:00,2024-07-12 14:47:00+00:00,2024-07-12 14:47:00+00:00,momentum_long_open_b15181741626,1,market,0.0,5,1,20,12,45135.0
541444,541445,541449,541449,closed,timeout,22084.5,22093.0,22084.75,22092.75,22064.5,22096.5,8.5,8.0,7.5,150.0,10.0,0.5,5.0,5.0,14.25,2024-07-12 14:50:00+00:00,2024-07-12 14:50:00+00:00,2024-07-12 14:55:00+00:00,2024-07-12 14:55:00+00:00,momentum_long_open_b15181741626,1,market,0.0,5,1,20,12,45285.0
542790,542791,542791,542791,closed,target,22126.25,22138.25,22126.5,22138.0,22106.25,22138.25,12.0,11.5,11.0,220.0,10.0,0.5,1.0,1.0,0.75,2024-07-15 14:31:00+00:00,2024-07-15 14:31:00+00:00,2024-07-15 14:32:00+00:00,2024-07-15 14:36:00+00:00,momentum_long_open_b15181741626,1,market,0.0,5,1,20,12,45505.0
542791,542792,542796,542796,closed,target,22132.5,22144.5,22132.75,22144.25,22112.5,22144.5,12.0,11.5,11.0,220.0,10.0,0.5,5.0,5.0,12.25,2024-07-15 14:32:00+00:00,2024-07-15 14:32:00+00:00,2024-07-15 14:37:00+00:00,2024-07-15 14:37:00+00:00,momentum_long_open_b15181741626,1,market,0.0,5,1,20,12,45725.0
542796,542797,542801,542801,closed,timeout,22146.0,22146.25,22146.25,22146.0,22126.0,22158.0,0.25,-0.25,-0.75,-15.0,10.0,0.5,5.0,5.0,16.0,2024-07-15 14:37:00+00:00,2024-07-15 14:37:00+00:00,2024-07-15 14:42:00+00:00,2024-07-15 14:42:00+00:00,momentum_long_open_b15181741626,1,market,0.0,5,1,20,12,45710.0
542817,542818,542821,542821,closed,target,22169.5,22181.5,22169.75,22181.25,22149.5,22181.5,12.0,11.5,11.0,220.0,10.0,0.5,4.0,4.0,12.75,2024-07-15 14:58:00+00:00,2024-07-15 14:58:00+00:00,2024-07-15 15:02:00+00:00,2024-07-15 15:03:00+00:00,momentum_long_open_b15181741626,1,market,0.0,5,1,20,12,45930.0
544157,544158,544158,544158,closed,stop,21981.75,21961.75,21982.0,21961.5,21961.75,21993.75,-20.0,-20.5,-21.0,-420.0,10.0,0.5,1.0,1.0,23.75,2024-07-16 14:33:00+00:00,2024-07-16 14:33:00+00:00,2024-07-16 14:34:00+00:00,2024-07-16 14:38:00+00:00,momentum_long_open_b15181741626,1,market,0.0,5,1,20,12,45510.0
545525,545526,545527,545527,closed,stop,21602.75,21582.75,21603.0,21582.5,21582.75,21614.75,-20.0,-20.5,-21.0,-420.0,10.0,0.5,2.0,2.0,29.25,2024-07-17 14:36:00+00:00,2024-07-17 14:36:00+00:00,2024-07-17 14:38:00+00:00,2024-07-17 14:41:00+00:00,momentum_long_open_b15181741626,1,market,0.0,5,1,20,12,45090.0
546908,546909,546913,546913,closed,stop,21444.5,21424.5,21444.75,21424.25,21424.5,21456.5,-20.0,-20.5,-21.0,-420.0,10.0,0.5,5.0,5.0,21.5,2024-07-18 14:54:00+00:00,2024-07-18 14:54:00+00:00,2024-07-18 14:59:00+00:00,2024-07-18 14:59:00+00:00,momentum_long_open_b15181741626,1,market,0.0,5,1,20,12,44670.0
548200,548201,548201,548201,closed,target,21390.0,21402.0,21390.25,21401.75,21370.0,21402.0,12.0,11.5,11.0,220.0,10.0,0.5,1.0,1.0,9.0,2024-07-19 13:41:00+00:00,2024-07-19 13:41:00+00:00,2024-07-19 13:42:00+00:00,2024-07-19 13:46:00+00:00,momentum_long_open_b15181741626,1,market,0.0,5,1,20,12,44890.0
548201,548202,548202,548202,closed,stop,21385.25,21365.25,21385.5,21365.0,21365.25,21397.25,-20.0,-20.5,-21.0,-420.0,10.0,0.5,1.0,1.0,29.5,2024-07-19 13:42:00+00:00,2024-07-19 13:42:00+00:00,2024-07-19 13:43:00+00:00,2024-07-19 13:47:00+00:00,momentum_long_open_b15181741626,1,market,0.0,5,1,20,12,44470.0
549564,549565,549566,549566,closed,stop,21454.25,21434.25,21454.5,21434.0,21434.25,21466.25,-20.0,-20.5,-21.0,-420.0,10.0,0.5,2.0,2.0,24.25,2024-07-22 13:50:00+00:00,2024-07-22 13:50:00+00:00,2024-07-22 13:52:00+00:00,2024-07-22 13:55:00+00:00,momentum_long_open_b15181741626,1,market,0.0,5,1,20,12,44050.0
549615,549616,549617,549617,closed,stop,21443.25,21423.25,21443.5,21423.0,21423.25,21455.25,-20.0,-20.5,-21.0,-420.0,10.0,0.5,2.0,2.0,20.25,2024-07-22 14:41:00+00:00,2024-07-22 14:41:00+00:00,2024-07-22 14:43:00+00:00,2024-07-22 14:46:00+00:00,momentum_long_open_b15181741626,1,market,0.0,5,1,20,12,43630.0
550921,550922,550922,550922,closed,target,21430.5,21442.5,21430.75,21442.25,21410.5,21442.5,12.0,11.5,11.0,220.0,10.0,0.5,1.0,1.0,1.75,2024-07-23 13:42:00+00:00,2024-07-23 13:42:00+00:00,2024-07-23 13:43:00+00:00,2024-07-23 13:47:00+00:00,momentum_long_open_b15181741626,1,market,0.0,5,1,20,12,43850.0
550924,550925,550925,550925,closed,stop,21464.75,21444.75,21465.0,21444.5,21444.75,21476.75,-20.0,-20.5,-21.0,-420.0,10.0,0.5,1.0,1.0,22.75,2024-07-23 13:45:00+00:00,2024-07-23 13:45:00+00:00,2024-07-23 13:46:00+00:00,2024-07-23 13:50:00+00:00,momentum_long_open_b15181741626,1,market,0.0,5,1,20,12,43430.0
550963,550964,550965,550965,closed,stop,21471.75,21451.75,21472.0,21451.5,21451.75,21483.75,-20.0,-20.5,-21.0,-420.0,10.0,0.5,2.0,2.0,29.75,2024-07-23 14:24:00+00:00,2024-07-23 14:24:00+00:00,2024-07-23 14:26:00+00:00,2024-07-23 14:29:00+00:00,momentum_long_open_b15181741626,1,market,0.0,5,1,20,12,43010.0
553693,553694,553694,553694,closed,target,20462.75,20474.75,20463.0,20474.5,20442.75,20474.75,12.0,11.5,11.0,220.0,10.0,0.5,1.0,1.0,5.75,2024-07-25 14:24:00+00:00,2024-07-25 14:24:00+00:00,2024-07-25 14:25:00+00:00,2024-07-25 14:29:00+00:00,momentum_long_open_b15181741626,1,market,0.0,5,1,20,12,43230.0
553694,553695,553695,553695,closed,target,20484.25,20496.25,20484.5,20496.0,20464.25,20496.25,12.0,11.5,11.0,220.0,10.0,0.5,1.0,1.0,6.75,2024-07-25 14:25:00+00:00,2024-07-25 14:25:00+00:00,2024-07-25 14:26:00+00:00,2024-07-25 14:30:00+00:00,momentum_long_open_b15181741626,1,market,0.0,5,1,20,12,43450.0
553695,553696,553696,553696,closed,stop,20495.0,20475.0,20495.25,20474.75,20475.0,20507.0,-20.0,-20.5,-21.0,-420.0,10.0,0.5,1.0,1.0,33.0,2024-07-25 14:26:00+00:00,2024-07-25 14:26:00+00:00,2024-07-25 14:27:00+00:00,2024-07-25 14:31:00+00:00,momentum_long_open_b15181741626,1,market,0.0,5,1,20,12,43030.0
553697,553698,553699,553699,closed,target,20487.25,20499.25,20487.5,20499.0,20467.25,20499.25,12.0,11.5,11.0,220.0,10.0,0.5,2.0,2.0,14.5,2024-07-25 14:28:00+00:00,2024-07-25 14:28:00+00:00,2024-07-25 14:30:00+00:00,2024-07-25 14:33:00+00:00,momentum_long_open_b15181741626,1,market,0.0,5,1,20,12,43250.0
555058,555059,555059,555059,closed,stop,20620.5,20600.5,20620.75,20600.25,20600.5,20632.5,-20.0,-20.5,-21.0,-420.0,10.0,0.5,1.0,1.0,52.75,2024-07-26 14:29:00+00:00,2024-07-26 14:29:00+00:00,2024-07-26 14:30:00+00:00,2024-07-26 14:34:00+00:00,momentum_long_open_b15181741626,1,market,0.0,5,1,20,12,42830.0
555088,555089,555089,555089,closed,target,20552.75,20564.75,20553.0,20564.5,20532.75,20564.75,12.0,11.5,11.0,220.0,10.0,0.5,1.0,1.0,5.75,2024-07-26 14:59:00+00:00,2024-07-26 14:59:00+00:00,2024-07-26 15:00:00+00:00,2024-07-26 15:04:00+00:00,momentum_long_open_b15181741626,1,market,0.0,5,1,20,12,43050.0
556375,556376,556376,556376,closed,target,20743.25,20755.25,20743.5,20755.0,20723.25,20755.25,12.0,11.5,11.0,220.0,10.0,0.5,1.0,1.0,15.75,2024-07-29 13:42:00+00:00,2024-07-29 13:42:00+00:00,2024-07-29 13:43:00+00:00,2024-07-29 13:47:00+00:00,momentum_long_open_b15181741626,1,market,0.0,5,1,20,12,43270.0
556378,556379,556379,556379,closed,target,20775.0,20787.0,20775.25,20786.75,20755.0,20787.0,12.0,11.5,11.0,220.0,10.0,0.5,1.0,1.0,1.75,2024-07-29 13:45:00+00:00,2024-07-29 13:45:00+00:00,2024-07-29 13:46:00+00:00,2024-07-29 13:50:00+00:00,momentum_long_open_b15181741626,1,market,0.0,5,1,20,12,43490.0
556379,556380,556381,556381,closed,stop,20791.0,20771.0,20791.25,20770.75,20771.0,20803.0,-20.0,-20.5,-21.0,-420.0,10.0,0.5,2.0,2.0,21.75,2024-07-29 13:46:00+00:00,2024-07-29 13:46:00+00:00,2024-07-29 13:48:00+00:00,2024-07-29 13:51:00+00:00,momentum_long_open_b15181741626,1,market,0.0,5,1,20,12,43070.0
556394,556395,556396,556396,closed,stop,20808.5,20788.5,20808.75,20788.25,20788.5,20820.5,-20.0,-20.5,-21.0,-420.0,10.0,0.5,2.0,2.0,20.25,2024-07-29 14:01:00+00:00,2024-07-29 14:01:00+00:00,2024-07-29 14:03:00+00:00,2024-07-29 14:06:00+00:00,momentum_long_open_b15181741626,1,market,0.0,5,1,20,12,42650.0
559132,559133,559134,559134,closed,stop,20877.25,20857.25,20877.5,20857.0,20857.25,20889.25,-20.0,-20.5,-21.0,-420.0,10.0,0.5,2.0,2.0,29.0,2024-07-31 14:10:00+00:00,2024-07-31 14:10:00+00:00,2024-07-31 14:12:00+00:00,2024-07-31 14:15:00+00:00,momentum_long_open_b15181741626,1,market,0.0,5,1,20,12,42230.0
559158,559159,559160,559160,closed,target,20908.75,20920.75,20909.0,20920.5,20888.75,20920.75,12.0,11.5,11.0,220.0,10.0,0.5,2.0,2.0,3.75,2024-07-31 14:36:00+00:00,2024-07-31 14:36:00+00:00,2024-07-31 14:38:00+00:00,2024-07-31 14:41:00+00:00,momentum_long_open_b15181741626,1,market,0.0,5,1,20,12,42450.0
559161,559162,559163,559163,closed,stop,20922.25,20902.25,20922.5,20902.0,20902.25,20934.25,-20.0,-20.5,-21.0,-420.0,10.0,0.5,2.0,2.0,33.75,2024-07-31 14:39:00+00:00,2024-07-31 14:39:00+00:00,2024-07-31 14:41:00+00:00,2024-07-31 14:44:00+00:00,momentum_long_open_b15181741626,1,market,0.0,5,1,20,12,42030.0
560473,560474,560474,560474,closed,target,21059.5,21071.5,21059.75,21071.25,21039.5,21071.5,12.0,11.5,11.0,220.0,10.0,0.5,1.0,1.0,0.25,2024-08-01 13:46:00+00:00,2024-08-01 13:46:00+00:00,2024-08-01 13:47:00+00:00,2024-08-01 13:51:00+00:00,momentum_long_open_b15181741626,1,market,0.0,5,1,20,12,42250.0
560474,560475,560475,560475,closed,target,21068.25,21080.25,21068.5,21080.0,21048.25,21080.25,12.0,11.5,11.0,220.0,10.0,0.5,1.0,1.0,3.5,2024-08-01 13:47:00+00:00,2024-08-01 13:47:00+00:00,2024-08-01 13:48:00+00:00,2024-08-01 13:52:00+00:00,momentum_long_open_b15181741626,1,market,0.0,5,1,20,12,42470.0
560475,560476,560476,560476,closed,target,21076.0,21088.0,21076.25,21087.75,21056.0,21088.0,12.0,11.5,11.0,220.0,10.0,0.5,1.0,1.0,18.0,2024-08-01 13:48:00+00:00,2024-08-01 13:48:00+00:00,2024-08-01 13:49:00+00:00,2024-08-01 13:53:00+00:00,momentum_long_open_b15181741626,1,market,0.0,5,1,20,12,42690.0
560476,560477,560478,560478,closed,stop,21090.0,21070.0,21090.25,21069.75,21070.0,21102.0,-20.0,-20.5,-21.0,-420.0,10.0,0.5,2.0,2.0,45.0,2024-08-01 13:49:00+00:00,2024-08-01 13:49:00+00:00,2024-08-01 13:51:00+00:00,2024-08-01 13:54:00+00:00,momentum_long_open_b15181741626,1,market,0.0,5,1,20,12,42270.0
561902,561903,561903,561903,closed,target,19973.75,19985.75,19974.0,19985.5,19953.75,19985.75,12.0,11.5,11.0,220.0,10.0,0.5,1.0,1.0,4.5,2024-08-02 14:50:00+00:00,2024-08-02 14:50:00+00:00,2024-08-02 14:51:00+00:00,2024-08-02 14:55:00+00:00,momentum_long_open_b15181741626,1,market,0.0,5,1,20,12,42490.0
563187,563188,563188,563188,closed,stop,19213.25,19193.25,19213.5,19193.0,19193.25,19225.25,-20.0,-20.5,-21.0,-420.0,10.0,0.5,1.0,1.0,34.0,2024-08-05 13:38:00+00:00,2024-08-05 13:38:00+00:00,2024-08-05 13:39:00+00:00,2024-08-05 13:43:00+00:00,momentum_long_open_b15181741626,1,market,0.0,5,1,20,12,42070.0
563188,563189,563189,563189,closed,target,19231.5,19243.5,19231.75,19243.25,19211.5,19243.5,12.0,11.5,11.0,220.0,10.0,0.5,1.0,1.0,9.75,2024-08-05 13:39:00+00:00,2024-08-05 13:39:00+00:00,2024-08-05 13:40:00+00:00,2024-08-05 13:44:00+00:00,momentum_long_open_b15181741626,1,market,0.0,5,1,20,12,42290.0
563189,563190,563190,563190,closed,stop,19292.25,19272.25,19292.5,19272.0,19272.25,19304.25,-20.0,-20.5,-21.0,-420.0,10.0,0.5,1.0,1.0,131.0,2024-08-05 13:40:00+00:00,2024-08-05 13:40:00+00:00,2024-08-05 13:41:00+00:00,2024-08-05 13:45:00+00:00,momentum_long_open_b15181741626,1,market,0.0,5,1,20,12,41870.0
563211,563212,563212,563212,closed,stop,19534.25,19514.25,19534.5,19514.0,19514.25,19546.25,-20.0,-20.5,-21.0,-420.0,10.0,0.5,1.0,1.0,50.5,2024-08-05 14:02:00+00:00,2024-08-05 14:02:00+00:00,2024-08-05 14:03:00+00:00,2024-08-05 14:07:00+00:00,momentum_long_open_b15181741626,1,market,0.0,5,1,20,12,41450.0
563213,563214,563214,563214,closed,stop,19488.25,19468.25,19488.5,19468.0,19468.25,19500.25,-20.0,-20.5,-21.0,-420.0,10.0,0.5,1.0,1.0,23.5,2024-08-05 14:04:00+00:00,2024-08-05 14:04:00+00:00,2024-08-05 14:05:00+00:00,2024-08-05 14:09:00+00:00,momentum_long_open_b15181741626,1,market,0.0,5,1,20,12,41030.0
563214,563215,563215,563215,closed,stop,19475.25,19455.25,19475.5,19455.0,19455.25,19487.25,-20.0,-20.5,-21.0,-420.0,10.0,0.5,1.0,1.0,23.5,2024-08-05 14:05:00+00:00,2024-08-05 14:05:00+00:00,2024-08-05 14:06:00+00:00,2024-08-05 14:10:00+00:00,momentum_long_open_b15181741626,1,market,0.0,5,1,20,12,40610.0
564569,564570,564570,564570,closed,target,19587.75,19599.75,19588.0,19599.5,19567.75,19599.75,12.0,11.5,11.0,220.0,10.0,0.5,1.0,1.0,8.25,2024-08-06 13:57:00+00:00,2024-08-06 13:57:00+00:00,2024-08-06 13:58:00+00:00,2024-08-06 14:02:00+00:00,momentum_long_open_b15181741626,1,market,0.0,5,1,20,12,40830.0
564570,564571,564571,564571,closed,stop,19591.75,19571.75,19592.0,19571.5,19571.75,19603.75,-20.0,-20.5,-21.0,-420.0,10.0,0.5,1.0,1.0,36.5,2024-08-06 13:58:00+00:00,2024-08-06 13:58:00+00:00,2024-08-06 13:59:00+00:00,2024-08-06 14:03:00+00:00,momentum_long_open_b15181741626,1,market,0.0,5,1,20,12,40410.0
564583,564584,564584,564584,closed,stop,19643.75,19623.75,19644.0,19623.5,19623.75,19655.75,-20.0,-20.5,-21.0,-420.0,10.0,0.5,1.0,1.0,27.75,2024-08-06 14:11:00+00:00,2024-08-06 14:11:00+00:00,2024-08-06 14:12:00+00:00,2024-08-06 14:16:00+00:00,momentum_long_open_b15181741626,1,market,0.0,5,1,20,12,39990.0
564614,564615,564616,564616,closed,target,19667.5,19679.5,19667.75,19679.25,19647.5,19679.5,12.0,11.5,11.0,220.0,10.0,0.5,2.0,2.0,18.25,2024-08-06 14:42:00+00:00,2024-08-06 14:42:00+00:00,2024-08-06 14:44:00+00:00,2024-08-06 14:47:00+00:00,momentum_long_open_b15181741626,1,market,0.0,5,1,20,12,40210.0
564617,564618,564618,564618,closed,target,19687.0,19699.0,19687.25,19698.75,19667.0,19699.0,12.0,11.5,11.0,220.0,10.0,0.5,1.0,1.0,9.5,2024-08-06 14:45:00+00:00,2024-08-06 14:45:00+00:00,2024-08-06 14:46:00+00:00,2024-08-06 14:50:00+00:00,momentum_long_open_b15181741626,1,market,0.0,5,1,20,12,40430.0
564618,564619,564619,564619,closed,target,19701.75,19713.75,19702.0,19713.5,19681.75,19713.75,12.0,11.5,11.0,220.0,10.0,0.5,1.0,1.0,1.5,2024-08-06 14:46:00+00:00,2024-08-06 14:46:00+00:00,2024-08-06 14:47:00+00:00,2024-08-06 14:51:00+00:00,momentum_long_open_b15181741626,1,market,0.0,5,1,20,12,40650.0
564619,564620,564620,564620,closed,target,19725.75,19737.75,19726.0,19737.5,19705.75,19737.75,12.0,11.5,11.0,220.0,10.0,0.5,1.0,1.0,7.5,2024-08-06 14:47:00+00:00,2024-08-06 14:47:00+00:00,2024-08-06 14:48:00+00:00,2024-08-06 14:52:00+00:00,momentum_long_open_b15181741626,1,market,0.0,5,1,20,12,40870.0
564620,564621,564622,564622,closed,target,19754.0,19766.0,19754.25,19765.75,19734.0,19766.0,12.0,11.5,11.0,220.0,10.0,0.5,2.0,2.0,16.75,2024-08-06 14:48:00+00:00,2024-08-06 14:48:00+00:00,2024-08-06 14:50:00+00:00,2024-08-06 14:53:00+00:00,momentum_long_open_b15181741626,1,market,0.0,5,1,20,12,41090.0
564622,564623,564623,564623,closed,stop,19756.0,19736.0,19756.25,19735.75,19736.0,19768.0,-20.0,-20.5,-21.0,-420.0,10.0,0.5,1.0,1.0,27.0,2024-08-06 14:50:00+00:00,2024-08-06 14:50:00+00:00,2024-08-06 14:51:00+00:00,2024-08-06 14:55:00+00:00,momentum_long_open_b15181741626,1,market,0.0,5,1,20,12,40670.0
564623,564624,564624,564624,closed,stop,19741.0,19721.0,19741.25,19720.75,19721.0,19753.0,-20.0,-20.5,-21.0,-420.0,10.0,0.5,1.0,1.0,24.25,2024-08-06 14:51:00+00:00,2024-08-06 14:51:00+00:00,2024-08-06 14:52:00+00:00,2024-08-06 14:56:00+00:00,momentum_long_open_b15181741626,1,market,0.0,5,1,20,12,40250.0
565907,565908,565908,565908,closed,target,19886.25,19898.25,19886.5,19898.0,19866.25,19898.25,12.0,11.5,11.0,220.0,10.0,0.5,1.0,1.0,14.75,2024-08-07 13:30:00+00:00,2024-08-07 13:30:00+00:00,2024-08-07 13:31:00+00:00,2024-08-07 13:35:00+00:00,momentum_long_open_b15181741626,1,market,0.0,5,1,20,12,40470.0
565908,565909,565909,565909,closed,target,19920.0,19932.0,19920.25,19931.75,19900.0,19932.0,12.0,11.5,11.0,220.0,10.0,0.5,1.0,1.0,9.25,2024-08-07 13:31:00+00:00,2024-08-07 13:31:00+00:00,2024-08-07 13:32:00+00:00,2024-08-07 13:36:00+00:00,momentum_long_open_b15181741626,1,market,0.0,5,1,20,12,40690.0
565909,565910,565910,565910,closed,stop,19937.25,19917.25,19937.5,19917.0,19917.25,19949.25,-20.0,-20.5,-21.0,-420.0,10.0,0.5,1.0,1.0,27.0,2024-08-07 13:32:00+00:00,2024-08-07 13:32:00+00:00,2024-08-07 13:33:00+00:00,2024-08-07 13:37:00+00:00,momentum_long_open_b15181741626,1,market,0.0,5,1,20,12,40270.0
565912,565913,565913,565913,closed,target,19927.0,19939.0,19927.25,19938.75,19907.0,19939.0,12.0,11.5,11.0,220.0,10.0,0.5,1.0,1.0,13.75,2024-08-07 13:35:00+00:00,2024-08-07 13:35:00+00:00,2024-08-07 13:36:00+00:00,2024-08-07 13:40:00+00:00,momentum_long_open_b15181741626,1,market,0.0,5,1,20,12,40490.0
565915,565916,565918,565918,closed,stop,19964.25,19944.25,19964.5,19944.0,19944.25,19976.25,-20.0,-20.5,-21.0,-420.0,10.0,0.5,3.0,3.0,38.0,2024-08-07 13:38:00+00:00,2024-08-07 13:38:00+00:00,2024-08-07 13:41:00+00:00,2024-08-07 13:43:00+00:00,momentum_long_open_b15181741626,1,market,0.0,5,1,20,12,40070.0
565983,565984,565985,565985,closed,target,19953.0,19965.0,19953.25,19964.75,19933.0,19965.0,12.0,11.5,11.0,220.0,10.0,0.5,2.0,2.0,14.75,2024-08-07 14:46:00+00:00,2024-08-07 14:46:00+00:00,2024-08-07 14:48:00+00:00,2024-08-07 14:51:00+00:00,momentum_long_open_b15181741626,1,market,0.0,5,1,20,12,40290.0
565985,565986,565990,565990,closed,timeout,19968.75,19961.0,19969.0,19960.75,19948.75,19980.75,-7.75,-8.25,-8.75,-175.0,10.0,0.5,5.0,5.0,17.75,2024-08-07 14:48:00+00:00,2024-08-07 14:48:00+00:00,2024-08-07 14:53:00+00:00,2024-08-07 14:53:00+00:00,momentum_long_open_b15181741626,1,market,0.0,5,1,20,12,40115.0
567303,567304,567305,567305,closed,target,19658.25,19670.25,19658.5,19670.0,19638.25,19670.25,12.0,11.5,11.0,220.0,10.0,0.5,2.0,2.0,9.0,2024-08-08 14:01:00+00:00,2024-08-08 14:01:00+00:00,2024-08-08 14:03:00+00:00,2024-08-08 14:06:00+00:00,momentum_long_open_b15181741626,1,market,0.0,5,1,20,12,40335.0
567305,567306,567306,567306,closed,target,19693.25,19705.25,19693.5,19705.0,19673.25,19705.25,12.0,11.5,11.0,220.0,10.0,0.5,1.0,1.0,8.5,2024-08-08 14:03:00+00:00,2024-08-08 14:03:00+00:00,2024-08-08 14:04:00+00:00,2024-08-08 14:08:00+00:00,momentum_long_open_b15181741626,1,market,0.0,5,1,20,12,40555.0
567306,567307,567307,567307,closed,target,19698.25,19710.25,19698.5,19710.0,19678.25,19710.25,12.0,11.5,11.0,220.0,10.0,0.5,1.0,1.0,8.5,2024-08-08 14:04:00+00:00,2024-08-08 14:04:00+00:00,2024-08-08 14:05:00+00:00,2024-08-08 14:09:00+00:00,momentum_long_open_b15181741626,1,market,0.0,5,1,20,12,40775.0
567307,567308,567309,567309,closed,stop,19709.0,19689.0,19709.25,19688.75,19689.0,19721.0,-20.0,-20.5,-21.0,-420.0,10.0,0.5,2.0,2.0,29.75,2024-08-08 14:05:00+00:00,2024-08-08 14:05:00+00:00,2024-08-08 14:07:00+00:00,2024-08-08 14:10:00+00:00,momentum_long_open_b15181741626,1,market,0.0,5,1,20,12,40355.0
567309,567310,567310,567310,closed,stop,19685.25,19665.25,19685.5,19665.0,19665.25,19697.25,-20.0,-20.5,-21.0,-420.0,10.0,0.5,1.0,1.0,21.25,2024-08-08 14:07:00+00:00,2024-08-08 14:07:00+00:00,2024-08-08 14:08:00+00:00,2024-08-08 14:12:00+00:00,momentum_long_open_b15181741626,1,market,0.0,5,1,20,12,39935.0
567319,567320,567320,567320,closed,target,19770.5,19782.5,19770.75,19782.25,19750.5,19782.5,12.0,11.5,11.0,220.0,10.0,0.5,1.0,1.0,17.75,2024-08-08 14:17:00+00:00,2024-08-08 14:17:00+00:00,2024-08-08 14:18:00+00:00,2024-08-08 14:22:00+00:00,momentum_long_open_b15181741626,1,market,0.0,5,1,20,12,40155.0
567320,567321,567321,567321,closed,stop,19782.75,19762.75,19783.0,19762.5,19762.75,19794.75,-20.0,-20.5,-21.0,-420.0,10.0,0.5,1.0,1.0,36.25,2024-08-08 14:18:00+00:00,2024-08-08 14:18:00+00:00,2024-08-08 14:19:00+00:00,2024-08-08 14:23:00+00:00,momentum_long_open_b15181741626,1,market,0.0,5,1,20,12,39735.0
567332,567333,567336,567336,closed,stop,19815.0,19795.0,19815.25,19794.75,19795.0,19827.0,-20.0,-20.5,-21.0,-420.0,10.0,0.5,4.0,4.0,27.25,2024-08-08 14:30:00+00:00,2024-08-08 14:30:00+00:00,2024-08-08 14:34:00+00:00,2024-08-08 14:35:00+00:00,momentum_long_open_b15181741626,1,market,0.0,5,1,20,12,39315.0
567340,567341,567341,567341,closed,target,19828.75,19840.75,19829.0,19840.5,19808.75,19840.75,12.0,11.5,11.0,220.0,10.0,0.5,1.0,1.0,3.25,2024-08-08 14:38:00+00:00,2024-08-08 14:38:00+00:00,2024-08-08 14:39:00+00:00,2024-08-08 14:43:00+00:00,momentum_long_open_b15181741626,1,market,0.0,5,1,20,12,39535.0
567355,567356,567356,567356,closed,stop,19867.0,19847.0,19867.25,19846.75,19847.0,19879.0,-20.0,-20.5,-21.0,-420.0,10.0,0.5,1.0,1.0,37.5,2024-08-08 14:53:00+00:00,2024-08-08 14:53:00+00:00,2024-08-08 14:54:00+00:00,2024-08-08 14:58:00+00:00,momentum_long_open_b15181741626,1,market,0.0,5,1,20,12,39115.0
568639,568640,568640,568640,closed,target,19917.0,19929.0,19917.25,19928.75,19897.0,19929.0,12.0,11.5,11.0,220.0,10.0,0.5,1.0,1.0,10.75,2024-08-09 13:32:00+00:00,2024-08-09 13:32:00+00:00,2024-08-09 13:33:00+00:00,2024-08-09 13:37:00+00:00,momentum_long_open_b15181741626,1,market,0.0,5,1,20,12,39335.0
568640,568641,568641,568641,closed,stop,19928.25,19908.25,19928.5,19908.0,19908.25,19940.25,-20.0,-20.5,-21.0,-420.0,10.0,0.5,1.0,1.0,32.0,2024-08-09 13:33:00+00:00,2024-08-09 13:33:00+00:00,2024-08-09 13:34:00+00:00,2024-08-09 13:38:00+00:00,momentum_long_open_b15181741626,1,market,0.0,5,1,20,12,38915.0
568642,568643,568643,568643,closed,stop,19927.0,19907.0,19927.25,19906.75,19907.0,19939.0,-20.0,-20.5,-21.0,-420.0,10.0,0.5,1.0,1.0,46.25,2024-08-09 13:35:00+00:00,2024-08-09 13:35:00+00:00,2024-08-09 13:36:00+00:00,2024-08-09 13:40:00+00:00,momentum_long_open_b15181741626,1,market,0.0,5,1,20,12,38495.0
568675,568676,568677,568677,closed,stop,19928.0,19908.0,19928.25,19907.75,19908.0,19940.0,-20.0,-20.5,-21.0,-420.0,10.0,0.5,2.0,2.0,24.0,2024-08-09 14:08:00+00:00,2024-08-09 14:08:00+00:00,2024-08-09 14:10:00+00:00,2024-08-09 14:13:00+00:00,momentum_long_open_b15181741626,1,market,0.0,5,1,20,12,38075.0
568679,568680,568680,568680,closed,target,19954.0,19966.0,19954.25,19965.75,19934.0,19966.0,12.0,11.5,11.0,220.0,10.0,0.5,1.0,1.0,4.0,2024-08-09 14:12:00+00:00,2024-08-09 14:12:00+00:00,2024-08-09 14:13:00+00:00,2024-08-09 14:17:00+00:00,momentum_long_open_b15181741626,1,market,0.0,5,1,20,12,38295.0
568680,568681,568681,568681,closed,target,19980.75,19992.75,19981.0,19992.5,19960.75,19992.75,12.0,11.5,11.0,220.0,10.0,0.5,1.0,1.0,9.25,2024-08-09 14:13:00+00:00,2024-08-09 14:13:00+00:00,2024-08-09 14:14:00+00:00,2024-08-09 14:18:00+00:00,momentum_long_open_b15181741626,1,market,0.0,5,1,20,12,38515.0
568681,568682,568682,568682,closed,stop,19995.5,19975.5,19995.75,19975.25,19975.5,20007.5,-20.0,-20.5,-21.0,-420.0,10.0,0.5,1.0,1.0,21.0,2024-08-09 14:14:00+00:00,2024-08-09 14:14:00+00:00,2024-08-09 14:15:00+00:00,2024-08-09 14:19:00+00:00,momentum_long_open_b15181741626,1,market,0.0,5,1,20,12,38095.0
568683,568684,568684,568684,closed,stop,19979.5,19959.5,19979.75,19959.25,19959.5,19991.5,-20.0,-20.5,-21.0,-420.0,10.0,0.5,1.0,1.0,35.75,2024-08-09 14:16:00+00:00,2024-08-09 14:16:00+00:00,2024-08-09 14:17:00+00:00,2024-08-09 14:21:00+00:00,momentum_long_open_b15181741626,1,market,0.0,5,1,20,12,37675.0
568720,568721,568724,568724,closed,target,19972.25,19984.25,19972.5,19984.0,19952.25,19984.25,12.0,11.5,11.0,220.0,10.0,0.5,4.0,4.0,20.0,2024-08-09 14:53:00+00:00,2024-08-09 14:53:00+00:00,2024-08-09 14:57:00+00:00,2024-08-09 14:58:00+00:00,momentum_long_open_b15181741626,1,market,0.0,5,1,20,12,37895.0
568724,568725,568727,568727,closed,stop,19980.0,19960.0,19980.25,19959.75,19960.0,19992.0,-20.0,-20.5,-21.0,-420.0,10.0,0.5,3.0,3.0,31.75,2024-08-09 14:57:00+00:00,2024-08-09 14:57:00+00:00,2024-08-09 15:00:00+00:00,2024-08-09 15:02:00+00:00,momentum_long_open_b15181741626,1,market,0.0,5,1,20,12,37475.0
570039,570040,570040,570040,closed,target,20038.25,20050.25,20038.5,20050.0,20018.25,20050.25,12.0,11.5,11.0,220.0,10.0,0.5,1.0,1.0,3.0,2024-08-12 14:07:00+00:00,2024-08-12 14:07:00+00:00,2024-08-12 14:08:00+00:00,2024-08-12 14:12:00+00:00,momentum_long_open_b15181741626,1,market,0.0,5,1,20,12,37695.0
570040,570041,570042,570042,closed,target,20044.75,20056.75,20045.0,20056.5,20024.75,20056.75,12.0,11.5,11.0,220.0,10.0,0.5,2.0,2.0,1.5,2024-08-12 14:08:00+00:00,2024-08-12 14:08:00+00:00,2024-08-12 14:10:00+00:00,2024-08-12 14:13:00+00:00,momentum_long_open_b15181741626,1,market,0.0,5,1,20,12,37915.0
570042,570043,570046,570046,closed,target,20071.5,20083.5,20071.75,20083.25,20051.5,20083.5,12.0,11.5,11.0,220.0,10.0,0.5,4.0,4.0,11.75,2024-08-12 14:10:00+00:00,2024-08-12 14:10:00+00:00,2024-08-12 14:14:00+00:00,2024-08-12 14:15:00+00:00,momentum_long_open_b15181741626,1,market,0.0,5,1,20,12,38135.0
570046,570047,570048,570048,closed,target,20086.0,20098.0,20086.25,20097.75,20066.0,20098.0,12.0,11.5,11.0,220.0,10.0,0.5,2.0,2.0,3.25,2024-08-12 14:14:00+00:00,2024-08-12 14:14:00+00:00,2024-08-12 14:16:00+00:00,2024-08-12 14:19:00+00:00,momentum_long_open_b15181741626,1,market,0.0,5,1,20,12,38355.0
570048,570049,570049,570049,closed,target,20095.75,20107.75,20096.0,20107.5,20075.75,20107.75,12.0,11.5,11.0,220.0,10.0,0.5,1.0,1.0,1.75,2024-08-12 14:16:00+00:00,2024-08-12 14:16:00+00:00,2024-08-12 14:17:00+00:00,2024-08-12 14:21:00+00:00,momentum_long_open_b15181741626,1,market,0.0,5,1,20,12,38575.0
570049,570050,570050,570050,closed,stop,20106.25,20086.25,20106.5,20086.0,20086.25,20118.25,-20.0,-20.5,-21.0,-420.0,10.0,0.5,1.0,1.0,21.5,2024-08-12 14:17:00+00:00,2024-08-12 14:17:00+00:00,2024-08-12 14:18:00+00:00,2024-08-12 14:22:00+00:00,momentum_long_open_b15181741626,1,market,0.0,5,1,20,12,38155.0
570050,570051,570051,570051,closed,target,20091.5,20103.5,20091.75,20103.25,20071.5,20103.5,12.0,11.5,11.0,220.0,10.0,0.5,1.0,1.0,1.0,2024-08-12 14:18:00+00:00,2024-08-12 14:18:00+00:00,2024-08-12 14:19:00+00:00,2024-08-12 14:23:00+00:00,momentum_long_open_b15181741626,1,market,0.0,5,1,20,12,38375.0
570054,570055,570056,570056,closed,target,20132.5,20144.5,20132.75,20144.25,20112.5,20144.5,12.0,11.5,11.0,220.0,10.0,0.5,2.0,2.0,4.5,2024-08-12 14:22:00+00:00,2024-08-12 14:22:00+00:00,2024-08-12 14:24:00+00:00,2024-08-12 14:27:00+00:00,momentum_long_open_b15181741626,1,market,0.0,5,1,20,12,38595.0
570056,570057,570059,570059,closed,target,20142.5,20154.5,20142.75,20154.25,20122.5,20154.5,12.0,11.5,11.0,220.0,10.0,0.5,3.0,3.0,11.75,2024-08-12 14:24:00+00:00,2024-08-12 14:24:00+00:00,2024-08-12 14:27:00+00:00,2024-08-12 14:29:00+00:00,momentum_long_open_b15181741626,1,market,0.0,5,1,20,12,38815.0
570059,570060,570062,570062,closed,stop,20154.25,20134.25,20154.5,20134.0,20134.25,20166.25,-20.0,-20.5,-21.0,-420.0,10.0,0.5,3.0,3.0,32.25,2024-08-12 14:27:00+00:00,2024-08-12 14:27:00+00:00,2024-08-12 14:30:00+00:00,2024-08-12 14:32:00+00:00,momentum_long_open_b15181741626,1,market,0.0,5,1,20,12,38395.0
570073,570074,570077,570077,closed,stop,20169.75,20149.75,20170.0,20149.5,20149.75,20181.75,-20.0,-20.5,-21.0,-420.0,10.0,0.5,4.0,4.0,28.75,2024-08-12 14:41:00+00:00,2024-08-12 14:41:00+00:00,2024-08-12 14:45:00+00:00,2024-08-12 14:46:00+00:00,momentum_long_open_b15181741626,1,market,0.0,5,1,20,12,37975.0
571387,571388,571392,571392,closed,timeout,20335.5,20328.75,20335.75,20328.5,20315.5,20347.5,-6.75,-7.25,-7.75,-155.0,10.0,0.5,5.0,5.0,15.75,2024-08-13 13:50:00+00:00,2024-08-13 13:50:00+00:00,2024-08-13 13:55:00+00:00,2024-08-13 13:55:00+00:00,momentum_long_open_b15181741626,1,market,0.0,5,1,20,12,37820.0
571445,571446,571448,571448,closed,target,20370.5,20382.5,20370.75,20382.25,20350.5,20382.5,12.0,11.5,11.0,220.0,10.0,0.5,3.0,3.0,6.75,2024-08-13 14:48:00+00:00,2024-08-13 14:48:00+00:00,2024-08-13 14:51:00+00:00,2024-08-13 14:53:00+00:00,momentum_long_open_b15181741626,1,market,0.0,5,1,20,12,38040.0
571448,571449,571453,571453,closed,timeout,20375.25,20370.0,20375.5,20369.75,20355.25,20387.25,-5.25,-5.75,-6.25,-125.0,10.0,0.5,5.0,5.0,13.5,2024-08-13 14:51:00+00:00,2024-08-13 14:51:00+00:00,2024-08-13 14:56:00+00:00,2024-08-13 14:56:00+00:00,momentum_long_open_b15181741626,1,market,0.0,5,1,20,12,37915.0
572810,572811,572812,572812,closed,target,20452.5,20464.5,20452.75,20464.25,20432.5,20464.5,12.0,11.5,11.0,220.0,10.0,0.5,2.0,2.0,10.5,2024-08-14 14:48:00+00:00,2024-08-14 14:48:00+00:00,2024-08-14 14:50:00+00:00,2024-08-14 14:53:00+00:00,momentum_long_open_b15181741626,1,market,0.0,5,1,20,12,38135.0
572812,572813,572816,572816,closed,target,20465.5,20477.5,20465.75,20477.25,20445.5,20477.5,12.0,11.5,11.0,220.0,10.0,0.5,4.0,4.0,9.5,2024-08-14 14:50:00+00:00,2024-08-14 14:50:00+00:00,2024-08-14 14:54:00+00:00,2024-08-14 14:55:00+00:00,momentum_long_open_b15181741626,1,market,0.0,5,1,20,12,38355.0
572816,572817,572818,572818,closed,target,20482.25,20494.25,20482.5,20494.0,20462.25,20494.25,12.0,11.5,11.0,220.0,10.0,0.5,2.0,2.0,4.5,2024-08-14 14:54:00+00:00,2024-08-14 14:54:00+00:00,2024-08-14 14:56:00+00:00,2024-08-14 14:59:00+00:00,momentum_long_open_b15181741626,1,market,0.0,5,1,20,12,38575.0
572818,572819,572822,572822,closed,target,20491.0,20503.0,20491.25,20502.75,20471.0,20503.0,12.0,11.5,11.0,220.0,10.0,0.5,4.0,4.0,14.0,2024-08-14 14:56:00+00:00,2024-08-14 14:56:00+00:00,2024-08-14 15:00:00+00:00,2024-08-14 15:01:00+00:00,momentum_long_open_b15181741626,1,market,0.0,5,1,20,12,38795.0
574097,574098,574098,574098,closed,target,20784.75,20796.75,20785.0,20796.5,20764.75,20796.75,12.0,11.5,11.0,220.0,10.0,0.5,1.0,1.0,8.0,2024-08-15 13:30:00+00:00,2024-08-15 13:30:00+00:00,2024-08-15 13:31:00+00:00,2024-08-15 13:35:00+00:00,momentum_long_open_b15181741626,1,market,0.0,5,1,20,12,39015.0
574098,574099,574100,574100,closed,stop,20790.75,20770.75,20791.0,20770.5,20770.75,20802.75,-20.0,-20.5,-21.0,-420.0,10.0,0.5,2.0,2.0,21.75,2024-08-15 13:31:00+00:00,2024-08-15 13:31:00+00:00,2024-08-15 13:33:00+00:00,2024-08-15 13:36:00+00:00,momentum_long_open_b15181741626,1,market,0.0,5,1,20,12,38595.0
574118,574119,574121,574121,closed,target,20844.75,20856.75,20845.0,20856.5,20824.75,20856.75,12.0,11.5,11.0,220.0,10.0,0.5,3.0,3.0,9.25,2024-08-15 13:51:00+00:00,2024-08-15 13:51:00+00:00,2024-08-15 13:54:00+00:00,2024-08-15 13:56:00+00:00,momentum_long_open_b15181741626,1,market,0.0,5,1,20,12,38815.0
574121,574122,574123,574123,closed,target,20855.25,20867.25,20855.5,20867.0,20835.25,20867.25,12.0,11.5,11.0,220.0,10.0,0.5,2.0,2.0,5.0,2024-08-15 13:54:00+00:00,2024-08-15 13:54:00+00:00,2024-08-15 13:56:00+00:00,2024-08-15 13:59:00+00:00,momentum_long_open_b15181741626,1,market,0.0,5,1,20,12,39035.0
574123,574124,574126,574126,closed,target,20870.5,20882.5,20870.75,20882.25,20850.5,20882.5,12.0,11.5,11.0,220.0,10.0,0.5,3.0,3.0,3.75,2024-08-15 13:56:00+00:00,2024-08-15 13:56:00+00:00,2024-08-15 13:59:00+00:00,2024-08-15 14:01:00+00:00,momentum_long_open_b15181741626,1,market,0.0,5,1,20,12,39255.0
574126,574127,574128,574128,closed,target,20892.0,20904.0,20892.25,20903.75,20872.0,20904.0,12.0,11.5,11.0,220.0,10.0,0.5,2.0,2.0,10.5,2024-08-15 13:59:00+00:00,2024-08-15 13:59:00+00:00,2024-08-15 14:01:00+00:00,2024-08-15 14:04:00+00:00,momentum_long_open_b15181741626,1,market,0.0,5,1,20,12,39475.0
574128,574129,574129,574129,closed,target,20888.25,20900.25,20888.5,20900.0,20868.25,20900.25,12.0,11.5,11.0,220.0,10.0,0.5,1.0,1.0,0.75,2024-08-15 14:01:00+00:00,2024-08-15 14:01:00+00:00,2024-08-15 14:02:00+00:00,2024-08-15 14:06:00+00:00,momentum_long_open_b15181741626,1,market,0.0,5,1,20,12,39695.0
574129,574130,574131,574131,closed,stop,20908.75,20888.75,20909.0,20888.5,20888.75,20920.75,-20.0,-20.5,-21.0,-420.0,10.0,0.5,2.0,2.0,22.75,2024-08-15 14:02:00+00:00,2024-08-15 14:02:00+00:00,2024-08-15 14:04:00+00:00,2024-08-15 14:07:00+00:00,momentum_long_open_b15181741626,1,market,0.0,5,1,20,12,39275.0
574154,574155,574157,574157,closed,target,20909.5,20921.5,20909.75,20921.25,20889.5,20921.5,12.0,11.5,11.0,220.0,10.0,0.5,3.0,3.0,9.5,2024-08-15 14:27:00+00:00,2024-08-15 14:27:00+00:00,2024-08-15 14:30:00+00:00,2024-08-15 14:32:00+00:00,momentum_long_open_b15181741626,1,market,0.0,5,1,20,12,39495.0
575499,575500,575501,575501,closed,stop,20988.25,20968.25,20988.5,20968.0,20968.25,21000.25,-20.0,-20.5,-21.0,-420.0,10.0,0.5,2.0,2.0,21.25,2024-08-16 14:07:00+00:00,2024-08-16 14:07:00+00:00,2024-08-16 14:09:00+00:00,2024-08-16 14:12:00+00:00,momentum_long_open_b15181741626,1,market,0.0,5,1,20,12,39075.0
575510,575511,575515,575515,closed,timeout,21012.25,21007.25,21012.5,21007.0,20992.25,21024.25,-5.0,-5.5,-6.0,-120.0,10.0,0.5,5.0,5.0,10.5,2024-08-16 14:18:00+00:00,2024-08-16 14:18:00+00:00,2024-08-16 14:23:00+00:00,2024-08-16 14:23:00+00:00,momentum_long_open_b15181741626,1,market,0.0,5,1,20,12,38955.0
576909,576910,576910,576910,closed,target,21078.25,21090.25,21078.5,21090.0,21058.25,21090.25,12.0,11.5,11.0,220.0,10.0,0.5,1.0,1.0,1.75,2024-08-19 14:53:00+00:00,2024-08-19 14:53:00+00:00,2024-08-19 14:54:00+00:00,2024-08-19 14:58:00+00:00,momentum_long_open_b15181741626,1,market,0.0,5,1,20,12,39175.0
576910,576911,576914,576914,closed,stop,21093.0,21073.0,21093.25,21072.75,21073.0,21105.0,-20.0,-20.5,-21.0,-420.0,10.0,0.5,4.0,4.0,22.25,2024-08-19 14:54:00+00:00,2024-08-19 14:54:00+00:00,2024-08-19 14:58:00+00:00,2024-08-19 14:59:00+00:00,momentum_long_open_b15181741626,1,market,0.0,5,1,20,12,38755.0
578192,578193,578193,578193,closed,target,21265.75,21277.75,21266.0,21277.5,21245.75,21277.75,12.0,11.5,11.0,220.0,10.0,0.5,1.0,1.0,2.25,2024-08-20 13:31:00+00:00,2024-08-20 13:31:00+00:00,2024-08-20 13:32:00+00:00,2024-08-20 13:36:00+00:00,momentum_long_open_b15181741626,1,market,0.0,5,1,20,12,38975.0
578193,578194,578195,578195,closed,target,21273.5,21285.5,21273.75,21285.25,21253.5,21285.5,12.0,11.5,11.0,220.0,10.0,0.5,2.0,2.0,6.25,2024-08-20 13:32:00+00:00,2024-08-20 13:32:00+00:00,2024-08-20 13:34:00+00:00,2024-08-20 13:37:00+00:00,momentum_long_open_b15181741626,1,market,0.0,5,1,20,12,39195.0
578195,578196,578196,578196,closed,target,21280.5,21292.5,21280.75,21292.25,21260.5,21292.5,12.0,11.5,11.0,220.0,10.0,0.5,1.0,1.0,1.25,2024-08-20 13:34:00+00:00,2024-08-20 13:34:00+00:00,2024-08-20 13:35:00+00:00,2024-08-20 13:39:00+00:00,momentum_long_open_b15181741626,1,market,0.0,5,1,20,12,39415.0
578196,578197,578201,578201,closed,timeout,21296.5,21283.75,21296.75,21283.5,21276.5,21308.5,-12.75,-13.25,-13.75,-275.0,10.0,0.5,5.0,5.0,16.75,2024-08-20 13:35:00+00:00,2024-08-20 13:35:00+00:00,2024-08-20 13:40:00+00:00,2024-08-20 13:40:00+00:00,momentum_long_open_b15181741626,1,market,0.0,5,1,20,12,39140.0
578211,578212,578214,578214,closed,target,21315.0,21327.0,21315.25,21326.75,21295.0,21327.0,12.0,11.5,11.0,220.0,10.0,0.5,3.0,3.0,9.25,2024-08-20 13:50:00+00:00,2024-08-20 13:50:00+00:00,2024-08-20 13:53:00+00:00,2024-08-20 13:55:00+00:00,momentum_long_open_b15181741626,1,market,0.0,5,1,20,12,39360.0
578215,578216,578216,578216,closed,target,21330.25,21342.25,21330.5,21342.0,21310.25,21342.25,12.0,11.5,11.0,220.0,10.0,0.5,1.0,1.0,0.5,2024-08-20 13:54:00+00:00,2024-08-20 13:54:00+00:00,2024-08-20 13:55:00+00:00,2024-08-20 13:59:00+00:00,momentum_long_open_b15181741626,1,market,0.0,5,1,20,12,39580.0
578216,578217,578219,578219,closed,target,21341.25,21353.25,21341.5,21353.0,21321.25,21353.25,12.0,11.5,11.0,220.0,10.0,0.5,3.0,3.0,8.0,2024-08-20 13:55:00+00:00,2024-08-20 13:55:00+00:00,2024-08-20 13:58:00+00:00,2024-08-20 14:00:00+00:00,momentum_long_open_b15181741626,1,market,0.0,5,1,20,12,39800.0
578219,578220,578223,578223,closed,stop,21351.5,21331.5,21351.75,21331.25,21331.5,21363.5,-20.0,-20.5,-21.0,-420.0,10.0,0.5,4.0,4.0,39.5,2024-08-20 13:58:00+00:00,2024-08-20 13:58:00+00:00,2024-08-20 14:02:00+00:00,2024-08-20 14:03:00+00:00,momentum_long_open_b15181741626,1,market,0.0,5,1,20,12,39380.0
579586,579587,579591,579591,closed,timeout,21329.25,21336.75,21329.5,21336.5,21309.25,21341.25,7.5,7.0,6.5,130.0,10.0,0.5,5.0,5.0,16.75,2024-08-21 14:01:00+00:00,2024-08-21 14:01:00+00:00,2024-08-21 14:06:00+00:00,2024-08-21 14:06:00+00:00,momentum_long_open_b15181741626,1,market,0.0,5,1,20,12,39510.0
579626,579627,579627,579627,closed,target,21379.0,21391.0,21379.25,21390.75,21359.0,21391.0,12.0,11.5,11.0,220.0,10.0,0.5,1.0,1.0,0.25,2024-08-21 14:41:00+00:00,2024-08-21 14:41:00+00:00,2024-08-21 14:42:00+00:00,2024-08-21 14:46:00+00:00,momentum_long_open_b15181741626,1,market,0.0,5,1,20,12,39730.0
579627,579628,579628,579628,closed,target,21398.0,21410.0,21398.25,21409.75,21378.0,21410.0,12.0,11.5,11.0,220.0,10.0,0.5,1.0,1.0,0.25,2024-08-21 14:42:00+00:00,2024-08-21 14:42:00+00:00,2024-08-21 14:43:00+00:00,2024-08-21 14:47:00+00:00,momentum_long_open_b15181741626,1,market,0.0,5,1,20,12,39950.0
579628,579629,579633,579633,closed,stop,21411.0,21391.0,21411.25,21390.75,21391.0,21423.0,-20.0,-20.5,-21.0,-420.0,10.0,0.5,5.0,5.0,30.5,2024-08-21 14:43:00+00:00,2024-08-21 14:43:00+00:00,2024-08-21 14:48:00+00:00,2024-08-21 14:48:00+00:00,momentum_long_open_b15181741626,1,market,0.0,5,1,20,12,39530.0
582317,582318,582318,582318,closed,target,21268.0,21280.0,21268.25,21279.75,21248.0,21280.0,12.0,11.5,11.0,220.0,10.0,0.5,1.0,1.0,0.75,2024-08-23 14:02:00+00:00,2024-08-23 14:02:00+00:00,2024-08-23 14:03:00+00:00,2024-08-23 14:07:00+00:00,momentum_long_open_b15181741626,1,market,0.0,5,1,20,12,39750.0
582318,582319,582319,582319,closed,stop,21297.75,21277.75,21298.0,21277.5,21277.75,21309.75,-20.0,-20.5,-21.0,-420.0,10.0,0.5,1.0,1.0,38.75,2024-08-23 14:03:00+00:00,2024-08-23 14:03:00+00:00,2024-08-23 14:04:00+00:00,2024-08-23 14:08:00+00:00,momentum_long_open_b15181741626,1,market,0.0,5,1,20,12,39330.0
582319,582320,582320,582320,closed,stop,21276.5,21256.5,21276.75,21256.25,21256.5,21288.5,-20.0,-20.5,-21.0,-420.0,10.0,0.5,1.0,1.0,21.0,2024-08-23 14:04:00+00:00,2024-08-23 14:04:00+00:00,2024-08-23 14:05:00+00:00,2024-08-23 14:09:00+00:00,momentum_long_open_b15181741626,1,market,0.0,5,1,20,12,38910.0
582320,582321,582321,582321,closed,stop,21279.5,21259.5,21279.75,21259.25,21259.5,21291.5,-20.0,-20.5,-21.0,-420.0,10.0,0.5,1.0,1.0,40.75,2024-08-23 14:05:00+00:00,2024-08-23 14:05:00+00:00,2024-08-23 14:06:00+00:00,2024-08-23 14:10:00+00:00,momentum_long_open_b15181741626,1,market,0.0,5,1,20,12,38490.0
582344,582345,582345,582345,closed,stop,21333.0,21313.0,21333.25,21312.75,21313.0,21345.0,-20.0,-20.5,-21.0,-420.0,10.0,0.5,1.0,1.0,22.0,2024-08-23 14:29:00+00:00,2024-08-23 14:29:00+00:00,2024-08-23 14:30:00+00:00,2024-08-23 14:34:00+00:00,momentum_long_open_b15181741626,1,market,0.0,5,1,20,12,38070.0
583738,583739,583743,583743,closed,target,21030.5,21042.5,21030.75,21042.25,21010.5,21042.5,12.0,11.5,11.0,220.0,10.0,0.5,5.0,5.0,8.25,2024-08-26 14:59:00+00:00,2024-08-26 14:59:00+00:00,2024-08-26 15:04:00+00:00,2024-08-26 15:04:00+00:00,momentum_long_open_b15181741626,1,market,0.0,5,1,20,12,38290.0
585014,585015,585018,585018,closed,stop,20956.5,20936.5,20956.75,20936.25,20936.5,20968.5,-20.0,-20.5,-21.0,-420.0,10.0,0.5,4.0,4.0,30.5,2024-08-27 13:30:00+00:00,2024-08-27 13:30:00+00:00,2024-08-27 13:34:00+00:00,2024-08-27 13:35:00+00:00,momentum_long_open_b15181741626,1,market,0.0,5,1,20,12,37870.0
585039,585040,585040,585040,closed,target,20982.0,20994.0,20982.25,20993.75,20962.0,20994.0,12.0,11.5,11.0,220.0,10.0,0.5,1.0,1.0,1.0,2024-08-27 13:55:00+00:00,2024-08-27 13:55:00+00:00,2024-08-27 13:56:00+00:00,2024-08-27 14:00:00+00:00,momentum_long_open_b15181741626,1,market,0.0,5,1,20,12,38090.0
585040,585041,585042,585042,closed,stop,20994.5,20974.5,20994.75,20974.25,20974.5,21006.5,-20.0,-20.5,-21.0,-420.0,10.0,0.5,2.0,2.0,29.0,2024-08-27 13:56:00+00:00,2024-08-27 13:56:00+00:00,2024-08-27 13:58:00+00:00,2024-08-27 14:01:00+00:00,momentum_long_open_b15181741626,1,market,0.0,5,1,20,12,37670.0
585070,585071,585075,585075,closed,target,21058.25,21070.25,21058.5,21070.0,21038.25,21070.25,12.0,11.5,11.0,220.0,10.0,0.5,5.0,5.0,14.25,2024-08-27 14:26:00+00:00,2024-08-27 14:26:00+00:00,2024-08-27 14:31:00+00:00,2024-08-27 14:31:00+00:00,momentum_long_open_b15181741626,1,market,0.0,5,1,20,12,37890.0
585077,585078,585078,585078,closed,target,21078.75,21090.75,21079.0,21090.5,21058.75,21090.75,12.0,11.5,11.0,220.0,10.0,0.5,1.0,1.0,3.0,2024-08-27 14:33:00+00:00,2024-08-27 14:33:00+00:00,2024-08-27 14:34:00+00:00,2024-08-27 14:38:00+00:00,momentum_long_open_b15181741626,1,market,0.0,5,1,20,12,38110.0
585078,585079,585080,585080,closed,stop,21090.25,21070.25,21090.5,21070.0,21070.25,21102.25,-20.0,-20.5,-21.0,-420.0,10.0,0.5,2.0,2.0,29.25,2024-08-27 14:34:00+00:00,2024-08-27 14:34:00+00:00,2024-08-27 14:36:00+00:00,2024-08-27 14:39:00+00:00,momentum_long_open_b15181741626,1,market,0.0,5,1,20,12,37690.0
586380,586381,586383,586383,closed,stop,21087.0,21067.0,21087.25,21066.75,21067.0,21099.0,-20.0,-20.5,-21.0,-420.0,10.0,0.5,3.0,3.0,24.0,2024-08-28 13:31:00+00:00,2024-08-28 13:31:00+00:00,2024-08-28 13:34:00+00:00,2024-08-28 13:36:00+00:00,momentum_long_open_b15181741626,1,market,0.0,5,1,20,12,37270.0
587747,587748,587748,587748,closed,target,20978.75,20990.75,20979.0,20990.5,20958.75,20990.75,12.0,11.5,11.0,220.0,10.0,0.5,1.0,1.0,9.0,2024-08-29 13:33:00+00:00,2024-08-29 13:33:00+00:00,2024-08-29 13:34:00+00:00,2024-08-29 13:38:00+00:00,momentum_long_open_b15181741626,1,market,0.0,5,1,20,12,37490.0
587748,587749,587749,587749,closed,target,20998.25,21010.25,20998.5,21010.0,20978.25,21010.25,12.0,11.5,11.0,220.0,10.0,0.5,1.0,1.0,2.25,2024-08-29 13:34:00+00:00,2024-08-29 13:34:00+00:00,2024-08-29 13:35:00+00:00,2024-08-29 13:39:00+00:00,momentum_long_open_b15181741626,1,market,0.0,5,1,20,12,37710.0
587749,587750,587751,587751,closed,target,21022.5,21034.5,21022.75,21034.25,21002.5,21034.5,12.0,11.5,11.0,220.0,10.0,0.5,2.0,2.0,7.75,2024-08-29 13:35:00+00:00,2024-08-29 13:35:00+00:00,2024-08-29 13:37:00+00:00,2024-08-29 13:40:00+00:00,momentum_long_open_b15181741626,1,market,0.0,5,1,20,12,37930.0
587751,587752,587752,587752,closed,stop,21037.75,21017.75,21038.0,21017.5,21017.75,21049.75,-20.0,-20.5,-21.0,-420.0,10.0,0.5,1.0,1.0,32.5,2024-08-29 13:37:00+00:00,2024-08-29 13:37:00+00:00,2024-08-29 13:38:00+00:00,2024-08-29 13:42:00+00:00,momentum_long_open_b15181741626,1,market,0.0,5,1,20,12,37510.0
587752,587753,587753,587753,closed,target,21009.25,21021.25,21009.5,21021.0,20989.25,21021.25,12.0,11.5,11.0,220.0,10.0,0.5,1.0,1.0,1.0,2024-08-29 13:38:00+00:00,2024-08-29 13:38:00+00:00,2024-08-29 13:39:00+00:00,2024-08-29 13:43:00+00:00,momentum_long_open_b15181741626,1,market,0.0,5,1,20,12,37730.0
587775,587776,587777,587777,closed,stop,21097.75,21077.75,21098.0,21077.5,21077.75,21109.75,-20.0,-20.5,-21.0,-420.0,10.0,0.5,2.0,2.0,51.0,2024-08-29 14:01:00+00:00,2024-08-29 14:01:00+00:00,2024-08-29 14:03:00+00:00,2024-08-29 14:06:00+00:00,momentum_long_open_b15181741626,1,market,0.0,5,1,20,12,37310.0
587810,587811,587813,587813,closed,stop,21070.5,21050.5,21070.75,21050.25,21050.5,21082.5,-20.0,-20.5,-21.0,-420.0,10.0,0.5,3.0,3.0,26.25,2024-08-29 14:36:00+00:00,2024-08-29 14:36:00+00:00,2024-08-29 14:39:00+00:00,2024-08-29 14:41:00+00:00,momentum_long_open_b15181741626,1,market,0.0,5,1,20,12,36890.0
589140,589141,589142,589142,closed,target,21046.5,21058.5,21046.75,21058.25,21026.5,21058.5,12.0,11.5,11.0,220.0,10.0,0.5,2.0,2.0,6.5,2024-08-30 14:01:00+00:00,2024-08-30 14:01:00+00:00,2024-08-30 14:03:00+00:00,2024-08-30 14:06:00+00:00,momentum_long_open_b15181741626,1,market,0.0,5,1,20,12,37110.0
589142,589143,589144,589144,closed,stop,21059.25,21039.25,21059.5,21039.0,21039.25,21071.25,-20.0,-20.5,-21.0,-420.0,10.0,0.5,2.0,2.0,23.25,2024-08-30 14:03:00+00:00,2024-08-30 14:03:00+00:00,2024-08-30 14:05:00+00:00,2024-08-30 14:08:00+00:00,momentum_long_open_b15181741626,1,market,0.0,5,1,20,12,36690.0
590489,590490,590494,590494,closed,timeout,21073.5,21066.0,21073.75,21065.75,21053.5,21085.5,-7.5,-8.0,-8.5,-170.0,10.0,0.5,5.0,5.0,9.5,2024-09-02 13:45:00+00:00,2024-09-02 13:45:00+00:00,2024-09-02 13:50:00+00:00,2024-09-02 13:50:00+00:00,momentum_long_open_b15181741626,1,market,0.0,5,1,20,12,36520.0
590536,590537,590537,590537,closed,target,21051.0,21063.0,21051.25,21062.75,21031.0,21063.0,12.0,11.5,11.0,220.0,10.0,0.5,1.0,1.0,0.5,2024-09-02 14:32:00+00:00,2024-09-02 14:32:00+00:00,2024-09-02 14:33:00+00:00,2024-09-02 14:37:00+00:00,momentum_long_open_b15181741626,1,market,0.0,5,1,20,12,36740.0
590537,590538,590540,590540,closed,target,21063.25,21075.25,21063.5,21075.0,21043.25,21075.25,12.0,11.5,11.0,220.0,10.0,0.5,3.0,3.0,2.5,2024-09-02 14:33:00+00:00,2024-09-02 14:33:00+00:00,2024-09-02 14:36:00+00:00,2024-09-02 14:38:00+00:00,momentum_long_open_b15181741626,1,market,0.0,5,1,20,12,36960.0
590540,590541,590545,590545,closed,timeout,21077.5,21084.25,21077.75,21084.0,21057.5,21089.5,6.75,6.25,5.75,115.0,10.0,0.5,5.0,5.0,1.25,2024-09-02 14:36:00+00:00,2024-09-02 14:36:00+00:00,2024-09-02 14:41:00+00:00,2024-09-02 14:41:00+00:00,momentum_long_open_b15181741626,1,market,0.0,5,1,20,12,37075.0
590547,590548,590552,590552,closed,timeout,21089.25,21093.25,21089.5,21093.0,21069.25,21101.25,4.0,3.5,3.0,60.0,10.0,0.5,5.0,5.0,2.5,2024-09-02 14:43:00+00:00,2024-09-02 14:43:00+00:00,2024-09-02 14:48:00+00:00,2024-09-02 14:48:00+00:00,momentum_long_open_b15181741626,1,market,0.0,5,1,20,12,37135.0
592998,592999,592999,592999,closed,stop,20417.75,20397.75,20418.0,20397.5,20397.75,20429.75,-20.0,-20.5,-21.0,-420.0,10.0,0.5,1.0,1.0,32.75,2024-09-04 13:50:00+00:00,2024-09-04 13:50:00+00:00,2024-09-04 13:51:00+00:00,2024-09-04 13:55:00+00:00,momentum_long_open_b15181741626,1,market,0.0,5,1,20,12,36715.0
593040,593041,593042,593042,closed,target,20441.25,20453.25,20441.5,20453.0,20421.25,20453.25,12.0,11.5,11.0,220.0,10.0,0.5,2.0,2.0,7.25,2024-09-04 14:32:00+00:00,2024-09-04 14:32:00+00:00,2024-09-04 14:34:00+00:00,2024-09-04 14:37:00+00:00,momentum_long_open_b15181741626,1,market,0.0,5,1,20,12,36935.0
593042,593043,593043,593043,closed,target,20456.25,20468.25,20456.5,20468.0,20436.25,20468.25,12.0,11.5,11.0,220.0,10.0,0.5,1.0,1.0,3.0,2024-09-04 14:34:00+00:00,2024-09-04 14:34:00+00:00,2024-09-04 14:35:00+00:00,2024-09-04 14:39:00+00:00,momentum_long_open_b15181741626,1,market,0.0,5,1,20,12,37155.0
593043,593044,593044,593044,closed,stop,20469.5,20449.5,20469.75,20449.25,20449.5,20481.5,-20.0,-20.5,-21.0,-420.0,10.0,0.5,1.0,1.0,21.25,2024-09-04 14:35:00+00:00,2024-09-04 14:35:00+00:00,2024-09-04 14:36:00+00:00,2024-09-04 14:40:00+00:00,momentum_long_open_b15181741626,1,market,0.0,5,1,20,12,36735.0
593065,593066,593068,593068,closed,target,20508.5,20520.5,20508.75,20520.25,20488.5,20520.5,12.0,11.5,11.0,220.0,10.0,0.5,3.0,3.0,5.75,2024-09-04 14:57:00+00:00,2024-09-04 14:57:00+00:00,2024-09-04 15:00:00+00:00,2024-09-04 15:02:00+00:00,momentum_long_open_b15181741626,1,market,0.0,5,1,20,12,36955.0
594351,594352,594352,594352,closed,target,20419.5,20431.5,20419.75,20431.25,20399.5,20431.5,12.0,11.5,11.0,220.0,10.0,0.5,1.0,1.0,1.75,2024-09-05 13:38:00+00:00,2024-09-05 13:38:00+00:00,2024-09-05 13:39:00+00:00,2024-09-05 13:43:00+00:00,momentum_long_open_b15181741626,1,market,0.0,5,1,20,12,37175.0
594352,594353,594353,594353,closed,target,20433.0,20445.0,20433.25,20444.75,20413.0,20445.0,12.0,11.5,11.0,220.0,10.0,0.5,1.0,1.0,5.0,2024-09-05 13:39:00+00:00,2024-09-05 13:39:00+00:00,2024-09-05 13:40:00+00:00,2024-09-05 13:44:00+00:00,momentum_long_open_b15181741626,1,market,0.0,5,1,20,12,37395.0
594353,594354,594354,594354,closed,target,20432.25,20444.25,20432.5,20444.0,20412.25,20444.25,12.0,11.5,11.0,220.0,10.0,0.5,1.0,1.0,8.75,2024-09-05 13:40:00+00:00,2024-09-05 13:40:00+00:00,2024-09-05 13:41:00+00:00,2024-09-05 13:45:00+00:00,momentum_long_open_b15181741626,1,market,0.0,5,1,20,12,37615.0
594354,594355,594355,594355,closed,target,20426.5,20438.5,20426.75,20438.25,20406.5,20438.5,12.0,11.5,11.0,220.0,10.0,0.5,1.0,1.0,7.0,2024-09-05 13:41:00+00:00,2024-09-05 13:41:00+00:00,2024-09-05 13:42:00+00:00,2024-09-05 13:46:00+00:00,momentum_long_open_b15181741626,1,market,0.0,5,1,20,12,37835.0
594355,594356,594357,594357,closed,target,20428.0,20440.0,20428.25,20439.75,20408.0,20440.0,12.0,11.5,11.0,220.0,10.0,0.5,2.0,2.0,11.75,2024-09-05 13:42:00+00:00,2024-09-05 13:42:00+00:00,2024-09-05 13:44:00+00:00,2024-09-05 13:47:00+00:00,momentum_long_open_b15181741626,1,market,0.0,5,1,20,12,38055.0
594372,594373,594374,594374,closed,target,20491.75,20503.75,20492.0,20503.5,20471.75,20503.75,12.0,11.5,11.0,220.0,10.0,0.5,2.0,2.0,19.75,2024-09-05 13:59:00+00:00,2024-09-05 13:59:00+00:00,2024-09-05 14:01:00+00:00,2024-09-05 14:04:00+00:00,momentum_long_open_b15181741626,1,market,0.0,5,1,20,12,38275.0
594374,594375,594375,594375,closed,target,20527.0,20539.0,20527.25,20538.75,20507.0,20539.0,12.0,11.5,11.0,220.0,10.0,0.5,1.0,1.0,5.75,2024-09-05 14:01:00+00:00,2024-09-05 14:01:00+00:00,2024-09-05 14:02:00+00:00,2024-09-05 14:06:00+00:00,momentum_long_open_b15181741626,1,market,0.0,5,1,20,12,38495.0
594375,594376,594379,594379,closed,stop,20532.5,20512.5,20532.75,20512.25,20512.5,20544.5,-20.0,-20.5,-21.0,-420.0,10.0,0.5,4.0,4.0,29.5,2024-09-05 14:02:00+00:00,2024-09-05 14:02:00+00:00,2024-09-05 14:06:00+00:00,2024-09-05 14:07:00+00:00,momentum_long_open_b15181741626,1,market,0.0,5,1,20,12,38075.0
594398,594399,594399,594399,closed,target,20563.25,20575.25,20563.5,20575.0,20543.25,20575.25,12.0,11.5,11.0,220.0,10.0,0.5,1.0,1.0,2.0,2024-09-05 14:25:00+00:00,2024-09-05 14:25:00+00:00,2024-09-05 14:26:00+00:00,2024-09-05 14:30:00+00:00,momentum_long_open_b15181741626,1,market,0.0,5,1,20,12,38295.0
594399,594400,594401,594401,closed,target,20567.5,20579.5,20567.75,20579.25,20547.5,20579.5,12.0,11.5,11.0,220.0,10.0,0.5,2.0,2.0,7.25,2024-09-05 14:26:00+00:00,2024-09-05 14:26:00+00:00,2024-09-05 14:28:00+00:00,2024-09-05 14:31:00+00:00,momentum_long_open_b15181741626,1,market,0.0,5,1,20,12,38515.0
594401,594402,594403,594403,closed,stop,20575.0,20555.0,20575.25,20554.75,20555.0,20587.0,-20.0,-20.5,-21.0,-420.0,10.0,0.5,2.0,2.0,48.0,2024-09-05 14:28:00+00:00,2024-09-05 14:28:00+00:00,2024-09-05 14:30:00+00:00,2024-09-05 14:33:00+00:00,momentum_long_open_b15181741626,1,market,0.0,5,1,20,12,38095.0
597073,597074,597074,597074,closed,stop,20061.75,20041.75,20062.0,20041.5,20041.75,20073.75,-20.0,-20.5,-21.0,-420.0,10.0,0.5,1.0,1.0,24.25,2024-09-09 13:30:00+00:00,2024-09-09 13:30:00+00:00,2024-09-09 13:31:00+00:00,2024-09-09 13:35:00+00:00,momentum_long_open_b15181741626,1,market,0.0,5,1,20,12,37675.0
597077,597078,597082,597082,closed,timeout,20087.5,20088.75,20087.75,20088.5,20067.5,20099.5,1.25,0.75,0.25,5.0,10.0,0.5,5.0,5.0,17.75,2024-09-09 13:34:00+00:00,2024-09-09 13:34:00+00:00,2024-09-09 13:39:00+00:00,2024-09-09 13:39:00+00:00,momentum_long_open_b15181741626,1,market,0.0,5,1,20,12,37680.0
597102,597103,597107,597107,closed,timeout,20125.75,20124.0,20126.0,20123.75,20105.75,20137.75,-1.75,-2.25,-2.75,-55.0,10.0,0.5,5.0,5.0,20.0,2024-09-09 13:59:00+00:00,2024-09-09 13:59:00+00:00,2024-09-09 14:04:00+00:00,2024-09-09 14:04:00+00:00,momentum_long_open_b15181741626,1,market,0.0,5,1,20,12,37625.0
598441,598442,598442,598442,closed,stop,20253.0,20233.0,20253.25,20232.75,20233.0,20265.0,-20.0,-20.5,-21.0,-420.0,10.0,0.5,1.0,1.0,29.25,2024-09-10 13:33:00+00:00,2024-09-10 13:33:00+00:00,2024-09-10 13:34:00+00:00,2024-09-10 13:38:00+00:00,momentum_long_open_b15181741626,1,market,0.0,5,1,20,12,37205.0
601213,601214,601216,601216,closed,target,20744.75,20756.75,20745.0,20756.5,20724.75,20756.75,12.0,11.5,11.0,220.0,10.0,0.5,3.0,3.0,18.25,2024-09-12 14:15:00+00:00,2024-09-12 14:15:00+00:00,2024-09-12 14:18:00+00:00,2024-09-12 14:20:00+00:00,momentum_long_open_b15181741626,1,market,0.0,5,1,20,12,37425.0
601216,601217,601219,601219,closed,target,20766.0,20778.0,20766.25,20777.75,20746.0,20778.0,12.0,11.5,11.0,220.0,10.0,0.5,3.0,3.0,11.5,2024-09-12 14:18:00+00:00,2024-09-12 14:18:00+00:00,2024-09-12 14:21:00+00:00,2024-09-12 14:23:00+00:00,momentum_long_open_b15181741626,1,market,0.0,5,1,20,12,37645.0
601219,601220,601223,601223,closed,stop,20774.25,20754.25,20774.5,20754.0,20754.25,20786.25,-20.0,-20.5,-21.0,-420.0,10.0,0.5,4.0,4.0,28.75,2024-09-12 14:21:00+00:00,2024-09-12 14:21:00+00:00,2024-09-12 14:25:00+00:00,2024-09-12 14:26:00+00:00,momentum_long_open_b15181741626,1,market,0.0,5,1,20,12,37225.0
601233,601234,601234,601234,closed,stop,20791.75,20771.75,20792.0,20771.5,20771.75,20803.75,-20.0,-20.5,-21.0,-420.0,10.0,0.5,1.0,1.0,99.75,2024-09-12 14:35:00+00:00,2024-09-12 14:35:00+00:00,2024-09-12 14:36:00+00:00,2024-09-12 14:40:00+00:00,momentum_long_open_b15181741626,1,market,0.0,5,1,20,12,36805.0
602542,602543,602543,602543,closed,target,20903.5,20915.5,20903.75,20915.25,20883.5,20915.5,12.0,11.5,11.0,220.0,10.0,0.5,1.0,1.0,5.0,2024-09-13 13:40:00+00:00,2024-09-13 13:40:00+00:00,2024-09-13 13:41:00+00:00,2024-09-13 13:45:00+00:00,momentum_long_open_b15181741626,1,market,0.0,5,1,20,12,37025.0
602543,602544,602544,602544,closed,stop,20916.5,20896.5,20916.75,20896.25,20896.5,20928.5,-20.0,-20.5,-21.0,-420.0,10.0,0.5,1.0,1.0,29.0,2024-09-13 13:41:00+00:00,2024-09-13 13:41:00+00:00,2024-09-13 13:42:00+00:00,2024-09-13 13:46:00+00:00,momentum_long_open_b15181741626,1,market,0.0,5,1,20,12,36605.0
602546,602547,602548,602548,closed,stop,20927.5,20907.5,20927.75,20907.25,20907.5,20939.5,-20.0,-20.5,-21.0,-420.0,10.0,0.5,2.0,2.0,24.25,2024-09-13 13:44:00+00:00,2024-09-13 13:44:00+00:00,2024-09-13 13:46:00+00:00,2024-09-13 13:49:00+00:00,momentum_long_open_b15181741626,1,market,0.0,5,1,20,12,36185.0
602609,602610,602614,602614,closed,stop,20961.0,20941.0,20961.25,20940.75,20941.0,20973.0,-20.0,-20.5,-21.0,-420.0,10.0,0.5,5.0,5.0,34.75,2024-09-13 14:47:00+00:00,2024-09-13 14:47:00+00:00,2024-09-13 14:52:00+00:00,2024-09-13 14:52:00+00:00,momentum_long_open_b15181741626,1,market,0.0,5,1,20,12,35765.0
603912,603913,603914,603914,closed,target,20852.75,20864.75,20853.0,20864.5,20832.75,20864.75,12.0,11.5,11.0,220.0,10.0,0.5,2.0,2.0,14.0,2024-09-16 13:53:00+00:00,2024-09-16 13:53:00+00:00,2024-09-16 13:55:00+00:00,2024-09-16 13:58:00+00:00,momentum_long_open_b15181741626,1,market,0.0,5,1,20,12,35985.0
603914,603915,603916,603916,closed,target,20872.0,20884.0,20872.25,20883.75,20852.0,20884.0,12.0,11.5,11.0,220.0,10.0,0.5,2.0,2.0,13.25,2024-09-16 13:55:00+00:00,2024-09-16 13:55:00+00:00,2024-09-16 13:57:00+00:00,2024-09-16 14:00:00+00:00,momentum_long_open_b15181741626,1,market,0.0,5,1,20,12,36205.0
603916,603917,603918,603918,closed,stop,20881.5,20861.5,20881.75,20861.25,20861.5,20893.5,-20.0,-20.5,-21.0,-420.0,10.0,0.5,2.0,2.0,22.25,2024-09-16 13:57:00+00:00,2024-09-16 13:57:00+00:00,2024-09-16 13:59:00+00:00,2024-09-16 14:02:00+00:00,momentum_long_open_b15181741626,1,market,0.0,5,1,20,12,35785.0
605295,605296,605298,605298,closed,stop,21006.75,20986.75,21007.0,20986.5,20986.75,21018.75,-20.0,-20.5,-21.0,-420.0,10.0,0.5,3.0,3.0,34.0,2024-09-17 14:11:00+00:00,2024-09-17 14:11:00+00:00,2024-09-17 14:14:00+00:00,2024-09-17 14:16:00+00:00,momentum_long_open_b15181741626,1,market,0.0,5,1,20,12,35365.0
605329,605330,605330,605330,closed,target,21015.25,21027.25,21015.5,21027.0,20995.25,21027.25,12.0,11.5,11.0,220.0,10.0,0.5,1.0,1.0,2.0,2024-09-17 14:45:00+00:00,2024-09-17 14:45:00+00:00,2024-09-17 14:46:00+00:00,2024-09-17 14:50:00+00:00,momentum_long_open_b15181741626,1,market,0.0,5,1,20,12,35585.0
605330,605331,605335,605335,closed,timeout,21038.0,21032.0,21038.25,21031.75,21018.0,21050.0,-6.0,-6.5,-7.0,-140.0,10.0,0.5,5.0,5.0,12.25,2024-09-17 14:46:00+00:00,2024-09-17 14:46:00+00:00,2024-09-17 14:51:00+00:00,2024-09-17 14:51:00+00:00,momentum_long_open_b15181741626,1,market,0.0,5,1,20,12,35445.0
606678,606679,606680,606680,closed,stop,20898.0,20878.0,20898.25,20877.75,20878.0,20910.0,-20.0,-20.5,-21.0,-420.0,10.0,0.5,2.0,2.0,22.25,2024-09-18 14:30:00+00:00,2024-09-18 14:30:00+00:00,2024-09-18 14:32:00+00:00,2024-09-18 14:35:00+00:00,momentum_long_open_b15181741626,1,market,0.0,5,1,20,12,35025.0
606691,606692,606696,606696,closed,timeout,20912.0,20917.0,20912.25,20916.75,20892.0,20924.0,5.0,4.5,4.0,80.0,10.0,0.5,5.0,5.0,4.75,2024-09-18 14:43:00+00:00,2024-09-18 14:43:00+00:00,2024-09-18 14:48:00+00:00,2024-09-18 14:48:00+00:00,momentum_long_open_b15181741626,1,market,0.0,5,1,20,12,35105.0
607983,607984,607985,607985,closed,stop,21250.25,21230.25,21250.5,21230.0,21230.25,21262.25,-20.0,-20.5,-21.0,-420.0,10.0,0.5,2.0,2.0,24.5,2024-09-19 13:30:00+00:00,2024-09-19 13:30:00+00:00,2024-09-19 13:32:00+00:00,2024-09-19 13:35:00+00:00,momentum_long_open_b15181741626,1,market,0.0,5,1,20,12,34685.0
608032,608033,608035,608035,closed,target,21279.5,21291.5,21279.75,21291.25,21259.5,21291.5,12.0,11.5,11.0,220.0,10.0,0.5,3.0,3.0,7.5,2024-09-19 14:19:00+00:00,2024-09-19 14:19:00+00:00,2024-09-19 14:22:00+00:00,2024-09-19 14:24:00+00:00,momentum_long_open_b15181741626,1,market,0.0,5,1,20,12,34905.0
608035,608036,608038,608038,closed,target,21276.0,21288.0,21276.25,21287.75,21256.0,21288.0,12.0,11.5,11.0,220.0,10.0,0.5,3.0,3.0,6.25,2024-09-19 14:22:00+00:00,2024-09-19 14:22:00+00:00,2024-09-19 14:25:00+00:00,2024-09-19 14:27:00+00:00,momentum_long_open_b15181741626,1,market,0.0,5,1,20,12,35125.0
608040,608041,608041,608041,closed,target,21296.0,21308.0,21296.25,21307.75,21276.0,21308.0,12.0,11.5,11.0,220.0,10.0,0.5,1.0,1.0,1.0,2024-09-19 14:27:00+00:00,2024-09-19 14:27:00+00:00,2024-09-19 14:28:00+00:00,2024-09-19 14:32:00+00:00,momentum_long_open_b15181741626,1,market,0.0,5,1,20,12,35345.0
608041,608042,608044,608044,closed,target,21323.75,21335.75,21324.0,21335.5,21303.75,21335.75,12.0,11.5,11.0,220.0,10.0,0.5,3.0,3.0,12.25,2024-09-19 14:28:00+00:00,2024-09-19 14:28:00+00:00,2024-09-19 14:31:00+00:00,2024-09-19 14:33:00+00:00,momentum_long_open_b15181741626,1,market,0.0,5,1,20,12,35565.0
608044,608045,608045,608045,closed,target,21339.25,21351.25,21339.5,21351.0,21319.25,21351.25,12.0,11.5,11.0,220.0,10.0,0.5,1.0,1.0,0.25,2024-09-19 14:31:00+00:00,2024-09-19 14:31:00+00:00,2024-09-19 14:32:00+00:00,2024-09-19 14:36:00+00:00,momentum_long_open_b15181741626,1,market,0.0,5,1,20,12,35785.0
608045,608046,608050,608050,closed,stop,21351.25,21331.25,21351.5,21331.0,21331.25,21363.25,-20.0,-20.5,-21.0,-420.0,10.0,0.5,5.0,5.0,24.5,2024-09-19 14:32:00+00:00,2024-09-19 14:32:00+00:00,2024-09-19 14:37:00+00:00,2024-09-19 14:37:00+00:00,momentum_long_open_b15181741626,1,market,0.0,5,1,20,12,35365.0
609347,609348,609348,609348,closed,stop,21262.75,21242.75,21263.0,21242.5,21242.75,21274.75,-20.0,-20.5,-21.0,-420.0,10.0,0.5,1.0,1.0,28.0,2024-09-20 13:32:00+00:00,2024-09-20 13:32:00+00:00,2024-09-20 13:33:00+00:00,2024-09-20 13:37:00+00:00,momentum_long_open_b15181741626,1,market,0.0,5,1,20,12,34945.0
610764,610765,610767,610767,closed,stop,21307.0,21287.0,21307.25,21286.75,21287.0,21319.0,-20.0,-20.5,-21.0,-420.0,10.0,0.5,3.0,3.0,29.75,2024-09-23 14:24:00+00:00,2024-09-23 14:24:00+00:00,2024-09-23 14:27:00+00:00,2024-09-23 14:29:00+00:00,momentum_long_open_b15181741626,1,market,0.0,5,1,20,12,34525.0
612155,612156,612156,612156,closed,target,21216.25,21228.25,21216.5,21228.0,21196.25,21228.25,12.0,11.5,11.0,220.0,10.0,0.5,1.0,1.0,0.25,2024-09-24 14:50:00+00:00,2024-09-24 14:50:00+00:00,2024-09-24 14:51:00+00:00,2024-09-24 14:55:00+00:00,momentum_long_open_b15181741626,1,market,0.0,5,1,20,12,34745.0
612156,612157,612158,612158,closed,target,21234.0,21246.0,21234.25,21245.75,21214.0,21246.0,12.0,11.5,11.0,220.0,10.0,0.5,2.0,2.0,9.0,2024-09-24 14:51:00+00:00,2024-09-24 14:51:00+00:00,2024-09-24 14:53:00+00:00,2024-09-24 14:56:00+00:00,momentum_long_open_b15181741626,1,market,0.0,5,1,20,12,34965.0
612158,612159,612160,612160,closed,target,21242.75,21254.75,21243.0,21254.5,21222.75,21254.75,12.0,11.5,11.0,220.0,10.0,0.5,2.0,2.0,4.5,2024-09-24 14:53:00+00:00,2024-09-24 14:53:00+00:00,2024-09-24 14:55:00+00:00,2024-09-24 14:58:00+00:00,momentum_long_open_b15181741626,1,market,0.0,5,1,20,12,35185.0
612160,612161,612162,612162,closed,target,21247.0,21259.0,21247.25,21258.75,21227.0,21259.0,12.0,11.5,11.0,220.0,10.0,0.5,2.0,2.0,2.75,2024-09-24 14:55:00+00:00,2024-09-24 14:55:00+00:00,2024-09-24 14:57:00+00:00,2024-09-24 15:00:00+00:00,momentum_long_open_b15181741626,1,market,0.0,5,1,20,12,35405.0
612162,612163,612163,612163,closed,target,21257.75,21269.75,21258.0,21269.5,21237.75,21269.75,12.0,11.5,11.0,220.0,10.0,0.5,1.0,1.0,0.5,2024-09-24 14:57:00+00:00,2024-09-24 14:57:00+00:00,2024-09-24 14:58:00+00:00,2024-09-24 15:02:00+00:00,momentum_long_open_b15181741626,1,market,0.0,5,1,20,12,35625.0
612163,612164,612166,612166,closed,target,21265.75,21277.75,21266.0,21277.5,21245.75,21277.75,12.0,11.5,11.0,220.0,10.0,0.5,3.0,3.0,3.75,2024-09-24 14:58:00+00:00,2024-09-24 14:58:00+00:00,2024-09-24 15:01:00+00:00,2024-09-24 15:03:00+00:00,momentum_long_open_b15181741626,1,market,0.0,5,1,20,12,35845.0
613442,613443,613444,613444,closed,target,21367.5,21379.5,21367.75,21379.25,21347.5,21379.5,12.0,11.5,11.0,220.0,10.0,0.5,2.0,2.0,7.75,2024-09-25 13:32:00+00:00,2024-09-25 13:32:00+00:00,2024-09-25 13:34:00+00:00,2024-09-25 13:37:00+00:00,momentum_long_open_b15181741626,1,market,0.0,5,1,20,12,36065.0
613444,613445,613447,613447,closed,target,21387.0,21399.0,21387.25,21398.75,21367.0,21399.0,12.0,11.5,11.0,220.0,10.0,0.5,3.0,3.0,6.25,2024-09-25 13:34:00+00:00,2024-09-25 13:34:00+00:00,2024-09-25 13:37:00+00:00,2024-09-25 13:39:00+00:00,momentum_long_open_b15181741626,1,market,0.0,5,1,20,12,36285.0
613447,613448,613450,613450,closed,stop,21400.5,21380.5,21400.75,21380.25,21380.5,21412.5,-20.0,-20.5,-21.0,-420.0,10.0,0.5,3.0,3.0,21.5,2024-09-25 13:37:00+00:00,2024-09-25 13:37:00+00:00,2024-09-25 13:40:00+00:00,2024-09-25 13:42:00+00:00,momentum_long_open_b15181741626,1,market,0.0,5,1,20,12,35865.0
613467,613468,613470,613470,closed,target,21418.25,21430.25,21418.5,21430.0,21398.25,21430.25,12.0,11.5,11.0,220.0,10.0,0.5,3.0,3.0,7.75,2024-09-25 13:57:00+00:00,2024-09-25 13:57:00+00:00,2024-09-25 14:00:00+00:00,2024-09-25 14:02:00+00:00,momentum_long_open_b15181741626,1,market,0.0,5,1,20,12,36085.0
613470,613471,613471,613471,closed,target,21429.5,21441.5,21429.75,21441.25,21409.5,21441.5,12.0,11.5,11.0,220.0,10.0,0.5,1.0,1.0,1.75,2024-09-25 14:00:00+00:00,2024-09-25 14:00:00+00:00,2024-09-25 14:01:00+00:00,2024-09-25 14:05:00+00:00,momentum_long_open_b15181741626,1,market,0.0,5,1,20,12,36305.0
613471,613472,613476,613476,closed,timeout,21430.25,21437.25,21430.5,21437.0,21410.25,21442.25,7.0,6.5,6.0,120.0,10.0,0.5,5.0,5.0,9.0,2024-09-25 14:01:00+00:00,2024-09-25 14:01:00+00:00,2024-09-25 14:06:00+00:00,2024-09-25 14:06:00+00:00,momentum_long_open_b15181741626,1,market,0.0,5,1,20,12,36425.0
613479,613480,613484,613484,closed,timeout,21448.0,21450.75,21448.25,21450.5,21428.0,21460.0,2.75,2.25,1.75,35.0,10.0,0.5,5.0,5.0,10.0,2024-09-25 14:09:00+00:00,2024-09-25 14:09:00+00:00,2024-09-25 14:14:00+00:00,2024-09-25 14:14:00+00:00,momentum_long_open_b15181741626,1,market,0.0,5,1,20,12,36460.0
613485,613486,613490,613490,closed,timeout,21459.5,21464.75,21459.75,21464.5,21439.5,21471.5,5.25,4.75,4.25,85.0,10.0,0.5,5.0,5.0,7.0,2024-09-25 14:15:00+00:00,2024-09-25 14:15:00+00:00,2024-09-25 14:20:00+00:00,2024-09-25 14:20:00+00:00,momentum_long_open_b15181741626,1,market,0.0,5,1,20,12,36545.0
617537,617538,617539,617539,closed,target,21418.25,21430.25,21418.5,21430.0,21398.25,21430.25,12.0,11.5,11.0,220.0,10.0,0.5,2.0,2.0,8.5,2024-09-30 13:32:00+00:00,2024-09-30 13:32:00+00:00,2024-09-30 13:34:00+00:00,2024-09-30 13:37:00+00:00,momentum_long_open_b15181741626,1,market,0.0,5,1,20,12,36765.0
617539,617540,617542,617542,closed,target,21426.75,21438.75,21427.0,21438.5,21406.75,21438.75,12.0,11.5,11.0,220.0,10.0,0.5,3.0,3.0,12.25,2024-09-30 13:34:00+00:00,2024-09-30 13:34:00+00:00,2024-09-30 13:37:00+00:00,2024-09-30 13:39:00+00:00,momentum_long_open_b15181741626,1,market,0.0,5,1,20,12,36985.0
617542,617543,617547,617547,closed,stop,21451.75,21431.75,21452.0,21431.5,21431.75,21463.75,-20.0,-20.5,-21.0,-420.0,10.0,0.5,5.0,5.0,24.75,2024-09-30 13:37:00+00:00,2024-09-30 13:37:00+00:00,2024-09-30 13:42:00+00:00,2024-09-30 13:42:00+00:00,momentum_long_open_b15181741626,1,market,0.0,5,1,20,12,36565.0
620298,620299,620299,620299,closed,target,21153.25,21165.25,21153.5,21165.0,21133.25,21165.25,12.0,11.5,11.0,220.0,10.0,0.5,1.0,1.0,1.75,2024-10-02 14:03:00+00:00,2024-10-02 14:03:00+00:00,2024-10-02 14:04:00+00:00,2024-10-02 14:08:00+00:00,momentum_long_open_b15181741626,1,market,0.0,5,1,20,12,36785.0
620299,620300,620301,620301,closed,stop,21162.5,21142.5,21162.75,21142.25,21142.5,21174.5,-20.0,-20.5,-21.0,-420.0,10.0,0.5,2.0,2.0,25.25,2024-10-02 14:04:00+00:00,2024-10-02 14:04:00+00:00,2024-10-02 14:06:00+00:00,2024-10-02 14:09:00+00:00,momentum_long_open_b15181741626,1,market,0.0,5,1,20,12,36365.0
620315,620316,620316,620316,closed,target,21195.75,21207.75,21196.0,21207.5,21175.75,21207.75,12.0,11.5,11.0,220.0,10.0,0.5,1.0,1.0,7.0,2024-10-02 14:20:00+00:00,2024-10-02 14:20:00+00:00,2024-10-02 14:21:00+00:00,2024-10-02 14:25:00+00:00,momentum_long_open_b15181741626,1,market,0.0,5,1,20,12,36585.0
620345,620346,620347,620347,closed,stop,21249.5,21229.5,21249.75,21229.25,21229.5,21261.5,-20.0,-20.5,-21.0,-420.0,10.0,0.5,2.0,2.0,32.75,2024-10-02 14:50:00+00:00,2024-10-02 14:50:00+00:00,2024-10-02 14:52:00+00:00,2024-10-02 14:55:00+00:00,momentum_long_open_b15181741626,1,market,0.0,5,1,20,12,36165.0
621634,621635,621635,621635,closed,target,21158.25,21170.25,21158.5,21170.0,21138.25,21170.25,12.0,11.5,11.0,220.0,10.0,0.5,1.0,1.0,9.5,2024-10-03 13:34:00+00:00,2024-10-03 13:34:00+00:00,2024-10-03 13:35:00+00:00,2024-10-03 13:39:00+00:00,momentum_long_open_b15181741626,1,market,0.0,5,1,20,12,36385.0
621635,621636,621640,621640,closed,timeout,21173.25,21163.0,21173.5,21162.75,21153.25,21185.25,-10.25,-10.75,-11.25,-225.0,10.0,0.5,5.0,5.0,18.25,2024-10-03 13:35:00+00:00,2024-10-03 13:35:00+00:00,2024-10-03 13:40:00+00:00,2024-10-03 13:40:00+00:00,momentum_long_open_b15181741626,1,market,0.0,5,1,20,12,36160.0
621643,621644,621646,621646,closed,stop,21200.75,21180.75,21201.0,21180.5,21180.75,21212.75,-20.0,-20.5,-21.0,-420.0,10.0,0.5,3.0,3.0,20.75,2024-10-03 13:43:00+00:00,2024-10-03 13:43:00+00:00,2024-10-03 13:46:00+00:00,2024-10-03 13:48:00+00:00,momentum_long_open_b15181741626,1,market,0.0,5,1,20,12,35740.0
621658,621659,621661,621661,closed,target,21234.0,21246.0,21234.25,21245.75,21214.0,21246.0,12.0,11.5,11.0,220.0,10.0,0.5,3.0,3.0,14.25,2024-10-03 13:58:00+00:00,2024-10-03 13:58:00+00:00,2024-10-03 14:01:00+00:00,2024-10-03 14:03:00+00:00,momentum_long_open_b15181741626,1,market,0.0,5,1,20,12,35960.0
621661,621662,621663,621663,closed,target,21253.0,21265.0,21253.25,21264.75,21233.0,21265.0,12.0,11.5,11.0,220.0,10.0,0.5,2.0,2.0,11.5,2024-10-03 14:01:00+00:00,2024-10-03 14:01:00+00:00,2024-10-03 14:03:00+00:00,2024-10-03 14:06:00+00:00,momentum_long_open_b15181741626,1,market,0.0,5,1,20,12,36180.0
621663,621664,621665,621665,closed,target,21263.5,21275.5,21263.75,21275.25,21243.5,21275.5,12.0,11.5,11.0,220.0,10.0,0.5,2.0,2.0,12.25,2024-10-03 14:03:00+00:00,2024-10-03 14:03:00+00:00,2024-10-03 14:05:00+00:00,2024-10-03 14:08:00+00:00,momentum_long_open_b15181741626,1,market,0.0,5,1,20,12,36400.0
621665,621666,621666,621666,closed,target,21288.5,21300.5,21288.75,21300.25,21268.5,21300.5,12.0,11.5,11.0,220.0,10.0,0.5,1.0,1.0,1.5,2024-10-03 14:05:00+00:00,2024-10-03 14:05:00+00:00,2024-10-03 14:06:00+00:00,2024-10-03 14:10:00+00:00,momentum_long_open_b15181741626,1,market,0.0,5,1,20,12,36620.0
621666,621667,621667,621667,closed,target,21294.25,21306.25,21294.5,21306.0,21274.25,21306.25,12.0,11.5,11.0,220.0,10.0,0.5,1.0,1.0,2.0,2024-10-03 14:06:00+00:00,2024-10-03 14:06:00+00:00,2024-10-03 14:07:00+00:00,2024-10-03 14:11:00+00:00,momentum_long_open_b15181741626,1,market,0.0,5,1,20,12,36840.0
621667,621668,621672,621672,closed,timeout,21300.75,21294.0,21301.0,21293.75,21280.75,21312.75,-6.75,-7.25,-7.75,-155.0,10.0,0.5,5.0,5.0,14.0,2024-10-03 14:07:00+00:00,2024-10-03 14:07:00+00:00,2024-10-03 14:12:00+00:00,2024-10-03 14:12:00+00:00,momentum_long_open_b15181741626,1,market,0.0,5,1,20,12,36685.0
623078,623079,623083,623083,closed,timeout,21310.0,21299.5,21310.25,21299.25,21290.0,21322.0,-10.5,-11.0,-11.5,-230.0,10.0,0.5,5.0,5.0,17.5,2024-10-04 14:53:00+00:00,2024-10-04 14:53:00+00:00,2024-10-04 14:58:00+00:00,2024-10-04 14:58:00+00:00,momentum_long_open_b15181741626,1,market,0.0,5,1,20,12,36455.0
624409,624410,624414,624414,closed,timeout,21360.75,21361.5,21361.0,21361.25,21340.75,21372.75,0.75,0.25,-0.25,-5.0,10.0,0.5,5.0,5.0,10.25,2024-10-07 14:19:00+00:00,2024-10-07 14:19:00+00:00,2024-10-07 14:24:00+00:00,2024-10-07 14:24:00+00:00,momentum_long_open_b15181741626,1,market,0.0,5,1,20,12,36450.0
625725,625726,625726,625726,closed,stop,21301.5,21281.5,21301.75,21281.25,21281.5,21313.5,-20.0,-20.5,-21.0,-420.0,10.0,0.5,1.0,1.0,21.75,2024-10-08 13:30:00+00:00,2024-10-08 13:30:00+00:00,2024-10-08 13:31:00+00:00,2024-10-08 13:35:00+00:00,momentum_long_open_b15181741626,1,market,0.0,5,1,20,12,36030.0
625751,625752,625754,625754,closed,target,21343.5,21355.5,21343.75,21355.25,21323.5,21355.5,12.0,11.5,11.0,220.0,10.0,0.5,3.0,3.0,9.75,2024-10-08 13:56:00+00:00,2024-10-08 13:56:00+00:00,2024-10-08 13:59:00+00:00,2024-10-08 14:01:00+00:00,momentum_long_open_b15181741626,1,market,0.0,5,1,20,12,36250.0
625756,625757,625761,625761,closed,timeout,21390.0,21391.0,21390.25,21390.75,21370.0,21402.0,1.0,0.5,0.0,0.0,10.0,0.5,5.0,5.0,13.5,2024-10-08 14:01:00+00:00,2024-10-08 14:01:00+00:00,2024-10-08 14:06:00+00:00,2024-10-08 14:06:00+00:00,momentum_long_open_b15181741626,1,market,0.0,5,1,20,12,36250.0
625790,625791,625795,625795,closed,timeout,21406.25,21400.5,21406.5,21400.25,21386.25,21418.25,-5.75,-6.25,-6.75,-135.0,10.0,0.5,5.0,5.0,13.0,2024-10-08 14:35:00+00:00,2024-10-08 14:35:00+00:00,2024-10-08 14:40:00+00:00,2024-10-08 14:40:00+00:00,momentum_long_open_b15181741626,1,market,0.0,5,1,20,12,36115.0
625798,625799,625799,625799,closed,stop,21449.75,21429.75,21450.0,21429.5,21429.75,21461.75,-20.0,-20.5,-21.0,-420.0,10.0,0.5,1.0,1.0,20.25,2024-10-08 14:43:00+00:00,2024-10-08 14:43:00+00:00,2024-10-08 14:44:00+00:00,2024-10-08 14:48:00+00:00,momentum_long_open_b15181741626,1,market,0.0,5,1,20,12,35695.0
625799,625800,625802,625802,closed,target,21439.75,21451.75,21440.0,21451.5,21419.75,21451.75,12.0,11.5,11.0,220.0,10.0,0.5,3.0,3.0,7.0,2024-10-08 14:44:00+00:00,2024-10-08 14:44:00+00:00,2024-10-08 14:47:00+00:00,2024-10-08 14:49:00+00:00,momentum_long_open_b15181741626,1,market,0.0,5,1,20,12,35915.0
625802,625803,625807,625807,closed,stop,21461.0,21441.0,21461.25,21440.75,21441.0,21473.0,-20.0,-20.5,-21.0,-420.0,10.0,0.5,5.0,5.0,25.25,2024-10-08 14:47:00+00:00,2024-10-08 14:47:00+00:00,2024-10-08 14:52:00+00:00,2024-10-08 14:52:00+00:00,momentum_long_open_b15181741626,1,market,0.0,5,1,20,12,35495.0
627128,627129,627130,627130,closed,stop,21496.0,21476.0,21496.25,21475.75,21476.0,21508.0,-20.0,-20.5,-21.0,-420.0,10.0,0.5,2.0,2.0,25.5,2024-10-09 14:08:00+00:00,2024-10-09 14:08:00+00:00,2024-10-09 14:10:00+00:00,2024-10-09 14:13:00+00:00,momentum_long_open_b15181741626,1,market,0.0,5,1,20,12,35075.0
627140,627141,627141,627141,closed,target,21518.75,21530.75,21519.0,21530.5,21498.75,21530.75,12.0,11.5,11.0,220.0,10.0,0.5,1.0,1.0,5.0,2024-10-09 14:20:00+00:00,2024-10-09 14:20:00+00:00,2024-10-09 14:21:00+00:00,2024-10-09 14:25:00+00:00,momentum_long_open_b15181741626,1,market,0.0,5,1,20,12,35295.0
627141,627142,627145,627145,closed,target,21521.0,21533.0,21521.25,21532.75,21501.0,21533.0,12.0,11.5,11.0,220.0,10.0,0.5,4.0,4.0,15.75,2024-10-09 14:21:00+00:00,2024-10-09 14:21:00+00:00,2024-10-09 14:25:00+00:00,2024-10-09 14:26:00+00:00,momentum_long_open_b15181741626,1,market,0.0,5,1,20,12,35515.0
627148,627149,627153,627153,closed,timeout,21543.75,21546.5,21544.0,21546.25,21523.75,21555.75,2.75,2.25,1.75,35.0,10.0,0.5,5.0,5.0,15.75,2024-10-09 14:28:00+00:00,2024-10-09 14:28:00+00:00,2024-10-09 14:33:00+00:00,2024-10-09 14:33:00+00:00,momentum_long_open_b15181741626,1,market,0.0,5,1,20,12,35550.0
627178,627179,627180,627180,closed,target,21546.5,21558.5,21546.75,21558.25,21526.5,21558.5,12.0,11.5,11.0,220.0,10.0,0.5,2.0,2.0,3.5,2024-10-09 14:58:00+00:00,2024-10-09 14:58:00+00:00,2024-10-09 15:00:00+00:00,2024-10-09 15:03:00+00:00,momentum_long_open_b15181741626,1,market,0.0,5,1,20,12,35770.0
629840,629841,629845,629845,closed,timeout,21555.75,21553.25,21556.0,21553.0,21535.75,21567.75,-2.5,-3.0,-3.5,-70.0,10.0,0.5,5.0,5.0,11.25,2024-10-11 13:50:00+00:00,2024-10-11 13:50:00+00:00,2024-10-11 13:55:00+00:00,2024-10-11 13:55:00+00:00,momentum_long_open_b15181741626,1,market,0.0,5,1,20,12,35700.0
629858,629859,629860,629860,closed,target,21599.5,21611.5,21599.75,21611.25,21579.5,21611.5,12.0,11.5,11.0,220.0,10.0,0.5,2.0,2.0,7.5,2024-10-11 14:08:00+00:00,2024-10-11 14:08:00+00:00,2024-10-11 14:10:00+00:00,2024-10-11 14:13:00+00:00,momentum_long_open_b15181741626,1,market,0.0,5,1,20,12,35920.0
629860,629861,629862,629862,closed,target,21611.5,21623.5,21611.75,21623.25,21591.5,21623.5,12.0,11.5,11.0,220.0,10.0,0.5,2.0,2.0,4.75,2024-10-11 14:10:00+00:00,2024-10-11 14:10:00+00:00,2024-10-11 14:12:00+00:00,2024-10-11 14:15:00+00:00,momentum_long_open_b15181741626,1,market,0.0,5,1,20,12,36140.0
629862,629863,629865,629865,closed,target,21623.0,21635.0,21623.25,21634.75,21603.0,21635.0,12.0,11.5,11.0,220.0,10.0,0.5,3.0,3.0,4.75,2024-10-11 14:12:00+00:00,2024-10-11 14:12:00+00:00,2024-10-11 14:15:00+00:00,2024-10-11 14:17:00+00:00,momentum_long_open_b15181741626,1,market,0.0,5,1,20,12,36360.0
629865,629866,629867,629867,closed,target,21635.25,21647.25,21635.5,21647.0,21615.25,21647.25,12.0,11.5,11.0,220.0,10.0,0.5,2.0,2.0,7.0,2024-10-11 14:15:00+00:00,2024-10-11 14:15:00+00:00,2024-10-11 14:17:00+00:00,2024-10-11 14:20:00+00:00,momentum_long_open_b15181741626,1,market,0.0,5,1,20,12,36580.0
629877,629878,629878,629878,closed,target,21666.75,21678.75,21667.0,21678.5,21646.75,21678.75,12.0,11.5,11.0,220.0,10.0,0.5,1.0,1.0,4.0,2024-10-11 14:27:00+00:00,2024-10-11 14:27:00+00:00,2024-10-11 14:28:00+00:00,2024-10-11 14:32:00+00:00,momentum_long_open_b15181741626,1,market,0.0,5,1,20,12,36800.0
629878,629879,629880,629880,closed,stop,21672.5,21652.5,21672.75,21652.25,21652.5,21684.5,-20.0,-20.5,-21.0,-420.0,10.0,0.5,2.0,2.0,21.25,2024-10-11 14:28:00+00:00,2024-10-11 14:28:00+00:00,2024-10-11 14:30:00+00:00,2024-10-11 14:33:00+00:00,momentum_long_open_b15181741626,1,market,0.0,5,1,20,12,36380.0
631190,631191,631191,631191,closed,target,21778.75,21790.75,21779.0,21790.5,21758.75,21790.75,12.0,11.5,11.0,220.0,10.0,0.5,1.0,1.0,3.75,2024-10-14 13:35:00+00:00,2024-10-14 13:35:00+00:00,2024-10-14 13:36:00+00:00,2024-10-14 13:40:00+00:00,momentum_long_open_b15181741626,1,market,0.0,5,1,20,12,36600.0
631191,631192,631196,631196,closed,timeout,21792.5,21786.75,21792.75,21786.5,21772.5,21804.5,-5.75,-6.25,-6.75,-135.0,10.0,0.5,5.0,5.0,15.25,2024-10-14 13:36:00+00:00,2024-10-14 13:36:00+00:00,2024-10-14 13:41:00+00:00,2024-10-14 13:41:00+00:00,momentum_long_open_b15181741626,1,market,0.0,5,1,20,12,36465.0
631203,631204,631204,631204,closed,target,21822.5,21834.5,21822.75,21834.25,21802.5,21834.5,12.0,11.5,11.0,220.0,10.0,0.5,1.0,1.0,7.25,2024-10-14 13:48:00+00:00,2024-10-14 13:48:00+00:00,2024-10-14 13:49:00+00:00,2024-10-14 13:53:00+00:00,momentum_long_open_b15181741626,1,market,0.0,5,1,20,12,36685.0
631204,631205,631206,631206,closed,target,21833.75,21845.75,21834.0,21845.5,21813.75,21845.75,12.0,11.5,11.0,220.0,10.0,0.5,2.0,2.0,5.75,2024-10-14 13:49:00+00:00,2024-10-14 13:49:00+00:00,2024-10-14 13:51:00+00:00,2024-10-14 13:54:00+00:00,momentum_long_open_b15181741626,1,market,0.0,5,1,20,12,36905.0
631206,631207,631211,631211,closed,timeout,21844.5,21838.5,21844.75,21838.25,21824.5,21856.5,-6.0,-6.5,-7.0,-140.0,10.0,0.5,5.0,5.0,14.0,2024-10-14 13:51:00+00:00,2024-10-14 13:51:00+00:00,2024-10-14 13:56:00+00:00,2024-10-14 13:56:00+00:00,momentum_long_open_b15181741626,1,market,0.0,5,1,20,12,36765.0
631213,631214,631216,631216,closed,target,21861.25,21873.25,21861.5,21873.0,21841.25,21873.25,12.0,11.5,11.0,220.0,10.0,0.5,3.0,3.0,6.5,2024-10-14 13:58:00+00:00,2024-10-14 13:58:00+00:00,2024-10-14 14:01:00+00:00,2024-10-14 14:03:00+00:00,momentum_long_open_b15181741626,1,market,0.0,5,1,20,12,36985.0
632637,632638,632638,632638,closed,stop,21640.5,21620.5,21640.75,21620.25,21620.5,21652.5,-20.0,-20.5,-21.0,-420.0,10.0,0.5,1.0,1.0,23.0,2024-10-15 14:57:00+00:00,2024-10-15 14:57:00+00:00,2024-10-15 14:58:00+00:00,2024-10-15 15:02:00+00:00,momentum_long_open_b15181741626,1,market,0.0,5,1,20,12,36565.0
633955,633956,633958,633958,closed,target,21484.5,21496.5,21484.75,21496.25,21464.5,21496.5,12.0,11.5,11.0,220.0,10.0,0.5,3.0,3.0,9.25,2024-10-16 14:10:00+00:00,2024-10-16 14:10:00+00:00,2024-10-16 14:13:00+00:00,2024-10-16 14:15:00+00:00,momentum_long_open_b15181741626,1,market,0.0,5,1,20,12,36785.0
633958,633959,633963,633963,closed,timeout,21496.5,21499.0,21496.75,21498.75,21476.5,21508.5,2.5,2.0,1.5,30.0,10.0,0.5,5.0,5.0,9.25,2024-10-16 14:13:00+00:00,2024-10-16 14:13:00+00:00,2024-10-16 14:18:00+00:00,2024-10-16 14:18:00+00:00,momentum_long_open_b15181741626,1,market,0.0,5,1,20,12,36815.0
633971,633972,633976,633976,closed,timeout,21537.75,21538.75,21538.0,21538.5,21517.75,21549.75,1.0,0.5,0.0,0.0,10.0,0.5,5.0,5.0,16.5,2024-10-16 14:26:00+00:00,2024-10-16 14:26:00+00:00,2024-10-16 14:31:00+00:00,2024-10-16 14:31:00+00:00,momentum_long_open_b15181741626,1,market,0.0,5,1,20,12,36815.0
635331,635332,635332,635332,closed,target,21645.5,21657.5,21645.75,21657.25,21625.5,21657.5,12.0,11.5,11.0,220.0,10.0,0.5,1.0,1.0,1.75,2024-10-17 14:22:00+00:00,2024-10-17 14:22:00+00:00,2024-10-17 14:23:00+00:00,2024-10-17 14:27:00+00:00,momentum_long_open_b15181741626,1,market,0.0,5,1,20,12,37035.0
635332,635333,635337,635337,closed,stop,21658.0,21638.0,21658.25,21637.75,21638.0,21670.0,-20.0,-20.5,-21.0,-420.0,10.0,0.5,5.0,5.0,31.25,2024-10-17 14:23:00+00:00,2024-10-17 14:23:00+00:00,2024-10-17 14:28:00+00:00,2024-10-17 14:28:00+00:00,momentum_long_open_b15181741626,1,market,0.0,5,1,20,12,36615.0
638010,638011,638012,638012,closed,stop,21652.5,21632.5,21652.75,21632.25,21632.5,21664.5,-20.0,-20.5,-21.0,-420.0,10.0,0.5,2.0,2.0,32.0,2024-10-21 13:31:00+00:00,2024-10-21 13:31:00+00:00,2024-10-21 13:33:00+00:00,2024-10-21 13:36:00+00:00,momentum_long_open_b15181741626,1,market,0.0,5,1,20,12,36195.0
638016,638017,638019,638019,closed,stop,21679.5,21659.5,21679.75,21659.25,21659.5,21691.5,-20.0,-20.5,-21.0,-420.0,10.0,0.5,3.0,3.0,20.25,2024-10-21 13:37:00+00:00,2024-10-21 13:37:00+00:00,2024-10-21 13:40:00+00:00,2024-10-21 13:42:00+00:00,momentum_long_open_b15181741626,1,market,0.0,5,1,20,12,35775.0
638047,638048,638052,638052,closed,timeout,21726.75,21720.5,21727.0,21720.25,21706.75,21738.75,-6.25,-6.75,-7.25,-145.0,10.0,0.5,5.0,5.0,9.0,2024-10-21 14:08:00+00:00,2024-10-21 14:08:00+00:00,2024-10-21 14:13:00+00:00,2024-10-21 14:13:00+00:00,momentum_long_open_b15181741626,1,market,0.0,5,1,20,12,35630.0
639386,639387,639389,639389,closed,target,21650.5,21662.5,21650.75,21662.25,21630.5,21662.5,12.0,11.5,11.0,220.0,10.0,0.5,3.0,3.0,12.25,2024-10-22 13:43:00+00:00,2024-10-22 13:43:00+00:00,2024-10-22 13:46:00+00:00,2024-10-22 13:48:00+00:00,momentum_long_open_b15181741626,1,market,0.0,5,1,20,12,35850.0
639389,639390,639394,639394,closed,stop,21667.5,21647.5,21667.75,21647.25,21647.5,21679.5,-20.0,-20.5,-21.0,-420.0,10.0,0.5,5.0,5.0,30.0,2024-10-22 13:46:00+00:00,2024-10-22 13:46:00+00:00,2024-10-22 13:51:00+00:00,2024-10-22 13:51:00+00:00,momentum_long_open_b15181741626,1,market,0.0,5,1,20,12,35430.0
639410,639411,639412,639412,closed,target,21702.0,21714.0,21702.25,21713.75,21682.0,21714.0,12.0,11.5,11.0,220.0,10.0,0.5,2.0,2.0,8.5,2024-10-22 14:07:00+00:00,2024-10-22 14:07:00+00:00,2024-10-22 14:09:00+00:00,2024-10-22 14:12:00+00:00,momentum_long_open_b15181741626,1,market,0.0,5,1,20,12,35650.0
639412,639413,639413,639413,closed,stop,21712.75,21692.75,21713.0,21692.5,21692.75,21724.75,-20.0,-20.5,-21.0,-420.0,10.0,0.5,1.0,1.0,28.25,2024-10-22 14:09:00+00:00,2024-10-22 14:09:00+00:00,2024-10-22 14:10:00+00:00,2024-10-22 14:14:00+00:00,momentum_long_open_b15181741626,1,market,0.0,5,1,20,12,35230.0
640798,640799,640801,640801,closed,target,21616.5,21628.5,21616.75,21628.25,21596.5,21628.5,12.0,11.5,11.0,220.0,10.0,0.5,3.0,3.0,9.25,2024-10-23 14:30:00+00:00,2024-10-23 14:30:00+00:00,2024-10-23 14:33:00+00:00,2024-10-23 14:35:00+00:00,momentum_long_open_b15181741626,1,market,0.0,5,1,20,12,35450.0
640801,640802,640803,640803,closed,target,21622.25,21634.25,21622.5,21634.0,21602.25,21634.25,12.0,11.5,11.0,220.0,10.0,0.5,2.0,2.0,6.0,2024-10-23 14:33:00+00:00,2024-10-23 14:33:00+00:00,2024-10-23 14:35:00+00:00,2024-10-23 14:38:00+00:00,momentum_long_open_b15181741626,1,market,0.0,5,1,20,12,35670.0
640803,640804,640808,640808,closed,timeout,21638.25,21631.0,21638.5,21630.75,21618.25,21650.25,-7.25,-7.75,-8.25,-165.0,10.0,0.5,5.0,5.0,18.5,2024-10-23 14:35:00+00:00,2024-10-23 14:35:00+00:00,2024-10-23 14:40:00+00:00,2024-10-23 14:40:00+00:00,momentum_long_open_b15181741626,1,market,0.0,5,1,20,12,35505.0
642136,642137,642138,642138,closed,stop,21569.5,21549.5,21569.75,21549.25,21549.5,21581.5,-20.0,-20.5,-21.0,-420.0,10.0,0.5,2.0,2.0,38.5,2024-10-24 14:03:00+00:00,2024-10-24 14:03:00+00:00,2024-10-24 14:05:00+00:00,2024-10-24 14:08:00+00:00,momentum_long_open_b15181741626,1,market,0.0,5,1,20,12,35085.0
642171,642172,642176,642176,closed,timeout,21568.75,21563.75,21569.0,21563.5,21548.75,21580.75,-5.0,-5.5,-6.0,-120.0,10.0,0.5,5.0,5.0,13.25,2024-10-24 14:38:00+00:00,2024-10-24 14:38:00+00:00,2024-10-24 14:43:00+00:00,2024-10-24 14:43:00+00:00,momentum_long_open_b15181741626,1,market,0.0,5,1,20,12,34965.0
643473,643474,643474,643474,closed,target,21733.75,21745.75,21734.0,21745.5,21713.75,21745.75,12.0,11.5,11.0,220.0,10.0,0.5,1.0,1.0,1.25,2024-10-25 13:35:00+00:00,2024-10-25 13:35:00+00:00,2024-10-25 13:36:00+00:00,2024-10-25 13:40:00+00:00,momentum_long_open_b15181741626,1,market,0.0,5,1,20,12,35185.0
643474,643475,643479,643479,closed,timeout,21756.75,21746.75,21757.0,21746.5,21736.75,21768.75,-10.0,-10.5,-11.0,-220.0,10.0,0.5,5.0,5.0,14.25,2024-10-25 13:36:00+00:00,2024-10-25 13:36:00+00:00,2024-10-25 13:41:00+00:00,2024-10-25 13:41:00+00:00,momentum_long_open_b15181741626,1,market,0.0,5,1,20,12,34965.0
643482,643483,643484,643484,closed,target,21780.75,21792.75,21781.0,21792.5,21760.75,21792.75,12.0,11.5,11.0,220.0,10.0,0.5,2.0,2.0,5.25,2024-10-25 13:44:00+00:00,2024-10-25 13:44:00+00:00,2024-10-25 13:46:00+00:00,2024-10-25 13:49:00+00:00,momentum_long_open_b15181741626,1,market,0.0,5,1,20,12,35185.0
643485,643486,643487,643487,closed,target,21803.75,21815.75,21804.0,21815.5,21783.75,21815.75,12.0,11.5,11.0,220.0,10.0,0.5,2.0,2.0,2.0,2024-10-25 13:47:00+00:00,2024-10-25 13:47:00+00:00,2024-10-25 13:49:00+00:00,2024-10-25 13:52:00+00:00,momentum_long_open_b15181741626,1,market,0.0,5,1,20,12,35405.0
643487,643488,643488,643488,closed,target,21808.25,21820.25,21808.5,21820.0,21788.25,21820.25,12.0,11.5,11.0,220.0,10.0,0.5,1.0,1.0,6.75,2024-10-25 13:49:00+00:00,2024-10-25 13:49:00+00:00,2024-10-25 13:50:00+00:00,2024-10-25 13:54:00+00:00,momentum_long_open_b15181741626,1,market,0.0,5,1,20,12,35625.0
643488,643489,643493,643493,closed,target,21813.25,21825.25,21813.5,21825.0,21793.25,21825.25,12.0,11.5,11.0,220.0,10.0,0.5,5.0,5.0,2.75,2024-10-25 13:50:00+00:00,2024-10-25 13:50:00+00:00,2024-10-25 13:55:00+00:00,2024-10-25 13:55:00+00:00,momentum_long_open_b15181741626,1,market,0.0,5,1,20,12,35845.0
643493,643494,643494,643494,closed,target,21828.25,21840.25,21828.5,21840.0,21808.25,21840.25,12.0,11.5,11.0,220.0,10.0,0.5,1.0,1.0,3.25,2024-10-25 13:55:00+00:00,2024-10-25 13:55:00+00:00,2024-10-25 13:56:00+00:00,2024-10-25 14:00:00+00:00,momentum_long_open_b15181741626,1,market,0.0,5,1,20,12,36065.0
643494,643495,643496,643496,closed,target,21841.25,21853.25,21841.5,21853.0,21821.25,21853.25,12.0,11.5,11.0,220.0,10.0,0.5,2.0,2.0,2.25,2024-10-25 13:56:00+00:00,2024-10-25 13:56:00+00:00,2024-10-25 13:58:00+00:00,2024-10-25 14:01:00+00:00,momentum_long_open_b15181741626,1,market,0.0,5,1,20,12,36285.0
643496,643497,643499,643499,closed,target,21851.25,21863.25,21851.5,21863.0,21831.25,21863.25,12.0,11.5,11.0,220.0,10.0,0.5,3.0,3.0,8.5,2024-10-25 13:58:00+00:00,2024-10-25 13:58:00+00:00,2024-10-25 14:01:00+00:00,2024-10-25 14:03:00+00:00,momentum_long_open_b15181741626,1,market,0.0,5,1,20,12,36505.0
643499,643500,643500,643500,closed,target,21863.5,21875.5,21863.75,21875.25,21843.5,21875.5,12.0,11.5,11.0,220.0,10.0,0.5,1.0,1.0,3.0,2024-10-25 14:01:00+00:00,2024-10-25 14:01:00+00:00,2024-10-25 14:02:00+00:00,2024-10-25 14:06:00+00:00,momentum_long_open_b15181741626,1,market,0.0,5,1,20,12,36725.0
643500,643501,643504,643504,closed,stop,21880.0,21860.0,21880.25,21859.75,21860.0,21892.0,-20.0,-20.5,-21.0,-420.0,10.0,0.5,4.0,4.0,27.0,2024-10-25 14:02:00+00:00,2024-10-25 14:02:00+00:00,2024-10-25 14:06:00+00:00,2024-10-25 14:07:00+00:00,momentum_long_open_b15181741626,1,market,0.0,5,1,20,12,36305.0
643522,643523,643525,643525,closed,stop,21898.25,21878.25,21898.5,21878.0,21878.25,21910.25,-20.0,-20.5,-21.0,-420.0,10.0,0.5,3.0,3.0,28.25,2024-10-25 14:24:00+00:00,2024-10-25 14:24:00+00:00,2024-10-25 14:27:00+00:00,2024-10-25 14:29:00+00:00,momentum_long_open_b15181741626,1,market,0.0,5,1,20,12,35885.0
644885,644886,644890,644890,closed,timeout,21790.0,21795.0,21790.25,21794.75,21770.0,21802.0,5.0,4.5,4.0,80.0,10.0,0.5,5.0,5.0,17.25,2024-10-28 14:22:00+00:00,2024-10-28 14:22:00+00:00,2024-10-28 14:27:00+00:00,2024-10-28 14:27:00+00:00,momentum_long_open_b15181741626,1,market,0.0,5,1,20,12,35965.0
646198,646199,646199,646199,closed,stop,21709.0,21689.0,21709.25,21688.75,21689.0,21721.0,-20.0,-20.5,-21.0,-420.0,10.0,0.5,1.0,1.0,20.75,2024-10-29 13:30:00+00:00,2024-10-29 13:30:00+00:00,2024-10-29 13:31:00+00:00,2024-10-29 13:35:00+00:00,momentum_long_open_b15181741626,1,market,0.0,5,1,20,12,35545.0
646227,646228,646229,646229,closed,stop,21714.25,21694.25,21714.5,21694.0,21694.25,21726.25,-20.0,-20.5,-21.0,-420.0,10.0,0.5,2.0,2.0,21.75,2024-10-29 13:59:00+00:00,2024-10-29 13:59:00+00:00,2024-10-29 14:01:00+00:00,2024-10-29 14:04:00+00:00,momentum_long_open_b15181741626,1,market,0.0,5,1,20,12,35125.0
646234,646235,646238,646238,closed,stop,21731.5,21711.5,21731.75,21711.25,21711.5,21743.5,-20.0,-20.5,-21.0,-420.0,10.0,0.5,4.0,4.0,21.25,2024-10-29 14:06:00+00:00,2024-10-29 14:06:00+00:00,2024-10-29 14:10:00+00:00,2024-10-29 14:11:00+00:00,momentum_long_open_b15181741626,1,market,0.0,5,1,20,12,34705.0
646253,646254,646255,646255,closed,target,21786.0,21798.0,21786.25,21797.75,21766.0,21798.0,12.0,11.5,11.0,220.0,10.0,0.5,2.0,2.0,7.0,2024-10-29 14:25:00+00:00,2024-10-29 14:25:00+00:00,2024-10-29 14:27:00+00:00,2024-10-29 14:30:00+00:00,momentum_long_open_b15181741626,1,market,0.0,5,1,20,12,34925.0
646255,646256,646256,646256,closed,stop,21778.75,21758.75,21779.0,21758.5,21758.75,21790.75,-20.0,-20.5,-21.0,-420.0,10.0,0.5,1.0,1.0,40.25,2024-10-29 14:27:00+00:00,2024-10-29 14:27:00+00:00,2024-10-29 14:28:00+00:00,2024-10-29 14:32:00+00:00,momentum_long_open_b15181741626,1,market,0.0,5,1,20,12,34505.0
646286,646287,646291,646291,closed,timeout,21796.5,21799.25,21796.75,21799.0,21776.5,21808.5,2.75,2.25,1.75,35.0,10.0,0.5,5.0,5.0,15.25,2024-10-29 14:58:00+00:00,2024-10-29 14:58:00+00:00,2024-10-29 15:03:00+00:00,2024-10-29 15:03:00+00:00,momentum_long_open_b15181741626,1,market,0.0,5,1,20,12,34540.0
647593,647594,647595,647595,closed,target,21829.75,21841.75,21830.0,21841.5,21809.75,21841.75,12.0,11.5,11.0,220.0,10.0,0.5,2.0,2.0,3.25,2024-10-30 14:00:00+00:00,2024-10-30 14:00:00+00:00,2024-10-30 14:02:00+00:00,2024-10-30 14:05:00+00:00,momentum_long_open_b15181741626,1,market,0.0,5,1,20,12,34760.0
647596,647597,647598,647598,closed,target,21847.25,21859.25,21847.5,21859.0,21827.25,21859.25,12.0,11.5,11.0,220.0,10.0,0.5,2.0,2.0,6.75,2024-10-30 14:03:00+00:00,2024-10-30 14:03:00+00:00,2024-10-30 14:05:00+00:00,2024-10-30 14:08:00+00:00,momentum_long_open_b15181741626,1,market,0.0,5,1,20,12,34980.0
647598,647599,647603,647603,closed,target,21861.25,21873.25,21861.5,21873.0,21841.25,21873.25,12.0,11.5,11.0,220.0,10.0,0.5,5.0,5.0,15.25,2024-10-30 14:05:00+00:00,2024-10-30 14:05:00+00:00,2024-10-30 14:10:00+00:00,2024-10-30 14:10:00+00:00,momentum_long_open_b15181741626,1,market,0.0,5,1,20,12,35200.0
650307,650308,650309,650309,closed,stop,21354.0,21334.0,21354.25,21333.75,21334.0,21366.0,-20.0,-20.5,-21.0,-420.0,10.0,0.5,2.0,2.0,21.0,2024-11-01 13:44:00+00:00,2024-11-01 13:44:00+00:00,2024-11-01 13:46:00+00:00,2024-11-01 13:49:00+00:00,momentum_long_open_b15181741626,1,market,0.0,5,1,20,12,34780.0
650320,650321,650324,650324,closed,target,21370.25,21382.25,21370.5,21382.0,21350.25,21382.25,12.0,11.5,11.0,220.0,10.0,0.5,4.0,4.0,18.5,2024-11-01 13:57:00+00:00,2024-11-01 13:57:00+00:00,2024-11-01 14:01:00+00:00,2024-11-01 14:02:00+00:00,momentum_long_open_b15181741626,1,market,0.0,5,1,20,12,35000.0
650337,650338,650339,650339,closed,target,21411.25,21423.25,21411.5,21423.0,21391.25,21423.25,12.0,11.5,11.0,220.0,10.0,0.5,2.0,2.0,6.25,2024-11-01 14:14:00+00:00,2024-11-01 14:14:00+00:00,2024-11-01 14:16:00+00:00,2024-11-01 14:19:00+00:00,momentum_long_open_b15181741626,1,market,0.0,5,1,20,12,35220.0
650339,650340,650342,650342,closed,target,21429.5,21441.5,21429.75,21441.25,21409.5,21441.5,12.0,11.5,11.0,220.0,10.0,0.5,3.0,3.0,17.75,2024-11-01 14:16:00+00:00,2024-11-01 14:16:00+00:00,2024-11-01 14:19:00+00:00,2024-11-01 14:21:00+00:00,momentum_long_open_b15181741626,1,market,0.0,5,1,20,12,35440.0
650342,650343,650347,650347,closed,target,21439.75,21451.75,21440.0,21451.5,21419.75,21451.75,12.0,11.5,11.0,220.0,10.0,0.5,5.0,5.0,15.25,2024-11-01 14:19:00+00:00,2024-11-01 14:19:00+00:00,2024-11-01 14:24:00+00:00,2024-11-01 14:24:00+00:00,momentum_long_open_b15181741626,1,market,0.0,5,1,20,12,35660.0
650353,650354,650357,650357,closed,stop,21468.75,21448.75,21469.0,21448.5,21448.75,21480.75,-20.0,-20.5,-21.0,-420.0,10.0,0.5,4.0,4.0,22.5,2024-11-01 14:30:00+00:00,2024-11-01 14:30:00+00:00,2024-11-01 14:34:00+00:00,2024-11-01 14:35:00+00:00,momentum_long_open_b15181741626,1,market,0.0,5,1,20,12,35240.0
651674,651675,651679,651679,closed,stop,21323.5,21303.5,21323.75,21303.25,21303.5,21335.5,-20.0,-20.5,-21.0,-420.0,10.0,0.5,5.0,5.0,22.75,2024-11-04 14:46:00+00:00,2024-11-04 14:46:00+00:00,2024-11-04 14:51:00+00:00,2024-11-04 14:51:00+00:00,momentum_long_open_b15181741626,1,market,0.0,5,1,20,12,34820.0
651707,651708,651710,651710,closed,target,21360.25,21372.25,21360.5,21372.0,21340.25,21372.25,12.0,11.5,11.0,220.0,10.0,0.5,3.0,3.0,5.25,2024-11-04 15:19:00+00:00,2024-11-04 15:19:00+00:00,2024-11-04 15:22:00+00:00,2024-11-04 15:24:00+00:00,momentum_long_open_b15181741626,1,market,0.0,5,1,20,12,35040.0
651711,651712,651712,651712,closed,target,21370.0,21382.0,21370.25,21381.75,21350.0,21382.0,12.0,11.5,11.0,220.0,10.0,0.5,1.0,1.0,5.75,2024-11-04 15:23:00+00:00,2024-11-04 15:23:00+00:00,2024-11-04 15:24:00+00:00,2024-11-04 15:28:00+00:00,momentum_long_open_b15181741626,1,market,0.0,5,1,20,12,35260.0
651712,651713,651713,651713,closed,target,21382.5,21394.5,21382.75,21394.25,21362.5,21394.5,12.0,11.5,11.0,220.0,10.0,0.5,1.0,1.0,1.25,2024-11-04 15:24:00+00:00,2024-11-04 15:24:00+00:00,2024-11-04 15:25:00+00:00,2024-11-04 15:29:00+00:00,momentum_long_open_b15181741626,1,market,0.0,5,1,20,12,35480.0
651713,651714,651716,651716,closed,stop,21396.0,21376.0,21396.25,21375.75,21376.0,21408.0,-20.0,-20.5,-21.0,-420.0,10.0,0.5,3.0,3.0,25.75,2024-11-04 15:25:00+00:00,2024-11-04 15:25:00+00:00,2024-11-04 15:28:00+00:00,2024-11-04 15:30:00+00:00,momentum_long_open_b15181741626,1,market,0.0,5,1,20,12,35060.0
653023,653024,653024,653024,closed,target,21350.25,21362.25,21350.5,21362.0,21330.25,21362.25,12.0,11.5,11.0,220.0,10.0,0.5,1.0,1.0,5.5,2024-11-05 14:30:00+00:00,2024-11-05 14:30:00+00:00,2024-11-05 14:31:00+00:00,2024-11-05 14:35:00+00:00,momentum_long_open_b15181741626,1,market,0.0,5,1,20,12,35280.0
653024,653025,653025,653025,closed,target,21377.5,21389.5,21377.75,21389.25,21357.5,21389.5,12.0,11.5,11.0,220.0,10.0,0.5,1.0,1.0,6.0,2024-11-05 14:31:00+00:00,2024-11-05 14:31:00+00:00,2024-11-05 14:32:00+00:00,2024-11-05 14:36:00+00:00,momentum_long_open_b15181741626,1,market,0.0,5,1,20,12,35500.0
653025,653026,653027,653027,closed,stop,21403.0,21383.0,21403.25,21382.75,21383.0,21415.0,-20.0,-20.5,-21.0,-420.0,10.0,0.5,2.0,2.0,27.75,2024-11-05 14:32:00+00:00,2024-11-05 14:32:00+00:00,2024-11-05 14:34:00+00:00,2024-11-05 14:37:00+00:00,momentum_long_open_b15181741626,1,market,0.0,5,1,20,12,35080.0
653027,653028,653028,653028,closed,target,21398.25,21410.25,21398.5,21410.0,21378.25,21410.25,12.0,11.5,11.0,220.0,10.0,0.5,1.0,1.0,1.5,2024-11-05 14:34:00+00:00,2024-11-05 14:34:00+00:00,2024-11-05 14:35:00+00:00,2024-11-05 14:39:00+00:00,momentum_long_open_b15181741626,1,market,0.0,5,1,20,12,35300.0
653028,653029,653031,653031,closed,target,21408.25,21420.25,21408.5,21420.0,21388.25,21420.25,12.0,11.5,11.0,220.0,10.0,0.5,3.0,3.0,14.0,2024-11-05 14:35:00+00:00,2024-11-05 14:35:00+00:00,2024-11-05 14:38:00+00:00,2024-11-05 14:40:00+00:00,momentum_long_open_b15181741626,1,market,0.0,5,1,20,12,35520.0
653031,653032,653034,653034,closed,target,21425.75,21437.75,21426.0,21437.5,21405.75,21437.75,12.0,11.5,11.0,220.0,10.0,0.5,3.0,3.0,7.0,2024-11-05 14:38:00+00:00,2024-11-05 14:38:00+00:00,2024-11-05 14:41:00+00:00,2024-11-05 14:43:00+00:00,momentum_long_open_b15181741626,1,market,0.0,5,1,20,12,35740.0
653034,653035,653035,653035,closed,stop,21438.25,21418.25,21438.5,21418.0,21418.25,21450.25,-20.0,-20.5,-21.0,-420.0,10.0,0.5,1.0,1.0,25.5,2024-11-05 14:41:00+00:00,2024-11-05 14:41:00+00:00,2024-11-05 14:42:00+00:00,2024-11-05 14:46:00+00:00,momentum_long_open_b15181741626,1,market,0.0,5,1,20,12,35320.0
653045,653046,653048,653048,closed,target,21458.0,21470.0,21458.25,21469.75,21438.0,21470.0,12.0,11.5,11.0,220.0,10.0,0.5,3.0,3.0,10.75,2024-11-05 14:52:00+00:00,2024-11-05 14:52:00+00:00,2024-11-05 14:55:00+00:00,2024-11-05 14:57:00+00:00,momentum_long_open_b15181741626,1,market,0.0,5,1,20,12,35540.0
653048,653049,653049,653049,closed,target,21468.75,21480.75,21469.0,21480.5,21448.75,21480.75,12.0,11.5,11.0,220.0,10.0,0.5,1.0,1.0,6.5,2024-11-05 14:55:00+00:00,2024-11-05 14:55:00+00:00,2024-11-05 14:56:00+00:00,2024-11-05 15:00:00+00:00,momentum_long_open_b15181741626,1,market,0.0,5,1,20,12,35760.0
653049,653050,653051,653051,closed,stop,21490.5,21470.5,21490.75,21470.25,21470.5,21502.5,-20.0,-20.5,-21.0,-420.0,10.0,0.5,2.0,2.0,22.0,2024-11-05 14:56:00+00:00,2024-11-05 14:56:00+00:00,2024-11-05 14:58:00+00:00,2024-11-05 15:01:00+00:00,momentum_long_open_b15181741626,1,market,0.0,5,1,20,12,35340.0
653051,653052,653053,653053,closed,target,21470.0,21482.0,21470.25,21481.75,21450.0,21482.0,12.0,11.5,11.0,220.0,10.0,0.5,2.0,2.0,2.75,2024-11-05 14:58:00+00:00,2024-11-05 14:58:00+00:00,2024-11-05 15:00:00+00:00,2024-11-05 15:03:00+00:00,momentum_long_open_b15181741626,1,market,0.0,5,1,20,12,35560.0
654392,654393,654393,654393,closed,stop,21939.25,21919.25,21939.5,21919.0,21919.25,21951.25,-20.0,-20.5,-21.0,-420.0,10.0,0.5,1.0,1.0,25.0,2024-11-06 14:34:00+00:00,2024-11-06 14:34:00+00:00,2024-11-06 14:35:00+00:00,2024-11-06 14:39:00+00:00,momentum_long_open_b15181741626,1,market,0.0,5,1,20,12,35140.0
654395,654396,654397,654397,closed,target,21967.5,21979.5,21967.75,21979.25,21947.5,21979.5,12.0,11.5,11.0,220.0,10.0,0.5,2.0,2.0,9.25,2024-11-06 14:37:00+00:00,2024-11-06 14:37:00+00:00,2024-11-06 14:39:00+00:00,2024-11-06 14:42:00+00:00,momentum_long_open_b15181741626,1,market,0.0,5,1,20,12,35360.0
654397,654398,654398,654398,closed,target,21973.0,21985.0,21973.25,21984.75,21953.0,21985.0,12.0,11.5,11.0,220.0,10.0,0.5,1.0,1.0,3.25,2024-11-06 14:39:00+00:00,2024-11-06 14:39:00+00:00,2024-11-06 14:40:00+00:00,2024-11-06 14:44:00+00:00,momentum_long_open_b15181741626,1,market,0.0,5,1,20,12,35580.0
654398,654399,654399,654399,closed,target,21991.0,22003.0,21991.25,22002.75,21971.0,22003.0,12.0,11.5,11.0,220.0,10.0,0.5,1.0,1.0,15.0,2024-11-06 14:40:00+00:00,2024-11-06 14:40:00+00:00,2024-11-06 14:41:00+00:00,2024-11-06 14:45:00+00:00,momentum_long_open_b15181741626,1,market,0.0,5,1,20,12,35800.0
654399,654400,654402,654402,closed,stop,21981.75,21961.75,21982.0,21961.5,21961.75,21993.75,-20.0,-20.5,-21.0,-420.0,10.0,0.5,3.0,3.0,32.0,2024-11-06 14:41:00+00:00,2024-11-06 14:41:00+00:00,2024-11-06 14:44:00+00:00,2024-11-06 14:46:00+00:00,momentum_long_open_b15181741626,1,market,0.0,5,1,20,12,35380.0
654433,654434,654435,654435,closed,stop,21946.75,21926.75,21947.0,21926.5,21926.75,21958.75,-20.0,-20.5,-21.0,-420.0,10.0,0.5,2.0,2.0,21.0,2024-11-06 15:15:00+00:00,2024-11-06 15:15:00+00:00,2024-11-06 15:17:00+00:00,2024-11-06 15:20:00+00:00,momentum_long_open_b15181741626,1,market,0.0,5,1,20,12,34960.0
654435,654436,654436,654436,closed,target,21962.0,21974.0,21962.25,21973.75,21942.0,21974.0,12.0,11.5,11.0,220.0,10.0,0.5,1.0,1.0,4.25,2024-11-06 15:17:00+00:00,2024-11-06 15:17:00+00:00,2024-11-06 15:18:00+00:00,2024-11-06 15:22:00+00:00,momentum_long_open_b15181741626,1,market,0.0,5,1,20,12,35180.0
654436,654437,654441,654441,closed,timeout,21971.5,21980.25,21971.75,21980.0,21951.5,21983.5,8.75,8.25,7.75,155.0,10.0,0.5,5.0,5.0,9.0,2024-11-06 15:18:00+00:00,2024-11-06 15:18:00+00:00,2024-11-06 15:23:00+00:00,2024-11-06 15:23:00+00:00,momentum_long_open_b15181741626,1,market,0.0,5,1,20,12,35335.0
654450,654451,654452,654452,closed,stop,22016.25,21996.25,22016.5,21996.0,21996.25,22028.25,-20.0,-20.5,-21.0,-420.0,10.0,0.5,2.0,2.0,26.0,2024-11-06 15:32:00+00:00,2024-11-06 15:32:00+00:00,2024-11-06 15:34:00+00:00,2024-11-06 15:37:00+00:00,momentum_long_open_b15181741626,1,market,0.0,5,1,20,12,34915.0
655758,655759,655759,655759,closed,stop,22238.0,22218.0,22238.25,22217.75,22218.0,22250.0,-20.0,-20.5,-21.0,-420.0,10.0,0.5,1.0,1.0,22.0,2024-11-07 14:35:00+00:00,2024-11-07 14:35:00+00:00,2024-11-07 14:36:00+00:00,2024-11-07 14:40:00+00:00,momentum_long_open_b15181741626,1,market,0.0,5,1,20,12,34495.0
655760,655761,655762,655762,closed,target,22252.25,22264.25,22252.5,22264.0,22232.25,22264.25,12.0,11.5,11.0,220.0,10.0,0.5,2.0,2.0,11.25,2024-11-07 14:37:00+00:00,2024-11-07 14:37:00+00:00,2024-11-07 14:39:00+00:00,2024-11-07 14:42:00+00:00,momentum_long_open_b15181741626,1,market,0.0,5,1,20,12,34715.0
655762,655763,655764,655764,closed,target,22263.75,22275.75,22264.0,22275.5,22243.75,22275.75,12.0,11.5,11.0,220.0,10.0,0.5,2.0,2.0,2.0,2024-11-07 14:39:00+00:00,2024-11-07 14:39:00+00:00,2024-11-07 14:41:00+00:00,2024-11-07 14:44:00+00:00,momentum_long_open_b15181741626,1,market,0.0,5,1,20,12,34935.0
655764,655765,655769,655769,closed,stop,22281.25,22261.25,22281.5,22261.0,22261.25,22293.25,-20.0,-20.5,-21.0,-420.0,10.0,0.5,5.0,5.0,22.75,2024-11-07 14:41:00+00:00,2024-11-07 14:41:00+00:00,2024-11-07 14:46:00+00:00,2024-11-07 14:46:00+00:00,momentum_long_open_b15181741626,1,market,0.0,5,1,20,12,34515.0
655781,655782,655784,655784,closed,target,22296.75,22308.75,22297.0,22308.5,22276.75,22308.75,12.0,11.5,11.0,220.0,10.0,0.5,3.0,3.0,2.25,2024-11-07 14:58:00+00:00,2024-11-07 14:58:00+00:00,2024-11-07 15:01:00+00:00,2024-11-07 15:03:00+00:00,momentum_long_open_b15181741626,1,market,0.0,5,1,20,12,34735.0
655784,655785,655789,655789,closed,target,22304.5,22316.5,22304.75,22316.25,22284.5,22316.5,12.0,11.5,11.0,220.0,10.0,0.5,5.0,5.0,14.5,2024-11-07 15:01:00+00:00,2024-11-07 15:01:00+00:00,2024-11-07 15:06:00+00:00,2024-11-07 15:06:00+00:00,momentum_long_open_b15181741626,1,market,0.0,5,1,20,12,34955.0
655789,655790,655794,655794,closed,timeout,22320.0,22308.75,22320.25,22308.5,22300.0,22332.0,-11.25,-11.75,-12.25,-245.0,10.0,0.5,5.0,5.0,19.5,2024-11-07 15:06:00+00:00,2024-11-07 15:06:00+00:00,2024-11-07 15:11:00+00:00,2024-11-07 15:11:00+00:00,momentum_long_open_b15181741626,1,market,0.0,5,1,20,12,34710.0
655832,655833,655834,655834,closed,target,22341.0,22353.0,22341.25,22352.75,22321.0,22353.0,12.0,11.5,11.0,220.0,10.0,0.5,2.0,2.0,1.25,2024-11-07 15:49:00+00:00,2024-11-07 15:49:00+00:00,2024-11-07 15:51:00+00:00,2024-11-07 15:54:00+00:00,momentum_long_open_b15181741626,1,market,0.0,5,1,20,12,34930.0
655834,655835,655839,655839,closed,timeout,22350.5,22345.5,22350.75,22345.25,22330.5,22362.5,-5.0,-5.5,-6.0,-120.0,10.0,0.5,5.0,5.0,12.0,2024-11-07 15:51:00+00:00,2024-11-07 15:51:00+00:00,2024-11-07 15:56:00+00:00,2024-11-07 15:56:00+00:00,momentum_long_open_b15181741626,1,market,0.0,5,1,20,12,34810.0
657119,657120,657122,657122,closed,target,22414.25,22426.25,22414.5,22426.0,22394.25,22426.25,12.0,11.5,11.0,220.0,10.0,0.5,3.0,3.0,19.5,2024-11-08 14:31:00+00:00,2024-11-08 14:31:00+00:00,2024-11-08 14:34:00+00:00,2024-11-08 14:36:00+00:00,momentum_long_open_b15181741626,1,market,0.0,5,1,20,12,35030.0
657122,657123,657123,657123,closed,stop,22424.0,22404.0,22424.25,22403.75,22404.0,22436.0,-20.0,-20.5,-21.0,-420.0,10.0,0.5,1.0,1.0,21.5,2024-11-08 14:34:00+00:00,2024-11-08 14:34:00+00:00,2024-11-08 14:35:00+00:00,2024-11-08 14:39:00+00:00,momentum_long_open_b15181741626,1,market,0.0,5,1,20,12,34610.0
658550,658551,658553,658553,closed,target,22426.0,22438.0,22426.25,22437.75,22406.0,22438.0,12.0,11.5,11.0,220.0,10.0,0.5,3.0,3.0,4.25,2024-11-11 15:37:00+00:00,2024-11-11 15:37:00+00:00,2024-11-11 15:40:00+00:00,2024-11-11 15:42:00+00:00,momentum_long_open_b15181741626,1,market,0.0,5,1,20,12,34830.0
658553,658554,658556,658556,closed,stop,22438.75,22418.75,22439.0,22418.5,22418.75,22450.75,-20.0,-20.5,-21.0,-420.0,10.0,0.5,3.0,3.0,32.75,2024-11-11 15:40:00+00:00,2024-11-11 15:40:00+00:00,2024-11-11 15:43:00+00:00,2024-11-11 15:45:00+00:00,momentum_long_open_b15181741626,1,market,0.0,5,1,20,12,34410.0
659871,659872,659876,659876,closed,target,22431.75,22443.75,22432.0,22443.5,22411.75,22443.75,12.0,11.5,11.0,220.0,10.0,0.5,5.0,5.0,10.5,2024-11-12 14:53:00+00:00,2024-11-12 14:53:00+00:00,2024-11-12 14:58:00+00:00,2024-11-12 14:58:00+00:00,momentum_long_open_b15181741626,1,market,0.0,5,1,20,12,34630.0
662579,662580,662581,662581,closed,stop,22359.25,22339.25,22359.5,22339.0,22339.25,22371.25,-20.0,-20.5,-21.0,-420.0,10.0,0.5,2.0,2.0,24.5,2024-11-14 14:31:00+00:00,2024-11-14 14:31:00+00:00,2024-11-14 14:33:00+00:00,2024-11-14 14:36:00+00:00,momentum_long_open_b15181741626,1,market,0.0,5,1,20,12,34210.0
662585,662586,662588,662588,closed,stop,22365.0,22345.0,22365.25,22344.75,22345.0,22377.0,-20.0,-20.5,-21.0,-420.0,10.0,0.5,3.0,3.0,25.0,2024-11-14 14:37:00+00:00,2024-11-14 14:37:00+00:00,2024-11-14 14:40:00+00:00,2024-11-14 14:42:00+00:00,momentum_long_open_b15181741626,1,market,0.0,5,1,20,12,33790.0
662653,662654,662658,662658,closed,timeout,22326.5,22326.75,22326.75,22326.5,22306.5,22338.5,0.25,-0.25,-0.75,-15.0,10.0,0.5,5.0,5.0,15.75,2024-11-14 15:45:00+00:00,2024-11-14 15:45:00+00:00,2024-11-14 15:50:00+00:00,2024-11-14 15:50:00+00:00,momentum_long_open_b15181741626,1,market,0.0,5,1,20,12,33775.0
665341,665342,665343,665343,closed,target,21763.75,21775.75,21764.0,21775.5,21743.75,21775.75,12.0,11.5,11.0,220.0,10.0,0.5,2.0,2.0,6.25,2024-11-18 15:03:00+00:00,2024-11-18 15:03:00+00:00,2024-11-18 15:05:00+00:00,2024-11-18 15:08:00+00:00,momentum_long_open_b15181741626,1,market,0.0,5,1,20,12,33995.0
665343,665344,665348,665348,closed,timeout,21784.5,21778.0,21784.75,21777.75,21764.5,21796.5,-6.5,-7.0,-7.5,-150.0,10.0,0.5,5.0,5.0,18.75,2024-11-18 15:05:00+00:00,2024-11-18 15:05:00+00:00,2024-11-18 15:10:00+00:00,2024-11-18 15:10:00+00:00,momentum_long_open_b15181741626,1,market,0.0,5,1,20,12,33845.0
665355,665356,665360,665360,closed,timeout,21810.75,21804.0,21811.0,21803.75,21790.75,21822.75,-6.75,-7.25,-7.75,-155.0,10.0,0.5,5.0,5.0,11.25,2024-11-18 15:17:00+00:00,2024-11-18 15:17:00+00:00,2024-11-18 15:22:00+00:00,2024-11-18 15:22:00+00:00,momentum_long_open_b15181741626,1,market,0.0,5,1,20,12,33690.0
665367,665368,665369,665369,closed,target,21842.0,21854.0,21842.25,21853.75,21822.0,21854.0,12.0,11.5,11.0,220.0,10.0,0.5,2.0,2.0,4.5,2024-11-18 15:29:00+00:00,2024-11-18 15:29:00+00:00,2024-11-18 15:31:00+00:00,2024-11-18 15:34:00+00:00,momentum_long_open_b15181741626,1,market,0.0,5,1,20,12,33910.0
665369,665370,665372,665372,closed,target,21863.5,21875.5,21863.75,21875.25,21843.5,21875.5,12.0,11.5,11.0,220.0,10.0,0.5,3.0,3.0,3.5,2024-11-18 15:31:00+00:00,2024-11-18 15:31:00+00:00,2024-11-18 15:34:00+00:00,2024-11-18 15:36:00+00:00,momentum_long_open_b15181741626,1,market,0.0,5,1,20,12,34130.0
665372,665373,665375,665375,closed,target,21877.75,21889.75,21878.0,21889.5,21857.75,21889.75,12.0,11.5,11.0,220.0,10.0,0.5,3.0,3.0,2.5,2024-11-18 15:34:00+00:00,2024-11-18 15:34:00+00:00,2024-11-18 15:37:00+00:00,2024-11-18 15:39:00+00:00,momentum_long_open_b15181741626,1,market,0.0,5,1,20,12,34350.0
665375,665376,665378,665378,closed,stop,21891.25,21871.25,21891.5,21871.0,21871.25,21903.25,-20.0,-20.5,-21.0,-420.0,10.0,0.5,3.0,3.0,21.5,2024-11-18 15:37:00+00:00,2024-11-18 15:37:00+00:00,2024-11-18 15:40:00+00:00,2024-11-18 15:42:00+00:00,momentum_long_open_b15181741626,1,market,0.0,5,1,20,12,33930.0
666741,666742,666744,666744,closed,stop,21829.0,21809.0,21829.25,21808.75,21809.0,21841.0,-20.0,-20.5,-21.0,-420.0,10.0,0.5,3.0,3.0,26.0,2024-11-19 15:38:00+00:00,2024-11-19 15:38:00+00:00,2024-11-19 15:41:00+00:00,2024-11-19 15:43:00+00:00,momentum_long_open_b15181741626,1,market,0.0,5,1,20,12,33510.0
668102,668103,668107,668107,closed,target,21759.25,21771.25,21759.5,21771.0,21739.25,21771.25,12.0,11.5,11.0,220.0,10.0,0.5,5.0,5.0,17.75,2024-11-20 15:34:00+00:00,2024-11-20 15:34:00+00:00,2024-11-20 15:39:00+00:00,2024-11-20 15:39:00+00:00,momentum_long_open_b15181741626,1,market,0.0,5,1,20,12,33730.0
668108,668109,668113,668113,closed,timeout,21784.0,21782.25,21784.25,21782.0,21764.0,21796.0,-1.75,-2.25,-2.75,-55.0,10.0,0.5,5.0,5.0,19.75,2024-11-20 15:40:00+00:00,2024-11-20 15:40:00+00:00,2024-11-20 15:45:00+00:00,2024-11-20 15:45:00+00:00,momentum_long_open_b15181741626,1,market,0.0,5,1,20,12,33675.0
668115,668116,668118,668118,closed,target,21809.25,21821.25,21809.5,21821.0,21789.25,21821.25,12.0,11.5,11.0,220.0,10.0,0.5,3.0,3.0,7.25,2024-11-20 15:47:00+00:00,2024-11-20 15:47:00+00:00,2024-11-20 15:50:00+00:00,2024-11-20 15:52:00+00:00,momentum_long_open_b15181741626,1,market,0.0,5,1,20,12,33895.0
668118,668119,668123,668123,closed,timeout,21819.75,21815.0,21820.0,21814.75,21799.75,21831.75,-4.75,-5.25,-5.75,-115.0,10.0,0.5,5.0,5.0,15.75,2024-11-20 15:50:00+00:00,2024-11-20 15:50:00+00:00,2024-11-20 15:55:00+00:00,2024-11-20 15:55:00+00:00,momentum_long_open_b15181741626,1,market,0.0,5,1,20,12,33780.0
669481,669482,669486,669486,closed,target,21827.75,21839.75,21828.0,21839.5,21807.75,21839.75,12.0,11.5,11.0,220.0,10.0,0.5,5.0,5.0,18.75,2024-11-21 15:48:00+00:00,2024-11-21 15:48:00+00:00,2024-11-21 15:53:00+00:00,2024-11-21 15:53:00+00:00,momentum_long_open_b15181741626,1,market,0.0,5,1,20,12,34000.0
669488,669489,669489,669489,closed,target,21865.75,21877.75,21866.0,21877.5,21845.75,21877.75,12.0,11.5,11.0,220.0,10.0,0.5,1.0,1.0,0.75,2024-11-21 15:55:00+00:00,2024-11-21 15:55:00+00:00,2024-11-21 15:56:00+00:00,2024-11-21 16:00:00+00:00,momentum_long_open_b15181741626,1,market,0.0,5,1,20,12,34220.0
669489,669490,669490,669490,closed,target,21876.25,21888.25,21876.5,21888.0,21856.25,21888.25,12.0,11.5,11.0,220.0,10.0,0.5,1.0,1.0,0.25,2024-11-21 15:56:00+00:00,2024-11-21 15:56:00+00:00,2024-11-21 15:57:00+00:00,2024-11-21 16:01:00+00:00,momentum_long_open_b15181741626,1,market,0.0,5,1,20,12,34440.0
669490,669491,669494,669494,closed,target,21897.5,21909.5,21897.75,21909.25,21877.5,21909.5,12.0,11.5,11.0,220.0,10.0,0.5,4.0,4.0,11.0,2024-11-21 15:57:00+00:00,2024-11-21 15:57:00+00:00,2024-11-21 16:01:00+00:00,2024-11-21 16:02:00+00:00,momentum_long_open_b15181741626,1,market,0.0,5,1,20,12,34660.0
670773,670774,670776,670776,closed,stop,22023.75,22003.75,22024.0,22003.5,22003.75,22035.75,-20.0,-20.5,-21.0,-420.0,10.0,0.5,3.0,3.0,31.0,2024-11-22 14:35:00+00:00,2024-11-22 14:35:00+00:00,2024-11-22 14:38:00+00:00,2024-11-22 14:40:00+00:00,momentum_long_open_b15181741626,1,market,0.0,5,1,20,12,34240.0
670787,670788,670788,670788,closed,stop,22064.25,22044.25,22064.5,22044.0,22044.25,22076.25,-20.0,-20.5,-21.0,-420.0,10.0,0.5,1.0,1.0,23.75,2024-11-22 14:49:00+00:00,2024-11-22 14:49:00+00:00,2024-11-22 14:50:00+00:00,2024-11-22 14:54:00+00:00,momentum_long_open_b15181741626,1,market,0.0,5,1,20,12,33820.0
670838,670839,670841,670841,closed,target,22013.5,22025.5,22013.75,22025.25,21993.5,22025.5,12.0,11.5,11.0,220.0,10.0,0.5,3.0,3.0,10.0,2024-11-22 15:40:00+00:00,2024-11-22 15:40:00+00:00,2024-11-22 15:43:00+00:00,2024-11-22 15:45:00+00:00,momentum_long_open_b15181741626,1,market,0.0,5,1,20,12,34040.0
670841,670842,670843,670843,closed,target,22026.25,22038.25,22026.5,22038.0,22006.25,22038.25,12.0,11.5,11.0,220.0,10.0,0.5,2.0,2.0,5.75,2024-11-22 15:43:00+00:00,2024-11-22 15:43:00+00:00,2024-11-22 15:45:00+00:00,2024-11-22 15:48:00+00:00,momentum_long_open_b15181741626,1,market,0.0,5,1,20,12,34260.0
670843,670844,670845,670845,closed,stop,22038.25,22018.25,22038.5,22018.0,22018.25,22050.25,-20.0,-20.5,-21.0,-420.0,10.0,0.5,2.0,2.0,25.25,2024-11-22 15:45:00+00:00,2024-11-22 15:45:00+00:00,2024-11-22 15:47:00+00:00,2024-11-22 15:50:00+00:00,momentum_long_open_b15181741626,1,market,0.0,5,1,20,12,33840.0
672144,672145,672145,672145,closed,target,22266.0,22278.0,22266.25,22277.75,22246.0,22278.0,12.0,11.5,11.0,220.0,10.0,0.5,1.0,1.0,7.0,2024-11-25 14:42:00+00:00,2024-11-25 14:42:00+00:00,2024-11-25 14:43:00+00:00,2024-11-25 14:47:00+00:00,momentum_long_open_b15181741626,1,market,0.0,5,1,20,12,34060.0
672145,672146,672146,672146,closed,stop,22275.5,22255.5,22275.75,22255.25,22255.5,22287.5,-20.0,-20.5,-21.0,-420.0,10.0,0.5,1.0,1.0,22.0,2024-11-25 14:43:00+00:00,2024-11-25 14:43:00+00:00,2024-11-25 14:44:00+00:00,2024-11-25 14:48:00+00:00,momentum_long_open_b15181741626,1,market,0.0,5,1,20,12,33640.0
672148,672149,672149,672149,closed,stop,22268.75,22248.75,22269.0,22248.5,22248.75,22280.75,-20.0,-20.5,-21.0,-420.0,10.0,0.5,1.0,1.0,20.75,2024-11-25 14:46:00+00:00,2024-11-25 14:46:00+00:00,2024-11-25 14:47:00+00:00,2024-11-25 14:51:00+00:00,momentum_long_open_b15181741626,1,market,0.0,5,1,20,12,33220.0
672206,672207,672209,672209,closed,stop,22133.75,22113.75,22134.0,22113.5,22113.75,22145.75,-20.0,-20.5,-21.0,-420.0,10.0,0.5,3.0,3.0,24.25,2024-11-25 15:44:00+00:00,2024-11-25 15:44:00+00:00,2024-11-25 15:47:00+00:00,2024-11-25 15:49:00+00:00,momentum_long_open_b15181741626,1,market,0.0,5,1,20,12,32800.0
673519,673520,673521,673521,closed,stop,22215.75,22195.75,22216.0,22195.5,22195.75,22227.75,-20.0,-20.5,-21.0,-420.0,10.0,0.5,2.0,2.0,37.0,2024-11-26 14:52:00+00:00,2024-11-26 14:52:00+00:00,2024-11-26 14:54:00+00:00,2024-11-26 14:57:00+00:00,momentum_long_open_b15181741626,1,market,0.0,5,1,20,12,32380.0
676228,676229,676233,676233,closed,timeout,22087.75,22081.25,22088.0,22081.0,22067.75,22099.75,-6.5,-7.0,-7.5,-150.0,10.0,0.5,5.0,5.0,7.0,2024-11-28 14:31:00+00:00,2024-11-28 14:31:00+00:00,2024-11-28 14:36:00+00:00,2024-11-28 14:36:00+00:00,momentum_long_open_b15181741626,1,market,0.0,5,1,20,12,32230.0
676254,676255,676259,676259,closed,timeout,22092.0,22090.75,22092.25,22090.5,22072.0,22104.0,-1.25,-1.75,-2.25,-45.0,10.0,0.5,5.0,5.0,6.75,2024-11-28 14:57:00+00:00,2024-11-28 14:57:00+00:00,2024-11-28 15:02:00+00:00,2024-11-28 15:02:00+00:00,momentum_long_open_b15181741626,1,market,0.0,5,1,20,12,32185.0
676306,676307,676311,676311,closed,timeout,22101.25,22098.75,22101.5,22098.5,22081.25,22113.25,-2.5,-3.0,-3.5,-70.0,10.0,0.5,5.0,5.0,5.0,2024-11-28 15:49:00+00:00,2024-11-28 15:49:00+00:00,2024-11-28 15:54:00+00:00,2024-11-28 15:54:00+00:00,momentum_long_open_b15181741626,1,market,0.0,5,1,20,12,32115.0
677396,677397,677398,677398,closed,target,22106.0,22118.0,22106.25,22117.75,22086.0,22118.0,12.0,11.5,11.0,220.0,10.0,0.5,2.0,2.0,0.5,2024-11-29 14:59:00+00:00,2024-11-29 14:59:00+00:00,2024-11-29 15:01:00+00:00,2024-11-29 15:04:00+00:00,momentum_long_open_b15181741626,1,market,0.0,5,1,20,12,32335.0
677398,677399,677403,677403,closed,timeout,22122.0,22124.25,22122.25,22124.0,22102.0,22134.0,2.25,1.75,1.25,25.0,10.0,0.5,5.0,5.0,18.75,2024-11-29 15:01:00+00:00,2024-11-29 15:01:00+00:00,2024-11-29 15:06:00+00:00,2024-11-29 15:06:00+00:00,momentum_long_open_b15181741626,1,market,0.0,5,1,20,12,32360.0
677405,677406,677408,677408,closed,target,22134.75,22146.75,22135.0,22146.5,22114.75,22146.75,12.0,11.5,11.0,220.0,10.0,0.5,3.0,3.0,1.75,2024-11-29 15:08:00+00:00,2024-11-29 15:08:00+00:00,2024-11-29 15:11:00+00:00,2024-11-29 15:13:00+00:00,momentum_long_open_b15181741626,1,market,0.0,5,1,20,12,32580.0
677408,677409,677413,677413,closed,target,22148.25,22160.25,22148.5,22160.0,22128.25,22160.25,12.0,11.5,11.0,220.0,10.0,0.5,5.0,5.0,1.5,2024-11-29 15:11:00+00:00,2024-11-29 15:11:00+00:00,2024-11-29 15:16:00+00:00,2024-11-29 15:16:00+00:00,momentum_long_open_b15181741626,1,market,0.0,5,1,20,12,32800.0
677413,677414,677418,677418,closed,timeout,22162.75,22161.0,22163.0,22160.75,22142.75,22174.75,-1.75,-2.25,-2.75,-55.0,10.0,0.5,5.0,5.0,6.0,2024-11-29 15:16:00+00:00,2024-11-29 15:16:00+00:00,2024-11-29 15:21:00+00:00,2024-11-29 15:21:00+00:00,momentum_long_open_b15181741626,1,market,0.0,5,1,20,12,32745.0
678508,678509,678509,678509,closed,target,22259.5,22271.5,22259.75,22271.25,22239.5,22271.5,12.0,11.5,11.0,220.0,10.0,0.5,1.0,1.0,5.0,2024-12-02 14:31:00+00:00,2024-12-02 14:31:00+00:00,2024-12-02 14:32:00+00:00,2024-12-02 14:36:00+00:00,momentum_long_open_b15181741626,1,market,0.0,5,1,20,12,32965.0
678509,678510,678510,678510,closed,target,22283.25,22295.25,22283.5,22295.0,22263.25,22295.25,12.0,11.5,11.0,220.0,10.0,0.5,1.0,1.0,4.5,2024-12-02 14:32:00+00:00,2024-12-02 14:32:00+00:00,2024-12-02 14:33:00+00:00,2024-12-02 14:37:00+00:00,momentum_long_open_b15181741626,1,market,0.0,5,1,20,12,33185.0
678510,678511,678511,678511,closed,target,22295.5,22307.5,22295.75,22307.25,22275.5,22307.5,12.0,11.5,11.0,220.0,10.0,0.5,1.0,1.0,8.25,2024-12-02 14:33:00+00:00,2024-12-02 14:33:00+00:00,2024-12-02 14:34:00+00:00,2024-12-02 14:38:00+00:00,momentum_long_open_b15181741626,1,market,0.0,5,1,20,12,33405.0
678511,678512,678513,678513,closed,target,22310.75,22322.75,22311.0,22322.5,22290.75,22322.75,12.0,11.5,11.0,220.0,10.0,0.5,2.0,2.0,6.0,2024-12-02 14:34:00+00:00,2024-12-02 14:34:00+00:00,2024-12-02 14:36:00+00:00,2024-12-02 14:39:00+00:00,momentum_long_open_b15181741626,1,market,0.0,5,1,20,12,33625.0
678513,678514,678514,678514,closed,target,22318.75,22330.75,22319.0,22330.5,22298.75,22330.75,12.0,11.5,11.0,220.0,10.0,0.5,1.0,1.0,5.0,2024-12-02 14:36:00+00:00,2024-12-02 14:36:00+00:00,2024-12-02 14:37:00+00:00,2024-12-02 14:41:00+00:00,momentum_long_open_b15181741626,1,market,0.0,5,1,20,12,33845.0
678514,678515,678517,678517,closed,stop,22328.25,22308.25,22328.5,22308.0,22308.25,22340.25,-20.0,-20.5,-21.0,-420.0,10.0,0.5,3.0,3.0,21.25,2024-12-02 14:37:00+00:00,2024-12-02 14:37:00+00:00,2024-12-02 14:40:00+00:00,2024-12-02 14:42:00+00:00,momentum_long_open_b15181741626,1,market,0.0,5,1,20,12,33425.0
678531,678532,678535,678535,closed,stop,22360.0,22340.0,22360.25,22339.75,22340.0,22372.0,-20.0,-20.5,-21.0,-420.0,10.0,0.5,4.0,4.0,24.5,2024-12-02 14:54:00+00:00,2024-12-02 14:54:00+00:00,2024-12-02 14:58:00+00:00,2024-12-02 14:59:00+00:00,momentum_long_open_b15181741626,1,market,0.0,5,1,20,12,33005.0
681277,681278,681282,681282,closed,stop,22647.75,22627.75,22648.0,22627.5,22627.75,22659.75,-20.0,-20.5,-21.0,-420.0,10.0,0.5,5.0,5.0,28.0,2024-12-04 15:11:00+00:00,2024-12-04 15:11:00+00:00,2024-12-04 15:16:00+00:00,2024-12-04 15:16:00+00:00,momentum_long_open_b15181741626,1,market,0.0,5,1,20,12,32585.0
681301,681302,681305,681305,closed,target,22675.5,22687.5,22675.75,22687.25,22655.5,22687.5,12.0,11.5,11.0,220.0,10.0,0.5,4.0,4.0,2.0,2024-12-04 15:35:00+00:00,2024-12-04 15:35:00+00:00,2024-12-04 15:39:00+00:00,2024-12-04 15:40:00+00:00,momentum_long_open_b15181741626,1,market,0.0,5,1,20,12,32805.0
683983,683984,683984,683984,closed,target,22772.25,22784.25,22772.5,22784.0,22752.25,22784.25,12.0,11.5,11.0,220.0,10.0,0.5,1.0,1.0,0.5,2024-12-06 14:47:00+00:00,2024-12-06 14:47:00+00:00,2024-12-06 14:48:00+00:00,2024-12-06 14:52:00+00:00,momentum_long_open_b15181741626,1,market,0.0,5,1,20,12,33025.0
683984,683985,683988,683988,closed,target,22787.0,22799.0,22787.25,22798.75,22767.0,22799.0,12.0,11.5,11.0,220.0,10.0,0.5,4.0,4.0,7.25,2024-12-06 14:48:00+00:00,2024-12-06 14:48:00+00:00,2024-12-06 14:52:00+00:00,2024-12-06 14:53:00+00:00,momentum_long_open_b15181741626,1,market,0.0,5,1,20,12,33245.0
683988,683989,683993,683993,closed,timeout,22800.0,22798.5,22800.25,22798.25,22780.0,22812.0,-1.5,-2.0,-2.5,-50.0,10.0,0.5,5.0,5.0,4.5,2024-12-06 14:52:00+00:00,2024-12-06 14:52:00+00:00,2024-12-06 14:57:00+00:00,2024-12-06 14:57:00+00:00,momentum_long_open_b15181741626,1,market,0.0,5,1,20,12,33195.0
684012,684013,684017,684017,closed,timeout,22831.25,22832.75,22831.5,22832.5,22811.25,22843.25,1.5,1.0,0.5,10.0,10.0,0.5,5.0,5.0,12.5,2024-12-06 15:16:00+00:00,2024-12-06 15:16:00+00:00,2024-12-06 15:21:00+00:00,2024-12-06 15:21:00+00:00,momentum_long_open_b15181741626,1,market,0.0,5,1,20,12,33205.0
685350,685351,685355,685355,closed,timeout,22837.5,22831.75,22837.75,22831.5,22817.5,22849.5,-5.75,-6.25,-6.75,-135.0,10.0,0.5,5.0,5.0,17.25,2024-12-09 14:49:00+00:00,2024-12-09 14:49:00+00:00,2024-12-09 14:54:00+00:00,2024-12-09 14:54:00+00:00,momentum_long_open_b15181741626,1,market,0.0,5,1,20,12,33070.0
686709,686710,686711,686711,closed,target,22753.75,22765.75,22754.0,22765.5,22733.75,22765.75,12.0,11.5,11.0,220.0,10.0,0.5,2.0,2.0,4.75,2024-12-10 14:43:00+00:00,2024-12-10 14:43:00+00:00,2024-12-10 14:45:00+00:00,2024-12-10 14:48:00+00:00,momentum_long_open_b15181741626,1,market,0.0,5,1,20,12,33290.0
686711,686712,686712,686712,closed,target,22773.75,22785.75,22774.0,22785.5,22753.75,22785.75,12.0,11.5,11.0,220.0,10.0,0.5,1.0,1.0,1.5,2024-12-10 14:45:00+00:00,2024-12-10 14:45:00+00:00,2024-12-10 14:46:00+00:00,2024-12-10 14:50:00+00:00,momentum_long_open_b15181741626,1,market,0.0,5,1,20,12,33510.0
686712,686713,686717,686717,closed,stop,22784.0,22764.0,22784.25,22763.75,22764.0,22796.0,-20.0,-20.5,-21.0,-420.0,10.0,0.5,5.0,5.0,29.25,2024-12-10 14:46:00+00:00,2024-12-10 14:46:00+00:00,2024-12-10 14:51:00+00:00,2024-12-10 14:51:00+00:00,momentum_long_open_b15181741626,1,market,0.0,5,1,20,12,33090.0
686736,686737,686741,686741,closed,timeout,22791.5,22793.75,22791.75,22793.5,22771.5,22803.5,2.25,1.75,1.25,25.0,10.0,0.5,5.0,5.0,16.5,2024-12-10 15:10:00+00:00,2024-12-10 15:10:00+00:00,2024-12-10 15:15:00+00:00,2024-12-10 15:15:00+00:00,momentum_long_open_b15181741626,1,market,0.0,5,1,20,12,33115.0
688067,688068,688070,688070,closed,stop,22816.75,22796.75,22817.0,22796.5,22796.75,22828.75,-20.0,-20.5,-21.0,-420.0,10.0,0.5,3.0,3.0,24.5,2024-12-11 14:36:00+00:00,2024-12-11 14:36:00+00:00,2024-12-11 14:39:00+00:00,2024-12-11 14:41:00+00:00,momentum_long_open_b15181741626,1,market,0.0,5,1,20,12,32695.0
688079,688080,688083,688083,closed,target,22870.25,22882.25,22870.5,22882.0,22850.25,22882.25,12.0,11.5,11.0,220.0,10.0,0.5,4.0,4.0,6.75,2024-12-11 14:48:00+00:00,2024-12-11 14:48:00+00:00,2024-12-11 14:52:00+00:00,2024-12-11 14:53:00+00:00,momentum_long_open_b15181741626,1,market,0.0,5,1,20,12,32915.0
688083,688084,688085,688085,closed,target,22882.25,22894.25,22882.5,22894.0,22862.25,22894.25,12.0,11.5,11.0,220.0,10.0,0.5,2.0,2.0,1.5,2024-12-11 14:52:00+00:00,2024-12-11 14:52:00+00:00,2024-12-11 14:54:00+00:00,2024-12-11 14:57:00+00:00,momentum_long_open_b15181741626,1,market,0.0,5,1,20,12,33135.0
688085,688086,688088,688088,closed,stop,22893.5,22873.5,22893.75,22873.25,22873.5,22905.5,-20.0,-20.5,-21.0,-420.0,10.0,0.5,3.0,3.0,26.25,2024-12-11 14:54:00+00:00,2024-12-11 14:54:00+00:00,2024-12-11 14:57:00+00:00,2024-12-11 14:59:00+00:00,momentum_long_open_b15181741626,1,market,0.0,5,1,20,12,32715.0
688099,688100,688104,688104,closed,timeout,22916.75,22910.5,22917.0,22910.25,22896.75,22928.75,-6.25,-6.75,-7.25,-145.0,10.0,0.5,5.0,5.0,8.0,2024-12-11 15:08:00+00:00,2024-12-11 15:08:00+00:00,2024-12-11 15:13:00+00:00,2024-12-11 15:13:00+00:00,momentum_long_open_b15181741626,1,market,0.0,5,1,20,12,32570.0
689479,689480,689482,689482,closed,target,22896.25,22908.25,22896.5,22908.0,22876.25,22908.25,12.0,11.5,11.0,220.0,10.0,0.5,3.0,3.0,7.0,2024-12-12 15:24:00+00:00,2024-12-12 15:24:00+00:00,2024-12-12 15:27:00+00:00,2024-12-12 15:29:00+00:00,momentum_long_open_b15181741626,1,market,0.0,5,1,20,12,32790.0
689482,689483,689484,689484,closed,stop,22912.25,22892.25,22912.5,22892.0,22892.25,22924.25,-20.0,-20.5,-21.0,-420.0,10.0,0.5,2.0,2.0,25.5,2024-12-12 15:27:00+00:00,2024-12-12 15:27:00+00:00,2024-12-12 15:29:00+00:00,2024-12-12 15:32:00+00:00,momentum_long_open_b15181741626,1,market,0.0,5,1,20,12,32370.0
689512,689513,689517,689517,closed,timeout,22922.5,22922.0,22922.75,22921.75,22902.5,22934.5,-0.5,-1.0,-1.5,-30.0,10.0,0.5,5.0,5.0,15.0,2024-12-12 15:57:00+00:00,2024-12-12 15:57:00+00:00,2024-12-12 16:02:00+00:00,2024-12-12 16:02:00+00:00,momentum_long_open_b15181741626,1,market,0.0,5,1,20,12,32340.0
690797,690798,690802,690802,closed,timeout,23033.5,23040.75,23033.75,23040.5,23013.5,23045.5,7.25,6.75,6.25,125.0,10.0,0.5,5.0,5.0,13.75,2024-12-13 14:37:00+00:00,2024-12-13 14:37:00+00:00,2024-12-13 14:42:00+00:00,2024-12-13 14:42:00+00:00,momentum_long_open_b15181741626,1,market,0.0,5,1,20,12,32465.0
690803,690804,690804,690804,closed,target,23058.25,23070.25,23058.5,23070.0,23038.25,23070.25,12.0,11.5,11.0,220.0,10.0,0.5,1.0,1.0,1.0,2024-12-13 14:43:00+00:00,2024-12-13 14:43:00+00:00,2024-12-13 14:44:00+00:00,2024-12-13 14:48:00+00:00,momentum_long_open_b15181741626,1,market,0.0,5,1,20,12,32685.0
690804,690805,690805,690805,closed,target,23079.0,23091.0,23079.25,23090.75,23059.0,23091.0,12.0,11.5,11.0,220.0,10.0,0.5,1.0,1.0,3.5,2024-12-13 14:44:00+00:00,2024-12-13 14:44:00+00:00,2024-12-13 14:45:00+00:00,2024-12-13 14:49:00+00:00,momentum_long_open_b15181741626,1,market,0.0,5,1,20,12,32905.0
690805,690806,690806,690806,closed,target,23086.5,23098.5,23086.75,23098.25,23066.5,23098.5,12.0,11.5,11.0,220.0,10.0,0.5,1.0,1.0,0.25,2024-12-13 14:45:00+00:00,2024-12-13 14:45:00+00:00,2024-12-13 14:46:00+00:00,2024-12-13 14:50:00+00:00,momentum_long_open_b15181741626,1,market,0.0,5,1,20,12,33125.0
690806,690807,690811,690811,closed,timeout,23099.75,23090.75,23100.0,23090.5,23079.75,23111.75,-9.0,-9.5,-10.0,-200.0,10.0,0.5,5.0,5.0,19.0,2024-12-13 14:46:00+00:00,2024-12-13 14:46:00+00:00,2024-12-13 14:51:00+00:00,2024-12-13 14:51:00+00:00,momentum_long_open_b15181741626,1,market,0.0,5,1,20,12,32925.0
692175,692176,692178,692178,closed,stop,23175.0,23155.0,23175.25,23154.75,23155.0,23187.0,-20.0,-20.5,-21.0,-420.0,10.0,0.5,3.0,3.0,26.5,2024-12-16 14:55:00+00:00,2024-12-16 14:55:00+00:00,2024-12-16 14:58:00+00:00,2024-12-16 15:00:00+00:00,momentum_long_open_b15181741626,1,market,0.0,5,1,20,12,32505.0
692181,692182,692186,692186,closed,timeout,23191.25,23186.25,23191.5,23186.0,23171.25,23203.25,-5.0,-5.5,-6.0,-120.0,10.0,0.5,5.0,5.0,7.0,2024-12-16 15:01:00+00:00,2024-12-16 15:01:00+00:00,2024-12-16 15:06:00+00:00,2024-12-16 15:06:00+00:00,momentum_long_open_b15181741626,1,market,0.0,5,1,20,12,32385.0
692210,692211,692213,692213,closed,target,23201.5,23213.5,23201.75,23213.25,23181.5,23213.5,12.0,11.5,11.0,220.0,10.0,0.5,3.0,3.0,12.25,2024-12-16 15:30:00+00:00,2024-12-16 15:30:00+00:00,2024-12-16 15:33:00+00:00,2024-12-16 15:35:00+00:00,momentum_long_open_b15181741626,1,market,0.0,5,1,20,12,32605.0
692213,692214,692217,692217,closed,target,23216.5,23228.5,23216.75,23228.25,23196.5,23228.5,12.0,11.5,11.0,220.0,10.0,0.5,4.0,4.0,7.5,2024-12-16 15:33:00+00:00,2024-12-16 15:33:00+00:00,2024-12-16 15:37:00+00:00,2024-12-16 15:38:00+00:00,momentum_long_open_b15181741626,1,market,0.0,5,1,20,12,32825.0
692217,692218,692222,692222,closed,stop,23224.0,23204.0,23224.25,23203.75,23204.0,23236.0,-20.0,-20.5,-21.0,-420.0,10.0,0.5,5.0,5.0,26.0,2024-12-16 15:37:00+00:00,2024-12-16 15:37:00+00:00,2024-12-16 15:42:00+00:00,2024-12-16 15:42:00+00:00,momentum_long_open_b15181741626,1,market,0.0,5,1,20,12,32405.0
694954,694955,694958,694958,closed,target,23249.5,23261.5,23249.75,23261.25,23229.5,23261.5,12.0,11.5,11.0,220.0,10.0,0.5,4.0,4.0,8.25,2024-12-18 15:46:00+00:00,2024-12-18 15:46:00+00:00,2024-12-18 15:50:00+00:00,2024-12-18 15:51:00+00:00,momentum_long_open_b15181741626,1,market,0.0,5,1,20,12,32625.0
694958,694959,694962,694962,closed,stop,23260.25,23240.25,23260.5,23240.0,23240.25,23272.25,-20.0,-20.5,-21.0,-420.0,10.0,0.5,4.0,4.0,22.5,2024-12-18 15:50:00+00:00,2024-12-18 15:50:00+00:00,2024-12-18 15:54:00+00:00,2024-12-18 15:55:00+00:00,momentum_long_open_b15181741626,1,market,0.0,5,1,20,12,32205.0
696243,696244,696244,696244,closed,stop,22589.0,22569.0,22589.25,22568.75,22569.0,22601.0,-20.0,-20.5,-21.0,-420.0,10.0,0.5,1.0,1.0,34.25,2024-12-19 14:30:00+00:00,2024-12-19 14:30:00+00:00,2024-12-19 14:31:00+00:00,2024-12-19 14:35:00+00:00,momentum_long_open_b15181741626,1,market,0.0,5,1,20,12,31785.0
696288,696289,696289,696289,closed,stop,22540.5,22520.5,22540.75,22520.25,22520.5,22552.5,-20.0,-20.5,-21.0,-420.0,10.0,0.5,1.0,1.0,25.25,2024-12-19 15:15:00+00:00,2024-12-19 15:15:00+00:00,2024-12-19 15:16:00+00:00,2024-12-19 15:20:00+00:00,momentum_long_open_b15181741626,1,market,0.0,5,1,20,12,31365.0
697618,697619,697619,697619,closed,stop,22217.5,22197.5,22217.75,22197.25,22197.5,22229.5,-20.0,-20.5,-21.0,-420.0,10.0,0.5,1.0,1.0,27.75,2024-12-20 14:40:00+00:00,2024-12-20 14:40:00+00:00,2024-12-20 14:41:00+00:00,2024-12-20 14:45:00+00:00,momentum_long_open_b15181741626,1,market,0.0,5,1,20,12,30945.0
697662,697663,697664,697664,closed,target,22289.75,22301.75,22290.0,22301.5,22269.75,22301.75,12.0,11.5,11.0,220.0,10.0,0.5,2.0,2.0,7.25,2024-12-20 15:24:00+00:00,2024-12-20 15:24:00+00:00,2024-12-20 15:26:00+00:00,2024-12-20 15:29:00+00:00,momentum_long_open_b15181741626,1,market,0.0,5,1,20,12,31165.0
697664,697665,697665,697665,closed,target,22304.25,22316.25,22304.5,22316.0,22284.25,22316.25,12.0,11.5,11.0,220.0,10.0,0.5,1.0,1.0,2.75,2024-12-20 15:26:00+00:00,2024-12-20 15:26:00+00:00,2024-12-20 15:27:00+00:00,2024-12-20 15:31:00+00:00,momentum_long_open_b15181741626,1,market,0.0,5,1,20,12,31385.0
697665,697666,697666,697666,closed,target,22320.5,22332.5,22320.75,22332.25,22300.5,22332.5,12.0,11.5,11.0,220.0,10.0,0.5,1.0,1.0,1.5,2024-12-20 15:27:00+00:00,2024-12-20 15:27:00+00:00,2024-12-20 15:28:00+00:00,2024-12-20 15:32:00+00:00,momentum_long_open_b15181741626,1,market,0.0,5,1,20,12,31605.0
697666,697667,697667,697667,closed,target,22340.25,22352.25,22340.5,22352.0,22320.25,22352.25,12.0,11.5,11.0,220.0,10.0,0.5,1.0,1.0,3.5,2024-12-20 15:28:00+00:00,2024-12-20 15:28:00+00:00,2024-12-20 15:29:00+00:00,2024-12-20 15:33:00+00:00,momentum_long_open_b15181741626,1,market,0.0,5,1,20,12,31825.0
697667,697668,697668,697668,closed,stop,22360.0,22340.0,22360.25,22339.75,22340.0,22372.0,-20.0,-20.5,-21.0,-420.0,10.0,0.5,1.0,1.0,21.0,2024-12-20 15:29:00+00:00,2024-12-20 15:29:00+00:00,2024-12-20 15:30:00+00:00,2024-12-20 15:34:00+00:00,momentum_long_open_b15181741626,1,market,0.0,5,1,20,12,31405.0
697668,697669,697669,697669,closed,target,22370.25,22382.25,22370.5,22382.0,22350.25,22382.25,12.0,11.5,11.0,220.0,10.0,0.5,1.0,1.0,2.75,2024-12-20 15:30:00+00:00,2024-12-20 15:30:00+00:00,2024-12-20 15:31:00+00:00,2024-12-20 15:35:00+00:00,momentum_long_open_b15181741626,1,market,0.0,5,1,20,12,31625.0
697669,697670,697670,697670,closed,target,22400.0,22412.0,22400.25,22411.75,22380.0,22412.0,12.0,11.5,11.0,220.0,10.0,0.5,1.0,1.0,10.25,2024-12-20 15:31:00+00:00,2024-12-20 15:31:00+00:00,2024-12-20 15:32:00+00:00,2024-12-20 15:36:00+00:00,momentum_long_open_b15181741626,1,market,0.0,5,1,20,12,31845.0
697670,697671,697671,697671,closed,target,22406.25,22418.25,22406.5,22418.0,22386.25,22418.25,12.0,11.5,11.0,220.0,10.0,0.5,1.0,1.0,5.25,2024-12-20 15:32:00+00:00,2024-12-20 15:32:00+00:00,2024-12-20 15:33:00+00:00,2024-12-20 15:37:00+00:00,momentum_long_open_b15181741626,1,market,0.0,5,1,20,12,32065.0
697671,697672,697672,697672,closed,stop,22448.75,22428.75,22449.0,22428.5,22428.75,22460.75,-20.0,-20.5,-21.0,-420.0,10.0,0.5,1.0,1.0,40.25,2024-12-20 15:33:00+00:00,2024-12-20 15:33:00+00:00,2024-12-20 15:34:00+00:00,2024-12-20 15:38:00+00:00,momentum_long_open_b15181741626,1,market,0.0,5,1,20,12,31645.0
697672,697673,697674,697674,closed,stop,22422.5,22402.5,22422.75,22402.25,22402.5,22434.5,-20.0,-20.5,-21.0,-420.0,10.0,0.5,2.0,2.0,29.75,2024-12-20 15:34:00+00:00,2024-12-20 15:34:00+00:00,2024-12-20 15:36:00+00:00,2024-12-20 15:39:00+00:00,momentum_long_open_b15181741626,1,market,0.0,5,1,20,12,31225.0
697675,697676,697676,697676,closed,stop,22440.0,22420.0,22440.25,22419.75,22420.0,22452.0,-20.0,-20.5,-21.0,-420.0,10.0,0.5,1.0,1.0,21.0,2024-12-20 15:37:00+00:00,2024-12-20 15:37:00+00:00,2024-12-20 15:38:00+00:00,2024-12-20 15:42:00+00:00,momentum_long_open_b15181741626,1,market,0.0,5,1,20,12,30805.0
698973,698974,698974,698974,closed,target,22531.5,22543.5,22531.75,22543.25,22511.5,22543.5,12.0,11.5,11.0,220.0,10.0,0.5,1.0,1.0,10.75,2024-12-23 14:30:00+00:00,2024-12-23 14:30:00+00:00,2024-12-23 14:31:00+00:00,2024-12-23 14:35:00+00:00,momentum_long_open_b15181741626,1,market,0.0,5,1,20,12,31025.0
698974,698975,698975,698975,closed,stop,22566.0,22546.0,22566.25,22545.75,22546.0,22578.0,-20.0,-20.5,-21.0,-420.0,10.0,0.5,1.0,1.0,36.5,2024-12-23 14:31:00+00:00,2024-12-23 14:31:00+00:00,2024-12-23 14:32:00+00:00,2024-12-23 14:36:00+00:00,momentum_long_open_b15181741626,1,market,0.0,5,1,20,12,30605.0
698977,698978,698979,698979,closed,stop,22571.0,22551.0,22571.25,22550.75,22551.0,22583.0,-20.0,-20.5,-21.0,-420.0,10.0,0.5,2.0,2.0,25.25,2024-12-23 14:34:00+00:00,2024-12-23 14:34:00+00:00,2024-12-23 14:36:00+00:00,2024-12-23 14:39:00+00:00,momentum_long_open_b15181741626,1,market,0.0,5,1,20,12,30185.0
699044,699045,699045,699045,closed,target,22494.25,22506.25,22494.5,22506.0,22474.25,22506.25,12.0,11.5,11.0,220.0,10.0,0.5,1.0,1.0,4.5,2024-12-23 15:41:00+00:00,2024-12-23 15:41:00+00:00,2024-12-23 15:42:00+00:00,2024-12-23 15:46:00+00:00,momentum_long_open_b15181741626,1,market,0.0,5,1,20,12,30405.0
699060,699061,699062,699062,closed,stop,22499.0,22479.0,22499.25,22478.75,22479.0,22511.0,-20.0,-20.5,-21.0,-420.0,10.0,0.5,2.0,2.0,52.5,2024-12-23 15:57:00+00:00,2024-12-23 15:57:00+00:00,2024-12-23 15:59:00+00:00,2024-12-23 16:02:00+00:00,momentum_long_open_b15181741626,1,market,0.0,5,1,20,12,29985.0
700349,700350,700354,700354,closed,target,22776.5,22788.5,22776.75,22788.25,22756.5,22788.5,12.0,11.5,11.0,220.0,10.0,0.5,5.0,5.0,19.5,2024-12-24 14:41:00+00:00,2024-12-24 14:41:00+00:00,2024-12-24 14:46:00+00:00,2024-12-24 14:46:00+00:00,momentum_long_open_b15181741626,1,market,0.0,5,1,20,12,30205.0
700367,700368,700370,700370,closed,target,22813.25,22825.25,22813.5,22825.0,22793.25,22825.25,12.0,11.5,11.0,220.0,10.0,0.5,3.0,3.0,5.25,2024-12-24 14:59:00+00:00,2024-12-24 14:59:00+00:00,2024-12-24 15:02:00+00:00,2024-12-24 15:04:00+00:00,momentum_long_open_b15181741626,1,market,0.0,5,1,20,12,30425.0
700370,700371,700373,700373,closed,target,22827.5,22839.5,22827.75,22839.25,22807.5,22839.5,12.0,11.5,11.0,220.0,10.0,0.5,3.0,3.0,6.5,2024-12-24 15:02:00+00:00,2024-12-24 15:02:00+00:00,2024-12-24 15:05:00+00:00,2024-12-24 15:07:00+00:00,momentum_long_open_b15181741626,1,market,0.0,5,1,20,12,30645.0
700373,700374,700377,700377,closed,target,22840.5,22852.5,22840.75,22852.25,22820.5,22852.5,12.0,11.5,11.0,220.0,10.0,0.5,4.0,4.0,14.25,2024-12-24 15:05:00+00:00,2024-12-24 15:05:00+00:00,2024-12-24 15:09:00+00:00,2024-12-24 15:10:00+00:00,momentum_long_open_b15181741626,1,market,0.0,5,1,20,12,30865.0
700377,700378,700378,700378,closed,stop,22849.25,22829.25,22849.5,22829.0,22829.25,22861.25,-20.0,-20.5,-21.0,-420.0,10.0,0.5,1.0,1.0,28.25,2024-12-24 15:09:00+00:00,2024-12-24 15:09:00+00:00,2024-12-24 15:10:00+00:00,2024-12-24 15:14:00+00:00,momentum_long_open_b15181741626,1,market,0.0,5,1,20,12,30445.0
700404,700405,700409,700409,closed,timeout,22854.75,22850.0,22855.0,22849.75,22834.75,22866.75,-4.75,-5.25,-5.75,-115.0,10.0,0.5,5.0,5.0,16.25,2024-12-24 15:36:00+00:00,2024-12-24 15:36:00+00:00,2024-12-24 15:41:00+00:00,2024-12-24 15:41:00+00:00,momentum_long_open_b15181741626,1,market,0.0,5,1,20,12,30330.0
700413,700414,700418,700418,closed,timeout,22870.0,22877.0,22870.25,22876.75,22850.0,22882.0,7.0,6.5,6.0,120.0,10.0,0.5,5.0,5.0,9.0,2024-12-24 15:45:00+00:00,2024-12-24 15:45:00+00:00,2024-12-24 15:50:00+00:00,2024-12-24 15:50:00+00:00,momentum_long_open_b15181741626,1,market,0.0,5,1,20,12,30450.0
701478,701479,701479,701479,closed,stop,22890.0,22870.0,22890.25,22869.75,22870.0,22902.0,-20.0,-20.5,-21.0,-420.0,10.0,0.5,1.0,1.0,22.25,2024-12-26 14:31:00+00:00,2024-12-26 14:31:00+00:00,2024-12-26 14:32:00+00:00,2024-12-26 14:36:00+00:00,momentum_long_open_b15181741626,1,market,0.0,5,1,20,12,30030.0
701479,701480,701480,701480,closed,target,22887.75,22899.75,22888.0,22899.5,22867.75,22899.75,12.0,11.5,11.0,220.0,10.0,0.5,1.0,1.0,8.5,2024-12-26 14:32:00+00:00,2024-12-26 14:32:00+00:00,2024-12-26 14:33:00+00:00,2024-12-26 14:37:00+00:00,momentum_long_open_b15181741626,1,market,0.0,5,1,20,12,30250.0
701480,701481,701484,701484,closed,target,22890.5,22902.5,22890.75,22902.25,22870.5,22902.5,12.0,11.5,11.0,220.0,10.0,0.5,4.0,4.0,18.0,2024-12-26 14:33:00+00:00,2024-12-26 14:33:00+00:00,2024-12-26 14:37:00+00:00,2024-12-26 14:38:00+00:00,momentum_long_open_b15181741626,1,market,0.0,5,1,20,12,30470.0
701485,701486,701490,701490,closed,timeout,22908.5,22900.5,22908.75,22900.25,22888.5,22920.5,-8.0,-8.5,-9.0,-180.0,10.0,0.5,5.0,5.0,16.75,2024-12-26 14:38:00+00:00,2024-12-26 14:38:00+00:00,2024-12-26 14:43:00+00:00,2024-12-26 14:43:00+00:00,momentum_long_open_b15181741626,1,market,0.0,5,1,20,12,30290.0
701534,701535,701539,701539,closed,timeout,22900.75,22906.5,22901.0,22906.25,22880.75,22912.75,5.75,5.25,4.75,95.0,10.0,0.5,5.0,5.0,18.5,2024-12-26 15:27:00+00:00,2024-12-26 15:27:00+00:00,2024-12-26 15:32:00+00:00,2024-12-26 15:32:00+00:00,momentum_long_open_b15181741626,1,market,0.0,5,1,20,12,30385.0
701546,701547,701549,701549,closed,stop,22921.5,22901.5,22921.75,22901.25,22901.5,22933.5,-20.0,-20.5,-21.0,-420.0,10.0,0.5,3.0,3.0,34.75,2024-12-26 15:39:00+00:00,2024-12-26 15:39:00+00:00,2024-12-26 15:42:00+00:00,2024-12-26 15:44:00+00:00,momentum_long_open_b15181741626,1,market,0.0,5,1,20,12,29965.0
704277,704278,704278,704278,closed,target,22275.5,22287.5,22275.75,22287.25,22255.5,22287.5,12.0,11.5,11.0,220.0,10.0,0.5,1.0,1.0,13.25,2024-12-30 15:40:00+00:00,2024-12-30 15:40:00+00:00,2024-12-30 15:41:00+00:00,2024-12-30 15:45:00+00:00,momentum_long_open_b15181741626,1,market,0.0,5,1,20,12,30185.0
704278,704279,704282,704282,closed,target,22269.25,22281.25,22269.5,22281.0,22249.25,22281.25,12.0,11.5,11.0,220.0,10.0,0.5,4.0,4.0,16.5,2024-12-30 15:41:00+00:00,2024-12-30 15:41:00+00:00,2024-12-30 15:45:00+00:00,2024-12-30 15:46:00+00:00,momentum_long_open_b15181741626,1,market,0.0,5,1,20,12,30405.0
704283,704284,704284,704284,closed,stop,22304.25,22284.25,22304.5,22284.0,22284.25,22316.25,-20.0,-20.5,-21.0,-420.0,10.0,0.5,1.0,1.0,43.0,2024-12-30 15:46:00+00:00,2024-12-30 15:46:00+00:00,2024-12-30 15:47:00+00:00,2024-12-30 15:51:00+00:00,momentum_long_open_b15181741626,1,market,0.0,5,1,20,12,29985.0
705628,705629,705630,705630,closed,target,22360.0,22372.0,22360.25,22371.75,22340.0,22372.0,12.0,11.5,11.0,220.0,10.0,0.5,2.0,2.0,3.5,2024-12-31 15:26:00+00:00,2024-12-31 15:26:00+00:00,2024-12-31 15:28:00+00:00,2024-12-31 15:31:00+00:00,momentum_long_open_b15181741626,1,market,0.0,5,1,20,12,30205.0
705630,705631,705631,705631,closed,stop,22371.75,22351.75,22372.0,22351.5,22351.75,22383.75,-20.0,-20.5,-21.0,-420.0,10.0,0.5,1.0,1.0,65.0,2024-12-31 15:28:00+00:00,2024-12-31 15:28:00+00:00,2024-12-31 15:29:00+00:00,2024-12-31 15:33:00+00:00,momentum_long_open_b15181741626,1,market,0.0,5,1,20,12,29785.0
