detection_index,entry_index,exit_index,termination_index,status,reason,reference_entry,exit_reference_price,entry_price,exit_price,stop_price,target_price,gross_points,fill_pnl_points,net_points,net_dollars,fees_dollars,slippage_points,holding_bars,holding_minutes,mae_points,detection_timestamp,entry_timestamp,exit_timestamp,expiry_timestamp,pattern_id,direction,entry_kind,entry_offset_points,horizon,pending_bars,stop_points,target_points,balance_after_dollars
356043,356044,356044,356044,closed,timeout,18639.75,18643.75,18640.0,18643.5,18635.75,18671.75,4.0,3.5,3.0,60.0,10.0,0.5,1.0,1.0,1.5,2024-01-02 19:30:00+00:00,2024-01-02 19:30:00+00:00,2024-01-02 19:31:00+00:00,2024-01-02 19:31:00+00:00,momentum_long_late_8346db7cf1cc,1,market,0.0,1,1,4,32,50060.0
356044,356045,356045,356045,closed,stop,18643.25,18639.25,18643.5,18639.0,18639.25,18675.25,-4.0,-4.5,-5.0,-100.0,10.0,0.5,1.0,1.0,5.0,2024-01-02 19:31:00+00:00,2024-01-02 19:31:00+00:00,2024-01-02 19:32:00+00:00,2024-01-02 19:32:00+00:00,momentum_long_late_8346db7cf1cc,1,market,0.0,1,1,4,32,49960.0
356105,356106,356106,356106,closed,stop,18598.25,18594.25,18598.5,18594.0,18594.25,18630.25,-4.0,-4.5,-5.0,-100.0,10.0,0.5,1.0,1.0,4.5,2024-01-02 20:32:00+00:00,2024-01-02 20:32:00+00:00,2024-01-02 20:33:00+00:00,2024-01-02 20:33:00+00:00,momentum_long_late_8346db7cf1cc,1,market,0.0,1,1,4,32,49860.0
356106,356107,356107,356107,closed,timeout,18599.25,18597.75,18599.5,18597.5,18595.25,18631.25,-1.5,-2.0,-2.5,-50.0,10.0,0.5,1.0,1.0,4.0,2024-01-02 20:33:00+00:00,2024-01-02 20:33:00+00:00,2024-01-02 20:34:00+00:00,2024-01-02 20:34:00+00:00,momentum_long_late_8346db7cf1cc,1,market,0.0,1,1,4,32,49810.0
356107,356108,356108,356108,closed,stop,18598.0,18594.0,18598.25,18593.75,18594.0,18630.0,-4.0,-4.5,-5.0,-100.0,10.0,0.5,1.0,1.0,8.25,2024-01-02 20:34:00+00:00,2024-01-02 20:34:00+00:00,2024-01-02 20:35:00+00:00,2024-01-02 20:35:00+00:00,momentum_long_late_8346db7cf1cc,1,market,0.0,1,1,4,32,49710.0
356121,356122,356122,356122,closed,timeout,18600.75,18604.0,18601.0,18603.75,18596.75,18632.75,3.25,2.75,2.25,45.0,10.0,0.5,1.0,1.0,1.25,2024-01-02 20:48:00+00:00,2024-01-02 20:48:00+00:00,2024-01-02 20:49:00+00:00,2024-01-02 20:49:00+00:00,momentum_long_late_8346db7cf1cc,1,market,0.0,1,1,4,32,49755.0
356122,356123,356123,356123,closed,timeout,18604.25,18606.25,18604.5,18606.0,18600.25,18636.25,2.0,1.5,1.0,20.0,10.0,0.5,1.0,1.0,2.5,2024-01-02 20:49:00+00:00,2024-01-02 20:49:00+00:00,2024-01-02 20:50:00+00:00,2024-01-02 20:50:00+00:00,momentum_long_late_8346db7cf1cc,1,market,0.0,1,1,4,32,49775.0
356123,356124,356124,356124,closed,timeout,18607.0,18632.25,18607.25,18632.0,18603.0,18639.0,25.25,24.75,24.25,485.0,10.0,0.5,1.0,1.0,0.25,2024-01-02 20:50:00+00:00,2024-01-02 20:50:00+00:00,2024-01-02 20:51:00+00:00,2024-01-02 20:51:00+00:00,momentum_long_late_8346db7cf1cc,1,market,0.0,1,1,4,32,50260.0
356124,356125,356125,356125,closed,stop,18632.75,18628.75,18633.0,18628.5,18628.75,18664.75,-4.0,-4.5,-5.0,-100.0,10.0,0.5,1.0,1.0,5.25,2024-01-02 20:51:00+00:00,2024-01-02 20:51:00+00:00,2024-01-02 20:52:00+00:00,2024-01-02 20:52:00+00:00,momentum_long_late_8346db7cf1cc,1,market,0.0,1,1,4,32,50160.0
356125,356126,356126,356126,closed,stop,18636.5,18632.5,18636.75,18632.25,18632.5,18668.5,-4.0,-4.5,-5.0,-100.0,10.0,0.5,1.0,1.0,6.75,2024-01-02 20:52:00+00:00,2024-01-02 20:52:00+00:00,2024-01-02 20:53:00+00:00,2024-01-02 20:53:00+00:00,momentum_long_late_8346db7cf1cc,1,market,0.0,1,1,4,32,50060.0
356126,356127,356127,356127,closed,timeout,18633.25,18637.0,18633.5,18636.75,18629.25,18665.25,3.75,3.25,2.75,55.0,10.0,0.5,1.0,1.0,0.75,2024-01-02 20:53:00+00:00,2024-01-02 20:53:00+00:00,2024-01-02 20:54:00+00:00,2024-01-02 20:54:00+00:00,momentum_long_late_8346db7cf1cc,1,market,0.0,1,1,4,32,50115.0
356127,356128,356128,356128,closed,stop,18637.0,18633.0,18637.25,18632.75,18633.0,18669.0,-4.0,-4.5,-5.0,-100.0,10.0,0.5,1.0,1.0,6.25,2024-01-02 20:54:00+00:00,2024-01-02 20:54:00+00:00,2024-01-02 20:55:00+00:00,2024-01-02 20:55:00+00:00,momentum_long_late_8346db7cf1cc,1,market,0.0,1,1,4,32,50015.0
356128,356129,356129,356129,closed,timeout,18636.5,18645.75,18636.75,18645.5,18632.5,18668.5,9.25,8.75,8.25,165.0,10.0,0.5,1.0,1.0,0.25,2024-01-02 20:55:00+00:00,2024-01-02 20:55:00+00:00,2024-01-02 20:56:00+00:00,2024-01-02 20:56:00+00:00,momentum_long_late_8346db7cf1cc,1,market,0.0,1,1,4,32,50180.0
356129,356130,356130,356130,closed,timeout,18645.75,18653.75,18646.0,18653.5,18641.75,18677.75,8.0,7.5,7.0,140.0,10.0,0.5,1.0,1.0,0.75,2024-01-02 20:56:00+00:00,2024-01-02 20:56:00+00:00,2024-01-02 20:57:00+00:00,2024-01-02 20:57:00+00:00,momentum_long_late_8346db7cf1cc,1,market,0.0,1,1,4,32,50320.0
356130,356131,356131,356131,closed,timeout,18653.75,18658.0,18654.0,18657.75,18649.75,18685.75,4.25,3.75,3.25,65.0,10.0,0.5,1.0,1.0,2.0,2024-01-02 20:57:00+00:00,2024-01-02 20:57:00+00:00,2024-01-02 20:58:00+00:00,2024-01-02 20:58:00+00:00,momentum_long_late_8346db7cf1cc,1,market,0.0,1,1,4,32,50385.0
356131,356132,356132,356132,closed,timeout,18658.25,18665.0,18658.5,18664.75,18654.25,18690.25,6.75,6.25,5.75,115.0,10.0,0.5,1.0,1.0,2.0,2024-01-02 20:58:00+00:00,2024-01-02 20:58:00+00:00,2024-01-02 20:59:00+00:00,2024-01-02 20:59:00+00:00,momentum_long_late_8346db7cf1cc,1,market,0.0,1,1,4,32,50500.0
356132,356133,356133,356133,closed,stop,18665.25,18661.25,18665.5,18661.0,18661.25,18697.25,-4.0,-4.5,-5.0,-100.0,10.0,0.5,1.0,1.0,11.0,2024-01-02 20:59:00+00:00,2024-01-02 20:59:00+00:00,2024-01-02 21:00:00+00:00,2024-01-02 21:00:00+00:00,momentum_long_late_8346db7cf1cc,1,market,0.0,1,1,4,32,50400.0
357405,357406,357406,357406,closed,timeout,18550.75,18556.25,18551.0,18556.0,18546.75,18582.75,5.5,5.0,4.5,90.0,10.0,0.5,1.0,1.0,3.25,2024-01-03 19:27:00+00:00,2024-01-03 19:27:00+00:00,2024-01-03 19:28:00+00:00,2024-01-03 19:28:00+00:00,momentum_long_late_8346db7cf1cc,1,market,0.0,1,1,4,32,50490.0
357406,357407,357407,357407,closed,timeout,18556.0,18562.5,18556.25,18562.25,18552.0,18588.0,6.5,6.0,5.5,110.0,10.0,0.5,1.0,1.0,3.0,2024-01-03 19:28:00+00:00,2024-01-03 19:28:00+00:00,2024-01-03 19:29:00+00:00,2024-01-03 19:29:00+00:00,momentum_long_late_8346db7cf1cc,1,market,0.0,1,1,4,32,50600.0
357407,357408,357408,357408,closed,stop,18562.75,18558.75,18563.0,18558.5,18558.75,18594.75,-4.0,-4.5,-5.0,-100.0,10.0,0.5,1.0,1.0,9.75,2024-01-03 19:29:00+00:00,2024-01-03 19:29:00+00:00,2024-01-03 19:30:00+00:00,2024-01-03 19:30:00+00:00,momentum_long_late_8346db7cf1cc,1,market,0.0,1,1,4,32,50500.0
357408,357409,357409,357409,closed,timeout,18559.5,18566.25,18559.75,18566.0,18555.5,18591.5,6.75,6.25,5.75,115.0,10.0,0.5,1.0,1.0,0.25,2024-01-03 19:30:00+00:00,2024-01-03 19:30:00+00:00,2024-01-03 19:31:00+00:00,2024-01-03 19:31:00+00:00,momentum_long_late_8346db7cf1cc,1,market,0.0,1,1,4,32,50615.0
357409,357410,357410,357410,closed,stop,18565.75,18561.75,18566.0,18561.5,18561.75,18597.75,-4.0,-4.5,-5.0,-100.0,10.0,0.5,1.0,1.0,5.0,2024-01-03 19:31:00+00:00,2024-01-03 19:31:00+00:00,2024-01-03 19:32:00+00:00,2024-01-03 19:32:00+00:00,momentum_long_late_8346db7cf1cc,1,market,0.0,1,1,4,32,50515.0
357410,357411,357411,357411,closed,stop,18564.5,18560.5,18564.75,18560.25,18560.5,18596.5,-4.0,-4.5,-5.0,-100.0,10.0,0.5,1.0,1.0,20.25,2024-01-03 19:32:00+00:00,2024-01-03 19:32:00+00:00,2024-01-03 19:33:00+00:00,2024-01-03 19:33:00+00:00,momentum_long_late_8346db7cf1cc,1,market,0.0,1,1,4,32,50415.0
357473,357474,357474,357474,closed,timeout,18516.5,18514.5,18516.75,18514.25,18512.5,18548.5,-2.0,-2.5,-3.0,-60.0,10.0,0.5,1.0,1.0,3.25,2024-01-03 20:35:00+00:00,2024-01-03 20:35:00+00:00,2024-01-03 20:36:00+00:00,2024-01-03 20:36:00+00:00,momentum_long_late_8346db7cf1cc,1,market,0.0,1,1,4,32,50355.0
357474,357475,357475,357475,closed,stop,18514.75,18510.75,18515.0,18510.5,18510.75,18546.75,-4.0,-4.5,-5.0,-100.0,10.0,0.5,1.0,1.0,4.75,2024-01-03 20:36:00+00:00,2024-01-03 20:36:00+00:00,2024-01-03 20:37:00+00:00,2024-01-03 20:37:00+00:00,momentum_long_late_8346db7cf1cc,1,market,0.0,1,1,4,32,50255.0
358812,358813,358813,358813,closed,timeout,18446.5,18449.0,18446.75,18448.75,18442.5,18478.5,2.5,2.0,1.5,30.0,10.0,0.5,1.0,1.0,2.25,2024-01-04 20:09:00+00:00,2024-01-04 20:09:00+00:00,2024-01-04 20:10:00+00:00,2024-01-04 20:10:00+00:00,momentum_long_late_8346db7cf1cc,1,market,0.0,1,1,4,32,50285.0
358813,358814,358814,358814,closed,stop,18449.0,18445.0,18449.25,18444.75,18445.0,18481.0,-4.0,-4.5,-5.0,-100.0,10.0,0.5,1.0,1.0,4.75,2024-01-04 20:10:00+00:00,2024-01-04 20:10:00+00:00,2024-01-04 20:11:00+00:00,2024-01-04 20:11:00+00:00,momentum_long_late_8346db7cf1cc,1,market,0.0,1,1,4,32,50185.0
358814,358815,358815,358815,closed,stop,18449.0,18445.0,18449.25,18444.75,18445.0,18481.0,-4.0,-4.5,-5.0,-100.0,10.0,0.5,1.0,1.0,11.25,2024-01-04 20:11:00+00:00,2024-01-04 20:11:00+00:00,2024-01-04 20:12:00+00:00,2024-01-04 20:12:00+00:00,momentum_long_late_8346db7cf1cc,1,market,0.0,1,1,4,32,50085.0
360119,360120,360120,360120,closed,stop,18449.25,18445.25,18449.5,18445.0,18445.25,18481.25,-4.0,-4.5,-5.0,-100.0,10.0,0.5,1.0,1.0,9.5,2024-01-05 19:11:00+00:00,2024-01-05 19:11:00+00:00,2024-01-05 19:12:00+00:00,2024-01-05 19:12:00+00:00,momentum_long_late_8346db7cf1cc,1,market,0.0,1,1,4,32,49985.0
360211,360212,360212,360212,closed,timeout,18371.5,18375.25,18371.75,18375.0,18367.5,18403.5,3.75,3.25,2.75,55.0,10.0,0.5,1.0,1.0,1.5,2024-01-05 20:43:00+00:00,2024-01-05 20:43:00+00:00,2024-01-05 20:44:00+00:00,2024-01-05 20:44:00+00:00,momentum_long_late_8346db7cf1cc,1,market,0.0,1,1,4,32,50040.0
360213,360214,360214,360214,closed,timeout,18384.75,18392.0,18385.0,18391.75,18380.75,18416.75,7.25,6.75,6.25,125.0,10.0,0.5,1.0,1.0,0.75,2024-01-05 20:45:00+00:00,2024-01-05 20:45:00+00:00,2024-01-05 20:46:00+00:00,2024-01-05 20:46:00+00:00,momentum_long_late_8346db7cf1cc,1,market,0.0,1,1,4,32,50165.0
360214,360215,360215,360215,closed,stop,18392.0,18388.0,18392.25,18387.75,18388.0,18424.0,-4.0,-4.5,-5.0,-100.0,10.0,0.5,1.0,1.0,11.0,2024-01-05 20:46:00+00:00,2024-01-05 20:46:00+00:00,2024-01-05 20:47:00+00:00,2024-01-05 20:47:00+00:00,momentum_long_late_8346db7cf1cc,1,market,0.0,1,1,4,32,50065.0
360218,360219,360219,360219,closed,stop,18394.75,18390.75,18395.0,18390.5,18390.75,18426.75,-4.0,-4.5,-5.0,-100.0,10.0,0.5,1.0,1.0,6.25,2024-01-05 20:50:00+00:00,2024-01-05 20:50:00+00:00,2024-01-05 20:51:00+00:00,2024-01-05 20:51:00+00:00,momentum_long_late_8346db7cf1cc,1,market,0.0,1,1,4,32,49965.0
361473,361474,361474,361474,closed,stop,18682.75,18678.75,18683.0,18678.5,18678.75,18714.75,-4.0,-4.5,-5.0,-100.0,10.0,0.5,1.0,1.0,6.75,2024-01-08 19:00:00+00:00,2024-01-08 19:00:00+00:00,2024-01-08 19:01:00+00:00,2024-01-08 19:01:00+00:00,momentum_long_late_8346db7cf1cc,1,market,0.0,1,1,4,32,49865.0
361505,361506,361506,361506,closed,timeout,18702.0,18706.0,18702.25,18705.75,18698.0,18734.0,4.0,3.5,3.0,60.0,10.0,0.5,1.0,1.0,1.75,2024-01-08 19:32:00+00:00,2024-01-08 19:32:00+00:00,2024-01-08 19:33:00+00:00,2024-01-08 19:33:00+00:00,momentum_long_late_8346db7cf1cc,1,market,0.0,1,1,4,32,49925.0
361506,361507,361507,361507,closed,timeout,18706.25,18707.75,18706.5,18707.5,18702.25,18738.25,1.5,1.0,0.5,10.0,10.0,0.5,1.0,1.0,2.5,2024-01-08 19:33:00+00:00,2024-01-08 19:33:00+00:00,2024-01-08 19:34:00+00:00,2024-01-08 19:34:00+00:00,momentum_long_late_8346db7cf1cc,1,market,0.0,1,1,4,32,49935.0
361507,361508,361508,361508,closed,timeout,18707.75,18708.25,18708.0,18708.0,18703.75,18739.75,0.5,0.0,-0.5,-10.0,10.0,0.5,1.0,1.0,2.25,2024-01-08 19:34:00+00:00,2024-01-08 19:34:00+00:00,2024-01-08 19:35:00+00:00,2024-01-08 19:35:00+00:00,momentum_long_late_8346db7cf1cc,1,market,0.0,1,1,4,32,49925.0
361508,361509,361509,361509,closed,stop,18708.25,18704.25,18708.5,18704.0,18704.25,18740.25,-4.0,-4.5,-5.0,-100.0,10.0,0.5,1.0,1.0,5.75,2024-01-08 19:35:00+00:00,2024-01-08 19:35:00+00:00,2024-01-08 19:36:00+00:00,2024-01-08 19:36:00+00:00,momentum_long_late_8346db7cf1cc,1,market,0.0,1,1,4,32,49825.0
361520,361521,361521,361521,closed,timeout,18712.75,18712.25,18713.0,18712.0,18708.75,18744.75,-0.5,-1.0,-1.5,-30.0,10.0,0.5,1.0,1.0,2.5,2024-01-08 19:47:00+00:00,2024-01-08 19:47:00+00:00,2024-01-08 19:48:00+00:00,2024-01-08 19:48:00+00:00,momentum_long_late_8346db7cf1cc,1,market,0.0,1,1,4,32,49795.0
361521,361522,361522,361522,closed,timeout,18712.5,18717.25,18712.75,18717.0,18708.5,18744.5,4.75,4.25,3.75,75.0,10.0,0.5,1.0,1.0,0.75,2024-01-08 19:48:00+00:00,2024-01-08 19:48:00+00:00,2024-01-08 19:49:00+00:00,2024-01-08 19:49:00+00:00,momentum_long_late_8346db7cf1cc,1,market,0.0,1,1,4,32,49870.0
361522,361523,361523,361523,closed,timeout,18717.0,18714.5,18717.25,18714.25,18713.0,18749.0,-2.5,-3.0,-3.5,-70.0,10.0,0.5,1.0,1.0,3.5,2024-01-08 19:49:00+00:00,2024-01-08 19:49:00+00:00,2024-01-08 19:50:00+00:00,2024-01-08 19:50:00+00:00,momentum_long_late_8346db7cf1cc,1,market,0.0,1,1,4,32,49800.0
361523,361524,361524,361524,closed,timeout,18714.5,18716.0,18714.75,18715.75,18710.5,18746.5,1.5,1.0,0.5,10.0,10.0,0.5,1.0,1.0,1.75,2024-01-08 19:50:00+00:00,2024-01-08 19:50:00+00:00,2024-01-08 19:51:00+00:00,2024-01-08 19:51:00+00:00,momentum_long_late_8346db7cf1cc,1,market,0.0,1,1,4,32,49810.0
361524,361525,361525,361525,closed,timeout,18716.25,18720.75,18716.5,18720.5,18712.25,18748.25,4.5,4.0,3.5,70.0,10.0,0.5,1.0,1.0,1.75,2024-01-08 19:51:00+00:00,2024-01-08 19:51:00+00:00,2024-01-08 19:52:00+00:00,2024-01-08 19:52:00+00:00,momentum_long_late_8346db7cf1cc,1,market,0.0,1,1,4,32,49880.0
361525,361526,361526,361526,closed,stop,18720.5,18716.5,18720.75,18716.25,18716.5,18752.5,-4.0,-4.5,-5.0,-100.0,10.0,0.5,1.0,1.0,4.75,2024-01-08 19:52:00+00:00,2024-01-08 19:52:00+00:00,2024-01-08 19:53:00+00:00,2024-01-08 19:53:00+00:00,momentum_long_late_8346db7cf1cc,1,market,0.0,1,1,4,32,49780.0
361526,361527,361527,361527,closed,timeout,18719.5,18718.5,18719.75,18718.25,18715.5,18751.5,-1.0,-1.5,-2.0,-40.0,10.0,0.5,1.0,1.0,2.0,2024-01-08 19:53:00+00:00,2024-01-08 19:53:00+00:00,2024-01-08 19:54:00+00:00,2024-01-08 19:54:00+00:00,momentum_long_late_8346db7cf1cc,1,market,0.0,1,1,4,32,49740.0
361529,361530,361530,361530,closed,timeout,18723.5,18723.25,18723.75,18723.0,18719.5,18755.5,-0.25,-0.75,-1.25,-25.0,10.0,0.5,1.0,1.0,1.75,2024-01-08 19:56:00+00:00,2024-01-08 19:56:00+00:00,2024-01-08 19:57:00+00:00,2024-01-08 19:57:00+00:00,momentum_long_late_8346db7cf1cc,1,market,0.0,1,1,4,32,49715.0
361531,361532,361532,361532,closed,timeout,18729.5,18733.75,18729.75,18733.5,18725.5,18761.5,4.25,3.75,3.25,65.0,10.0,0.5,1.0,1.0,2.75,2024-01-08 19:58:00+00:00,2024-01-08 19:58:00+00:00,2024-01-08 19:59:00+00:00,2024-01-08 19:59:00+00:00,momentum_long_late_8346db7cf1cc,1,market,0.0,1,1,4,32,49780.0
361532,361533,361533,361533,closed,stop,18733.0,18729.0,18733.25,18728.75,18729.0,18765.0,-4.0,-4.5,-5.0,-100.0,10.0,0.5,1.0,1.0,9.5,2024-01-08 19:59:00+00:00,2024-01-08 19:59:00+00:00,2024-01-08 20:00:00+00:00,2024-01-08 20:00:00+00:00,momentum_long_late_8346db7cf1cc,1,market,0.0,1,1,4,32,49680.0
361574,361575,361575,361575,closed,stop,18740.0,18736.0,18740.25,18735.75,18736.0,18772.0,-4.0,-4.5,-5.0,-100.0,10.0,0.5,1.0,1.0,4.25,2024-01-08 20:41:00+00:00,2024-01-08 20:41:00+00:00,2024-01-08 20:42:00+00:00,2024-01-08 20:42:00+00:00,momentum_long_late_8346db7cf1cc,1,market,0.0,1,1,4,32,49580.0
362846,362847,362847,362847,closed,stop,18796.5,18792.5,18796.75,18792.25,18792.5,18828.5,-4.0,-4.5,-5.0,-100.0,10.0,0.5,1.0,1.0,4.25,2024-01-09 19:09:00+00:00,2024-01-09 19:09:00+00:00,2024-01-09 19:10:00+00:00,2024-01-09 19:10:00+00:00,momentum_long_late_8346db7cf1cc,1,market,0.0,1,1,4,32,49480.0
362953,362954,362954,362954,closed,stop,18779.75,18775.75,18780.0,18775.5,18775.75,18811.75,-4.0,-4.5,-5.0,-100.0,10.0,0.5,1.0,1.0,12.0,2024-01-09 20:56:00+00:00,2024-01-09 20:56:00+00:00,2024-01-09 20:57:00+00:00,2024-01-09 20:57:00+00:00,momentum_long_late_8346db7cf1cc,1,market,0.0,1,1,4,32,49380.0
362954,362955,362955,362955,closed,stop,18775.0,18771.0,18775.25,18770.75,18771.0,18807.0,-4.0,-4.5,-5.0,-100.0,10.0,0.5,1.0,1.0,8.75,2024-01-09 20:57:00+00:00,2024-01-09 20:57:00+00:00,2024-01-09 20:58:00+00:00,2024-01-09 20:58:00+00:00,momentum_long_late_8346db7cf1cc,1,market,0.0,1,1,4,32,49280.0
364206,364207,364207,364207,closed,timeout,18872.5,18875.25,18872.75,18875.0,18868.5,18904.5,2.75,2.25,1.75,35.0,10.0,0.5,1.0,1.0,1.75,2024-01-10 19:04:00+00:00,2024-01-10 19:04:00+00:00,2024-01-10 19:05:00+00:00,2024-01-10 19:05:00+00:00,momentum_long_late_8346db7cf1cc,1,market,0.0,1,1,4,32,49315.0
364207,364208,364208,364208,closed,timeout,18875.25,18873.75,18875.5,18873.5,18871.25,18907.25,-1.5,-2.0,-2.5,-50.0,10.0,0.5,1.0,1.0,2.0,2024-01-10 19:05:00+00:00,2024-01-10 19:05:00+00:00,2024-01-10 19:06:00+00:00,2024-01-10 19:06:00+00:00,momentum_long_late_8346db7cf1cc,1,market,0.0,1,1,4,32,49265.0
364209,364210,364210,364210,closed,timeout,18875.0,18876.75,18875.25,18876.5,18871.0,18907.0,1.75,1.25,0.75,15.0,10.0,0.5,1.0,1.0,1.0,2024-01-10 19:07:00+00:00,2024-01-10 19:07:00+00:00,2024-01-10 19:08:00+00:00,2024-01-10 19:08:00+00:00,momentum_long_late_8346db7cf1cc,1,market,0.0,1,1,4,32,49280.0
364210,364211,364211,364211,closed,stop,18876.75,18872.75,18877.0,18872.5,18872.75,18908.75,-4.0,-4.5,-5.0,-100.0,10.0,0.5,1.0,1.0,5.25,2024-01-10 19:08:00+00:00,2024-01-10 19:08:00+00:00,2024-01-10 19:09:00+00:00,2024-01-10 19:09:00+00:00,momentum_long_late_8346db7cf1cc,1,market,0.0,1,1,4,32,49180.0
364214,364215,364215,364215,closed,timeout,18881.0,18886.0,18881.25,18885.75,18877.0,18913.0,5.0,4.5,4.0,80.0,10.0,0.5,1.0,1.0,0.25,2024-01-10 19:12:00+00:00,2024-01-10 19:12:00+00:00,2024-01-10 19:13:00+00:00,2024-01-10 19:13:00+00:00,momentum_long_late_8346db7cf1cc,1,market,0.0,1,1,4,32,49260.0
364215,364216,364216,364216,closed,timeout,18886.5,18897.25,18886.75,18897.0,18882.5,18918.5,10.75,10.25,9.75,195.0,10.0,0.5,1.0,1.0,0.25,2024-01-10 19:13:00+00:00,2024-01-10 19:13:00+00:00,2024-01-10 19:14:00+00:00,2024-01-10 19:14:00+00:00,momentum_long_late_8346db7cf1cc,1,market,0.0,1,1,4,32,49455.0
364216,364217,364217,364217,closed,stop,18897.25,18893.25,18897.5,18893.0,18893.25,18929.25,-4.0,-4.5,-5.0,-100.0,10.0,0.5,1.0,1.0,7.0,2024-01-10 19:14:00+00:00,2024-01-10 19:14:00+00:00,2024-01-10 19:15:00+00:00,2024-01-10 19:15:00+00:00,momentum_long_late_8346db7cf1cc,1,market,0.0,1,1,4,32,49355.0
364218,364219,364219,364219,closed,timeout,18895.75,18899.0,18896.0,18898.75,18891.75,18927.75,3.25,2.75,2.25,45.0,10.0,0.5,1.0,1.0,1.0,2024-01-10 19:16:00+00:00,2024-01-10 19:16:00+00:00,2024-01-10 19:17:00+00:00,2024-01-10 19:17:00+00:00,momentum_long_late_8346db7cf1cc,1,market,0.0,1,1,4,32,49400.0
364219,364220,364220,364220,closed,stop,18899.5,18895.5,18899.75,18895.25,18895.5,18931.5,-4.0,-4.5,-5.0,-100.0,10.0,0.5,1.0,1.0,9.5,2024-01-10 19:17:00+00:00,2024-01-10 19:17:00+00:00,2024-01-10 19:18:00+00:00,2024-01-10 19:18:00+00:00,momentum_long_late_8346db7cf1cc,1,market,0.0,1,1,4,32,49300.0
364253,364254,364254,364254,closed,timeout,18906.0,18912.25,18906.25,18912.0,18902.0,18938.0,6.25,5.75,5.25,105.0,10.0,0.5,1.0,1.0,1.25,2024-01-10 19:51:00+00:00,2024-01-10 19:51:00+00:00,2024-01-10 19:52:00+00:00,2024-01-10 19:52:00+00:00,momentum_long_late_8346db7cf1cc,1,market,0.0,1,1,4,32,49405.0
364254,364255,364255,364255,closed,timeout,18912.0,18914.75,18912.25,18914.5,18908.0,18944.0,2.75,2.25,1.75,35.0,10.0,0.5,1.0,1.0,2.5,2024-01-10 19:52:00+00:00,2024-01-10 19:52:00+00:00,2024-01-10 19:53:00+00:00,2024-01-10 19:53:00+00:00,momentum_long_late_8346db7cf1cc,1,market,0.0,1,1,4,32,49440.0
364255,364256,364256,364256,closed,stop,18914.75,18910.75,18915.0,18910.5,18910.75,18946.75,-4.0,-4.5,-5.0,-100.0,10.0,0.5,1.0,1.0,4.25,2024-01-10 19:53:00+00:00,2024-01-10 19:53:00+00:00,2024-01-10 19:54:00+00:00,2024-01-10 19:54:00+00:00,momentum_long_late_8346db7cf1cc,1,market,0.0,1,1,4,32,49340.0
364256,364257,364257,364257,closed,timeout,18911.25,18914.25,18911.5,18914.0,18907.25,18943.25,3.0,2.5,2.0,40.0,10.0,0.5,1.0,1.0,1.75,2024-01-10 19:54:00+00:00,2024-01-10 19:54:00+00:00,2024-01-10 19:55:00+00:00,2024-01-10 19:55:00+00:00,momentum_long_late_8346db7cf1cc,1,market,0.0,1,1,4,32,49380.0
364257,364258,364258,364258,closed,timeout,18914.25,18916.5,18914.5,18916.25,18910.25,18946.25,2.25,1.75,1.25,25.0,10.0,0.5,1.0,1.0,0.75,2024-01-10 19:55:00+00:00,2024-01-10 19:55:00+00:00,2024-01-10 19:56:00+00:00,2024-01-10 19:56:00+00:00,momentum_long_late_8346db7cf1cc,1,market,0.0,1,1,4,32,49405.0
364258,364259,364259,364259,closed,timeout,18916.25,18916.5,18916.5,18916.25,18912.25,18948.25,0.25,-0.25,-0.75,-15.0,10.0,0.5,1.0,1.0,0.75,2024-01-10 19:56:00+00:00,2024-01-10 19:56:00+00:00,2024-01-10 19:57:00+00:00,2024-01-10 19:57:00+00:00,momentum_long_late_8346db7cf1cc,1,market,0.0,1,1,4,32,49390.0
364261,364262,364262,364262,closed,timeout,18918.75,18921.75,18919.0,18921.5,18914.75,18950.75,3.0,2.5,2.0,40.0,10.0,0.5,1.0,1.0,0.25,2024-01-10 19:59:00+00:00,2024-01-10 19:59:00+00:00,2024-01-10 20:00:00+00:00,2024-01-10 20:00:00+00:00,momentum_long_late_8346db7cf1cc,1,market,0.0,1,1,4,32,49430.0
364262,364263,364263,364263,closed,stop,18921.75,18917.75,18922.0,18917.5,18917.75,18953.75,-4.0,-4.5,-5.0,-100.0,10.0,0.5,1.0,1.0,9.5,2024-01-10 20:00:00+00:00,2024-01-10 20:00:00+00:00,2024-01-10 20:01:00+00:00,2024-01-10 20:01:00+00:00,momentum_long_late_8346db7cf1cc,1,market,0.0,1,1,4,32,49330.0
365567,365568,365568,365568,closed,timeout,18875.0,18883.5,18875.25,18883.25,18871.0,18907.0,8.5,8.0,7.5,150.0,10.0,0.5,1.0,1.0,1.25,2024-01-11 19:00:00+00:00,2024-01-11 19:00:00+00:00,2024-01-11 19:01:00+00:00,2024-01-11 19:01:00+00:00,momentum_long_late_8346db7cf1cc,1,market,0.0,1,1,4,32,49480.0
365568,365569,365569,365569,closed,stop,18884.0,18880.0,18884.25,18879.75,18880.0,18916.0,-4.0,-4.5,-5.0,-100.0,10.0,0.5,1.0,1.0,12.0,2024-01-11 19:01:00+00:00,2024-01-11 19:01:00+00:00,2024-01-11 19:02:00+00:00,2024-01-11 19:02:00+00:00,momentum_long_late_8346db7cf1cc,1,market,0.0,1,1,4,32,49380.0
365600,365601,365601,365601,closed,stop,18894.25,18890.25,18894.5,18890.0,18890.25,18926.25,-4.0,-4.5,-5.0,-100.0,10.0,0.5,1.0,1.0,10.5,2024-01-11 19:33:00+00:00,2024-01-11 19:33:00+00:00,2024-01-11 19:34:00+00:00,2024-01-11 19:34:00+00:00,momentum_long_late_8346db7cf1cc,1,market,0.0,1,1,4,32,49280.0
365625,365626,365626,365626,closed,stop,18920.75,18916.75,18921.0,18916.5,18916.75,18952.75,-4.0,-4.5,-5.0,-100.0,10.0,0.5,1.0,1.0,4.75,2024-01-11 19:58:00+00:00,2024-01-11 19:58:00+00:00,2024-01-11 19:59:00+00:00,2024-01-11 19:59:00+00:00,momentum_long_late_8346db7cf1cc,1,market,0.0,1,1,4,32,49180.0
365626,365627,365627,365627,closed,timeout,18917.0,18916.25,18917.25,18916.0,18913.0,18949.0,-0.75,-1.25,-1.75,-35.0,10.0,0.5,1.0,1.0,3.25,2024-01-11 19:59:00+00:00,2024-01-11 19:59:00+00:00,2024-01-11 20:00:00+00:00,2024-01-11 20:00:00+00:00,momentum_long_late_8346db7cf1cc,1,market,0.0,1,1,4,32,49145.0
365627,365628,365628,365628,closed,stop,18916.25,18912.25,18916.5,18912.0,18912.25,18948.25,-4.0,-4.5,-5.0,-100.0,10.0,0.5,1.0,1.0,8.25,2024-01-11 20:00:00+00:00,2024-01-11 20:00:00+00:00,2024-01-11 20:01:00+00:00,2024-01-11 20:01:00+00:00,momentum_long_late_8346db7cf1cc,1,market,0.0,1,1,4,32,49045.0
367025,367026,367026,367026,closed,stop,18900.25,18896.25,18900.5,18896.0,18896.25,18932.25,-4.0,-4.5,-5.0,-100.0,10.0,0.5,1.0,1.0,4.75,2024-01-12 20:33:00+00:00,2024-01-12 20:33:00+00:00,2024-01-12 20:34:00+00:00,2024-01-12 20:34:00+00:00,momentum_long_late_8346db7cf1cc,1,market,0.0,1,1,4,32,48945.0
367027,367028,367028,367028,closed,stop,18905.25,18901.25,18905.5,18901.0,18901.25,18937.25,-4.0,-4.5,-5.0,-100.0,10.0,0.5,1.0,1.0,5.0,2024-01-12 20:35:00+00:00,2024-01-12 20:35:00+00:00,2024-01-12 20:36:00+00:00,2024-01-12 20:36:00+00:00,momentum_long_late_8346db7cf1cc,1,market,0.0,1,1,4,32,48845.0
369481,369482,369482,369482,closed,stop,18847.5,18843.5,18847.75,18843.25,18843.5,18879.5,-4.0,-4.5,-5.0,-100.0,10.0,0.5,1.0,1.0,4.75,2024-01-16 19:44:00+00:00,2024-01-16 19:44:00+00:00,2024-01-16 19:45:00+00:00,2024-01-16 19:45:00+00:00,momentum_long_late_8346db7cf1cc,1,market,0.0,1,1,4,32,48745.0
369486,369487,369487,369487,closed,timeout,18862.0,18865.75,18862.25,18865.5,18858.0,18894.0,3.75,3.25,2.75,55.0,10.0,0.5,1.0,1.0,1.5,2024-01-16 19:49:00+00:00,2024-01-16 19:49:00+00:00,2024-01-16 19:50:00+00:00,2024-01-16 19:50:00+00:00,momentum_long_late_8346db7cf1cc,1,market,0.0,1,1,4,32,48800.0
369487,369488,369488,369488,closed,timeout,18865.25,18865.0,18865.5,18864.75,18861.25,18897.25,-0.25,-0.75,-1.25,-25.0,10.0,0.5,1.0,1.0,0.75,2024-01-16 19:50:00+00:00,2024-01-16 19:50:00+00:00,2024-01-16 19:51:00+00:00,2024-01-16 19:51:00+00:00,momentum_long_late_8346db7cf1cc,1,market,0.0,1,1,4,32,48775.0
369488,369489,369489,369489,closed,stop,18864.75,18860.75,18865.0,18860.5,18860.75,18896.75,-4.0,-4.5,-5.0,-100.0,10.0,0.5,1.0,1.0,4.25,2024-01-16 19:51:00+00:00,2024-01-16 19:51:00+00:00,2024-01-16 19:52:00+00:00,2024-01-16 19:52:00+00:00,momentum_long_late_8346db7cf1cc,1,market,0.0,1,1,4,32,48675.0
369489,369490,369490,369490,closed,timeout,18863.25,18864.75,18863.5,18864.5,18859.25,18895.25,1.5,1.0,0.5,10.0,10.0,0.5,1.0,1.0,2.25,2024-01-16 19:52:00+00:00,2024-01-16 19:52:00+00:00,2024-01-16 19:53:00+00:00,2024-01-16 19:53:00+00:00,momentum_long_late_8346db7cf1cc,1,market,0.0,1,1,4,32,48685.0
369490,369491,369491,369491,closed,timeout,18864.5,18871.0,18864.75,18870.75,18860.5,18896.5,6.5,6.0,5.5,110.0,10.0,0.5,1.0,1.0,0.75,2024-01-16 19:53:00+00:00,2024-01-16 19:53:00+00:00,2024-01-16 19:54:00+00:00,2024-01-16 19:54:00+00:00,momentum_long_late_8346db7cf1cc,1,market,0.0,1,1,4,32,48795.0
369491,369492,369492,369492,closed,stop,18871.0,18867.0,18871.25,18866.75,18867.0,18903.0,-4.0,-4.5,-5.0,-100.0,10.0,0.5,1.0,1.0,6.25,2024-01-16 19:54:00+00:00,2024-01-16 19:54:00+00:00,2024-01-16 19:55:00+00:00,2024-01-16 19:55:00+00:00,momentum_long_late_8346db7cf1cc,1,market,0.0,1,1,4,32,48695.0
369509,369510,369510,369510,closed,stop,18882.75,18878.75,18883.0,18878.5,18878.75,18914.75,-4.0,-4.5,-5.0,-100.0,10.0,0.5,1.0,1.0,4.5,2024-01-16 20:12:00+00:00,2024-01-16 20:12:00+00:00,2024-01-16 20:13:00+00:00,2024-01-16 20:13:00+00:00,momentum_long_late_8346db7cf1cc,1,market,0.0,1,1,4,32,48595.0
369543,369544,369544,369544,closed,stop,18886.0,18882.0,18886.25,18881.75,18882.0,18918.0,-4.0,-4.5,-5.0,-100.0,10.0,0.5,1.0,1.0,14.75,2024-01-16 20:46:00+00:00,2024-01-16 20:46:00+00:00,2024-01-16 20:47:00+00:00,2024-01-16 20:47:00+00:00,momentum_long_late_8346db7cf1cc,1,market,0.0,1,1,4,32,48495.0
369554,369555,369555,369555,closed,timeout,18897.25,18899.5,18897.5,18899.25,18893.25,18929.25,2.25,1.75,1.25,25.0,10.0,0.5,1.0,1.0,1.75,2024-01-16 20:57:00+00:00,2024-01-16 20:57:00+00:00,2024-01-16 20:58:00+00:00,2024-01-16 20:58:00+00:00,momentum_long_late_8346db7cf1cc,1,market,0.0,1,1,4,32,48520.0
369555,369556,369556,369556,closed,timeout,18899.75,18906.25,18900.0,18906.0,18895.75,18931.75,6.5,6.0,5.5,110.0,10.0,0.5,1.0,1.0,0.5,2024-01-16 20:58:00+00:00,2024-01-16 20:58:00+00:00,2024-01-16 20:59:00+00:00,2024-01-16 20:59:00+00:00,momentum_long_late_8346db7cf1cc,1,market,0.0,1,1,4,32,48630.0
369556,369557,369557,369557,closed,timeout,18906.5,18909.0,18906.75,18908.75,18902.5,18938.5,2.5,2.0,1.5,30.0,10.0,0.5,1.0,1.0,2.0,2024-01-16 20:59:00+00:00,2024-01-16 20:59:00+00:00,2024-01-16 21:00:00+00:00,2024-01-16 21:00:00+00:00,momentum_long_late_8346db7cf1cc,1,market,0.0,1,1,4,32,48660.0
370804,370805,370805,370805,closed,stop,18709.5,18705.5,18709.75,18705.25,18705.5,18741.5,-4.0,-4.5,-5.0,-100.0,10.0,0.5,1.0,1.0,4.5,2024-01-17 19:02:00+00:00,2024-01-17 19:02:00+00:00,2024-01-17 19:03:00+00:00,2024-01-17 19:03:00+00:00,momentum_long_late_8346db7cf1cc,1,market,0.0,1,1,4,32,48560.0
370805,370806,370806,370806,closed,stop,18709.0,18705.0,18709.25,18704.75,18705.0,18741.0,-4.0,-4.5,-5.0,-100.0,10.0,0.5,1.0,1.0,6.75,2024-01-17 19:03:00+00:00,2024-01-17 19:03:00+00:00,2024-01-17 19:04:00+00:00,2024-01-17 19:04:00+00:00,momentum_long_late_8346db7cf1cc,1,market,0.0,1,1,4,32,48460.0
370824,370825,370825,370825,closed,timeout,18730.0,18733.0,18730.25,18732.75,18726.0,18762.0,3.0,2.5,2.0,40.0,10.0,0.5,1.0,1.0,0.75,2024-01-17 19:22:00+00:00,2024-01-17 19:22:00+00:00,2024-01-17 19:23:00+00:00,2024-01-17 19:23:00+00:00,momentum_long_late_8346db7cf1cc,1,market,0.0,1,1,4,32,48500.0
370825,370826,370826,370826,closed,timeout,18733.5,18740.5,18733.75,18740.25,18729.5,18765.5,7.0,6.5,6.0,120.0,10.0,0.5,1.0,1.0,0.25,2024-01-17 19:23:00+00:00,2024-01-17 19:23:00+00:00,2024-01-17 19:24:00+00:00,2024-01-17 19:24:00+00:00,momentum_long_late_8346db7cf1cc,1,market,0.0,1,1,4,32,48620.0
370826,370827,370827,370827,closed,timeout,18740.0,18741.0,18740.25,18740.75,18736.0,18772.0,1.0,0.5,0.0,0.0,10.0,0.5,1.0,1.0,1.25,2024-01-17 19:24:00+00:00,2024-01-17 19:24:00+00:00,2024-01-17 19:25:00+00:00,2024-01-17 19:25:00+00:00,momentum_long_late_8346db7cf1cc,1,market,0.0,1,1,4,32,48620.0
370827,370828,370828,370828,closed,timeout,18740.5,18743.25,18740.75,18743.0,18736.5,18772.5,2.75,2.25,1.75,35.0,10.0,0.5,1.0,1.0,1.0,2024-01-17 19:25:00+00:00,2024-01-17 19:25:00+00:00,2024-01-17 19:26:00+00:00,2024-01-17 19:26:00+00:00,momentum_long_late_8346db7cf1cc,1,market,0.0,1,1,4,32,48655.0
370828,370829,370829,370829,closed,timeout,18743.0,18743.0,18743.25,18742.75,18739.0,18775.0,0.0,-0.5,-1.0,-20.0,10.0,0.5,1.0,1.0,2.5,2024-01-17 19:26:00+00:00,2024-01-17 19:26:00+00:00,2024-01-17 19:27:00+00:00,2024-01-17 19:27:00+00:00,momentum_long_late_8346db7cf1cc,1,market,0.0,1,1,4,32,48635.0
370829,370830,370830,370830,closed,stop,18742.5,18738.5,18742.75,18738.25,18738.5,18774.5,-4.0,-4.5,-5.0,-100.0,10.0,0.5,1.0,1.0,8.5,2024-01-17 19:27:00+00:00,2024-01-17 19:27:00+00:00,2024-01-17 19:28:00+00:00,2024-01-17 19:28:00+00:00,momentum_long_late_8346db7cf1cc,1,market,0.0,1,1,4,32,48535.0
370834,370835,370835,370835,closed,timeout,18753.25,18755.0,18753.5,18754.75,18749.25,18785.25,1.75,1.25,0.75,15.0,10.0,0.5,1.0,1.0,2.5,2024-01-17 19:32:00+00:00,2024-01-17 19:32:00+00:00,2024-01-17 19:33:00+00:00,2024-01-17 19:33:00+00:00,momentum_long_late_8346db7cf1cc,1,market,0.0,1,1,4,32,48550.0
370835,370836,370836,370836,closed,stop,18755.0,18751.0,18755.25,18750.75,18751.0,18787.0,-4.0,-4.5,-5.0,-100.0,10.0,0.5,1.0,1.0,5.25,2024-01-17 19:33:00+00:00,2024-01-17 19:33:00+00:00,2024-01-17 19:34:00+00:00,2024-01-17 19:34:00+00:00,momentum_long_late_8346db7cf1cc,1,market,0.0,1,1,4,32,48450.0
370842,370843,370843,370843,closed,timeout,18758.5,18763.75,18758.75,18763.5,18754.5,18790.5,5.25,4.75,4.25,85.0,10.0,0.5,1.0,1.0,0.25,2024-01-17 19:40:00+00:00,2024-01-17 19:40:00+00:00,2024-01-17 19:41:00+00:00,2024-01-17 19:41:00+00:00,momentum_long_late_8346db7cf1cc,1,market,0.0,1,1,4,32,48535.0
370843,370844,370844,370844,closed,stop,18763.75,18759.75,18764.0,18759.5,18759.75,18795.75,-4.0,-4.5,-5.0,-100.0,10.0,0.5,1.0,1.0,8.25,2024-01-17 19:41:00+00:00,2024-01-17 19:41:00+00:00,2024-01-17 19:42:00+00:00,2024-01-17 19:42:00+00:00,momentum_long_late_8346db7cf1cc,1,market,0.0,1,1,4,32,48435.0
370845,370846,370846,370846,closed,timeout,18770.0,18776.75,18770.25,18776.5,18766.0,18802.0,6.75,6.25,5.75,115.0,10.0,0.5,1.0,1.0,1.25,2024-01-17 19:43:00+00:00,2024-01-17 19:43:00+00:00,2024-01-17 19:44:00+00:00,2024-01-17 19:44:00+00:00,momentum_long_late_8346db7cf1cc,1,market,0.0,1,1,4,32,48550.0
370846,370847,370847,370847,closed,timeout,18776.25,18780.75,18776.5,18780.5,18772.25,18808.25,4.5,4.0,3.5,70.0,10.0,0.5,1.0,1.0,1.0,2024-01-17 19:44:00+00:00,2024-01-17 19:44:00+00:00,2024-01-17 19:45:00+00:00,2024-01-17 19:45:00+00:00,momentum_long_late_8346db7cf1cc,1,market,0.0,1,1,4,32,48620.0
370847,370848,370848,370848,closed,stop,18781.0,18777.0,18781.25,18776.75,18777.0,18813.0,-4.0,-4.5,-5.0,-100.0,10.0,0.5,1.0,1.0,7.0,2024-01-17 19:45:00+00:00,2024-01-17 19:45:00+00:00,2024-01-17 19:46:00+00:00,2024-01-17 19:46:00+00:00,momentum_long_late_8346db7cf1cc,1,market,0.0,1,1,4,32,48520.0
370848,370849,370849,370849,closed,stop,18778.25,18774.25,18778.5,18774.0,18774.25,18810.25,-4.0,-4.5,-5.0,-100.0,10.0,0.5,1.0,1.0,8.25,2024-01-17 19:46:00+00:00,2024-01-17 19:46:00+00:00,2024-01-17 19:47:00+00:00,2024-01-17 19:47:00+00:00,momentum_long_late_8346db7cf1cc,1,market,0.0,1,1,4,32,48420.0
370849,370850,370850,370850,closed,timeout,18773.5,18777.75,18773.75,18777.5,18769.5,18805.5,4.25,3.75,3.25,65.0,10.0,0.5,1.0,1.0,2.25,2024-01-17 19:47:00+00:00,2024-01-17 19:47:00+00:00,2024-01-17 19:48:00+00:00,2024-01-17 19:48:00+00:00,momentum_long_late_8346db7cf1cc,1,market,0.0,1,1,4,32,48485.0
370850,370851,370851,370851,closed,stop,18777.75,18773.75,18778.0,18773.5,18773.75,18809.75,-4.0,-4.5,-5.0,-100.0,10.0,0.5,1.0,1.0,9.25,2024-01-17 19:48:00+00:00,2024-01-17 19:48:00+00:00,2024-01-17 19:49:00+00:00,2024-01-17 19:49:00+00:00,momentum_long_late_8346db7cf1cc,1,market,0.0,1,1,4,32,48385.0
370897,370898,370898,370898,closed,timeout,18765.75,18767.75,18766.0,18767.5,18761.75,18797.75,2.0,1.5,1.0,20.0,10.0,0.5,1.0,1.0,0.75,2024-01-17 20:35:00+00:00,2024-01-17 20:35:00+00:00,2024-01-17 20:36:00+00:00,2024-01-17 20:36:00+00:00,momentum_long_late_8346db7cf1cc,1,market,0.0,1,1,4,32,48405.0
370898,370899,370899,370899,closed,timeout,18767.75,18770.5,18768.0,18770.25,18763.75,18799.75,2.75,2.25,1.75,35.0,10.0,0.5,1.0,1.0,0.75,2024-01-17 20:36:00+00:00,2024-01-17 20:36:00+00:00,2024-01-17 20:37:00+00:00,2024-01-17 20:37:00+00:00,momentum_long_late_8346db7cf1cc,1,market,0.0,1,1,4,32,48440.0
370899,370900,370900,370900,closed,timeout,18770.75,18777.5,18771.0,18777.25,18766.75,18802.75,6.75,6.25,5.75,115.0,10.0,0.5,1.0,1.0,0.25,2024-01-17 20:37:00+00:00,2024-01-17 20:37:00+00:00,2024-01-17 20:38:00+00:00,2024-01-17 20:38:00+00:00,momentum_long_late_8346db7cf1cc,1,market,0.0,1,1,4,32,48555.0
370900,370901,370901,370901,closed,timeout,18777.75,18778.25,18778.0,18778.0,18773.75,18809.75,0.5,0.0,-0.5,-10.0,10.0,0.5,1.0,1.0,3.0,2024-01-17 20:38:00+00:00,2024-01-17 20:38:00+00:00,2024-01-17 20:39:00+00:00,2024-01-17 20:39:00+00:00,momentum_long_late_8346db7cf1cc,1,market,0.0,1,1,4,32,48545.0
370901,370902,370902,370902,closed,timeout,18778.0,18779.25,18778.25,18779.0,18774.0,18810.0,1.25,0.75,0.25,5.0,10.0,0.5,1.0,1.0,3.75,2024-01-17 20:39:00+00:00,2024-01-17 20:39:00+00:00,2024-01-17 20:40:00+00:00,2024-01-17 20:40:00+00:00,momentum_long_late_8346db7cf1cc,1,market,0.0,1,1,4,32,48550.0
370902,370903,370903,370903,closed,timeout,18779.5,18780.0,18779.75,18779.75,18775.5,18811.5,0.5,0.0,-0.5,-10.0,10.0,0.5,1.0,1.0,3.5,2024-01-17 20:40:00+00:00,2024-01-17 20:40:00+00:00,2024-01-17 20:41:00+00:00,2024-01-17 20:41:00+00:00,momentum_long_late_8346db7cf1cc,1,market,0.0,1,1,4,32,48540.0
370903,370904,370904,370904,closed,timeout,18780.0,18778.75,18780.25,18778.5,18776.0,18812.0,-1.25,-1.75,-2.25,-45.0,10.0,0.5,1.0,1.0,3.25,2024-01-17 20:41:00+00:00,2024-01-17 20:41:00+00:00,2024-01-17 20:42:00+00:00,2024-01-17 20:42:00+00:00,momentum_long_late_8346db7cf1cc,1,market,0.0,1,1,4,32,48495.0
370904,370905,370905,370905,closed,timeout,18778.75,18780.25,18779.0,18780.0,18774.75,18810.75,1.5,1.0,0.5,10.0,10.0,0.5,1.0,1.0,2.0,2024-01-17 20:42:00+00:00,2024-01-17 20:42:00+00:00,2024-01-17 20:43:00+00:00,2024-01-17 20:43:00+00:00,momentum_long_late_8346db7cf1cc,1,market,0.0,1,1,4,32,48505.0
370913,370914,370914,370914,closed,stop,18811.25,18807.25,18811.5,18807.0,18807.25,18843.25,-4.0,-4.5,-5.0,-100.0,10.0,0.5,1.0,1.0,5.0,2024-01-17 20:51:00+00:00,2024-01-17 20:51:00+00:00,2024-01-17 20:52:00+00:00,2024-01-17 20:52:00+00:00,momentum_long_late_8346db7cf1cc,1,market,0.0,1,1,4,32,48405.0
370914,370915,370915,370915,closed,timeout,18808.25,18813.75,18808.5,18813.5,18804.25,18840.25,5.5,5.0,4.5,90.0,10.0,0.5,1.0,1.0,3.0,2024-01-17 20:52:00+00:00,2024-01-17 20:52:00+00:00,2024-01-17 20:53:00+00:00,2024-01-17 20:53:00+00:00,momentum_long_late_8346db7cf1cc,1,market,0.0,1,1,4,32,48495.0
370915,370916,370916,370916,closed,stop,18813.5,18809.5,18813.75,18809.25,18809.5,18845.5,-4.0,-4.5,-5.0,-100.0,10.0,0.5,1.0,1.0,6.5,2024-01-17 20:53:00+00:00,2024-01-17 20:53:00+00:00,2024-01-17 20:54:00+00:00,2024-01-17 20:54:00+00:00,momentum_long_late_8346db7cf1cc,1,market,0.0,1,1,4,32,48395.0
370916,370917,370917,370917,closed,stop,18816.25,18812.25,18816.5,18812.0,18812.25,18848.25,-4.0,-4.5,-5.0,-100.0,10.0,0.5,1.0,1.0,6.75,2024-01-17 20:54:00+00:00,2024-01-17 20:54:00+00:00,2024-01-17 20:55:00+00:00,2024-01-17 20:55:00+00:00,momentum_long_late_8346db7cf1cc,1,market,0.0,1,1,4,32,48295.0
370917,370918,370918,370918,closed,stop,18812.75,18808.75,18813.0,18808.5,18808.75,18844.75,-4.0,-4.5,-5.0,-100.0,10.0,0.5,1.0,1.0,4.25,2024-01-17 20:55:00+00:00,2024-01-17 20:55:00+00:00,2024-01-17 20:56:00+00:00,2024-01-17 20:56:00+00:00,momentum_long_late_8346db7cf1cc,1,market,0.0,1,1,4,32,48195.0
370919,370920,370920,370920,closed,timeout,18822.75,18820.75,18823.0,18820.5,18818.75,18854.75,-2.0,-2.5,-3.0,-60.0,10.0,0.5,1.0,1.0,4.0,2024-01-17 20:57:00+00:00,2024-01-17 20:57:00+00:00,2024-01-17 20:58:00+00:00,2024-01-17 20:58:00+00:00,momentum_long_late_8346db7cf1cc,1,market,0.0,1,1,4,32,48135.0
372169,372170,372170,372170,closed,timeout,18966.0,18969.5,18966.25,18969.25,18962.0,18998.0,3.5,3.0,2.5,50.0,10.0,0.5,1.0,1.0,0.5,2024-01-18 19:02:00+00:00,2024-01-18 19:02:00+00:00,2024-01-18 19:03:00+00:00,2024-01-18 19:03:00+00:00,momentum_long_late_8346db7cf1cc,1,market,0.0,1,1,4,32,48185.0
372170,372171,372171,372171,closed,timeout,18969.75,18972.0,18970.0,18971.75,18965.75,19001.75,2.25,1.75,1.25,25.0,10.0,0.5,1.0,1.0,1.0,2024-01-18 19:03:00+00:00,2024-01-18 19:03:00+00:00,2024-01-18 19:04:00+00:00,2024-01-18 19:04:00+00:00,momentum_long_late_8346db7cf1cc,1,market,0.0,1,1,4,32,48210.0
372171,372172,372172,372172,closed,timeout,18972.0,18973.25,18972.25,18973.0,18968.0,19004.0,1.25,0.75,0.25,5.0,10.0,0.5,1.0,1.0,1.75,2024-01-18 19:04:00+00:00,2024-01-18 19:04:00+00:00,2024-01-18 19:05:00+00:00,2024-01-18 19:05:00+00:00,momentum_long_late_8346db7cf1cc,1,market,0.0,1,1,4,32,48215.0
372172,372173,372173,372173,closed,timeout,18973.75,18971.5,18974.0,18971.25,18969.75,19005.75,-2.25,-2.75,-3.25,-65.0,10.0,0.5,1.0,1.0,2.75,2024-01-18 19:05:00+00:00,2024-01-18 19:05:00+00:00,2024-01-18 19:06:00+00:00,2024-01-18 19:06:00+00:00,momentum_long_late_8346db7cf1cc,1,market,0.0,1,1,4,32,48150.0
372173,372174,372174,372174,closed,timeout,18971.75,18971.75,18972.0,18971.5,18967.75,19003.75,0.0,-0.5,-1.0,-20.0,10.0,0.5,1.0,1.0,1.25,2024-01-18 19:06:00+00:00,2024-01-18 19:06:00+00:00,2024-01-18 19:07:00+00:00,2024-01-18 19:07:00+00:00,momentum_long_late_8346db7cf1cc,1,market,0.0,1,1,4,32,48130.0
372176,372177,372177,372177,closed,timeout,18979.25,18978.0,18979.5,18977.75,18975.25,19011.25,-1.25,-1.75,-2.25,-45.0,10.0,0.5,1.0,1.0,3.75,2024-01-18 19:09:00+00:00,2024-01-18 19:09:00+00:00,2024-01-18 19:10:00+00:00,2024-01-18 19:10:00+00:00,momentum_long_late_8346db7cf1cc,1,market,0.0,1,1,4,32,48085.0
372178,372179,372179,372179,closed,timeout,18978.5,18991.0,18978.75,18990.75,18974.5,19010.5,12.5,12.0,11.5,230.0,10.0,0.5,1.0,1.0,0.25,2024-01-18 19:11:00+00:00,2024-01-18 19:11:00+00:00,2024-01-18 19:12:00+00:00,2024-01-18 19:12:00+00:00,momentum_long_late_8346db7cf1cc,1,market,0.0,1,1,4,32,48315.0
372179,372180,372180,372180,closed,timeout,18990.5,18997.75,18990.75,18997.5,18986.5,19022.5,7.25,6.75,6.25,125.0,10.0,0.5,1.0,1.0,2.0,2024-01-18 19:12:00+00:00,2024-01-18 19:12:00+00:00,2024-01-18 19:13:00+00:00,2024-01-18 19:13:00+00:00,momentum_long_late_8346db7cf1cc,1,market,0.0,1,1,4,32,48440.0
372180,372181,372181,372181,closed,stop,18997.75,18993.75,18998.0,18993.5,18993.75,19029.75,-4.0,-4.5,-5.0,-100.0,10.0,0.5,1.0,1.0,6.0,2024-01-18 19:13:00+00:00,2024-01-18 19:13:00+00:00,2024-01-18 19:14:00+00:00,2024-01-18 19:14:00+00:00,momentum_long_late_8346db7cf1cc,1,market,0.0,1,1,4,32,48340.0
372181,372182,372182,372182,closed,timeout,18995.5,18995.25,18995.75,18995.0,18991.5,19027.5,-0.25,-0.75,-1.25,-25.0,10.0,0.5,1.0,1.0,1.75,2024-01-18 19:14:00+00:00,2024-01-18 19:14:00+00:00,2024-01-18 19:15:00+00:00,2024-01-18 19:15:00+00:00,momentum_long_late_8346db7cf1cc,1,market,0.0,1,1,4,32,48315.0
372182,372183,372183,372183,closed,timeout,18995.5,19005.0,18995.75,19004.75,18991.5,19027.5,9.5,9.0,8.5,170.0,10.0,0.5,1.0,1.0,0.25,2024-01-18 19:15:00+00:00,2024-01-18 19:15:00+00:00,2024-01-18 19:16:00+00:00,2024-01-18 19:16:00+00:00,momentum_long_late_8346db7cf1cc,1,market,0.0,1,1,4,32,48485.0
372183,372184,372184,372184,closed,timeout,19005.25,19008.5,19005.5,19008.25,19001.25,19037.25,3.25,2.75,2.25,45.0,10.0,0.5,1.0,1.0,2.0,2024-01-18 19:16:00+00:00,2024-01-18 19:16:00+00:00,2024-01-18 19:17:00+00:00,2024-01-18 19:17:00+00:00,momentum_long_late_8346db7cf1cc,1,market,0.0,1,1,4,32,48530.0
372184,372185,372185,372185,closed,stop,19008.5,19004.5,19008.75,19004.25,19004.5,19040.5,-4.0,-4.5,-5.0,-100.0,10.0,0.5,1.0,1.0,7.25,2024-01-18 19:17:00+00:00,2024-01-18 19:17:00+00:00,2024-01-18 19:18:00+00:00,2024-01-18 19:18:00+00:00,momentum_long_late_8346db7cf1cc,1,market,0.0,1,1,4,32,48430.0
372192,372193,372193,372193,closed,stop,19027.5,19023.5,19027.75,19023.25,19023.5,19059.5,-4.0,-4.5,-5.0,-100.0,10.0,0.5,1.0,1.0,4.75,2024-01-18 19:25:00+00:00,2024-01-18 19:25:00+00:00,2024-01-18 19:26:00+00:00,2024-01-18 19:26:00+00:00,momentum_long_late_8346db7cf1cc,1,market,0.0,1,1,4,32,48330.0
372195,372196,372196,372196,closed,timeout,19032.0,19035.0,19032.25,19034.75,19028.0,19064.0,3.0,2.5,2.0,40.0,10.0,0.5,1.0,1.0,2.25,2024-01-18 19:28:00+00:00,2024-01-18 19:28:00+00:00,2024-01-18 19:29:00+00:00,2024-01-18 19:29:00+00:00,momentum_long_late_8346db7cf1cc,1,market,0.0,1,1,4,32,48370.0
372196,372197,372197,372197,closed,stop,19035.25,19031.25,19035.5,19031.0,19031.25,19067.25,-4.0,-4.5,-5.0,-100.0,10.0,0.5,1.0,1.0,5.0,2024-01-18 19:29:00+00:00,2024-01-18 19:29:00+00:00,2024-01-18 19:30:00+00:00,2024-01-18 19:30:00+00:00,momentum_long_late_8346db7cf1cc,1,market,0.0,1,1,4,32,48270.0
372198,372199,372199,372199,closed,stop,19043.5,19039.5,19043.75,19039.25,19039.5,19075.5,-4.0,-4.5,-5.0,-100.0,10.0,0.5,1.0,1.0,8.0,2024-01-18 19:31:00+00:00,2024-01-18 19:31:00+00:00,2024-01-18 19:32:00+00:00,2024-01-18 19:32:00+00:00,momentum_long_late_8346db7cf1cc,1,market,0.0,1,1,4,32,48170.0
372199,372200,372200,372200,closed,stop,19038.25,19034.25,19038.5,19034.0,19034.25,19070.25,-4.0,-4.5,-5.0,-100.0,10.0,0.5,1.0,1.0,9.0,2024-01-18 19:32:00+00:00,2024-01-18 19:32:00+00:00,2024-01-18 19:33:00+00:00,2024-01-18 19:33:00+00:00,momentum_long_late_8346db7cf1cc,1,market,0.0,1,1,4,32,48070.0
372240,372241,372241,372241,closed,timeout,19051.25,19050.5,19051.5,19050.25,19047.25,19083.25,-0.75,-1.25,-1.75,-35.0,10.0,0.5,1.0,1.0,3.75,2024-01-18 20:13:00+00:00,2024-01-18 20:13:00+00:00,2024-01-18 20:14:00+00:00,2024-01-18 20:14:00+00:00,momentum_long_late_8346db7cf1cc,1,market,0.0,1,1,4,32,48035.0
372279,372280,372280,372280,closed,stop,19063.75,19059.75,19064.0,19059.5,19059.75,19095.75,-4.0,-4.5,-5.0,-100.0,10.0,0.5,1.0,1.0,6.0,2024-01-18 20:52:00+00:00,2024-01-18 20:52:00+00:00,2024-01-18 20:53:00+00:00,2024-01-18 20:53:00+00:00,momentum_long_late_8346db7cf1cc,1,market,0.0,1,1,4,32,47935.0
373538,373539,373539,373539,closed,timeout,19345.5,19352.0,19345.75,19351.75,19341.5,19377.5,6.5,6.0,5.5,110.0,10.0,0.5,1.0,1.0,0.5,2024-01-19 19:06:00+00:00,2024-01-19 19:06:00+00:00,2024-01-19 19:07:00+00:00,2024-01-19 19:07:00+00:00,momentum_long_late_8346db7cf1cc,1,market,0.0,1,1,4,32,48045.0
373539,373540,373540,373540,closed,timeout,19352.25,19355.75,19352.5,19355.5,19348.25,19384.25,3.5,3.0,2.5,50.0,10.0,0.5,1.0,1.0,2.25,2024-01-19 19:07:00+00:00,2024-01-19 19:07:00+00:00,2024-01-19 19:08:00+00:00,2024-01-19 19:08:00+00:00,momentum_long_late_8346db7cf1cc,1,market,0.0,1,1,4,32,48095.0
373540,373541,373541,373541,closed,timeout,19355.75,19354.25,19356.0,19354.0,19351.75,19387.75,-1.5,-2.0,-2.5,-50.0,10.0,0.5,1.0,1.0,2.0,2024-01-19 19:08:00+00:00,2024-01-19 19:08:00+00:00,2024-01-19 19:09:00+00:00,2024-01-19 19:09:00+00:00,momentum_long_late_8346db7cf1cc,1,market,0.0,1,1,4,32,48045.0
373541,373542,373542,373542,closed,timeout,19354.25,19352.5,19354.5,19352.25,19350.25,19386.25,-1.75,-2.25,-2.75,-55.0,10.0,0.5,1.0,1.0,4.0,2024-01-19 19:09:00+00:00,2024-01-19 19:09:00+00:00,2024-01-19 19:10:00+00:00,2024-01-19 19:10:00+00:00,momentum_long_late_8346db7cf1cc,1,market,0.0,1,1,4,32,47990.0
373542,373543,373543,373543,closed,timeout,19352.5,19355.0,19352.75,19354.75,19348.5,19384.5,2.5,2.0,1.5,30.0,10.0,0.5,1.0,1.0,0.75,2024-01-19 19:10:00+00:00,2024-01-19 19:10:00+00:00,2024-01-19 19:11:00+00:00,2024-01-19 19:11:00+00:00,momentum_long_late_8346db7cf1cc,1,market,0.0,1,1,4,32,48020.0
373543,373544,373544,373544,closed,timeout,19355.5,19356.75,19355.75,19356.5,19351.5,19387.5,1.25,0.75,0.25,5.0,10.0,0.5,1.0,1.0,2.0,2024-01-19 19:11:00+00:00,2024-01-19 19:11:00+00:00,2024-01-19 19:12:00+00:00,2024-01-19 19:12:00+00:00,momentum_long_late_8346db7cf1cc,1,market,0.0,1,1,4,32,48025.0
373546,373547,373547,373547,closed,timeout,19368.0,19369.75,19368.25,19369.5,19364.0,19400.0,1.75,1.25,0.75,15.0,10.0,0.5,1.0,1.0,0.75,2024-01-19 19:14:00+00:00,2024-01-19 19:14:00+00:00,2024-01-19 19:15:00+00:00,2024-01-19 19:15:00+00:00,momentum_long_late_8346db7cf1cc,1,market,0.0,1,1,4,32,48040.0
373547,373548,373548,373548,closed,stop,19369.5,19365.5,19369.75,19365.25,19365.5,19401.5,-4.0,-4.5,-5.0,-100.0,10.0,0.5,1.0,1.0,8.0,2024-01-19 19:15:00+00:00,2024-01-19 19:15:00+00:00,2024-01-19 19:16:00+00:00,2024-01-19 19:16:00+00:00,momentum_long_late_8346db7cf1cc,1,market,0.0,1,1,4,32,47940.0
373548,373549,373549,373549,closed,stop,19367.25,19363.25,19367.5,19363.0,19363.25,19399.25,-4.0,-4.5,-5.0,-100.0,10.0,0.5,1.0,1.0,9.0,2024-01-19 19:16:00+00:00,2024-01-19 19:16:00+00:00,2024-01-19 19:17:00+00:00,2024-01-19 19:17:00+00:00,momentum_long_late_8346db7cf1cc,1,market,0.0,1,1,4,32,47840.0
373598,373599,373599,373599,closed,stop,19378.75,19374.75,19379.0,19374.5,19374.75,19410.75,-4.0,-4.5,-5.0,-100.0,10.0,0.5,1.0,1.0,4.5,2024-01-19 20:06:00+00:00,2024-01-19 20:06:00+00:00,2024-01-19 20:07:00+00:00,2024-01-19 20:07:00+00:00,momentum_long_late_8346db7cf1cc,1,market,0.0,1,1,4,32,47740.0
373600,373601,373601,373601,closed,stop,19388.75,19384.75,19389.0,19384.5,19384.75,19420.75,-4.0,-4.5,-5.0,-100.0,10.0,0.5,1.0,1.0,9.5,2024-01-19 20:08:00+00:00,2024-01-19 20:08:00+00:00,2024-01-19 20:09:00+00:00,2024-01-19 20:09:00+00:00,momentum_long_late_8346db7cf1cc,1,market,0.0,1,1,4,32,47640.0
374986,374987,374987,374987,closed,timeout,19428.75,19426.25,19429.0,19426.0,19424.75,19460.75,-2.5,-3.0,-3.5,-70.0,10.0,0.5,1.0,1.0,3.25,2024-01-22 20:29:00+00:00,2024-01-22 20:29:00+00:00,2024-01-22 20:30:00+00:00,2024-01-22 20:30:00+00:00,momentum_long_late_8346db7cf1cc,1,market,0.0,1,1,4,32,47570.0
376304,376305,376305,376305,closed,timeout,19420.5,19422.75,19420.75,19422.5,19416.5,19452.5,2.25,1.75,1.25,25.0,10.0,0.5,1.0,1.0,0.25,2024-01-23 19:42:00+00:00,2024-01-23 19:42:00+00:00,2024-01-23 19:43:00+00:00,2024-01-23 19:43:00+00:00,momentum_long_late_8346db7cf1cc,1,market,0.0,1,1,4,32,47595.0
376305,376306,376306,376306,closed,timeout,19423.0,19425.25,19423.25,19425.0,19419.0,19455.0,2.25,1.75,1.25,25.0,10.0,0.5,1.0,1.0,0.5,2024-01-23 19:43:00+00:00,2024-01-23 19:43:00+00:00,2024-01-23 19:44:00+00:00,2024-01-23 19:44:00+00:00,momentum_long_late_8346db7cf1cc,1,market,0.0,1,1,4,32,47620.0
376306,376307,376307,376307,closed,timeout,19425.25,19424.5,19425.5,19424.25,19421.25,19457.25,-0.75,-1.25,-1.75,-35.0,10.0,0.5,1.0,1.0,1.5,2024-01-23 19:44:00+00:00,2024-01-23 19:44:00+00:00,2024-01-23 19:45:00+00:00,2024-01-23 19:45:00+00:00,momentum_long_late_8346db7cf1cc,1,market,0.0,1,1,4,32,47585.0
376307,376308,376308,376308,closed,timeout,19425.0,19431.5,19425.25,19431.25,19421.0,19457.0,6.5,6.0,5.5,110.0,10.0,0.5,1.0,1.0,0.5,2024-01-23 19:45:00+00:00,2024-01-23 19:45:00+00:00,2024-01-23 19:46:00+00:00,2024-01-23 19:46:00+00:00,momentum_long_late_8346db7cf1cc,1,market,0.0,1,1,4,32,47695.0
376308,376309,376309,376309,closed,timeout,19431.5,19435.5,19431.75,19435.25,19427.5,19463.5,4.0,3.5,3.0,60.0,10.0,0.5,1.0,1.0,1.25,2024-01-23 19:46:00+00:00,2024-01-23 19:46:00+00:00,2024-01-23 19:47:00+00:00,2024-01-23 19:47:00+00:00,momentum_long_late_8346db7cf1cc,1,market,0.0,1,1,4,32,47755.0
376309,376310,376310,376310,closed,timeout,19435.75,19437.5,19436.0,19437.25,19431.75,19467.75,1.75,1.25,0.75,15.0,10.0,0.5,1.0,1.0,3.0,2024-01-23 19:47:00+00:00,2024-01-23 19:47:00+00:00,2024-01-23 19:48:00+00:00,2024-01-23 19:48:00+00:00,momentum_long_late_8346db7cf1cc,1,market,0.0,1,1,4,32,47770.0
376310,376311,376311,376311,closed,stop,19437.5,19433.5,19437.75,19433.25,19433.5,19469.5,-4.0,-4.5,-5.0,-100.0,10.0,0.5,1.0,1.0,7.0,2024-01-23 19:48:00+00:00,2024-01-23 19:48:00+00:00,2024-01-23 19:49:00+00:00,2024-01-23 19:49:00+00:00,momentum_long_late_8346db7cf1cc,1,market,0.0,1,1,4,32,47670.0
376335,376336,376336,376336,closed,stop,19460.0,19456.0,19460.25,19455.75,19456.0,19492.0,-4.0,-4.5,-5.0,-100.0,10.0,0.5,1.0,1.0,5.25,2024-01-23 20:13:00+00:00,2024-01-23 20:13:00+00:00,2024-01-23 20:14:00+00:00,2024-01-23 20:14:00+00:00,momentum_long_late_8346db7cf1cc,1,market,0.0,1,1,4,32,47570.0
376336,376337,376337,376337,closed,timeout,19458.0,19459.0,19458.25,19458.75,19454.0,19490.0,1.0,0.5,0.0,0.0,10.0,0.5,1.0,1.0,1.25,2024-01-23 20:14:00+00:00,2024-01-23 20:14:00+00:00,2024-01-23 20:15:00+00:00,2024-01-23 20:15:00+00:00,momentum_long_late_8346db7cf1cc,1,market,0.0,1,1,4,32,47570.0
376337,376338,376338,376338,closed,timeout,19458.75,19457.5,19459.0,19457.25,19454.75,19490.75,-1.25,-1.75,-2.25,-45.0,10.0,0.5,1.0,1.0,3.25,2024-01-23 20:15:00+00:00,2024-01-23 20:15:00+00:00,2024-01-23 20:16:00+00:00,2024-01-23 20:16:00+00:00,momentum_long_late_8346db7cf1cc,1,market,0.0,1,1,4,32,47525.0
376373,376374,376374,376374,closed,timeout,19460.25,19462.25,19460.5,19462.0,19456.25,19492.25,2.0,1.5,1.0,20.0,10.0,0.5,1.0,1.0,2.5,2024-01-23 20:51:00+00:00,2024-01-23 20:51:00+00:00,2024-01-23 20:52:00+00:00,2024-01-23 20:52:00+00:00,momentum_long_late_8346db7cf1cc,1,market,0.0,1,1,4,32,47545.0
376375,376376,376376,376376,closed,stop,19465.75,19461.75,19466.0,19461.5,19461.75,19497.75,-4.0,-4.5,-5.0,-100.0,10.0,0.5,1.0,1.0,5.5,2024-01-23 20:53:00+00:00,2024-01-23 20:53:00+00:00,2024-01-23 20:54:00+00:00,2024-01-23 20:54:00+00:00,momentum_long_late_8346db7cf1cc,1,market,0.0,1,1,4,32,47445.0
376378,376379,376379,376379,closed,stop,19478.75,19474.75,19479.0,19474.5,19474.75,19510.75,-4.0,-4.5,-5.0,-100.0,10.0,0.5,1.0,1.0,9.5,2024-01-23 20:56:00+00:00,2024-01-23 20:56:00+00:00,2024-01-23 20:57:00+00:00,2024-01-23 20:57:00+00:00,momentum_long_late_8346db7cf1cc,1,market,0.0,1,1,4,32,47345.0
376380,376381,376381,376381,closed,stop,19478.5,19474.5,19478.75,19474.25,19474.5,19510.5,-4.0,-4.5,-5.0,-100.0,10.0,0.5,1.0,1.0,4.75,2024-01-23 20:58:00+00:00,2024-01-23 20:58:00+00:00,2024-01-23 20:59:00+00:00,2024-01-23 20:59:00+00:00,momentum_long_late_8346db7cf1cc,1,market,0.0,1,1,4,32,47245.0
376381,376382,376382,376382,closed,stop,19475.25,19471.25,19475.5,19471.0,19471.25,19507.25,-4.0,-4.5,-5.0,-100.0,10.0,0.5,1.0,1.0,8.0,2024-01-23 20:59:00+00:00,2024-01-23 20:59:00+00:00,2024-01-23 21:00:00+00:00,2024-01-23 21:00:00+00:00,momentum_long_late_8346db7cf1cc,1,market,0.0,1,1,4,32,47145.0
377671,377672,377672,377672,closed,timeout,19616.25,19619.75,19616.5,19619.5,19612.25,19648.25,3.5,3.0,2.5,50.0,10.0,0.5,1.0,1.0,0.5,2024-01-24 19:44:00+00:00,2024-01-24 19:44:00+00:00,2024-01-24 19:45:00+00:00,2024-01-24 19:45:00+00:00,momentum_long_late_8346db7cf1cc,1,market,0.0,1,1,4,32,47195.0
377672,377673,377673,377673,closed,timeout,19619.75,19626.5,19620.0,19626.25,19615.75,19651.75,6.75,6.25,5.75,115.0,10.0,0.5,1.0,1.0,1.75,2024-01-24 19:45:00+00:00,2024-01-24 19:45:00+00:00,2024-01-24 19:46:00+00:00,2024-01-24 19:46:00+00:00,momentum_long_late_8346db7cf1cc,1,market,0.0,1,1,4,32,47310.0
377673,377674,377674,377674,closed,stop,19626.25,19622.25,19626.5,19622.0,19622.25,19658.25,-4.0,-4.5,-5.0,-100.0,10.0,0.5,1.0,1.0,6.5,2024-01-24 19:46:00+00:00,2024-01-24 19:46:00+00:00,2024-01-24 19:47:00+00:00,2024-01-24 19:47:00+00:00,momentum_long_late_8346db7cf1cc,1,market,0.0,1,1,4,32,47210.0
377675,377676,377676,377676,closed,timeout,19622.0,19627.25,19622.25,19627.0,19618.0,19654.0,5.25,4.75,4.25,85.0,10.0,0.5,1.0,1.0,2.75,2024-01-24 19:48:00+00:00,2024-01-24 19:48:00+00:00,2024-01-24 19:49:00+00:00,2024-01-24 19:49:00+00:00,momentum_long_late_8346db7cf1cc,1,market,0.0,1,1,4,32,47295.0
377676,377677,377677,377677,closed,stop,19627.5,19623.5,19627.75,19623.25,19623.5,19659.5,-4.0,-4.5,-5.0,-100.0,10.0,0.5,1.0,1.0,5.75,2024-01-24 19:49:00+00:00,2024-01-24 19:49:00+00:00,2024-01-24 19:50:00+00:00,2024-01-24 19:50:00+00:00,momentum_long_late_8346db7cf1cc,1,market,0.0,1,1,4,32,47195.0
377724,377725,377725,377725,closed,timeout,19588.25,19586.5,19588.5,19586.25,19584.25,19620.25,-1.75,-2.25,-2.75,-55.0,10.0,0.5,1.0,1.0,4.0,2024-01-24 20:37:00+00:00,2024-01-24 20:37:00+00:00,2024-01-24 20:38:00+00:00,2024-01-24 20:38:00+00:00,momentum_long_late_8346db7cf1cc,1,market,0.0,1,1,4,32,47140.0
377725,377726,377726,377726,closed,timeout,19585.75,19591.75,19586.0,19591.5,19581.75,19617.75,6.0,5.5,5.0,100.0,10.0,0.5,1.0,1.0,0.5,2024-01-24 20:38:00+00:00,2024-01-24 20:38:00+00:00,2024-01-24 20:39:00+00:00,2024-01-24 20:39:00+00:00,momentum_long_late_8346db7cf1cc,1,market,0.0,1,1,4,32,47240.0
377726,377727,377727,377727,closed,stop,19592.25,19588.25,19592.5,19588.0,19588.25,19624.25,-4.0,-4.5,-5.0,-100.0,10.0,0.5,1.0,1.0,6.5,2024-01-24 20:39:00+00:00,2024-01-24 20:39:00+00:00,2024-01-24 20:40:00+00:00,2024-01-24 20:40:00+00:00,momentum_long_late_8346db7cf1cc,1,market,0.0,1,1,4,32,47140.0
377727,377728,377728,377728,closed,timeout,19591.0,19593.75,19591.25,19593.5,19587.0,19623.0,2.75,2.25,1.75,35.0,10.0,0.5,1.0,1.0,1.75,2024-01-24 20:40:00+00:00,2024-01-24 20:40:00+00:00,2024-01-24 20:41:00+00:00,2024-01-24 20:41:00+00:00,momentum_long_late_8346db7cf1cc,1,market,0.0,1,1,4,32,47175.0
377728,377729,377729,377729,closed,timeout,19593.5,19599.5,19593.75,19599.25,19589.5,19625.5,6.0,5.5,5.0,100.0,10.0,0.5,1.0,1.0,0.25,2024-01-24 20:41:00+00:00,2024-01-24 20:41:00+00:00,2024-01-24 20:42:00+00:00,2024-01-24 20:42:00+00:00,momentum_long_late_8346db7cf1cc,1,market,0.0,1,1,4,32,47275.0
377729,377730,377730,377730,closed,timeout,19599.5,19598.75,19599.75,19598.5,19595.5,19631.5,-0.75,-1.25,-1.75,-35.0,10.0,0.5,1.0,1.0,2.75,2024-01-24 20:42:00+00:00,2024-01-24 20:42:00+00:00,2024-01-24 20:43:00+00:00,2024-01-24 20:43:00+00:00,momentum_long_late_8346db7cf1cc,1,market,0.0,1,1,4,32,47240.0
377730,377731,377731,377731,closed,timeout,19599.0,19600.5,19599.25,19600.25,19595.0,19631.0,1.5,1.0,0.5,10.0,10.0,0.5,1.0,1.0,0.75,2024-01-24 20:43:00+00:00,2024-01-24 20:43:00+00:00,2024-01-24 20:44:00+00:00,2024-01-24 20:44:00+00:00,momentum_long_late_8346db7cf1cc,1,market,0.0,1,1,4,32,47250.0
377731,377732,377732,377732,closed,timeout,19600.5,19602.0,19600.75,19601.75,19596.5,19632.5,1.5,1.0,0.5,10.0,10.0,0.5,1.0,1.0,0.25,2024-01-24 20:44:00+00:00,2024-01-24 20:44:00+00:00,2024-01-24 20:45:00+00:00,2024-01-24 20:45:00+00:00,momentum_long_late_8346db7cf1cc,1,market,0.0,1,1,4,32,47260.0
377732,377733,377733,377733,closed,stop,19602.0,19598.0,19602.25,19597.75,19598.0,19634.0,-4.0,-4.5,-5.0,-100.0,10.0,0.5,1.0,1.0,10.5,2024-01-24 20:45:00+00:00,2024-01-24 20:45:00+00:00,2024-01-24 20:46:00+00:00,2024-01-24 20:46:00+00:00,momentum_long_late_8346db7cf1cc,1,market,0.0,1,1,4,32,47160.0
379050,379051,379051,379051,closed,stop,19540.25,19536.25,19540.5,19536.0,19536.25,19572.25,-4.0,-4.5,-5.0,-100.0,10.0,0.5,1.0,1.0,5.25,2024-01-25 19:58:00+00:00,2024-01-25 19:58:00+00:00,2024-01-25 19:59:00+00:00,2024-01-25 19:59:00+00:00,momentum_long_late_8346db7cf1cc,1,market,0.0,1,1,4,32,47060.0
379051,379052,379052,379052,closed,timeout,19545.0,19550.5,19545.25,19550.25,19541.0,19577.0,5.5,5.0,4.5,90.0,10.0,0.5,1.0,1.0,0.25,2024-01-25 19:59:00+00:00,2024-01-25 19:59:00+00:00,2024-01-25 20:00:00+00:00,2024-01-25 20:00:00+00:00,momentum_long_late_8346db7cf1cc,1,market,0.0,1,1,4,32,47150.0
379052,379053,379053,379053,closed,stop,19550.25,19546.25,19550.5,19546.0,19546.25,19582.25,-4.0,-4.5,-5.0,-100.0,10.0,0.5,1.0,1.0,7.75,2024-01-25 20:00:00+00:00,2024-01-25 20:00:00+00:00,2024-01-25 20:01:00+00:00,2024-01-25 20:01:00+00:00,momentum_long_late_8346db7cf1cc,1,market,0.0,1,1,4,32,47050.0
379056,379057,379057,379057,closed,stop,19553.75,19549.75,19554.0,19549.5,19549.75,19585.75,-4.0,-4.5,-5.0,-100.0,10.0,0.5,1.0,1.0,4.5,2024-01-25 20:04:00+00:00,2024-01-25 20:04:00+00:00,2024-01-25 20:05:00+00:00,2024-01-25 20:05:00+00:00,momentum_long_late_8346db7cf1cc,1,market,0.0,1,1,4,32,46950.0
379087,379088,379088,379088,closed,timeout,19560.75,19567.0,19561.0,19566.75,19556.75,19592.75,6.25,5.75,5.25,105.0,10.0,0.5,1.0,1.0,0.5,2024-01-25 20:35:00+00:00,2024-01-25 20:35:00+00:00,2024-01-25 20:36:00+00:00,2024-01-25 20:36:00+00:00,momentum_long_late_8346db7cf1cc,1,market,0.0,1,1,4,32,47055.0
379088,379089,379089,379089,closed,stop,19566.75,19562.75,19567.0,19562.5,19562.75,19598.75,-4.0,-4.5,-5.0,-100.0,10.0,0.5,1.0,1.0,5.25,2024-01-25 20:36:00+00:00,2024-01-25 20:36:00+00:00,2024-01-25 20:37:00+00:00,2024-01-25 20:37:00+00:00,momentum_long_late_8346db7cf1cc,1,market,0.0,1,1,4,32,46955.0
380361,380362,380362,380362,closed,timeout,19476.5,19479.5,19476.75,19479.25,19472.5,19508.5,3.0,2.5,2.0,40.0,10.0,0.5,1.0,1.0,0.25,2024-01-26 19:04:00+00:00,2024-01-26 19:04:00+00:00,2024-01-26 19:05:00+00:00,2024-01-26 19:05:00+00:00,momentum_long_late_8346db7cf1cc,1,market,0.0,1,1,4,32,46995.0
380362,380363,380363,380363,closed,timeout,19479.75,19478.75,19480.0,19478.5,19475.75,19511.75,-1.0,-1.5,-2.0,-40.0,10.0,0.5,1.0,1.0,1.75,2024-01-26 19:05:00+00:00,2024-01-26 19:05:00+00:00,2024-01-26 19:06:00+00:00,2024-01-26 19:06:00+00:00,momentum_long_late_8346db7cf1cc,1,market,0.0,1,1,4,32,46955.0
380363,380364,380364,380364,closed,timeout,19479.5,19484.5,19479.75,19484.25,19475.5,19511.5,5.0,4.5,4.0,80.0,10.0,0.5,1.0,1.0,0.25,2024-01-26 19:06:00+00:00,2024-01-26 19:06:00+00:00,2024-01-26 19:07:00+00:00,2024-01-26 19:07:00+00:00,momentum_long_late_8346db7cf1cc,1,market,0.0,1,1,4,32,47035.0
380364,380365,380365,380365,closed,stop,19485.0,19481.0,19485.25,19480.75,19481.0,19517.0,-4.0,-4.5,-5.0,-100.0,10.0,0.5,1.0,1.0,7.75,2024-01-26 19:07:00+00:00,2024-01-26 19:07:00+00:00,2024-01-26 19:08:00+00:00,2024-01-26 19:08:00+00:00,momentum_long_late_8346db7cf1cc,1,market,0.0,1,1,4,32,46935.0
380398,380399,380399,380399,closed,timeout,19491.25,19497.0,19491.5,19496.75,19487.25,19523.25,5.75,5.25,4.75,95.0,10.0,0.5,1.0,1.0,3.25,2024-01-26 19:41:00+00:00,2024-01-26 19:41:00+00:00,2024-01-26 19:42:00+00:00,2024-01-26 19:42:00+00:00,momentum_long_late_8346db7cf1cc,1,market,0.0,1,1,4,32,47030.0
380399,380400,380400,380400,closed,stop,19497.0,19493.0,19497.25,19492.75,19493.0,19529.0,-4.0,-4.5,-5.0,-100.0,10.0,0.5,1.0,1.0,7.0,2024-01-26 19:42:00+00:00,2024-01-26 19:42:00+00:00,2024-01-26 19:43:00+00:00,2024-01-26 19:43:00+00:00,momentum_long_late_8346db7cf1cc,1,market,0.0,1,1,4,32,46930.0
380400,380401,380401,380401,closed,timeout,19490.75,19492.25,19491.0,19492.0,19486.75,19522.75,1.5,1.0,0.5,10.0,10.0,0.5,1.0,1.0,2.5,2024-01-26 19:43:00+00:00,2024-01-26 19:43:00+00:00,2024-01-26 19:44:00+00:00,2024-01-26 19:44:00+00:00,momentum_long_late_8346db7cf1cc,1,market,0.0,1,1,4,32,46940.0
380401,380402,380402,380402,closed,timeout,19492.25,19498.0,19492.5,19497.75,19488.25,19524.25,5.75,5.25,4.75,95.0,10.0,0.5,1.0,1.0,1.75,2024-01-26 19:44:00+00:00,2024-01-26 19:44:00+00:00,2024-01-26 19:45:00+00:00,2024-01-26 19:45:00+00:00,momentum_long_late_8346db7cf1cc,1,market,0.0,1,1,4,32,47035.0
380402,380403,380403,380403,closed,stop,19498.5,19494.5,19498.75,19494.25,19494.5,19530.5,-4.0,-4.5,-5.0,-100.0,10.0,0.5,1.0,1.0,5.0,2024-01-26 19:45:00+00:00,2024-01-26 19:45:00+00:00,2024-01-26 19:46:00+00:00,2024-01-26 19:46:00+00:00,momentum_long_late_8346db7cf1cc,1,market,0.0,1,1,4,32,46935.0
381732,381733,381733,381733,closed,timeout,19543.25,19551.25,19543.5,19551.0,19539.25,19575.25,8.0,7.5,7.0,140.0,10.0,0.5,1.0,1.0,0.75,2024-01-29 19:10:00+00:00,2024-01-29 19:10:00+00:00,2024-01-29 19:11:00+00:00,2024-01-29 19:11:00+00:00,momentum_long_late_8346db7cf1cc,1,market,0.0,1,1,4,32,47075.0
381733,381734,381734,381734,closed,timeout,19551.25,19555.0,19551.5,19554.75,19547.25,19583.25,3.75,3.25,2.75,55.0,10.0,0.5,1.0,1.0,0.25,2024-01-29 19:11:00+00:00,2024-01-29 19:11:00+00:00,2024-01-29 19:12:00+00:00,2024-01-29 19:12:00+00:00,momentum_long_late_8346db7cf1cc,1,market,0.0,1,1,4,32,47130.0
381734,381735,381735,381735,closed,timeout,19554.75,19554.5,19555.0,19554.25,19550.75,19586.75,-0.25,-0.75,-1.25,-25.0,10.0,0.5,1.0,1.0,2.25,2024-01-29 19:12:00+00:00,2024-01-29 19:12:00+00:00,2024-01-29 19:13:00+00:00,2024-01-29 19:13:00+00:00,momentum_long_late_8346db7cf1cc,1,market,0.0,1,1,4,32,47105.0
381735,381736,381736,381736,closed,timeout,19554.5,19556.5,19554.75,19556.25,19550.5,19586.5,2.0,1.5,1.0,20.0,10.0,0.5,1.0,1.0,2.25,2024-01-29 19:13:00+00:00,2024-01-29 19:13:00+00:00,2024-01-29 19:14:00+00:00,2024-01-29 19:14:00+00:00,momentum_long_late_8346db7cf1cc,1,market,0.0,1,1,4,32,47125.0
381736,381737,381737,381737,closed,timeout,19556.75,19556.0,19557.0,19555.75,19552.75,19588.75,-0.75,-1.25,-1.75,-35.0,10.0,0.5,1.0,1.0,1.25,2024-01-29 19:14:00+00:00,2024-01-29 19:14:00+00:00,2024-01-29 19:15:00+00:00,2024-01-29 19:15:00+00:00,momentum_long_late_8346db7cf1cc,1,market,0.0,1,1,4,32,47090.0
381737,381738,381738,381738,closed,timeout,19556.25,19562.25,19556.5,19562.0,19552.25,19588.25,6.0,5.5,5.0,100.0,10.0,0.5,1.0,1.0,0.5,2024-01-29 19:15:00+00:00,2024-01-29 19:15:00+00:00,2024-01-29 19:16:00+00:00,2024-01-29 19:16:00+00:00,momentum_long_late_8346db7cf1cc,1,market,0.0,1,1,4,32,47190.0
381738,381739,381739,381739,closed,timeout,19562.0,19562.0,19562.25,19561.75,19558.0,19594.0,0.0,-0.5,-1.0,-20.0,10.0,0.5,1.0,1.0,1.5,2024-01-29 19:16:00+00:00,2024-01-29 19:16:00+00:00,2024-01-29 19:17:00+00:00,2024-01-29 19:17:00+00:00,momentum_long_late_8346db7cf1cc,1,market,0.0,1,1,4,32,47170.0
381739,381740,381740,381740,closed,stop,19562.0,19558.0,19562.25,19557.75,19558.0,19594.0,-4.0,-4.5,-5.0,-100.0,10.0,0.5,1.0,1.0,4.75,2024-01-29 19:17:00+00:00,2024-01-29 19:17:00+00:00,2024-01-29 19:18:00+00:00,2024-01-29 19:18:00+00:00,momentum_long_late_8346db7cf1cc,1,market,0.0,1,1,4,32,47070.0
381763,381764,381764,381764,closed,stop,19570.75,19566.75,19571.0,19566.5,19566.75,19602.75,-4.0,-4.5,-5.0,-100.0,10.0,0.5,1.0,1.0,4.25,2024-01-29 19:41:00+00:00,2024-01-29 19:41:00+00:00,2024-01-29 19:42:00+00:00,2024-01-29 19:42:00+00:00,momentum_long_late_8346db7cf1cc,1,market,0.0,1,1,4,32,46970.0
381765,381766,381766,381766,closed,timeout,19572.0,19570.75,19572.25,19570.5,19568.0,19604.0,-1.25,-1.75,-2.25,-45.0,10.0,0.5,1.0,1.0,2.0,2024-01-29 19:43:00+00:00,2024-01-29 19:43:00+00:00,2024-01-29 19:44:00+00:00,2024-01-29 19:44:00+00:00,momentum_long_late_8346db7cf1cc,1,market,0.0,1,1,4,32,46925.0
381766,381767,381767,381767,closed,stop,19571.0,19567.0,19571.25,19566.75,19567.0,19603.0,-4.0,-4.5,-5.0,-100.0,10.0,0.5,1.0,1.0,5.25,2024-01-29 19:44:00+00:00,2024-01-29 19:44:00+00:00,2024-01-29 19:45:00+00:00,2024-01-29 19:45:00+00:00,momentum_long_late_8346db7cf1cc,1,market,0.0,1,1,4,32,46825.0
381783,381784,381784,381784,closed,timeout,19594.0,19609.0,19594.25,19608.75,19590.0,19626.0,15.0,14.5,14.0,280.0,10.0,0.5,1.0,1.0,0.25,2024-01-29 20:01:00+00:00,2024-01-29 20:01:00+00:00,2024-01-29 20:02:00+00:00,2024-01-29 20:02:00+00:00,momentum_long_late_8346db7cf1cc,1,market,0.0,1,1,4,32,47105.0
381784,381785,381785,381785,closed,stop,19609.5,19605.5,19609.75,19605.25,19605.5,19641.5,-4.0,-4.5,-5.0,-100.0,10.0,0.5,1.0,1.0,11.0,2024-01-29 20:02:00+00:00,2024-01-29 20:02:00+00:00,2024-01-29 20:03:00+00:00,2024-01-29 20:03:00+00:00,momentum_long_late_8346db7cf1cc,1,market,0.0,1,1,4,32,47005.0
381785,381786,381786,381786,closed,stop,19604.75,19600.75,19605.0,19600.5,19600.75,19636.75,-4.0,-4.5,-5.0,-100.0,10.0,0.5,1.0,1.0,13.0,2024-01-29 20:03:00+00:00,2024-01-29 20:03:00+00:00,2024-01-29 20:04:00+00:00,2024-01-29 20:04:00+00:00,momentum_long_late_8346db7cf1cc,1,market,0.0,1,1,4,32,46905.0
381786,381787,381787,381787,closed,stop,19596.75,19592.75,19597.0,19592.5,19592.75,19628.75,-4.0,-4.5,-5.0,-100.0,10.0,0.5,1.0,1.0,6.75,2024-01-29 20:04:00+00:00,2024-01-29 20:04:00+00:00,2024-01-29 20:05:00+00:00,2024-01-29 20:05:00+00:00,momentum_long_late_8346db7cf1cc,1,market,0.0,1,1,4,32,46805.0
381787,381788,381788,381788,closed,stop,19604.5,19600.5,19604.75,19600.25,19600.5,19636.5,-4.0,-4.5,-5.0,-100.0,10.0,0.5,1.0,1.0,8.75,2024-01-29 20:05:00+00:00,2024-01-29 20:05:00+00:00,2024-01-29 20:06:00+00:00,2024-01-29 20:06:00+00:00,momentum_long_late_8346db7cf1cc,1,market,0.0,1,1,4,32,46705.0
381791,381792,381792,381792,closed,stop,19618.0,19614.0,19618.25,19613.75,19614.0,19650.0,-4.0,-4.5,-5.0,-100.0,10.0,0.5,1.0,1.0,10.5,2024-01-29 20:09:00+00:00,2024-01-29 20:09:00+00:00,2024-01-29 20:10:00+00:00,2024-01-29 20:10:00+00:00,momentum_long_late_8346db7cf1cc,1,market,0.0,1,1,4,32,46605.0
381802,381803,381803,381803,closed,timeout,19641.25,19643.25,19641.5,19643.0,19637.25,19673.25,2.0,1.5,1.0,20.0,10.0,0.5,1.0,1.0,3.75,2024-01-29 20:20:00+00:00,2024-01-29 20:20:00+00:00,2024-01-29 20:21:00+00:00,2024-01-29 20:21:00+00:00,momentum_long_late_8346db7cf1cc,1,market,0.0,1,1,4,32,46625.0
381803,381804,381804,381804,closed,stop,19643.5,19639.5,19643.75,19639.25,19639.5,19675.5,-4.0,-4.5,-5.0,-100.0,10.0,0.5,1.0,1.0,5.25,2024-01-29 20:21:00+00:00,2024-01-29 20:21:00+00:00,2024-01-29 20:22:00+00:00,2024-01-29 20:22:00+00:00,momentum_long_late_8346db7cf1cc,1,market,0.0,1,1,4,32,46525.0
381804,381805,381805,381805,closed,timeout,19639.25,19638.75,19639.5,19638.5,19635.25,19671.25,-0.5,-1.0,-1.5,-30.0,10.0,0.5,1.0,1.0,1.25,2024-01-29 20:22:00+00:00,2024-01-29 20:22:00+00:00,2024-01-29 20:23:00+00:00,2024-01-29 20:23:00+00:00,momentum_long_late_8346db7cf1cc,1,market,0.0,1,1,4,32,46495.0
381805,381806,381806,381806,closed,timeout,19639.0,19645.75,19639.25,19645.5,19635.0,19671.0,6.75,6.25,5.75,115.0,10.0,0.5,1.0,1.0,0.25,2024-01-29 20:23:00+00:00,2024-01-29 20:23:00+00:00,2024-01-29 20:24:00+00:00,2024-01-29 20:24:00+00:00,momentum_long_late_8346db7cf1cc,1,market,0.0,1,1,4,32,46610.0
381806,381807,381807,381807,closed,timeout,19646.0,19646.75,19646.25,19646.5,19642.0,19678.0,0.75,0.25,-0.25,-5.0,10.0,0.5,1.0,1.0,3.25,2024-01-29 20:24:00+00:00,2024-01-29 20:24:00+00:00,2024-01-29 20:25:00+00:00,2024-01-29 20:25:00+00:00,momentum_long_late_8346db7cf1cc,1,market,0.0,1,1,4,32,46605.0
381808,381809,381809,381809,closed,timeout,19652.25,19651.75,19652.5,19651.5,19648.25,19684.25,-0.5,-1.0,-1.5,-30.0,10.0,0.5,1.0,1.0,2.25,2024-01-29 20:26:00+00:00,2024-01-29 20:26:00+00:00,2024-01-29 20:27:00+00:00,2024-01-29 20:27:00+00:00,momentum_long_late_8346db7cf1cc,1,market,0.0,1,1,4,32,46575.0
381809,381810,381810,381810,closed,stop,19651.75,19647.75,19652.0,19647.5,19647.75,19683.75,-4.0,-4.5,-5.0,-100.0,10.0,0.5,1.0,1.0,5.0,2024-01-29 20:27:00+00:00,2024-01-29 20:27:00+00:00,2024-01-29 20:28:00+00:00,2024-01-29 20:28:00+00:00,momentum_long_late_8346db7cf1cc,1,market,0.0,1,1,4,32,46475.0
381810,381811,381811,381811,closed,stop,19648.0,19644.0,19648.25,19643.75,19644.0,19680.0,-4.0,-4.5,-5.0,-100.0,10.0,0.5,1.0,1.0,8.0,2024-01-29 20:28:00+00:00,2024-01-29 20:28:00+00:00,2024-01-29 20:29:00+00:00,2024-01-29 20:29:00+00:00,momentum_long_late_8346db7cf1cc,1,market,0.0,1,1,4,32,46375.0
383115,383116,383116,383116,closed,timeout,19525.75,19524.75,19526.0,19524.5,19521.75,19557.75,-1.0,-1.5,-2.0,-40.0,10.0,0.5,1.0,1.0,2.0,2024-01-30 19:29:00+00:00,2024-01-30 19:29:00+00:00,2024-01-30 19:30:00+00:00,2024-01-30 19:30:00+00:00,momentum_long_late_8346db7cf1cc,1,market,0.0,1,1,4,32,46335.0
383118,383119,383119,383119,closed,timeout,19529.0,19534.5,19529.25,19534.25,19525.0,19561.0,5.5,5.0,4.5,90.0,10.0,0.5,1.0,1.0,0.5,2024-01-30 19:32:00+00:00,2024-01-30 19:32:00+00:00,2024-01-30 19:33:00+00:00,2024-01-30 19:33:00+00:00,momentum_long_late_8346db7cf1cc,1,market,0.0,1,1,4,32,46425.0
383119,383120,383120,383120,closed,timeout,19534.75,19533.0,19535.0,19532.75,19530.75,19566.75,-1.75,-2.25,-2.75,-55.0,10.0,0.5,1.0,1.0,3.75,2024-01-30 19:33:00+00:00,2024-01-30 19:33:00+00:00,2024-01-30 19:34:00+00:00,2024-01-30 19:34:00+00:00,momentum_long_late_8346db7cf1cc,1,market,0.0,1,1,4,32,46370.0
383120,383121,383121,383121,closed,timeout,19532.75,19533.0,19533.0,19532.75,19528.75,19564.75,0.25,-0.25,-0.75,-15.0,10.0,0.5,1.0,1.0,2.25,2024-01-30 19:34:00+00:00,2024-01-30 19:34:00+00:00,2024-01-30 19:35:00+00:00,2024-01-30 19:35:00+00:00,momentum_long_late_8346db7cf1cc,1,market,0.0,1,1,4,32,46355.0
383121,383122,383122,383122,closed,stop,19533.5,19529.5,19533.75,19529.25,19529.5,19565.5,-4.0,-4.5,-5.0,-100.0,10.0,0.5,1.0,1.0,8.5,2024-01-30 19:35:00+00:00,2024-01-30 19:35:00+00:00,2024-01-30 19:36:00+00:00,2024-01-30 19:36:00+00:00,momentum_long_late_8346db7cf1cc,1,market,0.0,1,1,4,32,46255.0
383139,383140,383140,383140,closed,stop,19541.5,19537.5,19541.75,19537.25,19537.5,19573.5,-4.0,-4.5,-5.0,-100.0,10.0,0.5,1.0,1.0,7.75,2024-01-30 19:53:00+00:00,2024-01-30 19:53:00+00:00,2024-01-30 19:54:00+00:00,2024-01-30 19:54:00+00:00,momentum_long_late_8346db7cf1cc,1,market,0.0,1,1,4,32,46155.0
383173,383174,383174,383174,closed,timeout,19539.75,19543.0,19540.0,19542.75,19535.75,19571.75,3.25,2.75,2.25,45.0,10.0,0.5,1.0,1.0,0.5,2024-01-30 20:27:00+00:00,2024-01-30 20:27:00+00:00,2024-01-30 20:28:00+00:00,2024-01-30 20:28:00+00:00,momentum_long_late_8346db7cf1cc,1,market,0.0,1,1,4,32,46200.0
383174,383175,383175,383175,closed,timeout,19543.0,19545.5,19543.25,19545.25,19539.0,19575.0,2.5,2.0,1.5,30.0,10.0,0.5,1.0,1.0,0.25,2024-01-30 20:28:00+00:00,2024-01-30 20:28:00+00:00,2024-01-30 20:29:00+00:00,2024-01-30 20:29:00+00:00,momentum_long_late_8346db7cf1cc,1,market,0.0,1,1,4,32,46230.0
383175,383176,383176,383176,closed,stop,19545.25,19541.25,19545.5,19541.0,19541.25,19577.25,-4.0,-4.5,-5.0,-100.0,10.0,0.5,1.0,1.0,5.75,2024-01-30 20:29:00+00:00,2024-01-30 20:29:00+00:00,2024-01-30 20:30:00+00:00,2024-01-30 20:30:00+00:00,momentum_long_late_8346db7cf1cc,1,market,0.0,1,1,4,32,46130.0
384490,384491,384491,384491,closed,target,19328.5,19360.5,19328.75,19360.25,19324.5,19360.5,32.0,31.5,31.0,620.0,10.0,0.5,1.0,1.0,2.75,2024-01-31 19:39:00+00:00,2024-01-31 19:39:00+00:00,2024-01-31 19:40:00+00:00,2024-01-31 19:40:00+00:00,momentum_long_late_8346db7cf1cc,1,market,0.0,1,1,4,32,46750.0
384491,384492,384492,384492,closed,stop,19365.25,19361.25,19365.5,19361.0,19361.25,19397.25,-4.0,-4.5,-5.0,-100.0,10.0,0.5,1.0,1.0,8.75,2024-01-31 19:40:00+00:00,2024-01-31 19:40:00+00:00,2024-01-31 19:41:00+00:00,2024-01-31 19:41:00+00:00,momentum_long_late_8346db7cf1cc,1,market,0.0,1,1,4,32,46650.0
384492,384493,384493,384493,closed,timeout,19371.25,19387.75,19371.5,19387.5,19367.25,19403.25,16.5,16.0,15.5,310.0,10.0,0.5,1.0,1.0,2.25,2024-01-31 19:41:00+00:00,2024-01-31 19:41:00+00:00,2024-01-31 19:42:00+00:00,2024-01-31 19:42:00+00:00,momentum_long_late_8346db7cf1cc,1,market,0.0,1,1,4,32,46960.0
384493,384494,384494,384494,closed,stop,19387.75,19383.75,19388.0,19383.5,19383.75,19419.75,-4.0,-4.5,-5.0,-100.0,10.0,0.5,1.0,1.0,7.25,2024-01-31 19:42:00+00:00,2024-01-31 19:42:00+00:00,2024-01-31 19:43:00+00:00,2024-01-31 19:43:00+00:00,momentum_long_late_8346db7cf1cc,1,market,0.0,1,1,4,32,46860.0
384494,384495,384495,384495,closed,stop,19390.75,19386.75,19391.0,19386.5,19386.75,19422.75,-4.0,-4.5,-5.0,-100.0,10.0,0.5,1.0,1.0,9.5,2024-01-31 19:43:00+00:00,2024-01-31 19:43:00+00:00,2024-01-31 19:44:00+00:00,2024-01-31 19:44:00+00:00,momentum_long_late_8346db7cf1cc,1,market,0.0,1,1,4,32,46760.0
384495,384496,384496,384496,closed,stop,19400.75,19396.75,19401.0,19396.5,19396.75,19432.75,-4.0,-4.5,-5.0,-100.0,10.0,0.5,1.0,1.0,11.75,2024-01-31 19:44:00+00:00,2024-01-31 19:44:00+00:00,2024-01-31 19:45:00+00:00,2024-01-31 19:45:00+00:00,momentum_long_late_8346db7cf1cc,1,market,0.0,1,1,4,32,46660.0
384496,384497,384497,384497,closed,timeout,19399.25,19413.25,19399.5,19413.0,19395.25,19431.25,14.0,13.5,13.0,260.0,10.0,0.5,1.0,1.0,0.5,2024-01-31 19:45:00+00:00,2024-01-31 19:45:00+00:00,2024-01-31 19:46:00+00:00,2024-01-31 19:46:00+00:00,momentum_long_late_8346db7cf1cc,1,market,0.0,1,1,4,32,46920.0
384497,384498,384498,384498,closed,stop,19413.0,19409.0,19413.25,19408.75,19409.0,19445.0,-4.0,-4.5,-5.0,-100.0,10.0,0.5,1.0,1.0,8.75,2024-01-31 19:46:00+00:00,2024-01-31 19:46:00+00:00,2024-01-31 19:47:00+00:00,2024-01-31 19:47:00+00:00,momentum_long_late_8346db7cf1cc,1,market,0.0,1,1,4,32,46820.0
384498,384499,384499,384499,closed,stop,19419.5,19415.5,19419.75,19415.25,19415.5,19451.5,-4.0,-4.5,-5.0,-100.0,10.0,0.5,1.0,1.0,30.25,2024-01-31 19:47:00+00:00,2024-01-31 19:47:00+00:00,2024-01-31 19:48:00+00:00,2024-01-31 19:48:00+00:00,momentum_long_late_8346db7cf1cc,1,market,0.0,1,1,4,32,46720.0
385826,385827,385827,385827,closed,timeout,19345.0,19345.75,19345.25,19345.5,19341.0,19377.0,0.75,0.25,-0.25,-5.0,10.0,0.5,1.0,1.0,1.75,2024-02-01 19:10:00+00:00,2024-02-01 19:10:00+00:00,2024-02-01 19:11:00+00:00,2024-02-01 19:11:00+00:00,momentum_long_late_8346db7cf1cc,1,market,0.0,1,1,4,32,46715.0
385827,385828,385828,385828,closed,stop,19345.5,19341.5,19345.75,19341.25,19341.5,19377.5,-4.0,-4.5,-5.0,-100.0,10.0,0.5,1.0,1.0,21.5,2024-02-01 19:11:00+00:00,2024-02-01 19:11:00+00:00,2024-02-01 19:12:00+00:00,2024-02-01 19:12:00+00:00,momentum_long_late_8346db7cf1cc,1,market,0.0,1,1,4,32,46615.0
385860,385861,385861,385861,closed,timeout,19346.0,19344.25,19346.25,19344.0,19342.0,19378.0,-1.75,-2.25,-2.75,-55.0,10.0,0.5,1.0,1.0,3.75,2024-02-01 19:44:00+00:00,2024-02-01 19:44:00+00:00,2024-02-01 19:45:00+00:00,2024-02-01 19:45:00+00:00,momentum_long_late_8346db7cf1cc,1,market,0.0,1,1,4,32,46560.0
385862,385863,385863,385863,closed,timeout,19353.25,19363.25,19353.5,19363.0,19349.25,19385.25,10.0,9.5,9.0,180.0,10.0,0.5,1.0,1.0,3.0,2024-02-01 19:46:00+00:00,2024-02-01 19:46:00+00:00,2024-02-01 19:47:00+00:00,2024-02-01 19:47:00+00:00,momentum_long_late_8346db7cf1cc,1,market,0.0,1,1,4,32,46740.0
385863,385864,385864,385864,closed,timeout,19362.75,19369.5,19363.0,19369.25,19358.75,19394.75,6.75,6.25,5.75,115.0,10.0,0.5,1.0,1.0,0.5,2024-02-01 19:47:00+00:00,2024-02-01 19:47:00+00:00,2024-02-01 19:48:00+00:00,2024-02-01 19:48:00+00:00,momentum_long_late_8346db7cf1cc,1,market,0.0,1,1,4,32,46855.0
385864,385865,385865,385865,closed,timeout,19369.0,19369.5,19369.25,19369.25,19365.0,19401.0,0.5,0.0,-0.5,-10.0,10.0,0.5,1.0,1.0,1.25,2024-02-01 19:48:00+00:00,2024-02-01 19:48:00+00:00,2024-02-01 19:49:00+00:00,2024-02-01 19:49:00+00:00,momentum_long_late_8346db7cf1cc,1,market,0.0,1,1,4,32,46845.0
385865,385866,385866,385866,closed,stop,19369.25,19365.25,19369.5,19365.0,19365.25,19401.25,-4.0,-4.5,-5.0,-100.0,10.0,0.5,1.0,1.0,18.25,2024-02-01 19:49:00+00:00,2024-02-01 19:49:00+00:00,2024-02-01 19:50:00+00:00,2024-02-01 19:50:00+00:00,momentum_long_late_8346db7cf1cc,1,market,0.0,1,1,4,32,46745.0
385881,385882,385882,385882,closed,timeout,19387.5,19390.0,19387.75,19389.75,19383.5,19419.5,2.5,2.0,1.5,30.0,10.0,0.5,1.0,1.0,4.0,2024-02-01 20:05:00+00:00,2024-02-01 20:05:00+00:00,2024-02-01 20:06:00+00:00,2024-02-01 20:06:00+00:00,momentum_long_late_8346db7cf1cc,1,market,0.0,1,1,4,32,46775.0
385882,385883,385883,385883,closed,stop,19390.25,19386.25,19390.5,19386.0,19386.25,19422.25,-4.0,-4.5,-5.0,-100.0,10.0,0.5,1.0,1.0,7.75,2024-02-01 20:06:00+00:00,2024-02-01 20:06:00+00:00,2024-02-01 20:07:00+00:00,2024-02-01 20:07:00+00:00,momentum_long_late_8346db7cf1cc,1,market,0.0,1,1,4,32,46675.0
385909,385910,385910,385910,closed,stop,19387.5,19383.5,19387.75,19383.25,19383.5,19419.5,-4.0,-4.5,-5.0,-100.0,10.0,0.5,1.0,1.0,7.75,2024-02-01 20:33:00+00:00,2024-02-01 20:33:00+00:00,2024-02-01 20:34:00+00:00,2024-02-01 20:34:00+00:00,momentum_long_late_8346db7cf1cc,1,market,0.0,1,1,4,32,46575.0
387184,387185,387185,387185,closed,stop,19687.75,19683.75,19688.0,19683.5,19683.75,19719.75,-4.0,-4.5,-5.0,-100.0,10.0,0.5,1.0,1.0,4.25,2024-02-02 19:03:00+00:00,2024-02-02 19:03:00+00:00,2024-02-02 19:04:00+00:00,2024-02-02 19:04:00+00:00,momentum_long_late_8346db7cf1cc,1,market,0.0,1,1,4,32,46475.0
387185,387186,387186,387186,closed,timeout,19686.5,19684.25,19686.75,19684.0,19682.5,19718.5,-2.25,-2.75,-3.25,-65.0,10.0,0.5,1.0,1.0,4.0,2024-02-02 19:04:00+00:00,2024-02-02 19:04:00+00:00,2024-02-02 19:05:00+00:00,2024-02-02 19:05:00+00:00,momentum_long_late_8346db7cf1cc,1,market,0.0,1,1,4,32,46410.0
387186,387187,387187,387187,closed,stop,19684.25,19680.25,19684.5,19680.0,19680.25,19716.25,-4.0,-4.5,-5.0,-100.0,10.0,0.5,1.0,1.0,5.75,2024-02-02 19:05:00+00:00,2024-02-02 19:05:00+00:00,2024-02-02 19:06:00+00:00,2024-02-02 19:06:00+00:00,momentum_long_late_8346db7cf1cc,1,market,0.0,1,1,4,32,46310.0
387188,387189,387189,387189,closed,stop,19688.75,19684.75,19689.0,19684.5,19684.75,19720.75,-4.0,-4.5,-5.0,-100.0,10.0,0.5,1.0,1.0,4.75,2024-02-02 19:07:00+00:00,2024-02-02 19:07:00+00:00,2024-02-02 19:08:00+00:00,2024-02-02 19:08:00+00:00,momentum_long_late_8346db7cf1cc,1,market,0.0,1,1,4,32,46210.0
387197,387198,387198,387198,closed,timeout,19701.25,19702.0,19701.5,19701.75,19697.25,19733.25,0.75,0.25,-0.25,-5.0,10.0,0.5,1.0,1.0,2.75,2024-02-02 19:16:00+00:00,2024-02-02 19:16:00+00:00,2024-02-02 19:17:00+00:00,2024-02-02 19:17:00+00:00,momentum_long_late_8346db7cf1cc,1,market,0.0,1,1,4,32,46205.0
387199,387200,387200,387200,closed,timeout,19703.0,19706.75,19703.25,19706.5,19699.0,19735.0,3.75,3.25,2.75,55.0,10.0,0.5,1.0,1.0,2.0,2024-02-02 19:18:00+00:00,2024-02-02 19:18:00+00:00,2024-02-02 19:19:00+00:00,2024-02-02 19:19:00+00:00,momentum_long_late_8346db7cf1cc,1,market,0.0,1,1,4,32,46260.0
387200,387201,387201,387201,closed,stop,19706.75,19702.75,19707.0,19702.5,19702.75,19738.75,-4.0,-4.5,-5.0,-100.0,10.0,0.5,1.0,1.0,11.75,2024-02-02 19:19:00+00:00,2024-02-02 19:19:00+00:00,2024-02-02 19:20:00+00:00,2024-02-02 19:20:00+00:00,momentum_long_late_8346db7cf1cc,1,market,0.0,1,1,4,32,46160.0
388558,388559,388559,388559,closed,timeout,19647.0,19646.75,19647.25,19646.5,19643.0,19679.0,-0.25,-0.75,-1.25,-25.0,10.0,0.5,1.0,1.0,3.75,2024-02-05 19:12:00+00:00,2024-02-05 19:12:00+00:00,2024-02-05 19:13:00+00:00,2024-02-05 19:13:00+00:00,momentum_long_late_8346db7cf1cc,1,market,0.0,1,1,4,32,46135.0
388580,388581,388581,388581,closed,timeout,19664.0,19668.75,19664.25,19668.5,19660.0,19696.0,4.75,4.25,3.75,75.0,10.0,0.5,1.0,1.0,0.5,2024-02-05 19:34:00+00:00,2024-02-05 19:34:00+00:00,2024-02-05 19:35:00+00:00,2024-02-05 19:35:00+00:00,momentum_long_late_8346db7cf1cc,1,market,0.0,1,1,4,32,46210.0
388581,388582,388582,388582,closed,timeout,19668.75,19671.0,19669.0,19670.75,19664.75,19700.75,2.25,1.75,1.25,25.0,10.0,0.5,1.0,1.0,2.0,2024-02-05 19:35:00+00:00,2024-02-05 19:35:00+00:00,2024-02-05 19:36:00+00:00,2024-02-05 19:36:00+00:00,momentum_long_late_8346db7cf1cc,1,market,0.0,1,1,4,32,46235.0
388582,388583,388583,388583,closed,timeout,19670.75,19673.75,19671.0,19673.5,19666.75,19702.75,3.0,2.5,2.0,40.0,10.0,0.5,1.0,1.0,1.75,2024-02-05 19:36:00+00:00,2024-02-05 19:36:00+00:00,2024-02-05 19:37:00+00:00,2024-02-05 19:37:00+00:00,momentum_long_late_8346db7cf1cc,1,market,0.0,1,1,4,32,46275.0
388583,388584,388584,388584,closed,stop,19674.0,19670.0,19674.25,19669.75,19670.0,19706.0,-4.0,-4.5,-5.0,-100.0,10.0,0.5,1.0,1.0,5.0,2024-02-05 19:37:00+00:00,2024-02-05 19:37:00+00:00,2024-02-05 19:38:00+00:00,2024-02-05 19:38:00+00:00,momentum_long_late_8346db7cf1cc,1,market,0.0,1,1,4,32,46175.0
388584,388585,388585,388585,closed,timeout,19673.0,19671.5,19673.25,19671.25,19669.0,19705.0,-1.5,-2.0,-2.5,-50.0,10.0,0.5,1.0,1.0,3.5,2024-02-05 19:38:00+00:00,2024-02-05 19:38:00+00:00,2024-02-05 19:39:00+00:00,2024-02-05 19:39:00+00:00,momentum_long_late_8346db7cf1cc,1,market,0.0,1,1,4,32,46125.0
388585,388586,388586,388586,closed,timeout,19671.5,19673.5,19671.75,19673.25,19667.5,19703.5,2.0,1.5,1.0,20.0,10.0,0.5,1.0,1.0,3.75,2024-02-05 19:39:00+00:00,2024-02-05 19:39:00+00:00,2024-02-05 19:40:00+00:00,2024-02-05 19:40:00+00:00,momentum_long_late_8346db7cf1cc,1,market,0.0,1,1,4,32,46145.0
388588,388589,388589,388589,closed,stop,19680.25,19676.25,19680.5,19676.0,19676.25,19712.25,-4.0,-4.5,-5.0,-100.0,10.0,0.5,1.0,1.0,5.25,2024-02-05 19:42:00+00:00,2024-02-05 19:42:00+00:00,2024-02-05 19:43:00+00:00,2024-02-05 19:43:00+00:00,momentum_long_late_8346db7cf1cc,1,market,0.0,1,1,4,32,46045.0
388634,388635,388635,388635,closed,timeout,19656.75,19656.75,19657.0,19656.5,19652.75,19688.75,0.0,-0.5,-1.0,-20.0,10.0,0.5,1.0,1.0,1.75,2024-02-05 20:28:00+00:00,2024-02-05 20:28:00+00:00,2024-02-05 20:29:00+00:00,2024-02-05 20:29:00+00:00,momentum_long_late_8346db7cf1cc,1,market,0.0,1,1,4,32,46025.0
388635,388636,388636,388636,closed,timeout,19656.5,19656.0,19656.75,19655.75,19652.5,19688.5,-0.5,-1.0,-1.5,-30.0,10.0,0.5,1.0,1.0,3.5,2024-02-05 20:29:00+00:00,2024-02-05 20:29:00+00:00,2024-02-05 20:30:00+00:00,2024-02-05 20:30:00+00:00,momentum_long_late_8346db7cf1cc,1,market,0.0,1,1,4,32,45995.0
388636,388637,388637,388637,closed,stop,19656.0,19652.0,19656.25,19651.75,19652.0,19688.0,-4.0,-4.5,-5.0,-100.0,10.0,0.5,1.0,1.0,7.0,2024-02-05 20:30:00+00:00,2024-02-05 20:30:00+00:00,2024-02-05 20:31:00+00:00,2024-02-05 20:31:00+00:00,momentum_long_late_8346db7cf1cc,1,market,0.0,1,1,4,32,45895.0
389944,389945,389945,389945,closed,timeout,19548.5,19547.0,19548.75,19546.75,19544.5,19580.5,-1.5,-2.0,-2.5,-50.0,10.0,0.5,1.0,1.0,3.25,2024-02-06 19:33:00+00:00,2024-02-06 19:33:00+00:00,2024-02-06 19:34:00+00:00,2024-02-06 19:34:00+00:00,momentum_long_late_8346db7cf1cc,1,market,0.0,1,1,4,32,45845.0
389946,389947,389947,389947,closed,timeout,19547.75,19548.5,19548.0,19548.25,19543.75,19579.75,0.75,0.25,-0.25,-5.0,10.0,0.5,1.0,1.0,2.0,2024-02-06 19:35:00+00:00,2024-02-06 19:35:00+00:00,2024-02-06 19:36:00+00:00,2024-02-06 19:36:00+00:00,momentum_long_late_8346db7cf1cc,1,market,0.0,1,1,4,32,45840.0
389960,389961,389961,389961,closed,timeout,19560.75,19562.25,19561.0,19562.0,19556.75,19592.75,1.5,1.0,0.5,10.0,10.0,0.5,1.0,1.0,2.0,2024-02-06 19:49:00+00:00,2024-02-06 19:49:00+00:00,2024-02-06 19:50:00+00:00,2024-02-06 19:50:00+00:00,momentum_long_late_8346db7cf1cc,1,market,0.0,1,1,4,32,45850.0
389961,389962,389962,389962,closed,timeout,19562.0,19563.25,19562.25,19563.0,19558.0,19594.0,1.25,0.75,0.25,5.0,10.0,0.5,1.0,1.0,0.75,2024-02-06 19:50:00+00:00,2024-02-06 19:50:00+00:00,2024-02-06 19:51:00+00:00,2024-02-06 19:51:00+00:00,momentum_long_late_8346db7cf1cc,1,market,0.0,1,1,4,32,45855.0
389962,389963,389963,389963,closed,stop,19563.0,19559.0,19563.25,19558.75,19559.0,19595.0,-4.0,-4.5,-5.0,-100.0,10.0,0.5,1.0,1.0,5.25,2024-02-06 19:51:00+00:00,2024-02-06 19:51:00+00:00,2024-02-06 19:52:00+00:00,2024-02-06 19:52:00+00:00,momentum_long_late_8346db7cf1cc,1,market,0.0,1,1,4,32,45755.0
389967,389968,389968,389968,closed,timeout,19571.0,19574.0,19571.25,19573.75,19567.0,19603.0,3.0,2.5,2.0,40.0,10.0,0.5,1.0,1.0,0.5,2024-02-06 19:56:00+00:00,2024-02-06 19:56:00+00:00,2024-02-06 19:57:00+00:00,2024-02-06 19:57:00+00:00,momentum_long_late_8346db7cf1cc,1,market,0.0,1,1,4,32,45795.0
389968,389969,389969,389969,closed,timeout,19574.75,19578.75,19575.0,19578.5,19570.75,19606.75,4.0,3.5,3.0,60.0,10.0,0.5,1.0,1.0,2.0,2024-02-06 19:57:00+00:00,2024-02-06 19:57:00+00:00,2024-02-06 19:58:00+00:00,2024-02-06 19:58:00+00:00,momentum_long_late_8346db7cf1cc,1,market,0.0,1,1,4,32,45855.0
389969,389970,389970,389970,closed,timeout,19578.5,19577.25,19578.75,19577.0,19574.5,19610.5,-1.25,-1.75,-2.25,-45.0,10.0,0.5,1.0,1.0,2.25,2024-02-06 19:58:00+00:00,2024-02-06 19:58:00+00:00,2024-02-06 19:59:00+00:00,2024-02-06 19:59:00+00:00,momentum_long_late_8346db7cf1cc,1,market,0.0,1,1,4,32,45810.0
389970,389971,389971,389971,closed,timeout,19576.75,19576.75,19577.0,19576.5,19572.75,19608.75,0.0,-0.5,-1.0,-20.0,10.0,0.5,1.0,1.0,2.0,2024-02-06 19:59:00+00:00,2024-02-06 19:59:00+00:00,2024-02-06 20:00:00+00:00,2024-02-06 20:00:00+00:00,momentum_long_late_8346db7cf1cc,1,market,0.0,1,1,4,32,45790.0
389971,389972,389972,389972,closed,stop,19577.0,19573.0,19577.25,19572.75,19573.0,19609.0,-4.0,-4.5,-5.0,-100.0,10.0,0.5,1.0,1.0,4.25,2024-02-06 20:00:00+00:00,2024-02-06 20:00:00+00:00,2024-02-06 20:01:00+00:00,2024-02-06 20:01:00+00:00,momentum_long_late_8346db7cf1cc,1,market,0.0,1,1,4,32,45690.0
389978,389979,389979,389979,closed,timeout,19587.75,19591.75,19588.0,19591.5,19583.75,19619.75,4.0,3.5,3.0,60.0,10.0,0.5,1.0,1.0,0.5,2024-02-06 20:07:00+00:00,2024-02-06 20:07:00+00:00,2024-02-06 20:08:00+00:00,2024-02-06 20:08:00+00:00,momentum_long_late_8346db7cf1cc,1,market,0.0,1,1,4,32,45750.0
389979,389980,389980,389980,closed,stop,19592.25,19588.25,19592.5,19588.0,19588.25,19624.25,-4.0,-4.5,-5.0,-100.0,10.0,0.5,1.0,1.0,7.0,2024-02-06 20:08:00+00:00,2024-02-06 20:08:00+00:00,2024-02-06 20:09:00+00:00,2024-02-06 20:09:00+00:00,momentum_long_late_8346db7cf1cc,1,market,0.0,1,1,4,32,45650.0
390025,390026,390026,390026,closed,timeout,19573.0,19576.0,19573.25,19575.75,19569.0,19605.0,3.0,2.5,2.0,40.0,10.0,0.5,1.0,1.0,0.25,2024-02-06 20:54:00+00:00,2024-02-06 20:54:00+00:00,2024-02-06 20:55:00+00:00,2024-02-06 20:55:00+00:00,momentum_long_late_8346db7cf1cc,1,market,0.0,1,1,4,32,45690.0
390026,390027,390027,390027,closed,timeout,19576.25,19591.5,19576.5,19591.25,19572.25,19608.25,15.25,14.75,14.25,285.0,10.0,0.5,1.0,1.0,1.25,2024-02-06 20:55:00+00:00,2024-02-06 20:55:00+00:00,2024-02-06 20:56:00+00:00,2024-02-06 20:56:00+00:00,momentum_long_late_8346db7cf1cc,1,market,0.0,1,1,4,32,45975.0
390027,390028,390028,390028,closed,timeout,19591.75,19592.25,19592.0,19592.0,19587.75,19623.75,0.5,0.0,-0.5,-10.0,10.0,0.5,1.0,1.0,3.5,2024-02-06 20:56:00+00:00,2024-02-06 20:56:00+00:00,2024-02-06 20:57:00+00:00,2024-02-06 20:57:00+00:00,momentum_long_late_8346db7cf1cc,1,market,0.0,1,1,4,32,45965.0
390028,390029,390029,390029,closed,timeout,19592.25,19595.75,19592.5,19595.5,19588.25,19624.25,3.5,3.0,2.5,50.0,10.0,0.5,1.0,1.0,1.0,2024-02-06 20:57:00+00:00,2024-02-06 20:57:00+00:00,2024-02-06 20:58:00+00:00,2024-02-06 20:58:00+00:00,momentum_long_late_8346db7cf1cc,1,market,0.0,1,1,4,32,46015.0
390029,390030,390030,390030,closed,timeout,19595.75,19594.25,19596.0,19594.0,19591.75,19627.75,-1.5,-2.0,-2.5,-50.0,10.0,0.5,1.0,1.0,2.0,2024-02-06 20:58:00+00:00,2024-02-06 20:58:00+00:00,2024-02-06 20:59:00+00:00,2024-02-06 20:59:00+00:00,momentum_long_late_8346db7cf1cc,1,market,0.0,1,1,4,32,45965.0
390030,390031,390031,390031,closed,timeout,19594.25,19603.0,19594.5,19602.75,19590.25,19626.25,8.75,8.25,7.75,155.0,10.0,0.5,1.0,1.0,3.75,2024-02-06 20:59:00+00:00,2024-02-06 20:59:00+00:00,2024-02-06 21:00:00+00:00,2024-02-06 21:00:00+00:00,momentum_long_late_8346db7cf1cc,1,market,0.0,1,1,4,32,46120.0
391331,391332,391332,391332,closed,timeout,19800.5,19801.0,19800.75,19800.75,19796.5,19832.5,0.5,0.0,-0.5,-10.0,10.0,0.5,1.0,1.0,3.25,2024-02-07 19:55:00+00:00,2024-02-07 19:55:00+00:00,2024-02-07 19:56:00+00:00,2024-02-07 19:56:00+00:00,momentum_long_late_8346db7cf1cc,1,market,0.0,1,1,4,32,46110.0
391332,391333,391333,391333,closed,timeout,19801.0,19798.25,19801.25,19798.0,19797.0,19833.0,-2.75,-3.25,-3.75,-75.0,10.0,0.5,1.0,1.0,3.0,2024-02-07 19:56:00+00:00,2024-02-07 19:56:00+00:00,2024-02-07 19:57:00+00:00,2024-02-07 19:57:00+00:00,momentum_long_late_8346db7cf1cc,1,market,0.0,1,1,4,32,46035.0
392689,392690,392690,392690,closed,stop,19796.5,19792.5,19796.75,19792.25,19792.5,19828.5,-4.0,-4.5,-5.0,-100.0,10.0,0.5,1.0,1.0,4.5,2024-02-08 19:48:00+00:00,2024-02-08 19:48:00+00:00,2024-02-08 19:49:00+00:00,2024-02-08 19:49:00+00:00,momentum_long_late_8346db7cf1cc,1,market,0.0,1,1,4,32,45935.0
392704,392705,392705,392705,closed,stop,19812.5,19808.5,19812.75,19808.25,19808.5,19844.5,-4.0,-4.5,-5.0,-100.0,10.0,0.5,1.0,1.0,5.5,2024-02-08 20:03:00+00:00,2024-02-08 20:03:00+00:00,2024-02-08 20:04:00+00:00,2024-02-08 20:04:00+00:00,momentum_long_late_8346db7cf1cc,1,market,0.0,1,1,4,32,45835.0
392705,392706,392706,392706,closed,stop,19809.25,19805.25,19809.5,19805.0,19805.25,19841.25,-4.0,-4.5,-5.0,-100.0,10.0,0.5,1.0,1.0,4.5,2024-02-08 20:04:00+00:00,2024-02-08 20:04:00+00:00,2024-02-08 20:05:00+00:00,2024-02-08 20:05:00+00:00,momentum_long_late_8346db7cf1cc,1,market,0.0,1,1,4,32,45735.0
394027,394028,394028,394028,closed,timeout,19982.25,19985.75,19982.5,19985.5,19978.25,20014.25,3.5,3.0,2.5,50.0,10.0,0.5,1.0,1.0,0.25,2024-02-09 19:22:00+00:00,2024-02-09 19:22:00+00:00,2024-02-09 19:23:00+00:00,2024-02-09 19:23:00+00:00,momentum_long_late_8346db7cf1cc,1,market,0.0,1,1,4,32,45785.0
394028,394029,394029,394029,closed,timeout,19985.5,19982.5,19985.75,19982.25,19981.5,20017.5,-3.0,-3.5,-4.0,-80.0,10.0,0.5,1.0,1.0,4.0,2024-02-09 19:23:00+00:00,2024-02-09 19:23:00+00:00,2024-02-09 19:24:00+00:00,2024-02-09 19:24:00+00:00,momentum_long_late_8346db7cf1cc,1,market,0.0,1,1,4,32,45705.0
394031,394032,394032,394032,closed,timeout,19988.5,19990.25,19988.75,19990.0,19984.5,20020.5,1.75,1.25,0.75,15.0,10.0,0.5,1.0,1.0,0.5,2024-02-09 19:26:00+00:00,2024-02-09 19:26:00+00:00,2024-02-09 19:27:00+00:00,2024-02-09 19:27:00+00:00,momentum_long_late_8346db7cf1cc,1,market,0.0,1,1,4,32,45720.0
394032,394033,394033,394033,closed,timeout,19990.5,19992.0,19990.75,19991.75,19986.5,20022.5,1.5,1.0,0.5,10.0,10.0,0.5,1.0,1.0,1.75,2024-02-09 19:27:00+00:00,2024-02-09 19:27:00+00:00,2024-02-09 19:28:00+00:00,2024-02-09 19:28:00+00:00,momentum_long_late_8346db7cf1cc,1,market,0.0,1,1,4,32,45730.0
394033,394034,394034,394034,closed,timeout,19991.5,19991.5,19991.75,19991.25,19987.5,20023.5,0.0,-0.5,-1.0,-20.0,10.0,0.5,1.0,1.0,4.0,2024-02-09 19:28:00+00:00,2024-02-09 19:28:00+00:00,2024-02-09 19:29:00+00:00,2024-02-09 19:29:00+00:00,momentum_long_late_8346db7cf1cc,1,market,0.0,1,1,4,32,45710.0
394034,394035,394035,394035,closed,timeout,19991.25,19992.25,19991.5,19992.0,19987.25,20023.25,1.0,0.5,0.0,0.0,10.0,0.5,1.0,1.0,0.75,2024-02-09 19:29:00+00:00,2024-02-09 19:29:00+00:00,2024-02-09 19:30:00+00:00,2024-02-09 19:30:00+00:00,momentum_long_late_8346db7cf1cc,1,market,0.0,1,1,4,32,45710.0
394035,394036,394036,394036,closed,timeout,19992.5,19994.5,19992.75,19994.25,19988.5,20024.5,2.0,1.5,1.0,20.0,10.0,0.5,1.0,1.0,1.0,2024-02-09 19:30:00+00:00,2024-02-09 19:30:00+00:00,2024-02-09 19:31:00+00:00,2024-02-09 19:31:00+00:00,momentum_long_late_8346db7cf1cc,1,market,0.0,1,1,4,32,45730.0
394036,394037,394037,394037,closed,timeout,19994.25,19995.0,19994.5,19994.75,19990.25,20026.25,0.75,0.25,-0.25,-5.0,10.0,0.5,1.0,1.0,1.25,2024-02-09 19:31:00+00:00,2024-02-09 19:31:00+00:00,2024-02-09 19:32:00+00:00,2024-02-09 19:32:00+00:00,momentum_long_late_8346db7cf1cc,1,market,0.0,1,1,4,32,45725.0
394037,394038,394038,394038,closed,timeout,19995.25,19992.5,19995.5,19992.25,19991.25,20027.25,-2.75,-3.25,-3.75,-75.0,10.0,0.5,1.0,1.0,3.75,2024-02-09 19:32:00+00:00,2024-02-09 19:32:00+00:00,2024-02-09 19:33:00+00:00,2024-02-09 19:33:00+00:00,momentum_long_late_8346db7cf1cc,1,market,0.0,1,1,4,32,45650.0
394048,394049,394049,394049,closed,timeout,20006.0,20003.75,20006.25,20003.5,20002.0,20038.0,-2.25,-2.75,-3.25,-65.0,10.0,0.5,1.0,1.0,3.5,2024-02-09 19:43:00+00:00,2024-02-09 19:43:00+00:00,2024-02-09 19:44:00+00:00,2024-02-09 19:44:00+00:00,momentum_long_late_8346db7cf1cc,1,market,0.0,1,1,4,32,45585.0
394051,394052,394052,394052,closed,timeout,20009.5,20009.5,20009.75,20009.25,20005.5,20041.5,0.0,-0.5,-1.0,-20.0,10.0,0.5,1.0,1.0,1.0,2024-02-09 19:46:00+00:00,2024-02-09 19:46:00+00:00,2024-02-09 19:47:00+00:00,2024-02-09 19:47:00+00:00,momentum_long_late_8346db7cf1cc,1,market,0.0,1,1,4,32,45565.0
394052,394053,394053,394053,closed,stop,20009.75,20005.75,20010.0,20005.5,20005.75,20041.75,-4.0,-4.5,-5.0,-100.0,10.0,0.5,1.0,1.0,4.75,2024-02-09 19:47:00+00:00,2024-02-09 19:47:00+00:00,2024-02-09 19:48:00+00:00,2024-02-09 19:48:00+00:00,momentum_long_late_8346db7cf1cc,1,market,0.0,1,1,4,32,45465.0
395434,395435,395435,395435,closed,stop,19921.5,19917.5,19921.75,19917.25,19917.5,19953.5,-4.0,-4.5,-5.0,-100.0,10.0,0.5,1.0,1.0,6.75,2024-02-12 20:11:00+00:00,2024-02-12 20:11:00+00:00,2024-02-12 20:12:00+00:00,2024-02-12 20:12:00+00:00,momentum_long_late_8346db7cf1cc,1,market,0.0,1,1,4,32,45365.0
396764,396765,396765,396765,closed,timeout,19579.0,19582.5,19579.25,19582.25,19575.0,19611.0,3.5,3.0,2.5,50.0,10.0,0.5,1.0,1.0,1.75,2024-02-13 19:36:00+00:00,2024-02-13 19:36:00+00:00,2024-02-13 19:37:00+00:00,2024-02-13 19:37:00+00:00,momentum_long_late_8346db7cf1cc,1,market,0.0,1,1,4,32,45415.0
396765,396766,396766,396766,closed,stop,19582.75,19578.75,19583.0,19578.5,19578.75,19614.75,-4.0,-4.5,-5.0,-100.0,10.0,0.5,1.0,1.0,10.0,2024-02-13 19:37:00+00:00,2024-02-13 19:37:00+00:00,2024-02-13 19:38:00+00:00,2024-02-13 19:38:00+00:00,momentum_long_late_8346db7cf1cc,1,market,0.0,1,1,4,32,45315.0
396769,396770,396770,396770,closed,stop,19589.0,19585.0,19589.25,19584.75,19585.0,19621.0,-4.0,-4.5,-5.0,-100.0,10.0,0.5,1.0,1.0,4.75,2024-02-13 19:41:00+00:00,2024-02-13 19:41:00+00:00,2024-02-13 19:42:00+00:00,2024-02-13 19:42:00+00:00,momentum_long_late_8346db7cf1cc,1,market,0.0,1,1,4,32,45215.0
396823,396824,396824,396824,closed,stop,19529.75,19525.75,19530.0,19525.5,19525.75,19561.75,-4.0,-4.5,-5.0,-100.0,10.0,0.5,1.0,1.0,5.25,2024-02-13 20:35:00+00:00,2024-02-13 20:35:00+00:00,2024-02-13 20:36:00+00:00,2024-02-13 20:36:00+00:00,momentum_long_late_8346db7cf1cc,1,market,0.0,1,1,4,32,45115.0
396824,396825,396825,396825,closed,timeout,19528.25,19530.25,19528.5,19530.0,19524.25,19560.25,2.0,1.5,1.0,20.0,10.0,0.5,1.0,1.0,2.0,2024-02-13 20:36:00+00:00,2024-02-13 20:36:00+00:00,2024-02-13 20:37:00+00:00,2024-02-13 20:37:00+00:00,momentum_long_late_8346db7cf1cc,1,market,0.0,1,1,4,32,45135.0
396825,396826,396826,396826,closed,timeout,19530.5,19533.75,19530.75,19533.5,19526.5,19562.5,3.25,2.75,2.25,45.0,10.0,0.5,1.0,1.0,1.25,2024-02-13 20:37:00+00:00,2024-02-13 20:37:00+00:00,2024-02-13 20:38:00+00:00,2024-02-13 20:38:00+00:00,momentum_long_late_8346db7cf1cc,1,market,0.0,1,1,4,32,45180.0
396826,396827,396827,396827,closed,stop,19534.0,19530.0,19534.25,19529.75,19530.0,19566.0,-4.0,-4.5,-5.0,-100.0,10.0,0.5,1.0,1.0,6.75,2024-02-13 20:38:00+00:00,2024-02-13 20:38:00+00:00,2024-02-13 20:39:00+00:00,2024-02-13 20:39:00+00:00,momentum_long_late_8346db7cf1cc,1,market,0.0,1,1,4,32,45080.0
396829,396830,396830,396830,closed,timeout,19540.25,19551.5,19540.5,19551.25,19536.25,19572.25,11.25,10.75,10.25,205.0,10.0,0.5,1.0,1.0,1.75,2024-02-13 20:41:00+00:00,2024-02-13 20:41:00+00:00,2024-02-13 20:42:00+00:00,2024-02-13 20:42:00+00:00,momentum_long_late_8346db7cf1cc,1,market,0.0,1,1,4,32,45285.0
396830,396831,396831,396831,closed,timeout,19552.0,19559.0,19552.25,19558.75,19548.0,19584.0,7.0,6.5,6.0,120.0,10.0,0.5,1.0,1.0,1.25,2024-02-13 20:42:00+00:00,2024-02-13 20:42:00+00:00,2024-02-13 20:43:00+00:00,2024-02-13 20:43:00+00:00,momentum_long_late_8346db7cf1cc,1,market,0.0,1,1,4,32,45405.0
396831,396832,396832,396832,closed,timeout,19559.25,19561.75,19559.5,19561.5,19555.25,19591.25,2.5,2.0,1.5,30.0,10.0,0.5,1.0,1.0,0.25,2024-02-13 20:43:00+00:00,2024-02-13 20:43:00+00:00,2024-02-13 20:44:00+00:00,2024-02-13 20:44:00+00:00,momentum_long_late_8346db7cf1cc,1,market,0.0,1,1,4,32,45435.0
396832,396833,396833,396833,closed,stop,19561.25,19557.25,19561.5,19557.0,19557.25,19593.25,-4.0,-4.5,-5.0,-100.0,10.0,0.5,1.0,1.0,5.25,2024-02-13 20:44:00+00:00,2024-02-13 20:44:00+00:00,2024-02-13 20:45:00+00:00,2024-02-13 20:45:00+00:00,momentum_long_late_8346db7cf1cc,1,market,0.0,1,1,4,32,45335.0
396833,396834,396834,396834,closed,timeout,19565.25,19574.25,19565.5,19574.0,19561.25,19597.25,9.0,8.5,8.0,160.0,10.0,0.5,1.0,1.0,0.5,2024-02-13 20:45:00+00:00,2024-02-13 20:45:00+00:00,2024-02-13 20:46:00+00:00,2024-02-13 20:46:00+00:00,momentum_long_late_8346db7cf1cc,1,market,0.0,1,1,4,32,45495.0
396834,396835,396835,396835,closed,timeout,19574.0,19572.25,19574.25,19572.0,19570.0,19606.0,-1.75,-2.25,-2.75,-55.0,10.0,0.5,1.0,1.0,4.0,2024-02-13 20:46:00+00:00,2024-02-13 20:46:00+00:00,2024-02-13 20:47:00+00:00,2024-02-13 20:47:00+00:00,momentum_long_late_8346db7cf1cc,1,market,0.0,1,1,4,32,45440.0
396835,396836,396836,396836,closed,timeout,19572.25,19581.0,19572.5,19580.75,19568.25,19604.25,8.75,8.25,7.75,155.0,10.0,0.5,1.0,1.0,0.5,2024-02-13 20:47:00+00:00,2024-02-13 20:47:00+00:00,2024-02-13 20:48:00+00:00,2024-02-13 20:48:00+00:00,momentum_long_late_8346db7cf1cc,1,market,0.0,1,1,4,32,45595.0
396836,396837,396837,396837,closed,timeout,19581.0,19583.75,19581.25,19583.5,19577.0,19613.0,2.75,2.25,1.75,35.0,10.0,0.5,1.0,1.0,1.25,2024-02-13 20:48:00+00:00,2024-02-13 20:48:00+00:00,2024-02-13 20:49:00+00:00,2024-02-13 20:49:00+00:00,momentum_long_late_8346db7cf1cc,1,market,0.0,1,1,4,32,45630.0
396837,396838,396838,396838,closed,stop,19584.25,19580.25,19584.5,19580.0,19580.25,19616.25,-4.0,-4.5,-5.0,-100.0,10.0,0.5,1.0,1.0,6.25,2024-02-13 20:49:00+00:00,2024-02-13 20:49:00+00:00,2024-02-13 20:50:00+00:00,2024-02-13 20:50:00+00:00,momentum_long_late_8346db7cf1cc,1,market,0.0,1,1,4,32,45530.0
396838,396839,396839,396839,closed,stop,19580.25,19576.25,19580.5,19576.0,19576.25,19612.25,-4.0,-4.5,-5.0,-100.0,10.0,0.5,1.0,1.0,10.0,2024-02-13 20:50:00+00:00,2024-02-13 20:50:00+00:00,2024-02-13 20:51:00+00:00,2024-02-13 20:51:00+00:00,momentum_long_late_8346db7cf1cc,1,market,0.0,1,1,4,32,45430.0
396844,396845,396845,396845,closed,stop,19608.5,19604.5,19608.75,19604.25,19604.5,19640.5,-4.0,-4.5,-5.0,-100.0,10.0,0.5,1.0,1.0,8.25,2024-02-13 20:56:00+00:00,2024-02-13 20:56:00+00:00,2024-02-13 20:57:00+00:00,2024-02-13 20:57:00+00:00,momentum_long_late_8346db7cf1cc,1,market,0.0,1,1,4,32,45330.0
396845,396846,396846,396846,closed,stop,19617.5,19613.5,19617.75,19613.25,19613.5,19649.5,-4.0,-4.5,-5.0,-100.0,10.0,0.5,1.0,1.0,14.5,2024-02-13 20:57:00+00:00,2024-02-13 20:57:00+00:00,2024-02-13 20:58:00+00:00,2024-02-13 20:58:00+00:00,momentum_long_late_8346db7cf1cc,1,market,0.0,1,1,4,32,45230.0
398123,398124,398124,398124,closed,timeout,19722.5,19722.75,19722.75,19722.5,19718.5,19754.5,0.25,-0.25,-0.75,-15.0,10.0,0.5,1.0,1.0,1.25,2024-02-14 19:30:00+00:00,2024-02-14 19:30:00+00:00,2024-02-14 19:31:00+00:00,2024-02-14 19:31:00+00:00,momentum_long_late_8346db7cf1cc,1,market,0.0,1,1,4,32,45215.0
398124,398125,398125,398125,closed,timeout,19723.25,19722.75,19723.5,19722.5,19719.25,19755.25,-0.5,-1.0,-1.5,-30.0,10.0,0.5,1.0,1.0,3.5,2024-02-14 19:31:00+00:00,2024-02-14 19:31:00+00:00,2024-02-14 19:32:00+00:00,2024-02-14 19:32:00+00:00,momentum_long_late_8346db7cf1cc,1,market,0.0,1,1,4,32,45185.0
398125,398126,398126,398126,closed,stop,19723.0,19719.0,19723.25,19718.75,19719.0,19755.0,-4.0,-4.5,-5.0,-100.0,10.0,0.5,1.0,1.0,10.0,2024-02-14 19:32:00+00:00,2024-02-14 19:32:00+00:00,2024-02-14 19:33:00+00:00,2024-02-14 19:33:00+00:00,momentum_long_late_8346db7cf1cc,1,market,0.0,1,1,4,32,45085.0
398132,398133,398133,398133,closed,stop,19734.75,19730.75,19735.0,19730.5,19730.75,19766.75,-4.0,-4.5,-5.0,-100.0,10.0,0.5,1.0,1.0,5.25,2024-02-14 19:39:00+00:00,2024-02-14 19:39:00+00:00,2024-02-14 19:40:00+00:00,2024-02-14 19:40:00+00:00,momentum_long_late_8346db7cf1cc,1,market,0.0,1,1,4,32,44985.0
398178,398179,398179,398179,closed,timeout,19762.0,19773.0,19762.25,19772.75,19758.0,19794.0,11.0,10.5,10.0,200.0,10.0,0.5,1.0,1.0,1.5,2024-02-14 20:25:00+00:00,2024-02-14 20:25:00+00:00,2024-02-14 20:26:00+00:00,2024-02-14 20:26:00+00:00,momentum_long_late_8346db7cf1cc,1,market,0.0,1,1,4,32,45185.0
398179,398180,398180,398180,closed,timeout,19772.75,19777.75,19773.0,19777.5,19768.75,19804.75,5.0,4.5,4.0,80.0,10.0,0.5,1.0,1.0,1.75,2024-02-14 20:26:00+00:00,2024-02-14 20:26:00+00:00,2024-02-14 20:27:00+00:00,2024-02-14 20:27:00+00:00,momentum_long_late_8346db7cf1cc,1,market,0.0,1,1,4,32,45265.0
398180,398181,398181,398181,closed,timeout,19777.75,19781.75,19778.0,19781.5,19773.75,19809.75,4.0,3.5,3.0,60.0,10.0,0.5,1.0,1.0,0.25,2024-02-14 20:27:00+00:00,2024-02-14 20:27:00+00:00,2024-02-14 20:28:00+00:00,2024-02-14 20:28:00+00:00,momentum_long_late_8346db7cf1cc,1,market,0.0,1,1,4,32,45325.0
398181,398182,398182,398182,closed,stop,19781.75,19777.75,19782.0,19777.5,19777.75,19813.75,-4.0,-4.5,-5.0,-100.0,10.0,0.5,1.0,1.0,4.5,2024-02-14 20:28:00+00:00,2024-02-14 20:28:00+00:00,2024-02-14 20:29:00+00:00,2024-02-14 20:29:00+00:00,momentum_long_late_8346db7cf1cc,1,market,0.0,1,1,4,32,45225.0
398182,398183,398183,398183,closed,stop,19781.5,19777.5,19781.75,19777.25,19777.5,19813.5,-4.0,-4.5,-5.0,-100.0,10.0,0.5,1.0,1.0,5.5,2024-02-14 20:29:00+00:00,2024-02-14 20:29:00+00:00,2024-02-14 20:30:00+00:00,2024-02-14 20:30:00+00:00,momentum_long_late_8346db7cf1cc,1,market,0.0,1,1,4,32,45125.0
398183,398184,398184,398184,closed,stop,19778.25,19774.25,19778.5,19774.0,19774.25,19810.25,-4.0,-4.5,-5.0,-100.0,10.0,0.5,1.0,1.0,7.0,2024-02-14 20:30:00+00:00,2024-02-14 20:30:00+00:00,2024-02-14 20:31:00+00:00,2024-02-14 20:31:00+00:00,momentum_long_late_8346db7cf1cc,1,market,0.0,1,1,4,32,45025.0
398194,398195,398195,398195,closed,stop,19795.75,19791.75,19796.0,19791.5,19791.75,19827.75,-4.0,-4.5,-5.0,-100.0,10.0,0.5,1.0,1.0,7.0,2024-02-14 20:41:00+00:00,2024-02-14 20:41:00+00:00,2024-02-14 20:42:00+00:00,2024-02-14 20:42:00+00:00,momentum_long_late_8346db7cf1cc,1,market,0.0,1,1,4,32,44925.0
398195,398196,398196,398196,closed,timeout,19791.25,19793.0,19791.5,19792.75,19787.25,19823.25,1.75,1.25,0.75,15.0,10.0,0.5,1.0,1.0,2.75,2024-02-14 20:42:00+00:00,2024-02-14 20:42:00+00:00,2024-02-14 20:43:00+00:00,2024-02-14 20:43:00+00:00,momentum_long_late_8346db7cf1cc,1,market,0.0,1,1,4,32,44940.0
398196,398197,398197,398197,closed,timeout,19793.25,19800.0,19793.5,19799.75,19789.25,19825.25,6.75,6.25,5.75,115.0,10.0,0.5,1.0,1.0,0.75,2024-02-14 20:43:00+00:00,2024-02-14 20:43:00+00:00,2024-02-14 20:44:00+00:00,2024-02-14 20:44:00+00:00,momentum_long_late_8346db7cf1cc,1,market,0.0,1,1,4,32,45055.0
398197,398198,398198,398198,closed,stop,19800.25,19796.25,19800.5,19796.0,19796.25,19832.25,-4.0,-4.5,-5.0,-100.0,10.0,0.5,1.0,1.0,6.75,2024-02-14 20:44:00+00:00,2024-02-14 20:44:00+00:00,2024-02-14 20:45:00+00:00,2024-02-14 20:45:00+00:00,momentum_long_late_8346db7cf1cc,1,market,0.0,1,1,4,32,44955.0
398199,398200,398200,398200,closed,stop,19805.5,19801.5,19805.75,19801.25,19801.5,19837.5,-4.0,-4.5,-5.0,-100.0,10.0,0.5,1.0,1.0,4.25,2024-02-14 20:46:00+00:00,2024-02-14 20:46:00+00:00,2024-02-14 20:47:00+00:00,2024-02-14 20:47:00+00:00,momentum_long_late_8346db7cf1cc,1,market,0.0,1,1,4,32,44855.0
398200,398201,398201,398201,closed,timeout,19803.75,19806.5,19804.0,19806.25,19799.75,19835.75,2.75,2.25,1.75,35.0,10.0,0.5,1.0,1.0,2.0,2024-02-14 20:47:00+00:00,2024-02-14 20:47:00+00:00,2024-02-14 20:48:00+00:00,2024-02-14 20:48:00+00:00,momentum_long_late_8346db7cf1cc,1,market,0.0,1,1,4,32,44890.0
398201,398202,398202,398202,closed,timeout,19806.25,19806.0,19806.5,19805.75,19802.25,19838.25,-0.25,-0.75,-1.25,-25.0,10.0,0.5,1.0,1.0,2.75,2024-02-14 20:48:00+00:00,2024-02-14 20:48:00+00:00,2024-02-14 20:49:00+00:00,2024-02-14 20:49:00+00:00,momentum_long_late_8346db7cf1cc,1,market,0.0,1,1,4,32,44865.0
398205,398206,398206,398206,closed,stop,19813.0,19809.0,19813.25,19808.75,19809.0,19845.0,-4.0,-4.5,-5.0,-100.0,10.0,0.5,1.0,1.0,8.75,2024-02-14 20:52:00+00:00,2024-02-14 20:52:00+00:00,2024-02-14 20:53:00+00:00,2024-02-14 20:53:00+00:00,momentum_long_late_8346db7cf1cc,1,market,0.0,1,1,4,32,44765.0
399496,399497,399497,399497,closed,timeout,19860.0,19864.25,19860.25,19864.0,19856.0,19892.0,4.25,3.75,3.25,65.0,10.0,0.5,1.0,1.0,0.25,2024-02-15 19:38:00+00:00,2024-02-15 19:38:00+00:00,2024-02-15 19:39:00+00:00,2024-02-15 19:39:00+00:00,momentum_long_late_8346db7cf1cc,1,market,0.0,1,1,4,32,44830.0
399497,399498,399498,399498,closed,stop,19864.25,19860.25,19864.5,19860.0,19860.25,19896.25,-4.0,-4.5,-5.0,-100.0,10.0,0.5,1.0,1.0,11.5,2024-02-15 19:39:00+00:00,2024-02-15 19:39:00+00:00,2024-02-15 19:40:00+00:00,2024-02-15 19:40:00+00:00,momentum_long_late_8346db7cf1cc,1,market,0.0,1,1,4,32,44730.0
399508,399509,399509,399509,closed,stop,19866.75,19862.75,19867.0,19862.5,19862.75,19898.75,-4.0,-4.5,-5.0,-100.0,10.0,0.5,1.0,1.0,7.5,2024-02-15 19:50:00+00:00,2024-02-15 19:50:00+00:00,2024-02-15 19:51:00+00:00,2024-02-15 19:51:00+00:00,momentum_long_late_8346db7cf1cc,1,market,0.0,1,1,4,32,44630.0
400823,400824,400824,400824,closed,timeout,19816.75,19824.5,19817.0,19824.25,19812.75,19848.75,7.75,7.25,6.75,135.0,10.0,0.5,1.0,1.0,0.25,2024-02-16 19:00:00+00:00,2024-02-16 19:00:00+00:00,2024-02-16 19:01:00+00:00,2024-02-16 19:01:00+00:00,momentum_long_late_8346db7cf1cc,1,market,0.0,1,1,4,32,44765.0
400824,400825,400825,400825,closed,timeout,19824.75,19831.75,19825.0,19831.5,19820.75,19856.75,7.0,6.5,6.0,120.0,10.0,0.5,1.0,1.0,1.25,2024-02-16 19:01:00+00:00,2024-02-16 19:01:00+00:00,2024-02-16 19:02:00+00:00,2024-02-16 19:02:00+00:00,momentum_long_late_8346db7cf1cc,1,market,0.0,1,1,4,32,44885.0
400825,400826,400826,400826,closed,timeout,19832.0,19835.75,19832.25,19835.5,19828.0,19864.0,3.75,3.25,2.75,55.0,10.0,0.5,1.0,1.0,4.0,2024-02-16 19:02:00+00:00,2024-02-16 19:02:00+00:00,2024-02-16 19:03:00+00:00,2024-02-16 19:03:00+00:00,momentum_long_late_8346db7cf1cc,1,market,0.0,1,1,4,32,44940.0
400826,400827,400827,400827,closed,stop,19836.0,19832.0,19836.25,19831.75,19832.0,19868.0,-4.0,-4.5,-5.0,-100.0,10.0,0.5,1.0,1.0,8.0,2024-02-16 19:03:00+00:00,2024-02-16 19:03:00+00:00,2024-02-16 19:04:00+00:00,2024-02-16 19:04:00+00:00,momentum_long_late_8346db7cf1cc,1,market,0.0,1,1,4,32,44840.0
400827,400828,400828,400828,closed,timeout,19831.75,19831.5,19832.0,19831.25,19827.75,19863.75,-0.25,-0.75,-1.25,-25.0,10.0,0.5,1.0,1.0,2.0,2024-02-16 19:04:00+00:00,2024-02-16 19:04:00+00:00,2024-02-16 19:05:00+00:00,2024-02-16 19:05:00+00:00,momentum_long_late_8346db7cf1cc,1,market,0.0,1,1,4,32,44815.0
400828,400829,400829,400829,closed,timeout,19831.5,19835.0,19831.75,19834.75,19827.5,19863.5,3.5,3.0,2.5,50.0,10.0,0.5,1.0,1.0,2.75,2024-02-16 19:05:00+00:00,2024-02-16 19:05:00+00:00,2024-02-16 19:06:00+00:00,2024-02-16 19:06:00+00:00,momentum_long_late_8346db7cf1cc,1,market,0.0,1,1,4,32,44865.0
400829,400830,400830,400830,closed,timeout,19835.0,19837.5,19835.25,19837.25,19831.0,19867.0,2.5,2.0,1.5,30.0,10.0,0.5,1.0,1.0,3.25,2024-02-16 19:06:00+00:00,2024-02-16 19:06:00+00:00,2024-02-16 19:07:00+00:00,2024-02-16 19:07:00+00:00,momentum_long_late_8346db7cf1cc,1,market,0.0,1,1,4,32,44895.0
400834,400835,400835,400835,closed,stop,19843.25,19839.25,19843.5,19839.0,19839.25,19875.25,-4.0,-4.5,-5.0,-100.0,10.0,0.5,1.0,1.0,4.25,2024-02-16 19:11:00+00:00,2024-02-16 19:11:00+00:00,2024-02-16 19:12:00+00:00,2024-02-16 19:12:00+00:00,momentum_long_late_8346db7cf1cc,1,market,0.0,1,1,4,32,44795.0
403372,403373,403373,403373,closed,stop,19491.75,19487.75,19492.0,19487.5,19487.75,19523.75,-4.0,-4.5,-5.0,-100.0,10.0,0.5,1.0,1.0,8.25,2024-02-20 19:44:00+00:00,2024-02-20 19:44:00+00:00,2024-02-20 19:45:00+00:00,2024-02-20 19:45:00+00:00,momentum_long_late_8346db7cf1cc,1,market,0.0,1,1,4,32,44695.0
403377,403378,403378,403378,closed,timeout,19505.0,19511.75,19505.25,19511.5,19501.0,19537.0,6.75,6.25,5.75,115.0,10.0,0.5,1.0,1.0,4.0,2024-02-20 19:49:00+00:00,2024-02-20 19:49:00+00:00,2024-02-20 19:50:00+00:00,2024-02-20 19:50:00+00:00,momentum_long_late_8346db7cf1cc,1,market,0.0,1,1,4,32,44810.0
403378,403379,403379,403379,closed,stop,19511.25,19507.25,19511.5,19507.0,19507.25,19543.25,-4.0,-4.5,-5.0,-100.0,10.0,0.5,1.0,1.0,7.75,2024-02-20 19:50:00+00:00,2024-02-20 19:50:00+00:00,2024-02-20 19:51:00+00:00,2024-02-20 19:51:00+00:00,momentum_long_late_8346db7cf1cc,1,market,0.0,1,1,4,32,44710.0
404750,404751,404751,404751,closed,stop,19350.5,19346.5,19350.75,19346.25,19346.5,19382.5,-4.0,-4.5,-5.0,-100.0,10.0,0.5,1.0,1.0,8.0,2024-02-21 19:57:00+00:00,2024-02-21 19:57:00+00:00,2024-02-21 19:58:00+00:00,2024-02-21 19:58:00+00:00,momentum_long_late_8346db7cf1cc,1,market,0.0,1,1,4,32,44610.0
404751,404752,404752,404752,closed,timeout,19348.75,19349.5,19349.0,19349.25,19344.75,19380.75,0.75,0.25,-0.25,-5.0,10.0,0.5,1.0,1.0,3.75,2024-02-21 19:58:00+00:00,2024-02-21 19:58:00+00:00,2024-02-21 19:59:00+00:00,2024-02-21 19:59:00+00:00,momentum_long_late_8346db7cf1cc,1,market,0.0,1,1,4,32,44605.0
404752,404753,404753,404753,closed,timeout,19349.75,19346.75,19350.0,19346.5,19345.75,19381.75,-3.0,-3.5,-4.0,-80.0,10.0,0.5,1.0,1.0,4.0,2024-02-21 19:59:00+00:00,2024-02-21 19:59:00+00:00,2024-02-21 20:00:00+00:00,2024-02-21 20:00:00+00:00,momentum_long_late_8346db7cf1cc,1,market,0.0,1,1,4,32,44525.0
404753,404754,404754,404754,closed,stop,19347.25,19343.25,19347.5,19343.0,19343.25,19379.25,-4.0,-4.5,-5.0,-100.0,10.0,0.5,1.0,1.0,10.0,2024-02-21 20:00:00+00:00,2024-02-21 20:00:00+00:00,2024-02-21 20:01:00+00:00,2024-02-21 20:01:00+00:00,momentum_long_late_8346db7cf1cc,1,market,0.0,1,1,4,32,44425.0
404784,404785,404785,404785,closed,timeout,19363.0,19375.75,19363.25,19375.5,19359.0,19395.0,12.75,12.25,11.75,235.0,10.0,0.5,1.0,1.0,2.25,2024-02-21 20:31:00+00:00,2024-02-21 20:31:00+00:00,2024-02-21 20:32:00+00:00,2024-02-21 20:32:00+00:00,momentum_long_late_8346db7cf1cc,1,market,0.0,1,1,4,32,44660.0
404785,404786,404786,404786,closed,timeout,19376.0,19383.5,19376.25,19383.25,19372.0,19408.0,7.5,7.0,6.5,130.0,10.0,0.5,1.0,1.0,2.25,2024-02-21 20:32:00+00:00,2024-02-21 20:32:00+00:00,2024-02-21 20:33:00+00:00,2024-02-21 20:33:00+00:00,momentum_long_late_8346db7cf1cc,1,market,0.0,1,1,4,32,44790.0
404786,404787,404787,404787,closed,stop,19383.25,19379.25,19383.5,19379.0,19379.25,19415.25,-4.0,-4.5,-5.0,-100.0,10.0,0.5,1.0,1.0,5.25,2024-02-21 20:33:00+00:00,2024-02-21 20:33:00+00:00,2024-02-21 20:34:00+00:00,2024-02-21 20:34:00+00:00,momentum_long_late_8346db7cf1cc,1,market,0.0,1,1,4,32,44690.0
404787,404788,404788,404788,closed,timeout,19388.25,19390.5,19388.5,19390.25,19384.25,19420.25,2.25,1.75,1.25,25.0,10.0,0.5,1.0,1.0,1.25,2024-02-21 20:34:00+00:00,2024-02-21 20:34:00+00:00,2024-02-21 20:35:00+00:00,2024-02-21 20:35:00+00:00,momentum_long_late_8346db7cf1cc,1,market,0.0,1,1,4,32,44715.0
404788,404789,404789,404789,closed,timeout,19391.0,19411.25,19391.25,19411.0,19387.0,19423.0,20.25,19.75,19.25,385.0,10.0,0.5,1.0,1.0,2.75,2024-02-21 20:35:00+00:00,2024-02-21 20:35:00+00:00,2024-02-21 20:36:00+00:00,2024-02-21 20:36:00+00:00,momentum_long_late_8346db7cf1cc,1,market,0.0,1,1,4,32,45100.0
404789,404790,404790,404790,closed,timeout,19411.0,19416.5,19411.25,19416.25,19407.0,19443.0,5.5,5.0,4.5,90.0,10.0,0.5,1.0,1.0,3.5,2024-02-21 20:36:00+00:00,2024-02-21 20:36:00+00:00,2024-02-21 20:37:00+00:00,2024-02-21 20:37:00+00:00,momentum_long_late_8346db7cf1cc,1,market,0.0,1,1,4,32,45190.0
404790,404791,404791,404791,closed,timeout,19416.5,19427.75,19416.75,19427.5,19412.5,19448.5,11.25,10.75,10.25,205.0,10.0,0.5,1.0,1.0,0.25,2024-02-21 20:37:00+00:00,2024-02-21 20:37:00+00:00,2024-02-21 20:38:00+00:00,2024-02-21 20:38:00+00:00,momentum_long_late_8346db7cf1cc,1,market,0.0,1,1,4,32,45395.0
404791,404792,404792,404792,closed,stop,19427.75,19423.75,19428.0,19423.5,19423.75,19459.75,-4.0,-4.5,-5.0,-100.0,10.0,0.5,1.0,1.0,5.0,2024-02-21 20:38:00+00:00,2024-02-21 20:38:00+00:00,2024-02-21 20:39:00+00:00,2024-02-21 20:39:00+00:00,momentum_long_late_8346db7cf1cc,1,market,0.0,1,1,4,32,45295.0
404792,404793,404793,404793,closed,stop,19423.25,19419.25,19423.5,19419.0,19419.25,19455.25,-4.0,-4.5,-5.0,-100.0,10.0,0.5,1.0,1.0,7.0,2024-02-21 20:39:00+00:00,2024-02-21 20:39:00+00:00,2024-02-21 20:40:00+00:00,2024-02-21 20:40:00+00:00,momentum_long_late_8346db7cf1cc,1,market,0.0,1,1,4,32,45195.0
404793,404794,404794,404794,closed,timeout,19429.0,19430.75,19429.25,19430.5,19425.0,19461.0,1.75,1.25,0.75,15.0,10.0,0.5,1.0,1.0,0.5,2024-02-21 20:40:00+00:00,2024-02-21 20:40:00+00:00,2024-02-21 20:41:00+00:00,2024-02-21 20:41:00+00:00,momentum_long_late_8346db7cf1cc,1,market,0.0,1,1,4,32,45210.0
404794,404795,404795,404795,closed,stop,19431.0,19427.0,19431.25,19426.75,19427.0,19463.0,-4.0,-4.5,-5.0,-100.0,10.0,0.5,1.0,1.0,4.25,2024-02-21 20:41:00+00:00,2024-02-21 20:41:00+00:00,2024-02-21 20:42:00+00:00,2024-02-21 20:42:00+00:00,momentum_long_late_8346db7cf1cc,1,market,0.0,1,1,4,32,45110.0
404795,404796,404796,404796,closed,timeout,19431.0,19434.0,19431.25,19433.75,19427.0,19463.0,3.0,2.5,2.0,40.0,10.0,0.5,1.0,1.0,3.5,2024-02-21 20:42:00+00:00,2024-02-21 20:42:00+00:00,2024-02-21 20:43:00+00:00,2024-02-21 20:43:00+00:00,momentum_long_late_8346db7cf1cc,1,market,0.0,1,1,4,32,45150.0
404797,404798,404798,404798,closed,stop,19441.75,19437.75,19442.0,19437.5,19437.75,19473.75,-4.0,-4.5,-5.0,-100.0,10.0,0.5,1.0,1.0,9.5,2024-02-21 20:44:00+00:00,2024-02-21 20:44:00+00:00,2024-02-21 20:45:00+00:00,2024-02-21 20:45:00+00:00,momentum_long_late_8346db7cf1cc,1,market,0.0,1,1,4,32,45050.0
404809,404810,404810,404810,closed,timeout,19471.0,19470.5,19471.25,19470.25,19467.0,19503.0,-0.5,-1.0,-1.5,-30.0,10.0,0.5,1.0,1.0,2.5,2024-02-21 20:56:00+00:00,2024-02-21 20:56:00+00:00,2024-02-21 20:57:00+00:00,2024-02-21 20:57:00+00:00,momentum_long_late_8346db7cf1cc,1,market,0.0,1,1,4,32,45020.0
404810,404811,404811,404811,closed,stop,19470.75,19466.75,19471.0,19466.5,19466.75,19502.75,-4.0,-4.5,-5.0,-100.0,10.0,0.5,1.0,1.0,9.5,2024-02-21 20:57:00+00:00,2024-02-21 20:57:00+00:00,2024-02-21 20:58:00+00:00,2024-02-21 20:58:00+00:00,momentum_long_late_8346db7cf1cc,1,market,0.0,1,1,4,32,44920.0
404812,404813,404813,404813,closed,stop,19476.5,19472.5,19476.75,19472.25,19472.5,19508.5,-4.0,-4.5,-5.0,-100.0,10.0,0.5,1.0,1.0,4.5,2024-02-21 20:59:00+00:00,2024-02-21 20:59:00+00:00,2024-02-21 21:00:00+00:00,2024-02-21 21:00:00+00:00,momentum_long_late_8346db7cf1cc,1,market,0.0,1,1,4,32,44820.0
406065,406066,406066,406066,closed,timeout,20003.5,20001.5,20003.75,20001.25,19999.5,20035.5,-2.0,-2.5,-3.0,-60.0,10.0,0.5,1.0,1.0,3.5,2024-02-22 19:07:00+00:00,2024-02-22 19:07:00+00:00,2024-02-22 19:08:00+00:00,2024-02-22 19:08:00+00:00,momentum_long_late_8346db7cf1cc,1,market,0.0,1,1,4,32,44760.0
406076,406077,406077,406077,closed,stop,20014.75,20010.75,20015.0,20010.5,20010.75,20046.75,-4.0,-4.5,-5.0,-100.0,10.0,0.5,1.0,1.0,4.75,2024-02-22 19:18:00+00:00,2024-02-22 19:18:00+00:00,2024-02-22 19:19:00+00:00,2024-02-22 19:19:00+00:00,momentum_long_late_8346db7cf1cc,1,market,0.0,1,1,4,32,44660.0
406077,406078,406078,406078,closed,stop,20012.25,20008.25,20012.5,20008.0,20008.25,20044.25,-4.0,-4.5,-5.0,-100.0,10.0,0.5,1.0,1.0,4.75,2024-02-22 19:19:00+00:00,2024-02-22 19:19:00+00:00,2024-02-22 19:20:00+00:00,2024-02-22 19:20:00+00:00,momentum_long_late_8346db7cf1cc,1,market,0.0,1,1,4,32,44560.0
406082,406083,406083,406083,closed,stop,20026.25,20022.25,20026.5,20022.0,20022.25,20058.25,-4.0,-4.5,-5.0,-100.0,10.0,0.5,1.0,1.0,4.25,2024-02-22 19:24:00+00:00,2024-02-22 19:24:00+00:00,2024-02-22 19:25:00+00:00,2024-02-22 19:25:00+00:00,momentum_long_late_8346db7cf1cc,1,market,0.0,1,1,4,32,44460.0
406125,406126,406126,406126,closed,stop,20013.5,20009.5,20013.75,20009.25,20009.5,20045.5,-4.0,-4.5,-5.0,-100.0,10.0,0.5,1.0,1.0,9.0,2024-02-22 20:07:00+00:00,2024-02-22 20:07:00+00:00,2024-02-22 20:08:00+00:00,2024-02-22 20:08:00+00:00,momentum_long_late_8346db7cf1cc,1,market,0.0,1,1,4,32,44360.0
406141,406142,406142,406142,closed,stop,20022.5,20018.5,20022.75,20018.25,20018.5,20054.5,-4.0,-4.5,-5.0,-100.0,10.0,0.5,1.0,1.0,6.5,2024-02-22 20:23:00+00:00,2024-02-22 20:23:00+00:00,2024-02-22 20:24:00+00:00,2024-02-22 20:24:00+00:00,momentum_long_late_8346db7cf1cc,1,market,0.0,1,1,4,32,44260.0
407462,407463,407463,407463,closed,stop,19964.25,19960.25,19964.5,19960.0,19960.25,19996.25,-4.0,-4.5,-5.0,-100.0,10.0,0.5,1.0,1.0,4.75,2024-02-23 19:39:00+00:00,2024-02-23 19:39:00+00:00,2024-02-23 19:40:00+00:00,2024-02-23 19:40:00+00:00,momentum_long_late_8346db7cf1cc,1,market,0.0,1,1,4,32,44160.0
407533,407534,407534,407534,closed,timeout,19948.25,19955.25,19948.5,19955.0,19944.25,19980.25,7.0,6.5,6.0,120.0,10.0,0.5,1.0,1.0,0.75,2024-02-23 20:50:00+00:00,2024-02-23 20:50:00+00:00,2024-02-23 20:51:00+00:00,2024-02-23 20:51:00+00:00,momentum_long_late_8346db7cf1cc,1,market,0.0,1,1,4,32,44280.0
407534,407535,407535,407535,closed,stop,19955.5,19951.5,19955.75,19951.25,19951.5,19987.5,-4.0,-4.5,-5.0,-100.0,10.0,0.5,1.0,1.0,6.25,2024-02-23 20:51:00+00:00,2024-02-23 20:51:00+00:00,2024-02-23 20:52:00+00:00,2024-02-23 20:52:00+00:00,momentum_long_late_8346db7cf1cc,1,market,0.0,1,1,4,32,44180.0
407535,407536,407536,407536,closed,stop,19955.0,19951.0,19955.25,19950.75,19951.0,19987.0,-4.0,-4.5,-5.0,-100.0,10.0,0.5,1.0,1.0,6.5,2024-02-23 20:52:00+00:00,2024-02-23 20:52:00+00:00,2024-02-23 20:53:00+00:00,2024-02-23 20:53:00+00:00,momentum_long_late_8346db7cf1cc,1,market,0.0,1,1,4,32,44080.0
408789,408790,408790,408790,closed,timeout,19959.25,19963.0,19959.5,19962.75,19955.25,19991.25,3.75,3.25,2.75,55.0,10.0,0.5,1.0,1.0,1.5,2024-02-26 19:01:00+00:00,2024-02-26 19:01:00+00:00,2024-02-26 19:02:00+00:00,2024-02-26 19:02:00+00:00,momentum_long_late_8346db7cf1cc,1,market,0.0,1,1,4,32,44135.0
408790,408791,408791,408791,closed,timeout,19963.0,19966.25,19963.25,19966.0,19959.0,19995.0,3.25,2.75,2.25,45.0,10.0,0.5,1.0,1.0,0.5,2024-02-26 19:02:00+00:00,2024-02-26 19:02:00+00:00,2024-02-26 19:03:00+00:00,2024-02-26 19:03:00+00:00,momentum_long_late_8346db7cf1cc,1,market,0.0,1,1,4,32,44180.0
408791,408792,408792,408792,closed,timeout,19966.25,19966.0,19966.5,19965.75,19962.25,19998.25,-0.25,-0.75,-1.25,-25.0,10.0,0.5,1.0,1.0,2.75,2024-02-26 19:03:00+00:00,2024-02-26 19:03:00+00:00,2024-02-26 19:04:00+00:00,2024-02-26 19:04:00+00:00,momentum_long_late_8346db7cf1cc,1,market,0.0,1,1,4,32,44155.0
408792,408793,408793,408793,closed,timeout,19965.0,19968.0,19965.25,19967.75,19961.0,19997.0,3.0,2.5,2.0,40.0,10.0,0.5,1.0,1.0,1.25,2024-02-26 19:04:00+00:00,2024-02-26 19:04:00+00:00,2024-02-26 19:05:00+00:00,2024-02-26 19:05:00+00:00,momentum_long_late_8346db7cf1cc,1,market,0.0,1,1,4,32,44195.0
408793,408794,408794,408794,closed,timeout,19967.75,19967.0,19968.0,19966.75,19963.75,19999.75,-0.75,-1.25,-1.75,-35.0,10.0,0.5,1.0,1.0,3.0,2024-02-26 19:05:00+00:00,2024-02-26 19:05:00+00:00,2024-02-26 19:06:00+00:00,2024-02-26 19:06:00+00:00,momentum_long_late_8346db7cf1cc,1,market,0.0,1,1,4,32,44160.0
408794,408795,408795,408795,closed,timeout,19967.25,19972.25,19967.5,19972.0,19963.25,19999.25,5.0,4.5,4.0,80.0,10.0,0.5,1.0,1.0,0.25,2024-02-26 19:06:00+00:00,2024-02-26 19:06:00+00:00,2024-02-26 19:07:00+00:00,2024-02-26 19:07:00+00:00,momentum_long_late_8346db7cf1cc,1,market,0.0,1,1,4,32,44240.0
408795,408796,408796,408796,closed,timeout,19972.25,19973.5,19972.5,19973.25,19968.25,20004.25,1.25,0.75,0.25,5.0,10.0,0.5,1.0,1.0,1.25,2024-02-26 19:07:00+00:00,2024-02-26 19:07:00+00:00,2024-02-26 19:08:00+00:00,2024-02-26 19:08:00+00:00,momentum_long_late_8346db7cf1cc,1,market,0.0,1,1,4,32,44245.0
408796,408797,408797,408797,closed,stop,19973.5,19969.5,19973.75,19969.25,19969.5,20005.5,-4.0,-4.5,-5.0,-100.0,10.0,0.5,1.0,1.0,6.5,2024-02-26 19:08:00+00:00,2024-02-26 19:08:00+00:00,2024-02-26 19:09:00+00:00,2024-02-26 19:09:00+00:00,momentum_long_late_8346db7cf1cc,1,market,0.0,1,1,4,32,44145.0
408813,408814,408814,408814,closed,stop,19977.0,19973.0,19977.25,19972.75,19973.0,20009.0,-4.0,-4.5,-5.0,-100.0,10.0,0.5,1.0,1.0,5.5,2024-02-26 19:25:00+00:00,2024-02-26 19:25:00+00:00,2024-02-26 19:26:00+00:00,2024-02-26 19:26:00+00:00,momentum_long_late_8346db7cf1cc,1,market,0.0,1,1,4,32,44045.0
408862,408863,408863,408863,closed,stop,19974.5,19970.5,19974.75,19970.25,19970.5,20006.5,-4.0,-4.5,-5.0,-100.0,10.0,0.5,1.0,1.0,7.25,2024-02-26 20:14:00+00:00,2024-02-26 20:14:00+00:00,2024-02-26 20:15:00+00:00,2024-02-26 20:15:00+00:00,momentum_long_late_8346db7cf1cc,1,market,0.0,1,1,4,32,43945.0
410154,410155,410155,410155,closed,timeout,19917.5,19915.25,19917.75,19915.0,19913.5,19949.5,-2.25,-2.75,-3.25,-65.0,10.0,0.5,1.0,1.0,3.75,2024-02-27 19:01:00+00:00,2024-02-27 19:01:00+00:00,2024-02-27 19:02:00+00:00,2024-02-27 19:02:00+00:00,momentum_long_late_8346db7cf1cc,1,market,0.0,1,1,4,32,43880.0
410155,410156,410156,410156,closed,timeout,19915.0,19918.0,19915.25,19917.75,19911.0,19947.0,3.0,2.5,2.0,40.0,10.0,0.5,1.0,1.0,4.0,2024-02-27 19:02:00+00:00,2024-02-27 19:02:00+00:00,2024-02-27 19:03:00+00:00,2024-02-27 19:03:00+00:00,momentum_long_late_8346db7cf1cc,1,market,0.0,1,1,4,32,43920.0
410156,410157,410157,410157,closed,stop,19918.0,19914.0,19918.25,19913.75,19914.0,19950.0,-4.0,-4.5,-5.0,-100.0,10.0,0.5,1.0,1.0,4.75,2024-02-27 19:03:00+00:00,2024-02-27 19:03:00+00:00,2024-02-27 19:04:00+00:00,2024-02-27 19:04:00+00:00,momentum_long_late_8346db7cf1cc,1,market,0.0,1,1,4,32,43820.0
410157,410158,410158,410158,closed,timeout,19913.75,19913.0,19914.0,19912.75,19909.75,19945.75,-0.75,-1.25,-1.75,-35.0,10.0,0.5,1.0,1.0,3.5,2024-02-27 19:04:00+00:00,2024-02-27 19:04:00+00:00,2024-02-27 19:05:00+00:00,2024-02-27 19:05:00+00:00,momentum_long_late_8346db7cf1cc,1,market,0.0,1,1,4,32,43785.0
410160,410161,410161,410161,closed,timeout,19921.75,19920.25,19922.0,19920.0,19917.75,19953.75,-1.5,-2.0,-2.5,-50.0,10.0,0.5,1.0,1.0,4.0,2024-02-27 19:07:00+00:00,2024-02-27 19:07:00+00:00,2024-02-27 19:08:00+00:00,2024-02-27 19:08:00+00:00,momentum_long_late_8346db7cf1cc,1,market,0.0,1,1,4,32,43735.0
410170,410171,410171,410171,closed,timeout,19943.0,19948.0,19943.25,19947.75,19939.0,19975.0,5.0,4.5,4.0,80.0,10.0,0.5,1.0,1.0,1.0,2024-02-27 19:17:00+00:00,2024-02-27 19:17:00+00:00,2024-02-27 19:18:00+00:00,2024-02-27 19:18:00+00:00,momentum_long_late_8346db7cf1cc,1,market,0.0,1,1,4,32,43815.0
410171,410172,410172,410172,closed,stop,19948.0,19944.0,19948.25,19943.75,19944.0,19980.0,-4.0,-4.5,-5.0,-100.0,10.0,0.5,1.0,1.0,4.25,2024-02-27 19:18:00+00:00,2024-02-27 19:18:00+00:00,2024-02-27 19:19:00+00:00,2024-02-27 19:19:00+00:00,momentum_long_late_8346db7cf1cc,1,market,0.0,1,1,4,32,43715.0
410172,410173,410173,410173,closed,timeout,19944.75,19947.75,19945.0,19947.5,19940.75,19976.75,3.0,2.5,2.0,40.0,10.0,0.5,1.0,1.0,3.5,2024-02-27 19:19:00+00:00,2024-02-27 19:19:00+00:00,2024-02-27 19:20:00+00:00,2024-02-27 19:20:00+00:00,momentum_long_late_8346db7cf1cc,1,market,0.0,1,1,4,32,43755.0
410173,410174,410174,410174,closed,stop,19948.0,19944.0,19948.25,19943.75,19944.0,19980.0,-4.0,-4.5,-5.0,-100.0,10.0,0.5,1.0,1.0,6.5,2024-02-27 19:20:00+00:00,2024-02-27 19:20:00+00:00,2024-02-27 19:21:00+00:00,2024-02-27 19:21:00+00:00,momentum_long_late_8346db7cf1cc,1,market,0.0,1,1,4,32,43655.0
410174,410175,410175,410175,closed,stop,19943.5,19939.5,19943.75,19939.25,19939.5,19975.5,-4.0,-4.5,-5.0,-100.0,10.0,0.5,1.0,1.0,4.25,2024-02-27 19:21:00+00:00,2024-02-27 19:21:00+00:00,2024-02-27 19:22:00+00:00,2024-02-27 19:22:00+00:00,momentum_long_late_8346db7cf1cc,1,market,0.0,1,1,4,32,43555.0
410191,410192,410192,410192,closed,stop,19963.0,19959.0,19963.25,19958.75,19959.0,19995.0,-4.0,-4.5,-5.0,-100.0,10.0,0.5,1.0,1.0,7.5,2024-02-27 19:38:00+00:00,2024-02-27 19:38:00+00:00,2024-02-27 19:39:00+00:00,2024-02-27 19:39:00+00:00,momentum_long_late_8346db7cf1cc,1,market,0.0,1,1,4,32,43455.0
410226,410227,410227,410227,closed,timeout,19964.25,19961.0,19964.5,19960.75,19960.25,19996.25,-3.25,-3.75,-4.25,-85.0,10.0,0.5,1.0,1.0,3.75,2024-02-27 20:13:00+00:00,2024-02-27 20:13:00+00:00,2024-02-27 20:14:00+00:00,2024-02-27 20:14:00+00:00,momentum_long_late_8346db7cf1cc,1,market,0.0,1,1,4,32,43370.0
411581,411582,411582,411582,closed,timeout,19866.0,19864.75,19866.25,19864.5,19862.0,19898.0,-1.25,-1.75,-2.25,-45.0,10.0,0.5,1.0,1.0,2.5,2024-02-28 20:03:00+00:00,2024-02-28 20:03:00+00:00,2024-02-28 20:04:00+00:00,2024-02-28 20:04:00+00:00,momentum_long_late_8346db7cf1cc,1,market,0.0,1,1,4,32,43325.0
411582,411583,411583,411583,closed,timeout,19864.75,19866.25,19865.0,19866.0,19860.75,19896.75,1.5,1.0,0.5,10.0,10.0,0.5,1.0,1.0,2.25,2024-02-28 20:04:00+00:00,2024-02-28 20:04:00+00:00,2024-02-28 20:05:00+00:00,2024-02-28 20:05:00+00:00,momentum_long_late_8346db7cf1cc,1,market,0.0,1,1,4,32,43335.0
411583,411584,411584,411584,closed,stop,19865.75,19861.75,19866.0,19861.5,19861.75,19897.75,-4.0,-4.5,-5.0,-100.0,10.0,0.5,1.0,1.0,6.5,2024-02-28 20:05:00+00:00,2024-02-28 20:05:00+00:00,2024-02-28 20:06:00+00:00,2024-02-28 20:06:00+00:00,momentum_long_late_8346db7cf1cc,1,market,0.0,1,1,4,32,43235.0
412900,412901,412901,412901,closed,timeout,19990.25,19993.0,19990.5,19992.75,19986.25,20022.25,2.75,2.25,1.75,35.0,10.0,0.5,1.0,1.0,2.0,2024-02-29 19:17:00+00:00,2024-02-29 19:17:00+00:00,2024-02-29 19:18:00+00:00,2024-02-29 19:18:00+00:00,momentum_long_late_8346db7cf1cc,1,market,0.0,1,1,4,32,43270.0
412901,412902,412902,412902,closed,timeout,19993.0,19998.75,19993.25,19998.5,19989.0,20025.0,5.75,5.25,4.75,95.0,10.0,0.5,1.0,1.0,0.25,2024-02-29 19:18:00+00:00,2024-02-29 19:18:00+00:00,2024-02-29 19:19:00+00:00,2024-02-29 19:19:00+00:00,momentum_long_late_8346db7cf1cc,1,market,0.0,1,1,4,32,43365.0
412902,412903,412903,412903,closed,stop,19998.75,19994.75,19999.0,19994.5,19994.75,20030.75,-4.0,-4.5,-5.0,-100.0,10.0,0.5,1.0,1.0,4.75,2024-02-29 19:19:00+00:00,2024-02-29 19:19:00+00:00,2024-02-29 19:20:00+00:00,2024-02-29 19:20:00+00:00,momentum_long_late_8346db7cf1cc,1,market,0.0,1,1,4,32,43265.0
412903,412904,412904,412904,closed,timeout,19994.5,19997.5,19994.75,19997.25,19990.5,20026.5,3.0,2.5,2.0,40.0,10.0,0.5,1.0,1.0,1.75,2024-02-29 19:20:00+00:00,2024-02-29 19:20:00+00:00,2024-02-29 19:21:00+00:00,2024-02-29 19:21:00+00:00,momentum_long_late_8346db7cf1cc,1,market,0.0,1,1,4,32,43305.0
412904,412905,412905,412905,closed,stop,19997.75,19993.75,19998.0,19993.5,19993.75,20029.75,-4.0,-4.5,-5.0,-100.0,10.0,0.5,1.0,1.0,8.5,2024-02-29 19:21:00+00:00,2024-02-29 19:21:00+00:00,2024-02-29 19:22:00+00:00,2024-02-29 19:22:00+00:00,momentum_long_late_8346db7cf1cc,1,market,0.0,1,1,4,32,43205.0
412968,412969,412969,412969,closed,timeout,19986.75,19984.5,19987.0,19984.25,19982.75,20018.75,-2.25,-2.75,-3.25,-65.0,10.0,0.5,1.0,1.0,4.0,2024-02-29 20:25:00+00:00,2024-02-29 20:25:00+00:00,2024-02-29 20:26:00+00:00,2024-02-29 20:26:00+00:00,momentum_long_late_8346db7cf1cc,1,market,0.0,1,1,4,32,43140.0
412971,412972,412972,412972,closed,stop,19992.0,19988.0,19992.25,19987.75,19988.0,20024.0,-4.0,-4.5,-5.0,-100.0,10.0,0.5,1.0,1.0,4.25,2024-02-29 20:28:00+00:00,2024-02-29 20:28:00+00:00,2024-02-29 20:29:00+00:00,2024-02-29 20:29:00+00:00,momentum_long_late_8346db7cf1cc,1,market,0.0,1,1,4,32,43040.0
412972,412973,412973,412973,closed,timeout,19990.25,19991.5,19990.5,19991.25,19986.25,20022.25,1.25,0.75,0.25,5.0,10.0,0.5,1.0,1.0,1.25,2024-02-29 20:29:00+00:00,2024-02-29 20:29:00+00:00,2024-02-29 20:30:00+00:00,2024-02-29 20:30:00+00:00,momentum_long_late_8346db7cf1cc,1,market,0.0,1,1,4,32,43045.0
412973,412974,412974,412974,closed,timeout,19991.0,19994.75,19991.25,19994.5,19987.0,20023.0,3.75,3.25,2.75,55.0,10.0,0.5,1.0,1.0,0.75,2024-02-29 20:30:00+00:00,2024-02-29 20:30:00+00:00,2024-02-29 20:31:00+00:00,2024-02-29 20:31:00+00:00,momentum_long_late_8346db7cf1cc,1,market,0.0,1,1,4,32,43100.0
412974,412975,412975,412975,closed,timeout,19995.0,19994.25,19995.25,19994.0,19991.0,20027.0,-0.75,-1.25,-1.75,-35.0,10.0,0.5,1.0,1.0,1.0,2024-02-29 20:31:00+00:00,2024-02-29 20:31:00+00:00,2024-02-29 20:32:00+00:00,2024-02-29 20:32:00+00:00,momentum_long_late_8346db7cf1cc,1,market,0.0,1,1,4,32,43065.0
412975,412976,412976,412976,closed,stop,19994.25,19990.25,19994.5,19990.0,19990.25,20026.25,-4.0,-4.5,-5.0,-100.0,10.0,0.5,1.0,1.0,6.75,2024-02-29 20:32:00+00:00,2024-02-29 20:32:00+00:00,2024-02-29 20:33:00+00:00,2024-02-29 20:33:00+00:00,momentum_long_late_8346db7cf1cc,1,market,0.0,1,1,4,32,42965.0
412999,413000,413000,413000,closed,stop,20039.75,20035.75,20040.0,20035.5,20035.75,20071.75,-4.0,-4.5,-5.0,-100.0,10.0,0.5,1.0,1.0,5.0,2024-02-29 20:56:00+00:00,2024-02-29 20:56:00+00:00,2024-02-29 20:57:00+00:00,2024-02-29 20:57:00+00:00,momentum_long_late_8346db7cf1cc,1,market,0.0,1,1,4,32,42865.0
413000,413001,413001,413001,closed,timeout,20045.5,20047.75,20045.75,20047.5,20041.5,20077.5,2.25,1.75,1.25,25.0,10.0,0.5,1.0,1.0,3.25,2024-02-29 20:57:00+00:00,2024-02-29 20:57:00+00:00,2024-02-29 20:58:00+00:00,2024-02-29 20:58:00+00:00,momentum_long_late_8346db7cf1cc,1,market,0.0,1,1,4,32,42890.0
413001,413002,413002,413002,closed,stop,20047.5,20043.5,20047.75,20043.25,20043.5,20079.5,-4.0,-4.5,-5.0,-100.0,10.0,0.5,1.0,1.0,13.75,2024-02-29 20:58:00+00:00,2024-02-29 20:58:00+00:00,2024-02-29 20:59:00+00:00,2024-02-29 20:59:00+00:00,momentum_long_late_8346db7cf1cc,1,market,0.0,1,1,4,32,42790.0
414249,414250,414250,414250,closed,timeout,20295.75,20296.0,20296.0,20295.75,20291.75,20327.75,0.25,-0.25,-0.75,-15.0,10.0,0.5,1.0,1.0,2.5,2024-03-01 19:01:00+00:00,2024-03-01 19:01:00+00:00,2024-03-01 19:02:00+00:00,2024-03-01 19:02:00+00:00,momentum_long_late_8346db7cf1cc,1,market,0.0,1,1,4,32,42775.0
414250,414251,414251,414251,closed,timeout,20296.0,20297.75,20296.25,20297.5,20292.0,20328.0,1.75,1.25,0.75,15.0,10.0,0.5,1.0,1.0,1.75,2024-03-01 19:02:00+00:00,2024-03-01 19:02:00+00:00,2024-03-01 19:03:00+00:00,2024-03-01 19:03:00+00:00,momentum_long_late_8346db7cf1cc,1,market,0.0,1,1,4,32,42790.0
414251,414252,414252,414252,closed,timeout,20297.5,20298.0,20297.75,20297.75,20293.5,20329.5,0.5,0.0,-0.5,-10.0,10.0,0.5,1.0,1.0,4.0,2024-03-01 19:03:00+00:00,2024-03-01 19:03:00+00:00,2024-03-01 19:04:00+00:00,2024-03-01 19:04:00+00:00,momentum_long_late_8346db7cf1cc,1,market,0.0,1,1,4,32,42780.0
414252,414253,414253,414253,closed,timeout,20297.75,20298.5,20298.0,20298.25,20293.75,20329.75,0.75,0.25,-0.25,-5.0,10.0,0.5,1.0,1.0,2.25,2024-03-01 19:04:00+00:00,2024-03-01 19:04:00+00:00,2024-03-01 19:05:00+00:00,2024-03-01 19:05:00+00:00,momentum_long_late_8346db7cf1cc,1,market,0.0,1,1,4,32,42775.0
414253,414254,414254,414254,closed,timeout,20298.0,20295.75,20298.25,20295.5,20294.0,20330.0,-2.25,-2.75,-3.25,-65.0,10.0,0.5,1.0,1.0,3.0,2024-03-01 19:05:00+00:00,2024-03-01 19:05:00+00:00,2024-03-01 19:06:00+00:00,2024-03-01 19:06:00+00:00,momentum_long_late_8346db7cf1cc,1,market,0.0,1,1,4,32,42710.0
414265,414266,414266,414266,closed,timeout,20308.5,20307.5,20308.75,20307.25,20304.5,20340.5,-1.0,-1.5,-2.0,-40.0,10.0,0.5,1.0,1.0,4.0,2024-03-01 19:17:00+00:00,2024-03-01 19:17:00+00:00,2024-03-01 19:18:00+00:00,2024-03-01 19:18:00+00:00,momentum_long_late_8346db7cf1cc,1,market,0.0,1,1,4,32,42670.0
414266,414267,414267,414267,closed,stop,20307.75,20303.75,20308.0,20303.5,20303.75,20339.75,-4.0,-4.5,-5.0,-100.0,10.0,0.5,1.0,1.0,7.5,2024-03-01 19:18:00+00:00,2024-03-01 19:18:00+00:00,2024-03-01 19:19:00+00:00,2024-03-01 19:19:00+00:00,momentum_long_late_8346db7cf1cc,1,market,0.0,1,1,4,32,42570.0
414302,414303,414303,414303,closed,timeout,20306.0,20304.5,20306.25,20304.25,20302.0,20338.0,-1.5,-2.0,-2.5,-50.0,10.0,0.5,1.0,1.0,3.75,2024-03-01 19:54:00+00:00,2024-03-01 19:54:00+00:00,2024-03-01 19:55:00+00:00,2024-03-01 19:55:00+00:00,momentum_long_late_8346db7cf1cc,1,market,0.0,1,1,4,32,42520.0
415632,415633,415633,415633,closed,timeout,20249.0,20250.75,20249.25,20250.5,20245.0,20281.0,1.75,1.25,0.75,15.0,10.0,0.5,1.0,1.0,1.0,2024-03-04 19:19:00+00:00,2024-03-04 19:19:00+00:00,2024-03-04 19:20:00+00:00,2024-03-04 19:20:00+00:00,momentum_long_late_8346db7cf1cc,1,market,0.0,1,1,4,32,42535.0
415633,415634,415634,415634,closed,timeout,20251.0,20249.75,20251.25,20249.5,20247.0,20283.0,-1.25,-1.75,-2.25,-45.0,10.0,0.5,1.0,1.0,2.25,2024-03-04 19:20:00+00:00,2024-03-04 19:20:00+00:00,2024-03-04 19:21:00+00:00,2024-03-04 19:21:00+00:00,momentum_long_late_8346db7cf1cc,1,market,0.0,1,1,4,32,42490.0
415634,415635,415635,415635,closed,stop,20250.25,20246.25,20250.5,20246.0,20246.25,20282.25,-4.0,-4.5,-5.0,-100.0,10.0,0.5,1.0,1.0,4.25,2024-03-04 19:21:00+00:00,2024-03-04 19:21:00+00:00,2024-03-04 19:22:00+00:00,2024-03-04 19:22:00+00:00,momentum_long_late_8346db7cf1cc,1,market,0.0,1,1,4,32,42390.0
415649,415650,415650,415650,closed,timeout,20255.75,20266.25,20256.0,20266.0,20251.75,20287.75,10.5,10.0,9.5,190.0,10.0,0.5,1.0,1.0,0.25,2024-03-04 19:36:00+00:00,2024-03-04 19:36:00+00:00,2024-03-04 19:37:00+00:00,2024-03-04 19:37:00+00:00,momentum_long_late_8346db7cf1cc,1,market,0.0,1,1,4,32,42580.0
415650,415651,415651,415651,closed,timeout,20266.5,20272.0,20266.75,20271.75,20262.5,20298.5,5.5,5.0,4.5,90.0,10.0,0.5,1.0,1.0,2.25,2024-03-04 19:37:00+00:00,2024-03-04 19:37:00+00:00,2024-03-04 19:38:00+00:00,2024-03-04 19:38:00+00:00,momentum_long_late_8346db7cf1cc,1,market,0.0,1,1,4,32,42670.0
415651,415652,415652,415652,closed,timeout,20271.5,20271.75,20271.75,20271.5,20267.5,20303.5,0.25,-0.25,-0.75,-15.0,10.0,0.5,1.0,1.0,4.0,2024-03-04 19:38:00+00:00,2024-03-04 19:38:00+00:00,2024-03-04 19:39:00+00:00,2024-03-04 19:39:00+00:00,momentum_long_late_8346db7cf1cc,1,market,0.0,1,1,4,32,42655.0
415652,415653,415653,415653,closed,timeout,20272.0,20283.5,20272.25,20283.25,20268.0,20304.0,11.5,11.0,10.5,210.0,10.0,0.5,1.0,1.0,0.5,2024-03-04 19:39:00+00:00,2024-03-04 19:39:00+00:00,2024-03-04 19:40:00+00:00,2024-03-04 19:40:00+00:00,momentum_long_late_8346db7cf1cc,1,market,0.0,1,1,4,32,42865.0
415653,415654,415654,415654,closed,stop,20283.0,20279.0,20283.25,20278.75,20279.0,20315.0,-4.0,-4.5,-5.0,-100.0,10.0,0.5,1.0,1.0,10.0,2024-03-04 19:40:00+00:00,2024-03-04 19:40:00+00:00,2024-03-04 19:41:00+00:00,2024-03-04 19:41:00+00:00,momentum_long_late_8346db7cf1cc,1,market,0.0,1,1,4,32,42765.0
415654,415655,415655,415655,closed,stop,20273.0,20269.0,20273.25,20268.75,20269.0,20305.0,-4.0,-4.5,-5.0,-100.0,10.0,0.5,1.0,1.0,8.75,2024-03-04 19:41:00+00:00,2024-03-04 19:41:00+00:00,2024-03-04 19:42:00+00:00,2024-03-04 19:42:00+00:00,momentum_long_late_8346db7cf1cc,1,market,0.0,1,1,4,32,42665.0
416989,416990,416990,416990,closed,timeout,19840.75,19843.25,19841.0,19843.0,19836.75,19872.75,2.5,2.0,1.5,30.0,10.0,0.5,1.0,1.0,1.5,2024-03-05 19:11:00+00:00,2024-03-05 19:11:00+00:00,2024-03-05 19:12:00+00:00,2024-03-05 19:12:00+00:00,momentum_long_late_8346db7cf1cc,1,market,0.0,1,1,4,32,42695.0
416990,416991,416991,416991,closed,timeout,19843.25,19842.75,19843.5,19842.5,19839.25,19875.25,-0.5,-1.0,-1.5,-30.0,10.0,0.5,1.0,1.0,2.0,2024-03-05 19:12:00+00:00,2024-03-05 19:12:00+00:00,2024-03-05 19:13:00+00:00,2024-03-05 19:13:00+00:00,momentum_long_late_8346db7cf1cc,1,market,0.0,1,1,4,32,42665.0
417086,417087,417087,417087,closed,stop,19833.5,19829.5,19833.75,19829.25,19829.5,19865.5,-4.0,-4.5,-5.0,-100.0,10.0,0.5,1.0,1.0,5.5,2024-03-05 20:48:00+00:00,2024-03-05 20:48:00+00:00,2024-03-05 20:49:00+00:00,2024-03-05 20:49:00+00:00,momentum_long_late_8346db7cf1cc,1,market,0.0,1,1,4,32,42565.0
417088,417089,417089,417089,closed,stop,19839.5,19835.5,19839.75,19835.25,19835.5,19871.5,-4.0,-4.5,-5.0,-100.0,10.0,0.5,1.0,1.0,11.75,2024-03-05 20:50:00+00:00,2024-03-05 20:50:00+00:00,2024-03-05 20:51:00+00:00,2024-03-05 20:51:00+00:00,momentum_long_late_8346db7cf1cc,1,market,0.0,1,1,4,32,42465.0
417090,417091,417091,417091,closed,timeout,19840.0,19839.75,19840.25,19839.5,19836.0,19872.0,-0.25,-0.75,-1.25,-25.0,10.0,0.5,1.0,1.0,2.75,2024-03-05 20:52:00+00:00,2024-03-05 20:52:00+00:00,2024-03-05 20:53:00+00:00,2024-03-05 20:53:00+00:00,momentum_long_late_8346db7cf1cc,1,market,0.0,1,1,4,32,42440.0
417092,417093,417093,417093,closed,stop,19845.75,19841.75,19846.0,19841.5,19841.75,19877.75,-4.0,-4.5,-5.0,-100.0,10.0,0.5,1.0,1.0,5.25,2024-03-05 20:54:00+00:00,2024-03-05 20:54:00+00:00,2024-03-05 20:55:00+00:00,2024-03-05 20:55:00+00:00,momentum_long_late_8346db7cf1cc,1,market,0.0,1,1,4,32,42340.0
417094,417095,417095,417095,closed,timeout,19862.0,19867.5,19862.25,19867.25,19858.0,19894.0,5.5,5.0,4.5,90.0,10.0,0.5,1.0,1.0,0.75,2024-03-05 20:56:00+00:00,2024-03-05 20:56:00+00:00,2024-03-05 20:57:00+00:00,2024-03-05 20:57:00+00:00,momentum_long_late_8346db7cf1cc,1,market,0.0,1,1,4,32,42430.0
417095,417096,417096,417096,closed,timeout,19867.25,19868.0,19867.5,19867.75,19863.25,19899.25,0.75,0.25,-0.25,-5.0,10.0,0.5,1.0,1.0,1.5,2024-03-05 20:57:00+00:00,2024-03-05 20:57:00+00:00,2024-03-05 20:58:00+00:00,2024-03-05 20:58:00+00:00,momentum_long_late_8346db7cf1cc,1,market,0.0,1,1,4,32,42425.0
417096,417097,417097,417097,closed,timeout,19868.25,19874.5,19868.5,19874.25,19864.25,19900.25,6.25,5.75,5.25,105.0,10.0,0.5,1.0,1.0,1.0,2024-03-05 20:58:00+00:00,2024-03-05 20:58:00+00:00,2024-03-05 20:59:00+00:00,2024-03-05 20:59:00+00:00,momentum_long_late_8346db7cf1cc,1,market,0.0,1,1,4,32,42530.0
417097,417098,417098,417098,closed,stop,19874.75,19870.75,19875.0,19870.5,19870.75,19906.75,-4.0,-4.5,-5.0,-100.0,10.0,0.5,1.0,1.0,10.0,2024-03-05 20:59:00+00:00,2024-03-05 20:59:00+00:00,2024-03-05 21:00:00+00:00,2024-03-05 21:00:00+00:00,momentum_long_late_8346db7cf1cc,1,market,0.0,1,1,4,32,42430.0
418450,418451,418451,418451,closed,timeout,19990.5,19999.25,19990.75,19999.0,19986.5,20022.5,8.75,8.25,7.75,155.0,10.0,0.5,1.0,1.0,2.75,2024-03-06 20:47:00+00:00,2024-03-06 20:47:00+00:00,2024-03-06 20:48:00+00:00,2024-03-06 20:48:00+00:00,momentum_long_late_8346db7cf1cc,1,market,0.0,1,1,4,32,42585.0
418451,418452,418452,418452,closed,stop,19999.75,19995.75,20000.0,19995.5,19995.75,20031.75,-4.0,-4.5,-5.0,-100.0,10.0,0.5,1.0,1.0,9.5,2024-03-06 20:48:00+00:00,2024-03-06 20:48:00+00:00,2024-03-06 20:49:00+00:00,2024-03-06 20:49:00+00:00,momentum_long_late_8346db7cf1cc,1,market,0.0,1,1,4,32,42485.0
418452,418453,418453,418453,closed,stop,19999.25,19995.25,19999.5,19995.0,19995.25,20031.25,-4.0,-4.5,-5.0,-100.0,10.0,0.5,1.0,1.0,7.0,2024-03-06 20:49:00+00:00,2024-03-06 20:49:00+00:00,2024-03-06 20:50:00+00:00,2024-03-06 20:50:00+00:00,momentum_long_late_8346db7cf1cc,1,market,0.0,1,1,4,32,42385.0
418453,418454,418454,418454,closed,stop,19997.25,19993.25,19997.5,19993.0,19993.25,20029.25,-4.0,-4.5,-5.0,-100.0,10.0,0.5,1.0,1.0,34.5,2024-03-06 20:50:00+00:00,2024-03-06 20:50:00+00:00,2024-03-06 20:51:00+00:00,2024-03-06 20:51:00+00:00,momentum_long_late_8346db7cf1cc,1,market,0.0,1,1,4,32,42285.0
419809,419810,419810,419810,closed,timeout,20264.0,20268.5,20264.25,20268.25,20260.0,20296.0,4.5,4.0,3.5,70.0,10.0,0.5,1.0,1.0,0.5,2024-03-07 20:41:00+00:00,2024-03-07 20:41:00+00:00,2024-03-07 20:42:00+00:00,2024-03-07 20:42:00+00:00,momentum_long_late_8346db7cf1cc,1,market,0.0,1,1,4,32,42355.0
419810,419811,419811,419811,closed,timeout,20268.25,20274.0,20268.5,20273.75,20264.25,20300.25,5.75,5.25,4.75,95.0,10.0,0.5,1.0,1.0,1.0,2024-03-07 20:42:00+00:00,2024-03-07 20:42:00+00:00,2024-03-07 20:43:00+00:00,2024-03-07 20:43:00+00:00,momentum_long_late_8346db7cf1cc,1,market,0.0,1,1,4,32,42450.0
419811,419812,419812,419812,closed,stop,20274.0,20270.0,20274.25,20269.75,20270.0,20306.0,-4.0,-4.5,-5.0,-100.0,10.0,0.5,1.0,1.0,8.0,2024-03-07 20:43:00+00:00,2024-03-07 20:43:00+00:00,2024-03-07 20:44:00+00:00,2024-03-07 20:44:00+00:00,momentum_long_late_8346db7cf1cc,1,market,0.0,1,1,4,32,42350.0
419812,419813,419813,419813,closed,timeout,20269.25,20273.5,20269.5,20273.25,20265.25,20301.25,4.25,3.75,3.25,65.0,10.0,0.5,1.0,1.0,0.25,2024-03-07 20:44:00+00:00,2024-03-07 20:44:00+00:00,2024-03-07 20:45:00+00:00,2024-03-07 20:45:00+00:00,momentum_long_late_8346db7cf1cc,1,market,0.0,1,1,4,32,42415.0
419813,419814,419814,419814,closed,stop,20273.25,20269.25,20273.5,20269.0,20269.25,20305.25,-4.0,-4.5,-5.0,-100.0,10.0,0.5,1.0,1.0,4.25,2024-03-07 20:45:00+00:00,2024-03-07 20:45:00+00:00,2024-03-07 20:46:00+00:00,2024-03-07 20:46:00+00:00,momentum_long_late_8346db7cf1cc,1,market,0.0,1,1,4,32,42315.0
419814,419815,419815,419815,closed,stop,20274.75,20270.75,20275.0,20270.5,20270.75,20306.75,-4.0,-4.5,-5.0,-100.0,10.0,0.5,1.0,1.0,7.0,2024-03-07 20:46:00+00:00,2024-03-07 20:46:00+00:00,2024-03-07 20:47:00+00:00,2024-03-07 20:47:00+00:00,momentum_long_late_8346db7cf1cc,1,market,0.0,1,1,4,32,42215.0
421077,421078,421078,421078,closed,stop,20029.25,20025.25,20029.5,20025.0,20025.25,20061.25,-4.0,-4.5,-5.0,-100.0,10.0,0.5,1.0,1.0,8.75,2024-03-08 19:04:00+00:00,2024-03-08 19:04:00+00:00,2024-03-08 19:05:00+00:00,2024-03-08 19:05:00+00:00,momentum_long_late_8346db7cf1cc,1,market,0.0,1,1,4,32,42115.0
421078,421079,421079,421079,closed,stop,20027.0,20023.0,20027.25,20022.75,20023.0,20059.0,-4.0,-4.5,-5.0,-100.0,10.0,0.5,1.0,1.0,13.5,2024-03-08 19:05:00+00:00,2024-03-08 19:05:00+00:00,2024-03-08 19:06:00+00:00,2024-03-08 19:06:00+00:00,momentum_long_late_8346db7cf1cc,1,market,0.0,1,1,4,32,42015.0
421079,421080,421080,421080,closed,timeout,20018.0,20023.75,20018.25,20023.5,20014.0,20050.0,5.75,5.25,4.75,95.0,10.0,0.5,1.0,1.0,1.5,2024-03-08 19:06:00+00:00,2024-03-08 19:06:00+00:00,2024-03-08 19:07:00+00:00,2024-03-08 19:07:00+00:00,momentum_long_late_8346db7cf1cc,1,market,0.0,1,1,4,32,42110.0
421080,421081,421081,421081,closed,timeout,20024.5,20033.0,20024.75,20032.75,20020.5,20056.5,8.5,8.0,7.5,150.0,10.0,0.5,1.0,1.0,2.75,2024-03-08 19:07:00+00:00,2024-03-08 19:07:00+00:00,2024-03-08 19:08:00+00:00,2024-03-08 19:08:00+00:00,momentum_long_late_8346db7cf1cc,1,market,0.0,1,1,4,32,42260.0
421081,421082,421082,421082,closed,stop,20033.0,20029.0,20033.25,20028.75,20029.0,20065.0,-4.0,-4.5,-5.0,-100.0,10.0,0.5,1.0,1.0,7.75,2024-03-08 19:08:00+00:00,2024-03-08 19:08:00+00:00,2024-03-08 19:09:00+00:00,2024-03-08 19:09:00+00:00,momentum_long_late_8346db7cf1cc,1,market,0.0,1,1,4,32,42160.0
421084,421085,421085,421085,closed,stop,20035.0,20031.0,20035.25,20030.75,20031.0,20067.0,-4.0,-4.5,-5.0,-100.0,10.0,0.5,1.0,1.0,9.25,2024-03-08 19:11:00+00:00,2024-03-08 19:11:00+00:00,2024-03-08 19:12:00+00:00,2024-03-08 19:12:00+00:00,momentum_long_late_8346db7cf1cc,1,market,0.0,1,1,4,32,42060.0
421096,421097,421097,421097,closed,stop,20060.25,20056.25,20060.5,20056.0,20056.25,20092.25,-4.0,-4.5,-5.0,-100.0,10.0,0.5,1.0,1.0,6.75,2024-03-08 19:23:00+00:00,2024-03-08 19:23:00+00:00,2024-03-08 19:24:00+00:00,2024-03-08 19:24:00+00:00,momentum_long_late_8346db7cf1cc,1,market,0.0,1,1,4,32,41960.0
421097,421098,421098,421098,closed,stop,20059.75,20055.75,20060.0,20055.5,20055.75,20091.75,-4.0,-4.5,-5.0,-100.0,10.0,0.5,1.0,1.0,5.75,2024-03-08 19:24:00+00:00,2024-03-08 19:24:00+00:00,2024-03-08 19:25:00+00:00,2024-03-08 19:25:00+00:00,momentum_long_late_8346db7cf1cc,1,market,0.0,1,1,4,32,41860.0
421098,421099,421099,421099,closed,stop,20060.0,20056.0,20060.25,20055.75,20056.0,20092.0,-4.0,-4.5,-5.0,-100.0,10.0,0.5,1.0,1.0,15.0,2024-03-08 19:25:00+00:00,2024-03-08 19:25:00+00:00,2024-03-08 19:26:00+00:00,2024-03-08 19:26:00+00:00,momentum_long_late_8346db7cf1cc,1,market,0.0,1,1,4,32,41760.0
421109,421110,421110,421110,closed,timeout,20085.75,20089.0,20086.0,20088.75,20081.75,20117.75,3.25,2.75,2.25,45.0,10.0,0.5,1.0,1.0,0.5,2024-03-08 19:36:00+00:00,2024-03-08 19:36:00+00:00,2024-03-08 19:37:00+00:00,2024-03-08 19:37:00+00:00,momentum_long_late_8346db7cf1cc,1,market,0.0,1,1,4,32,41805.0
421110,421111,421111,421111,closed,timeout,20089.25,20095.25,20089.5,20095.0,20085.25,20121.25,6.0,5.5,5.0,100.0,10.0,0.5,1.0,1.0,2.0,2024-03-08 19:37:00+00:00,2024-03-08 19:37:00+00:00,2024-03-08 19:38:00+00:00,2024-03-08 19:38:00+00:00,momentum_long_late_8346db7cf1cc,1,market,0.0,1,1,4,32,41905.0
421111,421112,421112,421112,closed,stop,20095.5,20091.5,20095.75,20091.25,20091.5,20127.5,-4.0,-4.5,-5.0,-100.0,10.0,0.5,1.0,1.0,17.5,2024-03-08 19:38:00+00:00,2024-03-08 19:38:00+00:00,2024-03-08 19:39:00+00:00,2024-03-08 19:39:00+00:00,momentum_long_late_8346db7cf1cc,1,market,0.0,1,1,4,32,41805.0
421117,421118,421118,421118,closed,timeout,20109.5,20112.5,20109.75,20112.25,20105.5,20141.5,3.0,2.5,2.0,40.0,10.0,0.5,1.0,1.0,2.25,2024-03-08 19:44:00+00:00,2024-03-08 19:44:00+00:00,2024-03-08 19:45:00+00:00,2024-03-08 19:45:00+00:00,momentum_long_late_8346db7cf1cc,1,market,0.0,1,1,4,32,41845.0
421118,421119,421119,421119,closed,stop,20112.75,20108.75,20113.0,20108.5,20108.75,20144.75,-4.0,-4.5,-5.0,-100.0,10.0,0.5,1.0,1.0,4.25,2024-03-08 19:45:00+00:00,2024-03-08 19:45:00+00:00,2024-03-08 19:46:00+00:00,2024-03-08 19:46:00+00:00,momentum_long_late_8346db7cf1cc,1,market,0.0,1,1,4,32,41745.0
422462,422463,422463,422463,closed,timeout,19931.5,19936.25,19931.75,19936.0,19927.5,19963.5,4.75,4.25,3.75,75.0,10.0,0.5,1.0,1.0,2.0,2024-03-11 18:24:00+00:00,2024-03-11 18:24:00+00:00,2024-03-11 18:25:00+00:00,2024-03-11 18:25:00+00:00,momentum_long_late_8346db7cf1cc,1,market,0.0,1,1,4,32,41820.0
422463,422464,422464,422464,closed,stop,19936.0,19932.0,19936.25,19931.75,19932.0,19968.0,-4.0,-4.5,-5.0,-100.0,10.0,0.5,1.0,1.0,15.25,2024-03-11 18:25:00+00:00,2024-03-11 18:25:00+00:00,2024-03-11 18:26:00+00:00,2024-03-11 18:26:00+00:00,momentum_long_late_8346db7cf1cc,1,market,0.0,1,1,4,32,41720.0
422484,422485,422485,422485,closed,timeout,19941.75,19944.75,19942.0,19944.5,19937.75,19973.75,3.0,2.5,2.0,40.0,10.0,0.5,1.0,1.0,1.25,2024-03-11 18:46:00+00:00,2024-03-11 18:46:00+00:00,2024-03-11 18:47:00+00:00,2024-03-11 18:47:00+00:00,momentum_long_late_8346db7cf1cc,1,market,0.0,1,1,4,32,41760.0
422485,422486,422486,422486,closed,timeout,19945.25,19944.75,19945.5,19944.5,19941.25,19977.25,-0.5,-1.0,-1.5,-30.0,10.0,0.5,1.0,1.0,2.75,2024-03-11 18:47:00+00:00,2024-03-11 18:47:00+00:00,2024-03-11 18:48:00+00:00,2024-03-11 18:48:00+00:00,momentum_long_late_8346db7cf1cc,1,market,0.0,1,1,4,32,41730.0
422486,422487,422487,422487,closed,timeout,19945.0,19947.0,19945.25,19946.75,19941.0,19977.0,2.0,1.5,1.0,20.0,10.0,0.5,1.0,1.0,0.25,2024-03-11 18:48:00+00:00,2024-03-11 18:48:00+00:00,2024-03-11 18:49:00+00:00,2024-03-11 18:49:00+00:00,momentum_long_late_8346db7cf1cc,1,market,0.0,1,1,4,32,41750.0
422487,422488,422488,422488,closed,timeout,19946.75,19950.0,19947.0,19949.75,19942.75,19978.75,3.25,2.75,2.25,45.0,10.0,0.5,1.0,1.0,1.25,2024-03-11 18:49:00+00:00,2024-03-11 18:49:00+00:00,2024-03-11 18:50:00+00:00,2024-03-11 18:50:00+00:00,momentum_long_late_8346db7cf1cc,1,market,0.0,1,1,4,32,41795.0
422488,422489,422489,422489,closed,timeout,19950.5,19952.0,19950.75,19951.75,19946.5,19982.5,1.5,1.0,0.5,10.0,10.0,0.5,1.0,1.0,0.25,2024-03-11 18:50:00+00:00,2024-03-11 18:50:00+00:00,2024-03-11 18:51:00+00:00,2024-03-11 18:51:00+00:00,momentum_long_late_8346db7cf1cc,1,market,0.0,1,1,4,32,41805.0
422489,422490,422490,422490,closed,stop,19952.0,19948.0,19952.25,19947.75,19948.0,19984.0,-4.0,-4.5,-5.0,-100.0,10.0,0.5,1.0,1.0,9.25,2024-03-11 18:51:00+00:00,2024-03-11 18:51:00+00:00,2024-03-11 18:52:00+00:00,2024-03-11 18:52:00+00:00,momentum_long_late_8346db7cf1cc,1,market,0.0,1,1,4,32,41705.0
423807,423808,423808,423808,closed,timeout,20108.25,20107.5,20108.5,20107.25,20104.25,20140.25,-0.75,-1.25,-1.75,-35.0,10.0,0.5,1.0,1.0,3.25,2024-03-12 18:04:00+00:00,2024-03-12 18:04:00+00:00,2024-03-12 18:05:00+00:00,2024-03-12 18:05:00+00:00,momentum_long_late_8346db7cf1cc,1,market,0.0,1,1,4,32,41670.0
423808,423809,423809,423809,closed,timeout,20107.0,20117.5,20107.25,20117.25,20103.0,20139.0,10.5,10.0,9.5,190.0,10.0,0.5,1.0,1.0,0.25,2024-03-12 18:05:00+00:00,2024-03-12 18:05:00+00:00,2024-03-12 18:06:00+00:00,2024-03-12 18:06:00+00:00,momentum_long_late_8346db7cf1cc,1,market,0.0,1,1,4,32,41860.0
423809,423810,423810,423810,closed,stop,20117.0,20113.0,20117.25,20112.75,20113.0,20149.0,-4.0,-4.5,-5.0,-100.0,10.0,0.5,1.0,1.0,8.25,2024-03-12 18:06:00+00:00,2024-03-12 18:06:00+00:00,2024-03-12 18:07:00+00:00,2024-03-12 18:07:00+00:00,momentum_long_late_8346db7cf1cc,1,market,0.0,1,1,4,32,41760.0
423815,423816,423816,423816,closed,timeout,20125.25,20126.0,20125.5,20125.75,20121.25,20157.25,0.75,0.25,-0.25,-5.0,10.0,0.5,1.0,1.0,1.25,2024-03-12 18:12:00+00:00,2024-03-12 18:12:00+00:00,2024-03-12 18:13:00+00:00,2024-03-12 18:13:00+00:00,momentum_long_late_8346db7cf1cc,1,market,0.0,1,1,4,32,41755.0
423816,423817,423817,423817,closed,stop,20125.75,20121.75,20126.0,20121.5,20121.75,20157.75,-4.0,-4.5,-5.0,-100.0,10.0,0.5,1.0,1.0,7.0,2024-03-12 18:13:00+00:00,2024-03-12 18:13:00+00:00,2024-03-12 18:14:00+00:00,2024-03-12 18:14:00+00:00,momentum_long_late_8346db7cf1cc,1,market,0.0,1,1,4,32,41655.0
423833,423834,423834,423834,closed,stop,20138.0,20134.0,20138.25,20133.75,20134.0,20170.0,-4.0,-4.5,-5.0,-100.0,10.0,0.5,1.0,1.0,4.25,2024-03-12 18:30:00+00:00,2024-03-12 18:30:00+00:00,2024-03-12 18:31:00+00:00,2024-03-12 18:31:00+00:00,momentum_long_late_8346db7cf1cc,1,market,0.0,1,1,4,32,41555.0
423834,423835,423835,423835,closed,timeout,20137.0,20140.0,20137.25,20139.75,20133.0,20169.0,3.0,2.5,2.0,40.0,10.0,0.5,1.0,1.0,1.75,2024-03-12 18:31:00+00:00,2024-03-12 18:31:00+00:00,2024-03-12 18:32:00+00:00,2024-03-12 18:32:00+00:00,momentum_long_late_8346db7cf1cc,1,market,0.0,1,1,4,32,41595.0
423835,423836,423836,423836,closed,timeout,20140.5,20149.0,20140.75,20148.75,20136.5,20172.5,8.5,8.0,7.5,150.0,10.0,0.5,1.0,1.0,0.5,2024-03-12 18:32:00+00:00,2024-03-12 18:32:00+00:00,2024-03-12 18:33:00+00:00,2024-03-12 18:33:00+00:00,momentum_long_late_8346db7cf1cc,1,market,0.0,1,1,4,32,41745.0
423836,423837,423837,423837,closed,stop,20149.0,20145.0,20149.25,20144.75,20145.0,20181.0,-4.0,-4.5,-5.0,-100.0,10.0,0.5,1.0,1.0,8.5,2024-03-12 18:33:00+00:00,2024-03-12 18:33:00+00:00,2024-03-12 18:34:00+00:00,2024-03-12 18:34:00+00:00,momentum_long_late_8346db7cf1cc,1,market,0.0,1,1,4,32,41645.0
423837,423838,423838,423838,closed,stop,20145.0,20141.0,20145.25,20140.75,20141.0,20177.0,-4.0,-4.5,-5.0,-100.0,10.0,0.5,1.0,1.0,4.25,2024-03-12 18:34:00+00:00,2024-03-12 18:34:00+00:00,2024-03-12 18:35:00+00:00,2024-03-12 18:35:00+00:00,momentum_long_late_8346db7cf1cc,1,market,0.0,1,1,4,32,41545.0
423838,423839,423839,423839,closed,timeout,20146.0,20148.0,20146.25,20147.75,20142.0,20178.0,2.0,1.5,1.0,20.0,10.0,0.5,1.0,1.0,1.5,2024-03-12 18:35:00+00:00,2024-03-12 18:35:00+00:00,2024-03-12 18:36:00+00:00,2024-03-12 18:36:00+00:00,momentum_long_late_8346db7cf1cc,1,market,0.0,1,1,4,32,41565.0
423839,423840,423840,423840,closed,timeout,20148.25,20148.25,20148.5,20148.0,20144.25,20180.25,0.0,-0.5,-1.0,-20.0,10.0,0.5,1.0,1.0,3.25,2024-03-12 18:36:00+00:00,2024-03-12 18:36:00+00:00,2024-03-12 18:37:00+00:00,2024-03-12 18:37:00+00:00,momentum_long_late_8346db7cf1cc,1,market,0.0,1,1,4,32,41545.0
423840,423841,423841,423841,closed,stop,20148.25,20144.25,20148.5,20144.0,20144.25,20180.25,-4.0,-4.5,-5.0,-100.0,10.0,0.5,1.0,1.0,12.0,2024-03-12 18:37:00+00:00,2024-03-12 18:37:00+00:00,2024-03-12 18:38:00+00:00,2024-03-12 18:38:00+00:00,momentum_long_late_8346db7cf1cc,1,market,0.0,1,1,4,32,41445.0
423874,423875,423875,423875,closed,stop,20154.25,20150.25,20154.5,20150.0,20150.25,20186.25,-4.0,-4.5,-5.0,-100.0,10.0,0.5,1.0,1.0,5.0,2024-03-12 19:11:00+00:00,2024-03-12 19:11:00+00:00,2024-03-12 19:12:00+00:00,2024-03-12 19:12:00+00:00,momentum_long_late_8346db7cf1cc,1,market,0.0,1,1,4,32,41345.0
425277,425278,425278,425278,closed,stop,20041.25,20037.25,20041.5,20037.0,20037.25,20073.25,-4.0,-4.5,-5.0,-100.0,10.0,0.5,1.0,1.0,8.0,2024-03-13 19:49:00+00:00,2024-03-13 19:49:00+00:00,2024-03-13 19:50:00+00:00,2024-03-13 19:50:00+00:00,momentum_long_late_8346db7cf1cc,1,market,0.0,1,1,4,32,41245.0
425278,425279,425279,425279,closed,stop,20041.75,20037.75,20042.0,20037.5,20037.75,20073.75,-4.0,-4.5,-5.0,-100.0,10.0,0.5,1.0,1.0,14.75,2024-03-13 19:50:00+00:00,2024-03-13 19:50:00+00:00,2024-03-13 19:51:00+00:00,2024-03-13 19:51:00+00:00,momentum_long_late_8346db7cf1cc,1,market,0.0,1,1,4,32,41145.0
426533,426534,426534,426534,closed,timeout,19986.25,19995.0,19986.5,19994.75,19982.25,20018.25,8.75,8.25,7.75,155.0,10.0,0.5,1.0,1.0,0.25,2024-03-14 18:00:00+00:00,2024-03-14 18:00:00+00:00,2024-03-14 18:01:00+00:00,2024-03-14 18:01:00+00:00,momentum_long_late_8346db7cf1cc,1,market,0.0,1,1,4,32,41300.0
426534,426535,426535,426535,closed,stop,19995.5,19991.5,19995.75,19991.25,19991.5,20027.5,-4.0,-4.5,-5.0,-100.0,10.0,0.5,1.0,1.0,7.0,2024-03-14 18:01:00+00:00,2024-03-14 18:01:00+00:00,2024-03-14 18:02:00+00:00,2024-03-14 18:02:00+00:00,momentum_long_late_8346db7cf1cc,1,market,0.0,1,1,4,32,41200.0
426535,426536,426536,426536,closed,timeout,20006.0,20009.75,20006.25,20009.5,20002.0,20038.0,3.75,3.25,2.75,55.0,10.0,0.5,1.0,1.0,1.0,2024-03-14 18:02:00+00:00,2024-03-14 18:02:00+00:00,2024-03-14 18:03:00+00:00,2024-03-14 18:03:00+00:00,momentum_long_late_8346db7cf1cc,1,market,0.0,1,1,4,32,41255.0
426536,426537,426537,426537,closed,stop,20010.0,20006.0,20010.25,20005.75,20006.0,20042.0,-4.0,-4.5,-5.0,-100.0,10.0,0.5,1.0,1.0,5.75,2024-03-14 18:03:00+00:00,2024-03-14 18:03:00+00:00,2024-03-14 18:04:00+00:00,2024-03-14 18:04:00+00:00,momentum_long_late_8346db7cf1cc,1,market,0.0,1,1,4,32,41155.0
426537,426538,426538,426538,closed,stop,20010.75,20006.75,20011.0,20006.5,20006.75,20042.75,-4.0,-4.5,-5.0,-100.0,10.0,0.5,1.0,1.0,4.25,2024-03-14 18:04:00+00:00,2024-03-14 18:04:00+00:00,2024-03-14 18:05:00+00:00,2024-03-14 18:05:00+00:00,momentum_long_late_8346db7cf1cc,1,market,0.0,1,1,4,32,41055.0
426538,426539,426539,426539,closed,timeout,20008.0,20012.0,20008.25,20011.75,20004.0,20040.0,4.0,3.5,3.0,60.0,10.0,0.5,1.0,1.0,0.5,2024-03-14 18:05:00+00:00,2024-03-14 18:05:00+00:00,2024-03-14 18:06:00+00:00,2024-03-14 18:06:00+00:00,momentum_long_late_8346db7cf1cc,1,market,0.0,1,1,4,32,41115.0
426539,426540,426540,426540,closed,stop,20012.5,20008.5,20012.75,20008.25,20008.5,20044.5,-4.0,-4.5,-5.0,-100.0,10.0,0.5,1.0,1.0,11.25,2024-03-14 18:06:00+00:00,2024-03-14 18:06:00+00:00,2024-03-14 18:07:00+00:00,2024-03-14 18:07:00+00:00,momentum_long_late_8346db7cf1cc,1,market,0.0,1,1,4,32,41015.0
426637,426638,426638,426638,closed,timeout,19903.5,19909.5,19903.75,19909.25,19899.5,19935.5,6.0,5.5,5.0,100.0,10.0,0.5,1.0,1.0,2.75,2024-03-14 19:44:00+00:00,2024-03-14 19:44:00+00:00,2024-03-14 19:45:00+00:00,2024-03-14 19:45:00+00:00,momentum_long_late_8346db7cf1cc,1,market,0.0,1,1,4,32,41115.0
426638,426639,426639,426639,closed,timeout,19909.25,19915.75,19909.5,19915.5,19905.25,19941.25,6.5,6.0,5.5,110.0,10.0,0.5,1.0,1.0,0.5,2024-03-14 19:45:00+00:00,2024-03-14 19:45:00+00:00,2024-03-14 19:46:00+00:00,2024-03-14 19:46:00+00:00,momentum_long_late_8346db7cf1cc,1,market,0.0,1,1,4,32,41225.0
426639,426640,426640,426640,closed,stop,19916.25,19912.25,19916.5,19912.0,19912.25,19948.25,-4.0,-4.5,-5.0,-100.0,10.0,0.5,1.0,1.0,25.75,2024-03-14 19:46:00+00:00,2024-03-14 19:46:00+00:00,2024-03-14 19:47:00+00:00,2024-03-14 19:47:00+00:00,momentum_long_late_8346db7cf1cc,1,market,0.0,1,1,4,32,41125.0
426646,426647,426647,426647,closed,stop,19939.5,19935.5,19939.75,19935.25,19935.5,19971.5,-4.0,-4.5,-5.0,-100.0,10.0,0.5,1.0,1.0,6.5,2024-03-14 19:53:00+00:00,2024-03-14 19:53:00+00:00,2024-03-14 19:54:00+00:00,2024-03-14 19:54:00+00:00,momentum_long_late_8346db7cf1cc,1,market,0.0,1,1,4,32,41025.0
426647,426648,426648,426648,closed,timeout,19940.25,19952.0,19940.5,19951.75,19936.25,19972.25,11.75,11.25,10.75,215.0,10.0,0.5,1.0,1.0,3.75,2024-03-14 19:54:00+00:00,2024-03-14 19:54:00+00:00,2024-03-14 19:55:00+00:00,2024-03-14 19:55:00+00:00,momentum_long_late_8346db7cf1cc,1,market,0.0,1,1,4,32,41240.0
426648,426649,426649,426649,closed,stop,19951.0,19947.0,19951.25,19946.75,19947.0,19983.0,-4.0,-4.5,-5.0,-100.0,10.0,0.5,1.0,1.0,15.5,2024-03-14 19:55:00+00:00,2024-03-14 19:55:00+00:00,2024-03-14 19:56:00+00:00,2024-03-14 19:56:00+00:00,momentum_long_late_8346db7cf1cc,1,market,0.0,1,1,4,32,41140.0
426649,426650,426650,426650,closed,stop,19951.0,19947.0,19951.25,19946.75,19947.0,19983.0,-4.0,-4.5,-5.0,-100.0,10.0,0.5,1.0,1.0,13.75,2024-03-14 19:56:00+00:00,2024-03-14 19:56:00+00:00,2024-03-14 19:57:00+00:00,2024-03-14 19:57:00+00:00,momentum_long_late_8346db7cf1cc,1,market,0.0,1,1,4,32,41040.0
427898,427899,427899,427899,closed,timeout,19775.25,19779.0,19775.5,19778.75,19771.25,19807.25,3.75,3.25,2.75,55.0,10.0,0.5,1.0,1.0,1.75,2024-03-15 18:00:00+00:00,2024-03-15 18:00:00+00:00,2024-03-15 18:01:00+00:00,2024-03-15 18:01:00+00:00,momentum_long_late_8346db7cf1cc,1,market,0.0,1,1,4,32,41095.0
427900,427901,427901,427901,closed,stop,19782.25,19778.25,19782.5,19778.0,19778.25,19814.25,-4.0,-4.5,-5.0,-100.0,10.0,0.5,1.0,1.0,4.75,2024-03-15 18:02:00+00:00,2024-03-15 18:02:00+00:00,2024-03-15 18:03:00+00:00,2024-03-15 18:03:00+00:00,momentum_long_late_8346db7cf1cc,1,market,0.0,1,1,4,32,40995.0
427901,427902,427902,427902,closed,stop,19779.75,19775.75,19780.0,19775.5,19775.75,19811.75,-4.0,-4.5,-5.0,-100.0,10.0,0.5,1.0,1.0,6.0,2024-03-15 18:03:00+00:00,2024-03-15 18:03:00+00:00,2024-03-15 18:04:00+00:00,2024-03-15 18:04:00+00:00,momentum_long_late_8346db7cf1cc,1,market,0.0,1,1,4,32,40895.0
427938,427939,427939,427939,closed,timeout,19774.75,19778.0,19775.0,19777.75,19770.75,19806.75,3.25,2.75,2.25,45.0,10.0,0.5,1.0,1.0,2.0,2024-03-15 18:40:00+00:00,2024-03-15 18:40:00+00:00,2024-03-15 18:41:00+00:00,2024-03-15 18:41:00+00:00,momentum_long_late_8346db7cf1cc,1,market,0.0,1,1,4,32,40940.0
427939,427940,427940,427940,closed,timeout,19777.25,19788.25,19777.5,19788.0,19773.25,19809.25,11.0,10.5,10.0,200.0,10.0,0.5,1.0,1.0,1.25,2024-03-15 18:41:00+00:00,2024-03-15 18:41:00+00:00,2024-03-15 18:42:00+00:00,2024-03-15 18:42:00+00:00,momentum_long_late_8346db7cf1cc,1,market,0.0,1,1,4,32,41140.0
427940,427941,427941,427941,closed,timeout,19787.75,19791.75,19788.0,19791.5,19783.75,19819.75,4.0,3.5,3.0,60.0,10.0,0.5,1.0,1.0,0.75,2024-03-15 18:42:00+00:00,2024-03-15 18:42:00+00:00,2024-03-15 18:43:00+00:00,2024-03-15 18:43:00+00:00,momentum_long_late_8346db7cf1cc,1,market,0.0,1,1,4,32,41200.0
427941,427942,427942,427942,closed,stop,19792.0,19788.0,19792.25,19787.75,19788.0,19824.0,-4.0,-4.5,-5.0,-100.0,10.0,0.5,1.0,1.0,9.0,2024-03-15 18:43:00+00:00,2024-03-15 18:43:00+00:00,2024-03-15 18:44:00+00:00,2024-03-15 18:44:00+00:00,momentum_long_late_8346db7cf1cc,1,market,0.0,1,1,4,32,41100.0
429274,429275,429275,429275,closed,timeout,19982.25,19984.0,19982.5,19983.75,19978.25,20014.25,1.75,1.25,0.75,15.0,10.0,0.5,1.0,1.0,0.5,2024-03-18 18:11:00+00:00,2024-03-18 18:11:00+00:00,2024-03-18 18:12:00+00:00,2024-03-18 18:12:00+00:00,momentum_long_late_8346db7cf1cc,1,market,0.0,1,1,4,32,41115.0
429275,429276,429276,429276,closed,timeout,19983.75,19985.75,19984.0,19985.5,19979.75,20015.75,2.0,1.5,1.0,20.0,10.0,0.5,1.0,1.0,0.5,2024-03-18 18:12:00+00:00,2024-03-18 18:12:00+00:00,2024-03-18 18:13:00+00:00,2024-03-18 18:13:00+00:00,momentum_long_late_8346db7cf1cc,1,market,0.0,1,1,4,32,41135.0
429276,429277,429277,429277,closed,stop,19985.5,19981.5,19985.75,19981.25,19981.5,20017.5,-4.0,-4.5,-5.0,-100.0,10.0,0.5,1.0,1.0,10.0,2024-03-18 18:13:00+00:00,2024-03-18 18:13:00+00:00,2024-03-18 18:14:00+00:00,2024-03-18 18:14:00+00:00,momentum_long_late_8346db7cf1cc,1,market,0.0,1,1,4,32,41035.0
430646,430647,430647,430647,closed,stop,19973.5,19969.5,19973.75,19969.25,19969.5,20005.5,-4.0,-4.5,-5.0,-100.0,10.0,0.5,1.0,1.0,7.5,2024-03-19 18:18:00+00:00,2024-03-19 18:18:00+00:00,2024-03-19 18:19:00+00:00,2024-03-19 18:19:00+00:00,momentum_long_late_8346db7cf1cc,1,market,0.0,1,1,4,32,40935.0
430728,430729,430729,430729,closed,timeout,19946.5,19946.5,19946.75,19946.25,19942.5,19978.5,0.0,-0.5,-1.0,-20.0,10.0,0.5,1.0,1.0,2.75,2024-03-19 19:40:00+00:00,2024-03-19 19:40:00+00:00,2024-03-19 19:41:00+00:00,2024-03-19 19:41:00+00:00,momentum_long_late_8346db7cf1cc,1,market,0.0,1,1,4,32,40915.0
430736,430737,430737,430737,closed,stop,19963.5,19959.5,19963.75,19959.25,19959.5,19995.5,-4.0,-4.5,-5.0,-100.0,10.0,0.5,1.0,1.0,7.75,2024-03-19 19:48:00+00:00,2024-03-19 19:48:00+00:00,2024-03-19 19:49:00+00:00,2024-03-19 19:49:00+00:00,momentum_long_late_8346db7cf1cc,1,market,0.0,1,1,4,32,40815.0
430737,430738,430738,430738,closed,stop,19968.5,19964.5,19968.75,19964.25,19964.5,20000.5,-4.0,-4.5,-5.0,-100.0,10.0,0.5,1.0,1.0,4.5,2024-03-19 19:49:00+00:00,2024-03-19 19:49:00+00:00,2024-03-19 19:50:00+00:00,2024-03-19 19:50:00+00:00,momentum_long_late_8346db7cf1cc,1,market,0.0,1,1,4,32,40715.0
430738,430739,430739,430739,closed,stop,19969.5,19965.5,19969.75,19965.25,19965.5,20001.5,-4.0,-4.5,-5.0,-100.0,10.0,0.5,1.0,1.0,10.25,2024-03-19 19:50:00+00:00,2024-03-19 19:50:00+00:00,2024-03-19 19:51:00+00:00,2024-03-19 19:51:00+00:00,momentum_long_late_8346db7cf1cc,1,market,0.0,1,1,4,32,40615.0
430739,430740,430740,430740,closed,timeout,19967.75,19972.25,19968.0,19972.0,19963.75,19999.75,4.5,4.0,3.5,70.0,10.0,0.5,1.0,1.0,2.25,2024-03-19 19:51:00+00:00,2024-03-19 19:51:00+00:00,2024-03-19 19:52:00+00:00,2024-03-19 19:52:00+00:00,momentum_long_late_8346db7cf1cc,1,market,0.0,1,1,4,32,40685.0
430740,430741,430741,430741,closed,stop,19972.25,19968.25,19972.5,19968.0,19968.25,20004.25,-4.0,-4.5,-5.0,-100.0,10.0,0.5,1.0,1.0,5.25,2024-03-19 19:52:00+00:00,2024-03-19 19:52:00+00:00,2024-03-19 19:53:00+00:00,2024-03-19 19:53:00+00:00,momentum_long_late_8346db7cf1cc,1,market,0.0,1,1,4,32,40585.0
430741,430742,430742,430742,closed,timeout,19972.25,19975.25,19972.5,19975.0,19968.25,20004.25,3.0,2.5,2.0,40.0,10.0,0.5,1.0,1.0,1.75,2024-03-19 19:53:00+00:00,2024-03-19 19:53:00+00:00,2024-03-19 19:54:00+00:00,2024-03-19 19:54:00+00:00,momentum_long_late_8346db7cf1cc,1,market,0.0,1,1,4,32,40625.0
431994,431995,431995,431995,closed,target,20007.25,20039.25,20007.5,20039.0,20003.25,20039.25,32.0,31.5,31.0,620.0,10.0,0.5,1.0,1.0,2.75,2024-03-20 18:01:00+00:00,2024-03-20 18:01:00+00:00,2024-03-20 18:02:00+00:00,2024-03-20 18:02:00+00:00,momentum_long_late_8346db7cf1cc,1,market,0.0,1,1,4,32,41245.0
431995,431996,431996,431996,closed,stop,20048.75,20044.75,20049.0,20044.5,20044.75,20080.75,-4.0,-4.5,-5.0,-100.0,10.0,0.5,1.0,1.0,15.75,2024-03-20 18:02:00+00:00,2024-03-20 18:02:00+00:00,2024-03-20 18:03:00+00:00,2024-03-20 18:03:00+00:00,momentum_long_late_8346db7cf1cc,1,market,0.0,1,1,4,32,41145.0
431996,431997,431997,431997,closed,stop,20038.75,20034.75,20039.0,20034.5,20034.75,20070.75,-4.0,-4.5,-5.0,-100.0,10.0,0.5,1.0,1.0,16.25,2024-03-20 18:03:00+00:00,2024-03-20 18:03:00+00:00,2024-03-20 18:04:00+00:00,2024-03-20 18:04:00+00:00,momentum_long_late_8346db7cf1cc,1,market,0.0,1,1,4,32,41045.0
431997,431998,431998,431998,closed,timeout,20042.5,20055.5,20042.75,20055.25,20038.5,20074.5,13.0,12.5,12.0,240.0,10.0,0.5,1.0,1.0,2.0,2024-03-20 18:04:00+00:00,2024-03-20 18:04:00+00:00,2024-03-20 18:05:00+00:00,2024-03-20 18:05:00+00:00,momentum_long_late_8346db7cf1cc,1,market,0.0,1,1,4,32,41285.0
431998,431999,431999,431999,closed,target,20055.5,20087.5,20055.75,20087.25,20051.5,20087.5,32.0,31.5,31.0,620.0,10.0,0.5,1.0,1.0,0.25,2024-03-20 18:05:00+00:00,2024-03-20 18:05:00+00:00,2024-03-20 18:06:00+00:00,2024-03-20 18:06:00+00:00,momentum_long_late_8346db7cf1cc,1,market,0.0,1,1,4,32,41905.0
431999,432000,432000,432000,closed,stop,20084.0,20080.0,20084.25,20079.75,20080.0,20116.0,-4.0,-4.5,-5.0,-100.0,10.0,0.5,1.0,1.0,12.75,2024-03-20 18:06:00+00:00,2024-03-20 18:06:00+00:00,2024-03-20 18:07:00+00:00,2024-03-20 18:07:00+00:00,momentum_long_late_8346db7cf1cc,1,market,0.0,1,1,4,32,41805.0
432000,432001,432001,432001,closed,stop,20084.0,20080.0,20084.25,20079.75,20080.0,20116.0,-4.0,-4.5,-5.0,-100.0,10.0,0.5,1.0,1.0,56.5,2024-03-20 18:07:00+00:00,2024-03-20 18:07:00+00:00,2024-03-20 18:08:00+00:00,2024-03-20 18:08:00+00:00,momentum_long_late_8346db7cf1cc,1,market,0.0,1,1,4,32,41705.0
432023,432024,432024,432024,closed,stop,20065.75,20061.75,20066.0,20061.5,20061.75,20097.75,-4.0,-4.5,-5.0,-100.0,10.0,0.5,1.0,1.0,14.25,2024-03-20 18:30:00+00:00,2024-03-20 18:30:00+00:00,2024-03-20 18:31:00+00:00,2024-03-20 18:31:00+00:00,momentum_long_late_8346db7cf1cc,1,market,0.0,1,1,4,32,41605.0
432039,432040,432040,432040,closed,stop,20112.5,20108.5,20112.75,20108.25,20108.5,20144.5,-4.0,-4.5,-5.0,-100.0,10.0,0.5,1.0,1.0,12.75,2024-03-20 18:46:00+00:00,2024-03-20 18:46:00+00:00,2024-03-20 18:47:00+00:00,2024-03-20 18:47:00+00:00,momentum_long_late_8346db7cf1cc,1,market,0.0,1,1,4,32,41505.0
432040,432041,432041,432041,closed,stop,20125.25,20121.25,20125.5,20121.0,20121.25,20157.25,-4.0,-4.5,-5.0,-100.0,10.0,0.5,1.0,1.0,7.25,2024-03-20 18:47:00+00:00,2024-03-20 18:47:00+00:00,2024-03-20 18:48:00+00:00,2024-03-20 18:48:00+00:00,momentum_long_late_8346db7cf1cc,1,market,0.0,1,1,4,32,41405.0
432041,432042,432042,432042,closed,stop,20136.75,20132.75,20137.0,20132.5,20132.75,20168.75,-4.0,-4.5,-5.0,-100.0,10.0,0.5,1.0,1.0,11.0,2024-03-20 18:48:00+00:00,2024-03-20 18:48:00+00:00,2024-03-20 18:49:00+00:00,2024-03-20 18:49:00+00:00,momentum_long_late_8346db7cf1cc,1,market,0.0,1,1,4,32,41305.0
432060,432061,432061,432061,closed,stop,20162.25,20158.25,20162.5,20158.0,20158.25,20194.25,-4.0,-4.5,-5.0,-100.0,10.0,0.5,1.0,1.0,16.25,2024-03-20 19:07:00+00:00,2024-03-20 19:07:00+00:00,2024-03-20 19:08:00+00:00,2024-03-20 19:08:00+00:00,momentum_long_late_8346db7cf1cc,1,market,0.0,1,1,4,32,41205.0
433431,433432,433432,433432,closed,stop,20286.5,20282.5,20286.75,20282.25,20282.5,20318.5,-4.0,-4.5,-5.0,-100.0,10.0,0.5,1.0,1.0,9.75,2024-03-21 19:13:00+00:00,2024-03-21 19:13:00+00:00,2024-03-21 19:14:00+00:00,2024-03-21 19:14:00+00:00,momentum_long_late_8346db7cf1cc,1,market,0.0,1,1,4,32,41105.0
434828,434829,434829,434829,closed,stop,20283.0,20279.0,20283.25,20278.75,20279.0,20315.0,-4.0,-4.5,-5.0,-100.0,10.0,0.5,1.0,1.0,9.25,2024-03-22 19:45:00+00:00,2024-03-22 19:45:00+00:00,2024-03-22 19:46:00+00:00,2024-03-22 19:46:00+00:00,momentum_long_late_8346db7cf1cc,1,market,0.0,1,1,4,32,41005.0
434837,434838,434838,434838,closed,stop,20298.5,20294.5,20298.75,20294.25,20294.5,20330.5,-4.0,-4.5,-5.0,-100.0,10.0,0.5,1.0,1.0,8.5,2024-03-22 19:54:00+00:00,2024-03-22 19:54:00+00:00,2024-03-22 19:55:00+00:00,2024-03-22 19:55:00+00:00,momentum_long_late_8346db7cf1cc,1,market,0.0,1,1,4,32,40905.0
436100,436101,436101,436101,closed,timeout,20256.25,20258.75,20256.5,20258.5,20252.25,20288.25,2.5,2.0,1.5,30.0,10.0,0.5,1.0,1.0,0.5,2024-03-25 18:12:00+00:00,2024-03-25 18:12:00+00:00,2024-03-25 18:13:00+00:00,2024-03-25 18:13:00+00:00,momentum_long_late_8346db7cf1cc,1,market,0.0,1,1,4,32,40935.0
438836,438837,438837,438837,closed,timeout,20137.75,20135.75,20138.0,20135.5,20133.75,20169.75,-2.0,-2.5,-3.0,-60.0,10.0,0.5,1.0,1.0,4.0,2024-03-27 18:18:00+00:00,2024-03-27 18:18:00+00:00,2024-03-27 18:19:00+00:00,2024-03-27 18:19:00+00:00,momentum_long_late_8346db7cf1cc,1,market,0.0,1,1,4,32,40875.0
438839,438840,438840,438840,closed,timeout,20137.75,20144.0,20138.0,20143.75,20133.75,20169.75,6.25,5.75,5.25,105.0,10.0,0.5,1.0,1.0,0.75,2024-03-27 18:21:00+00:00,2024-03-27 18:21:00+00:00,2024-03-27 18:22:00+00:00,2024-03-27 18:22:00+00:00,momentum_long_late_8346db7cf1cc,1,market,0.0,1,1,4,32,40980.0
438840,438841,438841,438841,closed,timeout,20143.5,20142.0,20143.75,20141.75,20139.5,20175.5,-1.5,-2.0,-2.5,-50.0,10.0,0.5,1.0,1.0,3.25,2024-03-27 18:22:00+00:00,2024-03-27 18:22:00+00:00,2024-03-27 18:23:00+00:00,2024-03-27 18:23:00+00:00,momentum_long_late_8346db7cf1cc,1,market,0.0,1,1,4,32,40930.0
438842,438843,438843,438843,closed,timeout,20146.25,20143.75,20146.5,20143.5,20142.25,20178.25,-2.5,-3.0,-3.5,-70.0,10.0,0.5,1.0,1.0,3.5,2024-03-27 18:24:00+00:00,2024-03-27 18:24:00+00:00,2024-03-27 18:25:00+00:00,2024-03-27 18:25:00+00:00,momentum_long_late_8346db7cf1cc,1,market,0.0,1,1,4,32,40860.0
438843,438844,438844,438844,closed,timeout,20144.25,20151.0,20144.5,20150.75,20140.25,20176.25,6.75,6.25,5.75,115.0,10.0,0.5,1.0,1.0,1.0,2024-03-27 18:25:00+00:00,2024-03-27 18:25:00+00:00,2024-03-27 18:26:00+00:00,2024-03-27 18:26:00+00:00,momentum_long_late_8346db7cf1cc,1,market,0.0,1,1,4,32,40975.0
438844,438845,438845,438845,closed,timeout,20150.75,20149.5,20151.0,20149.25,20146.75,20182.75,-1.25,-1.75,-2.25,-45.0,10.0,0.5,1.0,1.0,4.0,2024-03-27 18:26:00+00:00,2024-03-27 18:26:00+00:00,2024-03-27 18:27:00+00:00,2024-03-27 18:27:00+00:00,momentum_long_late_8346db7cf1cc,1,market,0.0,1,1,4,32,40930.0
438907,438908,438908,438908,closed,stop,20129.75,20125.75,20130.0,20125.5,20125.75,20161.75,-4.0,-4.5,-5.0,-100.0,10.0,0.5,1.0,1.0,6.0,2024-03-27 19:29:00+00:00,2024-03-27 19:29:00+00:00,2024-03-27 19:30:00+00:00,2024-03-27 19:30:00+00:00,momentum_long_late_8346db7cf1cc,1,market,0.0,1,1,4,32,40830.0
438908,438909,438909,438909,closed,stop,20129.75,20125.75,20130.0,20125.5,20125.75,20161.75,-4.0,-4.5,-5.0,-100.0,10.0,0.5,1.0,1.0,8.75,2024-03-27 19:30:00+00:00,2024-03-27 19:30:00+00:00,2024-03-27 19:31:00+00:00,2024-03-27 19:31:00+00:00,momentum_long_late_8346db7cf1cc,1,market,0.0,1,1,4,32,40730.0
438911,438912,438912,438912,closed,timeout,20135.5,20134.75,20135.75,20134.5,20131.5,20167.5,-0.75,-1.25,-1.75,-35.0,10.0,0.5,1.0,1.0,3.75,2024-03-27 19:33:00+00:00,2024-03-27 19:33:00+00:00,2024-03-27 19:34:00+00:00,2024-03-27 19:34:00+00:00,momentum_long_late_8346db7cf1cc,1,market,0.0,1,1,4,32,40695.0
438915,438916,438916,438916,closed,timeout,20145.75,20149.25,20146.0,20149.0,20141.75,20177.75,3.5,3.0,2.5,50.0,10.0,0.5,1.0,1.0,1.75,2024-03-27 19:37:00+00:00,2024-03-27 19:37:00+00:00,2024-03-27 19:38:00+00:00,2024-03-27 19:38:00+00:00,momentum_long_late_8346db7cf1cc,1,market,0.0,1,1,4,32,40745.0
438916,438917,438917,438917,closed,timeout,20149.0,20162.25,20149.25,20162.0,20145.0,20181.0,13.25,12.75,12.25,245.0,10.0,0.5,1.0,1.0,0.75,2024-03-27 19:38:00+00:00,2024-03-27 19:38:00+00:00,2024-03-27 19:39:00+00:00,2024-03-27 19:39:00+00:00,momentum_long_late_8346db7cf1cc,1,market,0.0,1,1,4,32,40990.0
438917,438918,438918,438918,closed,timeout,20161.75,20170.25,20162.0,20170.0,20157.75,20193.75,8.5,8.0,7.5,150.0,10.0,0.5,1.0,1.0,2.25,2024-03-27 19:39:00+00:00,2024-03-27 19:39:00+00:00,2024-03-27 19:40:00+00:00,2024-03-27 19:40:00+00:00,momentum_long_late_8346db7cf1cc,1,market,0.0,1,1,4,32,41140.0
438918,438919,438919,438919,closed,stop,20170.5,20166.5,20170.75,20166.25,20166.5,20202.5,-4.0,-4.5,-5.0,-100.0,10.0,0.5,1.0,1.0,5.25,2024-03-27 19:40:00+00:00,2024-03-27 19:40:00+00:00,2024-03-27 19:41:00+00:00,2024-03-27 19:41:00+00:00,momentum_long_late_8346db7cf1cc,1,market,0.0,1,1,4,32,41040.0
438919,438920,438920,438920,closed,timeout,20167.75,20179.75,20168.0,20179.5,20163.75,20199.75,12.0,11.5,11.0,220.0,10.0,0.5,1.0,1.0,2.75,2024-03-27 19:41:00+00:00,2024-03-27 19:41:00+00:00,2024-03-27 19:42:00+00:00,2024-03-27 19:42:00+00:00,momentum_long_late_8346db7cf1cc,1,market,0.0,1,1,4,32,41260.0
438920,438921,438921,438921,closed,stop,20180.0,20176.0,20180.25,20175.75,20176.0,20212.0,-4.0,-4.5,-5.0,-100.0,10.0,0.5,1.0,1.0,5.25,2024-03-27 19:42:00+00:00,2024-03-27 19:42:00+00:00,2024-03-27 19:43:00+00:00,2024-03-27 19:43:00+00:00,momentum_long_late_8346db7cf1cc,1,market,0.0,1,1,4,32,41160.0
438921,438922,438922,438922,closed,timeout,20176.0,20178.5,20176.25,20178.25,20172.0,20208.0,2.5,2.0,1.5,30.0,10.0,0.5,1.0,1.0,1.75,2024-03-27 19:43:00+00:00,2024-03-27 19:43:00+00:00,2024-03-27 19:44:00+00:00,2024-03-27 19:44:00+00:00,momentum_long_late_8346db7cf1cc,1,market,0.0,1,1,4,32,41190.0
438922,438923,438923,438923,closed,timeout,20178.25,20186.75,20178.5,20186.5,20174.25,20210.25,8.5,8.0,7.5,150.0,10.0,0.5,1.0,1.0,0.5,2024-03-27 19:44:00+00:00,2024-03-27 19:44:00+00:00,2024-03-27 19:45:00+00:00,2024-03-27 19:45:00+00:00,momentum_long_late_8346db7cf1cc,1,market,0.0,1,1,4,32,41340.0
438923,438924,438924,438924,closed,timeout,20186.5,20186.25,20186.75,20186.0,20182.5,20218.5,-0.25,-0.75,-1.25,-25.0,10.0,0.5,1.0,1.0,2.0,2024-03-27 19:45:00+00:00,2024-03-27 19:45:00+00:00,2024-03-27 19:46:00+00:00,2024-03-27 19:46:00+00:00,momentum_long_late_8346db7cf1cc,1,market,0.0,1,1,4,32,41315.0
438924,438925,438925,438925,closed,stop,20186.25,20182.25,20186.5,20182.0,20182.25,20218.25,-4.0,-4.5,-5.0,-100.0,10.0,0.5,1.0,1.0,10.5,2024-03-27 19:46:00+00:00,2024-03-27 19:46:00+00:00,2024-03-27 19:47:00+00:00,2024-03-27 19:47:00+00:00,momentum_long_late_8346db7cf1cc,1,market,0.0,1,1,4,32,41215.0
440238,440239,440239,440239,closed,timeout,20173.25,20184.0,20173.5,20183.75,20169.25,20205.25,10.75,10.25,9.75,195.0,10.0,0.5,1.0,1.0,0.25,2024-03-28 18:56:00+00:00,2024-03-28 18:56:00+00:00,2024-03-28 18:57:00+00:00,2024-03-28 18:57:00+00:00,momentum_long_late_8346db7cf1cc,1,market,0.0,1,1,4,32,41410.0
440239,440240,440240,440240,closed,timeout,20183.75,20196.25,20184.0,20196.0,20179.75,20215.75,12.5,12.0,11.5,230.0,10.0,0.5,1.0,1.0,2.25,2024-03-28 18:57:00+00:00,2024-03-28 18:57:00+00:00,2024-03-28 18:58:00+00:00,2024-03-28 18:58:00+00:00,momentum_long_late_8346db7cf1cc,1,market,0.0,1,1,4,32,41640.0
440240,440241,440241,440241,closed,stop,20196.5,20192.5,20196.75,20192.25,20192.5,20228.5,-4.0,-4.5,-5.0,-100.0,10.0,0.5,1.0,1.0,6.75,2024-03-28 18:58:00+00:00,2024-03-28 18:58:00+00:00,2024-03-28 18:59:00+00:00,2024-03-28 18:59:00+00:00,momentum_long_late_8346db7cf1cc,1,market,0.0,1,1,4,32,41540.0
440241,440242,440242,440242,closed,timeout,20190.0,20192.5,20190.25,20192.25,20186.0,20222.0,2.5,2.0,1.5,30.0,10.0,0.5,1.0,1.0,1.25,2024-03-28 18:59:00+00:00,2024-03-28 18:59:00+00:00,2024-03-28 19:00:00+00:00,2024-03-28 19:00:00+00:00,momentum_long_late_8346db7cf1cc,1,market,0.0,1,1,4,32,41570.0
440242,440243,440243,440243,closed,timeout,20192.5,20197.5,20192.75,20197.25,20188.5,20224.5,5.0,4.5,4.0,80.0,10.0,0.5,1.0,1.0,0.5,2024-03-28 19:00:00+00:00,2024-03-28 19:00:00+00:00,2024-03-28 19:01:00+00:00,2024-03-28 19:01:00+00:00,momentum_long_late_8346db7cf1cc,1,market,0.0,1,1,4,32,41650.0
440243,440244,440244,440244,closed,timeout,20197.5,20202.25,20197.75,20202.0,20193.5,20229.5,4.75,4.25,3.75,75.0,10.0,0.5,1.0,1.0,2.75,2024-03-28 19:01:00+00:00,2024-03-28 19:01:00+00:00,2024-03-28 19:02:00+00:00,2024-03-28 19:02:00+00:00,momentum_long_late_8346db7cf1cc,1,market,0.0,1,1,4,32,41725.0
440244,440245,440245,440245,closed,stop,20202.0,20198.0,20202.25,20197.75,20198.0,20234.0,-4.0,-4.5,-5.0,-100.0,10.0,0.5,1.0,1.0,6.0,2024-03-28 19:02:00+00:00,2024-03-28 19:02:00+00:00,2024-03-28 19:03:00+00:00,2024-03-28 19:03:00+00:00,momentum_long_late_8346db7cf1cc,1,market,0.0,1,1,4,32,41625.0
441550,441551,441551,441551,closed,stop,20158.75,20154.75,20159.0,20154.5,20154.75,20190.75,-4.0,-4.5,-5.0,-100.0,10.0,0.5,1.0,1.0,4.25,2024-04-01 18:03:00+00:00,2024-04-01 18:03:00+00:00,2024-04-01 18:04:00+00:00,2024-04-01 18:04:00+00:00,momentum_long_late_8346db7cf1cc,1,market,0.0,1,1,4,32,41525.0
441570,441571,441571,441571,closed,timeout,20167.75,20168.75,20168.0,20168.5,20163.75,20199.75,1.0,0.5,0.0,0.0,10.0,0.5,1.0,1.0,1.75,2024-04-01 18:23:00+00:00,2024-04-01 18:23:00+00:00,2024-04-01 18:24:00+00:00,2024-04-01 18:24:00+00:00,momentum_long_late_8346db7cf1cc,1,market,0.0,1,1,4,32,41525.0
441571,441572,441572,441572,closed,timeout,20168.25,20171.75,20168.5,20171.5,20164.25,20200.25,3.5,3.0,2.5,50.0,10.0,0.5,1.0,1.0,2.25,2024-04-01 18:24:00+00:00,2024-04-01 18:24:00+00:00,2024-04-01 18:25:00+00:00,2024-04-01 18:25:00+00:00,momentum_long_late_8346db7cf1cc,1,market,0.0,1,1,4,32,41575.0
441572,441573,441573,441573,closed,timeout,20171.5,20170.75,20171.75,20170.5,20167.5,20203.5,-0.75,-1.25,-1.75,-35.0,10.0,0.5,1.0,1.0,2.25,2024-04-01 18:25:00+00:00,2024-04-01 18:25:00+00:00,2024-04-01 18:26:00+00:00,2024-04-01 18:26:00+00:00,momentum_long_late_8346db7cf1cc,1,market,0.0,1,1,4,32,41540.0
441573,441574,441574,441574,closed,stop,20171.0,20167.0,20171.25,20166.75,20167.0,20203.0,-4.0,-4.5,-5.0,-100.0,10.0,0.5,1.0,1.0,6.0,2024-04-01 18:26:00+00:00,2024-04-01 18:26:00+00:00,2024-04-01 18:27:00+00:00,2024-04-01 18:27:00+00:00,momentum_long_late_8346db7cf1cc,1,market,0.0,1,1,4,32,41440.0
441574,441575,441575,441575,closed,timeout,20169.0,20167.75,20169.25,20167.5,20165.0,20201.0,-1.25,-1.75,-2.25,-45.0,10.0,0.5,1.0,1.0,1.5,2024-04-01 18:27:00+00:00,2024-04-01 18:27:00+00:00,2024-04-01 18:28:00+00:00,2024-04-01 18:28:00+00:00,momentum_long_late_8346db7cf1cc,1,market,0.0,1,1,4,32,41395.0
441600,441601,441601,441601,closed,stop,20172.25,20168.25,20172.5,20168.0,20168.25,20204.25,-4.0,-4.5,-5.0,-100.0,10.0,0.5,1.0,1.0,5.0,2024-04-01 18:53:00+00:00,2024-04-01 18:53:00+00:00,2024-04-01 18:54:00+00:00,2024-04-01 18:54:00+00:00,momentum_long_late_8346db7cf1cc,1,market,0.0,1,1,4,32,41295.0
441664,441665,441665,441665,closed,stop,20201.0,20197.0,20201.25,20196.75,20197.0,20233.0,-4.0,-4.5,-5.0,-100.0,10.0,0.5,1.0,1.0,9.75,2024-04-01 19:57:00+00:00,2024-04-01 19:57:00+00:00,2024-04-01 19:58:00+00:00,2024-04-01 19:58:00+00:00,momentum_long_late_8346db7cf1cc,1,market,0.0,1,1,4,32,41195.0
442979,442980,442980,442980,closed,timeout,19999.0,19997.5,19999.25,19997.25,19995.0,20031.0,-1.5,-2.0,-2.5,-50.0,10.0,0.5,1.0,1.0,3.25,2024-04-02 19:07:00+00:00,2024-04-02 19:07:00+00:00,2024-04-02 19:08:00+00:00,2024-04-02 19:08:00+00:00,momentum_long_late_8346db7cf1cc,1,market,0.0,1,1,4,32,41145.0
442980,442981,442981,442981,closed,timeout,19998.0,20000.0,19998.25,19999.75,19994.0,20030.0,2.0,1.5,1.0,20.0,10.0,0.5,1.0,1.0,0.5,2024-04-02 19:08:00+00:00,2024-04-02 19:08:00+00:00,2024-04-02 19:09:00+00:00,2024-04-02 19:09:00+00:00,momentum_long_late_8346db7cf1cc,1,market,0.0,1,1,4,32,41165.0
442981,442982,442982,442982,closed,stop,20000.5,19996.5,20000.75,19996.25,19996.5,20032.5,-4.0,-4.5,-5.0,-100.0,10.0,0.5,1.0,1.0,6.0,2024-04-02 19:09:00+00:00,2024-04-02 19:09:00+00:00,2024-04-02 19:10:00+00:00,2024-04-02 19:10:00+00:00,momentum_long_late_8346db7cf1cc,1,market,0.0,1,1,4,32,41065.0
442982,442983,442983,442983,closed,timeout,19995.5,20000.25,19995.75,20000.0,19991.5,20027.5,4.75,4.25,3.75,75.0,10.0,0.5,1.0,1.0,0.25,2024-04-02 19:10:00+00:00,2024-04-02 19:10:00+00:00,2024-04-02 19:11:00+00:00,2024-04-02 19:11:00+00:00,momentum_long_late_8346db7cf1cc,1,market,0.0,1,1,4,32,41140.0
443006,443007,443007,443007,closed,timeout,20012.0,20013.0,20012.25,20012.75,20008.0,20044.0,1.0,0.5,0.0,0.0,10.0,0.5,1.0,1.0,1.5,2024-04-02 19:34:00+00:00,2024-04-02 19:34:00+00:00,2024-04-02 19:35:00+00:00,2024-04-02 19:35:00+00:00,momentum_long_late_8346db7cf1cc,1,market,0.0,1,1,4,32,41140.0
443007,443008,443008,443008,closed,timeout,20013.25,20015.5,20013.5,20015.25,20009.25,20045.25,2.25,1.75,1.25,25.0,10.0,0.5,1.0,1.0,2.0,2024-04-02 19:35:00+00:00,2024-04-02 19:35:00+00:00,2024-04-02 19:36:00+00:00,2024-04-02 19:36:00+00:00,momentum_long_late_8346db7cf1cc,1,market,0.0,1,1,4,32,41165.0
443008,443009,443009,443009,closed,timeout,20015.75,20020.75,20016.0,20020.5,20011.75,20047.75,5.0,4.5,4.0,80.0,10.0,0.5,1.0,1.0,0.75,2024-04-02 19:36:00+00:00,2024-04-02 19:36:00+00:00,2024-04-02 19:37:00+00:00,2024-04-02 19:37:00+00:00,momentum_long_late_8346db7cf1cc,1,market,0.0,1,1,4,32,41245.0
443009,443010,443010,443010,closed,stop,20020.5,20016.5,20020.75,20016.25,20016.5,20052.5,-4.0,-4.5,-5.0,-100.0,10.0,0.5,1.0,1.0,6.25,2024-04-02 19:37:00+00:00,2024-04-02 19:37:00+00:00,2024-04-02 19:38:00+00:00,2024-04-02 19:38:00+00:00,momentum_long_late_8346db7cf1cc,1,market,0.0,1,1,4,32,41145.0
443012,443013,443013,443013,closed,timeout,20022.75,20026.0,20023.0,20025.75,20018.75,20054.75,3.25,2.75,2.25,45.0,10.0,0.5,1.0,1.0,0.25,2024-04-02 19:40:00+00:00,2024-04-02 19:40:00+00:00,2024-04-02 19:41:00+00:00,2024-04-02 19:41:00+00:00,momentum_long_late_8346db7cf1cc,1,market,0.0,1,1,4,32,41190.0
443013,443014,443014,443014,closed,stop,20026.0,20022.0,20026.25,20021.75,20022.0,20058.0,-4.0,-4.5,-5.0,-100.0,10.0,0.5,1.0,1.0,8.75,2024-04-02 19:41:00+00:00,2024-04-02 19:41:00+00:00,2024-04-02 19:42:00+00:00,2024-04-02 19:42:00+00:00,momentum_long_late_8346db7cf1cc,1,market,0.0,1,1,4,32,41090.0
444285,444286,444286,444286,closed,timeout,20121.5,20123.75,20121.75,20123.5,20117.5,20153.5,2.25,1.75,1.25,25.0,10.0,0.5,1.0,1.0,1.5,2024-04-03 18:08:00+00:00,2024-04-03 18:08:00+00:00,2024-04-03 18:09:00+00:00,2024-04-03 18:09:00+00:00,momentum_long_late_8346db7cf1cc,1,market,0.0,1,1,4,32,41115.0
444286,444287,444287,444287,closed,timeout,20123.75,20121.5,20124.0,20121.25,20119.75,20155.75,-2.25,-2.75,-3.25,-65.0,10.0,0.5,1.0,1.0,3.5,2024-04-03 18:09:00+00:00,2024-04-03 18:09:00+00:00,2024-04-03 18:10:00+00:00,2024-04-03 18:10:00+00:00,momentum_long_late_8346db7cf1cc,1,market,0.0,1,1,4,32,41050.0
444287,444288,444288,444288,closed,timeout,20121.25,20122.75,20121.5,20122.5,20117.25,20153.25,1.5,1.0,0.5,10.0,10.0,0.5,1.0,1.0,1.5,2024-04-03 18:10:00+00:00,2024-04-03 18:10:00+00:00,2024-04-03 18:11:00+00:00,2024-04-03 18:11:00+00:00,momentum_long_late_8346db7cf1cc,1,market,0.0,1,1,4,32,41060.0
444375,444376,444376,444376,closed,timeout,20052.5,20056.0,20052.75,20055.75,20048.5,20084.5,3.5,3.0,2.5,50.0,10.0,0.5,1.0,1.0,0.75,2024-04-03 19:38:00+00:00,2024-04-03 19:38:00+00:00,2024-04-03 19:39:00+00:00,2024-04-03 19:39:00+00:00,momentum_long_late_8346db7cf1cc,1,market,0.0,1,1,4,32,41110.0
444376,444377,444377,444377,closed,stop,20056.5,20052.5,20056.75,20052.25,20052.5,20088.5,-4.0,-4.5,-5.0,-100.0,10.0,0.5,1.0,1.0,7.0,2024-04-03 19:39:00+00:00,2024-04-03 19:39:00+00:00,2024-04-03 19:40:00+00:00,2024-04-03 19:40:00+00:00,momentum_long_late_8346db7cf1cc,1,market,0.0,1,1,4,32,41010.0
444377,444378,444378,444378,closed,stop,20054.5,20050.5,20054.75,20050.25,20050.5,20086.5,-4.0,-4.5,-5.0,-100.0,10.0,0.5,1.0,1.0,6.75,2024-04-03 19:40:00+00:00,2024-04-03 19:40:00+00:00,2024-04-03 19:41:00+00:00,2024-04-03 19:41:00+00:00,momentum_long_late_8346db7cf1cc,1,market,0.0,1,1,4,32,40910.0
447075,447076,447076,447076,closed,stop,19989.25,19985.25,19989.5,19985.0,19985.25,20021.25,-4.0,-4.5,-5.0,-100.0,10.0,0.5,1.0,1.0,26.0,2024-04-05 19:08:00+00:00,2024-04-05 19:08:00+00:00,2024-04-05 19:09:00+00:00,2024-04-05 19:09:00+00:00,momentum_long_late_8346db7cf1cc,1,market,0.0,1,1,4,32,40810.0
447101,447102,447102,447102,closed,timeout,20010.0,20015.0,20010.25,20014.75,20006.0,20042.0,5.0,4.5,4.0,80.0,10.0,0.5,1.0,1.0,2.5,2024-04-05 19:34:00+00:00,2024-04-05 19:34:00+00:00,2024-04-05 19:35:00+00:00,2024-04-05 19:35:00+00:00,momentum_long_late_8346db7cf1cc,1,market,0.0,1,1,4,32,40890.0
447102,447103,447103,447103,closed,stop,20014.25,20010.25,20014.5,20010.0,20010.25,20046.25,-4.0,-4.5,-5.0,-100.0,10.0,0.5,1.0,1.0,15.0,2024-04-05 19:35:00+00:00,2024-04-05 19:35:00+00:00,2024-04-05 19:36:00+00:00,2024-04-05 19:36:00+00:00,momentum_long_late_8346db7cf1cc,1,market,0.0,1,1,4,32,40790.0
448372,448373,448373,448373,closed,timeout,20001.25,20006.5,20001.5,20006.25,19997.25,20033.25,5.25,4.75,4.25,85.0,10.0,0.5,1.0,1.0,0.25,2024-04-08 18:00:00+00:00,2024-04-08 18:00:00+00:00,2024-04-08 18:01:00+00:00,2024-04-08 18:01:00+00:00,momentum_long_late_8346db7cf1cc,1,market,0.0,1,1,4,32,40875.0
448373,448374,448374,448374,closed,stop,20007.0,20003.0,20007.25,20002.75,20003.0,20039.0,-4.0,-4.5,-5.0,-100.0,10.0,0.5,1.0,1.0,7.0,2024-04-08 18:01:00+00:00,2024-04-08 18:01:00+00:00,2024-04-08 18:02:00+00:00,2024-04-08 18:02:00+00:00,momentum_long_late_8346db7cf1cc,1,market,0.0,1,1,4,32,40775.0
448429,448430,448430,448430,closed,timeout,20003.75,20004.0,20004.0,20003.75,19999.75,20035.75,0.25,-0.25,-0.75,-15.0,10.0,0.5,1.0,1.0,2.5,2024-04-08 18:57:00+00:00,2024-04-08 18:57:00+00:00,2024-04-08 18:58:00+00:00,2024-04-08 18:58:00+00:00,momentum_long_late_8346db7cf1cc,1,market,0.0,1,1,4,32,40760.0
448432,448433,448433,448433,closed,stop,20011.75,20007.75,20012.0,20007.5,20007.75,20043.75,-4.0,-4.5,-5.0,-100.0,10.0,0.5,1.0,1.0,5.0,2024-04-08 19:00:00+00:00,2024-04-08 19:00:00+00:00,2024-04-08 19:01:00+00:00,2024-04-08 19:01:00+00:00,momentum_long_late_8346db7cf1cc,1,market,0.0,1,1,4,32,40660.0
448465,448466,448466,448466,closed,timeout,20014.75,20021.75,20015.0,20021.5,20010.75,20046.75,7.0,6.5,6.0,120.0,10.0,0.5,1.0,1.0,1.25,2024-04-08 19:33:00+00:00,2024-04-08 19:33:00+00:00,2024-04-08 19:34:00+00:00,2024-04-08 19:34:00+00:00,momentum_long_late_8346db7cf1cc,1,market,0.0,1,1,4,32,40780.0
448466,448467,448467,448467,closed,timeout,20022.25,20023.75,20022.5,20023.5,20018.25,20054.25,1.5,1.0,0.5,10.0,10.0,0.5,1.0,1.0,2.0,2024-04-08 19:34:00+00:00,2024-04-08 19:34:00+00:00,2024-04-08 19:35:00+00:00,2024-04-08 19:35:00+00:00,momentum_long_late_8346db7cf1cc,1,market,0.0,1,1,4,32,40790.0
448467,448468,448468,448468,closed,stop,20023.25,20019.25,20023.5,20019.0,20019.25,20055.25,-4.0,-4.5,-5.0,-100.0,10.0,0.5,1.0,1.0,5.25,2024-04-08 19:35:00+00:00,2024-04-08 19:35:00+00:00,2024-04-08 19:36:00+00:00,2024-04-08 19:36:00+00:00,momentum_long_late_8346db7cf1cc,1,market,0.0,1,1,4,32,40690.0
448469,448470,448470,448470,closed,stop,20019.75,20015.75,20020.0,20015.5,20015.75,20051.75,-4.0,-4.5,-5.0,-100.0,10.0,0.5,1.0,1.0,7.25,2024-04-08 19:37:00+00:00,2024-04-08 19:37:00+00:00,2024-04-08 19:38:00+00:00,2024-04-08 19:38:00+00:00,momentum_long_late_8346db7cf1cc,1,market,0.0,1,1,4,32,40590.0
449818,449819,449819,449819,closed,timeout,19950.0,19955.0,19950.25,19954.75,19946.0,19982.0,5.0,4.5,4.0,80.0,10.0,0.5,1.0,1.0,3.5,2024-04-09 19:21:00+00:00,2024-04-09 19:21:00+00:00,2024-04-09 19:22:00+00:00,2024-04-09 19:22:00+00:00,momentum_long_late_8346db7cf1cc,1,market,0.0,1,1,4,32,40670.0
449819,449820,449820,449820,closed,timeout,19954.5,19967.75,19954.75,19967.5,19950.5,19986.5,13.25,12.75,12.25,245.0,10.0,0.5,1.0,1.0,2.0,2024-04-09 19:22:00+00:00,2024-04-09 19:22:00+00:00,2024-04-09 19:23:00+00:00,2024-04-09 19:23:00+00:00,momentum_long_late_8346db7cf1cc,1,market,0.0,1,1,4,32,40915.0
449820,449821,449821,449821,closed,timeout,19968.0,19970.25,19968.25,19970.0,19964.0,20000.0,2.25,1.75,1.25,25.0,10.0,0.5,1.0,1.0,2.0,2024-04-09 19:23:00+00:00,2024-04-09 19:23:00+00:00,2024-04-09 19:24:00+00:00,2024-04-09 19:24:00+00:00,momentum_long_late_8346db7cf1cc,1,market,0.0,1,1,4,32,40940.0
449821,449822,449822,449822,closed,timeout,19970.0,19972.25,19970.25,19972.0,19966.0,20002.0,2.25,1.75,1.25,25.0,10.0,0.5,1.0,1.0,2.25,2024-04-09 19:24:00+00:00,2024-04-09 19:24:00+00:00,2024-04-09 19:25:00+00:00,2024-04-09 19:25:00+00:00,momentum_long_late_8346db7cf1cc,1,market,0.0,1,1,4,32,40965.0
449822,449823,449823,449823,closed,timeout,19971.75,19978.0,19972.0,19977.75,19967.75,20003.75,6.25,5.75,5.25,105.0,10.0,0.5,1.0,1.0,1.25,2024-04-09 19:25:00+00:00,2024-04-09 19:25:00+00:00,2024-04-09 19:26:00+00:00,2024-04-09 19:26:00+00:00,momentum_long_late_8346db7cf1cc,1,market,0.0,1,1,4,32,41070.0
449823,449824,449824,449824,closed,timeout,19978.0,19991.5,19978.25,19991.25,19974.0,20010.0,13.5,13.0,12.5,250.0,10.0,0.5,1.0,1.0,0.25,2024-04-09 19:26:00+00:00,2024-04-09 19:26:00+00:00,2024-04-09 19:27:00+00:00,2024-04-09 19:27:00+00:00,momentum_long_late_8346db7cf1cc,1,market,0.0,1,1,4,32,41320.0
449824,449825,449825,449825,closed,timeout,19992.0,19995.0,19992.25,19994.75,19988.0,20024.0,3.0,2.5,2.0,40.0,10.0,0.5,1.0,1.0,1.5,2024-04-09 19:27:00+00:00,2024-04-09 19:27:00+00:00,2024-04-09 19:28:00+00:00,2024-04-09 19:28:00+00:00,momentum_long_late_8346db7cf1cc,1,market,0.0,1,1,4,32,41360.0
449825,449826,449826,449826,closed,timeout,19994.75,19999.0,19995.0,19998.75,19990.75,20026.75,4.25,3.75,3.25,65.0,10.0,0.5,1.0,1.0,1.0,2024-04-09 19:28:00+00:00,2024-04-09 19:28:00+00:00,2024-04-09 19:29:00+00:00,2024-04-09 19:29:00+00:00,momentum_long_late_8346db7cf1cc,1,market,0.0,1,1,4,32,41425.0
449826,449827,449827,449827,closed,timeout,19999.25,20022.0,19999.5,20021.75,19995.25,20031.25,22.75,22.25,21.75,435.0,10.0,0.5,1.0,1.0,0.25,2024-04-09 19:29:00+00:00,2024-04-09 19:29:00+00:00,2024-04-09 19:30:00+00:00,2024-04-09 19:30:00+00:00,momentum_long_late_8346db7cf1cc,1,market,0.0,1,1,4,32,41860.0
449827,449828,449828,449828,closed,stop,20021.75,20017.75,20022.0,20017.5,20017.75,20053.75,-4.0,-4.5,-5.0,-100.0,10.0,0.5,1.0,1.0,8.5,2024-04-09 19:30:00+00:00,2024-04-09 19:30:00+00:00,2024-04-09 19:31:00+00:00,2024-04-09 19:31:00+00:00,momentum_long_late_8346db7cf1cc,1,market,0.0,1,1,4,32,41760.0
449828,449829,449829,449829,closed,timeout,20020.75,20032.75,20021.0,20032.5,20016.75,20052.75,12.0,11.5,11.0,220.0,10.0,0.5,1.0,1.0,0.5,2024-04-09 19:31:00+00:00,2024-04-09 19:31:00+00:00,2024-04-09 19:32:00+00:00,2024-04-09 19:32:00+00:00,momentum_long_late_8346db7cf1cc,1,market,0.0,1,1,4,32,41980.0
449829,449830,449830,449830,closed,timeout,20032.25,20035.25,20032.5,20035.0,20028.25,20064.25,3.0,2.5,2.0,40.0,10.0,0.5,1.0,1.0,2.75,2024-04-09 19:32:00+00:00,2024-04-09 19:32:00+00:00,2024-04-09 19:33:00+00:00,2024-04-09 19:33:00+00:00,momentum_long_late_8346db7cf1cc,1,market,0.0,1,1,4,32,42020.0
449830,449831,449831,449831,closed,stop,20034.5,20030.5,20034.75,20030.25,20030.5,20066.5,-4.0,-4.5,-5.0,-100.0,10.0,0.5,1.0,1.0,7.25,2024-04-09 19:33:00+00:00,2024-04-09 19:33:00+00:00,2024-04-09 19:34:00+00:00,2024-04-09 19:34:00+00:00,momentum_long_late_8346db7cf1cc,1,market,0.0,1,1,4,32,41920.0
449831,449832,449832,449832,closed,stop,20035.0,20031.0,20035.25,20030.75,20031.0,20067.0,-4.0,-4.5,-5.0,-100.0,10.0,0.5,1.0,1.0,14.25,2024-04-09 19:34:00+00:00,2024-04-09 19:34:00+00:00,2024-04-09 19:35:00+00:00,2024-04-09 19:35:00+00:00,momentum_long_late_8346db7cf1cc,1,market,0.0,1,1,4,32,41820.0
449856,449857,449857,449857,closed,timeout,20038.5,20056.0,20038.75,20055.75,20034.5,20070.5,17.5,17.0,16.5,330.0,10.0,0.5,1.0,1.0,3.25,2024-04-09 19:59:00+00:00,2024-04-09 19:59:00+00:00,2024-04-09 20:00:00+00:00,2024-04-09 20:00:00+00:00,momentum_long_late_8346db7cf1cc,1,market,0.0,1,1,4,32,42150.0
451144,451145,451145,451145,closed,stop,19867.5,19863.5,19867.75,19863.25,19863.5,19899.5,-4.0,-4.5,-5.0,-100.0,10.0,0.5,1.0,1.0,6.5,2024-04-10 18:43:00+00:00,2024-04-10 18:43:00+00:00,2024-04-10 18:44:00+00:00,2024-04-10 18:44:00+00:00,momentum_long_late_8346db7cf1cc,1,market,0.0,1,1,4,32,42050.0
451148,451149,451149,451149,closed,stop,19872.25,19868.25,19872.5,19868.0,19868.25,19904.25,-4.0,-4.5,-5.0,-100.0,10.0,0.5,1.0,1.0,7.5,2024-04-10 18:47:00+00:00,2024-04-10 18:47:00+00:00,2024-04-10 18:48:00+00:00,2024-04-10 18:48:00+00:00,momentum_long_late_8346db7cf1cc,1,market,0.0,1,1,4,32,41950.0
451175,451176,451176,451176,closed,timeout,19862.25,19874.25,19862.5,19874.0,19858.25,19894.25,12.0,11.5,11.0,220.0,10.0,0.5,1.0,1.0,4.0,2024-04-10 19:14:00+00:00,2024-04-10 19:14:00+00:00,2024-04-10 19:15:00+00:00,2024-04-10 19:15:00+00:00,momentum_long_late_8346db7cf1cc,1,market,0.0,1,1,4,32,42170.0
451176,451177,451177,451177,closed,timeout,19873.25,19883.5,19873.5,19883.25,19869.25,19905.25,10.25,9.75,9.25,185.0,10.0,0.5,1.0,1.0,3.0,2024-04-10 19:15:00+00:00,2024-04-10 19:15:00+00:00,2024-04-10 19:16:00+00:00,2024-04-10 19:16:00+00:00,momentum_long_late_8346db7cf1cc,1,market,0.0,1,1,4,32,42355.0
451177,451178,451178,451178,closed,stop,19882.75,19878.75,19883.0,19878.5,19878.75,19914.75,-4.0,-4.5,-5.0,-100.0,10.0,0.5,1.0,1.0,8.5,2024-04-10 19:16:00+00:00,2024-04-10 19:16:00+00:00,2024-04-10 19:17:00+00:00,2024-04-10 19:17:00+00:00,momentum_long_late_8346db7cf1cc,1,market,0.0,1,1,4,32,42255.0
451178,451179,451179,451179,closed,stop,19882.0,19878.0,19882.25,19877.75,19878.0,19914.0,-4.0,-4.5,-5.0,-100.0,10.0,0.5,1.0,1.0,18.5,2024-04-10 19:17:00+00:00,2024-04-10 19:17:00+00:00,2024-04-10 19:18:00+00:00,2024-04-10 19:18:00+00:00,momentum_long_late_8346db7cf1cc,1,market,0.0,1,1,4,32,42155.0
451209,451210,451210,451210,closed,stop,19908.0,19904.0,19908.25,19903.75,19904.0,19940.0,-4.0,-4.5,-5.0,-100.0,10.0,0.5,1.0,1.0,8.5,2024-04-10 19:48:00+00:00,2024-04-10 19:48:00+00:00,2024-04-10 19:49:00+00:00,2024-04-10 19:49:00+00:00,momentum_long_late_8346db7cf1cc,1,market,0.0,1,1,4,32,42055.0
452469,452470,452470,452470,closed,stop,20148.25,20144.25,20148.5,20144.0,20144.25,20180.25,-4.0,-4.5,-5.0,-100.0,10.0,0.5,1.0,1.0,11.75,2024-04-11 18:03:00+00:00,2024-04-11 18:03:00+00:00,2024-04-11 18:04:00+00:00,2024-04-11 18:04:00+00:00,momentum_long_late_8346db7cf1cc,1,market,0.0,1,1,4,32,41955.0
452474,452475,452475,452475,closed,timeout,20161.5,20173.75,20161.75,20173.5,20157.5,20193.5,12.25,11.75,11.25,225.0,10.0,0.5,1.0,1.0,3.0,2024-04-11 18:08:00+00:00,2024-04-11 18:08:00+00:00,2024-04-11 18:09:00+00:00,2024-04-11 18:09:00+00:00,momentum_long_late_8346db7cf1cc,1,market,0.0,1,1,4,32,42180.0
452475,452476,452476,452476,closed,timeout,20173.5,20174.75,20173.75,20174.5,20169.5,20205.5,1.25,0.75,0.25,5.0,10.0,0.5,1.0,1.0,4.0,2024-04-11 18:09:00+00:00,2024-04-11 18:09:00+00:00,2024-04-11 18:10:00+00:00,2024-04-11 18:10:00+00:00,momentum_long_late_8346db7cf1cc,1,market,0.0,1,1,4,32,42185.0
452476,452477,452477,452477,closed,stop,20175.0,20171.0,20175.25,20170.75,20171.0,20207.0,-4.0,-4.5,-5.0,-100.0,10.0,0.5,1.0,1.0,8.75,2024-04-11 18:10:00+00:00,2024-04-11 18:10:00+00:00,2024-04-11 18:11:00+00:00,2024-04-11 18:11:00+00:00,momentum_long_late_8346db7cf1cc,1,market,0.0,1,1,4,32,42085.0
452477,452478,452478,452478,closed,stop,20169.5,20165.5,20169.75,20165.25,20165.5,20201.5,-4.0,-4.5,-5.0,-100.0,10.0,0.5,1.0,1.0,5.25,2024-04-11 18:11:00+00:00,2024-04-11 18:11:00+00:00,2024-04-11 18:12:00+00:00,2024-04-11 18:12:00+00:00,momentum_long_late_8346db7cf1cc,1,market,0.0,1,1,4,32,41985.0
452478,452479,452479,452479,closed,stop,20171.75,20167.75,20172.0,20167.5,20167.75,20203.75,-4.0,-4.5,-5.0,-100.0,10.0,0.5,1.0,1.0,5.0,2024-04-11 18:12:00+00:00,2024-04-11 18:12:00+00:00,2024-04-11 18:13:00+00:00,2024-04-11 18:13:00+00:00,momentum_long_late_8346db7cf1cc,1,market,0.0,1,1,4,32,41885.0
452494,452495,452495,452495,closed,timeout,20190.0,20188.5,20190.25,20188.25,20186.0,20222.0,-1.5,-2.0,-2.5,-50.0,10.0,0.5,1.0,1.0,2.75,2024-04-11 18:28:00+00:00,2024-04-11 18:28:00+00:00,2024-04-11 18:29:00+00:00,2024-04-11 18:29:00+00:00,momentum_long_late_8346db7cf1cc,1,market,0.0,1,1,4,32,41835.0
452495,452496,452496,452496,closed,timeout,20188.0,20191.75,20188.25,20191.5,20184.0,20220.0,3.75,3.25,2.75,55.0,10.0,0.5,1.0,1.0,2.5,2024-04-11 18:29:00+00:00,2024-04-11 18:29:00+00:00,2024-04-11 18:30:00+00:00,2024-04-11 18:30:00+00:00,momentum_long_late_8346db7cf1cc,1,market,0.0,1,1,4,32,41890.0
452496,452497,452497,452497,closed,timeout,20191.75,20192.5,20192.0,20192.25,20187.75,20223.75,0.75,0.25,-0.25,-5.0,10.0,0.5,1.0,1.0,3.75,2024-04-11 18:30:00+00:00,2024-04-11 18:30:00+00:00,2024-04-11 18:31:00+00:00,2024-04-11 18:31:00+00:00,momentum_long_late_8346db7cf1cc,1,market,0.0,1,1,4,32,41885.0
452497,452498,452498,452498,closed,stop,20192.75,20188.75,20193.0,20188.5,20188.75,20224.75,-4.0,-4.5,-5.0,-100.0,10.0,0.5,1.0,1.0,7.25,2024-04-11 18:31:00+00:00,2024-04-11 18:31:00+00:00,2024-04-11 18:32:00+00:00,2024-04-11 18:32:00+00:00,momentum_long_late_8346db7cf1cc,1,market,0.0,1,1,4,32,41785.0
452505,452506,452506,452506,closed,timeout,20201.0,20203.0,20201.25,20202.75,20197.0,20233.0,2.0,1.5,1.0,20.0,10.0,0.5,1.0,1.0,2.0,2024-04-11 18:39:00+00:00,2024-04-11 18:39:00+00:00,2024-04-11 18:40:00+00:00,2024-04-11 18:40:00+00:00,momentum_long_late_8346db7cf1cc,1,market,0.0,1,1,4,32,41805.0
453842,453843,453843,453843,closed,stop,19878.25,19874.25,19878.5,19874.0,19874.25,19910.25,-4.0,-4.5,-5.0,-100.0,10.0,0.5,1.0,1.0,16.5,2024-04-12 18:12:00+00:00,2024-04-12 18:12:00+00:00,2024-04-12 18:13:00+00:00,2024-04-12 18:13:00+00:00,momentum_long_late_8346db7cf1cc,1,market,0.0,1,1,4,32,41705.0
453916,453917,453917,453917,closed,stop,19846.25,19842.25,19846.5,19842.0,19842.25,19878.25,-4.0,-4.5,-5.0,-100.0,10.0,0.5,1.0,1.0,12.75,2024-04-12 19:26:00+00:00,2024-04-12 19:26:00+00:00,2024-04-12 19:27:00+00:00,2024-04-12 19:27:00+00:00,momentum_long_late_8346db7cf1cc,1,market,0.0,1,1,4,32,41605.0
453940,453941,453941,453941,closed,stop,19883.5,19879.5,19883.75,19879.25,19879.5,19915.5,-4.0,-4.5,-5.0,-100.0,10.0,0.5,1.0,1.0,20.25,2024-04-12 19:50:00+00:00,2024-04-12 19:50:00+00:00,2024-04-12 19:51:00+00:00,2024-04-12 19:51:00+00:00,momentum_long_late_8346db7cf1cc,1,market,0.0,1,1,4,32,41505.0
455229,455230,455230,455230,closed,stop,19611.25,19607.25,19611.5,19607.0,19607.25,19643.25,-4.0,-4.5,-5.0,-100.0,10.0,0.5,1.0,1.0,8.25,2024-04-15 18:34:00+00:00,2024-04-15 18:34:00+00:00,2024-04-15 18:35:00+00:00,2024-04-15 18:35:00+00:00,momentum_long_late_8346db7cf1cc,1,market,0.0,1,1,4,32,41405.0
455230,455231,455231,455231,closed,timeout,19612.5,19627.25,19612.75,19627.0,19608.5,19644.5,14.75,14.25,13.75,275.0,10.0,0.5,1.0,1.0,1.0,2024-04-15 18:35:00+00:00,2024-04-15 18:35:00+00:00,2024-04-15 18:36:00+00:00,2024-04-15 18:36:00+00:00,momentum_long_late_8346db7cf1cc,1,market,0.0,1,1,4,32,41680.0
455231,455232,455232,455232,closed,stop,19626.75,19622.75,19627.0,19622.5,19622.75,19658.75,-4.0,-4.5,-5.0,-100.0,10.0,0.5,1.0,1.0,15.5,2024-04-15 18:36:00+00:00,2024-04-15 18:36:00+00:00,2024-04-15 18:37:00+00:00,2024-04-15 18:37:00+00:00,momentum_long_late_8346db7cf1cc,1,market,0.0,1,1,4,32,41580.0
456568,456569,456569,456569,closed,timeout,19634.75,19662.0,19635.0,19661.75,19630.75,19666.75,27.25,26.75,26.25,525.0,10.0,0.5,1.0,1.0,1.25,2024-04-16 18:08:00+00:00,2024-04-16 18:08:00+00:00,2024-04-16 18:09:00+00:00,2024-04-16 18:09:00+00:00,momentum_long_late_8346db7cf1cc,1,market,0.0,1,1,4,32,42105.0
456569,456570,456570,456570,closed,timeout,19662.75,19672.25,19663.0,19672.0,19658.75,19694.75,9.5,9.0,8.5,170.0,10.0,0.5,1.0,1.0,1.75,2024-04-16 18:09:00+00:00,2024-04-16 18:09:00+00:00,2024-04-16 18:10:00+00:00,2024-04-16 18:10:00+00:00,momentum_long_late_8346db7cf1cc,1,market,0.0,1,1,4,32,42275.0
456570,456571,456571,456571,closed,stop,19672.0,19668.0,19672.25,19667.75,19668.0,19704.0,-4.0,-4.5,-5.0,-100.0,10.0,0.5,1.0,1.0,15.75,2024-04-16 18:10:00+00:00,2024-04-16 18:10:00+00:00,2024-04-16 18:11:00+00:00,2024-04-16 18:11:00+00:00,momentum_long_late_8346db7cf1cc,1,market,0.0,1,1,4,32,42175.0
456571,456572,456572,456572,closed,stop,19667.25,19663.25,19667.5,19663.0,19663.25,19699.25,-4.0,-4.5,-5.0,-100.0,10.0,0.5,1.0,1.0,6.25,2024-04-16 18:11:00+00:00,2024-04-16 18:11:00+00:00,2024-04-16 18:12:00+00:00,2024-04-16 18:12:00+00:00,momentum_long_late_8346db7cf1cc,1,market,0.0,1,1,4,32,42075.0
456572,456573,456573,456573,closed,stop,19667.0,19663.0,19667.25,19662.75,19663.0,19699.0,-4.0,-4.5,-5.0,-100.0,10.0,0.5,1.0,1.0,7.5,2024-04-16 18:12:00+00:00,2024-04-16 18:12:00+00:00,2024-04-16 18:13:00+00:00,2024-04-16 18:13:00+00:00,momentum_long_late_8346db7cf1cc,1,market,0.0,1,1,4,32,41975.0
456573,456574,456574,456574,closed,stop,19663.0,19659.0,19663.25,19658.75,19659.0,19695.0,-4.0,-4.5,-5.0,-100.0,10.0,0.5,1.0,1.0,23.5,2024-04-16 18:13:00+00:00,2024-04-16 18:13:00+00:00,2024-04-16 18:14:00+00:00,2024-04-16 18:14:00+00:00,momentum_long_late_8346db7cf1cc,1,market,0.0,1,1,4,32,41875.0
456613,456614,456614,456614,closed,timeout,19630.25,19627.25,19630.5,19627.0,19626.25,19662.25,-3.0,-3.5,-4.0,-80.0,10.0,0.5,1.0,1.0,3.5,2024-04-16 18:53:00+00:00,2024-04-16 18:53:00+00:00,2024-04-16 18:54:00+00:00,2024-04-16 18:54:00+00:00,momentum_long_late_8346db7cf1cc,1,market,0.0,1,1,4,32,41795.0
457968,457969,457969,457969,closed,stop,19465.25,19461.25,19465.5,19461.0,19461.25,19497.25,-4.0,-4.5,-5.0,-100.0,10.0,0.5,1.0,1.0,5.25,2024-04-17 18:43:00+00:00,2024-04-17 18:43:00+00:00,2024-04-17 18:44:00+00:00,2024-04-17 18:44:00+00:00,momentum_long_late_8346db7cf1cc,1,market,0.0,1,1,4,32,41695.0
457969,457970,457970,457970,closed,timeout,19462.25,19483.0,19462.5,19482.75,19458.25,19494.25,20.75,20.25,19.75,395.0,10.0,0.5,1.0,1.0,2.25,2024-04-17 18:44:00+00:00,2024-04-17 18:44:00+00:00,2024-04-17 18:45:00+00:00,2024-04-17 18:45:00+00:00,momentum_long_late_8346db7cf1cc,1,market,0.0,1,1,4,32,42090.0
457970,457971,457971,457971,closed,stop,19482.75,19478.75,19483.0,19478.5,19478.75,19514.75,-4.0,-4.5,-5.0,-100.0,10.0,0.5,1.0,1.0,6.0,2024-04-17 18:45:00+00:00,2024-04-17 18:45:00+00:00,2024-04-17 18:46:00+00:00,2024-04-17 18:46:00+00:00,momentum_long_late_8346db7cf1cc,1,market,0.0,1,1,4,32,41990.0
457971,457972,457972,457972,closed,stop,19485.25,19481.25,19485.5,19481.0,19481.25,19517.25,-4.0,-4.5,-5.0,-100.0,10.0,0.5,1.0,1.0,7.5,2024-04-17 18:46:00+00:00,2024-04-17 18:46:00+00:00,2024-04-17 18:47:00+00:00,2024-04-17 18:47:00+00:00,momentum_long_late_8346db7cf1cc,1,market,0.0,1,1,4,32,41890.0
457972,457973,457973,457973,closed,stop,19485.75,19481.75,19486.0,19481.5,19481.75,19517.75,-4.0,-4.5,-5.0,-100.0,10.0,0.5,1.0,1.0,20.75,2024-04-17 18:47:00+00:00,2024-04-17 18:47:00+00:00,2024-04-17 18:48:00+00:00,2024-04-17 18:48:00+00:00,momentum_long_late_8346db7cf1cc,1,market,0.0,1,1,4,32,41790.0
458034,458035,458035,458035,closed,timeout,19397.75,19399.75,19398.0,19399.5,19393.75,19429.75,2.0,1.5,1.0,20.0,10.0,0.5,1.0,1.0,4.0,2024-04-17 19:49:00+00:00,2024-04-17 19:49:00+00:00,2024-04-17 19:50:00+00:00,2024-04-17 19:50:00+00:00,momentum_long_late_8346db7cf1cc,1,market,0.0,1,1,4,32,41810.0
458035,458036,458036,458036,closed,stop,19398.75,19394.75,19399.0,19394.5,19394.75,19430.75,-4.0,-4.5,-5.0,-100.0,10.0,0.5,1.0,1.0,11.5,2024-04-17 19:50:00+00:00,2024-04-17 19:50:00+00:00,2024-04-17 19:51:00+00:00,2024-04-17 19:51:00+00:00,momentum_long_late_8346db7cf1cc,1,market,0.0,1,1,4,32,41710.0
459309,459310,459310,459310,closed,stop,19266.5,19262.5,19266.75,19262.25,19262.5,19298.5,-4.0,-4.5,-5.0,-100.0,10.0,0.5,1.0,1.0,5.25,2024-04-18 18:19:00+00:00,2024-04-18 18:19:00+00:00,2024-04-18 18:20:00+00:00,2024-04-18 18:20:00+00:00,momentum_long_late_8346db7cf1cc,1,market,0.0,1,1,4,32,41610.0
459314,459315,459315,459315,closed,stop,19284.0,19280.0,19284.25,19279.75,19280.0,19316.0,-4.0,-4.5,-5.0,-100.0,10.0,0.5,1.0,1.0,10.75,2024-04-18 18:24:00+00:00,2024-04-18 18:24:00+00:00,2024-04-18 18:25:00+00:00,2024-04-18 18:25:00+00:00,momentum_long_late_8346db7cf1cc,1,market,0.0,1,1,4,32,41510.0
459316,459317,459317,459317,closed,timeout,19281.25,19286.75,19281.5,19286.5,19277.25,19313.25,5.5,5.0,4.5,90.0,10.0,0.5,1.0,1.0,3.0,2024-04-18 18:26:00+00:00,2024-04-18 18:26:00+00:00,2024-04-18 18:27:00+00:00,2024-04-18 18:27:00+00:00,momentum_long_late_8346db7cf1cc,1,market,0.0,1,1,4,32,41600.0
459317,459318,459318,459318,closed,stop,19287.0,19283.0,19287.25,19282.75,19283.0,19319.0,-4.0,-4.5,-5.0,-100.0,10.0,0.5,1.0,1.0,13.0,2024-04-18 18:27:00+00:00,2024-04-18 18:27:00+00:00,2024-04-18 18:28:00+00:00,2024-04-18 18:28:00+00:00,momentum_long_late_8346db7cf1cc,1,market,0.0,1,1,4,32,41500.0
459359,459360,459360,459360,closed,stop,19271.25,19267.25,19271.5,19267.0,19267.25,19303.25,-4.0,-4.5,-5.0,-100.0,10.0,0.5,1.0,1.0,13.5,2024-04-18 19:09:00+00:00,2024-04-18 19:09:00+00:00,2024-04-18 19:10:00+00:00,2024-04-18 19:10:00+00:00,momentum_long_late_8346db7cf1cc,1,market,0.0,1,1,4,32,41400.0
459386,459387,459387,459387,closed,timeout,19272.5,19277.0,19272.75,19276.75,19268.5,19304.5,4.5,4.0,3.5,70.0,10.0,0.5,1.0,1.0,3.0,2024-04-18 19:36:00+00:00,2024-04-18 19:36:00+00:00,2024-04-18 19:37:00+00:00,2024-04-18 19:37:00+00:00,momentum_long_late_8346db7cf1cc,1,market,0.0,1,1,4,32,41470.0
459387,459388,459388,459388,closed,stop,19277.5,19273.5,19277.75,19273.25,19273.5,19309.5,-4.0,-4.5,-5.0,-100.0,10.0,0.5,1.0,1.0,16.0,2024-04-18 19:37:00+00:00,2024-04-18 19:37:00+00:00,2024-04-18 19:38:00+00:00,2024-04-18 19:38:00+00:00,momentum_long_late_8346db7cf1cc,1,market,0.0,1,1,4,32,41370.0
460729,460730,460730,460730,closed,stop,18895.5,18891.5,18895.75,18891.25,18891.5,18927.5,-4.0,-4.5,-5.0,-100.0,10.0,0.5,1.0,1.0,19.5,2024-04-19 19:14:00+00:00,2024-04-19 19:14:00+00:00,2024-04-19 19:15:00+00:00,2024-04-19 19:15:00+00:00,momentum_long_late_8346db7cf1cc,1,market,0.0,1,1,4,32,41270.0
460730,460731,460731,460731,closed,stop,18885.5,18881.5,18885.75,18881.25,18881.5,18917.5,-4.0,-4.5,-5.0,-100.0,10.0,0.5,1.0,1.0,23.25,2024-04-19 19:15:00+00:00,2024-04-19 19:15:00+00:00,2024-04-19 19:16:00+00:00,2024-04-19 19:16:00+00:00,momentum_long_late_8346db7cf1cc,1,market,0.0,1,1,4,32,41170.0
460771,460772,460772,460772,closed,timeout,18877.0,18884.5,18877.25,18884.25,18873.0,18909.0,7.5,7.0,6.5,130.0,10.0,0.5,1.0,1.0,1.5,2024-04-19 19:56:00+00:00,2024-04-19 19:56:00+00:00,2024-04-19 19:57:00+00:00,2024-04-19 19:57:00+00:00,momentum_long_late_8346db7cf1cc,1,market,0.0,1,1,4,32,41300.0
460772,460773,460773,460773,closed,stop,18884.75,18880.75,18885.0,18880.5,18880.75,18916.75,-4.0,-4.5,-5.0,-100.0,10.0,0.5,1.0,1.0,6.5,2024-04-19 19:57:00+00:00,2024-04-19 19:57:00+00:00,2024-04-19 19:58:00+00:00,2024-04-19 19:58:00+00:00,momentum_long_late_8346db7cf1cc,1,market,0.0,1,1,4,32,41200.0
460773,460774,460774,460774,closed,stop,18889.25,18885.25,18889.5,18885.0,18885.25,18921.25,-4.0,-4.5,-5.0,-100.0,10.0,0.5,1.0,1.0,6.25,2024-04-19 19:58:00+00:00,2024-04-19 19:58:00+00:00,2024-04-19 19:59:00+00:00,2024-04-19 19:59:00+00:00,momentum_long_late_8346db7cf1cc,1,market,0.0,1,1,4,32,41100.0
460774,460775,460775,460775,closed,stop,18884.0,18880.0,18884.25,18879.75,18880.0,18916.0,-4.0,-4.5,-5.0,-100.0,10.0,0.5,1.0,1.0,19.25,2024-04-19 19:59:00+00:00,2024-04-19 19:59:00+00:00,2024-04-19 20:00:00+00:00,2024-04-19 20:00:00+00:00,momentum_long_late_8346db7cf1cc,1,market,0.0,1,1,4,32,41000.0
462034,462035,462035,462035,closed,timeout,19110.75,19110.75,19111.0,19110.5,19106.75,19142.75,0.0,-0.5,-1.0,-20.0,10.0,0.5,1.0,1.0,4.0,2024-04-22 18:14:00+00:00,2024-04-22 18:14:00+00:00,2024-04-22 18:15:00+00:00,2024-04-22 18:15:00+00:00,momentum_long_late_8346db7cf1cc,1,market,0.0,1,1,4,32,40980.0
462037,462038,462038,462038,closed,stop,19112.0,19108.0,19112.25,19107.75,19108.0,19144.0,-4.0,-4.5,-5.0,-100.0,10.0,0.5,1.0,1.0,5.25,2024-04-22 18:17:00+00:00,2024-04-22 18:17:00+00:00,2024-04-22 18:18:00+00:00,2024-04-22 18:18:00+00:00,momentum_long_late_8346db7cf1cc,1,market,0.0,1,1,4,32,40880.0
462041,462042,462042,462042,closed,timeout,19120.0,19125.75,19120.25,19125.5,19116.0,19152.0,5.75,5.25,4.75,95.0,10.0,0.5,1.0,1.0,0.5,2024-04-22 18:21:00+00:00,2024-04-22 18:21:00+00:00,2024-04-22 18:22:00+00:00,2024-04-22 18:22:00+00:00,momentum_long_late_8346db7cf1cc,1,market,0.0,1,1,4,32,40975.0
462042,462043,462043,462043,closed,stop,19126.5,19122.5,19126.75,19122.25,19122.5,19158.5,-4.0,-4.5,-5.0,-100.0,10.0,0.5,1.0,1.0,9.5,2024-04-22 18:22:00+00:00,2024-04-22 18:22:00+00:00,2024-04-22 18:23:00+00:00,2024-04-22 18:23:00+00:00,momentum_long_late_8346db7cf1cc,1,market,0.0,1,1,4,32,40875.0
462043,462044,462044,462044,closed,timeout,19121.5,19123.0,19121.75,19122.75,19117.5,19153.5,1.5,1.0,0.5,10.0,10.0,0.5,1.0,1.0,3.0,2024-04-22 18:23:00+00:00,2024-04-22 18:23:00+00:00,2024-04-22 18:24:00+00:00,2024-04-22 18:24:00+00:00,momentum_long_late_8346db7cf1cc,1,market,0.0,1,1,4,32,40885.0
462044,462045,462045,462045,closed,timeout,19122.75,19128.0,19123.0,19127.75,19118.75,19154.75,5.25,4.75,4.25,85.0,10.0,0.5,1.0,1.0,0.25,2024-04-22 18:24:00+00:00,2024-04-22 18:24:00+00:00,2024-04-22 18:25:00+00:00,2024-04-22 18:25:00+00:00,momentum_long_late_8346db7cf1cc,1,market,0.0,1,1,4,32,40970.0
462045,462046,462046,462046,closed,stop,19127.5,19123.5,19127.75,19123.25,19123.5,19159.5,-4.0,-4.5,-5.0,-100.0,10.0,0.5,1.0,1.0,10.0,2024-04-22 18:25:00+00:00,2024-04-22 18:25:00+00:00,2024-04-22 18:26:00+00:00,2024-04-22 18:26:00+00:00,momentum_long_late_8346db7cf1cc,1,market,0.0,1,1,4,32,40870.0
462056,462057,462057,462057,closed,stop,19139.75,19135.75,19140.0,19135.5,19135.75,19171.75,-4.0,-4.5,-5.0,-100.0,10.0,0.5,1.0,1.0,6.25,2024-04-22 18:36:00+00:00,2024-04-22 18:36:00+00:00,2024-04-22 18:37:00+00:00,2024-04-22 18:37:00+00:00,momentum_long_late_8346db7cf1cc,1,market,0.0,1,1,4,32,40770.0
464824,464825,464825,464825,closed,stop,19346.0,19342.0,19346.25,19341.75,19342.0,19378.0,-4.0,-4.5,-5.0,-100.0,10.0,0.5,1.0,1.0,6.75,2024-04-24 19:14:00+00:00,2024-04-24 19:14:00+00:00,2024-04-24 19:15:00+00:00,2024-04-24 19:15:00+00:00,momentum_long_late_8346db7cf1cc,1,market,0.0,1,1,4,32,40670.0
464825,464826,464826,464826,closed,timeout,19340.25,19342.75,19340.5,19342.5,19336.25,19372.25,2.5,2.0,1.5,30.0,10.0,0.5,1.0,1.0,3.25,2024-04-24 19:15:00+00:00,2024-04-24 19:15:00+00:00,2024-04-24 19:16:00+00:00,2024-04-24 19:16:00+00:00,momentum_long_late_8346db7cf1cc,1,market,0.0,1,1,4,32,40700.0
464826,464827,464827,464827,closed,stop,19342.75,19338.75,19343.0,19338.5,19338.75,19374.75,-4.0,-4.5,-5.0,-100.0,10.0,0.5,1.0,1.0,9.5,2024-04-24 19:16:00+00:00,2024-04-24 19:16:00+00:00,2024-04-24 19:17:00+00:00,2024-04-24 19:17:00+00:00,momentum_long_late_8346db7cf1cc,1,market,0.0,1,1,4,32,40600.0
464835,464836,464836,464836,closed,timeout,19365.5,19374.25,19365.75,19374.0,19361.5,19397.5,8.75,8.25,7.75,155.0,10.0,0.5,1.0,1.0,3.75,2024-04-24 19:25:00+00:00,2024-04-24 19:25:00+00:00,2024-04-24 19:26:00+00:00,2024-04-24 19:26:00+00:00,momentum_long_late_8346db7cf1cc,1,market,0.0,1,1,4,32,40755.0
464836,464837,464837,464837,closed,stop,19374.0,19370.0,19374.25,19369.75,19370.0,19406.0,-4.0,-4.5,-5.0,-100.0,10.0,0.5,1.0,1.0,5.0,2024-04-24 19:26:00+00:00,2024-04-24 19:26:00+00:00,2024-04-24 19:27:00+00:00,2024-04-24 19:27:00+00:00,momentum_long_late_8346db7cf1cc,1,market,0.0,1,1,4,32,40655.0
464837,464838,464838,464838,closed,timeout,19371.5,19373.5,19371.75,19373.25,19367.5,19403.5,2.0,1.5,1.0,20.0,10.0,0.5,1.0,1.0,1.75,2024-04-24 19:27:00+00:00,2024-04-24 19:27:00+00:00,2024-04-24 19:28:00+00:00,2024-04-24 19:28:00+00:00,momentum_long_late_8346db7cf1cc,1,market,0.0,1,1,4,32,40675.0
464838,464839,464839,464839,closed,stop,19374.0,19370.0,19374.25,19369.75,19370.0,19406.0,-4.0,-4.5,-5.0,-100.0,10.0,0.5,1.0,1.0,16.25,2024-04-24 19:28:00+00:00,2024-04-24 19:28:00+00:00,2024-04-24 19:29:00+00:00,2024-04-24 19:29:00+00:00,momentum_long_late_8346db7cf1cc,1,market,0.0,1,1,4,32,40575.0
464859,464860,464860,464860,closed,stop,19375.25,19371.25,19375.5,19371.0,19371.25,19407.25,-4.0,-4.5,-5.0,-100.0,10.0,0.5,1.0,1.0,4.75,2024-04-24 19:49:00+00:00,2024-04-24 19:49:00+00:00,2024-04-24 19:50:00+00:00,2024-04-24 19:50:00+00:00,momentum_long_late_8346db7cf1cc,1,market,0.0,1,1,4,32,40475.0
466178,466179,466179,466179,closed,stop,19251.0,19247.0,19251.25,19246.75,19247.0,19283.0,-4.0,-4.5,-5.0,-100.0,10.0,0.5,1.0,1.0,6.75,2024-04-25 19:03:00+00:00,2024-04-25 19:03:00+00:00,2024-04-25 19:04:00+00:00,2024-04-25 19:04:00+00:00,momentum_long_late_8346db7cf1cc,1,market,0.0,1,1,4,32,40375.0
466179,466180,466180,466180,closed,stop,19254.0,19250.0,19254.25,19249.75,19250.0,19286.0,-4.0,-4.5,-5.0,-100.0,10.0,0.5,1.0,1.0,4.25,2024-04-25 19:04:00+00:00,2024-04-25 19:04:00+00:00,2024-04-25 19:05:00+00:00,2024-04-25 19:05:00+00:00,momentum_long_late_8346db7cf1cc,1,market,0.0,1,1,4,32,40275.0
466180,466181,466181,466181,closed,timeout,19261.5,19261.0,19261.75,19260.75,19257.5,19293.5,-0.5,-1.0,-1.5,-30.0,10.0,0.5,1.0,1.0,4.0,2024-04-25 19:05:00+00:00,2024-04-25 19:05:00+00:00,2024-04-25 19:06:00+00:00,2024-04-25 19:06:00+00:00,momentum_long_late_8346db7cf1cc,1,market,0.0,1,1,4,32,40245.0
466181,466182,466182,466182,closed,timeout,19260.0,19260.25,19260.25,19260.0,19256.0,19292.0,0.25,-0.25,-0.75,-15.0,10.0,0.5,1.0,1.0,3.75,2024-04-25 19:06:00+00:00,2024-04-25 19:06:00+00:00,2024-04-25 19:07:00+00:00,2024-04-25 19:07:00+00:00,momentum_long_late_8346db7cf1cc,1,market,0.0,1,1,4,32,40230.0
466182,466183,466183,466183,closed,stop,19259.25,19255.25,19259.5,19255.0,19255.25,19291.25,-4.0,-4.5,-5.0,-100.0,10.0,0.5,1.0,1.0,11.5,2024-04-25 19:07:00+00:00,2024-04-25 19:07:00+00:00,2024-04-25 19:08:00+00:00,2024-04-25 19:08:00+00:00,momentum_long_late_8346db7cf1cc,1,market,0.0,1,1,4,32,40130.0
466194,466195,466195,466195,closed,timeout,19280.5,19291.0,19280.75,19290.75,19276.5,19312.5,10.5,10.0,9.5,190.0,10.0,0.5,1.0,1.0,1.0,2024-04-25 19:19:00+00:00,2024-04-25 19:19:00+00:00,2024-04-25 19:20:00+00:00,2024-04-25 19:20:00+00:00,momentum_long_late_8346db7cf1cc,1,market,0.0,1,1,4,32,40320.0
466195,466196,466196,466196,closed,stop,19290.75,19286.75,19291.0,19286.5,19286.75,19322.75,-4.0,-4.5,-5.0,-100.0,10.0,0.5,1.0,1.0,7.0,2024-04-25 19:20:00+00:00,2024-04-25 19:20:00+00:00,2024-04-25 19:21:00+00:00,2024-04-25 19:21:00+00:00,momentum_long_late_8346db7cf1cc,1,market,0.0,1,1,4,32,40220.0
466196,466197,466197,466197,closed,stop,19295.5,19291.5,19295.75,19291.25,19291.5,19327.5,-4.0,-4.5,-5.0,-100.0,10.0,0.5,1.0,1.0,8.75,2024-04-25 19:21:00+00:00,2024-04-25 19:21:00+00:00,2024-04-25 19:22:00+00:00,2024-04-25 19:22:00+00:00,momentum_long_late_8346db7cf1cc,1,market,0.0,1,1,4,32,40120.0
466197,466198,466198,466198,closed,stop,19291.75,19287.75,19292.0,19287.5,19287.75,19323.75,-4.0,-4.5,-5.0,-100.0,10.0,0.5,1.0,1.0,5.0,2024-04-25 19:22:00+00:00,2024-04-25 19:22:00+00:00,2024-04-25 19:23:00+00:00,2024-04-25 19:23:00+00:00,momentum_long_late_8346db7cf1cc,1,market,0.0,1,1,4,32,40020.0
466198,466199,466199,466199,closed,stop,19296.75,19292.75,19297.0,19292.5,19292.75,19328.75,-4.0,-4.5,-5.0,-100.0,10.0,0.5,1.0,1.0,5.75,2024-04-25 19:23:00+00:00,2024-04-25 19:23:00+00:00,2024-04-25 19:24:00+00:00,2024-04-25 19:24:00+00:00,momentum_long_late_8346db7cf1cc,1,market,0.0,1,1,4,32,39920.0
466199,466200,466200,466200,closed,timeout,19295.5,19293.75,19295.75,19293.5,19291.5,19327.5,-1.75,-2.25,-2.75,-55.0,10.0,0.5,1.0,1.0,4.0,2024-04-25 19:24:00+00:00,2024-04-25 19:24:00+00:00,2024-04-25 19:25:00+00:00,2024-04-25 19:25:00+00:00,momentum_long_late_8346db7cf1cc,1,market,0.0,1,1,4,32,39865.0
467539,467540,467540,467540,closed,timeout,19554.5,19561.5,19554.75,19561.25,19550.5,19586.5,7.0,6.5,6.0,120.0,10.0,0.5,1.0,1.0,0.25,2024-04-26 18:59:00+00:00,2024-04-26 18:59:00+00:00,2024-04-26 19:00:00+00:00,2024-04-26 19:00:00+00:00,momentum_long_late_8346db7cf1cc,1,market,0.0,1,1,4,32,39985.0
467540,467541,467541,467541,closed,stop,19561.0,19557.0,19561.25,19556.75,19557.0,19593.0,-4.0,-4.5,-5.0,-100.0,10.0,0.5,1.0,1.0,5.75,2024-04-26 19:00:00+00:00,2024-04-26 19:00:00+00:00,2024-04-26 19:01:00+00:00,2024-04-26 19:01:00+00:00,momentum_long_late_8346db7cf1cc,1,market,0.0,1,1,4,32,39885.0
467541,467542,467542,467542,closed,timeout,19561.75,19562.25,19562.0,19562.0,19557.75,19593.75,0.5,0.0,-0.5,-10.0,10.0,0.5,1.0,1.0,2.25,2024-04-26 19:01:00+00:00,2024-04-26 19:01:00+00:00,2024-04-26 19:02:00+00:00,2024-04-26 19:02:00+00:00,momentum_long_late_8346db7cf1cc,1,market,0.0,1,1,4,32,39875.0
467542,467543,467543,467543,closed,stop,19562.25,19558.25,19562.5,19558.0,19558.25,19594.25,-4.0,-4.5,-5.0,-100.0,10.0,0.5,1.0,1.0,6.5,2024-04-26 19:02:00+00:00,2024-04-26 19:02:00+00:00,2024-04-26 19:03:00+00:00,2024-04-26 19:03:00+00:00,momentum_long_late_8346db7cf1cc,1,market,0.0,1,1,4,32,39775.0
467543,467544,467544,467544,closed,stop,19559.0,19555.0,19559.25,19554.75,19555.0,19591.0,-4.0,-4.5,-5.0,-100.0,10.0,0.5,1.0,1.0,12.0,2024-04-26 19:03:00+00:00,2024-04-26 19:03:00+00:00,2024-04-26 19:04:00+00:00,2024-04-26 19:04:00+00:00,momentum_long_late_8346db7cf1cc,1,market,0.0,1,1,4,32,39675.0
467564,467565,467565,467565,closed,timeout,19578.5,19580.0,19578.75,19579.75,19574.5,19610.5,1.5,1.0,0.5,10.0,10.0,0.5,1.0,1.0,1.25,2024-04-26 19:24:00+00:00,2024-04-26 19:24:00+00:00,2024-04-26 19:25:00+00:00,2024-04-26 19:25:00+00:00,momentum_long_late_8346db7cf1cc,1,market,0.0,1,1,4,32,39685.0
467565,467566,467566,467566,closed,timeout,19580.25,19578.75,19580.5,19578.5,19576.25,19612.25,-1.5,-2.0,-2.5,-50.0,10.0,0.5,1.0,1.0,3.5,2024-04-26 19:25:00+00:00,2024-04-26 19:25:00+00:00,2024-04-26 19:26:00+00:00,2024-04-26 19:26:00+00:00,momentum_long_late_8346db7cf1cc,1,market,0.0,1,1,4,32,39635.0
467568,467569,467569,467569,closed,timeout,19579.75,19579.25,19580.0,19579.0,19575.75,19611.75,-0.5,-1.0,-1.5,-30.0,10.0,0.5,1.0,1.0,3.5,2024-04-26 19:28:00+00:00,2024-04-26 19:28:00+00:00,2024-04-26 19:29:00+00:00,2024-04-26 19:29:00+00:00,momentum_long_late_8346db7cf1cc,1,market,0.0,1,1,4,32,39605.0
468956,468957,468957,468957,closed,timeout,19574.75,19576.0,19575.0,19575.75,19570.75,19606.75,1.25,0.75,0.25,5.0,10.0,0.5,1.0,1.0,2.25,2024-04-29 19:51:00+00:00,2024-04-29 19:51:00+00:00,2024-04-29 19:52:00+00:00,2024-04-29 19:52:00+00:00,momentum_long_late_8346db7cf1cc,1,market,0.0,1,1,4,32,39610.0
468957,468958,468958,468958,closed,timeout,19575.75,19578.75,19576.0,19578.5,19571.75,19607.75,3.0,2.5,2.0,40.0,10.0,0.5,1.0,1.0,2.5,2024-04-29 19:52:00+00:00,2024-04-29 19:52:00+00:00,2024-04-29 19:53:00+00:00,2024-04-29 19:53:00+00:00,momentum_long_late_8346db7cf1cc,1,market,0.0,1,1,4,32,39650.0
468958,468959,468959,468959,closed,timeout,19578.5,19582.75,19578.75,19582.5,19574.5,19610.5,4.25,3.75,3.25,65.0,10.0,0.5,1.0,1.0,0.75,2024-04-29 19:53:00+00:00,2024-04-29 19:53:00+00:00,2024-04-29 19:54:00+00:00,2024-04-29 19:54:00+00:00,momentum_long_late_8346db7cf1cc,1,market,0.0,1,1,4,32,39715.0
468959,468960,468960,468960,closed,timeout,19583.5,19588.0,19583.75,19587.75,19579.5,19615.5,4.5,4.0,3.5,70.0,10.0,0.5,1.0,1.0,1.5,2024-04-29 19:54:00+00:00,2024-04-29 19:54:00+00:00,2024-04-29 19:55:00+00:00,2024-04-29 19:55:00+00:00,momentum_long_late_8346db7cf1cc,1,market,0.0,1,1,4,32,39785.0
468960,468961,468961,468961,closed,timeout,19588.25,19589.75,19588.5,19589.5,19584.25,19620.25,1.5,1.0,0.5,10.0,10.0,0.5,1.0,1.0,0.75,2024-04-29 19:55:00+00:00,2024-04-29 19:55:00+00:00,2024-04-29 19:56:00+00:00,2024-04-29 19:56:00+00:00,momentum_long_late_8346db7cf1cc,1,market,0.0,1,1,4,32,39795.0
468961,468962,468962,468962,closed,timeout,19589.25,19590.5,19589.5,19590.25,19585.25,19621.25,1.25,0.75,0.25,5.0,10.0,0.5,1.0,1.0,4.0,2024-04-29 19:56:00+00:00,2024-04-29 19:56:00+00:00,2024-04-29 19:57:00+00:00,2024-04-29 19:57:00+00:00,momentum_long_late_8346db7cf1cc,1,market,0.0,1,1,4,32,39800.0
468962,468963,468963,468963,closed,timeout,19590.0,19593.25,19590.25,19593.0,19586.0,19622.0,3.25,2.75,2.25,45.0,10.0,0.5,1.0,1.0,2.75,2024-04-29 19:57:00+00:00,2024-04-29 19:57:00+00:00,2024-04-29 19:58:00+00:00,2024-04-29 19:58:00+00:00,momentum_long_late_8346db7cf1cc,1,market,0.0,1,1,4,32,39845.0
468963,468964,468964,468964,closed,timeout,19593.0,19595.25,19593.25,19595.0,19589.0,19625.0,2.25,1.75,1.25,25.0,10.0,0.5,1.0,1.0,0.75,2024-04-29 19:58:00+00:00,2024-04-29 19:58:00+00:00,2024-04-29 19:59:00+00:00,2024-04-29 19:59:00+00:00,momentum_long_late_8346db7cf1cc,1,market,0.0,1,1,4,32,39870.0
468964,468965,468965,468965,closed,stop,19595.0,19591.0,19595.25,19590.75,19591.0,19627.0,-4.0,-4.5,-5.0,-100.0,10.0,0.5,1.0,1.0,7.5,2024-04-29 19:59:00+00:00,2024-04-29 19:59:00+00:00,2024-04-29 20:00:00+00:00,2024-04-29 20:00:00+00:00,momentum_long_late_8346db7cf1cc,1,market,0.0,1,1,4,32,39770.0
470320,470321,470321,470321,closed,stop,19399.25,19395.25,19399.5,19395.0,19395.25,19431.25,-4.0,-4.5,-5.0,-100.0,10.0,0.5,1.0,1.0,28.0,2024-04-30 19:50:00+00:00,2024-04-30 19:50:00+00:00,2024-04-30 19:51:00+00:00,2024-04-30 19:51:00+00:00,momentum_long_late_8346db7cf1cc,1,market,0.0,1,1,4,32,39670.0
471576,471577,471577,471577,closed,stop,19203.5,19199.5,19203.75,19199.25,19199.5,19235.5,-4.0,-4.5,-5.0,-100.0,10.0,0.5,1.0,1.0,47.75,2024-05-01 18:01:00+00:00,2024-05-01 18:01:00+00:00,2024-05-01 18:02:00+00:00,2024-05-01 18:02:00+00:00,momentum_long_late_8346db7cf1cc,1,market,0.0,1,1,4,32,39570.0
471603,471604,471604,471604,closed,timeout,19235.0,19246.5,19235.25,19246.25,19231.0,19267.0,11.5,11.0,10.5,210.0,10.0,0.5,1.0,1.0,3.5,2024-05-01 18:28:00+00:00,2024-05-01 18:28:00+00:00,2024-05-01 18:29:00+00:00,2024-05-01 18:29:00+00:00,momentum_long_late_8346db7cf1cc,1,market,0.0,1,1,4,32,39780.0
471604,471605,471605,471605,closed,timeout,19246.5,19252.75,19246.75,19252.5,19242.5,19278.5,6.25,5.75,5.25,105.0,10.0,0.5,1.0,1.0,2.75,2024-05-01 18:29:00+00:00,2024-05-01 18:29:00+00:00,2024-05-01 18:30:00+00:00,2024-05-01 18:30:00+00:00,momentum_long_late_8346db7cf1cc,1,market,0.0,1,1,4,32,39885.0
471605,471606,471606,471606,closed,stop,19252.5,19248.5,19252.75,19248.25,19248.5,19284.5,-4.0,-4.5,-5.0,-100.0,10.0,0.5,1.0,1.0,11.0,2024-05-01 18:30:00+00:00,2024-05-01 18:30:00+00:00,2024-05-01 18:31:00+00:00,2024-05-01 18:31:00+00:00,momentum_long_late_8346db7cf1cc,1,market,0.0,1,1,4,32,39785.0
471606,471607,471607,471607,closed,stop,19246.25,19242.25,19246.5,19242.0,19242.25,19278.25,-4.0,-4.5,-5.0,-100.0,10.0,0.5,1.0,1.0,62.25,2024-05-01 18:31:00+00:00,2024-05-01 18:31:00+00:00,2024-05-01 18:32:00+00:00,2024-05-01 18:32:00+00:00,momentum_long_late_8346db7cf1cc,1,market,0.0,1,1,4,32,39685.0
471617,471618,471618,471618,closed,stop,19363.75,19359.75,19364.0,19359.5,19359.75,19395.75,-4.0,-4.5,-5.0,-100.0,10.0,0.5,1.0,1.0,13.75,2024-05-01 18:42:00+00:00,2024-05-01 18:42:00+00:00,2024-05-01 18:43:00+00:00,2024-05-01 18:43:00+00:00,momentum_long_late_8346db7cf1cc,1,market,0.0,1,1,4,32,39585.0
471618,471619,471619,471619,closed,stop,19369.0,19365.0,19369.25,19364.75,19365.0,19401.0,-4.0,-4.5,-5.0,-100.0,10.0,0.5,1.0,1.0,21.75,2024-05-01 18:43:00+00:00,2024-05-01 18:43:00+00:00,2024-05-01 18:44:00+00:00,2024-05-01 18:44:00+00:00,momentum_long_late_8346db7cf1cc,1,market,0.0,1,1,4,32,39485.0
471619,471620,471620,471620,closed,stop,19369.0,19365.0,19369.25,19364.75,19365.0,19401.0,-4.0,-4.5,-5.0,-100.0,10.0,0.5,1.0,1.0,4.25,2024-05-01 18:44:00+00:00,2024-05-01 18:44:00+00:00,2024-05-01 18:45:00+00:00,2024-05-01 18:45:00+00:00,momentum_long_late_8346db7cf1cc,1,market,0.0,1,1,4,32,39385.0
471620,471621,471621,471621,closed,stop,19414.25,19410.25,19414.5,19410.0,19410.25,19446.25,-4.0,-4.5,-5.0,-100.0,10.0,0.5,1.0,1.0,44.75,2024-05-01 18:45:00+00:00,2024-05-01 18:45:00+00:00,2024-05-01 18:46:00+00:00,2024-05-01 18:46:00+00:00,momentum_long_late_8346db7cf1cc,1,market,0.0,1,1,4,32,39285.0
471634,471635,471635,471635,closed,stop,19438.5,19434.5,19438.75,19434.25,19434.5,19470.5,-4.0,-4.5,-5.0,-100.0,10.0,0.5,1.0,1.0,17.25,2024-05-01 18:59:00+00:00,2024-05-01 18:59:00+00:00,2024-05-01 19:00:00+00:00,2024-05-01 19:00:00+00:00,momentum_long_late_8346db7cf1cc,1,market,0.0,1,1,4,32,39185.0
471636,471637,471637,471637,closed,stop,19469.0,19465.0,19469.25,19464.75,19465.0,19501.0,-4.0,-4.5,-5.0,-100.0,10.0,0.5,1.0,1.0,9.5,2024-05-01 19:01:00+00:00,2024-05-01 19:01:00+00:00,2024-05-01 19:02:00+00:00,2024-05-01 19:02:00+00:00,momentum_long_late_8346db7cf1cc,1,market,0.0,1,1,4,32,39085.0
471637,471638,471638,471638,closed,stop,19473.5,19469.5,19473.75,19469.25,19469.5,19505.5,-4.0,-4.5,-5.0,-100.0,10.0,0.5,1.0,1.0,30.5,2024-05-01 19:02:00+00:00,2024-05-01 19:02:00+00:00,2024-05-01 19:03:00+00:00,2024-05-01 19:03:00+00:00,momentum_long_late_8346db7cf1cc,1,market,0.0,1,1,4,32,38985.0
472944,472945,472945,472945,closed,stop,19300.75,19296.75,19301.0,19296.5,19296.75,19332.75,-4.0,-4.5,-5.0,-100.0,10.0,0.5,1.0,1.0,8.25,2024-05-02 18:05:00+00:00,2024-05-02 18:05:00+00:00,2024-05-02 18:06:00+00:00,2024-05-02 18:06:00+00:00,momentum_long_late_8346db7cf1cc,1,market,0.0,1,1,4,32,38885.0
472947,472948,472948,472948,closed,timeout,19307.25,19317.0,19307.5,19316.75,19303.25,19339.25,9.75,9.25,8.75,175.0,10.0,0.5,1.0,1.0,1.75,2024-05-02 18:08:00+00:00,2024-05-02 18:08:00+00:00,2024-05-02 18:09:00+00:00,2024-05-02 18:09:00+00:00,momentum_long_late_8346db7cf1cc,1,market,0.0,1,1,4,32,39060.0
472948,472949,472949,472949,closed,timeout,19317.25,19320.0,19317.5,19319.75,19313.25,19349.25,2.75,2.25,1.75,35.0,10.0,0.5,1.0,1.0,1.5,2024-05-02 18:09:00+00:00,2024-05-02 18:09:00+00:00,2024-05-02 18:10:00+00:00,2024-05-02 18:10:00+00:00,momentum_long_late_8346db7cf1cc,1,market,0.0,1,1,4,32,39095.0
472949,472950,472950,472950,closed,timeout,19319.75,19317.5,19320.0,19317.25,19315.75,19351.75,-2.25,-2.75,-3.25,-65.0,10.0,0.5,1.0,1.0,3.25,2024-05-02 18:10:00+00:00,2024-05-02 18:10:00+00:00,2024-05-02 18:11:00+00:00,2024-05-02 18:11:00+00:00,momentum_long_late_8346db7cf1cc,1,market,0.0,1,1,4,32,39030.0
472950,472951,472951,472951,closed,stop,19318.0,19314.0,19318.25,19313.75,19314.0,19350.0,-4.0,-4.5,-5.0,-100.0,10.0,0.5,1.0,1.0,8.75,2024-05-02 18:11:00+00:00,2024-05-02 18:11:00+00:00,2024-05-02 18:12:00+00:00,2024-05-02 18:12:00+00:00,momentum_long_late_8346db7cf1cc,1,market,0.0,1,1,4,32,38930.0
472967,472968,472968,472968,closed,stop,19323.75,19319.75,19324.0,19319.5,19319.75,19355.75,-4.0,-4.5,-5.0,-100.0,10.0,0.5,1.0,1.0,11.0,2024-05-02 18:28:00+00:00,2024-05-02 18:28:00+00:00,2024-05-02 18:29:00+00:00,2024-05-02 18:29:00+00:00,momentum_long_late_8346db7cf1cc,1,market,0.0,1,1,4,32,38830.0
472973,472974,472974,472974,closed,stop,19336.25,19332.25,19336.5,19332.0,19332.25,19368.25,-4.0,-4.5,-5.0,-100.0,10.0,0.5,1.0,1.0,4.75,2024-05-02 18:34:00+00:00,2024-05-02 18:34:00+00:00,2024-05-02 18:35:00+00:00,2024-05-02 18:35:00+00:00,momentum_long_late_8346db7cf1cc,1,market,0.0,1,1,4,32,38730.0
472974,472975,472975,472975,closed,timeout,19338.0,19343.0,19338.25,19342.75,19334.0,19370.0,5.0,4.5,4.0,80.0,10.0,0.5,1.0,1.0,1.25,2024-05-02 18:35:00+00:00,2024-05-02 18:35:00+00:00,2024-05-02 18:36:00+00:00,2024-05-02 18:36:00+00:00,momentum_long_late_8346db7cf1cc,1,market,0.0,1,1,4,32,38810.0
472975,472976,472976,472976,closed,timeout,19342.75,19345.75,19343.0,19345.5,19338.75,19374.75,3.0,2.5,2.0,40.0,10.0,0.5,1.0,1.0,1.5,2024-05-02 18:36:00+00:00,2024-05-02 18:36:00+00:00,2024-05-02 18:37:00+00:00,2024-05-02 18:37:00+00:00,momentum_long_late_8346db7cf1cc,1,market,0.0,1,1,4,32,38850.0
472976,472977,472977,472977,closed,stop,19346.0,19342.0,19346.25,19341.75,19342.0,19378.0,-4.0,-4.5,-5.0,-100.0,10.0,0.5,1.0,1.0,8.5,2024-05-02 18:37:00+00:00,2024-05-02 18:37:00+00:00,2024-05-02 18:38:00+00:00,2024-05-02 18:38:00+00:00,momentum_long_late_8346db7cf1cc,1,market,0.0,1,1,4,32,38750.0
472993,472994,472994,472994,closed,stop,19361.0,19357.0,19361.25,19356.75,19357.0,19393.0,-4.0,-4.5,-5.0,-100.0,10.0,0.5,1.0,1.0,17.5,2024-05-02 18:54:00+00:00,2024-05-02 18:54:00+00:00,2024-05-02 18:55:00+00:00,2024-05-02 18:55:00+00:00,momentum_long_late_8346db7cf1cc,1,market,0.0,1,1,4,32,38650.0
474314,474315,474315,474315,closed,timeout,19706.75,19709.0,19707.0,19708.75,19702.75,19738.75,2.25,1.75,1.25,25.0,10.0,0.5,1.0,1.0,3.5,2024-05-03 18:10:00+00:00,2024-05-03 18:10:00+00:00,2024-05-03 18:11:00+00:00,2024-05-03 18:11:00+00:00,momentum_long_late_8346db7cf1cc,1,market,0.0,1,1,4,32,38675.0
474315,474316,474316,474316,closed,timeout,19709.25,19714.75,19709.5,19714.5,19705.25,19741.25,5.5,5.0,4.5,90.0,10.0,0.5,1.0,1.0,0.75,2024-05-03 18:11:00+00:00,2024-05-03 18:11:00+00:00,2024-05-03 18:12:00+00:00,2024-05-03 18:12:00+00:00,momentum_long_late_8346db7cf1cc,1,market,0.0,1,1,4,32,38765.0
474316,474317,474317,474317,closed,stop,19715.0,19711.0,19715.25,19710.75,19711.0,19747.0,-4.0,-4.5,-5.0,-100.0,10.0,0.5,1.0,1.0,6.0,2024-05-03 18:12:00+00:00,2024-05-03 18:12:00+00:00,2024-05-03 18:13:00+00:00,2024-05-03 18:13:00+00:00,momentum_long_late_8346db7cf1cc,1,market,0.0,1,1,4,32,38665.0
474317,474318,474318,474318,closed,stop,19710.75,19706.75,19711.0,19706.5,19706.75,19742.75,-4.0,-4.5,-5.0,-100.0,10.0,0.5,1.0,1.0,6.5,2024-05-03 18:13:00+00:00,2024-05-03 18:13:00+00:00,2024-05-03 18:14:00+00:00,2024-05-03 18:14:00+00:00,momentum_long_late_8346db7cf1cc,1,market,0.0,1,1,4,32,38565.0
475699,475700,475700,475700,closed,timeout,19840.5,19839.5,19840.75,19839.25,19836.5,19872.5,-1.0,-1.5,-2.0,-40.0,10.0,0.5,1.0,1.0,3.25,2024-05-06 18:30:00+00:00,2024-05-06 18:30:00+00:00,2024-05-06 18:31:00+00:00,2024-05-06 18:31:00+00:00,momentum_long_late_8346db7cf1cc,1,market,0.0,1,1,4,32,38525.0
475725,475726,475726,475726,closed,stop,19845.0,19841.0,19845.25,19840.75,19841.0,19877.0,-4.0,-4.5,-5.0,-100.0,10.0,0.5,1.0,1.0,6.0,2024-05-06 18:56:00+00:00,2024-05-06 18:56:00+00:00,2024-05-06 18:57:00+00:00,2024-05-06 18:57:00+00:00,momentum_long_late_8346db7cf1cc,1,market,0.0,1,1,4,32,38425.0
475771,475772,475772,475772,closed,timeout,19846.25,19842.75,19846.5,19842.5,19842.25,19878.25,-3.5,-4.0,-4.5,-90.0,10.0,0.5,1.0,1.0,4.0,2024-05-06 19:42:00+00:00,2024-05-06 19:42:00+00:00,2024-05-06 19:43:00+00:00,2024-05-06 19:43:00+00:00,momentum_long_late_8346db7cf1cc,1,market,0.0,1,1,4,32,38335.0
475784,475785,475785,475785,closed,timeout,19870.0,19880.25,19870.25,19880.0,19866.0,19902.0,10.25,9.75,9.25,185.0,10.0,0.5,1.0,1.0,4.0,2024-05-06 19:55:00+00:00,2024-05-06 19:55:00+00:00,2024-05-06 19:56:00+00:00,2024-05-06 19:56:00+00:00,momentum_long_late_8346db7cf1cc,1,market,0.0,1,1,4,32,38520.0
475785,475786,475786,475786,closed,stop,19880.25,19876.25,19880.5,19876.0,19876.25,19912.25,-4.0,-4.5,-5.0,-100.0,10.0,0.5,1.0,1.0,9.75,2024-05-06 19:56:00+00:00,2024-05-06 19:56:00+00:00,2024-05-06 19:57:00+00:00,2024-05-06 19:57:00+00:00,momentum_long_late_8346db7cf1cc,1,market,0.0,1,1,4,32,38420.0
475786,475787,475787,475787,closed,timeout,19878.5,19886.5,19878.75,19886.25,19874.5,19910.5,8.0,7.5,7.0,140.0,10.0,0.5,1.0,1.0,3.0,2024-05-06 19:57:00+00:00,2024-05-06 19:57:00+00:00,2024-05-06 19:58:00+00:00,2024-05-06 19:58:00+00:00,momentum_long_late_8346db7cf1cc,1,market,0.0,1,1,4,32,38560.0
475787,475788,475788,475788,closed,timeout,19886.25,19887.5,19886.5,19887.25,19882.25,19918.25,1.25,0.75,0.25,5.0,10.0,0.5,1.0,1.0,1.0,2024-05-06 19:58:00+00:00,2024-05-06 19:58:00+00:00,2024-05-06 19:59:00+00:00,2024-05-06 19:59:00+00:00,momentum_long_late_8346db7cf1cc,1,market,0.0,1,1,4,32,38565.0
475788,475789,475789,475789,closed,timeout,19887.25,19891.0,19887.5,19890.75,19883.25,19919.25,3.75,3.25,2.75,55.0,10.0,0.5,1.0,1.0,3.75,2024-05-06 19:59:00+00:00,2024-05-06 19:59:00+00:00,2024-05-06 20:00:00+00:00,2024-05-06 20:00:00+00:00,momentum_long_late_8346db7cf1cc,1,market,0.0,1,1,4,32,38620.0
477146,477147,477147,477147,closed,stop,19907.0,19903.0,19907.25,19902.75,19903.0,19939.0,-4.0,-4.5,-5.0,-100.0,10.0,0.5,1.0,1.0,7.25,2024-05-07 19:54:00+00:00,2024-05-07 19:54:00+00:00,2024-05-07 19:55:00+00:00,2024-05-07 19:55:00+00:00,momentum_long_late_8346db7cf1cc,1,market,0.0,1,1,4,32,38520.0
478396,478397,478397,478397,closed,timeout,19872.75,19874.5,19873.0,19874.25,19868.75,19904.75,1.75,1.25,0.75,15.0,10.0,0.5,1.0,1.0,2.5,2024-05-08 18:00:00+00:00,2024-05-08 18:00:00+00:00,2024-05-08 18:01:00+00:00,2024-05-08 18:01:00+00:00,momentum_long_late_8346db7cf1cc,1,market,0.0,1,1,4,32,38535.0
478412,478413,478413,478413,closed,timeout,19882.0,19884.75,19882.25,19884.5,19878.0,19914.0,2.75,2.25,1.75,35.0,10.0,0.5,1.0,1.0,1.25,2024-05-08 18:16:00+00:00,2024-05-08 18:16:00+00:00,2024-05-08 18:17:00+00:00,2024-05-08 18:17:00+00:00,momentum_long_late_8346db7cf1cc,1,market,0.0,1,1,4,32,38570.0
478413,478414,478414,478414,closed,timeout,19884.75,19883.25,19885.0,19883.0,19880.75,19916.75,-1.5,-2.0,-2.5,-50.0,10.0,0.5,1.0,1.0,2.25,2024-05-08 18:17:00+00:00,2024-05-08 18:17:00+00:00,2024-05-08 18:18:00+00:00,2024-05-08 18:18:00+00:00,momentum_long_late_8346db7cf1cc,1,market,0.0,1,1,4,32,38520.0
478414,478415,478415,478415,closed,timeout,19883.75,19882.0,19884.0,19881.75,19879.75,19915.75,-1.75,-2.25,-2.75,-55.0,10.0,0.5,1.0,1.0,2.75,2024-05-08 18:18:00+00:00,2024-05-08 18:18:00+00:00,2024-05-08 18:19:00+00:00,2024-05-08 18:19:00+00:00,momentum_long_late_8346db7cf1cc,1,market,0.0,1,1,4,32,38465.0
478474,478475,478475,478475,closed,timeout,19874.0,19876.0,19874.25,19875.75,19870.0,19906.0,2.0,1.5,1.0,20.0,10.0,0.5,1.0,1.0,0.5,2024-05-08 19:18:00+00:00,2024-05-08 19:18:00+00:00,2024-05-08 19:19:00+00:00,2024-05-08 19:19:00+00:00,momentum_long_late_8346db7cf1cc,1,market,0.0,1,1,4,32,38485.0
478475,478476,478476,478476,closed,timeout,19876.25,19877.25,19876.5,19877.0,19872.25,19908.25,1.0,0.5,0.0,0.0,10.0,0.5,1.0,1.0,1.75,2024-05-08 19:19:00+00:00,2024-05-08 19:19:00+00:00,2024-05-08 19:20:00+00:00,2024-05-08 19:20:00+00:00,momentum_long_late_8346db7cf1cc,1,market,0.0,1,1,4,32,38485.0
478476,478477,478477,478477,closed,stop,19878.0,19874.0,19878.25,19873.75,19874.0,19910.0,-4.0,-4.5,-5.0,-100.0,10.0,0.5,1.0,1.0,6.25,2024-05-08 19:20:00+00:00,2024-05-08 19:20:00+00:00,2024-05-08 19:21:00+00:00,2024-05-08 19:21:00+00:00,momentum_long_late_8346db7cf1cc,1,market,0.0,1,1,4,32,38385.0
478477,478478,478478,478478,closed,timeout,19875.5,19879.0,19875.75,19878.75,19871.5,19907.5,3.5,3.0,2.5,50.0,10.0,0.5,1.0,1.0,1.75,2024-05-08 19:21:00+00:00,2024-05-08 19:21:00+00:00,2024-05-08 19:22:00+00:00,2024-05-08 19:22:00+00:00,momentum_long_late_8346db7cf1cc,1,market,0.0,1,1,4,32,38435.0
478478,478479,478479,478479,closed,timeout,19879.0,19880.75,19879.25,19880.5,19875.0,19911.0,1.75,1.25,0.75,15.0,10.0,0.5,1.0,1.0,3.0,2024-05-08 19:22:00+00:00,2024-05-08 19:22:00+00:00,2024-05-08 19:23:00+00:00,2024-05-08 19:23:00+00:00,momentum_long_late_8346db7cf1cc,1,market,0.0,1,1,4,32,38450.0
478479,478480,478480,478480,closed,stop,19880.75,19876.75,19881.0,19876.5,19876.75,19912.75,-4.0,-4.5,-5.0,-100.0,10.0,0.5,1.0,1.0,5.5,2024-05-08 19:23:00+00:00,2024-05-08 19:23:00+00:00,2024-05-08 19:24:00+00:00,2024-05-08 19:24:00+00:00,momentum_long_late_8346db7cf1cc,1,market,0.0,1,1,4,32,38350.0
479791,479792,479792,479792,closed,stop,19914.75,19910.75,19915.0,19910.5,19910.75,19946.75,-4.0,-4.5,-5.0,-100.0,10.0,0.5,1.0,1.0,8.5,2024-05-09 18:32:00+00:00,2024-05-09 18:32:00+00:00,2024-05-09 18:33:00+00:00,2024-05-09 18:33:00+00:00,momentum_long_late_8346db7cf1cc,1,market,0.0,1,1,4,32,38250.0
479813,479814,479814,479814,closed,stop,19926.25,19922.25,19926.5,19922.0,19922.25,19958.25,-4.0,-4.5,-5.0,-100.0,10.0,0.5,1.0,1.0,4.5,2024-05-09 18:54:00+00:00,2024-05-09 18:54:00+00:00,2024-05-09 18:55:00+00:00,2024-05-09 18:55:00+00:00,momentum_long_late_8346db7cf1cc,1,market,0.0,1,1,4,32,38150.0
481124,481125,481125,481125,closed,stop,19945.75,19941.75,19946.0,19941.5,19941.75,19977.75,-4.0,-4.5,-5.0,-100.0,10.0,0.5,1.0,1.0,4.25,2024-05-10 18:00:00+00:00,2024-05-10 18:00:00+00:00,2024-05-10 18:01:00+00:00,2024-05-10 18:01:00+00:00,momentum_long_late_8346db7cf1cc,1,market,0.0,1,1,4,32,38050.0
481125,481126,481126,481126,closed,stop,19943.75,19939.75,19944.0,19939.5,19939.75,19975.75,-4.0,-4.5,-5.0,-100.0,10.0,0.5,1.0,1.0,9.0,2024-05-10 18:01:00+00:00,2024-05-10 18:01:00+00:00,2024-05-10 18:02:00+00:00,2024-05-10 18:02:00+00:00,momentum_long_late_8346db7cf1cc,1,market,0.0,1,1,4,32,37950.0
481176,481177,481177,481177,closed,stop,19949.25,19945.25,19949.5,19945.0,19945.25,19981.25,-4.0,-4.5,-5.0,-100.0,10.0,0.5,1.0,1.0,4.5,2024-05-10 18:52:00+00:00,2024-05-10 18:52:00+00:00,2024-05-10 18:53:00+00:00,2024-05-10 18:53:00+00:00,momentum_long_late_8346db7cf1cc,1,market,0.0,1,1,4,32,37850.0
481240,481241,481241,481241,closed,timeout,19959.75,19958.75,19960.0,19958.5,19955.75,19991.75,-1.0,-1.5,-2.0,-40.0,10.0,0.5,1.0,1.0,1.75,2024-05-10 19:56:00+00:00,2024-05-10 19:56:00+00:00,2024-05-10 19:57:00+00:00,2024-05-10 19:57:00+00:00,momentum_long_late_8346db7cf1cc,1,market,0.0,1,1,4,32,37810.0
482552,482553,482553,482553,closed,stop,19986.25,19982.25,19986.5,19982.0,19982.25,20018.25,-4.0,-4.5,-5.0,-100.0,10.0,0.5,1.0,1.0,4.25,2024-05-13 19:03:00+00:00,2024-05-13 19:03:00+00:00,2024-05-13 19:04:00+00:00,2024-05-13 19:04:00+00:00,momentum_long_late_8346db7cf1cc,1,market,0.0,1,1,4,32,37710.0
483856,483857,483857,483857,closed,timeout,20028.5,20030.75,20028.75,20030.5,20024.5,20060.5,2.25,1.75,1.25,25.0,10.0,0.5,1.0,1.0,0.25,2024-05-14 18:02:00+00:00,2024-05-14 18:02:00+00:00,2024-05-14 18:03:00+00:00,2024-05-14 18:03:00+00:00,momentum_long_late_8346db7cf1cc,1,market,0.0,1,1,4,32,37735.0
483857,483858,483858,483858,closed,timeout,20031.0,20032.5,20031.25,20032.25,20027.0,20063.0,1.5,1.0,0.5,10.0,10.0,0.5,1.0,1.0,1.5,2024-05-14 18:03:00+00:00,2024-05-14 18:03:00+00:00,2024-05-14 18:04:00+00:00,2024-05-14 18:04:00+00:00,momentum_long_late_8346db7cf1cc,1,market,0.0,1,1,4,32,37745.0
483860,483861,483861,483861,closed,timeout,20035.0,20034.25,20035.25,20034.0,20031.0,20067.0,-0.75,-1.25,-1.75,-35.0,10.0,0.5,1.0,1.0,2.75,2024-05-14 18:06:00+00:00,2024-05-14 18:06:00+00:00,2024-05-14 18:07:00+00:00,2024-05-14 18:07:00+00:00,momentum_long_late_8346db7cf1cc,1,market,0.0,1,1,4,32,37710.0
483861,483862,483862,483862,closed,timeout,20034.25,20035.5,20034.5,20035.25,20030.25,20066.25,1.25,0.75,0.25,5.0,10.0,0.5,1.0,1.0,2.5,2024-05-14 18:07:00+00:00,2024-05-14 18:07:00+00:00,2024-05-14 18:08:00+00:00,2024-05-14 18:08:00+00:00,momentum_long_late_8346db7cf1cc,1,market,0.0,1,1,4,32,37715.0
483863,483864,483864,483864,closed,timeout,20040.75,20042.0,20041.0,20041.75,20036.75,20072.75,1.25,0.75,0.25,5.0,10.0,0.5,1.0,1.0,1.25,2024-05-14 18:09:00+00:00,2024-05-14 18:09:00+00:00,2024-05-14 18:10:00+00:00,2024-05-14 18:10:00+00:00,momentum_long_late_8346db7cf1cc,1,market,0.0,1,1,4,32,37720.0
483864,483865,483865,483865,closed,timeout,20041.75,20043.75,20042.0,20043.5,20037.75,20073.75,2.0,1.5,1.0,20.0,10.0,0.5,1.0,1.0,1.5,2024-05-14 18:10:00+00:00,2024-05-14 18:10:00+00:00,2024-05-14 18:11:00+00:00,2024-05-14 18:11:00+00:00,momentum_long_late_8346db7cf1cc,1,market,0.0,1,1,4,32,37740.0
483865,483866,483866,483866,closed,timeout,20044.0,20047.5,20044.25,20047.25,20040.0,20076.0,3.5,3.0,2.5,50.0,10.0,0.5,1.0,1.0,1.0,2024-05-14 18:11:00+00:00,2024-05-14 18:11:00+00:00,2024-05-14 18:12:00+00:00,2024-05-14 18:12:00+00:00,momentum_long_late_8346db7cf1cc,1,market,0.0,1,1,4,32,37790.0
483866,483867,483867,483867,closed,timeout,20047.75,20050.5,20048.0,20050.25,20043.75,20079.75,2.75,2.25,1.75,35.0,10.0,0.5,1.0,1.0,1.75,2024-05-14 18:12:00+00:00,2024-05-14 18:12:00+00:00,2024-05-14 18:13:00+00:00,2024-05-14 18:13:00+00:00,momentum_long_late_8346db7cf1cc,1,market,0.0,1,1,4,32,37825.0
483867,483868,483868,483868,closed,timeout,20051.0,20059.75,20051.25,20059.5,20047.0,20083.0,8.75,8.25,7.75,155.0,10.0,0.5,1.0,1.0,0.25,2024-05-14 18:13:00+00:00,2024-05-14 18:13:00+00:00,2024-05-14 18:14:00+00:00,2024-05-14 18:14:00+00:00,momentum_long_late_8346db7cf1cc,1,market,0.0,1,1,4,32,37980.0
483868,483869,483869,483869,closed,timeout,20060.25,20069.5,20060.5,20069.25,20056.25,20092.25,9.25,8.75,8.25,165.0,10.0,0.5,1.0,1.0,2.0,2024-05-14 18:14:00+00:00,2024-05-14 18:14:00+00:00,2024-05-14 18:15:00+00:00,2024-05-14 18:15:00+00:00,momentum_long_late_8346db7cf1cc,1,market,0.0,1,1,4,32,38145.0
483869,483870,483870,483870,closed,timeout,20069.0,20073.75,20069.25,20073.5,20065.0,20101.0,4.75,4.25,3.75,75.0,10.0,0.5,1.0,1.0,0.5,2024-05-14 18:15:00+00:00,2024-05-14 18:15:00+00:00,2024-05-14 18:16:00+00:00,2024-05-14 18:16:00+00:00,momentum_long_late_8346db7cf1cc,1,market,0.0,1,1,4,32,38220.0
483870,483871,483871,483871,closed,timeout,20074.0,20075.75,20074.25,20075.5,20070.0,20106.0,1.75,1.25,0.75,15.0,10.0,0.5,1.0,1.0,2.0,2024-05-14 18:16:00+00:00,2024-05-14 18:16:00+00:00,2024-05-14 18:17:00+00:00,2024-05-14 18:17:00+00:00,momentum_long_late_8346db7cf1cc,1,market,0.0,1,1,4,32,38235.0
483871,483872,483872,483872,closed,stop,20076.0,20072.0,20076.25,20071.75,20072.0,20108.0,-4.0,-4.5,-5.0,-100.0,10.0,0.5,1.0,1.0,4.25,2024-05-14 18:17:00+00:00,2024-05-14 18:17:00+00:00,2024-05-14 18:18:00+00:00,2024-05-14 18:18:00+00:00,momentum_long_late_8346db7cf1cc,1,market,0.0,1,1,4,32,38135.0
483872,483873,483873,483873,closed,timeout,20074.0,20076.0,20074.25,20075.75,20070.0,20106.0,2.0,1.5,1.0,20.0,10.0,0.5,1.0,1.0,4.0,2024-05-14 18:18:00+00:00,2024-05-14 18:18:00+00:00,2024-05-14 18:19:00+00:00,2024-05-14 18:19:00+00:00,momentum_long_late_8346db7cf1cc,1,market,0.0,1,1,4,32,38155.0
483873,483874,483874,483874,closed,timeout,20076.0,20076.75,20076.25,20076.5,20072.0,20108.0,0.75,0.25,-0.25,-5.0,10.0,0.5,1.0,1.0,2.5,2024-05-14 18:19:00+00:00,2024-05-14 18:19:00+00:00,2024-05-14 18:20:00+00:00,2024-05-14 18:20:00+00:00,momentum_long_late_8346db7cf1cc,1,market,0.0,1,1,4,32,38150.0
483874,483875,483875,483875,closed,timeout,20077.25,20076.5,20077.5,20076.25,20073.25,20109.25,-0.75,-1.25,-1.75,-35.0,10.0,0.5,1.0,1.0,2.25,2024-05-14 18:20:00+00:00,2024-05-14 18:20:00+00:00,2024-05-14 18:21:00+00:00,2024-05-14 18:21:00+00:00,momentum_long_late_8346db7cf1cc,1,market,0.0,1,1,4,32,38115.0
483895,483896,483896,483896,closed,timeout,20098.5,20104.75,20098.75,20104.5,20094.5,20130.5,6.25,5.75,5.25,105.0,10.0,0.5,1.0,1.0,1.0,2024-05-14 18:41:00+00:00,2024-05-14 18:41:00+00:00,2024-05-14 18:42:00+00:00,2024-05-14 18:42:00+00:00,momentum_long_late_8346db7cf1cc,1,market,0.0,1,1,4,32,38220.0
483896,483897,483897,483897,closed,timeout,20104.75,20105.5,20105.0,20105.25,20100.75,20136.75,0.75,0.25,-0.25,-5.0,10.0,0.5,1.0,1.0,2.5,2024-05-14 18:42:00+00:00,2024-05-14 18:42:00+00:00,2024-05-14 18:43:00+00:00,2024-05-14 18:43:00+00:00,momentum_long_late_8346db7cf1cc,1,market,0.0,1,1,4,32,38215.0
483897,483898,483898,483898,closed,timeout,20105.75,20104.0,20106.0,20103.75,20101.75,20137.75,-1.75,-2.25,-2.75,-55.0,10.0,0.5,1.0,1.0,4.0,2024-05-14 18:43:00+00:00,2024-05-14 18:43:00+00:00,2024-05-14 18:44:00+00:00,2024-05-14 18:44:00+00:00,momentum_long_late_8346db7cf1cc,1,market,0.0,1,1,4,32,38160.0
483934,483935,483935,483935,closed,timeout,20112.75,20111.25,20113.0,20111.0,20108.75,20144.75,-1.5,-2.0,-2.5,-50.0,10.0,0.5,1.0,1.0,3.75,2024-05-14 19:20:00+00:00,2024-05-14 19:20:00+00:00,2024-05-14 19:21:00+00:00,2024-05-14 19:21:00+00:00,momentum_long_late_8346db7cf1cc,1,market,0.0,1,1,4,32,38110.0
483937,483938,483938,483938,closed,timeout,20122.25,20122.75,20122.5,20122.5,20118.25,20154.25,0.5,0.0,-0.5,-10.0,10.0,0.5,1.0,1.0,2.25,2024-05-14 19:23:00+00:00,2024-05-14 19:23:00+00:00,2024-05-14 19:24:00+00:00,2024-05-14 19:24:00+00:00,momentum_long_late_8346db7cf1cc,1,market,0.0,1,1,4,32,38100.0
483938,483939,483939,483939,closed,stop,20122.75,20118.75,20123.0,20118.5,20118.75,20154.75,-4.0,-4.5,-5.0,-100.0,10.0,0.5,1.0,1.0,10.75,2024-05-14 19:24:00+00:00,2024-05-14 19:24:00+00:00,2024-05-14 19:25:00+00:00,2024-05-14 19:25:00+00:00,momentum_long_late_8346db7cf1cc,1,market,0.0,1,1,4,32,38000.0
485226,485227,485227,485227,closed,timeout,20384.75,20382.75,20385.0,20382.5,20380.75,20416.75,-2.0,-2.5,-3.0,-60.0,10.0,0.5,1.0,1.0,4.0,2024-05-15 18:07:00+00:00,2024-05-15 18:07:00+00:00,2024-05-15 18:08:00+00:00,2024-05-15 18:08:00+00:00,momentum_long_late_8346db7cf1cc,1,market,0.0,1,1,4,32,37940.0
485303,485304,485304,485304,closed,stop,20399.0,20395.0,20399.25,20394.75,20395.0,20431.0,-4.0,-4.5,-5.0,-100.0,10.0,0.5,1.0,1.0,8.75,2024-05-15 19:24:00+00:00,2024-05-15 19:24:00+00:00,2024-05-15 19:25:00+00:00,2024-05-15 19:25:00+00:00,momentum_long_late_8346db7cf1cc,1,market,0.0,1,1,4,32,37840.0
488001,488002,488002,488002,closed,timeout,20289.5,20290.75,20289.75,20290.5,20285.5,20321.5,1.25,0.75,0.25,5.0,10.0,0.5,1.0,1.0,2.75,2024-05-17 18:53:00+00:00,2024-05-17 18:53:00+00:00,2024-05-17 18:54:00+00:00,2024-05-17 18:54:00+00:00,momentum_long_late_8346db7cf1cc,1,market,0.0,1,1,4,32,37845.0
488002,488003,488003,488003,closed,timeout,20290.5,20301.0,20290.75,20300.75,20286.5,20322.5,10.5,10.0,9.5,190.0,10.0,0.5,1.0,1.0,0.25,2024-05-17 18:54:00+00:00,2024-05-17 18:54:00+00:00,2024-05-17 18:55:00+00:00,2024-05-17 18:55:00+00:00,momentum_long_late_8346db7cf1cc,1,market,0.0,1,1,4,32,38035.0
488003,488004,488004,488004,closed,timeout,20301.0,20309.25,20301.25,20309.0,20297.0,20333.0,8.25,7.75,7.25,145.0,10.0,0.5,1.0,1.0,2.25,2024-05-17 18:55:00+00:00,2024-05-17 18:55:00+00:00,2024-05-17 18:56:00+00:00,2024-05-17 18:56:00+00:00,momentum_long_late_8346db7cf1cc,1,market,0.0,1,1,4,32,38180.0
488004,488005,488005,488005,closed,stop,20309.5,20305.5,20309.75,20305.25,20305.5,20341.5,-4.0,-4.5,-5.0,-100.0,10.0,0.5,1.0,1.0,6.0,2024-05-17 18:56:00+00:00,2024-05-17 18:56:00+00:00,2024-05-17 18:57:00+00:00,2024-05-17 18:57:00+00:00,momentum_long_late_8346db7cf1cc,1,market,0.0,1,1,4,32,38080.0
488005,488006,488006,488006,closed,timeout,20307.0,20311.5,20307.25,20311.25,20303.0,20339.0,4.5,4.0,3.5,70.0,10.0,0.5,1.0,1.0,0.75,2024-05-17 18:57:00+00:00,2024-05-17 18:57:00+00:00,2024-05-17 18:58:00+00:00,2024-05-17 18:58:00+00:00,momentum_long_late_8346db7cf1cc,1,market,0.0,1,1,4,32,38150.0
488006,488007,488007,488007,closed,timeout,20311.25,20312.75,20311.5,20312.5,20307.25,20343.25,1.5,1.0,0.5,10.0,10.0,0.5,1.0,1.0,1.0,2024-05-17 18:58:00+00:00,2024-05-17 18:58:00+00:00,2024-05-17 18:59:00+00:00,2024-05-17 18:59:00+00:00,momentum_long_late_8346db7cf1cc,1,market,0.0,1,1,4,32,38160.0
488007,488008,488008,488008,closed,stop,20313.0,20309.0,20313.25,20308.75,20309.0,20345.0,-4.0,-4.5,-5.0,-100.0,10.0,0.5,1.0,1.0,4.25,2024-05-17 18:59:00+00:00,2024-05-17 18:59:00+00:00,2024-05-17 19:00:00+00:00,2024-05-17 19:00:00+00:00,momentum_long_late_8346db7cf1cc,1,market,0.0,1,1,4,32,38060.0
488008,488009,488009,488009,closed,stop,20311.5,20307.5,20311.75,20307.25,20307.5,20343.5,-4.0,-4.5,-5.0,-100.0,10.0,0.5,1.0,1.0,4.75,2024-05-17 19:00:00+00:00,2024-05-17 19:00:00+00:00,2024-05-17 19:01:00+00:00,2024-05-17 19:01:00+00:00,momentum_long_late_8346db7cf1cc,1,market,0.0,1,1,4,32,37960.0
488031,488032,488032,488032,closed,stop,20330.75,20326.75,20331.0,20326.5,20326.75,20362.75,-4.0,-4.5,-5.0,-100.0,10.0,0.5,1.0,1.0,5.0,2024-05-17 19:23:00+00:00,2024-05-17 19:23:00+00:00,2024-05-17 19:24:00+00:00,2024-05-17 19:24:00+00:00,momentum_long_late_8346db7cf1cc,1,market,0.0,1,1,4,32,37860.0
488032,488033,488033,488033,closed,timeout,20328.25,20328.5,20328.5,20328.25,20324.25,20360.25,0.25,-0.25,-0.75,-15.0,10.0,0.5,1.0,1.0,3.25,2024-05-17 19:24:00+00:00,2024-05-17 19:24:00+00:00,2024-05-17 19:25:00+00:00,2024-05-17 19:25:00+00:00,momentum_long_late_8346db7cf1cc,1,market,0.0,1,1,4,32,37845.0
488033,488034,488034,488034,closed,timeout,20328.5,20330.75,20328.75,20330.5,20324.5,20360.5,2.25,1.75,1.25,25.0,10.0,0.5,1.0,1.0,0.75,2024-05-17 19:25:00+00:00,2024-05-17 19:25:00+00:00,2024-05-17 19:26:00+00:00,2024-05-17 19:26:00+00:00,momentum_long_late_8346db7cf1cc,1,market,0.0,1,1,4,32,37870.0
488034,488035,488035,488035,closed,stop,20331.0,20327.0,20331.25,20326.75,20327.0,20363.0,-4.0,-4.5,-5.0,-100.0,10.0,0.5,1.0,1.0,5.5,2024-05-17 19:26:00+00:00,2024-05-17 19:26:00+00:00,2024-05-17 19:27:00+00:00,2024-05-17 19:27:00+00:00,momentum_long_late_8346db7cf1cc,1,market,0.0,1,1,4,32,37770.0
489342,489343,489343,489343,closed,timeout,20439.25,20443.75,20439.5,20443.5,20435.25,20471.25,4.5,4.0,3.5,70.0,10.0,0.5,1.0,1.0,0.5,2024-05-20 18:29:00+00:00,2024-05-20 18:29:00+00:00,2024-05-20 18:30:00+00:00,2024-05-20 18:30:00+00:00,momentum_long_late_8346db7cf1cc,1,market,0.0,1,1,4,32,37840.0
489343,489344,489344,489344,closed,timeout,20444.0,20447.75,20444.25,20447.5,20440.0,20476.0,3.75,3.25,2.75,55.0,10.0,0.5,1.0,1.0,1.0,2024-05-20 18:30:00+00:00,2024-05-20 18:30:00+00:00,2024-05-20 18:31:00+00:00,2024-05-20 18:31:00+00:00,momentum_long_late_8346db7cf1cc,1,market,0.0,1,1,4,32,37895.0
489344,489345,489345,489345,closed,stop,20447.75,20443.75,20448.0,20443.5,20443.75,20479.75,-4.0,-4.5,-5.0,-100.0,10.0,0.5,1.0,1.0,4.5,2024-05-20 18:31:00+00:00,2024-05-20 18:31:00+00:00,2024-05-20 18:32:00+00:00,2024-05-20 18:32:00+00:00,momentum_long_late_8346db7cf1cc,1,market,0.0,1,1,4,32,37795.0
489345,489346,489346,489346,closed,timeout,20446.75,20447.0,20447.0,20446.75,20442.75,20478.75,0.25,-0.25,-0.75,-15.0,10.0,0.5,1.0,1.0,3.25,2024-05-20 18:32:00+00:00,2024-05-20 18:32:00+00:00,2024-05-20 18:33:00+00:00,2024-05-20 18:33:00+00:00,momentum_long_late_8346db7cf1cc,1,market,0.0,1,1,4,32,37780.0
489346,489347,489347,489347,closed,timeout,20447.0,20449.75,20447.25,20449.5,20443.0,20479.0,2.75,2.25,1.75,35.0,10.0,0.5,1.0,1.0,0.75,2024-05-20 18:33:00+00:00,2024-05-20 18:33:00+00:00,2024-05-20 18:34:00+00:00,2024-05-20 18:34:00+00:00,momentum_long_late_8346db7cf1cc,1,market,0.0,1,1,4,32,37815.0
489347,489348,489348,489348,closed,stop,20449.75,20445.75,20450.0,20445.5,20445.75,20481.75,-4.0,-4.5,-5.0,-100.0,10.0,0.5,1.0,1.0,7.25,2024-05-20 18:34:00+00:00,2024-05-20 18:34:00+00:00,2024-05-20 18:35:00+00:00,2024-05-20 18:35:00+00:00,momentum_long_late_8346db7cf1cc,1,market,0.0,1,1,4,32,37715.0
489355,489356,489356,489356,closed,timeout,20457.0,20455.25,20457.25,20455.0,20453.0,20489.0,-1.75,-2.25,-2.75,-55.0,10.0,0.5,1.0,1.0,2.75,2024-05-20 18:42:00+00:00,2024-05-20 18:42:00+00:00,2024-05-20 18:43:00+00:00,2024-05-20 18:43:00+00:00,momentum_long_late_8346db7cf1cc,1,market,0.0,1,1,4,32,37660.0
489358,489359,489359,489359,closed,timeout,20458.25,20455.5,20458.5,20455.25,20454.25,20490.25,-2.75,-3.25,-3.75,-75.0,10.0,0.5,1.0,1.0,3.75,2024-05-20 18:45:00+00:00,2024-05-20 18:45:00+00:00,2024-05-20 18:46:00+00:00,2024-05-20 18:46:00+00:00,momentum_long_late_8346db7cf1cc,1,market,0.0,1,1,4,32,37585.0
489385,489386,489386,489386,closed,timeout,20460.5,20458.75,20460.75,20458.5,20456.5,20492.5,-1.75,-2.25,-2.75,-55.0,10.0,0.5,1.0,1.0,3.25,2024-05-20 19:12:00+00:00,2024-05-20 19:12:00+00:00,2024-05-20 19:13:00+00:00,2024-05-20 19:13:00+00:00,momentum_long_late_8346db7cf1cc,1,market,0.0,1,1,4,32,37530.0
489387,489388,489388,489388,closed,timeout,20462.0,20465.0,20462.25,20464.75,20458.0,20494.0,3.0,2.5,2.0,40.0,10.0,0.5,1.0,1.0,0.25,2024-05-20 19:14:00+00:00,2024-05-20 19:14:00+00:00,2024-05-20 19:15:00+00:00,2024-05-20 19:15:00+00:00,momentum_long_late_8346db7cf1cc,1,market,0.0,1,1,4,32,37570.0
489388,489389,489389,489389,closed,timeout,20464.75,20463.5,20465.0,20463.25,20460.75,20496.75,-1.25,-1.75,-2.25,-45.0,10.0,0.5,1.0,1.0,2.5,2024-05-20 19:15:00+00:00,2024-05-20 19:15:00+00:00,2024-05-20 19:16:00+00:00,2024-05-20 19:16:00+00:00,momentum_long_late_8346db7cf1cc,1,market,0.0,1,1,4,32,37525.0
489391,489392,489392,489392,closed,timeout,20467.0,20466.25,20467.25,20466.0,20463.0,20499.0,-0.75,-1.25,-1.75,-35.0,10.0,0.5,1.0,1.0,3.75,2024-05-20 19:18:00+00:00,2024-05-20 19:18:00+00:00,2024-05-20 19:19:00+00:00,2024-05-20 19:19:00+00:00,momentum_long_late_8346db7cf1cc,1,market,0.0,1,1,4,32,37490.0
489404,489405,489405,489405,closed,stop,20475.25,20471.25,20475.5,20471.0,20471.25,20507.25,-4.0,-4.5,-5.0,-100.0,10.0,0.5,1.0,1.0,6.0,2024-05-20 19:31:00+00:00,2024-05-20 19:31:00+00:00,2024-05-20 19:32:00+00:00,2024-05-20 19:32:00+00:00,momentum_long_late_8346db7cf1cc,1,market,0.0,1,1,4,32,37390.0
490676,490677,490677,490677,closed,timeout,20469.5,20468.25,20469.75,20468.0,20465.5,20501.5,-1.25,-1.75,-2.25,-45.0,10.0,0.5,1.0,1.0,2.5,2024-05-21 18:00:00+00:00,2024-05-21 18:00:00+00:00,2024-05-21 18:01:00+00:00,2024-05-21 18:01:00+00:00,momentum_long_late_8346db7cf1cc,1,market,0.0,1,1,4,32,37345.0
490678,490679,490679,490679,closed,timeout,20471.0,20470.0,20471.25,20469.75,20467.0,20503.0,-1.0,-1.5,-2.0,-40.0,10.0,0.5,1.0,1.0,2.25,2024-05-21 18:02:00+00:00,2024-05-21 18:02:00+00:00,2024-05-21 18:03:00+00:00,2024-05-21 18:03:00+00:00,momentum_long_late_8346db7cf1cc,1,market,0.0,1,1,4,32,37305.0
490737,490738,490738,490738,closed,timeout,20466.75,20466.0,20467.0,20465.75,20462.75,20498.75,-0.75,-1.25,-1.75,-35.0,10.0,0.5,1.0,1.0,3.25,2024-05-21 19:01:00+00:00,2024-05-21 19:01:00+00:00,2024-05-21 19:02:00+00:00,2024-05-21 19:02:00+00:00,momentum_long_late_8346db7cf1cc,1,market,0.0,1,1,4,32,37270.0
490740,490741,490741,490741,closed,stop,20465.5,20461.5,20465.75,20461.25,20461.5,20497.5,-4.0,-4.5,-5.0,-100.0,10.0,0.5,1.0,1.0,5.0,2024-05-21 19:04:00+00:00,2024-05-21 19:04:00+00:00,2024-05-21 19:05:00+00:00,2024-05-21 19:05:00+00:00,momentum_long_late_8346db7cf1cc,1,market,0.0,1,1,4,32,37170.0
490753,490754,490754,490754,closed,timeout,20478.25,20476.25,20478.5,20476.0,20474.25,20510.25,-2.0,-2.5,-3.0,-60.0,10.0,0.5,1.0,1.0,3.75,2024-05-21 19:17:00+00:00,2024-05-21 19:17:00+00:00,2024-05-21 19:18:00+00:00,2024-05-21 19:18:00+00:00,momentum_long_late_8346db7cf1cc,1,market,0.0,1,1,4,32,37110.0
490754,490755,490755,490755,closed,timeout,20476.0,20474.75,20476.25,20474.5,20472.0,20508.0,-1.25,-1.75,-2.25,-45.0,10.0,0.5,1.0,1.0,3.0,2024-05-21 19:18:00+00:00,2024-05-21 19:18:00+00:00,2024-05-21 19:19:00+00:00,2024-05-21 19:19:00+00:00,momentum_long_late_8346db7cf1cc,1,market,0.0,1,1,4,32,37065.0
490772,490773,490773,490773,closed,timeout,20484.25,20485.0,20484.5,20484.75,20480.25,20516.25,0.75,0.25,-0.25,-5.0,10.0,0.5,1.0,1.0,2.0,2024-05-21 19:36:00+00:00,2024-05-21 19:36:00+00:00,2024-05-21 19:37:00+00:00,2024-05-21 19:37:00+00:00,momentum_long_late_8346db7cf1cc,1,market,0.0,1,1,4,32,37060.0
490773,490774,490774,490774,closed,timeout,20484.75,20484.25,20485.0,20484.0,20480.75,20516.75,-0.5,-1.0,-1.5,-30.0,10.0,0.5,1.0,1.0,3.5,2024-05-21 19:37:00+00:00,2024-05-21 19:37:00+00:00,2024-05-21 19:38:00+00:00,2024-05-21 19:38:00+00:00,momentum_long_late_8346db7cf1cc,1,market,0.0,1,1,4,32,37030.0
490774,490775,490775,490775,closed,timeout,20484.5,20483.25,20484.75,20483.0,20480.5,20516.5,-1.25,-1.75,-2.25,-45.0,10.0,0.5,1.0,1.0,1.75,2024-05-21 19:38:00+00:00,2024-05-21 19:38:00+00:00,2024-05-21 19:39:00+00:00,2024-05-21 19:39:00+00:00,momentum_long_late_8346db7cf1cc,1,market,0.0,1,1,4,32,36985.0
490775,490776,490776,490776,closed,timeout,20483.25,20483.75,20483.5,20483.5,20479.25,20515.25,0.5,0.0,-0.5,-10.0,10.0,0.5,1.0,1.0,1.75,2024-05-21 19:39:00+00:00,2024-05-21 19:39:00+00:00,2024-05-21 19:40:00+00:00,2024-05-21 19:40:00+00:00,momentum_long_late_8346db7cf1cc,1,market,0.0,1,1,4,32,36975.0
490776,490777,490777,490777,closed,timeout,20483.75,20482.0,20484.0,20481.75,20479.75,20515.75,-1.75,-2.25,-2.75,-55.0,10.0,0.5,1.0,1.0,3.25,2024-05-21 19:40:00+00:00,2024-05-21 19:40:00+00:00,2024-05-21 19:41:00+00:00,2024-05-21 19:41:00+00:00,momentum_long_late_8346db7cf1cc,1,market,0.0,1,1,4,32,36920.0
490791,490792,490792,490792,closed,stop,20493.5,20489.5,20493.75,20489.25,20489.5,20525.5,-4.0,-4.5,-5.0,-100.0,10.0,0.5,1.0,1.0,5.25,2024-05-21 19:55:00+00:00,2024-05-21 19:55:00+00:00,2024-05-21 19:56:00+00:00,2024-05-21 19:56:00+00:00,momentum_long_late_8346db7cf1cc,1,market,0.0,1,1,4,32,36820.0
490792,490793,490793,490793,closed,timeout,20495.75,20495.25,20496.0,20495.0,20491.75,20527.75,-0.5,-1.0,-1.5,-30.0,10.0,0.5,1.0,1.0,3.25,2024-05-21 19:56:00+00:00,2024-05-21 19:56:00+00:00,2024-05-21 19:57:00+00:00,2024-05-21 19:57:00+00:00,momentum_long_late_8346db7cf1cc,1,market,0.0,1,1,4,32,36790.0
490793,490794,490794,490794,closed,timeout,20494.75,20501.5,20495.0,20501.25,20490.75,20526.75,6.75,6.25,5.75,115.0,10.0,0.5,1.0,1.0,1.0,2024-05-21 19:57:00+00:00,2024-05-21 19:57:00+00:00,2024-05-21 19:58:00+00:00,2024-05-21 19:58:00+00:00,momentum_long_late_8346db7cf1cc,1,market,0.0,1,1,4,32,36905.0
490794,490795,490795,490795,closed,timeout,20501.5,20499.75,20501.75,20499.5,20497.5,20533.5,-1.75,-2.25,-2.75,-55.0,10.0,0.5,1.0,1.0,3.75,2024-05-21 19:58:00+00:00,2024-05-21 19:58:00+00:00,2024-05-21 19:59:00+00:00,2024-05-21 19:59:00+00:00,momentum_long_late_8346db7cf1cc,1,market,0.0,1,1,4,32,36850.0
490795,490796,490796,490796,closed,stop,20499.75,20495.75,20500.0,20495.5,20495.75,20531.75,-4.0,-4.5,-5.0,-100.0,10.0,0.5,1.0,1.0,12.25,2024-05-21 19:59:00+00:00,2024-05-21 19:59:00+00:00,2024-05-21 20:00:00+00:00,2024-05-21 20:00:00+00:00,momentum_long_late_8346db7cf1cc,1,market,0.0,1,1,4,32,36750.0
492089,492090,492090,492090,closed,timeout,20414.0,20415.5,20414.25,20415.25,20410.0,20446.0,1.5,1.0,0.5,10.0,10.0,0.5,1.0,1.0,0.5,2024-05-22 18:48:00+00:00,2024-05-22 18:48:00+00:00,2024-05-22 18:49:00+00:00,2024-05-22 18:49:00+00:00,momentum_long_late_8346db7cf1cc,1,market,0.0,1,1,4,32,36760.0
492091,492092,492092,492092,closed,stop,20423.75,20419.75,20424.0,20419.5,20419.75,20455.75,-4.0,-4.5,-5.0,-100.0,10.0,0.5,1.0,1.0,5.25,2024-05-22 18:50:00+00:00,2024-05-22 18:50:00+00:00,2024-05-22 18:51:00+00:00,2024-05-22 18:51:00+00:00,momentum_long_late_8346db7cf1cc,1,market,0.0,1,1,4,32,36660.0
492092,492093,492093,492093,closed,stop,20426.5,20422.5,20426.75,20422.25,20422.5,20458.5,-4.0,-4.5,-5.0,-100.0,10.0,0.5,1.0,1.0,9.0,2024-05-22 18:51:00+00:00,2024-05-22 18:51:00+00:00,2024-05-22 18:52:00+00:00,2024-05-22 18:52:00+00:00,momentum_long_late_8346db7cf1cc,1,market,0.0,1,1,4,32,36560.0
492093,492094,492094,492094,closed,timeout,20419.0,20421.25,20419.25,20421.0,20415.0,20451.0,2.25,1.75,1.25,25.0,10.0,0.5,1.0,1.0,3.75,2024-05-22 18:52:00+00:00,2024-05-22 18:52:00+00:00,2024-05-22 18:53:00+00:00,2024-05-22 18:53:00+00:00,momentum_long_late_8346db7cf1cc,1,market,0.0,1,1,4,32,36585.0
492105,492106,492106,492106,closed,timeout,20426.5,20430.75,20426.75,20430.5,20422.5,20458.5,4.25,3.75,3.25,65.0,10.0,0.5,1.0,1.0,1.75,2024-05-22 19:04:00+00:00,2024-05-22 19:04:00+00:00,2024-05-22 19:05:00+00:00,2024-05-22 19:05:00+00:00,momentum_long_late_8346db7cf1cc,1,market,0.0,1,1,4,32,36650.0
492133,492134,492134,492134,closed,timeout,20447.0,20467.5,20447.25,20467.25,20443.0,20479.0,20.5,20.0,19.5,390.0,10.0,0.5,1.0,1.0,1.0,2024-05-22 19:32:00+00:00,2024-05-22 19:32:00+00:00,2024-05-22 19:33:00+00:00,2024-05-22 19:33:00+00:00,momentum_long_late_8346db7cf1cc,1,market,0.0,1,1,4,32,37040.0
492134,492135,492135,492135,closed,stop,20467.25,20463.25,20467.5,20463.0,20463.25,20499.25,-4.0,-4.5,-5.0,-100.0,10.0,0.5,1.0,1.0,4.5,2024-05-22 19:33:00+00:00,2024-05-22 19:33:00+00:00,2024-05-22 19:34:00+00:00,2024-05-22 19:34:00+00:00,momentum_long_late_8346db7cf1cc,1,market,0.0,1,1,4,32,36940.0
492135,492136,492136,492136,closed,timeout,20464.75,20468.5,20465.0,20468.25,20460.75,20496.75,3.75,3.25,2.75,55.0,10.0,0.5,1.0,1.0,2.75,2024-05-22 19:34:00+00:00,2024-05-22 19:34:00+00:00,2024-05-22 19:35:00+00:00,2024-05-22 19:35:00+00:00,momentum_long_late_8346db7cf1cc,1,market,0.0,1,1,4,32,36995.0
492136,492137,492137,492137,closed,timeout,20468.5,20469.5,20468.75,20469.25,20464.5,20500.5,1.0,0.5,0.0,0.0,10.0,0.5,1.0,1.0,3.0,2024-05-22 19:35:00+00:00,2024-05-22 19:35:00+00:00,2024-05-22 19:36:00+00:00,2024-05-22 19:36:00+00:00,momentum_long_late_8346db7cf1cc,1,market,0.0,1,1,4,32,36995.0
492137,492138,492138,492138,closed,timeout,20470.0,20471.0,20470.25,20470.75,20466.0,20502.0,1.0,0.5,0.0,0.0,10.0,0.5,1.0,1.0,2.5,2024-05-22 19:36:00+00:00,2024-05-22 19:36:00+00:00,2024-05-22 19:37:00+00:00,2024-05-22 19:37:00+00:00,momentum_long_late_8346db7cf1cc,1,market,0.0,1,1,4,32,36995.0
492138,492139,492139,492139,closed,stop,20471.25,20467.25,20471.5,20467.0,20467.25,20503.25,-4.0,-4.5,-5.0,-100.0,10.0,0.5,1.0,1.0,6.75,2024-05-22 19:37:00+00:00,2024-05-22 19:37:00+00:00,2024-05-22 19:38:00+00:00,2024-05-22 19:38:00+00:00,momentum_long_late_8346db7cf1cc,1,market,0.0,1,1,4,32,36895.0
493500,493501,493501,493501,closed,stop,20365.25,20361.25,20365.5,20361.0,20361.25,20397.25,-4.0,-4.5,-5.0,-100.0,10.0,0.5,1.0,1.0,9.75,2024-05-23 19:34:00+00:00,2024-05-23 19:34:00+00:00,2024-05-23 19:35:00+00:00,2024-05-23 19:35:00+00:00,momentum_long_late_8346db7cf1cc,1,market,0.0,1,1,4,32,36795.0
493501,493502,493502,493502,closed,timeout,20371.0,20375.0,20371.25,20374.75,20367.0,20403.0,4.0,3.5,3.0,60.0,10.0,0.5,1.0,1.0,3.25,2024-05-23 19:35:00+00:00,2024-05-23 19:35:00+00:00,2024-05-23 19:36:00+00:00,2024-05-23 19:36:00+00:00,momentum_long_late_8346db7cf1cc,1,market,0.0,1,1,4,32,36855.0
493502,493503,493503,493503,closed,timeout,20375.0,20377.25,20375.25,20377.0,20371.0,20407.0,2.25,1.75,1.25,25.0,10.0,0.5,1.0,1.0,2.75,2024-05-23 19:36:00+00:00,2024-05-23 19:36:00+00:00,2024-05-23 19:37:00+00:00,2024-05-23 19:37:00+00:00,momentum_long_late_8346db7cf1cc,1,market,0.0,1,1,4,32,36880.0
493503,493504,493504,493504,closed,timeout,20376.75,20375.75,20377.0,20375.5,20372.75,20408.75,-1.0,-1.5,-2.0,-40.0,10.0,0.5,1.0,1.0,3.0,2024-05-23 19:37:00+00:00,2024-05-23 19:37:00+00:00,2024-05-23 19:38:00+00:00,2024-05-23 19:38:00+00:00,momentum_long_late_8346db7cf1cc,1,market,0.0,1,1,4,32,36840.0
493504,493505,493505,493505,closed,stop,20376.0,20372.0,20376.25,20371.75,20372.0,20408.0,-4.0,-4.5,-5.0,-100.0,10.0,0.5,1.0,1.0,8.75,2024-05-23 19:38:00+00:00,2024-05-23 19:38:00+00:00,2024-05-23 19:39:00+00:00,2024-05-23 19:39:00+00:00,momentum_long_late_8346db7cf1cc,1,market,0.0,1,1,4,32,36740.0
493505,493506,493506,493506,closed,timeout,20377.5,20380.25,20377.75,20380.0,20373.5,20409.5,2.75,2.25,1.75,35.0,10.0,0.5,1.0,1.0,0.75,2024-05-23 19:39:00+00:00,2024-05-23 19:39:00+00:00,2024-05-23 19:40:00+00:00,2024-05-23 19:40:00+00:00,momentum_long_late_8346db7cf1cc,1,market,0.0,1,1,4,32,36775.0
494773,494774,494774,494774,closed,timeout,20605.5,20607.5,20605.75,20607.25,20601.5,20637.5,2.0,1.5,1.0,20.0,10.0,0.5,1.0,1.0,1.0,2024-05-24 18:02:00+00:00,2024-05-24 18:02:00+00:00,2024-05-24 18:03:00+00:00,2024-05-24 18:03:00+00:00,momentum_long_late_8346db7cf1cc,1,market,0.0,1,1,4,32,36795.0
494776,494777,494777,494777,closed,timeout,20608.75,20609.25,20609.0,20609.0,20604.75,20640.75,0.5,0.0,-0.5,-10.0,10.0,0.5,1.0,1.0,3.25,2024-05-24 18:05:00+00:00,2024-05-24 18:05:00+00:00,2024-05-24 18:06:00+00:00,2024-05-24 18:06:00+00:00,momentum_long_late_8346db7cf1cc,1,market,0.0,1,1,4,32,36785.0
494780,494781,494781,494781,closed,stop,20616.0,20612.0,20616.25,20611.75,20612.0,20648.0,-4.0,-4.5,-5.0,-100.0,10.0,0.5,1.0,1.0,5.0,2024-05-24 18:09:00+00:00,2024-05-24 18:09:00+00:00,2024-05-24 18:10:00+00:00,2024-05-24 18:10:00+00:00,momentum_long_late_8346db7cf1cc,1,market,0.0,1,1,4,32,36685.0
497288,497289,497289,497289,closed,stop,20618.75,20614.75,20619.0,20614.5,20614.75,20650.75,-4.0,-4.5,-5.0,-100.0,10.0,0.5,1.0,1.0,6.0,2024-05-28 18:12:00+00:00,2024-05-28 18:12:00+00:00,2024-05-28 18:13:00+00:00,2024-05-28 18:13:00+00:00,momentum_long_late_8346db7cf1cc,1,market,0.0,1,1,4,32,36585.0
497334,497335,497335,497335,closed,timeout,20554.75,20562.0,20555.0,20561.75,20550.75,20586.75,7.25,6.75,6.25,125.0,10.0,0.5,1.0,1.0,0.75,2024-05-28 18:58:00+00:00,2024-05-28 18:58:00+00:00,2024-05-28 18:59:00+00:00,2024-05-28 18:59:00+00:00,momentum_long_late_8346db7cf1cc,1,market,0.0,1,1,4,32,36710.0
497335,497336,497336,497336,closed,stop,20562.0,20558.0,20562.25,20557.75,20558.0,20594.0,-4.0,-4.5,-5.0,-100.0,10.0,0.5,1.0,1.0,5.0,2024-05-28 18:59:00+00:00,2024-05-28 18:59:00+00:00,2024-05-28 19:00:00+00:00,2024-05-28 19:00:00+00:00,momentum_long_late_8346db7cf1cc,1,market,0.0,1,1,4,32,36610.0
497336,497337,497337,497337,closed,stop,20561.0,20557.0,20561.25,20556.75,20557.0,20593.0,-4.0,-4.5,-5.0,-100.0,10.0,0.5,1.0,1.0,5.0,2024-05-28 19:00:00+00:00,2024-05-28 19:00:00+00:00,2024-05-28 19:01:00+00:00,2024-05-28 19:01:00+00:00,momentum_long_late_8346db7cf1cc,1,market,0.0,1,1,4,32,36510.0
497337,497338,497338,497338,closed,timeout,20561.25,20563.0,20561.5,20562.75,20557.25,20593.25,1.75,1.25,0.75,15.0,10.0,0.5,1.0,1.0,1.25,2024-05-28 19:01:00+00:00,2024-05-28 19:01:00+00:00,2024-05-28 19:02:00+00:00,2024-05-28 19:02:00+00:00,momentum_long_late_8346db7cf1cc,1,market,0.0,1,1,4,32,36525.0
497338,497339,497339,497339,closed,timeout,20563.25,20568.25,20563.5,20568.0,20559.25,20595.25,5.0,4.5,4.0,80.0,10.0,0.5,1.0,1.0,3.0,2024-05-28 19:02:00+00:00,2024-05-28 19:02:00+00:00,2024-05-28 19:03:00+00:00,2024-05-28 19:03:00+00:00,momentum_long_late_8346db7cf1cc,1,market,0.0,1,1,4,32,36605.0
497339,497340,497340,497340,closed,stop,20568.25,20564.25,20568.5,20564.0,20564.25,20600.25,-4.0,-4.5,-5.0,-100.0,10.0,0.5,1.0,1.0,12.25,2024-05-28 19:03:00+00:00,2024-05-28 19:03:00+00:00,2024-05-28 19:04:00+00:00,2024-05-28 19:04:00+00:00,momentum_long_late_8346db7cf1cc,1,market,0.0,1,1,4,32,36505.0
497362,497363,497363,497363,closed,timeout,20586.0,20584.0,20586.25,20583.75,20582.0,20618.0,-2.0,-2.5,-3.0,-60.0,10.0,0.5,1.0,1.0,2.75,2024-05-28 19:26:00+00:00,2024-05-28 19:26:00+00:00,2024-05-28 19:27:00+00:00,2024-05-28 19:27:00+00:00,momentum_long_late_8346db7cf1cc,1,market,0.0,1,1,4,32,36445.0
497363,497364,497364,497364,closed,timeout,20584.25,20586.5,20584.5,20586.25,20580.25,20616.25,2.25,1.75,1.25,25.0,10.0,0.5,1.0,1.0,3.25,2024-05-28 19:27:00+00:00,2024-05-28 19:27:00+00:00,2024-05-28 19:28:00+00:00,2024-05-28 19:28:00+00:00,momentum_long_late_8346db7cf1cc,1,market,0.0,1,1,4,32,36470.0
497364,497365,497365,497365,closed,stop,20587.0,20583.0,20587.25,20582.75,20583.0,20619.0,-4.0,-4.5,-5.0,-100.0,10.0,0.5,1.0,1.0,7.75,2024-05-28 19:28:00+00:00,2024-05-28 19:28:00+00:00,2024-05-28 19:29:00+00:00,2024-05-28 19:29:00+00:00,momentum_long_late_8346db7cf1cc,1,market,0.0,1,1,4,32,36370.0
497392,497393,497393,497393,closed,stop,20608.0,20604.0,20608.25,20603.75,20604.0,20640.0,-4.0,-4.5,-5.0,-100.0,10.0,0.5,1.0,1.0,7.0,2024-05-28 19:56:00+00:00,2024-05-28 19:56:00+00:00,2024-05-28 19:57:00+00:00,2024-05-28 19:57:00+00:00,momentum_long_late_8346db7cf1cc,1,market,0.0,1,1,4,32,36270.0
497394,497395,497395,497395,closed,stop,20608.25,20604.25,20608.5,20604.0,20604.25,20640.25,-4.0,-4.5,-5.0,-100.0,10.0,0.5,1.0,1.0,5.25,2024-05-28 19:58:00+00:00,2024-05-28 19:58:00+00:00,2024-05-28 19:59:00+00:00,2024-05-28 19:59:00+00:00,momentum_long_late_8346db7cf1cc,1,market,0.0,1,1,4,32,36170.0
497395,497396,497396,497396,closed,timeout,20609.5,20637.25,20609.75,20637.0,20605.5,20641.5,27.75,27.25,26.75,535.0,10.0,0.5,1.0,1.0,1.5,2024-05-28 19:59:00+00:00,2024-05-28 19:59:00+00:00,2024-05-28 20:00:00+00:00,2024-05-28 20:00:00+00:00,momentum_long_late_8346db7cf1cc,1,market,0.0,1,1,4,32,36705.0
498724,498725,498725,498725,closed,timeout,20541.5,20545.25,20541.75,20545.0,20537.5,20573.5,3.75,3.25,2.75,55.0,10.0,0.5,1.0,1.0,0.25,2024-05-29 19:23:00+00:00,2024-05-29 19:23:00+00:00,2024-05-29 19:24:00+00:00,2024-05-29 19:24:00+00:00,momentum_long_late_8346db7cf1cc,1,market,0.0,1,1,4,32,36760.0
498725,498726,498726,498726,closed,timeout,20545.0,20547.75,20545.25,20547.5,20541.0,20577.0,2.75,2.25,1.75,35.0,10.0,0.5,1.0,1.0,2.5,2024-05-29 19:24:00+00:00,2024-05-29 19:24:00+00:00,2024-05-29 19:25:00+00:00,2024-05-29 19:25:00+00:00,momentum_long_late_8346db7cf1cc,1,market,0.0,1,1,4,32,36795.0
498726,498727,498727,498727,closed,timeout,20547.5,20551.75,20547.75,20551.5,20543.5,20579.5,4.25,3.75,3.25,65.0,10.0,0.5,1.0,1.0,0.25,2024-05-29 19:25:00+00:00,2024-05-29 19:25:00+00:00,2024-05-29 19:26:00+00:00,2024-05-29 19:26:00+00:00,momentum_long_late_8346db7cf1cc,1,market,0.0,1,1,4,32,36860.0
498727,498728,498728,498728,closed,stop,20551.0,20547.0,20551.25,20546.75,20547.0,20583.0,-4.0,-4.5,-5.0,-100.0,10.0,0.5,1.0,1.0,5.75,2024-05-29 19:26:00+00:00,2024-05-29 19:26:00+00:00,2024-05-29 19:27:00+00:00,2024-05-29 19:27:00+00:00,momentum_long_late_8346db7cf1cc,1,market,0.0,1,1,4,32,36760.0
498730,498731,498731,498731,closed,stop,20555.75,20551.75,20556.0,20551.5,20551.75,20587.75,-4.0,-4.5,-5.0,-100.0,10.0,0.5,1.0,1.0,18.25,2024-05-29 19:29:00+00:00,2024-05-29 19:29:00+00:00,2024-05-29 19:30:00+00:00,2024-05-29 19:30:00+00:00,momentum_long_late_8346db7cf1cc,1,market,0.0,1,1,4,32,36660.0
501415,501416,501416,501416,closed,timeout,20045.5,20055.75,20045.75,20055.5,20041.5,20077.5,10.25,9.75,9.25,185.0,10.0,0.5,1.0,1.0,0.5,2024-05-31 18:44:00+00:00,2024-05-31 18:44:00+00:00,2024-05-31 18:45:00+00:00,2024-05-31 18:45:00+00:00,momentum_long_late_8346db7cf1cc,1,market,0.0,1,1,4,32,36845.0
501416,501417,501417,501417,closed,timeout,20056.25,20057.5,20056.5,20057.25,20052.25,20088.25,1.25,0.75,0.25,5.0,10.0,0.5,1.0,1.0,3.0,2024-05-31 18:45:00+00:00,2024-05-31 18:45:00+00:00,2024-05-31 18:46:00+00:00,2024-05-31 18:46:00+00:00,momentum_long_late_8346db7cf1cc,1,market,0.0,1,1,4,32,36850.0
501417,501418,501418,501418,closed,stop,20057.75,20053.75,20058.0,20053.5,20053.75,20089.75,-4.0,-4.5,-5.0,-100.0,10.0,0.5,1.0,1.0,7.5,2024-05-31 18:46:00+00:00,2024-05-31 18:46:00+00:00,2024-05-31 18:47:00+00:00,2024-05-31 18:47:00+00:00,momentum_long_late_8346db7cf1cc,1,market,0.0,1,1,4,32,36750.0
501418,501419,501419,501419,closed,stop,20054.5,20050.5,20054.75,20050.25,20050.5,20086.5,-4.0,-4.5,-5.0,-100.0,10.0,0.5,1.0,1.0,7.25,2024-05-31 18:47:00+00:00,2024-05-31 18:47:00+00:00,2024-05-31 18:48:00+00:00,2024-05-31 18:48:00+00:00,momentum_long_late_8346db7cf1cc,1,market,0.0,1,1,4,32,36650.0
501419,501420,501420,501420,closed,stop,20051.5,20047.5,20051.75,20047.25,20047.5,20083.5,-4.0,-4.5,-5.0,-100.0,10.0,0.5,1.0,1.0,12.75,2024-05-31 18:48:00+00:00,2024-05-31 18:48:00+00:00,2024-05-31 18:49:00+00:00,2024-05-31 18:49:00+00:00,momentum_long_late_8346db7cf1cc,1,market,0.0,1,1,4,32,36550.0
501442,501443,501443,501443,closed,timeout,20075.5,20082.0,20075.75,20081.75,20071.5,20107.5,6.5,6.0,5.5,110.0,10.0,0.5,1.0,1.0,0.75,2024-05-31 19:11:00+00:00,2024-05-31 19:11:00+00:00,2024-05-31 19:12:00+00:00,2024-05-31 19:12:00+00:00,momentum_long_late_8346db7cf1cc,1,market,0.0,1,1,4,32,36660.0
501443,501444,501444,501444,closed,timeout,20082.0,20088.0,20082.25,20087.75,20078.0,20114.0,6.0,5.5,5.0,100.0,10.0,0.5,1.0,1.0,3.25,2024-05-31 19:12:00+00:00,2024-05-31 19:12:00+00:00,2024-05-31 19:13:00+00:00,2024-05-31 19:13:00+00:00,momentum_long_late_8346db7cf1cc,1,market,0.0,1,1,4,32,36760.0
501444,501445,501445,501445,closed,stop,20088.25,20084.25,20088.5,20084.0,20084.25,20120.25,-4.0,-4.5,-5.0,-100.0,10.0,0.5,1.0,1.0,6.5,2024-05-31 19:13:00+00:00,2024-05-31 19:13:00+00:00,2024-05-31 19:14:00+00:00,2024-05-31 19:14:00+00:00,momentum_long_late_8346db7cf1cc,1,market,0.0,1,1,4,32,36660.0
501445,501446,501446,501446,closed,stop,20085.25,20081.25,20085.5,20081.0,20081.25,20117.25,-4.0,-4.5,-5.0,-100.0,10.0,0.5,1.0,1.0,8.25,2024-05-31 19:14:00+00:00,2024-05-31 19:14:00+00:00,2024-05-31 19:15:00+00:00,2024-05-31 19:15:00+00:00,momentum_long_late_8346db7cf1cc,1,market,0.0,1,1,4,32,36560.0
501446,501447,501447,501447,closed,stop,20086.75,20082.75,20087.0,20082.5,20082.75,20118.75,-4.0,-4.5,-5.0,-100.0,10.0,0.5,1.0,1.0,8.5,2024-05-31 19:15:00+00:00,2024-05-31 19:15:00+00:00,2024-05-31 19:16:00+00:00,2024-05-31 19:16:00+00:00,momentum_long_late_8346db7cf1cc,1,market,0.0,1,1,4,32,36460.0
501455,501456,501456,501456,closed,timeout,20105.75,20114.0,20106.0,20113.75,20101.75,20137.75,8.25,7.75,7.25,145.0,10.0,0.5,1.0,1.0,2.0,2024-05-31 19:24:00+00:00,2024-05-31 19:24:00+00:00,2024-05-31 19:25:00+00:00,2024-05-31 19:25:00+00:00,momentum_long_late_8346db7cf1cc,1,market,0.0,1,1,4,32,36605.0
501456,501457,501457,501457,closed,timeout,20114.0,20116.0,20114.25,20115.75,20110.0,20146.0,2.0,1.5,1.0,20.0,10.0,0.5,1.0,1.0,3.25,2024-05-31 19:25:00+00:00,2024-05-31 19:25:00+00:00,2024-05-31 19:26:00+00:00,2024-05-31 19:26:00+00:00,momentum_long_late_8346db7cf1cc,1,market,0.0,1,1,4,32,36625.0
501457,501458,501458,501458,closed,timeout,20115.75,20121.0,20116.0,20120.75,20111.75,20147.75,5.25,4.75,4.25,85.0,10.0,0.5,1.0,1.0,1.75,2024-05-31 19:26:00+00:00,2024-05-31 19:26:00+00:00,2024-05-31 19:27:00+00:00,2024-05-31 19:27:00+00:00,momentum_long_late_8346db7cf1cc,1,market,0.0,1,1,4,32,36710.0
501458,501459,501459,501459,closed,stop,20121.25,20117.25,20121.5,20117.0,20117.25,20153.25,-4.0,-4.5,-5.0,-100.0,10.0,0.5,1.0,1.0,9.5,2024-05-31 19:27:00+00:00,2024-05-31 19:27:00+00:00,2024-05-31 19:28:00+00:00,2024-05-31 19:28:00+00:00,momentum_long_late_8346db7cf1cc,1,market,0.0,1,1,4,32,36610.0
501459,501460,501460,501460,closed,stop,20118.75,20114.75,20119.0,20114.5,20114.75,20150.75,-4.0,-4.5,-5.0,-100.0,10.0,0.5,1.0,1.0,5.75,2024-05-31 19:28:00+00:00,2024-05-31 19:28:00+00:00,2024-05-31 19:29:00+00:00,2024-05-31 19:29:00+00:00,momentum_long_late_8346db7cf1cc,1,market,0.0,1,1,4,32,36510.0
501460,501461,501461,501461,closed,stop,20117.25,20113.25,20117.5,20113.0,20113.25,20149.25,-4.0,-4.5,-5.0,-100.0,10.0,0.5,1.0,1.0,14.0,2024-05-31 19:29:00+00:00,2024-05-31 19:29:00+00:00,2024-05-31 19:30:00+00:00,2024-05-31 19:30:00+00:00,momentum_long_late_8346db7cf1cc,1,market,0.0,1,1,4,32,36410.0
501473,501474,501474,501474,closed,stop,20156.75,20152.75,20157.0,20152.5,20152.75,20188.75,-4.0,-4.5,-5.0,-100.0,10.0,0.5,1.0,1.0,6.0,2024-05-31 19:42:00+00:00,2024-05-31 19:42:00+00:00,2024-05-31 19:43:00+00:00,2024-05-31 19:43:00+00:00,momentum_long_late_8346db7cf1cc,1,market,0.0,1,1,4,32,36310.0
501474,501475,501475,501475,closed,timeout,20158.75,20170.5,20159.0,20170.25,20154.75,20190.75,11.75,11.25,10.75,215.0,10.0,0.5,1.0,1.0,3.25,2024-05-31 19:43:00+00:00,2024-05-31 19:43:00+00:00,2024-05-31 19:44:00+00:00,2024-05-31 19:44:00+00:00,momentum_long_late_8346db7cf1cc,1,market,0.0,1,1,4,32,36525.0
501475,501476,501476,501476,closed,timeout,20170.75,20174.25,20171.0,20174.0,20166.75,20202.75,3.5,3.0,2.5,50.0,10.0,0.5,1.0,1.0,0.75,2024-05-31 19:44:00+00:00,2024-05-31 19:44:00+00:00,2024-05-31 19:45:00+00:00,2024-05-31 19:45:00+00:00,momentum_long_late_8346db7cf1cc,1,market,0.0,1,1,4,32,36575.0
501476,501477,501477,501477,closed,timeout,20174.0,20181.75,20174.25,20181.5,20170.0,20206.0,7.75,7.25,6.75,135.0,10.0,0.5,1.0,1.0,1.5,2024-05-31 19:45:00+00:00,2024-05-31 19:45:00+00:00,2024-05-31 19:46:00+00:00,2024-05-31 19:46:00+00:00,momentum_long_late_8346db7cf1cc,1,market,0.0,1,1,4,32,36710.0
501477,501478,501478,501478,closed,stop,20182.0,20178.0,20182.25,20177.75,20178.0,20214.0,-4.0,-4.5,-5.0,-100.0,10.0,0.5,1.0,1.0,12.5,2024-05-31 19:46:00+00:00,2024-05-31 19:46:00+00:00,2024-05-31 19:47:00+00:00,2024-05-31 19:47:00+00:00,momentum_long_late_8346db7cf1cc,1,market,0.0,1,1,4,32,36610.0
501478,501479,501479,501479,closed,timeout,20172.5,20184.75,20172.75,20184.5,20168.5,20204.5,12.25,11.75,11.25,225.0,10.0,0.5,1.0,1.0,0.5,2024-05-31 19:47:00+00:00,2024-05-31 19:47:00+00:00,2024-05-31 19:48:00+00:00,2024-05-31 19:48:00+00:00,momentum_long_late_8346db7cf1cc,1,market,0.0,1,1,4,32,36835.0
501479,501480,501480,501480,closed,timeout,20185.0,20199.25,20185.25,20199.0,20181.0,20217.0,14.25,13.75,13.25,265.0,10.0,0.5,1.0,1.0,2.0,2024-05-31 19:48:00+00:00,2024-05-31 19:48:00+00:00,2024-05-31 19:49:00+00:00,2024-05-31 19:49:00+00:00,momentum_long_late_8346db7cf1cc,1,market,0.0,1,1,4,32,37100.0
501480,501481,501481,501481,closed,timeout,20199.25,20207.0,20199.5,20206.75,20195.25,20231.25,7.75,7.25,6.75,135.0,10.0,0.5,1.0,1.0,0.5,2024-05-31 19:49:00+00:00,2024-05-31 19:49:00+00:00,2024-05-31 19:50:00+00:00,2024-05-31 19:50:00+00:00,momentum_long_late_8346db7cf1cc,1,market,0.0,1,1,4,32,37235.0
501481,501482,501482,501482,closed,stop,20206.5,20202.5,20206.75,20202.25,20202.5,20238.5,-4.0,-4.5,-5.0,-100.0,10.0,0.5,1.0,1.0,6.5,2024-05-31 19:50:00+00:00,2024-05-31 19:50:00+00:00,2024-05-31 19:51:00+00:00,2024-05-31 19:51:00+00:00,momentum_long_late_8346db7cf1cc,1,market,0.0,1,1,4,32,37135.0
501482,501483,501483,501483,closed,stop,20222.5,20218.5,20222.75,20218.25,20218.5,20254.5,-4.0,-4.5,-5.0,-100.0,10.0,0.5,1.0,1.0,12.5,2024-05-31 19:51:00+00:00,2024-05-31 19:51:00+00:00,2024-05-31 19:52:00+00:00,2024-05-31 19:52:00+00:00,momentum_long_late_8346db7cf1cc,1,market,0.0,1,1,4,32,37035.0
501483,501484,501484,501484,closed,timeout,20222.5,20240.0,20222.75,20239.75,20218.5,20254.5,17.5,17.0,16.5,330.0,10.0,0.5,1.0,1.0,0.5,2024-05-31 19:52:00+00:00,2024-05-31 19:52:00+00:00,2024-05-31 19:53:00+00:00,2024-05-31 19:53:00+00:00,momentum_long_late_8346db7cf1cc,1,market,0.0,1,1,4,32,37365.0
501484,501485,501485,501485,closed,timeout,20239.75,20250.5,20240.0,20250.25,20235.75,20271.75,10.75,10.25,9.75,195.0,10.0,0.5,1.0,1.0,1.75,2024-05-31 19:53:00+00:00,2024-05-31 19:53:00+00:00,2024-05-31 19:54:00+00:00,2024-05-31 19:54:00+00:00,momentum_long_late_8346db7cf1cc,1,market,0.0,1,1,4,32,37560.0
501485,501486,501486,501486,closed,stop,20250.0,20246.0,20250.25,20245.75,20246.0,20282.0,-4.0,-4.5,-5.0,-100.0,10.0,0.5,1.0,1.0,4.5,2024-05-31 19:54:00+00:00,2024-05-31 19:54:00+00:00,2024-05-31 19:55:00+00:00,2024-05-31 19:55:00+00:00,momentum_long_late_8346db7cf1cc,1,market,0.0,1,1,4,32,37460.0
501486,501487,501487,501487,closed,stop,20250.25,20246.25,20250.5,20246.0,20246.25,20282.25,-4.0,-4.5,-5.0,-100.0,10.0,0.5,1.0,1.0,4.25,2024-05-31 19:55:00+00:00,2024-05-31 19:55:00+00:00,2024-05-31 19:56:00+00:00,2024-05-31 19:56:00+00:00,momentum_long_late_8346db7cf1cc,1,market,0.0,1,1,4,32,37360.0
501487,501488,501488,501488,closed,timeout,20255.0,20262.75,20255.25,20262.5,20251.0,20287.0,7.75,7.25,6.75,135.0,10.0,0.5,1.0,1.0,0.75,2024-05-31 19:56:00+00:00,2024-05-31 19:56:00+00:00,2024-05-31 19:57:00+00:00,2024-05-31 19:57:00+00:00,momentum_long_late_8346db7cf1cc,1,market,0.0,1,1,4,32,37495.0
501488,501489,501489,501489,closed,stop,20262.5,20258.5,20262.75,20258.25,20258.5,20294.5,-4.0,-4.5,-5.0,-100.0,10.0,0.5,1.0,1.0,5.5,2024-05-31 19:57:00+00:00,2024-05-31 19:57:00+00:00,2024-05-31 19:58:00+00:00,2024-05-31 19:58:00+00:00,momentum_long_late_8346db7cf1cc,1,market,0.0,1,1,4,32,37395.0
501489,501490,501490,501490,closed,stop,20258.0,20254.0,20258.25,20253.75,20254.0,20290.0,-4.0,-4.5,-5.0,-100.0,10.0,0.5,1.0,1.0,14.25,2024-05-31 19:58:00+00:00,2024-05-31 19:58:00+00:00,2024-05-31 19:59:00+00:00,2024-05-31 19:59:00+00:00,momentum_long_late_8346db7cf1cc,1,market,0.0,1,1,4,32,37295.0
502776,502777,502777,502777,closed,stop,20259.25,20255.25,20259.5,20255.0,20255.25,20291.25,-4.0,-4.5,-5.0,-100.0,10.0,0.5,1.0,1.0,4.25,2024-06-03 18:40:00+00:00,2024-06-03 18:40:00+00:00,2024-06-03 18:41:00+00:00,2024-06-03 18:41:00+00:00,momentum_long_late_8346db7cf1cc,1,market,0.0,1,1,4,32,37195.0
502778,502779,502779,502779,closed,stop,20274.25,20270.25,20274.5,20270.0,20270.25,20306.25,-4.0,-4.5,-5.0,-100.0,10.0,0.5,1.0,1.0,14.0,2024-06-03 18:42:00+00:00,2024-06-03 18:42:00+00:00,2024-06-03 18:43:00+00:00,2024-06-03 18:43:00+00:00,momentum_long_late_8346db7cf1cc,1,market,0.0,1,1,4,32,37095.0
502818,502819,502819,502819,closed,stop,20286.5,20282.5,20286.75,20282.25,20282.5,20318.5,-4.0,-4.5,-5.0,-100.0,10.0,0.5,1.0,1.0,18.25,2024-06-03 19:22:00+00:00,2024-06-03 19:22:00+00:00,2024-06-03 19:23:00+00:00,2024-06-03 19:23:00+00:00,momentum_long_late_8346db7cf1cc,1,market,0.0,1,1,4,32,36995.0
502854,502855,502855,502855,closed,timeout,20316.5,20322.25,20316.75,20322.0,20312.5,20348.5,5.75,5.25,4.75,95.0,10.0,0.5,1.0,1.0,0.75,2024-06-03 19:58:00+00:00,2024-06-03 19:58:00+00:00,2024-06-03 19:59:00+00:00,2024-06-03 19:59:00+00:00,momentum_long_late_8346db7cf1cc,1,market,0.0,1,1,4,32,37090.0
502855,502856,502856,502856,closed,timeout,20322.5,20346.5,20322.75,20346.25,20318.5,20354.5,24.0,23.5,23.0,460.0,10.0,0.5,1.0,1.0,1.5,2024-06-03 19:59:00+00:00,2024-06-03 19:59:00+00:00,2024-06-03 20:00:00+00:00,2024-06-03 20:00:00+00:00,momentum_long_late_8346db7cf1cc,1,market,0.0,1,1,4,32,37550.0
504109,504110,504110,504110,closed,timeout,20336.0,20338.75,20336.25,20338.5,20332.0,20368.0,2.75,2.25,1.75,35.0,10.0,0.5,1.0,1.0,3.25,2024-06-04 18:08:00+00:00,2024-06-04 18:08:00+00:00,2024-06-04 18:09:00+00:00,2024-06-04 18:09:00+00:00,momentum_long_late_8346db7cf1cc,1,market,0.0,1,1,4,32,37585.0
504110,504111,504111,504111,closed,timeout,20338.25,20336.5,20338.5,20336.25,20334.25,20370.25,-1.75,-2.25,-2.75,-55.0,10.0,0.5,1.0,1.0,3.25,2024-06-04 18:09:00+00:00,2024-06-04 18:09:00+00:00,2024-06-04 18:10:00+00:00,2024-06-04 18:10:00+00:00,momentum_long_late_8346db7cf1cc,1,market,0.0,1,1,4,32,37530.0
504114,504115,504115,504115,closed,stop,20352.5,20348.5,20352.75,20348.25,20348.5,20384.5,-4.0,-4.5,-5.0,-100.0,10.0,0.5,1.0,1.0,5.5,2024-06-04 18:13:00+00:00,2024-06-04 18:13:00+00:00,2024-06-04 18:14:00+00:00,2024-06-04 18:14:00+00:00,momentum_long_late_8346db7cf1cc,1,market,0.0,1,1,4,32,37430.0
504115,504116,504116,504116,closed,timeout,20349.75,20353.75,20350.0,20353.5,20345.75,20381.75,4.0,3.5,3.0,60.0,10.0,0.5,1.0,1.0,2.5,2024-06-04 18:14:00+00:00,2024-06-04 18:14:00+00:00,2024-06-04 18:15:00+00:00,2024-06-04 18:15:00+00:00,momentum_long_late_8346db7cf1cc,1,market,0.0,1,1,4,32,37490.0
504117,504118,504118,504118,closed,timeout,20368.75,20369.0,20369.0,20368.75,20364.75,20400.75,0.25,-0.25,-0.75,-15.0,10.0,0.5,1.0,1.0,2.5,2024-06-04 18:16:00+00:00,2024-06-04 18:16:00+00:00,2024-06-04 18:17:00+00:00,2024-06-04 18:17:00+00:00,momentum_long_late_8346db7cf1cc,1,market,0.0,1,1,4,32,37475.0
504118,504119,504119,504119,closed,timeout,20369.0,20384.0,20369.25,20383.75,20365.0,20401.0,15.0,14.5,14.0,280.0,10.0,0.5,1.0,1.0,1.25,2024-06-04 18:17:00+00:00,2024-06-04 18:17:00+00:00,2024-06-04 18:18:00+00:00,2024-06-04 18:18:00+00:00,momentum_long_late_8346db7cf1cc,1,market,0.0,1,1,4,32,37755.0
504119,504120,504120,504120,closed,stop,20384.5,20380.5,20384.75,20380.25,20380.5,20416.5,-4.0,-4.5,-5.0,-100.0,10.0,0.5,1.0,1.0,7.5,2024-06-04 18:18:00+00:00,2024-06-04 18:18:00+00:00,2024-06-04 18:19:00+00:00,2024-06-04 18:19:00+00:00,momentum_long_late_8346db7cf1cc,1,market,0.0,1,1,4,32,37655.0
504120,504121,504121,504121,closed,stop,20384.25,20380.25,20384.5,20380.0,20380.25,20416.25,-4.0,-4.5,-5.0,-100.0,10.0,0.5,1.0,1.0,5.25,2024-06-04 18:19:00+00:00,2024-06-04 18:19:00+00:00,2024-06-04 18:20:00+00:00,2024-06-04 18:20:00+00:00,momentum_long_late_8346db7cf1cc,1,market,0.0,1,1,4,32,37555.0
504121,504122,504122,504122,closed,timeout,20384.25,20393.25,20384.5,20393.0,20380.25,20416.25,9.0,8.5,8.0,160.0,10.0,0.5,1.0,1.0,2.75,2024-06-04 18:20:00+00:00,2024-06-04 18:20:00+00:00,2024-06-04 18:21:00+00:00,2024-06-04 18:21:00+00:00,momentum_long_late_8346db7cf1cc,1,market,0.0,1,1,4,32,37715.0
504122,504123,504123,504123,closed,timeout,20393.5,20406.5,20393.75,20406.25,20389.5,20425.5,13.0,12.5,12.0,240.0,10.0,0.5,1.0,1.0,1.75,2024-06-04 18:21:00+00:00,2024-06-04 18:21:00+00:00,2024-06-04 18:22:00+00:00,2024-06-04 18:22:00+00:00,momentum_long_late_8346db7cf1cc,1,market,0.0,1,1,4,32,37955.0
504123,504124,504124,504124,closed,timeout,20406.25,20412.75,20406.5,20412.5,20402.25,20438.25,6.5,6.0,5.5,110.0,10.0,0.5,1.0,1.0,3.25,2024-06-04 18:22:00+00:00,2024-06-04 18:22:00+00:00,2024-06-04 18:23:00+00:00,2024-06-04 18:23:00+00:00,momentum_long_late_8346db7cf1cc,1,market,0.0,1,1,4,32,38065.0
504124,504125,504125,504125,closed,stop,20413.0,20409.0,20413.25,20408.75,20409.0,20445.0,-4.0,-4.5,-5.0,-100.0,10.0,0.5,1.0,1.0,4.25,2024-06-04 18:23:00+00:00,2024-06-04 18:23:00+00:00,2024-06-04 18:24:00+00:00,2024-06-04 18:24:00+00:00,momentum_long_late_8346db7cf1cc,1,market,0.0,1,1,4,32,37965.0
504125,504126,504126,504126,closed,timeout,20413.0,20417.0,20413.25,20416.75,20409.0,20445.0,4.0,3.5,3.0,60.0,10.0,0.5,1.0,1.0,0.5,2024-06-04 18:24:00+00:00,2024-06-04 18:24:00+00:00,2024-06-04 18:25:00+00:00,2024-06-04 18:25:00+00:00,momentum_long_late_8346db7cf1cc,1,market,0.0,1,1,4,32,38025.0
504126,504127,504127,504127,closed,stop,20417.25,20413.25,20417.5,20413.0,20413.25,20449.25,-4.0,-4.5,-5.0,-100.0,10.0,0.5,1.0,1.0,23.25,2024-06-04 18:25:00+00:00,2024-06-04 18:25:00+00:00,2024-06-04 18:26:00+00:00,2024-06-04 18:26:00+00:00,momentum_long_late_8346db7cf1cc,1,market,0.0,1,1,4,32,37925.0
505500,505501,505501,505501,closed,stop,20728.0,20724.0,20728.25,20723.75,20724.0,20760.0,-4.0,-4.5,-5.0,-100.0,10.0,0.5,1.0,1.0,4.75,2024-06-05 18:34:00+00:00,2024-06-05 18:34:00+00:00,2024-06-05 18:35:00+00:00,2024-06-05 18:35:00+00:00,momentum_long_late_8346db7cf1cc,1,market,0.0,1,1,4,32,37825.0
505581,505582,505582,505582,closed,timeout,20759.25,20769.0,20759.5,20768.75,20755.25,20791.25,9.75,9.25,8.75,175.0,10.0,0.5,1.0,1.0,2.0,2024-06-05 19:55:00+00:00,2024-06-05 19:55:00+00:00,2024-06-05 19:56:00+00:00,2024-06-05 19:56:00+00:00,momentum_long_late_8346db7cf1cc,1,market,0.0,1,1,4,32,38000.0
505582,505583,505583,505583,closed,timeout,20768.75,20769.0,20769.0,20768.75,20764.75,20800.75,0.25,-0.25,-0.75,-15.0,10.0,0.5,1.0,1.0,3.0,2024-06-05 19:56:00+00:00,2024-06-05 19:56:00+00:00,2024-06-05 19:57:00+00:00,2024-06-05 19:57:00+00:00,momentum_long_late_8346db7cf1cc,1,market,0.0,1,1,4,32,37985.0
505583,505584,505584,505584,closed,stop,20769.25,20765.25,20769.5,20765.0,20765.25,20801.25,-4.0,-4.5,-5.0,-100.0,10.0,0.5,1.0,1.0,10.0,2024-06-05 19:57:00+00:00,2024-06-05 19:57:00+00:00,2024-06-05 19:58:00+00:00,2024-06-05 19:58:00+00:00,momentum_long_late_8346db7cf1cc,1,market,0.0,1,1,4,32,37885.0
505584,505585,505585,505585,closed,stop,20766.25,20762.25,20766.5,20762.0,20762.25,20798.25,-4.0,-4.5,-5.0,-100.0,10.0,0.5,1.0,1.0,4.25,2024-06-05 19:58:00+00:00,2024-06-05 19:58:00+00:00,2024-06-05 19:59:00+00:00,2024-06-05 19:59:00+00:00,momentum_long_late_8346db7cf1cc,1,market,0.0,1,1,4,32,37785.0
505585,505586,505586,505586,closed,timeout,20764.75,20771.25,20765.0,20771.0,20760.75,20796.75,6.5,6.0,5.5,110.0,10.0,0.5,1.0,1.0,2.25,2024-06-05 19:59:00+00:00,2024-06-05 19:59:00+00:00,2024-06-05 20:00:00+00:00,2024-06-05 20:00:00+00:00,momentum_long_late_8346db7cf1cc,1,market,0.0,1,1,4,32,37895.0
506942,506943,506943,506943,closed,stop,20762.75,20758.75,20763.0,20758.5,20758.75,20794.75,-4.0,-4.5,-5.0,-100.0,10.0,0.5,1.0,1.0,9.75,2024-06-06 19:51:00+00:00,2024-06-06 19:51:00+00:00,2024-06-06 19:52:00+00:00,2024-06-06 19:52:00+00:00,momentum_long_late_8346db7cf1cc,1,market,0.0,1,1,4,32,37795.0
508240,508241,508241,508241,closed,stop,20762.25,20758.25,20762.5,20758.0,20758.25,20794.25,-4.0,-4.5,-5.0,-100.0,10.0,0.5,1.0,1.0,6.25,2024-06-07 18:45:00+00:00,2024-06-07 18:45:00+00:00,2024-06-07 18:46:00+00:00,2024-06-07 18:46:00+00:00,momentum_long_late_8346db7cf1cc,1,market,0.0,1,1,4,32,37695.0
508241,508242,508242,508242,closed,stop,20760.75,20756.75,20761.0,20756.5,20756.75,20792.75,-4.0,-4.5,-5.0,-100.0,10.0,0.5,1.0,1.0,6.5,2024-06-07 18:46:00+00:00,2024-06-07 18:46:00+00:00,2024-06-07 18:47:00+00:00,2024-06-07 18:47:00+00:00,momentum_long_late_8346db7cf1cc,1,market,0.0,1,1,4,32,37595.0
508243,508244,508244,508244,closed,stop,20764.0,20760.0,20764.25,20759.75,20760.0,20796.0,-4.0,-4.5,-5.0,-100.0,10.0,0.5,1.0,1.0,9.0,2024-06-07 18:48:00+00:00,2024-06-07 18:48:00+00:00,2024-06-07 18:49:00+00:00,2024-06-07 18:49:00+00:00,momentum_long_late_8346db7cf1cc,1,market,0.0,1,1,4,32,37495.0
509600,509601,509601,509601,closed,timeout,20765.5,20774.25,20765.75,20774.0,20761.5,20797.5,8.75,8.25,7.75,155.0,10.0,0.5,1.0,1.0,0.25,2024-06-10 18:41:00+00:00,2024-06-10 18:41:00+00:00,2024-06-10 18:42:00+00:00,2024-06-10 18:42:00+00:00,momentum_long_late_8346db7cf1cc,1,market,0.0,1,1,4,32,37650.0
509601,509602,509602,509602,closed,stop,20774.5,20770.5,20774.75,20770.25,20770.5,20806.5,-4.0,-4.5,-5.0,-100.0,10.0,0.5,1.0,1.0,8.0,2024-06-10 18:42:00+00:00,2024-06-10 18:42:00+00:00,2024-06-10 18:43:00+00:00,2024-06-10 18:43:00+00:00,momentum_long_late_8346db7cf1cc,1,market,0.0,1,1,4,32,37550.0
509634,509635,509635,509635,closed,stop,20815.0,20811.0,20815.25,20810.75,20811.0,20847.0,-4.0,-4.5,-5.0,-100.0,10.0,0.5,1.0,1.0,9.5,2024-06-10 19:15:00+00:00,2024-06-10 19:15:00+00:00,2024-06-10 19:16:00+00:00,2024-06-10 19:16:00+00:00,momentum_long_late_8346db7cf1cc,1,market,0.0,1,1,4,32,37450.0
510928,510929,510929,510929,closed,timeout,20863.5,20870.25,20863.75,20870.0,20859.5,20895.5,6.75,6.25,5.75,115.0,10.0,0.5,1.0,1.0,2.5,2024-06-11 18:04:00+00:00,2024-06-11 18:04:00+00:00,2024-06-11 18:05:00+00:00,2024-06-11 18:05:00+00:00,momentum_long_late_8346db7cf1cc,1,market,0.0,1,1,4,32,37565.0
510929,510930,510930,510930,closed,timeout,20870.25,20868.25,20870.5,20868.0,20866.25,20902.25,-2.0,-2.5,-3.0,-60.0,10.0,0.5,1.0,1.0,3.5,2024-06-11 18:05:00+00:00,2024-06-11 18:05:00+00:00,2024-06-11 18:06:00+00:00,2024-06-11 18:06:00+00:00,momentum_long_late_8346db7cf1cc,1,market,0.0,1,1,4,32,37505.0
510930,510931,510931,510931,closed,stop,20868.5,20864.5,20868.75,20864.25,20864.5,20900.5,-4.0,-4.5,-5.0,-100.0,10.0,0.5,1.0,1.0,9.75,2024-06-11 18:06:00+00:00,2024-06-11 18:06:00+00:00,2024-06-11 18:07:00+00:00,2024-06-11 18:07:00+00:00,momentum_long_late_8346db7cf1cc,1,market,0.0,1,1,4,32,37405.0
510942,510943,510943,510943,closed,timeout,20877.25,20875.75,20877.5,20875.5,20873.25,20909.25,-1.5,-2.0,-2.5,-50.0,10.0,0.5,1.0,1.0,2.75,2024-06-11 18:18:00+00:00,2024-06-11 18:18:00+00:00,2024-06-11 18:19:00+00:00,2024-06-11 18:19:00+00:00,momentum_long_late_8346db7cf1cc,1,market,0.0,1,1,4,32,37355.0
510945,510946,510946,510946,closed,timeout,20880.75,20892.75,20881.0,20892.5,20876.75,20912.75,12.0,11.5,11.0,220.0,10.0,0.5,1.0,1.0,1.25,2024-06-11 18:21:00+00:00,2024-06-11 18:21:00+00:00,2024-06-11 18:22:00+00:00,2024-06-11 18:22:00+00:00,momentum_long_late_8346db7cf1cc,1,market,0.0,1,1,4,32,37575.0
510946,510947,510947,510947,closed,timeout,20893.0,20890.5,20893.25,20890.25,20889.0,20925.0,-2.5,-3.0,-3.5,-70.0,10.0,0.5,1.0,1.0,4.0,2024-06-11 18:22:00+00:00,2024-06-11 18:22:00+00:00,2024-06-11 18:23:00+00:00,2024-06-11 18:23:00+00:00,momentum_long_late_8346db7cf1cc,1,market,0.0,1,1,4,32,37505.0
510947,510948,510948,510948,closed,timeout,20890.5,20890.75,20890.75,20890.5,20886.5,20922.5,0.25,-0.25,-0.75,-15.0,10.0,0.5,1.0,1.0,1.25,2024-06-11 18:23:00+00:00,2024-06-11 18:23:00+00:00,2024-06-11 18:24:00+00:00,2024-06-11 18:24:00+00:00,momentum_long_late_8346db7cf1cc,1,market,0.0,1,1,4,32,37490.0
510948,510949,510949,510949,closed,timeout,20890.75,20895.25,20891.0,20895.0,20886.75,20922.75,4.5,4.0,3.5,70.0,10.0,0.5,1.0,1.0,1.75,2024-06-11 18:24:00+00:00,2024-06-11 18:24:00+00:00,2024-06-11 18:25:00+00:00,2024-06-11 18:25:00+00:00,momentum_long_late_8346db7cf1cc,1,market,0.0,1,1,4,32,37560.0
510949,510950,510950,510950,closed,stop,20895.25,20891.25,20895.5,20891.0,20891.25,20927.25,-4.0,-4.5,-5.0,-100.0,10.0,0.5,1.0,1.0,6.25,2024-06-11 18:25:00+00:00,2024-06-11 18:25:00+00:00,2024-06-11 18:26:00+00:00,2024-06-11 18:26:00+00:00,momentum_long_late_8346db7cf1cc,1,market,0.0,1,1,4,32,37460.0
510950,510951,510951,510951,closed,timeout,20892.0,20896.0,20892.25,20895.75,20888.0,20924.0,4.0,3.5,3.0,60.0,10.0,0.5,1.0,1.0,0.75,2024-06-11 18:26:00+00:00,2024-06-11 18:26:00+00:00,2024-06-11 18:27:00+00:00,2024-06-11 18:27:00+00:00,momentum_long_late_8346db7cf1cc,1,market,0.0,1,1,4,32,37520.0
510953,510954,510954,510954,closed,timeout,20899.5,20907.0,20899.75,20906.75,20895.5,20931.5,7.5,7.0,6.5,130.0,10.0,0.5,1.0,1.0,2.25,2024-06-11 18:29:00+00:00,2024-06-11 18:29:00+00:00,2024-06-11 18:30:00+00:00,2024-06-11 18:30:00+00:00,momentum_long_late_8346db7cf1cc,1,market,0.0,1,1,4,32,37650.0
510954,510955,510955,510955,closed,timeout,20907.0,20907.0,20907.25,20906.75,20903.0,20939.0,0.0,-0.5,-1.0,-20.0,10.0,0.5,1.0,1.0,3.75,2024-06-11 18:30:00+00:00,2024-06-11 18:30:00+00:00,2024-06-11 18:31:00+00:00,2024-06-11 18:31:00+00:00,momentum_long_late_8346db7cf1cc,1,market,0.0,1,1,4,32,37630.0
510955,510956,510956,510956,closed,timeout,20907.0,20912.5,20907.25,20912.25,20903.0,20939.0,5.5,5.0,4.5,90.0,10.0,0.5,1.0,1.0,0.25,2024-06-11 18:31:00+00:00,2024-06-11 18:31:00+00:00,2024-06-11 18:32:00+00:00,2024-06-11 18:32:00+00:00,momentum_long_late_8346db7cf1cc,1,market,0.0,1,1,4,32,37720.0
510956,510957,510957,510957,closed,timeout,20912.75,20919.25,20913.0,20919.0,20908.75,20944.75,6.5,6.0,5.5,110.0,10.0,0.5,1.0,1.0,0.25,2024-06-11 18:32:00+00:00,2024-06-11 18:32:00+00:00,2024-06-11 18:33:00+00:00,2024-06-11 18:33:00+00:00,momentum_long_late_8346db7cf1cc,1,market,0.0,1,1,4,32,37830.0
510957,510958,510958,510958,closed,timeout,20919.25,20918.75,20919.5,20918.5,20915.25,20951.25,-0.5,-1.0,-1.5,-30.0,10.0,0.5,1.0,1.0,2.5,2024-06-11 18:33:00+00:00,2024-06-11 18:33:00+00:00,2024-06-11 18:34:00+00:00,2024-06-11 18:34:00+00:00,momentum_long_late_8346db7cf1cc,1,market,0.0,1,1,4,32,37800.0
510958,510959,510959,510959,closed,timeout,20918.75,20917.0,20919.0,20916.75,20914.75,20950.75,-1.75,-2.25,-2.75,-55.0,10.0,0.5,1.0,1.0,2.5,2024-06-11 18:34:00+00:00,2024-06-11 18:34:00+00:00,2024-06-11 18:35:00+00:00,2024-06-11 18:35:00+00:00,momentum_long_late_8346db7cf1cc,1,market,0.0,1,1,4,32,37745.0
510959,510960,510960,510960,closed,timeout,20917.0,20914.0,20917.25,20913.75,20913.0,20949.0,-3.0,-3.5,-4.0,-80.0,10.0,0.5,1.0,1.0,3.25,2024-06-11 18:35:00+00:00,2024-06-11 18:35:00+00:00,2024-06-11 18:36:00+00:00,2024-06-11 18:36:00+00:00,momentum_long_late_8346db7cf1cc,1,market,0.0,1,1,4,32,37665.0
510960,510961,510961,510961,closed,stop,20914.25,20910.25,20914.5,20910.0,20910.25,20946.25,-4.0,-4.5,-5.0,-100.0,10.0,0.5,1.0,1.0,6.0,2024-06-11 18:36:00+00:00,2024-06-11 18:36:00+00:00,2024-06-11 18:37:00+00:00,2024-06-11 18:37:00+00:00,momentum_long_late_8346db7cf1cc,1,market,0.0,1,1,4,32,37565.0
510989,510990,510990,510990,closed,stop,20913.0,20909.0,20913.25,20908.75,20909.0,20945.0,-4.0,-4.5,-5.0,-100.0,10.0,0.5,1.0,1.0,5.0,2024-06-11 19:05:00+00:00,2024-06-11 19:05:00+00:00,2024-06-11 19:06:00+00:00,2024-06-11 19:06:00+00:00,momentum_long_late_8346db7cf1cc,1,market,0.0,1,1,4,32,37465.0
512365,512366,512366,512366,closed,stop,21258.0,21254.0,21258.25,21253.75,21254.0,21290.0,-4.0,-4.5,-5.0,-100.0,10.0,0.5,1.0,1.0,9.25,2024-06-12 19:16:00+00:00,2024-06-12 19:16:00+00:00,2024-06-12 19:17:00+00:00,2024-06-12 19:17:00+00:00,momentum_long_late_8346db7cf1cc,1,market,0.0,1,1,4,32,37365.0
512369,512370,512370,512370,closed,timeout,21271.5,21271.5,21271.75,21271.25,21267.5,21303.5,0.0,-0.5,-1.0,-20.0,10.0,0.5,1.0,1.0,3.75,2024-06-12 19:20:00+00:00,2024-06-12 19:20:00+00:00,2024-06-12 19:21:00+00:00,2024-06-12 19:21:00+00:00,momentum_long_late_8346db7cf1cc,1,market,0.0,1,1,4,32,37345.0
512401,512402,512402,512402,closed,timeout,21192.5,21204.25,21192.75,21204.0,21188.5,21224.5,11.75,11.25,10.75,215.0,10.0,0.5,1.0,1.0,0.25,2024-06-12 19:52:00+00:00,2024-06-12 19:52:00+00:00,2024-06-12 19:53:00+00:00,2024-06-12 19:53:00+00:00,momentum_long_late_8346db7cf1cc,1,market,0.0,1,1,4,32,37560.0
512402,512403,512403,512403,closed,stop,21204.0,21200.0,21204.25,21199.75,21200.0,21236.0,-4.0,-4.5,-5.0,-100.0,10.0,0.5,1.0,1.0,15.5,2024-06-12 19:53:00+00:00,2024-06-12 19:53:00+00:00,2024-06-12 19:54:00+00:00,2024-06-12 19:54:00+00:00,momentum_long_late_8346db7cf1cc,1,market,0.0,1,1,4,32,37460.0
512405,512406,512406,512406,closed,timeout,21212.5,21220.5,21212.75,21220.25,21208.5,21244.5,8.0,7.5,7.0,140.0,10.0,0.5,1.0,1.0,2.5,2024-06-12 19:56:00+00:00,2024-06-12 19:56:00+00:00,2024-06-12 19:57:00+00:00,2024-06-12 19:57:00+00:00,momentum_long_late_8346db7cf1cc,1,market,0.0,1,1,4,32,37600.0
512406,512407,512407,512407,closed,stop,21220.5,21216.5,21220.75,21216.25,21216.5,21252.5,-4.0,-4.5,-5.0,-100.0,10.0,0.5,1.0,1.0,10.5,2024-06-12 19:57:00+00:00,2024-06-12 19:57:00+00:00,2024-06-12 19:58:00+00:00,2024-06-12 19:58:00+00:00,momentum_long_late_8346db7cf1cc,1,market,0.0,1,1,4,32,37500.0
513713,513714,513714,513714,closed,stop,21296.5,21292.5,21296.75,21292.25,21292.5,21328.5,-4.0,-4.5,-5.0,-100.0,10.0,0.5,1.0,1.0,5.0,2024-06-13 18:59:00+00:00,2024-06-13 18:59:00+00:00,2024-06-13 19:00:00+00:00,2024-06-13 19:00:00+00:00,momentum_long_late_8346db7cf1cc,1,market,0.0,1,1,4,32,37400.0
513719,513720,513720,513720,closed,timeout,21304.75,21304.0,21305.0,21303.75,21300.75,21336.75,-0.75,-1.25,-1.75,-35.0,10.0,0.5,1.0,1.0,2.0,2024-06-13 19:05:00+00:00,2024-06-13 19:05:00+00:00,2024-06-13 19:06:00+00:00,2024-06-13 19:06:00+00:00,momentum_long_late_8346db7cf1cc,1,market,0.0,1,1,4,32,37365.0
515071,515072,515072,515072,closed,timeout,21354.75,21357.0,21355.0,21356.75,21350.75,21386.75,2.25,1.75,1.25,25.0,10.0,0.5,1.0,1.0,1.25,2024-06-14 18:52:00+00:00,2024-06-14 18:52:00+00:00,2024-06-14 18:53:00+00:00,2024-06-14 18:53:00+00:00,momentum_long_late_8346db7cf1cc,1,market,0.0,1,1,4,32,37390.0
515072,515073,515073,515073,closed,timeout,21357.25,21361.0,21357.5,21360.75,21353.25,21389.25,3.75,3.25,2.75,55.0,10.0,0.5,1.0,1.0,0.5,2024-06-14 18:53:00+00:00,2024-06-14 18:53:00+00:00,2024-06-14 18:54:00+00:00,2024-06-14 18:54:00+00:00,momentum_long_late_8346db7cf1cc,1,market,0.0,1,1,4,32,37445.0
515073,515074,515074,515074,closed,timeout,21361.75,21367.5,21362.0,21367.25,21357.75,21393.75,5.75,5.25,4.75,95.0,10.0,0.5,1.0,1.0,2.25,2024-06-14 18:54:00+00:00,2024-06-14 18:54:00+00:00,2024-06-14 18:55:00+00:00,2024-06-14 18:55:00+00:00,momentum_long_late_8346db7cf1cc,1,market,0.0,1,1,4,32,37540.0
515074,515075,515075,515075,closed,stop,21367.25,21363.25,21367.5,21363.0,21363.25,21399.25,-4.0,-4.5,-5.0,-100.0,10.0,0.5,1.0,1.0,6.25,2024-06-14 18:55:00+00:00,2024-06-14 18:55:00+00:00,2024-06-14 18:56:00+00:00,2024-06-14 18:56:00+00:00,momentum_long_late_8346db7cf1cc,1,market,0.0,1,1,4,32,37440.0
515138,515139,515139,515139,closed,timeout,21369.75,21381.25,21370.0,21381.0,21365.75,21401.75,11.5,11.0,10.5,210.0,10.0,0.5,1.0,1.0,1.0,2024-06-14 19:59:00+00:00,2024-06-14 19:59:00+00:00,2024-06-14 20:00:00+00:00,2024-06-14 20:00:00+00:00,momentum_long_late_8346db7cf1cc,1,market,0.0,1,1,4,32,37650.0
516383,516384,516384,516384,closed,timeout,21674.25,21677.5,21674.5,21677.25,21670.25,21706.25,3.25,2.75,2.25,45.0,10.0,0.5,1.0,1.0,1.5,2024-06-17 18:01:00+00:00,2024-06-17 18:01:00+00:00,2024-06-17 18:02:00+00:00,2024-06-17 18:02:00+00:00,momentum_long_late_8346db7cf1cc,1,market,0.0,1,1,4,32,37695.0
516384,516385,516385,516385,closed,timeout,21677.75,21685.25,21678.0,21685.0,21673.75,21709.75,7.5,7.0,6.5,130.0,10.0,0.5,1.0,1.0,1.75,2024-06-17 18:02:00+00:00,2024-06-17 18:02:00+00:00,2024-06-17 18:03:00+00:00,2024-06-17 18:03:00+00:00,momentum_long_late_8346db7cf1cc,1,market,0.0,1,1,4,32,37825.0
516385,516386,516386,516386,closed,timeout,21685.0,21692.5,21685.25,21692.25,21681.0,21717.0,7.5,7.0,6.5,130.0,10.0,0.5,1.0,1.0,3.75,2024-06-17 18:03:00+00:00,2024-06-17 18:03:00+00:00,2024-06-17 18:04:00+00:00,2024-06-17 18:04:00+00:00,momentum_long_late_8346db7cf1cc,1,market,0.0,1,1,4,32,37955.0
516386,516387,516387,516387,closed,stop,21692.5,21688.5,21692.75,21688.25,21688.5,21724.5,-4.0,-4.5,-5.0,-100.0,10.0,0.5,1.0,1.0,13.25,2024-06-17 18:04:00+00:00,2024-06-17 18:04:00+00:00,2024-06-17 18:05:00+00:00,2024-06-17 18:05:00+00:00,momentum_long_late_8346db7cf1cc,1,market,0.0,1,1,4,32,37855.0
516388,516389,516389,516389,closed,timeout,21686.0,21687.5,21686.25,21687.25,21682.0,21718.0,1.5,1.0,0.5,10.0,10.0,0.5,1.0,1.0,0.5,2024-06-17 18:06:00+00:00,2024-06-17 18:06:00+00:00,2024-06-17 18:07:00+00:00,2024-06-17 18:07:00+00:00,momentum_long_late_8346db7cf1cc,1,market,0.0,1,1,4,32,37865.0
516392,516393,516393,516393,closed,timeout,21697.5,21698.75,21697.75,21698.5,21693.5,21729.5,1.25,0.75,0.25,5.0,10.0,0.5,1.0,1.0,1.5,2024-06-17 18:10:00+00:00,2024-06-17 18:10:00+00:00,2024-06-17 18:11:00+00:00,2024-06-17 18:11:00+00:00,momentum_long_late_8346db7cf1cc,1,market,0.0,1,1,4,32,37870.0
516393,516394,516394,516394,closed,stop,21698.5,21694.5,21698.75,21694.25,21694.5,21730.5,-4.0,-4.5,-5.0,-100.0,10.0,0.5,1.0,1.0,17.75,2024-06-17 18:11:00+00:00,2024-06-17 18:11:00+00:00,2024-06-17 18:12:00+00:00,2024-06-17 18:12:00+00:00,momentum_long_late_8346db7cf1cc,1,market,0.0,1,1,4,32,37770.0
516457,516458,516458,516458,closed,stop,21675.25,21671.25,21675.5,21671.0,21671.25,21707.25,-4.0,-4.5,-5.0,-100.0,10.0,0.5,1.0,1.0,5.0,2024-06-17 19:15:00+00:00,2024-06-17 19:15:00+00:00,2024-06-17 19:16:00+00:00,2024-06-17 19:16:00+00:00,momentum_long_late_8346db7cf1cc,1,market,0.0,1,1,4,32,37670.0
516460,516461,516461,516461,closed,timeout,21686.25,21688.25,21686.5,21688.0,21682.25,21718.25,2.0,1.5,1.0,20.0,10.0,0.5,1.0,1.0,0.75,2024-06-17 19:18:00+00:00,2024-06-17 19:18:00+00:00,2024-06-17 19:19:00+00:00,2024-06-17 19:19:00+00:00,momentum_long_late_8346db7cf1cc,1,market,0.0,1,1,4,32,37690.0
516461,516462,516462,516462,closed,timeout,21688.75,21693.25,21689.0,21693.0,21684.75,21720.75,4.5,4.0,3.5,70.0,10.0,0.5,1.0,1.0,0.5,2024-06-17 19:19:00+00:00,2024-06-17 19:19:00+00:00,2024-06-17 19:20:00+00:00,2024-06-17 19:20:00+00:00,momentum_long_late_8346db7cf1cc,1,market,0.0,1,1,4,32,37760.0
516462,516463,516463,516463,closed,stop,21693.25,21689.25,21693.5,21689.0,21689.25,21725.25,-4.0,-4.5,-5.0,-100.0,10.0,0.5,1.0,1.0,5.5,2024-06-17 19:20:00+00:00,2024-06-17 19:20:00+00:00,2024-06-17 19:21:00+00:00,2024-06-17 19:21:00+00:00,momentum_long_late_8346db7cf1cc,1,market,0.0,1,1,4,32,37660.0
516463,516464,516464,516464,closed,stop,21691.5,21687.5,21691.75,21687.25,21687.5,21723.5,-4.0,-4.5,-5.0,-100.0,10.0,0.5,1.0,1.0,5.25,2024-06-17 19:21:00+00:00,2024-06-17 19:21:00+00:00,2024-06-17 19:22:00+00:00,2024-06-17 19:22:00+00:00,momentum_long_late_8346db7cf1cc,1,market,0.0,1,1,4,32,37560.0
517806,517807,517807,517807,closed,timeout,21632.75,21633.25,21633.0,21633.0,21628.75,21664.75,0.5,0.0,-0.5,-10.0,10.0,0.5,1.0,1.0,1.25,2024-06-18 18:59:00+00:00,2024-06-18 18:59:00+00:00,2024-06-18 19:00:00+00:00,2024-06-18 19:00:00+00:00,momentum_long_late_8346db7cf1cc,1,market,0.0,1,1,4,32,37550.0
517807,517808,517808,517808,closed,stop,21633.25,21629.25,21633.5,21629.0,21629.25,21665.25,-4.0,-4.5,-5.0,-100.0,10.0,0.5,1.0,1.0,6.0,2024-06-18 19:00:00+00:00,2024-06-18 19:00:00+00:00,2024-06-18 19:01:00+00:00,2024-06-18 19:01:00+00:00,momentum_long_late_8346db7cf1cc,1,market,0.0,1,1,4,32,37450.0
517808,517809,517809,517809,closed,stop,21633.0,21629.0,21633.25,21628.75,21629.0,21665.0,-4.0,-4.5,-5.0,-100.0,10.0,0.5,1.0,1.0,7.5,2024-06-18 19:01:00+00:00,2024-06-18 19:01:00+00:00,2024-06-18 19:02:00+00:00,2024-06-18 19:02:00+00:00,momentum_long_late_8346db7cf1cc,1,market,0.0,1,1,4,32,37350.0
517824,517825,517825,517825,closed,stop,21630.25,21626.25,21630.5,21626.0,21626.25,21662.25,-4.0,-4.5,-5.0,-100.0,10.0,0.5,1.0,1.0,5.5,2024-06-18 19:17:00+00:00,2024-06-18 19:17:00+00:00,2024-06-18 19:18:00+00:00,2024-06-18 19:18:00+00:00,momentum_long_late_8346db7cf1cc,1,market,0.0,1,1,4,32,37250.0
517864,517865,517865,517865,closed,stop,21641.0,21637.0,21641.25,21636.75,21637.0,21673.0,-4.0,-4.5,-5.0,-100.0,10.0,0.5,1.0,1.0,14.5,2024-06-18 19:57:00+00:00,2024-06-18 19:57:00+00:00,2024-06-18 19:58:00+00:00,2024-06-18 19:58:00+00:00,momentum_long_late_8346db7cf1cc,1,market,0.0,1,1,4,32,37150.0
520254,520255,520255,520255,closed,stop,21485.0,21481.0,21485.25,21480.75,21481.0,21517.0,-4.0,-4.5,-5.0,-100.0,10.0,0.5,1.0,1.0,4.25,2024-06-20 18:02:00+00:00,2024-06-20 18:02:00+00:00,2024-06-20 18:03:00+00:00,2024-06-20 18:03:00+00:00,momentum_long_late_8346db7cf1cc,1,market,0.0,1,1,4,32,37050.0
520255,520256,520256,520256,closed,timeout,21487.75,21491.25,21488.0,21491.0,21483.75,21519.75,3.5,3.0,2.5,50.0,10.0,0.5,1.0,1.0,0.75,2024-06-20 18:03:00+00:00,2024-06-20 18:03:00+00:00,2024-06-20 18:04:00+00:00,2024-06-20 18:04:00+00:00,momentum_long_late_8346db7cf1cc,1,market,0.0,1,1,4,32,37100.0
520256,520257,520257,520257,closed,timeout,21491.5,21497.0,21491.75,21496.75,21487.5,21523.5,5.5,5.0,4.5,90.0,10.0,0.5,1.0,1.0,0.5,2024-06-20 18:04:00+00:00,2024-06-20 18:04:00+00:00,2024-06-20 18:05:00+00:00,2024-06-20 18:05:00+00:00,momentum_long_late_8346db7cf1cc,1,market,0.0,1,1,4,32,37190.0
520257,520258,520258,520258,closed,timeout,21497.25,21508.25,21497.5,21508.0,21493.25,21529.25,11.0,10.5,10.0,200.0,10.0,0.5,1.0,1.0,3.25,2024-06-20 18:05:00+00:00,2024-06-20 18:05:00+00:00,2024-06-20 18:06:00+00:00,2024-06-20 18:06:00+00:00,momentum_long_late_8346db7cf1cc,1,market,0.0,1,1,4,32,37390.0
520258,520259,520259,520259,closed,stop,21508.5,21504.5,21508.75,21504.25,21504.5,21540.5,-4.0,-4.5,-5.0,-100.0,10.0,0.5,1.0,1.0,14.0,2024-06-20 18:06:00+00:00,2024-06-20 18:06:00+00:00,2024-06-20 18:07:00+00:00,2024-06-20 18:07:00+00:00,momentum_long_late_8346db7cf1cc,1,market,0.0,1,1,4,32,37290.0
520259,520260,520260,520260,closed,timeout,21500.75,21509.25,21501.0,21509.0,21496.75,21532.75,8.5,8.0,7.5,150.0,10.0,0.5,1.0,1.0,0.25,2024-06-20 18:07:00+00:00,2024-06-20 18:07:00+00:00,2024-06-20 18:08:00+00:00,2024-06-20 18:08:00+00:00,momentum_long_late_8346db7cf1cc,1,market,0.0,1,1,4,32,37440.0
520260,520261,520261,520261,closed,stop,21509.25,21505.25,21509.5,21505.0,21505.25,21541.25,-4.0,-4.5,-5.0,-100.0,10.0,0.5,1.0,1.0,4.25,2024-06-20 18:08:00+00:00,2024-06-20 18:08:00+00:00,2024-06-20 18:09:00+00:00,2024-06-20 18:09:00+00:00,momentum_long_late_8346db7cf1cc,1,market,0.0,1,1,4,32,37340.0
520261,520262,520262,520262,closed,stop,21506.5,21502.5,21506.75,21502.25,21502.5,21538.5,-4.0,-4.5,-5.0,-100.0,10.0,0.5,1.0,1.0,5.0,2024-06-20 18:09:00+00:00,2024-06-20 18:09:00+00:00,2024-06-20 18:10:00+00:00,2024-06-20 18:10:00+00:00,momentum_long_late_8346db7cf1cc,1,market,0.0,1,1,4,32,37240.0
520345,520346,520346,520346,closed,timeout,21462.25,21469.5,21462.5,21469.25,21458.25,21494.25,7.25,6.75,6.25,125.0,10.0,0.5,1.0,1.0,1.0,2024-06-20 19:33:00+00:00,2024-06-20 19:33:00+00:00,2024-06-20 19:34:00+00:00,2024-06-20 19:34:00+00:00,momentum_long_late_8346db7cf1cc,1,market,0.0,1,1,4,32,37365.0
520346,520347,520347,520347,closed,timeout,21469.5,21487.75,21469.75,21487.5,21465.5,21501.5,18.25,17.75,17.25,345.0,10.0,0.5,1.0,1.0,0.25,2024-06-20 19:34:00+00:00,2024-06-20 19:34:00+00:00,2024-06-20 19:35:00+00:00,2024-06-20 19:35:00+00:00,momentum_long_late_8346db7cf1cc,1,market,0.0,1,1,4,32,37710.0
520347,520348,520348,520348,closed,stop,21488.0,21484.0,21488.25,21483.75,21484.0,21520.0,-4.0,-4.5,-5.0,-100.0,10.0,0.5,1.0,1.0,13.0,2024-06-20 19:35:00+00:00,2024-06-20 19:35:00+00:00,2024-06-20 19:36:00+00:00,2024-06-20 19:36:00+00:00,momentum_long_late_8346db7cf1cc,1,market,0.0,1,1,4,32,37610.0
520348,520349,520349,520349,closed,stop,21478.75,21474.75,21479.0,21474.5,21474.75,21510.75,-4.0,-4.5,-5.0,-100.0,10.0,0.5,1.0,1.0,19.75,2024-06-20 19:36:00+00:00,2024-06-20 19:36:00+00:00,2024-06-20 19:37:00+00:00,2024-06-20 19:37:00+00:00,momentum_long_late_8346db7cf1cc,1,market,0.0,1,1,4,32,37510.0
521634,521635,521635,521635,closed,stop,21426.0,21422.0,21426.25,21421.75,21422.0,21458.0,-4.0,-4.5,-5.0,-100.0,10.0,0.5,1.0,1.0,6.25,2024-06-21 18:17:00+00:00,2024-06-21 18:17:00+00:00,2024-06-21 18:18:00+00:00,2024-06-21 18:18:00+00:00,momentum_long_late_8346db7cf1cc,1,market,0.0,1,1,4,32,37410.0
521635,521636,521636,521636,closed,stop,21422.0,21418.0,21422.25,21417.75,21418.0,21454.0,-4.0,-4.5,-5.0,-100.0,10.0,0.5,1.0,1.0,7.5,2024-06-21 18:18:00+00:00,2024-06-21 18:18:00+00:00,2024-06-21 18:19:00+00:00,2024-06-21 18:19:00+00:00,momentum_long_late_8346db7cf1cc,1,market,0.0,1,1,4,32,37310.0
521636,521637,521637,521637,closed,stop,21422.0,21418.0,21422.25,21417.75,21418.0,21454.0,-4.0,-4.5,-5.0,-100.0,10.0,0.5,1.0,1.0,4.5,2024-06-21 18:19:00+00:00,2024-06-21 18:19:00+00:00,2024-06-21 18:20:00+00:00,2024-06-21 18:20:00+00:00,momentum_long_late_8346db7cf1cc,1,market,0.0,1,1,4,32,37210.0
521681,521682,521682,521682,closed,timeout,21429.5,21429.5,21429.75,21429.25,21425.5,21461.5,0.0,-0.5,-1.0,-20.0,10.0,0.5,1.0,1.0,2.5,2024-06-21 19:04:00+00:00,2024-06-21 19:04:00+00:00,2024-06-21 19:05:00+00:00,2024-06-21 19:05:00+00:00,momentum_long_late_8346db7cf1cc,1,market,0.0,1,1,4,32,37190.0
521682,521683,521683,521683,closed,timeout,21429.5,21437.25,21429.75,21437.0,21425.5,21461.5,7.75,7.25,6.75,135.0,10.0,0.5,1.0,1.0,1.0,2024-06-21 19:05:00+00:00,2024-06-21 19:05:00+00:00,2024-06-21 19:06:00+00:00,2024-06-21 19:06:00+00:00,momentum_long_late_8346db7cf1cc,1,market,0.0,1,1,4,32,37325.0
521683,521684,521684,521684,closed,stop,21436.75,21432.75,21437.0,21432.5,21432.75,21468.75,-4.0,-4.5,-5.0,-100.0,10.0,0.5,1.0,1.0,6.75,2024-06-21 19:06:00+00:00,2024-06-21 19:06:00+00:00,2024-06-21 19:07:00+00:00,2024-06-21 19:07:00+00:00,momentum_long_late_8346db7cf1cc,1,market,0.0,1,1,4,32,37225.0
521684,521685,521685,521685,closed,stop,21430.75,21426.75,21431.0,21426.5,21426.75,21462.75,-4.0,-4.5,-5.0,-100.0,10.0,0.5,1.0,1.0,8.0,2024-06-21 19:07:00+00:00,2024-06-21 19:07:00+00:00,2024-06-21 19:08:00+00:00,2024-06-21 19:08:00+00:00,momentum_long_late_8346db7cf1cc,1,market,0.0,1,1,4,32,37125.0
523025,523026,523026,523026,closed,timeout,21243.25,21252.5,21243.5,21252.25,21239.25,21275.25,9.25,8.75,8.25,165.0,10.0,0.5,1.0,1.0,1.75,2024-06-24 18:46:00+00:00,2024-06-24 18:46:00+00:00,2024-06-24 18:47:00+00:00,2024-06-24 18:47:00+00:00,momentum_long_late_8346db7cf1cc,1,market,0.0,1,1,4,32,37290.0
523026,523027,523027,523027,closed,timeout,21252.5,21249.25,21252.75,21249.0,21248.5,21284.5,-3.25,-3.75,-4.25,-85.0,10.0,0.5,1.0,1.0,3.75,2024-06-24 18:47:00+00:00,2024-06-24 18:47:00+00:00,2024-06-24 18:48:00+00:00,2024-06-24 18:48:00+00:00,momentum_long_late_8346db7cf1cc,1,market,0.0,1,1,4,32,37205.0
523030,523031,523031,523031,closed,timeout,21260.25,21260.75,21260.5,21260.5,21256.25,21292.25,0.5,0.0,-0.5,-10.0,10.0,0.5,1.0,1.0,1.0,2024-06-24 18:51:00+00:00,2024-06-24 18:51:00+00:00,2024-06-24 18:52:00+00:00,2024-06-24 18:52:00+00:00,momentum_long_late_8346db7cf1cc,1,market,0.0,1,1,4,32,37195.0
523042,523043,523043,523043,closed,stop,21280.25,21276.25,21280.5,21276.0,21276.25,21312.25,-4.0,-4.5,-5.0,-100.0,10.0,0.5,1.0,1.0,6.75,2024-06-24 19:03:00+00:00,2024-06-24 19:03:00+00:00,2024-06-24 19:04:00+00:00,2024-06-24 19:04:00+00:00,momentum_long_late_8346db7cf1cc,1,market,0.0,1,1,4,32,37095.0
523043,523044,523044,523044,closed,stop,21276.0,21272.0,21276.25,21271.75,21272.0,21308.0,-4.0,-4.5,-5.0,-100.0,10.0,0.5,1.0,1.0,10.5,2024-06-24 19:04:00+00:00,2024-06-24 19:04:00+00:00,2024-06-24 19:05:00+00:00,2024-06-24 19:05:00+00:00,momentum_long_late_8346db7cf1cc,1,market,0.0,1,1,4,32,36995.0
523045,523046,523046,523046,closed,stop,21280.5,21276.5,21280.75,21276.25,21276.5,21312.5,-4.0,-4.5,-5.0,-100.0,10.0,0.5,1.0,1.0,6.25,2024-06-24 19:06:00+00:00,2024-06-24 19:06:00+00:00,2024-06-24 19:07:00+00:00,2024-06-24 19:07:00+00:00,momentum_long_late_8346db7cf1cc,1,market,0.0,1,1,4,32,36895.0
523046,523047,523047,523047,closed,timeout,21279.5,21277.25,21279.75,21277.0,21275.5,21311.5,-2.25,-2.75,-3.25,-65.0,10.0,0.5,1.0,1.0,2.5,2024-06-24 19:07:00+00:00,2024-06-24 19:07:00+00:00,2024-06-24 19:08:00+00:00,2024-06-24 19:08:00+00:00,momentum_long_late_8346db7cf1cc,1,market,0.0,1,1,4,32,36830.0
524374,524375,524375,524375,closed,stop,21397.0,21393.0,21397.25,21392.75,21393.0,21429.0,-4.0,-4.5,-5.0,-100.0,10.0,0.5,1.0,1.0,4.75,2024-06-25 18:30:00+00:00,2024-06-25 18:30:00+00:00,2024-06-25 18:31:00+00:00,2024-06-25 18:31:00+00:00,momentum_long_late_8346db7cf1cc,1,market,0.0,1,1,4,32,36730.0
524375,524376,524376,524376,closed,stop,21394.75,21390.75,21395.0,21390.5,21390.75,21426.75,-4.0,-4.5,-5.0,-100.0,10.0,0.5,1.0,1.0,10.0,2024-06-25 18:31:00+00:00,2024-06-25 18:31:00+00:00,2024-06-25 18:32:00+00:00,2024-06-25 18:32:00+00:00,momentum_long_late_8346db7cf1cc,1,market,0.0,1,1,4,32,36630.0
524376,524377,524377,524377,closed,timeout,21387.25,21387.25,21387.5,21387.0,21383.25,21419.25,0.0,-0.5,-1.0,-20.0,10.0,0.5,1.0,1.0,1.75,2024-06-25 18:32:00+00:00,2024-06-25 18:32:00+00:00,2024-06-25 18:33:00+00:00,2024-06-25 18:33:00+00:00,momentum_long_late_8346db7cf1cc,1,market,0.0,1,1,4,32,36610.0
524425,524426,524426,524426,closed,timeout,21388.5,21391.0,21388.75,21390.75,21384.5,21420.5,2.5,2.0,1.5,30.0,10.0,0.5,1.0,1.0,3.0,2024-06-25 19:21:00+00:00,2024-06-25 19:21:00+00:00,2024-06-25 19:22:00+00:00,2024-06-25 19:22:00+00:00,momentum_long_late_8346db7cf1cc,1,market,0.0,1,1,4,32,36640.0
524426,524427,524427,524427,closed,timeout,21391.25,21394.0,21391.5,21393.75,21387.25,21423.25,2.75,2.25,1.75,35.0,10.0,0.5,1.0,1.0,1.5,2024-06-25 19:22:00+00:00,2024-06-25 19:22:00+00:00,2024-06-25 19:23:00+00:00,2024-06-25 19:23:00+00:00,momentum_long_late_8346db7cf1cc,1,market,0.0,1,1,4,32,36675.0
524429,524430,524430,524430,closed,stop,21397.75,21393.75,21398.0,21393.5,21393.75,21429.75,-4.0,-4.5,-5.0,-100.0,10.0,0.5,1.0,1.0,4.25,2024-06-25 19:25:00+00:00,2024-06-25 19:25:00+00:00,2024-06-25 19:26:00+00:00,2024-06-25 19:26:00+00:00,momentum_long_late_8346db7cf1cc,1,market,0.0,1,1,4,32,36575.0
524430,524431,524431,524431,closed,stop,21396.5,21392.5,21396.75,21392.25,21392.5,21428.5,-4.0,-4.5,-5.0,-100.0,10.0,0.5,1.0,1.0,6.75,2024-06-25 19:26:00+00:00,2024-06-25 19:26:00+00:00,2024-06-25 19:27:00+00:00,2024-06-25 19:27:00+00:00,momentum_long_late_8346db7cf1cc,1,market,0.0,1,1,4,32,36475.0
524433,524434,524434,524434,closed,timeout,21408.5,21413.0,21408.75,21412.75,21404.5,21440.5,4.5,4.0,3.5,70.0,10.0,0.5,1.0,1.0,0.25,2024-06-25 19:29:00+00:00,2024-06-25 19:29:00+00:00,2024-06-25 19:30:00+00:00,2024-06-25 19:30:00+00:00,momentum_long_late_8346db7cf1cc,1,market,0.0,1,1,4,32,36545.0
524434,524435,524435,524435,closed,stop,21412.0,21408.0,21412.25,21407.75,21408.0,21444.0,-4.0,-4.5,-5.0,-100.0,10.0,0.5,1.0,1.0,10.5,2024-06-25 19:30:00+00:00,2024-06-25 19:30:00+00:00,2024-06-25 19:31:00+00:00,2024-06-25 19:31:00+00:00,momentum_long_late_8346db7cf1cc,1,market,0.0,1,1,4,32,36445.0
525709,525710,525710,525710,closed,stop,21417.75,21413.75,21418.0,21413.5,21413.75,21449.75,-4.0,-4.5,-5.0,-100.0,10.0,0.5,1.0,1.0,17.25,2024-06-26 18:00:00+00:00,2024-06-26 18:00:00+00:00,2024-06-26 18:01:00+00:00,2024-06-26 18:01:00+00:00,momentum_long_late_8346db7cf1cc,1,market,0.0,1,1,4,32,36345.0
525759,525760,525760,525760,closed,stop,21414.25,21410.25,21414.5,21410.0,21410.25,21446.25,-4.0,-4.5,-5.0,-100.0,10.0,0.5,1.0,1.0,7.0,2024-06-26 18:50:00+00:00,2024-06-26 18:50:00+00:00,2024-06-26 18:51:00+00:00,2024-06-26 18:51:00+00:00,momentum_long_late_8346db7cf1cc,1,market,0.0,1,1,4,32,36245.0
525804,525805,525805,525805,closed,timeout,21399.0,21401.25,21399.25,21401.0,21395.0,21431.0,2.25,1.75,1.25,25.0,10.0,0.5,1.0,1.0,2.0,2024-06-26 19:35:00+00:00,2024-06-26 19:35:00+00:00,2024-06-26 19:36:00+00:00,2024-06-26 19:36:00+00:00,momentum_long_late_8346db7cf1cc,1,market,0.0,1,1,4,32,36270.0
525805,525806,525806,525806,closed,timeout,21401.25,21405.0,21401.5,21404.75,21397.25,21433.25,3.75,3.25,2.75,55.0,10.0,0.5,1.0,1.0,0.5,2024-06-26 19:36:00+00:00,2024-06-26 19:36:00+00:00,2024-06-26 19:37:00+00:00,2024-06-26 19:37:00+00:00,momentum_long_late_8346db7cf1cc,1,market,0.0,1,1,4,32,36325.0
525806,525807,525807,525807,closed,timeout,21404.75,21408.5,21405.0,21408.25,21400.75,21436.75,3.75,3.25,2.75,55.0,10.0,0.5,1.0,1.0,1.5,2024-06-26 19:37:00+00:00,2024-06-26 19:37:00+00:00,2024-06-26 19:38:00+00:00,2024-06-26 19:38:00+00:00,momentum_long_late_8346db7cf1cc,1,market,0.0,1,1,4,32,36380.0
525807,525808,525808,525808,closed,timeout,21408.25,21406.0,21408.5,21405.75,21404.25,21440.25,-2.25,-2.75,-3.25,-65.0,10.0,0.5,1.0,1.0,4.0,2024-06-26 19:38:00+00:00,2024-06-26 19:38:00+00:00,2024-06-26 19:39:00+00:00,2024-06-26 19:39:00+00:00,momentum_long_late_8346db7cf1cc,1,market,0.0,1,1,4,32,36315.0
525808,525809,525809,525809,closed,stop,21406.25,21402.25,21406.5,21402.0,21402.25,21438.25,-4.0,-4.5,-5.0,-100.0,10.0,0.5,1.0,1.0,6.25,2024-06-26 19:39:00+00:00,2024-06-26 19:39:00+00:00,2024-06-26 19:40:00+00:00,2024-06-26 19:40:00+00:00,momentum_long_late_8346db7cf1cc,1,market,0.0,1,1,4,32,36215.0
525810,525811,525811,525811,closed,timeout,21410.25,21414.5,21410.5,21414.25,21406.25,21442.25,4.25,3.75,3.25,65.0,10.0,0.5,1.0,1.0,1.25,2024-06-26 19:41:00+00:00,2024-06-26 19:41:00+00:00,2024-06-26 19:42:00+00:00,2024-06-26 19:42:00+00:00,momentum_long_late_8346db7cf1cc,1,market,0.0,1,1,4,32,36280.0
525811,525812,525812,525812,closed,stop,21414.5,21410.5,21414.75,21410.25,21410.5,21446.5,-4.0,-4.5,-5.0,-100.0,10.0,0.5,1.0,1.0,6.5,2024-06-26 19:42:00+00:00,2024-06-26 19:42:00+00:00,2024-06-26 19:43:00+00:00,2024-06-26 19:43:00+00:00,momentum_long_late_8346db7cf1cc,1,market,0.0,1,1,4,32,36180.0
525825,525826,525826,525826,closed,timeout,21448.5,21459.5,21448.75,21459.25,21444.5,21480.5,11.0,10.5,10.0,200.0,10.0,0.5,1.0,1.0,3.5,2024-06-26 19:56:00+00:00,2024-06-26 19:56:00+00:00,2024-06-26 19:57:00+00:00,2024-06-26 19:57:00+00:00,momentum_long_late_8346db7cf1cc,1,market,0.0,1,1,4,32,36380.0
525826,525827,525827,525827,closed,stop,21459.5,21455.5,21459.75,21455.25,21455.5,21491.5,-4.0,-4.5,-5.0,-100.0,10.0,0.5,1.0,1.0,14.0,2024-06-26 19:57:00+00:00,2024-06-26 19:57:00+00:00,2024-06-26 19:58:00+00:00,2024-06-26 19:58:00+00:00,momentum_long_late_8346db7cf1cc,1,market,0.0,1,1,4,32,36280.0
525827,525828,525828,525828,closed,timeout,21450.75,21450.5,21451.0,21450.25,21446.75,21482.75,-0.25,-0.75,-1.25,-25.0,10.0,0.5,1.0,1.0,2.5,2024-06-26 19:58:00+00:00,2024-06-26 19:58:00+00:00,2024-06-26 19:59:00+00:00,2024-06-26 19:59:00+00:00,momentum_long_late_8346db7cf1cc,1,market,0.0,1,1,4,32,36255.0
525828,525829,525829,525829,closed,stop,21450.25,21446.25,21450.5,21446.0,21446.25,21482.25,-4.0,-4.5,-5.0,-100.0,10.0,0.5,1.0,1.0,13.5,2024-06-26 19:59:00+00:00,2024-06-26 19:59:00+00:00,2024-06-26 20:00:00+00:00,2024-06-26 20:00:00+00:00,momentum_long_late_8346db7cf1cc,1,market,0.0,1,1,4,32,36155.0
527125,527126,527126,527126,closed,timeout,21470.75,21473.75,21471.0,21473.5,21466.75,21502.75,3.0,2.5,2.0,40.0,10.0,0.5,1.0,1.0,3.75,2024-06-27 18:51:00+00:00,2024-06-27 18:51:00+00:00,2024-06-27 18:52:00+00:00,2024-06-27 18:52:00+00:00,momentum_long_late_8346db7cf1cc,1,market,0.0,1,1,4,32,36195.0
527126,527127,527127,527127,closed,timeout,21473.75,21473.75,21474.0,21473.5,21469.75,21505.75,0.0,-0.5,-1.0,-20.0,10.0,0.5,1.0,1.0,3.5,2024-06-27 18:52:00+00:00,2024-06-27 18:52:00+00:00,2024-06-27 18:53:00+00:00,2024-06-27 18:53:00+00:00,momentum_long_late_8346db7cf1cc,1,market,0.0,1,1,4,32,36175.0
527127,527128,527128,527128,closed,stop,21474.0,21470.0,21474.25,21469.75,21470.0,21506.0,-4.0,-4.5,-5.0,-100.0,10.0,0.5,1.0,1.0,6.0,2024-06-27 18:53:00+00:00,2024-06-27 18:53:00+00:00,2024-06-27 18:54:00+00:00,2024-06-27 18:54:00+00:00,momentum_long_late_8346db7cf1cc,1,market,0.0,1,1,4,32,36075.0
527128,527129,527129,527129,closed,stop,21471.5,21467.5,21471.75,21467.25,21467.5,21503.5,-4.0,-4.5,-5.0,-100.0,10.0,0.5,1.0,1.0,4.25,2024-06-27 18:54:00+00:00,2024-06-27 18:54:00+00:00,2024-06-27 18:55:00+00:00,2024-06-27 18:55:00+00:00,momentum_long_late_8346db7cf1cc,1,market,0.0,1,1,4,32,35975.0
527129,527130,527130,527130,closed,timeout,21471.5,21477.25,21471.75,21477.0,21467.5,21503.5,5.75,5.25,4.75,95.0,10.0,0.5,1.0,1.0,2.75,2024-06-27 18:55:00+00:00,2024-06-27 18:55:00+00:00,2024-06-27 18:56:00+00:00,2024-06-27 18:56:00+00:00,momentum_long_late_8346db7cf1cc,1,market,0.0,1,1,4,32,36070.0
527150,527151,527151,527151,closed,stop,21491.5,21487.5,21491.75,21487.25,21487.5,21523.5,-4.0,-4.5,-5.0,-100.0,10.0,0.5,1.0,1.0,6.0,2024-06-27 19:16:00+00:00,2024-06-27 19:16:00+00:00,2024-06-27 19:17:00+00:00,2024-06-27 19:17:00+00:00,momentum_long_late_8346db7cf1cc,1,market,0.0,1,1,4,32,35970.0
528543,528544,528544,528544,closed,stop,21446.5,21442.5,21446.75,21442.25,21442.5,21478.5,-4.0,-4.5,-5.0,-100.0,10.0,0.5,1.0,1.0,18.5,2024-06-28 19:44:00+00:00,2024-06-28 19:44:00+00:00,2024-06-28 19:45:00+00:00,2024-06-28 19:45:00+00:00,momentum_long_late_8346db7cf1cc,1,market,0.0,1,1,4,32,35870.0
529815,529816,529816,529816,closed,timeout,21450.25,21456.75,21450.5,21456.5,21446.25,21482.25,6.5,6.0,5.5,110.0,10.0,0.5,1.0,1.0,0.25,2024-07-01 18:11:00+00:00,2024-07-01 18:11:00+00:00,2024-07-01 18:12:00+00:00,2024-07-01 18:12:00+00:00,momentum_long_late_8346db7cf1cc,1,market,0.0,1,1,4,32,35980.0
529816,529817,529817,529817,closed,timeout,21457.25,21467.25,21457.5,21467.0,21453.25,21489.25,10.0,9.5,9.0,180.0,10.0,0.5,1.0,1.0,2.75,2024-07-01 18:12:00+00:00,2024-07-01 18:12:00+00:00,2024-07-01 18:13:00+00:00,2024-07-01 18:13:00+00:00,momentum_long_late_8346db7cf1cc,1,market,0.0,1,1,4,32,36160.0
529817,529818,529818,529818,closed,stop,21467.5,21463.5,21467.75,21463.25,21463.5,21499.5,-4.0,-4.5,-5.0,-100.0,10.0,0.5,1.0,1.0,13.75,2024-07-01 18:13:00+00:00,2024-07-01 18:13:00+00:00,2024-07-01 18:14:00+00:00,2024-07-01 18:14:00+00:00,momentum_long_late_8346db7cf1cc,1,market,0.0,1,1,4,32,36060.0
529819,529820,529820,529820,closed,timeout,21463.5,21475.0,21463.75,21474.75,21459.5,21495.5,11.5,11.0,10.5,210.0,10.0,0.5,1.0,1.0,0.25,2024-07-01 18:15:00+00:00,2024-07-01 18:15:00+00:00,2024-07-01 18:16:00+00:00,2024-07-01 18:16:00+00:00,momentum_long_late_8346db7cf1cc,1,market,0.0,1,1,4,32,36270.0
529820,529821,529821,529821,closed,stop,21474.75,21470.75,21475.0,21470.5,21470.75,21506.75,-4.0,-4.5,-5.0,-100.0,10.0,0.5,1.0,1.0,4.75,2024-07-01 18:16:00+00:00,2024-07-01 18:16:00+00:00,2024-07-01 18:17:00+00:00,2024-07-01 18:17:00+00:00,momentum_long_late_8346db7cf1cc,1,market,0.0,1,1,4,32,36170.0
529821,529822,529822,529822,closed,timeout,21473.75,21478.5,21474.0,21478.25,21469.75,21505.75,4.75,4.25,3.75,75.0,10.0,0.5,1.0,1.0,0.5,2024-07-01 18:17:00+00:00,2024-07-01 18:17:00+00:00,2024-07-01 18:18:00+00:00,2024-07-01 18:18:00+00:00,momentum_long_late_8346db7cf1cc,1,market,0.0,1,1,4,32,36245.0
529822,529823,529823,529823,closed,timeout,21478.75,21480.5,21479.0,21480.25,21474.75,21510.75,1.75,1.25,0.75,15.0,10.0,0.5,1.0,1.0,2.5,2024-07-01 18:18:00+00:00,2024-07-01 18:18:00+00:00,2024-07-01 18:19:00+00:00,2024-07-01 18:19:00+00:00,momentum_long_late_8346db7cf1cc,1,market,0.0,1,1,4,32,36260.0
529823,529824,529824,529824,closed,timeout,21481.0,21481.0,21481.25,21480.75,21477.0,21513.0,0.0,-0.5,-1.0,-20.0,10.0,0.5,1.0,1.0,2.75,2024-07-01 18:19:00+00:00,2024-07-01 18:19:00+00:00,2024-07-01 18:20:00+00:00,2024-07-01 18:20:00+00:00,momentum_long_late_8346db7cf1cc,1,market,0.0,1,1,4,32,36240.0
529824,529825,529825,529825,closed,stop,21481.0,21477.0,21481.25,21476.75,21477.0,21513.0,-4.0,-4.5,-5.0,-100.0,10.0,0.5,1.0,1.0,10.5,2024-07-01 18:20:00+00:00,2024-07-01 18:20:00+00:00,2024-07-01 18:21:00+00:00,2024-07-01 18:21:00+00:00,momentum_long_late_8346db7cf1cc,1,market,0.0,1,1,4,32,36140.0
529872,529873,529873,529873,closed,timeout,21469.0,21470.75,21469.25,21470.5,21465.0,21501.0,1.75,1.25,0.75,15.0,10.0,0.5,1.0,1.0,3.5,2024-07-01 19:08:00+00:00,2024-07-01 19:08:00+00:00,2024-07-01 19:09:00+00:00,2024-07-01 19:09:00+00:00,momentum_long_late_8346db7cf1cc,1,market,0.0,1,1,4,32,36155.0
529875,529876,529876,529876,closed,stop,21470.75,21466.75,21471.0,21466.5,21466.75,21502.75,-4.0,-4.5,-5.0,-100.0,10.0,0.5,1.0,1.0,5.5,2024-07-01 19:11:00+00:00,2024-07-01 19:11:00+00:00,2024-07-01 19:12:00+00:00,2024-07-01 19:12:00+00:00,momentum_long_late_8346db7cf1cc,1,market,0.0,1,1,4,32,36055.0
529917,529918,529918,529918,closed,stop,21482.75,21478.75,21483.0,21478.5,21478.75,21514.75,-4.0,-4.5,-5.0,-100.0,10.0,0.5,1.0,1.0,7.5,2024-07-01 19:53:00+00:00,2024-07-01 19:53:00+00:00,2024-07-01 19:54:00+00:00,2024-07-01 19:54:00+00:00,momentum_long_late_8346db7cf1cc,1,market,0.0,1,1,4,32,35955.0
529919,529920,529920,529920,closed,timeout,21492.25,21495.75,21492.5,21495.5,21488.25,21524.25,3.5,3.0,2.5,50.0,10.0,0.5,1.0,1.0,3.75,2024-07-01 19:55:00+00:00,2024-07-01 19:55:00+00:00,2024-07-01 19:56:00+00:00,2024-07-01 19:56:00+00:00,momentum_long_late_8346db7cf1cc,1,market,0.0,1,1,4,32,36005.0
529920,529921,529921,529921,closed,timeout,21496.0,21503.25,21496.25,21503.0,21492.0,21528.0,7.25,6.75,6.25,125.0,10.0,0.5,1.0,1.0,1.0,2024-07-01 19:56:00+00:00,2024-07-01 19:56:00+00:00,2024-07-01 19:57:00+00:00,2024-07-01 19:57:00+00:00,momentum_long_late_8346db7cf1cc,1,market,0.0,1,1,4,32,36130.0
529921,529922,529922,529922,closed,stop,21503.25,21499.25,21503.5,21499.0,21499.25,21535.25,-4.0,-4.5,-5.0,-100.0,10.0,0.5,1.0,1.0,7.75,2024-07-01 19:57:00+00:00,2024-07-01 19:57:00+00:00,2024-07-01 19:58:00+00:00,2024-07-01 19:58:00+00:00,momentum_long_late_8346db7cf1cc,1,market,0.0,1,1,4,32,36030.0
529922,529923,529923,529923,closed,stop,21500.25,21496.25,21500.5,21496.0,21496.25,21532.25,-4.0,-4.5,-5.0,-100.0,10.0,0.5,1.0,1.0,14.75,2024-07-01 19:58:00+00:00,2024-07-01 19:58:00+00:00,2024-07-01 19:59:00+00:00,2024-07-01 19:59:00+00:00,momentum_long_late_8346db7cf1cc,1,market,0.0,1,1,4,32,35930.0
529923,529924,529924,529924,closed,stop,21491.0,21487.0,21491.25,21486.75,21487.0,21523.0,-4.0,-4.5,-5.0,-100.0,10.0,0.5,1.0,1.0,12.0,2024-07-01 19:59:00+00:00,2024-07-01 19:59:00+00:00,2024-07-01 20:00:00+00:00,2024-07-01 20:00:00+00:00,momentum_long_late_8346db7cf1cc,1,market,0.0,1,1,4,32,35830.0
531183,531184,531184,531184,closed,stop,21661.75,21657.75,21662.0,21657.5,21657.75,21693.75,-4.0,-4.5,-5.0,-100.0,10.0,0.5,1.0,1.0,11.0,2024-07-02 18:14:00+00:00,2024-07-02 18:14:00+00:00,2024-07-02 18:15:00+00:00,2024-07-02 18:15:00+00:00,momentum_long_late_8346db7cf1cc,1,market,0.0,1,1,4,32,35730.0
531195,531196,531196,531196,closed,stop,21657.75,21653.75,21658.0,21653.5,21653.75,21689.75,-4.0,-4.5,-5.0,-100.0,10.0,0.5,1.0,1.0,6.5,2024-07-02 18:26:00+00:00,2024-07-02 18:26:00+00:00,2024-07-02 18:27:00+00:00,2024-07-02 18:27:00+00:00,momentum_long_late_8346db7cf1cc,1,market,0.0,1,1,4,32,35630.0
531220,531221,531221,531221,closed,timeout,21668.0,21669.75,21668.25,21669.5,21664.0,21700.0,1.75,1.25,0.75,15.0,10.0,0.5,1.0,1.0,1.0,2024-07-02 18:51:00+00:00,2024-07-02 18:51:00+00:00,2024-07-02 18:52:00+00:00,2024-07-02 18:52:00+00:00,momentum_long_late_8346db7cf1cc,1,market,0.0,1,1,4,32,35645.0
531221,531222,531222,531222,closed,timeout,21670.0,21670.5,21670.25,21670.25,21666.0,21702.0,0.5,0.0,-0.5,-10.0,10.0,0.5,1.0,1.0,0.75,2024-07-02 18:52:00+00:00,2024-07-02 18:52:00+00:00,2024-07-02 18:53:00+00:00,2024-07-02 18:53:00+00:00,momentum_long_late_8346db7cf1cc,1,market,0.0,1,1,4,32,35635.0
531222,531223,531223,531223,closed,stop,21671.0,21667.0,21671.25,21666.75,21667.0,21703.0,-4.0,-4.5,-5.0,-100.0,10.0,0.5,1.0,1.0,5.5,2024-07-02 18:53:00+00:00,2024-07-02 18:53:00+00:00,2024-07-02 18:54:00+00:00,2024-07-02 18:54:00+00:00,momentum_long_late_8346db7cf1cc,1,market,0.0,1,1,4,32,35535.0
531286,531287,531287,531287,closed,stop,21679.0,21675.0,21679.25,21674.75,21675.0,21711.0,-4.0,-4.5,-5.0,-100.0,10.0,0.5,1.0,1.0,12.0,2024-07-02 19:57:00+00:00,2024-07-02 19:57:00+00:00,2024-07-02 19:58:00+00:00,2024-07-02 19:58:00+00:00,momentum_long_late_8346db7cf1cc,1,market,0.0,1,1,4,32,35435.0
531287,531288,531288,531288,closed,timeout,21678.25,21687.0,21678.5,21686.75,21674.25,21710.25,8.75,8.25,7.75,155.0,10.0,0.5,1.0,1.0,1.25,2024-07-02 19:58:00+00:00,2024-07-02 19:58:00+00:00,2024-07-02 19:59:00+00:00,2024-07-02 19:59:00+00:00,momentum_long_late_8346db7cf1cc,1,market,0.0,1,1,4,32,35590.0
531288,531289,531289,531289,closed,stop,21687.0,21683.0,21687.25,21682.75,21683.0,21719.0,-4.0,-4.5,-5.0,-100.0,10.0,0.5,1.0,1.0,6.5,2024-07-02 19:59:00+00:00,2024-07-02 19:59:00+00:00,2024-07-02 20:00:00+00:00,2024-07-02 20:00:00+00:00,momentum_long_late_8346db7cf1cc,1,market,0.0,1,1,4,32,35490.0
534861,534862,534862,534862,closed,timeout,22047.5,22047.25,22047.75,22047.0,22043.5,22079.5,-0.25,-0.75,-1.25,-25.0,10.0,0.5,1.0,1.0,3.75,2024-07-05 18:51:00+00:00,2024-07-05 18:51:00+00:00,2024-07-05 18:52:00+00:00,2024-07-05 18:52:00+00:00,momentum_long_late_8346db7cf1cc,1,market,0.0,1,1,4,32,35465.0
534863,534864,534864,534864,closed,stop,22048.0,22044.0,22048.25,22043.75,22044.0,22080.0,-4.0,-4.5,-5.0,-100.0,10.0,0.5,1.0,1.0,6.0,2024-07-05 18:53:00+00:00,2024-07-05 18:53:00+00:00,2024-07-05 18:54:00+00:00,2024-07-05 18:54:00+00:00,momentum_long_late_8346db7cf1cc,1,market,0.0,1,1,4,32,35365.0
534876,534877,534877,534877,closed,timeout,22053.5,22053.25,22053.75,22053.0,22049.5,22085.5,-0.25,-0.75,-1.25,-25.0,10.0,0.5,1.0,1.0,3.75,2024-07-05 19:06:00+00:00,2024-07-05 19:06:00+00:00,2024-07-05 19:07:00+00:00,2024-07-05 19:07:00+00:00,momentum_long_late_8346db7cf1cc,1,market,0.0,1,1,4,32,35340.0
534877,534878,534878,534878,closed,timeout,22053.5,22053.75,22053.75,22053.5,22049.5,22085.5,0.25,-0.25,-0.75,-15.0,10.0,0.5,1.0,1.0,2.0,2024-07-05 19:07:00+00:00,2024-07-05 19:07:00+00:00,2024-07-05 19:08:00+00:00,2024-07-05 19:08:00+00:00,momentum_long_late_8346db7cf1cc,1,market,0.0,1,1,4,32,35325.0
534879,534880,534880,534880,closed,timeout,22058.5,22056.0,22058.75,22055.75,22054.5,22090.5,-2.5,-3.0,-3.5,-70.0,10.0,0.5,1.0,1.0,2.75,2024-07-05 19:09:00+00:00,2024-07-05 19:09:00+00:00,2024-07-05 19:10:00+00:00,2024-07-05 19:10:00+00:00,momentum_long_late_8346db7cf1cc,1,market,0.0,1,1,4,32,35255.0
534916,534917,534917,534917,closed,stop,22066.75,22062.75,22067.0,22062.5,22062.75,22098.75,-4.0,-4.5,-5.0,-100.0,10.0,0.5,1.0,1.0,6.25,2024-07-05 19:46:00+00:00,2024-07-05 19:46:00+00:00,2024-07-05 19:47:00+00:00,2024-07-05 19:47:00+00:00,momentum_long_late_8346db7cf1cc,1,market,0.0,1,1,4,32,35155.0
536201,536202,536202,536202,closed,timeout,22087.75,22088.5,22088.0,22088.25,22083.75,22119.75,0.75,0.25,-0.25,-5.0,10.0,0.5,1.0,1.0,2.0,2024-07-08 18:26:00+00:00,2024-07-08 18:26:00+00:00,2024-07-08 18:27:00+00:00,2024-07-08 18:27:00+00:00,momentum_long_late_8346db7cf1cc,1,market,0.0,1,1,4,32,35150.0
536202,536203,536203,536203,closed,timeout,22088.25,22087.75,22088.5,22087.5,22084.25,22120.25,-0.5,-1.0,-1.5,-30.0,10.0,0.5,1.0,1.0,2.75,2024-07-08 18:27:00+00:00,2024-07-08 18:27:00+00:00,2024-07-08 18:28:00+00:00,2024-07-08 18:28:00+00:00,momentum_long_late_8346db7cf1cc,1,market,0.0,1,1,4,32,35120.0
536203,536204,536204,536204,closed,timeout,22087.5,22086.75,22087.75,22086.5,22083.5,22119.5,-0.75,-1.25,-1.75,-35.0,10.0,0.5,1.0,1.0,2.5,2024-07-08 18:28:00+00:00,2024-07-08 18:28:00+00:00,2024-07-08 18:29:00+00:00,2024-07-08 18:29:00+00:00,momentum_long_late_8346db7cf1cc,1,market,0.0,1,1,4,32,35085.0
536231,536232,536232,536232,closed,timeout,22077.25,22080.75,22077.5,22080.5,22073.25,22109.25,3.5,3.0,2.5,50.0,10.0,0.5,1.0,1.0,0.25,2024-07-08 18:56:00+00:00,2024-07-08 18:56:00+00:00,2024-07-08 18:57:00+00:00,2024-07-08 18:57:00+00:00,momentum_long_late_8346db7cf1cc,1,market,0.0,1,1,4,32,35135.0
536232,536233,536233,536233,closed,timeout,22081.0,22080.75,22081.25,22080.5,22077.0,22113.0,-0.25,-0.75,-1.25,-25.0,10.0,0.5,1.0,1.0,2.5,2024-07-08 18:57:00+00:00,2024-07-08 18:57:00+00:00,2024-07-08 18:58:00+00:00,2024-07-08 18:58:00+00:00,momentum_long_late_8346db7cf1cc,1,market,0.0,1,1,4,32,35110.0
536233,536234,536234,536234,closed,timeout,22080.75,22078.5,22081.0,22078.25,22076.75,22112.75,-2.25,-2.75,-3.25,-65.0,10.0,0.5,1.0,1.0,3.75,2024-07-08 18:58:00+00:00,2024-07-08 18:58:00+00:00,2024-07-08 18:59:00+00:00,2024-07-08 18:59:00+00:00,momentum_long_late_8346db7cf1cc,1,market,0.0,1,1,4,32,35045.0
536234,536235,536235,536235,closed,timeout,22078.5,22079.0,22078.75,22078.75,22074.5,22110.5,0.5,0.0,-0.5,-10.0,10.0,0.5,1.0,1.0,0.25,2024-07-08 18:59:00+00:00,2024-07-08 18:59:00+00:00,2024-07-08 19:00:00+00:00,2024-07-08 19:00:00+00:00,momentum_long_late_8346db7cf1cc,1,market,0.0,1,1,4,32,35035.0
536235,536236,536236,536236,closed,stop,22079.0,22075.0,22079.25,22074.75,22075.0,22111.0,-4.0,-4.5,-5.0,-100.0,10.0,0.5,1.0,1.0,10.75,2024-07-08 19:00:00+00:00,2024-07-08 19:00:00+00:00,2024-07-08 19:01:00+00:00,2024-07-08 19:01:00+00:00,momentum_long_late_8346db7cf1cc,1,market,0.0,1,1,4,32,34935.0
536282,536283,536283,536283,closed,stop,22074.75,22070.75,22075.0,22070.5,22070.75,22106.75,-4.0,-4.5,-5.0,-100.0,10.0,0.5,1.0,1.0,6.0,2024-07-08 19:47:00+00:00,2024-07-08 19:47:00+00:00,2024-07-08 19:48:00+00:00,2024-07-08 19:48:00+00:00,momentum_long_late_8346db7cf1cc,1,market,0.0,1,1,4,32,34835.0
536284,536285,536285,536285,closed,timeout,22073.25,22076.5,22073.5,22076.25,22069.25,22105.25,3.25,2.75,2.25,45.0,10.0,0.5,1.0,1.0,2.0,2024-07-08 19:49:00+00:00,2024-07-08 19:49:00+00:00,2024-07-08 19:50:00+00:00,2024-07-08 19:50:00+00:00,momentum_long_late_8346db7cf1cc,1,market,0.0,1,1,4,32,34880.0
536286,536287,536287,536287,closed,timeout,22082.25,22085.0,22082.5,22084.75,22078.25,22114.25,2.75,2.25,1.75,35.0,10.0,0.5,1.0,1.0,1.25,2024-07-08 19:51:00+00:00,2024-07-08 19:51:00+00:00,2024-07-08 19:52:00+00:00,2024-07-08 19:52:00+00:00,momentum_long_late_8346db7cf1cc,1,market,0.0,1,1,4,32,34915.0
536287,536288,536288,536288,closed,timeout,22084.75,22087.5,22085.0,22087.25,22080.75,22116.75,2.75,2.25,1.75,35.0,10.0,0.5,1.0,1.0,3.75,2024-07-08 19:52:00+00:00,2024-07-08 19:52:00+00:00,2024-07-08 19:53:00+00:00,2024-07-08 19:53:00+00:00,momentum_long_late_8346db7cf1cc,1,market,0.0,1,1,4,32,34950.0
536288,536289,536289,536289,closed,stop,22087.5,22083.5,22087.75,22083.25,22083.5,22119.5,-4.0,-4.5,-5.0,-100.0,10.0,0.5,1.0,1.0,4.75,2024-07-08 19:53:00+00:00,2024-07-08 19:53:00+00:00,2024-07-08 19:54:00+00:00,2024-07-08 19:54:00+00:00,momentum_long_late_8346db7cf1cc,1,market,0.0,1,1,4,32,34850.0
536289,536290,536290,536290,closed,timeout,22087.75,22099.25,22088.0,22099.0,22083.75,22119.75,11.5,11.0,10.5,210.0,10.0,0.5,1.0,1.0,1.0,2024-07-08 19:54:00+00:00,2024-07-08 19:54:00+00:00,2024-07-08 19:55:00+00:00,2024-07-08 19:55:00+00:00,momentum_long_late_8346db7cf1cc,1,market,0.0,1,1,4,32,35060.0
536290,536291,536291,536291,closed,timeout,22098.75,22104.75,22099.0,22104.5,22094.75,22130.75,6.0,5.5,5.0,100.0,10.0,0.5,1.0,1.0,1.25,2024-07-08 19:55:00+00:00,2024-07-08 19:55:00+00:00,2024-07-08 19:56:00+00:00,2024-07-08 19:56:00+00:00,momentum_long_late_8346db7cf1cc,1,market,0.0,1,1,4,32,35160.0
536291,536292,536292,536292,closed,stop,22105.0,22101.0,22105.25,22100.75,22101.0,22137.0,-4.0,-4.5,-5.0,-100.0,10.0,0.5,1.0,1.0,11.25,2024-07-08 19:56:00+00:00,2024-07-08 19:56:00+00:00,2024-07-08 19:57:00+00:00,2024-07-08 19:57:00+00:00,momentum_long_late_8346db7cf1cc,1,market,0.0,1,1,4,32,35060.0
536292,536293,536293,536293,closed,stop,22096.25,22092.25,22096.5,22092.0,22092.25,22128.25,-4.0,-4.5,-5.0,-100.0,10.0,0.5,1.0,1.0,7.5,2024-07-08 19:57:00+00:00,2024-07-08 19:57:00+00:00,2024-07-08 19:58:00+00:00,2024-07-08 19:58:00+00:00,momentum_long_late_8346db7cf1cc,1,market,0.0,1,1,4,32,34960.0
537583,537584,537584,537584,closed,timeout,22103.5,22105.5,22103.75,22105.25,22099.5,22135.5,2.0,1.5,1.0,20.0,10.0,0.5,1.0,1.0,1.0,2024-07-09 18:44:00+00:00,2024-07-09 18:44:00+00:00,2024-07-09 18:45:00+00:00,2024-07-09 18:45:00+00:00,momentum_long_late_8346db7cf1cc,1,market,0.0,1,1,4,32,34980.0
537584,537585,537585,537585,closed,timeout,22105.75,22105.5,22106.0,22105.25,22101.75,22137.75,-0.25,-0.75,-1.25,-25.0,10.0,0.5,1.0,1.0,2.75,2024-07-09 18:45:00+00:00,2024-07-09 18:45:00+00:00,2024-07-09 18:46:00+00:00,2024-07-09 18:46:00+00:00,momentum_long_late_8346db7cf1cc,1,market,0.0,1,1,4,32,34955.0
537585,537586,537586,537586,closed,timeout,22105.25,22107.0,22105.5,22106.75,22101.25,22137.25,1.75,1.25,0.75,15.0,10.0,0.5,1.0,1.0,2.25,2024-07-09 18:46:00+00:00,2024-07-09 18:46:00+00:00,2024-07-09 18:47:00+00:00,2024-07-09 18:47:00+00:00,momentum_long_late_8346db7cf1cc,1,market,0.0,1,1,4,32,34970.0
537586,537587,537587,537587,closed,timeout,22107.25,22109.0,22107.5,22108.75,22103.25,22139.25,1.75,1.25,0.75,15.0,10.0,0.5,1.0,1.0,1.0,2024-07-09 18:47:00+00:00,2024-07-09 18:47:00+00:00,2024-07-09 18:48:00+00:00,2024-07-09 18:48:00+00:00,momentum_long_late_8346db7cf1cc,1,market,0.0,1,1,4,32,34985.0
537587,537588,537588,537588,closed,timeout,22109.0,22111.25,22109.25,22111.0,22105.0,22141.0,2.25,1.75,1.25,25.0,10.0,0.5,1.0,1.0,0.5,2024-07-09 18:48:00+00:00,2024-07-09 18:48:00+00:00,2024-07-09 18:49:00+00:00,2024-07-09 18:49:00+00:00,momentum_long_late_8346db7cf1cc,1,market,0.0,1,1,4,32,35010.0
537588,537589,537589,537589,closed,stop,22111.0,22107.0,22111.25,22106.75,22107.0,22143.0,-4.0,-4.5,-5.0,-100.0,10.0,0.5,1.0,1.0,5.75,2024-07-09 18:49:00+00:00,2024-07-09 18:49:00+00:00,2024-07-09 18:50:00+00:00,2024-07-09 18:50:00+00:00,momentum_long_late_8346db7cf1cc,1,market,0.0,1,1,4,32,34910.0
537602,537603,537603,537603,closed,timeout,22107.5,22105.75,22107.75,22105.5,22103.5,22139.5,-1.75,-2.25,-2.75,-55.0,10.0,0.5,1.0,1.0,2.25,2024-07-09 19:03:00+00:00,2024-07-09 19:03:00+00:00,2024-07-09 19:04:00+00:00,2024-07-09 19:04:00+00:00,momentum_long_late_8346db7cf1cc,1,market,0.0,1,1,4,32,34855.0
537641,537642,537642,537642,closed,timeout,22105.75,22105.5,22106.0,22105.25,22101.75,22137.75,-0.25,-0.75,-1.25,-25.0,10.0,0.5,1.0,1.0,2.75,2024-07-09 19:42:00+00:00,2024-07-09 19:42:00+00:00,2024-07-09 19:43:00+00:00,2024-07-09 19:43:00+00:00,momentum_long_late_8346db7cf1cc,1,market,0.0,1,1,4,32,34830.0
537642,537643,537643,537643,closed,timeout,22106.0,22104.5,22106.25,22104.25,22102.0,22138.0,-1.5,-2.0,-2.5,-50.0,10.0,0.5,1.0,1.0,2.25,2024-07-09 19:43:00+00:00,2024-07-09 19:43:00+00:00,2024-07-09 19:44:00+00:00,2024-07-09 19:44:00+00:00,momentum_long_late_8346db7cf1cc,1,market,0.0,1,1,4,32,34780.0
538951,538952,538952,538952,closed,timeout,22323.75,22323.0,22324.0,22322.75,22319.75,22355.75,-0.75,-1.25,-1.75,-35.0,10.0,0.5,1.0,1.0,3.0,2024-07-10 18:47:00+00:00,2024-07-10 18:47:00+00:00,2024-07-10 18:48:00+00:00,2024-07-10 18:48:00+00:00,momentum_long_late_8346db7cf1cc,1,market,0.0,1,1,4,32,34745.0
538952,538953,538953,538953,closed,timeout,22323.5,22321.75,22323.75,22321.5,22319.5,22355.5,-1.75,-2.25,-2.75,-55.0,10.0,0.5,1.0,1.0,2.5,2024-07-10 18:48:00+00:00,2024-07-10 18:48:00+00:00,2024-07-10 18:49:00+00:00,2024-07-10 18:49:00+00:00,momentum_long_late_8346db7cf1cc,1,market,0.0,1,1,4,32,34690.0
538953,538954,538954,538954,closed,timeout,22321.5,22321.25,22321.75,22321.0,22317.5,22353.5,-0.25,-0.75,-1.25,-25.0,10.0,0.5,1.0,1.0,3.0,2024-07-10 18:49:00+00:00,2024-07-10 18:49:00+00:00,2024-07-10 18:50:00+00:00,2024-07-10 18:50:00+00:00,momentum_long_late_8346db7cf1cc,1,market,0.0,1,1,4,32,34665.0
538954,538955,538955,538955,closed,timeout,22321.25,22321.75,22321.5,22321.5,22317.25,22353.25,0.5,0.0,-0.5,-10.0,10.0,0.5,1.0,1.0,0.75,2024-07-10 18:50:00+00:00,2024-07-10 18:50:00+00:00,2024-07-10 18:51:00+00:00,2024-07-10 18:51:00+00:00,momentum_long_late_8346db7cf1cc,1,market,0.0,1,1,4,32,34655.0
538955,538956,538956,538956,closed,timeout,22321.75,22323.5,22322.0,22323.25,22317.75,22353.75,1.75,1.25,0.75,15.0,10.0,0.5,1.0,1.0,0.25,2024-07-10 18:51:00+00:00,2024-07-10 18:51:00+00:00,2024-07-10 18:52:00+00:00,2024-07-10 18:52:00+00:00,momentum_long_late_8346db7cf1cc,1,market,0.0,1,1,4,32,34670.0
539000,539001,539001,539001,closed,timeout,22312.75,22310.25,22313.0,22310.0,22308.75,22344.75,-2.5,-3.0,-3.5,-70.0,10.0,0.5,1.0,1.0,4.0,2024-07-10 19:36:00+00:00,2024-07-10 19:36:00+00:00,2024-07-10 19:37:00+00:00,2024-07-10 19:37:00+00:00,momentum_long_late_8346db7cf1cc,1,market,0.0,1,1,4,32,34600.0
539005,539006,539006,539006,closed,timeout,22318.75,22322.5,22319.0,22322.25,22314.75,22350.75,3.75,3.25,2.75,55.0,10.0,0.5,1.0,1.0,1.25,2024-07-10 19:41:00+00:00,2024-07-10 19:41:00+00:00,2024-07-10 19:42:00+00:00,2024-07-10 19:42:00+00:00,momentum_long_late_8346db7cf1cc,1,market,0.0,1,1,4,32,34655.0
539006,539007,539007,539007,closed,stop,22322.5,22318.5,22322.75,22318.25,22318.5,22354.5,-4.0,-4.5,-5.0,-100.0,10.0,0.5,1.0,1.0,6.5,2024-07-10 19:42:00+00:00,2024-07-10 19:42:00+00:00,2024-07-10 19:43:00+00:00,2024-07-10 19:43:00+00:00,momentum_long_late_8346db7cf1cc,1,market,0.0,1,1,4,32,34555.0
539017,539018,539018,539018,closed,timeout,22344.0,22345.75,22344.25,22345.5,22340.0,22376.0,1.75,1.25,0.75,15.0,10.0,0.5,1.0,1.0,3.75,2024-07-10 19:53:00+00:00,2024-07-10 19:53:00+00:00,2024-07-10 19:54:00+00:00,2024-07-10 19:54:00+00:00,momentum_long_late_8346db7cf1cc,1,market,0.0,1,1,4,32,34570.0
539018,539019,539019,539019,closed,stop,22345.5,22341.5,22345.75,22341.25,22341.5,22377.5,-4.0,-4.5,-5.0,-100.0,10.0,0.5,1.0,1.0,13.0,2024-07-10 19:54:00+00:00,2024-07-10 19:54:00+00:00,2024-07-10 19:55:00+00:00,2024-07-10 19:55:00+00:00,momentum_long_late_8346db7cf1cc,1,market,0.0,1,1,4,32,34470.0
539019,539020,539020,539020,closed,stop,22346.25,22342.25,22346.5,22342.0,22342.25,22378.25,-4.0,-4.5,-5.0,-100.0,10.0,0.5,1.0,1.0,13.25,2024-07-10 19:55:00+00:00,2024-07-10 19:55:00+00:00,2024-07-10 19:56:00+00:00,2024-07-10 19:56:00+00:00,momentum_long_late_8346db7cf1cc,1,market,0.0,1,1,4,32,34370.0
540291,540292,540292,540292,closed,timeout,21860.75,21871.5,21861.0,21871.25,21856.75,21892.75,10.75,10.25,9.75,195.0,10.0,0.5,1.0,1.0,0.25,2024-07-11 18:22:00+00:00,2024-07-11 18:22:00+00:00,2024-07-11 18:23:00+00:00,2024-07-11 18:23:00+00:00,momentum_long_late_8346db7cf1cc,1,market,0.0,1,1,4,32,34565.0
540292,540293,540293,540293,closed,stop,21871.5,21867.5,21871.75,21867.25,21867.5,21903.5,-4.0,-4.5,-5.0,-100.0,10.0,0.5,1.0,1.0,15.5,2024-07-11 18:23:00+00:00,2024-07-11 18:23:00+00:00,2024-07-11 18:24:00+00:00,2024-07-11 18:24:00+00:00,momentum_long_late_8346db7cf1cc,1,market,0.0,1,1,4,32,34465.0
540331,540332,540332,540332,closed,stop,21912.5,21908.5,21912.75,21908.25,21908.5,21944.5,-4.0,-4.5,-5.0,-100.0,10.0,0.5,1.0,1.0,10.25,2024-07-11 19:02:00+00:00,2024-07-11 19:02:00+00:00,2024-07-11 19:03:00+00:00,2024-07-11 19:03:00+00:00,momentum_long_late_8346db7cf1cc,1,market,0.0,1,1,4,32,34365.0
540333,540334,540334,540334,closed,timeout,21913.25,21924.75,21913.5,21924.5,21909.25,21945.25,11.5,11.0,10.5,210.0,10.0,0.5,1.0,1.0,3.25,2024-07-11 19:04:00+00:00,2024-07-11 19:04:00+00:00,2024-07-11 19:05:00+00:00,2024-07-11 19:05:00+00:00,momentum_long_late_8346db7cf1cc,1,market,0.0,1,1,4,32,34575.0
540334,540335,540335,540335,closed,stop,21924.5,21920.5,21924.75,21920.25,21920.5,21956.5,-4.0,-4.5,-5.0,-100.0,10.0,0.5,1.0,1.0,8.5,2024-07-11 19:05:00+00:00,2024-07-11 19:05:00+00:00,2024-07-11 19:06:00+00:00,2024-07-11 19:06:00+00:00,momentum_long_late_8346db7cf1cc,1,market,0.0,1,1,4,32,34475.0
540369,540370,540370,540370,closed,stop,21920.5,21916.5,21920.75,21916.25,21916.5,21952.5,-4.0,-4.5,-5.0,-100.0,10.0,0.5,1.0,1.0,15.25,2024-07-11 19:40:00+00:00,2024-07-11 19:40:00+00:00,2024-07-11 19:41:00+00:00,2024-07-11 19:41:00+00:00,momentum_long_late_8346db7cf1cc,1,market,0.0,1,1,4,32,34375.0
543023,543024,543024,543024,closed,timeout,22022.0,22026.5,22022.25,22026.25,22018.0,22054.0,4.5,4.0,3.5,70.0,10.0,0.5,1.0,1.0,1.0,2024-07-15 18:24:00+00:00,2024-07-15 18:24:00+00:00,2024-07-15 18:25:00+00:00,2024-07-15 18:25:00+00:00,momentum_long_late_8346db7cf1cc,1,market,0.0,1,1,4,32,34445.0
543024,543025,543025,543025,closed,stop,22026.25,22022.25,22026.5,22022.0,22022.25,22058.25,-4.0,-4.5,-5.0,-100.0,10.0,0.5,1.0,1.0,9.75,2024-07-15 18:25:00+00:00,2024-07-15 18:25:00+00:00,2024-07-15 18:26:00+00:00,2024-07-15 18:26:00+00:00,momentum_long_late_8346db7cf1cc,1,market,0.0,1,1,4,32,34345.0
543030,543031,543031,543031,closed,timeout,22037.0,22045.25,22037.25,22045.0,22033.0,22069.0,8.25,7.75,7.25,145.0,10.0,0.5,1.0,1.0,2.0,2024-07-15 18:31:00+00:00,2024-07-15 18:31:00+00:00,2024-07-15 18:32:00+00:00,2024-07-15 18:32:00+00:00,momentum_long_late_8346db7cf1cc,1,market,0.0,1,1,4,32,34490.0
543031,543032,543032,543032,closed,timeout,22046.0,22062.5,22046.25,22062.25,22042.0,22078.0,16.5,16.0,15.5,310.0,10.0,0.5,1.0,1.0,3.75,2024-07-15 18:32:00+00:00,2024-07-15 18:32:00+00:00,2024-07-15 18:33:00+00:00,2024-07-15 18:33:00+00:00,momentum_long_late_8346db7cf1cc,1,market,0.0,1,1,4,32,34800.0
543032,543033,543033,543033,closed,stop,22061.75,22057.75,22062.0,22057.5,22057.75,22093.75,-4.0,-4.5,-5.0,-100.0,10.0,0.5,1.0,1.0,6.5,2024-07-15 18:33:00+00:00,2024-07-15 18:33:00+00:00,2024-07-15 18:34:00+00:00,2024-07-15 18:34:00+00:00,momentum_long_late_8346db7cf1cc,1,market,0.0,1,1,4,32,34700.0
543033,543034,543034,543034,closed,timeout,22059.25,22059.5,22059.5,22059.25,22055.25,22091.25,0.25,-0.25,-0.75,-15.0,10.0,0.5,1.0,1.0,2.5,2024-07-15 18:34:00+00:00,2024-07-15 18:34:00+00:00,2024-07-15 18:35:00+00:00,2024-07-15 18:35:00+00:00,momentum_long_late_8346db7cf1cc,1,market,0.0,1,1,4,32,34685.0
543034,543035,543035,543035,closed,stop,22058.5,22054.5,22058.75,22054.25,22054.5,22090.5,-4.0,-4.5,-5.0,-100.0,10.0,0.5,1.0,1.0,4.75,2024-07-15 18:35:00+00:00,2024-07-15 18:35:00+00:00,2024-07-15 18:36:00+00:00,2024-07-15 18:36:00+00:00,momentum_long_late_8346db7cf1cc,1,market,0.0,1,1,4,32,34585.0
543035,543036,543036,543036,closed,timeout,22056.0,22054.75,22056.25,22054.5,22052.0,22088.0,-1.25,-1.75,-2.25,-45.0,10.0,0.5,1.0,1.0,1.75,2024-07-15 18:36:00+00:00,2024-07-15 18:36:00+00:00,2024-07-15 18:37:00+00:00,2024-07-15 18:37:00+00:00,momentum_long_late_8346db7cf1cc,1,market,0.0,1,1,4,32,34540.0
543076,543077,543077,543077,closed,stop,22072.0,22068.0,22072.25,22067.75,22068.0,22104.0,-4.0,-4.5,-5.0,-100.0,10.0,0.5,1.0,1.0,8.5,2024-07-15 19:17:00+00:00,2024-07-15 19:17:00+00:00,2024-07-15 19:18:00+00:00,2024-07-15 19:18:00+00:00,momentum_long_late_8346db7cf1cc,1,market,0.0,1,1,4,32,34440.0
544391,544392,544392,544392,closed,timeout,21970.5,21971.75,21970.75,21971.5,21966.5,22002.5,1.25,0.75,0.25,5.0,10.0,0.5,1.0,1.0,1.0,2024-07-16 18:27:00+00:00,2024-07-16 18:27:00+00:00,2024-07-16 18:28:00+00:00,2024-07-16 18:28:00+00:00,momentum_long_late_8346db7cf1cc,1,market,0.0,1,1,4,32,34445.0
544392,544393,544393,544393,closed,stop,21971.75,21967.75,21972.0,21967.5,21967.75,22003.75,-4.0,-4.5,-5.0,-100.0,10.0,0.5,1.0,1.0,7.0,2024-07-16 18:28:00+00:00,2024-07-16 18:28:00+00:00,2024-07-16 18:29:00+00:00,2024-07-16 18:29:00+00:00,momentum_long_late_8346db7cf1cc,1,market,0.0,1,1,4,32,34345.0
544400,544401,544401,544401,closed,timeout,21985.25,21997.75,21985.5,21997.5,21981.25,22017.25,12.5,12.0,11.5,230.0,10.0,0.5,1.0,1.0,0.75,2024-07-16 18:36:00+00:00,2024-07-16 18:36:00+00:00,2024-07-16 18:37:00+00:00,2024-07-16 18:37:00+00:00,momentum_long_late_8346db7cf1cc,1,market,0.0,1,1,4,32,34575.0
544401,544402,544402,544402,closed,stop,21998.25,21994.25,21998.5,21994.0,21994.25,22030.25,-4.0,-4.5,-5.0,-100.0,10.0,0.5,1.0,1.0,9.75,2024-07-16 18:37:00+00:00,2024-07-16 18:37:00+00:00,2024-07-16 18:38:00+00:00,2024-07-16 18:38:00+00:00,momentum_long_late_8346db7cf1cc,1,market,0.0,1,1,4,32,34475.0
544402,544403,544403,544403,closed,timeout,21994.75,21996.25,21995.0,21996.0,21990.75,22026.75,1.5,1.0,0.5,10.0,10.0,0.5,1.0,1.0,1.5,2024-07-16 18:38:00+00:00,2024-07-16 18:38:00+00:00,2024-07-16 18:39:00+00:00,2024-07-16 18:39:00+00:00,momentum_long_late_8346db7cf1cc,1,market,0.0,1,1,4,32,34485.0
544403,544404,544404,544404,closed,timeout,21995.5,22004.25,21995.75,22004.0,21991.5,22027.5,8.75,8.25,7.75,155.0,10.0,0.5,1.0,1.0,4.0,2024-07-16 18:39:00+00:00,2024-07-16 18:39:00+00:00,2024-07-16 18:40:00+00:00,2024-07-16 18:40:00+00:00,momentum_long_late_8346db7cf1cc,1,market,0.0,1,1,4,32,34640.0
544404,544405,544405,544405,closed,timeout,22004.0,22000.75,22004.25,22000.5,22000.0,22036.0,-3.25,-3.75,-4.25,-85.0,10.0,0.5,1.0,1.0,3.5,2024-07-16 18:40:00+00:00,2024-07-16 18:40:00+00:00,2024-07-16 18:41:00+00:00,2024-07-16 18:41:00+00:00,momentum_long_late_8346db7cf1cc,1,market,0.0,1,1,4,32,34555.0
544405,544406,544406,544406,closed,stop,22000.75,21996.75,22001.0,21996.5,21996.75,22032.75,-4.0,-4.5,-5.0,-100.0,10.0,0.5,1.0,1.0,4.75,2024-07-16 18:41:00+00:00,2024-07-16 18:41:00+00:00,2024-07-16 18:42:00+00:00,2024-07-16 18:42:00+00:00,momentum_long_late_8346db7cf1cc,1,market,0.0,1,1,4,32,34455.0
544407,544408,544408,544408,closed,timeout,22009.5,22013.0,22009.75,22012.75,22005.5,22041.5,3.5,3.0,2.5,50.0,10.0,0.5,1.0,1.0,3.5,2024-07-16 18:43:00+00:00,2024-07-16 18:43:00+00:00,2024-07-16 18:44:00+00:00,2024-07-16 18:44:00+00:00,momentum_long_late_8346db7cf1cc,1,market,0.0,1,1,4,32,34505.0
544408,544409,544409,544409,closed,timeout,22012.5,22014.5,22012.75,22014.25,22008.5,22044.5,2.0,1.5,1.0,20.0,10.0,0.5,1.0,1.0,0.5,2024-07-16 18:44:00+00:00,2024-07-16 18:44:00+00:00,2024-07-16 18:45:00+00:00,2024-07-16 18:45:00+00:00,momentum_long_late_8346db7cf1cc,1,market,0.0,1,1,4,32,34525.0
544409,544410,544410,544410,closed,stop,22014.5,22010.5,22014.75,22010.25,22010.5,22046.5,-4.0,-4.5,-5.0,-100.0,10.0,0.5,1.0,1.0,16.0,2024-07-16 18:45:00+00:00,2024-07-16 18:45:00+00:00,2024-07-16 18:46:00+00:00,2024-07-16 18:46:00+00:00,momentum_long_late_8346db7cf1cc,1,market,0.0,1,1,4,32,34425.0
544483,544484,544484,544484,closed,stop,22046.0,22042.0,22046.25,22041.75,22042.0,22078.0,-4.0,-4.5,-5.0,-100.0,10.0,0.5,1.0,1.0,23.75,2024-07-16 19:59:00+00:00,2024-07-16 19:59:00+00:00,2024-07-16 20:00:00+00:00,2024-07-16 20:00:00+00:00,momentum_long_late_8346db7cf1cc,1,market,0.0,1,1,4,32,34325.0
545742,545743,545743,545743,closed,stop,21490.75,21486.75,21491.0,21486.5,21486.75,21522.75,-4.0,-4.5,-5.0,-100.0,10.0,0.5,1.0,1.0,14.25,2024-07-17 18:13:00+00:00,2024-07-17 18:13:00+00:00,2024-07-17 18:14:00+00:00,2024-07-17 18:14:00+00:00,momentum_long_late_8346db7cf1cc,1,market,0.0,1,1,4,32,34225.0
545821,545822,545822,545822,closed,stop,21499.5,21495.5,21499.75,21495.25,21495.5,21531.5,-4.0,-4.5,-5.0,-100.0,10.0,0.5,1.0,1.0,18.5,2024-07-17 19:32:00+00:00,2024-07-17 19:32:00+00:00,2024-07-17 19:33:00+00:00,2024-07-17 19:33:00+00:00,momentum_long_late_8346db7cf1cc,1,market,0.0,1,1,4,32,34125.0
547156,547157,547157,547157,closed,stop,21297.25,21293.25,21297.5,21293.0,21293.25,21329.25,-4.0,-4.5,-5.0,-100.0,10.0,0.5,1.0,1.0,8.75,2024-07-18 19:02:00+00:00,2024-07-18 19:02:00+00:00,2024-07-18 19:03:00+00:00,2024-07-18 19:03:00+00:00,momentum_long_late_8346db7cf1cc,1,market,0.0,1,1,4,32,34025.0
547188,547189,547189,547189,closed,stop,21269.5,21265.5,21269.75,21265.25,21265.5,21301.5,-4.0,-4.5,-5.0,-100.0,10.0,0.5,1.0,1.0,15.75,2024-07-18 19:34:00+00:00,2024-07-18 19:34:00+00:00,2024-07-18 19:35:00+00:00,2024-07-18 19:35:00+00:00,momentum_long_late_8346db7cf1cc,1,market,0.0,1,1,4,32,33925.0
547194,547195,547195,547195,closed,timeout,21316.75,21327.5,21317.0,21327.25,21312.75,21348.75,10.75,10.25,9.75,195.0,10.0,0.5,1.0,1.0,3.25,2024-07-18 19:40:00+00:00,2024-07-18 19:40:00+00:00,2024-07-18 19:41:00+00:00,2024-07-18 19:41:00+00:00,momentum_long_late_8346db7cf1cc,1,market,0.0,1,1,4,32,34120.0
547195,547196,547196,547196,closed,stop,21327.75,21323.75,21328.0,21323.5,21323.75,21359.75,-4.0,-4.5,-5.0,-100.0,10.0,0.5,1.0,1.0,9.5,2024-07-18 19:41:00+00:00,2024-07-18 19:41:00+00:00,2024-07-18 19:42:00+00:00,2024-07-18 19:42:00+00:00,momentum_long_late_8346db7cf1cc,1,market,0.0,1,1,4,32,34020.0
547196,547197,547197,547197,closed,timeout,21322.75,21339.5,21323.0,21339.25,21318.75,21354.75,16.75,16.25,15.75,315.0,10.0,0.5,1.0,1.0,3.0,2024-07-18 19:42:00+00:00,2024-07-18 19:42:00+00:00,2024-07-18 19:43:00+00:00,2024-07-18 19:43:00+00:00,momentum_long_late_8346db7cf1cc,1,market,0.0,1,1,4,32,34335.0
547197,547198,547198,547198,closed,timeout,21338.75,21341.0,21339.0,21340.75,21334.75,21370.75,2.25,1.75,1.25,25.0,10.0,0.5,1.0,1.0,1.5,2024-07-18 19:43:00+00:00,2024-07-18 19:43:00+00:00,2024-07-18 19:44:00+00:00,2024-07-18 19:44:00+00:00,momentum_long_late_8346db7cf1cc,1,market,0.0,1,1,4,32,34360.0
547198,547199,547199,547199,closed,stop,21341.25,21337.25,21341.5,21337.0,21337.25,21373.25,-4.0,-4.5,-5.0,-100.0,10.0,0.5,1.0,1.0,17.5,2024-07-18 19:44:00+00:00,2024-07-18 19:44:00+00:00,2024-07-18 19:45:00+00:00,2024-07-18 19:45:00+00:00,momentum_long_late_8346db7cf1cc,1,market,0.0,1,1,4,32,34260.0
547200,547201,547201,547201,closed,stop,21348.0,21344.0,21348.25,21343.75,21344.0,21380.0,-4.0,-4.5,-5.0,-100.0,10.0,0.5,1.0,1.0,9.0,2024-07-18 19:46:00+00:00,2024-07-18 19:46:00+00:00,2024-07-18 19:47:00+00:00,2024-07-18 19:47:00+00:00,momentum_long_late_8346db7cf1cc,1,market,0.0,1,1,4,32,34160.0
547201,547202,547202,547202,closed,timeout,21343.25,21357.75,21343.5,21357.5,21339.25,21375.25,14.5,14.0,13.5,270.0,10.0,0.5,1.0,1.0,3.0,2024-07-18 19:47:00+00:00,2024-07-18 19:47:00+00:00,2024-07-18 19:48:00+00:00,2024-07-18 19:48:00+00:00,momentum_long_late_8346db7cf1cc,1,market,0.0,1,1,4,32,34430.0
547202,547203,547203,547203,closed,timeout,21357.5,21375.25,21357.75,21375.0,21353.5,21389.5,17.75,17.25,16.75,335.0,10.0,0.5,1.0,1.0,2.5,2024-07-18 19:48:00+00:00,2024-07-18 19:48:00+00:00,2024-07-18 19:49:00+00:00,2024-07-18 19:49:00+00:00,momentum_long_late_8346db7cf1cc,1,market,0.0,1,1,4,32,34765.0
547203,547204,547204,547204,closed,stop,21375.75,21371.75,21376.0,21371.5,21371.75,21407.75,-4.0,-4.5,-5.0,-100.0,10.0,0.5,1.0,1.0,6.25,2024-07-18 19:49:00+00:00,2024-07-18 19:49:00+00:00,2024-07-18 19:50:00+00:00,2024-07-18 19:50:00+00:00,momentum_long_late_8346db7cf1cc,1,market,0.0,1,1,4,32,34665.0
547204,547205,547205,547205,closed,stop,21392.75,21388.75,21393.0,21388.5,21388.75,21424.75,-4.0,-4.5,-5.0,-100.0,10.0,0.5,1.0,1.0,42.5,2024-07-18 19:50:00+00:00,2024-07-18 19:50:00+00:00,2024-07-18 19:51:00+00:00,2024-07-18 19:51:00+00:00,momentum_long_late_8346db7cf1cc,1,market,0.0,1,1,4,32,34565.0
548501,548502,548502,548502,closed,stop,21144.0,21140.0,21144.25,21139.75,21140.0,21176.0,-4.0,-4.5,-5.0,-100.0,10.0,0.5,1.0,1.0,10.75,2024-07-19 18:52:00+00:00,2024-07-19 18:52:00+00:00,2024-07-19 18:53:00+00:00,2024-07-19 18:53:00+00:00,momentum_long_late_8346db7cf1cc,1,market,0.0,1,1,4,32,34465.0
548504,548505,548505,548505,closed,timeout,21141.5,21145.75,21141.75,21145.5,21137.5,21173.5,4.25,3.75,3.25,65.0,10.0,0.5,1.0,1.0,3.75,2024-07-19 18:55:00+00:00,2024-07-19 18:55:00+00:00,2024-07-19 18:56:00+00:00,2024-07-19 18:56:00+00:00,momentum_long_late_8346db7cf1cc,1,market,0.0,1,1,4,32,34530.0
548508,548509,548509,548509,closed,stop,21154.75,21150.75,21155.0,21150.5,21150.75,21186.75,-4.0,-4.5,-5.0,-100.0,10.0,0.5,1.0,1.0,6.0,2024-07-19 18:59:00+00:00,2024-07-19 18:59:00+00:00,2024-07-19 19:00:00+00:00,2024-07-19 19:00:00+00:00,momentum_long_late_8346db7cf1cc,1,market,0.0,1,1,4,32,34430.0
548509,548510,548510,548510,closed,stop,21154.0,21150.0,21154.25,21149.75,21150.0,21186.0,-4.0,-4.5,-5.0,-100.0,10.0,0.5,1.0,1.0,4.25,2024-07-19 19:00:00+00:00,2024-07-19 19:00:00+00:00,2024-07-19 19:01:00+00:00,2024-07-19 19:01:00+00:00,momentum_long_late_8346db7cf1cc,1,market,0.0,1,1,4,32,34330.0
548510,548511,548511,548511,closed,timeout,21171.0,21177.75,21171.25,21177.5,21167.0,21203.0,6.75,6.25,5.75,115.0,10.0,0.5,1.0,1.0,2.75,2024-07-19 19:01:00+00:00,2024-07-19 19:01:00+00:00,2024-07-19 19:02:00+00:00,2024-07-19 19:02:00+00:00,momentum_long_late_8346db7cf1cc,1,market,0.0,1,1,4,32,34445.0
548511,548512,548512,548512,closed,timeout,21177.75,21177.0,21178.0,21176.75,21173.75,21209.75,-0.75,-1.25,-1.75,-35.0,10.0,0.5,1.0,1.0,3.0,2024-07-19 19:02:00+00:00,2024-07-19 19:02:00+00:00,2024-07-19 19:03:00+00:00,2024-07-19 19:03:00+00:00,momentum_long_late_8346db7cf1cc,1,market,0.0,1,1,4,32,34410.0
548512,548513,548513,548513,closed,stop,21177.0,21173.0,21177.25,21172.75,21173.0,21209.0,-4.0,-4.5,-5.0,-100.0,10.0,0.5,1.0,1.0,6.5,2024-07-19 19:03:00+00:00,2024-07-19 19:03:00+00:00,2024-07-19 19:04:00+00:00,2024-07-19 19:04:00+00:00,momentum_long_late_8346db7cf1cc,1,market,0.0,1,1,4,32,34310.0
548513,548514,548514,548514,closed,timeout,21181.25,21198.75,21181.5,21198.5,21177.25,21213.25,17.5,17.0,16.5,330.0,10.0,0.5,1.0,1.0,1.0,2024-07-19 19:04:00+00:00,2024-07-19 19:04:00+00:00,2024-07-19 19:05:00+00:00,2024-07-19 19:05:00+00:00,momentum_long_late_8346db7cf1cc,1,market,0.0,1,1,4,32,34640.0
548514,548515,548515,548515,closed,stop,21199.25,21195.25,21199.5,21195.0,21195.25,21231.25,-4.0,-4.5,-5.0,-100.0,10.0,0.5,1.0,1.0,19.0,2024-07-19 19:05:00+00:00,2024-07-19 19:05:00+00:00,2024-07-19 19:06:00+00:00,2024-07-19 19:06:00+00:00,momentum_long_late_8346db7cf1cc,1,market,0.0,1,1,4,32,34540.0
548515,548516,548516,548516,closed,stop,21194.75,21190.75,21195.0,21190.5,21190.75,21226.75,-4.0,-4.5,-5.0,-100.0,10.0,0.5,1.0,1.0,18.0,2024-07-19 19:06:00+00:00,2024-07-19 19:06:00+00:00,2024-07-19 19:07:00+00:00,2024-07-19 19:07:00+00:00,momentum_long_late_8346db7cf1cc,1,market,0.0,1,1,4,32,34440.0
548517,548518,548518,548518,closed,stop,21196.5,21192.5,21196.75,21192.25,21192.5,21228.5,-4.0,-4.5,-5.0,-100.0,10.0,0.5,1.0,1.0,7.0,2024-07-19 19:08:00+00:00,2024-07-19 19:08:00+00:00,2024-07-19 19:09:00+00:00,2024-07-19 19:09:00+00:00,momentum_long_late_8346db7cf1cc,1,market,0.0,1,1,4,32,34340.0
549824,549825,549825,549825,closed,stop,21462.25,21458.25,21462.5,21458.0,21458.25,21494.25,-4.0,-4.5,-5.0,-100.0,10.0,0.5,1.0,1.0,9.0,2024-07-22 18:10:00+00:00,2024-07-22 18:10:00+00:00,2024-07-22 18:11:00+00:00,2024-07-22 18:11:00+00:00,momentum_long_late_8346db7cf1cc,1,market,0.0,1,1,4,32,34240.0
549836,549837,549837,549837,closed,stop,21468.5,21464.5,21468.75,21464.25,21464.5,21500.5,-4.0,-4.5,-5.0,-100.0,10.0,0.5,1.0,1.0,11.5,2024-07-22 18:22:00+00:00,2024-07-22 18:22:00+00:00,2024-07-22 18:23:00+00:00,2024-07-22 18:23:00+00:00,momentum_long_late_8346db7cf1cc,1,market,0.0,1,1,4,32,34140.0
551253,551254,551254,551254,closed,stop,21420.75,21416.75,21421.0,21416.5,21416.75,21452.75,-4.0,-4.5,-5.0,-100.0,10.0,0.5,1.0,1.0,5.25,2024-07-23 19:14:00+00:00,2024-07-23 19:14:00+00:00,2024-07-23 19:15:00+00:00,2024-07-23 19:15:00+00:00,momentum_long_late_8346db7cf1cc,1,market,0.0,1,1,4,32,34040.0
551266,551267,551267,551267,closed,timeout,21425.5,21424.75,21425.75,21424.5,21421.5,21457.5,-0.75,-1.25,-1.75,-35.0,10.0,0.5,1.0,1.0,2.5,2024-07-23 19:27:00+00:00,2024-07-23 19:27:00+00:00,2024-07-23 19:28:00+00:00,2024-07-23 19:28:00+00:00,momentum_long_late_8346db7cf1cc,1,market,0.0,1,1,4,32,34005.0
552642,552643,552643,552643,closed,stop,20709.0,20705.0,20709.25,20704.75,20705.0,20741.0,-4.0,-4.5,-5.0,-100.0,10.0,0.5,1.0,1.0,6.5,2024-07-24 19:38:00+00:00,2024-07-24 19:38:00+00:00,2024-07-24 19:39:00+00:00,2024-07-24 19:39:00+00:00,momentum_long_late_8346db7cf1cc,1,market,0.0,1,1,4,32,33905.0
552643,552644,552644,552644,closed,stop,20718.75,20714.75,20719.0,20714.5,20714.75,20750.75,-4.0,-4.5,-5.0,-100.0,10.0,0.5,1.0,1.0,9.5,2024-07-24 19:39:00+00:00,2024-07-24 19:39:00+00:00,2024-07-24 19:40:00+00:00,2024-07-24 19:40:00+00:00,momentum_long_late_8346db7cf1cc,1,market,0.0,1,1,4,32,33805.0
552645,552646,552646,552646,closed,stop,20738.25,20734.25,20738.5,20734.0,20734.25,20770.25,-4.0,-4.5,-5.0,-100.0,10.0,0.5,1.0,1.0,14.75,2024-07-24 19:41:00+00:00,2024-07-24 19:41:00+00:00,2024-07-24 19:42:00+00:00,2024-07-24 19:42:00+00:00,momentum_long_late_8346db7cf1cc,1,market,0.0,1,1,4,32,33705.0
552646,552647,552647,552647,closed,stop,20726.25,20722.25,20726.5,20722.0,20722.25,20758.25,-4.0,-4.5,-5.0,-100.0,10.0,0.5,1.0,1.0,8.0,2024-07-24 19:42:00+00:00,2024-07-24 19:42:00+00:00,2024-07-24 19:43:00+00:00,2024-07-24 19:43:00+00:00,momentum_long_late_8346db7cf1cc,1,market,0.0,1,1,4,32,33605.0
552647,552648,552648,552648,closed,timeout,20728.75,20728.5,20729.0,20728.25,20724.75,20760.75,-0.25,-0.75,-1.25,-25.0,10.0,0.5,1.0,1.0,3.5,2024-07-24 19:43:00+00:00,2024-07-24 19:43:00+00:00,2024-07-24 19:44:00+00:00,2024-07-24 19:44:00+00:00,momentum_long_late_8346db7cf1cc,1,market,0.0,1,1,4,32,33580.0
553987,553988,553988,553988,closed,stop,20624.0,20620.0,20624.25,20619.75,20620.0,20656.0,-4.0,-4.5,-5.0,-100.0,10.0,0.5,1.0,1.0,5.0,2024-07-25 19:23:00+00:00,2024-07-25 19:23:00+00:00,2024-07-25 19:24:00+00:00,2024-07-25 19:24:00+00:00,momentum_long_late_8346db7cf1cc,1,market,0.0,1,1,4,32,33480.0
553988,553989,553989,553989,closed,stop,20637.25,20633.25,20637.5,20633.0,20633.25,20669.25,-4.0,-4.5,-5.0,-100.0,10.0,0.5,1.0,1.0,10.75,2024-07-25 19:24:00+00:00,2024-07-25 19:24:00+00:00,2024-07-25 19:25:00+00:00,2024-07-25 19:25:00+00:00,momentum_long_late_8346db7cf1cc,1,market,0.0,1,1,4,32,33380.0
553989,553990,553990,553990,closed,timeout,20632.5,20643.5,20632.75,20643.25,20628.5,20664.5,11.0,10.5,10.0,200.0,10.0,0.5,1.0,1.0,2.5,2024-07-25 19:25:00+00:00,2024-07-25 19:25:00+00:00,2024-07-25 19:26:00+00:00,2024-07-25 19:26:00+00:00,momentum_long_late_8346db7cf1cc,1,market,0.0,1,1,4,32,33580.0
553990,553991,553991,553991,closed,timeout,20643.5,20661.5,20643.75,20661.25,20639.5,20675.5,18.0,17.5,17.0,340.0,10.0,0.5,1.0,1.0,0.25,2024-07-25 19:26:00+00:00,2024-07-25 19:26:00+00:00,2024-07-25 19:27:00+00:00,2024-07-25 19:27:00+00:00,momentum_long_late_8346db7cf1cc,1,market,0.0,1,1,4,32,33920.0
553991,553992,553992,553992,closed,timeout,20662.0,20674.5,20662.25,20674.25,20658.0,20694.0,12.5,12.0,11.5,230.0,10.0,0.5,1.0,1.0,1.5,2024-07-25 19:27:00+00:00,2024-07-25 19:27:00+00:00,2024-07-25 19:28:00+00:00,2024-07-25 19:28:00+00:00,momentum_long_late_8346db7cf1cc,1,market,0.0,1,1,4,32,34150.0
553992,553993,553993,553993,closed,stop,20674.5,20670.5,20674.75,20670.25,20670.5,20706.5,-4.0,-4.5,-5.0,-100.0,10.0,0.5,1.0,1.0,21.75,2024-07-25 19:28:00+00:00,2024-07-25 19:28:00+00:00,2024-07-25 19:29:00+00:00,2024-07-25 19:29:00+00:00,momentum_long_late_8346db7cf1cc,1,market,0.0,1,1,4,32,34050.0
553993,553994,553994,553994,closed,stop,20659.0,20655.0,20659.25,20654.75,20655.0,20691.0,-4.0,-4.5,-5.0,-100.0,10.0,0.5,1.0,1.0,18.75,2024-07-25 19:29:00+00:00,2024-07-25 19:29:00+00:00,2024-07-25 19:30:00+00:00,2024-07-25 19:30:00+00:00,momentum_long_late_8346db7cf1cc,1,market,0.0,1,1,4,32,33950.0
555356,555357,555357,555357,closed,stop,20616.75,20612.75,20617.0,20612.5,20612.75,20648.75,-4.0,-4.5,-5.0,-100.0,10.0,0.5,1.0,1.0,7.5,2024-07-26 19:27:00+00:00,2024-07-26 19:27:00+00:00,2024-07-26 19:28:00+00:00,2024-07-26 19:28:00+00:00,momentum_long_late_8346db7cf1cc,1,market,0.0,1,1,4,32,33850.0
555357,555358,555358,555358,closed,stop,20616.75,20612.75,20617.0,20612.5,20612.75,20648.75,-4.0,-4.5,-5.0,-100.0,10.0,0.5,1.0,1.0,6.75,2024-07-26 19:28:00+00:00,2024-07-26 19:28:00+00:00,2024-07-26 19:29:00+00:00,2024-07-26 19:29:00+00:00,momentum_long_late_8346db7cf1cc,1,market,0.0,1,1,4,32,33750.0
555358,555359,555359,555359,closed,timeout,20614.5,20616.75,20614.75,20616.5,20610.5,20646.5,2.25,1.75,1.25,25.0,10.0,0.5,1.0,1.0,3.75,2024-07-26 19:29:00+00:00,2024-07-26 19:29:00+00:00,2024-07-26 19:30:00+00:00,2024-07-26 19:30:00+00:00,momentum_long_late_8346db7cf1cc,1,market,0.0,1,1,4,32,33775.0
555359,555360,555360,555360,closed,stop,20616.25,20612.25,20616.5,20612.0,20612.25,20648.25,-4.0,-4.5,-5.0,-100.0,10.0,0.5,1.0,1.0,33.5,2024-07-26 19:30:00+00:00,2024-07-26 19:30:00+00:00,2024-07-26 19:31:00+00:00,2024-07-26 19:31:00+00:00,momentum_long_late_8346db7cf1cc,1,market,0.0,1,1,4,32,33675.0
555374,555375,555375,555375,closed,stop,20619.5,20615.5,20619.75,20615.25,20615.5,20651.5,-4.0,-4.5,-5.0,-100.0,10.0,0.5,1.0,1.0,23.25,2024-07-26 19:45:00+00:00,2024-07-26 19:45:00+00:00,2024-07-26 19:46:00+00:00,2024-07-26 19:46:00+00:00,momentum_long_late_8346db7cf1cc,1,market,0.0,1,1,4,32,33575.0
556694,556695,556695,556695,closed,timeout,20653.5,20664.75,20653.75,20664.5,20649.5,20685.5,11.25,10.75,10.25,205.0,10.0,0.5,1.0,1.0,1.25,2024-07-29 19:01:00+00:00,2024-07-29 19:01:00+00:00,2024-07-29 19:02:00+00:00,2024-07-29 19:02:00+00:00,momentum_long_late_8346db7cf1cc,1,market,0.0,1,1,4,32,33780.0
556695,556696,556696,556696,closed,timeout,20665.0,20662.5,20665.25,20662.25,20661.0,20697.0,-2.5,-3.0,-3.5,-70.0,10.0,0.5,1.0,1.0,3.0,2024-07-29 19:02:00+00:00,2024-07-29 19:02:00+00:00,2024-07-29 19:03:00+00:00,2024-07-29 19:03:00+00:00,momentum_long_late_8346db7cf1cc,1,market,0.0,1,1,4,32,33710.0
556696,556697,556697,556697,closed,stop,20662.25,20658.25,20662.5,20658.0,20658.25,20694.25,-4.0,-4.5,-5.0,-100.0,10.0,0.5,1.0,1.0,9.25,2024-07-29 19:03:00+00:00,2024-07-29 19:03:00+00:00,2024-07-29 19:04:00+00:00,2024-07-29 19:04:00+00:00,momentum_long_late_8346db7cf1cc,1,market,0.0,1,1,4,32,33610.0
556697,556698,556698,556698,closed,stop,20670.5,20666.5,20670.75,20666.25,20666.5,20702.5,-4.0,-4.5,-5.0,-100.0,10.0,0.5,1.0,1.0,5.5,2024-07-29 19:04:00+00:00,2024-07-29 19:04:00+00:00,2024-07-29 19:05:00+00:00,2024-07-29 19:05:00+00:00,momentum_long_late_8346db7cf1cc,1,market,0.0,1,1,4,32,33510.0
556698,556699,556699,556699,closed,timeout,20668.0,20667.25,20668.25,20667.0,20664.0,20700.0,-0.75,-1.25,-1.75,-35.0,10.0,0.5,1.0,1.0,1.75,2024-07-29 19:05:00+00:00,2024-07-29 19:05:00+00:00,2024-07-29 19:06:00+00:00,2024-07-29 19:06:00+00:00,momentum_long_late_8346db7cf1cc,1,market,0.0,1,1,4,32,33475.0
556699,556700,556700,556700,closed,timeout,20667.75,20677.5,20668.0,20677.25,20663.75,20699.75,9.75,9.25,8.75,175.0,10.0,0.5,1.0,1.0,1.0,2024-07-29 19:06:00+00:00,2024-07-29 19:06:00+00:00,2024-07-29 19:07:00+00:00,2024-07-29 19:07:00+00:00,momentum_long_late_8346db7cf1cc,1,market,0.0,1,1,4,32,33650.0
556729,556730,556730,556730,closed,timeout,20684.75,20692.25,20685.0,20692.0,20680.75,20716.75,7.5,7.0,6.5,130.0,10.0,0.5,1.0,1.0,1.0,2024-07-29 19:36:00+00:00,2024-07-29 19:36:00+00:00,2024-07-29 19:37:00+00:00,2024-07-29 19:37:00+00:00,momentum_long_late_8346db7cf1cc,1,market,0.0,1,1,4,32,33780.0
556730,556731,556731,556731,closed,stop,20692.5,20688.5,20692.75,20688.25,20688.5,20724.5,-4.0,-4.5,-5.0,-100.0,10.0,0.5,1.0,1.0,12.25,2024-07-29 19:37:00+00:00,2024-07-29 19:37:00+00:00,2024-07-29 19:38:00+00:00,2024-07-29 19:38:00+00:00,momentum_long_late_8346db7cf1cc,1,market,0.0,1,1,4,32,33680.0
558013,558014,558014,558014,closed,timeout,20398.25,20408.0,20398.5,20407.75,20394.25,20430.25,9.75,9.25,8.75,175.0,10.0,0.5,1.0,1.0,1.0,2024-07-30 18:16:00+00:00,2024-07-30 18:16:00+00:00,2024-07-30 18:17:00+00:00,2024-07-30 18:17:00+00:00,momentum_long_late_8346db7cf1cc,1,market,0.0,1,1,4,32,33855.0
558014,558015,558015,558015,closed,stop,20408.5,20404.5,20408.75,20404.25,20404.5,20440.5,-4.0,-4.5,-5.0,-100.0,10.0,0.5,1.0,1.0,4.75,2024-07-30 18:17:00+00:00,2024-07-30 18:17:00+00:00,2024-07-30 18:18:00+00:00,2024-07-30 18:18:00+00:00,momentum_long_late_8346db7cf1cc,1,market,0.0,1,1,4,32,33755.0
558015,558016,558016,558016,closed,stop,20414.25,20410.25,20414.5,20410.0,20410.25,20446.25,-4.0,-4.5,-5.0,-100.0,10.0,0.5,1.0,1.0,11.0,2024-07-30 18:18:00+00:00,2024-07-30 18:18:00+00:00,2024-07-30 18:19:00+00:00,2024-07-30 18:19:00+00:00,momentum_long_late_8346db7cf1cc,1,market,0.0,1,1,4,32,33655.0
558016,558017,558017,558017,closed,stop,20415.0,20411.0,20415.25,20410.75,20411.0,20447.0,-4.0,-4.5,-5.0,-100.0,10.0,0.5,1.0,1.0,6.75,2024-07-30 18:19:00+00:00,2024-07-30 18:19:00+00:00,2024-07-30 18:20:00+00:00,2024-07-30 18:20:00+00:00,momentum_long_late_8346db7cf1cc,1,market,0.0,1,1,4,32,33555.0
558017,558018,558018,558018,closed,timeout,20414.5,20422.25,20414.75,20422.0,20410.5,20446.5,7.75,7.25,6.75,135.0,10.0,0.5,1.0,1.0,1.5,2024-07-30 18:20:00+00:00,2024-07-30 18:20:00+00:00,2024-07-30 18:21:00+00:00,2024-07-30 18:21:00+00:00,momentum_long_late_8346db7cf1cc,1,market,0.0,1,1,4,32,33690.0
558018,558019,558019,558019,closed,stop,20422.25,20418.25,20422.5,20418.0,20418.25,20454.25,-4.0,-4.5,-5.0,-100.0,10.0,0.5,1.0,1.0,4.75,2024-07-30 18:21:00+00:00,2024-07-30 18:21:00+00:00,2024-07-30 18:22:00+00:00,2024-07-30 18:22:00+00:00,momentum_long_late_8346db7cf1cc,1,market,0.0,1,1,4,32,33590.0
558019,558020,558020,558020,closed,stop,20423.0,20419.0,20423.25,20418.75,20419.0,20455.0,-4.0,-4.5,-5.0,-100.0,10.0,0.5,1.0,1.0,16.75,2024-07-30 18:22:00+00:00,2024-07-30 18:22:00+00:00,2024-07-30 18:23:00+00:00,2024-07-30 18:23:00+00:00,momentum_long_late_8346db7cf1cc,1,market,0.0,1,1,4,32,33490.0
558106,558107,558107,558107,closed,stop,20426.0,20422.0,20426.25,20421.75,20422.0,20458.0,-4.0,-4.5,-5.0,-100.0,10.0,0.5,1.0,1.0,5.5,2024-07-30 19:49:00+00:00,2024-07-30 19:49:00+00:00,2024-07-30 19:50:00+00:00,2024-07-30 19:50:00+00:00,momentum_long_late_8346db7cf1cc,1,market,0.0,1,1,4,32,33390.0
558107,558108,558108,558108,closed,stop,20431.25,20427.25,20431.5,20427.0,20427.25,20463.25,-4.0,-4.5,-5.0,-100.0,10.0,0.5,1.0,1.0,11.0,2024-07-30 19:50:00+00:00,2024-07-30 19:50:00+00:00,2024-07-30 19:51:00+00:00,2024-07-30 19:51:00+00:00,momentum_long_late_8346db7cf1cc,1,market,0.0,1,1,4,32,33290.0
558108,558109,558109,558109,closed,stop,20436.25,20432.25,20436.5,20432.0,20432.25,20468.25,-4.0,-4.5,-5.0,-100.0,10.0,0.5,1.0,1.0,9.0,2024-07-30 19:51:00+00:00,2024-07-30 19:51:00+00:00,2024-07-30 19:52:00+00:00,2024-07-30 19:52:00+00:00,momentum_long_late_8346db7cf1cc,1,market,0.0,1,1,4,32,33190.0
558109,558110,558110,558110,closed,stop,20433.25,20429.25,20433.5,20429.0,20429.25,20465.25,-4.0,-4.5,-5.0,-100.0,10.0,0.5,1.0,1.0,11.0,2024-07-30 19:52:00+00:00,2024-07-30 19:52:00+00:00,2024-07-30 19:53:00+00:00,2024-07-30 19:53:00+00:00,momentum_long_late_8346db7cf1cc,1,market,0.0,1,1,4,32,33090.0
558110,558111,558111,558111,closed,stop,20428.25,20424.25,20428.5,20424.0,20424.25,20460.25,-4.0,-4.5,-5.0,-100.0,10.0,0.5,1.0,1.0,16.75,2024-07-30 19:53:00+00:00,2024-07-30 19:53:00+00:00,2024-07-30 19:54:00+00:00,2024-07-30 19:54:00+00:00,momentum_long_late_8346db7cf1cc,1,market,0.0,1,1,4,32,32990.0
559382,559383,559383,559383,closed,stop,20902.25,20898.25,20902.5,20898.0,20898.25,20934.25,-4.0,-4.5,-5.0,-100.0,10.0,0.5,1.0,1.0,10.75,2024-07-31 18:20:00+00:00,2024-07-31 18:20:00+00:00,2024-07-31 18:21:00+00:00,2024-07-31 18:21:00+00:00,momentum_long_late_8346db7cf1cc,1,market,0.0,1,1,4,32,32890.0
559383,559384,559384,559384,closed,stop,20902.75,20898.75,20903.0,20898.5,20898.75,20934.75,-4.0,-4.5,-5.0,-100.0,10.0,0.5,1.0,1.0,10.0,2024-07-31 18:21:00+00:00,2024-07-31 18:21:00+00:00,2024-07-31 18:22:00+00:00,2024-07-31 18:22:00+00:00,momentum_long_late_8346db7cf1cc,1,market,0.0,1,1,4,32,32790.0
559395,559396,559396,559396,closed,stop,20949.75,20945.75,20950.0,20945.5,20945.75,20981.75,-4.0,-4.5,-5.0,-100.0,10.0,0.5,1.0,1.0,6.75,2024-07-31 18:33:00+00:00,2024-07-31 18:33:00+00:00,2024-07-31 18:34:00+00:00,2024-07-31 18:34:00+00:00,momentum_long_late_8346db7cf1cc,1,market,0.0,1,1,4,32,32690.0
559396,559397,559397,559397,closed,stop,20948.5,20944.5,20948.75,20944.25,20944.5,20980.5,-4.0,-4.5,-5.0,-100.0,10.0,0.5,1.0,1.0,15.5,2024-07-31 18:34:00+00:00,2024-07-31 18:34:00+00:00,2024-07-31 18:35:00+00:00,2024-07-31 18:35:00+00:00,momentum_long_late_8346db7cf1cc,1,market,0.0,1,1,4,32,32590.0
559408,559409,559409,559409,closed,stop,20967.75,20963.75,20968.0,20963.5,20963.75,20999.75,-4.0,-4.5,-5.0,-100.0,10.0,0.5,1.0,1.0,12.75,2024-07-31 18:46:00+00:00,2024-07-31 18:46:00+00:00,2024-07-31 18:47:00+00:00,2024-07-31 18:47:00+00:00,momentum_long_late_8346db7cf1cc,1,market,0.0,1,1,4,32,32490.0
559412,559413,559413,559413,closed,stop,20994.5,20990.5,20994.75,20990.25,20990.5,21026.5,-4.0,-4.5,-5.0,-100.0,10.0,0.5,1.0,1.0,6.75,2024-07-31 18:50:00+00:00,2024-07-31 18:50:00+00:00,2024-07-31 18:51:00+00:00,2024-07-31 18:51:00+00:00,momentum_long_late_8346db7cf1cc,1,market,0.0,1,1,4,32,32390.0
559413,559414,559414,559414,closed,stop,20995.5,20991.5,20995.75,20991.25,20991.5,21027.5,-4.0,-4.5,-5.0,-100.0,10.0,0.5,1.0,1.0,10.75,2024-07-31 18:51:00+00:00,2024-07-31 18:51:00+00:00,2024-07-31 18:52:00+00:00,2024-07-31 18:52:00+00:00,momentum_long_late_8346db7cf1cc,1,market,0.0,1,1,4,32,32290.0
559414,559415,559415,559415,closed,stop,20995.75,20991.75,20996.0,20991.5,20991.75,21027.75,-4.0,-4.5,-5.0,-100.0,10.0,0.5,1.0,1.0,21.5,2024-07-31 18:52:00+00:00,2024-07-31 18:52:00+00:00,2024-07-31 18:53:00+00:00,2024-07-31 18:53:00+00:00,momentum_long_late_8346db7cf1cc,1,market,0.0,1,1,4,32,32190.0
559466,559467,559467,559467,closed,stop,20969.5,20965.5,20969.75,20965.25,20965.5,21001.5,-4.0,-4.5,-5.0,-100.0,10.0,0.5,1.0,1.0,5.0,2024-07-31 19:44:00+00:00,2024-07-31 19:44:00+00:00,2024-07-31 19:45:00+00:00,2024-07-31 19:45:00+00:00,momentum_long_late_8346db7cf1cc,1,market,0.0,1,1,4,32,32090.0
559467,559468,559468,559468,closed,stop,20973.75,20969.75,20974.0,20969.5,20969.75,21005.75,-4.0,-4.5,-5.0,-100.0,10.0,0.5,1.0,1.0,18.25,2024-07-31 19:45:00+00:00,2024-07-31 19:45:00+00:00,2024-07-31 19:46:00+00:00,2024-07-31 19:46:00+00:00,momentum_long_late_8346db7cf1cc,1,market,0.0,1,1,4,32,31990.0
560727,560728,560728,560728,closed,stop,20452.0,20448.0,20452.25,20447.75,20448.0,20484.0,-4.0,-4.5,-5.0,-100.0,10.0,0.5,1.0,1.0,20.75,2024-08-01 18:00:00+00:00,2024-08-01 18:00:00+00:00,2024-08-01 18:01:00+00:00,2024-08-01 18:01:00+00:00,momentum_long_late_8346db7cf1cc,1,market,0.0,1,1,4,32,31890.0
560814,560815,560815,560815,closed,stop,20403.0,20399.0,20403.25,20398.75,20399.0,20435.0,-4.0,-4.5,-5.0,-100.0,10.0,0.5,1.0,1.0,15.0,2024-08-01 19:27:00+00:00,2024-08-01 19:27:00+00:00,2024-08-01 19:28:00+00:00,2024-08-01 19:28:00+00:00,momentum_long_late_8346db7cf1cc,1,market,0.0,1,1,4,32,31790.0
560818,560819,560819,560819,closed,timeout,20420.5,20434.25,20420.75,20434.0,20416.5,20452.5,13.75,13.25,12.75,255.0,10.0,0.5,1.0,1.0,2.0,2024-08-01 19:31:00+00:00,2024-08-01 19:31:00+00:00,2024-08-01 19:32:00+00:00,2024-08-01 19:32:00+00:00,momentum_long_late_8346db7cf1cc,1,market,0.0,1,1,4,32,32045.0
560819,560820,560820,560820,closed,stop,20433.25,20429.25,20433.5,20429.0,20429.25,20465.25,-4.0,-4.5,-5.0,-100.0,10.0,0.5,1.0,1.0,16.75,2024-08-01 19:32:00+00:00,2024-08-01 19:32:00+00:00,2024-08-01 19:33:00+00:00,2024-08-01 19:33:00+00:00,momentum_long_late_8346db7cf1cc,1,market,0.0,1,1,4,32,31945.0
560838,560839,560839,560839,closed,stop,20483.0,20479.0,20483.25,20478.75,20479.0,20515.0,-4.0,-4.5,-5.0,-100.0,10.0,0.5,1.0,1.0,21.75,2024-08-01 19:51:00+00:00,2024-08-01 19:51:00+00:00,2024-08-01 19:52:00+00:00,2024-08-01 19:52:00+00:00,momentum_long_late_8346db7cf1cc,1,market,0.0,1,1,4,32,31845.0
560839,560840,560840,560840,closed,stop,20478.0,20474.0,20478.25,20473.75,20474.0,20510.0,-4.0,-4.5,-5.0,-100.0,10.0,0.5,1.0,1.0,16.25,2024-08-01 19:52:00+00:00,2024-08-01 19:52:00+00:00,2024-08-01 19:53:00+00:00,2024-08-01 19:53:00+00:00,momentum_long_late_8346db7cf1cc,1,market,0.0,1,1,4,32,31745.0
560840,560841,560841,560841,closed,stop,20465.25,20461.25,20465.5,20461.0,20461.25,20497.25,-4.0,-4.5,-5.0,-100.0,10.0,0.5,1.0,1.0,32.0,2024-08-01 19:53:00+00:00,2024-08-01 19:53:00+00:00,2024-08-01 19:54:00+00:00,2024-08-01 19:54:00+00:00,momentum_long_late_8346db7cf1cc,1,market,0.0,1,1,4,32,31645.0
562109,562110,562110,562110,closed,stop,19944.5,19940.5,19944.75,19940.25,19940.5,19976.5,-4.0,-4.5,-5.0,-100.0,10.0,0.5,1.0,1.0,5.0,2024-08-02 18:25:00+00:00,2024-08-02 18:25:00+00:00,2024-08-02 18:26:00+00:00,2024-08-02 18:26:00+00:00,momentum_long_late_8346db7cf1cc,1,market,0.0,1,1,4,32,31545.0
562110,562111,562111,562111,closed,stop,19953.0,19949.0,19953.25,19948.75,19949.0,19985.0,-4.0,-4.5,-5.0,-100.0,10.0,0.5,1.0,1.0,13.5,2024-08-02 18:26:00+00:00,2024-08-02 18:26:00+00:00,2024-08-02 18:27:00+00:00,2024-08-02 18:27:00+00:00,momentum_long_late_8346db7cf1cc,1,market,0.0,1,1,4,32,31445.0
562112,562113,562113,562113,closed,stop,19969.0,19965.0,19969.25,19964.75,19965.0,20001.0,-4.0,-4.5,-5.0,-100.0,10.0,0.5,1.0,1.0,12.0,2024-08-02 18:28:00+00:00,2024-08-02 18:28:00+00:00,2024-08-02 18:29:00+00:00,2024-08-02 18:29:00+00:00,momentum_long_late_8346db7cf1cc,1,market,0.0,1,1,4,32,31345.0
562113,562114,562114,562114,closed,stop,19968.25,19964.25,19968.5,19964.0,19964.25,20000.25,-4.0,-4.5,-5.0,-100.0,10.0,0.5,1.0,1.0,6.0,2024-08-02 18:29:00+00:00,2024-08-02 18:29:00+00:00,2024-08-02 18:30:00+00:00,2024-08-02 18:30:00+00:00,momentum_long_late_8346db7cf1cc,1,market,0.0,1,1,4,32,31245.0
562114,562115,562115,562115,closed,stop,19986.5,19982.5,19986.75,19982.25,19982.5,20018.5,-4.0,-4.5,-5.0,-100.0,10.0,0.5,1.0,1.0,18.25,2024-08-02 18:30:00+00:00,2024-08-02 18:30:00+00:00,2024-08-02 18:31:00+00:00,2024-08-02 18:31:00+00:00,momentum_long_late_8346db7cf1cc,1,market,0.0,1,1,4,32,31145.0
562115,562116,562116,562116,closed,timeout,19998.5,20005.75,19998.75,20005.5,19994.5,20030.5,7.25,6.75,6.25,125.0,10.0,0.5,1.0,1.0,3.25,2024-08-02 18:31:00+00:00,2024-08-02 18:31:00+00:00,2024-08-02 18:32:00+00:00,2024-08-02 18:32:00+00:00,momentum_long_late_8346db7cf1cc,1,market,0.0,1,1,4,32,31270.0
562116,562117,562117,562117,closed,stop,20005.25,20001.25,20005.5,20001.0,20001.25,20037.25,-4.0,-4.5,-5.0,-100.0,10.0,0.5,1.0,1.0,4.75,2024-08-02 18:32:00+00:00,2024-08-02 18:32:00+00:00,2024-08-02 18:33:00+00:00,2024-08-02 18:33:00+00:00,momentum_long_late_8346db7cf1cc,1,market,0.0,1,1,4,32,31170.0
562117,562118,562118,562118,closed,stop,20009.25,20005.25,20009.5,20005.0,20005.25,20041.25,-4.0,-4.5,-5.0,-100.0,10.0,0.5,1.0,1.0,32.25,2024-08-02 18:33:00+00:00,2024-08-02 18:33:00+00:00,2024-08-02 18:34:00+00:00,2024-08-02 18:34:00+00:00,momentum_long_late_8346db7cf1cc,1,market,0.0,1,1,4,32,31070.0
563535,563536,563536,563536,closed,stop,19415.75,19411.75,19416.0,19411.5,19411.75,19447.75,-4.0,-4.5,-5.0,-100.0,10.0,0.5,1.0,1.0,27.25,2024-08-05 19:28:00+00:00,2024-08-05 19:28:00+00:00,2024-08-05 19:29:00+00:00,2024-08-05 19:29:00+00:00,momentum_long_late_8346db7cf1cc,1,market,0.0,1,1,4,32,30970.0
564832,564833,564833,564833,closed,stop,19872.5,19868.5,19872.75,19868.25,19868.5,19904.5,-4.0,-4.5,-5.0,-100.0,10.0,0.5,1.0,1.0,6.5,2024-08-06 18:20:00+00:00,2024-08-06 18:20:00+00:00,2024-08-06 18:21:00+00:00,2024-08-06 18:21:00+00:00,momentum_long_late_8346db7cf1cc,1,market,0.0,1,1,4,32,30870.0
564834,564835,564835,564835,closed,stop,19892.25,19888.25,19892.5,19888.0,19888.25,19924.25,-4.0,-4.5,-5.0,-100.0,10.0,0.5,1.0,1.0,13.0,2024-08-06 18:22:00+00:00,2024-08-06 18:22:00+00:00,2024-08-06 18:23:00+00:00,2024-08-06 18:23:00+00:00,momentum_long_late_8346db7cf1cc,1,market,0.0,1,1,4,32,30770.0
564836,564837,564837,564837,closed,timeout,19885.5,19889.5,19885.75,19889.25,19881.5,19917.5,4.0,3.5,3.0,60.0,10.0,0.5,1.0,1.0,2.0,2024-08-06 18:24:00+00:00,2024-08-06 18:24:00+00:00,2024-08-06 18:25:00+00:00,2024-08-06 18:25:00+00:00,momentum_long_late_8346db7cf1cc,1,market,0.0,1,1,4,32,30830.0
564837,564838,564838,564838,closed,stop,19888.0,19884.0,19888.25,19883.75,19884.0,19920.0,-4.0,-4.5,-5.0,-100.0,10.0,0.5,1.0,1.0,12.25,2024-08-06 18:25:00+00:00,2024-08-06 18:25:00+00:00,2024-08-06 18:26:00+00:00,2024-08-06 18:26:00+00:00,momentum_long_late_8346db7cf1cc,1,market,0.0,1,1,4,32,30730.0
564899,564900,564900,564900,closed,stop,19796.5,19792.5,19796.75,19792.25,19792.5,19828.5,-4.0,-4.5,-5.0,-100.0,10.0,0.5,1.0,1.0,12.5,2024-08-06 19:27:00+00:00,2024-08-06 19:27:00+00:00,2024-08-06 19:28:00+00:00,2024-08-06 19:28:00+00:00,momentum_long_late_8346db7cf1cc,1,market,0.0,1,1,4,32,30630.0
566242,566243,566243,566243,closed,stop,19560.0,19556.0,19560.25,19555.75,19556.0,19592.0,-4.0,-4.5,-5.0,-100.0,10.0,0.5,1.0,1.0,18.0,2024-08-07 19:05:00+00:00,2024-08-07 19:05:00+00:00,2024-08-07 19:06:00+00:00,2024-08-07 19:06:00+00:00,momentum_long_late_8346db7cf1cc,1,market,0.0,1,1,4,32,30530.0
566243,566244,566244,566244,closed,stop,19559.25,19555.25,19559.5,19555.0,19555.25,19591.25,-4.0,-4.5,-5.0,-100.0,10.0,0.5,1.0,1.0,7.75,2024-08-07 19:06:00+00:00,2024-08-07 19:06:00+00:00,2024-08-07 19:07:00+00:00,2024-08-07 19:07:00+00:00,momentum_long_late_8346db7cf1cc,1,market,0.0,1,1,4,32,30430.0
566244,566245,566245,566245,closed,stop,19564.5,19560.5,19564.75,19560.25,19560.5,19596.5,-4.0,-4.5,-5.0,-100.0,10.0,0.5,1.0,1.0,33.75,2024-08-07 19:07:00+00:00,2024-08-07 19:07:00+00:00,2024-08-07 19:08:00+00:00,2024-08-07 19:08:00+00:00,momentum_long_late_8346db7cf1cc,1,market,0.0,1,1,4,32,30330.0
567548,567549,567549,567549,closed,stop,19980.5,19976.5,19980.75,19976.25,19976.5,20012.5,-4.0,-4.5,-5.0,-100.0,10.0,0.5,1.0,1.0,12.25,2024-08-08 18:06:00+00:00,2024-08-08 18:06:00+00:00,2024-08-08 18:07:00+00:00,2024-08-08 18:07:00+00:00,momentum_long_late_8346db7cf1cc,1,market,0.0,1,1,4,32,30230.0
568981,568982,568982,568982,closed,stop,20042.25,20038.25,20042.5,20038.0,20038.25,20074.25,-4.0,-4.5,-5.0,-100.0,10.0,0.5,1.0,1.0,5.75,2024-08-09 19:14:00+00:00,2024-08-09 19:14:00+00:00,2024-08-09 19:15:00+00:00,2024-08-09 19:15:00+00:00,momentum_long_late_8346db7cf1cc,1,market,0.0,1,1,4,32,30130.0
568983,568984,568984,568984,closed,stop,20051.25,20047.25,20051.5,20047.0,20047.25,20083.25,-4.0,-4.5,-5.0,-100.0,10.0,0.5,1.0,1.0,7.0,2024-08-09 19:16:00+00:00,2024-08-09 19:16:00+00:00,2024-08-09 19:17:00+00:00,2024-08-09 19:17:00+00:00,momentum_long_late_8346db7cf1cc,1,market,0.0,1,1,4,32,30030.0
568986,568987,568987,568987,closed,timeout,20054.0,20057.5,20054.25,20057.25,20050.0,20086.0,3.5,3.0,2.5,50.0,10.0,0.5,1.0,1.0,4.0,2024-08-09 19:19:00+00:00,2024-08-09 19:19:00+00:00,2024-08-09 19:20:00+00:00,2024-08-09 19:20:00+00:00,momentum_long_late_8346db7cf1cc,1,market,0.0,1,1,4,32,30080.0
568987,568988,568988,568988,closed,stop,20057.5,20053.5,20057.75,20053.25,20053.5,20089.5,-4.0,-4.5,-5.0,-100.0,10.0,0.5,1.0,1.0,16.0,2024-08-09 19:20:00+00:00,2024-08-09 19:20:00+00:00,2024-08-09 19:21:00+00:00,2024-08-09 19:21:00+00:00,momentum_long_late_8346db7cf1cc,1,market,0.0,1,1,4,32,29980.0
571650,571651,571651,571651,closed,stop,20503.25,20499.25,20503.5,20499.0,20499.25,20535.25,-4.0,-4.5,-5.0,-100.0,10.0,0.5,1.0,1.0,5.0,2024-08-13 18:13:00+00:00,2024-08-13 18:13:00+00:00,2024-08-13 18:14:00+00:00,2024-08-13 18:14:00+00:00,momentum_long_late_8346db7cf1cc,1,market,0.0,1,1,4,32,29880.0
571729,571730,571730,571730,closed,stop,20502.5,20498.5,20502.75,20498.25,20498.5,20534.5,-4.0,-4.5,-5.0,-100.0,10.0,0.5,1.0,1.0,4.25,2024-08-13 19:32:00+00:00,2024-08-13 19:32:00+00:00,2024-08-13 19:33:00+00:00,2024-08-13 19:33:00+00:00,momentum_long_late_8346db7cf1cc,1,market,0.0,1,1,4,32,29780.0
571746,571747,571747,571747,closed,timeout,20519.75,20538.75,20520.0,20538.5,20515.75,20551.75,19.0,18.5,18.0,360.0,10.0,0.5,1.0,1.0,1.25,2024-08-13 19:49:00+00:00,2024-08-13 19:49:00+00:00,2024-08-13 19:50:00+00:00,2024-08-13 19:50:00+00:00,momentum_long_late_8346db7cf1cc,1,market,0.0,1,1,4,32,30140.0
571747,571748,571748,571748,closed,stop,20537.75,20533.75,20538.0,20533.5,20533.75,20569.75,-4.0,-4.5,-5.0,-100.0,10.0,0.5,1.0,1.0,22.0,2024-08-13 19:50:00+00:00,2024-08-13 19:50:00+00:00,2024-08-13 19:51:00+00:00,2024-08-13 19:51:00+00:00,momentum_long_late_8346db7cf1cc,1,market,0.0,1,1,4,32,30040.0
573059,573060,573060,573060,closed,timeout,20528.25,20536.5,20528.5,20536.25,20524.25,20560.25,8.25,7.75,7.25,145.0,10.0,0.5,1.0,1.0,0.25,2024-08-14 18:57:00+00:00,2024-08-14 18:57:00+00:00,2024-08-14 18:58:00+00:00,2024-08-14 18:58:00+00:00,momentum_long_late_8346db7cf1cc,1,market,0.0,1,1,4,32,30185.0
573060,573061,573061,573061,closed,timeout,20536.75,20543.75,20537.0,20543.5,20532.75,20568.75,7.0,6.5,6.0,120.0,10.0,0.5,1.0,1.0,0.75,2024-08-14 18:58:00+00:00,2024-08-14 18:58:00+00:00,2024-08-14 18:59:00+00:00,2024-08-14 18:59:00+00:00,momentum_long_late_8346db7cf1cc,1,market,0.0,1,1,4,32,30305.0
573061,573062,573062,573062,closed,stop,20543.5,20539.5,20543.75,20539.25,20539.5,20575.5,-4.0,-4.5,-5.0,-100.0,10.0,0.5,1.0,1.0,5.75,2024-08-14 18:59:00+00:00,2024-08-14 18:59:00+00:00,2024-08-14 19:00:00+00:00,2024-08-14 19:00:00+00:00,momentum_long_late_8346db7cf1cc,1,market,0.0,1,1,4,32,30205.0
573062,573063,573063,573063,closed,stop,20542.25,20538.25,20542.5,20538.0,20538.25,20574.25,-4.0,-4.5,-5.0,-100.0,10.0,0.5,1.0,1.0,9.5,2024-08-14 19:00:00+00:00,2024-08-14 19:00:00+00:00,2024-08-14 19:01:00+00:00,2024-08-14 19:01:00+00:00,momentum_long_late_8346db7cf1cc,1,market,0.0,1,1,4,32,30105.0
573105,573106,573106,573106,closed,stop,20507.25,20503.25,20507.5,20503.0,20503.25,20539.25,-4.0,-4.5,-5.0,-100.0,10.0,0.5,1.0,1.0,4.25,2024-08-14 19:43:00+00:00,2024-08-14 19:43:00+00:00,2024-08-14 19:44:00+00:00,2024-08-14 19:44:00+00:00,momentum_long_late_8346db7cf1cc,1,market,0.0,1,1,4,32,30005.0
573106,573107,573107,573107,closed,timeout,20511.75,20511.25,20512.0,20511.0,20507.75,20543.75,-0.5,-1.0,-1.5,-30.0,10.0,0.5,1.0,1.0,3.0,2024-08-14 19:44:00+00:00,2024-08-14 19:44:00+00:00,2024-08-14 19:45:00+00:00,2024-08-14 19:45:00+00:00,momentum_long_late_8346db7cf1cc,1,market,0.0,1,1,4,32,29975.0
573107,573108,573108,573108,closed,timeout,20510.75,20512.0,20511.0,20511.75,20506.75,20542.75,1.25,0.75,0.25,5.0,10.0,0.5,1.0,1.0,3.0,2024-08-14 19:45:00+00:00,2024-08-14 19:45:00+00:00,2024-08-14 19:46:00+00:00,2024-08-14 19:46:00+00:00,momentum_long_late_8346db7cf1cc,1,market,0.0,1,1,4,32,29980.0
573108,573109,573109,573109,closed,stop,20512.25,20508.25,20512.5,20508.0,20508.25,20544.25,-4.0,-4.5,-5.0,-100.0,10.0,0.5,1.0,1.0,5.0,2024-08-14 19:46:00+00:00,2024-08-14 19:46:00+00:00,2024-08-14 19:47:00+00:00,2024-08-14 19:47:00+00:00,momentum_long_late_8346db7cf1cc,1,market,0.0,1,1,4,32,29880.0
573112,573113,573113,573113,closed,timeout,20524.75,20522.0,20525.0,20521.75,20520.75,20556.75,-2.75,-3.25,-3.75,-75.0,10.0,0.5,1.0,1.0,3.75,2024-08-14 19:50:00+00:00,2024-08-14 19:50:00+00:00,2024-08-14 19:51:00+00:00,2024-08-14 19:51:00+00:00,momentum_long_late_8346db7cf1cc,1,market,0.0,1,1,4,32,29805.0
573113,573114,573114,573114,closed,stop,20522.75,20518.75,20523.0,20518.5,20518.75,20554.75,-4.0,-4.5,-5.0,-100.0,10.0,0.5,1.0,1.0,9.25,2024-08-14 19:51:00+00:00,2024-08-14 19:51:00+00:00,2024-08-14 19:52:00+00:00,2024-08-14 19:52:00+00:00,momentum_long_late_8346db7cf1cc,1,market,0.0,1,1,4,32,29705.0
573114,573115,573115,573115,closed,stop,20528.0,20524.0,20528.25,20523.75,20524.0,20560.0,-4.0,-4.5,-5.0,-100.0,10.0,0.5,1.0,1.0,6.0,2024-08-14 19:52:00+00:00,2024-08-14 19:52:00+00:00,2024-08-14 19:53:00+00:00,2024-08-14 19:53:00+00:00,momentum_long_late_8346db7cf1cc,1,market,0.0,1,1,4,32,29605.0
573115,573116,573116,573116,closed,stop,20535.5,20531.5,20535.75,20531.25,20531.5,20567.5,-4.0,-4.5,-5.0,-100.0,10.0,0.5,1.0,1.0,5.75,2024-08-14 19:53:00+00:00,2024-08-14 19:53:00+00:00,2024-08-14 19:54:00+00:00,2024-08-14 19:54:00+00:00,momentum_long_late_8346db7cf1cc,1,market,0.0,1,1,4,32,29505.0
573116,573117,573117,573117,closed,timeout,20537.5,20557.5,20537.75,20557.25,20533.5,20569.5,20.0,19.5,19.0,380.0,10.0,0.5,1.0,1.0,0.25,2024-08-14 19:54:00+00:00,2024-08-14 19:54:00+00:00,2024-08-14 19:55:00+00:00,2024-08-14 19:55:00+00:00,momentum_long_late_8346db7cf1cc,1,market,0.0,1,1,4,32,29885.0
573117,573118,573118,573118,closed,timeout,20557.5,20571.0,20557.75,20570.75,20553.5,20589.5,13.5,13.0,12.5,250.0,10.0,0.5,1.0,1.0,0.75,2024-08-14 19:55:00+00:00,2024-08-14 19:55:00+00:00,2024-08-14 19:56:00+00:00,2024-08-14 19:56:00+00:00,momentum_long_late_8346db7cf1cc,1,market,0.0,1,1,4,32,30135.0
573118,573119,573119,573119,closed,stop,20571.5,20567.5,20571.75,20567.25,20567.5,20603.5,-4.0,-4.5,-5.0,-100.0,10.0,0.5,1.0,1.0,8.25,2024-08-14 19:56:00+00:00,2024-08-14 19:56:00+00:00,2024-08-14 19:57:00+00:00,2024-08-14 19:57:00+00:00,momentum_long_late_8346db7cf1cc,1,market,0.0,1,1,4,32,30035.0
573119,573120,573120,573120,closed,stop,20564.5,20560.5,20564.75,20560.25,20560.5,20596.5,-4.0,-4.5,-5.0,-100.0,10.0,0.5,1.0,1.0,14.0,2024-08-14 19:57:00+00:00,2024-08-14 19:57:00+00:00,2024-08-14 19:58:00+00:00,2024-08-14 19:58:00+00:00,momentum_long_late_8346db7cf1cc,1,market,0.0,1,1,4,32,29935.0
573120,573121,573121,573121,closed,timeout,20561.75,20566.0,20562.0,20565.75,20557.75,20593.75,4.25,3.75,3.25,65.0,10.0,0.5,1.0,1.0,0.25,2024-08-14 19:58:00+00:00,2024-08-14 19:58:00+00:00,2024-08-14 19:59:00+00:00,2024-08-14 19:59:00+00:00,momentum_long_late_8346db7cf1cc,1,market,0.0,1,1,4,32,30000.0
573121,573122,573122,573122,closed,stop,20565.5,20561.5,20565.75,20561.25,20561.5,20597.5,-4.0,-4.5,-5.0,-100.0,10.0,0.5,1.0,1.0,25.25,2024-08-14 19:59:00+00:00,2024-08-14 19:59:00+00:00,2024-08-14 20:00:00+00:00,2024-08-14 20:00:00+00:00,momentum_long_late_8346db7cf1cc,1,market,0.0,1,1,4,32,29900.0
575791,575792,575792,575792,closed,timeout,21053.25,21055.75,21053.5,21055.5,21049.25,21085.25,2.5,2.0,1.5,30.0,10.0,0.5,1.0,1.0,2.0,2024-08-16 18:59:00+00:00,2024-08-16 18:59:00+00:00,2024-08-16 19:00:00+00:00,2024-08-16 19:00:00+00:00,momentum_long_late_8346db7cf1cc,1,market,0.0,1,1,4,32,29930.0
575792,575793,575793,575793,closed,stop,21056.25,21052.25,21056.5,21052.0,21052.25,21088.25,-4.0,-4.5,-5.0,-100.0,10.0,0.5,1.0,1.0,4.5,2024-08-16 19:00:00+00:00,2024-08-16 19:00:00+00:00,2024-08-16 19:01:00+00:00,2024-08-16 19:01:00+00:00,momentum_long_late_8346db7cf1cc,1,market,0.0,1,1,4,32,29830.0
577096,577097,577097,577097,closed,timeout,21154.75,21159.0,21155.0,21158.75,21150.75,21186.75,4.25,3.75,3.25,65.0,10.0,0.5,1.0,1.0,2.75,2024-08-19 18:00:00+00:00,2024-08-19 18:00:00+00:00,2024-08-19 18:01:00+00:00,2024-08-19 18:01:00+00:00,momentum_long_late_8346db7cf1cc,1,market,0.0,1,1,4,32,29895.0
577097,577098,577098,577098,closed,timeout,21159.0,21159.25,21159.25,21159.0,21155.0,21191.0,0.25,-0.25,-0.75,-15.0,10.0,0.5,1.0,1.0,3.75,2024-08-19 18:01:00+00:00,2024-08-19 18:01:00+00:00,2024-08-19 18:02:00+00:00,2024-08-19 18:02:00+00:00,momentum_long_late_8346db7cf1cc,1,market,0.0,1,1,4,32,29880.0
577098,577099,577099,577099,closed,timeout,21159.75,21160.25,21160.0,21160.0,21155.75,21191.75,0.5,0.0,-0.5,-10.0,10.0,0.5,1.0,1.0,2.25,2024-08-19 18:02:00+00:00,2024-08-19 18:02:00+00:00,2024-08-19 18:03:00+00:00,2024-08-19 18:03:00+00:00,momentum_long_late_8346db7cf1cc,1,market,0.0,1,1,4,32,29870.0
577099,577100,577100,577100,closed,timeout,21160.25,21161.75,21160.5,21161.5,21156.25,21192.25,1.5,1.0,0.5,10.0,10.0,0.5,1.0,1.0,0.75,2024-08-19 18:03:00+00:00,2024-08-19 18:03:00+00:00,2024-08-19 18:04:00+00:00,2024-08-19 18:04:00+00:00,momentum_long_late_8346db7cf1cc,1,market,0.0,1,1,4,32,29880.0
577100,577101,577101,577101,closed,stop,21161.25,21157.25,21161.5,21157.0,21157.25,21193.25,-4.0,-4.5,-5.0,-100.0,10.0,0.5,1.0,1.0,5.75,2024-08-19 18:04:00+00:00,2024-08-19 18:04:00+00:00,2024-08-19 18:05:00+00:00,2024-08-19 18:05:00+00:00,momentum_long_late_8346db7cf1cc,1,market,0.0,1,1,4,32,29780.0
577125,577126,577126,577126,closed,timeout,21175.25,21176.0,21175.5,21175.75,21171.25,21207.25,0.75,0.25,-0.25,-5.0,10.0,0.5,1.0,1.0,2.0,2024-08-19 18:29:00+00:00,2024-08-19 18:29:00+00:00,2024-08-19 18:30:00+00:00,2024-08-19 18:30:00+00:00,momentum_long_late_8346db7cf1cc,1,market,0.0,1,1,4,32,29775.0
577127,577128,577128,577128,closed,timeout,21173.75,21178.75,21174.0,21178.5,21169.75,21205.75,5.0,4.5,4.0,80.0,10.0,0.5,1.0,1.0,0.5,2024-08-19 18:31:00+00:00,2024-08-19 18:31:00+00:00,2024-08-19 18:32:00+00:00,2024-08-19 18:32:00+00:00,momentum_long_late_8346db7cf1cc,1,market,0.0,1,1,4,32,29855.0
577128,577129,577129,577129,closed,timeout,21179.0,21182.0,21179.25,21181.75,21175.0,21211.0,3.0,2.5,2.0,40.0,10.0,0.5,1.0,1.0,1.0,2024-08-19 18:32:00+00:00,2024-08-19 18:32:00+00:00,2024-08-19 18:33:00+00:00,2024-08-19 18:33:00+00:00,momentum_long_late_8346db7cf1cc,1,market,0.0,1,1,4,32,29895.0
577129,577130,577130,577130,closed,timeout,21182.5,21184.5,21182.75,21184.25,21178.5,21214.5,2.0,1.5,1.0,20.0,10.0,0.5,1.0,1.0,2.5,2024-08-19 18:33:00+00:00,2024-08-19 18:33:00+00:00,2024-08-19 18:34:00+00:00,2024-08-19 18:34:00+00:00,momentum_long_late_8346db7cf1cc,1,market,0.0,1,1,4,32,29915.0
577130,577131,577131,577131,closed,timeout,21184.75,21186.25,21185.0,21186.0,21180.75,21216.75,1.5,1.0,0.5,10.0,10.0,0.5,1.0,1.0,3.0,2024-08-19 18:34:00+00:00,2024-08-19 18:34:00+00:00,2024-08-19 18:35:00+00:00,2024-08-19 18:35:00+00:00,momentum_long_late_8346db7cf1cc,1,market,0.0,1,1,4,32,29925.0
577131,577132,577132,577132,closed,stop,21186.5,21182.5,21186.75,21182.25,21182.5,21218.5,-4.0,-4.5,-5.0,-100.0,10.0,0.5,1.0,1.0,4.5,2024-08-19 18:35:00+00:00,2024-08-19 18:35:00+00:00,2024-08-19 18:36:00+00:00,2024-08-19 18:36:00+00:00,momentum_long_late_8346db7cf1cc,1,market,0.0,1,1,4,32,29825.0
577132,577133,577133,577133,closed,timeout,21183.0,21184.25,21183.25,21184.0,21179.0,21215.0,1.25,0.75,0.25,5.0,10.0,0.5,1.0,1.0,2.25,2024-08-19 18:36:00+00:00,2024-08-19 18:36:00+00:00,2024-08-19 18:37:00+00:00,2024-08-19 18:37:00+00:00,momentum_long_late_8346db7cf1cc,1,market,0.0,1,1,4,32,29830.0
577133,577134,577134,577134,closed,stop,21184.25,21180.25,21184.5,21180.0,21180.25,21216.25,-4.0,-4.5,-5.0,-100.0,10.0,0.5,1.0,1.0,6.5,2024-08-19 18:37:00+00:00,2024-08-19 18:37:00+00:00,2024-08-19 18:38:00+00:00,2024-08-19 18:38:00+00:00,momentum_long_late_8346db7cf1cc,1,market,0.0,1,1,4,32,29730.0
577137,577138,577138,577138,closed,stop,21200.0,21196.0,21200.25,21195.75,21196.0,21232.0,-4.0,-4.5,-5.0,-100.0,10.0,0.5,1.0,1.0,6.0,2024-08-19 18:41:00+00:00,2024-08-19 18:41:00+00:00,2024-08-19 18:42:00+00:00,2024-08-19 18:42:00+00:00,momentum_long_late_8346db7cf1cc,1,market,0.0,1,1,4,32,29630.0
577138,577139,577139,577139,closed,timeout,21200.0,21207.25,21200.25,21207.0,21196.0,21232.0,7.25,6.75,6.25,125.0,10.0,0.5,1.0,1.0,1.5,2024-08-19 18:42:00+00:00,2024-08-19 18:42:00+00:00,2024-08-19 18:43:00+00:00,2024-08-19 18:43:00+00:00,momentum_long_late_8346db7cf1cc,1,market,0.0,1,1,4,32,29755.0
577139,577140,577140,577140,closed,timeout,21207.0,21208.0,21207.25,21207.75,21203.0,21239.0,1.0,0.5,0.0,0.0,10.0,0.5,1.0,1.0,2.25,2024-08-19 18:43:00+00:00,2024-08-19 18:43:00+00:00,2024-08-19 18:44:00+00:00,2024-08-19 18:44:00+00:00,momentum_long_late_8346db7cf1cc,1,market,0.0,1,1,4,32,29755.0
577140,577141,577141,577141,closed,timeout,21208.0,21212.25,21208.25,21212.0,21204.0,21240.0,4.25,3.75,3.25,65.0,10.0,0.5,1.0,1.0,0.5,2024-08-19 18:44:00+00:00,2024-08-19 18:44:00+00:00,2024-08-19 18:45:00+00:00,2024-08-19 18:45:00+00:00,momentum_long_late_8346db7cf1cc,1,market,0.0,1,1,4,32,29820.0
577141,577142,577142,577142,closed,stop,21212.75,21208.75,21213.0,21208.5,21208.75,21244.75,-4.0,-4.5,-5.0,-100.0,10.0,0.5,1.0,1.0,5.5,2024-08-19 18:45:00+00:00,2024-08-19 18:45:00+00:00,2024-08-19 18:46:00+00:00,2024-08-19 18:46:00+00:00,momentum_long_late_8346db7cf1cc,1,market,0.0,1,1,4,32,29720.0
577142,577143,577143,577143,closed,timeout,21210.5,21213.5,21210.75,21213.25,21206.5,21242.5,3.0,2.5,2.0,40.0,10.0,0.5,1.0,1.0,3.25,2024-08-19 18:46:00+00:00,2024-08-19 18:46:00+00:00,2024-08-19 18:47:00+00:00,2024-08-19 18:47:00+00:00,momentum_long_late_8346db7cf1cc,1,market,0.0,1,1,4,32,29760.0
577143,577144,577144,577144,closed,timeout,21213.75,21215.25,21214.0,21215.0,21209.75,21245.75,1.5,1.0,0.5,10.0,10.0,0.5,1.0,1.0,2.5,2024-08-19 18:47:00+00:00,2024-08-19 18:47:00+00:00,2024-08-19 18:48:00+00:00,2024-08-19 18:48:00+00:00,momentum_long_late_8346db7cf1cc,1,market,0.0,1,1,4,32,29770.0
577144,577145,577145,577145,closed,timeout,21216.0,21218.25,21216.25,21218.0,21212.0,21248.0,2.25,1.75,1.25,25.0,10.0,0.5,1.0,1.0,1.25,2024-08-19 18:48:00+00:00,2024-08-19 18:48:00+00:00,2024-08-19 18:49:00+00:00,2024-08-19 18:49:00+00:00,momentum_long_late_8346db7cf1cc,1,market,0.0,1,1,4,32,29795.0
577145,577146,577146,577146,closed,stop,21218.0,21214.0,21218.25,21213.75,21214.0,21250.0,-4.0,-4.5,-5.0,-100.0,10.0,0.5,1.0,1.0,5.0,2024-08-19 18:49:00+00:00,2024-08-19 18:49:00+00:00,2024-08-19 18:50:00+00:00,2024-08-19 18:50:00+00:00,momentum_long_late_8346db7cf1cc,1,market,0.0,1,1,4,32,29695.0
577187,577188,577188,577188,closed,stop,21222.5,21218.5,21222.75,21218.25,21218.5,21254.5,-4.0,-4.5,-5.0,-100.0,10.0,0.5,1.0,1.0,5.5,2024-08-19 19:31:00+00:00,2024-08-19 19:31:00+00:00,2024-08-19 19:32:00+00:00,2024-08-19 19:32:00+00:00,momentum_long_late_8346db7cf1cc,1,market,0.0,1,1,4,32,29595.0
577210,577211,577211,577211,closed,target,21244.75,21276.75,21245.0,21276.5,21240.75,21276.75,32.0,31.5,31.0,620.0,10.0,0.5,1.0,1.0,2.5,2024-08-19 19:54:00+00:00,2024-08-19 19:54:00+00:00,2024-08-19 19:55:00+00:00,2024-08-19 19:55:00+00:00,momentum_long_late_8346db7cf1cc,1,market,0.0,1,1,4,32,30215.0
577211,577212,577212,577212,closed,timeout,21271.25,21277.0,21271.5,21276.75,21267.25,21303.25,5.75,5.25,4.75,95.0,10.0,0.5,1.0,1.0,1.5,2024-08-19 19:55:00+00:00,2024-08-19 19:55:00+00:00,2024-08-19 19:56:00+00:00,2024-08-19 19:56:00+00:00,momentum_long_late_8346db7cf1cc,1,market,0.0,1,1,4,32,30310.0
577212,577213,577213,577213,closed,stop,21277.0,21273.0,21277.25,21272.75,21273.0,21309.0,-4.0,-4.5,-5.0,-100.0,10.0,0.5,1.0,1.0,4.25,2024-08-19 19:56:00+00:00,2024-08-19 19:56:00+00:00,2024-08-19 19:57:00+00:00,2024-08-19 19:57:00+00:00,momentum_long_late_8346db7cf1cc,1,market,0.0,1,1,4,32,30210.0
577213,577214,577214,577214,closed,stop,21286.0,21282.0,21286.25,21281.75,21282.0,21318.0,-4.0,-4.5,-5.0,-100.0,10.0,0.5,1.0,1.0,5.25,2024-08-19 19:57:00+00:00,2024-08-19 19:57:00+00:00,2024-08-19 19:58:00+00:00,2024-08-19 19:58:00+00:00,momentum_long_late_8346db7cf1cc,1,market,0.0,1,1,4,32,30110.0
577214,577215,577215,577215,closed,stop,21286.0,21282.0,21286.25,21281.75,21282.0,21318.0,-4.0,-4.5,-5.0,-100.0,10.0,0.5,1.0,1.0,11.0,2024-08-19 19:58:00+00:00,2024-08-19 19:58:00+00:00,2024-08-19 19:59:00+00:00,2024-08-19 19:59:00+00:00,momentum_long_late_8346db7cf1cc,1,market,0.0,1,1,4,32,30010.0
577215,577216,577216,577216,closed,timeout,21283.25,21292.0,21283.5,21291.75,21279.25,21315.25,8.75,8.25,7.75,155.0,10.0,0.5,1.0,1.0,1.75,2024-08-19 19:59:00+00:00,2024-08-19 19:59:00+00:00,2024-08-19 20:00:00+00:00,2024-08-19 20:00:00+00:00,momentum_long_late_8346db7cf1cc,1,market,0.0,1,1,4,32,30165.0
578466,578467,578467,578467,closed,timeout,21251.5,21256.0,21251.75,21255.75,21247.5,21283.5,4.5,4.0,3.5,70.0,10.0,0.5,1.0,1.0,4.0,2024-08-20 18:05:00+00:00,2024-08-20 18:05:00+00:00,2024-08-20 18:06:00+00:00,2024-08-20 18:06:00+00:00,momentum_long_late_8346db7cf1cc,1,market,0.0,1,1,4,32,30235.0
578467,578468,578468,578468,closed,timeout,21256.75,21255.75,21257.0,21255.5,21252.75,21288.75,-1.0,-1.5,-2.0,-40.0,10.0,0.5,1.0,1.0,2.5,2024-08-20 18:06:00+00:00,2024-08-20 18:06:00+00:00,2024-08-20 18:07:00+00:00,2024-08-20 18:07:00+00:00,momentum_long_late_8346db7cf1cc,1,market,0.0,1,1,4,32,30195.0
578468,578469,578469,578469,closed,timeout,21256.0,21257.25,21256.25,21257.0,21252.0,21288.0,1.25,0.75,0.25,5.0,10.0,0.5,1.0,1.0,0.25,2024-08-20 18:07:00+00:00,2024-08-20 18:07:00+00:00,2024-08-20 18:08:00+00:00,2024-08-20 18:08:00+00:00,momentum_long_late_8346db7cf1cc,1,market,0.0,1,1,4,32,30200.0
578469,578470,578470,578470,closed,timeout,21257.75,21260.75,21258.0,21260.5,21253.75,21289.75,3.0,2.5,2.0,40.0,10.0,0.5,1.0,1.0,1.25,2024-08-20 18:08:00+00:00,2024-08-20 18:08:00+00:00,2024-08-20 18:09:00+00:00,2024-08-20 18:09:00+00:00,momentum_long_late_8346db7cf1cc,1,market,0.0,1,1,4,32,30240.0
578470,578471,578471,578471,closed,timeout,21260.5,21258.0,21260.75,21257.75,21256.5,21292.5,-2.5,-3.0,-3.5,-70.0,10.0,0.5,1.0,1.0,3.75,2024-08-20 18:09:00+00:00,2024-08-20 18:09:00+00:00,2024-08-20 18:10:00+00:00,2024-08-20 18:10:00+00:00,momentum_long_late_8346db7cf1cc,1,market,0.0,1,1,4,32,30170.0
578471,578472,578472,578472,closed,timeout,21257.0,21256.25,21257.25,21256.0,21253.0,21289.0,-0.75,-1.25,-1.75,-35.0,10.0,0.5,1.0,1.0,2.75,2024-08-20 18:10:00+00:00,2024-08-20 18:10:00+00:00,2024-08-20 18:11:00+00:00,2024-08-20 18:11:00+00:00,momentum_long_late_8346db7cf1cc,1,market,0.0,1,1,4,32,30135.0
578475,578476,578476,578476,closed,timeout,21273.0,21275.5,21273.25,21275.25,21269.0,21305.0,2.5,2.0,1.5,30.0,10.0,0.5,1.0,1.0,1.0,2024-08-20 18:14:00+00:00,2024-08-20 18:14:00+00:00,2024-08-20 18:15:00+00:00,2024-08-20 18:15:00+00:00,momentum_long_late_8346db7cf1cc,1,market,0.0,1,1,4,32,30165.0
578476,578477,578477,578477,closed,timeout,21275.25,21275.5,21275.5,21275.25,21271.25,21307.25,0.25,-0.25,-0.75,-15.0,10.0,0.5,1.0,1.0,1.5,2024-08-20 18:15:00+00:00,2024-08-20 18:15:00+00:00,2024-08-20 18:16:00+00:00,2024-08-20 18:16:00+00:00,momentum_long_late_8346db7cf1cc,1,market,0.0,1,1,4,32,30150.0
578477,578478,578478,578478,closed,timeout,21275.25,21283.25,21275.5,21283.0,21271.25,21307.25,8.0,7.5,7.0,140.0,10.0,0.5,1.0,1.0,0.5,2024-08-20 18:16:00+00:00,2024-08-20 18:16:00+00:00,2024-08-20 18:17:00+00:00,2024-08-20 18:17:00+00:00,momentum_long_late_8346db7cf1cc,1,market,0.0,1,1,4,32,30290.0
578478,578479,578479,578479,closed,timeout,21283.5,21283.25,21283.75,21283.0,21279.5,21315.5,-0.25,-0.75,-1.25,-25.0,10.0,0.5,1.0,1.0,2.25,2024-08-20 18:17:00+00:00,2024-08-20 18:17:00+00:00,2024-08-20 18:18:00+00:00,2024-08-20 18:18:00+00:00,momentum_long_late_8346db7cf1cc,1,market,0.0,1,1,4,32,30265.0
578479,578480,578480,578480,closed,stop,21283.75,21279.75,21284.0,21279.5,21279.75,21315.75,-4.0,-4.5,-5.0,-100.0,10.0,0.5,1.0,1.0,7.5,2024-08-20 18:18:00+00:00,2024-08-20 18:18:00+00:00,2024-08-20 18:19:00+00:00,2024-08-20 18:19:00+00:00,momentum_long_late_8346db7cf1cc,1,market,0.0,1,1,4,32,30165.0
578480,578481,578481,578481,closed,timeout,21278.5,21285.5,21278.75,21285.25,21274.5,21310.5,7.0,6.5,6.0,120.0,10.0,0.5,1.0,1.0,0.25,2024-08-20 18:19:00+00:00,2024-08-20 18:19:00+00:00,2024-08-20 18:20:00+00:00,2024-08-20 18:20:00+00:00,momentum_long_late_8346db7cf1cc,1,market,0.0,1,1,4,32,30285.0
578481,578482,578482,578482,closed,stop,21285.5,21281.5,21285.75,21281.25,21281.5,21317.5,-4.0,-4.5,-5.0,-100.0,10.0,0.5,1.0,1.0,5.5,2024-08-20 18:20:00+00:00,2024-08-20 18:20:00+00:00,2024-08-20 18:21:00+00:00,2024-08-20 18:21:00+00:00,momentum_long_late_8346db7cf1cc,1,market,0.0,1,1,4,32,30185.0
578485,578486,578486,578486,closed,timeout,21297.25,21299.0,21297.5,21298.75,21293.25,21329.25,1.75,1.25,0.75,15.0,10.0,0.5,1.0,1.0,2.5,2024-08-20 18:24:00+00:00,2024-08-20 18:24:00+00:00,2024-08-20 18:25:00+00:00,2024-08-20 18:25:00+00:00,momentum_long_late_8346db7cf1cc,1,market,0.0,1,1,4,32,30200.0
578486,578487,578487,578487,closed,stop,21299.5,21295.5,21299.75,21295.25,21295.5,21331.5,-4.0,-4.5,-5.0,-100.0,10.0,0.5,1.0,1.0,6.25,2024-08-20 18:25:00+00:00,2024-08-20 18:25:00+00:00,2024-08-20 18:26:00+00:00,2024-08-20 18:26:00+00:00,momentum_long_late_8346db7cf1cc,1,market,0.0,1,1,4,32,30100.0
578571,578572,578572,578572,closed,stop,21276.75,21272.75,21277.0,21272.5,21272.75,21308.75,-4.0,-4.5,-5.0,-100.0,10.0,0.5,1.0,1.0,10.75,2024-08-20 19:50:00+00:00,2024-08-20 19:50:00+00:00,2024-08-20 19:51:00+00:00,2024-08-20 19:51:00+00:00,momentum_long_late_8346db7cf1cc,1,market,0.0,1,1,4,32,30000.0
579826,579827,579827,579827,closed,stop,21368.0,21364.0,21368.25,21363.75,21364.0,21400.0,-4.0,-4.5,-5.0,-100.0,10.0,0.5,1.0,1.0,23.75,2024-08-21 18:01:00+00:00,2024-08-21 18:01:00+00:00,2024-08-21 18:02:00+00:00,2024-08-21 18:02:00+00:00,momentum_long_late_8346db7cf1cc,1,market,0.0,1,1,4,32,29900.0
579854,579855,579855,579855,closed,stop,21361.0,21357.0,21361.25,21356.75,21357.0,21393.0,-4.0,-4.5,-5.0,-100.0,10.0,0.5,1.0,1.0,7.0,2024-08-21 18:29:00+00:00,2024-08-21 18:29:00+00:00,2024-08-21 18:30:00+00:00,2024-08-21 18:30:00+00:00,momentum_long_late_8346db7cf1cc,1,market,0.0,1,1,4,32,29800.0
579855,579856,579856,579856,closed,timeout,21365.25,21382.5,21365.5,21382.25,21361.25,21397.25,17.25,16.75,16.25,325.0,10.0,0.5,1.0,1.0,1.5,2024-08-21 18:30:00+00:00,2024-08-21 18:30:00+00:00,2024-08-21 18:31:00+00:00,2024-08-21 18:31:00+00:00,momentum_long_late_8346db7cf1cc,1,market,0.0,1,1,4,32,30125.0
579856,579857,579857,579857,closed,stop,21382.5,21378.5,21382.75,21378.25,21378.5,21414.5,-4.0,-4.5,-5.0,-100.0,10.0,0.5,1.0,1.0,8.0,2024-08-21 18:31:00+00:00,2024-08-21 18:31:00+00:00,2024-08-21 18:32:00+00:00,2024-08-21 18:32:00+00:00,momentum_long_late_8346db7cf1cc,1,market,0.0,1,1,4,32,30025.0
579857,579858,579858,579858,closed,timeout,21378.75,21383.75,21379.0,21383.5,21374.75,21410.75,5.0,4.5,4.0,80.0,10.0,0.5,1.0,1.0,1.5,2024-08-21 18:32:00+00:00,2024-08-21 18:32:00+00:00,2024-08-21 18:33:00+00:00,2024-08-21 18:33:00+00:00,momentum_long_late_8346db7cf1cc,1,market,0.0,1,1,4,32,30105.0
579858,579859,579859,579859,closed,stop,21383.75,21379.75,21384.0,21379.5,21379.75,21415.75,-4.0,-4.5,-5.0,-100.0,10.0,0.5,1.0,1.0,6.25,2024-08-21 18:33:00+00:00,2024-08-21 18:33:00+00:00,2024-08-21 18:34:00+00:00,2024-08-21 18:34:00+00:00,momentum_long_late_8346db7cf1cc,1,market,0.0,1,1,4,32,30005.0
579859,579860,579860,579860,closed,stop,21378.75,21374.75,21379.0,21374.5,21374.75,21410.75,-4.0,-4.5,-5.0,-100.0,10.0,0.5,1.0,1.0,4.25,2024-08-21 18:34:00+00:00,2024-08-21 18:34:00+00:00,2024-08-21 18:35:00+00:00,2024-08-21 18:35:00+00:00,momentum_long_late_8346db7cf1cc,1,market,0.0,1,1,4,32,29905.0
579860,579861,579861,579861,closed,stop,21375.75,21371.75,21376.0,21371.5,21371.75,21407.75,-4.0,-4.5,-5.0,-100.0,10.0,0.5,1.0,1.0,34.75,2024-08-21 18:35:00+00:00,2024-08-21 18:35:00+00:00,2024-08-21 18:36:00+00:00,2024-08-21 18:36:00+00:00,momentum_long_late_8346db7cf1cc,1,market,0.0,1,1,4,32,29805.0
579937,579938,579938,579938,closed,timeout,21323.0,21329.0,21323.25,21328.75,21319.0,21355.0,6.0,5.5,5.0,100.0,10.0,0.5,1.0,1.0,3.5,2024-08-21 19:52:00+00:00,2024-08-21 19:52:00+00:00,2024-08-21 19:53:00+00:00,2024-08-21 19:53:00+00:00,momentum_long_late_8346db7cf1cc,1,market,0.0,1,1,4,32,29905.0
579938,579939,579939,579939,closed,stop,21328.75,21324.75,21329.0,21324.5,21324.75,21360.75,-4.0,-4.5,-5.0,-100.0,10.0,0.5,1.0,1.0,11.5,2024-08-21 19:53:00+00:00,2024-08-21 19:53:00+00:00,2024-08-21 19:54:00+00:00,2024-08-21 19:54:00+00:00,momentum_long_late_8346db7cf1cc,1,market,0.0,1,1,4,32,29805.0
579939,579940,579940,579940,closed,timeout,21325.5,21344.75,21325.75,21344.5,21321.5,21357.5,19.25,18.75,18.25,365.0,10.0,0.5,1.0,1.0,0.25,2024-08-21 19:54:00+00:00,2024-08-21 19:54:00+00:00,2024-08-21 19:55:00+00:00,2024-08-21 19:55:00+00:00,momentum_long_late_8346db7cf1cc,1,market,0.0,1,1,4,32,30170.0
579940,579941,579941,579941,closed,timeout,21344.5,21343.5,21344.75,21343.25,21340.5,21376.5,-1.0,-1.5,-2.0,-40.0,10.0,0.5,1.0,1.0,3.0,2024-08-21 19:55:00+00:00,2024-08-21 19:55:00+00:00,2024-08-21 19:56:00+00:00,2024-08-21 19:56:00+00:00,momentum_long_late_8346db7cf1cc,1,market,0.0,1,1,4,32,30130.0
579941,579942,579942,579942,closed,stop,21343.25,21339.25,21343.5,21339.0,21339.25,21375.25,-4.0,-4.5,-5.0,-100.0,10.0,0.5,1.0,1.0,5.0,2024-08-21 19:56:00+00:00,2024-08-21 19:56:00+00:00,2024-08-21 19:57:00+00:00,2024-08-21 19:57:00+00:00,momentum_long_late_8346db7cf1cc,1,market,0.0,1,1,4,32,30030.0
579942,579943,579943,579943,closed,stop,21342.75,21338.75,21343.0,21338.5,21338.75,21374.75,-4.0,-4.5,-5.0,-100.0,10.0,0.5,1.0,1.0,8.25,2024-08-21 19:57:00+00:00,2024-08-21 19:57:00+00:00,2024-08-21 19:58:00+00:00,2024-08-21 19:58:00+00:00,momentum_long_late_8346db7cf1cc,1,market,0.0,1,1,4,32,29930.0
579943,579944,579944,579944,closed,stop,21345.5,21341.5,21345.75,21341.25,21341.5,21377.5,-4.0,-4.5,-5.0,-100.0,10.0,0.5,1.0,1.0,6.75,2024-08-21 19:58:00+00:00,2024-08-21 19:58:00+00:00,2024-08-21 19:59:00+00:00,2024-08-21 19:59:00+00:00,momentum_long_late_8346db7cf1cc,1,market,0.0,1,1,4,32,29830.0
579944,579945,579945,579945,closed,stop,21343.0,21339.0,21343.25,21338.75,21339.0,21375.0,-4.0,-4.5,-5.0,-100.0,10.0,0.5,1.0,1.0,8.0,2024-08-21 19:59:00+00:00,2024-08-21 19:59:00+00:00,2024-08-21 20:00:00+00:00,2024-08-21 20:00:00+00:00,momentum_long_late_8346db7cf1cc,1,market,0.0,1,1,4,32,29730.0
582629,582630,582630,582630,closed,stop,21208.75,21204.75,21209.0,21204.5,21204.75,21240.75,-4.0,-4.5,-5.0,-100.0,10.0,0.5,1.0,1.0,4.5,2024-08-23 19:14:00+00:00,2024-08-23 19:14:00+00:00,2024-08-23 19:15:00+00:00,2024-08-23 19:15:00+00:00,momentum_long_late_8346db7cf1cc,1,market,0.0,1,1,4,32,29630.0
582630,582631,582631,582631,closed,stop,21211.5,21207.5,21211.75,21207.25,21207.5,21243.5,-4.0,-4.5,-5.0,-100.0,10.0,0.5,1.0,1.0,9.75,2024-08-23 19:15:00+00:00,2024-08-23 19:15:00+00:00,2024-08-23 19:16:00+00:00,2024-08-23 19:16:00+00:00,momentum_long_late_8346db7cf1cc,1,market,0.0,1,1,4,32,29530.0
582631,582632,582632,582632,closed,stop,21206.0,21202.0,21206.25,21201.75,21202.0,21238.0,-4.0,-4.5,-5.0,-100.0,10.0,0.5,1.0,1.0,6.5,2024-08-23 19:16:00+00:00,2024-08-23 19:16:00+00:00,2024-08-23 19:17:00+00:00,2024-08-23 19:17:00+00:00,momentum_long_late_8346db7cf1cc,1,market,0.0,1,1,4,32,29430.0
582632,582633,582633,582633,closed,timeout,21203.75,21206.75,21204.0,21206.5,21199.75,21235.75,3.0,2.5,2.0,40.0,10.0,0.5,1.0,1.0,1.75,2024-08-23 19:17:00+00:00,2024-08-23 19:17:00+00:00,2024-08-23 19:18:00+00:00,2024-08-23 19:18:00+00:00,momentum_long_late_8346db7cf1cc,1,market,0.0,1,1,4,32,29470.0
582633,582634,582634,582634,closed,timeout,21206.25,21210.5,21206.5,21210.25,21202.25,21238.25,4.25,3.75,3.25,65.0,10.0,0.5,1.0,1.0,2.75,2024-08-23 19:18:00+00:00,2024-08-23 19:18:00+00:00,2024-08-23 19:19:00+00:00,2024-08-23 19:19:00+00:00,momentum_long_late_8346db7cf1cc,1,market,0.0,1,1,4,32,29535.0
582643,582644,582644,582644,closed,timeout,21226.75,21231.75,21227.0,21231.5,21222.75,21258.75,5.0,4.5,4.0,80.0,10.0,0.5,1.0,1.0,3.75,2024-08-23 19:28:00+00:00,2024-08-23 19:28:00+00:00,2024-08-23 19:29:00+00:00,2024-08-23 19:29:00+00:00,momentum_long_late_8346db7cf1cc,1,market,0.0,1,1,4,32,29615.0
582644,582645,582645,582645,closed,timeout,21231.0,21233.5,21231.25,21233.25,21227.0,21263.0,2.5,2.0,1.5,30.0,10.0,0.5,1.0,1.0,3.25,2024-08-23 19:29:00+00:00,2024-08-23 19:29:00+00:00,2024-08-23 19:30:00+00:00,2024-08-23 19:30:00+00:00,momentum_long_late_8346db7cf1cc,1,market,0.0,1,1,4,32,29645.0
582670,582671,582671,582671,closed,stop,21237.5,21233.5,21237.75,21233.25,21233.5,21269.5,-4.0,-4.5,-5.0,-100.0,10.0,0.5,1.0,1.0,23.75,2024-08-23 19:55:00+00:00,2024-08-23 19:55:00+00:00,2024-08-23 19:56:00+00:00,2024-08-23 19:56:00+00:00,momentum_long_late_8346db7cf1cc,1,market,0.0,1,1,4,32,29545.0
582672,582673,582673,582673,closed,stop,21227.0,21223.0,21227.25,21222.75,21223.0,21259.0,-4.0,-4.5,-5.0,-100.0,10.0,0.5,1.0,1.0,10.0,2024-08-23 19:57:00+00:00,2024-08-23 19:57:00+00:00,2024-08-23 19:58:00+00:00,2024-08-23 19:58:00+00:00,momentum_long_late_8346db7cf1cc,1,market,0.0,1,1,4,32,29445.0
583940,583941,583941,583941,closed,stop,20998.75,20994.75,20999.0,20994.5,20994.75,21030.75,-4.0,-4.5,-5.0,-100.0,10.0,0.5,1.0,1.0,10.0,2024-08-26 18:21:00+00:00,2024-08-26 18:21:00+00:00,2024-08-26 18:22:00+00:00,2024-08-26 18:22:00+00:00,momentum_long_late_8346db7cf1cc,1,market,0.0,1,1,4,32,29345.0
583941,583942,583942,583942,closed,timeout,20992.5,21009.25,20992.75,21009.0,20988.5,21024.5,16.75,16.25,15.75,315.0,10.0,0.5,1.0,1.0,0.75,2024-08-26 18:22:00+00:00,2024-08-26 18:22:00+00:00,2024-08-26 18:23:00+00:00,2024-08-26 18:23:00+00:00,momentum_long_late_8346db7cf1cc,1,market,0.0,1,1,4,32,29660.0
583942,583943,583943,583943,closed,stop,21009.0,21005.0,21009.25,21004.75,21005.0,21041.0,-4.0,-4.5,-5.0,-100.0,10.0,0.5,1.0,1.0,9.0,2024-08-26 18:23:00+00:00,2024-08-26 18:23:00+00:00,2024-08-26 18:24:00+00:00,2024-08-26 18:24:00+00:00,momentum_long_late_8346db7cf1cc,1,market,0.0,1,1,4,32,29560.0
583946,583947,583947,583947,closed,stop,21010.75,21006.75,21011.0,21006.5,21006.75,21042.75,-4.0,-4.5,-5.0,-100.0,10.0,0.5,1.0,1.0,5.75,2024-08-26 18:27:00+00:00,2024-08-26 18:27:00+00:00,2024-08-26 18:28:00+00:00,2024-08-26 18:28:00+00:00,momentum_long_late_8346db7cf1cc,1,market,0.0,1,1,4,32,29460.0
583955,583956,583956,583956,closed,stop,21034.25,21030.25,21034.5,21030.0,21030.25,21066.25,-4.0,-4.5,-5.0,-100.0,10.0,0.5,1.0,1.0,8.0,2024-08-26 18:36:00+00:00,2024-08-26 18:36:00+00:00,2024-08-26 18:37:00+00:00,2024-08-26 18:37:00+00:00,momentum_long_late_8346db7cf1cc,1,market,0.0,1,1,4,32,29360.0
583963,583964,583964,583964,closed,stop,21045.0,21041.0,21045.25,21040.75,21041.0,21077.0,-4.0,-4.5,-5.0,-100.0,10.0,0.5,1.0,1.0,5.75,2024-08-26 18:44:00+00:00,2024-08-26 18:44:00+00:00,2024-08-26 18:45:00+00:00,2024-08-26 18:45:00+00:00,momentum_long_late_8346db7cf1cc,1,market,0.0,1,1,4,32,29260.0
585329,585330,585330,585330,closed,timeout,21099.0,21100.5,21099.25,21100.25,21095.0,21131.0,1.5,1.0,0.5,10.0,10.0,0.5,1.0,1.0,3.25,2024-08-27 18:45:00+00:00,2024-08-27 18:45:00+00:00,2024-08-27 18:46:00+00:00,2024-08-27 18:46:00+00:00,momentum_long_late_8346db7cf1cc,1,market,0.0,1,1,4,32,29270.0
586703,586704,586704,586704,closed,timeout,20801.75,20821.5,20802.0,20821.25,20797.75,20833.75,19.75,19.25,18.75,375.0,10.0,0.5,1.0,1.0,0.5,2024-08-28 18:54:00+00:00,2024-08-28 18:54:00+00:00,2024-08-28 18:55:00+00:00,2024-08-28 18:55:00+00:00,momentum_long_late_8346db7cf1cc,1,market,0.0,1,1,4,32,29645.0
586704,586705,586705,586705,closed,stop,20820.25,20816.25,20820.5,20816.0,20816.25,20852.25,-4.0,-4.5,-5.0,-100.0,10.0,0.5,1.0,1.0,4.25,2024-08-28 18:55:00+00:00,2024-08-28 18:55:00+00:00,2024-08-28 18:56:00+00:00,2024-08-28 18:56:00+00:00,momentum_long_late_8346db7cf1cc,1,market,0.0,1,1,4,32,29545.0
586705,586706,586706,586706,closed,timeout,20818.5,20827.25,20818.75,20827.0,20814.5,20850.5,8.75,8.25,7.75,155.0,10.0,0.5,1.0,1.0,0.25,2024-08-28 18:56:00+00:00,2024-08-28 18:56:00+00:00,2024-08-28 18:57:00+00:00,2024-08-28 18:57:00+00:00,momentum_long_late_8346db7cf1cc,1,market,0.0,1,1,4,32,29700.0
586706,586707,586707,586707,closed,timeout,20827.25,20829.25,20827.5,20829.0,20823.25,20859.25,2.0,1.5,1.0,20.0,10.0,0.5,1.0,1.0,0.25,2024-08-28 18:57:00+00:00,2024-08-28 18:57:00+00:00,2024-08-28 18:58:00+00:00,2024-08-28 18:58:00+00:00,momentum_long_late_8346db7cf1cc,1,market,0.0,1,1,4,32,29720.0
586707,586708,586708,586708,closed,stop,20829.5,20825.5,20829.75,20825.25,20825.5,20861.5,-4.0,-4.5,-5.0,-100.0,10.0,0.5,1.0,1.0,6.5,2024-08-28 18:58:00+00:00,2024-08-28 18:58:00+00:00,2024-08-28 18:59:00+00:00,2024-08-28 18:59:00+00:00,momentum_long_late_8346db7cf1cc,1,market,0.0,1,1,4,32,29620.0
586708,586709,586709,586709,closed,timeout,20844.75,20863.0,20845.0,20862.75,20840.75,20876.75,18.25,17.75,17.25,345.0,10.0,0.5,1.0,1.0,0.5,2024-08-28 18:59:00+00:00,2024-08-28 18:59:00+00:00,2024-08-28 19:00:00+00:00,2024-08-28 19:00:00+00:00,momentum_long_late_8346db7cf1cc,1,market,0.0,1,1,4,32,29965.0
586709,586710,586710,586710,closed,stop,20862.75,20858.75,20863.0,20858.5,20858.75,20894.75,-4.0,-4.5,-5.0,-100.0,10.0,0.5,1.0,1.0,4.25,2024-08-28 19:00:00+00:00,2024-08-28 19:00:00+00:00,2024-08-28 19:01:00+00:00,2024-08-28 19:01:00+00:00,momentum_long_late_8346db7cf1cc,1,market,0.0,1,1,4,32,29865.0
586710,586711,586711,586711,closed,timeout,20868.25,20886.5,20868.5,20886.25,20864.25,20900.25,18.25,17.75,17.25,345.0,10.0,0.5,1.0,1.0,3.25,2024-08-28 19:01:00+00:00,2024-08-28 19:01:00+00:00,2024-08-28 19:02:00+00:00,2024-08-28 19:02:00+00:00,momentum_long_late_8346db7cf1cc,1,market,0.0,1,1,4,32,30210.0
586711,586712,586712,586712,closed,stop,20886.75,20882.75,20887.0,20882.5,20882.75,20918.75,-4.0,-4.5,-5.0,-100.0,10.0,0.5,1.0,1.0,5.75,2024-08-28 19:02:00+00:00,2024-08-28 19:02:00+00:00,2024-08-28 19:03:00+00:00,2024-08-28 19:03:00+00:00,momentum_long_late_8346db7cf1cc,1,market,0.0,1,1,4,32,30110.0
586712,586713,586713,586713,closed,stop,20884.75,20880.75,20885.0,20880.5,20880.75,20916.75,-4.0,-4.5,-5.0,-100.0,10.0,0.5,1.0,1.0,6.5,2024-08-28 19:03:00+00:00,2024-08-28 19:03:00+00:00,2024-08-28 19:04:00+00:00,2024-08-28 19:04:00+00:00,momentum_long_late_8346db7cf1cc,1,market,0.0,1,1,4,32,30010.0
586713,586714,586714,586714,closed,stop,20886.0,20882.0,20886.25,20881.75,20882.0,20918.0,-4.0,-4.5,-5.0,-100.0,10.0,0.5,1.0,1.0,4.75,2024-08-28 19:04:00+00:00,2024-08-28 19:04:00+00:00,2024-08-28 19:05:00+00:00,2024-08-28 19:05:00+00:00,momentum_long_late_8346db7cf1cc,1,market,0.0,1,1,4,32,29910.0
586714,586715,586715,586715,closed,stop,20888.25,20884.25,20888.5,20884.0,20884.25,20920.25,-4.0,-4.5,-5.0,-100.0,10.0,0.5,1.0,1.0,16.75,2024-08-28 19:05:00+00:00,2024-08-28 19:05:00+00:00,2024-08-28 19:06:00+00:00,2024-08-28 19:06:00+00:00,momentum_long_late_8346db7cf1cc,1,market,0.0,1,1,4,32,29810.0
586741,586742,586742,586742,closed,stop,20894.25,20890.25,20894.5,20890.0,20890.25,20926.25,-4.0,-4.5,-5.0,-100.0,10.0,0.5,1.0,1.0,11.0,2024-08-28 19:32:00+00:00,2024-08-28 19:32:00+00:00,2024-08-28 19:33:00+00:00,2024-08-28 19:33:00+00:00,momentum_long_late_8346db7cf1cc,1,market,0.0,1,1,4,32,29710.0
588014,588015,588015,588015,closed,stop,21066.25,21062.25,21066.5,21062.0,21062.25,21098.25,-4.0,-4.5,-5.0,-100.0,10.0,0.5,1.0,1.0,41.25,2024-08-29 18:00:00+00:00,2024-08-29 18:00:00+00:00,2024-08-29 18:01:00+00:00,2024-08-29 18:01:00+00:00,momentum_long_late_8346db7cf1cc,1,market,0.0,1,1,4,32,29610.0
589407,589408,589408,589408,closed,stop,20919.25,20915.25,20919.5,20915.0,20915.25,20951.25,-4.0,-4.5,-5.0,-100.0,10.0,0.5,1.0,1.0,8.25,2024-08-30 18:28:00+00:00,2024-08-30 18:28:00+00:00,2024-08-30 18:29:00+00:00,2024-08-30 18:29:00+00:00,momentum_long_late_8346db7cf1cc,1,market,0.0,1,1,4,32,29510.0
589419,589420,589420,589420,closed,timeout,20932.25,20933.5,20932.5,20933.25,20928.25,20964.25,1.25,0.75,0.25,5.0,10.0,0.5,1.0,1.0,2.25,2024-08-30 18:40:00+00:00,2024-08-30 18:40:00+00:00,2024-08-30 18:41:00+00:00,2024-08-30 18:41:00+00:00,momentum_long_late_8346db7cf1cc,1,market,0.0,1,1,4,32,29515.0
589420,589421,589421,589421,closed,timeout,20933.5,20939.5,20933.75,20939.25,20929.5,20965.5,6.0,5.5,5.0,100.0,10.0,0.5,1.0,1.0,1.25,2024-08-30 18:41:00+00:00,2024-08-30 18:41:00+00:00,2024-08-30 18:42:00+00:00,2024-08-30 18:42:00+00:00,momentum_long_late_8346db7cf1cc,1,market,0.0,1,1,4,32,29615.0
589421,589422,589422,589422,closed,timeout,20939.0,20938.0,20939.25,20937.75,20935.0,20971.0,-1.0,-1.5,-2.0,-40.0,10.0,0.5,1.0,1.0,3.75,2024-08-30 18:42:00+00:00,2024-08-30 18:42:00+00:00,2024-08-30 18:43:00+00:00,2024-08-30 18:43:00+00:00,momentum_long_late_8346db7cf1cc,1,market,0.0,1,1,4,32,29575.0
589422,589423,589423,589423,closed,stop,20938.25,20934.25,20938.5,20934.0,20934.25,20970.25,-4.0,-4.5,-5.0,-100.0,10.0,0.5,1.0,1.0,5.0,2024-08-30 18:43:00+00:00,2024-08-30 18:43:00+00:00,2024-08-30 18:44:00+00:00,2024-08-30 18:44:00+00:00,momentum_long_late_8346db7cf1cc,1,market,0.0,1,1,4,32,29475.0
589429,589430,589430,589430,closed,timeout,20949.25,20953.75,20949.5,20953.5,20945.25,20981.25,4.5,4.0,3.5,70.0,10.0,0.5,1.0,1.0,1.0,2024-08-30 18:50:00+00:00,2024-08-30 18:50:00+00:00,2024-08-30 18:51:00+00:00,2024-08-30 18:51:00+00:00,momentum_long_late_8346db7cf1cc,1,market,0.0,1,1,4,32,29545.0
589430,589431,589431,589431,closed,timeout,20953.5,20961.5,20953.75,20961.25,20949.5,20985.5,8.0,7.5,7.0,140.0,10.0,0.5,1.0,1.0,1.75,2024-08-30 18:51:00+00:00,2024-08-30 18:51:00+00:00,2024-08-30 18:52:00+00:00,2024-08-30 18:52:00+00:00,momentum_long_late_8346db7cf1cc,1,market,0.0,1,1,4,32,29685.0
589431,589432,589432,589432,closed,timeout,20960.75,20963.25,20961.0,20963.0,20956.75,20992.75,2.5,2.0,1.5,30.0,10.0,0.5,1.0,1.0,2.0,2024-08-30 18:52:00+00:00,2024-08-30 18:52:00+00:00,2024-08-30 18:53:00+00:00,2024-08-30 18:53:00+00:00,momentum_long_late_8346db7cf1cc,1,market,0.0,1,1,4,32,29715.0
589432,589433,589433,589433,closed,timeout,20962.75,20965.25,20963.0,20965.0,20958.75,20994.75,2.5,2.0,1.5,30.0,10.0,0.5,1.0,1.0,0.25,2024-08-30 18:53:00+00:00,2024-08-30 18:53:00+00:00,2024-08-30 18:54:00+00:00,2024-08-30 18:54:00+00:00,momentum_long_late_8346db7cf1cc,1,market,0.0,1,1,4,32,29745.0
589433,589434,589434,589434,closed,stop,20966.25,20962.25,20966.5,20962.0,20962.25,20998.25,-4.0,-4.5,-5.0,-100.0,10.0,0.5,1.0,1.0,11.75,2024-08-30 18:54:00+00:00,2024-08-30 18:54:00+00:00,2024-08-30 18:55:00+00:00,2024-08-30 18:55:00+00:00,momentum_long_late_8346db7cf1cc,1,market,0.0,1,1,4,32,29645.0
589463,589464,589464,589464,closed,timeout,20978.25,20982.75,20978.5,20982.5,20974.25,21010.25,4.5,4.0,3.5,70.0,10.0,0.5,1.0,1.0,1.25,2024-08-30 19:24:00+00:00,2024-08-30 19:24:00+00:00,2024-08-30 19:25:00+00:00,2024-08-30 19:25:00+00:00,momentum_long_late_8346db7cf1cc,1,market,0.0,1,1,4,32,29715.0
589464,589465,589465,589465,closed,stop,20982.75,20978.75,20983.0,20978.5,20978.75,21014.75,-4.0,-4.5,-5.0,-100.0,10.0,0.5,1.0,1.0,6.0,2024-08-30 19:25:00+00:00,2024-08-30 19:25:00+00:00,2024-08-30 19:26:00+00:00,2024-08-30 19:26:00+00:00,momentum_long_late_8346db7cf1cc,1,market,0.0,1,1,4,32,29615.0
589465,589466,589466,589466,closed,stop,20982.0,20978.0,20982.25,20977.75,20978.0,21014.0,-4.0,-4.5,-5.0,-100.0,10.0,0.5,1.0,1.0,6.5,2024-08-30 19:26:00+00:00,2024-08-30 19:26:00+00:00,2024-08-30 19:27:00+00:00,2024-08-30 19:27:00+00:00,momentum_long_late_8346db7cf1cc,1,market,0.0,1,1,4,32,29515.0
589466,589467,589467,589467,closed,stop,20979.75,20975.75,20980.0,20975.5,20975.75,21011.75,-4.0,-4.5,-5.0,-100.0,10.0,0.5,1.0,1.0,5.0,2024-08-30 19:27:00+00:00,2024-08-30 19:27:00+00:00,2024-08-30 19:28:00+00:00,2024-08-30 19:28:00+00:00,momentum_long_late_8346db7cf1cc,1,market,0.0,1,1,4,32,29415.0
589467,589468,589468,589468,closed,timeout,20981.5,20996.75,20981.75,20996.5,20977.5,21013.5,15.25,14.75,14.25,285.0,10.0,0.5,1.0,1.0,2.25,2024-08-30 19:28:00+00:00,2024-08-30 19:28:00+00:00,2024-08-30 19:29:00+00:00,2024-08-30 19:29:00+00:00,momentum_long_late_8346db7cf1cc,1,market,0.0,1,1,4,32,29700.0
589468,589469,589469,589469,closed,stop,20996.75,20992.75,20997.0,20992.5,20992.75,21028.75,-4.0,-4.5,-5.0,-100.0,10.0,0.5,1.0,1.0,6.0,2024-08-30 19:29:00+00:00,2024-08-30 19:29:00+00:00,2024-08-30 19:30:00+00:00,2024-08-30 19:30:00+00:00,momentum_long_late_8346db7cf1cc,1,market,0.0,1,1,4,32,29600.0
589469,589470,589470,589470,closed,stop,20996.0,20992.0,20996.25,20991.75,20992.0,21028.0,-4.0,-4.5,-5.0,-100.0,10.0,0.5,1.0,1.0,7.0,2024-08-30 19:30:00+00:00,2024-08-30 19:30:00+00:00,2024-08-30 19:31:00+00:00,2024-08-30 19:31:00+00:00,momentum_long_late_8346db7cf1cc,1,market,0.0,1,1,4,32,29500.0
589470,589471,589471,589471,closed,stop,20993.75,20989.75,20994.0,20989.5,20989.75,21025.75,-4.0,-4.5,-5.0,-100.0,10.0,0.5,1.0,1.0,4.75,2024-08-30 19:31:00+00:00,2024-08-30 19:31:00+00:00,2024-08-30 19:32:00+00:00,2024-08-30 19:32:00+00:00,momentum_long_late_8346db7cf1cc,1,market,0.0,1,1,4,32,29400.0
589471,589472,589472,589472,closed,stop,20990.5,20986.5,20990.75,20986.25,20986.5,21022.5,-4.0,-4.5,-5.0,-100.0,10.0,0.5,1.0,1.0,7.25,2024-08-30 19:32:00+00:00,2024-08-30 19:32:00+00:00,2024-08-30 19:33:00+00:00,2024-08-30 19:33:00+00:00,momentum_long_late_8346db7cf1cc,1,market,0.0,1,1,4,32,29300.0
589491,589492,589492,589492,closed,stop,21035.5,21031.5,21035.75,21031.25,21031.5,21067.5,-4.0,-4.5,-5.0,-100.0,10.0,0.5,1.0,1.0,33.5,2024-08-30 19:52:00+00:00,2024-08-30 19:52:00+00:00,2024-08-30 19:53:00+00:00,2024-08-30 19:53:00+00:00,momentum_long_late_8346db7cf1cc,1,market,0.0,1,1,4,32,29200.0
589493,589494,589494,589494,closed,stop,21022.0,21018.0,21022.25,21017.75,21018.0,21054.0,-4.0,-4.5,-5.0,-100.0,10.0,0.5,1.0,1.0,15.0,2024-08-30 19:54:00+00:00,2024-08-30 19:54:00+00:00,2024-08-30 19:55:00+00:00,2024-08-30 19:55:00+00:00,momentum_long_late_8346db7cf1cc,1,market,0.0,1,1,4,32,29100.0
589494,589495,589495,589495,closed,timeout,21022.75,21035.5,21023.0,21035.25,21018.75,21054.75,12.75,12.25,11.75,235.0,10.0,0.5,1.0,1.0,4.0,2024-08-30 19:55:00+00:00,2024-08-30 19:55:00+00:00,2024-08-30 19:56:00+00:00,2024-08-30 19:56:00+00:00,momentum_long_late_8346db7cf1cc,1,market,0.0,1,1,4,32,29335.0
589497,589498,589498,589498,closed,stop,21057.25,21053.25,21057.5,21053.0,21053.25,21089.25,-4.0,-4.5,-5.0,-100.0,10.0,0.5,1.0,1.0,22.75,2024-08-30 19:58:00+00:00,2024-08-30 19:58:00+00:00,2024-08-30 19:59:00+00:00,2024-08-30 19:59:00+00:00,momentum_long_late_8346db7cf1cc,1,market,0.0,1,1,4,32,29235.0
589498,589499,589499,589499,closed,stop,21048.25,21044.25,21048.5,21044.0,21044.25,21080.25,-4.0,-4.5,-5.0,-100.0,10.0,0.5,1.0,1.0,5.25,2024-08-30 19:59:00+00:00,2024-08-30 19:59:00+00:00,2024-08-30 20:00:00+00:00,2024-08-30 20:00:00+00:00,momentum_long_late_8346db7cf1cc,1,market,0.0,1,1,4,32,29135.0
591918,591919,591919,591919,closed,stop,20502.0,20498.0,20502.25,20497.75,20498.0,20534.0,-4.0,-4.5,-5.0,-100.0,10.0,0.5,1.0,1.0,11.25,2024-09-03 18:35:00+00:00,2024-09-03 18:35:00+00:00,2024-09-03 18:36:00+00:00,2024-09-03 18:36:00+00:00,momentum_long_late_8346db7cf1cc,1,market,0.0,1,1,4,32,29035.0
591949,591950,591950,591950,closed,stop,20499.75,20495.75,20500.0,20495.5,20495.75,20531.75,-4.0,-4.5,-5.0,-100.0,10.0,0.5,1.0,1.0,14.0,2024-09-03 19:06:00+00:00,2024-09-03 19:06:00+00:00,2024-09-03 19:07:00+00:00,2024-09-03 19:07:00+00:00,momentum_long_late_8346db7cf1cc,1,market,0.0,1,1,4,32,28935.0
594665,594666,594666,594666,closed,stop,20465.0,20461.0,20465.25,20460.75,20461.0,20497.0,-4.0,-4.5,-5.0,-100.0,10.0,0.5,1.0,1.0,26.5,2024-09-05 18:52:00+00:00,2024-09-05 18:52:00+00:00,2024-09-05 18:53:00+00:00,2024-09-05 18:53:00+00:00,momentum_long_late_8346db7cf1cc,1,market,0.0,1,1,4,32,28835.0
594707,594708,594708,594708,closed,timeout,20422.5,20428.5,20422.75,20428.25,20418.5,20454.5,6.0,5.5,5.0,100.0,10.0,0.5,1.0,1.0,0.25,2024-09-05 19:34:00+00:00,2024-09-05 19:34:00+00:00,2024-09-05 19:35:00+00:00,2024-09-05 19:35:00+00:00,momentum_long_late_8346db7cf1cc,1,market,0.0,1,1,4,32,28935.0
594708,594709,594709,594709,closed,stop,20428.25,20424.25,20428.5,20424.0,20424.25,20460.25,-4.0,-4.5,-5.0,-100.0,10.0,0.5,1.0,1.0,9.25,2024-09-05 19:35:00+00:00,2024-09-05 19:35:00+00:00,2024-09-05 19:36:00+00:00,2024-09-05 19:36:00+00:00,momentum_long_late_8346db7cf1cc,1,market,0.0,1,1,4,32,28835.0
594709,594710,594710,594710,closed,stop,20422.5,20418.5,20422.75,20418.25,20418.5,20454.5,-4.0,-4.5,-5.0,-100.0,10.0,0.5,1.0,1.0,8.5,2024-09-05 19:36:00+00:00,2024-09-05 19:36:00+00:00,2024-09-05 19:37:00+00:00,2024-09-05 19:37:00+00:00,momentum_long_late_8346db7cf1cc,1,market,0.0,1,1,4,32,28735.0
594710,594711,594711,594711,closed,stop,20425.0,20421.0,20425.25,20420.75,20421.0,20457.0,-4.0,-4.5,-5.0,-100.0,10.0,0.5,1.0,1.0,11.25,2024-09-05 19:37:00+00:00,2024-09-05 19:37:00+00:00,2024-09-05 19:38:00+00:00,2024-09-05 19:38:00+00:00,momentum_long_late_8346db7cf1cc,1,market,0.0,1,1,4,32,28635.0
596034,596035,596035,596035,closed,stop,19921.0,19917.0,19921.25,19916.75,19917.0,19953.0,-4.0,-4.5,-5.0,-100.0,10.0,0.5,1.0,1.0,4.25,2024-09-06 18:56:00+00:00,2024-09-06 18:56:00+00:00,2024-09-06 18:57:00+00:00,2024-09-06 18:57:00+00:00,momentum_long_late_8346db7cf1cc,1,market,0.0,1,1,4,32,28535.0
596042,596043,596043,596043,closed,timeout,19929.5,19935.5,19929.75,19935.25,19925.5,19961.5,6.0,5.5,5.0,100.0,10.0,0.5,1.0,1.0,3.0,2024-09-06 19:04:00+00:00,2024-09-06 19:04:00+00:00,2024-09-06 19:05:00+00:00,2024-09-06 19:05:00+00:00,momentum_long_late_8346db7cf1cc,1,market,0.0,1,1,4,32,28635.0
596043,596044,596044,596044,closed,timeout,19935.25,19949.25,19935.5,19949.0,19931.25,19967.25,14.0,13.5,13.0,260.0,10.0,0.5,1.0,1.0,4.0,2024-09-06 19:05:00+00:00,2024-09-06 19:05:00+00:00,2024-09-06 19:06:00+00:00,2024-09-06 19:06:00+00:00,momentum_long_late_8346db7cf1cc,1,market,0.0,1,1,4,32,28895.0
596044,596045,596045,596045,closed,stop,19949.0,19945.0,19949.25,19944.75,19945.0,19981.0,-4.0,-4.5,-5.0,-100.0,10.0,0.5,1.0,1.0,19.25,2024-09-06 19:06:00+00:00,2024-09-06 19:06:00+00:00,2024-09-06 19:07:00+00:00,2024-09-06 19:07:00+00:00,momentum_long_late_8346db7cf1cc,1,market,0.0,1,1,4,32,28795.0
597432,597433,597433,597433,closed,timeout,20071.0,20078.25,20071.25,20078.0,20067.0,20103.0,7.25,6.75,6.25,125.0,10.0,0.5,1.0,1.0,1.75,2024-09-09 19:29:00+00:00,2024-09-09 19:29:00+00:00,2024-09-09 19:30:00+00:00,2024-09-09 19:30:00+00:00,momentum_long_late_8346db7cf1cc,1,market,0.0,1,1,4,32,28920.0
597433,597434,597434,597434,closed,stop,20078.25,20074.25,20078.5,20074.0,20074.25,20110.25,-4.0,-4.5,-5.0,-100.0,10.0,0.5,1.0,1.0,4.5,2024-09-09 19:30:00+00:00,2024-09-09 19:30:00+00:00,2024-09-09 19:31:00+00:00,2024-09-09 19:31:00+00:00,momentum_long_late_8346db7cf1cc,1,market,0.0,1,1,4,32,28820.0
597434,597435,597435,597435,closed,stop,20080.5,20076.5,20080.75,20076.25,20076.5,20112.5,-4.0,-4.5,-5.0,-100.0,10.0,0.5,1.0,1.0,9.0,2024-09-09 19:31:00+00:00,2024-09-09 19:31:00+00:00,2024-09-09 19:32:00+00:00,2024-09-09 19:32:00+00:00,momentum_long_late_8346db7cf1cc,1,market,0.0,1,1,4,32,28720.0
597435,597436,597436,597436,closed,timeout,20079.75,20094.25,20080.0,20094.0,20075.75,20111.75,14.5,14.0,13.5,270.0,10.0,0.5,1.0,1.0,0.5,2024-09-09 19:32:00+00:00,2024-09-09 19:32:00+00:00,2024-09-09 19:33:00+00:00,2024-09-09 19:33:00+00:00,momentum_long_late_8346db7cf1cc,1,market,0.0,1,1,4,32,28990.0
597436,597437,597437,597437,closed,stop,20094.0,20090.0,20094.25,20089.75,20090.0,20126.0,-4.0,-4.5,-5.0,-100.0,10.0,0.5,1.0,1.0,8.75,2024-09-09 19:33:00+00:00,2024-09-09 19:33:00+00:00,2024-09-09 19:34:00+00:00,2024-09-09 19:34:00+00:00,momentum_long_late_8346db7cf1cc,1,market,0.0,1,1,4,32,28890.0
597437,597438,597438,597438,closed,stop,20088.5,20084.5,20088.75,20084.25,20084.5,20120.5,-4.0,-4.5,-5.0,-100.0,10.0,0.5,1.0,1.0,16.75,2024-09-09 19:34:00+00:00,2024-09-09 19:34:00+00:00,2024-09-09 19:35:00+00:00,2024-09-09 19:35:00+00:00,momentum_long_late_8346db7cf1cc,1,market,0.0,1,1,4,32,28790.0
597440,597441,597441,597441,closed,stop,20092.25,20088.25,20092.5,20088.0,20088.25,20124.25,-4.0,-4.5,-5.0,-100.0,10.0,0.5,1.0,1.0,7.5,2024-09-09 19:37:00+00:00,2024-09-09 19:37:00+00:00,2024-09-09 19:38:00+00:00,2024-09-09 19:38:00+00:00,momentum_long_late_8346db7cf1cc,1,market,0.0,1,1,4,32,28690.0
598710,598711,598711,598711,closed,stop,20260.25,20256.25,20260.5,20256.0,20256.25,20292.25,-4.0,-4.5,-5.0,-100.0,10.0,0.5,1.0,1.0,6.0,2024-09-10 18:02:00+00:00,2024-09-10 18:02:00+00:00,2024-09-10 18:03:00+00:00,2024-09-10 18:03:00+00:00,momentum_long_late_8346db7cf1cc,1,market,0.0,1,1,4,32,28590.0
598711,598712,598712,598712,closed,stop,20262.25,20258.25,20262.5,20258.0,20258.25,20294.25,-4.0,-4.5,-5.0,-100.0,10.0,0.5,1.0,1.0,6.75,2024-09-10 18:03:00+00:00,2024-09-10 18:03:00+00:00,2024-09-10 18:04:00+00:00,2024-09-10 18:04:00+00:00,momentum_long_late_8346db7cf1cc,1,market,0.0,1,1,4,32,28490.0
598780,598781,598781,598781,closed,timeout,20274.5,20272.0,20274.75,20271.75,20270.5,20306.5,-2.5,-3.0,-3.5,-70.0,10.0,0.5,1.0,1.0,3.5,2024-09-10 19:12:00+00:00,2024-09-10 19:12:00+00:00,2024-09-10 19:13:00+00:00,2024-09-10 19:13:00+00:00,momentum_long_late_8346db7cf1cc,1,market,0.0,1,1,4,32,28420.0
598781,598782,598782,598782,closed,stop,20272.25,20268.25,20272.5,20268.0,20268.25,20304.25,-4.0,-4.5,-5.0,-100.0,10.0,0.5,1.0,1.0,5.25,2024-09-10 19:13:00+00:00,2024-09-10 19:13:00+00:00,2024-09-10 19:14:00+00:00,2024-09-10 19:14:00+00:00,momentum_long_late_8346db7cf1cc,1,market,0.0,1,1,4,32,28320.0
598797,598798,598798,598798,closed,stop,20290.25,20286.25,20290.5,20286.0,20286.25,20322.25,-4.0,-4.5,-5.0,-100.0,10.0,0.5,1.0,1.0,7.5,2024-09-10 19:29:00+00:00,2024-09-10 19:29:00+00:00,2024-09-10 19:30:00+00:00,2024-09-10 19:30:00+00:00,momentum_long_late_8346db7cf1cc,1,market,0.0,1,1,4,32,28220.0
598798,598799,598799,598799,closed,stop,20291.25,20287.25,20291.5,20287.0,20287.25,20323.25,-4.0,-4.5,-5.0,-100.0,10.0,0.5,1.0,1.0,6.5,2024-09-10 19:30:00+00:00,2024-09-10 19:30:00+00:00,2024-09-10 19:31:00+00:00,2024-09-10 19:31:00+00:00,momentum_long_late_8346db7cf1cc,1,market,0.0,1,1,4,32,28120.0
598800,598801,598801,598801,closed,timeout,20304.75,20308.5,20305.0,20308.25,20300.75,20336.75,3.75,3.25,2.75,55.0,10.0,0.5,1.0,1.0,3.25,2024-09-10 19:32:00+00:00,2024-09-10 19:32:00+00:00,2024-09-10 19:33:00+00:00,2024-09-10 19:33:00+00:00,momentum_long_late_8346db7cf1cc,1,market,0.0,1,1,4,32,28175.0
598801,598802,598802,598802,closed,stop,20309.0,20305.0,20309.25,20304.75,20305.0,20341.0,-4.0,-4.5,-5.0,-100.0,10.0,0.5,1.0,1.0,9.25,2024-09-10 19:33:00+00:00,2024-09-10 19:33:00+00:00,2024-09-10 19:34:00+00:00,2024-09-10 19:34:00+00:00,momentum_long_late_8346db7cf1cc,1,market,0.0,1,1,4,32,28075.0
598802,598803,598803,598803,closed,stop,20302.0,20298.0,20302.25,20297.75,20298.0,20334.0,-4.0,-4.5,-5.0,-100.0,10.0,0.5,1.0,1.0,6.25,2024-09-10 19:34:00+00:00,2024-09-10 19:34:00+00:00,2024-09-10 19:35:00+00:00,2024-09-10 19:35:00+00:00,momentum_long_late_8346db7cf1cc,1,market,0.0,1,1,4,32,27975.0
598803,598804,598804,598804,closed,stop,20301.0,20297.0,20301.25,20296.75,20297.0,20333.0,-4.0,-4.5,-5.0,-100.0,10.0,0.5,1.0,1.0,10.0,2024-09-10 19:35:00+00:00,2024-09-10 19:35:00+00:00,2024-09-10 19:36:00+00:00,2024-09-10 19:36:00+00:00,momentum_long_late_8346db7cf1cc,1,market,0.0,1,1,4,32,27875.0
600101,600102,600102,600102,closed,timeout,20542.25,20555.5,20542.5,20555.25,20538.25,20574.25,13.25,12.75,12.25,245.0,10.0,0.5,1.0,1.0,2.25,2024-09-11 18:28:00+00:00,2024-09-11 18:28:00+00:00,2024-09-11 18:29:00+00:00,2024-09-11 18:29:00+00:00,momentum_long_late_8346db7cf1cc,1,market,0.0,1,1,4,32,28120.0
600102,600103,600103,600103,closed,stop,20556.25,20552.25,20556.5,20552.0,20552.25,20588.25,-4.0,-4.5,-5.0,-100.0,10.0,0.5,1.0,1.0,5.25,2024-09-11 18:29:00+00:00,2024-09-11 18:29:00+00:00,2024-09-11 18:30:00+00:00,2024-09-11 18:30:00+00:00,momentum_long_late_8346db7cf1cc,1,market,0.0,1,1,4,32,28020.0
600103,600104,600104,600104,closed,timeout,20552.75,20563.75,20553.0,20563.5,20548.75,20584.75,11.0,10.5,10.0,200.0,10.0,0.5,1.0,1.0,0.25,2024-09-11 18:30:00+00:00,2024-09-11 18:30:00+00:00,2024-09-11 18:31:00+00:00,2024-09-11 18:31:00+00:00,momentum_long_late_8346db7cf1cc,1,market,0.0,1,1,4,32,28220.0
600104,600105,600105,600105,closed,stop,20564.0,20560.0,20564.25,20559.75,20560.0,20596.0,-4.0,-4.5,-5.0,-100.0,10.0,0.5,1.0,1.0,18.0,2024-09-11 18:31:00+00:00,2024-09-11 18:31:00+00:00,2024-09-11 18:32:00+00:00,2024-09-11 18:32:00+00:00,momentum_long_late_8346db7cf1cc,1,market,0.0,1,1,4,32,28120.0
600105,600106,600106,600106,closed,stop,20551.25,20547.25,20551.5,20547.0,20547.25,20583.25,-4.0,-4.5,-5.0,-100.0,10.0,0.5,1.0,1.0,6.25,2024-09-11 18:32:00+00:00,2024-09-11 18:32:00+00:00,2024-09-11 18:33:00+00:00,2024-09-11 18:33:00+00:00,momentum_long_late_8346db7cf1cc,1,market,0.0,1,1,4,32,28020.0
600115,600116,600116,600116,closed,timeout,20583.0,20598.75,20583.25,20598.5,20579.0,20615.0,15.75,15.25,14.75,295.0,10.0,0.5,1.0,1.0,0.5,2024-09-11 18:42:00+00:00,2024-09-11 18:42:00+00:00,2024-09-11 18:43:00+00:00,2024-09-11 18:43:00+00:00,momentum_long_late_8346db7cf1cc,1,market,0.0,1,1,4,32,28315.0
600116,600117,600117,600117,closed,stop,20598.75,20594.75,20599.0,20594.5,20594.75,20630.75,-4.0,-4.5,-5.0,-100.0,10.0,0.5,1.0,1.0,11.75,2024-09-11 18:43:00+00:00,2024-09-11 18:43:00+00:00,2024-09-11 18:44:00+00:00,2024-09-11 18:44:00+00:00,momentum_long_late_8346db7cf1cc,1,market,0.0,1,1,4,32,28215.0
600147,600148,600148,600148,closed,stop,20597.5,20593.5,20597.75,20593.25,20593.5,20629.5,-4.0,-4.5,-5.0,-100.0,10.0,0.5,1.0,1.0,5.0,2024-09-11 19:14:00+00:00,2024-09-11 19:14:00+00:00,2024-09-11 19:15:00+00:00,2024-09-11 19:15:00+00:00,momentum_long_late_8346db7cf1cc,1,market,0.0,1,1,4,32,28115.0
600148,600149,600149,600149,closed,timeout,20594.25,20606.5,20594.5,20606.25,20590.25,20626.25,12.25,11.75,11.25,225.0,10.0,0.5,1.0,1.0,0.25,2024-09-11 19:15:00+00:00,2024-09-11 19:15:00+00:00,2024-09-11 19:16:00+00:00,2024-09-11 19:16:00+00:00,momentum_long_late_8346db7cf1cc,1,market,0.0,1,1,4,32,28340.0
600149,600150,600150,600150,closed,stop,20606.5,20602.5,20606.75,20602.25,20602.5,20638.5,-4.0,-4.5,-5.0,-100.0,10.0,0.5,1.0,1.0,19.5,2024-09-11 19:16:00+00:00,2024-09-11 19:16:00+00:00,2024-09-11 19:17:00+00:00,2024-09-11 19:17:00+00:00,momentum_long_late_8346db7cf1cc,1,market,0.0,1,1,4,32,28240.0
600160,600161,600161,600161,closed,timeout,20624.0,20629.25,20624.25,20629.0,20620.0,20656.0,5.25,4.75,4.25,85.0,10.0,0.5,1.0,1.0,0.75,2024-09-11 19:27:00+00:00,2024-09-11 19:27:00+00:00,2024-09-11 19:28:00+00:00,2024-09-11 19:28:00+00:00,momentum_long_late_8346db7cf1cc,1,market,0.0,1,1,4,32,28325.0
600161,600162,600162,600162,closed,timeout,20628.5,20630.75,20628.75,20630.5,20624.5,20660.5,2.25,1.75,1.25,25.0,10.0,0.5,1.0,1.0,1.75,2024-09-11 19:28:00+00:00,2024-09-11 19:28:00+00:00,2024-09-11 19:29:00+00:00,2024-09-11 19:29:00+00:00,momentum_long_late_8346db7cf1cc,1,market,0.0,1,1,4,32,28350.0
600186,600187,600187,600187,closed,timeout,20652.75,20669.25,20653.0,20669.0,20648.75,20684.75,16.5,16.0,15.5,310.0,10.0,0.5,1.0,1.0,0.25,2024-09-11 19:53:00+00:00,2024-09-11 19:53:00+00:00,2024-09-11 19:54:00+00:00,2024-09-11 19:54:00+00:00,momentum_long_late_8346db7cf1cc,1,market,0.0,1,1,4,32,28660.0
600187,600188,600188,600188,closed,timeout,20668.25,20684.0,20668.5,20683.75,20664.25,20700.25,15.75,15.25,14.75,295.0,10.0,0.5,1.0,1.0,3.0,2024-09-11 19:54:00+00:00,2024-09-11 19:54:00+00:00,2024-09-11 19:55:00+00:00,2024-09-11 19:55:00+00:00,momentum_long_late_8346db7cf1cc,1,market,0.0,1,1,4,32,28955.0
600188,600189,600189,600189,closed,timeout,20683.5,20696.0,20683.75,20695.75,20679.5,20715.5,12.5,12.0,11.5,230.0,10.0,0.5,1.0,1.0,1.0,2024-09-11 19:55:00+00:00,2024-09-11 19:55:00+00:00,2024-09-11 19:56:00+00:00,2024-09-11 19:56:00+00:00,momentum_long_late_8346db7cf1cc,1,market,0.0,1,1,4,32,29185.0
600189,600190,600190,600190,closed,stop,20695.75,20691.75,20696.0,20691.5,20691.75,20727.75,-4.0,-4.5,-5.0,-100.0,10.0,0.5,1.0,1.0,7.75,2024-09-11 19:56:00+00:00,2024-09-11 19:56:00+00:00,2024-09-11 19:57:00+00:00,2024-09-11 19:57:00+00:00,momentum_long_late_8346db7cf1cc,1,market,0.0,1,1,4,32,29085.0
600190,600191,600191,600191,closed,stop,20694.5,20690.5,20694.75,20690.25,20690.5,20726.5,-4.0,-4.5,-5.0,-100.0,10.0,0.5,1.0,1.0,9.75,2024-09-11 19:57:00+00:00,2024-09-11 19:57:00+00:00,2024-09-11 19:58:00+00:00,2024-09-11 19:58:00+00:00,momentum_long_late_8346db7cf1cc,1,market,0.0,1,1,4,32,28985.0
600191,600192,600192,600192,closed,stop,20707.75,20703.75,20708.0,20703.5,20703.75,20739.75,-4.0,-4.5,-5.0,-100.0,10.0,0.5,1.0,1.0,5.0,2024-09-11 19:58:00+00:00,2024-09-11 19:58:00+00:00,2024-09-11 19:59:00+00:00,2024-09-11 19:59:00+00:00,momentum_long_late_8346db7cf1cc,1,market,0.0,1,1,4,32,28885.0
600192,600193,600193,600193,closed,stop,20714.25,20710.25,20714.5,20710.0,20710.25,20746.25,-4.0,-4.5,-5.0,-100.0,10.0,0.5,1.0,1.0,32.5,2024-09-11 19:59:00+00:00,2024-09-11 19:59:00+00:00,2024-09-11 20:00:00+00:00,2024-09-11 20:00:00+00:00,momentum_long_late_8346db7cf1cc,1,market,0.0,1,1,4,32,28785.0
602881,602882,602882,602882,closed,timeout,20954.25,20953.25,20954.5,20953.0,20950.25,20986.25,-1.0,-1.5,-2.0,-40.0,10.0,0.5,1.0,1.0,3.5,2024-09-13 19:19:00+00:00,2024-09-13 19:19:00+00:00,2024-09-13 19:20:00+00:00,2024-09-13 19:20:00+00:00,momentum_long_late_8346db7cf1cc,1,market,0.0,1,1,4,32,28745.0
602883,602884,602884,602884,closed,stop,20956.5,20952.5,20956.75,20952.25,20952.5,20988.5,-4.0,-4.5,-5.0,-100.0,10.0,0.5,1.0,1.0,9.5,2024-09-13 19:21:00+00:00,2024-09-13 19:21:00+00:00,2024-09-13 19:22:00+00:00,2024-09-13 19:22:00+00:00,momentum_long_late_8346db7cf1cc,1,market,0.0,1,1,4,32,28645.0
602887,602888,602888,602888,closed,timeout,20961.25,20970.0,20961.5,20969.75,20957.25,20993.25,8.75,8.25,7.75,155.0,10.0,0.5,1.0,1.0,0.75,2024-09-13 19:25:00+00:00,2024-09-13 19:25:00+00:00,2024-09-13 19:26:00+00:00,2024-09-13 19:26:00+00:00,momentum_long_late_8346db7cf1cc,1,market,0.0,1,1,4,32,28800.0
602888,602889,602889,602889,closed,stop,20970.0,20966.0,20970.25,20965.75,20966.0,21002.0,-4.0,-4.5,-5.0,-100.0,10.0,0.5,1.0,1.0,8.25,2024-09-13 19:26:00+00:00,2024-09-13 19:26:00+00:00,2024-09-13 19:27:00+00:00,2024-09-13 19:27:00+00:00,momentum_long_late_8346db7cf1cc,1,market,0.0,1,1,4,32,28700.0
602911,602912,602912,602912,closed,stop,20971.25,20967.25,20971.5,20967.0,20967.25,21003.25,-4.0,-4.5,-5.0,-100.0,10.0,0.5,1.0,1.0,7.25,2024-09-13 19:49:00+00:00,2024-09-13 19:49:00+00:00,2024-09-13 19:50:00+00:00,2024-09-13 19:50:00+00:00,momentum_long_late_8346db7cf1cc,1,market,0.0,1,1,4,32,28600.0
604253,604254,604254,604254,closed,stop,20861.5,20857.5,20861.75,20857.25,20857.5,20893.5,-4.0,-4.5,-5.0,-100.0,10.0,0.5,1.0,1.0,4.25,2024-09-16 19:34:00+00:00,2024-09-16 19:34:00+00:00,2024-09-16 19:35:00+00:00,2024-09-16 19:35:00+00:00,momentum_long_late_8346db7cf1cc,1,market,0.0,1,1,4,32,28500.0
604254,604255,604255,604255,closed,stop,20861.75,20857.75,20862.0,20857.5,20857.75,20893.75,-4.0,-4.5,-5.0,-100.0,10.0,0.5,1.0,1.0,7.25,2024-09-16 19:35:00+00:00,2024-09-16 19:35:00+00:00,2024-09-16 19:36:00+00:00,2024-09-16 19:36:00+00:00,momentum_long_late_8346db7cf1cc,1,market,0.0,1,1,4,32,28400.0
605599,605600,605600,605600,closed,stop,20860.25,20856.25,20860.5,20856.0,20856.25,20892.25,-4.0,-4.5,-5.0,-100.0,10.0,0.5,1.0,1.0,7.25,2024-09-17 19:15:00+00:00,2024-09-17 19:15:00+00:00,2024-09-17 19:16:00+00:00,2024-09-17 19:16:00+00:00,momentum_long_late_8346db7cf1cc,1,market,0.0,1,1,4,32,28300.0
605636,605637,605637,605637,closed,stop,20875.0,20871.0,20875.25,20870.75,20871.0,20907.0,-4.0,-4.5,-5.0,-100.0,10.0,0.5,1.0,1.0,17.25,2024-09-17 19:52:00+00:00,2024-09-17 19:52:00+00:00,2024-09-17 19:53:00+00:00,2024-09-17 19:53:00+00:00,momentum_long_late_8346db7cf1cc,1,market,0.0,1,1,4,32,28200.0
605638,605639,605639,605639,closed,timeout,20870.25,20871.25,20870.5,20871.0,20866.25,20902.25,1.0,0.5,0.0,0.0,10.0,0.5,1.0,1.0,2.0,2024-09-17 19:54:00+00:00,2024-09-17 19:54:00+00:00,2024-09-17 19:55:00+00:00,2024-09-17 19:55:00+00:00,momentum_long_late_8346db7cf1cc,1,market,0.0,1,1,4,32,28200.0
605639,605640,605640,605640,closed,stop,20870.5,20866.5,20870.75,20866.25,20866.5,20902.5,-4.0,-4.5,-5.0,-100.0,10.0,0.5,1.0,1.0,10.0,2024-09-17 19:55:00+00:00,2024-09-17 19:55:00+00:00,2024-09-17 19:56:00+00:00,2024-09-17 19:56:00+00:00,momentum_long_late_8346db7cf1cc,1,market,0.0,1,1,4,32,28100.0
606889,606890,606890,606890,closed,stop,21047.5,21043.5,21047.75,21043.25,21043.5,21079.5,-4.0,-4.5,-5.0,-100.0,10.0,0.5,1.0,1.0,24.25,2024-09-18 18:01:00+00:00,2024-09-18 18:01:00+00:00,2024-09-18 18:02:00+00:00,2024-09-18 18:02:00+00:00,momentum_long_late_8346db7cf1cc,1,market,0.0,1,1,4,32,28000.0
606890,606891,606891,606891,closed,stop,21047.5,21043.5,21047.75,21043.25,21043.5,21079.5,-4.0,-4.5,-5.0,-100.0,10.0,0.5,1.0,1.0,44.75,2024-09-18 18:02:00+00:00,2024-09-18 18:02:00+00:00,2024-09-18 18:03:00+00:00,2024-09-18 18:03:00+00:00,momentum_long_late_8346db7cf1cc,1,market,0.0,1,1,4,32,27900.0
606891,606892,606892,606892,closed,stop,21023.0,21019.0,21023.25,21018.75,21019.0,21055.0,-4.0,-4.5,-5.0,-100.0,10.0,0.5,1.0,1.0,44.75,2024-09-18 18:03:00+00:00,2024-09-18 18:03:00+00:00,2024-09-18 18:04:00+00:00,2024-09-18 18:04:00+00:00,momentum_long_late_8346db7cf1cc,1,market,0.0,1,1,4,32,27800.0
606922,606923,606923,606923,closed,stop,21057.0,21053.0,21057.25,21052.75,21053.0,21089.0,-4.0,-4.5,-5.0,-100.0,10.0,0.5,1.0,1.0,10.25,2024-09-18 18:34:00+00:00,2024-09-18 18:34:00+00:00,2024-09-18 18:35:00+00:00,2024-09-18 18:35:00+00:00,momentum_long_late_8346db7cf1cc,1,market,0.0,1,1,4,32,27700.0
606923,606924,606924,606924,closed,stop,21062.0,21058.0,21062.25,21057.75,21058.0,21094.0,-4.0,-4.5,-5.0,-100.0,10.0,0.5,1.0,1.0,71.25,2024-09-18 18:35:00+00:00,2024-09-18 18:35:00+00:00,2024-09-18 18:36:00+00:00,2024-09-18 18:36:00+00:00,momentum_long_late_8346db7cf1cc,1,market,0.0,1,1,4,32,27600.0
608351,608352,608352,608352,closed,timeout,21326.0,21331.75,21326.25,21331.5,21322.0,21358.0,5.75,5.25,4.75,95.0,10.0,0.5,1.0,1.0,1.5,2024-09-19 19:41:00+00:00,2024-09-19 19:41:00+00:00,2024-09-19 19:42:00+00:00,2024-09-19 19:42:00+00:00,momentum_long_late_8346db7cf1cc,1,market,0.0,1,1,4,32,27695.0
608352,608353,608353,608353,closed,stop,21332.0,21328.0,21332.25,21327.75,21328.0,21364.0,-4.0,-4.5,-5.0,-100.0,10.0,0.5,1.0,1.0,16.25,2024-09-19 19:42:00+00:00,2024-09-19 19:42:00+00:00,2024-09-19 19:43:00+00:00,2024-09-19 19:43:00+00:00,momentum_long_late_8346db7cf1cc,1,market,0.0,1,1,4,32,27595.0
609667,609668,609668,609668,closed,timeout,21164.75,21166.5,21165.0,21166.25,21160.75,21196.75,1.75,1.25,0.75,15.0,10.0,0.5,1.0,1.0,1.25,2024-09-20 18:52:00+00:00,2024-09-20 18:52:00+00:00,2024-09-20 18:53:00+00:00,2024-09-20 18:53:00+00:00,momentum_long_late_8346db7cf1cc,1,market,0.0,1,1,4,32,27610.0
609668,609669,609669,609669,closed,timeout,21166.75,21176.0,21167.0,21175.75,21162.75,21198.75,9.25,8.75,8.25,165.0,10.0,0.5,1.0,1.0,1.0,2024-09-20 18:53:00+00:00,2024-09-20 18:53:00+00:00,2024-09-20 18:54:00+00:00,2024-09-20 18:54:00+00:00,momentum_long_late_8346db7cf1cc,1,market,0.0,1,1,4,32,27775.0
609669,609670,609670,609670,closed,timeout,21176.5,21180.5,21176.75,21180.25,21172.5,21208.5,4.0,3.5,3.0,60.0,10.0,0.5,1.0,1.0,2.75,2024-09-20 18:54:00+00:00,2024-09-20 18:54:00+00:00,2024-09-20 18:55:00+00:00,2024-09-20 18:55:00+00:00,momentum_long_late_8346db7cf1cc,1,market,0.0,1,1,4,32,27835.0
609670,609671,609671,609671,closed,stop,21181.0,21177.0,21181.25,21176.75,21177.0,21213.0,-4.0,-4.5,-5.0,-100.0,10.0,0.5,1.0,1.0,4.75,2024-09-20 18:55:00+00:00,2024-09-20 18:55:00+00:00,2024-09-20 18:56:00+00:00,2024-09-20 18:56:00+00:00,momentum_long_late_8346db7cf1cc,1,market,0.0,1,1,4,32,27735.0
609671,609672,609672,609672,closed,timeout,21180.25,21188.5,21180.5,21188.25,21176.25,21212.25,8.25,7.75,7.25,145.0,10.0,0.5,1.0,1.0,1.0,2024-09-20 18:56:00+00:00,2024-09-20 18:56:00+00:00,2024-09-20 18:57:00+00:00,2024-09-20 18:57:00+00:00,momentum_long_late_8346db7cf1cc,1,market,0.0,1,1,4,32,27880.0
609672,609673,609673,609673,closed,timeout,21188.25,21190.75,21188.5,21190.5,21184.25,21220.25,2.5,2.0,1.5,30.0,10.0,0.5,1.0,1.0,2.5,2024-09-20 18:57:00+00:00,2024-09-20 18:57:00+00:00,2024-09-20 18:58:00+00:00,2024-09-20 18:58:00+00:00,momentum_long_late_8346db7cf1cc,1,market,0.0,1,1,4,32,27910.0
609673,609674,609674,609674,closed,timeout,21191.0,21197.5,21191.25,21197.25,21187.0,21223.0,6.5,6.0,5.5,110.0,10.0,0.5,1.0,1.0,1.25,2024-09-20 18:58:00+00:00,2024-09-20 18:58:00+00:00,2024-09-20 18:59:00+00:00,2024-09-20 18:59:00+00:00,momentum_long_late_8346db7cf1cc,1,market,0.0,1,1,4,32,28020.0
609674,609675,609675,609675,closed,timeout,21197.5,21196.25,21197.75,21196.0,21193.5,21229.5,-1.25,-1.75,-2.25,-45.0,10.0,0.5,1.0,1.0,3.5,2024-09-20 18:59:00+00:00,2024-09-20 18:59:00+00:00,2024-09-20 19:00:00+00:00,2024-09-20 19:00:00+00:00,momentum_long_late_8346db7cf1cc,1,market,0.0,1,1,4,32,27975.0
609675,609676,609676,609676,closed,stop,21195.75,21191.75,21196.0,21191.5,21191.75,21227.75,-4.0,-4.5,-5.0,-100.0,10.0,0.5,1.0,1.0,7.75,2024-09-20 19:00:00+00:00,2024-09-20 19:00:00+00:00,2024-09-20 19:01:00+00:00,2024-09-20 19:01:00+00:00,momentum_long_late_8346db7cf1cc,1,market,0.0,1,1,4,32,27875.0
609676,609677,609677,609677,closed,timeout,21192.75,21198.25,21193.0,21198.0,21188.75,21224.75,5.5,5.0,4.5,90.0,10.0,0.5,1.0,1.0,0.25,2024-09-20 19:01:00+00:00,2024-09-20 19:01:00+00:00,2024-09-20 19:02:00+00:00,2024-09-20 19:02:00+00:00,momentum_long_late_8346db7cf1cc,1,market,0.0,1,1,4,32,27965.0
609677,609678,609678,609678,closed,timeout,21198.75,21201.75,21199.0,21201.5,21194.75,21230.75,3.0,2.5,2.0,40.0,10.0,0.5,1.0,1.0,2.5,2024-09-20 19:02:00+00:00,2024-09-20 19:02:00+00:00,2024-09-20 19:03:00+00:00,2024-09-20 19:03:00+00:00,momentum_long_late_8346db7cf1cc,1,market,0.0,1,1,4,32,28005.0
609678,609679,609679,609679,closed,timeout,21202.5,21203.25,21202.75,21203.0,21198.5,21234.5,0.75,0.25,-0.25,-5.0,10.0,0.5,1.0,1.0,2.25,2024-09-20 19:03:00+00:00,2024-09-20 19:03:00+00:00,2024-09-20 19:04:00+00:00,2024-09-20 19:04:00+00:00,momentum_long_late_8346db7cf1cc,1,market,0.0,1,1,4,32,28000.0
609694,609695,609695,609695,closed,stop,21219.5,21215.5,21219.75,21215.25,21215.5,21251.5,-4.0,-4.5,-5.0,-100.0,10.0,0.5,1.0,1.0,10.5,2024-09-20 19:19:00+00:00,2024-09-20 19:19:00+00:00,2024-09-20 19:20:00+00:00,2024-09-20 19:20:00+00:00,momentum_long_late_8346db7cf1cc,1,market,0.0,1,1,4,32,27900.0
609696,609697,609697,609697,closed,timeout,21224.75,21235.5,21225.0,21235.25,21220.75,21256.75,10.75,10.25,9.75,195.0,10.0,0.5,1.0,1.0,0.25,2024-09-20 19:21:00+00:00,2024-09-20 19:21:00+00:00,2024-09-20 19:22:00+00:00,2024-09-20 19:22:00+00:00,momentum_long_late_8346db7cf1cc,1,market,0.0,1,1,4,32,28095.0
609697,609698,609698,609698,closed,stop,21235.5,21231.5,21235.75,21231.25,21231.5,21267.5,-4.0,-4.5,-5.0,-100.0,10.0,0.5,1.0,1.0,18.0,2024-09-20 19:22:00+00:00,2024-09-20 19:22:00+00:00,2024-09-20 19:23:00+00:00,2024-09-20 19:23:00+00:00,momentum_long_late_8346db7cf1cc,1,market,0.0,1,1,4,32,27995.0
609712,609713,609713,609713,closed,timeout,21244.25,21245.25,21244.5,21245.0,21240.25,21276.25,1.0,0.5,0.0,0.0,10.0,0.5,1.0,1.0,3.0,2024-09-20 19:37:00+00:00,2024-09-20 19:37:00+00:00,2024-09-20 19:38:00+00:00,2024-09-20 19:38:00+00:00,momentum_long_late_8346db7cf1cc,1,market,0.0,1,1,4,32,27995.0
609714,609715,609715,609715,closed,stop,21275.75,21271.75,21276.0,21271.5,21271.75,21307.75,-4.0,-4.5,-5.0,-100.0,10.0,0.5,1.0,1.0,11.0,2024-09-20 19:39:00+00:00,2024-09-20 19:39:00+00:00,2024-09-20 19:40:00+00:00,2024-09-20 19:40:00+00:00,momentum_long_late_8346db7cf1cc,1,market,0.0,1,1,4,32,27895.0
609715,609716,609716,609716,closed,stop,21269.0,21265.0,21269.25,21264.75,21265.0,21301.0,-4.0,-4.5,-5.0,-100.0,10.0,0.5,1.0,1.0,9.0,2024-09-20 19:40:00+00:00,2024-09-20 19:40:00+00:00,2024-09-20 19:41:00+00:00,2024-09-20 19:41:00+00:00,momentum_long_late_8346db7cf1cc,1,market,0.0,1,1,4,32,27795.0
609716,609717,609717,609717,closed,timeout,21265.75,21269.0,21266.0,21268.75,21261.75,21297.75,3.25,2.75,2.25,45.0,10.0,0.5,1.0,1.0,1.0,2024-09-20 19:41:00+00:00,2024-09-20 19:41:00+00:00,2024-09-20 19:42:00+00:00,2024-09-20 19:42:00+00:00,momentum_long_late_8346db7cf1cc,1,market,0.0,1,1,4,32,27840.0
609717,609718,609718,609718,closed,timeout,21268.75,21273.0,21269.0,21272.75,21264.75,21300.75,4.25,3.75,3.25,65.0,10.0,0.5,1.0,1.0,2.5,2024-09-20 19:42:00+00:00,2024-09-20 19:42:00+00:00,2024-09-20 19:43:00+00:00,2024-09-20 19:43:00+00:00,momentum_long_late_8346db7cf1cc,1,market,0.0,1,1,4,32,27905.0
609718,609719,609719,609719,closed,stop,21272.75,21268.75,21273.0,21268.5,21268.75,21304.75,-4.0,-4.5,-5.0,-100.0,10.0,0.5,1.0,1.0,8.0,2024-09-20 19:43:00+00:00,2024-09-20 19:43:00+00:00,2024-09-20 19:44:00+00:00,2024-09-20 19:44:00+00:00,momentum_long_late_8346db7cf1cc,1,market,0.0,1,1,4,32,27805.0
611038,611039,611039,611039,closed,timeout,21280.5,21279.75,21280.75,21279.5,21276.5,21312.5,-0.75,-1.25,-1.75,-35.0,10.0,0.5,1.0,1.0,3.25,2024-09-23 18:58:00+00:00,2024-09-23 18:58:00+00:00,2024-09-23 18:59:00+00:00,2024-09-23 18:59:00+00:00,momentum_long_late_8346db7cf1cc,1,market,0.0,1,1,4,32,27770.0
612446,612447,612447,612447,closed,timeout,21359.25,21365.75,21359.5,21365.5,21355.25,21391.25,6.5,6.0,5.5,110.0,10.0,0.5,1.0,1.0,0.75,2024-09-24 19:41:00+00:00,2024-09-24 19:41:00+00:00,2024-09-24 19:42:00+00:00,2024-09-24 19:42:00+00:00,momentum_long_late_8346db7cf1cc,1,market,0.0,1,1,4,32,27880.0
612447,612448,612448,612448,closed,stop,21365.5,21361.5,21365.75,21361.25,21361.5,21397.5,-4.0,-4.5,-5.0,-100.0,10.0,0.5,1.0,1.0,5.25,2024-09-24 19:42:00+00:00,2024-09-24 19:42:00+00:00,2024-09-24 19:43:00+00:00,2024-09-24 19:43:00+00:00,momentum_long_late_8346db7cf1cc,1,market,0.0,1,1,4,32,27780.0
612448,612449,612449,612449,closed,stop,21365.5,21361.5,21365.75,21361.25,21361.5,21397.5,-4.0,-4.5,-5.0,-100.0,10.0,0.5,1.0,1.0,8.25,2024-09-24 19:43:00+00:00,2024-09-24 19:43:00+00:00,2024-09-24 19:44:00+00:00,2024-09-24 19:44:00+00:00,momentum_long_late_8346db7cf1cc,1,market,0.0,1,1,4,32,27680.0
613710,613711,613711,613711,closed,timeout,21397.5,21398.0,21397.75,21397.75,21393.5,21429.5,0.5,0.0,-0.5,-10.0,10.0,0.5,1.0,1.0,1.75,2024-09-25 18:00:00+00:00,2024-09-25 18:00:00+00:00,2024-09-25 18:01:00+00:00,2024-09-25 18:01:00+00:00,momentum_long_late_8346db7cf1cc,1,market,0.0,1,1,4,32,27670.0
613711,613712,613712,613712,closed,stop,21398.5,21394.5,21398.75,21394.25,21394.5,21430.5,-4.0,-4.5,-5.0,-100.0,10.0,0.5,1.0,1.0,10.0,2024-09-25 18:01:00+00:00,2024-09-25 18:01:00+00:00,2024-09-25 18:02:00+00:00,2024-09-25 18:02:00+00:00,momentum_long_late_8346db7cf1cc,1,market,0.0,1,1,4,32,27570.0
613740,613741,613741,613741,closed,stop,21396.75,21392.75,21397.0,21392.5,21392.75,21428.75,-4.0,-4.5,-5.0,-100.0,10.0,0.5,1.0,1.0,7.5,2024-09-25 18:30:00+00:00,2024-09-25 18:30:00+00:00,2024-09-25 18:31:00+00:00,2024-09-25 18:31:00+00:00,momentum_long_late_8346db7cf1cc,1,market,0.0,1,1,4,32,27470.0
615085,615086,615086,615086,closed,stop,21491.5,21487.5,21491.75,21487.25,21487.5,21523.5,-4.0,-4.5,-5.0,-100.0,10.0,0.5,1.0,1.0,4.5,2024-09-26 18:10:00+00:00,2024-09-26 18:10:00+00:00,2024-09-26 18:11:00+00:00,2024-09-26 18:11:00+00:00,momentum_long_late_8346db7cf1cc,1,market,0.0,1,1,4,32,27370.0
615086,615087,615087,615087,closed,timeout,21491.75,21503.0,21492.0,21502.75,21487.75,21523.75,11.25,10.75,10.25,205.0,10.0,0.5,1.0,1.0,2.0,2024-09-26 18:11:00+00:00,2024-09-26 18:11:00+00:00,2024-09-26 18:12:00+00:00,2024-09-26 18:12:00+00:00,momentum_long_late_8346db7cf1cc,1,market,0.0,1,1,4,32,27575.0
615087,615088,615088,615088,closed,timeout,21502.75,21511.25,21503.0,21511.0,21498.75,21534.75,8.5,8.0,7.5,150.0,10.0,0.5,1.0,1.0,2.5,2024-09-26 18:12:00+00:00,2024-09-26 18:12:00+00:00,2024-09-26 18:13:00+00:00,2024-09-26 18:13:00+00:00,momentum_long_late_8346db7cf1cc,1,market,0.0,1,1,4,32,27725.0
615088,615089,615089,615089,closed,stop,21511.75,21507.75,21512.0,21507.5,21507.75,21543.75,-4.0,-4.5,-5.0,-100.0,10.0,0.5,1.0,1.0,10.0,2024-09-26 18:13:00+00:00,2024-09-26 18:13:00+00:00,2024-09-26 18:14:00+00:00,2024-09-26 18:14:00+00:00,momentum_long_late_8346db7cf1cc,1,market,0.0,1,1,4,32,27625.0
615089,615090,615090,615090,closed,timeout,21510.0,21519.25,21510.25,21519.0,21506.0,21542.0,9.25,8.75,8.25,165.0,10.0,0.5,1.0,1.0,1.5,2024-09-26 18:14:00+00:00,2024-09-26 18:14:00+00:00,2024-09-26 18:15:00+00:00,2024-09-26 18:15:00+00:00,momentum_long_late_8346db7cf1cc,1,market,0.0,1,1,4,32,27790.0
615090,615091,615091,615091,closed,timeout,21518.75,21533.25,21519.0,21533.0,21514.75,21550.75,14.5,14.0,13.5,270.0,10.0,0.5,1.0,1.0,0.25,2024-09-26 18:15:00+00:00,2024-09-26 18:15:00+00:00,2024-09-26 18:16:00+00:00,2024-09-26 18:16:00+00:00,momentum_long_late_8346db7cf1cc,1,market,0.0,1,1,4,32,28060.0
615091,615092,615092,615092,closed,timeout,21533.0,21539.25,21533.25,21539.0,21529.0,21565.0,6.25,5.75,5.25,105.0,10.0,0.5,1.0,1.0,0.25,2024-09-26 18:16:00+00:00,2024-09-26 18:16:00+00:00,2024-09-26 18:17:00+00:00,2024-09-26 18:17:00+00:00,momentum_long_late_8346db7cf1cc,1,market,0.0,1,1,4,32,28165.0
615092,615093,615093,615093,closed,stop,21539.5,21535.5,21539.75,21535.25,21535.5,21571.5,-4.0,-4.5,-5.0,-100.0,10.0,0.5,1.0,1.0,6.0,2024-09-26 18:17:00+00:00,2024-09-26 18:17:00+00:00,2024-09-26 18:18:00+00:00,2024-09-26 18:18:00+00:00,momentum_long_late_8346db7cf1cc,1,market,0.0,1,1,4,32,28065.0
615093,615094,615094,615094,closed,stop,21535.5,21531.5,21535.75,21531.25,21531.5,21567.5,-4.0,-4.5,-5.0,-100.0,10.0,0.5,1.0,1.0,18.0,2024-09-26 18:18:00+00:00,2024-09-26 18:18:00+00:00,2024-09-26 18:19:00+00:00,2024-09-26 18:19:00+00:00,momentum_long_late_8346db7cf1cc,1,market,0.0,1,1,4,32,27965.0
615104,615105,615105,615105,closed,timeout,21539.25,21544.0,21539.5,21543.75,21535.25,21571.25,4.75,4.25,3.75,75.0,10.0,0.5,1.0,1.0,1.5,2024-09-26 18:29:00+00:00,2024-09-26 18:29:00+00:00,2024-09-26 18:30:00+00:00,2024-09-26 18:30:00+00:00,momentum_long_late_8346db7cf1cc,1,market,0.0,1,1,4,32,28040.0
615105,615106,615106,615106,closed,stop,21543.75,21539.75,21544.0,21539.5,21539.75,21575.75,-4.0,-4.5,-5.0,-100.0,10.0,0.5,1.0,1.0,5.0,2024-09-26 18:30:00+00:00,2024-09-26 18:30:00+00:00,2024-09-26 18:31:00+00:00,2024-09-26 18:31:00+00:00,momentum_long_late_8346db7cf1cc,1,market,0.0,1,1,4,32,27940.0
615130,615131,615131,615131,closed,timeout,21538.0,21537.75,21538.25,21537.5,21534.0,21570.0,-0.25,-0.75,-1.25,-25.0,10.0,0.5,1.0,1.0,3.25,2024-09-26 18:55:00+00:00,2024-09-26 18:55:00+00:00,2024-09-26 18:56:00+00:00,2024-09-26 18:56:00+00:00,momentum_long_late_8346db7cf1cc,1,market,0.0,1,1,4,32,27915.0
615133,615134,615134,615134,closed,timeout,21540.75,21543.75,21541.0,21543.5,21536.75,21572.75,3.0,2.5,2.0,40.0,10.0,0.5,1.0,1.0,0.5,2024-09-26 18:58:00+00:00,2024-09-26 18:58:00+00:00,2024-09-26 18:59:00+00:00,2024-09-26 18:59:00+00:00,momentum_long_late_8346db7cf1cc,1,market,0.0,1,1,4,32,27955.0
615134,615135,615135,615135,closed,stop,21544.0,21540.0,21544.25,21539.75,21540.0,21576.0,-4.0,-4.5,-5.0,-100.0,10.0,0.5,1.0,1.0,9.5,2024-09-26 18:59:00+00:00,2024-09-26 18:59:00+00:00,2024-09-26 19:00:00+00:00,2024-09-26 19:00:00+00:00,momentum_long_late_8346db7cf1cc,1,market,0.0,1,1,4,32,27855.0
615147,615148,615148,615148,closed,stop,21547.75,21543.75,21548.0,21543.5,21543.75,21579.75,-4.0,-4.5,-5.0,-100.0,10.0,0.5,1.0,1.0,9.0,2024-09-26 19:12:00+00:00,2024-09-26 19:12:00+00:00,2024-09-26 19:13:00+00:00,2024-09-26 19:13:00+00:00,momentum_long_late_8346db7cf1cc,1,market,0.0,1,1,4,32,27755.0
616440,616441,616441,616441,closed,timeout,21477.75,21483.25,21478.0,21483.0,21473.75,21509.75,5.5,5.0,4.5,90.0,10.0,0.5,1.0,1.0,2.25,2024-09-27 18:00:00+00:00,2024-09-27 18:00:00+00:00,2024-09-27 18:01:00+00:00,2024-09-27 18:01:00+00:00,momentum_long_late_8346db7cf1cc,1,market,0.0,1,1,4,32,27845.0
616441,616442,616442,616442,closed,stop,21483.75,21479.75,21484.0,21479.5,21479.75,21515.75,-4.0,-4.5,-5.0,-100.0,10.0,0.5,1.0,1.0,7.5,2024-09-27 18:01:00+00:00,2024-09-27 18:01:00+00:00,2024-09-27 18:02:00+00:00,2024-09-27 18:02:00+00:00,momentum_long_late_8346db7cf1cc,1,market,0.0,1,1,4,32,27745.0
616442,616443,616443,616443,closed,stop,21477.5,21473.5,21477.75,21473.25,21473.5,21509.5,-4.0,-4.5,-5.0,-100.0,10.0,0.5,1.0,1.0,11.25,2024-09-27 18:02:00+00:00,2024-09-27 18:02:00+00:00,2024-09-27 18:03:00+00:00,2024-09-27 18:03:00+00:00,momentum_long_late_8346db7cf1cc,1,market,0.0,1,1,4,32,27645.0
616489,616490,616490,616490,closed,timeout,21429.5,21428.25,21429.75,21428.0,21425.5,21461.5,-1.25,-1.75,-2.25,-45.0,10.0,0.5,1.0,1.0,2.75,2024-09-27 18:49:00+00:00,2024-09-27 18:49:00+00:00,2024-09-27 18:50:00+00:00,2024-09-27 18:50:00+00:00,momentum_long_late_8346db7cf1cc,1,market,0.0,1,1,4,32,27600.0
616490,616491,616491,616491,closed,stop,21428.75,21424.75,21429.0,21424.5,21424.75,21460.75,-4.0,-4.5,-5.0,-100.0,10.0,0.5,1.0,1.0,4.25,2024-09-27 18:50:00+00:00,2024-09-27 18:50:00+00:00,2024-09-27 18:51:00+00:00,2024-09-27 18:51:00+00:00,momentum_long_late_8346db7cf1cc,1,market,0.0,1,1,4,32,27500.0
616497,616498,616498,616498,closed,timeout,21451.0,21451.5,21451.25,21451.25,21447.0,21483.0,0.5,0.0,-0.5,-10.0,10.0,0.5,1.0,1.0,2.75,2024-09-27 18:57:00+00:00,2024-09-27 18:57:00+00:00,2024-09-27 18:58:00+00:00,2024-09-27 18:58:00+00:00,momentum_long_late_8346db7cf1cc,1,market,0.0,1,1,4,32,27490.0
616498,616499,616499,616499,closed,stop,21452.0,21448.0,21452.25,21447.75,21448.0,21484.0,-4.0,-4.5,-5.0,-100.0,10.0,0.5,1.0,1.0,7.25,2024-09-27 18:58:00+00:00,2024-09-27 18:58:00+00:00,2024-09-27 18:59:00+00:00,2024-09-27 18:59:00+00:00,momentum_long_late_8346db7cf1cc,1,market,0.0,1,1,4,32,27390.0
617845,617846,617846,617846,closed,stop,21347.25,21343.25,21347.5,21343.0,21343.25,21379.25,-4.0,-4.5,-5.0,-100.0,10.0,0.5,1.0,1.0,7.25,2024-09-30 18:40:00+00:00,2024-09-30 18:40:00+00:00,2024-09-30 18:41:00+00:00,2024-09-30 18:41:00+00:00,momentum_long_late_8346db7cf1cc,1,market,0.0,1,1,4,32,27290.0
617846,617847,617847,617847,closed,stop,21358.5,21354.5,21358.75,21354.25,21354.5,21390.5,-4.0,-4.5,-5.0,-100.0,10.0,0.5,1.0,1.0,9.0,2024-09-30 18:41:00+00:00,2024-09-30 18:41:00+00:00,2024-09-30 18:42:00+00:00,2024-09-30 18:42:00+00:00,momentum_long_late_8346db7cf1cc,1,market,0.0,1,1,4,32,27190.0
617847,617848,617848,617848,closed,stop,21356.0,21352.0,21356.25,21351.75,21352.0,21388.0,-4.0,-4.5,-5.0,-100.0,10.0,0.5,1.0,1.0,14.0,2024-09-30 18:42:00+00:00,2024-09-30 18:42:00+00:00,2024-09-30 18:43:00+00:00,2024-09-30 18:43:00+00:00,momentum_long_late_8346db7cf1cc,1,market,0.0,1,1,4,32,27090.0
617907,617908,617908,617908,closed,timeout,21369.0,21375.25,21369.25,21375.0,21365.0,21401.0,6.25,5.75,5.25,105.0,10.0,0.5,1.0,1.0,1.5,2024-09-30 19:42:00+00:00,2024-09-30 19:42:00+00:00,2024-09-30 19:43:00+00:00,2024-09-30 19:43:00+00:00,momentum_long_late_8346db7cf1cc,1,market,0.0,1,1,4,32,27195.0
617908,617909,617909,617909,closed,stop,21375.25,21371.25,21375.5,21371.0,21371.25,21407.25,-4.0,-4.5,-5.0,-100.0,10.0,0.5,1.0,1.0,15.5,2024-09-30 19:43:00+00:00,2024-09-30 19:43:00+00:00,2024-09-30 19:44:00+00:00,2024-09-30 19:44:00+00:00,momentum_long_late_8346db7cf1cc,1,market,0.0,1,1,4,32,27095.0
617910,617911,617911,617911,closed,timeout,21380.5,21390.0,21380.75,21389.75,21376.5,21412.5,9.5,9.0,8.5,170.0,10.0,0.5,1.0,1.0,0.5,2024-09-30 19:45:00+00:00,2024-09-30 19:45:00+00:00,2024-09-30 19:46:00+00:00,2024-09-30 19:46:00+00:00,momentum_long_late_8346db7cf1cc,1,market,0.0,1,1,4,32,27265.0
617911,617912,617912,617912,closed,timeout,21389.5,21394.25,21389.75,21394.0,21385.5,21421.5,4.75,4.25,3.75,75.0,10.0,0.5,1.0,1.0,3.75,2024-09-30 19:46:00+00:00,2024-09-30 19:46:00+00:00,2024-09-30 19:47:00+00:00,2024-09-30 19:47:00+00:00,momentum_long_late_8346db7cf1cc,1,market,0.0,1,1,4,32,27340.0
617912,617913,617913,617913,closed,stop,21394.5,21390.5,21394.75,21390.25,21390.5,21426.5,-4.0,-4.5,-5.0,-100.0,10.0,0.5,1.0,1.0,7.75,2024-09-30 19:47:00+00:00,2024-09-30 19:47:00+00:00,2024-09-30 19:48:00+00:00,2024-09-30 19:48:00+00:00,momentum_long_late_8346db7cf1cc,1,market,0.0,1,1,4,32,27240.0
617913,617914,617914,617914,closed,timeout,21407.0,21409.0,21407.25,21408.75,21403.0,21439.0,2.0,1.5,1.0,20.0,10.0,0.5,1.0,1.0,2.5,2024-09-30 19:48:00+00:00,2024-09-30 19:48:00+00:00,2024-09-30 19:49:00+00:00,2024-09-30 19:49:00+00:00,momentum_long_late_8346db7cf1cc,1,market,0.0,1,1,4,32,27260.0
617914,617915,617915,617915,closed,stop,21409.25,21405.25,21409.5,21405.0,21405.25,21441.25,-4.0,-4.5,-5.0,-100.0,10.0,0.5,1.0,1.0,8.75,2024-09-30 19:49:00+00:00,2024-09-30 19:49:00+00:00,2024-09-30 19:50:00+00:00,2024-09-30 19:50:00+00:00,momentum_long_late_8346db7cf1cc,1,market,0.0,1,1,4,32,27160.0
617915,617916,617916,617916,closed,stop,21405.5,21401.5,21405.75,21401.25,21401.5,21437.5,-4.0,-4.5,-5.0,-100.0,10.0,0.5,1.0,1.0,5.0,2024-09-30 19:50:00+00:00,2024-09-30 19:50:00+00:00,2024-09-30 19:51:00+00:00,2024-09-30 19:51:00+00:00,momentum_long_late_8346db7cf1cc,1,market,0.0,1,1,4,32,27060.0
617916,617917,617917,617917,closed,stop,21437.25,21433.25,21437.5,21433.0,21433.25,21469.25,-4.0,-4.5,-5.0,-100.0,10.0,0.5,1.0,1.0,4.75,2024-09-30 19:51:00+00:00,2024-09-30 19:51:00+00:00,2024-09-30 19:52:00+00:00,2024-09-30 19:52:00+00:00,momentum_long_late_8346db7cf1cc,1,market,0.0,1,1,4,32,26960.0
617917,617918,617918,617918,closed,timeout,21442.0,21447.0,21442.25,21446.75,21438.0,21474.0,5.0,4.5,4.0,80.0,10.0,0.5,1.0,1.0,0.25,2024-09-30 19:52:00+00:00,2024-09-30 19:52:00+00:00,2024-09-30 19:53:00+00:00,2024-09-30 19:53:00+00:00,momentum_long_late_8346db7cf1cc,1,market,0.0,1,1,4,32,27040.0
617918,617919,617919,617919,closed,stop,21447.25,21443.25,21447.5,21443.0,21443.25,21479.25,-4.0,-4.5,-5.0,-100.0,10.0,0.5,1.0,1.0,17.0,2024-09-30 19:53:00+00:00,2024-09-30 19:53:00+00:00,2024-09-30 19:54:00+00:00,2024-09-30 19:54:00+00:00,momentum_long_late_8346db7cf1cc,1,market,0.0,1,1,4,32,26940.0
617919,617920,617920,617920,closed,timeout,21441.25,21452.25,21441.5,21452.0,21437.25,21473.25,11.0,10.5,10.0,200.0,10.0,0.5,1.0,1.0,1.0,2024-09-30 19:54:00+00:00,2024-09-30 19:54:00+00:00,2024-09-30 19:55:00+00:00,2024-09-30 19:55:00+00:00,momentum_long_late_8346db7cf1cc,1,market,0.0,1,1,4,32,27140.0
617920,617921,617921,617921,closed,timeout,21453.25,21470.5,21453.5,21470.25,21449.25,21485.25,17.25,16.75,16.25,325.0,10.0,0.5,1.0,1.0,2.5,2024-09-30 19:55:00+00:00,2024-09-30 19:55:00+00:00,2024-09-30 19:56:00+00:00,2024-09-30 19:56:00+00:00,momentum_long_late_8346db7cf1cc,1,market,0.0,1,1,4,32,27465.0
617921,617922,617922,617922,closed,stop,21471.0,21467.0,21471.25,21466.75,21467.0,21503.0,-4.0,-4.5,-5.0,-100.0,10.0,0.5,1.0,1.0,7.5,2024-09-30 19:56:00+00:00,2024-09-30 19:56:00+00:00,2024-09-30 19:57:00+00:00,2024-09-30 19:57:00+00:00,momentum_long_late_8346db7cf1cc,1,market,0.0,1,1,4,32,27365.0
617922,617923,617923,617923,closed,stop,21467.25,21463.25,21467.5,21463.0,21463.25,21499.25,-4.0,-4.5,-5.0,-100.0,10.0,0.5,1.0,1.0,5.75,2024-09-30 19:57:00+00:00,2024-09-30 19:57:00+00:00,2024-09-30 19:58:00+00:00,2024-09-30 19:58:00+00:00,momentum_long_late_8346db7cf1cc,1,market,0.0,1,1,4,32,27265.0
617923,617924,617924,617924,closed,stop,21483.0,21479.0,21483.25,21478.75,21479.0,21515.0,-4.0,-4.5,-5.0,-100.0,10.0,0.5,1.0,1.0,18.0,2024-09-30 19:58:00+00:00,2024-09-30 19:58:00+00:00,2024-09-30 19:59:00+00:00,2024-09-30 19:59:00+00:00,momentum_long_late_8346db7cf1cc,1,market,0.0,1,1,4,32,27165.0
617924,617925,617925,617925,closed,stop,21471.0,21467.0,21471.25,21466.75,21467.0,21503.0,-4.0,-4.5,-5.0,-100.0,10.0,0.5,1.0,1.0,26.25,2024-09-30 19:59:00+00:00,2024-09-30 19:59:00+00:00,2024-09-30 20:00:00+00:00,2024-09-30 20:00:00+00:00,momentum_long_late_8346db7cf1cc,1,market,0.0,1,1,4,32,27065.0
619170,619171,619171,619171,closed,timeout,21196.75,21208.5,21197.0,21208.25,21192.75,21228.75,11.75,11.25,10.75,215.0,10.0,0.5,1.0,1.0,2.5,2024-10-01 18:00:00+00:00,2024-10-01 18:00:00+00:00,2024-10-01 18:01:00+00:00,2024-10-01 18:01:00+00:00,momentum_long_late_8346db7cf1cc,1,market,0.0,1,1,4,32,27280.0
619171,619172,619172,619172,closed,stop,21208.25,21204.25,21208.5,21204.0,21204.25,21240.25,-4.0,-4.5,-5.0,-100.0,10.0,0.5,1.0,1.0,5.5,2024-10-01 18:01:00+00:00,2024-10-01 18:01:00+00:00,2024-10-01 18:02:00+00:00,2024-10-01 18:02:00+00:00,momentum_long_late_8346db7cf1cc,1,market,0.0,1,1,4,32,27180.0
619172,619173,619173,619173,closed,stop,21206.5,21202.5,21206.75,21202.25,21202.5,21238.5,-4.0,-4.5,-5.0,-100.0,10.0,0.5,1.0,1.0,7.25,2024-10-01 18:02:00+00:00,2024-10-01 18:02:00+00:00,2024-10-01 18:03:00+00:00,2024-10-01 18:03:00+00:00,momentum_long_late_8346db7cf1cc,1,market,0.0,1,1,4,32,27080.0
619173,619174,619174,619174,closed,timeout,21201.75,21211.0,21202.0,21210.75,21197.75,21233.75,9.25,8.75,8.25,165.0,10.0,0.5,1.0,1.0,2.25,2024-10-01 18:03:00+00:00,2024-10-01 18:03:00+00:00,2024-10-01 18:04:00+00:00,2024-10-01 18:04:00+00:00,momentum_long_late_8346db7cf1cc,1,market,0.0,1,1,4,32,27245.0
619174,619175,619175,619175,closed,timeout,21211.5,21217.0,21211.75,21216.75,21207.5,21243.5,5.5,5.0,4.5,90.0,10.0,0.5,1.0,1.0,2.0,2024-10-01 18:04:00+00:00,2024-10-01 18:04:00+00:00,2024-10-01 18:05:00+00:00,2024-10-01 18:05:00+00:00,momentum_long_late_8346db7cf1cc,1,market,0.0,1,1,4,32,27335.0
619175,619176,619176,619176,closed,timeout,21217.25,21227.75,21217.5,21227.5,21213.25,21249.25,10.5,10.0,9.5,190.0,10.0,0.5,1.0,1.0,0.25,2024-10-01 18:05:00+00:00,2024-10-01 18:05:00+00:00,2024-10-01 18:06:00+00:00,2024-10-01 18:06:00+00:00,momentum_long_late_8346db7cf1cc,1,market,0.0,1,1,4,32,27525.0
619176,619177,619177,619177,closed,stop,21227.5,21223.5,21227.75,21223.25,21223.5,21259.5,-4.0,-4.5,-5.0,-100.0,10.0,0.5,1.0,1.0,13.75,2024-10-01 18:06:00+00:00,2024-10-01 18:06:00+00:00,2024-10-01 18:07:00+00:00,2024-10-01 18:07:00+00:00,momentum_long_late_8346db7cf1cc,1,market,0.0,1,1,4,32,27425.0
619187,619188,619188,619188,closed,stop,21253.25,21249.25,21253.5,21249.0,21249.25,21285.25,-4.0,-4.5,-5.0,-100.0,10.0,0.5,1.0,1.0,14.0,2024-10-01 18:17:00+00:00,2024-10-01 18:17:00+00:00,2024-10-01 18:18:00+00:00,2024-10-01 18:18:00+00:00,momentum_long_late_8346db7cf1cc,1,market,0.0,1,1,4,32,27325.0
619204,619205,619205,619205,closed,stop,21269.0,21265.0,21269.25,21264.75,21265.0,21301.0,-4.0,-4.5,-5.0,-100.0,10.0,0.5,1.0,1.0,14.75,2024-10-01 18:34:00+00:00,2024-10-01 18:34:00+00:00,2024-10-01 18:35:00+00:00,2024-10-01 18:35:00+00:00,momentum_long_late_8346db7cf1cc,1,market,0.0,1,1,4,32,27225.0
620536,620537,620537,620537,closed,stop,21253.25,21249.25,21253.5,21249.0,21249.25,21285.25,-4.0,-4.5,-5.0,-100.0,10.0,0.5,1.0,1.0,5.75,2024-10-02 18:01:00+00:00,2024-10-02 18:01:00+00:00,2024-10-02 18:02:00+00:00,2024-10-02 18:02:00+00:00,momentum_long_late_8346db7cf1cc,1,market,0.0,1,1,4,32,27125.0
621943,621944,621944,621944,closed,timeout,21159.75,21157.5,21160.0,21157.25,21155.75,21191.75,-2.25,-2.75,-3.25,-65.0,10.0,0.5,1.0,1.0,3.75,2024-10-03 18:43:00+00:00,2024-10-03 18:43:00+00:00,2024-10-03 18:44:00+00:00,2024-10-03 18:44:00+00:00,momentum_long_late_8346db7cf1cc,1,market,0.0,1,1,4,32,27060.0
621999,622000,622000,622000,closed,timeout,21145.25,21149.0,21145.5,21148.75,21141.25,21177.25,3.75,3.25,2.75,55.0,10.0,0.5,1.0,1.0,0.25,2024-10-03 19:39:00+00:00,2024-10-03 19:39:00+00:00,2024-10-03 19:40:00+00:00,2024-10-03 19:40:00+00:00,momentum_long_late_8346db7cf1cc,1,market,0.0,1,1,4,32,27115.0
623288,623289,623289,623289,closed,stop,21339.5,21335.5,21339.75,21335.25,21335.5,21371.5,-4.0,-4.5,-5.0,-100.0,10.0,0.5,1.0,1.0,10.75,2024-10-04 18:23:00+00:00,2024-10-04 18:23:00+00:00,2024-10-04 18:24:00+00:00,2024-10-04 18:24:00+00:00,momentum_long_late_8346db7cf1cc,1,market,0.0,1,1,4,32,27015.0
623291,623292,623292,623292,closed,timeout,21337.5,21340.5,21337.75,21340.25,21333.5,21369.5,3.0,2.5,2.0,40.0,10.0,0.5,1.0,1.0,1.75,2024-10-04 18:26:00+00:00,2024-10-04 18:26:00+00:00,2024-10-04 18:27:00+00:00,2024-10-04 18:27:00+00:00,momentum_long_late_8346db7cf1cc,1,market,0.0,1,1,4,32,27055.0
623292,623293,623293,623293,closed,stop,21340.0,21336.0,21340.25,21335.75,21336.0,21372.0,-4.0,-4.5,-5.0,-100.0,10.0,0.5,1.0,1.0,13.0,2024-10-04 18:27:00+00:00,2024-10-04 18:27:00+00:00,2024-10-04 18:28:00+00:00,2024-10-04 18:28:00+00:00,momentum_long_late_8346db7cf1cc,1,market,0.0,1,1,4,32,26955.0
623347,623348,623348,623348,closed,timeout,21386.5,21388.0,21386.75,21387.75,21382.5,21418.5,1.5,1.0,0.5,10.0,10.0,0.5,1.0,1.0,4.0,2024-10-04 19:22:00+00:00,2024-10-04 19:22:00+00:00,2024-10-04 19:23:00+00:00,2024-10-04 19:23:00+00:00,momentum_long_late_8346db7cf1cc,1,market,0.0,1,1,4,32,26965.0
623348,623349,623349,623349,closed,timeout,21388.75,21389.75,21389.0,21389.5,21384.75,21420.75,1.0,0.5,0.0,0.0,10.0,0.5,1.0,1.0,3.25,2024-10-04 19:23:00+00:00,2024-10-04 19:23:00+00:00,2024-10-04 19:24:00+00:00,2024-10-04 19:24:00+00:00,momentum_long_late_8346db7cf1cc,1,market,0.0,1,1,4,32,26965.0
623349,623350,623350,623350,closed,stop,21390.5,21386.5,21390.75,21386.25,21386.5,21422.5,-4.0,-4.5,-5.0,-100.0,10.0,0.5,1.0,1.0,7.75,2024-10-04 19:24:00+00:00,2024-10-04 19:24:00+00:00,2024-10-04 19:25:00+00:00,2024-10-04 19:25:00+00:00,momentum_long_late_8346db7cf1cc,1,market,0.0,1,1,4,32,26865.0
623350,623351,623351,623351,closed,timeout,21390.25,21390.5,21390.5,21390.25,21386.25,21422.25,0.25,-0.25,-0.75,-15.0,10.0,0.5,1.0,1.0,3.0,2024-10-04 19:25:00+00:00,2024-10-04 19:25:00+00:00,2024-10-04 19:26:00+00:00,2024-10-04 19:26:00+00:00,momentum_long_late_8346db7cf1cc,1,market,0.0,1,1,4,32,26850.0
623351,623352,623352,623352,closed,stop,21390.75,21386.75,21391.0,21386.5,21386.75,21422.75,-4.0,-4.5,-5.0,-100.0,10.0,0.5,1.0,1.0,8.5,2024-10-04 19:26:00+00:00,2024-10-04 19:26:00+00:00,2024-10-04 19:27:00+00:00,2024-10-04 19:27:00+00:00,momentum_long_late_8346db7cf1cc,1,market,0.0,1,1,4,32,26750.0
623358,623359,623359,623359,closed,timeout,21407.75,21406.75,21408.0,21406.5,21403.75,21439.75,-1.0,-1.5,-2.0,-40.0,10.0,0.5,1.0,1.0,1.75,2024-10-04 19:33:00+00:00,2024-10-04 19:33:00+00:00,2024-10-04 19:34:00+00:00,2024-10-04 19:34:00+00:00,momentum_long_late_8346db7cf1cc,1,market,0.0,1,1,4,32,26710.0
623360,623361,623361,623361,closed,stop,21413.75,21409.75,21414.0,21409.5,21409.75,21445.75,-4.0,-4.5,-5.0,-100.0,10.0,0.5,1.0,1.0,8.75,2024-10-04 19:35:00+00:00,2024-10-04 19:35:00+00:00,2024-10-04 19:36:00+00:00,2024-10-04 19:36:00+00:00,momentum_long_late_8346db7cf1cc,1,market,0.0,1,1,4,32,26610.0
623381,623382,623382,623382,closed,stop,21428.0,21424.0,21428.25,21423.75,21424.0,21460.0,-4.0,-4.5,-5.0,-100.0,10.0,0.5,1.0,1.0,5.0,2024-10-04 19:56:00+00:00,2024-10-04 19:56:00+00:00,2024-10-04 19:57:00+00:00,2024-10-04 19:57:00+00:00,momentum_long_late_8346db7cf1cc,1,market,0.0,1,1,4,32,26510.0
623382,623383,623383,623383,closed,timeout,21428.75,21438.0,21429.0,21437.75,21424.75,21460.75,9.25,8.75,8.25,165.0,10.0,0.5,1.0,1.0,0.75,2024-10-04 19:57:00+00:00,2024-10-04 19:57:00+00:00,2024-10-04 19:58:00+00:00,2024-10-04 19:58:00+00:00,momentum_long_late_8346db7cf1cc,1,market,0.0,1,1,4,32,26675.0
623383,623384,623384,623384,closed,stop,21437.75,21433.75,21438.0,21433.5,21433.75,21469.75,-4.0,-4.5,-5.0,-100.0,10.0,0.5,1.0,1.0,9.75,2024-10-04 19:58:00+00:00,2024-10-04 19:58:00+00:00,2024-10-04 19:59:00+00:00,2024-10-04 19:59:00+00:00,momentum_long_late_8346db7cf1cc,1,market,0.0,1,1,4,32,26575.0
623384,623385,623385,623385,closed,stop,21435.5,21431.5,21435.75,21431.25,21431.5,21467.5,-4.0,-4.5,-5.0,-100.0,10.0,0.5,1.0,1.0,16.25,2024-10-04 19:59:00+00:00,2024-10-04 19:59:00+00:00,2024-10-04 20:00:00+00:00,2024-10-04 20:00:00+00:00,momentum_long_late_8346db7cf1cc,1,market,0.0,1,1,4,32,26475.0
624630,624631,624631,624631,closed,stop,21346.5,21342.5,21346.75,21342.25,21342.5,21378.5,-4.0,-4.5,-5.0,-100.0,10.0,0.5,1.0,1.0,8.75,2024-10-07 18:00:00+00:00,2024-10-07 18:00:00+00:00,2024-10-07 18:01:00+00:00,2024-10-07 18:01:00+00:00,momentum_long_late_8346db7cf1cc,1,market,0.0,1,1,4,32,26375.0
624714,624715,624715,624715,closed,stop,21217.0,21213.0,21217.25,21212.75,21213.0,21249.0,-4.0,-4.5,-5.0,-100.0,10.0,0.5,1.0,1.0,15.0,2024-10-07 19:24:00+00:00,2024-10-07 19:24:00+00:00,2024-10-07 19:25:00+00:00,2024-10-07 19:25:00+00:00,momentum_long_late_8346db7cf1cc,1,market,0.0,1,1,4,32,26275.0
624742,624743,624743,624743,closed,stop,21205.75,21201.75,21206.0,21201.5,21201.75,21237.75,-4.0,-4.5,-5.0,-100.0,10.0,0.5,1.0,1.0,8.5,2024-10-07 19:52:00+00:00,2024-10-07 19:52:00+00:00,2024-10-07 19:53:00+00:00,2024-10-07 19:53:00+00:00,momentum_long_late_8346db7cf1cc,1,market,0.0,1,1,4,32,26175.0
624743,624744,624744,624744,closed,timeout,21206.75,21214.5,21207.0,21214.25,21202.75,21238.75,7.75,7.25,6.75,135.0,10.0,0.5,1.0,1.0,0.25,2024-10-07 19:53:00+00:00,2024-10-07 19:53:00+00:00,2024-10-07 19:54:00+00:00,2024-10-07 19:54:00+00:00,momentum_long_late_8346db7cf1cc,1,market,0.0,1,1,4,32,26310.0
624744,624745,624745,624745,closed,stop,21214.0,21210.0,21214.25,21209.75,21210.0,21246.0,-4.0,-4.5,-5.0,-100.0,10.0,0.5,1.0,1.0,8.25,2024-10-07 19:54:00+00:00,2024-10-07 19:54:00+00:00,2024-10-07 19:55:00+00:00,2024-10-07 19:55:00+00:00,momentum_long_late_8346db7cf1cc,1,market,0.0,1,1,4,32,26210.0
624745,624746,624746,624746,closed,stop,21210.0,21206.0,21210.25,21205.75,21206.0,21242.0,-4.0,-4.5,-5.0,-100.0,10.0,0.5,1.0,1.0,23.0,2024-10-07 19:55:00+00:00,2024-10-07 19:55:00+00:00,2024-10-07 19:56:00+00:00,2024-10-07 19:56:00+00:00,momentum_long_late_8346db7cf1cc,1,market,0.0,1,1,4,32,26110.0
625995,625996,625996,625996,closed,timeout,21430.0,21433.75,21430.25,21433.5,21426.0,21462.0,3.75,3.25,2.75,55.0,10.0,0.5,1.0,1.0,3.0,2024-10-08 18:00:00+00:00,2024-10-08 18:00:00+00:00,2024-10-08 18:01:00+00:00,2024-10-08 18:01:00+00:00,momentum_long_late_8346db7cf1cc,1,market,0.0,1,1,4,32,26165.0
625996,625997,625997,625997,closed,timeout,21434.0,21435.75,21434.25,21435.5,21430.0,21466.0,1.75,1.25,0.75,15.0,10.0,0.5,1.0,1.0,3.25,2024-10-08 18:01:00+00:00,2024-10-08 18:01:00+00:00,2024-10-08 18:02:00+00:00,2024-10-08 18:02:00+00:00,momentum_long_late_8346db7cf1cc,1,market,0.0,1,1,4,32,26180.0
625997,625998,625998,625998,closed,stop,21435.75,21431.75,21436.0,21431.5,21431.75,21467.75,-4.0,-4.5,-5.0,-100.0,10.0,0.5,1.0,1.0,5.0,2024-10-08 18:02:00+00:00,2024-10-08 18:02:00+00:00,2024-10-08 18:03:00+00:00,2024-10-08 18:03:00+00:00,momentum_long_late_8346db7cf1cc,1,market,0.0,1,1,4,32,26080.0
625998,625999,625999,625999,closed,timeout,21432.5,21432.5,21432.75,21432.25,21428.5,21464.5,0.0,-0.5,-1.0,-20.0,10.0,0.5,1.0,1.0,3.5,2024-10-08 18:03:00+00:00,2024-10-08 18:03:00+00:00,2024-10-08 18:04:00+00:00,2024-10-08 18:04:00+00:00,momentum_long_late_8346db7cf1cc,1,market,0.0,1,1,4,32,26060.0
626037,626038,626038,626038,closed,stop,21454.25,21450.25,21454.5,21450.0,21450.25,21486.25,-4.0,-4.5,-5.0,-100.0,10.0,0.5,1.0,1.0,8.5,2024-10-08 18:42:00+00:00,2024-10-08 18:42:00+00:00,2024-10-08 18:43:00+00:00,2024-10-08 18:43:00+00:00,momentum_long_late_8346db7cf1cc,1,market,0.0,1,1,4,32,25960.0
626048,626049,626049,626049,closed,timeout,21465.25,21463.5,21465.5,21463.25,21461.25,21497.25,-1.75,-2.25,-2.75,-55.0,10.0,0.5,1.0,1.0,2.0,2024-10-08 18:53:00+00:00,2024-10-08 18:53:00+00:00,2024-10-08 18:54:00+00:00,2024-10-08 18:54:00+00:00,momentum_long_late_8346db7cf1cc,1,market,0.0,1,1,4,32,25905.0
626049,626050,626050,626050,closed,timeout,21464.0,21462.0,21464.25,21461.75,21460.0,21496.0,-2.0,-2.5,-3.0,-60.0,10.0,0.5,1.0,1.0,4.0,2024-10-08 18:54:00+00:00,2024-10-08 18:54:00+00:00,2024-10-08 18:55:00+00:00,2024-10-08 18:55:00+00:00,momentum_long_late_8346db7cf1cc,1,market,0.0,1,1,4,32,25845.0
626050,626051,626051,626051,closed,timeout,21462.25,21466.5,21462.5,21466.25,21458.25,21494.25,4.25,3.75,3.25,65.0,10.0,0.5,1.0,1.0,1.25,2024-10-08 18:55:00+00:00,2024-10-08 18:55:00+00:00,2024-10-08 18:56:00+00:00,2024-10-08 18:56:00+00:00,momentum_long_late_8346db7cf1cc,1,market,0.0,1,1,4,32,25910.0
626051,626052,626052,626052,closed,timeout,21466.0,21470.5,21466.25,21470.25,21462.0,21498.0,4.5,4.0,3.5,70.0,10.0,0.5,1.0,1.0,1.0,2024-10-08 18:56:00+00:00,2024-10-08 18:56:00+00:00,2024-10-08 18:57:00+00:00,2024-10-08 18:57:00+00:00,momentum_long_late_8346db7cf1cc,1,market,0.0,1,1,4,32,25980.0
626052,626053,626053,626053,closed,timeout,21470.5,21473.5,21470.75,21473.25,21466.5,21502.5,3.0,2.5,2.0,40.0,10.0,0.5,1.0,1.0,0.75,2024-10-08 18:57:00+00:00,2024-10-08 18:57:00+00:00,2024-10-08 18:58:00+00:00,2024-10-08 18:58:00+00:00,momentum_long_late_8346db7cf1cc,1,market,0.0,1,1,4,32,26020.0
626053,626054,626054,626054,closed,stop,21473.5,21469.5,21473.75,21469.25,21469.5,21505.5,-4.0,-4.5,-5.0,-100.0,10.0,0.5,1.0,1.0,6.0,2024-10-08 18:58:00+00:00,2024-10-08 18:58:00+00:00,2024-10-08 18:59:00+00:00,2024-10-08 18:59:00+00:00,momentum_long_late_8346db7cf1cc,1,market,0.0,1,1,4,32,25920.0
626054,626055,626055,626055,closed,timeout,21473.25,21472.0,21473.5,21471.75,21469.25,21505.25,-1.25,-1.75,-2.25,-45.0,10.0,0.5,1.0,1.0,2.75,2024-10-08 18:59:00+00:00,2024-10-08 18:59:00+00:00,2024-10-08 19:00:00+00:00,2024-10-08 19:00:00+00:00,momentum_long_late_8346db7cf1cc,1,market,0.0,1,1,4,32,25875.0
626055,626056,626056,626056,closed,stop,21471.75,21467.75,21472.0,21467.5,21467.75,21503.75,-4.0,-4.5,-5.0,-100.0,10.0,0.5,1.0,1.0,5.0,2024-10-08 19:00:00+00:00,2024-10-08 19:00:00+00:00,2024-10-08 19:01:00+00:00,2024-10-08 19:01:00+00:00,momentum_long_late_8346db7cf1cc,1,market,0.0,1,1,4,32,25775.0
626075,626076,626076,626076,closed,stop,21488.0,21484.0,21488.25,21483.75,21484.0,21520.0,-4.0,-4.5,-5.0,-100.0,10.0,0.5,1.0,1.0,7.75,2024-10-08 19:20:00+00:00,2024-10-08 19:20:00+00:00,2024-10-08 19:21:00+00:00,2024-10-08 19:21:00+00:00,momentum_long_late_8346db7cf1cc,1,market,0.0,1,1,4,32,25675.0
626076,626077,626077,626077,closed,timeout,21486.25,21488.0,21486.5,21487.75,21482.25,21518.25,1.75,1.25,0.75,15.0,10.0,0.5,1.0,1.0,2.5,2024-10-08 19:21:00+00:00,2024-10-08 19:21:00+00:00,2024-10-08 19:22:00+00:00,2024-10-08 19:22:00+00:00,momentum_long_late_8346db7cf1cc,1,market,0.0,1,1,4,32,25690.0
626077,626078,626078,626078,closed,stop,21488.0,21484.0,21488.25,21483.75,21484.0,21520.0,-4.0,-4.5,-5.0,-100.0,10.0,0.5,1.0,1.0,8.0,2024-10-08 19:22:00+00:00,2024-10-08 19:22:00+00:00,2024-10-08 19:23:00+00:00,2024-10-08 19:23:00+00:00,momentum_long_late_8346db7cf1cc,1,market,0.0,1,1,4,32,25590.0
626078,626079,626079,626079,closed,timeout,21489.0,21486.25,21489.25,21486.0,21485.0,21521.0,-2.75,-3.25,-3.75,-75.0,10.0,0.5,1.0,1.0,3.75,2024-10-08 19:23:00+00:00,2024-10-08 19:23:00+00:00,2024-10-08 19:24:00+00:00,2024-10-08 19:24:00+00:00,momentum_long_late_8346db7cf1cc,1,market,0.0,1,1,4,32,25515.0
626079,626080,626080,626080,closed,stop,21486.25,21482.25,21486.5,21482.0,21482.25,21518.25,-4.0,-4.5,-5.0,-100.0,10.0,0.5,1.0,1.0,4.75,2024-10-08 19:24:00+00:00,2024-10-08 19:24:00+00:00,2024-10-08 19:25:00+00:00,2024-10-08 19:25:00+00:00,momentum_long_late_8346db7cf1cc,1,market,0.0,1,1,4,32,25415.0
626090,626091,626091,626091,closed,timeout,21502.0,21505.0,21502.25,21504.75,21498.0,21534.0,3.0,2.5,2.0,40.0,10.0,0.5,1.0,1.0,3.75,2024-10-08 19:35:00+00:00,2024-10-08 19:35:00+00:00,2024-10-08 19:36:00+00:00,2024-10-08 19:36:00+00:00,momentum_long_late_8346db7cf1cc,1,market,0.0,1,1,4,32,25455.0
626091,626092,626092,626092,closed,timeout,21505.5,21509.25,21505.75,21509.0,21501.5,21537.5,3.75,3.25,2.75,55.0,10.0,0.5,1.0,1.0,2.5,2024-10-08 19:36:00+00:00,2024-10-08 19:36:00+00:00,2024-10-08 19:37:00+00:00,2024-10-08 19:37:00+00:00,momentum_long_late_8346db7cf1cc,1,market,0.0,1,1,4,32,25510.0
626092,626093,626093,626093,closed,stop,21509.25,21505.25,21509.5,21505.0,21505.25,21541.25,-4.0,-4.5,-5.0,-100.0,10.0,0.5,1.0,1.0,4.5,2024-10-08 19:37:00+00:00,2024-10-08 19:37:00+00:00,2024-10-08 19:38:00+00:00,2024-10-08 19:38:00+00:00,momentum_long_late_8346db7cf1cc,1,market,0.0,1,1,4,32,25410.0
626093,626094,626094,626094,closed,timeout,21509.25,21509.5,21509.5,21509.25,21505.25,21541.25,0.25,-0.25,-0.75,-15.0,10.0,0.5,1.0,1.0,1.75,2024-10-08 19:38:00+00:00,2024-10-08 19:38:00+00:00,2024-10-08 19:39:00+00:00,2024-10-08 19:39:00+00:00,momentum_long_late_8346db7cf1cc,1,market,0.0,1,1,4,32,25395.0
626094,626095,626095,626095,closed,timeout,21509.5,21512.25,21509.75,21512.0,21505.5,21541.5,2.75,2.25,1.75,35.0,10.0,0.5,1.0,1.0,0.5,2024-10-08 19:39:00+00:00,2024-10-08 19:39:00+00:00,2024-10-08 19:40:00+00:00,2024-10-08 19:40:00+00:00,momentum_long_late_8346db7cf1cc,1,market,0.0,1,1,4,32,25430.0
626095,626096,626096,626096,closed,stop,21512.25,21508.25,21512.5,21508.0,21508.25,21544.25,-4.0,-4.5,-5.0,-100.0,10.0,0.5,1.0,1.0,6.0,2024-10-08 19:40:00+00:00,2024-10-08 19:40:00+00:00,2024-10-08 19:41:00+00:00,2024-10-08 19:41:00+00:00,momentum_long_late_8346db7cf1cc,1,market,0.0,1,1,4,32,25330.0
626109,626110,626110,626110,closed,stop,21521.0,21517.0,21521.25,21516.75,21517.0,21553.0,-4.0,-4.5,-5.0,-100.0,10.0,0.5,1.0,1.0,7.0,2024-10-08 19:54:00+00:00,2024-10-08 19:54:00+00:00,2024-10-08 19:55:00+00:00,2024-10-08 19:55:00+00:00,momentum_long_late_8346db7cf1cc,1,market,0.0,1,1,4,32,25230.0
626110,626111,626111,626111,closed,stop,21520.5,21516.5,21520.75,21516.25,21516.5,21552.5,-4.0,-4.5,-5.0,-100.0,10.0,0.5,1.0,1.0,9.25,2024-10-08 19:55:00+00:00,2024-10-08 19:55:00+00:00,2024-10-08 19:56:00+00:00,2024-10-08 19:56:00+00:00,momentum_long_late_8346db7cf1cc,1,market,0.0,1,1,4,32,25130.0
627387,627388,627388,627388,closed,timeout,21629.5,21634.0,21629.75,21633.75,21625.5,21661.5,4.5,4.0,3.5,70.0,10.0,0.5,1.0,1.0,3.0,2024-10-09 18:27:00+00:00,2024-10-09 18:27:00+00:00,2024-10-09 18:28:00+00:00,2024-10-09 18:28:00+00:00,momentum_long_late_8346db7cf1cc,1,market,0.0,1,1,4,32,25200.0
627388,627389,627389,627389,closed,timeout,21633.5,21648.5,21633.75,21648.25,21629.5,21665.5,15.0,14.5,14.0,280.0,10.0,0.5,1.0,1.0,2.0,2024-10-09 18:28:00+00:00,2024-10-09 18:28:00+00:00,2024-10-09 18:29:00+00:00,2024-10-09 18:29:00+00:00,momentum_long_late_8346db7cf1cc,1,market,0.0,1,1,4,32,25480.0
627389,627390,627390,627390,closed,stop,21648.75,21644.75,21649.0,21644.5,21644.75,21680.75,-4.0,-4.5,-5.0,-100.0,10.0,0.5,1.0,1.0,5.25,2024-10-09 18:29:00+00:00,2024-10-09 18:29:00+00:00,2024-10-09 18:30:00+00:00,2024-10-09 18:30:00+00:00,momentum_long_late_8346db7cf1cc,1,market,0.0,1,1,4,32,25380.0
627390,627391,627391,627391,closed,stop,21654.0,21650.0,21654.25,21649.75,21650.0,21686.0,-4.0,-4.5,-5.0,-100.0,10.0,0.5,1.0,1.0,11.75,2024-10-09 18:30:00+00:00,2024-10-09 18:30:00+00:00,2024-10-09 18:31:00+00:00,2024-10-09 18:31:00+00:00,momentum_long_late_8346db7cf1cc,1,market,0.0,1,1,4,32,25280.0
627391,627392,627392,627392,closed,stop,21654.0,21650.0,21654.25,21649.75,21650.0,21686.0,-4.0,-4.5,-5.0,-100.0,10.0,0.5,1.0,1.0,10.25,2024-10-09 18:31:00+00:00,2024-10-09 18:31:00+00:00,2024-10-09 18:32:00+00:00,2024-10-09 18:32:00+00:00,momentum_long_late_8346db7cf1cc,1,market,0.0,1,1,4,32,25180.0
627392,627393,627393,627393,closed,stop,21644.0,21640.0,21644.25,21639.75,21640.0,21676.0,-4.0,-4.5,-5.0,-100.0,10.0,0.5,1.0,1.0,8.75,2024-10-09 18:32:00+00:00,2024-10-09 18:32:00+00:00,2024-10-09 18:33:00+00:00,2024-10-09 18:33:00+00:00,momentum_long_late_8346db7cf1cc,1,market,0.0,1,1,4,32,25080.0
627406,627407,627407,627407,closed,stop,21640.75,21636.75,21641.0,21636.5,21636.75,21672.75,-4.0,-4.5,-5.0,-100.0,10.0,0.5,1.0,1.0,6.75,2024-10-09 18:46:00+00:00,2024-10-09 18:46:00+00:00,2024-10-09 18:47:00+00:00,2024-10-09 18:47:00+00:00,momentum_long_late_8346db7cf1cc,1,market,0.0,1,1,4,32,24980.0
627454,627455,627455,627455,closed,stop,21663.75,21659.75,21664.0,21659.5,21659.75,21695.75,-4.0,-4.5,-5.0,-100.0,10.0,0.5,1.0,1.0,9.0,2024-10-09 19:34:00+00:00,2024-10-09 19:34:00+00:00,2024-10-09 19:35:00+00:00,2024-10-09 19:35:00+00:00,momentum_long_late_8346db7cf1cc,1,market,0.0,1,1,4,32,24880.0
627456,627457,627457,627457,closed,timeout,21662.0,21664.25,21662.25,21664.0,21658.0,21694.0,2.25,1.75,1.25,25.0,10.0,0.5,1.0,1.0,2.75,2024-10-09 19:36:00+00:00,2024-10-09 19:36:00+00:00,2024-10-09 19:37:00+00:00,2024-10-09 19:37:00+00:00,momentum_long_late_8346db7cf1cc,1,market,0.0,1,1,4,32,24905.0
627457,627458,627458,627458,closed,stop,21664.5,21660.5,21664.75,21660.25,21660.5,21696.5,-4.0,-4.5,-5.0,-100.0,10.0,0.5,1.0,1.0,6.75,2024-10-09 19:37:00+00:00,2024-10-09 19:37:00+00:00,2024-10-09 19:38:00+00:00,2024-10-09 19:38:00+00:00,momentum_long_late_8346db7cf1cc,1,market,0.0,1,1,4,32,24805.0
627458,627459,627459,627459,closed,stop,21661.75,21657.75,21662.0,21657.5,21657.75,21693.75,-4.0,-4.5,-5.0,-100.0,10.0,0.5,1.0,1.0,8.0,2024-10-09 19:38:00+00:00,2024-10-09 19:38:00+00:00,2024-10-09 19:39:00+00:00,2024-10-09 19:39:00+00:00,momentum_long_late_8346db7cf1cc,1,market,0.0,1,1,4,32,24705.0
627473,627474,627474,627474,closed,stop,21672.5,21668.5,21672.75,21668.25,21668.5,21704.5,-4.0,-4.5,-5.0,-100.0,10.0,0.5,1.0,1.0,8.75,2024-10-09 19:53:00+00:00,2024-10-09 19:53:00+00:00,2024-10-09 19:54:00+00:00,2024-10-09 19:54:00+00:00,momentum_long_late_8346db7cf1cc,1,market,0.0,1,1,4,32,24605.0
627475,627476,627476,627476,closed,stop,21671.75,21667.75,21672.0,21667.5,21667.75,21703.75,-4.0,-4.5,-5.0,-100.0,10.0,0.5,1.0,1.0,6.75,2024-10-09 19:55:00+00:00,2024-10-09 19:55:00+00:00,2024-10-09 19:56:00+00:00,2024-10-09 19:56:00+00:00,momentum_long_late_8346db7cf1cc,1,market,0.0,1,1,4,32,24505.0
628837,628838,628838,628838,closed,stop,21622.5,21618.5,21622.75,21618.25,21618.5,21654.5,-4.0,-4.5,-5.0,-100.0,10.0,0.5,1.0,1.0,6.5,2024-10-10 19:52:00+00:00,2024-10-10 19:52:00+00:00,2024-10-10 19:53:00+00:00,2024-10-10 19:53:00+00:00,momentum_long_late_8346db7cf1cc,1,market,0.0,1,1,4,32,24405.0
628838,628839,628839,628839,closed,timeout,21625.0,21638.75,21625.25,21638.5,21621.0,21657.0,13.75,13.25,12.75,255.0,10.0,0.5,1.0,1.0,3.25,2024-10-10 19:53:00+00:00,2024-10-10 19:53:00+00:00,2024-10-10 19:54:00+00:00,2024-10-10 19:54:00+00:00,momentum_long_late_8346db7cf1cc,1,market,0.0,1,1,4,32,24660.0
628839,628840,628840,628840,closed,stop,21638.5,21634.5,21638.75,21634.25,21634.5,21670.5,-4.0,-4.5,-5.0,-100.0,10.0,0.5,1.0,1.0,7.5,2024-10-10 19:54:00+00:00,2024-10-10 19:54:00+00:00,2024-10-10 19:55:00+00:00,2024-10-10 19:55:00+00:00,momentum_long_late_8346db7cf1cc,1,market,0.0,1,1,4,32,24560.0
628840,628841,628841,628841,closed,stop,21631.5,21627.5,21631.75,21627.25,21627.5,21663.5,-4.0,-4.5,-5.0,-100.0,10.0,0.5,1.0,1.0,10.0,2024-10-10 19:55:00+00:00,2024-10-10 19:55:00+00:00,2024-10-10 19:56:00+00:00,2024-10-10 19:56:00+00:00,momentum_long_late_8346db7cf1cc,1,market,0.0,1,1,4,32,24460.0
628841,628842,628842,628842,closed,timeout,21629.5,21632.75,21629.75,21632.5,21625.5,21661.5,3.25,2.75,2.25,45.0,10.0,0.5,1.0,1.0,1.75,2024-10-10 19:56:00+00:00,2024-10-10 19:56:00+00:00,2024-10-10 19:57:00+00:00,2024-10-10 19:57:00+00:00,momentum_long_late_8346db7cf1cc,1,market,0.0,1,1,4,32,24505.0
628842,628843,628843,628843,closed,stop,21633.25,21629.25,21633.5,21629.0,21629.25,21665.25,-4.0,-4.5,-5.0,-100.0,10.0,0.5,1.0,1.0,5.0,2024-10-10 19:57:00+00:00,2024-10-10 19:57:00+00:00,2024-10-10 19:58:00+00:00,2024-10-10 19:58:00+00:00,momentum_long_late_8346db7cf1cc,1,market,0.0,1,1,4,32,24405.0
630099,630100,630100,630100,closed,timeout,21650.25,21653.25,21650.5,21653.0,21646.25,21682.25,3.0,2.5,2.0,40.0,10.0,0.5,1.0,1.0,2.75,2024-10-11 18:09:00+00:00,2024-10-11 18:09:00+00:00,2024-10-11 18:10:00+00:00,2024-10-11 18:10:00+00:00,momentum_long_late_8346db7cf1cc,1,market,0.0,1,1,4,32,24445.0
630100,630101,630101,630101,closed,timeout,21653.5,21652.75,21653.75,21652.5,21649.5,21685.5,-0.75,-1.25,-1.75,-35.0,10.0,0.5,1.0,1.0,2.25,2024-10-11 18:10:00+00:00,2024-10-11 18:10:00+00:00,2024-10-11 18:11:00+00:00,2024-10-11 18:11:00+00:00,momentum_long_late_8346db7cf1cc,1,market,0.0,1,1,4,32,24410.0
630101,630102,630102,630102,closed,timeout,21652.75,21657.75,21653.0,21657.5,21648.75,21684.75,5.0,4.5,4.0,80.0,10.0,0.5,1.0,1.0,2.0,2024-10-11 18:11:00+00:00,2024-10-11 18:11:00+00:00,2024-10-11 18:12:00+00:00,2024-10-11 18:12:00+00:00,momentum_long_late_8346db7cf1cc,1,market,0.0,1,1,4,32,24490.0
630102,630103,630103,630103,closed,timeout,21657.75,21657.0,21658.0,21656.75,21653.75,21689.75,-0.75,-1.25,-1.75,-35.0,10.0,0.5,1.0,1.0,4.0,2024-10-11 18:12:00+00:00,2024-10-11 18:12:00+00:00,2024-10-11 18:13:00+00:00,2024-10-11 18:13:00+00:00,momentum_long_late_8346db7cf1cc,1,market,0.0,1,1,4,32,24455.0
630103,630104,630104,630104,closed,timeout,21657.25,21655.75,21657.5,21655.5,21653.25,21689.25,-1.5,-2.0,-2.5,-50.0,10.0,0.5,1.0,1.0,4.0,2024-10-11 18:13:00+00:00,2024-10-11 18:13:00+00:00,2024-10-11 18:14:00+00:00,2024-10-11 18:14:00+00:00,momentum_long_late_8346db7cf1cc,1,market,0.0,1,1,4,32,24405.0
630106,630107,630107,630107,closed,timeout,21661.25,21661.0,21661.5,21660.75,21657.25,21693.25,-0.25,-0.75,-1.25,-25.0,10.0,0.5,1.0,1.0,1.75,2024-10-11 18:16:00+00:00,2024-10-11 18:16:00+00:00,2024-10-11 18:17:00+00:00,2024-10-11 18:17:00+00:00,momentum_long_late_8346db7cf1cc,1,market,0.0,1,1,4,32,24380.0
630109,630110,630110,630110,closed,timeout,21664.25,21666.25,21664.5,21666.0,21660.25,21696.25,2.0,1.5,1.0,20.0,10.0,0.5,1.0,1.0,2.25,2024-10-11 18:19:00+00:00,2024-10-11 18:19:00+00:00,2024-10-11 18:20:00+00:00,2024-10-11 18:20:00+00:00,momentum_long_late_8346db7cf1cc,1,market,0.0,1,1,4,32,24400.0
630110,630111,630111,630111,closed,timeout,21666.0,21666.25,21666.25,21666.0,21662.0,21698.0,0.25,-0.25,-0.75,-15.0,10.0,0.5,1.0,1.0,2.0,2024-10-11 18:20:00+00:00,2024-10-11 18:20:00+00:00,2024-10-11 18:21:00+00:00,2024-10-11 18:21:00+00:00,momentum_long_late_8346db7cf1cc,1,market,0.0,1,1,4,32,24385.0
630112,630113,630113,630113,closed,timeout,21669.25,21668.25,21669.5,21668.0,21665.25,21701.25,-1.0,-1.5,-2.0,-40.0,10.0,0.5,1.0,1.0,3.5,2024-10-11 18:22:00+00:00,2024-10-11 18:22:00+00:00,2024-10-11 18:23:00+00:00,2024-10-11 18:23:00+00:00,momentum_long_late_8346db7cf1cc,1,market,0.0,1,1,4,32,24345.0
630113,630114,630114,630114,closed,stop,21669.0,21665.0,21669.25,21664.75,21665.0,21701.0,-4.0,-4.5,-5.0,-100.0,10.0,0.5,1.0,1.0,7.0,2024-10-11 18:23:00+00:00,2024-10-11 18:23:00+00:00,2024-10-11 18:24:00+00:00,2024-10-11 18:24:00+00:00,momentum_long_late_8346db7cf1cc,1,market,0.0,1,1,4,32,24245.0
630150,630151,630151,630151,closed,timeout,21665.0,21667.5,21665.25,21667.25,21661.0,21697.0,2.5,2.0,1.5,30.0,10.0,0.5,1.0,1.0,3.75,2024-10-11 19:00:00+00:00,2024-10-11 19:00:00+00:00,2024-10-11 19:01:00+00:00,2024-10-11 19:01:00+00:00,momentum_long_late_8346db7cf1cc,1,market,0.0,1,1,4,32,24275.0
630151,630152,630152,630152,closed,timeout,21667.75,21666.25,21668.0,21666.0,21663.75,21699.75,-1.5,-2.0,-2.5,-50.0,10.0,0.5,1.0,1.0,3.25,2024-10-11 19:01:00+00:00,2024-10-11 19:01:00+00:00,2024-10-11 19:02:00+00:00,2024-10-11 19:02:00+00:00,momentum_long_late_8346db7cf1cc,1,market,0.0,1,1,4,32,24225.0
630152,630153,630153,630153,closed,timeout,21666.25,21666.75,21666.5,21666.5,21662.25,21698.25,0.5,0.0,-0.5,-10.0,10.0,0.5,1.0,1.0,3.25,2024-10-11 19:02:00+00:00,2024-10-11 19:02:00+00:00,2024-10-11 19:03:00+00:00,2024-10-11 19:03:00+00:00,momentum_long_late_8346db7cf1cc,1,market,0.0,1,1,4,32,24215.0
630153,630154,630154,630154,closed,timeout,21666.5,21664.5,21666.75,21664.25,21662.5,21698.5,-2.0,-2.5,-3.0,-60.0,10.0,0.5,1.0,1.0,3.25,2024-10-11 19:03:00+00:00,2024-10-11 19:03:00+00:00,2024-10-11 19:04:00+00:00,2024-10-11 19:04:00+00:00,momentum_long_late_8346db7cf1cc,1,market,0.0,1,1,4,32,24155.0
630158,630159,630159,630159,closed,timeout,21673.0,21673.0,21673.25,21672.75,21669.0,21705.0,0.0,-0.5,-1.0,-20.0,10.0,0.5,1.0,1.0,3.25,2024-10-11 19:08:00+00:00,2024-10-11 19:08:00+00:00,2024-10-11 19:09:00+00:00,2024-10-11 19:09:00+00:00,momentum_long_late_8346db7cf1cc,1,market,0.0,1,1,4,32,24135.0
630159,630160,630160,630160,closed,timeout,21673.0,21676.75,21673.25,21676.5,21669.0,21705.0,3.75,3.25,2.75,55.0,10.0,0.5,1.0,1.0,0.5,2024-10-11 19:09:00+00:00,2024-10-11 19:09:00+00:00,2024-10-11 19:10:00+00:00,2024-10-11 19:10:00+00:00,momentum_long_late_8346db7cf1cc,1,market,0.0,1,1,4,32,24190.0
630160,630161,630161,630161,closed,stop,21676.75,21672.75,21677.0,21672.5,21672.75,21708.75,-4.0,-4.5,-5.0,-100.0,10.0,0.5,1.0,1.0,5.5,2024-10-11 19:10:00+00:00,2024-10-11 19:10:00+00:00,2024-10-11 19:11:00+00:00,2024-10-11 19:11:00+00:00,momentum_long_late_8346db7cf1cc,1,market,0.0,1,1,4,32,24090.0
630161,630162,630162,630162,closed,timeout,21679.25,21684.25,21679.5,21684.0,21675.25,21711.25,5.0,4.5,4.0,80.0,10.0,0.5,1.0,1.0,1.0,2024-10-11 19:11:00+00:00,2024-10-11 19:11:00+00:00,2024-10-11 19:12:00+00:00,2024-10-11 19:12:00+00:00,momentum_long_late_8346db7cf1cc,1,market,0.0,1,1,4,32,24170.0
630162,630163,630163,630163,closed,stop,21684.75,21680.75,21685.0,21680.5,21680.75,21716.75,-4.0,-4.5,-5.0,-100.0,10.0,0.5,1.0,1.0,6.0,2024-10-11 19:12:00+00:00,2024-10-11 19:12:00+00:00,2024-10-11 19:13:00+00:00,2024-10-11 19:13:00+00:00,momentum_long_late_8346db7cf1cc,1,market,0.0,1,1,4,32,24070.0
630165,630166,630166,630166,closed,timeout,21684.75,21687.25,21685.0,21687.0,21680.75,21716.75,2.5,2.0,1.5,30.0,10.0,0.5,1.0,1.0,1.25,2024-10-11 19:15:00+00:00,2024-10-11 19:15:00+00:00,2024-10-11 19:16:00+00:00,2024-10-11 19:16:00+00:00,momentum_long_late_8346db7cf1cc,1,market,0.0,1,1,4,32,24100.0
630166,630167,630167,630167,closed,stop,21687.0,21683.0,21687.25,21682.75,21683.0,21719.0,-4.0,-4.5,-5.0,-100.0,10.0,0.5,1.0,1.0,6.75,2024-10-11 19:16:00+00:00,2024-10-11 19:16:00+00:00,2024-10-11 19:17:00+00:00,2024-10-11 19:17:00+00:00,momentum_long_late_8346db7cf1cc,1,market,0.0,1,1,4,32,24000.0
631477,631478,631478,631478,closed,stop,21820.5,21816.5,21820.75,21816.25,21816.5,21852.5,-4.0,-4.5,-5.0,-100.0,10.0,0.5,1.0,1.0,8.5,2024-10-14 18:22:00+00:00,2024-10-14 18:22:00+00:00,2024-10-14 18:23:00+00:00,2024-10-14 18:23:00+00:00,momentum_long_late_8346db7cf1cc,1,market,0.0,1,1,4,32,23900.0
631495,631496,631496,631496,closed,timeout,21827.25,21829.25,21827.5,21829.0,21823.25,21859.25,2.0,1.5,1.0,20.0,10.0,0.5,1.0,1.0,0.75,2024-10-14 18:40:00+00:00,2024-10-14 18:40:00+00:00,2024-10-14 18:41:00+00:00,2024-10-14 18:41:00+00:00,momentum_long_late_8346db7cf1cc,1,market,0.0,1,1,4,32,23920.0
631496,631497,631497,631497,closed,timeout,21829.25,21830.75,21829.5,21830.5,21825.25,21861.25,1.5,1.0,0.5,10.0,10.0,0.5,1.0,1.0,1.0,2024-10-14 18:41:00+00:00,2024-10-14 18:41:00+00:00,2024-10-14 18:42:00+00:00,2024-10-14 18:42:00+00:00,momentum_long_late_8346db7cf1cc,1,market,0.0,1,1,4,32,23930.0
631497,631498,631498,631498,closed,timeout,21830.5,21832.25,21830.75,21832.0,21826.5,21862.5,1.75,1.25,0.75,15.0,10.0,0.5,1.0,1.0,1.25,2024-10-14 18:42:00+00:00,2024-10-14 18:42:00+00:00,2024-10-14 18:43:00+00:00,2024-10-14 18:43:00+00:00,momentum_long_late_8346db7cf1cc,1,market,0.0,1,1,4,32,23945.0
631498,631499,631499,631499,closed,timeout,21831.75,21831.25,21832.0,21831.0,21827.75,21863.75,-0.5,-1.0,-1.5,-30.0,10.0,0.5,1.0,1.0,2.25,2024-10-14 18:43:00+00:00,2024-10-14 18:43:00+00:00,2024-10-14 18:44:00+00:00,2024-10-14 18:44:00+00:00,momentum_long_late_8346db7cf1cc,1,market,0.0,1,1,4,32,23915.0
631558,631559,631559,631559,closed,timeout,21851.0,21849.0,21851.25,21848.75,21847.0,21883.0,-2.0,-2.5,-3.0,-60.0,10.0,0.5,1.0,1.0,2.75,2024-10-14 19:43:00+00:00,2024-10-14 19:43:00+00:00,2024-10-14 19:44:00+00:00,2024-10-14 19:44:00+00:00,momentum_long_late_8346db7cf1cc,1,market,0.0,1,1,4,32,23855.0
631565,631566,631566,631566,closed,stop,21860.25,21856.25,21860.5,21856.0,21856.25,21892.25,-4.0,-4.5,-5.0,-100.0,10.0,0.5,1.0,1.0,20.5,2024-10-14 19:50:00+00:00,2024-10-14 19:50:00+00:00,2024-10-14 19:51:00+00:00,2024-10-14 19:51:00+00:00,momentum_long_late_8346db7cf1cc,1,market,0.0,1,1,4,32,23755.0
632929,632930,632930,632930,closed,timeout,21512.25,21512.25,21512.5,21512.0,21508.25,21544.25,0.0,-0.5,-1.0,-20.0,10.0,0.5,1.0,1.0,3.5,2024-10-15 19:49:00+00:00,2024-10-15 19:49:00+00:00,2024-10-15 19:50:00+00:00,2024-10-15 19:50:00+00:00,momentum_long_late_8346db7cf1cc,1,market,0.0,1,1,4,32,23735.0
632930,632931,632931,632931,closed,stop,21512.0,21508.0,21512.25,21507.75,21508.0,21544.0,-4.0,-4.5,-5.0,-100.0,10.0,0.5,1.0,1.0,7.25,2024-10-15 19:50:00+00:00,2024-10-15 19:50:00+00:00,2024-10-15 19:51:00+00:00,2024-10-15 19:51:00+00:00,momentum_long_late_8346db7cf1cc,1,market,0.0,1,1,4,32,23635.0
632934,632935,632935,632935,closed,timeout,21530.75,21532.75,21531.0,21532.5,21526.75,21562.75,2.0,1.5,1.0,20.0,10.0,0.5,1.0,1.0,1.25,2024-10-15 19:54:00+00:00,2024-10-15 19:54:00+00:00,2024-10-15 19:55:00+00:00,2024-10-15 19:55:00+00:00,momentum_long_late_8346db7cf1cc,1,market,0.0,1,1,4,32,23655.0
632935,632936,632936,632936,closed,stop,21532.0,21528.0,21532.25,21527.75,21528.0,21564.0,-4.0,-4.5,-5.0,-100.0,10.0,0.5,1.0,1.0,15.0,2024-10-15 19:55:00+00:00,2024-10-15 19:55:00+00:00,2024-10-15 19:56:00+00:00,2024-10-15 19:56:00+00:00,momentum_long_late_8346db7cf1cc,1,market,0.0,1,1,4,32,23555.0
634207,634208,634208,634208,closed,timeout,21552.0,21561.0,21552.25,21560.75,21548.0,21584.0,9.0,8.5,8.0,160.0,10.0,0.5,1.0,1.0,1.5,2024-10-16 18:22:00+00:00,2024-10-16 18:22:00+00:00,2024-10-16 18:23:00+00:00,2024-10-16 18:23:00+00:00,momentum_long_late_8346db7cf1cc,1,market,0.0,1,1,4,32,23715.0
634208,634209,634209,634209,closed,timeout,21561.25,21569.75,21561.5,21569.5,21557.25,21593.25,8.5,8.0,7.5,150.0,10.0,0.5,1.0,1.0,1.75,2024-10-16 18:23:00+00:00,2024-10-16 18:23:00+00:00,2024-10-16 18:24:00+00:00,2024-10-16 18:24:00+00:00,momentum_long_late_8346db7cf1cc,1,market,0.0,1,1,4,32,23865.0
634209,634210,634210,634210,closed,timeout,21570.25,21575.25,21570.5,21575.0,21566.25,21602.25,5.0,4.5,4.0,80.0,10.0,0.5,1.0,1.0,1.25,2024-10-16 18:24:00+00:00,2024-10-16 18:24:00+00:00,2024-10-16 18:25:00+00:00,2024-10-16 18:25:00+00:00,momentum_long_late_8346db7cf1cc,1,market,0.0,1,1,4,32,23945.0
634210,634211,634211,634211,closed,stop,21575.0,21571.0,21575.25,21570.75,21571.0,21607.0,-4.0,-4.5,-5.0,-100.0,10.0,0.5,1.0,1.0,13.25,2024-10-16 18:25:00+00:00,2024-10-16 18:25:00+00:00,2024-10-16 18:26:00+00:00,2024-10-16 18:26:00+00:00,momentum_long_late_8346db7cf1cc,1,market,0.0,1,1,4,32,23845.0
634211,634212,634212,634212,closed,stop,21563.25,21559.25,21563.5,21559.0,21559.25,21595.25,-4.0,-4.5,-5.0,-100.0,10.0,0.5,1.0,1.0,10.75,2024-10-16 18:26:00+00:00,2024-10-16 18:26:00+00:00,2024-10-16 18:27:00+00:00,2024-10-16 18:27:00+00:00,momentum_long_late_8346db7cf1cc,1,market,0.0,1,1,4,32,23745.0
635601,635602,635602,635602,closed,timeout,21614.0,21619.5,21614.25,21619.25,21610.0,21646.0,5.5,5.0,4.5,90.0,10.0,0.5,1.0,1.0,0.25,2024-10-17 18:52:00+00:00,2024-10-17 18:52:00+00:00,2024-10-17 18:53:00+00:00,2024-10-17 18:53:00+00:00,momentum_long_late_8346db7cf1cc,1,market,0.0,1,1,4,32,23835.0
635604,635605,635605,635605,closed,stop,21618.0,21614.0,21618.25,21613.75,21614.0,21650.0,-4.0,-4.5,-5.0,-100.0,10.0,0.5,1.0,1.0,7.0,2024-10-17 18:55:00+00:00,2024-10-17 18:55:00+00:00,2024-10-17 18:56:00+00:00,2024-10-17 18:56:00+00:00,momentum_long_late_8346db7cf1cc,1,market,0.0,1,1,4,32,23735.0
635609,635610,635610,635610,closed,stop,21629.75,21625.75,21630.0,21625.5,21625.75,21661.75,-4.0,-4.5,-5.0,-100.0,10.0,0.5,1.0,1.0,6.5,2024-10-17 19:00:00+00:00,2024-10-17 19:00:00+00:00,2024-10-17 19:01:00+00:00,2024-10-17 19:01:00+00:00,momentum_long_late_8346db7cf1cc,1,market,0.0,1,1,4,32,23635.0
636929,636930,636930,636930,closed,timeout,21697.75,21695.0,21698.0,21694.75,21693.75,21729.75,-2.75,-3.25,-3.75,-75.0,10.0,0.5,1.0,1.0,3.5,2024-10-18 18:15:00+00:00,2024-10-18 18:15:00+00:00,2024-10-18 18:16:00+00:00,2024-10-18 18:16:00+00:00,momentum_long_late_8346db7cf1cc,1,market,0.0,1,1,4,32,23560.0
636931,636932,636932,636932,closed,timeout,21699.25,21702.5,21699.5,21702.25,21695.25,21731.25,3.25,2.75,2.25,45.0,10.0,0.5,1.0,1.0,2.0,2024-10-18 18:17:00+00:00,2024-10-18 18:17:00+00:00,2024-10-18 18:18:00+00:00,2024-10-18 18:18:00+00:00,momentum_long_late_8346db7cf1cc,1,market,0.0,1,1,4,32,23605.0
636932,636933,636933,636933,closed,stop,21702.75,21698.75,21703.0,21698.5,21698.75,21734.75,-4.0,-4.5,-5.0,-100.0,10.0,0.5,1.0,1.0,4.5,2024-10-18 18:18:00+00:00,2024-10-18 18:18:00+00:00,2024-10-18 18:19:00+00:00,2024-10-18 18:19:00+00:00,momentum_long_late_8346db7cf1cc,1,market,0.0,1,1,4,32,23505.0
638352,638353,638353,638353,closed,stop,21678.0,21674.0,21678.25,21673.75,21674.0,21710.0,-4.0,-4.5,-5.0,-100.0,10.0,0.5,1.0,1.0,5.0,2024-10-21 19:13:00+00:00,2024-10-21 19:13:00+00:00,2024-10-21 19:14:00+00:00,2024-10-21 19:14:00+00:00,momentum_long_late_8346db7cf1cc,1,market,0.0,1,1,4,32,23405.0
638354,638355,638355,638355,closed,timeout,21679.75,21681.75,21680.0,21681.5,21675.75,21711.75,2.0,1.5,1.0,20.0,10.0,0.5,1.0,1.0,0.25,2024-10-21 19:15:00+00:00,2024-10-21 19:15:00+00:00,2024-10-21 19:16:00+00:00,2024-10-21 19:16:00+00:00,momentum_long_late_8346db7cf1cc,1,market,0.0,1,1,4,32,23425.0
638355,638356,638356,638356,closed,timeout,21681.75,21686.0,21682.0,21685.75,21677.75,21713.75,4.25,3.75,3.25,65.0,10.0,0.5,1.0,1.0,1.5,2024-10-21 19:16:00+00:00,2024-10-21 19:16:00+00:00,2024-10-21 19:17:00+00:00,2024-10-21 19:17:00+00:00,momentum_long_late_8346db7cf1cc,1,market,0.0,1,1,4,32,23490.0
638356,638357,638357,638357,closed,timeout,21686.25,21688.25,21686.5,21688.0,21682.25,21718.25,2.0,1.5,1.0,20.0,10.0,0.5,1.0,1.0,2.0,2024-10-21 19:17:00+00:00,2024-10-21 19:17:00+00:00,2024-10-21 19:18:00+00:00,2024-10-21 19:18:00+00:00,momentum_long_late_8346db7cf1cc,1,market,0.0,1,1,4,32,23510.0
638357,638358,638358,638358,closed,timeout,21688.25,21690.0,21688.5,21689.75,21684.25,21720.25,1.75,1.25,0.75,15.0,10.0,0.5,1.0,1.0,3.75,2024-10-21 19:18:00+00:00,2024-10-21 19:18:00+00:00,2024-10-21 19:19:00+00:00,2024-10-21 19:19:00+00:00,momentum_long_late_8346db7cf1cc,1,market,0.0,1,1,4,32,23525.0
638358,638359,638359,638359,closed,timeout,21690.5,21690.0,21690.75,21689.75,21686.5,21722.5,-0.5,-1.0,-1.5,-30.0,10.0,0.5,1.0,1.0,4.0,2024-10-21 19:19:00+00:00,2024-10-21 19:19:00+00:00,2024-10-21 19:20:00+00:00,2024-10-21 19:20:00+00:00,momentum_long_late_8346db7cf1cc,1,market,0.0,1,1,4,32,23495.0
638359,638360,638360,638360,closed,stop,21690.25,21686.25,21690.5,21686.0,21686.25,21722.25,-4.0,-4.5,-5.0,-100.0,10.0,0.5,1.0,1.0,11.25,2024-10-21 19:20:00+00:00,2024-10-21 19:20:00+00:00,2024-10-21 19:21:00+00:00,2024-10-21 19:21:00+00:00,momentum_long_late_8346db7cf1cc,1,market,0.0,1,1,4,32,23395.0
638389,638390,638390,638390,closed,stop,21688.25,21684.25,21688.5,21684.0,21684.25,21720.25,-4.0,-4.5,-5.0,-100.0,10.0,0.5,1.0,1.0,11.0,2024-10-21 19:50:00+00:00,2024-10-21 19:50:00+00:00,2024-10-21 19:51:00+00:00,2024-10-21 19:51:00+00:00,momentum_long_late_8346db7cf1cc,1,market,0.0,1,1,4,32,23295.0
638394,638395,638395,638395,closed,stop,21705.5,21701.5,21705.75,21701.25,21701.5,21737.5,-4.0,-4.5,-5.0,-100.0,10.0,0.5,1.0,1.0,6.25,2024-10-21 19:55:00+00:00,2024-10-21 19:55:00+00:00,2024-10-21 19:56:00+00:00,2024-10-21 19:56:00+00:00,momentum_long_late_8346db7cf1cc,1,market,0.0,1,1,4,32,23195.0
639646,639647,639647,639647,closed,timeout,21791.75,21795.0,21792.0,21794.75,21787.75,21823.75,3.25,2.75,2.25,45.0,10.0,0.5,1.0,1.0,2.0,2024-10-22 18:03:00+00:00,2024-10-22 18:03:00+00:00,2024-10-22 18:04:00+00:00,2024-10-22 18:04:00+00:00,momentum_long_late_8346db7cf1cc,1,market,0.0,1,1,4,32,23240.0
639647,639648,639648,639648,closed,stop,21795.25,21791.25,21795.5,21791.0,21791.25,21827.25,-4.0,-4.5,-5.0,-100.0,10.0,0.5,1.0,1.0,5.75,2024-10-22 18:04:00+00:00,2024-10-22 18:04:00+00:00,2024-10-22 18:05:00+00:00,2024-10-22 18:05:00+00:00,momentum_long_late_8346db7cf1cc,1,market,0.0,1,1,4,32,23140.0
639648,639649,639649,639649,closed,stop,21798.25,21794.25,21798.5,21794.0,21794.25,21830.25,-4.0,-4.5,-5.0,-100.0,10.0,0.5,1.0,1.0,5.75,2024-10-22 18:05:00+00:00,2024-10-22 18:05:00+00:00,2024-10-22 18:06:00+00:00,2024-10-22 18:06:00+00:00,momentum_long_late_8346db7cf1cc,1,market,0.0,1,1,4,32,23040.0
639649,639650,639650,639650,closed,stop,21798.0,21794.0,21798.25,21793.75,21794.0,21830.0,-4.0,-4.5,-5.0,-100.0,10.0,0.5,1.0,1.0,16.25,2024-10-22 18:06:00+00:00,2024-10-22 18:06:00+00:00,2024-10-22 18:07:00+00:00,2024-10-22 18:07:00+00:00,momentum_long_late_8346db7cf1cc,1,market,0.0,1,1,4,32,22940.0
639715,639716,639716,639716,closed,timeout,21740.5,21740.25,21740.75,21740.0,21736.5,21772.5,-0.25,-0.75,-1.25,-25.0,10.0,0.5,1.0,1.0,2.75,2024-10-22 19:12:00+00:00,2024-10-22 19:12:00+00:00,2024-10-22 19:13:00+00:00,2024-10-22 19:13:00+00:00,momentum_long_late_8346db7cf1cc,1,market,0.0,1,1,4,32,22915.0
639716,639717,639717,639717,closed,timeout,21740.5,21741.75,21740.75,21741.5,21736.5,21772.5,1.25,0.75,0.25,5.0,10.0,0.5,1.0,1.0,1.5,2024-10-22 19:13:00+00:00,2024-10-22 19:13:00+00:00,2024-10-22 19:14:00+00:00,2024-10-22 19:14:00+00:00,momentum_long_late_8346db7cf1cc,1,market,0.0,1,1,4,32,22920.0
639717,639718,639718,639718,closed,timeout,21741.5,21743.25,21741.75,21743.0,21737.5,21773.5,1.75,1.25,0.75,15.0,10.0,0.5,1.0,1.0,1.25,2024-10-22 19:14:00+00:00,2024-10-22 19:14:00+00:00,2024-10-22 19:15:00+00:00,2024-10-22 19:15:00+00:00,momentum_long_late_8346db7cf1cc,1,market,0.0,1,1,4,32,22935.0
639718,639719,639719,639719,closed,stop,21743.25,21739.25,21743.5,21739.0,21739.25,21775.25,-4.0,-4.5,-5.0,-100.0,10.0,0.5,1.0,1.0,4.25,2024-10-22 19:15:00+00:00,2024-10-22 19:15:00+00:00,2024-10-22 19:16:00+00:00,2024-10-22 19:16:00+00:00,momentum_long_late_8346db7cf1cc,1,market,0.0,1,1,4,32,22835.0
639721,639722,639722,639722,closed,timeout,21747.25,21745.75,21747.5,21745.5,21743.25,21779.25,-1.5,-2.0,-2.5,-50.0,10.0,0.5,1.0,1.0,2.5,2024-10-22 19:18:00+00:00,2024-10-22 19:18:00+00:00,2024-10-22 19:19:00+00:00,2024-10-22 19:19:00+00:00,momentum_long_late_8346db7cf1cc,1,market,0.0,1,1,4,32,22785.0
639752,639753,639753,639753,closed,stop,21763.0,21759.0,21763.25,21758.75,21759.0,21795.0,-4.0,-4.5,-5.0,-100.0,10.0,0.5,1.0,1.0,9.25,2024-10-22 19:49:00+00:00,2024-10-22 19:49:00+00:00,2024-10-22 19:50:00+00:00,2024-10-22 19:50:00+00:00,momentum_long_late_8346db7cf1cc,1,market,0.0,1,1,4,32,22685.0
641034,641035,641035,641035,closed,stop,21326.25,21322.25,21326.5,21322.0,21322.25,21358.25,-4.0,-4.5,-5.0,-100.0,10.0,0.5,1.0,1.0,9.25,2024-10-23 18:26:00+00:00,2024-10-23 18:26:00+00:00,2024-10-23 18:27:00+00:00,2024-10-23 18:27:00+00:00,momentum_long_late_8346db7cf1cc,1,market,0.0,1,1,4,32,22585.0
641036,641037,641037,641037,closed,stop,21330.25,21326.25,21330.5,21326.0,21326.25,21362.25,-4.0,-4.5,-5.0,-100.0,10.0,0.5,1.0,1.0,8.75,2024-10-23 18:28:00+00:00,2024-10-23 18:28:00+00:00,2024-10-23 18:29:00+00:00,2024-10-23 18:29:00+00:00,momentum_long_late_8346db7cf1cc,1,market,0.0,1,1,4,32,22485.0
641047,641048,641048,641048,closed,stop,21361.0,21357.0,21361.25,21356.75,21357.0,21393.0,-4.0,-4.5,-5.0,-100.0,10.0,0.5,1.0,1.0,6.5,2024-10-23 18:39:00+00:00,2024-10-23 18:39:00+00:00,2024-10-23 18:40:00+00:00,2024-10-23 18:40:00+00:00,momentum_long_late_8346db7cf1cc,1,market,0.0,1,1,4,32,22385.0
641050,641051,641051,641051,closed,timeout,21365.0,21371.25,21365.25,21371.0,21361.0,21397.0,6.25,5.75,5.25,105.0,10.0,0.5,1.0,1.0,0.25,2024-10-23 18:42:00+00:00,2024-10-23 18:42:00+00:00,2024-10-23 18:43:00+00:00,2024-10-23 18:43:00+00:00,momentum_long_late_8346db7cf1cc,1,market,0.0,1,1,4,32,22490.0
641051,641052,641052,641052,closed,stop,21371.75,21367.75,21372.0,21367.5,21367.75,21403.75,-4.0,-4.5,-5.0,-100.0,10.0,0.5,1.0,1.0,7.75,2024-10-23 18:43:00+00:00,2024-10-23 18:43:00+00:00,2024-10-23 18:44:00+00:00,2024-10-23 18:44:00+00:00,momentum_long_late_8346db7cf1cc,1,market,0.0,1,1,4,32,22390.0
641055,641056,641056,641056,closed,stop,21378.5,21374.5,21378.75,21374.25,21374.5,21410.5,-4.0,-4.5,-5.0,-100.0,10.0,0.5,1.0,1.0,11.75,2024-10-23 18:47:00+00:00,2024-10-23 18:47:00+00:00,2024-10-23 18:48:00+00:00,2024-10-23 18:48:00+00:00,momentum_long_late_8346db7cf1cc,1,market,0.0,1,1,4,32,22290.0
641057,641058,641058,641058,closed,timeout,21381.0,21381.75,21381.25,21381.5,21377.0,21413.0,0.75,0.25,-0.25,-5.0,10.0,0.5,1.0,1.0,2.25,2024-10-23 18:49:00+00:00,2024-10-23 18:49:00+00:00,2024-10-23 18:50:00+00:00,2024-10-23 18:50:00+00:00,momentum_long_late_8346db7cf1cc,1,market,0.0,1,1,4,32,22285.0
641058,641059,641059,641059,closed,stop,21381.5,21377.5,21381.75,21377.25,21377.5,21413.5,-4.0,-4.5,-5.0,-100.0,10.0,0.5,1.0,1.0,13.5,2024-10-23 18:50:00+00:00,2024-10-23 18:50:00+00:00,2024-10-23 18:51:00+00:00,2024-10-23 18:51:00+00:00,momentum_long_late_8346db7cf1cc,1,market,0.0,1,1,4,32,22185.0
641096,641097,641097,641097,closed,stop,21395.75,21391.75,21396.0,21391.5,21391.75,21427.75,-4.0,-4.5,-5.0,-100.0,10.0,0.5,1.0,1.0,7.5,2024-10-23 19:28:00+00:00,2024-10-23 19:28:00+00:00,2024-10-23 19:29:00+00:00,2024-10-23 19:29:00+00:00,momentum_long_late_8346db7cf1cc,1,market,0.0,1,1,4,32,22085.0
641112,641113,641113,641113,closed,stop,21416.75,21412.75,21417.0,21412.5,21412.75,21448.75,-4.0,-4.5,-5.0,-100.0,10.0,0.5,1.0,1.0,5.25,2024-10-23 19:44:00+00:00,2024-10-23 19:44:00+00:00,2024-10-23 19:45:00+00:00,2024-10-23 19:45:00+00:00,momentum_long_late_8346db7cf1cc,1,market,0.0,1,1,4,32,21985.0
642387,642388,642388,642388,closed,timeout,21565.25,21571.0,21565.5,21570.75,21561.25,21597.25,5.75,5.25,4.75,95.0,10.0,0.5,1.0,1.0,1.5,2024-10-24 18:14:00+00:00,2024-10-24 18:14:00+00:00,2024-10-24 18:15:00+00:00,2024-10-24 18:15:00+00:00,momentum_long_late_8346db7cf1cc,1,market,0.0,1,1,4,32,22080.0
642388,642389,642389,642389,closed,stop,21571.0,21567.0,21571.25,21566.75,21567.0,21603.0,-4.0,-4.5,-5.0,-100.0,10.0,0.5,1.0,1.0,8.0,2024-10-24 18:15:00+00:00,2024-10-24 18:15:00+00:00,2024-10-24 18:16:00+00:00,2024-10-24 18:16:00+00:00,momentum_long_late_8346db7cf1cc,1,market,0.0,1,1,4,32,21980.0
642395,642396,642396,642396,closed,timeout,21575.25,21580.25,21575.5,21580.0,21571.25,21607.25,5.0,4.5,4.0,80.0,10.0,0.5,1.0,1.0,0.75,2024-10-24 18:22:00+00:00,2024-10-24 18:22:00+00:00,2024-10-24 18:23:00+00:00,2024-10-24 18:23:00+00:00,momentum_long_late_8346db7cf1cc,1,market,0.0,1,1,4,32,22060.0
642396,642397,642397,642397,closed,timeout,21579.75,21579.75,21580.0,21579.5,21575.75,21611.75,0.0,-0.5,-1.0,-20.0,10.0,0.5,1.0,1.0,4.0,2024-10-24 18:23:00+00:00,2024-10-24 18:23:00+00:00,2024-10-24 18:24:00+00:00,2024-10-24 18:24:00+00:00,momentum_long_late_8346db7cf1cc,1,market,0.0,1,1,4,32,22040.0
642397,642398,642398,642398,closed,stop,21579.5,21575.5,21579.75,21575.25,21575.5,21611.5,-4.0,-4.5,-5.0,-100.0,10.0,0.5,1.0,1.0,9.5,2024-10-24 18:24:00+00:00,2024-10-24 18:24:00+00:00,2024-10-24 18:25:00+00:00,2024-10-24 18:25:00+00:00,momentum_long_late_8346db7cf1cc,1,market,0.0,1,1,4,32,21940.0
642445,642446,642446,642446,closed,timeout,21574.25,21574.5,21574.5,21574.25,21570.25,21606.25,0.25,-0.25,-0.75,-15.0,10.0,0.5,1.0,1.0,2.0,2024-10-24 19:12:00+00:00,2024-10-24 19:12:00+00:00,2024-10-24 19:13:00+00:00,2024-10-24 19:13:00+00:00,momentum_long_late_8346db7cf1cc,1,market,0.0,1,1,4,32,21925.0
642446,642447,642447,642447,closed,timeout,21575.0,21589.5,21575.25,21589.25,21571.0,21607.0,14.5,14.0,13.5,270.0,10.0,0.5,1.0,1.0,2.0,2024-10-24 19:13:00+00:00,2024-10-24 19:13:00+00:00,2024-10-24 19:14:00+00:00,2024-10-24 19:14:00+00:00,momentum_long_late_8346db7cf1cc,1,market,0.0,1,1,4,32,22195.0
642447,642448,642448,642448,closed,stop,21589.25,21585.25,21589.5,21585.0,21585.25,21621.25,-4.0,-4.5,-5.0,-100.0,10.0,0.5,1.0,1.0,7.25,2024-10-24 19:14:00+00:00,2024-10-24 19:14:00+00:00,2024-10-24 19:15:00+00:00,2024-10-24 19:15:00+00:00,momentum_long_late_8346db7cf1cc,1,market,0.0,1,1,4,32,22095.0
642448,642449,642449,642449,closed,stop,21582.0,21578.0,21582.25,21577.75,21578.0,21614.0,-4.0,-4.5,-5.0,-100.0,10.0,0.5,1.0,1.0,5.0,2024-10-24 19:15:00+00:00,2024-10-24 19:15:00+00:00,2024-10-24 19:16:00+00:00,2024-10-24 19:16:00+00:00,momentum_long_late_8346db7cf1cc,1,market,0.0,1,1,4,32,21995.0
642449,642450,642450,642450,closed,timeout,21581.0,21582.5,21581.25,21582.25,21577.0,21613.0,1.5,1.0,0.5,10.0,10.0,0.5,1.0,1.0,2.5,2024-10-24 19:16:00+00:00,2024-10-24 19:16:00+00:00,2024-10-24 19:17:00+00:00,2024-10-24 19:17:00+00:00,momentum_long_late_8346db7cf1cc,1,market,0.0,1,1,4,32,22005.0
642450,642451,642451,642451,closed,stop,21582.25,21578.25,21582.5,21578.0,21578.25,21614.25,-4.0,-4.5,-5.0,-100.0,10.0,0.5,1.0,1.0,9.25,2024-10-24 19:17:00+00:00,2024-10-24 19:17:00+00:00,2024-10-24 19:18:00+00:00,2024-10-24 19:18:00+00:00,momentum_long_late_8346db7cf1cc,1,market,0.0,1,1,4,32,21905.0
645157,645158,645158,645158,closed,stop,21740.0,21736.0,21740.25,21735.75,21736.0,21772.0,-4.0,-4.5,-5.0,-100.0,10.0,0.5,1.0,1.0,6.0,2024-10-28 18:54:00+00:00,2024-10-28 18:54:00+00:00,2024-10-28 18:55:00+00:00,2024-10-28 18:55:00+00:00,momentum_long_late_8346db7cf1cc,1,market,0.0,1,1,4,32,21805.0
645158,645159,645159,645159,closed,stop,21742.0,21738.0,21742.25,21737.75,21738.0,21774.0,-4.0,-4.5,-5.0,-100.0,10.0,0.5,1.0,1.0,7.75,2024-10-28 18:55:00+00:00,2024-10-28 18:55:00+00:00,2024-10-28 18:56:00+00:00,2024-10-28 18:56:00+00:00,momentum_long_late_8346db7cf1cc,1,market,0.0,1,1,4,32,21705.0
645159,645160,645160,645160,closed,stop,21737.25,21733.25,21737.5,21733.0,21733.25,21769.25,-4.0,-4.5,-5.0,-100.0,10.0,0.5,1.0,1.0,6.0,2024-10-28 18:56:00+00:00,2024-10-28 18:56:00+00:00,2024-10-28 18:57:00+00:00,2024-10-28 18:57:00+00:00,momentum_long_late_8346db7cf1cc,1,market,0.0,1,1,4,32,21605.0
645192,645193,645193,645193,closed,timeout,21725.25,21725.75,21725.5,21725.5,21721.25,21757.25,0.5,0.0,-0.5,-10.0,10.0,0.5,1.0,1.0,1.5,2024-10-28 19:29:00+00:00,2024-10-28 19:29:00+00:00,2024-10-28 19:30:00+00:00,2024-10-28 19:30:00+00:00,momentum_long_late_8346db7cf1cc,1,market,0.0,1,1,4,32,21595.0
645196,645197,645197,645197,closed,stop,21733.0,21729.0,21733.25,21728.75,21729.0,21765.0,-4.0,-4.5,-5.0,-100.0,10.0,0.5,1.0,1.0,5.5,2024-10-28 19:33:00+00:00,2024-10-28 19:33:00+00:00,2024-10-28 19:34:00+00:00,2024-10-28 19:34:00+00:00,momentum_long_late_8346db7cf1cc,1,market,0.0,1,1,4,32,21495.0
646493,646494,646494,646494,closed,stop,21886.0,21882.0,21886.25,21881.75,21882.0,21918.0,-4.0,-4.5,-5.0,-100.0,10.0,0.5,1.0,1.0,10.75,2024-10-29 18:25:00+00:00,2024-10-29 18:25:00+00:00,2024-10-29 18:26:00+00:00,2024-10-29 18:26:00+00:00,momentum_long_late_8346db7cf1cc,1,market,0.0,1,1,4,32,21395.0
646537,646538,646538,646538,closed,timeout,21906.0,21913.0,21906.25,21912.75,21902.0,21938.0,7.0,6.5,6.0,120.0,10.0,0.5,1.0,1.0,1.75,2024-10-29 19:09:00+00:00,2024-10-29 19:09:00+00:00,2024-10-29 19:10:00+00:00,2024-10-29 19:10:00+00:00,momentum_long_late_8346db7cf1cc,1,market,0.0,1,1,4,32,21515.0
646538,646539,646539,646539,closed,stop,21912.75,21908.75,21913.0,21908.5,21908.75,21944.75,-4.0,-4.5,-5.0,-100.0,10.0,0.5,1.0,1.0,5.25,2024-10-29 19:10:00+00:00,2024-10-29 19:10:00+00:00,2024-10-29 19:11:00+00:00,2024-10-29 19:11:00+00:00,momentum_long_late_8346db7cf1cc,1,market,0.0,1,1,4,32,21415.0
646540,646541,646541,646541,closed,stop,21910.5,21906.5,21910.75,21906.25,21906.5,21942.5,-4.0,-4.5,-5.0,-100.0,10.0,0.5,1.0,1.0,5.0,2024-10-29 19:12:00+00:00,2024-10-29 19:12:00+00:00,2024-10-29 19:13:00+00:00,2024-10-29 19:13:00+00:00,momentum_long_late_8346db7cf1cc,1,market,0.0,1,1,4,32,21315.0
646541,646542,646542,646542,closed,timeout,21911.5,21912.5,21911.75,21912.25,21907.5,21943.5,1.0,0.5,0.0,0.0,10.0,0.5,1.0,1.0,1.75,2024-10-29 19:13:00+00:00,2024-10-29 19:13:00+00:00,2024-10-29 19:14:00+00:00,2024-10-29 19:14:00+00:00,momentum_long_late_8346db7cf1cc,1,market,0.0,1,1,4,32,21315.0
646542,646543,646543,646543,closed,timeout,21912.0,21916.75,21912.25,21916.5,21908.0,21944.0,4.75,4.25,3.75,75.0,10.0,0.5,1.0,1.0,2.75,2024-10-29 19:14:00+00:00,2024-10-29 19:14:00+00:00,2024-10-29 19:15:00+00:00,2024-10-29 19:15:00+00:00,momentum_long_late_8346db7cf1cc,1,market,0.0,1,1,4,32,21390.0
646549,646550,646550,646550,closed,timeout,21925.0,21925.25,21925.25,21925.0,21921.0,21957.0,0.25,-0.25,-0.75,-15.0,10.0,0.5,1.0,1.0,2.25,2024-10-29 19:21:00+00:00,2024-10-29 19:21:00+00:00,2024-10-29 19:22:00+00:00,2024-10-29 19:22:00+00:00,momentum_long_late_8346db7cf1cc,1,market,0.0,1,1,4,32,21375.0
646550,646551,646551,646551,closed,timeout,21925.0,21928.25,21925.25,21928.0,21921.0,21957.0,3.25,2.75,2.25,45.0,10.0,0.5,1.0,1.0,1.25,2024-10-29 19:22:00+00:00,2024-10-29 19:22:00+00:00,2024-10-29 19:23:00+00:00,2024-10-29 19:23:00+00:00,momentum_long_late_8346db7cf1cc,1,market,0.0,1,1,4,32,21420.0
646551,646552,646552,646552,closed,timeout,21928.25,21936.0,21928.5,21935.75,21924.25,21960.25,7.75,7.25,6.75,135.0,10.0,0.5,1.0,1.0,1.25,2024-10-29 19:23:00+00:00,2024-10-29 19:23:00+00:00,2024-10-29 19:24:00+00:00,2024-10-29 19:24:00+00:00,momentum_long_late_8346db7cf1cc,1,market,0.0,1,1,4,32,21555.0
646552,646553,646553,646553,closed,timeout,21936.5,21935.75,21936.75,21935.5,21932.5,21968.5,-0.75,-1.25,-1.75,-35.0,10.0,0.5,1.0,1.0,2.0,2024-10-29 19:24:00+00:00,2024-10-29 19:24:00+00:00,2024-10-29 19:25:00+00:00,2024-10-29 19:25:00+00:00,momentum_long_late_8346db7cf1cc,1,market,0.0,1,1,4,32,21520.0
646553,646554,646554,646554,closed,stop,21935.5,21931.5,21935.75,21931.25,21931.5,21967.5,-4.0,-4.5,-5.0,-100.0,10.0,0.5,1.0,1.0,10.0,2024-10-29 19:25:00+00:00,2024-10-29 19:25:00+00:00,2024-10-29 19:26:00+00:00,2024-10-29 19:26:00+00:00,momentum_long_late_8346db7cf1cc,1,market,0.0,1,1,4,32,21420.0
646554,646555,646555,646555,closed,timeout,21936.0,21938.25,21936.25,21938.0,21932.0,21968.0,2.25,1.75,1.25,25.0,10.0,0.5,1.0,1.0,1.0,2024-10-29 19:26:00+00:00,2024-10-29 19:26:00+00:00,2024-10-29 19:27:00+00:00,2024-10-29 19:27:00+00:00,momentum_long_late_8346db7cf1cc,1,market,0.0,1,1,4,32,21445.0
646555,646556,646556,646556,closed,timeout,21938.25,21940.25,21938.5,21940.0,21934.25,21970.25,2.0,1.5,1.0,20.0,10.0,0.5,1.0,1.0,0.75,2024-10-29 19:27:00+00:00,2024-10-29 19:27:00+00:00,2024-10-29 19:28:00+00:00,2024-10-29 19:28:00+00:00,momentum_long_late_8346db7cf1cc,1,market,0.0,1,1,4,32,21465.0
646556,646557,646557,646557,closed,stop,21940.5,21936.5,21940.75,21936.25,21936.5,21972.5,-4.0,-4.5,-5.0,-100.0,10.0,0.5,1.0,1.0,4.5,2024-10-29 19:28:00+00:00,2024-10-29 19:28:00+00:00,2024-10-29 19:29:00+00:00,2024-10-29 19:29:00+00:00,momentum_long_late_8346db7cf1cc,1,market,0.0,1,1,4,32,21365.0
647841,647842,647842,647842,closed,stop,21810.5,21806.5,21810.75,21806.25,21806.5,21842.5,-4.0,-4.5,-5.0,-100.0,10.0,0.5,1.0,1.0,8.25,2024-10-30 18:08:00+00:00,2024-10-30 18:08:00+00:00,2024-10-30 18:09:00+00:00,2024-10-30 18:09:00+00:00,momentum_long_late_8346db7cf1cc,1,market,0.0,1,1,4,32,21265.0
647842,647843,647843,647843,closed,timeout,21805.75,21811.25,21806.0,21811.0,21801.75,21837.75,5.5,5.0,4.5,90.0,10.0,0.5,1.0,1.0,2.0,2024-10-30 18:09:00+00:00,2024-10-30 18:09:00+00:00,2024-10-30 18:10:00+00:00,2024-10-30 18:10:00+00:00,momentum_long_late_8346db7cf1cc,1,market,0.0,1,1,4,32,21355.0
647845,647846,647846,647846,closed,stop,21810.25,21806.25,21810.5,21806.0,21806.25,21842.25,-4.0,-4.5,-5.0,-100.0,10.0,0.5,1.0,1.0,6.25,2024-10-30 18:12:00+00:00,2024-10-30 18:12:00+00:00,2024-10-30 18:13:00+00:00,2024-10-30 18:13:00+00:00,momentum_long_late_8346db7cf1cc,1,market,0.0,1,1,4,32,21255.0
649229,649230,649230,649230,closed,stop,21242.25,21238.25,21242.5,21238.0,21238.25,21274.25,-4.0,-4.5,-5.0,-100.0,10.0,0.5,1.0,1.0,8.5,2024-10-31 18:31:00+00:00,2024-10-31 18:31:00+00:00,2024-10-31 18:32:00+00:00,2024-10-31 18:32:00+00:00,momentum_long_late_8346db7cf1cc,1,market,0.0,1,1,4,32,21155.0
649256,649257,649257,649257,closed,timeout,21244.0,21245.75,21244.25,21245.5,21240.0,21276.0,1.75,1.25,0.75,15.0,10.0,0.5,1.0,1.0,1.5,2024-10-31 18:58:00+00:00,2024-10-31 18:58:00+00:00,2024-10-31 18:59:00+00:00,2024-10-31 18:59:00+00:00,momentum_long_late_8346db7cf1cc,1,market,0.0,1,1,4,32,21170.0
649257,649258,649258,649258,closed,stop,21246.25,21242.25,21246.5,21242.0,21242.25,21278.25,-4.0,-4.5,-5.0,-100.0,10.0,0.5,1.0,1.0,6.0,2024-10-31 18:59:00+00:00,2024-10-31 18:59:00+00:00,2024-10-31 19:00:00+00:00,2024-10-31 19:00:00+00:00,momentum_long_late_8346db7cf1cc,1,market,0.0,1,1,4,32,21070.0
649258,649259,649259,649259,closed,timeout,21246.5,21254.75,21246.75,21254.5,21242.5,21278.5,8.25,7.75,7.25,145.0,10.0,0.5,1.0,1.0,0.25,2024-10-31 19:00:00+00:00,2024-10-31 19:00:00+00:00,2024-10-31 19:01:00+00:00,2024-10-31 19:01:00+00:00,momentum_long_late_8346db7cf1cc,1,market,0.0,1,1,4,32,21215.0
649259,649260,649260,649260,closed,stop,21255.0,21251.0,21255.25,21250.75,21251.0,21287.0,-4.0,-4.5,-5.0,-100.0,10.0,0.5,1.0,1.0,7.0,2024-10-31 19:01:00+00:00,2024-10-31 19:01:00+00:00,2024-10-31 19:02:00+00:00,2024-10-31 19:02:00+00:00,momentum_long_late_8346db7cf1cc,1,market,0.0,1,1,4,32,21115.0
649260,649261,649261,649261,closed,stop,21254.5,21250.5,21254.75,21250.25,21250.5,21286.5,-4.0,-4.5,-5.0,-100.0,10.0,0.5,1.0,1.0,5.25,2024-10-31 19:02:00+00:00,2024-10-31 19:02:00+00:00,2024-10-31 19:03:00+00:00,2024-10-31 19:03:00+00:00,momentum_long_late_8346db7cf1cc,1,market,0.0,1,1,4,32,21015.0
649265,649266,649266,649266,closed,stop,21266.25,21262.25,21266.5,21262.0,21262.25,21298.25,-4.0,-4.5,-5.0,-100.0,10.0,0.5,1.0,1.0,5.75,2024-10-31 19:07:00+00:00,2024-10-31 19:07:00+00:00,2024-10-31 19:08:00+00:00,2024-10-31 19:08:00+00:00,momentum_long_late_8346db7cf1cc,1,market,0.0,1,1,4,32,20915.0
649266,649267,649267,649267,closed,timeout,21264.5,21271.25,21264.75,21271.0,21260.5,21296.5,6.75,6.25,5.75,115.0,10.0,0.5,1.0,1.0,0.5,2024-10-31 19:08:00+00:00,2024-10-31 19:08:00+00:00,2024-10-31 19:09:00+00:00,2024-10-31 19:09:00+00:00,momentum_long_late_8346db7cf1cc,1,market,0.0,1,1,4,32,21030.0
649267,649268,649268,649268,closed,timeout,21271.0,21276.75,21271.25,21276.5,21267.0,21303.0,5.75,5.25,4.75,95.0,10.0,0.5,1.0,1.0,1.75,2024-10-31 19:09:00+00:00,2024-10-31 19:09:00+00:00,2024-10-31 19:10:00+00:00,2024-10-31 19:10:00+00:00,momentum_long_late_8346db7cf1cc,1,market,0.0,1,1,4,32,21125.0
649268,649269,649269,649269,closed,stop,21277.0,21273.0,21277.25,21272.75,21273.0,21309.0,-4.0,-4.5,-5.0,-100.0,10.0,0.5,1.0,1.0,7.75,2024-10-31 19:10:00+00:00,2024-10-31 19:10:00+00:00,2024-10-31 19:11:00+00:00,2024-10-31 19:11:00+00:00,momentum_long_late_8346db7cf1cc,1,market,0.0,1,1,4,32,21025.0
649280,649281,649281,649281,closed,stop,21290.25,21286.25,21290.5,21286.0,21286.25,21322.25,-4.0,-4.5,-5.0,-100.0,10.0,0.5,1.0,1.0,8.0,2024-10-31 19:22:00+00:00,2024-10-31 19:22:00+00:00,2024-10-31 19:23:00+00:00,2024-10-31 19:23:00+00:00,momentum_long_late_8346db7cf1cc,1,market,0.0,1,1,4,32,20925.0
649307,649308,649308,649308,closed,timeout,21317.75,21321.25,21318.0,21321.0,21313.75,21349.75,3.5,3.0,2.5,50.0,10.0,0.5,1.0,1.0,1.0,2024-10-31 19:49:00+00:00,2024-10-31 19:49:00+00:00,2024-10-31 19:50:00+00:00,2024-10-31 19:50:00+00:00,momentum_long_late_8346db7cf1cc,1,market,0.0,1,1,4,32,20975.0
649308,649309,649309,649309,closed,stop,21320.5,21316.5,21320.75,21316.25,21316.5,21352.5,-4.0,-4.5,-5.0,-100.0,10.0,0.5,1.0,1.0,6.25,2024-10-31 19:50:00+00:00,2024-10-31 19:50:00+00:00,2024-10-31 19:51:00+00:00,2024-10-31 19:51:00+00:00,momentum_long_late_8346db7cf1cc,1,market,0.0,1,1,4,32,20875.0
649309,649310,649310,649310,closed,stop,21325.5,21321.5,21325.75,21321.25,21321.5,21357.5,-4.0,-4.5,-5.0,-100.0,10.0,0.5,1.0,1.0,30.25,2024-10-31 19:51:00+00:00,2024-10-31 19:51:00+00:00,2024-10-31 19:52:00+00:00,2024-10-31 19:52:00+00:00,momentum_long_late_8346db7cf1cc,1,market,0.0,1,1,4,32,20775.0
650634,650635,650635,650635,closed,stop,21392.75,21388.75,21393.0,21388.5,21388.75,21424.75,-4.0,-4.5,-5.0,-100.0,10.0,0.5,1.0,1.0,11.0,2024-11-01 19:11:00+00:00,2024-11-01 19:11:00+00:00,2024-11-01 19:12:00+00:00,2024-11-01 19:12:00+00:00,momentum_long_late_8346db7cf1cc,1,market,0.0,1,1,4,32,20675.0
650636,650637,650637,650637,closed,stop,21394.0,21390.0,21394.25,21389.75,21390.0,21426.0,-4.0,-4.5,-5.0,-100.0,10.0,0.5,1.0,1.0,4.75,2024-11-01 19:13:00+00:00,2024-11-01 19:13:00+00:00,2024-11-01 19:14:00+00:00,2024-11-01 19:14:00+00:00,momentum_long_late_8346db7cf1cc,1,market,0.0,1,1,4,32,20575.0
652014,652015,652015,652015,closed,stop,21332.25,21328.25,21332.5,21328.0,21328.25,21364.25,-4.0,-4.5,-5.0,-100.0,10.0,0.5,1.0,1.0,5.0,2024-11-04 20:26:00+00:00,2024-11-04 20:26:00+00:00,2024-11-04 20:27:00+00:00,2024-11-04 20:27:00+00:00,momentum_long_late_8346db7cf1cc,1,market,0.0,1,1,4,32,20475.0
653364,653365,653365,653365,closed,stop,21525.5,21521.5,21525.75,21521.25,21521.5,21557.5,-4.0,-4.5,-5.0,-100.0,10.0,0.5,1.0,1.0,4.25,2024-11-05 20:11:00+00:00,2024-11-05 20:11:00+00:00,2024-11-05 20:12:00+00:00,2024-11-05 20:12:00+00:00,momentum_long_late_8346db7cf1cc,1,market,0.0,1,1,4,32,20375.0
653365,653366,653366,653366,closed,stop,21527.0,21523.0,21527.25,21522.75,21523.0,21559.0,-4.0,-4.5,-5.0,-100.0,10.0,0.5,1.0,1.0,10.25,2024-11-05 20:12:00+00:00,2024-11-05 20:12:00+00:00,2024-11-05 20:13:00+00:00,2024-11-05 20:13:00+00:00,momentum_long_late_8346db7cf1cc,1,market,0.0,1,1,4,32,20275.0
653386,653387,653387,653387,closed,timeout,21537.25,21543.5,21537.5,21543.25,21533.25,21569.25,6.25,5.75,5.25,105.0,10.0,0.5,1.0,1.0,3.25,2024-11-05 20:33:00+00:00,2024-11-05 20:33:00+00:00,2024-11-05 20:34:00+00:00,2024-11-05 20:34:00+00:00,momentum_long_late_8346db7cf1cc,1,market,0.0,1,1,4,32,20380.0
653387,653388,653388,653388,closed,stop,21543.75,21539.75,21544.0,21539.5,21539.75,21575.75,-4.0,-4.5,-5.0,-100.0,10.0,0.5,1.0,1.0,4.75,2024-11-05 20:34:00+00:00,2024-11-05 20:34:00+00:00,2024-11-05 20:35:00+00:00,2024-11-05 20:35:00+00:00,momentum_long_late_8346db7cf1cc,1,market,0.0,1,1,4,32,20280.0
653388,653389,653389,653389,closed,timeout,21540.75,21545.25,21541.0,21545.0,21536.75,21572.75,4.5,4.0,3.5,70.0,10.0,0.5,1.0,1.0,1.25,2024-11-05 20:35:00+00:00,2024-11-05 20:35:00+00:00,2024-11-05 20:36:00+00:00,2024-11-05 20:36:00+00:00,momentum_long_late_8346db7cf1cc,1,market,0.0,1,1,4,32,20350.0
653389,653390,653390,653390,closed,stop,21545.0,21541.0,21545.25,21540.75,21541.0,21577.0,-4.0,-4.5,-5.0,-100.0,10.0,0.5,1.0,1.0,7.5,2024-11-05 20:36:00+00:00,2024-11-05 20:36:00+00:00,2024-11-05 20:37:00+00:00,2024-11-05 20:37:00+00:00,momentum_long_late_8346db7cf1cc,1,market,0.0,1,1,4,32,20250.0
653390,653391,653391,653391,closed,stop,21546.5,21542.5,21546.75,21542.25,21542.5,21578.5,-4.0,-4.5,-5.0,-100.0,10.0,0.5,1.0,1.0,7.75,2024-11-05 20:37:00+00:00,2024-11-05 20:37:00+00:00,2024-11-05 20:38:00+00:00,2024-11-05 20:38:00+00:00,momentum_long_late_8346db7cf1cc,1,market,0.0,1,1,4,32,20150.0
654722,654723,654723,654723,closed,stop,22094.0,22090.0,22094.25,22089.75,22090.0,22126.0,-4.0,-4.5,-5.0,-100.0,10.0,0.5,1.0,1.0,10.5,2024-11-06 20:04:00+00:00,2024-11-06 20:04:00+00:00,2024-11-06 20:05:00+00:00,2024-11-06 20:05:00+00:00,momentum_long_late_8346db7cf1cc,1,market,0.0,1,1,4,32,20050.0
654733,654734,654734,654734,closed,timeout,22111.5,22111.5,22111.75,22111.25,22107.5,22143.5,0.0,-0.5,-1.0,-20.0,10.0,0.5,1.0,1.0,3.5,2024-11-06 20:15:00+00:00,2024-11-06 20:15:00+00:00,2024-11-06 20:16:00+00:00,2024-11-06 20:16:00+00:00,momentum_long_late_8346db7cf1cc,1,market,0.0,1,1,4,32,20030.0
654734,654735,654735,654735,closed,stop,22111.25,22107.25,22111.5,22107.0,22107.25,22143.25,-4.0,-4.5,-5.0,-100.0,10.0,0.5,1.0,1.0,4.5,2024-11-06 20:16:00+00:00,2024-11-06 20:16:00+00:00,2024-11-06 20:17:00+00:00,2024-11-06 20:17:00+00:00,momentum_long_late_8346db7cf1cc,1,market,0.0,1,1,4,32,19930.0
654767,654768,654768,654768,closed,timeout,22126.0,22125.0,22126.25,22124.75,22122.0,22158.0,-1.0,-1.5,-2.0,-40.0,10.0,0.5,1.0,1.0,3.75,2024-11-06 20:49:00+00:00,2024-11-06 20:49:00+00:00,2024-11-06 20:50:00+00:00,2024-11-06 20:50:00+00:00,momentum_long_late_8346db7cf1cc,1,market,0.0,1,1,4,32,19890.0
654768,654769,654769,654769,closed,stop,22125.0,22121.0,22125.25,22120.75,22121.0,22157.0,-4.0,-4.5,-5.0,-100.0,10.0,0.5,1.0,1.0,20.25,2024-11-06 20:50:00+00:00,2024-11-06 20:50:00+00:00,2024-11-06 20:51:00+00:00,2024-11-06 20:51:00+00:00,momentum_long_late_8346db7cf1cc,1,market,0.0,1,1,4,32,19790.0
656033,656034,656034,656034,closed,stop,22390.5,22386.5,22390.75,22386.25,22386.5,22422.5,-4.0,-4.5,-5.0,-100.0,10.0,0.5,1.0,1.0,7.5,2024-11-07 19:10:00+00:00,2024-11-07 19:10:00+00:00,2024-11-07 19:11:00+00:00,2024-11-07 19:11:00+00:00,momentum_long_late_8346db7cf1cc,1,market,0.0,1,1,4,32,19690.0
656057,656058,656058,656058,closed,stop,22402.75,22398.75,22403.0,22398.5,22398.75,22434.75,-4.0,-4.5,-5.0,-100.0,10.0,0.5,1.0,1.0,5.0,2024-11-07 19:34:00+00:00,2024-11-07 19:34:00+00:00,2024-11-07 19:35:00+00:00,2024-11-07 19:35:00+00:00,momentum_long_late_8346db7cf1cc,1,market,0.0,1,1,4,32,19590.0
656058,656059,656059,656059,closed,timeout,22404.5,22406.25,22404.75,22406.0,22400.5,22436.5,1.75,1.25,0.75,15.0,10.0,0.5,1.0,1.0,3.0,2024-11-07 19:35:00+00:00,2024-11-07 19:35:00+00:00,2024-11-07 19:36:00+00:00,2024-11-07 19:36:00+00:00,momentum_long_late_8346db7cf1cc,1,market,0.0,1,1,4,32,19605.0
656059,656060,656060,656060,closed,timeout,22407.0,22407.75,22407.25,22407.5,22403.0,22439.0,0.75,0.25,-0.25,-5.0,10.0,0.5,1.0,1.0,2.75,2024-11-07 19:36:00+00:00,2024-11-07 19:36:00+00:00,2024-11-07 19:37:00+00:00,2024-11-07 19:37:00+00:00,momentum_long_late_8346db7cf1cc,1,market,0.0,1,1,4,32,19600.0
656060,656061,656061,656061,closed,stop,22407.5,22403.5,22407.75,22403.25,22403.5,22439.5,-4.0,-4.5,-5.0,-100.0,10.0,0.5,1.0,1.0,4.75,2024-11-07 19:37:00+00:00,2024-11-07 19:37:00+00:00,2024-11-07 19:38:00+00:00,2024-11-07 19:38:00+00:00,momentum_long_late_8346db7cf1cc,1,market,0.0,1,1,4,32,19500.0
656061,656062,656062,656062,closed,stop,22413.25,22409.25,22413.5,22409.0,22409.25,22445.25,-4.0,-4.5,-5.0,-100.0,10.0,0.5,1.0,1.0,8.5,2024-11-07 19:38:00+00:00,2024-11-07 19:38:00+00:00,2024-11-07 19:39:00+00:00,2024-11-07 19:39:00+00:00,momentum_long_late_8346db7cf1cc,1,market,0.0,1,1,4,32,19400.0
656132,656133,656133,656133,closed,stop,22444.25,22440.25,22444.5,22440.0,22440.25,22476.25,-4.0,-4.5,-5.0,-100.0,10.0,0.5,1.0,1.0,15.25,2024-11-07 20:49:00+00:00,2024-11-07 20:49:00+00:00,2024-11-07 20:50:00+00:00,2024-11-07 20:50:00+00:00,momentum_long_late_8346db7cf1cc,1,market,0.0,1,1,4,32,19300.0
657418,657419,657419,657419,closed,stop,22456.75,22452.75,22457.0,22452.5,22452.75,22488.75,-4.0,-4.5,-5.0,-100.0,10.0,0.5,1.0,1.0,6.25,2024-11-08 19:30:00+00:00,2024-11-08 19:30:00+00:00,2024-11-08 19:31:00+00:00,2024-11-08 19:31:00+00:00,momentum_long_late_8346db7cf1cc,1,market,0.0,1,1,4,32,19200.0
657419,657420,657420,657420,closed,stop,22456.0,22452.0,22456.25,22451.75,22452.0,22488.0,-4.0,-4.5,-5.0,-100.0,10.0,0.5,1.0,1.0,7.5,2024-11-08 19:31:00+00:00,2024-11-08 19:31:00+00:00,2024-11-08 19:32:00+00:00,2024-11-08 19:32:00+00:00,momentum_long_late_8346db7cf1cc,1,market,0.0,1,1,4,32,19100.0
658826,658827,658827,658827,closed,timeout,22388.0,22391.5,22388.25,22391.25,22384.0,22420.0,3.5,3.0,2.5,50.0,10.0,0.5,1.0,1.0,0.5,2024-11-11 20:13:00+00:00,2024-11-11 20:13:00+00:00,2024-11-11 20:14:00+00:00,2024-11-11 20:14:00+00:00,momentum_long_late_8346db7cf1cc,1,market,0.0,1,1,4,32,19150.0
658852,658853,658853,658853,closed,timeout,22404.25,22405.0,22404.5,22404.75,22400.25,22436.25,0.75,0.25,-0.25,-5.0,10.0,0.5,1.0,1.0,2.25,2024-11-11 20:39:00+00:00,2024-11-11 20:39:00+00:00,2024-11-11 20:40:00+00:00,2024-11-11 20:40:00+00:00,momentum_long_late_8346db7cf1cc,1,market,0.0,1,1,4,32,19145.0
660140,660141,660141,660141,closed,stop,22394.75,22390.75,22395.0,22390.5,22390.75,22426.75,-4.0,-4.5,-5.0,-100.0,10.0,0.5,1.0,1.0,10.0,2024-11-12 19:22:00+00:00,2024-11-12 19:22:00+00:00,2024-11-12 19:23:00+00:00,2024-11-12 19:23:00+00:00,momentum_long_late_8346db7cf1cc,1,market,0.0,1,1,4,32,19045.0
660217,660218,660218,660218,closed,timeout,22392.0,22389.5,22392.25,22389.25,22388.0,22424.0,-2.5,-3.0,-3.5,-70.0,10.0,0.5,1.0,1.0,3.0,2024-11-12 20:39:00+00:00,2024-11-12 20:39:00+00:00,2024-11-12 20:40:00+00:00,2024-11-12 20:40:00+00:00,momentum_long_late_8346db7cf1cc,1,market,0.0,1,1,4,32,18975.0
660219,660220,660220,660220,closed,timeout,22395.5,22401.25,22395.75,22401.0,22391.5,22427.5,5.75,5.25,4.75,95.0,10.0,0.5,1.0,1.0,0.5,2024-11-12 20:41:00+00:00,2024-11-12 20:41:00+00:00,2024-11-12 20:42:00+00:00,2024-11-12 20:42:00+00:00,momentum_long_late_8346db7cf1cc,1,market,0.0,1,1,4,32,19070.0
660220,660221,660221,660221,closed,stop,22401.25,22397.25,22401.5,22397.0,22397.25,22433.25,-4.0,-4.5,-5.0,-100.0,10.0,0.5,1.0,1.0,11.75,2024-11-12 20:42:00+00:00,2024-11-12 20:42:00+00:00,2024-11-12 20:43:00+00:00,2024-11-12 20:43:00+00:00,momentum_long_late_8346db7cf1cc,1,market,0.0,1,1,4,32,18970.0
660223,660224,660224,660224,closed,timeout,22399.75,22396.5,22400.0,22396.25,22395.75,22431.75,-3.25,-3.75,-4.25,-85.0,10.0,0.5,1.0,1.0,3.75,2024-11-12 20:45:00+00:00,2024-11-12 20:45:00+00:00,2024-11-12 20:46:00+00:00,2024-11-12 20:46:00+00:00,momentum_long_late_8346db7cf1cc,1,market,0.0,1,1,4,32,18885.0
661560,661561,661561,661561,closed,timeout,22392.0,22394.5,22392.25,22394.25,22388.0,22424.0,2.5,2.0,1.5,30.0,10.0,0.5,1.0,1.0,4.0,2024-11-13 20:17:00+00:00,2024-11-13 20:17:00+00:00,2024-11-13 20:18:00+00:00,2024-11-13 20:18:00+00:00,momentum_long_late_8346db7cf1cc,1,market,0.0,1,1,4,32,18915.0
661564,661565,661565,661565,closed,timeout,22399.25,22402.25,22399.5,22402.0,22395.25,22431.25,3.0,2.5,2.0,40.0,10.0,0.5,1.0,1.0,0.5,2024-11-13 20:21:00+00:00,2024-11-13 20:21:00+00:00,2024-11-13 20:22:00+00:00,2024-11-13 20:22:00+00:00,momentum_long_late_8346db7cf1cc,1,market,0.0,1,1,4,32,18955.0
661565,661566,661566,661566,closed,stop,22403.0,22399.0,22403.25,22398.75,22399.0,22435.0,-4.0,-4.5,-5.0,-100.0,10.0,0.5,1.0,1.0,8.75,2024-11-13 20:22:00+00:00,2024-11-13 20:22:00+00:00,2024-11-13 20:23:00+00:00,2024-11-13 20:23:00+00:00,momentum_long_late_8346db7cf1cc,1,market,0.0,1,1,4,32,18855.0
662881,662882,662882,662882,closed,stop,22271.75,22267.75,22272.0,22267.5,22267.75,22303.75,-4.0,-4.5,-5.0,-100.0,10.0,0.5,1.0,1.0,8.5,2024-11-14 19:33:00+00:00,2024-11-14 19:33:00+00:00,2024-11-14 19:34:00+00:00,2024-11-14 19:34:00+00:00,momentum_long_late_8346db7cf1cc,1,market,0.0,1,1,4,32,18755.0
664222,664223,664223,664223,closed,stop,21651.5,21647.5,21651.75,21647.25,21647.5,21683.5,-4.0,-4.5,-5.0,-100.0,10.0,0.5,1.0,1.0,10.5,2024-11-15 19:09:00+00:00,2024-11-15 19:09:00+00:00,2024-11-15 19:10:00+00:00,2024-11-15 19:10:00+00:00,momentum_long_late_8346db7cf1cc,1,market,0.0,1,1,4,32,18655.0
664255,664256,664256,664256,closed,timeout,21647.25,21668.75,21647.5,21668.5,21643.25,21679.25,21.5,21.0,20.5,410.0,10.0,0.5,1.0,1.0,0.75,2024-11-15 19:42:00+00:00,2024-11-15 19:42:00+00:00,2024-11-15 19:43:00+00:00,2024-11-15 19:43:00+00:00,momentum_long_late_8346db7cf1cc,1,market,0.0,1,1,4,32,19065.0
664256,664257,664257,664257,closed,stop,21669.0,21665.0,21669.25,21664.75,21665.0,21701.0,-4.0,-4.5,-5.0,-100.0,10.0,0.5,1.0,1.0,8.5,2024-11-15 19:43:00+00:00,2024-11-15 19:43:00+00:00,2024-11-15 19:44:00+00:00,2024-11-15 19:44:00+00:00,momentum_long_late_8346db7cf1cc,1,market,0.0,1,1,4,32,18965.0
664257,664258,664258,664258,closed,timeout,21667.75,21676.5,21668.0,21676.25,21663.75,21699.75,8.75,8.25,7.75,155.0,10.0,0.5,1.0,1.0,0.75,2024-11-15 19:44:00+00:00,2024-11-15 19:44:00+00:00,2024-11-15 19:45:00+00:00,2024-11-15 19:45:00+00:00,momentum_long_late_8346db7cf1cc,1,market,0.0,1,1,4,32,19120.0
664258,664259,664259,664259,closed,stop,21676.25,21672.25,21676.5,21672.0,21672.25,21708.25,-4.0,-4.5,-5.0,-100.0,10.0,0.5,1.0,1.0,10.75,2024-11-15 19:45:00+00:00,2024-11-15 19:45:00+00:00,2024-11-15 19:46:00+00:00,2024-11-15 19:46:00+00:00,momentum_long_late_8346db7cf1cc,1,market,0.0,1,1,4,32,19020.0
664259,664260,664260,664260,closed,stop,21671.5,21667.5,21671.75,21667.25,21667.5,21703.5,-4.0,-4.5,-5.0,-100.0,10.0,0.5,1.0,1.0,6.5,2024-11-15 19:46:00+00:00,2024-11-15 19:46:00+00:00,2024-11-15 19:47:00+00:00,2024-11-15 19:47:00+00:00,momentum_long_late_8346db7cf1cc,1,market,0.0,1,1,4,32,18920.0
664260,664261,664261,664261,closed,stop,21684.25,21680.25,21684.5,21680.0,21680.25,21716.25,-4.0,-4.5,-5.0,-100.0,10.0,0.5,1.0,1.0,7.75,2024-11-15 19:47:00+00:00,2024-11-15 19:47:00+00:00,2024-11-15 19:48:00+00:00,2024-11-15 19:48:00+00:00,momentum_long_late_8346db7cf1cc,1,market,0.0,1,1,4,32,18820.0
664292,664293,664293,664293,closed,timeout,21684.0,21686.75,21684.25,21686.5,21680.0,21716.0,2.75,2.25,1.75,35.0,10.0,0.5,1.0,1.0,1.25,2024-11-15 20:19:00+00:00,2024-11-15 20:19:00+00:00,2024-11-15 20:20:00+00:00,2024-11-15 20:20:00+00:00,momentum_long_late_8346db7cf1cc,1,market,0.0,1,1,4,32,18855.0
664293,664294,664294,664294,closed,timeout,21686.75,21691.75,21687.0,21691.5,21682.75,21718.75,5.0,4.5,4.0,80.0,10.0,0.5,1.0,1.0,1.25,2024-11-15 20:20:00+00:00,2024-11-15 20:20:00+00:00,2024-11-15 20:21:00+00:00,2024-11-15 20:21:00+00:00,momentum_long_late_8346db7cf1cc,1,market,0.0,1,1,4,32,18935.0
664294,664295,664295,664295,closed,timeout,21691.5,21690.0,21691.75,21689.75,21687.5,21723.5,-1.5,-2.0,-2.5,-50.0,10.0,0.5,1.0,1.0,2.25,2024-11-15 20:21:00+00:00,2024-11-15 20:21:00+00:00,2024-11-15 20:22:00+00:00,2024-11-15 20:22:00+00:00,momentum_long_late_8346db7cf1cc,1,market,0.0,1,1,4,32,18885.0
664295,664296,664296,664296,closed,stop,21690.0,21686.0,21690.25,21685.75,21686.0,21722.0,-4.0,-4.5,-5.0,-100.0,10.0,0.5,1.0,1.0,10.0,2024-11-15 20:22:00+00:00,2024-11-15 20:22:00+00:00,2024-11-15 20:23:00+00:00,2024-11-15 20:23:00+00:00,momentum_long_late_8346db7cf1cc,1,market,0.0,1,1,4,32,18785.0
664328,664329,664329,664329,closed,stop,21698.25,21694.25,21698.5,21694.0,21694.25,21730.25,-4.0,-4.5,-5.0,-100.0,10.0,0.5,1.0,1.0,6.5,2024-11-15 20:55:00+00:00,2024-11-15 20:55:00+00:00,2024-11-15 20:56:00+00:00,2024-11-15 20:56:00+00:00,momentum_long_late_8346db7cf1cc,1,market,0.0,1,1,4,32,18685.0
664329,664330,664330,664330,closed,stop,21710.0,21706.0,21710.25,21705.75,21706.0,21742.0,-4.0,-4.5,-5.0,-100.0,10.0,0.5,1.0,1.0,18.75,2024-11-15 20:56:00+00:00,2024-11-15 20:56:00+00:00,2024-11-15 20:57:00+00:00,2024-11-15 20:57:00+00:00,momentum_long_late_8346db7cf1cc,1,market,0.0,1,1,4,32,18585.0
665578,665579,665579,665579,closed,stop,21858.0,21854.0,21858.25,21853.75,21854.0,21890.0,-4.0,-4.5,-5.0,-100.0,10.0,0.5,1.0,1.0,7.25,2024-11-18 19:00:00+00:00,2024-11-18 19:00:00+00:00,2024-11-18 19:01:00+00:00,2024-11-18 19:01:00+00:00,momentum_long_late_8346db7cf1cc,1,market,0.0,1,1,4,32,18485.0
665579,665580,665580,665580,closed,stop,21855.0,21851.0,21855.25,21850.75,21851.0,21887.0,-4.0,-4.5,-5.0,-100.0,10.0,0.5,1.0,1.0,7.75,2024-11-18 19:01:00+00:00,2024-11-18 19:01:00+00:00,2024-11-18 19:02:00+00:00,2024-11-18 19:02:00+00:00,momentum_long_late_8346db7cf1cc,1,market,0.0,1,1,4,32,18385.0
665620,665621,665621,665621,closed,timeout,21814.5,21819.0,21814.75,21818.75,21810.5,21846.5,4.5,4.0,3.5,70.0,10.0,0.5,1.0,1.0,1.0,2024-11-18 19:42:00+00:00,2024-11-18 19:42:00+00:00,2024-11-18 19:43:00+00:00,2024-11-18 19:43:00+00:00,momentum_long_late_8346db7cf1cc,1,market,0.0,1,1,4,32,18455.0
665621,665622,665622,665622,closed,timeout,21818.5,21822.0,21818.75,21821.75,21814.5,21850.5,3.5,3.0,2.5,50.0,10.0,0.5,1.0,1.0,0.75,2024-11-18 19:43:00+00:00,2024-11-18 19:43:00+00:00,2024-11-18 19:44:00+00:00,2024-11-18 19:44:00+00:00,momentum_long_late_8346db7cf1cc,1,market,0.0,1,1,4,32,18505.0
665622,665623,665623,665623,closed,timeout,21822.0,21821.5,21822.25,21821.25,21818.0,21854.0,-0.5,-1.0,-1.5,-30.0,10.0,0.5,1.0,1.0,2.5,2024-11-18 19:44:00+00:00,2024-11-18 19:44:00+00:00,2024-11-18 19:45:00+00:00,2024-11-18 19:45:00+00:00,momentum_long_late_8346db7cf1cc,1,market,0.0,1,1,4,32,18475.0
665623,665624,665624,665624,closed,timeout,21821.25,21827.0,21821.5,21826.75,21817.25,21853.25,5.75,5.25,4.75,95.0,10.0,0.5,1.0,1.0,1.0,2024-11-18 19:45:00+00:00,2024-11-18 19:45:00+00:00,2024-11-18 19:46:00+00:00,2024-11-18 19:46:00+00:00,momentum_long_late_8346db7cf1cc,1,market,0.0,1,1,4,32,18570.0
665624,665625,665625,665625,closed,timeout,21827.5,21827.0,21827.75,21826.75,21823.5,21859.5,-0.5,-1.0,-1.5,-30.0,10.0,0.5,1.0,1.0,1.0,2024-11-18 19:46:00+00:00,2024-11-18 19:46:00+00:00,2024-11-18 19:47:00+00:00,2024-11-18 19:47:00+00:00,momentum_long_late_8346db7cf1cc,1,market,0.0,1,1,4,32,18540.0
665625,665626,665626,665626,closed,timeout,21827.75,21829.25,21828.0,21829.0,21823.75,21859.75,1.5,1.0,0.5,10.0,10.0,0.5,1.0,1.0,2.75,2024-11-18 19:47:00+00:00,2024-11-18 19:47:00+00:00,2024-11-18 19:48:00+00:00,2024-11-18 19:48:00+00:00,momentum_long_late_8346db7cf1cc,1,market,0.0,1,1,4,32,18550.0
665626,665627,665627,665627,closed,timeout,21829.5,21828.5,21829.75,21828.25,21825.5,21861.5,-1.0,-1.5,-2.0,-40.0,10.0,0.5,1.0,1.0,3.75,2024-11-18 19:48:00+00:00,2024-11-18 19:48:00+00:00,2024-11-18 19:49:00+00:00,2024-11-18 19:49:00+00:00,momentum_long_late_8346db7cf1cc,1,market,0.0,1,1,4,32,18510.0
665628,665629,665629,665629,closed,timeout,21830.5,21835.5,21830.75,21835.25,21826.5,21862.5,5.0,4.5,4.0,80.0,10.0,0.5,1.0,1.0,3.25,2024-11-18 19:50:00+00:00,2024-11-18 19:50:00+00:00,2024-11-18 19:51:00+00:00,2024-11-18 19:51:00+00:00,momentum_long_late_8346db7cf1cc,1,market,0.0,1,1,4,32,18590.0
665629,665630,665630,665630,closed,timeout,21835.25,21837.75,21835.5,21837.5,21831.25,21867.25,2.5,2.0,1.5,30.0,10.0,0.5,1.0,1.0,2.0,2024-11-18 19:51:00+00:00,2024-11-18 19:51:00+00:00,2024-11-18 19:52:00+00:00,2024-11-18 19:52:00+00:00,momentum_long_late_8346db7cf1cc,1,market,0.0,1,1,4,32,18620.0
665630,665631,665631,665631,closed,timeout,21837.25,21836.0,21837.5,21835.75,21833.25,21869.25,-1.25,-1.75,-2.25,-45.0,10.0,0.5,1.0,1.0,2.0,2024-11-18 19:52:00+00:00,2024-11-18 19:52:00+00:00,2024-11-18 19:53:00+00:00,2024-11-18 19:53:00+00:00,momentum_long_late_8346db7cf1cc,1,market,0.0,1,1,4,32,18575.0
665632,665633,665633,665633,closed,timeout,21842.0,21841.0,21842.25,21840.75,21838.0,21874.0,-1.0,-1.5,-2.0,-40.0,10.0,0.5,1.0,1.0,2.5,2024-11-18 19:54:00+00:00,2024-11-18 19:54:00+00:00,2024-11-18 19:55:00+00:00,2024-11-18 19:55:00+00:00,momentum_long_late_8346db7cf1cc,1,market,0.0,1,1,4,32,18535.0
665633,665634,665634,665634,closed,stop,21841.0,21837.0,21841.25,21836.75,21837.0,21873.0,-4.0,-4.5,-5.0,-100.0,10.0,0.5,1.0,1.0,11.25,2024-11-18 19:55:00+00:00,2024-11-18 19:55:00+00:00,2024-11-18 19:56:00+00:00,2024-11-18 19:56:00+00:00,momentum_long_late_8346db7cf1cc,1,market,0.0,1,1,4,32,18435.0
666997,666998,666998,666998,closed,timeout,21943.0,21946.5,21943.25,21946.25,21939.0,21975.0,3.5,3.0,2.5,50.0,10.0,0.5,1.0,1.0,3.75,2024-11-19 19:54:00+00:00,2024-11-19 19:54:00+00:00,2024-11-19 19:55:00+00:00,2024-11-19 19:55:00+00:00,momentum_long_late_8346db7cf1cc,1,market,0.0,1,1,4,32,18485.0
666998,666999,666999,666999,closed,timeout,21947.0,21948.25,21947.25,21948.0,21943.0,21979.0,1.25,0.75,0.25,5.0,10.0,0.5,1.0,1.0,1.25,2024-11-19 19:55:00+00:00,2024-11-19 19:55:00+00:00,2024-11-19 19:56:00+00:00,2024-11-19 19:56:00+00:00,momentum_long_late_8346db7cf1cc,1,market,0.0,1,1,4,32,18490.0
666999,667000,667000,667000,closed,timeout,21949.0,21946.75,21949.25,21946.5,21945.0,21981.0,-2.25,-2.75,-3.25,-65.0,10.0,0.5,1.0,1.0,2.5,2024-11-19 19:56:00+00:00,2024-11-19 19:56:00+00:00,2024-11-19 19:57:00+00:00,2024-11-19 19:57:00+00:00,momentum_long_late_8346db7cf1cc,1,market,0.0,1,1,4,32,18425.0
667054,667055,667055,667055,closed,stop,21974.25,21970.25,21974.5,21970.0,21970.25,22006.25,-4.0,-4.5,-5.0,-100.0,10.0,0.5,1.0,1.0,6.5,2024-11-19 20:51:00+00:00,2024-11-19 20:51:00+00:00,2024-11-19 20:52:00+00:00,2024-11-19 20:52:00+00:00,momentum_long_late_8346db7cf1cc,1,market,0.0,1,1,4,32,18325.0
667055,667056,667056,667056,closed,stop,21972.25,21968.25,21972.5,21968.0,21968.25,22004.25,-4.0,-4.5,-5.0,-100.0,10.0,0.5,1.0,1.0,5.5,2024-11-19 20:52:00+00:00,2024-11-19 20:52:00+00:00,2024-11-19 20:53:00+00:00,2024-11-19 20:53:00+00:00,momentum_long_late_8346db7cf1cc,1,market,0.0,1,1,4,32,18225.0
668343,668344,668344,668344,closed,timeout,21781.25,21780.75,21781.5,21780.5,21777.25,21813.25,-0.5,-1.0,-1.5,-30.0,10.0,0.5,1.0,1.0,3.0,2024-11-20 19:35:00+00:00,2024-11-20 19:35:00+00:00,2024-11-20 19:36:00+00:00,2024-11-20 19:36:00+00:00,momentum_long_late_8346db7cf1cc,1,market,0.0,1,1,4,32,18195.0
668345,668346,668346,668346,closed,timeout,21788.75,21788.75,21789.0,21788.5,21784.75,21820.75,0.0,-0.5,-1.0,-20.0,10.0,0.5,1.0,1.0,2.75,2024-11-20 19:37:00+00:00,2024-11-20 19:37:00+00:00,2024-11-20 19:38:00+00:00,2024-11-20 19:38:00+00:00,momentum_long_late_8346db7cf1cc,1,market,0.0,1,1,4,32,18175.0
668346,668347,668347,668347,closed,stop,21789.0,21785.0,21789.25,21784.75,21785.0,21821.0,-4.0,-4.5,-5.0,-100.0,10.0,0.5,1.0,1.0,5.5,2024-11-20 19:38:00+00:00,2024-11-20 19:38:00+00:00,2024-11-20 19:39:00+00:00,2024-11-20 19:39:00+00:00,momentum_long_late_8346db7cf1cc,1,market,0.0,1,1,4,32,18075.0
668347,668348,668348,668348,closed,stop,21788.0,21784.0,21788.25,21783.75,21784.0,21820.0,-4.0,-4.5,-5.0,-100.0,10.0,0.5,1.0,1.0,6.25,2024-11-20 19:39:00+00:00,2024-11-20 19:39:00+00:00,2024-11-20 19:40:00+00:00,2024-11-20 19:40:00+00:00,momentum_long_late_8346db7cf1cc,1,market,0.0,1,1,4,32,17975.0
668349,668350,668350,668350,closed,stop,21795.5,21791.5,21795.75,21791.25,21791.5,21827.5,-4.0,-4.5,-5.0,-100.0,10.0,0.5,1.0,1.0,5.75,2024-11-20 19:41:00+00:00,2024-11-20 19:41:00+00:00,2024-11-20 19:42:00+00:00,2024-11-20 19:42:00+00:00,momentum_long_late_8346db7cf1cc,1,market,0.0,1,1,4,32,17875.0
668350,668351,668351,668351,closed,timeout,21796.5,21800.5,21796.75,21800.25,21792.5,21828.5,4.0,3.5,3.0,60.0,10.0,0.5,1.0,1.0,1.5,2024-11-20 19:42:00+00:00,2024-11-20 19:42:00+00:00,2024-11-20 19:43:00+00:00,2024-11-20 19:43:00+00:00,momentum_long_late_8346db7cf1cc,1,market,0.0,1,1,4,32,17935.0
668351,668352,668352,668352,closed,timeout,21800.5,21816.0,21800.75,21815.75,21796.5,21832.5,15.5,15.0,14.5,290.0,10.0,0.5,1.0,1.0,0.75,2024-11-20 19:43:00+00:00,2024-11-20 19:43:00+00:00,2024-11-20 19:44:00+00:00,2024-11-20 19:44:00+00:00,momentum_long_late_8346db7cf1cc,1,market,0.0,1,1,4,32,18225.0
668352,668353,668353,668353,closed,timeout,21816.5,21817.25,21816.75,21817.0,21812.5,21848.5,0.75,0.25,-0.25,-5.0,10.0,0.5,1.0,1.0,3.5,2024-11-20 19:44:00+00:00,2024-11-20 19:44:00+00:00,2024-11-20 19:45:00+00:00,2024-11-20 19:45:00+00:00,momentum_long_late_8346db7cf1cc,1,market,0.0,1,1,4,32,18220.0
668353,668354,668354,668354,closed,timeout,21817.5,21817.25,21817.75,21817.0,21813.5,21849.5,-0.25,-0.75,-1.25,-25.0,10.0,0.5,1.0,1.0,2.0,2024-11-20 19:45:00+00:00,2024-11-20 19:45:00+00:00,2024-11-20 19:46:00+00:00,2024-11-20 19:46:00+00:00,momentum_long_late_8346db7cf1cc,1,market,0.0,1,1,4,32,18195.0
668354,668355,668355,668355,closed,stop,21817.25,21813.25,21817.5,21813.0,21813.25,21849.25,-4.0,-4.5,-5.0,-100.0,10.0,0.5,1.0,1.0,6.25,2024-11-20 19:46:00+00:00,2024-11-20 19:46:00+00:00,2024-11-20 19:47:00+00:00,2024-11-20 19:47:00+00:00,momentum_long_late_8346db7cf1cc,1,market,0.0,1,1,4,32,18095.0
668355,668356,668356,668356,closed,timeout,21814.25,21817.5,21814.5,21817.25,21810.25,21846.25,3.25,2.75,2.25,45.0,10.0,0.5,1.0,1.0,0.75,2024-11-20 19:47:00+00:00,2024-11-20 19:47:00+00:00,2024-11-20 19:48:00+00:00,2024-11-20 19:48:00+00:00,momentum_long_late_8346db7cf1cc,1,market,0.0,1,1,4,32,18140.0
668356,668357,668357,668357,closed,timeout,21819.0,21823.75,21819.25,21823.5,21815.0,21851.0,4.75,4.25,3.75,75.0,10.0,0.5,1.0,1.0,1.5,2024-11-20 19:48:00+00:00,2024-11-20 19:48:00+00:00,2024-11-20 19:49:00+00:00,2024-11-20 19:49:00+00:00,momentum_long_late_8346db7cf1cc,1,market,0.0,1,1,4,32,18215.0
668389,668390,668390,668390,closed,timeout,21826.5,21829.25,21826.75,21829.0,21822.5,21858.5,2.75,2.25,1.75,35.0,10.0,0.5,1.0,1.0,0.75,2024-11-20 20:21:00+00:00,2024-11-20 20:21:00+00:00,2024-11-20 20:22:00+00:00,2024-11-20 20:22:00+00:00,momentum_long_late_8346db7cf1cc,1,market,0.0,1,1,4,32,18250.0
668390,668391,668391,668391,closed,stop,21829.5,21825.5,21829.75,21825.25,21825.5,21861.5,-4.0,-4.5,-5.0,-100.0,10.0,0.5,1.0,1.0,7.0,2024-11-20 20:22:00+00:00,2024-11-20 20:22:00+00:00,2024-11-20 20:23:00+00:00,2024-11-20 20:23:00+00:00,momentum_long_late_8346db7cf1cc,1,market,0.0,1,1,4,32,18150.0
668392,668393,668393,668393,closed,timeout,21828.25,21833.75,21828.5,21833.5,21824.25,21860.25,5.5,5.0,4.5,90.0,10.0,0.5,1.0,1.0,3.25,2024-11-20 20:24:00+00:00,2024-11-20 20:24:00+00:00,2024-11-20 20:25:00+00:00,2024-11-20 20:25:00+00:00,momentum_long_late_8346db7cf1cc,1,market,0.0,1,1,4,32,18240.0
668393,668394,668394,668394,closed,timeout,21833.5,21840.0,21833.75,21839.75,21829.5,21865.5,6.5,6.0,5.5,110.0,10.0,0.5,1.0,1.0,1.0,2024-11-20 20:25:00+00:00,2024-11-20 20:25:00+00:00,2024-11-20 20:26:00+00:00,2024-11-20 20:26:00+00:00,momentum_long_late_8346db7cf1cc,1,market,0.0,1,1,4,32,18350.0
668394,668395,668395,668395,closed,timeout,21840.25,21845.0,21840.5,21844.75,21836.25,21872.25,4.75,4.25,3.75,75.0,10.0,0.5,1.0,1.0,1.0,2024-11-20 20:26:00+00:00,2024-11-20 20:26:00+00:00,2024-11-20 20:27:00+00:00,2024-11-20 20:27:00+00:00,momentum_long_late_8346db7cf1cc,1,market,0.0,1,1,4,32,18425.0
668395,668396,668396,668396,closed,timeout,21844.75,21844.75,21845.0,21844.5,21840.75,21876.75,0.0,-0.5,-1.0,-20.0,10.0,0.5,1.0,1.0,3.25,2024-11-20 20:27:00+00:00,2024-11-20 20:27:00+00:00,2024-11-20 20:28:00+00:00,2024-11-20 20:28:00+00:00,momentum_long_late_8346db7cf1cc,1,market,0.0,1,1,4,32,18405.0
668396,668397,668397,668397,closed,timeout,21844.0,21847.5,21844.25,21847.25,21840.0,21876.0,3.5,3.0,2.5,50.0,10.0,0.5,1.0,1.0,0.25,2024-11-20 20:28:00+00:00,2024-11-20 20:28:00+00:00,2024-11-20 20:29:00+00:00,2024-11-20 20:29:00+00:00,momentum_long_late_8346db7cf1cc,1,market,0.0,1,1,4,32,18455.0
668397,668398,668398,668398,closed,timeout,21847.5,21853.0,21847.75,21852.75,21843.5,21879.5,5.5,5.0,4.5,90.0,10.0,0.5,1.0,1.0,1.5,2024-11-20 20:29:00+00:00,2024-11-20 20:29:00+00:00,2024-11-20 20:30:00+00:00,2024-11-20 20:30:00+00:00,momentum_long_late_8346db7cf1cc,1,market,0.0,1,1,4,32,18545.0
668398,668399,668399,668399,closed,timeout,21853.25,21872.5,21853.5,21872.25,21849.25,21885.25,19.25,18.75,18.25,365.0,10.0,0.5,1.0,1.0,0.5,2024-11-20 20:30:00+00:00,2024-11-20 20:30:00+00:00,2024-11-20 20:31:00+00:00,2024-11-20 20:31:00+00:00,momentum_long_late_8346db7cf1cc,1,market,0.0,1,1,4,32,18910.0
668399,668400,668400,668400,closed,timeout,21872.5,21880.25,21872.75,21880.0,21868.5,21904.5,7.75,7.25,6.75,135.0,10.0,0.5,1.0,1.0,1.75,2024-11-20 20:31:00+00:00,2024-11-20 20:31:00+00:00,2024-11-20 20:32:00+00:00,2024-11-20 20:32:00+00:00,momentum_long_late_8346db7cf1cc,1,market,0.0,1,1,4,32,19045.0
668400,668401,668401,668401,closed,timeout,21880.5,21895.25,21880.75,21895.0,21876.5,21912.5,14.75,14.25,13.75,275.0,10.0,0.5,1.0,1.0,0.25,2024-11-20 20:32:00+00:00,2024-11-20 20:32:00+00:00,2024-11-20 20:33:00+00:00,2024-11-20 20:33:00+00:00,momentum_long_late_8346db7cf1cc,1,market,0.0,1,1,4,32,19320.0
668401,668402,668402,668402,closed,stop,21895.25,21891.25,21895.5,21891.0,21891.25,21927.25,-4.0,-4.5,-5.0,-100.0,10.0,0.5,1.0,1.0,5.25,2024-11-20 20:33:00+00:00,2024-11-20 20:33:00+00:00,2024-11-20 20:34:00+00:00,2024-11-20 20:34:00+00:00,momentum_long_late_8346db7cf1cc,1,market,0.0,1,1,4,32,19220.0
668402,668403,668403,668403,closed,timeout,21908.0,21918.25,21908.25,21918.0,21904.0,21940.0,10.25,9.75,9.25,185.0,10.0,0.5,1.0,1.0,0.75,2024-11-20 20:34:00+00:00,2024-11-20 20:34:00+00:00,2024-11-20 20:35:00+00:00,2024-11-20 20:35:00+00:00,momentum_long_late_8346db7cf1cc,1,market,0.0,1,1,4,32,19405.0
668403,668404,668404,668404,closed,stop,21919.25,21915.25,21919.5,21915.0,21915.25,21951.25,-4.0,-4.5,-5.0,-100.0,10.0,0.5,1.0,1.0,6.25,2024-11-20 20:35:00+00:00,2024-11-20 20:35:00+00:00,2024-11-20 20:36:00+00:00,2024-11-20 20:36:00+00:00,momentum_long_late_8346db7cf1cc,1,market,0.0,1,1,4,32,19305.0
668404,668405,668405,668405,closed,stop,21918.75,21914.75,21919.0,21914.5,21914.75,21950.75,-4.0,-4.5,-5.0,-100.0,10.0,0.5,1.0,1.0,9.0,2024-11-20 20:36:00+00:00,2024-11-20 20:36:00+00:00,2024-11-20 20:37:00+00:00,2024-11-20 20:37:00+00:00,momentum_long_late_8346db7cf1cc,1,market,0.0,1,1,4,32,19205.0
668405,668406,668406,668406,closed,stop,21911.0,21907.0,21911.25,21906.75,21907.0,21943.0,-4.0,-4.5,-5.0,-100.0,10.0,0.5,1.0,1.0,10.5,2024-11-20 20:37:00+00:00,2024-11-20 20:37:00+00:00,2024-11-20 20:38:00+00:00,2024-11-20 20:38:00+00:00,momentum_long_late_8346db7cf1cc,1,market,0.0,1,1,4,32,19105.0
668406,668407,668407,668407,closed,timeout,21925.0,21927.25,21925.25,21927.0,21921.0,21957.0,2.25,1.75,1.25,25.0,10.0,0.5,1.0,1.0,3.25,2024-11-20 20:38:00+00:00,2024-11-20 20:38:00+00:00,2024-11-20 20:39:00+00:00,2024-11-20 20:39:00+00:00,momentum_long_late_8346db7cf1cc,1,market,0.0,1,1,4,32,19130.0
668407,668408,668408,668408,closed,stop,21928.25,21924.25,21928.5,21924.0,21924.25,21960.25,-4.0,-4.5,-5.0,-100.0,10.0,0.5,1.0,1.0,8.25,2024-11-20 20:39:00+00:00,2024-11-20 20:39:00+00:00,2024-11-20 20:40:00+00:00,2024-11-20 20:40:00+00:00,momentum_long_late_8346db7cf1cc,1,market,0.0,1,1,4,32,19030.0
668410,668411,668411,668411,closed,stop,21925.75,21921.75,21926.0,21921.5,21921.75,21957.75,-4.0,-4.5,-5.0,-100.0,10.0,0.5,1.0,1.0,14.0,2024-11-20 20:42:00+00:00,2024-11-20 20:42:00+00:00,2024-11-20 20:43:00+00:00,2024-11-20 20:43:00+00:00,momentum_long_late_8346db7cf1cc,1,market,0.0,1,1,4,32,18930.0
669713,669714,669714,669714,closed,stop,22052.0,22048.0,22052.25,22047.75,22048.0,22084.0,-4.0,-4.5,-5.0,-100.0,10.0,0.5,1.0,1.0,6.0,2024-11-21 19:40:00+00:00,2024-11-21 19:40:00+00:00,2024-11-21 19:41:00+00:00,2024-11-21 19:41:00+00:00,momentum_long_late_8346db7cf1cc,1,market,0.0,1,1,4,32,18830.0
669714,669715,669715,669715,closed,stop,22050.75,22046.75,22051.0,22046.5,22046.75,22082.75,-4.0,-4.5,-5.0,-100.0,10.0,0.5,1.0,1.0,6.75,2024-11-21 19:41:00+00:00,2024-11-21 19:41:00+00:00,2024-11-21 19:42:00+00:00,2024-11-21 19:42:00+00:00,momentum_long_late_8346db7cf1cc,1,market,0.0,1,1,4,32,18730.0
669715,669716,669716,669716,closed,stop,22047.25,22043.25,22047.5,22043.0,22043.25,22079.25,-4.0,-4.5,-5.0,-100.0,10.0,0.5,1.0,1.0,7.25,2024-11-21 19:42:00+00:00,2024-11-21 19:42:00+00:00,2024-11-21 19:43:00+00:00,2024-11-21 19:43:00+00:00,momentum_long_late_8346db7cf1cc,1,market,0.0,1,1,4,32,18630.0
669736,669737,669737,669737,closed,stop,22055.5,22051.5,22055.75,22051.25,22051.5,22087.5,-4.0,-4.5,-5.0,-100.0,10.0,0.5,1.0,1.0,4.5,2024-11-21 20:03:00+00:00,2024-11-21 20:03:00+00:00,2024-11-21 20:04:00+00:00,2024-11-21 20:04:00+00:00,momentum_long_late_8346db7cf1cc,1,market,0.0,1,1,4,32,18530.0
669737,669738,669738,669738,closed,timeout,22056.25,22052.75,22056.5,22052.5,22052.25,22088.25,-3.5,-4.0,-4.5,-90.0,10.0,0.5,1.0,1.0,3.75,2024-11-21 20:04:00+00:00,2024-11-21 20:04:00+00:00,2024-11-21 20:05:00+00:00,2024-11-21 20:05:00+00:00,momentum_long_late_8346db7cf1cc,1,market,0.0,1,1,4,32,18440.0
669743,669744,669744,669744,closed,stop,22067.25,22063.25,22067.5,22063.0,22063.25,22099.25,-4.0,-4.5,-5.0,-100.0,10.0,0.5,1.0,1.0,5.75,2024-11-21 20:10:00+00:00,2024-11-21 20:10:00+00:00,2024-11-21 20:11:00+00:00,2024-11-21 20:11:00+00:00,momentum_long_late_8346db7cf1cc,1,market,0.0,1,1,4,32,18340.0
669744,669745,669745,669745,closed,timeout,22069.0,22070.75,22069.25,22070.5,22065.0,22101.0,1.75,1.25,0.75,15.0,10.0,0.5,1.0,1.0,3.5,2024-11-21 20:11:00+00:00,2024-11-21 20:11:00+00:00,2024-11-21 20:12:00+00:00,2024-11-21 20:12:00+00:00,momentum_long_late_8346db7cf1cc,1,market,0.0,1,1,4,32,18355.0
669745,669746,669746,669746,closed,timeout,22070.0,22072.75,22070.25,22072.5,22066.0,22102.0,2.75,2.25,1.75,35.0,10.0,0.5,1.0,1.0,0.25,2024-11-21 20:12:00+00:00,2024-11-21 20:12:00+00:00,2024-11-21 20:13:00+00:00,2024-11-21 20:13:00+00:00,momentum_long_late_8346db7cf1cc,1,market,0.0,1,1,4,32,18390.0
669747,669748,669748,669748,closed,stop,22071.5,22067.5,22071.75,22067.25,22067.5,22103.5,-4.0,-4.5,-5.0,-100.0,10.0,0.5,1.0,1.0,4.75,2024-11-21 20:14:00+00:00,2024-11-21 20:14:00+00:00,2024-11-21 20:15:00+00:00,2024-11-21 20:15:00+00:00,momentum_long_late_8346db7cf1cc,1,market,0.0,1,1,4,32,18290.0
671095,671096,671096,671096,closed,timeout,22044.25,22050.0,22044.5,22049.75,22040.25,22076.25,5.75,5.25,4.75,95.0,10.0,0.5,1.0,1.0,0.5,2024-11-22 19:57:00+00:00,2024-11-22 19:57:00+00:00,2024-11-22 19:58:00+00:00,2024-11-22 19:58:00+00:00,momentum_long_late_8346db7cf1cc,1,market,0.0,1,1,4,32,18385.0
671096,671097,671097,671097,closed,stop,22050.25,22046.25,22050.5,22046.0,22046.25,22082.25,-4.0,-4.5,-5.0,-100.0,10.0,0.5,1.0,1.0,5.0,2024-11-22 19:58:00+00:00,2024-11-22 19:58:00+00:00,2024-11-22 19:59:00+00:00,2024-11-22 19:59:00+00:00,momentum_long_late_8346db7cf1cc,1,market,0.0,1,1,4,32,18285.0
671149,671150,671150,671150,closed,stop,22039.75,22035.75,22040.0,22035.5,22035.75,22071.75,-4.0,-4.5,-5.0,-100.0,10.0,0.5,1.0,1.0,4.25,2024-11-22 20:51:00+00:00,2024-11-22 20:51:00+00:00,2024-11-22 20:52:00+00:00,2024-11-22 20:52:00+00:00,momentum_long_late_8346db7cf1cc,1,market,0.0,1,1,4,32,18185.0
671150,671151,671151,671151,closed,timeout,22040.75,22045.25,22041.0,22045.0,22036.75,22072.75,4.5,4.0,3.5,70.0,10.0,0.5,1.0,1.0,1.0,2024-11-22 20:52:00+00:00,2024-11-22 20:52:00+00:00,2024-11-22 20:53:00+00:00,2024-11-22 20:53:00+00:00,momentum_long_late_8346db7cf1cc,1,market,0.0,1,1,4,32,18255.0
671151,671152,671152,671152,closed,timeout,22046.0,22049.0,22046.25,22048.75,22042.0,22078.0,3.0,2.5,2.0,40.0,10.0,0.5,1.0,1.0,2.5,2024-11-22 20:53:00+00:00,2024-11-22 20:53:00+00:00,2024-11-22 20:54:00+00:00,2024-11-22 20:54:00+00:00,momentum_long_late_8346db7cf1cc,1,market,0.0,1,1,4,32,18295.0
671152,671153,671153,671153,closed,stop,22049.5,22045.5,22049.75,22045.25,22045.5,22081.5,-4.0,-4.5,-5.0,-100.0,10.0,0.5,1.0,1.0,9.75,2024-11-22 20:54:00+00:00,2024-11-22 20:54:00+00:00,2024-11-22 20:55:00+00:00,2024-11-22 20:55:00+00:00,momentum_long_late_8346db7cf1cc,1,market,0.0,1,1,4,32,18195.0
671153,671154,671154,671154,closed,timeout,22052.75,22054.75,22053.0,22054.5,22048.75,22084.75,2.0,1.5,1.0,20.0,10.0,0.5,1.0,1.0,2.25,2024-11-22 20:55:00+00:00,2024-11-22 20:55:00+00:00,2024-11-22 20:56:00+00:00,2024-11-22 20:56:00+00:00,momentum_long_late_8346db7cf1cc,1,market,0.0,1,1,4,32,18215.0
671154,671155,671155,671155,closed,stop,22055.0,22051.0,22055.25,22050.75,22051.0,22087.0,-4.0,-4.5,-5.0,-100.0,10.0,0.5,1.0,1.0,5.0,2024-11-22 20:56:00+00:00,2024-11-22 20:56:00+00:00,2024-11-22 20:57:00+00:00,2024-11-22 20:57:00+00:00,momentum_long_late_8346db7cf1cc,1,market,0.0,1,1,4,32,18115.0
671155,671156,671156,671156,closed,timeout,22050.75,22053.25,22051.0,22053.0,22046.75,22082.75,2.5,2.0,1.5,30.0,10.0,0.5,1.0,1.0,1.75,2024-11-22 20:57:00+00:00,2024-11-22 20:57:00+00:00,2024-11-22 20:58:00+00:00,2024-11-22 20:58:00+00:00,momentum_long_late_8346db7cf1cc,1,market,0.0,1,1,4,32,18145.0
672414,672415,672415,672415,closed,stop,22063.5,22059.5,22063.75,22059.25,22059.5,22095.5,-4.0,-4.5,-5.0,-100.0,10.0,0.5,1.0,1.0,6.75,2024-11-25 19:12:00+00:00,2024-11-25 19:12:00+00:00,2024-11-25 19:13:00+00:00,2024-11-25 19:13:00+00:00,momentum_long_late_8346db7cf1cc,1,market,0.0,1,1,4,32,18045.0
672447,672448,672448,672448,closed,stop,22057.5,22053.5,22057.75,22053.25,22053.5,22089.5,-4.0,-4.5,-5.0,-100.0,10.0,0.5,1.0,1.0,5.0,2024-11-25 19:45:00+00:00,2024-11-25 19:45:00+00:00,2024-11-25 19:46:00+00:00,2024-11-25 19:46:00+00:00,momentum_long_late_8346db7cf1cc,1,market,0.0,1,1,4,32,17945.0
672450,672451,672451,672451,closed,timeout,22066.0,22065.25,22066.25,22065.0,22062.0,22098.0,-0.75,-1.25,-1.75,-35.0,10.0,0.5,1.0,1.0,3.75,2024-11-25 19:48:00+00:00,2024-11-25 19:48:00+00:00,2024-11-25 19:49:00+00:00,2024-11-25 19:49:00+00:00,momentum_long_late_8346db7cf1cc,1,market,0.0,1,1,4,32,17910.0
672451,672452,672452,672452,closed,timeout,22065.75,22066.5,22066.0,22066.25,22061.75,22097.75,0.75,0.25,-0.25,-5.0,10.0,0.5,1.0,1.0,2.75,2024-11-25 19:49:00+00:00,2024-11-25 19:49:00+00:00,2024-11-25 19:50:00+00:00,2024-11-25 19:50:00+00:00,momentum_long_late_8346db7cf1cc,1,market,0.0,1,1,4,32,17905.0
672452,672453,672453,672453,closed,timeout,22067.25,22076.25,22067.5,22076.0,22063.25,22099.25,9.0,8.5,8.0,160.0,10.0,0.5,1.0,1.0,1.5,2024-11-25 19:50:00+00:00,2024-11-25 19:50:00+00:00,2024-11-25 19:51:00+00:00,2024-11-25 19:51:00+00:00,momentum_long_late_8346db7cf1cc,1,market,0.0,1,1,4,32,18065.0
672453,672454,672454,672454,closed,stop,22076.5,22072.5,22076.75,22072.25,22072.5,22108.5,-4.0,-4.5,-5.0,-100.0,10.0,0.5,1.0,1.0,5.5,2024-11-25 19:51:00+00:00,2024-11-25 19:51:00+00:00,2024-11-25 19:52:00+00:00,2024-11-25 19:52:00+00:00,momentum_long_late_8346db7cf1cc,1,market,0.0,1,1,4,32,17965.0
672454,672455,672455,672455,closed,stop,22072.0,22068.0,22072.25,22067.75,22068.0,22104.0,-4.0,-4.5,-5.0,-100.0,10.0,0.5,1.0,1.0,5.0,2024-11-25 19:52:00+00:00,2024-11-25 19:52:00+00:00,2024-11-25 19:53:00+00:00,2024-11-25 19:53:00+00:00,momentum_long_late_8346db7cf1cc,1,market,0.0,1,1,4,32,17865.0
672494,672495,672495,672495,closed,timeout,22060.25,22062.5,22060.5,22062.25,22056.25,22092.25,2.25,1.75,1.25,25.0,10.0,0.5,1.0,1.0,1.25,2024-11-25 20:32:00+00:00,2024-11-25 20:32:00+00:00,2024-11-25 20:33:00+00:00,2024-11-25 20:33:00+00:00,momentum_long_late_8346db7cf1cc,1,market,0.0,1,1,4,32,17890.0
672495,672496,672496,672496,closed,stop,22062.5,22058.5,22062.75,22058.25,22058.5,22094.5,-4.0,-4.5,-5.0,-100.0,10.0,0.5,1.0,1.0,5.25,2024-11-25 20:33:00+00:00,2024-11-25 20:33:00+00:00,2024-11-25 20:34:00+00:00,2024-11-25 20:34:00+00:00,momentum_long_late_8346db7cf1cc,1,market,0.0,1,1,4,32,17790.0
672519,672520,672520,672520,closed,stop,22078.5,22074.5,22078.75,22074.25,22074.5,22110.5,-4.0,-4.5,-5.0,-100.0,10.0,0.5,1.0,1.0,5.5,2024-11-25 20:57:00+00:00,2024-11-25 20:57:00+00:00,2024-11-25 20:58:00+00:00,2024-11-25 20:58:00+00:00,momentum_long_late_8346db7cf1cc,1,market,0.0,1,1,4,32,17690.0
673832,673833,673833,673833,closed,timeout,22140.75,22140.25,22141.0,22140.0,22136.75,22172.75,-0.5,-1.0,-1.5,-30.0,10.0,0.5,1.0,1.0,2.75,2024-11-26 20:05:00+00:00,2024-11-26 20:05:00+00:00,2024-11-26 20:06:00+00:00,2024-11-26 20:06:00+00:00,momentum_long_late_8346db7cf1cc,1,market,0.0,1,1,4,32,17660.0
673833,673834,673834,673834,closed,timeout,22140.0,22143.0,22140.25,22142.75,22136.0,22172.0,3.0,2.5,2.0,40.0,10.0,0.5,1.0,1.0,0.25,2024-11-26 20:06:00+00:00,2024-11-26 20:06:00+00:00,2024-11-26 20:07:00+00:00,2024-11-26 20:07:00+00:00,momentum_long_late_8346db7cf1cc,1,market,0.0,1,1,4,32,17700.0
673834,673835,673835,673835,closed,timeout,22143.0,22147.0,22143.25,22146.75,22139.0,22175.0,4.0,3.5,3.0,60.0,10.0,0.5,1.0,1.0,3.75,2024-11-26 20:07:00+00:00,2024-11-26 20:07:00+00:00,2024-11-26 20:08:00+00:00,2024-11-26 20:08:00+00:00,momentum_long_late_8346db7cf1cc,1,market,0.0,1,1,4,32,17760.0
673835,673836,673836,673836,closed,timeout,22147.25,22145.25,22147.5,22145.0,22143.25,22179.25,-2.0,-2.5,-3.0,-60.0,10.0,0.5,1.0,1.0,3.75,2024-11-26 20:08:00+00:00,2024-11-26 20:08:00+00:00,2024-11-26 20:09:00+00:00,2024-11-26 20:09:00+00:00,momentum_long_late_8346db7cf1cc,1,market,0.0,1,1,4,32,17700.0
673836,673837,673837,673837,closed,timeout,22145.25,22145.75,22145.5,22145.5,22141.25,22177.25,0.5,0.0,-0.5,-10.0,10.0,0.5,1.0,1.0,3.0,2024-11-26 20:09:00+00:00,2024-11-26 20:09:00+00:00,2024-11-26 20:10:00+00:00,2024-11-26 20:10:00+00:00,momentum_long_late_8346db7cf1cc,1,market,0.0,1,1,4,32,17690.0
673838,673839,673839,673839,closed,stop,22150.0,22146.0,22150.25,22145.75,22146.0,22182.0,-4.0,-4.5,-5.0,-100.0,10.0,0.5,1.0,1.0,8.5,2024-11-26 20:11:00+00:00,2024-11-26 20:11:00+00:00,2024-11-26 20:12:00+00:00,2024-11-26 20:12:00+00:00,momentum_long_late_8346db7cf1cc,1,market,0.0,1,1,4,32,17590.0
673859,673860,673860,673860,closed,timeout,22153.0,22154.0,22153.25,22153.75,22149.0,22185.0,1.0,0.5,0.0,0.0,10.0,0.5,1.0,1.0,1.5,2024-11-26 20:32:00+00:00,2024-11-26 20:32:00+00:00,2024-11-26 20:33:00+00:00,2024-11-26 20:33:00+00:00,momentum_long_late_8346db7cf1cc,1,market,0.0,1,1,4,32,17590.0
673872,673873,673873,673873,closed,timeout,22164.5,22169.25,22164.75,22169.0,22160.5,22196.5,4.75,4.25,3.75,75.0,10.0,0.5,1.0,1.0,0.5,2024-11-26 20:45:00+00:00,2024-11-26 20:45:00+00:00,2024-11-26 20:46:00+00:00,2024-11-26 20:46:00+00:00,momentum_long_late_8346db7cf1cc,1,market,0.0,1,1,4,32,17665.0
673873,673874,673874,673874,closed,timeout,22169.5,22173.5,22169.75,22173.25,22165.5,22201.5,4.0,3.5,3.0,60.0,10.0,0.5,1.0,1.0,2.75,2024-11-26 20:46:00+00:00,2024-11-26 20:46:00+00:00,2024-11-26 20:47:00+00:00,2024-11-26 20:47:00+00:00,momentum_long_late_8346db7cf1cc,1,market,0.0,1,1,4,32,17725.0
673874,673875,673875,673875,closed,timeout,22173.75,22186.75,22174.0,22186.5,22169.75,22205.75,13.0,12.5,12.0,240.0,10.0,0.5,1.0,1.0,1.75,2024-11-26 20:47:00+00:00,2024-11-26 20:47:00+00:00,2024-11-26 20:48:00+00:00,2024-11-26 20:48:00+00:00,momentum_long_late_8346db7cf1cc,1,market,0.0,1,1,4,32,17965.0
673875,673876,673876,673876,closed,stop,22186.75,22182.75,22187.0,22182.5,22182.75,22218.75,-4.0,-4.5,-5.0,-100.0,10.0,0.5,1.0,1.0,8.75,2024-11-26 20:48:00+00:00,2024-11-26 20:48:00+00:00,2024-11-26 20:49:00+00:00,2024-11-26 20:49:00+00:00,momentum_long_late_8346db7cf1cc,1,market,0.0,1,1,4,32,17865.0
673876,673877,673877,673877,closed,timeout,22181.0,22183.25,22181.25,22183.0,22177.0,22213.0,2.25,1.75,1.25,25.0,10.0,0.5,1.0,1.0,0.25,2024-11-26 20:49:00+00:00,2024-11-26 20:49:00+00:00,2024-11-26 20:50:00+00:00,2024-11-26 20:50:00+00:00,momentum_long_late_8346db7cf1cc,1,market,0.0,1,1,4,32,17890.0
673877,673878,673878,673878,closed,stop,22183.5,22179.5,22183.75,22179.25,22179.5,22215.5,-4.0,-4.5,-5.0,-100.0,10.0,0.5,1.0,1.0,7.25,2024-11-26 20:50:00+00:00,2024-11-26 20:50:00+00:00,2024-11-26 20:51:00+00:00,2024-11-26 20:51:00+00:00,momentum_long_late_8346db7cf1cc,1,market,0.0,1,1,4,32,17790.0
673881,673882,673882,673882,closed,stop,22192.0,22188.0,22192.25,22187.75,22188.0,22224.0,-4.0,-4.5,-5.0,-100.0,10.0,0.5,1.0,1.0,10.25,2024-11-26 20:54:00+00:00,2024-11-26 20:54:00+00:00,2024-11-26 20:55:00+00:00,2024-11-26 20:55:00+00:00,momentum_long_late_8346db7cf1cc,1,market,0.0,1,1,4,32,17690.0
673883,673884,673884,673884,closed,stop,22203.25,22199.25,22203.5,22199.0,22199.25,22235.25,-4.0,-4.5,-5.0,-100.0,10.0,0.5,1.0,1.0,5.0,2024-11-26 20:56:00+00:00,2024-11-26 20:56:00+00:00,2024-11-26 20:57:00+00:00,2024-11-26 20:57:00+00:00,momentum_long_late_8346db7cf1cc,1,market,0.0,1,1,4,32,17590.0
675180,675181,675181,675181,closed,timeout,22019.25,22022.75,22019.5,22022.5,22015.25,22051.25,3.5,3.0,2.5,50.0,10.0,0.5,1.0,1.0,3.0,2024-11-27 19:48:00+00:00,2024-11-27 19:48:00+00:00,2024-11-27 19:49:00+00:00,2024-11-27 19:49:00+00:00,momentum_long_late_8346db7cf1cc,1,market,0.0,1,1,4,32,17640.0
675181,675182,675182,675182,closed,timeout,22022.25,22021.0,22022.5,22020.75,22018.25,22054.25,-1.25,-1.75,-2.25,-45.0,10.0,0.5,1.0,1.0,2.75,2024-11-27 19:49:00+00:00,2024-11-27 19:49:00+00:00,2024-11-27 19:50:00+00:00,2024-11-27 19:50:00+00:00,momentum_long_late_8346db7cf1cc,1,market,0.0,1,1,4,32,17595.0
675244,675245,675245,675245,closed,timeout,22007.25,22008.25,22007.5,22008.0,22003.25,22039.25,1.0,0.5,0.0,0.0,10.0,0.5,1.0,1.0,2.75,2024-11-27 20:52:00+00:00,2024-11-27 20:52:00+00:00,2024-11-27 20:53:00+00:00,2024-11-27 20:53:00+00:00,momentum_long_late_8346db7cf1cc,1,market,0.0,1,1,4,32,17595.0
675245,675246,675246,675246,closed,stop,22008.0,22004.0,22008.25,22003.75,22004.0,22040.0,-4.0,-4.5,-5.0,-100.0,10.0,0.5,1.0,1.0,7.75,2024-11-27 20:53:00+00:00,2024-11-27 20:53:00+00:00,2024-11-27 20:54:00+00:00,2024-11-27 20:54:00+00:00,momentum_long_late_8346db7cf1cc,1,market,0.0,1,1,4,32,17495.0
675246,675247,675247,675247,closed,stop,22008.0,22004.0,22008.25,22003.75,22004.0,22040.0,-4.0,-4.5,-5.0,-100.0,10.0,0.5,1.0,1.0,21.5,2024-11-27 20:54:00+00:00,2024-11-27 20:54:00+00:00,2024-11-27 20:55:00+00:00,2024-11-27 20:55:00+00:00,momentum_long_late_8346db7cf1cc,1,market,0.0,1,1,4,32,17395.0
678813,678814,678814,678814,closed,timeout,22399.0,22398.75,22399.25,22398.5,22395.0,22431.0,-0.25,-0.75,-1.25,-25.0,10.0,0.5,1.0,1.0,2.5,2024-12-02 19:36:00+00:00,2024-12-02 19:36:00+00:00,2024-12-02 19:37:00+00:00,2024-12-02 19:37:00+00:00,momentum_long_late_8346db7cf1cc,1,market,0.0,1,1,4,32,17370.0
678836,678837,678837,678837,closed,timeout,22415.25,22417.5,22415.5,22417.25,22411.25,22447.25,2.25,1.75,1.25,25.0,10.0,0.5,1.0,1.0,1.0,2024-12-02 19:59:00+00:00,2024-12-02 19:59:00+00:00,2024-12-02 20:00:00+00:00,2024-12-02 20:00:00+00:00,momentum_long_late_8346db7cf1cc,1,market,0.0,1,1,4,32,17395.0
678837,678838,678838,678838,closed,stop,22417.5,22413.5,22417.75,22413.25,22413.5,22449.5,-4.0,-4.5,-5.0,-100.0,10.0,0.5,1.0,1.0,6.0,2024-12-02 20:00:00+00:00,2024-12-02 20:00:00+00:00,2024-12-02 20:01:00+00:00,2024-12-02 20:01:00+00:00,momentum_long_late_8346db7cf1cc,1,market,0.0,1,1,4,32,17295.0
678838,678839,678839,678839,closed,timeout,22413.75,22411.75,22414.0,22411.5,22409.75,22445.75,-2.0,-2.5,-3.0,-60.0,10.0,0.5,1.0,1.0,4.0,2024-12-02 20:01:00+00:00,2024-12-02 20:01:00+00:00,2024-12-02 20:02:00+00:00,2024-12-02 20:02:00+00:00,momentum_long_late_8346db7cf1cc,1,market,0.0,1,1,4,32,17235.0
678852,678853,678853,678853,closed,timeout,22419.25,22424.0,22419.5,22423.75,22415.25,22451.25,4.75,4.25,3.75,75.0,10.0,0.5,1.0,1.0,1.75,2024-12-02 20:15:00+00:00,2024-12-02 20:15:00+00:00,2024-12-02 20:16:00+00:00,2024-12-02 20:16:00+00:00,momentum_long_late_8346db7cf1cc,1,market,0.0,1,1,4,32,17310.0
678853,678854,678854,678854,closed,stop,22423.75,22419.75,22424.0,22419.5,22419.75,22455.75,-4.0,-4.5,-5.0,-100.0,10.0,0.5,1.0,1.0,9.5,2024-12-02 20:16:00+00:00,2024-12-02 20:16:00+00:00,2024-12-02 20:17:00+00:00,2024-12-02 20:17:00+00:00,momentum_long_late_8346db7cf1cc,1,market,0.0,1,1,4,32,17210.0
678864,678865,678865,678865,closed,timeout,22429.0,22429.5,22429.25,22429.25,22425.0,22461.0,0.5,0.0,-0.5,-10.0,10.0,0.5,1.0,1.0,1.25,2024-12-02 20:27:00+00:00,2024-12-02 20:27:00+00:00,2024-12-02 20:28:00+00:00,2024-12-02 20:28:00+00:00,momentum_long_late_8346db7cf1cc,1,market,0.0,1,1,4,32,17200.0
678865,678866,678866,678866,closed,timeout,22429.25,22435.5,22429.5,22435.25,22425.25,22461.25,6.25,5.75,5.25,105.0,10.0,0.5,1.0,1.0,0.25,2024-12-02 20:28:00+00:00,2024-12-02 20:28:00+00:00,2024-12-02 20:29:00+00:00,2024-12-02 20:29:00+00:00,momentum_long_late_8346db7cf1cc,1,market,0.0,1,1,4,32,17305.0
678866,678867,678867,678867,closed,timeout,22435.25,22434.25,22435.5,22434.0,22431.25,22467.25,-1.0,-1.5,-2.0,-40.0,10.0,0.5,1.0,1.0,3.5,2024-12-02 20:29:00+00:00,2024-12-02 20:29:00+00:00,2024-12-02 20:30:00+00:00,2024-12-02 20:30:00+00:00,momentum_long_late_8346db7cf1cc,1,market,0.0,1,1,4,32,17265.0
678867,678868,678868,678868,closed,stop,22434.0,22430.0,22434.25,22429.75,22430.0,22466.0,-4.0,-4.5,-5.0,-100.0,10.0,0.5,1.0,1.0,7.0,2024-12-02 20:30:00+00:00,2024-12-02 20:30:00+00:00,2024-12-02 20:31:00+00:00,2024-12-02 20:31:00+00:00,momentum_long_late_8346db7cf1cc,1,market,0.0,1,1,4,32,17165.0
680177,680178,680178,680178,closed,stop,22440.5,22436.5,22440.75,22436.25,22436.5,22472.5,-4.0,-4.5,-5.0,-100.0,10.0,0.5,1.0,1.0,7.25,2024-12-03 19:35:00+00:00,2024-12-03 19:35:00+00:00,2024-12-03 19:36:00+00:00,2024-12-03 19:36:00+00:00,momentum_long_late_8346db7cf1cc,1,market,0.0,1,1,4,32,17065.0
680195,680196,680196,680196,closed,timeout,22454.25,22451.75,22454.5,22451.5,22450.25,22486.25,-2.5,-3.0,-3.5,-70.0,10.0,0.5,1.0,1.0,3.25,2024-12-03 19:53:00+00:00,2024-12-03 19:53:00+00:00,2024-12-03 19:54:00+00:00,2024-12-03 19:54:00+00:00,momentum_long_late_8346db7cf1cc,1,market,0.0,1,1,4,32,16995.0
680197,680198,680198,680198,closed,timeout,22455.25,22456.0,22455.5,22455.75,22451.25,22487.25,0.75,0.25,-0.25,-5.0,10.0,0.5,1.0,1.0,3.0,2024-12-03 19:55:00+00:00,2024-12-03 19:55:00+00:00,2024-12-03 19:56:00+00:00,2024-12-03 19:56:00+00:00,momentum_long_late_8346db7cf1cc,1,market,0.0,1,1,4,32,16990.0
680198,680199,680199,680199,closed,stop,22456.0,22452.0,22456.25,22451.75,22452.0,22488.0,-4.0,-4.5,-5.0,-100.0,10.0,0.5,1.0,1.0,4.25,2024-12-03 19:56:00+00:00,2024-12-03 19:56:00+00:00,2024-12-03 19:57:00+00:00,2024-12-03 19:57:00+00:00,momentum_long_late_8346db7cf1cc,1,market,0.0,1,1,4,32,16890.0
680254,680255,680255,680255,closed,stop,22464.0,22460.0,22464.25,22459.75,22460.0,22496.0,-4.0,-4.5,-5.0,-100.0,10.0,0.5,1.0,1.0,6.5,2024-12-03 20:52:00+00:00,2024-12-03 20:52:00+00:00,2024-12-03 20:53:00+00:00,2024-12-03 20:53:00+00:00,momentum_long_late_8346db7cf1cc,1,market,0.0,1,1,4,32,16790.0
680255,680256,680256,680256,closed,timeout,22459.75,22460.5,22460.0,22460.25,22455.75,22491.75,0.75,0.25,-0.25,-5.0,10.0,0.5,1.0,1.0,3.0,2024-12-03 20:53:00+00:00,2024-12-03 20:53:00+00:00,2024-12-03 20:54:00+00:00,2024-12-03 20:54:00+00:00,momentum_long_late_8346db7cf1cc,1,market,0.0,1,1,4,32,16785.0
680256,680257,680257,680257,closed,timeout,22460.75,22468.25,22461.0,22468.0,22456.75,22492.75,7.5,7.0,6.5,130.0,10.0,0.5,1.0,1.0,2.5,2024-12-03 20:54:00+00:00,2024-12-03 20:54:00+00:00,2024-12-03 20:55:00+00:00,2024-12-03 20:55:00+00:00,momentum_long_late_8346db7cf1cc,1,market,0.0,1,1,4,32,16915.0
680257,680258,680258,680258,closed,timeout,22468.25,22474.25,22468.5,22474.0,22464.25,22500.25,6.0,5.5,5.0,100.0,10.0,0.5,1.0,1.0,3.75,2024-12-03 20:55:00+00:00,2024-12-03 20:55:00+00:00,2024-12-03 20:56:00+00:00,2024-12-03 20:56:00+00:00,momentum_long_late_8346db7cf1cc,1,market,0.0,1,1,4,32,17015.0
680258,680259,680259,680259,closed,timeout,22474.25,22481.75,22474.5,22481.5,22470.25,22506.25,7.5,7.0,6.5,130.0,10.0,0.5,1.0,1.0,0.25,2024-12-03 20:56:00+00:00,2024-12-03 20:56:00+00:00,2024-12-03 20:57:00+00:00,2024-12-03 20:57:00+00:00,momentum_long_late_8346db7cf1cc,1,market,0.0,1,1,4,32,17145.0
680259,680260,680260,680260,closed,stop,22481.5,22477.5,22481.75,22477.25,22477.5,22513.5,-4.0,-4.5,-5.0,-100.0,10.0,0.5,1.0,1.0,7.25,2024-12-03 20:57:00+00:00,2024-12-03 20:57:00+00:00,2024-12-03 20:58:00+00:00,2024-12-03 20:58:00+00:00,momentum_long_late_8346db7cf1cc,1,market,0.0,1,1,4,32,17045.0
680260,680261,680261,680261,closed,stop,22482.75,22478.75,22483.0,22478.5,22478.75,22514.75,-4.0,-4.5,-5.0,-100.0,10.0,0.5,1.0,1.0,5.0,2024-12-03 20:58:00+00:00,2024-12-03 20:58:00+00:00,2024-12-03 20:59:00+00:00,2024-12-03 20:59:00+00:00,momentum_long_late_8346db7cf1cc,1,market,0.0,1,1,4,32,16945.0
680261,680262,680262,680262,closed,stop,22483.0,22479.0,22483.25,22478.75,22479.0,22515.0,-4.0,-4.5,-5.0,-100.0,10.0,0.5,1.0,1.0,8.5,2024-12-03 20:59:00+00:00,2024-12-03 20:59:00+00:00,2024-12-03 21:00:00+00:00,2024-12-03 21:00:00+00:00,momentum_long_late_8346db7cf1cc,1,market,0.0,1,1,4,32,16845.0
681526,681527,681527,681527,closed,stop,22696.25,22692.25,22696.5,22692.0,22692.25,22728.25,-4.0,-4.5,-5.0,-100.0,10.0,0.5,1.0,1.0,4.25,2024-12-04 19:20:00+00:00,2024-12-04 19:20:00+00:00,2024-12-04 19:21:00+00:00,2024-12-04 19:21:00+00:00,momentum_long_late_8346db7cf1cc,1,market,0.0,1,1,4,32,16745.0
681528,681529,681529,681529,closed,stop,22698.75,22694.75,22699.0,22694.5,22694.75,22730.75,-4.0,-4.5,-5.0,-100.0,10.0,0.5,1.0,1.0,7.0,2024-12-04 19:22:00+00:00,2024-12-04 19:22:00+00:00,2024-12-04 19:23:00+00:00,2024-12-04 19:23:00+00:00,momentum_long_late_8346db7cf1cc,1,market,0.0,1,1,4,32,16645.0
681529,681530,681530,681530,closed,timeout,22699.25,22705.25,22699.5,22705.0,22695.25,22731.25,6.0,5.5,5.0,100.0,10.0,0.5,1.0,1.0,0.5,2024-12-04 19:23:00+00:00,2024-12-04 19:23:00+00:00,2024-12-04 19:24:00+00:00,2024-12-04 19:24:00+00:00,momentum_long_late_8346db7cf1cc,1,market,0.0,1,1,4,32,16745.0
681530,681531,681531,681531,closed,timeout,22705.25,22704.75,22705.5,22704.5,22701.25,22737.25,-0.5,-1.0,-1.5,-30.0,10.0,0.5,1.0,1.0,4.0,2024-12-04 19:24:00+00:00,2024-12-04 19:24:00+00:00,2024-12-04 19:25:00+00:00,2024-12-04 19:25:00+00:00,momentum_long_late_8346db7cf1cc,1,market,0.0,1,1,4,32,16715.0
681531,681532,681532,681532,closed,stop,22704.5,22700.5,22704.75,22700.25,22700.5,22736.5,-4.0,-4.5,-5.0,-100.0,10.0,0.5,1.0,1.0,4.25,2024-12-04 19:25:00+00:00,2024-12-04 19:25:00+00:00,2024-12-04 19:26:00+00:00,2024-12-04 19:26:00+00:00,momentum_long_late_8346db7cf1cc,1,market,0.0,1,1,4,32,16615.0
681577,681578,681578,681578,closed,timeout,22718.5,22716.75,22718.75,22716.5,22714.5,22750.5,-1.75,-2.25,-2.75,-55.0,10.0,0.5,1.0,1.0,3.25,2024-12-04 20:11:00+00:00,2024-12-04 20:11:00+00:00,2024-12-04 20:12:00+00:00,2024-12-04 20:12:00+00:00,momentum_long_late_8346db7cf1cc,1,market,0.0,1,1,4,32,16560.0
681606,681607,681607,681607,closed,timeout,22729.75,22732.0,22730.0,22731.75,22725.75,22761.75,2.25,1.75,1.25,25.0,10.0,0.5,1.0,1.0,1.75,2024-12-04 20:40:00+00:00,2024-12-04 20:40:00+00:00,2024-12-04 20:41:00+00:00,2024-12-04 20:41:00+00:00,momentum_long_late_8346db7cf1cc,1,market,0.0,1,1,4,32,16585.0
681607,681608,681608,681608,closed,timeout,22731.75,22732.5,22732.0,22732.25,22727.75,22763.75,0.75,0.25,-0.25,-5.0,10.0,0.5,1.0,1.0,2.25,2024-12-04 20:41:00+00:00,2024-12-04 20:41:00+00:00,2024-12-04 20:42:00+00:00,2024-12-04 20:42:00+00:00,momentum_long_late_8346db7cf1cc,1,market,0.0,1,1,4,32,16580.0
681608,681609,681609,681609,closed,timeout,22732.75,22731.5,22733.0,22731.25,22728.75,22764.75,-1.25,-1.75,-2.25,-45.0,10.0,0.5,1.0,1.0,2.5,2024-12-04 20:42:00+00:00,2024-12-04 20:42:00+00:00,2024-12-04 20:43:00+00:00,2024-12-04 20:43:00+00:00,momentum_long_late_8346db7cf1cc,1,market,0.0,1,1,4,32,16535.0
681609,681610,681610,681610,closed,timeout,22731.5,22733.25,22731.75,22733.0,22727.5,22763.5,1.75,1.25,0.75,15.0,10.0,0.5,1.0,1.0,0.75,2024-12-04 20:43:00+00:00,2024-12-04 20:43:00+00:00,2024-12-04 20:44:00+00:00,2024-12-04 20:44:00+00:00,momentum_long_late_8346db7cf1cc,1,market,0.0,1,1,4,32,16550.0
681610,681611,681611,681611,closed,timeout,22733.75,22735.5,22734.0,22735.25,22729.75,22765.75,1.75,1.25,0.75,15.0,10.0,0.5,1.0,1.0,1.0,2024-12-04 20:44:00+00:00,2024-12-04 20:44:00+00:00,2024-12-04 20:45:00+00:00,2024-12-04 20:45:00+00:00,momentum_long_late_8346db7cf1cc,1,market,0.0,1,1,4,32,16565.0
681611,681612,681612,681612,closed,timeout,22735.25,22736.5,22735.5,22736.25,22731.25,22767.25,1.25,0.75,0.25,5.0,10.0,0.5,1.0,1.0,0.75,2024-12-04 20:45:00+00:00,2024-12-04 20:45:00+00:00,2024-12-04 20:46:00+00:00,2024-12-04 20:46:00+00:00,momentum_long_late_8346db7cf1cc,1,market,0.0,1,1,4,32,16570.0
681612,681613,681613,681613,closed,stop,22736.75,22732.75,22737.0,22732.5,22732.75,22768.75,-4.0,-4.5,-5.0,-100.0,10.0,0.5,1.0,1.0,7.75,2024-12-04 20:46:00+00:00,2024-12-04 20:46:00+00:00,2024-12-04 20:47:00+00:00,2024-12-04 20:47:00+00:00,momentum_long_late_8346db7cf1cc,1,market,0.0,1,1,4,32,16470.0
682888,682889,682889,682889,closed,stop,22708.0,22704.0,22708.25,22703.75,22704.0,22740.0,-4.0,-4.5,-5.0,-100.0,10.0,0.5,1.0,1.0,7.5,2024-12-05 19:17:00+00:00,2024-12-05 19:17:00+00:00,2024-12-05 19:18:00+00:00,2024-12-05 19:18:00+00:00,momentum_long_late_8346db7cf1cc,1,market,0.0,1,1,4,32,16370.0
682894,682895,682895,682895,closed,stop,22713.5,22709.5,22713.75,22709.25,22709.5,22745.5,-4.0,-4.5,-5.0,-100.0,10.0,0.5,1.0,1.0,6.75,2024-12-05 19:23:00+00:00,2024-12-05 19:23:00+00:00,2024-12-05 19:24:00+00:00,2024-12-05 19:24:00+00:00,momentum_long_late_8346db7cf1cc,1,market,0.0,1,1,4,32,16270.0
682938,682939,682939,682939,closed,stop,22707.0,22703.0,22707.25,22702.75,22703.0,22739.0,-4.0,-4.5,-5.0,-100.0,10.0,0.5,1.0,1.0,5.25,2024-12-05 20:07:00+00:00,2024-12-05 20:07:00+00:00,2024-12-05 20:08:00+00:00,2024-12-05 20:08:00+00:00,momentum_long_late_8346db7cf1cc,1,market,0.0,1,1,4,32,16170.0
684283,684284,684284,684284,closed,timeout,22838.25,22842.25,22838.5,22842.0,22834.25,22870.25,4.0,3.5,3.0,60.0,10.0,0.5,1.0,1.0,0.5,2024-12-06 19:47:00+00:00,2024-12-06 19:47:00+00:00,2024-12-06 19:48:00+00:00,2024-12-06 19:48:00+00:00,momentum_long_late_8346db7cf1cc,1,market,0.0,1,1,4,32,16230.0
684284,684285,684285,684285,closed,stop,22842.0,22838.0,22842.25,22837.75,22838.0,22874.0,-4.0,-4.5,-5.0,-100.0,10.0,0.5,1.0,1.0,7.0,2024-12-06 19:48:00+00:00,2024-12-06 19:48:00+00:00,2024-12-06 19:49:00+00:00,2024-12-06 19:49:00+00:00,momentum_long_late_8346db7cf1cc,1,market,0.0,1,1,4,32,16130.0
684288,684289,684289,684289,closed,timeout,22844.25,22846.0,22844.5,22845.75,22840.25,22876.25,1.75,1.25,0.75,15.0,10.0,0.5,1.0,1.0,2.5,2024-12-06 19:52:00+00:00,2024-12-06 19:52:00+00:00,2024-12-06 19:53:00+00:00,2024-12-06 19:53:00+00:00,momentum_long_late_8346db7cf1cc,1,market,0.0,1,1,4,32,16145.0
687068,687069,687069,687069,closed,stop,22595.5,22591.5,22595.75,22591.25,22591.5,22627.5,-4.0,-4.5,-5.0,-100.0,10.0,0.5,1.0,1.0,9.0,2024-12-10 20:42:00+00:00,2024-12-10 20:42:00+00:00,2024-12-10 20:43:00+00:00,2024-12-10 20:43:00+00:00,momentum_long_late_8346db7cf1cc,1,market,0.0,1,1,4,32,16045.0
687069,687070,687070,687070,closed,timeout,22588.5,22589.5,22588.75,22589.25,22584.5,22620.5,1.0,0.5,0.0,0.0,10.0,0.5,1.0,1.0,3.25,2024-12-10 20:43:00+00:00,2024-12-10 20:43:00+00:00,2024-12-10 20:44:00+00:00,2024-12-10 20:44:00+00:00,momentum_long_late_8346db7cf1cc,1,market,0.0,1,1,4,32,16045.0
687071,687072,687072,687072,closed,stop,22591.5,22587.5,22591.75,22587.25,22587.5,22623.5,-4.0,-4.5,-5.0,-100.0,10.0,0.5,1.0,1.0,5.5,2024-12-10 20:45:00+00:00,2024-12-10 20:45:00+00:00,2024-12-10 20:46:00+00:00,2024-12-10 20:46:00+00:00,momentum_long_late_8346db7cf1cc,1,market,0.0,1,1,4,32,15945.0
688355,688356,688356,688356,closed,stop,23002.25,22998.25,23002.5,22998.0,22998.25,23034.25,-4.0,-4.5,-5.0,-100.0,10.0,0.5,1.0,1.0,4.75,2024-12-11 19:24:00+00:00,2024-12-11 19:24:00+00:00,2024-12-11 19:25:00+00:00,2024-12-11 19:25:00+00:00,momentum_long_late_8346db7cf1cc,1,market,0.0,1,1,4,32,15845.0
688397,688398,688398,688398,closed,timeout,23003.25,23005.25,23003.5,23005.0,22999.25,23035.25,2.0,1.5,1.0,20.0,10.0,0.5,1.0,1.0,1.25,2024-12-11 20:06:00+00:00,2024-12-11 20:06:00+00:00,2024-12-11 20:07:00+00:00,2024-12-11 20:07:00+00:00,momentum_long_late_8346db7cf1cc,1,market,0.0,1,1,4,32,15865.0
688398,688399,688399,688399,closed,timeout,23005.0,23004.5,23005.25,23004.25,23001.0,23037.0,-0.5,-1.0,-1.5,-30.0,10.0,0.5,1.0,1.0,2.5,2024-12-11 20:07:00+00:00,2024-12-11 20:07:00+00:00,2024-12-11 20:08:00+00:00,2024-12-11 20:08:00+00:00,momentum_long_late_8346db7cf1cc,1,market,0.0,1,1,4,32,15835.0
688406,688407,688407,688407,closed,timeout,23010.5,23011.0,23010.75,23010.75,23006.5,23042.5,0.5,0.0,-0.5,-10.0,10.0,0.5,1.0,1.0,2.25,2024-12-11 20:15:00+00:00,2024-12-11 20:15:00+00:00,2024-12-11 20:16:00+00:00,2024-12-11 20:16:00+00:00,momentum_long_late_8346db7cf1cc,1,market,0.0,1,1,4,32,15825.0
688409,688410,688410,688410,closed,timeout,23016.25,23013.5,23016.5,23013.25,23012.25,23048.25,-2.75,-3.25,-3.75,-75.0,10.0,0.5,1.0,1.0,3.75,2024-12-11 20:18:00+00:00,2024-12-11 20:18:00+00:00,2024-12-11 20:19:00+00:00,2024-12-11 20:19:00+00:00,momentum_long_late_8346db7cf1cc,1,market,0.0,1,1,4,32,15750.0
688410,688411,688411,688411,closed,timeout,23013.5,23014.0,23013.75,23013.75,23009.5,23045.5,0.5,0.0,-0.5,-10.0,10.0,0.5,1.0,1.0,3.25,2024-12-11 20:19:00+00:00,2024-12-11 20:19:00+00:00,2024-12-11 20:20:00+00:00,2024-12-11 20:20:00+00:00,momentum_long_late_8346db7cf1cc,1,market,0.0,1,1,4,32,15740.0
689806,689807,689807,689807,closed,stop,22878.0,22874.0,22878.25,22873.75,22874.0,22910.0,-4.0,-4.5,-5.0,-100.0,10.0,0.5,1.0,1.0,8.75,2024-12-12 20:51:00+00:00,2024-12-12 20:51:00+00:00,2024-12-12 20:52:00+00:00,2024-12-12 20:52:00+00:00,momentum_long_late_8346db7cf1cc,1,market,0.0,1,1,4,32,15640.0
691072,691073,691073,691073,closed,stop,22979.5,22975.5,22979.75,22975.25,22975.5,23011.5,-4.0,-4.5,-5.0,-100.0,10.0,0.5,1.0,1.0,8.25,2024-12-13 19:12:00+00:00,2024-12-13 19:12:00+00:00,2024-12-13 19:13:00+00:00,2024-12-13 19:13:00+00:00,momentum_long_late_8346db7cf1cc,1,market,0.0,1,1,4,32,15540.0
691083,691084,691084,691084,closed,stop,22994.0,22990.0,22994.25,22989.75,22990.0,23026.0,-4.0,-4.5,-5.0,-100.0,10.0,0.5,1.0,1.0,4.75,2024-12-13 19:23:00+00:00,2024-12-13 19:23:00+00:00,2024-12-13 19:24:00+00:00,2024-12-13 19:24:00+00:00,momentum_long_late_8346db7cf1cc,1,market,0.0,1,1,4,32,15440.0
691084,691085,691085,691085,closed,timeout,22992.0,22994.75,22992.25,22994.5,22988.0,23024.0,2.75,2.25,1.75,35.0,10.0,0.5,1.0,1.0,2.0,2024-12-13 19:24:00+00:00,2024-12-13 19:24:00+00:00,2024-12-13 19:25:00+00:00,2024-12-13 19:25:00+00:00,momentum_long_late_8346db7cf1cc,1,market,0.0,1,1,4,32,15475.0
691085,691086,691086,691086,closed,timeout,22994.75,22997.5,22995.0,22997.25,22990.75,23026.75,2.75,2.25,1.75,35.0,10.0,0.5,1.0,1.0,1.75,2024-12-13 19:25:00+00:00,2024-12-13 19:25:00+00:00,2024-12-13 19:26:00+00:00,2024-12-13 19:26:00+00:00,momentum_long_late_8346db7cf1cc,1,market,0.0,1,1,4,32,15510.0
691086,691087,691087,691087,closed,stop,22997.5,22993.5,22997.75,22993.25,22993.5,23029.5,-4.0,-4.5,-5.0,-100.0,10.0,0.5,1.0,1.0,4.75,2024-12-13 19:26:00+00:00,2024-12-13 19:26:00+00:00,2024-12-13 19:27:00+00:00,2024-12-13 19:27:00+00:00,momentum_long_late_8346db7cf1cc,1,market,0.0,1,1,4,32,15410.0
691087,691088,691088,691088,closed,timeout,22996.25,23000.25,22996.5,23000.0,22992.25,23028.25,4.0,3.5,3.0,60.0,10.0,0.5,1.0,1.0,0.5,2024-12-13 19:27:00+00:00,2024-12-13 19:27:00+00:00,2024-12-13 19:28:00+00:00,2024-12-13 19:28:00+00:00,momentum_long_late_8346db7cf1cc,1,market,0.0,1,1,4,32,15470.0
691089,691090,691090,691090,closed,timeout,22999.25,23004.5,22999.5,23004.25,22995.25,23031.25,5.25,4.75,4.25,85.0,10.0,0.5,1.0,1.0,0.5,2024-12-13 19:29:00+00:00,2024-12-13 19:29:00+00:00,2024-12-13 19:30:00+00:00,2024-12-13 19:30:00+00:00,momentum_long_late_8346db7cf1cc,1,market,0.0,1,1,4,32,15555.0
691090,691091,691091,691091,closed,timeout,23004.75,23009.75,23005.0,23009.5,23000.75,23036.75,5.0,4.5,4.0,80.0,10.0,0.5,1.0,1.0,1.0,2024-12-13 19:30:00+00:00,2024-12-13 19:30:00+00:00,2024-12-13 19:31:00+00:00,2024-12-13 19:31:00+00:00,momentum_long_late_8346db7cf1cc,1,market,0.0,1,1,4,32,15635.0
691091,691092,691092,691092,closed,stop,23010.0,23006.0,23010.25,23005.75,23006.0,23042.0,-4.0,-4.5,-5.0,-100.0,10.0,0.5,1.0,1.0,7.5,2024-12-13 19:31:00+00:00,2024-12-13 19:31:00+00:00,2024-12-13 19:32:00+00:00,2024-12-13 19:32:00+00:00,momentum_long_late_8346db7cf1cc,1,market,0.0,1,1,4,32,15535.0
691092,691093,691093,691093,closed,timeout,23005.75,23003.0,23006.0,23002.75,23001.75,23037.75,-2.75,-3.25,-3.75,-75.0,10.0,0.5,1.0,1.0,4.0,2024-12-13 19:32:00+00:00,2024-12-13 19:32:00+00:00,2024-12-13 19:33:00+00:00,2024-12-13 19:33:00+00:00,momentum_long_late_8346db7cf1cc,1,market,0.0,1,1,4,32,15460.0
691149,691150,691150,691150,closed,timeout,23008.25,23009.0,23008.5,23008.75,23004.25,23040.25,0.75,0.25,-0.25,-5.0,10.0,0.5,1.0,1.0,1.75,2024-12-13 20:29:00+00:00,2024-12-13 20:29:00+00:00,2024-12-13 20:30:00+00:00,2024-12-13 20:30:00+00:00,momentum_long_late_8346db7cf1cc,1,market,0.0,1,1,4,32,15455.0
691152,691153,691153,691153,closed,timeout,23011.25,23010.0,23011.5,23009.75,23007.25,23043.25,-1.25,-1.75,-2.25,-45.0,10.0,0.5,1.0,1.0,3.0,2024-12-13 20:32:00+00:00,2024-12-13 20:32:00+00:00,2024-12-13 20:33:00+00:00,2024-12-13 20:33:00+00:00,momentum_long_late_8346db7cf1cc,1,market,0.0,1,1,4,32,15410.0
691153,691154,691154,691154,closed,timeout,23009.25,23020.0,23009.5,23019.75,23005.25,23041.25,10.75,10.25,9.75,195.0,10.0,0.5,1.0,1.0,1.0,2024-12-13 20:33:00+00:00,2024-12-13 20:33:00+00:00,2024-12-13 20:34:00+00:00,2024-12-13 20:34:00+00:00,momentum_long_late_8346db7cf1cc,1,market,0.0,1,1,4,32,15605.0
691154,691155,691155,691155,closed,timeout,23019.75,23020.0,23020.0,23019.75,23015.75,23051.75,0.25,-0.25,-0.75,-15.0,10.0,0.5,1.0,1.0,3.75,2024-12-13 20:34:00+00:00,2024-12-13 20:34:00+00:00,2024-12-13 20:35:00+00:00,2024-12-13 20:35:00+00:00,momentum_long_late_8346db7cf1cc,1,market,0.0,1,1,4,32,15590.0
691155,691156,691156,691156,closed,stop,23020.5,23016.5,23020.75,23016.25,23016.5,23052.5,-4.0,-4.5,-5.0,-100.0,10.0,0.5,1.0,1.0,8.5,2024-12-13 20:35:00+00:00,2024-12-13 20:35:00+00:00,2024-12-13 20:36:00+00:00,2024-12-13 20:36:00+00:00,momentum_long_late_8346db7cf1cc,1,market,0.0,1,1,4,32,15490.0
691157,691158,691158,691158,closed,stop,23019.0,23015.0,23019.25,23014.75,23015.0,23051.0,-4.0,-4.5,-5.0,-100.0,10.0,0.5,1.0,1.0,6.25,2024-12-13 20:37:00+00:00,2024-12-13 20:37:00+00:00,2024-12-13 20:38:00+00:00,2024-12-13 20:38:00+00:00,momentum_long_late_8346db7cf1cc,1,market,0.0,1,1,4,32,15390.0
692437,692438,692438,692438,closed,stop,23347.0,23343.0,23347.25,23342.75,23343.0,23379.0,-4.0,-4.5,-5.0,-100.0,10.0,0.5,1.0,1.0,5.0,2024-12-16 19:17:00+00:00,2024-12-16 19:17:00+00:00,2024-12-16 19:18:00+00:00,2024-12-16 19:18:00+00:00,momentum_long_late_8346db7cf1cc,1,market,0.0,1,1,4,32,15290.0
692439,692440,692440,692440,closed,timeout,23345.0,23347.75,23345.25,23347.5,23341.0,23377.0,2.75,2.25,1.75,35.0,10.0,0.5,1.0,1.0,1.25,2024-12-16 19:19:00+00:00,2024-12-16 19:19:00+00:00,2024-12-16 19:20:00+00:00,2024-12-16 19:20:00+00:00,momentum_long_late_8346db7cf1cc,1,market,0.0,1,1,4,32,15325.0
692440,692441,692441,692441,closed,timeout,23347.25,23346.5,23347.5,23346.25,23343.25,23379.25,-0.75,-1.25,-1.75,-35.0,10.0,0.5,1.0,1.0,4.0,2024-12-16 19:20:00+00:00,2024-12-16 19:20:00+00:00,2024-12-16 19:21:00+00:00,2024-12-16 19:21:00+00:00,momentum_long_late_8346db7cf1cc,1,market,0.0,1,1,4,32,15290.0
692490,692491,692491,692491,closed,stop,23358.5,23354.5,23358.75,23354.25,23354.5,23390.5,-4.0,-4.5,-5.0,-100.0,10.0,0.5,1.0,1.0,6.25,2024-12-16 20:10:00+00:00,2024-12-16 20:10:00+00:00,2024-12-16 20:11:00+00:00,2024-12-16 20:11:00+00:00,momentum_long_late_8346db7cf1cc,1,market,0.0,1,1,4,32,15190.0
693884,693885,693885,693885,closed,timeout,23210.75,23209.75,23211.0,23209.5,23206.75,23242.75,-1.0,-1.5,-2.0,-40.0,10.0,0.5,1.0,1.0,3.75,2024-12-17 20:41:00+00:00,2024-12-17 20:41:00+00:00,2024-12-17 20:42:00+00:00,2024-12-17 20:42:00+00:00,momentum_long_late_8346db7cf1cc,1,market,0.0,1,1,4,32,15150.0
693885,693886,693886,693886,closed,stop,23209.75,23205.75,23210.0,23205.5,23205.75,23241.75,-4.0,-4.5,-5.0,-100.0,10.0,0.5,1.0,1.0,7.0,2024-12-17 20:42:00+00:00,2024-12-17 20:42:00+00:00,2024-12-17 20:43:00+00:00,2024-12-17 20:43:00+00:00,momentum_long_late_8346db7cf1cc,1,market,0.0,1,1,4,32,15050.0
693886,693887,693887,693887,closed,stop,23203.5,23199.5,23203.75,23199.25,23199.5,23235.5,-4.0,-4.5,-5.0,-100.0,10.0,0.5,1.0,1.0,4.5,2024-12-17 20:43:00+00:00,2024-12-17 20:43:00+00:00,2024-12-17 20:44:00+00:00,2024-12-17 20:44:00+00:00,momentum_long_late_8346db7cf1cc,1,market,0.0,1,1,4,32,14950.0
693887,693888,693888,693888,closed,timeout,23210.25,23218.5,23210.5,23218.25,23206.25,23242.25,8.25,7.75,7.25,145.0,10.0,0.5,1.0,1.0,0.25,2024-12-17 20:44:00+00:00,2024-12-17 20:44:00+00:00,2024-12-17 20:45:00+00:00,2024-12-17 20:45:00+00:00,momentum_long_late_8346db7cf1cc,1,market,0.0,1,1,4,32,15095.0
693888,693889,693889,693889,closed,timeout,23218.75,23222.5,23219.0,23222.25,23214.75,23250.75,3.75,3.25,2.75,55.0,10.0,0.5,1.0,1.0,1.75,2024-12-17 20:45:00+00:00,2024-12-17 20:45:00+00:00,2024-12-17 20:46:00+00:00,2024-12-17 20:46:00+00:00,momentum_long_late_8346db7cf1cc,1,market,0.0,1,1,4,32,15150.0
693889,693890,693890,693890,closed,timeout,23222.0,23219.25,23222.25,23219.0,23218.0,23254.0,-2.75,-3.25,-3.75,-75.0,10.0,0.5,1.0,1.0,4.0,2024-12-17 20:46:00+00:00,2024-12-17 20:46:00+00:00,2024-12-17 20:47:00+00:00,2024-12-17 20:47:00+00:00,momentum_long_late_8346db7cf1cc,1,market,0.0,1,1,4,32,15075.0
693890,693891,693891,693891,closed,stop,23218.5,23214.5,23218.75,23214.25,23214.5,23250.5,-4.0,-4.5,-5.0,-100.0,10.0,0.5,1.0,1.0,15.75,2024-12-17 20:47:00+00:00,2024-12-17 20:47:00+00:00,2024-12-17 20:48:00+00:00,2024-12-17 20:48:00+00:00,momentum_long_late_8346db7cf1cc,1,market,0.0,1,1,4,32,14975.0
693901,693902,693902,693902,closed,timeout,23238.25,23238.75,23238.5,23238.5,23234.25,23270.25,0.5,0.0,-0.5,-10.0,10.0,0.5,1.0,1.0,0.75,2024-12-17 20:58:00+00:00,2024-12-17 20:58:00+00:00,2024-12-17 20:59:00+00:00,2024-12-17 20:59:00+00:00,momentum_long_late_8346db7cf1cc,1,market,0.0,1,1,4,32,14965.0
693902,693903,693903,693903,closed,stop,23238.75,23234.75,23239.0,23234.5,23234.75,23270.75,-4.0,-4.5,-5.0,-100.0,10.0,0.5,1.0,1.0,18.75,2024-12-17 20:59:00+00:00,2024-12-17 20:59:00+00:00,2024-12-17 21:00:00+00:00,2024-12-17 21:00:00+00:00,momentum_long_late_8346db7cf1cc,1,market,0.0,1,1,4,32,14865.0
696513,696514,696514,696514,closed,stop,22508.75,22504.75,22509.0,22504.5,22504.75,22540.75,-4.0,-4.5,-5.0,-100.0,10.0,0.5,1.0,1.0,10.5,2024-12-19 19:00:00+00:00,2024-12-19 19:00:00+00:00,2024-12-19 19:01:00+00:00,2024-12-19 19:01:00+00:00,momentum_long_late_8346db7cf1cc,1,market,0.0,1,1,4,32,14765.0
696594,696595,696595,696595,closed,stop,22408.25,22404.25,22408.5,22404.0,22404.25,22440.25,-4.0,-4.5,-5.0,-100.0,10.0,0.5,1.0,1.0,12.5,2024-12-19 20:21:00+00:00,2024-12-19 20:21:00+00:00,2024-12-19 20:22:00+00:00,2024-12-19 20:22:00+00:00,momentum_long_late_8346db7cf1cc,1,market,0.0,1,1,4,32,14665.0
696595,696596,696596,696596,closed,stop,22410.0,22406.0,22410.25,22405.75,22406.0,22442.0,-4.0,-4.5,-5.0,-100.0,10.0,0.5,1.0,1.0,5.0,2024-12-19 20:22:00+00:00,2024-12-19 20:22:00+00:00,2024-12-19 20:23:00+00:00,2024-12-19 20:23:00+00:00,momentum_long_late_8346db7cf1cc,1,market,0.0,1,1,4,32,14565.0
696596,696597,696597,696597,closed,timeout,22427.25,22428.25,22427.5,22428.0,22423.25,22459.25,1.0,0.5,0.0,0.0,10.0,0.5,1.0,1.0,2.25,2024-12-19 20:23:00+00:00,2024-12-19 20:23:00+00:00,2024-12-19 20:24:00+00:00,2024-12-19 20:24:00+00:00,momentum_long_late_8346db7cf1cc,1,market,0.0,1,1,4,32,14565.0
696597,696598,696598,696598,closed,timeout,22428.75,22440.75,22429.0,22440.5,22424.75,22460.75,12.0,11.5,11.0,220.0,10.0,0.5,1.0,1.0,3.75,2024-12-19 20:24:00+00:00,2024-12-19 20:24:00+00:00,2024-12-19 20:25:00+00:00,2024-12-19 20:25:00+00:00,momentum_long_late_8346db7cf1cc,1,market,0.0,1,1,4,32,14785.0
696598,696599,696599,696599,closed,stop,22440.25,22436.25,22440.5,22436.0,22436.25,22472.25,-4.0,-4.5,-5.0,-100.0,10.0,0.5,1.0,1.0,32.5,2024-12-19 20:25:00+00:00,2024-12-19 20:25:00+00:00,2024-12-19 20:26:00+00:00,2024-12-19 20:26:00+00:00,momentum_long_late_8346db7cf1cc,1,market,0.0,1,1,4,32,14685.0
697908,697909,697909,697909,closed,stop,22630.5,22626.5,22630.75,22626.25,22626.5,22662.5,-4.0,-4.5,-5.0,-100.0,10.0,0.5,1.0,1.0,6.25,2024-12-20 19:30:00+00:00,2024-12-20 19:30:00+00:00,2024-12-20 19:31:00+00:00,2024-12-20 19:31:00+00:00,momentum_long_late_8346db7cf1cc,1,market,0.0,1,1,4,32,14585.0
697909,697910,697910,697910,closed,timeout,22645.5,22643.5,22645.75,22643.25,22641.5,22677.5,-2.0,-2.5,-3.0,-60.0,10.0,0.5,1.0,1.0,2.75,2024-12-20 19:31:00+00:00,2024-12-20 19:31:00+00:00,2024-12-20 19:32:00+00:00,2024-12-20 19:32:00+00:00,momentum_long_late_8346db7cf1cc,1,market,0.0,1,1,4,32,14525.0
697910,697911,697911,697911,closed,timeout,22644.25,22645.25,22644.5,22645.0,22640.25,22676.25,1.0,0.5,0.0,0.0,10.0,0.5,1.0,1.0,3.5,2024-12-20 19:32:00+00:00,2024-12-20 19:32:00+00:00,2024-12-20 19:33:00+00:00,2024-12-20 19:33:00+00:00,momentum_long_late_8346db7cf1cc,1,market,0.0,1,1,4,32,14525.0
697911,697912,697912,697912,closed,timeout,22645.75,22647.0,22646.0,22646.75,22641.75,22677.75,1.25,0.75,0.25,5.0,10.0,0.5,1.0,1.0,1.25,2024-12-20 19:33:00+00:00,2024-12-20 19:33:00+00:00,2024-12-20 19:34:00+00:00,2024-12-20 19:34:00+00:00,momentum_long_late_8346db7cf1cc,1,market,0.0,1,1,4,32,14530.0
697912,697913,697913,697913,closed,timeout,22648.0,22651.25,22648.25,22651.0,22644.0,22680.0,3.25,2.75,2.25,45.0,10.0,0.5,1.0,1.0,3.0,2024-12-20 19:34:00+00:00,2024-12-20 19:34:00+00:00,2024-12-20 19:35:00+00:00,2024-12-20 19:35:00+00:00,momentum_long_late_8346db7cf1cc,1,market,0.0,1,1,4,32,14575.0
697913,697914,697914,697914,closed,timeout,22651.25,22658.25,22651.5,22658.0,22647.25,22683.25,7.0,6.5,6.0,120.0,10.0,0.5,1.0,1.0,2.75,2024-12-20 19:35:00+00:00,2024-12-20 19:35:00+00:00,2024-12-20 19:36:00+00:00,2024-12-20 19:36:00+00:00,momentum_long_late_8346db7cf1cc,1,market,0.0,1,1,4,32,14695.0
697914,697915,697915,697915,closed,timeout,22658.5,22660.0,22658.75,22659.75,22654.5,22690.5,1.5,1.0,0.5,10.0,10.0,0.5,1.0,1.0,1.0,2024-12-20 19:36:00+00:00,2024-12-20 19:36:00+00:00,2024-12-20 19:37:00+00:00,2024-12-20 19:37:00+00:00,momentum_long_late_8346db7cf1cc,1,market,0.0,1,1,4,32,14705.0
697915,697916,697916,697916,closed,stop,22659.75,22655.75,22660.0,22655.5,22655.75,22691.75,-4.0,-4.5,-5.0,-100.0,10.0,0.5,1.0,1.0,12.5,2024-12-20 19:37:00+00:00,2024-12-20 19:37:00+00:00,2024-12-20 19:38:00+00:00,2024-12-20 19:38:00+00:00,momentum_long_late_8346db7cf1cc,1,market,0.0,1,1,4,32,14605.0
699332,699333,699333,699333,closed,timeout,22618.75,22619.5,22619.0,22619.25,22614.75,22650.75,0.75,0.25,-0.25,-5.0,10.0,0.5,1.0,1.0,2.25,2024-12-23 20:29:00+00:00,2024-12-23 20:29:00+00:00,2024-12-23 20:30:00+00:00,2024-12-23 20:30:00+00:00,momentum_long_late_8346db7cf1cc,1,market,0.0,1,1,4,32,14600.0
699333,699334,699334,699334,closed,timeout,22619.5,22629.0,22619.75,22628.75,22615.5,22651.5,9.5,9.0,8.5,170.0,10.0,0.5,1.0,1.0,0.5,2024-12-23 20:30:00+00:00,2024-12-23 20:30:00+00:00,2024-12-23 20:31:00+00:00,2024-12-23 20:31:00+00:00,momentum_long_late_8346db7cf1cc,1,market,0.0,1,1,4,32,14770.0
699334,699335,699335,699335,closed,stop,22628.5,22624.5,22628.75,22624.25,22624.5,22660.5,-4.0,-4.5,-5.0,-100.0,10.0,0.5,1.0,1.0,8.5,2024-12-23 20:31:00+00:00,2024-12-23 20:31:00+00:00,2024-12-23 20:32:00+00:00,2024-12-23 20:32:00+00:00,momentum_long_late_8346db7cf1cc,1,market,0.0,1,1,4,32,14670.0
699335,699336,699336,699336,closed,stop,22623.75,22619.75,22624.0,22619.5,22619.75,22655.75,-4.0,-4.5,-5.0,-100.0,10.0,0.5,1.0,1.0,5.75,2024-12-23 20:32:00+00:00,2024-12-23 20:32:00+00:00,2024-12-23 20:33:00+00:00,2024-12-23 20:33:00+00:00,momentum_long_late_8346db7cf1cc,1,market,0.0,1,1,4,32,14570.0
699336,699337,699337,699337,closed,timeout,22627.25,22632.25,22627.5,22632.0,22623.25,22659.25,5.0,4.5,4.0,80.0,10.0,0.5,1.0,1.0,2.5,2024-12-23 20:33:00+00:00,2024-12-23 20:33:00+00:00,2024-12-23 20:34:00+00:00,2024-12-23 20:34:00+00:00,momentum_long_late_8346db7cf1cc,1,market,0.0,1,1,4,32,14650.0
699337,699338,699338,699338,closed,stop,22632.0,22628.0,22632.25,22627.75,22628.0,22664.0,-4.0,-4.5,-5.0,-100.0,10.0,0.5,1.0,1.0,6.0,2024-12-23 20:34:00+00:00,2024-12-23 20:34:00+00:00,2024-12-23 20:35:00+00:00,2024-12-23 20:35:00+00:00,momentum_long_late_8346db7cf1cc,1,market,0.0,1,1,4,32,14550.0
699338,699339,699339,699339,closed,stop,22632.25,22628.25,22632.5,22628.0,22628.25,22664.25,-4.0,-4.5,-5.0,-100.0,10.0,0.5,1.0,1.0,8.0,2024-12-23 20:35:00+00:00,2024-12-23 20:35:00+00:00,2024-12-23 20:36:00+00:00,2024-12-23 20:36:00+00:00,momentum_long_late_8346db7cf1cc,1,market,0.0,1,1,4,32,14450.0
699340,699341,699341,699341,closed,timeout,22635.5,22643.5,22635.75,22643.25,22631.5,22667.5,8.0,7.5,7.0,140.0,10.0,0.5,1.0,1.0,2.5,2024-12-23 20:37:00+00:00,2024-12-23 20:37:00+00:00,2024-12-23 20:38:00+00:00,2024-12-23 20:38:00+00:00,momentum_long_late_8346db7cf1cc,1,market,0.0,1,1,4,32,14590.0
699341,699342,699342,699342,closed,stop,22643.5,22639.5,22643.75,22639.25,22639.5,22675.5,-4.0,-4.5,-5.0,-100.0,10.0,0.5,1.0,1.0,5.0,2024-12-23 20:38:00+00:00,2024-12-23 20:38:00+00:00,2024-12-23 20:39:00+00:00,2024-12-23 20:39:00+00:00,momentum_long_late_8346db7cf1cc,1,market,0.0,1,1,4,32,14490.0
699342,699343,699343,699343,closed,stop,22645.25,22641.25,22645.5,22641.0,22641.25,22677.25,-4.0,-4.5,-5.0,-100.0,10.0,0.5,1.0,1.0,16.75,2024-12-23 20:39:00+00:00,2024-12-23 20:39:00+00:00,2024-12-23 20:40:00+00:00,2024-12-23 20:40:00+00:00,momentum_long_late_8346db7cf1cc,1,market,0.0,1,1,4,32,14390.0
701792,701793,701793,701793,closed,timeout,22943.75,22944.25,22944.0,22944.0,22939.75,22975.75,0.5,0.0,-0.5,-10.0,10.0,0.5,1.0,1.0,1.5,2024-12-26 19:45:00+00:00,2024-12-26 19:45:00+00:00,2024-12-26 19:46:00+00:00,2024-12-26 19:46:00+00:00,momentum_long_late_8346db7cf1cc,1,market,0.0,1,1,4,32,14380.0
701793,701794,701794,701794,closed,timeout,22944.5,22948.75,22944.75,22948.5,22940.5,22976.5,4.25,3.75,3.25,65.0,10.0,0.5,1.0,1.0,2.25,2024-12-26 19:46:00+00:00,2024-12-26 19:46:00+00:00,2024-12-26 19:47:00+00:00,2024-12-26 19:47:00+00:00,momentum_long_late_8346db7cf1cc,1,market,0.0,1,1,4,32,14445.0
701794,701795,701795,701795,closed,timeout,22948.75,22952.5,22949.0,22952.25,22944.75,22980.75,3.75,3.25,2.75,55.0,10.0,0.5,1.0,1.0,3.25,2024-12-26 19:47:00+00:00,2024-12-26 19:47:00+00:00,2024-12-26 19:48:00+00:00,2024-12-26 19:48:00+00:00,momentum_long_late_8346db7cf1cc,1,market,0.0,1,1,4,32,14500.0
701795,701796,701796,701796,closed,stop,22952.0,22948.0,22952.25,22947.75,22948.0,22984.0,-4.0,-4.5,-5.0,-100.0,10.0,0.5,1.0,1.0,6.25,2024-12-26 19:48:00+00:00,2024-12-26 19:48:00+00:00,2024-12-26 19:49:00+00:00,2024-12-26 19:49:00+00:00,momentum_long_late_8346db7cf1cc,1,market,0.0,1,1,4,32,14400.0
701813,701814,701814,701814,closed,stop,22964.0,22960.0,22964.25,22959.75,22960.0,22996.0,-4.0,-4.5,-5.0,-100.0,10.0,0.5,1.0,1.0,5.5,2024-12-26 20:06:00+00:00,2024-12-26 20:06:00+00:00,2024-12-26 20:07:00+00:00,2024-12-26 20:07:00+00:00,momentum_long_late_8346db7cf1cc,1,market,0.0,1,1,4,32,14300.0
701815,701816,701816,701816,closed,timeout,22962.75,22965.75,22963.0,22965.5,22958.75,22994.75,3.0,2.5,2.0,40.0,10.0,0.5,1.0,1.0,2.5,2024-12-26 20:08:00+00:00,2024-12-26 20:08:00+00:00,2024-12-26 20:09:00+00:00,2024-12-26 20:09:00+00:00,momentum_long_late_8346db7cf1cc,1,market,0.0,1,1,4,32,14340.0
701816,701817,701817,701817,closed,timeout,22966.0,22964.25,22966.25,22964.0,22962.0,22998.0,-1.75,-2.25,-2.75,-55.0,10.0,0.5,1.0,1.0,2.25,2024-12-26 20:09:00+00:00,2024-12-26 20:09:00+00:00,2024-12-26 20:10:00+00:00,2024-12-26 20:10:00+00:00,momentum_long_late_8346db7cf1cc,1,market,0.0,1,1,4,32,14285.0
703148,703149,703149,703149,closed,stop,22588.5,22584.5,22588.75,22584.25,22584.5,22620.5,-4.0,-4.5,-5.0,-100.0,10.0,0.5,1.0,1.0,8.5,2024-12-27 19:36:00+00:00,2024-12-27 19:36:00+00:00,2024-12-27 19:37:00+00:00,2024-12-27 19:37:00+00:00,momentum_long_late_8346db7cf1cc,1,market,0.0,1,1,4,32,14185.0
703154,703155,703155,703155,closed,stop,22601.5,22597.5,22601.75,22597.25,22597.5,22633.5,-4.0,-4.5,-5.0,-100.0,10.0,0.5,1.0,1.0,12.75,2024-12-27 19:42:00+00:00,2024-12-27 19:42:00+00:00,2024-12-27 19:43:00+00:00,2024-12-27 19:43:00+00:00,momentum_long_late_8346db7cf1cc,1,market,0.0,1,1,4,32,14085.0
703170,703171,703171,703171,closed,stop,22622.75,22618.75,22623.0,22618.5,22618.75,22654.75,-4.0,-4.5,-5.0,-100.0,10.0,0.5,1.0,1.0,10.5,2024-12-27 19:58:00+00:00,2024-12-27 19:58:00+00:00,2024-12-27 19:59:00+00:00,2024-12-27 19:59:00+00:00,momentum_long_late_8346db7cf1cc,1,market,0.0,1,1,4,32,13985.0
703223,703224,703224,703224,closed,timeout,22590.5,22614.0,22590.75,22613.75,22586.5,22622.5,23.5,23.0,22.5,450.0,10.0,0.5,1.0,1.0,3.0,2024-12-27 20:51:00+00:00,2024-12-27 20:51:00+00:00,2024-12-27 20:52:00+00:00,2024-12-27 20:52:00+00:00,momentum_long_late_8346db7cf1cc,1,market,0.0,1,1,4,32,14435.0
703224,703225,703225,703225,closed,stop,22614.75,22610.75,22615.0,22610.5,22610.75,22646.75,-4.0,-4.5,-5.0,-100.0,10.0,0.5,1.0,1.0,22.0,2024-12-27 20:52:00+00:00,2024-12-27 20:52:00+00:00,2024-12-27 20:53:00+00:00,2024-12-27 20:53:00+00:00,momentum_long_late_8346db7cf1cc,1,market,0.0,1,1,4,32,14335.0
703225,703226,703226,703226,closed,timeout,22608.25,22619.75,22608.5,22619.5,22604.25,22640.25,11.5,11.0,10.5,210.0,10.0,0.5,1.0,1.0,3.5,2024-12-27 20:53:00+00:00,2024-12-27 20:53:00+00:00,2024-12-27 20:54:00+00:00,2024-12-27 20:54:00+00:00,momentum_long_late_8346db7cf1cc,1,market,0.0,1,1,4,32,14545.0
703226,703227,703227,703227,closed,stop,22619.75,22615.75,22620.0,22615.5,22615.75,22651.75,-4.0,-4.5,-5.0,-100.0,10.0,0.5,1.0,1.0,43.5,2024-12-27 20:54:00+00:00,2024-12-27 20:54:00+00:00,2024-12-27 20:55:00+00:00,2024-12-27 20:55:00+00:00,momentum_long_late_8346db7cf1cc,1,market,0.0,1,1,4,32,14445.0
704509,704510,704510,704510,closed,stop,22446.25,22442.25,22446.5,22442.0,22442.25,22478.25,-4.0,-4.5,-5.0,-100.0,10.0,0.5,1.0,1.0,9.5,2024-12-30 19:32:00+00:00,2024-12-30 19:32:00+00:00,2024-12-30 19:33:00+00:00,2024-12-30 19:33:00+00:00,momentum_long_late_8346db7cf1cc,1,market,0.0,1,1,4,32,14345.0
704510,704511,704511,704511,closed,stop,22436.75,22432.75,22437.0,22432.5,22432.75,22468.75,-4.0,-4.5,-5.0,-100.0,10.0,0.5,1.0,1.0,10.5,2024-12-30 19:33:00+00:00,2024-12-30 19:33:00+00:00,2024-12-30 19:34:00+00:00,2024-12-30 19:34:00+00:00,momentum_long_late_8346db7cf1cc,1,market,0.0,1,1,4,32,14245.0
705854,705855,705855,705855,closed,timeout,22173.5,22178.75,22173.75,22178.5,22169.5,22205.5,5.25,4.75,4.25,85.0,10.0,0.5,1.0,1.0,2.0,2024-12-31 19:12:00+00:00,2024-12-31 19:12:00+00:00,2024-12-31 19:13:00+00:00,2024-12-31 19:13:00+00:00,momentum_long_late_8346db7cf1cc,1,market,0.0,1,1,4,32,14330.0
705855,705856,705856,705856,closed,stop,22179.25,22175.25,22179.5,22175.0,22175.25,22211.25,-4.0,-4.5,-5.0,-100.0,10.0,0.5,1.0,1.0,6.0,2024-12-31 19:13:00+00:00,2024-12-31 19:13:00+00:00,2024-12-31 19:14:00+00:00,2024-12-31 19:14:00+00:00,momentum_long_late_8346db7cf1cc,1,market,0.0,1,1,4,32,14230.0
705895,705896,705896,705896,closed,stop,22158.0,22154.0,22158.25,22153.75,22154.0,22190.0,-4.0,-4.5,-5.0,-100.0,10.0,0.5,1.0,1.0,4.25,2024-12-31 19:53:00+00:00,2024-12-31 19:53:00+00:00,2024-12-31 19:54:00+00:00,2024-12-31 19:54:00+00:00,momentum_long_late_8346db7cf1cc,1,market,0.0,1,1,4,32,14130.0
705896,705897,705897,705897,closed,stop,22155.0,22151.0,22155.25,22150.75,22151.0,22187.0,-4.0,-4.5,-5.0,-100.0,10.0,0.5,1.0,1.0,14.5,2024-12-31 19:54:00+00:00,2024-12-31 19:54:00+00:00,2024-12-31 19:55:00+00:00,2024-12-31 19:55:00+00:00,momentum_long_late_8346db7cf1cc,1,market,0.0,1,1,4,32,14030.0
705899,705900,705900,705900,closed,timeout,22160.75,22172.25,22161.0,22172.0,22156.75,22192.75,11.5,11.0,10.5,210.0,10.0,0.5,1.0,1.0,1.75,2024-12-31 19:57:00+00:00,2024-12-31 19:57:00+00:00,2024-12-31 19:58:00+00:00,2024-12-31 19:58:00+00:00,momentum_long_late_8346db7cf1cc,1,market,0.0,1,1,4,32,14240.0
705901,705902,705902,705902,closed,timeout,22172.0,22180.75,22172.25,22180.5,22168.0,22204.0,8.75,8.25,7.75,155.0,10.0,0.5,1.0,1.0,4.0,2024-12-31 19:59:00+00:00,2024-12-31 19:59:00+00:00,2024-12-31 20:00:00+00:00,2024-12-31 20:00:00+00:00,momentum_long_late_8346db7cf1cc,1,market,0.0,1,1,4,32,14395.0
705902,705903,705903,705903,closed,stop,22180.25,22176.25,22180.5,22176.0,22176.25,22212.25,-4.0,-4.5,-5.0,-100.0,10.0,0.5,1.0,1.0,12.5,2024-12-31 20:00:00+00:00,2024-12-31 20:00:00+00:00,2024-12-31 20:01:00+00:00,2024-12-31 20:01:00+00:00,momentum_long_late_8346db7cf1cc,1,market,0.0,1,1,4,32,14295.0
705903,705904,705904,705904,closed,stop,22173.25,22169.25,22173.5,22169.0,22169.25,22205.25,-4.0,-4.5,-5.0,-100.0,10.0,0.5,1.0,1.0,6.5,2024-12-31 20:01:00+00:00,2024-12-31 20:01:00+00:00,2024-12-31 20:02:00+00:00,2024-12-31 20:02:00+00:00,momentum_long_late_8346db7cf1cc,1,market,0.0,1,1,4,32,14195.0
705909,705910,705910,705910,closed,stop,22188.25,22184.25,22188.5,22184.0,22184.25,22220.25,-4.0,-4.5,-5.0,-100.0,10.0,0.5,1.0,1.0,4.75,2024-12-31 20:07:00+00:00,2024-12-31 20:07:00+00:00,2024-12-31 20:08:00+00:00,2024-12-31 20:08:00+00:00,momentum_long_late_8346db7cf1cc,1,market,0.0,1,1,4,32,14095.0
705925,705926,705926,705926,closed,stop,22197.75,22193.75,22198.0,22193.5,22193.75,22229.75,-4.0,-4.5,-5.0,-100.0,10.0,0.5,1.0,1.0,7.25,2024-12-31 20:23:00+00:00,2024-12-31 20:23:00+00:00,2024-12-31 20:24:00+00:00,2024-12-31 20:24:00+00:00,momentum_long_late_8346db7cf1cc,1,market,0.0,1,1,4,32,13995.0
705926,705927,705927,705927,closed,stop,22194.0,22190.0,22194.25,22189.75,22190.0,22226.0,-4.0,-4.5,-5.0,-100.0,10.0,0.5,1.0,1.0,15.5,2024-12-31 20:24:00+00:00,2024-12-31 20:24:00+00:00,2024-12-31 20:25:00+00:00,2024-12-31 20:25:00+00:00,momentum_long_late_8346db7cf1cc,1,market,0.0,1,1,4,32,13895.0
705928,705929,705929,705929,closed,timeout,22205.0,22207.0,22205.25,22206.75,22201.0,22237.0,2.0,1.5,1.0,20.0,10.0,0.5,1.0,1.0,2.75,2024-12-31 20:26:00+00:00,2024-12-31 20:26:00+00:00,2024-12-31 20:27:00+00:00,2024-12-31 20:27:00+00:00,momentum_long_late_8346db7cf1cc,1,market,0.0,1,1,4,32,13915.0
705932,705933,705933,705933,closed,stop,22221.0,22217.0,22221.25,22216.75,22217.0,22253.0,-4.0,-4.5,-5.0,-100.0,10.0,0.5,1.0,1.0,19.5,2024-12-31 20:30:00+00:00,2024-12-31 20:30:00+00:00,2024-12-31 20:31:00+00:00,2024-12-31 20:31:00+00:00,momentum_long_late_8346db7cf1cc,1,market,0.0,1,1,4,32,13815.0
