detection_index,entry_index,exit_index,termination_index,status,reason,reference_entry,exit_reference_price,entry_price,exit_price,stop_price,target_price,gross_points,fill_pnl_points,net_points,net_dollars,fees_dollars,slippage_points,holding_bars,holding_minutes,mae_points,detection_timestamp,entry_timestamp,exit_timestamp,expiry_timestamp,pattern_id,direction,entry_kind,entry_offset_points,horizon,pending_bars,stop_points,target_points,balance_after_dollars
356015,356016,356018,356018,closed,target,18636.25,18624.25,18636.0,18624.5,18644.25,18624.25,12.0,11.5,11.0,220.0,10.0,0.5,3.0,3.0,1.75,2024-01-02 19:02:00+00:00,2024-01-02 19:02:00+00:00,2024-01-02 19:05:00+00:00,2024-01-02 19:05:00+00:00,pullback_short_late_09e4d5d84f5e,-1,market,0.0,3,1,8,12,50220.0
356028,356029,356031,356031,closed,timeout,18632.75,18628.25,18632.5,18628.5,18640.75,18620.75,4.5,4.0,3.5,70.0,10.0,0.5,3.0,3.0,0.25,2024-01-02 19:15:00+00:00,2024-01-02 19:15:00+00:00,2024-01-02 19:18:00+00:00,2024-01-02 19:18:00+00:00,pullback_short_late_09e4d5d84f5e,-1,market,0.0,3,1,8,12,50290.0
356055,356056,356058,356058,closed,timeout,18624.75,18628.5,18624.5,18628.75,18632.75,18612.75,-3.75,-4.25,-4.75,-95.0,10.0,0.5,3.0,3.0,6.5,2024-01-02 19:42:00+00:00,2024-01-02 19:42:00+00:00,2024-01-02 19:45:00+00:00,2024-01-02 19:45:00+00:00,pullback_short_late_09e4d5d84f5e,-1,market,0.0,3,1,8,12,50195.0
356083,356084,356086,356086,closed,timeout,18574.25,18570.5,18574.0,18570.75,18582.25,18562.25,3.75,3.25,2.75,55.0,10.0,0.5,3.0,3.0,7.0,2024-01-02 20:10:00+00:00,2024-01-02 20:10:00+00:00,2024-01-02 20:13:00+00:00,2024-01-02 20:13:00+00:00,pullback_short_late_09e4d5d84f5e,-1,market,0.0,3,1,8,12,50250.0
357381,357382,357382,357382,closed,stop,18507.75,18515.75,18507.5,18516.0,18515.75,18495.75,-8.0,-8.5,-9.0,-180.0,10.0,0.5,1.0,1.0,12.75,2024-01-03 19:03:00+00:00,2024-01-03 19:03:00+00:00,2024-01-03 19:04:00+00:00,2024-01-03 19:06:00+00:00,pullback_short_late_09e4d5d84f5e,-1,market,0.0,3,1,8,12,50070.0
357396,357397,357397,357397,closed,stop,18500.75,18508.75,18500.5,18509.0,18508.75,18488.75,-8.0,-8.5,-9.0,-180.0,10.0,0.5,1.0,1.0,12.25,2024-01-03 19:18:00+00:00,2024-01-03 19:18:00+00:00,2024-01-03 19:19:00+00:00,2024-01-03 19:21:00+00:00,pullback_short_late_09e4d5d84f5e,-1,market,0.0,3,1,8,12,49890.0
357437,357438,357440,357440,closed,target,18536.25,18524.25,18536.0,18524.5,18544.25,18524.25,12.0,11.5,11.0,220.0,10.0,0.5,3.0,3.0,2.25,2024-01-03 19:59:00+00:00,2024-01-03 19:59:00+00:00,2024-01-03 20:02:00+00:00,2024-01-03 20:02:00+00:00,pullback_short_late_09e4d5d84f5e,-1,market,0.0,3,1,8,12,50110.0
357442,357443,357445,357445,closed,timeout,18521.25,18514.5,18521.0,18514.75,18529.25,18509.25,6.75,6.25,5.75,115.0,10.0,0.5,3.0,3.0,6.0,2024-01-03 20:04:00+00:00,2024-01-03 20:04:00+00:00,2024-01-03 20:07:00+00:00,2024-01-03 20:07:00+00:00,pullback_short_late_09e4d5d84f5e,-1,market,0.0,3,1,8,12,50225.0
357451,357452,357454,357454,closed,timeout,18504.75,18499.75,18504.5,18500.0,18512.75,18492.75,5.0,4.5,4.0,80.0,10.0,0.5,3.0,3.0,6.0,2024-01-03 20:13:00+00:00,2024-01-03 20:13:00+00:00,2024-01-03 20:16:00+00:00,2024-01-03 20:16:00+00:00,pullback_short_late_09e4d5d84f5e,-1,market,0.0,3,1,8,12,50305.0
357458,357459,357461,357461,closed,stop,18497.25,18505.25,18497.0,18505.5,18505.25,18485.25,-8.0,-8.5,-9.0,-180.0,10.0,0.5,3.0,3.0,9.5,2024-01-03 20:20:00+00:00,2024-01-03 20:20:00+00:00,2024-01-03 20:23:00+00:00,2024-01-03 20:23:00+00:00,pullback_short_late_09e4d5d84f5e,-1,market,0.0,3,1,8,12,50125.0
357491,357492,357492,357492,closed,target,18478.75,18466.75,18478.5,18467.0,18486.75,18466.75,12.0,11.5,11.0,220.0,10.0,0.5,1.0,1.0,0.25,2024-01-03 20:53:00+00:00,2024-01-03 20:53:00+00:00,2024-01-03 20:54:00+00:00,2024-01-03 20:56:00+00:00,pullback_short_late_09e4d5d84f5e,-1,market,0.0,3,1,8,12,50345.0
357496,357497,357499,357499,closed,timeout,18479.25,18478.25,18479.0,18478.5,18487.25,18467.25,1.0,0.5,0.0,0.0,10.0,0.5,3.0,3.0,7.5,2024-01-03 20:58:00+00:00,2024-01-03 20:58:00+00:00,2024-01-03 21:01:00+00:00,2024-01-03 21:01:00+00:00,pullback_short_late_09e4d5d84f5e,-1,market,0.0,3,1,8,12,50345.0
358743,358744,358745,358745,closed,stop,18446.5,18454.5,18446.25,18454.75,18454.5,18434.5,-8.0,-8.5,-9.0,-180.0,10.0,0.5,2.0,2.0,10.0,2024-01-04 19:00:00+00:00,2024-01-04 19:00:00+00:00,2024-01-04 19:02:00+00:00,2024-01-04 19:03:00+00:00,pullback_short_late_09e4d5d84f5e,-1,market,0.0,3,1,8,12,50165.0
358752,358753,358754,358754,closed,target,18438.75,18426.75,18438.5,18427.0,18446.75,18426.75,12.0,11.5,11.0,220.0,10.0,0.5,2.0,2.0,0.5,2024-01-04 19:09:00+00:00,2024-01-04 19:09:00+00:00,2024-01-04 19:11:00+00:00,2024-01-04 19:12:00+00:00,pullback_short_late_09e4d5d84f5e,-1,market,0.0,3,1,8,12,50385.0
358766,358767,358769,358769,closed,timeout,18428.75,18425.75,18428.5,18426.0,18436.75,18416.75,3.0,2.5,2.0,40.0,10.0,0.5,3.0,3.0,0.25,2024-01-04 19:23:00+00:00,2024-01-04 19:23:00+00:00,2024-01-04 19:26:00+00:00,2024-01-04 19:26:00+00:00,pullback_short_late_09e4d5d84f5e,-1,market,0.0,3,1,8,12,50425.0
358770,358771,358773,358773,closed,timeout,18422.25,18418.5,18422.0,18418.75,18430.25,18410.25,3.75,3.25,2.75,55.0,10.0,0.5,3.0,3.0,6.75,2024-01-04 19:27:00+00:00,2024-01-04 19:27:00+00:00,2024-01-04 19:30:00+00:00,2024-01-04 19:30:00+00:00,pullback_short_late_09e4d5d84f5e,-1,market,0.0,3,1,8,12,50480.0
358784,358785,358787,358787,closed,timeout,18421.0,18417.25,18420.75,18417.5,18429.0,18409.0,3.75,3.25,2.75,55.0,10.0,0.5,3.0,3.0,1.0,2024-01-04 19:41:00+00:00,2024-01-04 19:41:00+00:00,2024-01-04 19:44:00+00:00,2024-01-04 19:44:00+00:00,pullback_short_late_09e4d5d84f5e,-1,market,0.0,3,1,8,12,50535.0
358821,358822,358823,358823,closed,stop,18418.0,18426.0,18417.75,18426.25,18426.0,18406.0,-8.0,-8.5,-9.0,-180.0,10.0,0.5,2.0,2.0,10.75,2024-01-04 20:18:00+00:00,2024-01-04 20:18:00+00:00,2024-01-04 20:20:00+00:00,2024-01-04 20:21:00+00:00,pullback_short_late_09e4d5d84f5e,-1,market,0.0,3,1,8,12,50355.0
358830,358831,358833,358833,closed,timeout,18422.75,18426.0,18422.5,18426.25,18430.75,18410.75,-3.25,-3.75,-4.25,-85.0,10.0,0.5,3.0,3.0,6.25,2024-01-04 20:27:00+00:00,2024-01-04 20:27:00+00:00,2024-01-04 20:30:00+00:00,2024-01-04 20:30:00+00:00,pullback_short_late_09e4d5d84f5e,-1,market,0.0,3,1,8,12,50270.0
358834,358835,358836,358836,closed,stop,18424.0,18432.0,18423.75,18432.25,18432.0,18412.0,-8.0,-8.5,-9.0,-180.0,10.0,0.5,2.0,2.0,15.0,2024-01-04 20:31:00+00:00,2024-01-04 20:31:00+00:00,2024-01-04 20:33:00+00:00,2024-01-04 20:34:00+00:00,pullback_short_late_09e4d5d84f5e,-1,market,0.0,3,1,8,12,50090.0
360132,360133,360135,360135,closed,timeout,18423.0,18425.75,18422.75,18426.0,18431.0,18411.0,-2.75,-3.25,-3.75,-75.0,10.0,0.5,3.0,3.0,6.25,2024-01-05 19:24:00+00:00,2024-01-05 19:24:00+00:00,2024-01-05 19:27:00+00:00,2024-01-05 19:27:00+00:00,pullback_short_late_09e4d5d84f5e,-1,market,0.0,3,1,8,12,50015.0
360140,360141,360143,360143,closed,timeout,18422.5,18421.5,18422.25,18421.75,18430.5,18410.5,1.0,0.5,0.0,0.0,10.0,0.5,3.0,3.0,2.0,2024-01-05 19:32:00+00:00,2024-01-05 19:32:00+00:00,2024-01-05 19:35:00+00:00,2024-01-05 19:35:00+00:00,pullback_short_late_09e4d5d84f5e,-1,market,0.0,3,1,8,12,50015.0
360156,360157,360159,360159,closed,target,18399.75,18387.75,18399.5,18388.0,18407.75,18387.75,12.0,11.5,11.0,220.0,10.0,0.5,3.0,3.0,1.75,2024-01-05 19:48:00+00:00,2024-01-05 19:48:00+00:00,2024-01-05 19:51:00+00:00,2024-01-05 19:51:00+00:00,pullback_short_late_09e4d5d84f5e,-1,market,0.0,3,1,8,12,50235.0
360163,360164,360166,360166,closed,timeout,18367.5,18363.75,18367.25,18364.0,18375.5,18355.5,3.75,3.25,2.75,55.0,10.0,0.5,3.0,3.0,8.0,2024-01-05 19:55:00+00:00,2024-01-05 19:55:00+00:00,2024-01-05 19:58:00+00:00,2024-01-05 19:58:00+00:00,pullback_short_late_09e4d5d84f5e,-1,market,0.0,3,1,8,12,50290.0
360176,360177,360179,360179,closed,timeout,18361.25,18362.25,18361.0,18362.5,18369.25,18349.25,-1.0,-1.5,-2.0,-40.0,10.0,0.5,3.0,3.0,7.25,2024-01-05 20:08:00+00:00,2024-01-05 20:08:00+00:00,2024-01-05 20:11:00+00:00,2024-01-05 20:11:00+00:00,pullback_short_late_09e4d5d84f5e,-1,market,0.0,3,1,8,12,50250.0
360179,360180,360182,360182,closed,stop,18362.25,18370.25,18362.0,18370.5,18370.25,18350.25,-8.0,-8.5,-9.0,-180.0,10.0,0.5,3.0,3.0,15.5,2024-01-05 20:11:00+00:00,2024-01-05 20:11:00+00:00,2024-01-05 20:14:00+00:00,2024-01-05 20:14:00+00:00,pullback_short_late_09e4d5d84f5e,-1,market,0.0,3,1,8,12,50070.0
360185,360186,360188,360188,closed,timeout,18367.75,18361.5,18367.5,18361.75,18375.75,18355.75,6.25,5.75,5.25,105.0,10.0,0.5,3.0,3.0,1.5,2024-01-05 20:17:00+00:00,2024-01-05 20:17:00+00:00,2024-01-05 20:20:00+00:00,2024-01-05 20:20:00+00:00,pullback_short_late_09e4d5d84f5e,-1,market,0.0,3,1,8,12,50175.0
360201,360202,360203,360203,closed,stop,18353.25,18361.25,18353.0,18361.5,18361.25,18341.25,-8.0,-8.5,-9.0,-180.0,10.0,0.5,2.0,2.0,10.75,2024-01-05 20:33:00+00:00,2024-01-05 20:33:00+00:00,2024-01-05 20:35:00+00:00,2024-01-05 20:36:00+00:00,pullback_short_late_09e4d5d84f5e,-1,market,0.0,3,1,8,12,49995.0
362854,362855,362856,362856,closed,stop,18767.0,18775.0,18766.75,18775.25,18775.0,18755.0,-8.0,-8.5,-9.0,-180.0,10.0,0.5,2.0,2.0,10.25,2024-01-09 19:17:00+00:00,2024-01-09 19:17:00+00:00,2024-01-09 19:19:00+00:00,2024-01-09 19:20:00+00:00,pullback_short_late_09e4d5d84f5e,-1,market,0.0,3,1,8,12,49815.0
362858,362859,362859,362859,closed,stop,18766.25,18774.25,18766.0,18774.5,18774.25,18754.25,-8.0,-8.5,-9.0,-180.0,10.0,0.5,1.0,1.0,8.25,2024-01-09 19:21:00+00:00,2024-01-09 19:21:00+00:00,2024-01-09 19:22:00+00:00,2024-01-09 19:24:00+00:00,pullback_short_late_09e4d5d84f5e,-1,market,0.0,3,1,8,12,49635.0
362861,362862,362864,362864,closed,target,18769.5,18757.5,18769.25,18757.75,18777.5,18757.5,12.0,11.5,11.0,220.0,10.0,0.5,3.0,3.0,2.0,2024-01-09 19:24:00+00:00,2024-01-09 19:24:00+00:00,2024-01-09 19:27:00+00:00,2024-01-09 19:27:00+00:00,pullback_short_late_09e4d5d84f5e,-1,market,0.0,3,1,8,12,49855.0
362869,362870,362871,362871,closed,stop,18760.25,18768.25,18760.0,18768.5,18768.25,18748.25,-8.0,-8.5,-9.0,-180.0,10.0,0.5,2.0,2.0,13.5,2024-01-09 19:32:00+00:00,2024-01-09 19:32:00+00:00,2024-01-09 19:34:00+00:00,2024-01-09 19:35:00+00:00,pullback_short_late_09e4d5d84f5e,-1,market,0.0,3,1,8,12,49675.0
362893,362894,362896,362896,closed,stop,18761.0,18769.0,18760.75,18769.25,18769.0,18749.0,-8.0,-8.5,-9.0,-180.0,10.0,0.5,3.0,3.0,12.0,2024-01-09 19:56:00+00:00,2024-01-09 19:56:00+00:00,2024-01-09 19:59:00+00:00,2024-01-09 19:59:00+00:00,pullback_short_late_09e4d5d84f5e,-1,market,0.0,3,1,8,12,49495.0
362922,362923,362925,362925,closed,timeout,18765.0,18767.25,18764.75,18767.5,18773.0,18753.0,-2.25,-2.75,-3.25,-65.0,10.0,0.5,3.0,3.0,6.75,2024-01-09 20:25:00+00:00,2024-01-09 20:25:00+00:00,2024-01-09 20:28:00+00:00,2024-01-09 20:28:00+00:00,pullback_short_late_09e4d5d84f5e,-1,market,0.0,3,1,8,12,49430.0
362941,362942,362943,362943,closed,stop,18742.5,18750.5,18742.25,18750.75,18750.5,18730.5,-8.0,-8.5,-9.0,-180.0,10.0,0.5,2.0,2.0,8.25,2024-01-09 20:44:00+00:00,2024-01-09 20:44:00+00:00,2024-01-09 20:46:00+00:00,2024-01-09 20:47:00+00:00,pullback_short_late_09e4d5d84f5e,-1,market,0.0,3,1,8,12,49250.0
362943,362944,362946,362946,closed,timeout,18744.25,18743.0,18744.0,18743.25,18752.25,18732.25,1.25,0.75,0.25,5.0,10.0,0.5,3.0,3.0,4.75,2024-01-09 20:46:00+00:00,2024-01-09 20:46:00+00:00,2024-01-09 20:49:00+00:00,2024-01-09 20:49:00+00:00,pullback_short_late_09e4d5d84f5e,-1,market,0.0,3,1,8,12,49255.0
364280,364281,364283,364283,closed,timeout,18900.75,18894.5,18900.5,18894.75,18908.75,18888.75,6.25,5.75,5.25,105.0,10.0,0.5,3.0,3.0,4.0,2024-01-10 20:18:00+00:00,2024-01-10 20:18:00+00:00,2024-01-10 20:21:00+00:00,2024-01-10 20:21:00+00:00,pullback_short_late_09e4d5d84f5e,-1,market,0.0,3,1,8,12,49360.0
364283,364284,364284,364284,closed,target,18894.0,18882.0,18893.75,18882.25,18902.0,18882.0,12.0,11.5,11.0,220.0,10.0,0.5,1.0,1.0,2.0,2024-01-10 20:21:00+00:00,2024-01-10 20:21:00+00:00,2024-01-10 20:22:00+00:00,2024-01-10 20:24:00+00:00,pullback_short_late_09e4d5d84f5e,-1,market,0.0,3,1,8,12,49580.0
364290,364291,364293,364293,closed,timeout,18882.25,18880.0,18882.0,18880.25,18890.25,18870.25,2.25,1.75,1.25,25.0,10.0,0.5,3.0,3.0,1.5,2024-01-10 20:28:00+00:00,2024-01-10 20:28:00+00:00,2024-01-10 20:31:00+00:00,2024-01-10 20:31:00+00:00,pullback_short_late_09e4d5d84f5e,-1,market,0.0,3,1,8,12,49605.0
364295,364296,364298,364298,closed,timeout,18881.75,18882.0,18881.5,18882.25,18889.75,18869.75,-0.25,-0.75,-1.25,-25.0,10.0,0.5,3.0,3.0,8.0,2024-01-10 20:33:00+00:00,2024-01-10 20:33:00+00:00,2024-01-10 20:36:00+00:00,2024-01-10 20:36:00+00:00,pullback_short_late_09e4d5d84f5e,-1,market,0.0,3,1,8,12,49580.0
364298,364299,364301,364301,closed,timeout,18882.25,18884.5,18882.0,18884.75,18890.25,18870.25,-2.25,-2.75,-3.25,-65.0,10.0,0.5,3.0,3.0,3.75,2024-01-10 20:36:00+00:00,2024-01-10 20:36:00+00:00,2024-01-10 20:39:00+00:00,2024-01-10 20:39:00+00:00,pullback_short_late_09e4d5d84f5e,-1,market,0.0,3,1,8,12,49515.0
364302,364303,364304,364304,closed,target,18880.0,18868.0,18879.75,18868.25,18888.0,18868.0,12.0,11.5,11.0,220.0,10.0,0.5,2.0,2.0,2.0,2024-01-10 20:40:00+00:00,2024-01-10 20:40:00+00:00,2024-01-10 20:42:00+00:00,2024-01-10 20:43:00+00:00,pullback_short_late_09e4d5d84f5e,-1,market,0.0,3,1,8,12,49735.0
364310,364311,364311,364311,closed,target,18864.0,18852.0,18863.75,18852.25,18872.0,18852.0,12.0,11.5,11.0,220.0,10.0,0.5,1.0,1.0,1.25,2024-01-10 20:48:00+00:00,2024-01-10 20:48:00+00:00,2024-01-10 20:49:00+00:00,2024-01-10 20:51:00+00:00,pullback_short_late_09e4d5d84f5e,-1,market,0.0,3,1,8,12,49955.0
365643,365644,365646,365646,closed,target,18883.25,18871.25,18883.0,18871.5,18891.25,18871.25,12.0,11.5,11.0,220.0,10.0,0.5,3.0,3.0,1.25,2024-01-11 20:16:00+00:00,2024-01-11 20:16:00+00:00,2024-01-11 20:19:00+00:00,2024-01-11 20:19:00+00:00,pullback_short_late_09e4d5d84f5e,-1,market,0.0,3,1,8,12,50175.0
365648,365649,365649,365649,closed,stop,18878.25,18886.25,18878.0,18886.5,18886.25,18866.25,-8.0,-8.5,-9.0,-180.0,10.0,0.5,1.0,1.0,9.0,2024-01-11 20:21:00+00:00,2024-01-11 20:21:00+00:00,2024-01-11 20:22:00+00:00,2024-01-11 20:24:00+00:00,pullback_short_late_09e4d5d84f5e,-1,market,0.0,3,1,8,12,49995.0
366969,366970,366971,366971,closed,stop,18895.75,18903.75,18895.5,18904.0,18903.75,18883.75,-8.0,-8.5,-9.0,-180.0,10.0,0.5,2.0,2.0,8.25,2024-01-12 19:37:00+00:00,2024-01-12 19:37:00+00:00,2024-01-12 19:39:00+00:00,2024-01-12 19:40:00+00:00,pullback_short_late_09e4d5d84f5e,-1,market,0.0,3,1,8,12,49815.0
366974,366975,366977,366977,closed,timeout,18899.25,18899.25,18899.0,18899.5,18907.25,18887.25,-0.0,-0.5,-1.0,-20.0,10.0,0.5,3.0,3.0,5.75,2024-01-12 19:42:00+00:00,2024-01-12 19:42:00+00:00,2024-01-12 19:45:00+00:00,2024-01-12 19:45:00+00:00,pullback_short_late_09e4d5d84f5e,-1,market,0.0,3,1,8,12,49795.0
367001,367002,367004,367004,closed,timeout,18889.75,18887.0,18889.5,18887.25,18897.75,18877.75,2.75,2.25,1.75,35.0,10.0,0.5,3.0,3.0,2.0,2024-01-12 20:09:00+00:00,2024-01-12 20:09:00+00:00,2024-01-12 20:12:00+00:00,2024-01-12 20:12:00+00:00,pullback_short_late_09e4d5d84f5e,-1,market,0.0,3,1,8,12,49830.0
369439,369440,369442,369442,closed,timeout,18844.25,18835.75,18844.0,18836.0,18852.25,18832.25,8.5,8.0,7.5,150.0,10.0,0.5,3.0,3.0,3.0,2024-01-16 19:02:00+00:00,2024-01-16 19:02:00+00:00,2024-01-16 19:05:00+00:00,2024-01-16 19:05:00+00:00,pullback_short_late_09e4d5d84f5e,-1,market,0.0,3,1,8,12,49980.0
369452,369453,369455,369455,closed,timeout,18821.75,18817.0,18821.5,18817.25,18829.75,18809.75,4.75,4.25,3.75,75.0,10.0,0.5,3.0,3.0,1.5,2024-01-16 19:15:00+00:00,2024-01-16 19:15:00+00:00,2024-01-16 19:18:00+00:00,2024-01-16 19:18:00+00:00,pullback_short_late_09e4d5d84f5e,-1,market,0.0,3,1,8,12,50055.0
369461,369462,369462,369462,closed,stop,18818.75,18826.75,18818.5,18827.0,18826.75,18806.75,-8.0,-8.5,-9.0,-180.0,10.0,0.5,1.0,1.0,8.25,2024-01-16 19:24:00+00:00,2024-01-16 19:24:00+00:00,2024-01-16 19:25:00+00:00,2024-01-16 19:27:00+00:00,pullback_short_late_09e4d5d84f5e,-1,market,0.0,3,1,8,12,49875.0
369463,369464,369464,369464,closed,stop,18821.0,18829.0,18820.75,18829.25,18829.0,18809.0,-8.0,-8.5,-9.0,-180.0,10.0,0.5,1.0,1.0,12.0,2024-01-16 19:26:00+00:00,2024-01-16 19:26:00+00:00,2024-01-16 19:27:00+00:00,2024-01-16 19:29:00+00:00,pullback_short_late_09e4d5d84f5e,-1,market,0.0,3,1,8,12,49695.0
369468,369469,369471,369471,closed,timeout,18824.75,18830.5,18824.5,18830.75,18832.75,18812.75,-5.75,-6.25,-6.75,-135.0,10.0,0.5,3.0,3.0,7.0,2024-01-16 19:31:00+00:00,2024-01-16 19:31:00+00:00,2024-01-16 19:34:00+00:00,2024-01-16 19:34:00+00:00,pullback_short_late_09e4d5d84f5e,-1,market,0.0,3,1,8,12,49560.0
369529,369530,369532,369532,closed,timeout,18870.0,18867.25,18869.75,18867.5,18878.0,18858.0,2.75,2.25,1.75,35.0,10.0,0.5,3.0,3.0,4.0,2024-01-16 20:32:00+00:00,2024-01-16 20:32:00+00:00,2024-01-16 20:35:00+00:00,2024-01-16 20:35:00+00:00,pullback_short_late_09e4d5d84f5e,-1,market,0.0,3,1,8,12,49595.0
370870,370871,370873,370873,closed,timeout,18760.5,18762.0,18760.25,18762.25,18768.5,18748.5,-1.5,-2.0,-2.5,-50.0,10.0,0.5,3.0,3.0,5.75,2024-01-17 20:08:00+00:00,2024-01-17 20:08:00+00:00,2024-01-17 20:11:00+00:00,2024-01-17 20:11:00+00:00,pullback_short_late_09e4d5d84f5e,-1,market,0.0,3,1,8,12,49545.0
370880,370881,370882,370882,closed,stop,18751.75,18759.75,18751.5,18760.0,18759.75,18739.75,-8.0,-8.5,-9.0,-180.0,10.0,0.5,2.0,2.0,11.25,2024-01-17 20:18:00+00:00,2024-01-17 20:18:00+00:00,2024-01-17 20:20:00+00:00,2024-01-17 20:21:00+00:00,pullback_short_late_09e4d5d84f5e,-1,market,0.0,3,1,8,12,49365.0
370883,370884,370886,370886,closed,timeout,18754.5,18748.5,18754.25,18748.75,18762.5,18742.5,6.0,5.5,5.0,100.0,10.0,0.5,3.0,3.0,0.5,2024-01-17 20:21:00+00:00,2024-01-17 20:21:00+00:00,2024-01-17 20:24:00+00:00,2024-01-17 20:24:00+00:00,pullback_short_late_09e4d5d84f5e,-1,market,0.0,3,1,8,12,49465.0
370892,370893,370893,370893,closed,stop,18746.5,18754.5,18746.25,18754.75,18754.5,18734.5,-8.0,-8.5,-9.0,-180.0,10.0,0.5,1.0,1.0,8.25,2024-01-17 20:30:00+00:00,2024-01-17 20:30:00+00:00,2024-01-17 20:31:00+00:00,2024-01-17 20:33:00+00:00,pullback_short_late_09e4d5d84f5e,-1,market,0.0,3,1,8,12,49285.0
372270,372271,372272,372272,closed,stop,19039.75,19047.75,19039.5,19048.0,19047.75,19027.75,-8.0,-8.5,-9.0,-180.0,10.0,0.5,2.0,2.0,9.5,2024-01-18 20:43:00+00:00,2024-01-18 20:43:00+00:00,2024-01-18 20:45:00+00:00,2024-01-18 20:46:00+00:00,pullback_short_late_09e4d5d84f5e,-1,market,0.0,3,1,8,12,49105.0
373566,373567,373567,373567,closed,target,19347.75,19335.75,19347.5,19336.0,19355.75,19335.75,12.0,11.5,11.0,220.0,10.0,0.5,1.0,1.0,2.0,2024-01-19 19:34:00+00:00,2024-01-19 19:34:00+00:00,2024-01-19 19:35:00+00:00,2024-01-19 19:37:00+00:00,pullback_short_late_09e4d5d84f5e,-1,market,0.0,3,1,8,12,49325.0
373580,373581,373581,373581,closed,stop,19352.5,19360.5,19352.25,19360.75,19360.5,19340.5,-8.0,-8.5,-9.0,-180.0,10.0,0.5,1.0,1.0,12.75,2024-01-19 19:48:00+00:00,2024-01-19 19:48:00+00:00,2024-01-19 19:49:00+00:00,2024-01-19 19:51:00+00:00,pullback_short_late_09e4d5d84f5e,-1,market,0.0,3,1,8,12,49145.0
373616,373617,373619,373619,closed,timeout,19367.0,19369.5,19366.75,19369.75,19375.0,19355.0,-2.5,-3.0,-3.5,-70.0,10.0,0.5,3.0,3.0,6.0,2024-01-19 20:24:00+00:00,2024-01-19 20:24:00+00:00,2024-01-19 20:27:00+00:00,2024-01-19 20:27:00+00:00,pullback_short_late_09e4d5d84f5e,-1,market,0.0,3,1,8,12,49075.0
373619,373620,373622,373622,closed,timeout,19370.0,19371.5,19369.75,19371.75,19378.0,19358.0,-1.5,-2.0,-2.5,-50.0,10.0,0.5,3.0,3.0,6.0,2024-01-19 20:27:00+00:00,2024-01-19 20:27:00+00:00,2024-01-19 20:30:00+00:00,2024-01-19 20:30:00+00:00,pullback_short_late_09e4d5d84f5e,-1,market,0.0,3,1,8,12,49025.0
373622,373623,373625,373625,closed,timeout,19371.75,19367.25,19371.5,19367.5,19379.75,19359.75,4.5,4.0,3.5,70.0,10.0,0.5,3.0,3.0,1.5,2024-01-19 20:30:00+00:00,2024-01-19 20:30:00+00:00,2024-01-19 20:33:00+00:00,2024-01-19 20:33:00+00:00,pullback_short_late_09e4d5d84f5e,-1,market,0.0,3,1,8,12,49095.0
374912,374913,374915,374915,closed,timeout,19410.75,19404.5,19410.5,19404.75,19418.75,19398.75,6.25,5.75,5.25,105.0,10.0,0.5,3.0,3.0,3.75,2024-01-22 19:15:00+00:00,2024-01-22 19:15:00+00:00,2024-01-22 19:18:00+00:00,2024-01-22 19:18:00+00:00,pullback_short_late_09e4d5d84f5e,-1,market,0.0,3,1,8,12,49200.0
374924,374925,374926,374926,closed,stop,19391.25,19399.25,19391.0,19399.5,19399.25,19379.25,-8.0,-8.5,-9.0,-180.0,10.0,0.5,2.0,2.0,11.25,2024-01-22 19:27:00+00:00,2024-01-22 19:27:00+00:00,2024-01-22 19:29:00+00:00,2024-01-22 19:30:00+00:00,pullback_short_late_09e4d5d84f5e,-1,market,0.0,3,1,8,12,49020.0
374931,374932,374934,374934,closed,timeout,19403.0,19408.0,19402.75,19408.25,19411.0,19391.0,-5.0,-5.5,-6.0,-120.0,10.0,0.5,3.0,3.0,6.75,2024-01-22 19:34:00+00:00,2024-01-22 19:34:00+00:00,2024-01-22 19:37:00+00:00,2024-01-22 19:37:00+00:00,pullback_short_late_09e4d5d84f5e,-1,market,0.0,3,1,8,12,48900.0
375010,375011,375013,375013,closed,timeout,19408.75,19405.75,19408.5,19406.0,19416.75,19396.75,3.0,2.5,2.0,40.0,10.0,0.5,3.0,3.0,1.0,2024-01-22 20:53:00+00:00,2024-01-22 20:53:00+00:00,2024-01-22 20:56:00+00:00,2024-01-22 20:56:00+00:00,pullback_short_late_09e4d5d84f5e,-1,market,0.0,3,1,8,12,48940.0
376276,376277,376279,376279,closed,timeout,19417.5,19410.0,19417.25,19410.25,19425.5,19405.5,7.5,7.0,6.5,130.0,10.0,0.5,3.0,3.0,0.5,2024-01-23 19:14:00+00:00,2024-01-23 19:14:00+00:00,2024-01-23 19:17:00+00:00,2024-01-23 19:17:00+00:00,pullback_short_late_09e4d5d84f5e,-1,market,0.0,3,1,8,12,49070.0
376286,376287,376289,376289,closed,timeout,19414.75,19409.75,19414.5,19410.0,19422.75,19402.75,5.0,4.5,4.0,80.0,10.0,0.5,3.0,3.0,2.75,2024-01-23 19:24:00+00:00,2024-01-23 19:24:00+00:00,2024-01-23 19:27:00+00:00,2024-01-23 19:27:00+00:00,pullback_short_late_09e4d5d84f5e,-1,market,0.0,3,1,8,12,49150.0
376356,376357,376359,376359,closed,timeout,19451.25,19442.5,19451.0,19442.75,19459.25,19439.25,8.75,8.25,7.75,155.0,10.0,0.5,3.0,3.0,2.5,2024-01-23 20:34:00+00:00,2024-01-23 20:34:00+00:00,2024-01-23 20:37:00+00:00,2024-01-23 20:37:00+00:00,pullback_short_late_09e4d5d84f5e,-1,market,0.0,3,1,8,12,49305.0
377640,377641,377643,377643,closed,target,19629.25,19617.25,19629.0,19617.5,19637.25,19617.25,12.0,11.5,11.0,220.0,10.0,0.5,3.0,3.0,4.25,2024-01-24 19:13:00+00:00,2024-01-24 19:13:00+00:00,2024-01-24 19:16:00+00:00,2024-01-24 19:16:00+00:00,pullback_short_late_09e4d5d84f5e,-1,market,0.0,3,1,8,12,49525.0
377654,377655,377656,377656,closed,target,19595.5,19583.5,19595.25,19583.75,19603.5,19583.5,12.0,11.5,11.0,220.0,10.0,0.5,2.0,2.0,5.75,2024-01-24 19:27:00+00:00,2024-01-24 19:27:00+00:00,2024-01-24 19:29:00+00:00,2024-01-24 19:30:00+00:00,pullback_short_late_09e4d5d84f5e,-1,market,0.0,3,1,8,12,49745.0
377656,377657,377658,377658,closed,stop,19583.25,19591.25,19583.0,19591.5,19591.25,19571.25,-8.0,-8.5,-9.0,-180.0,10.0,0.5,2.0,2.0,17.75,2024-01-24 19:29:00+00:00,2024-01-24 19:29:00+00:00,2024-01-24 19:31:00+00:00,2024-01-24 19:32:00+00:00,pullback_short_late_09e4d5d84f5e,-1,market,0.0,3,1,8,12,49565.0
377659,377660,377661,377661,closed,target,19595.0,19583.0,19594.75,19583.25,19603.0,19583.0,12.0,11.5,11.0,220.0,10.0,0.5,2.0,2.0,2.0,2024-01-24 19:32:00+00:00,2024-01-24 19:32:00+00:00,2024-01-24 19:34:00+00:00,2024-01-24 19:35:00+00:00,pullback_short_late_09e4d5d84f5e,-1,market,0.0,3,1,8,12,49785.0
377661,377662,377664,377664,closed,stop,19585.0,19593.0,19584.75,19593.25,19593.0,19573.0,-8.0,-8.5,-9.0,-180.0,10.0,0.5,3.0,3.0,17.75,2024-01-24 19:34:00+00:00,2024-01-24 19:34:00+00:00,2024-01-24 19:37:00+00:00,2024-01-24 19:37:00+00:00,pullback_short_late_09e4d5d84f5e,-1,market,0.0,3,1,8,12,49605.0
377665,377666,377667,377667,closed,stop,19595.25,19603.25,19595.0,19603.5,19603.25,19583.25,-8.0,-8.5,-9.0,-180.0,10.0,0.5,2.0,2.0,9.75,2024-01-24 19:38:00+00:00,2024-01-24 19:38:00+00:00,2024-01-24 19:40:00+00:00,2024-01-24 19:41:00+00:00,pullback_short_late_09e4d5d84f5e,-1,market,0.0,3,1,8,12,49425.0
377710,377711,377712,377712,closed,stop,19567.75,19575.75,19567.5,19576.0,19575.75,19555.75,-8.0,-8.5,-9.0,-180.0,10.0,0.5,2.0,2.0,16.0,2024-01-24 20:23:00+00:00,2024-01-24 20:23:00+00:00,2024-01-24 20:25:00+00:00,2024-01-24 20:26:00+00:00,pullback_short_late_09e4d5d84f5e,-1,market,0.0,3,1,8,12,49245.0
377713,377714,377714,377714,closed,target,19578.0,19566.0,19577.75,19566.25,19586.0,19566.0,12.0,11.5,11.0,220.0,10.0,0.5,1.0,1.0,0.75,2024-01-24 20:26:00+00:00,2024-01-24 20:26:00+00:00,2024-01-24 20:27:00+00:00,2024-01-24 20:29:00+00:00,pullback_short_late_09e4d5d84f5e,-1,market,0.0,3,1,8,12,49465.0
377744,377745,377747,377747,closed,target,19566.75,19554.75,19566.5,19555.0,19574.75,19554.75,12.0,11.5,11.0,220.0,10.0,0.5,3.0,3.0,2.75,2024-01-24 20:57:00+00:00,2024-01-24 20:57:00+00:00,2024-01-24 21:00:00+00:00,2024-01-24 21:00:00+00:00,pullback_short_late_09e4d5d84f5e,-1,market,0.0,3,1,8,12,49685.0
379009,379010,379012,379012,closed,stop,19503.75,19511.75,19503.5,19512.0,19511.75,19491.75,-8.0,-8.5,-9.0,-180.0,10.0,0.5,3.0,3.0,14.75,2024-01-25 19:17:00+00:00,2024-01-25 19:17:00+00:00,2024-01-25 19:20:00+00:00,2024-01-25 19:20:00+00:00,pullback_short_late_09e4d5d84f5e,-1,market,0.0,3,1,8,12,49505.0
379082,379083,379084,379084,closed,stop,19539.0,19547.0,19538.75,19547.25,19547.0,19527.0,-8.0,-8.5,-9.0,-180.0,10.0,0.5,2.0,2.0,14.25,2024-01-25 20:30:00+00:00,2024-01-25 20:30:00+00:00,2024-01-25 20:32:00+00:00,2024-01-25 20:33:00+00:00,pullback_short_late_09e4d5d84f5e,-1,market,0.0,3,1,8,12,49325.0
379108,379109,379110,379110,closed,stop,19557.0,19565.0,19556.75,19565.25,19565.0,19545.0,-8.0,-8.5,-9.0,-180.0,10.0,0.5,2.0,2.0,10.5,2024-01-25 20:56:00+00:00,2024-01-25 20:56:00+00:00,2024-01-25 20:58:00+00:00,2024-01-25 20:59:00+00:00,pullback_short_late_09e4d5d84f5e,-1,market,0.0,3,1,8,12,49145.0
380357,380358,380359,380359,closed,stop,19460.0,19468.0,19459.75,19468.25,19468.0,19448.0,-8.0,-8.5,-9.0,-180.0,10.0,0.5,2.0,2.0,10.0,2024-01-26 19:00:00+00:00,2024-01-26 19:00:00+00:00,2024-01-26 19:02:00+00:00,2024-01-26 19:03:00+00:00,pullback_short_late_09e4d5d84f5e,-1,market,0.0,3,1,8,12,48965.0
380382,380383,380385,380385,closed,timeout,19465.75,19466.25,19465.5,19466.5,19473.75,19453.75,-0.5,-1.0,-1.5,-30.0,10.0,0.5,3.0,3.0,7.75,2024-01-26 19:25:00+00:00,2024-01-26 19:25:00+00:00,2024-01-26 19:28:00+00:00,2024-01-26 19:28:00+00:00,pullback_short_late_09e4d5d84f5e,-1,market,0.0,3,1,8,12,48935.0
380387,380388,380390,380390,closed,timeout,19470.5,19463.5,19470.25,19463.75,19478.5,19458.5,7.0,6.5,6.0,120.0,10.0,0.5,3.0,3.0,4.5,2024-01-26 19:30:00+00:00,2024-01-26 19:30:00+00:00,2024-01-26 19:33:00+00:00,2024-01-26 19:33:00+00:00,pullback_short_late_09e4d5d84f5e,-1,market,0.0,3,1,8,12,49055.0
380426,380427,380429,380429,closed,timeout,19495.5,19493.25,19495.25,19493.5,19503.5,19483.5,2.25,1.75,1.25,25.0,10.0,0.5,3.0,3.0,3.25,2024-01-26 20:09:00+00:00,2024-01-26 20:09:00+00:00,2024-01-26 20:12:00+00:00,2024-01-26 20:12:00+00:00,pullback_short_late_09e4d5d84f5e,-1,market,0.0,3,1,8,12,49080.0
380429,380430,380431,380431,closed,stop,19493.5,19501.5,19493.25,19501.75,19501.5,19481.5,-8.0,-8.5,-9.0,-180.0,10.0,0.5,2.0,2.0,8.75,2024-01-26 20:12:00+00:00,2024-01-26 20:12:00+00:00,2024-01-26 20:14:00+00:00,2024-01-26 20:15:00+00:00,pullback_short_late_09e4d5d84f5e,-1,market,0.0,3,1,8,12,48900.0
380444,380445,380447,380447,closed,target,19488.5,19476.5,19488.25,19476.75,19496.5,19476.5,12.0,11.5,11.0,220.0,10.0,0.5,3.0,3.0,0.75,2024-01-26 20:27:00+00:00,2024-01-26 20:27:00+00:00,2024-01-26 20:30:00+00:00,2024-01-26 20:30:00+00:00,pullback_short_late_09e4d5d84f5e,-1,market,0.0,3,1,8,12,49120.0
380459,380460,380462,380462,closed,timeout,19462.5,19467.25,19462.25,19467.5,19470.5,19450.5,-4.75,-5.25,-5.75,-115.0,10.0,0.5,3.0,3.0,8.0,2024-01-26 20:42:00+00:00,2024-01-26 20:42:00+00:00,2024-01-26 20:45:00+00:00,2024-01-26 20:45:00+00:00,pullback_short_late_09e4d5d84f5e,-1,market,0.0,3,1,8,12,49005.0
380462,380463,380465,380465,closed,timeout,19467.25,19469.25,19467.0,19469.5,19475.25,19455.25,-2.0,-2.5,-3.0,-60.0,10.0,0.5,3.0,3.0,5.0,2024-01-26 20:45:00+00:00,2024-01-26 20:45:00+00:00,2024-01-26 20:48:00+00:00,2024-01-26 20:48:00+00:00,pullback_short_late_09e4d5d84f5e,-1,market,0.0,3,1,8,12,48945.0
381727,381728,381730,381730,closed,timeout,19532.5,19538.25,19532.25,19538.5,19540.5,19520.5,-5.75,-6.25,-6.75,-135.0,10.0,0.5,3.0,3.0,7.5,2024-01-29 19:05:00+00:00,2024-01-29 19:05:00+00:00,2024-01-29 19:08:00+00:00,2024-01-29 19:08:00+00:00,pullback_short_late_09e4d5d84f5e,-1,market,0.0,3,1,8,12,48810.0
381827,381828,381830,381830,closed,timeout,19633.75,19631.25,19633.5,19631.5,19641.75,19621.75,2.5,2.0,1.5,30.0,10.0,0.5,3.0,3.0,1.0,2024-01-29 20:45:00+00:00,2024-01-29 20:45:00+00:00,2024-01-29 20:48:00+00:00,2024-01-29 20:48:00+00:00,pullback_short_late_09e4d5d84f5e,-1,market,0.0,3,1,8,12,48840.0
381832,381833,381835,381835,closed,timeout,19628.0,19626.25,19627.75,19626.5,19636.0,19616.0,1.75,1.25,0.75,15.0,10.0,0.5,3.0,3.0,5.75,2024-01-29 20:50:00+00:00,2024-01-29 20:50:00+00:00,2024-01-29 20:53:00+00:00,2024-01-29 20:53:00+00:00,pullback_short_late_09e4d5d84f5e,-1,market,0.0,3,1,8,12,48855.0
381837,381838,381839,381839,closed,stop,19629.5,19637.5,19629.25,19637.75,19637.5,19617.5,-8.0,-8.5,-9.0,-180.0,10.0,0.5,2.0,2.0,10.5,2024-01-29 20:55:00+00:00,2024-01-29 20:55:00+00:00,2024-01-29 20:57:00+00:00,2024-01-29 20:58:00+00:00,pullback_short_late_09e4d5d84f5e,-1,market,0.0,3,1,8,12,48675.0
383096,383097,383099,383099,closed,timeout,19501.0,19500.0,19500.75,19500.25,19509.0,19489.0,1.0,0.5,0.0,0.0,10.0,0.5,3.0,3.0,3.75,2024-01-30 19:10:00+00:00,2024-01-30 19:10:00+00:00,2024-01-30 19:13:00+00:00,2024-01-30 19:13:00+00:00,pullback_short_late_09e4d5d84f5e,-1,market,0.0,3,1,8,12,48675.0
383154,383155,383157,383157,closed,timeout,19523.25,19523.5,19523.0,19523.75,19531.25,19511.25,-0.25,-0.75,-1.25,-25.0,10.0,0.5,3.0,3.0,3.5,2024-01-30 20:08:00+00:00,2024-01-30 20:08:00+00:00,2024-01-30 20:11:00+00:00,2024-01-30 20:11:00+00:00,pullback_short_late_09e4d5d84f5e,-1,market,0.0,3,1,8,12,48650.0
383161,383162,383164,383164,closed,timeout,19525.75,19528.75,19525.5,19529.0,19533.75,19513.75,-3.0,-3.5,-4.0,-80.0,10.0,0.5,3.0,3.0,5.75,2024-01-30 20:15:00+00:00,2024-01-30 20:15:00+00:00,2024-01-30 20:18:00+00:00,2024-01-30 20:18:00+00:00,pullback_short_late_09e4d5d84f5e,-1,market,0.0,3,1,8,12,48570.0
383187,383188,383189,383189,closed,stop,19522.25,19530.25,19522.0,19530.5,19530.25,19510.25,-8.0,-8.5,-9.0,-180.0,10.0,0.5,2.0,2.0,8.5,2024-01-30 20:41:00+00:00,2024-01-30 20:41:00+00:00,2024-01-30 20:43:00+00:00,2024-01-30 20:44:00+00:00,pullback_short_late_09e4d5d84f5e,-1,market,0.0,3,1,8,12,48390.0
384454,384455,384455,384455,closed,stop,19272.0,19280.0,19271.75,19280.25,19280.0,19260.0,-8.0,-8.5,-9.0,-180.0,10.0,0.5,1.0,1.0,23.5,2024-01-31 19:03:00+00:00,2024-01-31 19:03:00+00:00,2024-01-31 19:04:00+00:00,2024-01-31 19:06:00+00:00,pullback_short_late_09e4d5d84f5e,-1,market,0.0,3,1,8,12,48210.0
384456,384457,384457,384457,closed,stop,19285.0,19293.0,19284.75,19293.25,19293.0,19273.0,-8.0,-8.5,-9.0,-180.0,10.0,0.5,1.0,1.0,30.0,2024-01-31 19:05:00+00:00,2024-01-31 19:05:00+00:00,2024-01-31 19:06:00+00:00,2024-01-31 19:08:00+00:00,pullback_short_late_09e4d5d84f5e,-1,market,0.0,3,1,8,12,48030.0
384458,384459,384459,384459,closed,target,19288.5,19276.5,19288.25,19276.75,19296.5,19276.5,12.0,11.5,11.0,220.0,10.0,0.5,1.0,1.0,2.25,2024-01-31 19:07:00+00:00,2024-01-31 19:07:00+00:00,2024-01-31 19:08:00+00:00,2024-01-31 19:10:00+00:00,pullback_short_late_09e4d5d84f5e,-1,market,0.0,3,1,8,12,48250.0
384460,384461,384461,384461,closed,stop,19279.75,19287.75,19279.5,19288.0,19287.75,19267.75,-8.0,-8.5,-9.0,-180.0,10.0,0.5,1.0,1.0,13.75,2024-01-31 19:09:00+00:00,2024-01-31 19:09:00+00:00,2024-01-31 19:10:00+00:00,2024-01-31 19:12:00+00:00,pullback_short_late_09e4d5d84f5e,-1,market,0.0,3,1,8,12,48070.0
384466,384467,384467,384467,closed,target,19292.0,19280.0,19291.75,19280.25,19300.0,19280.0,12.0,11.5,11.0,220.0,10.0,0.5,1.0,1.0,3.25,2024-01-31 19:15:00+00:00,2024-01-31 19:15:00+00:00,2024-01-31 19:16:00+00:00,2024-01-31 19:18:00+00:00,pullback_short_late_09e4d5d84f5e,-1,market,0.0,3,1,8,12,48290.0
384479,384480,384482,384482,closed,timeout,19273.5,19264.75,19273.25,19265.0,19281.5,19261.5,8.75,8.25,7.75,155.0,10.0,0.5,3.0,3.0,5.75,2024-01-31 19:28:00+00:00,2024-01-31 19:28:00+00:00,2024-01-31 19:31:00+00:00,2024-01-31 19:31:00+00:00,pullback_short_late_09e4d5d84f5e,-1,market,0.0,3,1,8,12,48445.0
384523,384524,384524,384524,closed,stop,19217.75,19225.75,19217.5,19226.0,19225.75,19205.75,-8.0,-8.5,-9.0,-180.0,10.0,0.5,1.0,1.0,21.0,2024-01-31 20:12:00+00:00,2024-01-31 20:12:00+00:00,2024-01-31 20:13:00+00:00,2024-01-31 20:15:00+00:00,pullback_short_late_09e4d5d84f5e,-1,market,0.0,3,1,8,12,48265.0
384526,384527,384527,384527,closed,stop,19234.5,19242.5,19234.25,19242.75,19242.5,19222.5,-8.0,-8.5,-9.0,-180.0,10.0,0.5,1.0,1.0,13.0,2024-01-31 20:15:00+00:00,2024-01-31 20:15:00+00:00,2024-01-31 20:16:00+00:00,2024-01-31 20:18:00+00:00,pullback_short_late_09e4d5d84f5e,-1,market,0.0,3,1,8,12,48085.0
384528,384529,384529,384529,closed,stop,19230.75,19238.75,19230.5,19239.0,19238.75,19218.75,-8.0,-8.5,-9.0,-180.0,10.0,0.5,1.0,1.0,15.0,2024-01-31 20:17:00+00:00,2024-01-31 20:17:00+00:00,2024-01-31 20:18:00+00:00,2024-01-31 20:20:00+00:00,pullback_short_late_09e4d5d84f5e,-1,market,0.0,3,1,8,12,47905.0
384553,384554,384555,384555,closed,stop,19201.0,19209.0,19200.75,19209.25,19209.0,19189.0,-8.0,-8.5,-9.0,-180.0,10.0,0.5,2.0,2.0,10.5,2024-01-31 20:42:00+00:00,2024-01-31 20:42:00+00:00,2024-01-31 20:44:00+00:00,2024-01-31 20:45:00+00:00,pullback_short_late_09e4d5d84f5e,-1,market,0.0,3,1,8,12,47725.0
385933,385934,385935,385935,closed,stop,19363.0,19371.0,19362.75,19371.25,19371.0,19351.0,-8.0,-8.5,-9.0,-180.0,10.0,0.5,2.0,2.0,10.0,2024-02-01 20:57:00+00:00,2024-02-01 20:57:00+00:00,2024-02-01 20:59:00+00:00,2024-02-01 21:00:00+00:00,pullback_short_late_09e4d5d84f5e,-1,market,0.0,3,1,8,12,47545.0
387239,387240,387241,387241,closed,stop,19691.25,19699.25,19691.0,19699.5,19699.25,19679.25,-8.0,-8.5,-9.0,-180.0,10.0,0.5,2.0,2.0,15.25,2024-02-02 19:58:00+00:00,2024-02-02 19:58:00+00:00,2024-02-02 20:00:00+00:00,2024-02-02 20:01:00+00:00,pullback_short_late_09e4d5d84f5e,-1,market,0.0,3,1,8,12,47365.0
387242,387243,387245,387245,closed,timeout,19698.0,19696.5,19697.75,19696.75,19706.0,19686.0,1.5,1.0,0.5,10.0,10.0,0.5,3.0,3.0,2.0,2024-02-02 20:01:00+00:00,2024-02-02 20:01:00+00:00,2024-02-02 20:04:00+00:00,2024-02-02 20:04:00+00:00,pullback_short_late_09e4d5d84f5e,-1,market,0.0,3,1,8,12,47375.0
387273,387274,387276,387276,closed,target,19698.75,19686.75,19698.5,19687.0,19706.75,19686.75,12.0,11.5,11.0,220.0,10.0,0.5,3.0,3.0,3.5,2024-02-02 20:32:00+00:00,2024-02-02 20:32:00+00:00,2024-02-02 20:35:00+00:00,2024-02-02 20:35:00+00:00,pullback_short_late_09e4d5d84f5e,-1,market,0.0,3,1,8,12,47595.0
387279,387280,387282,387282,closed,timeout,19688.25,19691.75,19688.0,19692.0,19696.25,19676.25,-3.5,-4.0,-4.5,-90.0,10.0,0.5,3.0,3.0,6.25,2024-02-02 20:38:00+00:00,2024-02-02 20:38:00+00:00,2024-02-02 20:41:00+00:00,2024-02-02 20:41:00+00:00,pullback_short_late_09e4d5d84f5e,-1,market,0.0,3,1,8,12,47505.0
387289,387290,387290,387290,closed,stop,19689.75,19697.75,19689.5,19698.0,19697.75,19677.75,-8.0,-8.5,-9.0,-180.0,10.0,0.5,1.0,1.0,10.75,2024-02-02 20:48:00+00:00,2024-02-02 20:48:00+00:00,2024-02-02 20:49:00+00:00,2024-02-02 20:51:00+00:00,pullback_short_late_09e4d5d84f5e,-1,market,0.0,3,1,8,12,47325.0
387291,387292,387292,387292,closed,stop,19692.5,19700.5,19692.25,19700.75,19700.5,19680.5,-8.0,-8.5,-9.0,-180.0,10.0,0.5,1.0,1.0,11.75,2024-02-02 20:50:00+00:00,2024-02-02 20:50:00+00:00,2024-02-02 20:51:00+00:00,2024-02-02 20:53:00+00:00,pullback_short_late_09e4d5d84f5e,-1,market,0.0,3,1,8,12,47145.0
388616,388617,388619,388619,closed,timeout,19642.0,19637.5,19641.75,19637.75,19650.0,19630.0,4.5,4.0,3.5,70.0,10.0,0.5,3.0,3.0,3.75,2024-02-05 20:10:00+00:00,2024-02-05 20:10:00+00:00,2024-02-05 20:13:00+00:00,2024-02-05 20:13:00+00:00,pullback_short_late_09e4d5d84f5e,-1,market,0.0,3,1,8,12,47215.0
388626,388627,388629,388629,closed,stop,19630.5,19638.5,19630.25,19638.75,19638.5,19618.5,-8.0,-8.5,-9.0,-180.0,10.0,0.5,3.0,3.0,10.75,2024-02-05 20:20:00+00:00,2024-02-05 20:20:00+00:00,2024-02-05 20:23:00+00:00,2024-02-05 20:23:00+00:00,pullback_short_late_09e4d5d84f5e,-1,market,0.0,3,1,8,12,47035.0
388655,388656,388657,388657,closed,stop,19647.75,19655.75,19647.5,19656.0,19655.75,19635.75,-8.0,-8.5,-9.0,-180.0,10.0,0.5,2.0,2.0,17.75,2024-02-05 20:49:00+00:00,2024-02-05 20:49:00+00:00,2024-02-05 20:51:00+00:00,2024-02-05 20:52:00+00:00,pullback_short_late_09e4d5d84f5e,-1,market,0.0,3,1,8,12,46855.0
389936,389937,389938,389938,closed,stop,19531.5,19539.5,19531.25,19539.75,19539.5,19519.5,-8.0,-8.5,-9.0,-180.0,10.0,0.5,2.0,2.0,9.0,2024-02-06 19:25:00+00:00,2024-02-06 19:25:00+00:00,2024-02-06 19:27:00+00:00,2024-02-06 19:28:00+00:00,pullback_short_late_09e4d5d84f5e,-1,market,0.0,3,1,8,12,46675.0
389939,389940,389942,389942,closed,stop,19533.0,19541.0,19532.75,19541.25,19541.0,19521.0,-8.0,-8.5,-9.0,-180.0,10.0,0.5,3.0,3.0,9.5,2024-02-06 19:28:00+00:00,2024-02-06 19:28:00+00:00,2024-02-06 19:31:00+00:00,2024-02-06 19:31:00+00:00,pullback_short_late_09e4d5d84f5e,-1,market,0.0,3,1,8,12,46495.0
389999,390000,390002,390002,closed,timeout,19580.0,19572.0,19579.75,19572.25,19588.0,19568.0,8.0,7.5,7.0,140.0,10.0,0.5,3.0,3.0,1.5,2024-02-06 20:28:00+00:00,2024-02-06 20:28:00+00:00,2024-02-06 20:31:00+00:00,2024-02-06 20:31:00+00:00,pullback_short_late_09e4d5d84f5e,-1,market,0.0,3,1,8,12,46635.0
390017,390018,390018,390018,closed,stop,19549.25,19557.25,19549.0,19557.5,19557.25,19537.25,-8.0,-8.5,-9.0,-180.0,10.0,0.5,1.0,1.0,11.0,2024-02-06 20:46:00+00:00,2024-02-06 20:46:00+00:00,2024-02-06 20:47:00+00:00,2024-02-06 20:49:00+00:00,pullback_short_late_09e4d5d84f5e,-1,market,0.0,3,1,8,12,46455.0
391313,391314,391315,391315,closed,stop,19778.0,19786.0,19777.75,19786.25,19786.0,19766.0,-8.0,-8.5,-9.0,-180.0,10.0,0.5,2.0,2.0,9.25,2024-02-07 19:37:00+00:00,2024-02-07 19:37:00+00:00,2024-02-07 19:39:00+00:00,2024-02-07 19:40:00+00:00,pullback_short_late_09e4d5d84f5e,-1,market,0.0,3,1,8,12,46275.0
391378,391379,391380,391380,closed,target,19792.0,19780.0,19791.75,19780.25,19800.0,19780.0,12.0,11.5,11.0,220.0,10.0,0.5,2.0,2.0,0.75,2024-02-07 20:42:00+00:00,2024-02-07 20:42:00+00:00,2024-02-07 20:44:00+00:00,2024-02-07 20:45:00+00:00,pullback_short_late_09e4d5d84f5e,-1,market,0.0,3,1,8,12,46495.0
391383,391384,391386,391386,closed,timeout,19789.0,19782.0,19788.75,19782.25,19797.0,19777.0,7.0,6.5,6.0,120.0,10.0,0.5,3.0,3.0,2.75,2024-02-07 20:47:00+00:00,2024-02-07 20:47:00+00:00,2024-02-07 20:50:00+00:00,2024-02-07 20:50:00+00:00,pullback_short_late_09e4d5d84f5e,-1,market,0.0,3,1,8,12,46615.0
392643,392644,392646,392646,closed,target,19812.75,19800.75,19812.5,19801.0,19820.75,19800.75,12.0,11.5,11.0,220.0,10.0,0.5,3.0,3.0,0.5,2024-02-08 19:02:00+00:00,2024-02-08 19:02:00+00:00,2024-02-08 19:05:00+00:00,2024-02-08 19:05:00+00:00,pullback_short_late_09e4d5d84f5e,-1,market,0.0,3,1,8,12,46835.0
392654,392655,392657,392657,closed,timeout,19791.5,19791.75,19791.25,19792.0,19799.5,19779.5,-0.25,-0.75,-1.25,-25.0,10.0,0.5,3.0,3.0,5.0,2024-02-08 19:13:00+00:00,2024-02-08 19:13:00+00:00,2024-02-08 19:16:00+00:00,2024-02-08 19:16:00+00:00,pullback_short_late_09e4d5d84f5e,-1,market,0.0,3,1,8,12,46810.0
392660,392661,392662,392662,closed,stop,19796.25,19804.25,19796.0,19804.5,19804.25,19784.25,-8.0,-8.5,-9.0,-180.0,10.0,0.5,2.0,2.0,10.0,2024-02-08 19:19:00+00:00,2024-02-08 19:19:00+00:00,2024-02-08 19:21:00+00:00,2024-02-08 19:22:00+00:00,pullback_short_late_09e4d5d84f5e,-1,market,0.0,3,1,8,12,46630.0
392663,392664,392666,392666,closed,timeout,19798.0,19788.0,19797.75,19788.25,19806.0,19786.0,10.0,9.5,9.0,180.0,10.0,0.5,3.0,3.0,0.5,2024-02-08 19:22:00+00:00,2024-02-08 19:22:00+00:00,2024-02-08 19:25:00+00:00,2024-02-08 19:25:00+00:00,pullback_short_late_09e4d5d84f5e,-1,market,0.0,3,1,8,12,46810.0
392669,392670,392672,392672,closed,timeout,19784.75,19787.5,19784.5,19787.75,19792.75,19772.75,-2.75,-3.25,-3.75,-75.0,10.0,0.5,3.0,3.0,6.75,2024-02-08 19:28:00+00:00,2024-02-08 19:28:00+00:00,2024-02-08 19:31:00+00:00,2024-02-08 19:31:00+00:00,pullback_short_late_09e4d5d84f5e,-1,market,0.0,3,1,8,12,46735.0
392745,392746,392748,392748,closed,timeout,19803.75,19798.5,19803.5,19798.75,19811.75,19791.75,5.25,4.75,4.25,85.0,10.0,0.5,3.0,3.0,1.75,2024-02-08 20:44:00+00:00,2024-02-08 20:44:00+00:00,2024-02-08 20:47:00+00:00,2024-02-08 20:47:00+00:00,pullback_short_late_09e4d5d84f5e,-1,market,0.0,3,1,8,12,46820.0
392753,392754,392756,392756,closed,target,19803.0,19791.0,19802.75,19791.25,19811.0,19791.0,12.0,11.5,11.0,220.0,10.0,0.5,3.0,3.0,4.0,2024-02-08 20:52:00+00:00,2024-02-08 20:52:00+00:00,2024-02-08 20:55:00+00:00,2024-02-08 20:55:00+00:00,pullback_short_late_09e4d5d84f5e,-1,market,0.0,3,1,8,12,47040.0
392759,392760,392761,392761,closed,stop,19798.25,19806.25,19798.0,19806.5,19806.25,19786.25,-8.0,-8.5,-9.0,-180.0,10.0,0.5,2.0,2.0,17.5,2024-02-08 20:58:00+00:00,2024-02-08 20:58:00+00:00,2024-02-08 21:00:00+00:00,2024-02-08 21:01:00+00:00,pullback_short_late_09e4d5d84f5e,-1,market,0.0,3,1,8,12,46860.0
394074,394075,394076,394076,closed,stop,19977.75,19985.75,19977.5,19986.0,19985.75,19965.75,-8.0,-8.5,-9.0,-180.0,10.0,0.5,2.0,2.0,8.25,2024-02-09 20:09:00+00:00,2024-02-09 20:09:00+00:00,2024-02-09 20:11:00+00:00,2024-02-09 20:12:00+00:00,pullback_short_late_09e4d5d84f5e,-1,market,0.0,3,1,8,12,46680.0
394078,394079,394081,394081,closed,timeout,19984.0,19990.25,19983.75,19990.5,19992.0,19972.0,-6.25,-6.75,-7.25,-145.0,10.0,0.5,3.0,3.0,7.25,2024-02-09 20:13:00+00:00,2024-02-09 20:13:00+00:00,2024-02-09 20:16:00+00:00,2024-02-09 20:16:00+00:00,pullback_short_late_09e4d5d84f5e,-1,market,0.0,3,1,8,12,46535.0
394100,394101,394103,394103,closed,timeout,19977.25,19981.5,19977.0,19981.75,19985.25,19965.25,-4.25,-4.75,-5.25,-105.0,10.0,0.5,3.0,3.0,7.25,2024-02-09 20:35:00+00:00,2024-02-09 20:35:00+00:00,2024-02-09 20:38:00+00:00,2024-02-09 20:38:00+00:00,pullback_short_late_09e4d5d84f5e,-1,market,0.0,3,1,8,12,46430.0
395388,395389,395389,395389,closed,stop,19912.25,19920.25,19912.0,19920.5,19920.25,19900.25,-8.0,-8.5,-9.0,-180.0,10.0,0.5,1.0,1.0,11.0,2024-02-12 19:25:00+00:00,2024-02-12 19:25:00+00:00,2024-02-12 19:26:00+00:00,2024-02-12 19:28:00+00:00,pullback_short_late_09e4d5d84f5e,-1,market,0.0,3,1,8,12,46250.0
395390,395391,395393,395393,closed,stop,19912.25,19920.25,19912.0,19920.5,19920.25,19900.25,-8.0,-8.5,-9.0,-180.0,10.0,0.5,3.0,3.0,8.25,2024-02-12 19:27:00+00:00,2024-02-12 19:27:00+00:00,2024-02-12 19:30:00+00:00,2024-02-12 19:30:00+00:00,pullback_short_late_09e4d5d84f5e,-1,market,0.0,3,1,8,12,46070.0
395394,395395,395397,395397,closed,timeout,19913.0,19912.75,19912.75,19913.0,19921.0,19901.0,0.25,-0.25,-0.75,-15.0,10.0,0.5,3.0,3.0,6.25,2024-02-12 19:31:00+00:00,2024-02-12 19:31:00+00:00,2024-02-12 19:34:00+00:00,2024-02-12 19:34:00+00:00,pullback_short_late_09e4d5d84f5e,-1,market,0.0,3,1,8,12,46055.0
395397,395398,395400,395400,closed,timeout,19912.75,19908.0,19912.5,19908.25,19920.75,19900.75,4.75,4.25,3.75,75.0,10.0,0.5,3.0,3.0,5.5,2024-02-12 19:34:00+00:00,2024-02-12 19:34:00+00:00,2024-02-12 19:37:00+00:00,2024-02-12 19:37:00+00:00,pullback_short_late_09e4d5d84f5e,-1,market,0.0,3,1,8,12,46130.0
395418,395419,395421,395421,closed,timeout,19895.5,19893.75,19895.25,19894.0,19903.5,19883.5,1.75,1.25,0.75,15.0,10.0,0.5,3.0,3.0,3.5,2024-02-12 19:55:00+00:00,2024-02-12 19:55:00+00:00,2024-02-12 19:58:00+00:00,2024-02-12 19:58:00+00:00,pullback_short_late_09e4d5d84f5e,-1,market,0.0,3,1,8,12,46145.0
395421,395422,395424,395424,closed,stop,19893.75,19901.75,19893.5,19902.0,19901.75,19881.75,-8.0,-8.5,-9.0,-180.0,10.0,0.5,3.0,3.0,9.0,2024-02-12 19:58:00+00:00,2024-02-12 19:58:00+00:00,2024-02-12 20:01:00+00:00,2024-02-12 20:01:00+00:00,pullback_short_late_09e4d5d84f5e,-1,market,0.0,3,1,8,12,45965.0
395428,395429,395429,395429,closed,stop,19900.25,19908.25,19900.0,19908.5,19908.25,19888.25,-8.0,-8.5,-9.0,-180.0,10.0,0.5,1.0,1.0,9.25,2024-02-12 20:05:00+00:00,2024-02-12 20:05:00+00:00,2024-02-12 20:06:00+00:00,2024-02-12 20:08:00+00:00,pullback_short_late_09e4d5d84f5e,-1,market,0.0,3,1,8,12,45785.0
395472,395473,395474,395474,closed,stop,19911.25,19919.25,19911.0,19919.5,19919.25,19899.25,-8.0,-8.5,-9.0,-180.0,10.0,0.5,2.0,2.0,8.5,2024-02-12 20:49:00+00:00,2024-02-12 20:49:00+00:00,2024-02-12 20:51:00+00:00,2024-02-12 20:52:00+00:00,pullback_short_late_09e4d5d84f5e,-1,market,0.0,3,1,8,12,45605.0
396729,396730,396731,396731,closed,target,19595.75,19583.75,19595.5,19584.0,19603.75,19583.75,12.0,11.5,11.0,220.0,10.0,0.5,2.0,2.0,0.75,2024-02-13 19:01:00+00:00,2024-02-13 19:01:00+00:00,2024-02-13 19:03:00+00:00,2024-02-13 19:04:00+00:00,pullback_short_late_09e4d5d84f5e,-1,market,0.0,3,1,8,12,45825.0
396745,396746,396747,396747,closed,stop,19541.5,19549.5,19541.25,19549.75,19549.5,19529.5,-8.0,-8.5,-9.0,-180.0,10.0,0.5,2.0,2.0,10.5,2024-02-13 19:17:00+00:00,2024-02-13 19:17:00+00:00,2024-02-13 19:19:00+00:00,2024-02-13 19:20:00+00:00,pullback_short_late_09e4d5d84f5e,-1,market,0.0,3,1,8,12,45645.0
396748,396749,396751,396751,closed,timeout,19547.25,19550.5,19547.0,19550.75,19555.25,19535.25,-3.25,-3.75,-4.25,-85.0,10.0,0.5,3.0,3.0,7.75,2024-02-13 19:20:00+00:00,2024-02-13 19:20:00+00:00,2024-02-13 19:23:00+00:00,2024-02-13 19:23:00+00:00,pullback_short_late_09e4d5d84f5e,-1,market,0.0,3,1,8,12,45560.0
396752,396753,396755,396755,closed,timeout,19547.75,19544.25,19547.5,19544.5,19555.75,19535.75,3.5,3.0,2.5,50.0,10.0,0.5,3.0,3.0,5.0,2024-02-13 19:24:00+00:00,2024-02-13 19:24:00+00:00,2024-02-13 19:27:00+00:00,2024-02-13 19:27:00+00:00,pullback_short_late_09e4d5d84f5e,-1,market,0.0,3,1,8,12,45610.0
396786,396787,396789,396789,closed,stop,19518.75,19526.75,19518.5,19527.0,19526.75,19506.75,-8.0,-8.5,-9.0,-180.0,10.0,0.5,3.0,3.0,11.0,2024-02-13 19:58:00+00:00,2024-02-13 19:58:00+00:00,2024-02-13 20:01:00+00:00,2024-02-13 20:01:00+00:00,pullback_short_late_09e4d5d84f5e,-1,market,0.0,3,1,8,12,45430.0
396790,396791,396793,396793,closed,timeout,19517.5,19510.25,19517.25,19510.5,19525.5,19505.5,7.25,6.75,6.25,125.0,10.0,0.5,3.0,3.0,5.0,2024-02-13 20:02:00+00:00,2024-02-13 20:02:00+00:00,2024-02-13 20:05:00+00:00,2024-02-13 20:05:00+00:00,pullback_short_late_09e4d5d84f5e,-1,market,0.0,3,1,8,12,45555.0
396805,396806,396807,396807,closed,target,19510.0,19498.0,19509.75,19498.25,19518.0,19498.0,12.0,11.5,11.0,220.0,10.0,0.5,2.0,2.0,1.5,2024-02-13 20:17:00+00:00,2024-02-13 20:17:00+00:00,2024-02-13 20:19:00+00:00,2024-02-13 20:20:00+00:00,pullback_short_late_09e4d5d84f5e,-1,market,0.0,3,1,8,12,45775.0
396813,396814,396816,396816,closed,stop,19494.5,19502.5,19494.25,19502.75,19502.5,19482.5,-8.0,-8.5,-9.0,-180.0,10.0,0.5,3.0,3.0,14.25,2024-02-13 20:25:00+00:00,2024-02-13 20:25:00+00:00,2024-02-13 20:28:00+00:00,2024-02-13 20:28:00+00:00,pullback_short_late_09e4d5d84f5e,-1,market,0.0,3,1,8,12,45595.0
398094,398095,398097,398097,closed,timeout,19724.5,19718.5,19724.25,19718.75,19732.5,19712.5,6.0,5.5,5.0,100.0,10.0,0.5,3.0,3.0,0.5,2024-02-14 19:01:00+00:00,2024-02-14 19:01:00+00:00,2024-02-14 19:04:00+00:00,2024-02-14 19:04:00+00:00,pullback_short_late_09e4d5d84f5e,-1,market,0.0,3,1,8,12,45695.0
398104,398105,398106,398106,closed,stop,19680.5,19688.5,19680.25,19688.75,19688.5,19668.5,-8.0,-8.5,-9.0,-180.0,10.0,0.5,2.0,2.0,19.0,2024-02-14 19:11:00+00:00,2024-02-14 19:11:00+00:00,2024-02-14 19:13:00+00:00,2024-02-14 19:14:00+00:00,pullback_short_late_09e4d5d84f5e,-1,market,0.0,3,1,8,12,45515.0
398108,398109,398111,398111,closed,timeout,19695.25,19700.0,19695.0,19700.25,19703.25,19683.25,-4.75,-5.25,-5.75,-115.0,10.0,0.5,3.0,3.0,7.75,2024-02-14 19:15:00+00:00,2024-02-14 19:15:00+00:00,2024-02-14 19:18:00+00:00,2024-02-14 19:18:00+00:00,pullback_short_late_09e4d5d84f5e,-1,market,0.0,3,1,8,12,45400.0
398117,398118,398119,398119,closed,stop,19703.75,19711.75,19703.5,19712.0,19711.75,19691.75,-8.0,-8.5,-9.0,-180.0,10.0,0.5,2.0,2.0,12.5,2024-02-14 19:24:00+00:00,2024-02-14 19:24:00+00:00,2024-02-14 19:26:00+00:00,2024-02-14 19:27:00+00:00,pullback_short_late_09e4d5d84f5e,-1,market,0.0,3,1,8,12,45220.0
399459,399460,399462,399462,closed,timeout,19846.25,19850.5,19846.0,19850.75,19854.25,19834.25,-4.25,-4.75,-5.25,-105.0,10.0,0.5,3.0,3.0,7.5,2024-02-15 19:01:00+00:00,2024-02-15 19:01:00+00:00,2024-02-15 19:04:00+00:00,2024-02-15 19:04:00+00:00,pullback_short_late_09e4d5d84f5e,-1,market,0.0,3,1,8,12,45115.0
399477,399478,399478,399478,closed,stop,19840.75,19848.75,19840.5,19849.0,19848.75,19828.75,-8.0,-8.5,-9.0,-180.0,10.0,0.5,1.0,1.0,11.75,2024-02-15 19:19:00+00:00,2024-02-15 19:19:00+00:00,2024-02-15 19:20:00+00:00,2024-02-15 19:22:00+00:00,pullback_short_late_09e4d5d84f5e,-1,market,0.0,3,1,8,12,44935.0
399525,399526,399528,399528,closed,target,19850.0,19838.0,19849.75,19838.25,19858.0,19838.0,12.0,11.5,11.0,220.0,10.0,0.5,3.0,3.0,2.0,2024-02-15 20:07:00+00:00,2024-02-15 20:07:00+00:00,2024-02-15 20:10:00+00:00,2024-02-15 20:10:00+00:00,pullback_short_late_09e4d5d84f5e,-1,market,0.0,3,1,8,12,45155.0
399535,399536,399538,399538,closed,target,19846.75,19834.75,19846.5,19835.0,19854.75,19834.75,12.0,11.5,11.0,220.0,10.0,0.5,3.0,3.0,0.5,2024-02-15 20:17:00+00:00,2024-02-15 20:17:00+00:00,2024-02-15 20:20:00+00:00,2024-02-15 20:20:00+00:00,pullback_short_late_09e4d5d84f5e,-1,market,0.0,3,1,8,12,45375.0
399550,399551,399553,399553,closed,timeout,19835.75,19836.0,19835.5,19836.25,19843.75,19823.75,-0.25,-0.75,-1.25,-25.0,10.0,0.5,3.0,3.0,5.75,2024-02-15 20:32:00+00:00,2024-02-15 20:32:00+00:00,2024-02-15 20:35:00+00:00,2024-02-15 20:35:00+00:00,pullback_short_late_09e4d5d84f5e,-1,market,0.0,3,1,8,12,45350.0
400860,400861,400862,400862,closed,target,19821.25,19809.25,19821.0,19809.5,19829.25,19809.25,12.0,11.5,11.0,220.0,10.0,0.5,2.0,2.0,3.25,2024-02-16 19:37:00+00:00,2024-02-16 19:37:00+00:00,2024-02-16 19:39:00+00:00,2024-02-16 19:40:00+00:00,pullback_short_late_09e4d5d84f5e,-1,market,0.0,3,1,8,12,45570.0
400863,400864,400866,400866,closed,timeout,19810.5,19806.75,19810.25,19807.0,19818.5,19798.5,3.75,3.25,2.75,55.0,10.0,0.5,3.0,3.0,6.25,2024-02-16 19:40:00+00:00,2024-02-16 19:40:00+00:00,2024-02-16 19:43:00+00:00,2024-02-16 19:43:00+00:00,pullback_short_late_09e4d5d84f5e,-1,market,0.0,3,1,8,12,45625.0
400873,400874,400874,400874,closed,target,19737.5,19725.5,19737.25,19725.75,19745.5,19725.5,12.0,11.5,11.0,220.0,10.0,0.5,1.0,1.0,0.5,2024-02-16 19:50:00+00:00,2024-02-16 19:50:00+00:00,2024-02-16 19:51:00+00:00,2024-02-16 19:53:00+00:00,pullback_short_late_09e4d5d84f5e,-1,market,0.0,3,1,8,12,45845.0
400874,400875,400875,400875,closed,stop,19725.25,19733.25,19725.0,19733.5,19733.25,19713.25,-8.0,-8.5,-9.0,-180.0,10.0,0.5,1.0,1.0,9.75,2024-02-16 19:51:00+00:00,2024-02-16 19:51:00+00:00,2024-02-16 19:52:00+00:00,2024-02-16 19:54:00+00:00,pullback_short_late_09e4d5d84f5e,-1,market,0.0,3,1,8,12,45665.0
400881,400882,400883,400883,closed,stop,19723.5,19731.5,19723.25,19731.75,19731.5,19711.5,-8.0,-8.5,-9.0,-180.0,10.0,0.5,2.0,2.0,10.0,2024-02-16 19:58:00+00:00,2024-02-16 19:58:00+00:00,2024-02-16 20:00:00+00:00,2024-02-16 20:01:00+00:00,pullback_short_late_09e4d5d84f5e,-1,market,0.0,3,1,8,12,45485.0
400885,400886,400888,400888,closed,target,19725.75,19713.75,19725.5,19714.0,19733.75,19713.75,12.0,11.5,11.0,220.0,10.0,0.5,3.0,3.0,3.0,2024-02-16 20:02:00+00:00,2024-02-16 20:02:00+00:00,2024-02-16 20:05:00+00:00,2024-02-16 20:05:00+00:00,pullback_short_late_09e4d5d84f5e,-1,market,0.0,3,1,8,12,45705.0
400899,400900,400901,400901,closed,stop,19715.75,19723.75,19715.5,19724.0,19723.75,19703.75,-8.0,-8.5,-9.0,-180.0,10.0,0.5,2.0,2.0,10.25,2024-02-16 20:16:00+00:00,2024-02-16 20:16:00+00:00,2024-02-16 20:18:00+00:00,2024-02-16 20:19:00+00:00,pullback_short_late_09e4d5d84f5e,-1,market,0.0,3,1,8,12,45525.0
400901,400902,400902,400902,closed,stop,19709.75,19717.75,19709.5,19718.0,19717.75,19697.75,-8.0,-8.5,-9.0,-180.0,10.0,0.5,1.0,1.0,13.25,2024-02-16 20:18:00+00:00,2024-02-16 20:18:00+00:00,2024-02-16 20:19:00+00:00,2024-02-16 20:21:00+00:00,pullback_short_late_09e4d5d84f5e,-1,market,0.0,3,1,8,12,45345.0
400927,400928,400929,400929,closed,stop,19696.75,19704.75,19696.5,19705.0,19704.75,19684.75,-8.0,-8.5,-9.0,-180.0,10.0,0.5,2.0,2.0,8.25,2024-02-16 20:44:00+00:00,2024-02-16 20:44:00+00:00,2024-02-16 20:46:00+00:00,2024-02-16 20:47:00+00:00,pullback_short_late_09e4d5d84f5e,-1,market,0.0,3,1,8,12,45165.0
400935,400936,400937,400937,closed,target,19680.25,19668.25,19680.0,19668.5,19688.25,19668.25,12.0,11.5,11.0,220.0,10.0,0.5,2.0,2.0,0.25,2024-02-16 20:52:00+00:00,2024-02-16 20:52:00+00:00,2024-02-16 20:54:00+00:00,2024-02-16 20:55:00+00:00,pullback_short_late_09e4d5d84f5e,-1,market,0.0,3,1,8,12,45385.0
400940,400941,400942,400942,closed,stop,19683.25,19691.25,19683.0,19691.5,19691.25,19671.25,-8.0,-8.5,-9.0,-180.0,10.0,0.5,2.0,2.0,10.25,2024-02-16 20:57:00+00:00,2024-02-16 20:57:00+00:00,2024-02-16 20:59:00+00:00,2024-02-16 21:00:00+00:00,pullback_short_late_09e4d5d84f5e,-1,market,0.0,3,1,8,12,45205.0
400942,400943,400944,400944,closed,stop,19684.5,19692.5,19684.25,19692.75,19692.5,19672.5,-8.0,-8.5,-9.0,-180.0,10.0,0.5,2.0,2.0,8.5,2024-02-16 20:59:00+00:00,2024-02-16 20:59:00+00:00,2024-02-16 21:01:00+00:00,2024-02-16 21:02:00+00:00,pullback_short_late_09e4d5d84f5e,-1,market,0.0,3,1,8,12,45025.0
403346,403347,403347,403347,closed,stop,19451.25,19459.25,19451.0,19459.5,19459.25,19439.25,-8.0,-8.5,-9.0,-180.0,10.0,0.5,1.0,1.0,10.5,2024-02-20 19:18:00+00:00,2024-02-20 19:18:00+00:00,2024-02-20 19:19:00+00:00,2024-02-20 19:21:00+00:00,pullback_short_late_09e4d5d84f5e,-1,market,0.0,3,1,8,12,44845.0
403427,403428,403430,403430,closed,stop,19494.5,19502.5,19494.25,19502.75,19502.5,19482.5,-8.0,-8.5,-9.0,-180.0,10.0,0.5,3.0,3.0,13.25,2024-02-20 20:39:00+00:00,2024-02-20 20:39:00+00:00,2024-02-20 20:42:00+00:00,2024-02-20 20:42:00+00:00,pullback_short_late_09e4d5d84f5e,-1,market,0.0,3,1,8,12,44665.0
403430,403431,403431,403431,closed,stop,19493.75,19501.75,19493.5,19502.0,19501.75,19481.75,-8.0,-8.5,-9.0,-180.0,10.0,0.5,1.0,1.0,13.75,2024-02-20 20:42:00+00:00,2024-02-20 20:42:00+00:00,2024-02-20 20:43:00+00:00,2024-02-20 20:45:00+00:00,pullback_short_late_09e4d5d84f5e,-1,market,0.0,3,1,8,12,44485.0
404693,404694,404694,404694,closed,target,19393.5,19381.5,19393.25,19381.75,19401.5,19381.5,12.0,11.5,11.0,220.0,10.0,0.5,1.0,1.0,6.25,2024-02-21 19:00:00+00:00,2024-02-21 19:00:00+00:00,2024-02-21 19:01:00+00:00,2024-02-21 19:03:00+00:00,pullback_short_late_09e4d5d84f5e,-1,market,0.0,3,1,8,12,44705.0
404696,404697,404697,404697,closed,stop,19370.5,19378.5,19370.25,19378.75,19378.5,19358.5,-8.0,-8.5,-9.0,-180.0,10.0,0.5,1.0,1.0,44.5,2024-02-21 19:03:00+00:00,2024-02-21 19:03:00+00:00,2024-02-21 19:04:00+00:00,2024-02-21 19:06:00+00:00,pullback_short_late_09e4d5d84f5e,-1,market,0.0,3,1,8,12,44525.0
404725,404726,404728,404728,closed,timeout,19350.75,19345.75,19350.5,19346.0,19358.75,19338.75,5.0,4.5,4.0,80.0,10.0,0.5,3.0,3.0,5.25,2024-02-21 19:32:00+00:00,2024-02-21 19:32:00+00:00,2024-02-21 19:35:00+00:00,2024-02-21 19:35:00+00:00,pullback_short_late_09e4d5d84f5e,-1,market,0.0,3,1,8,12,44605.0
404740,404741,404742,404742,closed,stop,19319.25,19327.25,19319.0,19327.5,19327.25,19307.25,-8.0,-8.5,-9.0,-180.0,10.0,0.5,2.0,2.0,11.0,2024-02-21 19:47:00+00:00,2024-02-21 19:47:00+00:00,2024-02-21 19:49:00+00:00,2024-02-21 19:50:00+00:00,pullback_short_late_09e4d5d84f5e,-1,market,0.0,3,1,8,12,44425.0
404769,404770,404771,404771,closed,stop,19331.25,19339.25,19331.0,19339.5,19339.25,19319.25,-8.0,-8.5,-9.0,-180.0,10.0,0.5,2.0,2.0,11.25,2024-02-21 20:16:00+00:00,2024-02-21 20:16:00+00:00,2024-02-21 20:18:00+00:00,2024-02-21 20:19:00+00:00,pullback_short_late_09e4d5d84f5e,-1,market,0.0,3,1,8,12,44245.0
406105,406106,406108,406108,closed,timeout,20001.75,20000.25,20001.5,20000.5,20009.75,19989.75,1.5,1.0,0.5,10.0,10.0,0.5,3.0,3.0,5.75,2024-02-22 19:47:00+00:00,2024-02-22 19:47:00+00:00,2024-02-22 19:50:00+00:00,2024-02-22 19:50:00+00:00,pullback_short_late_09e4d5d84f5e,-1,market,0.0,3,1,8,12,44255.0
406111,406112,406114,406114,closed,timeout,19999.75,20003.0,19999.5,20003.25,20007.75,19987.75,-3.25,-3.75,-4.25,-85.0,10.0,0.5,3.0,3.0,6.5,2024-02-22 19:53:00+00:00,2024-02-22 19:53:00+00:00,2024-02-22 19:56:00+00:00,2024-02-22 19:56:00+00:00,pullback_short_late_09e4d5d84f5e,-1,market,0.0,3,1,8,12,44170.0
406120,406121,406121,406121,closed,stop,19987.25,19995.25,19987.0,19995.5,19995.25,19975.25,-8.0,-8.5,-9.0,-180.0,10.0,0.5,1.0,1.0,14.0,2024-02-22 20:02:00+00:00,2024-02-22 20:02:00+00:00,2024-02-22 20:03:00+00:00,2024-02-22 20:05:00+00:00,pullback_short_late_09e4d5d84f5e,-1,market,0.0,3,1,8,12,43990.0
407428,407429,407430,407430,closed,stop,19958.25,19966.25,19958.0,19966.5,19966.25,19946.25,-8.0,-8.5,-9.0,-180.0,10.0,0.5,2.0,2.0,16.25,2024-02-23 19:05:00+00:00,2024-02-23 19:05:00+00:00,2024-02-23 19:07:00+00:00,2024-02-23 19:08:00+00:00,pullback_short_late_09e4d5d84f5e,-1,market,0.0,3,1,8,12,43810.0
407432,407433,407434,407434,closed,target,19964.0,19952.0,19963.75,19952.25,19972.0,19952.0,12.0,11.5,11.0,220.0,10.0,0.5,2.0,2.0,1.75,2024-02-23 19:09:00+00:00,2024-02-23 19:09:00+00:00,2024-02-23 19:11:00+00:00,2024-02-23 19:12:00+00:00,pullback_short_late_09e4d5d84f5e,-1,market,0.0,3,1,8,12,44030.0
407438,407439,407441,407441,closed,stop,19950.5,19958.5,19950.25,19958.75,19958.5,19938.5,-8.0,-8.5,-9.0,-180.0,10.0,0.5,3.0,3.0,8.25,2024-02-23 19:15:00+00:00,2024-02-23 19:15:00+00:00,2024-02-23 19:18:00+00:00,2024-02-23 19:18:00+00:00,pullback_short_late_09e4d5d84f5e,-1,market,0.0,3,1,8,12,43850.0
407445,407446,407448,407448,closed,target,19950.75,19938.75,19950.5,19939.0,19958.75,19938.75,12.0,11.5,11.0,220.0,10.0,0.5,3.0,3.0,2.0,2024-02-23 19:22:00+00:00,2024-02-23 19:22:00+00:00,2024-02-23 19:25:00+00:00,2024-02-23 19:25:00+00:00,pullback_short_late_09e4d5d84f5e,-1,market,0.0,3,1,8,12,44070.0
407451,407452,407454,407454,closed,timeout,19939.25,19942.75,19939.0,19943.0,19947.25,19927.25,-3.5,-4.0,-4.5,-90.0,10.0,0.5,3.0,3.0,6.0,2024-02-23 19:28:00+00:00,2024-02-23 19:28:00+00:00,2024-02-23 19:31:00+00:00,2024-02-23 19:31:00+00:00,pullback_short_late_09e4d5d84f5e,-1,market,0.0,3,1,8,12,43980.0
407497,407498,407500,407500,closed,stop,19927.0,19935.0,19926.75,19935.25,19935.0,19915.0,-8.0,-8.5,-9.0,-180.0,10.0,0.5,3.0,3.0,8.75,2024-02-23 20:14:00+00:00,2024-02-23 20:14:00+00:00,2024-02-23 20:17:00+00:00,2024-02-23 20:17:00+00:00,pullback_short_late_09e4d5d84f5e,-1,market,0.0,3,1,8,12,43800.0
407503,407504,407506,407506,closed,timeout,19934.25,19933.75,19934.0,19934.0,19942.25,19922.25,0.5,-0.0,-0.5,-10.0,10.0,0.5,3.0,3.0,2.0,2024-02-23 20:20:00+00:00,2024-02-23 20:20:00+00:00,2024-02-23 20:23:00+00:00,2024-02-23 20:23:00+00:00,pullback_short_late_09e4d5d84f5e,-1,market,0.0,3,1,8,12,43790.0
407507,407508,407510,407510,closed,target,19931.75,19919.75,19931.5,19920.0,19939.75,19919.75,12.0,11.5,11.0,220.0,10.0,0.5,3.0,3.0,3.0,2024-02-23 20:24:00+00:00,2024-02-23 20:24:00+00:00,2024-02-23 20:27:00+00:00,2024-02-23 20:27:00+00:00,pullback_short_late_09e4d5d84f5e,-1,market,0.0,3,1,8,12,44010.0
408838,408839,408840,408840,closed,stop,19964.75,19972.75,19964.5,19973.0,19972.75,19952.75,-8.0,-8.5,-9.0,-180.0,10.0,0.5,2.0,2.0,8.25,2024-02-26 19:50:00+00:00,2024-02-26 19:50:00+00:00,2024-02-26 19:52:00+00:00,2024-02-26 19:53:00+00:00,pullback_short_late_09e4d5d84f5e,-1,market,0.0,3,1,8,12,43830.0
408888,408889,408891,408891,closed,timeout,19944.5,19939.75,19944.25,19940.0,19952.5,19932.5,4.75,4.25,3.75,75.0,10.0,0.5,3.0,3.0,2.5,2024-02-26 20:40:00+00:00,2024-02-26 20:40:00+00:00,2024-02-26 20:43:00+00:00,2024-02-26 20:43:00+00:00,pullback_short_late_09e4d5d84f5e,-1,market,0.0,3,1,8,12,43905.0
408897,408898,408900,408900,closed,target,19942.25,19930.25,19942.0,19930.5,19950.25,19930.25,12.0,11.5,11.0,220.0,10.0,0.5,3.0,3.0,6.5,2024-02-26 20:49:00+00:00,2024-02-26 20:49:00+00:00,2024-02-26 20:52:00+00:00,2024-02-26 20:52:00+00:00,pullback_short_late_09e4d5d84f5e,-1,market,0.0,3,1,8,12,44125.0
410208,410209,410209,410209,closed,stop,19954.75,19962.75,19954.5,19963.0,19962.75,19942.75,-8.0,-8.5,-9.0,-180.0,10.0,0.5,1.0,1.0,9.0,2024-02-27 19:55:00+00:00,2024-02-27 19:55:00+00:00,2024-02-27 19:56:00+00:00,2024-02-27 19:58:00+00:00,pullback_short_late_09e4d5d84f5e,-1,market,0.0,3,1,8,12,43945.0
411533,411534,411536,411536,closed,timeout,19854.75,19857.5,19854.5,19857.75,19862.75,19842.75,-2.75,-3.25,-3.75,-75.0,10.0,0.5,3.0,3.0,5.5,2024-02-28 19:15:00+00:00,2024-02-28 19:15:00+00:00,2024-02-28 19:18:00+00:00,2024-02-28 19:18:00+00:00,pullback_short_late_09e4d5d84f5e,-1,market,0.0,3,1,8,12,43870.0
411539,411540,411542,411542,closed,timeout,19859.25,19865.75,19859.0,19866.0,19867.25,19847.25,-6.5,-7.0,-7.5,-150.0,10.0,0.5,3.0,3.0,6.75,2024-02-28 19:21:00+00:00,2024-02-28 19:21:00+00:00,2024-02-28 19:24:00+00:00,2024-02-28 19:24:00+00:00,pullback_short_late_09e4d5d84f5e,-1,market,0.0,3,1,8,12,43720.0
411543,411544,411546,411546,closed,timeout,19863.5,19855.25,19863.25,19855.5,19871.5,19851.5,8.25,7.75,7.25,145.0,10.0,0.5,3.0,3.0,2.5,2024-02-28 19:25:00+00:00,2024-02-28 19:25:00+00:00,2024-02-28 19:28:00+00:00,2024-02-28 19:28:00+00:00,pullback_short_late_09e4d5d84f5e,-1,market,0.0,3,1,8,12,43865.0
411550,411551,411553,411553,closed,timeout,19847.0,19845.75,19846.75,19846.0,19855.0,19835.0,1.25,0.75,0.25,5.0,10.0,0.5,3.0,3.0,3.25,2024-02-28 19:32:00+00:00,2024-02-28 19:32:00+00:00,2024-02-28 19:35:00+00:00,2024-02-28 19:35:00+00:00,pullback_short_late_09e4d5d84f5e,-1,market,0.0,3,1,8,12,43870.0
411559,411560,411562,411562,closed,timeout,19833.5,19836.75,19833.25,19837.0,19841.5,19821.5,-3.25,-3.75,-4.25,-85.0,10.0,0.5,3.0,3.0,5.0,2024-02-28 19:41:00+00:00,2024-02-28 19:41:00+00:00,2024-02-28 19:44:00+00:00,2024-02-28 19:44:00+00:00,pullback_short_late_09e4d5d84f5e,-1,market,0.0,3,1,8,12,43785.0
411567,411568,411570,411570,closed,target,19840.75,19828.75,19840.5,19829.0,19848.75,19828.75,12.0,11.5,11.0,220.0,10.0,0.5,3.0,3.0,1.5,2024-02-28 19:49:00+00:00,2024-02-28 19:49:00+00:00,2024-02-28 19:52:00+00:00,2024-02-28 19:52:00+00:00,pullback_short_late_09e4d5d84f5e,-1,market,0.0,3,1,8,12,44005.0
411600,411601,411601,411601,closed,stop,19848.5,19856.5,19848.25,19856.75,19856.5,19836.5,-8.0,-8.5,-9.0,-180.0,10.0,0.5,1.0,1.0,12.75,2024-02-28 20:22:00+00:00,2024-02-28 20:22:00+00:00,2024-02-28 20:23:00+00:00,2024-02-28 20:25:00+00:00,pullback_short_late_09e4d5d84f5e,-1,market,0.0,3,1,8,12,43825.0
411603,411604,411606,411606,closed,timeout,19859.0,19860.25,19858.75,19860.5,19867.0,19847.0,-1.25,-1.75,-2.25,-45.0,10.0,0.5,3.0,3.0,4.25,2024-02-28 20:25:00+00:00,2024-02-28 20:25:00+00:00,2024-02-28 20:28:00+00:00,2024-02-28 20:28:00+00:00,pullback_short_late_09e4d5d84f5e,-1,market,0.0,3,1,8,12,43780.0
411629,411630,411632,411632,closed,timeout,19847.0,19839.0,19846.75,19839.25,19855.0,19835.0,8.0,7.5,7.0,140.0,10.0,0.5,3.0,3.0,5.0,2024-02-28 20:51:00+00:00,2024-02-28 20:51:00+00:00,2024-02-28 20:54:00+00:00,2024-02-28 20:54:00+00:00,pullback_short_late_09e4d5d84f5e,-1,market,0.0,3,1,8,12,43920.0
412916,412917,412918,412918,closed,target,19971.75,19959.75,19971.5,19960.0,19979.75,19959.75,12.0,11.5,11.0,220.0,10.0,0.5,2.0,2.0,0.75,2024-02-29 19:33:00+00:00,2024-02-29 19:33:00+00:00,2024-02-29 19:35:00+00:00,2024-02-29 19:36:00+00:00,pullback_short_late_09e4d5d84f5e,-1,market,0.0,3,1,8,12,44140.0
412922,412923,412925,412925,closed,timeout,19970.5,19964.5,19970.25,19964.75,19978.5,19958.5,6.0,5.5,5.0,100.0,10.0,0.5,3.0,3.0,4.5,2024-02-29 19:39:00+00:00,2024-02-29 19:39:00+00:00,2024-02-29 19:42:00+00:00,2024-02-29 19:42:00+00:00,pullback_short_late_09e4d5d84f5e,-1,market,0.0,3,1,8,12,44240.0
412936,412937,412939,412939,closed,timeout,19958.5,19961.0,19958.25,19961.25,19966.5,19946.5,-2.5,-3.0,-3.5,-70.0,10.0,0.5,3.0,3.0,4.5,2024-02-29 19:53:00+00:00,2024-02-29 19:53:00+00:00,2024-02-29 19:56:00+00:00,2024-02-29 19:56:00+00:00,pullback_short_late_09e4d5d84f5e,-1,market,0.0,3,1,8,12,44170.0
414287,414288,414289,414289,closed,target,20290.0,20278.0,20289.75,20278.25,20298.0,20278.0,12.0,11.5,11.0,220.0,10.0,0.5,2.0,2.0,1.5,2024-03-01 19:39:00+00:00,2024-03-01 19:39:00+00:00,2024-03-01 19:41:00+00:00,2024-03-01 19:42:00+00:00,pullback_short_late_09e4d5d84f5e,-1,market,0.0,3,1,8,12,44390.0
414290,414291,414292,414292,closed,stop,20279.25,20287.25,20279.0,20287.5,20287.25,20267.25,-8.0,-8.5,-9.0,-180.0,10.0,0.5,2.0,2.0,10.0,2024-03-01 19:42:00+00:00,2024-03-01 19:42:00+00:00,2024-03-01 19:44:00+00:00,2024-03-01 19:45:00+00:00,pullback_short_late_09e4d5d84f5e,-1,market,0.0,3,1,8,12,44210.0
414297,414298,414299,414299,closed,stop,20294.25,20302.25,20294.0,20302.5,20302.25,20282.25,-8.0,-8.5,-9.0,-180.0,10.0,0.5,2.0,2.0,9.75,2024-03-01 19:49:00+00:00,2024-03-01 19:49:00+00:00,2024-03-01 19:51:00+00:00,2024-03-01 19:52:00+00:00,pullback_short_late_09e4d5d84f5e,-1,market,0.0,3,1,8,12,44030.0
414324,414325,414327,414327,closed,timeout,20270.5,20272.0,20270.25,20272.25,20278.5,20258.5,-1.5,-2.0,-2.5,-50.0,10.0,0.5,3.0,3.0,7.25,2024-03-01 20:16:00+00:00,2024-03-01 20:16:00+00:00,2024-03-01 20:19:00+00:00,2024-03-01 20:19:00+00:00,pullback_short_late_09e4d5d84f5e,-1,market,0.0,3,1,8,12,43980.0
414331,414332,414333,414333,closed,stop,20274.0,20282.0,20273.75,20282.25,20282.0,20262.0,-8.0,-8.5,-9.0,-180.0,10.0,0.5,2.0,2.0,9.5,2024-03-01 20:23:00+00:00,2024-03-01 20:23:00+00:00,2024-03-01 20:25:00+00:00,2024-03-01 20:26:00+00:00,pullback_short_late_09e4d5d84f5e,-1,market,0.0,3,1,8,12,43800.0
415630,415631,415632,415632,closed,stop,20239.25,20247.25,20239.0,20247.5,20247.25,20227.25,-8.0,-8.5,-9.0,-180.0,10.0,0.5,2.0,2.0,11.75,2024-03-04 19:17:00+00:00,2024-03-04 19:17:00+00:00,2024-03-04 19:19:00+00:00,2024-03-04 19:20:00+00:00,pullback_short_late_09e4d5d84f5e,-1,market,0.0,3,1,8,12,43620.0
415715,415716,415718,415718,closed,target,20247.75,20235.75,20247.5,20236.0,20255.75,20235.75,12.0,11.5,11.0,220.0,10.0,0.5,3.0,3.0,3.5,2024-03-04 20:42:00+00:00,2024-03-04 20:42:00+00:00,2024-03-04 20:45:00+00:00,2024-03-04 20:45:00+00:00,pullback_short_late_09e4d5d84f5e,-1,market,0.0,3,1,8,12,43840.0
415729,415730,415732,415732,closed,timeout,20200.25,20203.25,20200.0,20203.5,20208.25,20188.25,-3.0,-3.5,-4.0,-80.0,10.0,0.5,3.0,3.0,7.5,2024-03-04 20:56:00+00:00,2024-03-04 20:56:00+00:00,2024-03-04 20:59:00+00:00,2024-03-04 20:59:00+00:00,pullback_short_late_09e4d5d84f5e,-1,market,0.0,3,1,8,12,43760.0
417016,417017,417019,417019,closed,timeout,19818.5,19819.25,19818.25,19819.5,19826.5,19806.5,-0.75,-1.25,-1.75,-35.0,10.0,0.5,3.0,3.0,5.25,2024-03-05 19:38:00+00:00,2024-03-05 19:38:00+00:00,2024-03-05 19:41:00+00:00,2024-03-05 19:41:00+00:00,pullback_short_late_09e4d5d84f5e,-1,market,0.0,3,1,8,12,43725.0
417020,417021,417023,417023,closed,target,19814.25,19802.25,19814.0,19802.5,19822.25,19802.25,12.0,11.5,11.0,220.0,10.0,0.5,3.0,3.0,1.75,2024-03-05 19:42:00+00:00,2024-03-05 19:42:00+00:00,2024-03-05 19:45:00+00:00,2024-03-05 19:45:00+00:00,pullback_short_late_09e4d5d84f5e,-1,market,0.0,3,1,8,12,43945.0
417028,417029,417030,417030,closed,stop,19799.25,19807.25,19799.0,19807.5,19807.25,19787.25,-8.0,-8.5,-9.0,-180.0,10.0,0.5,2.0,2.0,12.25,2024-03-05 19:50:00+00:00,2024-03-05 19:50:00+00:00,2024-03-05 19:52:00+00:00,2024-03-05 19:53:00+00:00,pullback_short_late_09e4d5d84f5e,-1,market,0.0,3,1,8,12,43765.0
417036,417037,417039,417039,closed,stop,19794.5,19802.5,19794.25,19802.75,19802.5,19782.5,-8.0,-8.5,-9.0,-180.0,10.0,0.5,3.0,3.0,12.5,2024-03-05 19:58:00+00:00,2024-03-05 19:58:00+00:00,2024-03-05 20:01:00+00:00,2024-03-05 20:01:00+00:00,pullback_short_late_09e4d5d84f5e,-1,market,0.0,3,1,8,12,43585.0
417040,417041,417041,417041,closed,stop,19801.25,19809.25,19801.0,19809.5,19809.25,19789.25,-8.0,-8.5,-9.0,-180.0,10.0,0.5,1.0,1.0,12.5,2024-03-05 20:02:00+00:00,2024-03-05 20:02:00+00:00,2024-03-05 20:03:00+00:00,2024-03-05 20:05:00+00:00,pullback_short_late_09e4d5d84f5e,-1,market,0.0,3,1,8,12,43405.0
417059,417060,417061,417061,closed,target,19791.5,19779.5,19791.25,19779.75,19799.5,19779.5,12.0,11.5,11.0,220.0,10.0,0.5,2.0,2.0,0.25,2024-03-05 20:21:00+00:00,2024-03-05 20:21:00+00:00,2024-03-05 20:23:00+00:00,2024-03-05 20:24:00+00:00,pullback_short_late_09e4d5d84f5e,-1,market,0.0,3,1,8,12,43625.0
417064,417065,417067,417067,closed,timeout,19790.75,19782.75,19790.5,19783.0,19798.75,19778.75,8.0,7.5,7.0,140.0,10.0,0.5,3.0,3.0,4.5,2024-03-05 20:26:00+00:00,2024-03-05 20:26:00+00:00,2024-03-05 20:29:00+00:00,2024-03-05 20:29:00+00:00,pullback_short_late_09e4d5d84f5e,-1,market,0.0,3,1,8,12,43765.0
417067,417068,417070,417070,closed,timeout,19782.5,19775.5,19782.25,19775.75,19790.5,19770.5,7.0,6.5,6.0,120.0,10.0,0.5,3.0,3.0,5.0,2024-03-05 20:29:00+00:00,2024-03-05 20:29:00+00:00,2024-03-05 20:32:00+00:00,2024-03-05 20:32:00+00:00,pullback_short_late_09e4d5d84f5e,-1,market,0.0,3,1,8,12,43885.0
418344,418345,418346,418346,closed,stop,19998.5,20006.5,19998.25,20006.75,20006.5,19986.5,-8.0,-8.5,-9.0,-180.0,10.0,0.5,2.0,2.0,9.5,2024-03-06 19:01:00+00:00,2024-03-06 19:01:00+00:00,2024-03-06 19:03:00+00:00,2024-03-06 19:04:00+00:00,pullback_short_late_09e4d5d84f5e,-1,market,0.0,3,1,8,12,43705.0
418363,418364,418364,418364,closed,stop,19985.5,19993.5,19985.25,19993.75,19993.5,19973.5,-8.0,-8.5,-9.0,-180.0,10.0,0.5,1.0,1.0,21.75,2024-03-06 19:20:00+00:00,2024-03-06 19:20:00+00:00,2024-03-06 19:21:00+00:00,2024-03-06 19:23:00+00:00,pullback_short_late_09e4d5d84f5e,-1,market,0.0,3,1,8,12,43525.0
418393,418394,418394,418394,closed,stop,19975.25,19983.25,19975.0,19983.5,19983.25,19963.25,-8.0,-8.5,-9.0,-180.0,10.0,0.5,1.0,1.0,17.75,2024-03-06 19:50:00+00:00,2024-03-06 19:50:00+00:00,2024-03-06 19:51:00+00:00,2024-03-06 19:53:00+00:00,pullback_short_late_09e4d5d84f5e,-1,market,0.0,3,1,8,12,43345.0
418404,418405,418406,418406,closed,stop,19954.5,19962.5,19954.25,19962.75,19962.5,19942.5,-8.0,-8.5,-9.0,-180.0,10.0,0.5,2.0,2.0,15.5,2024-03-06 20:01:00+00:00,2024-03-06 20:01:00+00:00,2024-03-06 20:03:00+00:00,2024-03-06 20:04:00+00:00,pullback_short_late_09e4d5d84f5e,-1,market,0.0,3,1,8,12,43165.0
418434,418435,418435,418435,closed,stop,19953.75,19961.75,19953.5,19962.0,19961.75,19941.75,-8.0,-8.5,-9.0,-180.0,10.0,0.5,1.0,1.0,8.75,2024-03-06 20:31:00+00:00,2024-03-06 20:31:00+00:00,2024-03-06 20:32:00+00:00,2024-03-06 20:34:00+00:00,pullback_short_late_09e4d5d84f5e,-1,market,0.0,3,1,8,12,42985.0
418436,418437,418438,418438,closed,target,19952.5,19940.5,19952.25,19940.75,19960.5,19940.5,12.0,11.5,11.0,220.0,10.0,0.5,2.0,2.0,3.75,2024-03-06 20:33:00+00:00,2024-03-06 20:33:00+00:00,2024-03-06 20:35:00+00:00,2024-03-06 20:36:00+00:00,pullback_short_late_09e4d5d84f5e,-1,market,0.0,3,1,8,12,43205.0
419742,419743,419743,419743,closed,stop,20281.5,20289.5,20281.25,20289.75,20289.5,20269.5,-8.0,-8.5,-9.0,-180.0,10.0,0.5,1.0,1.0,8.25,2024-03-07 19:34:00+00:00,2024-03-07 19:34:00+00:00,2024-03-07 19:35:00+00:00,2024-03-07 19:37:00+00:00,pullback_short_late_09e4d5d84f5e,-1,market,0.0,3,1,8,12,43025.0
419768,419769,419769,419769,closed,target,20268.25,20256.25,20268.0,20256.5,20276.25,20256.25,12.0,11.5,11.0,220.0,10.0,0.5,1.0,1.0,0.5,2024-03-07 20:00:00+00:00,2024-03-07 20:00:00+00:00,2024-03-07 20:01:00+00:00,2024-03-07 20:03:00+00:00,pullback_short_late_09e4d5d84f5e,-1,market,0.0,3,1,8,12,43245.0
419776,419777,419777,419777,closed,target,20258.25,20246.25,20258.0,20246.5,20266.25,20246.25,12.0,11.5,11.0,220.0,10.0,0.5,1.0,1.0,1.25,2024-03-07 20:08:00+00:00,2024-03-07 20:08:00+00:00,2024-03-07 20:09:00+00:00,2024-03-07 20:11:00+00:00,pullback_short_late_09e4d5d84f5e,-1,market,0.0,3,1,8,12,43465.0
419784,419785,419787,419787,closed,timeout,20255.0,20248.5,20254.75,20248.75,20263.0,20243.0,6.5,6.0,5.5,110.0,10.0,0.5,3.0,3.0,3.5,2024-03-07 20:16:00+00:00,2024-03-07 20:16:00+00:00,2024-03-07 20:19:00+00:00,2024-03-07 20:19:00+00:00,pullback_short_late_09e4d5d84f5e,-1,market,0.0,3,1,8,12,43575.0
421131,421132,421132,421132,closed,stop,20078.75,20086.75,20078.5,20087.0,20086.75,20066.75,-8.0,-8.5,-9.0,-180.0,10.0,0.5,1.0,1.0,10.5,2024-03-08 19:58:00+00:00,2024-03-08 19:58:00+00:00,2024-03-08 19:59:00+00:00,2024-03-08 20:01:00+00:00,pullback_short_late_09e4d5d84f5e,-1,market,0.0,3,1,8,12,43395.0
421147,421148,421148,421148,closed,stop,20048.75,20056.75,20048.5,20057.0,20056.75,20036.75,-8.0,-8.5,-9.0,-180.0,10.0,0.5,1.0,1.0,9.5,2024-03-08 20:14:00+00:00,2024-03-08 20:14:00+00:00,2024-03-08 20:15:00+00:00,2024-03-08 20:17:00+00:00,pullback_short_late_09e4d5d84f5e,-1,market,0.0,3,1,8,12,43215.0
421156,421157,421157,421157,closed,stop,20036.75,20044.75,20036.5,20045.0,20044.75,20024.75,-8.0,-8.5,-9.0,-180.0,10.0,0.5,1.0,1.0,8.5,2024-03-08 20:23:00+00:00,2024-03-08 20:23:00+00:00,2024-03-08 20:24:00+00:00,2024-03-08 20:26:00+00:00,pullback_short_late_09e4d5d84f5e,-1,market,0.0,3,1,8,12,43035.0
421159,421160,421162,421162,closed,target,20035.5,20023.5,20035.25,20023.75,20043.5,20023.5,12.0,11.5,11.0,220.0,10.0,0.5,3.0,3.0,6.5,2024-03-08 20:26:00+00:00,2024-03-08 20:26:00+00:00,2024-03-08 20:29:00+00:00,2024-03-08 20:29:00+00:00,pullback_short_late_09e4d5d84f5e,-1,market,0.0,3,1,8,12,43255.0
421169,421170,421170,421170,closed,target,20011.25,19999.25,20011.0,19999.5,20019.25,19999.25,12.0,11.5,11.0,220.0,10.0,0.5,1.0,1.0,4.75,2024-03-08 20:36:00+00:00,2024-03-08 20:36:00+00:00,2024-03-08 20:37:00+00:00,2024-03-08 20:39:00+00:00,pullback_short_late_09e4d5d84f5e,-1,market,0.0,3,1,8,12,43475.0
421172,421173,421173,421173,closed,target,20008.0,19996.0,20007.75,19996.25,20016.0,19996.0,12.0,11.5,11.0,220.0,10.0,0.5,1.0,1.0,2.5,2024-03-08 20:39:00+00:00,2024-03-08 20:39:00+00:00,2024-03-08 20:40:00+00:00,2024-03-08 20:42:00+00:00,pullback_short_late_09e4d5d84f5e,-1,market,0.0,3,1,8,12,43695.0
421175,421176,421177,421177,closed,stop,19996.5,20004.5,19996.25,20004.75,20004.5,19984.5,-8.0,-8.5,-9.0,-180.0,10.0,0.5,2.0,2.0,11.0,2024-03-08 20:42:00+00:00,2024-03-08 20:42:00+00:00,2024-03-08 20:44:00+00:00,2024-03-08 20:45:00+00:00,pullback_short_late_09e4d5d84f5e,-1,market,0.0,3,1,8,12,43515.0
421178,421179,421179,421179,closed,stop,19996.75,20004.75,19996.5,20005.0,20004.75,19984.75,-8.0,-8.5,-9.0,-180.0,10.0,0.5,1.0,1.0,14.5,2024-03-08 20:45:00+00:00,2024-03-08 20:45:00+00:00,2024-03-08 20:46:00+00:00,2024-03-08 20:48:00+00:00,pullback_short_late_09e4d5d84f5e,-1,market,0.0,3,1,8,12,43335.0
422505,422506,422508,422508,closed,timeout,19932.75,19923.25,19932.5,19923.5,19940.75,19920.75,9.5,9.0,8.5,170.0,10.0,0.5,3.0,3.0,2.5,2024-03-11 19:07:00+00:00,2024-03-11 19:07:00+00:00,2024-03-11 19:10:00+00:00,2024-03-11 19:10:00+00:00,pullback_short_late_09e4d5d84f5e,-1,market,0.0,3,1,8,12,43505.0
422515,422516,422518,422518,closed,timeout,19907.75,19901.5,19907.5,19901.75,19915.75,19895.75,6.25,5.75,5.25,105.0,10.0,0.5,3.0,3.0,5.75,2024-03-11 19:17:00+00:00,2024-03-11 19:17:00+00:00,2024-03-11 19:20:00+00:00,2024-03-11 19:20:00+00:00,pullback_short_late_09e4d5d84f5e,-1,market,0.0,3,1,8,12,43610.0
422523,422524,422525,422525,closed,target,19903.5,19891.5,19903.25,19891.75,19911.5,19891.5,12.0,11.5,11.0,220.0,10.0,0.5,2.0,2.0,1.75,2024-03-11 19:25:00+00:00,2024-03-11 19:25:00+00:00,2024-03-11 19:27:00+00:00,2024-03-11 19:28:00+00:00,pullback_short_late_09e4d5d84f5e,-1,market,0.0,3,1,8,12,43830.0
425183,425184,425186,425186,closed,stop,20070.5,20078.5,20070.25,20078.75,20078.5,20058.5,-8.0,-8.5,-9.0,-180.0,10.0,0.5,3.0,3.0,9.25,2024-03-13 18:15:00+00:00,2024-03-13 18:15:00+00:00,2024-03-13 18:18:00+00:00,2024-03-13 18:18:00+00:00,pullback_short_late_09e4d5d84f5e,-1,market,0.0,3,1,8,12,43650.0
425186,425187,425189,425189,closed,timeout,20073.25,20073.25,20073.0,20073.5,20081.25,20061.25,-0.0,-0.5,-1.0,-20.0,10.0,0.5,3.0,3.0,1.75,2024-03-13 18:18:00+00:00,2024-03-13 18:18:00+00:00,2024-03-13 18:21:00+00:00,2024-03-13 18:21:00+00:00,pullback_short_late_09e4d5d84f5e,-1,market,0.0,3,1,8,12,43630.0
425230,425231,425233,425233,closed,timeout,20077.0,20077.5,20076.75,20077.75,20085.0,20065.0,-0.5,-1.0,-1.5,-30.0,10.0,0.5,3.0,3.0,4.5,2024-03-13 19:02:00+00:00,2024-03-13 19:02:00+00:00,2024-03-13 19:05:00+00:00,2024-03-13 19:05:00+00:00,pullback_short_late_09e4d5d84f5e,-1,market,0.0,3,1,8,12,43600.0
425239,425240,425242,425242,closed,timeout,20067.5,20068.0,20067.25,20068.25,20075.5,20055.5,-0.5,-1.0,-1.5,-30.0,10.0,0.5,3.0,3.0,2.75,2024-03-13 19:11:00+00:00,2024-03-13 19:11:00+00:00,2024-03-13 19:14:00+00:00,2024-03-13 19:14:00+00:00,pullback_short_late_09e4d5d84f5e,-1,market,0.0,3,1,8,12,43570.0
425243,425244,425245,425245,closed,stop,20063.75,20071.75,20063.5,20072.0,20071.75,20051.75,-8.0,-8.5,-9.0,-180.0,10.0,0.5,2.0,2.0,8.25,2024-03-13 19:15:00+00:00,2024-03-13 19:15:00+00:00,2024-03-13 19:17:00+00:00,2024-03-13 19:18:00+00:00,pullback_short_late_09e4d5d84f5e,-1,market,0.0,3,1,8,12,43390.0
425261,425262,425262,425262,closed,stop,20005.0,20013.0,20004.75,20013.25,20013.0,19993.0,-8.0,-8.5,-9.0,-180.0,10.0,0.5,1.0,1.0,13.5,2024-03-13 19:33:00+00:00,2024-03-13 19:33:00+00:00,2024-03-13 19:34:00+00:00,2024-03-13 19:36:00+00:00,pullback_short_late_09e4d5d84f5e,-1,market,0.0,3,1,8,12,43210.0
425264,425265,425267,425267,closed,timeout,20015.25,20010.25,20015.0,20010.5,20023.25,20003.25,5.0,4.5,4.0,80.0,10.0,0.5,3.0,3.0,7.0,2024-03-13 19:36:00+00:00,2024-03-13 19:36:00+00:00,2024-03-13 19:39:00+00:00,2024-03-13 19:39:00+00:00,pullback_short_late_09e4d5d84f5e,-1,market,0.0,3,1,8,12,43290.0
426563,426564,426565,426565,closed,target,19994.0,19982.0,19993.75,19982.25,20002.0,19982.0,12.0,11.5,11.0,220.0,10.0,0.5,2.0,2.0,8.0,2024-03-14 18:30:00+00:00,2024-03-14 18:30:00+00:00,2024-03-14 18:32:00+00:00,2024-03-14 18:33:00+00:00,pullback_short_late_09e4d5d84f5e,-1,market,0.0,3,1,8,12,43510.0
426569,426570,426571,426571,closed,target,19988.0,19976.0,19987.75,19976.25,19996.0,19976.0,12.0,11.5,11.0,220.0,10.0,0.5,2.0,2.0,3.0,2024-03-14 18:36:00+00:00,2024-03-14 18:36:00+00:00,2024-03-14 18:38:00+00:00,2024-03-14 18:39:00+00:00,pullback_short_late_09e4d5d84f5e,-1,market,0.0,3,1,8,12,43730.0
426598,426599,426601,426601,closed,timeout,19928.0,19918.0,19927.75,19918.25,19936.0,19916.0,10.0,9.5,9.0,180.0,10.0,0.5,3.0,3.0,2.25,2024-03-14 19:05:00+00:00,2024-03-14 19:05:00+00:00,2024-03-14 19:08:00+00:00,2024-03-14 19:08:00+00:00,pullback_short_late_09e4d5d84f5e,-1,market,0.0,3,1,8,12,43910.0
426615,426616,426616,426616,closed,stop,19884.25,19892.25,19884.0,19892.5,19892.25,19872.25,-8.0,-8.5,-9.0,-180.0,10.0,0.5,1.0,1.0,12.5,2024-03-14 19:22:00+00:00,2024-03-14 19:22:00+00:00,2024-03-14 19:23:00+00:00,2024-03-14 19:25:00+00:00,pullback_short_late_09e4d5d84f5e,-1,market,0.0,3,1,8,12,43730.0
426617,426618,426619,426619,closed,target,19882.5,19870.5,19882.25,19870.75,19890.5,19870.5,12.0,11.5,11.0,220.0,10.0,0.5,2.0,2.0,0.5,2024-03-14 19:24:00+00:00,2024-03-14 19:24:00+00:00,2024-03-14 19:26:00+00:00,2024-03-14 19:27:00+00:00,pullback_short_late_09e4d5d84f5e,-1,market,0.0,3,1,8,12,43950.0
426624,426625,426626,426626,closed,target,19878.5,19866.5,19878.25,19866.75,19886.5,19866.5,12.0,11.5,11.0,220.0,10.0,0.5,2.0,2.0,6.0,2024-03-14 19:31:00+00:00,2024-03-14 19:31:00+00:00,2024-03-14 19:33:00+00:00,2024-03-14 19:34:00+00:00,pullback_short_late_09e4d5d84f5e,-1,market,0.0,3,1,8,12,44170.0
427916,427917,427918,427918,closed,stop,19754.0,19762.0,19753.75,19762.25,19762.0,19742.0,-8.0,-8.5,-9.0,-180.0,10.0,0.5,2.0,2.0,9.0,2024-03-15 18:18:00+00:00,2024-03-15 18:18:00+00:00,2024-03-15 18:20:00+00:00,2024-03-15 18:21:00+00:00,pullback_short_late_09e4d5d84f5e,-1,market,0.0,3,1,8,12,43990.0
427920,427921,427921,427921,closed,stop,19754.5,19762.5,19754.25,19762.75,19762.5,19742.5,-8.0,-8.5,-9.0,-180.0,10.0,0.5,1.0,1.0,8.25,2024-03-15 18:22:00+00:00,2024-03-15 18:22:00+00:00,2024-03-15 18:23:00+00:00,2024-03-15 18:25:00+00:00,pullback_short_late_09e4d5d84f5e,-1,market,0.0,3,1,8,12,43810.0
427975,427976,427978,427978,closed,timeout,19767.5,19769.75,19767.25,19770.0,19775.5,19755.5,-2.25,-2.75,-3.25,-65.0,10.0,0.5,3.0,3.0,5.0,2024-03-15 19:17:00+00:00,2024-03-15 19:17:00+00:00,2024-03-15 19:20:00+00:00,2024-03-15 19:20:00+00:00,pullback_short_late_09e4d5d84f5e,-1,market,0.0,3,1,8,12,43745.0
428007,428008,428010,428010,closed,target,19760.75,19748.75,19760.5,19749.0,19768.75,19748.75,12.0,11.5,11.0,220.0,10.0,0.5,3.0,3.0,7.25,2024-03-15 19:49:00+00:00,2024-03-15 19:49:00+00:00,2024-03-15 19:52:00+00:00,2024-03-15 19:52:00+00:00,pullback_short_late_09e4d5d84f5e,-1,market,0.0,3,1,8,12,43965.0
428015,428016,428018,428018,closed,stop,19746.75,19754.75,19746.5,19755.0,19754.75,19734.75,-8.0,-8.5,-9.0,-180.0,10.0,0.5,3.0,3.0,10.25,2024-03-15 19:57:00+00:00,2024-03-15 19:57:00+00:00,2024-03-15 20:00:00+00:00,2024-03-15 20:00:00+00:00,pullback_short_late_09e4d5d84f5e,-1,market,0.0,3,1,8,12,43785.0
429311,429312,429312,429312,closed,stop,19956.75,19964.75,19956.5,19965.0,19964.75,19944.75,-8.0,-8.5,-9.0,-180.0,10.0,0.5,1.0,1.0,9.0,2024-03-18 18:48:00+00:00,2024-03-18 18:48:00+00:00,2024-03-18 18:49:00+00:00,2024-03-18 18:51:00+00:00,pullback_short_late_09e4d5d84f5e,-1,market,0.0,3,1,8,12,43605.0
429314,429315,429317,429317,closed,stop,19966.5,19974.5,19966.25,19974.75,19974.5,19954.5,-8.0,-8.5,-9.0,-180.0,10.0,0.5,3.0,3.0,9.5,2024-03-18 18:51:00+00:00,2024-03-18 18:51:00+00:00,2024-03-18 18:54:00+00:00,2024-03-18 18:54:00+00:00,pullback_short_late_09e4d5d84f5e,-1,market,0.0,3,1,8,12,43425.0
429318,429319,429321,429321,closed,timeout,19970.5,19968.0,19970.25,19968.25,19978.5,19958.5,2.5,2.0,1.5,30.0,10.0,0.5,3.0,3.0,2.75,2024-03-18 18:55:00+00:00,2024-03-18 18:55:00+00:00,2024-03-18 18:58:00+00:00,2024-03-18 18:58:00+00:00,pullback_short_late_09e4d5d84f5e,-1,market,0.0,3,1,8,12,43455.0
429323,429324,429326,429326,closed,timeout,19971.5,19966.25,19971.25,19966.5,19979.5,19959.5,5.25,4.75,4.25,85.0,10.0,0.5,3.0,3.0,1.0,2024-03-18 19:00:00+00:00,2024-03-18 19:00:00+00:00,2024-03-18 19:03:00+00:00,2024-03-18 19:03:00+00:00,pullback_short_late_09e4d5d84f5e,-1,market,0.0,3,1,8,12,43540.0
429353,429354,429355,429355,closed,stop,19973.0,19981.0,19972.75,19981.25,19981.0,19961.0,-8.0,-8.5,-9.0,-180.0,10.0,0.5,2.0,2.0,9.0,2024-03-18 19:30:00+00:00,2024-03-18 19:30:00+00:00,2024-03-18 19:32:00+00:00,2024-03-18 19:33:00+00:00,pullback_short_late_09e4d5d84f5e,-1,market,0.0,3,1,8,12,43360.0
429357,429358,429360,429360,closed,timeout,19978.25,19971.75,19978.0,19972.0,19986.25,19966.25,6.5,6.0,5.5,110.0,10.0,0.5,3.0,3.0,4.25,2024-03-18 19:34:00+00:00,2024-03-18 19:34:00+00:00,2024-03-18 19:37:00+00:00,2024-03-18 19:37:00+00:00,pullback_short_late_09e4d5d84f5e,-1,market,0.0,3,1,8,12,43470.0
430635,430636,430638,430638,closed,timeout,19945.75,19944.75,19945.5,19945.0,19953.75,19933.75,1.0,0.5,0.0,0.0,10.0,0.5,3.0,3.0,4.0,2024-03-19 18:07:00+00:00,2024-03-19 18:07:00+00:00,2024-03-19 18:10:00+00:00,2024-03-19 18:10:00+00:00,pullback_short_late_09e4d5d84f5e,-1,market,0.0,3,1,8,12,43470.0
430688,430689,430690,430690,closed,stop,19959.75,19967.75,19959.5,19968.0,19967.75,19947.75,-8.0,-8.5,-9.0,-180.0,10.0,0.5,2.0,2.0,10.5,2024-03-19 19:00:00+00:00,2024-03-19 19:00:00+00:00,2024-03-19 19:02:00+00:00,2024-03-19 19:03:00+00:00,pullback_short_late_09e4d5d84f5e,-1,market,0.0,3,1,8,12,43290.0
430710,430711,430713,430713,closed,timeout,19922.75,19924.0,19922.5,19924.25,19930.75,19910.75,-1.25,-1.75,-2.25,-45.0,10.0,0.5,3.0,3.0,7.0,2024-03-19 19:22:00+00:00,2024-03-19 19:22:00+00:00,2024-03-19 19:25:00+00:00,2024-03-19 19:25:00+00:00,pullback_short_late_09e4d5d84f5e,-1,market,0.0,3,1,8,12,43245.0
432102,432103,432104,432104,closed,target,20149.0,20137.0,20148.75,20137.25,20157.0,20137.0,12.0,11.5,11.0,220.0,10.0,0.5,2.0,2.0,4.75,2024-03-20 19:49:00+00:00,2024-03-20 19:49:00+00:00,2024-03-20 19:51:00+00:00,2024-03-20 19:52:00+00:00,pullback_short_late_09e4d5d84f5e,-1,market,0.0,3,1,8,12,43465.0
432108,432109,432109,432109,closed,stop,20148.75,20156.75,20148.5,20157.0,20156.75,20136.75,-8.0,-8.5,-9.0,-180.0,10.0,0.5,1.0,1.0,24.5,2024-03-20 19:55:00+00:00,2024-03-20 19:55:00+00:00,2024-03-20 19:56:00+00:00,2024-03-20 19:58:00+00:00,pullback_short_late_09e4d5d84f5e,-1,market,0.0,3,1,8,12,43285.0
433365,433366,433367,433367,closed,target,20304.25,20292.25,20304.0,20292.5,20312.25,20292.25,12.0,11.5,11.0,220.0,10.0,0.5,2.0,2.0,1.25,2024-03-21 18:07:00+00:00,2024-03-21 18:07:00+00:00,2024-03-21 18:09:00+00:00,2024-03-21 18:10:00+00:00,pullback_short_late_09e4d5d84f5e,-1,market,0.0,3,1,8,12,43505.0
433372,433373,433375,433375,closed,timeout,20289.75,20285.0,20289.5,20285.25,20297.75,20277.75,4.75,4.25,3.75,75.0,10.0,0.5,3.0,3.0,5.75,2024-03-21 18:14:00+00:00,2024-03-21 18:14:00+00:00,2024-03-21 18:17:00+00:00,2024-03-21 18:17:00+00:00,pullback_short_late_09e4d5d84f5e,-1,market,0.0,3,1,8,12,43580.0
433408,433409,433409,433409,closed,stop,20274.5,20282.5,20274.25,20282.75,20282.5,20262.5,-8.0,-8.5,-9.0,-180.0,10.0,0.5,1.0,1.0,8.25,2024-03-21 18:50:00+00:00,2024-03-21 18:50:00+00:00,2024-03-21 18:51:00+00:00,2024-03-21 18:53:00+00:00,pullback_short_late_09e4d5d84f5e,-1,market,0.0,3,1,8,12,43400.0
433426,433427,433427,433427,closed,stop,20266.75,20274.75,20266.5,20275.0,20274.75,20254.75,-8.0,-8.5,-9.0,-180.0,10.0,0.5,1.0,1.0,11.75,2024-03-21 19:08:00+00:00,2024-03-21 19:08:00+00:00,2024-03-21 19:09:00+00:00,2024-03-21 19:11:00+00:00,pullback_short_late_09e4d5d84f5e,-1,market,0.0,3,1,8,12,43220.0
433455,433456,433457,433457,closed,target,20270.75,20258.75,20270.5,20259.0,20278.75,20258.75,12.0,11.5,11.0,220.0,10.0,0.5,2.0,2.0,2.75,2024-03-21 19:37:00+00:00,2024-03-21 19:37:00+00:00,2024-03-21 19:39:00+00:00,2024-03-21 19:40:00+00:00,pullback_short_late_09e4d5d84f5e,-1,market,0.0,3,1,8,12,43440.0
433470,433471,433473,433473,closed,target,20275.75,20263.75,20275.5,20264.0,20283.75,20263.75,12.0,11.5,11.0,220.0,10.0,0.5,3.0,3.0,0.75,2024-03-21 19:52:00+00:00,2024-03-21 19:52:00+00:00,2024-03-21 19:55:00+00:00,2024-03-21 19:55:00+00:00,pullback_short_late_09e4d5d84f5e,-1,market,0.0,3,1,8,12,43660.0
434742,434743,434745,434745,closed,target,20293.0,20281.0,20292.75,20281.25,20301.0,20281.0,12.0,11.5,11.0,220.0,10.0,0.5,3.0,3.0,0.25,2024-03-22 18:19:00+00:00,2024-03-22 18:19:00+00:00,2024-03-22 18:22:00+00:00,2024-03-22 18:22:00+00:00,pullback_short_late_09e4d5d84f5e,-1,market,0.0,3,1,8,12,43880.0
434755,434756,434758,434758,closed,timeout,20297.0,20300.5,20296.75,20300.75,20305.0,20285.0,-3.5,-4.0,-4.5,-90.0,10.0,0.5,3.0,3.0,4.25,2024-03-22 18:32:00+00:00,2024-03-22 18:32:00+00:00,2024-03-22 18:35:00+00:00,2024-03-22 18:35:00+00:00,pullback_short_late_09e4d5d84f5e,-1,market,0.0,3,1,8,12,43790.0
434771,434772,434774,434774,closed,timeout,20285.5,20281.75,20285.25,20282.0,20293.5,20273.5,3.75,3.25,2.75,55.0,10.0,0.5,3.0,3.0,3.25,2024-03-22 18:48:00+00:00,2024-03-22 18:48:00+00:00,2024-03-22 18:51:00+00:00,2024-03-22 18:51:00+00:00,pullback_short_late_09e4d5d84f5e,-1,market,0.0,3,1,8,12,43845.0
434778,434779,434780,434780,closed,stop,20281.0,20289.0,20280.75,20289.25,20289.0,20269.0,-8.0,-8.5,-9.0,-180.0,10.0,0.5,2.0,2.0,12.25,2024-03-22 18:55:00+00:00,2024-03-22 18:55:00+00:00,2024-03-22 18:57:00+00:00,2024-03-22 18:58:00+00:00,pullback_short_late_09e4d5d84f5e,-1,market,0.0,3,1,8,12,43665.0
434781,434782,434784,434784,closed,timeout,20288.5,20283.5,20288.25,20283.75,20296.5,20276.5,5.0,4.5,4.0,80.0,10.0,0.5,3.0,3.0,2.5,2024-03-22 18:58:00+00:00,2024-03-22 18:58:00+00:00,2024-03-22 19:01:00+00:00,2024-03-22 19:01:00+00:00,pullback_short_late_09e4d5d84f5e,-1,market,0.0,3,1,8,12,43745.0
434804,434805,434807,434807,closed,stop,20253.25,20261.25,20253.0,20261.5,20261.25,20241.25,-8.0,-8.5,-9.0,-180.0,10.0,0.5,3.0,3.0,8.5,2024-03-22 19:21:00+00:00,2024-03-22 19:21:00+00:00,2024-03-22 19:24:00+00:00,2024-03-22 19:24:00+00:00,pullback_short_late_09e4d5d84f5e,-1,market,0.0,3,1,8,12,43565.0
434808,434809,434810,434810,closed,stop,20255.75,20263.75,20255.5,20264.0,20263.75,20243.75,-8.0,-8.5,-9.0,-180.0,10.0,0.5,2.0,2.0,9.75,2024-03-22 19:25:00+00:00,2024-03-22 19:25:00+00:00,2024-03-22 19:27:00+00:00,2024-03-22 19:28:00+00:00,pullback_short_late_09e4d5d84f5e,-1,market,0.0,3,1,8,12,43385.0
434812,434813,434815,434815,closed,timeout,20264.75,20261.25,20264.5,20261.5,20272.75,20252.75,3.5,3.0,2.5,50.0,10.0,0.5,3.0,3.0,3.75,2024-03-22 19:29:00+00:00,2024-03-22 19:29:00+00:00,2024-03-22 19:32:00+00:00,2024-03-22 19:32:00+00:00,pullback_short_late_09e4d5d84f5e,-1,market,0.0,3,1,8,12,43435.0
436118,436119,436121,436121,closed,timeout,20252.75,20245.25,20252.5,20245.5,20260.75,20240.75,7.5,7.0,6.5,130.0,10.0,0.5,3.0,3.0,1.75,2024-03-25 18:30:00+00:00,2024-03-25 18:30:00+00:00,2024-03-25 18:33:00+00:00,2024-03-25 18:33:00+00:00,pullback_short_late_09e4d5d84f5e,-1,market,0.0,3,1,8,12,43565.0
436155,436156,436158,436158,closed,timeout,20249.5,20240.25,20249.25,20240.5,20257.5,20237.5,9.25,8.75,8.25,165.0,10.0,0.5,3.0,3.0,0.25,2024-03-25 19:07:00+00:00,2024-03-25 19:07:00+00:00,2024-03-25 19:10:00+00:00,2024-03-25 19:10:00+00:00,pullback_short_late_09e4d5d84f5e,-1,market,0.0,3,1,8,12,43730.0
436163,436164,436166,436166,closed,timeout,20233.25,20239.25,20233.0,20239.5,20241.25,20221.25,-6.0,-6.5,-7.0,-140.0,10.0,0.5,3.0,3.0,7.0,2024-03-25 19:15:00+00:00,2024-03-25 19:15:00+00:00,2024-03-25 19:18:00+00:00,2024-03-25 19:18:00+00:00,pullback_short_late_09e4d5d84f5e,-1,market,0.0,3,1,8,12,43590.0
436168,436169,436171,436171,closed,target,20237.5,20225.5,20237.25,20225.75,20245.5,20225.5,12.0,11.5,11.0,220.0,10.0,0.5,3.0,3.0,1.25,2024-03-25 19:20:00+00:00,2024-03-25 19:20:00+00:00,2024-03-25 19:23:00+00:00,2024-03-25 19:23:00+00:00,pullback_short_late_09e4d5d84f5e,-1,market,0.0,3,1,8,12,43810.0
436174,436175,436177,436177,closed,timeout,20226.5,20227.75,20226.25,20228.0,20234.5,20214.5,-1.25,-1.75,-2.25,-45.0,10.0,0.5,3.0,3.0,4.25,2024-03-25 19:26:00+00:00,2024-03-25 19:26:00+00:00,2024-03-25 19:29:00+00:00,2024-03-25 19:29:00+00:00,pullback_short_late_09e4d5d84f5e,-1,market,0.0,3,1,8,12,43765.0
437453,437454,437455,437455,closed,stop,20232.0,20240.0,20231.75,20240.25,20240.0,20220.0,-8.0,-8.5,-9.0,-180.0,10.0,0.5,2.0,2.0,9.5,2024-03-26 18:00:00+00:00,2024-03-26 18:00:00+00:00,2024-03-26 18:02:00+00:00,2024-03-26 18:03:00+00:00,pullback_short_late_09e4d5d84f5e,-1,market,0.0,3,1,8,12,43585.0
437501,437502,437504,437504,closed,timeout,20238.75,20234.5,20238.5,20234.75,20246.75,20226.75,4.25,3.75,3.25,65.0,10.0,0.5,3.0,3.0,1.25,2024-03-26 18:48:00+00:00,2024-03-26 18:48:00+00:00,2024-03-26 18:51:00+00:00,2024-03-26 18:51:00+00:00,pullback_short_late_09e4d5d84f5e,-1,market,0.0,3,1,8,12,43650.0
437531,437532,437534,437534,closed,timeout,20226.5,20217.75,20226.25,20218.0,20234.5,20214.5,8.75,8.25,7.75,155.0,10.0,0.5,3.0,3.0,0.75,2024-03-26 19:18:00+00:00,2024-03-26 19:18:00+00:00,2024-03-26 19:21:00+00:00,2024-03-26 19:21:00+00:00,pullback_short_late_09e4d5d84f5e,-1,market,0.0,3,1,8,12,43805.0
437542,437543,437543,437543,closed,target,20218.75,20206.75,20218.5,20207.0,20226.75,20206.75,12.0,11.5,11.0,220.0,10.0,0.5,1.0,1.0,0.75,2024-03-26 19:29:00+00:00,2024-03-26 19:29:00+00:00,2024-03-26 19:30:00+00:00,2024-03-26 19:32:00+00:00,pullback_short_late_09e4d5d84f5e,-1,market,0.0,3,1,8,12,44025.0
437550,437551,437553,437553,closed,timeout,20182.5,20177.75,20182.25,20178.0,20190.5,20170.5,4.75,4.25,3.75,75.0,10.0,0.5,3.0,3.0,6.5,2024-03-26 19:37:00+00:00,2024-03-26 19:37:00+00:00,2024-03-26 19:40:00+00:00,2024-03-26 19:40:00+00:00,pullback_short_late_09e4d5d84f5e,-1,market,0.0,3,1,8,12,44100.0
437553,437554,437554,437554,closed,stop,20178.0,20186.0,20177.75,20186.25,20186.0,20166.0,-8.0,-8.5,-9.0,-180.0,10.0,0.5,1.0,1.0,12.0,2024-03-26 19:40:00+00:00,2024-03-26 19:40:00+00:00,2024-03-26 19:41:00+00:00,2024-03-26 19:43:00+00:00,pullback_short_late_09e4d5d84f5e,-1,market,0.0,3,1,8,12,43920.0
437555,437556,437557,437557,closed,target,20183.75,20171.75,20183.5,20172.0,20191.75,20171.75,12.0,11.5,11.0,220.0,10.0,0.5,2.0,2.0,1.25,2024-03-26 19:42:00+00:00,2024-03-26 19:42:00+00:00,2024-03-26 19:44:00+00:00,2024-03-26 19:45:00+00:00,pullback_short_late_09e4d5d84f5e,-1,market,0.0,3,1,8,12,44140.0
437560,437561,437562,437562,closed,stop,20161.25,20169.25,20161.0,20169.5,20169.25,20149.25,-8.0,-8.5,-9.0,-180.0,10.0,0.5,2.0,2.0,10.75,2024-03-26 19:47:00+00:00,2024-03-26 19:47:00+00:00,2024-03-26 19:49:00+00:00,2024-03-26 19:50:00+00:00,pullback_short_late_09e4d5d84f5e,-1,market,0.0,3,1,8,12,43960.0
437562,437563,437564,437564,closed,stop,20162.5,20170.5,20162.25,20170.75,20170.5,20150.5,-8.0,-8.5,-9.0,-180.0,10.0,0.5,2.0,2.0,10.0,2024-03-26 19:49:00+00:00,2024-03-26 19:49:00+00:00,2024-03-26 19:51:00+00:00,2024-03-26 19:52:00+00:00,pullback_short_late_09e4d5d84f5e,-1,market,0.0,3,1,8,12,43780.0
437565,437566,437568,437568,closed,timeout,20164.25,20161.75,20164.0,20162.0,20172.25,20152.25,2.5,2.0,1.5,30.0,10.0,0.5,3.0,3.0,4.25,2024-03-26 19:52:00+00:00,2024-03-26 19:52:00+00:00,2024-03-26 19:55:00+00:00,2024-03-26 19:55:00+00:00,pullback_short_late_09e4d5d84f5e,-1,market,0.0,3,1,8,12,43810.0
438831,438832,438832,438832,closed,stop,20113.25,20121.25,20113.0,20121.5,20121.25,20101.25,-8.0,-8.5,-9.0,-180.0,10.0,0.5,1.0,1.0,8.25,2024-03-27 18:13:00+00:00,2024-03-27 18:13:00+00:00,2024-03-27 18:14:00+00:00,2024-03-27 18:16:00+00:00,pullback_short_late_09e4d5d84f5e,-1,market,0.0,3,1,8,12,43630.0
438861,438862,438864,438864,closed,timeout,20126.75,20128.25,20126.5,20128.5,20134.75,20114.75,-1.5,-2.0,-2.5,-50.0,10.0,0.5,3.0,3.0,5.75,2024-03-27 18:43:00+00:00,2024-03-27 18:43:00+00:00,2024-03-27 18:46:00+00:00,2024-03-27 18:46:00+00:00,pullback_short_late_09e4d5d84f5e,-1,market,0.0,3,1,8,12,43580.0
438866,438867,438868,438868,closed,target,20129.5,20117.5,20129.25,20117.75,20137.5,20117.5,12.0,11.5,11.0,220.0,10.0,0.5,2.0,2.0,0.75,2024-03-27 18:48:00+00:00,2024-03-27 18:48:00+00:00,2024-03-27 18:50:00+00:00,2024-03-27 18:51:00+00:00,pullback_short_late_09e4d5d84f5e,-1,market,0.0,3,1,8,12,43800.0
438878,438879,438881,438881,closed,timeout,20113.5,20113.25,20113.25,20113.5,20121.5,20101.5,0.25,-0.25,-0.75,-15.0,10.0,0.5,3.0,3.0,6.75,2024-03-27 19:00:00+00:00,2024-03-27 19:00:00+00:00,2024-03-27 19:03:00+00:00,2024-03-27 19:03:00+00:00,pullback_short_late_09e4d5d84f5e,-1,market,0.0,3,1,8,12,43785.0
438881,438882,438882,438882,closed,stop,20113.25,20121.25,20113.0,20121.5,20121.25,20101.25,-8.0,-8.5,-9.0,-180.0,10.0,0.5,1.0,1.0,8.75,2024-03-27 19:03:00+00:00,2024-03-27 19:03:00+00:00,2024-03-27 19:04:00+00:00,2024-03-27 19:06:00+00:00,pullback_short_late_09e4d5d84f5e,-1,market,0.0,3,1,8,12,43605.0
438883,438884,438885,438885,closed,stop,20117.25,20125.25,20117.0,20125.5,20125.25,20105.25,-8.0,-8.5,-9.0,-180.0,10.0,0.5,2.0,2.0,9.75,2024-03-27 19:05:00+00:00,2024-03-27 19:05:00+00:00,2024-03-27 19:07:00+00:00,2024-03-27 19:08:00+00:00,pullback_short_late_09e4d5d84f5e,-1,market,0.0,3,1,8,12,43425.0
438895,438896,438898,438898,closed,timeout,20099.5,20096.75,20099.25,20097.0,20107.5,20087.5,2.75,2.25,1.75,35.0,10.0,0.5,3.0,3.0,3.25,2024-03-27 19:17:00+00:00,2024-03-27 19:17:00+00:00,2024-03-27 19:20:00+00:00,2024-03-27 19:20:00+00:00,pullback_short_late_09e4d5d84f5e,-1,market,0.0,3,1,8,12,43460.0
438901,438902,438902,438902,closed,stop,20100.25,20108.25,20100.0,20108.5,20108.25,20088.25,-8.0,-8.5,-9.0,-180.0,10.0,0.5,1.0,1.0,9.5,2024-03-27 19:23:00+00:00,2024-03-27 19:23:00+00:00,2024-03-27 19:24:00+00:00,2024-03-27 19:26:00+00:00,pullback_short_late_09e4d5d84f5e,-1,market,0.0,3,1,8,12,43280.0
438904,438905,438907,438907,closed,stop,20113.0,20121.0,20112.75,20121.25,20121.0,20101.0,-8.0,-8.5,-9.0,-180.0,10.0,0.5,3.0,3.0,24.75,2024-03-27 19:26:00+00:00,2024-03-27 19:26:00+00:00,2024-03-27 19:29:00+00:00,2024-03-27 19:29:00+00:00,pullback_short_late_09e4d5d84f5e,-1,market,0.0,3,1,8,12,43100.0
440284,440285,440287,440287,closed,timeout,20183.25,20185.0,20183.0,20185.25,20191.25,20171.25,-1.75,-2.25,-2.75,-55.0,10.0,0.5,3.0,3.0,3.25,2024-03-28 19:42:00+00:00,2024-03-28 19:42:00+00:00,2024-03-28 19:45:00+00:00,2024-03-28 19:45:00+00:00,pullback_short_late_09e4d5d84f5e,-1,market,0.0,3,1,8,12,43045.0
440292,440293,440294,440294,closed,stop,20176.25,20184.25,20176.0,20184.5,20184.25,20164.25,-8.0,-8.5,-9.0,-180.0,10.0,0.5,2.0,2.0,10.5,2024-03-28 19:50:00+00:00,2024-03-28 19:50:00+00:00,2024-03-28 19:52:00+00:00,2024-03-28 19:53:00+00:00,pullback_short_late_09e4d5d84f5e,-1,market,0.0,3,1,8,12,42865.0
440296,440297,440298,440298,closed,stop,20175.5,20183.5,20175.25,20183.75,20183.5,20163.5,-8.0,-8.5,-9.0,-180.0,10.0,0.5,2.0,2.0,11.5,2024-03-28 19:54:00+00:00,2024-03-28 19:54:00+00:00,2024-03-28 19:56:00+00:00,2024-03-28 19:57:00+00:00,pullback_short_late_09e4d5d84f5e,-1,market,0.0,3,1,8,12,42685.0
441638,441639,441640,441640,closed,stop,20161.5,20169.5,20161.25,20169.75,20169.5,20149.5,-8.0,-8.5,-9.0,-180.0,10.0,0.5,2.0,2.0,11.25,2024-04-01 19:31:00+00:00,2024-04-01 19:31:00+00:00,2024-04-01 19:33:00+00:00,2024-04-01 19:34:00+00:00,pullback_short_late_09e4d5d84f5e,-1,market,0.0,3,1,8,12,42505.0
442960,442961,442963,442963,closed,stop,19966.25,19974.25,19966.0,19974.5,19974.25,19954.25,-8.0,-8.5,-9.0,-180.0,10.0,0.5,3.0,3.0,10.75,2024-04-02 18:48:00+00:00,2024-04-02 18:48:00+00:00,2024-04-02 18:51:00+00:00,2024-04-02 18:51:00+00:00,pullback_short_late_09e4d5d84f5e,-1,market,0.0,3,1,8,12,42325.0
444310,444311,444312,444312,closed,stop,20096.5,20104.5,20096.25,20104.75,20104.5,20084.5,-8.0,-8.5,-9.0,-180.0,10.0,0.5,2.0,2.0,10.25,2024-04-03 18:33:00+00:00,2024-04-03 18:33:00+00:00,2024-04-03 18:35:00+00:00,2024-04-03 18:36:00+00:00,pullback_short_late_09e4d5d84f5e,-1,market,0.0,3,1,8,12,42145.0
444334,444335,444337,444337,closed,timeout,20093.75,20091.5,20093.5,20091.75,20101.75,20081.75,2.25,1.75,1.25,25.0,10.0,0.5,3.0,3.0,3.5,2024-04-03 18:57:00+00:00,2024-04-03 18:57:00+00:00,2024-04-03 19:00:00+00:00,2024-04-03 19:00:00+00:00,pullback_short_late_09e4d5d84f5e,-1,market,0.0,3,1,8,12,42170.0
444348,444349,444350,444350,closed,target,20086.75,20074.75,20086.5,20075.0,20094.75,20074.75,12.0,11.5,11.0,220.0,10.0,0.5,2.0,2.0,0.25,2024-04-03 19:11:00+00:00,2024-04-03 19:11:00+00:00,2024-04-03 19:13:00+00:00,2024-04-03 19:14:00+00:00,pullback_short_late_09e4d5d84f5e,-1,market,0.0,3,1,8,12,42390.0
444351,444352,444352,444352,closed,target,20069.75,20057.75,20069.5,20058.0,20077.75,20057.75,12.0,11.5,11.0,220.0,10.0,0.5,1.0,1.0,0.75,2024-04-03 19:14:00+00:00,2024-04-03 19:14:00+00:00,2024-04-03 19:15:00+00:00,2024-04-03 19:17:00+00:00,pullback_short_late_09e4d5d84f5e,-1,market,0.0,3,1,8,12,42610.0
444357,444358,444358,444358,closed,stop,20040.0,20048.0,20039.75,20048.25,20048.0,20028.0,-8.0,-8.5,-9.0,-180.0,10.0,0.5,1.0,1.0,8.25,2024-04-03 19:20:00+00:00,2024-04-03 19:20:00+00:00,2024-04-03 19:21:00+00:00,2024-04-03 19:23:00+00:00,pullback_short_late_09e4d5d84f5e,-1,market,0.0,3,1,8,12,42430.0
444359,444360,444362,444362,closed,target,20041.25,20029.25,20041.0,20029.5,20049.25,20029.25,12.0,11.5,11.0,220.0,10.0,0.5,3.0,3.0,1.5,2024-04-03 19:22:00+00:00,2024-04-03 19:22:00+00:00,2024-04-03 19:25:00+00:00,2024-04-03 19:25:00+00:00,pullback_short_late_09e4d5d84f5e,-1,market,0.0,3,1,8,12,42650.0
444368,444369,444369,444369,closed,stop,20024.25,20032.25,20024.0,20032.5,20032.25,20012.25,-8.0,-8.5,-9.0,-180.0,10.0,0.5,1.0,1.0,8.5,2024-04-03 19:31:00+00:00,2024-04-03 19:31:00+00:00,2024-04-03 19:32:00+00:00,2024-04-03 19:34:00+00:00,pullback_short_late_09e4d5d84f5e,-1,market,0.0,3,1,8,12,42470.0
444371,444372,444372,444372,closed,stop,20024.25,20032.25,20024.0,20032.5,20032.25,20012.25,-8.0,-8.5,-9.0,-180.0,10.0,0.5,1.0,1.0,12.25,2024-04-03 19:34:00+00:00,2024-04-03 19:34:00+00:00,2024-04-03 19:35:00+00:00,2024-04-03 19:37:00+00:00,pullback_short_late_09e4d5d84f5e,-1,market,0.0,3,1,8,12,42290.0
445644,445645,445647,445647,closed,timeout,20181.5,20178.75,20181.25,20179.0,20189.5,20169.5,2.75,2.25,1.75,35.0,10.0,0.5,3.0,3.0,6.0,2024-04-04 18:02:00+00:00,2024-04-04 18:02:00+00:00,2024-04-04 18:05:00+00:00,2024-04-04 18:05:00+00:00,pullback_short_late_09e4d5d84f5e,-1,market,0.0,3,1,8,12,42325.0
445651,445652,445653,445653,closed,target,20154.0,20142.0,20153.75,20142.25,20162.0,20142.0,12.0,11.5,11.0,220.0,10.0,0.5,2.0,2.0,0.25,2024-04-04 18:09:00+00:00,2024-04-04 18:09:00+00:00,2024-04-04 18:11:00+00:00,2024-04-04 18:12:00+00:00,pullback_short_late_09e4d5d84f5e,-1,market,0.0,3,1,8,12,42545.0
445655,445656,445656,445656,closed,target,20129.75,20117.75,20129.5,20118.0,20137.75,20117.75,12.0,11.5,11.0,220.0,10.0,0.5,1.0,1.0,1.0,2024-04-04 18:13:00+00:00,2024-04-04 18:13:00+00:00,2024-04-04 18:14:00+00:00,2024-04-04 18:16:00+00:00,pullback_short_late_09e4d5d84f5e,-1,market,0.0,3,1,8,12,42765.0
445664,445665,445666,445666,closed,stop,20084.25,20092.25,20084.0,20092.5,20092.25,20072.25,-8.0,-8.5,-9.0,-180.0,10.0,0.5,2.0,2.0,13.5,2024-04-04 18:22:00+00:00,2024-04-04 18:22:00+00:00,2024-04-04 18:24:00+00:00,2024-04-04 18:25:00+00:00,pullback_short_late_09e4d5d84f5e,-1,market,0.0,3,1,8,12,42585.0
445668,445669,445669,445669,closed,target,20091.25,20079.25,20091.0,20079.5,20099.25,20079.25,12.0,11.5,11.0,220.0,10.0,0.5,1.0,1.0,1.5,2024-04-04 18:26:00+00:00,2024-04-04 18:26:00+00:00,2024-04-04 18:27:00+00:00,2024-04-04 18:29:00+00:00,pullback_short_late_09e4d5d84f5e,-1,market,0.0,3,1,8,12,42805.0
445682,445683,445683,445683,closed,target,20005.5,19993.5,20005.25,19993.75,20013.5,19993.5,12.0,11.5,11.0,220.0,10.0,0.5,1.0,1.0,0.25,2024-04-04 18:40:00+00:00,2024-04-04 18:40:00+00:00,2024-04-04 18:41:00+00:00,2024-04-04 18:43:00+00:00,pullback_short_late_09e4d5d84f5e,-1,market,0.0,3,1,8,12,43025.0
445683,445684,445684,445684,closed,target,19994.5,19982.5,19994.25,19982.75,20002.5,19982.5,12.0,11.5,11.0,220.0,10.0,0.5,1.0,1.0,1.5,2024-04-04 18:41:00+00:00,2024-04-04 18:41:00+00:00,2024-04-04 18:42:00+00:00,2024-04-04 18:44:00+00:00,pullback_short_late_09e4d5d84f5e,-1,market,0.0,3,1,8,12,43245.0
445701,445702,445702,445702,closed,target,19916.25,19904.25,19916.0,19904.5,19924.25,19904.25,12.0,11.5,11.0,220.0,10.0,0.5,1.0,1.0,6.75,2024-04-04 18:59:00+00:00,2024-04-04 18:59:00+00:00,2024-04-04 19:00:00+00:00,2024-04-04 19:02:00+00:00,pullback_short_late_09e4d5d84f5e,-1,market,0.0,3,1,8,12,43465.0
445709,445710,445710,445710,closed,stop,19886.25,19894.25,19886.0,19894.5,19894.25,19874.25,-8.0,-8.5,-9.0,-180.0,10.0,0.5,1.0,1.0,15.25,2024-04-04 19:07:00+00:00,2024-04-04 19:07:00+00:00,2024-04-04 19:08:00+00:00,2024-04-04 19:10:00+00:00,pullback_short_late_09e4d5d84f5e,-1,market,0.0,3,1,8,12,43285.0
445738,445739,445741,445741,closed,target,19816.25,19804.25,19816.0,19804.5,19824.25,19804.25,12.0,11.5,11.0,220.0,10.0,0.5,3.0,3.0,3.0,2024-04-04 19:36:00+00:00,2024-04-04 19:36:00+00:00,2024-04-04 19:39:00+00:00,2024-04-04 19:39:00+00:00,pullback_short_late_09e4d5d84f5e,-1,market,0.0,3,1,8,12,43505.0
445749,445750,445752,445752,closed,stop,19801.25,19809.25,19801.0,19809.5,19809.25,19789.25,-8.0,-8.5,-9.0,-180.0,10.0,0.5,3.0,3.0,13.5,2024-04-04 19:47:00+00:00,2024-04-04 19:47:00+00:00,2024-04-04 19:50:00+00:00,2024-04-04 19:50:00+00:00,pullback_short_late_09e4d5d84f5e,-1,market,0.0,3,1,8,12,43325.0
447007,447008,447008,447008,closed,target,19985.0,19973.0,19984.75,19973.25,19993.0,19973.0,12.0,11.5,11.0,220.0,10.0,0.5,1.0,1.0,4.25,2024-04-05 18:00:00+00:00,2024-04-05 18:00:00+00:00,2024-04-05 18:01:00+00:00,2024-04-05 18:03:00+00:00,pullback_short_late_09e4d5d84f5e,-1,market,0.0,3,1,8,12,43545.0
447040,447041,447042,447042,closed,stop,19986.5,19994.5,19986.25,19994.75,19994.5,19974.5,-8.0,-8.5,-9.0,-180.0,10.0,0.5,2.0,2.0,13.0,2024-04-05 18:33:00+00:00,2024-04-05 18:33:00+00:00,2024-04-05 18:35:00+00:00,2024-04-05 18:36:00+00:00,pullback_short_late_09e4d5d84f5e,-1,market,0.0,3,1,8,12,43365.0
447062,447063,447065,447065,closed,target,19964.25,19952.25,19964.0,19952.5,19972.25,19952.25,12.0,11.5,11.0,220.0,10.0,0.5,3.0,3.0,4.75,2024-04-05 18:55:00+00:00,2024-04-05 18:55:00+00:00,2024-04-05 18:58:00+00:00,2024-04-05 18:58:00+00:00,pullback_short_late_09e4d5d84f5e,-1,market,0.0,3,1,8,12,43585.0
447070,447071,447072,447072,closed,stop,19970.5,19978.5,19970.25,19978.75,19978.5,19958.5,-8.0,-8.5,-9.0,-180.0,10.0,0.5,2.0,2.0,10.75,2024-04-05 19:03:00+00:00,2024-04-05 19:03:00+00:00,2024-04-05 19:05:00+00:00,2024-04-05 19:06:00+00:00,pullback_short_late_09e4d5d84f5e,-1,market,0.0,3,1,8,12,43405.0
447094,447095,447097,447097,closed,timeout,19979.25,19982.75,19979.0,19983.0,19987.25,19967.25,-3.5,-4.0,-4.5,-90.0,10.0,0.5,3.0,3.0,8.0,2024-04-05 19:27:00+00:00,2024-04-05 19:27:00+00:00,2024-04-05 19:30:00+00:00,2024-04-05 19:30:00+00:00,pullback_short_late_09e4d5d84f5e,-1,market,0.0,3,1,8,12,43315.0
448417,448418,448420,448420,closed,timeout,19990.0,19987.75,19989.75,19988.0,19998.0,19978.0,2.25,1.75,1.25,25.0,10.0,0.5,3.0,3.0,0.5,2024-04-08 18:45:00+00:00,2024-04-08 18:45:00+00:00,2024-04-08 18:48:00+00:00,2024-04-08 18:48:00+00:00,pullback_short_late_09e4d5d84f5e,-1,market,0.0,3,1,8,12,43340.0
448423,448424,448426,448426,closed,timeout,19992.5,19999.5,19992.25,19999.75,20000.5,19980.5,-7.0,-7.5,-8.0,-160.0,10.0,0.5,3.0,3.0,7.75,2024-04-08 18:51:00+00:00,2024-04-08 18:51:00+00:00,2024-04-08 18:54:00+00:00,2024-04-08 18:54:00+00:00,pullback_short_late_09e4d5d84f5e,-1,market,0.0,3,1,8,12,43180.0
448454,448455,448457,448457,closed,timeout,19998.5,19991.5,19998.25,19991.75,20006.5,19986.5,7.0,6.5,6.0,120.0,10.0,0.5,3.0,3.0,2.25,2024-04-08 19:22:00+00:00,2024-04-08 19:22:00+00:00,2024-04-08 19:25:00+00:00,2024-04-08 19:25:00+00:00,pullback_short_late_09e4d5d84f5e,-1,market,0.0,3,1,8,12,43300.0
448483,448484,448485,448485,closed,target,20000.25,19988.25,20000.0,19988.5,20008.25,19988.25,12.0,11.5,11.0,220.0,10.0,0.5,2.0,2.0,1.75,2024-04-08 19:51:00+00:00,2024-04-08 19:51:00+00:00,2024-04-08 19:53:00+00:00,2024-04-08 19:54:00+00:00,pullback_short_late_09e4d5d84f5e,-1,market,0.0,3,1,8,12,43520.0
448486,448487,448487,448487,closed,stop,19988.5,19996.5,19988.25,19996.75,19996.5,19976.5,-8.0,-8.5,-9.0,-180.0,10.0,0.5,1.0,1.0,9.0,2024-04-08 19:54:00+00:00,2024-04-08 19:54:00+00:00,2024-04-08 19:55:00+00:00,2024-04-08 19:57:00+00:00,pullback_short_late_09e4d5d84f5e,-1,market,0.0,3,1,8,12,43340.0
448488,448489,448491,448491,closed,timeout,19988.0,19987.0,19987.75,19987.25,19996.0,19976.0,1.0,0.5,0.0,0.0,10.0,0.5,3.0,3.0,0.5,2024-04-08 19:56:00+00:00,2024-04-08 19:56:00+00:00,2024-04-08 19:59:00+00:00,2024-04-08 19:59:00+00:00,pullback_short_late_09e4d5d84f5e,-1,market,0.0,3,1,8,12,43340.0
449745,449746,449747,449747,closed,stop,19949.75,19957.75,19949.5,19958.0,19957.75,19937.75,-8.0,-8.5,-9.0,-180.0,10.0,0.5,2.0,2.0,16.5,2024-04-09 18:08:00+00:00,2024-04-09 18:08:00+00:00,2024-04-09 18:10:00+00:00,2024-04-09 18:11:00+00:00,pullback_short_late_09e4d5d84f5e,-1,market,0.0,3,1,8,12,43160.0
449749,449750,449750,449750,closed,stop,19954.75,19962.75,19954.5,19963.0,19962.75,19942.75,-8.0,-8.5,-9.0,-180.0,10.0,0.5,1.0,1.0,12.25,2024-04-09 18:12:00+00:00,2024-04-09 18:12:00+00:00,2024-04-09 18:13:00+00:00,2024-04-09 18:15:00+00:00,pullback_short_late_09e4d5d84f5e,-1,market,0.0,3,1,8,12,42980.0
449782,449783,449785,449785,closed,timeout,19947.75,19949.5,19947.5,19949.75,19955.75,19935.75,-1.75,-2.25,-2.75,-55.0,10.0,0.5,3.0,3.0,2.5,2024-04-09 18:45:00+00:00,2024-04-09 18:45:00+00:00,2024-04-09 18:48:00+00:00,2024-04-09 18:48:00+00:00,pullback_short_late_09e4d5d84f5e,-1,market,0.0,3,1,8,12,42925.0
449802,449803,449805,449805,closed,target,19932.75,19920.75,19932.5,19921.0,19940.75,19920.75,12.0,11.5,11.0,220.0,10.0,0.5,3.0,3.0,5.0,2024-04-09 19:05:00+00:00,2024-04-09 19:05:00+00:00,2024-04-09 19:08:00+00:00,2024-04-09 19:08:00+00:00,pullback_short_late_09e4d5d84f5e,-1,market,0.0,3,1,8,12,43145.0
449851,449852,449852,449852,closed,stop,20005.5,20013.5,20005.25,20013.75,20013.5,19993.5,-8.0,-8.5,-9.0,-180.0,10.0,0.5,1.0,1.0,9.5,2024-04-09 19:54:00+00:00,2024-04-09 19:54:00+00:00,2024-04-09 19:55:00+00:00,2024-04-09 19:57:00+00:00,pullback_short_late_09e4d5d84f5e,-1,market,0.0,3,1,8,12,42965.0
451130,451131,451133,451133,closed,timeout,19842.5,19846.75,19842.25,19847.0,19850.5,19830.5,-4.25,-4.75,-5.25,-105.0,10.0,0.5,3.0,3.0,5.5,2024-04-10 18:29:00+00:00,2024-04-10 18:29:00+00:00,2024-04-10 18:32:00+00:00,2024-04-10 18:32:00+00:00,pullback_short_late_09e4d5d84f5e,-1,market,0.0,3,1,8,12,42860.0
451170,451171,451171,451171,closed,stop,19831.75,19839.75,19831.5,19840.0,19839.75,19819.75,-8.0,-8.5,-9.0,-180.0,10.0,0.5,1.0,1.0,10.0,2024-04-10 19:09:00+00:00,2024-04-10 19:09:00+00:00,2024-04-10 19:10:00+00:00,2024-04-10 19:12:00+00:00,pullback_short_late_09e4d5d84f5e,-1,market,0.0,3,1,8,12,42680.0
451198,451199,451199,451199,closed,stop,19853.5,19861.5,19853.25,19861.75,19861.5,19841.5,-8.0,-8.5,-9.0,-180.0,10.0,0.5,1.0,1.0,13.25,2024-04-10 19:37:00+00:00,2024-04-10 19:37:00+00:00,2024-04-10 19:38:00+00:00,2024-04-10 19:40:00+00:00,pullback_short_late_09e4d5d84f5e,-1,market,0.0,3,1,8,12,42500.0
451201,451202,451202,451202,closed,stop,19854.5,19862.5,19854.25,19862.75,19862.5,19842.5,-8.0,-8.5,-9.0,-180.0,10.0,0.5,1.0,1.0,16.25,2024-04-10 19:40:00+00:00,2024-04-10 19:40:00+00:00,2024-04-10 19:41:00+00:00,2024-04-10 19:43:00+00:00,pullback_short_late_09e4d5d84f5e,-1,market,0.0,3,1,8,12,42320.0
452523,452524,452526,452526,closed,timeout,20178.5,20172.75,20178.25,20173.0,20186.5,20166.5,5.75,5.25,4.75,95.0,10.0,0.5,3.0,3.0,2.75,2024-04-11 18:57:00+00:00,2024-04-11 18:57:00+00:00,2024-04-11 19:00:00+00:00,2024-04-11 19:00:00+00:00,pullback_short_late_09e4d5d84f5e,-1,market,0.0,3,1,8,12,42415.0
453861,453862,453863,453863,closed,target,19854.0,19842.0,19853.75,19842.25,19862.0,19842.0,12.0,11.5,11.0,220.0,10.0,0.5,2.0,2.0,6.5,2024-04-12 18:31:00+00:00,2024-04-12 18:31:00+00:00,2024-04-12 18:33:00+00:00,2024-04-12 18:34:00+00:00,pullback_short_late_09e4d5d84f5e,-1,market,0.0,3,1,8,12,42635.0
453864,453865,453865,453865,closed,stop,19846.25,19854.25,19846.0,19854.5,19854.25,19834.25,-8.0,-8.5,-9.0,-180.0,10.0,0.5,1.0,1.0,9.25,2024-04-12 18:34:00+00:00,2024-04-12 18:34:00+00:00,2024-04-12 18:35:00+00:00,2024-04-12 18:37:00+00:00,pullback_short_late_09e4d5d84f5e,-1,market,0.0,3,1,8,12,42455.0
453874,453875,453877,453877,closed,timeout,19845.5,19847.25,19845.25,19847.5,19853.5,19833.5,-1.75,-2.25,-2.75,-55.0,10.0,0.5,3.0,3.0,5.0,2024-04-12 18:44:00+00:00,2024-04-12 18:44:00+00:00,2024-04-12 18:47:00+00:00,2024-04-12 18:47:00+00:00,pullback_short_late_09e4d5d84f5e,-1,market,0.0,3,1,8,12,42400.0
453878,453879,453881,453881,closed,timeout,19837.75,19842.75,19837.5,19843.0,19845.75,19825.75,-5.0,-5.5,-6.0,-120.0,10.0,0.5,3.0,3.0,5.75,2024-04-12 18:48:00+00:00,2024-04-12 18:48:00+00:00,2024-04-12 18:51:00+00:00,2024-04-12 18:51:00+00:00,pullback_short_late_09e4d5d84f5e,-1,market,0.0,3,1,8,12,42280.0
455210,455211,455211,455211,closed,stop,19581.75,19589.75,19581.5,19590.0,19589.75,19569.75,-8.0,-8.5,-9.0,-180.0,10.0,0.5,1.0,1.0,8.5,2024-04-15 18:15:00+00:00,2024-04-15 18:15:00+00:00,2024-04-15 18:16:00+00:00,2024-04-15 18:18:00+00:00,pullback_short_late_09e4d5d84f5e,-1,market,0.0,3,1,8,12,42100.0
455212,455213,455213,455213,closed,stop,19574.0,19582.0,19573.75,19582.25,19582.0,19562.0,-8.0,-8.5,-9.0,-180.0,10.0,0.5,1.0,1.0,10.75,2024-04-15 18:17:00+00:00,2024-04-15 18:17:00+00:00,2024-04-15 18:18:00+00:00,2024-04-15 18:20:00+00:00,pullback_short_late_09e4d5d84f5e,-1,market,0.0,3,1,8,12,41920.0
455217,455218,455219,455219,closed,target,19579.0,19567.0,19578.75,19567.25,19587.0,19567.0,12.0,11.5,11.0,220.0,10.0,0.5,2.0,2.0,3.25,2024-04-15 18:22:00+00:00,2024-04-15 18:22:00+00:00,2024-04-15 18:24:00+00:00,2024-04-15 18:25:00+00:00,pullback_short_late_09e4d5d84f5e,-1,market,0.0,3,1,8,12,42140.0
455257,455258,455258,455258,closed,stop,19576.75,19584.75,19576.5,19585.0,19584.75,19564.75,-8.0,-8.5,-9.0,-180.0,10.0,0.5,1.0,1.0,9.75,2024-04-15 19:02:00+00:00,2024-04-15 19:02:00+00:00,2024-04-15 19:03:00+00:00,2024-04-15 19:05:00+00:00,pullback_short_late_09e4d5d84f5e,-1,market,0.0,3,1,8,12,41960.0
456588,456589,456589,456589,closed,target,19561.75,19549.75,19561.5,19550.0,19569.75,19549.75,12.0,11.5,11.0,220.0,10.0,0.5,1.0,1.0,0.5,2024-04-16 18:28:00+00:00,2024-04-16 18:28:00+00:00,2024-04-16 18:29:00+00:00,2024-04-16 18:31:00+00:00,pullback_short_late_09e4d5d84f5e,-1,market,0.0,3,1,8,12,42180.0
456657,456658,456658,456658,closed,stop,19591.75,19599.75,19591.5,19600.0,19599.75,19579.75,-8.0,-8.5,-9.0,-180.0,10.0,0.5,1.0,1.0,8.75,2024-04-16 19:37:00+00:00,2024-04-16 19:37:00+00:00,2024-04-16 19:38:00+00:00,2024-04-16 19:40:00+00:00,pullback_short_late_09e4d5d84f5e,-1,market,0.0,3,1,8,12,42000.0
456661,456662,456663,456663,closed,target,19601.25,19589.25,19601.0,19589.5,19609.25,19589.25,12.0,11.5,11.0,220.0,10.0,0.5,2.0,2.0,1.5,2024-04-16 19:41:00+00:00,2024-04-16 19:41:00+00:00,2024-04-16 19:43:00+00:00,2024-04-16 19:44:00+00:00,pullback_short_late_09e4d5d84f5e,-1,market,0.0,3,1,8,12,42220.0
456667,456668,456668,456668,closed,target,19606.75,19594.75,19606.5,19595.0,19614.75,19594.75,12.0,11.5,11.0,220.0,10.0,0.5,1.0,1.0,1.0,2024-04-16 19:47:00+00:00,2024-04-16 19:47:00+00:00,2024-04-16 19:48:00+00:00,2024-04-16 19:50:00+00:00,pullback_short_late_09e4d5d84f5e,-1,market,0.0,3,1,8,12,42440.0
456672,456673,456673,456673,closed,stop,19608.75,19616.75,19608.5,19617.0,19616.75,19596.75,-8.0,-8.5,-9.0,-180.0,10.0,0.5,1.0,1.0,10.0,2024-04-16 19:52:00+00:00,2024-04-16 19:52:00+00:00,2024-04-16 19:53:00+00:00,2024-04-16 19:55:00+00:00,pullback_short_late_09e4d5d84f5e,-1,market,0.0,3,1,8,12,42260.0
457940,457941,457942,457942,closed,target,19410.0,19398.0,19409.75,19398.25,19418.0,19398.0,12.0,11.5,11.0,220.0,10.0,0.5,2.0,2.0,3.0,2024-04-17 18:15:00+00:00,2024-04-17 18:15:00+00:00,2024-04-17 18:17:00+00:00,2024-04-17 18:18:00+00:00,pullback_short_late_09e4d5d84f5e,-1,market,0.0,3,1,8,12,42480.0
457945,457946,457947,457947,closed,target,19411.25,19399.25,19411.0,19399.5,19419.25,19399.25,12.0,11.5,11.0,220.0,10.0,0.5,2.0,2.0,2.25,2024-04-17 18:20:00+00:00,2024-04-17 18:20:00+00:00,2024-04-17 18:22:00+00:00,2024-04-17 18:23:00+00:00,pullback_short_late_09e4d5d84f5e,-1,market,0.0,3,1,8,12,42700.0
457949,457950,457952,457952,closed,timeout,19402.5,19398.25,19402.25,19398.5,19410.5,19390.5,4.25,3.75,3.25,65.0,10.0,0.5,3.0,3.0,8.0,2024-04-17 18:24:00+00:00,2024-04-17 18:24:00+00:00,2024-04-17 18:27:00+00:00,2024-04-17 18:27:00+00:00,pullback_short_late_09e4d5d84f5e,-1,market,0.0,3,1,8,12,42765.0
457955,457956,457958,457958,closed,timeout,19404.25,19405.75,19404.0,19406.0,19412.25,19392.25,-1.5,-2.0,-2.5,-50.0,10.0,0.5,3.0,3.0,7.75,2024-04-17 18:30:00+00:00,2024-04-17 18:30:00+00:00,2024-04-17 18:33:00+00:00,2024-04-17 18:33:00+00:00,pullback_short_late_09e4d5d84f5e,-1,market,0.0,3,1,8,12,42715.0
458024,458025,458026,458026,closed,target,19356.0,19344.0,19355.75,19344.25,19364.0,19344.0,12.0,11.5,11.0,220.0,10.0,0.5,2.0,2.0,7.25,2024-04-17 19:39:00+00:00,2024-04-17 19:39:00+00:00,2024-04-17 19:41:00+00:00,2024-04-17 19:42:00+00:00,pullback_short_late_09e4d5d84f5e,-1,market,0.0,3,1,8,12,42935.0
459329,459330,459330,459330,closed,stop,19232.0,19240.0,19231.75,19240.25,19240.0,19220.0,-8.0,-8.5,-9.0,-180.0,10.0,0.5,1.0,1.0,9.5,2024-04-18 18:39:00+00:00,2024-04-18 18:39:00+00:00,2024-04-18 18:40:00+00:00,2024-04-18 18:42:00+00:00,pullback_short_late_09e4d5d84f5e,-1,market,0.0,3,1,8,12,42755.0
459336,459337,459337,459337,closed,stop,19244.75,19252.75,19244.5,19253.0,19252.75,19232.75,-8.0,-8.5,-9.0,-180.0,10.0,0.5,1.0,1.0,8.75,2024-04-18 18:46:00+00:00,2024-04-18 18:46:00+00:00,2024-04-18 18:47:00+00:00,2024-04-18 18:49:00+00:00,pullback_short_late_09e4d5d84f5e,-1,market,0.0,3,1,8,12,42575.0
459338,459339,459339,459339,closed,stop,19240.5,19248.5,19240.25,19248.75,19248.5,19228.5,-8.0,-8.5,-9.0,-180.0,10.0,0.5,1.0,1.0,9.75,2024-04-18 18:48:00+00:00,2024-04-18 18:48:00+00:00,2024-04-18 18:49:00+00:00,2024-04-18 18:51:00+00:00,pullback_short_late_09e4d5d84f5e,-1,market,0.0,3,1,8,12,42395.0
459376,459377,459377,459377,closed,stop,19245.5,19253.5,19245.25,19253.75,19253.5,19233.5,-8.0,-8.5,-9.0,-180.0,10.0,0.5,1.0,1.0,11.75,2024-04-18 19:26:00+00:00,2024-04-18 19:26:00+00:00,2024-04-18 19:27:00+00:00,2024-04-18 19:29:00+00:00,pullback_short_late_09e4d5d84f5e,-1,market,0.0,3,1,8,12,42215.0
459379,459380,459381,459381,closed,stop,19253.25,19261.25,19253.0,19261.5,19261.25,19241.25,-8.0,-8.5,-9.0,-180.0,10.0,0.5,2.0,2.0,8.5,2024-04-18 19:29:00+00:00,2024-04-18 19:29:00+00:00,2024-04-18 19:31:00+00:00,2024-04-18 19:32:00+00:00,pullback_short_late_09e4d5d84f5e,-1,market,0.0,3,1,8,12,42035.0
459409,459410,459410,459410,closed,stop,19235.5,19243.5,19235.25,19243.75,19243.5,19223.5,-8.0,-8.5,-9.0,-180.0,10.0,0.5,1.0,1.0,13.0,2024-04-18 19:59:00+00:00,2024-04-18 19:59:00+00:00,2024-04-18 20:00:00+00:00,2024-04-18 20:02:00+00:00,pullback_short_late_09e4d5d84f5e,-1,market,0.0,3,1,8,12,41855.0
460664,460665,460667,460667,closed,stop,18950.0,18958.0,18949.75,18958.25,18958.0,18938.0,-8.0,-8.5,-9.0,-180.0,10.0,0.5,3.0,3.0,8.25,2024-04-19 18:09:00+00:00,2024-04-19 18:09:00+00:00,2024-04-19 18:12:00+00:00,2024-04-19 18:12:00+00:00,pullback_short_late_09e4d5d84f5e,-1,market,0.0,3,1,8,12,41675.0
460673,460674,460674,460674,closed,stop,18934.75,18942.75,18934.5,18943.0,18942.75,18922.75,-8.0,-8.5,-9.0,-180.0,10.0,0.5,1.0,1.0,9.5,2024-04-19 18:18:00+00:00,2024-04-19 18:18:00+00:00,2024-04-19 18:19:00+00:00,2024-04-19 18:21:00+00:00,pullback_short_late_09e4d5d84f5e,-1,market,0.0,3,1,8,12,41495.0
460676,460677,460677,460677,closed,stop,18940.25,18948.25,18940.0,18948.5,18948.25,18928.25,-8.0,-8.5,-9.0,-180.0,10.0,0.5,1.0,1.0,13.5,2024-04-19 18:21:00+00:00,2024-04-19 18:21:00+00:00,2024-04-19 18:22:00+00:00,2024-04-19 18:24:00+00:00,pullback_short_late_09e4d5d84f5e,-1,market,0.0,3,1,8,12,41315.0
460689,460690,460692,460692,closed,target,18912.5,18900.5,18912.25,18900.75,18920.5,18900.5,12.0,11.5,11.0,220.0,10.0,0.5,3.0,3.0,5.25,2024-04-19 18:34:00+00:00,2024-04-19 18:34:00+00:00,2024-04-19 18:37:00+00:00,2024-04-19 18:37:00+00:00,pullback_short_late_09e4d5d84f5e,-1,market,0.0,3,1,8,12,41535.0
460706,460707,460707,460707,closed,stop,18848.0,18856.0,18847.75,18856.25,18856.0,18836.0,-8.0,-8.5,-9.0,-180.0,10.0,0.5,1.0,1.0,8.25,2024-04-19 18:51:00+00:00,2024-04-19 18:51:00+00:00,2024-04-19 18:52:00+00:00,2024-04-19 18:54:00+00:00,pullback_short_late_09e4d5d84f5e,-1,market,0.0,3,1,8,12,41355.0
460709,460710,460710,460710,closed,stop,18841.25,18849.25,18841.0,18849.5,18849.25,18829.25,-8.0,-8.5,-9.0,-180.0,10.0,0.5,1.0,1.0,13.5,2024-04-19 18:54:00+00:00,2024-04-19 18:54:00+00:00,2024-04-19 18:55:00+00:00,2024-04-19 18:57:00+00:00,pullback_short_late_09e4d5d84f5e,-1,market,0.0,3,1,8,12,41175.0
460713,460714,460714,460714,closed,stop,18850.0,18858.0,18849.75,18858.25,18858.0,18838.0,-8.0,-8.5,-9.0,-180.0,10.0,0.5,1.0,1.0,11.75,2024-04-19 18:58:00+00:00,2024-04-19 18:58:00+00:00,2024-04-19 18:59:00+00:00,2024-04-19 19:01:00+00:00,pullback_short_late_09e4d5d84f5e,-1,market,0.0,3,1,8,12,40995.0
460755,460756,460756,460756,closed,target,18848.0,18836.0,18847.75,18836.25,18856.0,18836.0,12.0,11.5,11.0,220.0,10.0,0.5,1.0,1.0,2.0,2024-04-19 19:40:00+00:00,2024-04-19 19:40:00+00:00,2024-04-19 19:41:00+00:00,2024-04-19 19:43:00+00:00,pullback_short_late_09e4d5d84f5e,-1,market,0.0,3,1,8,12,41215.0
460761,460762,460762,460762,closed,target,18826.75,18814.75,18826.5,18815.0,18834.75,18814.75,12.0,11.5,11.0,220.0,10.0,0.5,1.0,1.0,3.75,2024-04-19 19:46:00+00:00,2024-04-19 19:46:00+00:00,2024-04-19 19:47:00+00:00,2024-04-19 19:49:00+00:00,pullback_short_late_09e4d5d84f5e,-1,market,0.0,3,1,8,12,41435.0
460767,460768,460768,460768,closed,stop,18844.25,18852.25,18844.0,18852.5,18852.25,18832.25,-8.0,-8.5,-9.0,-180.0,10.0,0.5,1.0,1.0,11.75,2024-04-19 19:52:00+00:00,2024-04-19 19:52:00+00:00,2024-04-19 19:53:00+00:00,2024-04-19 19:55:00+00:00,pullback_short_late_09e4d5d84f5e,-1,market,0.0,3,1,8,12,41255.0
462067,462068,462070,462070,closed,timeout,19096.25,19092.5,19096.0,19092.75,19104.25,19084.25,3.75,3.25,2.75,55.0,10.0,0.5,3.0,3.0,6.75,2024-04-22 18:47:00+00:00,2024-04-22 18:47:00+00:00,2024-04-22 18:50:00+00:00,2024-04-22 18:50:00+00:00,pullback_short_late_09e4d5d84f5e,-1,market,0.0,3,1,8,12,41310.0
462075,462076,462077,462077,closed,stop,19082.5,19090.5,19082.25,19090.75,19090.5,19070.5,-8.0,-8.5,-9.0,-180.0,10.0,0.5,2.0,2.0,17.5,2024-04-22 18:55:00+00:00,2024-04-22 18:55:00+00:00,2024-04-22 18:57:00+00:00,2024-04-22 18:58:00+00:00,pullback_short_late_09e4d5d84f5e,-1,market,0.0,3,1,8,12,41130.0
462082,462083,462085,462085,closed,stop,19094.0,19102.0,19093.75,19102.25,19102.0,19082.0,-8.0,-8.5,-9.0,-180.0,10.0,0.5,3.0,3.0,8.75,2024-04-22 19:02:00+00:00,2024-04-22 19:02:00+00:00,2024-04-22 19:05:00+00:00,2024-04-22 19:05:00+00:00,pullback_short_late_09e4d5d84f5e,-1,market,0.0,3,1,8,12,40950.0
462103,462104,462106,462106,closed,timeout,19080.0,19072.25,19079.75,19072.5,19088.0,19068.0,7.75,7.25,6.75,135.0,10.0,0.5,3.0,3.0,5.75,2024-04-22 19:23:00+00:00,2024-04-22 19:23:00+00:00,2024-04-22 19:26:00+00:00,2024-04-22 19:26:00+00:00,pullback_short_late_09e4d5d84f5e,-1,market,0.0,3,1,8,12,41085.0
462123,462124,462125,462125,closed,stop,19038.75,19046.75,19038.5,19047.0,19046.75,19026.75,-8.0,-8.5,-9.0,-180.0,10.0,0.5,2.0,2.0,16.5,2024-04-22 19:43:00+00:00,2024-04-22 19:43:00+00:00,2024-04-22 19:45:00+00:00,2024-04-22 19:46:00+00:00,pullback_short_late_09e4d5d84f5e,-1,market,0.0,3,1,8,12,40905.0
463438,463439,463441,463441,closed,timeout,19327.0,19329.5,19326.75,19329.75,19335.0,19315.0,-2.5,-3.0,-3.5,-70.0,10.0,0.5,3.0,3.0,5.25,2024-04-23 18:53:00+00:00,2024-04-23 18:53:00+00:00,2024-04-23 18:56:00+00:00,2024-04-23 18:56:00+00:00,pullback_short_late_09e4d5d84f5e,-1,market,0.0,3,1,8,12,40835.0
463442,463443,463444,463444,closed,stop,19327.75,19335.75,19327.5,19336.0,19335.75,19315.75,-8.0,-8.5,-9.0,-180.0,10.0,0.5,2.0,2.0,9.0,2024-04-23 18:57:00+00:00,2024-04-23 18:57:00+00:00,2024-04-23 18:59:00+00:00,2024-04-23 19:00:00+00:00,pullback_short_late_09e4d5d84f5e,-1,market,0.0,3,1,8,12,40655.0
463449,463450,463450,463450,closed,target,19317.5,19305.5,19317.25,19305.75,19325.5,19305.5,12.0,11.5,11.0,220.0,10.0,0.5,1.0,1.0,2.25,2024-04-23 19:04:00+00:00,2024-04-23 19:04:00+00:00,2024-04-23 19:05:00+00:00,2024-04-23 19:07:00+00:00,pullback_short_late_09e4d5d84f5e,-1,market,0.0,3,1,8,12,40875.0
463450,463451,463453,463453,closed,timeout,19315.0,19309.5,19314.75,19309.75,19323.0,19303.0,5.5,5.0,4.5,90.0,10.0,0.5,3.0,3.0,7.75,2024-04-23 19:05:00+00:00,2024-04-23 19:05:00+00:00,2024-04-23 19:08:00+00:00,2024-04-23 19:08:00+00:00,pullback_short_late_09e4d5d84f5e,-1,market,0.0,3,1,8,12,40965.0
463453,463454,463455,463455,closed,stop,19309.75,19317.75,19309.5,19318.0,19317.75,19297.75,-8.0,-8.5,-9.0,-180.0,10.0,0.5,2.0,2.0,8.5,2024-04-23 19:08:00+00:00,2024-04-23 19:08:00+00:00,2024-04-23 19:10:00+00:00,2024-04-23 19:11:00+00:00,pullback_short_late_09e4d5d84f5e,-1,market,0.0,3,1,8,12,40785.0
464761,464762,464762,464762,closed,stop,19360.75,19368.75,19360.5,19369.0,19368.75,19348.75,-8.0,-8.5,-9.0,-180.0,10.0,0.5,1.0,1.0,10.25,2024-04-24 18:11:00+00:00,2024-04-24 18:11:00+00:00,2024-04-24 18:12:00+00:00,2024-04-24 18:14:00+00:00,pullback_short_late_09e4d5d84f5e,-1,market,0.0,3,1,8,12,40605.0
464763,464764,464765,464765,closed,target,19360.75,19348.75,19360.5,19349.0,19368.75,19348.75,12.0,11.5,11.0,220.0,10.0,0.5,2.0,2.0,1.5,2024-04-24 18:13:00+00:00,2024-04-24 18:13:00+00:00,2024-04-24 18:15:00+00:00,2024-04-24 18:16:00+00:00,pullback_short_late_09e4d5d84f5e,-1,market,0.0,3,1,8,12,40825.0
464768,464769,464771,464771,closed,timeout,19338.5,19337.5,19338.25,19337.75,19346.5,19326.5,1.0,0.5,0.0,0.0,10.0,0.5,3.0,3.0,6.25,2024-04-24 18:18:00+00:00,2024-04-24 18:18:00+00:00,2024-04-24 18:21:00+00:00,2024-04-24 18:21:00+00:00,pullback_short_late_09e4d5d84f5e,-1,market,0.0,3,1,8,12,40825.0
464771,464772,464772,464772,closed,stop,19337.75,19345.75,19337.5,19346.0,19345.75,19325.75,-8.0,-8.5,-9.0,-180.0,10.0,0.5,1.0,1.0,12.0,2024-04-24 18:21:00+00:00,2024-04-24 18:21:00+00:00,2024-04-24 18:22:00+00:00,2024-04-24 18:24:00+00:00,pullback_short_late_09e4d5d84f5e,-1,market,0.0,3,1,8,12,40645.0
464789,464790,464790,464790,closed,stop,19320.75,19328.75,19320.5,19329.0,19328.75,19308.75,-8.0,-8.5,-9.0,-180.0,10.0,0.5,1.0,1.0,16.0,2024-04-24 18:39:00+00:00,2024-04-24 18:39:00+00:00,2024-04-24 18:40:00+00:00,2024-04-24 18:42:00+00:00,pullback_short_late_09e4d5d84f5e,-1,market,0.0,3,1,8,12,40465.0
464797,464798,464800,464800,closed,timeout,19331.25,19324.5,19331.0,19324.75,19339.25,19319.25,6.75,6.25,5.75,115.0,10.0,0.5,3.0,3.0,3.25,2024-04-24 18:47:00+00:00,2024-04-24 18:47:00+00:00,2024-04-24 18:50:00+00:00,2024-04-24 18:50:00+00:00,pullback_short_late_09e4d5d84f5e,-1,market,0.0,3,1,8,12,40580.0
464814,464815,464817,464817,closed,timeout,19308.25,19303.25,19308.0,19303.5,19316.25,19296.25,5.0,4.5,4.0,80.0,10.0,0.5,3.0,3.0,4.75,2024-04-24 19:04:00+00:00,2024-04-24 19:04:00+00:00,2024-04-24 19:07:00+00:00,2024-04-24 19:07:00+00:00,pullback_short_late_09e4d5d84f5e,-1,market,0.0,3,1,8,12,40660.0
466149,466150,466152,466152,closed,target,19217.75,19205.75,19217.5,19206.0,19225.75,19205.75,12.0,11.5,11.0,220.0,10.0,0.5,3.0,3.0,7.25,2024-04-25 18:34:00+00:00,2024-04-25 18:34:00+00:00,2024-04-25 18:37:00+00:00,2024-04-25 18:37:00+00:00,pullback_short_late_09e4d5d84f5e,-1,market,0.0,3,1,8,12,40880.0
466160,466161,466163,466163,closed,timeout,19194.5,19198.0,19194.25,19198.25,19202.5,19182.5,-3.5,-4.0,-4.5,-90.0,10.0,0.5,3.0,3.0,6.5,2024-04-25 18:45:00+00:00,2024-04-25 18:45:00+00:00,2024-04-25 18:48:00+00:00,2024-04-25 18:48:00+00:00,pullback_short_late_09e4d5d84f5e,-1,market,0.0,3,1,8,12,40790.0
466167,466168,466170,466170,closed,timeout,19194.75,19201.25,19194.5,19201.5,19202.75,19182.75,-6.5,-7.0,-7.5,-150.0,10.0,0.5,3.0,3.0,8.0,2024-04-25 18:52:00+00:00,2024-04-25 18:52:00+00:00,2024-04-25 18:55:00+00:00,2024-04-25 18:55:00+00:00,pullback_short_late_09e4d5d84f5e,-1,market,0.0,3,1,8,12,40640.0
466220,466221,466223,466223,closed,timeout,19239.0,19240.5,19238.75,19240.75,19247.0,19227.0,-1.5,-2.0,-2.5,-50.0,10.0,0.5,3.0,3.0,6.25,2024-04-25 19:45:00+00:00,2024-04-25 19:45:00+00:00,2024-04-25 19:48:00+00:00,2024-04-25 19:48:00+00:00,pullback_short_late_09e4d5d84f5e,-1,market,0.0,3,1,8,12,40590.0
466227,466228,466228,466228,closed,stop,19236.5,19244.5,19236.25,19244.75,19244.5,19224.5,-8.0,-8.5,-9.0,-180.0,10.0,0.5,1.0,1.0,8.25,2024-04-25 19:52:00+00:00,2024-04-25 19:52:00+00:00,2024-04-25 19:53:00+00:00,2024-04-25 19:55:00+00:00,pullback_short_late_09e4d5d84f5e,-1,market,0.0,3,1,8,12,40410.0
467487,467488,467490,467490,closed,timeout,19556.25,19554.75,19556.0,19555.0,19564.25,19544.25,1.5,1.0,0.5,10.0,10.0,0.5,3.0,3.0,7.0,2024-04-26 18:07:00+00:00,2024-04-26 18:07:00+00:00,2024-04-26 18:10:00+00:00,2024-04-26 18:10:00+00:00,pullback_short_late_09e4d5d84f5e,-1,market,0.0,3,1,8,12,40420.0
467493,467494,467496,467496,closed,timeout,19555.25,19552.75,19555.0,19553.0,19563.25,19543.25,2.5,2.0,1.5,30.0,10.0,0.5,3.0,3.0,1.5,2024-04-26 18:13:00+00:00,2024-04-26 18:13:00+00:00,2024-04-26 18:16:00+00:00,2024-04-26 18:16:00+00:00,pullback_short_late_09e4d5d84f5e,-1,market,0.0,3,1,8,12,40450.0
467511,467512,467514,467514,closed,timeout,19541.25,19538.25,19541.0,19538.5,19549.25,19529.25,3.0,2.5,2.0,40.0,10.0,0.5,3.0,3.0,2.25,2024-04-26 18:31:00+00:00,2024-04-26 18:31:00+00:00,2024-04-26 18:34:00+00:00,2024-04-26 18:34:00+00:00,pullback_short_late_09e4d5d84f5e,-1,market,0.0,3,1,8,12,40490.0
467518,467519,467520,467520,closed,stop,19537.25,19545.25,19537.0,19545.5,19545.25,19525.25,-8.0,-8.5,-9.0,-180.0,10.0,0.5,2.0,2.0,11.75,2024-04-26 18:38:00+00:00,2024-04-26 18:38:00+00:00,2024-04-26 18:40:00+00:00,2024-04-26 18:41:00+00:00,pullback_short_late_09e4d5d84f5e,-1,market,0.0,3,1,8,12,40310.0
467524,467525,467527,467527,closed,timeout,19539.5,19535.25,19539.25,19535.5,19547.5,19527.5,4.25,3.75,3.25,65.0,10.0,0.5,3.0,3.0,7.25,2024-04-26 18:44:00+00:00,2024-04-26 18:44:00+00:00,2024-04-26 18:47:00+00:00,2024-04-26 18:47:00+00:00,pullback_short_late_09e4d5d84f5e,-1,market,0.0,3,1,8,12,40375.0
467587,467588,467589,467589,closed,stop,19556.75,19564.75,19556.5,19565.0,19564.75,19544.75,-8.0,-8.5,-9.0,-180.0,10.0,0.5,2.0,2.0,10.25,2024-04-26 19:47:00+00:00,2024-04-26 19:47:00+00:00,2024-04-26 19:49:00+00:00,2024-04-26 19:50:00+00:00,pullback_short_late_09e4d5d84f5e,-1,market,0.0,3,1,8,12,40195.0
467591,467592,467593,467593,closed,target,19562.75,19550.75,19562.5,19551.0,19570.75,19550.75,12.0,11.5,11.0,220.0,10.0,0.5,2.0,2.0,1.5,2024-04-26 19:51:00+00:00,2024-04-26 19:51:00+00:00,2024-04-26 19:53:00+00:00,2024-04-26 19:54:00+00:00,pullback_short_late_09e4d5d84f5e,-1,market,0.0,3,1,8,12,40415.0
468848,468849,468851,468851,closed,timeout,19594.5,19591.75,19594.25,19592.0,19602.5,19582.5,2.75,2.25,1.75,35.0,10.0,0.5,3.0,3.0,3.0,2024-04-29 18:03:00+00:00,2024-04-29 18:03:00+00:00,2024-04-29 18:06:00+00:00,2024-04-29 18:06:00+00:00,pullback_short_late_09e4d5d84f5e,-1,market,0.0,3,1,8,12,40450.0
468857,468858,468860,468860,closed,timeout,19590.75,19589.75,19590.5,19590.0,19598.75,19578.75,1.0,0.5,0.0,0.0,10.0,0.5,3.0,3.0,1.25,2024-04-29 18:12:00+00:00,2024-04-29 18:12:00+00:00,2024-04-29 18:15:00+00:00,2024-04-29 18:15:00+00:00,pullback_short_late_09e4d5d84f5e,-1,market,0.0,3,1,8,12,40450.0
468864,468865,468867,468867,closed,timeout,19590.5,19593.25,19590.25,19593.5,19598.5,19578.5,-2.75,-3.25,-3.75,-75.0,10.0,0.5,3.0,3.0,4.5,2024-04-29 18:19:00+00:00,2024-04-29 18:19:00+00:00,2024-04-29 18:22:00+00:00,2024-04-29 18:22:00+00:00,pullback_short_late_09e4d5d84f5e,-1,market,0.0,3,1,8,12,40375.0
468879,468880,468882,468882,closed,timeout,19551.25,19550.5,19551.0,19550.75,19559.25,19539.25,0.75,0.25,-0.25,-5.0,10.0,0.5,3.0,3.0,7.0,2024-04-29 18:34:00+00:00,2024-04-29 18:34:00+00:00,2024-04-29 18:37:00+00:00,2024-04-29 18:37:00+00:00,pullback_short_late_09e4d5d84f5e,-1,market,0.0,3,1,8,12,40370.0
468882,468883,468885,468885,closed,timeout,19550.5,19555.5,19550.25,19555.75,19558.5,19538.5,-5.0,-5.5,-6.0,-120.0,10.0,0.5,3.0,3.0,6.25,2024-04-29 18:37:00+00:00,2024-04-29 18:37:00+00:00,2024-04-29 18:40:00+00:00,2024-04-29 18:40:00+00:00,pullback_short_late_09e4d5d84f5e,-1,market,0.0,3,1,8,12,40250.0
468892,468893,468895,468895,closed,timeout,19575.0,19574.0,19574.75,19574.25,19583.0,19563.0,1.0,0.5,0.0,0.0,10.0,0.5,3.0,3.0,5.0,2024-04-29 18:47:00+00:00,2024-04-29 18:47:00+00:00,2024-04-29 18:50:00+00:00,2024-04-29 18:50:00+00:00,pullback_short_late_09e4d5d84f5e,-1,market,0.0,3,1,8,12,40250.0
468925,468926,468926,468926,closed,stop,19530.0,19538.0,19529.75,19538.25,19538.0,19518.0,-8.0,-8.5,-9.0,-180.0,10.0,0.5,1.0,1.0,16.5,2024-04-29 19:20:00+00:00,2024-04-29 19:20:00+00:00,2024-04-29 19:21:00+00:00,2024-04-29 19:23:00+00:00,pullback_short_late_09e4d5d84f5e,-1,market,0.0,3,1,8,12,40070.0
470238,470239,470239,470239,closed,target,19395.25,19383.25,19395.0,19383.5,19403.25,19383.25,12.0,11.5,11.0,220.0,10.0,0.5,1.0,1.0,2.0,2024-04-30 18:28:00+00:00,2024-04-30 18:28:00+00:00,2024-04-30 18:29:00+00:00,2024-04-30 18:31:00+00:00,pullback_short_late_09e4d5d84f5e,-1,market,0.0,3,1,8,12,40290.0
470243,470244,470244,470244,closed,stop,19390.75,19398.75,19390.5,19399.0,19398.75,19378.75,-8.0,-8.5,-9.0,-180.0,10.0,0.5,1.0,1.0,14.25,2024-04-30 18:33:00+00:00,2024-04-30 18:33:00+00:00,2024-04-30 18:34:00+00:00,2024-04-30 18:36:00+00:00,pullback_short_late_09e4d5d84f5e,-1,market,0.0,3,1,8,12,40110.0
470274,470275,470277,470277,closed,timeout,19384.75,19389.5,19384.5,19389.75,19392.75,19372.75,-4.75,-5.25,-5.75,-115.0,10.0,0.5,3.0,3.0,7.5,2024-04-30 19:04:00+00:00,2024-04-30 19:04:00+00:00,2024-04-30 19:07:00+00:00,2024-04-30 19:07:00+00:00,pullback_short_late_09e4d5d84f5e,-1,market,0.0,3,1,8,12,39995.0
470292,470293,470293,470293,closed,target,19372.0,19360.0,19371.75,19360.25,19380.0,19360.0,12.0,11.5,11.0,220.0,10.0,0.5,1.0,1.0,0.25,2024-04-30 19:22:00+00:00,2024-04-30 19:22:00+00:00,2024-04-30 19:23:00+00:00,2024-04-30 19:25:00+00:00,pullback_short_late_09e4d5d84f5e,-1,market,0.0,3,1,8,12,40215.0
470297,470298,470298,470298,closed,stop,19367.75,19375.75,19367.5,19376.0,19375.75,19355.75,-8.0,-8.5,-9.0,-180.0,10.0,0.5,1.0,1.0,10.25,2024-04-30 19:27:00+00:00,2024-04-30 19:27:00+00:00,2024-04-30 19:28:00+00:00,2024-04-30 19:30:00+00:00,pullback_short_late_09e4d5d84f5e,-1,market,0.0,3,1,8,12,40035.0
470301,470302,470303,470303,closed,stop,19383.25,19391.25,19383.0,19391.5,19391.25,19371.25,-8.0,-8.5,-9.0,-180.0,10.0,0.5,2.0,2.0,12.25,2024-04-30 19:31:00+00:00,2024-04-30 19:31:00+00:00,2024-04-30 19:33:00+00:00,2024-04-30 19:34:00+00:00,pullback_short_late_09e4d5d84f5e,-1,market,0.0,3,1,8,12,39855.0
471664,471665,471665,471665,closed,target,19420.75,19408.75,19420.5,19409.0,19428.75,19408.75,12.0,11.5,11.0,220.0,10.0,0.5,1.0,1.0,0.25,2024-05-01 19:29:00+00:00,2024-05-01 19:29:00+00:00,2024-05-01 19:30:00+00:00,2024-05-01 19:32:00+00:00,pullback_short_late_09e4d5d84f5e,-1,market,0.0,3,1,8,12,40075.0
471670,471671,471671,471671,closed,target,19339.25,19327.25,19339.0,19327.5,19347.25,19327.25,12.0,11.5,11.0,220.0,10.0,0.5,1.0,1.0,1.25,2024-05-01 19:35:00+00:00,2024-05-01 19:35:00+00:00,2024-05-01 19:36:00+00:00,2024-05-01 19:38:00+00:00,pullback_short_late_09e4d5d84f5e,-1,market,0.0,3,1,8,12,40295.0
471677,471678,471678,471678,closed,target,19265.0,19253.0,19264.75,19253.25,19273.0,19253.0,12.0,11.5,11.0,220.0,10.0,0.5,1.0,1.0,0.5,2024-05-01 19:42:00+00:00,2024-05-01 19:42:00+00:00,2024-05-01 19:43:00+00:00,2024-05-01 19:45:00+00:00,pullback_short_late_09e4d5d84f5e,-1,market,0.0,3,1,8,12,40515.0
471683,471684,471684,471684,closed,target,19260.75,19248.75,19260.5,19249.0,19268.75,19248.75,12.0,11.5,11.0,220.0,10.0,0.5,1.0,1.0,3.25,2024-05-01 19:48:00+00:00,2024-05-01 19:48:00+00:00,2024-05-01 19:49:00+00:00,2024-05-01 19:51:00+00:00,pullback_short_late_09e4d5d84f5e,-1,market,0.0,3,1,8,12,40735.0
473036,473037,473037,473037,closed,stop,19327.25,19335.25,19327.0,19335.5,19335.25,19315.25,-8.0,-8.5,-9.0,-180.0,10.0,0.5,1.0,1.0,15.25,2024-05-02 19:37:00+00:00,2024-05-02 19:37:00+00:00,2024-05-02 19:38:00+00:00,2024-05-02 19:40:00+00:00,pullback_short_late_09e4d5d84f5e,-1,market,0.0,3,1,8,12,40555.0
473043,473044,473045,473045,closed,target,19325.25,19313.25,19325.0,19313.5,19333.25,19313.25,12.0,11.5,11.0,220.0,10.0,0.5,2.0,2.0,3.75,2024-05-02 19:44:00+00:00,2024-05-02 19:44:00+00:00,2024-05-02 19:46:00+00:00,2024-05-02 19:47:00+00:00,pullback_short_late_09e4d5d84f5e,-1,market,0.0,3,1,8,12,40775.0
473047,473048,473050,473050,closed,timeout,19326.5,19319.25,19326.25,19319.5,19334.5,19314.5,7.25,6.75,6.25,125.0,10.0,0.5,3.0,3.0,7.5,2024-05-02 19:48:00+00:00,2024-05-02 19:48:00+00:00,2024-05-02 19:51:00+00:00,2024-05-02 19:51:00+00:00,pullback_short_late_09e4d5d84f5e,-1,market,0.0,3,1,8,12,40900.0
473050,473051,473053,473053,closed,timeout,19319.0,19317.25,19318.75,19317.5,19327.0,19307.0,1.75,1.25,0.75,15.0,10.0,0.5,3.0,3.0,7.5,2024-05-02 19:51:00+00:00,2024-05-02 19:51:00+00:00,2024-05-02 19:54:00+00:00,2024-05-02 19:54:00+00:00,pullback_short_late_09e4d5d84f5e,-1,market,0.0,3,1,8,12,40915.0
474359,474360,474360,474360,closed,target,19707.0,19695.0,19706.75,19695.25,19715.0,19695.0,12.0,11.5,11.0,220.0,10.0,0.5,1.0,1.0,3.75,2024-05-03 18:55:00+00:00,2024-05-03 18:55:00+00:00,2024-05-03 18:56:00+00:00,2024-05-03 18:58:00+00:00,pullback_short_late_09e4d5d84f5e,-1,market,0.0,3,1,8,12,41135.0
474361,474362,474364,474364,closed,timeout,19700.75,19702.5,19700.5,19702.75,19708.75,19688.75,-1.75,-2.25,-2.75,-55.0,10.0,0.5,3.0,3.0,7.75,2024-05-03 18:57:00+00:00,2024-05-03 18:57:00+00:00,2024-05-03 19:00:00+00:00,2024-05-03 19:00:00+00:00,pullback_short_late_09e4d5d84f5e,-1,market,0.0,3,1,8,12,41080.0
474392,474393,474395,474395,closed,timeout,19707.5,19703.0,19707.25,19703.25,19715.5,19695.5,4.5,4.0,3.5,70.0,10.0,0.5,3.0,3.0,5.75,2024-05-03 19:28:00+00:00,2024-05-03 19:28:00+00:00,2024-05-03 19:31:00+00:00,2024-05-03 19:31:00+00:00,pullback_short_late_09e4d5d84f5e,-1,market,0.0,3,1,8,12,41150.0
474420,474421,474423,474423,closed,timeout,19690.25,19686.25,19690.0,19686.5,19698.25,19678.25,4.0,3.5,3.0,60.0,10.0,0.5,3.0,3.0,3.75,2024-05-03 19:56:00+00:00,2024-05-03 19:56:00+00:00,2024-05-03 19:59:00+00:00,2024-05-03 19:59:00+00:00,pullback_short_late_09e4d5d84f5e,-1,market,0.0,3,1,8,12,41210.0
477039,477040,477041,477041,closed,target,19899.75,19887.75,19899.5,19888.0,19907.75,19887.75,12.0,11.5,11.0,220.0,10.0,0.5,2.0,2.0,0.5,2024-05-07 18:07:00+00:00,2024-05-07 18:07:00+00:00,2024-05-07 18:09:00+00:00,2024-05-07 18:10:00+00:00,pullback_short_late_09e4d5d84f5e,-1,market,0.0,3,1,8,12,41430.0
477043,477044,477044,477044,closed,stop,19891.0,19899.0,19890.75,19899.25,19899.0,19879.0,-8.0,-8.5,-9.0,-180.0,10.0,0.5,1.0,1.0,13.25,2024-05-07 18:11:00+00:00,2024-05-07 18:11:00+00:00,2024-05-07 18:12:00+00:00,2024-05-07 18:14:00+00:00,pullback_short_late_09e4d5d84f5e,-1,market,0.0,3,1,8,12,41250.0
477054,477055,477057,477057,closed,timeout,19884.25,19879.25,19884.0,19879.5,19892.25,19872.25,5.0,4.5,4.0,80.0,10.0,0.5,3.0,3.0,0.75,2024-05-07 18:22:00+00:00,2024-05-07 18:22:00+00:00,2024-05-07 18:25:00+00:00,2024-05-07 18:25:00+00:00,pullback_short_late_09e4d5d84f5e,-1,market,0.0,3,1,8,12,41330.0
477059,477060,477062,477062,closed,timeout,19876.25,19879.75,19876.0,19880.0,19884.25,19864.25,-3.5,-4.0,-4.5,-90.0,10.0,0.5,3.0,3.0,6.0,2024-05-07 18:27:00+00:00,2024-05-07 18:27:00+00:00,2024-05-07 18:30:00+00:00,2024-05-07 18:30:00+00:00,pullback_short_late_09e4d5d84f5e,-1,market,0.0,3,1,8,12,41240.0
477064,477065,477065,477065,closed,target,19879.5,19867.5,19879.25,19867.75,19887.5,19867.5,12.0,11.5,11.0,220.0,10.0,0.5,1.0,1.0,1.5,2024-05-07 18:32:00+00:00,2024-05-07 18:32:00+00:00,2024-05-07 18:33:00+00:00,2024-05-07 18:35:00+00:00,pullback_short_late_09e4d5d84f5e,-1,market,0.0,3,1,8,12,41460.0
477127,477128,477128,477128,closed,stop,19886.25,19894.25,19886.0,19894.5,19894.25,19874.25,-8.0,-8.5,-9.0,-180.0,10.0,0.5,1.0,1.0,8.25,2024-05-07 19:35:00+00:00,2024-05-07 19:35:00+00:00,2024-05-07 19:36:00+00:00,2024-05-07 19:38:00+00:00,pullback_short_late_09e4d5d84f5e,-1,market,0.0,3,1,8,12,41280.0
478451,478452,478454,478454,closed,timeout,19872.75,19867.5,19872.5,19867.75,19880.75,19860.75,5.25,4.75,4.25,85.0,10.0,0.5,3.0,3.0,4.0,2024-05-08 18:55:00+00:00,2024-05-08 18:55:00+00:00,2024-05-08 18:58:00+00:00,2024-05-08 18:58:00+00:00,pullback_short_late_09e4d5d84f5e,-1,market,0.0,3,1,8,12,41365.0
478459,478460,478462,478462,closed,timeout,19860.75,19857.75,19860.5,19858.0,19868.75,19848.75,3.0,2.5,2.0,40.0,10.0,0.5,3.0,3.0,4.5,2024-05-08 19:03:00+00:00,2024-05-08 19:03:00+00:00,2024-05-08 19:06:00+00:00,2024-05-08 19:06:00+00:00,pullback_short_late_09e4d5d84f5e,-1,market,0.0,3,1,8,12,41405.0
478471,478472,478474,478474,closed,stop,19861.75,19869.75,19861.5,19870.0,19869.75,19849.75,-8.0,-8.5,-9.0,-180.0,10.0,0.5,3.0,3.0,12.75,2024-05-08 19:15:00+00:00,2024-05-08 19:15:00+00:00,2024-05-08 19:18:00+00:00,2024-05-08 19:18:00+00:00,pullback_short_late_09e4d5d84f5e,-1,market,0.0,3,1,8,12,41225.0
479835,479836,479838,479838,closed,timeout,19909.75,19909.75,19909.5,19910.0,19917.75,19897.75,-0.0,-0.5,-1.0,-20.0,10.0,0.5,3.0,3.0,2.5,2024-05-09 19:16:00+00:00,2024-05-09 19:16:00+00:00,2024-05-09 19:19:00+00:00,2024-05-09 19:19:00+00:00,pullback_short_late_09e4d5d84f5e,-1,market,0.0,3,1,8,12,41205.0
479839,479840,479842,479842,closed,timeout,19908.25,19902.25,19908.0,19902.5,19916.25,19896.25,6.0,5.5,5.0,100.0,10.0,0.5,3.0,3.0,4.5,2024-05-09 19:20:00+00:00,2024-05-09 19:20:00+00:00,2024-05-09 19:23:00+00:00,2024-05-09 19:23:00+00:00,pullback_short_late_09e4d5d84f5e,-1,market,0.0,3,1,8,12,41305.0
479849,479850,479852,479852,closed,timeout,19902.0,19900.0,19901.75,19900.25,19910.0,19890.0,2.0,1.5,1.0,20.0,10.0,0.5,3.0,3.0,5.25,2024-05-09 19:30:00+00:00,2024-05-09 19:30:00+00:00,2024-05-09 19:33:00+00:00,2024-05-09 19:33:00+00:00,pullback_short_late_09e4d5d84f5e,-1,market,0.0,3,1,8,12,41325.0
479864,479865,479867,479867,closed,timeout,19893.5,19895.75,19893.25,19896.0,19901.5,19881.5,-2.25,-2.75,-3.25,-65.0,10.0,0.5,3.0,3.0,3.75,2024-05-09 19:45:00+00:00,2024-05-09 19:45:00+00:00,2024-05-09 19:48:00+00:00,2024-05-09 19:48:00+00:00,pullback_short_late_09e4d5d84f5e,-1,market,0.0,3,1,8,12,41260.0
479868,479869,479870,479870,closed,stop,19894.0,19902.0,19893.75,19902.25,19902.0,19882.0,-8.0,-8.5,-9.0,-180.0,10.0,0.5,2.0,2.0,13.75,2024-05-09 19:49:00+00:00,2024-05-09 19:49:00+00:00,2024-05-09 19:51:00+00:00,2024-05-09 19:52:00+00:00,pullback_short_late_09e4d5d84f5e,-1,market,0.0,3,1,8,12,41080.0
479875,479876,479878,479878,closed,timeout,19895.25,19900.75,19895.0,19901.0,19903.25,19883.25,-5.5,-6.0,-6.5,-130.0,10.0,0.5,3.0,3.0,6.5,2024-05-09 19:56:00+00:00,2024-05-09 19:56:00+00:00,2024-05-09 19:59:00+00:00,2024-05-09 19:59:00+00:00,pullback_short_late_09e4d5d84f5e,-1,market,0.0,3,1,8,12,40950.0
481166,481167,481168,481168,closed,stop,19931.5,19939.5,19931.25,19939.75,19939.5,19919.5,-8.0,-8.5,-9.0,-180.0,10.0,0.5,2.0,2.0,8.25,2024-05-10 18:42:00+00:00,2024-05-10 18:42:00+00:00,2024-05-10 18:44:00+00:00,2024-05-10 18:45:00+00:00,pullback_short_late_09e4d5d84f5e,-1,market,0.0,3,1,8,12,40770.0
482577,482578,482580,482580,closed,timeout,19975.5,19979.75,19975.25,19980.0,19983.5,19963.5,-4.25,-4.75,-5.25,-105.0,10.0,0.5,3.0,3.0,7.25,2024-05-13 19:28:00+00:00,2024-05-13 19:28:00+00:00,2024-05-13 19:31:00+00:00,2024-05-13 19:31:00+00:00,pullback_short_late_09e4d5d84f5e,-1,market,0.0,3,1,8,12,40665.0
485266,485267,485269,485269,closed,timeout,20374.75,20369.25,20374.5,20369.5,20382.75,20362.75,5.5,5.0,4.5,90.0,10.0,0.5,3.0,3.0,1.5,2024-05-15 18:47:00+00:00,2024-05-15 18:47:00+00:00,2024-05-15 18:50:00+00:00,2024-05-15 18:50:00+00:00,pullback_short_late_09e4d5d84f5e,-1,market,0.0,3,1,8,12,40755.0
485280,485281,485283,485283,closed,timeout,20375.5,20375.0,20375.25,20375.25,20383.5,20363.5,0.5,-0.0,-0.5,-10.0,10.0,0.5,3.0,3.0,3.5,2024-05-15 19:01:00+00:00,2024-05-15 19:01:00+00:00,2024-05-15 19:04:00+00:00,2024-05-15 19:04:00+00:00,pullback_short_late_09e4d5d84f5e,-1,market,0.0,3,1,8,12,40745.0
485321,485322,485324,485324,closed,timeout,20383.0,20382.25,20382.75,20382.5,20391.0,20371.0,0.75,0.25,-0.25,-5.0,10.0,0.5,3.0,3.0,5.75,2024-05-15 19:42:00+00:00,2024-05-15 19:42:00+00:00,2024-05-15 19:45:00+00:00,2024-05-15 19:45:00+00:00,pullback_short_late_09e4d5d84f5e,-1,market,0.0,3,1,8,12,40740.0
485324,485325,485327,485327,closed,timeout,20382.5,20384.75,20382.25,20385.0,20390.5,20370.5,-2.25,-2.75,-3.25,-65.0,10.0,0.5,3.0,3.0,5.25,2024-05-15 19:45:00+00:00,2024-05-15 19:45:00+00:00,2024-05-15 19:48:00+00:00,2024-05-15 19:48:00+00:00,pullback_short_late_09e4d5d84f5e,-1,market,0.0,3,1,8,12,40675.0
485327,485328,485330,485330,closed,target,20385.0,20373.0,20384.75,20373.25,20393.0,20373.0,12.0,11.5,11.0,220.0,10.0,0.5,3.0,3.0,0.75,2024-05-15 19:48:00+00:00,2024-05-15 19:48:00+00:00,2024-05-15 19:51:00+00:00,2024-05-15 19:51:00+00:00,pullback_short_late_09e4d5d84f5e,-1,market,0.0,3,1,8,12,40895.0
485332,485333,485334,485334,closed,stop,20377.0,20385.0,20376.75,20385.25,20385.0,20365.0,-8.0,-8.5,-9.0,-180.0,10.0,0.5,2.0,2.0,11.75,2024-05-15 19:53:00+00:00,2024-05-15 19:53:00+00:00,2024-05-15 19:55:00+00:00,2024-05-15 19:56:00+00:00,pullback_short_late_09e4d5d84f5e,-1,market,0.0,3,1,8,12,40715.0
486597,486598,486599,486599,closed,target,20376.25,20364.25,20376.0,20364.5,20384.25,20364.25,12.0,11.5,11.0,220.0,10.0,0.5,2.0,2.0,0.75,2024-05-16 18:13:00+00:00,2024-05-16 18:13:00+00:00,2024-05-16 18:15:00+00:00,2024-05-16 18:16:00+00:00,pullback_short_late_09e4d5d84f5e,-1,market,0.0,3,1,8,12,40935.0
486603,486604,486605,486605,closed,stop,20365.0,20373.0,20364.75,20373.25,20373.0,20353.0,-8.0,-8.5,-9.0,-180.0,10.0,0.5,2.0,2.0,9.5,2024-05-16 18:19:00+00:00,2024-05-16 18:19:00+00:00,2024-05-16 18:21:00+00:00,2024-05-16 18:22:00+00:00,pullback_short_late_09e4d5d84f5e,-1,market,0.0,3,1,8,12,40755.0
486609,486610,486612,486612,closed,target,20382.0,20370.0,20381.75,20370.25,20390.0,20370.0,12.0,11.5,11.0,220.0,10.0,0.5,3.0,3.0,0.5,2024-05-16 18:25:00+00:00,2024-05-16 18:25:00+00:00,2024-05-16 18:28:00+00:00,2024-05-16 18:28:00+00:00,pullback_short_late_09e4d5d84f5e,-1,market,0.0,3,1,8,12,40975.0
486614,486615,486616,486616,closed,stop,20369.5,20377.5,20369.25,20377.75,20377.5,20357.5,-8.0,-8.5,-9.0,-180.0,10.0,0.5,2.0,2.0,10.0,2024-05-16 18:30:00+00:00,2024-05-16 18:30:00+00:00,2024-05-16 18:32:00+00:00,2024-05-16 18:33:00+00:00,pullback_short_late_09e4d5d84f5e,-1,market,0.0,3,1,8,12,40795.0
486668,486669,486671,486671,closed,timeout,20383.5,20385.5,20383.25,20385.75,20391.5,20371.5,-2.0,-2.5,-3.0,-60.0,10.0,0.5,3.0,3.0,3.25,2024-05-16 19:24:00+00:00,2024-05-16 19:24:00+00:00,2024-05-16 19:27:00+00:00,2024-05-16 19:27:00+00:00,pullback_short_late_09e4d5d84f5e,-1,market,0.0,3,1,8,12,40735.0
486674,486675,486676,486676,closed,target,20383.25,20371.25,20383.0,20371.5,20391.25,20371.25,12.0,11.5,11.0,220.0,10.0,0.5,2.0,2.0,2.5,2024-05-16 19:30:00+00:00,2024-05-16 19:30:00+00:00,2024-05-16 19:32:00+00:00,2024-05-16 19:33:00+00:00,pullback_short_late_09e4d5d84f5e,-1,market,0.0,3,1,8,12,40955.0
486679,486680,486682,486682,closed,timeout,20372.25,20369.75,20372.0,20370.0,20380.25,20360.25,2.5,2.0,1.5,30.0,10.0,0.5,3.0,3.0,5.5,2024-05-16 19:35:00+00:00,2024-05-16 19:35:00+00:00,2024-05-16 19:38:00+00:00,2024-05-16 19:38:00+00:00,pullback_short_late_09e4d5d84f5e,-1,market,0.0,3,1,8,12,40985.0
486682,486683,486684,486684,closed,target,20370.0,20358.0,20369.75,20358.25,20378.0,20358.0,12.0,11.5,11.0,220.0,10.0,0.5,2.0,2.0,0.25,2024-05-16 19:38:00+00:00,2024-05-16 19:38:00+00:00,2024-05-16 19:40:00+00:00,2024-05-16 19:41:00+00:00,pullback_short_late_09e4d5d84f5e,-1,market,0.0,3,1,8,12,41205.0
486694,486695,486695,486695,closed,stop,20350.75,20358.75,20350.5,20359.0,20358.75,20338.75,-8.0,-8.5,-9.0,-180.0,10.0,0.5,1.0,1.0,21.5,2024-05-16 19:50:00+00:00,2024-05-16 19:50:00+00:00,2024-05-16 19:51:00+00:00,2024-05-16 19:53:00+00:00,pullback_short_late_09e4d5d84f5e,-1,market,0.0,3,1,8,12,41025.0
486700,486701,486703,486703,closed,timeout,20359.5,20356.75,20359.25,20357.0,20367.5,20347.5,2.75,2.25,1.75,35.0,10.0,0.5,3.0,3.0,3.0,2024-05-16 19:56:00+00:00,2024-05-16 19:56:00+00:00,2024-05-16 19:59:00+00:00,2024-05-16 19:59:00+00:00,pullback_short_late_09e4d5d84f5e,-1,market,0.0,3,1,8,12,41060.0
487956,487957,487959,487959,closed,target,20297.25,20285.25,20297.0,20285.5,20305.25,20285.25,12.0,11.5,11.0,220.0,10.0,0.5,3.0,3.0,5.25,2024-05-17 18:08:00+00:00,2024-05-17 18:08:00+00:00,2024-05-17 18:11:00+00:00,2024-05-17 18:11:00+00:00,pullback_short_late_09e4d5d84f5e,-1,market,0.0,3,1,8,12,41280.0
487969,487970,487971,487971,closed,target,20268.5,20256.5,20268.25,20256.75,20276.5,20256.5,12.0,11.5,11.0,220.0,10.0,0.5,2.0,2.0,2.5,2024-05-17 18:21:00+00:00,2024-05-17 18:21:00+00:00,2024-05-17 18:23:00+00:00,2024-05-17 18:24:00+00:00,pullback_short_late_09e4d5d84f5e,-1,market,0.0,3,1,8,12,41500.0
487977,487978,487979,487979,closed,stop,20264.75,20272.75,20264.5,20273.0,20272.75,20252.75,-8.0,-8.5,-9.0,-180.0,10.0,0.5,2.0,2.0,9.75,2024-05-17 18:29:00+00:00,2024-05-17 18:29:00+00:00,2024-05-17 18:31:00+00:00,2024-05-17 18:32:00+00:00,pullback_short_late_09e4d5d84f5e,-1,market,0.0,3,1,8,12,41320.0
487980,487981,487983,487983,closed,timeout,20271.0,20270.25,20270.75,20270.5,20279.0,20259.0,0.75,0.25,-0.25,-5.0,10.0,0.5,3.0,3.0,5.25,2024-05-17 18:32:00+00:00,2024-05-17 18:32:00+00:00,2024-05-17 18:35:00+00:00,2024-05-17 18:35:00+00:00,pullback_short_late_09e4d5d84f5e,-1,market,0.0,3,1,8,12,41315.0
488054,488055,488057,488057,closed,timeout,20320.0,20319.0,20319.75,20319.25,20328.0,20308.0,1.0,0.5,0.0,0.0,10.0,0.5,3.0,3.0,2.75,2024-05-17 19:46:00+00:00,2024-05-17 19:46:00+00:00,2024-05-17 19:49:00+00:00,2024-05-17 19:49:00+00:00,pullback_short_late_09e4d5d84f5e,-1,market,0.0,3,1,8,12,41315.0
489321,489322,489322,489322,closed,target,20437.0,20425.0,20436.75,20425.25,20445.0,20425.0,12.0,11.5,11.0,220.0,10.0,0.5,1.0,1.0,0.75,2024-05-20 18:08:00+00:00,2024-05-20 18:08:00+00:00,2024-05-20 18:09:00+00:00,2024-05-20 18:11:00+00:00,pullback_short_late_09e4d5d84f5e,-1,market,0.0,3,1,8,12,41535.0
489376,489377,489378,489378,closed,stop,20442.5,20450.5,20442.25,20450.75,20450.5,20430.5,-8.0,-8.5,-9.0,-180.0,10.0,0.5,2.0,2.0,11.75,2024-05-20 19:03:00+00:00,2024-05-20 19:03:00+00:00,2024-05-20 19:05:00+00:00,2024-05-20 19:06:00+00:00,pullback_short_late_09e4d5d84f5e,-1,market,0.0,3,1,8,12,41355.0
489413,489414,489416,489416,closed,timeout,20458.75,20454.25,20458.5,20454.5,20466.75,20446.75,4.5,4.0,3.5,70.0,10.0,0.5,3.0,3.0,2.25,2024-05-20 19:40:00+00:00,2024-05-20 19:40:00+00:00,2024-05-20 19:43:00+00:00,2024-05-20 19:43:00+00:00,pullback_short_late_09e4d5d84f5e,-1,market,0.0,3,1,8,12,41425.0
489419,489420,489422,489422,closed,timeout,20451.5,20442.75,20451.25,20443.0,20459.5,20439.5,8.75,8.25,7.75,155.0,10.0,0.5,3.0,3.0,1.25,2024-05-20 19:46:00+00:00,2024-05-20 19:46:00+00:00,2024-05-20 19:49:00+00:00,2024-05-20 19:49:00+00:00,pullback_short_late_09e4d5d84f5e,-1,market,0.0,3,1,8,12,41580.0
489425,489426,489427,489427,closed,stop,20438.5,20446.5,20438.25,20446.75,20446.5,20426.5,-8.0,-8.5,-9.0,-180.0,10.0,0.5,2.0,2.0,10.5,2024-05-20 19:52:00+00:00,2024-05-20 19:52:00+00:00,2024-05-20 19:54:00+00:00,2024-05-20 19:55:00+00:00,pullback_short_late_09e4d5d84f5e,-1,market,0.0,3,1,8,12,41400.0
490711,490712,490714,490714,closed,timeout,20457.0,20456.5,20456.75,20456.75,20465.0,20445.0,0.5,-0.0,-0.5,-10.0,10.0,0.5,3.0,3.0,3.25,2024-05-21 18:35:00+00:00,2024-05-21 18:35:00+00:00,2024-05-21 18:38:00+00:00,2024-05-21 18:38:00+00:00,pullback_short_late_09e4d5d84f5e,-1,market,0.0,3,1,8,12,41390.0
490714,490715,490717,490717,closed,timeout,20456.5,20458.25,20456.25,20458.5,20464.5,20444.5,-1.75,-2.25,-2.75,-55.0,10.0,0.5,3.0,3.0,2.5,2024-05-21 18:38:00+00:00,2024-05-21 18:38:00+00:00,2024-05-21 18:41:00+00:00,2024-05-21 18:41:00+00:00,pullback_short_late_09e4d5d84f5e,-1,market,0.0,3,1,8,12,41335.0
492042,492043,492043,492043,closed,stop,20452.5,20460.5,20452.25,20460.75,20460.5,20440.5,-8.0,-8.5,-9.0,-180.0,10.0,0.5,1.0,1.0,8.5,2024-05-22 18:01:00+00:00,2024-05-22 18:01:00+00:00,2024-05-22 18:02:00+00:00,2024-05-22 18:04:00+00:00,pullback_short_late_09e4d5d84f5e,-1,market,0.0,3,1,8,12,41155.0
492043,492044,492044,492044,closed,target,20444.5,20432.5,20444.25,20432.75,20452.5,20432.5,12.0,11.5,11.0,220.0,10.0,0.5,1.0,1.0,0.75,2024-05-22 18:02:00+00:00,2024-05-22 18:02:00+00:00,2024-05-22 18:03:00+00:00,2024-05-22 18:05:00+00:00,pullback_short_late_09e4d5d84f5e,-1,market,0.0,3,1,8,12,41375.0
492068,492069,492070,492070,closed,target,20404.0,20392.0,20403.75,20392.25,20412.0,20392.0,12.0,11.5,11.0,220.0,10.0,0.5,2.0,2.0,1.5,2024-05-22 18:27:00+00:00,2024-05-22 18:27:00+00:00,2024-05-22 18:29:00+00:00,2024-05-22 18:30:00+00:00,pullback_short_late_09e4d5d84f5e,-1,market,0.0,3,1,8,12,41595.0
492078,492079,492079,492079,closed,stop,20396.0,20404.0,20395.75,20404.25,20404.0,20384.0,-8.0,-8.5,-9.0,-180.0,10.0,0.5,1.0,1.0,8.5,2024-05-22 18:37:00+00:00,2024-05-22 18:37:00+00:00,2024-05-22 18:38:00+00:00,2024-05-22 18:40:00+00:00,pullback_short_late_09e4d5d84f5e,-1,market,0.0,3,1,8,12,41415.0
492081,492082,492084,492084,closed,target,20391.5,20379.5,20391.25,20379.75,20399.5,20379.5,12.0,11.5,11.0,220.0,10.0,0.5,3.0,3.0,5.75,2024-05-22 18:40:00+00:00,2024-05-22 18:40:00+00:00,2024-05-22 18:43:00+00:00,2024-05-22 18:43:00+00:00,pullback_short_late_09e4d5d84f5e,-1,market,0.0,3,1,8,12,41635.0
492158,492159,492159,492159,closed,stop,20456.25,20464.25,20456.0,20464.5,20464.25,20444.25,-8.0,-8.5,-9.0,-180.0,10.0,0.5,1.0,1.0,9.5,2024-05-22 19:57:00+00:00,2024-05-22 19:57:00+00:00,2024-05-22 19:58:00+00:00,2024-05-22 20:00:00+00:00,pullback_short_late_09e4d5d84f5e,-1,market,0.0,3,1,8,12,41455.0
493417,493418,493418,493418,closed,target,20395.25,20383.25,20395.0,20383.5,20403.25,20383.25,12.0,11.5,11.0,220.0,10.0,0.5,1.0,1.0,1.25,2024-05-23 18:11:00+00:00,2024-05-23 18:11:00+00:00,2024-05-23 18:12:00+00:00,2024-05-23 18:14:00+00:00,pullback_short_late_09e4d5d84f5e,-1,market,0.0,3,1,8,12,41675.0
493424,493425,493425,493425,closed,target,20399.0,20387.0,20398.75,20387.25,20407.0,20387.0,12.0,11.5,11.0,220.0,10.0,0.5,1.0,1.0,3.25,2024-05-23 18:18:00+00:00,2024-05-23 18:18:00+00:00,2024-05-23 18:19:00+00:00,2024-05-23 18:21:00+00:00,pullback_short_late_09e4d5d84f5e,-1,market,0.0,3,1,8,12,41895.0
493429,493430,493431,493431,closed,target,20381.0,20369.0,20380.75,20369.25,20389.0,20369.0,12.0,11.5,11.0,220.0,10.0,0.5,2.0,2.0,1.75,2024-05-23 18:23:00+00:00,2024-05-23 18:23:00+00:00,2024-05-23 18:25:00+00:00,2024-05-23 18:26:00+00:00,pullback_short_late_09e4d5d84f5e,-1,market,0.0,3,1,8,12,42115.0
493435,493436,493436,493436,closed,stop,20372.5,20380.5,20372.25,20380.75,20380.5,20360.5,-8.0,-8.5,-9.0,-180.0,10.0,0.5,1.0,1.0,9.5,2024-05-23 18:29:00+00:00,2024-05-23 18:29:00+00:00,2024-05-23 18:30:00+00:00,2024-05-23 18:32:00+00:00,pullback_short_late_09e4d5d84f5e,-1,market,0.0,3,1,8,12,41935.0
493463,493464,493466,493466,closed,timeout,20330.75,20327.75,20330.5,20328.0,20338.75,20318.75,3.0,2.5,2.0,40.0,10.0,0.5,3.0,3.0,2.0,2024-05-23 18:57:00+00:00,2024-05-23 18:57:00+00:00,2024-05-23 19:00:00+00:00,2024-05-23 19:00:00+00:00,pullback_short_late_09e4d5d84f5e,-1,market,0.0,3,1,8,12,41975.0
493469,493470,493470,493470,closed,target,20348.0,20336.0,20347.75,20336.25,20356.0,20336.0,12.0,11.5,11.0,220.0,10.0,0.5,1.0,1.0,2.25,2024-05-23 19:03:00+00:00,2024-05-23 19:03:00+00:00,2024-05-23 19:04:00+00:00,2024-05-23 19:06:00+00:00,pullback_short_late_09e4d5d84f5e,-1,market,0.0,3,1,8,12,42195.0
493470,493471,493473,493473,closed,target,20337.25,20325.25,20337.0,20325.5,20345.25,20325.25,12.0,11.5,11.0,220.0,10.0,0.5,3.0,3.0,6.25,2024-05-23 19:04:00+00:00,2024-05-23 19:04:00+00:00,2024-05-23 19:07:00+00:00,2024-05-23 19:07:00+00:00,pullback_short_late_09e4d5d84f5e,-1,market,0.0,3,1,8,12,42415.0
493474,493475,493475,493475,closed,stop,20328.5,20336.5,20328.25,20336.75,20336.5,20316.5,-8.0,-8.5,-9.0,-180.0,10.0,0.5,1.0,1.0,9.75,2024-05-23 19:08:00+00:00,2024-05-23 19:08:00+00:00,2024-05-23 19:09:00+00:00,2024-05-23 19:11:00+00:00,pullback_short_late_09e4d5d84f5e,-1,market,0.0,3,1,8,12,42235.0
494799,494800,494802,494802,closed,timeout,20593.25,20588.5,20593.0,20588.75,20601.25,20581.25,4.75,4.25,3.75,75.0,10.0,0.5,3.0,3.0,2.25,2024-05-24 18:28:00+00:00,2024-05-24 18:28:00+00:00,2024-05-24 18:31:00+00:00,2024-05-24 18:31:00+00:00,pullback_short_late_09e4d5d84f5e,-1,market,0.0,3,1,8,12,42310.0
494812,494813,494815,494815,closed,timeout,20587.75,20583.25,20587.5,20583.5,20595.75,20575.75,4.5,4.0,3.5,70.0,10.0,0.5,3.0,3.0,1.0,2024-05-24 18:41:00+00:00,2024-05-24 18:41:00+00:00,2024-05-24 18:44:00+00:00,2024-05-24 18:44:00+00:00,pullback_short_late_09e4d5d84f5e,-1,market,0.0,3,1,8,12,42380.0
494821,494822,494824,494824,closed,timeout,20582.75,20582.75,20582.5,20583.0,20590.75,20570.75,-0.0,-0.5,-1.0,-20.0,10.0,0.5,3.0,3.0,4.75,2024-05-24 18:50:00+00:00,2024-05-24 18:50:00+00:00,2024-05-24 18:53:00+00:00,2024-05-24 18:53:00+00:00,pullback_short_late_09e4d5d84f5e,-1,market,0.0,3,1,8,12,42360.0
494824,494825,494827,494827,closed,target,20582.5,20570.5,20582.25,20570.75,20590.5,20570.5,12.0,11.5,11.0,220.0,10.0,0.5,3.0,3.0,0.25,2024-05-24 18:53:00+00:00,2024-05-24 18:53:00+00:00,2024-05-24 18:56:00+00:00,2024-05-24 18:56:00+00:00,pullback_short_late_09e4d5d84f5e,-1,market,0.0,3,1,8,12,42580.0
494836,494837,494838,494838,closed,stop,20545.75,20553.75,20545.5,20554.0,20553.75,20533.75,-8.0,-8.5,-9.0,-180.0,10.0,0.5,2.0,2.0,13.0,2024-05-24 19:05:00+00:00,2024-05-24 19:05:00+00:00,2024-05-24 19:07:00+00:00,2024-05-24 19:08:00+00:00,pullback_short_late_09e4d5d84f5e,-1,market,0.0,3,1,8,12,42400.0
494839,494840,494842,494842,closed,timeout,20553.5,20553.0,20553.25,20553.25,20561.5,20541.5,0.5,-0.0,-0.5,-10.0,10.0,0.5,3.0,3.0,3.5,2024-05-24 19:08:00+00:00,2024-05-24 19:08:00+00:00,2024-05-24 19:11:00+00:00,2024-05-24 19:11:00+00:00,pullback_short_late_09e4d5d84f5e,-1,market,0.0,3,1,8,12,42390.0
494844,494845,494847,494847,closed,timeout,20556.5,20554.5,20556.25,20554.75,20564.5,20544.5,2.0,1.5,1.0,20.0,10.0,0.5,3.0,3.0,2.75,2024-05-24 19:13:00+00:00,2024-05-24 19:13:00+00:00,2024-05-24 19:16:00+00:00,2024-05-24 19:16:00+00:00,pullback_short_late_09e4d5d84f5e,-1,market,0.0,3,1,8,12,42410.0
494852,494853,494855,494855,closed,timeout,20556.5,20557.75,20556.25,20558.0,20564.5,20544.5,-1.25,-1.75,-2.25,-45.0,10.0,0.5,3.0,3.0,3.75,2024-05-24 19:21:00+00:00,2024-05-24 19:21:00+00:00,2024-05-24 19:24:00+00:00,2024-05-24 19:24:00+00:00,pullback_short_late_09e4d5d84f5e,-1,market,0.0,3,1,8,12,42365.0
497278,497279,497280,497280,closed,stop,20592.25,20600.25,20592.0,20600.5,20600.25,20580.25,-8.0,-8.5,-9.0,-180.0,10.0,0.5,2.0,2.0,9.5,2024-05-28 18:02:00+00:00,2024-05-28 18:02:00+00:00,2024-05-28 18:04:00+00:00,2024-05-28 18:05:00+00:00,pullback_short_late_09e4d5d84f5e,-1,market,0.0,3,1,8,12,42185.0
497304,497305,497306,497306,closed,target,20583.0,20571.0,20582.75,20571.25,20591.0,20571.0,12.0,11.5,11.0,220.0,10.0,0.5,2.0,2.0,0.25,2024-05-28 18:28:00+00:00,2024-05-28 18:28:00+00:00,2024-05-28 18:30:00+00:00,2024-05-28 18:31:00+00:00,pullback_short_late_09e4d5d84f5e,-1,market,0.0,3,1,8,12,42405.0
497308,497309,497309,497309,closed,target,20562.75,20550.75,20562.5,20551.0,20570.75,20550.75,12.0,11.5,11.0,220.0,10.0,0.5,1.0,1.0,0.75,2024-05-28 18:32:00+00:00,2024-05-28 18:32:00+00:00,2024-05-28 18:33:00+00:00,2024-05-28 18:35:00+00:00,pullback_short_late_09e4d5d84f5e,-1,market,0.0,3,1,8,12,42625.0
497310,497311,497311,497311,closed,target,20553.75,20541.75,20553.5,20542.0,20561.75,20541.75,12.0,11.5,11.0,220.0,10.0,0.5,1.0,1.0,1.5,2024-05-28 18:34:00+00:00,2024-05-28 18:34:00+00:00,2024-05-28 18:35:00+00:00,2024-05-28 18:37:00+00:00,pullback_short_late_09e4d5d84f5e,-1,market,0.0,3,1,8,12,42845.0
497320,497321,497322,497322,closed,stop,20525.25,20533.25,20525.0,20533.5,20533.25,20513.25,-8.0,-8.5,-9.0,-180.0,10.0,0.5,2.0,2.0,11.0,2024-05-28 18:44:00+00:00,2024-05-28 18:44:00+00:00,2024-05-28 18:46:00+00:00,2024-05-28 18:47:00+00:00,pullback_short_late_09e4d5d84f5e,-1,market,0.0,3,1,8,12,42665.0
497326,497327,497327,497327,closed,target,20530.5,20518.5,20530.25,20518.75,20538.5,20518.5,12.0,11.5,11.0,220.0,10.0,0.5,1.0,1.0,1.0,2024-05-28 18:50:00+00:00,2024-05-28 18:50:00+00:00,2024-05-28 18:51:00+00:00,2024-05-28 18:53:00+00:00,pullback_short_late_09e4d5d84f5e,-1,market,0.0,3,1,8,12,42885.0
497327,497328,497329,497329,closed,stop,20521.75,20529.75,20521.5,20530.0,20529.75,20509.75,-8.0,-8.5,-9.0,-180.0,10.0,0.5,2.0,2.0,11.5,2024-05-28 18:51:00+00:00,2024-05-28 18:51:00+00:00,2024-05-28 18:53:00+00:00,2024-05-28 18:54:00+00:00,pullback_short_late_09e4d5d84f5e,-1,market,0.0,3,1,8,12,42705.0
497384,497385,497387,497387,closed,timeout,20578.0,20579.5,20577.75,20579.75,20586.0,20566.0,-1.5,-2.0,-2.5,-50.0,10.0,0.5,3.0,3.0,6.5,2024-05-28 19:48:00+00:00,2024-05-28 19:48:00+00:00,2024-05-28 19:51:00+00:00,2024-05-28 19:51:00+00:00,pullback_short_late_09e4d5d84f5e,-1,market,0.0,3,1,8,12,42655.0
498667,498668,498670,498670,closed,timeout,20543.5,20537.25,20543.25,20537.5,20551.5,20531.5,6.25,5.75,5.25,105.0,10.0,0.5,3.0,3.0,2.5,2024-05-29 18:26:00+00:00,2024-05-29 18:26:00+00:00,2024-05-29 18:29:00+00:00,2024-05-29 18:29:00+00:00,pullback_short_late_09e4d5d84f5e,-1,market,0.0,3,1,8,12,42760.0
498685,498686,498687,498687,closed,target,20533.0,20521.0,20532.75,20521.25,20541.0,20521.0,12.0,11.5,11.0,220.0,10.0,0.5,2.0,2.0,0.25,2024-05-29 18:44:00+00:00,2024-05-29 18:44:00+00:00,2024-05-29 18:46:00+00:00,2024-05-29 18:47:00+00:00,pullback_short_late_09e4d5d84f5e,-1,market,0.0,3,1,8,12,42980.0
498689,498690,498692,498692,closed,timeout,20520.0,20520.75,20519.75,20521.0,20528.0,20508.0,-0.75,-1.25,-1.75,-35.0,10.0,0.5,3.0,3.0,4.5,2024-05-29 18:48:00+00:00,2024-05-29 18:48:00+00:00,2024-05-29 18:51:00+00:00,2024-05-29 18:51:00+00:00,pullback_short_late_09e4d5d84f5e,-1,market,0.0,3,1,8,12,42945.0
498693,498694,498696,498696,closed,stop,20515.75,20523.75,20515.5,20524.0,20523.75,20503.75,-8.0,-8.5,-9.0,-180.0,10.0,0.5,3.0,3.0,9.75,2024-05-29 18:52:00+00:00,2024-05-29 18:52:00+00:00,2024-05-29 18:55:00+00:00,2024-05-29 18:55:00+00:00,pullback_short_late_09e4d5d84f5e,-1,market,0.0,3,1,8,12,42765.0
500006,500007,500009,500009,closed,timeout,20396.5,20396.75,20396.25,20397.0,20404.5,20384.5,-0.25,-0.75,-1.25,-25.0,10.0,0.5,3.0,3.0,2.5,2024-05-30 18:00:00+00:00,2024-05-30 18:00:00+00:00,2024-05-30 18:03:00+00:00,2024-05-30 18:03:00+00:00,pullback_short_late_09e4d5d84f5e,-1,market,0.0,3,1,8,12,42740.0
500009,500010,500011,500011,closed,target,20396.5,20384.5,20396.25,20384.75,20404.5,20384.5,12.0,11.5,11.0,220.0,10.0,0.5,2.0,2.0,0.5,2024-05-30 18:03:00+00:00,2024-05-30 18:03:00+00:00,2024-05-30 18:05:00+00:00,2024-05-30 18:06:00+00:00,pullback_short_late_09e4d5d84f5e,-1,market,0.0,3,1,8,12,42960.0
500015,500016,500018,500018,closed,timeout,20384.75,20381.25,20384.5,20381.5,20392.75,20372.75,3.5,3.0,2.5,50.0,10.0,0.5,3.0,3.0,2.0,2024-05-30 18:09:00+00:00,2024-05-30 18:09:00+00:00,2024-05-30 18:12:00+00:00,2024-05-30 18:12:00+00:00,pullback_short_late_09e4d5d84f5e,-1,market,0.0,3,1,8,12,43010.0
500028,500029,500031,500031,closed,timeout,20366.25,20368.25,20366.0,20368.5,20374.25,20354.25,-2.0,-2.5,-3.0,-60.0,10.0,0.5,3.0,3.0,6.25,2024-05-30 18:22:00+00:00,2024-05-30 18:22:00+00:00,2024-05-30 18:25:00+00:00,2024-05-30 18:25:00+00:00,pullback_short_late_09e4d5d84f5e,-1,market,0.0,3,1,8,12,42950.0
500060,500061,500063,500063,closed,timeout,20363.25,20354.25,20363.0,20354.5,20371.25,20351.25,9.0,8.5,8.0,160.0,10.0,0.5,3.0,3.0,2.5,2024-05-30 18:54:00+00:00,2024-05-30 18:54:00+00:00,2024-05-30 18:57:00+00:00,2024-05-30 18:57:00+00:00,pullback_short_late_09e4d5d84f5e,-1,market,0.0,3,1,8,12,43110.0
500093,500094,500095,500095,closed,stop,20318.0,20326.0,20317.75,20326.25,20326.0,20306.0,-8.0,-8.5,-9.0,-180.0,10.0,0.5,2.0,2.0,10.75,2024-05-30 19:27:00+00:00,2024-05-30 19:27:00+00:00,2024-05-30 19:29:00+00:00,2024-05-30 19:30:00+00:00,pullback_short_late_09e4d5d84f5e,-1,market,0.0,3,1,8,12,42930.0
500107,500108,500109,500109,closed,stop,20294.25,20302.25,20294.0,20302.5,20302.25,20282.25,-8.0,-8.5,-9.0,-180.0,10.0,0.5,2.0,2.0,12.25,2024-05-30 19:41:00+00:00,2024-05-30 19:41:00+00:00,2024-05-30 19:43:00+00:00,2024-05-30 19:44:00+00:00,pullback_short_late_09e4d5d84f5e,-1,market,0.0,3,1,8,12,42750.0
500110,500111,500111,500111,closed,stop,20292.25,20300.25,20292.0,20300.5,20300.25,20280.25,-8.0,-8.5,-9.0,-180.0,10.0,0.5,1.0,1.0,14.25,2024-05-30 19:44:00+00:00,2024-05-30 19:44:00+00:00,2024-05-30 19:45:00+00:00,2024-05-30 19:47:00+00:00,pullback_short_late_09e4d5d84f5e,-1,market,0.0,3,1,8,12,42570.0
500112,500113,500114,500114,closed,target,20291.5,20279.5,20291.25,20279.75,20299.5,20279.5,12.0,11.5,11.0,220.0,10.0,0.5,2.0,2.0,3.25,2024-05-30 19:46:00+00:00,2024-05-30 19:46:00+00:00,2024-05-30 19:48:00+00:00,2024-05-30 19:49:00+00:00,pullback_short_late_09e4d5d84f5e,-1,market,0.0,3,1,8,12,42790.0
501386,501387,501388,501388,closed,stop,20023.0,20031.0,20022.75,20031.25,20031.0,20011.0,-8.0,-8.5,-9.0,-180.0,10.0,0.5,2.0,2.0,8.75,2024-05-31 18:15:00+00:00,2024-05-31 18:15:00+00:00,2024-05-31 18:17:00+00:00,2024-05-31 18:18:00+00:00,pullback_short_late_09e4d5d84f5e,-1,market,0.0,3,1,8,12,42610.0
502742,502743,502744,502744,closed,stop,20251.0,20259.0,20250.75,20259.25,20259.0,20239.0,-8.0,-8.5,-9.0,-180.0,10.0,0.5,2.0,2.0,9.0,2024-06-03 18:06:00+00:00,2024-06-03 18:06:00+00:00,2024-06-03 18:08:00+00:00,2024-06-03 18:09:00+00:00,pullback_short_late_09e4d5d84f5e,-1,market,0.0,3,1,8,12,42430.0
502797,502798,502798,502798,closed,stop,20251.75,20259.75,20251.5,20260.0,20259.75,20239.75,-8.0,-8.5,-9.0,-180.0,10.0,0.5,1.0,1.0,16.0,2024-06-03 19:01:00+00:00,2024-06-03 19:01:00+00:00,2024-06-03 19:02:00+00:00,2024-06-03 19:04:00+00:00,pullback_short_late_09e4d5d84f5e,-1,market,0.0,3,1,8,12,42250.0
502838,502839,502839,502839,closed,stop,20265.5,20273.5,20265.25,20273.75,20273.5,20253.5,-8.0,-8.5,-9.0,-180.0,10.0,0.5,1.0,1.0,8.25,2024-06-03 19:42:00+00:00,2024-06-03 19:42:00+00:00,2024-06-03 19:43:00+00:00,2024-06-03 19:45:00+00:00,pullback_short_late_09e4d5d84f5e,-1,market,0.0,3,1,8,12,42070.0
504165,504166,504166,504166,closed,target,20361.0,20349.0,20360.75,20349.25,20369.0,20349.0,12.0,11.5,11.0,220.0,10.0,0.5,1.0,1.0,0.5,2024-06-04 19:04:00+00:00,2024-06-04 19:04:00+00:00,2024-06-04 19:05:00+00:00,2024-06-04 19:07:00+00:00,pullback_short_late_09e4d5d84f5e,-1,market,0.0,3,1,8,12,42290.0
504181,504182,504182,504182,closed,stop,20354.75,20362.75,20354.5,20363.0,20362.75,20342.75,-8.0,-8.5,-9.0,-180.0,10.0,0.5,1.0,1.0,9.75,2024-06-04 19:20:00+00:00,2024-06-04 19:20:00+00:00,2024-06-04 19:21:00+00:00,2024-06-04 19:23:00+00:00,pullback_short_late_09e4d5d84f5e,-1,market,0.0,3,1,8,12,42110.0
504198,504199,504200,504200,closed,target,20352.75,20340.75,20352.5,20341.0,20360.75,20340.75,12.0,11.5,11.0,220.0,10.0,0.5,2.0,2.0,4.25,2024-06-04 19:37:00+00:00,2024-06-04 19:37:00+00:00,2024-06-04 19:39:00+00:00,2024-06-04 19:40:00+00:00,pullback_short_late_09e4d5d84f5e,-1,market,0.0,3,1,8,12,42330.0
505485,505486,505487,505487,closed,stop,20705.5,20713.5,20705.25,20713.75,20713.5,20693.5,-8.0,-8.5,-9.0,-180.0,10.0,0.5,2.0,2.0,8.5,2024-06-05 18:19:00+00:00,2024-06-05 18:19:00+00:00,2024-06-05 18:21:00+00:00,2024-06-05 18:22:00+00:00,pullback_short_late_09e4d5d84f5e,-1,market,0.0,3,1,8,12,42150.0
505554,505555,505557,505557,closed,stop,20725.0,20733.0,20724.75,20733.25,20733.0,20713.0,-8.0,-8.5,-9.0,-180.0,10.0,0.5,3.0,3.0,8.75,2024-06-05 19:28:00+00:00,2024-06-05 19:28:00+00:00,2024-06-05 19:31:00+00:00,2024-06-05 19:31:00+00:00,pullback_short_late_09e4d5d84f5e,-1,market,0.0,3,1,8,12,41970.0
505559,505560,505560,505560,closed,stop,20723.75,20731.75,20723.5,20732.0,20731.75,20711.75,-8.0,-8.5,-9.0,-180.0,10.0,0.5,1.0,1.0,8.25,2024-06-05 19:33:00+00:00,2024-06-05 19:33:00+00:00,2024-06-05 19:34:00+00:00,2024-06-05 19:36:00+00:00,pullback_short_late_09e4d5d84f5e,-1,market,0.0,3,1,8,12,41790.0
506833,506834,506836,506836,closed,target,20766.25,20754.25,20766.0,20754.5,20774.25,20754.25,12.0,11.5,11.0,220.0,10.0,0.5,3.0,3.0,0.5,2024-06-06 18:02:00+00:00,2024-06-06 18:02:00+00:00,2024-06-06 18:05:00+00:00,2024-06-06 18:05:00+00:00,pullback_short_late_09e4d5d84f5e,-1,market,0.0,3,1,8,12,42010.0
506847,506848,506849,506849,closed,stop,20727.0,20735.0,20726.75,20735.25,20735.0,20715.0,-8.0,-8.5,-9.0,-180.0,10.0,0.5,2.0,2.0,9.5,2024-06-06 18:16:00+00:00,2024-06-06 18:16:00+00:00,2024-06-06 18:18:00+00:00,2024-06-06 18:19:00+00:00,pullback_short_late_09e4d5d84f5e,-1,market,0.0,3,1,8,12,41830.0
506852,506853,506853,506853,closed,stop,20735.0,20743.0,20734.75,20743.25,20743.0,20723.0,-8.0,-8.5,-9.0,-180.0,10.0,0.5,1.0,1.0,12.0,2024-06-06 18:21:00+00:00,2024-06-06 18:21:00+00:00,2024-06-06 18:22:00+00:00,2024-06-06 18:24:00+00:00,pullback_short_late_09e4d5d84f5e,-1,market,0.0,3,1,8,12,41650.0
506909,506910,506912,506912,closed,timeout,20748.25,20752.25,20748.0,20752.5,20756.25,20736.25,-4.0,-4.5,-5.0,-100.0,10.0,0.5,3.0,3.0,6.0,2024-06-06 19:18:00+00:00,2024-06-06 19:18:00+00:00,2024-06-06 19:21:00+00:00,2024-06-06 19:21:00+00:00,pullback_short_late_09e4d5d84f5e,-1,market,0.0,3,1,8,12,41550.0
506922,506923,506925,506925,closed,timeout,20753.25,20755.25,20753.0,20755.5,20761.25,20741.25,-2.0,-2.5,-3.0,-60.0,10.0,0.5,3.0,3.0,5.5,2024-06-06 19:31:00+00:00,2024-06-06 19:31:00+00:00,2024-06-06 19:34:00+00:00,2024-06-06 19:34:00+00:00,pullback_short_late_09e4d5d84f5e,-1,market,0.0,3,1,8,12,41490.0
508212,508213,508214,508214,closed,target,20707.0,20695.0,20706.75,20695.25,20715.0,20695.0,12.0,11.5,11.0,220.0,10.0,0.5,2.0,2.0,1.5,2024-06-07 18:17:00+00:00,2024-06-07 18:17:00+00:00,2024-06-07 18:19:00+00:00,2024-06-07 18:20:00+00:00,pullback_short_late_09e4d5d84f5e,-1,market,0.0,3,1,8,12,41710.0
508218,508219,508221,508221,closed,stop,20726.25,20734.25,20726.0,20734.5,20734.25,20714.25,-8.0,-8.5,-9.0,-180.0,10.0,0.5,3.0,3.0,8.75,2024-06-07 18:23:00+00:00,2024-06-07 18:23:00+00:00,2024-06-07 18:26:00+00:00,2024-06-07 18:26:00+00:00,pullback_short_late_09e4d5d84f5e,-1,market,0.0,3,1,8,12,41530.0
508261,508262,508263,508263,closed,target,20740.75,20728.75,20740.5,20729.0,20748.75,20728.75,12.0,11.5,11.0,220.0,10.0,0.5,2.0,2.0,0.25,2024-06-07 19:06:00+00:00,2024-06-07 19:06:00+00:00,2024-06-07 19:08:00+00:00,2024-06-07 19:09:00+00:00,pullback_short_late_09e4d5d84f5e,-1,market,0.0,3,1,8,12,41750.0
508273,508274,508274,508274,closed,target,20729.0,20717.0,20728.75,20717.25,20737.0,20717.0,12.0,11.5,11.0,220.0,10.0,0.5,1.0,1.0,1.25,2024-06-07 19:18:00+00:00,2024-06-07 19:18:00+00:00,2024-06-07 19:19:00+00:00,2024-06-07 19:21:00+00:00,pullback_short_late_09e4d5d84f5e,-1,market,0.0,3,1,8,12,41970.0
508274,508275,508275,508275,closed,stop,20710.0,20718.0,20709.75,20718.25,20718.0,20698.0,-8.0,-8.5,-9.0,-180.0,10.0,0.5,1.0,1.0,9.75,2024-06-07 19:19:00+00:00,2024-06-07 19:19:00+00:00,2024-06-07 19:20:00+00:00,2024-06-07 19:22:00+00:00,pullback_short_late_09e4d5d84f5e,-1,market,0.0,3,1,8,12,41790.0
508307,508308,508308,508308,closed,target,20731.25,20719.25,20731.0,20719.5,20739.25,20719.25,12.0,11.5,11.0,220.0,10.0,0.5,1.0,1.0,4.25,2024-06-07 19:52:00+00:00,2024-06-07 19:52:00+00:00,2024-06-07 19:53:00+00:00,2024-06-07 19:55:00+00:00,pullback_short_late_09e4d5d84f5e,-1,market,0.0,3,1,8,12,42010.0
509572,509573,509575,509575,closed,timeout,20772.75,20772.75,20772.5,20773.0,20780.75,20760.75,-0.0,-0.5,-1.0,-20.0,10.0,0.5,3.0,3.0,4.5,2024-06-10 18:13:00+00:00,2024-06-10 18:13:00+00:00,2024-06-10 18:16:00+00:00,2024-06-10 18:16:00+00:00,pullback_short_late_09e4d5d84f5e,-1,market,0.0,3,1,8,12,41990.0
509584,509585,509585,509585,closed,stop,20751.0,20759.0,20750.75,20759.25,20759.0,20739.0,-8.0,-8.5,-9.0,-180.0,10.0,0.5,1.0,1.0,12.0,2024-06-10 18:25:00+00:00,2024-06-10 18:25:00+00:00,2024-06-10 18:26:00+00:00,2024-06-10 18:28:00+00:00,pullback_short_late_09e4d5d84f5e,-1,market,0.0,3,1,8,12,41810.0
509586,509587,509588,509588,closed,target,20754.25,20742.25,20754.0,20742.5,20762.25,20742.25,12.0,11.5,11.0,220.0,10.0,0.5,2.0,2.0,3.25,2024-06-10 18:27:00+00:00,2024-06-10 18:27:00+00:00,2024-06-10 18:29:00+00:00,2024-06-10 18:30:00+00:00,pullback_short_late_09e4d5d84f5e,-1,market,0.0,3,1,8,12,42030.0
509659,509660,509660,509660,closed,stop,20793.75,20801.75,20793.5,20802.0,20801.75,20781.75,-8.0,-8.5,-9.0,-180.0,10.0,0.5,1.0,1.0,8.5,2024-06-10 19:40:00+00:00,2024-06-10 19:40:00+00:00,2024-06-10 19:41:00+00:00,2024-06-10 19:43:00+00:00,pullback_short_late_09e4d5d84f5e,-1,market,0.0,3,1,8,12,41850.0
509662,509663,509665,509665,closed,target,20800.25,20788.25,20800.0,20788.5,20808.25,20788.25,12.0,11.5,11.0,220.0,10.0,0.5,3.0,3.0,1.25,2024-06-10 19:43:00+00:00,2024-06-10 19:43:00+00:00,2024-06-10 19:46:00+00:00,2024-06-10 19:46:00+00:00,pullback_short_late_09e4d5d84f5e,-1,market,0.0,3,1,8,12,42070.0
511009,511010,511012,511012,closed,timeout,20896.0,20890.5,20895.75,20890.75,20904.0,20884.0,5.5,5.0,4.5,90.0,10.0,0.5,3.0,3.0,1.0,2024-06-11 19:25:00+00:00,2024-06-11 19:25:00+00:00,2024-06-11 19:28:00+00:00,2024-06-11 19:28:00+00:00,pullback_short_late_09e4d5d84f5e,-1,market,0.0,3,1,8,12,42160.0
512294,512295,512295,512295,closed,stop,21172.0,21180.0,21171.75,21180.25,21180.0,21160.0,-8.0,-8.5,-9.0,-180.0,10.0,0.5,1.0,1.0,21.0,2024-06-12 18:05:00+00:00,2024-06-12 18:05:00+00:00,2024-06-12 18:06:00+00:00,2024-06-12 18:08:00+00:00,pullback_short_late_09e4d5d84f5e,-1,market,0.0,3,1,8,12,41980.0
512302,512303,512305,512305,closed,stop,21181.25,21189.25,21181.0,21189.5,21189.25,21169.25,-8.0,-8.5,-9.0,-180.0,10.0,0.5,3.0,3.0,16.0,2024-06-12 18:13:00+00:00,2024-06-12 18:13:00+00:00,2024-06-12 18:16:00+00:00,2024-06-12 18:16:00+00:00,pullback_short_late_09e4d5d84f5e,-1,market,0.0,3,1,8,12,41800.0
512338,512339,512339,512339,closed,target,21188.25,21176.25,21188.0,21176.5,21196.25,21176.25,12.0,11.5,11.0,220.0,10.0,0.5,1.0,1.0,5.0,2024-06-12 18:49:00+00:00,2024-06-12 18:49:00+00:00,2024-06-12 18:50:00+00:00,2024-06-12 18:52:00+00:00,pullback_short_late_09e4d5d84f5e,-1,market,0.0,3,1,8,12,42020.0
512387,512388,512388,512388,closed,target,21175.25,21163.25,21175.0,21163.5,21183.25,21163.25,12.0,11.5,11.0,220.0,10.0,0.5,1.0,1.0,3.25,2024-06-12 19:38:00+00:00,2024-06-12 19:38:00+00:00,2024-06-12 19:39:00+00:00,2024-06-12 19:41:00+00:00,pullback_short_late_09e4d5d84f5e,-1,market,0.0,3,1,8,12,42240.0
512395,512396,512396,512396,closed,stop,21146.0,21154.0,21145.75,21154.25,21154.0,21134.0,-8.0,-8.5,-9.0,-180.0,10.0,0.5,1.0,1.0,12.0,2024-06-12 19:46:00+00:00,2024-06-12 19:46:00+00:00,2024-06-12 19:47:00+00:00,2024-06-12 19:49:00+00:00,pullback_short_late_09e4d5d84f5e,-1,market,0.0,3,1,8,12,42060.0
515031,515032,515034,515034,closed,timeout,21338.75,21338.0,21338.5,21338.25,21346.75,21326.75,0.75,0.25,-0.25,-5.0,10.0,0.5,3.0,3.0,8.0,2024-06-14 18:12:00+00:00,2024-06-14 18:12:00+00:00,2024-06-14 18:15:00+00:00,2024-06-14 18:15:00+00:00,pullback_short_late_09e4d5d84f5e,-1,market,0.0,3,1,8,12,42055.0
515066,515067,515069,515069,closed,stop,21342.5,21350.5,21342.25,21350.75,21350.5,21330.5,-8.0,-8.5,-9.0,-180.0,10.0,0.5,3.0,3.0,8.75,2024-06-14 18:47:00+00:00,2024-06-14 18:47:00+00:00,2024-06-14 18:50:00+00:00,2024-06-14 18:50:00+00:00,pullback_short_late_09e4d5d84f5e,-1,market,0.0,3,1,8,12,41875.0
515131,515132,515134,515134,closed,timeout,21348.75,21348.25,21348.5,21348.5,21356.75,21336.75,0.5,-0.0,-0.5,-10.0,10.0,0.5,3.0,3.0,2.5,2024-06-14 19:52:00+00:00,2024-06-14 19:52:00+00:00,2024-06-14 19:55:00+00:00,2024-06-14 19:55:00+00:00,pullback_short_late_09e4d5d84f5e,-1,market,0.0,3,1,8,12,41865.0
516403,516404,516405,516405,closed,stop,21657.25,21665.25,21657.0,21665.5,21665.25,21645.25,-8.0,-8.5,-9.0,-180.0,10.0,0.5,2.0,2.0,13.25,2024-06-17 18:21:00+00:00,2024-06-17 18:21:00+00:00,2024-06-17 18:23:00+00:00,2024-06-17 18:24:00+00:00,pullback_short_late_09e4d5d84f5e,-1,market,0.0,3,1,8,12,41685.0
516406,516407,516409,516409,closed,stop,21666.25,21674.25,21666.0,21674.5,21674.25,21654.25,-8.0,-8.5,-9.0,-180.0,10.0,0.5,3.0,3.0,14.25,2024-06-17 18:24:00+00:00,2024-06-17 18:24:00+00:00,2024-06-17 18:27:00+00:00,2024-06-17 18:27:00+00:00,pullback_short_late_09e4d5d84f5e,-1,market,0.0,3,1,8,12,41505.0
516410,516411,516413,516413,closed,timeout,21670.75,21677.5,21670.5,21677.75,21678.75,21658.75,-6.75,-7.25,-7.75,-155.0,10.0,0.5,3.0,3.0,7.75,2024-06-17 18:28:00+00:00,2024-06-17 18:28:00+00:00,2024-06-17 18:31:00+00:00,2024-06-17 18:31:00+00:00,pullback_short_late_09e4d5d84f5e,-1,market,0.0,3,1,8,12,41350.0
516414,516415,516417,516417,closed,timeout,21673.5,21676.0,21673.25,21676.25,21681.5,21661.5,-2.5,-3.0,-3.5,-70.0,10.0,0.5,3.0,3.0,4.25,2024-06-17 18:32:00+00:00,2024-06-17 18:32:00+00:00,2024-06-17 18:35:00+00:00,2024-06-17 18:35:00+00:00,pullback_short_late_09e4d5d84f5e,-1,market,0.0,3,1,8,12,41280.0
516445,516446,516448,516448,closed,timeout,21662.25,21659.0,21662.0,21659.25,21670.25,21650.25,3.25,2.75,2.25,45.0,10.0,0.5,3.0,3.0,3.25,2024-06-17 19:03:00+00:00,2024-06-17 19:03:00+00:00,2024-06-17 19:06:00+00:00,2024-06-17 19:06:00+00:00,pullback_short_late_09e4d5d84f5e,-1,market,0.0,3,1,8,12,41325.0
516484,516485,516487,516487,closed,timeout,21672.75,21667.5,21672.5,21667.75,21680.75,21660.75,5.25,4.75,4.25,85.0,10.0,0.5,3.0,3.0,3.5,2024-06-17 19:42:00+00:00,2024-06-17 19:42:00+00:00,2024-06-17 19:45:00+00:00,2024-06-17 19:45:00+00:00,pullback_short_late_09e4d5d84f5e,-1,market,0.0,3,1,8,12,41410.0
516495,516496,516497,516497,closed,target,21645.0,21633.0,21644.75,21633.25,21653.0,21633.0,12.0,11.5,11.0,220.0,10.0,0.5,2.0,2.0,1.0,2024-06-17 19:53:00+00:00,2024-06-17 19:53:00+00:00,2024-06-17 19:55:00+00:00,2024-06-17 19:56:00+00:00,pullback_short_late_09e4d5d84f5e,-1,market,0.0,3,1,8,12,41630.0
516498,516499,516499,516499,closed,stop,21635.25,21643.25,21635.0,21643.5,21643.25,21623.25,-8.0,-8.5,-9.0,-180.0,10.0,0.5,1.0,1.0,9.0,2024-06-17 19:56:00+00:00,2024-06-17 19:56:00+00:00,2024-06-17 19:57:00+00:00,2024-06-17 19:59:00+00:00,pullback_short_late_09e4d5d84f5e,-1,market,0.0,3,1,8,12,41450.0
517757,517758,517759,517759,closed,stop,21624.75,21632.75,21624.5,21633.0,21632.75,21612.75,-8.0,-8.5,-9.0,-180.0,10.0,0.5,2.0,2.0,10.0,2024-06-18 18:10:00+00:00,2024-06-18 18:10:00+00:00,2024-06-18 18:12:00+00:00,2024-06-18 18:13:00+00:00,pullback_short_late_09e4d5d84f5e,-1,market,0.0,3,1,8,12,41270.0
517761,517762,517763,517763,closed,target,21629.25,21617.25,21629.0,21617.5,21637.25,21617.25,12.0,11.5,11.0,220.0,10.0,0.5,2.0,2.0,1.5,2024-06-18 18:14:00+00:00,2024-06-18 18:14:00+00:00,2024-06-18 18:16:00+00:00,2024-06-18 18:17:00+00:00,pullback_short_late_09e4d5d84f5e,-1,market,0.0,3,1,8,12,41490.0
517765,517766,517768,517768,closed,timeout,21620.75,21621.25,21620.5,21621.5,21628.75,21608.75,-0.5,-1.0,-1.5,-30.0,10.0,0.5,3.0,3.0,4.5,2024-06-18 18:18:00+00:00,2024-06-18 18:18:00+00:00,2024-06-18 18:21:00+00:00,2024-06-18 18:21:00+00:00,pullback_short_late_09e4d5d84f5e,-1,market,0.0,3,1,8,12,41460.0
517779,517780,517782,517782,closed,timeout,21620.0,21618.25,21619.75,21618.5,21628.0,21608.0,1.75,1.25,0.75,15.0,10.0,0.5,3.0,3.0,2.5,2024-06-18 18:32:00+00:00,2024-06-18 18:32:00+00:00,2024-06-18 18:35:00+00:00,2024-06-18 18:35:00+00:00,pullback_short_late_09e4d5d84f5e,-1,market,0.0,3,1,8,12,41475.0
517796,517797,517799,517799,closed,stop,21616.25,21624.25,21616.0,21624.5,21624.25,21604.25,-8.0,-8.5,-9.0,-180.0,10.0,0.5,3.0,3.0,9.25,2024-06-18 18:49:00+00:00,2024-06-18 18:49:00+00:00,2024-06-18 18:52:00+00:00,2024-06-18 18:52:00+00:00,pullback_short_late_09e4d5d84f5e,-1,market,0.0,3,1,8,12,41295.0
520278,520279,520279,520279,closed,target,21496.75,21484.75,21496.5,21485.0,21504.75,21484.75,12.0,11.5,11.0,220.0,10.0,0.5,1.0,1.0,3.25,2024-06-20 18:26:00+00:00,2024-06-20 18:26:00+00:00,2024-06-20 18:27:00+00:00,2024-06-20 18:29:00+00:00,pullback_short_late_09e4d5d84f5e,-1,market,0.0,3,1,8,12,41515.0
520279,520280,520280,520280,closed,stop,21486.0,21494.0,21485.75,21494.25,21494.0,21474.0,-8.0,-8.5,-9.0,-180.0,10.0,0.5,1.0,1.0,16.0,2024-06-20 18:27:00+00:00,2024-06-20 18:27:00+00:00,2024-06-20 18:28:00+00:00,2024-06-20 18:30:00+00:00,pullback_short_late_09e4d5d84f5e,-1,market,0.0,3,1,8,12,41335.0
520294,520295,520297,520297,closed,timeout,21476.0,21471.0,21475.75,21471.25,21484.0,21464.0,5.0,4.5,4.0,80.0,10.0,0.5,3.0,3.0,1.25,2024-06-20 18:42:00+00:00,2024-06-20 18:42:00+00:00,2024-06-20 18:45:00+00:00,2024-06-20 18:45:00+00:00,pullback_short_late_09e4d5d84f5e,-1,market,0.0,3,1,8,12,41415.0
520305,520306,520306,520306,closed,stop,21458.0,21466.0,21457.75,21466.25,21466.0,21446.0,-8.0,-8.5,-9.0,-180.0,10.0,0.5,1.0,1.0,8.5,2024-06-20 18:53:00+00:00,2024-06-20 18:53:00+00:00,2024-06-20 18:54:00+00:00,2024-06-20 18:56:00+00:00,pullback_short_late_09e4d5d84f5e,-1,market,0.0,3,1,8,12,41235.0
520307,520308,520308,520308,closed,stop,21461.0,21469.0,21460.75,21469.25,21469.0,21449.0,-8.0,-8.5,-9.0,-180.0,10.0,0.5,1.0,1.0,8.5,2024-06-20 18:55:00+00:00,2024-06-20 18:55:00+00:00,2024-06-20 18:56:00+00:00,2024-06-20 18:58:00+00:00,pullback_short_late_09e4d5d84f5e,-1,market,0.0,3,1,8,12,41055.0
520317,520318,520318,520318,closed,stop,21425.75,21433.75,21425.5,21434.0,21433.75,21413.75,-8.0,-8.5,-9.0,-180.0,10.0,0.5,1.0,1.0,10.25,2024-06-20 19:05:00+00:00,2024-06-20 19:05:00+00:00,2024-06-20 19:06:00+00:00,2024-06-20 19:08:00+00:00,pullback_short_late_09e4d5d84f5e,-1,market,0.0,3,1,8,12,40875.0
520323,520324,520325,520325,closed,stop,21436.25,21444.25,21436.0,21444.5,21444.25,21424.25,-8.0,-8.5,-9.0,-180.0,10.0,0.5,2.0,2.0,9.5,2024-06-20 19:11:00+00:00,2024-06-20 19:11:00+00:00,2024-06-20 19:13:00+00:00,2024-06-20 19:14:00+00:00,pullback_short_late_09e4d5d84f5e,-1,market,0.0,3,1,8,12,40695.0
520329,520330,520332,520332,closed,timeout,21440.75,21434.25,21440.5,21434.5,21448.75,21428.75,6.5,6.0,5.5,110.0,10.0,0.5,3.0,3.0,4.0,2024-06-20 19:17:00+00:00,2024-06-20 19:17:00+00:00,2024-06-20 19:20:00+00:00,2024-06-20 19:20:00+00:00,pullback_short_late_09e4d5d84f5e,-1,market,0.0,3,1,8,12,40805.0
521632,521633,521633,521633,closed,stop,21409.75,21417.75,21409.5,21418.0,21417.75,21397.75,-8.0,-8.5,-9.0,-180.0,10.0,0.5,1.0,1.0,10.25,2024-06-21 18:15:00+00:00,2024-06-21 18:15:00+00:00,2024-06-21 18:16:00+00:00,2024-06-21 18:18:00+00:00,pullback_short_late_09e4d5d84f5e,-1,market,0.0,3,1,8,12,40625.0
521660,521661,521663,521663,closed,stop,21413.0,21421.0,21412.75,21421.25,21421.0,21401.0,-8.0,-8.5,-9.0,-180.0,10.0,0.5,3.0,3.0,13.75,2024-06-21 18:43:00+00:00,2024-06-21 18:43:00+00:00,2024-06-21 18:46:00+00:00,2024-06-21 18:46:00+00:00,pullback_short_late_09e4d5d84f5e,-1,market,0.0,3,1,8,12,40445.0
521671,521672,521674,521674,closed,timeout,21411.25,21408.0,21411.0,21408.25,21419.25,21399.25,3.25,2.75,2.25,45.0,10.0,0.5,3.0,3.0,4.0,2024-06-21 18:54:00+00:00,2024-06-21 18:54:00+00:00,2024-06-21 18:57:00+00:00,2024-06-21 18:57:00+00:00,pullback_short_late_09e4d5d84f5e,-1,market,0.0,3,1,8,12,40490.0
521710,521711,521712,521712,closed,stop,21428.0,21436.0,21427.75,21436.25,21436.0,21416.0,-8.0,-8.5,-9.0,-180.0,10.0,0.5,2.0,2.0,10.0,2024-06-21 19:33:00+00:00,2024-06-21 19:33:00+00:00,2024-06-21 19:35:00+00:00,2024-06-21 19:36:00+00:00,pullback_short_late_09e4d5d84f5e,-1,market,0.0,3,1,8,12,40310.0
521721,521722,521722,521722,closed,stop,21430.75,21438.75,21430.5,21439.0,21438.75,21418.75,-8.0,-8.5,-9.0,-180.0,10.0,0.5,1.0,1.0,9.25,2024-06-21 19:44:00+00:00,2024-06-21 19:44:00+00:00,2024-06-21 19:45:00+00:00,2024-06-21 19:47:00+00:00,pullback_short_late_09e4d5d84f5e,-1,market,0.0,3,1,8,12,40130.0
521734,521735,521735,521735,closed,target,21422.0,21410.0,21421.75,21410.25,21430.0,21410.0,12.0,11.5,11.0,220.0,10.0,0.5,1.0,1.0,1.0,2024-06-21 19:57:00+00:00,2024-06-21 19:57:00+00:00,2024-06-21 19:58:00+00:00,2024-06-21 20:00:00+00:00,pullback_short_late_09e4d5d84f5e,-1,market,0.0,3,1,8,12,40350.0
522984,522985,522986,522986,closed,stop,21233.75,21241.75,21233.5,21242.0,21241.75,21221.75,-8.0,-8.5,-9.0,-180.0,10.0,0.5,2.0,2.0,10.0,2024-06-24 18:05:00+00:00,2024-06-24 18:05:00+00:00,2024-06-24 18:07:00+00:00,2024-06-24 18:08:00+00:00,pullback_short_late_09e4d5d84f5e,-1,market,0.0,3,1,8,12,40170.0
523002,523003,523005,523005,closed,target,21221.25,21209.25,21221.0,21209.5,21229.25,21209.25,12.0,11.5,11.0,220.0,10.0,0.5,3.0,3.0,2.5,2024-06-24 18:23:00+00:00,2024-06-24 18:23:00+00:00,2024-06-24 18:26:00+00:00,2024-06-24 18:26:00+00:00,pullback_short_late_09e4d5d84f5e,-1,market,0.0,3,1,8,12,40390.0
523010,523011,523013,523013,closed,timeout,21210.0,21206.25,21209.75,21206.5,21218.0,21198.0,3.75,3.25,2.75,55.0,10.0,0.5,3.0,3.0,3.75,2024-06-24 18:31:00+00:00,2024-06-24 18:31:00+00:00,2024-06-24 18:34:00+00:00,2024-06-24 18:34:00+00:00,pullback_short_late_09e4d5d84f5e,-1,market,0.0,3,1,8,12,40445.0
523066,523067,523069,523069,closed,timeout,21265.25,21265.25,21265.0,21265.5,21273.25,21253.25,-0.0,-0.5,-1.0,-20.0,10.0,0.5,3.0,3.0,4.25,2024-06-24 19:27:00+00:00,2024-06-24 19:27:00+00:00,2024-06-24 19:30:00+00:00,2024-06-24 19:30:00+00:00,pullback_short_late_09e4d5d84f5e,-1,market,0.0,3,1,8,12,40425.0
523073,523074,523076,523076,closed,timeout,21261.5,21264.25,21261.25,21264.5,21269.5,21249.5,-2.75,-3.25,-3.75,-75.0,10.0,0.5,3.0,3.0,7.0,2024-06-24 19:34:00+00:00,2024-06-24 19:34:00+00:00,2024-06-24 19:37:00+00:00,2024-06-24 19:37:00+00:00,pullback_short_late_09e4d5d84f5e,-1,market,0.0,3,1,8,12,40350.0
523091,523092,523092,523092,closed,target,21212.25,21200.25,21212.0,21200.5,21220.25,21200.25,12.0,11.5,11.0,220.0,10.0,0.5,1.0,1.0,0.75,2024-06-24 19:52:00+00:00,2024-06-24 19:52:00+00:00,2024-06-24 19:53:00+00:00,2024-06-24 19:55:00+00:00,pullback_short_late_09e4d5d84f5e,-1,market,0.0,3,1,8,12,40570.0
523094,523095,523095,523095,closed,target,21211.0,21199.0,21210.75,21199.25,21219.0,21199.0,12.0,11.5,11.0,220.0,10.0,0.5,1.0,1.0,1.25,2024-06-24 19:55:00+00:00,2024-06-24 19:55:00+00:00,2024-06-24 19:56:00+00:00,2024-06-24 19:58:00+00:00,pullback_short_late_09e4d5d84f5e,-1,market,0.0,3,1,8,12,40790.0
524449,524450,524452,524452,closed,timeout,21389.75,21387.25,21389.5,21387.5,21397.75,21377.75,2.5,2.0,1.5,30.0,10.0,0.5,3.0,3.0,3.25,2024-06-25 19:45:00+00:00,2024-06-25 19:45:00+00:00,2024-06-25 19:48:00+00:00,2024-06-25 19:48:00+00:00,pullback_short_late_09e4d5d84f5e,-1,market,0.0,3,1,8,12,40820.0
525728,525729,525731,525731,closed,timeout,21406.5,21398.25,21406.25,21398.5,21414.5,21394.5,8.25,7.75,7.25,145.0,10.0,0.5,3.0,3.0,0.25,2024-06-26 18:19:00+00:00,2024-06-26 18:19:00+00:00,2024-06-26 18:22:00+00:00,2024-06-26 18:22:00+00:00,pullback_short_late_09e4d5d84f5e,-1,market,0.0,3,1,8,12,40965.0
525773,525774,525776,525776,closed,stop,21374.25,21382.25,21374.0,21382.5,21382.25,21362.25,-8.0,-8.5,-9.0,-180.0,10.0,0.5,3.0,3.0,10.75,2024-06-26 19:04:00+00:00,2024-06-26 19:04:00+00:00,2024-06-26 19:07:00+00:00,2024-06-26 19:07:00+00:00,pullback_short_late_09e4d5d84f5e,-1,market,0.0,3,1,8,12,40785.0
525777,525778,525780,525780,closed,timeout,21378.75,21370.25,21378.5,21370.5,21386.75,21366.75,8.5,8.0,7.5,150.0,10.0,0.5,3.0,3.0,6.5,2024-06-26 19:08:00+00:00,2024-06-26 19:08:00+00:00,2024-06-26 19:11:00+00:00,2024-06-26 19:11:00+00:00,pullback_short_late_09e4d5d84f5e,-1,market,0.0,3,1,8,12,40935.0
525789,525790,525792,525792,closed,stop,21374.0,21382.0,21373.75,21382.25,21382.0,21362.0,-8.0,-8.5,-9.0,-180.0,10.0,0.5,3.0,3.0,14.25,2024-06-26 19:20:00+00:00,2024-06-26 19:20:00+00:00,2024-06-26 19:23:00+00:00,2024-06-26 19:23:00+00:00,pullback_short_late_09e4d5d84f5e,-1,market,0.0,3,1,8,12,40755.0
527080,527081,527082,527082,closed,stop,21439.5,21447.5,21439.25,21447.75,21447.5,21427.5,-8.0,-8.5,-9.0,-180.0,10.0,0.5,2.0,2.0,18.25,2024-06-27 18:06:00+00:00,2024-06-27 18:06:00+00:00,2024-06-27 18:08:00+00:00,2024-06-27 18:09:00+00:00,pullback_short_late_09e4d5d84f5e,-1,market,0.0,3,1,8,12,40575.0
527083,527084,527086,527086,closed,timeout,21451.0,21451.5,21450.75,21451.75,21459.0,21439.0,-0.5,-1.0,-1.5,-30.0,10.0,0.5,3.0,3.0,7.75,2024-06-27 18:09:00+00:00,2024-06-27 18:09:00+00:00,2024-06-27 18:12:00+00:00,2024-06-27 18:12:00+00:00,pullback_short_late_09e4d5d84f5e,-1,market,0.0,3,1,8,12,40545.0
527086,527087,527089,527089,closed,timeout,21452.0,21448.0,21451.75,21448.25,21460.0,21440.0,4.0,3.5,3.0,60.0,10.0,0.5,3.0,3.0,1.25,2024-06-27 18:12:00+00:00,2024-06-27 18:12:00+00:00,2024-06-27 18:15:00+00:00,2024-06-27 18:15:00+00:00,pullback_short_late_09e4d5d84f5e,-1,market,0.0,3,1,8,12,40605.0
527091,527092,527093,527093,closed,target,21447.25,21435.25,21447.0,21435.5,21455.25,21435.25,12.0,11.5,11.0,220.0,10.0,0.5,2.0,2.0,0.75,2024-06-27 18:17:00+00:00,2024-06-27 18:17:00+00:00,2024-06-27 18:19:00+00:00,2024-06-27 18:20:00+00:00,pullback_short_late_09e4d5d84f5e,-1,market,0.0,3,1,8,12,40825.0
527191,527192,527192,527192,closed,stop,21458.5,21466.5,21458.25,21466.75,21466.5,21446.5,-8.0,-8.5,-9.0,-180.0,10.0,0.5,1.0,1.0,8.5,2024-06-27 19:57:00+00:00,2024-06-27 19:57:00+00:00,2024-06-27 19:58:00+00:00,2024-06-27 20:00:00+00:00,pullback_short_late_09e4d5d84f5e,-1,market,0.0,3,1,8,12,40645.0
527193,527194,527194,527194,closed,stop,21458.25,21466.25,21458.0,21466.5,21466.25,21446.25,-8.0,-8.5,-9.0,-180.0,10.0,0.5,1.0,1.0,25.0,2024-06-27 19:59:00+00:00,2024-06-27 19:59:00+00:00,2024-06-27 20:00:00+00:00,2024-06-27 20:02:00+00:00,pullback_short_late_09e4d5d84f5e,-1,market,0.0,3,1,8,12,40465.0
528467,528468,528470,528470,closed,timeout,21453.0,21448.5,21452.75,21448.75,21461.0,21441.0,4.5,4.0,3.5,70.0,10.0,0.5,3.0,3.0,2.0,2024-06-28 18:28:00+00:00,2024-06-28 18:28:00+00:00,2024-06-28 18:31:00+00:00,2024-06-28 18:31:00+00:00,pullback_short_late_09e4d5d84f5e,-1,market,0.0,3,1,8,12,40535.0
528475,528476,528476,528476,closed,stop,21449.5,21457.5,21449.25,21457.75,21457.5,21437.5,-8.0,-8.5,-9.0,-180.0,10.0,0.5,1.0,1.0,18.25,2024-06-28 18:36:00+00:00,2024-06-28 18:36:00+00:00,2024-06-28 18:37:00+00:00,2024-06-28 18:39:00+00:00,pullback_short_late_09e4d5d84f5e,-1,market,0.0,3,1,8,12,40355.0
528478,528479,528481,528481,closed,stop,21456.25,21464.25,21456.0,21464.5,21464.25,21444.25,-8.0,-8.5,-9.0,-180.0,10.0,0.5,3.0,3.0,8.5,2024-06-28 18:39:00+00:00,2024-06-28 18:39:00+00:00,2024-06-28 18:42:00+00:00,2024-06-28 18:42:00+00:00,pullback_short_late_09e4d5d84f5e,-1,market,0.0,3,1,8,12,40175.0
528526,528527,528529,528529,closed,timeout,21428.5,21424.0,21428.25,21424.25,21436.5,21416.5,4.5,4.0,3.5,70.0,10.0,0.5,3.0,3.0,7.5,2024-06-28 19:27:00+00:00,2024-06-28 19:27:00+00:00,2024-06-28 19:30:00+00:00,2024-06-28 19:30:00+00:00,pullback_short_late_09e4d5d84f5e,-1,market,0.0,3,1,8,12,40245.0
529838,529839,529839,529839,closed,stop,21434.0,21442.0,21433.75,21442.25,21442.0,21422.0,-8.0,-8.5,-9.0,-180.0,10.0,0.5,1.0,1.0,11.75,2024-07-01 18:34:00+00:00,2024-07-01 18:34:00+00:00,2024-07-01 18:35:00+00:00,2024-07-01 18:37:00+00:00,pullback_short_late_09e4d5d84f5e,-1,market,0.0,3,1,8,12,40065.0
529840,529841,529841,529841,closed,stop,21438.75,21446.75,21438.5,21447.0,21446.75,21426.75,-8.0,-8.5,-9.0,-180.0,10.0,0.5,1.0,1.0,11.25,2024-07-01 18:36:00+00:00,2024-07-01 18:36:00+00:00,2024-07-01 18:37:00+00:00,2024-07-01 18:39:00+00:00,pullback_short_late_09e4d5d84f5e,-1,market,0.0,3,1,8,12,39885.0
529843,529844,529846,529846,closed,stop,21443.25,21451.25,21443.0,21451.5,21451.25,21431.25,-8.0,-8.5,-9.0,-180.0,10.0,0.5,3.0,3.0,9.0,2024-07-01 18:39:00+00:00,2024-07-01 18:39:00+00:00,2024-07-01 18:42:00+00:00,2024-07-01 18:42:00+00:00,pullback_short_late_09e4d5d84f5e,-1,market,0.0,3,1,8,12,39705.0
529895,529896,529898,529898,closed,stop,21438.75,21446.75,21438.5,21447.0,21446.75,21426.75,-8.0,-8.5,-9.0,-180.0,10.0,0.5,3.0,3.0,15.75,2024-07-01 19:31:00+00:00,2024-07-01 19:31:00+00:00,2024-07-01 19:34:00+00:00,2024-07-01 19:34:00+00:00,pullback_short_late_09e4d5d84f5e,-1,market,0.0,3,1,8,12,39525.0
529901,529902,529903,529903,closed,stop,21447.0,21455.0,21446.75,21455.25,21455.0,21435.0,-8.0,-8.5,-9.0,-180.0,10.0,0.5,2.0,2.0,10.25,2024-07-01 19:37:00+00:00,2024-07-01 19:37:00+00:00,2024-07-01 19:39:00+00:00,2024-07-01 19:40:00+00:00,pullback_short_late_09e4d5d84f5e,-1,market,0.0,3,1,8,12,39345.0
531252,531253,531255,531255,closed,timeout,21655.0,21657.75,21654.75,21658.0,21663.0,21643.0,-2.75,-3.25,-3.75,-75.0,10.0,0.5,3.0,3.0,4.25,2024-07-02 19:23:00+00:00,2024-07-02 19:23:00+00:00,2024-07-02 19:26:00+00:00,2024-07-02 19:26:00+00:00,pullback_short_late_09e4d5d84f5e,-1,market,0.0,3,1,8,12,39270.0
534817,534818,534820,534820,closed,stop,22044.75,22052.75,22044.5,22053.0,22052.75,22032.75,-8.0,-8.5,-9.0,-180.0,10.0,0.5,3.0,3.0,11.5,2024-07-05 18:07:00+00:00,2024-07-05 18:07:00+00:00,2024-07-05 18:10:00+00:00,2024-07-05 18:10:00+00:00,pullback_short_late_09e4d5d84f5e,-1,market,0.0,3,1,8,12,39090.0
534823,534824,534826,534826,closed,timeout,22057.25,22059.25,22057.0,22059.5,22065.25,22045.25,-2.0,-2.5,-3.0,-60.0,10.0,0.5,3.0,3.0,4.0,2024-07-05 18:13:00+00:00,2024-07-05 18:13:00+00:00,2024-07-05 18:16:00+00:00,2024-07-05 18:16:00+00:00,pullback_short_late_09e4d5d84f5e,-1,market,0.0,3,1,8,12,39030.0
534848,534849,534851,534851,closed,timeout,22039.75,22031.0,22039.5,22031.25,22047.75,22027.75,8.75,8.25,7.75,155.0,10.0,0.5,3.0,3.0,3.0,2024-07-05 18:38:00+00:00,2024-07-05 18:38:00+00:00,2024-07-05 18:41:00+00:00,2024-07-05 18:41:00+00:00,pullback_short_late_09e4d5d84f5e,-1,market,0.0,3,1,8,12,39185.0
536184,536185,536186,536186,closed,stop,22067.0,22075.0,22066.75,22075.25,22075.0,22055.0,-8.0,-8.5,-9.0,-180.0,10.0,0.5,2.0,2.0,8.5,2024-07-08 18:09:00+00:00,2024-07-08 18:09:00+00:00,2024-07-08 18:11:00+00:00,2024-07-08 18:12:00+00:00,pullback_short_late_09e4d5d84f5e,-1,market,0.0,3,1,8,12,39005.0
536187,536188,536190,536190,closed,timeout,22073.5,22071.75,22073.25,22072.0,22081.5,22061.5,1.75,1.25,0.75,15.0,10.0,0.5,3.0,3.0,0.5,2024-07-08 18:12:00+00:00,2024-07-08 18:12:00+00:00,2024-07-08 18:15:00+00:00,2024-07-08 18:15:00+00:00,pullback_short_late_09e4d5d84f5e,-1,market,0.0,3,1,8,12,39020.0
536195,536196,536198,536198,closed,timeout,22079.25,22078.75,22079.0,22079.0,22087.25,22067.25,0.5,-0.0,-0.5,-10.0,10.0,0.5,3.0,3.0,1.75,2024-07-08 18:20:00+00:00,2024-07-08 18:20:00+00:00,2024-07-08 18:23:00+00:00,2024-07-08 18:23:00+00:00,pullback_short_late_09e4d5d84f5e,-1,market,0.0,3,1,8,12,39010.0
536216,536217,536218,536218,closed,target,22067.75,22055.75,22067.5,22056.0,22075.75,22055.75,12.0,11.5,11.0,220.0,10.0,0.5,2.0,2.0,1.0,2024-07-08 18:41:00+00:00,2024-07-08 18:41:00+00:00,2024-07-08 18:43:00+00:00,2024-07-08 18:44:00+00:00,pullback_short_late_09e4d5d84f5e,-1,market,0.0,3,1,8,12,39230.0
536220,536221,536223,536223,closed,stop,22050.5,22058.5,22050.25,22058.75,22058.5,22038.5,-8.0,-8.5,-9.0,-180.0,10.0,0.5,3.0,3.0,9.0,2024-07-08 18:45:00+00:00,2024-07-08 18:45:00+00:00,2024-07-08 18:48:00+00:00,2024-07-08 18:48:00+00:00,pullback_short_late_09e4d5d84f5e,-1,market,0.0,3,1,8,12,39050.0
536253,536254,536256,536256,closed,stop,22060.5,22068.5,22060.25,22068.75,22068.5,22048.5,-8.0,-8.5,-9.0,-180.0,10.0,0.5,3.0,3.0,10.25,2024-07-08 19:18:00+00:00,2024-07-08 19:18:00+00:00,2024-07-08 19:21:00+00:00,2024-07-08 19:21:00+00:00,pullback_short_late_09e4d5d84f5e,-1,market,0.0,3,1,8,12,38870.0
536259,536260,536262,536262,closed,timeout,22067.5,22059.75,22067.25,22060.0,22075.5,22055.5,7.75,7.25,6.75,135.0,10.0,0.5,3.0,3.0,3.0,2024-07-08 19:24:00+00:00,2024-07-08 19:24:00+00:00,2024-07-08 19:27:00+00:00,2024-07-08 19:27:00+00:00,pullback_short_late_09e4d5d84f5e,-1,market,0.0,3,1,8,12,39005.0
536270,536271,536273,536273,closed,timeout,22054.0,22054.75,22053.75,22055.0,22062.0,22042.0,-0.75,-1.25,-1.75,-35.0,10.0,0.5,3.0,3.0,7.5,2024-07-08 19:35:00+00:00,2024-07-08 19:35:00+00:00,2024-07-08 19:38:00+00:00,2024-07-08 19:38:00+00:00,pullback_short_late_09e4d5d84f5e,-1,market,0.0,3,1,8,12,38970.0
537629,537630,537632,537632,closed,timeout,22097.25,22090.5,22097.0,22090.75,22105.25,22085.25,6.75,6.25,5.75,115.0,10.0,0.5,3.0,3.0,0.25,2024-07-09 19:30:00+00:00,2024-07-09 19:30:00+00:00,2024-07-09 19:33:00+00:00,2024-07-09 19:33:00+00:00,pullback_short_late_09e4d5d84f5e,-1,market,0.0,3,1,8,12,39085.0
538928,538929,538931,538931,closed,timeout,22301.5,22305.25,22301.25,22305.5,22309.5,22289.5,-3.75,-4.25,-4.75,-95.0,10.0,0.5,3.0,3.0,4.5,2024-07-10 18:24:00+00:00,2024-07-10 18:24:00+00:00,2024-07-10 18:27:00+00:00,2024-07-10 18:27:00+00:00,pullback_short_late_09e4d5d84f5e,-1,market,0.0,3,1,8,12,38990.0
538932,538933,538935,538935,closed,timeout,22301.75,22299.0,22301.5,22299.25,22309.75,22289.75,2.75,2.25,1.75,35.0,10.0,0.5,3.0,3.0,3.5,2024-07-10 18:28:00+00:00,2024-07-10 18:28:00+00:00,2024-07-10 18:31:00+00:00,2024-07-10 18:31:00+00:00,pullback_short_late_09e4d5d84f5e,-1,market,0.0,3,1,8,12,39025.0
538975,538976,538978,538978,closed,timeout,22298.0,22295.25,22297.75,22295.5,22306.0,22286.0,2.75,2.25,1.75,35.0,10.0,0.5,3.0,3.0,1.5,2024-07-10 19:11:00+00:00,2024-07-10 19:11:00+00:00,2024-07-10 19:14:00+00:00,2024-07-10 19:14:00+00:00,pullback_short_late_09e4d5d84f5e,-1,market,0.0,3,1,8,12,39060.0
538981,538982,538984,538984,closed,timeout,22296.75,22299.75,22296.5,22300.0,22304.75,22284.75,-3.0,-3.5,-4.0,-80.0,10.0,0.5,3.0,3.0,4.75,2024-07-10 19:17:00+00:00,2024-07-10 19:17:00+00:00,2024-07-10 19:20:00+00:00,2024-07-10 19:20:00+00:00,pullback_short_late_09e4d5d84f5e,-1,market,0.0,3,1,8,12,38980.0
540276,540277,540277,540277,closed,target,21823.75,21811.75,21823.5,21812.0,21831.75,21811.75,12.0,11.5,11.0,220.0,10.0,0.5,1.0,1.0,0.75,2024-07-11 18:07:00+00:00,2024-07-11 18:07:00+00:00,2024-07-11 18:08:00+00:00,2024-07-11 18:10:00+00:00,pullback_short_late_09e4d5d84f5e,-1,market,0.0,3,1,8,12,39200.0
540277,540278,540278,540278,closed,stop,21816.5,21824.5,21816.25,21824.75,21824.5,21804.5,-8.0,-8.5,-9.0,-180.0,10.0,0.5,1.0,1.0,13.5,2024-07-11 18:08:00+00:00,2024-07-11 18:08:00+00:00,2024-07-11 18:09:00+00:00,2024-07-11 18:11:00+00:00,pullback_short_late_09e4d5d84f5e,-1,market,0.0,3,1,8,12,39020.0
540280,540281,540283,540283,closed,stop,21821.25,21829.25,21821.0,21829.5,21829.25,21809.25,-8.0,-8.5,-9.0,-180.0,10.0,0.5,3.0,3.0,16.0,2024-07-11 18:11:00+00:00,2024-07-11 18:11:00+00:00,2024-07-11 18:14:00+00:00,2024-07-11 18:14:00+00:00,pullback_short_late_09e4d5d84f5e,-1,market,0.0,3,1,8,12,38840.0
540351,540352,540353,540353,closed,stop,21898.75,21906.75,21898.5,21907.0,21906.75,21886.75,-8.0,-8.5,-9.0,-180.0,10.0,0.5,2.0,2.0,9.25,2024-07-11 19:22:00+00:00,2024-07-11 19:22:00+00:00,2024-07-11 19:24:00+00:00,2024-07-11 19:25:00+00:00,pullback_short_late_09e4d5d84f5e,-1,market,0.0,3,1,8,12,38660.0
540364,540365,540365,540365,closed,stop,21878.75,21886.75,21878.5,21887.0,21886.75,21866.75,-8.0,-8.5,-9.0,-180.0,10.0,0.5,1.0,1.0,11.0,2024-07-11 19:35:00+00:00,2024-07-11 19:35:00+00:00,2024-07-11 19:36:00+00:00,2024-07-11 19:38:00+00:00,pullback_short_late_09e4d5d84f5e,-1,market,0.0,3,1,8,12,38480.0
541646,541647,541649,541649,closed,timeout,22145.5,22148.0,22145.25,22148.25,22153.5,22133.5,-2.5,-3.0,-3.5,-70.0,10.0,0.5,3.0,3.0,4.75,2024-07-12 18:12:00+00:00,2024-07-12 18:12:00+00:00,2024-07-12 18:15:00+00:00,2024-07-12 18:15:00+00:00,pullback_short_late_09e4d5d84f5e,-1,market,0.0,3,1,8,12,38410.0
541663,541664,541664,541664,closed,stop,22128.0,22136.0,22127.75,22136.25,22136.0,22116.0,-8.0,-8.5,-9.0,-180.0,10.0,0.5,1.0,1.0,9.0,2024-07-12 18:29:00+00:00,2024-07-12 18:29:00+00:00,2024-07-12 18:30:00+00:00,2024-07-12 18:32:00+00:00,pullback_short_late_09e4d5d84f5e,-1,market,0.0,3,1,8,12,38230.0
541665,541666,541668,541668,closed,timeout,22134.0,22132.5,22133.75,22132.75,22142.0,22122.0,1.5,1.0,0.5,10.0,10.0,0.5,3.0,3.0,2.75,2024-07-12 18:31:00+00:00,2024-07-12 18:31:00+00:00,2024-07-12 18:34:00+00:00,2024-07-12 18:34:00+00:00,pullback_short_late_09e4d5d84f5e,-1,market,0.0,3,1,8,12,38240.0
541671,541672,541674,541674,closed,stop,22131.25,22139.25,22131.0,22139.5,22139.25,22119.25,-8.0,-8.5,-9.0,-180.0,10.0,0.5,3.0,3.0,9.5,2024-07-12 18:37:00+00:00,2024-07-12 18:37:00+00:00,2024-07-12 18:40:00+00:00,2024-07-12 18:40:00+00:00,pullback_short_late_09e4d5d84f5e,-1,market,0.0,3,1,8,12,38060.0
541721,541722,541723,541723,closed,stop,22105.5,22113.5,22105.25,22113.75,22113.5,22093.5,-8.0,-8.5,-9.0,-180.0,10.0,0.5,2.0,2.0,9.25,2024-07-12 19:27:00+00:00,2024-07-12 19:27:00+00:00,2024-07-12 19:29:00+00:00,2024-07-12 19:30:00+00:00,pullback_short_late_09e4d5d84f5e,-1,market,0.0,3,1,8,12,37880.0
541723,541724,541725,541725,closed,target,22109.0,22097.0,22108.75,22097.25,22117.0,22097.0,12.0,11.5,11.0,220.0,10.0,0.5,2.0,2.0,4.5,2024-07-12 19:29:00+00:00,2024-07-12 19:29:00+00:00,2024-07-12 19:31:00+00:00,2024-07-12 19:32:00+00:00,pullback_short_late_09e4d5d84f5e,-1,market,0.0,3,1,8,12,38100.0
541727,541728,541728,541728,closed,stop,22055.5,22063.5,22055.25,22063.75,22063.5,22043.5,-8.0,-8.5,-9.0,-180.0,10.0,0.5,1.0,1.0,10.0,2024-07-12 19:33:00+00:00,2024-07-12 19:33:00+00:00,2024-07-12 19:34:00+00:00,2024-07-12 19:36:00+00:00,pullback_short_late_09e4d5d84f5e,-1,market,0.0,3,1,8,12,37920.0
541730,541731,541731,541731,closed,target,22067.75,22055.75,22067.5,22056.0,22075.75,22055.75,12.0,11.5,11.0,220.0,10.0,0.5,1.0,1.0,1.5,2024-07-12 19:36:00+00:00,2024-07-12 19:36:00+00:00,2024-07-12 19:37:00+00:00,2024-07-12 19:39:00+00:00,pullback_short_late_09e4d5d84f5e,-1,market,0.0,3,1,8,12,38140.0
541731,541732,541732,541732,closed,target,22054.0,22042.0,22053.75,22042.25,22062.0,22042.0,12.0,11.5,11.0,220.0,10.0,0.5,1.0,1.0,0.25,2024-07-12 19:37:00+00:00,2024-07-12 19:37:00+00:00,2024-07-12 19:38:00+00:00,2024-07-12 19:40:00+00:00,pullback_short_late_09e4d5d84f5e,-1,market,0.0,3,1,8,12,38360.0
541750,541751,541751,541751,closed,target,21978.5,21966.5,21978.25,21966.75,21986.5,21966.5,12.0,11.5,11.0,220.0,10.0,0.5,1.0,1.0,3.5,2024-07-12 19:56:00+00:00,2024-07-12 19:56:00+00:00,2024-07-12 19:57:00+00:00,2024-07-12 19:59:00+00:00,pullback_short_late_09e4d5d84f5e,-1,market,0.0,3,1,8,12,38580.0
541751,541752,541752,541752,closed,stop,21966.75,21974.75,21966.5,21975.0,21974.75,21954.75,-8.0,-8.5,-9.0,-180.0,10.0,0.5,1.0,1.0,8.25,2024-07-12 19:57:00+00:00,2024-07-12 19:57:00+00:00,2024-07-12 19:58:00+00:00,2024-07-12 20:00:00+00:00,pullback_short_late_09e4d5d84f5e,-1,market,0.0,3,1,8,12,38400.0
543011,543012,543012,543012,closed,target,22005.25,21993.25,22005.0,21993.5,22013.25,21993.25,12.0,11.5,11.0,220.0,10.0,0.5,1.0,1.0,3.5,2024-07-15 18:12:00+00:00,2024-07-15 18:12:00+00:00,2024-07-15 18:13:00+00:00,2024-07-15 18:15:00+00:00,pullback_short_late_09e4d5d84f5e,-1,market,0.0,3,1,8,12,38620.0
543019,543020,543020,543020,closed,stop,21987.5,21995.5,21987.25,21995.75,21995.5,21975.5,-8.0,-8.5,-9.0,-180.0,10.0,0.5,1.0,1.0,9.5,2024-07-15 18:20:00+00:00,2024-07-15 18:20:00+00:00,2024-07-15 18:21:00+00:00,2024-07-15 18:23:00+00:00,pullback_short_late_09e4d5d84f5e,-1,market,0.0,3,1,8,12,38440.0
543053,543054,543056,543056,closed,timeout,22038.0,22029.0,22037.75,22029.25,22046.0,22026.0,9.0,8.5,8.0,160.0,10.0,0.5,3.0,3.0,1.0,2024-07-15 18:54:00+00:00,2024-07-15 18:54:00+00:00,2024-07-15 18:57:00+00:00,2024-07-15 18:57:00+00:00,pullback_short_late_09e4d5d84f5e,-1,market,0.0,3,1,8,12,38600.0
543109,543110,543110,543110,closed,target,21993.0,21981.0,21992.75,21981.25,22001.0,21981.0,12.0,11.5,11.0,220.0,10.0,0.5,1.0,1.0,0.25,2024-07-15 19:50:00+00:00,2024-07-15 19:50:00+00:00,2024-07-15 19:51:00+00:00,2024-07-15 19:53:00+00:00,pullback_short_late_09e4d5d84f5e,-1,market,0.0,3,1,8,12,38820.0
543117,543118,543119,543119,closed,stop,22002.25,22010.25,22002.0,22010.5,22010.25,21990.25,-8.0,-8.5,-9.0,-180.0,10.0,0.5,2.0,2.0,31.25,2024-07-15 19:58:00+00:00,2024-07-15 19:58:00+00:00,2024-07-15 20:00:00+00:00,2024-07-15 20:01:00+00:00,pullback_short_late_09e4d5d84f5e,-1,market,0.0,3,1,8,12,38640.0
544455,544456,544457,544457,closed,stop,21998.75,22006.75,21998.5,22007.0,22006.75,21986.75,-8.0,-8.5,-9.0,-180.0,10.0,0.5,2.0,2.0,18.0,2024-07-16 19:31:00+00:00,2024-07-16 19:31:00+00:00,2024-07-16 19:33:00+00:00,2024-07-16 19:34:00+00:00,pullback_short_late_09e4d5d84f5e,-1,market,0.0,3,1,8,12,38460.0
545782,545783,545784,545784,closed,target,21460.0,21448.0,21459.75,21448.25,21468.0,21448.0,12.0,11.5,11.0,220.0,10.0,0.5,2.0,2.0,6.25,2024-07-17 18:53:00+00:00,2024-07-17 18:53:00+00:00,2024-07-17 18:55:00+00:00,2024-07-17 18:56:00+00:00,pullback_short_late_09e4d5d84f5e,-1,market,0.0,3,1,8,12,38680.0
545787,545788,545789,545789,closed,stop,21455.0,21463.0,21454.75,21463.25,21463.0,21443.0,-8.0,-8.5,-9.0,-180.0,10.0,0.5,2.0,2.0,9.25,2024-07-17 18:58:00+00:00,2024-07-17 18:58:00+00:00,2024-07-17 19:00:00+00:00,2024-07-17 19:01:00+00:00,pullback_short_late_09e4d5d84f5e,-1,market,0.0,3,1,8,12,38500.0
547099,547100,547100,547100,closed,stop,21287.25,21295.25,21287.0,21295.5,21295.25,21275.25,-8.0,-8.5,-9.0,-180.0,10.0,0.5,1.0,1.0,10.5,2024-07-18 18:05:00+00:00,2024-07-18 18:05:00+00:00,2024-07-18 18:06:00+00:00,2024-07-18 18:08:00+00:00,pullback_short_late_09e4d5d84f5e,-1,market,0.0,3,1,8,12,38320.0
547105,547106,547107,547107,closed,target,21294.25,21282.25,21294.0,21282.5,21302.25,21282.25,12.0,11.5,11.0,220.0,10.0,0.5,2.0,2.0,6.0,2024-07-18 18:11:00+00:00,2024-07-18 18:11:00+00:00,2024-07-18 18:13:00+00:00,2024-07-18 18:14:00+00:00,pullback_short_late_09e4d5d84f5e,-1,market,0.0,3,1,8,12,38540.0
547112,547113,547113,547113,closed,stop,21287.5,21295.5,21287.25,21295.75,21295.5,21275.5,-8.0,-8.5,-9.0,-180.0,10.0,0.5,1.0,1.0,8.25,2024-07-18 18:18:00+00:00,2024-07-18 18:18:00+00:00,2024-07-18 18:19:00+00:00,2024-07-18 18:21:00+00:00,pullback_short_late_09e4d5d84f5e,-1,market,0.0,3,1,8,12,38360.0
547114,547115,547115,547115,closed,stop,21289.0,21297.0,21288.75,21297.25,21297.0,21277.0,-8.0,-8.5,-9.0,-180.0,10.0,0.5,1.0,1.0,18.0,2024-07-18 18:20:00+00:00,2024-07-18 18:20:00+00:00,2024-07-18 18:21:00+00:00,2024-07-18 18:23:00+00:00,pullback_short_late_09e4d5d84f5e,-1,market,0.0,3,1,8,12,38180.0
547131,547132,547134,547134,closed,target,21272.5,21260.5,21272.25,21260.75,21280.5,21260.5,12.0,11.5,11.0,220.0,10.0,0.5,3.0,3.0,3.25,2024-07-18 18:37:00+00:00,2024-07-18 18:37:00+00:00,2024-07-18 18:40:00+00:00,2024-07-18 18:40:00+00:00,pullback_short_late_09e4d5d84f5e,-1,market,0.0,3,1,8,12,38400.0
547137,547138,547140,547140,closed,timeout,21265.0,21254.75,21264.75,21255.0,21273.0,21253.0,10.25,9.75,9.25,185.0,10.0,0.5,3.0,3.0,6.25,2024-07-18 18:43:00+00:00,2024-07-18 18:43:00+00:00,2024-07-18 18:46:00+00:00,2024-07-18 18:46:00+00:00,pullback_short_late_09e4d5d84f5e,-1,market,0.0,3,1,8,12,38585.0
547173,547174,547174,547174,closed,stop,21223.75,21231.75,21223.5,21232.0,21231.75,21211.75,-8.0,-8.5,-9.0,-180.0,10.0,0.5,1.0,1.0,10.0,2024-07-18 19:19:00+00:00,2024-07-18 19:19:00+00:00,2024-07-18 19:20:00+00:00,2024-07-18 19:22:00+00:00,pullback_short_late_09e4d5d84f5e,-1,market,0.0,3,1,8,12,38405.0
548477,548478,548479,548479,closed,target,21138.75,21126.75,21138.5,21127.0,21146.75,21126.75,12.0,11.5,11.0,220.0,10.0,0.5,2.0,2.0,5.0,2024-07-19 18:28:00+00:00,2024-07-19 18:28:00+00:00,2024-07-19 18:30:00+00:00,2024-07-19 18:31:00+00:00,pullback_short_late_09e4d5d84f5e,-1,market,0.0,3,1,8,12,38625.0
548553,548554,548554,548554,closed,target,21137.75,21125.75,21137.5,21126.0,21145.75,21125.75,12.0,11.5,11.0,220.0,10.0,0.5,1.0,1.0,1.25,2024-07-19 19:44:00+00:00,2024-07-19 19:44:00+00:00,2024-07-19 19:45:00+00:00,2024-07-19 19:47:00+00:00,pullback_short_late_09e4d5d84f5e,-1,market,0.0,3,1,8,12,38845.0
548561,548562,548564,548564,closed,stop,21132.5,21140.5,21132.25,21140.75,21140.5,21120.5,-8.0,-8.5,-9.0,-180.0,10.0,0.5,3.0,3.0,8.75,2024-07-19 19:52:00+00:00,2024-07-19 19:52:00+00:00,2024-07-19 19:55:00+00:00,2024-07-19 19:55:00+00:00,pullback_short_late_09e4d5d84f5e,-1,market,0.0,3,1,8,12,38665.0
548565,548566,548568,548568,closed,stop,21126.5,21134.5,21126.25,21134.75,21134.5,21114.5,-8.0,-8.5,-9.0,-180.0,10.0,0.5,3.0,3.0,11.5,2024-07-19 19:56:00+00:00,2024-07-19 19:56:00+00:00,2024-07-19 19:59:00+00:00,2024-07-19 19:59:00+00:00,pullback_short_late_09e4d5d84f5e,-1,market,0.0,3,1,8,12,38485.0
549880,549881,549883,549883,closed,timeout,21435.5,21439.75,21435.25,21440.0,21443.5,21423.5,-4.25,-4.75,-5.25,-105.0,10.0,0.5,3.0,3.0,6.5,2024-07-22 19:06:00+00:00,2024-07-22 19:06:00+00:00,2024-07-22 19:09:00+00:00,2024-07-22 19:09:00+00:00,pullback_short_late_09e4d5d84f5e,-1,market,0.0,3,1,8,12,38380.0
549886,549887,549888,549888,closed,stop,21445.0,21453.0,21444.75,21453.25,21453.0,21433.0,-8.0,-8.5,-9.0,-180.0,10.0,0.5,2.0,2.0,8.75,2024-07-22 19:12:00+00:00,2024-07-22 19:12:00+00:00,2024-07-22 19:14:00+00:00,2024-07-22 19:15:00+00:00,pullback_short_late_09e4d5d84f5e,-1,market,0.0,3,1,8,12,38200.0
549904,549905,549907,549907,closed,stop,21427.5,21435.5,21427.25,21435.75,21435.5,21415.5,-8.0,-8.5,-9.0,-180.0,10.0,0.5,3.0,3.0,10.75,2024-07-22 19:30:00+00:00,2024-07-22 19:30:00+00:00,2024-07-22 19:33:00+00:00,2024-07-22 19:33:00+00:00,pullback_short_late_09e4d5d84f5e,-1,market,0.0,3,1,8,12,38020.0
551208,551209,551211,551211,closed,timeout,21393.5,21391.75,21393.25,21392.0,21401.5,21381.5,1.75,1.25,0.75,15.0,10.0,0.5,3.0,3.0,7.25,2024-07-23 18:29:00+00:00,2024-07-23 18:29:00+00:00,2024-07-23 18:32:00+00:00,2024-07-23 18:32:00+00:00,pullback_short_late_09e4d5d84f5e,-1,market,0.0,3,1,8,12,38035.0
551211,551212,551213,551213,closed,stop,21391.25,21399.25,21391.0,21399.5,21399.25,21379.25,-8.0,-8.5,-9.0,-180.0,10.0,0.5,2.0,2.0,9.75,2024-07-23 18:32:00+00:00,2024-07-23 18:32:00+00:00,2024-07-23 18:34:00+00:00,2024-07-23 18:35:00+00:00,pullback_short_late_09e4d5d84f5e,-1,market,0.0,3,1,8,12,37855.0
551220,551221,551223,551223,closed,timeout,21402.25,21405.75,21402.0,21406.0,21410.25,21390.25,-3.5,-4.0,-4.5,-90.0,10.0,0.5,3.0,3.0,5.0,2024-07-23 18:41:00+00:00,2024-07-23 18:41:00+00:00,2024-07-23 18:44:00+00:00,2024-07-23 18:44:00+00:00,pullback_short_late_09e4d5d84f5e,-1,market,0.0,3,1,8,12,37765.0
551238,551239,551239,551239,closed,stop,21401.5,21409.5,21401.25,21409.75,21409.5,21389.5,-8.0,-8.5,-9.0,-180.0,10.0,0.5,1.0,1.0,8.5,2024-07-23 18:59:00+00:00,2024-07-23 18:59:00+00:00,2024-07-23 19:00:00+00:00,2024-07-23 19:02:00+00:00,pullback_short_late_09e4d5d84f5e,-1,market,0.0,3,1,8,12,37585.0
551285,551286,551286,551286,closed,stop,21375.25,21383.25,21375.0,21383.5,21383.25,21363.25,-8.0,-8.5,-9.0,-180.0,10.0,0.5,1.0,1.0,10.75,2024-07-23 19:46:00+00:00,2024-07-23 19:46:00+00:00,2024-07-23 19:47:00+00:00,2024-07-23 19:49:00+00:00,pullback_short_late_09e4d5d84f5e,-1,market,0.0,3,1,8,12,37405.0
551290,551291,551293,551293,closed,target,21390.5,21378.5,21390.25,21378.75,21398.5,21378.5,12.0,11.5,11.0,220.0,10.0,0.5,3.0,3.0,2.75,2024-07-23 19:51:00+00:00,2024-07-23 19:51:00+00:00,2024-07-23 19:54:00+00:00,2024-07-23 19:54:00+00:00,pullback_short_late_09e4d5d84f5e,-1,market,0.0,3,1,8,12,37625.0
551298,551299,551299,551299,closed,stop,21353.0,21361.0,21352.75,21361.25,21361.0,21341.0,-8.0,-8.5,-9.0,-180.0,10.0,0.5,1.0,1.0,12.25,2024-07-23 19:59:00+00:00,2024-07-23 19:59:00+00:00,2024-07-23 20:00:00+00:00,2024-07-23 20:02:00+00:00,pullback_short_late_09e4d5d84f5e,-1,market,0.0,3,1,8,12,37445.0
552552,552553,552555,552555,closed,timeout,20746.75,20745.5,20746.5,20745.75,20754.75,20734.75,1.25,0.75,0.25,5.0,10.0,0.5,3.0,3.0,6.25,2024-07-24 18:08:00+00:00,2024-07-24 18:08:00+00:00,2024-07-24 18:11:00+00:00,2024-07-24 18:11:00+00:00,pullback_short_late_09e4d5d84f5e,-1,market,0.0,3,1,8,12,37450.0
552571,552572,552574,552574,closed,timeout,20728.75,20723.75,20728.5,20724.0,20736.75,20716.75,5.0,4.5,4.0,80.0,10.0,0.5,3.0,3.0,4.25,2024-07-24 18:27:00+00:00,2024-07-24 18:27:00+00:00,2024-07-24 18:30:00+00:00,2024-07-24 18:30:00+00:00,pullback_short_late_09e4d5d84f5e,-1,market,0.0,3,1,8,12,37530.0
552582,552583,552584,552584,closed,stop,20721.25,20729.25,20721.0,20729.5,20729.25,20709.25,-8.0,-8.5,-9.0,-180.0,10.0,0.5,2.0,2.0,10.25,2024-07-24 18:38:00+00:00,2024-07-24 18:38:00+00:00,2024-07-24 18:40:00+00:00,2024-07-24 18:41:00+00:00,pullback_short_late_09e4d5d84f5e,-1,market,0.0,3,1,8,12,37350.0
552605,552606,552606,552606,closed,target,20675.75,20663.75,20675.5,20664.0,20683.75,20663.75,12.0,11.5,11.0,220.0,10.0,0.5,1.0,1.0,0.75,2024-07-24 19:01:00+00:00,2024-07-24 19:01:00+00:00,2024-07-24 19:02:00+00:00,2024-07-24 19:04:00+00:00,pullback_short_late_09e4d5d84f5e,-1,market,0.0,3,1,8,12,37570.0
552608,552609,552610,552610,closed,stop,20670.25,20678.25,20670.0,20678.5,20678.25,20658.25,-8.0,-8.5,-9.0,-180.0,10.0,0.5,2.0,2.0,8.75,2024-07-24 19:04:00+00:00,2024-07-24 19:04:00+00:00,2024-07-24 19:06:00+00:00,2024-07-24 19:07:00+00:00,pullback_short_late_09e4d5d84f5e,-1,market,0.0,3,1,8,12,37390.0
552610,552611,552613,552613,closed,target,20667.5,20655.5,20667.25,20655.75,20675.5,20655.5,12.0,11.5,11.0,220.0,10.0,0.5,3.0,3.0,6.25,2024-07-24 19:06:00+00:00,2024-07-24 19:06:00+00:00,2024-07-24 19:09:00+00:00,2024-07-24 19:09:00+00:00,pullback_short_late_09e4d5d84f5e,-1,market,0.0,3,1,8,12,37610.0
552622,552623,552623,552623,closed,target,20669.5,20657.5,20669.25,20657.75,20677.5,20657.5,12.0,11.5,11.0,220.0,10.0,0.5,1.0,1.0,0.25,2024-07-24 19:18:00+00:00,2024-07-24 19:18:00+00:00,2024-07-24 19:19:00+00:00,2024-07-24 19:21:00+00:00,pullback_short_late_09e4d5d84f5e,-1,market,0.0,3,1,8,12,37830.0
552626,552627,552627,552627,closed,stop,20660.75,20668.75,20660.5,20669.0,20668.75,20648.75,-8.0,-8.5,-9.0,-180.0,10.0,0.5,1.0,1.0,10.0,2024-07-24 19:22:00+00:00,2024-07-24 19:22:00+00:00,2024-07-24 19:23:00+00:00,2024-07-24 19:25:00+00:00,pullback_short_late_09e4d5d84f5e,-1,market,0.0,3,1,8,12,37650.0
553913,553914,553914,553914,closed,target,20678.5,20666.5,20678.25,20666.75,20686.5,20666.5,12.0,11.5,11.0,220.0,10.0,0.5,1.0,1.0,4.5,2024-07-25 18:09:00+00:00,2024-07-25 18:09:00+00:00,2024-07-25 18:10:00+00:00,2024-07-25 18:12:00+00:00,pullback_short_late_09e4d5d84f5e,-1,market,0.0,3,1,8,12,37870.0
553918,553919,553921,553921,closed,timeout,20664.25,20665.25,20664.0,20665.5,20672.25,20652.25,-1.0,-1.5,-2.0,-40.0,10.0,0.5,3.0,3.0,7.25,2024-07-25 18:14:00+00:00,2024-07-25 18:14:00+00:00,2024-07-25 18:17:00+00:00,2024-07-25 18:17:00+00:00,pullback_short_late_09e4d5d84f5e,-1,market,0.0,3,1,8,12,37830.0
553925,553926,553926,553926,closed,target,20659.5,20647.5,20659.25,20647.75,20667.5,20647.5,12.0,11.5,11.0,220.0,10.0,0.5,1.0,1.0,3.0,2024-07-25 18:21:00+00:00,2024-07-25 18:21:00+00:00,2024-07-25 18:22:00+00:00,2024-07-25 18:24:00+00:00,pullback_short_late_09e4d5d84f5e,-1,market,0.0,3,1,8,12,38050.0
553932,553933,553935,553935,closed,stop,20657.5,20665.5,20657.25,20665.75,20665.5,20645.5,-8.0,-8.5,-9.0,-180.0,10.0,0.5,3.0,3.0,15.5,2024-07-25 18:28:00+00:00,2024-07-25 18:28:00+00:00,2024-07-25 18:31:00+00:00,2024-07-25 18:31:00+00:00,pullback_short_late_09e4d5d84f5e,-1,market,0.0,3,1,8,12,37870.0
553945,553946,553946,553946,closed,target,20643.25,20631.25,20643.0,20631.5,20651.25,20631.25,12.0,11.5,11.0,220.0,10.0,0.5,1.0,1.0,5.25,2024-07-25 18:41:00+00:00,2024-07-25 18:41:00+00:00,2024-07-25 18:42:00+00:00,2024-07-25 18:44:00+00:00,pullback_short_late_09e4d5d84f5e,-1,market,0.0,3,1,8,12,38090.0
553956,553957,553957,553957,closed,stop,20571.75,20579.75,20571.5,20580.0,20579.75,20559.75,-8.0,-8.5,-9.0,-180.0,10.0,0.5,1.0,1.0,10.75,2024-07-25 18:52:00+00:00,2024-07-25 18:52:00+00:00,2024-07-25 18:53:00+00:00,2024-07-25 18:55:00+00:00,pullback_short_late_09e4d5d84f5e,-1,market,0.0,3,1,8,12,37910.0
553964,553965,553965,553965,closed,stop,20560.5,20568.5,20560.25,20568.75,20568.5,20548.5,-8.0,-8.5,-9.0,-180.0,10.0,0.5,1.0,1.0,26.5,2024-07-25 19:00:00+00:00,2024-07-25 19:00:00+00:00,2024-07-25 19:01:00+00:00,2024-07-25 19:03:00+00:00,pullback_short_late_09e4d5d84f5e,-1,market,0.0,3,1,8,12,37730.0
553967,553968,553968,553968,closed,target,20591.0,20579.0,20590.75,20579.25,20599.0,20579.0,12.0,11.5,11.0,220.0,10.0,0.5,1.0,1.0,1.5,2024-07-25 19:03:00+00:00,2024-07-25 19:03:00+00:00,2024-07-25 19:04:00+00:00,2024-07-25 19:06:00+00:00,pullback_short_late_09e4d5d84f5e,-1,market,0.0,3,1,8,12,37950.0
554006,554007,554007,554007,closed,target,20571.5,20559.5,20571.25,20559.75,20579.5,20559.5,12.0,11.5,11.0,220.0,10.0,0.5,1.0,1.0,7.0,2024-07-25 19:42:00+00:00,2024-07-25 19:42:00+00:00,2024-07-25 19:43:00+00:00,2024-07-25 19:45:00+00:00,pullback_short_late_09e4d5d84f5e,-1,market,0.0,3,1,8,12,38170.0
554021,554022,554022,554022,closed,stop,20446.25,20454.25,20446.0,20454.5,20454.25,20434.25,-8.0,-8.5,-9.0,-180.0,10.0,0.5,1.0,1.0,17.75,2024-07-25 19:57:00+00:00,2024-07-25 19:57:00+00:00,2024-07-25 19:58:00+00:00,2024-07-25 20:00:00+00:00,pullback_short_late_09e4d5d84f5e,-1,market,0.0,3,1,8,12,37990.0
554023,554024,554024,554024,closed,target,20440.75,20428.75,20440.5,20429.0,20448.75,20428.75,12.0,11.5,11.0,220.0,10.0,0.5,1.0,1.0,4.75,2024-07-25 19:59:00+00:00,2024-07-25 19:59:00+00:00,2024-07-25 20:00:00+00:00,2024-07-25 20:02:00+00:00,pullback_short_late_09e4d5d84f5e,-1,market,0.0,3,1,8,12,38210.0
555298,555299,555299,555299,closed,target,20621.0,20609.0,20620.75,20609.25,20629.0,20609.0,12.0,11.5,11.0,220.0,10.0,0.5,1.0,1.0,2.25,2024-07-26 18:29:00+00:00,2024-07-26 18:29:00+00:00,2024-07-26 18:30:00+00:00,2024-07-26 18:32:00+00:00,pullback_short_late_09e4d5d84f5e,-1,market,0.0,3,1,8,12,38430.0
555302,555303,555304,555304,closed,target,20616.5,20604.5,20616.25,20604.75,20624.5,20604.5,12.0,11.5,11.0,220.0,10.0,0.5,2.0,2.0,8.0,2024-07-26 18:33:00+00:00,2024-07-26 18:33:00+00:00,2024-07-26 18:35:00+00:00,2024-07-26 18:36:00+00:00,pullback_short_late_09e4d5d84f5e,-1,market,0.0,3,1,8,12,38650.0
555306,555307,555308,555308,closed,target,20619.0,20607.0,20618.75,20607.25,20627.0,20607.0,12.0,11.5,11.0,220.0,10.0,0.5,2.0,2.0,2.75,2024-07-26 18:37:00+00:00,2024-07-26 18:37:00+00:00,2024-07-26 18:39:00+00:00,2024-07-26 18:40:00+00:00,pullback_short_late_09e4d5d84f5e,-1,market,0.0,3,1,8,12,38870.0
555316,555317,555318,555318,closed,stop,20585.75,20593.75,20585.5,20594.0,20593.75,20573.75,-8.0,-8.5,-9.0,-180.0,10.0,0.5,2.0,2.0,12.0,2024-07-26 18:47:00+00:00,2024-07-26 18:47:00+00:00,2024-07-26 18:49:00+00:00,2024-07-26 18:50:00+00:00,pullback_short_late_09e4d5d84f5e,-1,market,0.0,3,1,8,12,38690.0
555321,555322,555322,555322,closed,target,20597.75,20585.75,20597.5,20586.0,20605.75,20585.75,12.0,11.5,11.0,220.0,10.0,0.5,1.0,1.0,4.25,2024-07-26 18:52:00+00:00,2024-07-26 18:52:00+00:00,2024-07-26 18:53:00+00:00,2024-07-26 18:55:00+00:00,pullback_short_late_09e4d5d84f5e,-1,market,0.0,3,1,8,12,38910.0
555322,555323,555323,555323,closed,target,20586.0,20574.0,20585.75,20574.25,20594.0,20574.0,12.0,11.5,11.0,220.0,10.0,0.5,1.0,1.0,1.0,2024-07-26 18:53:00+00:00,2024-07-26 18:53:00+00:00,2024-07-26 18:54:00+00:00,2024-07-26 18:56:00+00:00,pullback_short_late_09e4d5d84f5e,-1,market,0.0,3,1,8,12,39130.0
555340,555341,555341,555341,closed,stop,20565.5,20573.5,20565.25,20573.75,20573.5,20553.5,-8.0,-8.5,-9.0,-180.0,10.0,0.5,1.0,1.0,13.25,2024-07-26 19:11:00+00:00,2024-07-26 19:11:00+00:00,2024-07-26 19:12:00+00:00,2024-07-26 19:14:00+00:00,pullback_short_late_09e4d5d84f5e,-1,market,0.0,3,1,8,12,38950.0
555346,555347,555348,555348,closed,target,20553.5,20541.5,20553.25,20541.75,20561.5,20541.5,12.0,11.5,11.0,220.0,10.0,0.5,2.0,2.0,7.75,2024-07-26 19:17:00+00:00,2024-07-26 19:17:00+00:00,2024-07-26 19:19:00+00:00,2024-07-26 19:20:00+00:00,pullback_short_late_09e4d5d84f5e,-1,market,0.0,3,1,8,12,39170.0
556640,556641,556641,556641,closed,stop,20666.5,20674.5,20666.25,20674.75,20674.5,20654.5,-8.0,-8.5,-9.0,-180.0,10.0,0.5,1.0,1.0,14.5,2024-07-29 18:07:00+00:00,2024-07-29 18:07:00+00:00,2024-07-29 18:08:00+00:00,2024-07-29 18:10:00+00:00,pullback_short_late_09e4d5d84f5e,-1,market,0.0,3,1,8,12,38990.0
556678,556679,556681,556681,closed,target,20640.75,20628.75,20640.5,20629.0,20648.75,20628.75,12.0,11.5,11.0,220.0,10.0,0.5,3.0,3.0,7.5,2024-07-29 18:45:00+00:00,2024-07-29 18:45:00+00:00,2024-07-29 18:48:00+00:00,2024-07-29 18:48:00+00:00,pullback_short_late_09e4d5d84f5e,-1,market,0.0,3,1,8,12,39210.0
558062,558063,558063,558063,closed,stop,20365.25,20373.25,20365.0,20373.5,20373.25,20353.25,-8.0,-8.5,-9.0,-180.0,10.0,0.5,1.0,1.0,15.0,2024-07-30 19:05:00+00:00,2024-07-30 19:05:00+00:00,2024-07-30 19:06:00+00:00,2024-07-30 19:08:00+00:00,pullback_short_late_09e4d5d84f5e,-1,market,0.0,3,1,8,12,39030.0
558064,558065,558065,558065,closed,target,20375.5,20363.5,20375.25,20363.75,20383.5,20363.5,12.0,11.5,11.0,220.0,10.0,0.5,1.0,1.0,1.0,2024-07-30 19:07:00+00:00,2024-07-30 19:07:00+00:00,2024-07-30 19:08:00+00:00,2024-07-30 19:10:00+00:00,pullback_short_late_09e4d5d84f5e,-1,market,0.0,3,1,8,12,39250.0
558065,558066,558068,558068,closed,timeout,20369.0,20365.5,20368.75,20365.75,20377.0,20357.0,3.5,3.0,2.5,50.0,10.0,0.5,3.0,3.0,0.5,2024-07-30 19:08:00+00:00,2024-07-30 19:08:00+00:00,2024-07-30 19:11:00+00:00,2024-07-30 19:11:00+00:00,pullback_short_late_09e4d5d84f5e,-1,market,0.0,3,1,8,12,39300.0
558096,558097,558097,558097,closed,target,20359.5,20347.5,20359.25,20347.75,20367.5,20347.5,12.0,11.5,11.0,220.0,10.0,0.5,1.0,1.0,0.25,2024-07-30 19:39:00+00:00,2024-07-30 19:39:00+00:00,2024-07-30 19:40:00+00:00,2024-07-30 19:42:00+00:00,pullback_short_late_09e4d5d84f5e,-1,market,0.0,3,1,8,12,39520.0
559432,559433,559433,559433,closed,stop,20969.0,20977.0,20968.75,20977.25,20977.0,20957.0,-8.0,-8.5,-9.0,-180.0,10.0,0.5,1.0,1.0,16.0,2024-07-31 19:10:00+00:00,2024-07-31 19:10:00+00:00,2024-07-31 19:11:00+00:00,2024-07-31 19:13:00+00:00,pullback_short_late_09e4d5d84f5e,-1,market,0.0,3,1,8,12,39340.0
559434,559435,559436,559436,closed,stop,20966.75,20974.75,20966.5,20975.0,20974.75,20954.75,-8.0,-8.5,-9.0,-180.0,10.0,0.5,2.0,2.0,8.5,2024-07-31 19:12:00+00:00,2024-07-31 19:12:00+00:00,2024-07-31 19:14:00+00:00,2024-07-31 19:15:00+00:00,pullback_short_late_09e4d5d84f5e,-1,market,0.0,3,1,8,12,39160.0
559445,559446,559446,559446,closed,target,20940.75,20928.75,20940.5,20929.0,20948.75,20928.75,12.0,11.5,11.0,220.0,10.0,0.5,1.0,1.0,1.5,2024-07-31 19:23:00+00:00,2024-07-31 19:23:00+00:00,2024-07-31 19:24:00+00:00,2024-07-31 19:26:00+00:00,pullback_short_late_09e4d5d84f5e,-1,market,0.0,3,1,8,12,39380.0
559446,559447,559447,559447,closed,target,20931.75,20919.75,20931.5,20920.0,20939.75,20919.75,12.0,11.5,11.0,220.0,10.0,0.5,1.0,1.0,4.0,2024-07-31 19:24:00+00:00,2024-07-31 19:24:00+00:00,2024-07-31 19:25:00+00:00,2024-07-31 19:27:00+00:00,pullback_short_late_09e4d5d84f5e,-1,market,0.0,3,1,8,12,39600.0
559456,559457,559457,559457,closed,stop,20892.5,20900.5,20892.25,20900.75,20900.5,20880.5,-8.0,-8.5,-9.0,-180.0,10.0,0.5,1.0,1.0,26.0,2024-07-31 19:34:00+00:00,2024-07-31 19:34:00+00:00,2024-07-31 19:35:00+00:00,2024-07-31 19:37:00+00:00,pullback_short_late_09e4d5d84f5e,-1,market,0.0,3,1,8,12,39420.0
559459,559460,559460,559460,closed,stop,20913.5,20921.5,20913.25,20921.75,20921.5,20901.5,-8.0,-8.5,-9.0,-180.0,10.0,0.5,1.0,1.0,18.0,2024-07-31 19:37:00+00:00,2024-07-31 19:37:00+00:00,2024-07-31 19:38:00+00:00,2024-07-31 19:40:00+00:00,pullback_short_late_09e4d5d84f5e,-1,market,0.0,3,1,8,12,39240.0
560751,560752,560752,560752,closed,target,20373.25,20361.25,20373.0,20361.5,20381.25,20361.25,12.0,11.5,11.0,220.0,10.0,0.5,1.0,1.0,4.25,2024-08-01 18:24:00+00:00,2024-08-01 18:24:00+00:00,2024-08-01 18:25:00+00:00,2024-08-01 18:27:00+00:00,pullback_short_late_09e4d5d84f5e,-1,market,0.0,3,1,8,12,39460.0
560752,560753,560754,560754,closed,target,20359.25,20347.25,20359.0,20347.5,20367.25,20347.25,12.0,11.5,11.0,220.0,10.0,0.5,2.0,2.0,2.75,2024-08-01 18:25:00+00:00,2024-08-01 18:25:00+00:00,2024-08-01 18:27:00+00:00,2024-08-01 18:28:00+00:00,pullback_short_late_09e4d5d84f5e,-1,market,0.0,3,1,8,12,39680.0
560764,560765,560765,560765,closed,stop,20329.25,20337.25,20329.0,20337.5,20337.25,20317.25,-8.0,-8.5,-9.0,-180.0,10.0,0.5,1.0,1.0,12.25,2024-08-01 18:37:00+00:00,2024-08-01 18:37:00+00:00,2024-08-01 18:38:00+00:00,2024-08-01 18:40:00+00:00,pullback_short_late_09e4d5d84f5e,-1,market,0.0,3,1,8,12,39500.0
560769,560770,560770,560770,closed,target,20342.75,20330.75,20342.5,20331.0,20350.75,20330.75,12.0,11.5,11.0,220.0,10.0,0.5,1.0,1.0,1.75,2024-08-01 18:42:00+00:00,2024-08-01 18:42:00+00:00,2024-08-01 18:43:00+00:00,2024-08-01 18:45:00+00:00,pullback_short_late_09e4d5d84f5e,-1,market,0.0,3,1,8,12,39720.0
560770,560771,560771,560771,closed,target,20335.5,20323.5,20335.25,20323.75,20343.5,20323.5,12.0,11.5,11.0,220.0,10.0,0.5,1.0,1.0,3.25,2024-08-01 18:43:00+00:00,2024-08-01 18:43:00+00:00,2024-08-01 18:44:00+00:00,2024-08-01 18:46:00+00:00,pullback_short_late_09e4d5d84f5e,-1,market,0.0,3,1,8,12,39940.0
562134,562135,562135,562135,closed,target,19959.25,19947.25,19959.0,19947.5,19967.25,19947.25,12.0,11.5,11.0,220.0,10.0,0.5,1.0,1.0,4.0,2024-08-02 18:50:00+00:00,2024-08-02 18:50:00+00:00,2024-08-02 18:51:00+00:00,2024-08-02 18:53:00+00:00,pullback_short_late_09e4d5d84f5e,-1,market,0.0,3,1,8,12,40160.0
562135,562136,562136,562136,closed,stop,19955.0,19963.0,19954.75,19963.25,19963.0,19943.0,-8.0,-8.5,-9.0,-180.0,10.0,0.5,1.0,1.0,14.75,2024-08-02 18:51:00+00:00,2024-08-02 18:51:00+00:00,2024-08-02 18:52:00+00:00,2024-08-02 18:54:00+00:00,pullback_short_late_09e4d5d84f5e,-1,market,0.0,3,1,8,12,39980.0
562138,562139,562139,562139,closed,stop,19962.0,19970.0,19961.75,19970.25,19970.0,19950.0,-8.0,-8.5,-9.0,-180.0,10.0,0.5,1.0,1.0,10.0,2024-08-02 18:54:00+00:00,2024-08-02 18:54:00+00:00,2024-08-02 18:55:00+00:00,2024-08-02 18:57:00+00:00,pullback_short_late_09e4d5d84f5e,-1,market,0.0,3,1,8,12,39800.0
562157,562158,562158,562158,closed,stop,19935.25,19943.25,19935.0,19943.5,19943.25,19923.25,-8.0,-8.5,-9.0,-180.0,10.0,0.5,1.0,1.0,31.0,2024-08-02 19:13:00+00:00,2024-08-02 19:13:00+00:00,2024-08-02 19:14:00+00:00,2024-08-02 19:16:00+00:00,pullback_short_late_09e4d5d84f5e,-1,market,0.0,3,1,8,12,39620.0
562198,562199,562199,562199,closed,stop,19920.25,19928.25,19920.0,19928.5,19928.25,19908.25,-8.0,-8.5,-9.0,-180.0,10.0,0.5,1.0,1.0,42.5,2024-08-02 19:54:00+00:00,2024-08-02 19:54:00+00:00,2024-08-02 19:55:00+00:00,2024-08-02 19:57:00+00:00,pullback_short_late_09e4d5d84f5e,-1,market,0.0,3,1,8,12,39440.0
563496,563497,563497,563497,closed,target,19351.75,19339.75,19351.5,19340.0,19359.75,19339.75,12.0,11.5,11.0,220.0,10.0,0.5,1.0,1.0,6.25,2024-08-05 18:49:00+00:00,2024-08-05 18:49:00+00:00,2024-08-05 18:50:00+00:00,2024-08-05 18:52:00+00:00,pullback_short_late_09e4d5d84f5e,-1,market,0.0,3,1,8,12,39660.0
563501,563502,563502,563502,closed,stop,19379.5,19387.5,19379.25,19387.75,19387.5,19367.5,-8.0,-8.5,-9.0,-180.0,10.0,0.5,1.0,1.0,8.5,2024-08-05 18:54:00+00:00,2024-08-05 18:54:00+00:00,2024-08-05 18:55:00+00:00,2024-08-05 18:57:00+00:00,pullback_short_late_09e4d5d84f5e,-1,market,0.0,3,1,8,12,39480.0
563502,563503,563503,563503,closed,stop,19362.0,19370.0,19361.75,19370.25,19370.0,19350.0,-8.0,-8.5,-9.0,-180.0,10.0,0.5,1.0,1.0,9.25,2024-08-05 18:55:00+00:00,2024-08-05 18:55:00+00:00,2024-08-05 18:56:00+00:00,2024-08-05 18:58:00+00:00,pullback_short_late_09e4d5d84f5e,-1,market,0.0,3,1,8,12,39300.0
563503,563504,563504,563504,closed,target,19349.75,19337.75,19349.5,19338.0,19357.75,19337.75,12.0,11.5,11.0,220.0,10.0,0.5,1.0,1.0,6.0,2024-08-05 18:56:00+00:00,2024-08-05 18:56:00+00:00,2024-08-05 18:57:00+00:00,2024-08-05 18:59:00+00:00,pullback_short_late_09e4d5d84f5e,-1,market,0.0,3,1,8,12,39520.0
563507,563508,563508,563508,closed,stop,19340.0,19348.0,19339.75,19348.25,19348.0,19328.0,-8.0,-8.5,-9.0,-180.0,10.0,0.5,1.0,1.0,40.25,2024-08-05 19:00:00+00:00,2024-08-05 19:00:00+00:00,2024-08-05 19:01:00+00:00,2024-08-05 19:03:00+00:00,pullback_short_late_09e4d5d84f5e,-1,market,0.0,3,1,8,12,39340.0
564826,564827,564828,564828,closed,stop,19838.0,19846.0,19837.75,19846.25,19846.0,19826.0,-8.0,-8.5,-9.0,-180.0,10.0,0.5,2.0,2.0,14.75,2024-08-06 18:14:00+00:00,2024-08-06 18:14:00+00:00,2024-08-06 18:16:00+00:00,2024-08-06 18:17:00+00:00,pullback_short_late_09e4d5d84f5e,-1,market,0.0,3,1,8,12,39160.0
564874,564875,564875,564875,closed,target,19809.25,19797.25,19809.0,19797.5,19817.25,19797.25,12.0,11.5,11.0,220.0,10.0,0.5,1.0,1.0,0.75,2024-08-06 19:02:00+00:00,2024-08-06 19:02:00+00:00,2024-08-06 19:03:00+00:00,2024-08-06 19:05:00+00:00,pullback_short_late_09e4d5d84f5e,-1,market,0.0,3,1,8,12,39380.0
564884,564885,564885,564885,closed,stop,19743.0,19751.0,19742.75,19751.25,19751.0,19731.0,-8.0,-8.5,-9.0,-180.0,10.0,0.5,1.0,1.0,25.25,2024-08-06 19:12:00+00:00,2024-08-06 19:12:00+00:00,2024-08-06 19:13:00+00:00,2024-08-06 19:15:00+00:00,pullback_short_late_09e4d5d84f5e,-1,market,0.0,3,1,8,12,39200.0
564886,564887,564887,564887,closed,stop,19745.25,19753.25,19745.0,19753.5,19753.25,19733.25,-8.0,-8.5,-9.0,-180.0,10.0,0.5,1.0,1.0,10.75,2024-08-06 19:14:00+00:00,2024-08-06 19:14:00+00:00,2024-08-06 19:15:00+00:00,2024-08-06 19:17:00+00:00,pullback_short_late_09e4d5d84f5e,-1,market,0.0,3,1,8,12,39020.0
566181,566182,566182,566182,closed,target,19550.75,19538.75,19550.5,19539.0,19558.75,19538.75,12.0,11.5,11.0,220.0,10.0,0.5,1.0,1.0,2.5,2024-08-07 18:04:00+00:00,2024-08-07 18:04:00+00:00,2024-08-07 18:05:00+00:00,2024-08-07 18:07:00+00:00,pullback_short_late_09e4d5d84f5e,-1,market,0.0,3,1,8,12,39240.0
566182,566183,566183,566183,closed,stop,19546.0,19554.0,19545.75,19554.25,19554.0,19534.0,-8.0,-8.5,-9.0,-180.0,10.0,0.5,1.0,1.0,12.0,2024-08-07 18:05:00+00:00,2024-08-07 18:05:00+00:00,2024-08-07 18:06:00+00:00,2024-08-07 18:08:00+00:00,pullback_short_late_09e4d5d84f5e,-1,market,0.0,3,1,8,12,39060.0
566187,566188,566188,566188,closed,stop,19518.5,19526.5,19518.25,19526.75,19526.5,19506.5,-8.0,-8.5,-9.0,-180.0,10.0,0.5,1.0,1.0,8.75,2024-08-07 18:10:00+00:00,2024-08-07 18:10:00+00:00,2024-08-07 18:11:00+00:00,2024-08-07 18:13:00+00:00,pullback_short_late_09e4d5d84f5e,-1,market,0.0,3,1,8,12,38880.0
566200,566201,566201,566201,closed,stop,19482.0,19490.0,19481.75,19490.25,19490.0,19470.0,-8.0,-8.5,-9.0,-180.0,10.0,0.5,1.0,1.0,22.75,2024-08-07 18:23:00+00:00,2024-08-07 18:23:00+00:00,2024-08-07 18:24:00+00:00,2024-08-07 18:26:00+00:00,pullback_short_late_09e4d5d84f5e,-1,market,0.0,3,1,8,12,38700.0
566268,566269,566269,566269,closed,stop,19506.75,19514.75,19506.5,19515.0,19514.75,19494.75,-8.0,-8.5,-9.0,-180.0,10.0,0.5,1.0,1.0,10.25,2024-08-07 19:31:00+00:00,2024-08-07 19:31:00+00:00,2024-08-07 19:32:00+00:00,2024-08-07 19:34:00+00:00,pullback_short_late_09e4d5d84f5e,-1,market,0.0,3,1,8,12,38520.0
566277,566278,566278,566278,closed,target,19520.5,19508.5,19520.25,19508.75,19528.5,19508.5,12.0,11.5,11.0,220.0,10.0,0.5,1.0,1.0,6.25,2024-08-07 19:40:00+00:00,2024-08-07 19:40:00+00:00,2024-08-07 19:41:00+00:00,2024-08-07 19:43:00+00:00,pullback_short_late_09e4d5d84f5e,-1,market,0.0,3,1,8,12,38740.0
567572,567573,567573,567573,closed,stop,19945.5,19953.5,19945.25,19953.75,19953.5,19933.5,-8.0,-8.5,-9.0,-180.0,10.0,0.5,1.0,1.0,14.25,2024-08-08 18:30:00+00:00,2024-08-08 18:30:00+00:00,2024-08-08 18:31:00+00:00,2024-08-08 18:33:00+00:00,pullback_short_late_09e4d5d84f5e,-1,market,0.0,3,1,8,12,38560.0
567576,567577,567577,567577,closed,stop,19951.25,19959.25,19951.0,19959.5,19959.25,19939.25,-8.0,-8.5,-9.0,-180.0,10.0,0.5,1.0,1.0,18.0,2024-08-08 18:34:00+00:00,2024-08-08 18:34:00+00:00,2024-08-08 18:35:00+00:00,2024-08-08 18:37:00+00:00,pullback_short_late_09e4d5d84f5e,-1,market,0.0,3,1,8,12,38380.0
567578,567579,567581,567581,closed,timeout,19951.5,19948.75,19951.25,19949.0,19959.5,19939.5,2.75,2.25,1.75,35.0,10.0,0.5,3.0,3.0,7.5,2024-08-08 18:36:00+00:00,2024-08-08 18:36:00+00:00,2024-08-08 18:39:00+00:00,2024-08-08 18:39:00+00:00,pullback_short_late_09e4d5d84f5e,-1,market,0.0,3,1,8,12,38415.0
567592,567593,567593,567593,closed,stop,19927.25,19935.25,19927.0,19935.5,19935.25,19915.25,-8.0,-8.5,-9.0,-180.0,10.0,0.5,1.0,1.0,8.75,2024-08-08 18:50:00+00:00,2024-08-08 18:50:00+00:00,2024-08-08 18:51:00+00:00,2024-08-08 18:53:00+00:00,pullback_short_late_09e4d5d84f5e,-1,market,0.0,3,1,8,12,38235.0
567600,567601,567603,567603,closed,target,19929.0,19917.0,19928.75,19917.25,19937.0,19917.0,12.0,11.5,11.0,220.0,10.0,0.5,3.0,3.0,7.75,2024-08-08 18:58:00+00:00,2024-08-08 18:58:00+00:00,2024-08-08 19:01:00+00:00,2024-08-08 19:01:00+00:00,pullback_short_late_09e4d5d84f5e,-1,market,0.0,3,1,8,12,38455.0
567642,567643,567643,567643,closed,stop,19868.75,19876.75,19868.5,19877.0,19876.75,19856.75,-8.0,-8.5,-9.0,-180.0,10.0,0.5,1.0,1.0,22.25,2024-08-08 19:40:00+00:00,2024-08-08 19:40:00+00:00,2024-08-08 19:41:00+00:00,2024-08-08 19:43:00+00:00,pullback_short_late_09e4d5d84f5e,-1,market,0.0,3,1,8,12,38275.0
568908,568909,568909,568909,closed,stop,20040.25,20048.25,20040.0,20048.5,20048.25,20028.25,-8.0,-8.5,-9.0,-180.0,10.0,0.5,1.0,1.0,21.5,2024-08-09 18:01:00+00:00,2024-08-09 18:01:00+00:00,2024-08-09 18:02:00+00:00,2024-08-09 18:04:00+00:00,pullback_short_late_09e4d5d84f5e,-1,market,0.0,3,1,8,12,38095.0
568914,568915,568916,568916,closed,stop,20041.75,20049.75,20041.5,20050.0,20049.75,20029.75,-8.0,-8.5,-9.0,-180.0,10.0,0.5,2.0,2.0,12.25,2024-08-09 18:07:00+00:00,2024-08-09 18:07:00+00:00,2024-08-09 18:09:00+00:00,2024-08-09 18:10:00+00:00,pullback_short_late_09e4d5d84f5e,-1,market,0.0,3,1,8,12,37915.0
568925,568926,568926,568926,closed,stop,20012.75,20020.75,20012.5,20021.0,20020.75,20000.75,-8.0,-8.5,-9.0,-180.0,10.0,0.5,1.0,1.0,9.5,2024-08-09 18:18:00+00:00,2024-08-09 18:18:00+00:00,2024-08-09 18:19:00+00:00,2024-08-09 18:21:00+00:00,pullback_short_late_09e4d5d84f5e,-1,market,0.0,3,1,8,12,37735.0
568931,568932,568932,568932,closed,target,20021.0,20009.0,20020.75,20009.25,20029.0,20009.0,12.0,11.5,11.0,220.0,10.0,0.5,1.0,1.0,1.5,2024-08-09 18:24:00+00:00,2024-08-09 18:24:00+00:00,2024-08-09 18:25:00+00:00,2024-08-09 18:27:00+00:00,pullback_short_late_09e4d5d84f5e,-1,market,0.0,3,1,8,12,37955.0
568938,568939,568939,568939,closed,stop,20012.0,20020.0,20011.75,20020.25,20020.0,20000.0,-8.0,-8.5,-9.0,-180.0,10.0,0.5,1.0,1.0,10.0,2024-08-09 18:31:00+00:00,2024-08-09 18:31:00+00:00,2024-08-09 18:32:00+00:00,2024-08-09 18:34:00+00:00,pullback_short_late_09e4d5d84f5e,-1,market,0.0,3,1,8,12,37775.0
568968,568969,568969,568969,closed,stop,20016.75,20024.75,20016.5,20025.0,20024.75,20004.75,-8.0,-8.5,-9.0,-180.0,10.0,0.5,1.0,1.0,8.75,2024-08-09 19:01:00+00:00,2024-08-09 19:01:00+00:00,2024-08-09 19:02:00+00:00,2024-08-09 19:04:00+00:00,pullback_short_late_09e4d5d84f5e,-1,market,0.0,3,1,8,12,37595.0
568970,568971,568973,568973,closed,stop,20010.75,20018.75,20010.5,20019.0,20018.75,19998.75,-8.0,-8.5,-9.0,-180.0,10.0,0.5,3.0,3.0,10.0,2024-08-09 19:03:00+00:00,2024-08-09 19:03:00+00:00,2024-08-09 19:06:00+00:00,2024-08-09 19:06:00+00:00,pullback_short_late_09e4d5d84f5e,-1,market,0.0,3,1,8,12,37415.0
570272,570273,570273,570273,closed,stop,20051.5,20059.5,20051.25,20059.75,20059.5,20039.5,-8.0,-8.5,-9.0,-180.0,10.0,0.5,1.0,1.0,10.75,2024-08-12 18:00:00+00:00,2024-08-12 18:00:00+00:00,2024-08-12 18:01:00+00:00,2024-08-12 18:03:00+00:00,pullback_short_late_09e4d5d84f5e,-1,market,0.0,3,1,8,12,37235.0
570278,570279,570281,570281,closed,target,20051.5,20039.5,20051.25,20039.75,20059.5,20039.5,12.0,11.5,11.0,220.0,10.0,0.5,3.0,3.0,7.25,2024-08-12 18:06:00+00:00,2024-08-12 18:06:00+00:00,2024-08-12 18:09:00+00:00,2024-08-12 18:09:00+00:00,pullback_short_late_09e4d5d84f5e,-1,market,0.0,3,1,8,12,37455.0
570349,570350,570350,570350,closed,stop,20050.5,20058.5,20050.25,20058.75,20058.5,20038.5,-8.0,-8.5,-9.0,-180.0,10.0,0.5,1.0,1.0,9.0,2024-08-12 19:17:00+00:00,2024-08-12 19:17:00+00:00,2024-08-12 19:18:00+00:00,2024-08-12 19:20:00+00:00,pullback_short_late_09e4d5d84f5e,-1,market,0.0,3,1,8,12,37275.0
570353,570354,570354,570354,closed,stop,20053.5,20061.5,20053.25,20061.75,20061.5,20041.5,-8.0,-8.5,-9.0,-180.0,10.0,0.5,1.0,1.0,11.75,2024-08-12 19:21:00+00:00,2024-08-12 19:21:00+00:00,2024-08-12 19:22:00+00:00,2024-08-12 19:24:00+00:00,pullback_short_late_09e4d5d84f5e,-1,market,0.0,3,1,8,12,37095.0
570377,570378,570380,570380,closed,timeout,20038.25,20041.5,20038.0,20041.75,20046.25,20026.25,-3.25,-3.75,-4.25,-85.0,10.0,0.5,3.0,3.0,8.0,2024-08-12 19:45:00+00:00,2024-08-12 19:45:00+00:00,2024-08-12 19:48:00+00:00,2024-08-12 19:48:00+00:00,pullback_short_late_09e4d5d84f5e,-1,market,0.0,3,1,8,12,37010.0
570381,570382,570383,570383,closed,stop,20037.0,20045.0,20036.75,20045.25,20045.0,20025.0,-8.0,-8.5,-9.0,-180.0,10.0,0.5,2.0,2.0,20.0,2024-08-12 19:49:00+00:00,2024-08-12 19:49:00+00:00,2024-08-12 19:51:00+00:00,2024-08-12 19:52:00+00:00,pullback_short_late_09e4d5d84f5e,-1,market,0.0,3,1,8,12,36830.0
571642,571643,571644,571644,closed,stop,20484.75,20492.75,20484.5,20493.0,20492.75,20472.75,-8.0,-8.5,-9.0,-180.0,10.0,0.5,2.0,2.0,14.75,2024-08-13 18:05:00+00:00,2024-08-13 18:05:00+00:00,2024-08-13 18:07:00+00:00,2024-08-13 18:08:00+00:00,pullback_short_late_09e4d5d84f5e,-1,market,0.0,3,1,8,12,36650.0
571705,571706,571708,571708,closed,timeout,20487.25,20492.75,20487.0,20493.0,20495.25,20475.25,-5.5,-6.0,-6.5,-130.0,10.0,0.5,3.0,3.0,7.75,2024-08-13 19:08:00+00:00,2024-08-13 19:08:00+00:00,2024-08-13 19:11:00+00:00,2024-08-13 19:11:00+00:00,pullback_short_late_09e4d5d84f5e,-1,market,0.0,3,1,8,12,36520.0
571709,571710,571712,571712,closed,timeout,20488.75,20484.25,20488.5,20484.5,20496.75,20476.75,4.5,4.0,3.5,70.0,10.0,0.5,3.0,3.0,6.25,2024-08-13 19:12:00+00:00,2024-08-13 19:12:00+00:00,2024-08-13 19:15:00+00:00,2024-08-13 19:15:00+00:00,pullback_short_late_09e4d5d84f5e,-1,market,0.0,3,1,8,12,36590.0
571718,571719,571721,571721,closed,stop,20476.75,20484.75,20476.5,20485.0,20484.75,20464.75,-8.0,-8.5,-9.0,-180.0,10.0,0.5,3.0,3.0,23.75,2024-08-13 19:21:00+00:00,2024-08-13 19:21:00+00:00,2024-08-13 19:24:00+00:00,2024-08-13 19:24:00+00:00,pullback_short_late_09e4d5d84f5e,-1,market,0.0,3,1,8,12,36410.0
573006,573007,573008,573008,closed,stop,20494.75,20502.75,20494.5,20503.0,20502.75,20482.75,-8.0,-8.5,-9.0,-180.0,10.0,0.5,2.0,2.0,8.75,2024-08-14 18:04:00+00:00,2024-08-14 18:04:00+00:00,2024-08-14 18:06:00+00:00,2024-08-14 18:07:00+00:00,pullback_short_late_09e4d5d84f5e,-1,market,0.0,3,1,8,12,36230.0
573009,573010,573012,573012,closed,timeout,20499.25,20498.25,20499.0,20498.5,20507.25,20487.25,1.0,0.5,0.0,0.0,10.0,0.5,3.0,3.0,7.5,2024-08-14 18:07:00+00:00,2024-08-14 18:07:00+00:00,2024-08-14 18:10:00+00:00,2024-08-14 18:10:00+00:00,pullback_short_late_09e4d5d84f5e,-1,market,0.0,3,1,8,12,36230.0
573017,573018,573019,573019,closed,stop,20500.75,20508.75,20500.5,20509.0,20508.75,20488.75,-8.0,-8.5,-9.0,-180.0,10.0,0.5,2.0,2.0,11.5,2024-08-14 18:15:00+00:00,2024-08-14 18:15:00+00:00,2024-08-14 18:17:00+00:00,2024-08-14 18:18:00+00:00,pullback_short_late_09e4d5d84f5e,-1,market,0.0,3,1,8,12,36050.0
573019,573020,573022,573022,closed,timeout,20505.25,20500.25,20505.0,20500.5,20513.25,20493.25,5.0,4.5,4.0,80.0,10.0,0.5,3.0,3.0,3.75,2024-08-14 18:17:00+00:00,2024-08-14 18:17:00+00:00,2024-08-14 18:20:00+00:00,2024-08-14 18:20:00+00:00,pullback_short_late_09e4d5d84f5e,-1,market,0.0,3,1,8,12,36130.0
573083,573084,573086,573086,closed,timeout,20488.25,20492.75,20488.0,20493.0,20496.25,20476.25,-4.5,-5.0,-5.5,-110.0,10.0,0.5,3.0,3.0,5.75,2024-08-14 19:21:00+00:00,2024-08-14 19:21:00+00:00,2024-08-14 19:24:00+00:00,2024-08-14 19:24:00+00:00,pullback_short_late_09e4d5d84f5e,-1,market,0.0,3,1,8,12,36020.0
573090,573091,573093,573093,closed,timeout,20492.25,20492.5,20492.0,20492.75,20500.25,20480.25,-0.25,-0.75,-1.25,-25.0,10.0,0.5,3.0,3.0,4.0,2024-08-14 19:28:00+00:00,2024-08-14 19:28:00+00:00,2024-08-14 19:31:00+00:00,2024-08-14 19:31:00+00:00,pullback_short_late_09e4d5d84f5e,-1,market,0.0,3,1,8,12,35995.0
574479,574480,574480,574480,closed,target,20988.5,20976.5,20988.25,20976.75,20996.5,20976.5,12.0,11.5,11.0,220.0,10.0,0.5,1.0,1.0,4.75,2024-08-15 19:52:00+00:00,2024-08-15 19:52:00+00:00,2024-08-15 19:53:00+00:00,2024-08-15 19:55:00+00:00,pullback_short_late_09e4d5d84f5e,-1,market,0.0,3,1,8,12,36215.0
574485,574486,574487,574487,closed,stop,20997.5,21005.5,20997.25,21005.75,21005.5,20985.5,-8.0,-8.5,-9.0,-180.0,10.0,0.5,2.0,2.0,27.0,2024-08-15 19:58:00+00:00,2024-08-15 19:58:00+00:00,2024-08-15 20:00:00+00:00,2024-08-15 20:01:00+00:00,pullback_short_late_09e4d5d84f5e,-1,market,0.0,3,1,8,12,36035.0
575733,575734,575735,575735,closed,stop,21047.25,21055.25,21047.0,21055.5,21055.25,21035.25,-8.0,-8.5,-9.0,-180.0,10.0,0.5,2.0,2.0,9.5,2024-08-16 18:01:00+00:00,2024-08-16 18:01:00+00:00,2024-08-16 18:03:00+00:00,2024-08-16 18:04:00+00:00,pullback_short_late_09e4d5d84f5e,-1,market,0.0,3,1,8,12,35855.0
575751,575752,575754,575754,closed,timeout,21038.5,21035.25,21038.25,21035.5,21046.5,21026.5,3.25,2.75,2.25,45.0,10.0,0.5,3.0,3.0,6.75,2024-08-16 18:19:00+00:00,2024-08-16 18:19:00+00:00,2024-08-16 18:22:00+00:00,2024-08-16 18:22:00+00:00,pullback_short_late_09e4d5d84f5e,-1,market,0.0,3,1,8,12,35900.0
575783,575784,575786,575786,closed,timeout,21035.5,21041.5,21035.25,21041.75,21043.5,21023.5,-6.0,-6.5,-7.0,-140.0,10.0,0.5,3.0,3.0,6.5,2024-08-16 18:51:00+00:00,2024-08-16 18:51:00+00:00,2024-08-16 18:54:00+00:00,2024-08-16 18:54:00+00:00,pullback_short_late_09e4d5d84f5e,-1,market,0.0,3,1,8,12,35760.0
575807,575808,575810,575810,closed,timeout,21041.5,21040.75,21041.25,21041.0,21049.5,21029.5,0.75,0.25,-0.25,-5.0,10.0,0.5,3.0,3.0,4.0,2024-08-16 19:15:00+00:00,2024-08-16 19:15:00+00:00,2024-08-16 19:18:00+00:00,2024-08-16 19:18:00+00:00,pullback_short_late_09e4d5d84f5e,-1,market,0.0,3,1,8,12,35755.0
575818,575819,575821,575821,closed,stop,21034.0,21042.0,21033.75,21042.25,21042.0,21022.0,-8.0,-8.5,-9.0,-180.0,10.0,0.5,3.0,3.0,8.5,2024-08-16 19:26:00+00:00,2024-08-16 19:26:00+00:00,2024-08-16 19:29:00+00:00,2024-08-16 19:29:00+00:00,pullback_short_late_09e4d5d84f5e,-1,market,0.0,3,1,8,12,35575.0
575822,575823,575825,575825,closed,stop,21035.5,21043.5,21035.25,21043.75,21043.5,21023.5,-8.0,-8.5,-9.0,-180.0,10.0,0.5,3.0,3.0,9.75,2024-08-16 19:30:00+00:00,2024-08-16 19:30:00+00:00,2024-08-16 19:33:00+00:00,2024-08-16 19:33:00+00:00,pullback_short_late_09e4d5d84f5e,-1,market,0.0,3,1,8,12,35395.0
575842,575843,575843,575843,closed,stop,21014.75,21022.75,21014.5,21023.0,21022.75,21002.75,-8.0,-8.5,-9.0,-180.0,10.0,0.5,1.0,1.0,10.75,2024-08-16 19:50:00+00:00,2024-08-16 19:50:00+00:00,2024-08-16 19:51:00+00:00,2024-08-16 19:53:00+00:00,pullback_short_late_09e4d5d84f5e,-1,market,0.0,3,1,8,12,35215.0
575845,575846,575846,575846,closed,stop,21018.5,21026.5,21018.25,21026.75,21026.5,21006.5,-8.0,-8.5,-9.0,-180.0,10.0,0.5,1.0,1.0,14.25,2024-08-16 19:53:00+00:00,2024-08-16 19:53:00+00:00,2024-08-16 19:54:00+00:00,2024-08-16 19:56:00+00:00,pullback_short_late_09e4d5d84f5e,-1,market,0.0,3,1,8,12,35035.0
575847,575848,575848,575848,closed,stop,21029.25,21037.25,21029.0,21037.5,21037.25,21017.25,-8.0,-8.5,-9.0,-180.0,10.0,0.5,1.0,1.0,11.75,2024-08-16 19:55:00+00:00,2024-08-16 19:55:00+00:00,2024-08-16 19:56:00+00:00,2024-08-16 19:58:00+00:00,pullback_short_late_09e4d5d84f5e,-1,market,0.0,3,1,8,12,34855.0
577164,577165,577167,577167,closed,timeout,21197.25,21199.5,21197.0,21199.75,21205.25,21185.25,-2.25,-2.75,-3.25,-65.0,10.0,0.5,3.0,3.0,5.0,2024-08-19 19:08:00+00:00,2024-08-19 19:08:00+00:00,2024-08-19 19:11:00+00:00,2024-08-19 19:11:00+00:00,pullback_short_late_09e4d5d84f5e,-1,market,0.0,3,1,8,12,34790.0
577167,577168,577170,577170,closed,timeout,21199.25,21202.5,21199.0,21202.75,21207.25,21187.25,-3.25,-3.75,-4.25,-85.0,10.0,0.5,3.0,3.0,3.75,2024-08-19 19:11:00+00:00,2024-08-19 19:11:00+00:00,2024-08-19 19:14:00+00:00,2024-08-19 19:14:00+00:00,pullback_short_late_09e4d5d84f5e,-1,market,0.0,3,1,8,12,34705.0
577171,577172,577174,577174,closed,timeout,21199.5,21198.5,21199.25,21198.75,21207.5,21187.5,1.0,0.5,0.0,0.0,10.0,0.5,3.0,3.0,6.0,2024-08-19 19:15:00+00:00,2024-08-19 19:15:00+00:00,2024-08-19 19:18:00+00:00,2024-08-19 19:18:00+00:00,pullback_short_late_09e4d5d84f5e,-1,market,0.0,3,1,8,12,34705.0
577205,577206,577207,577207,closed,stop,21203.5,21211.5,21203.25,21211.75,21211.5,21191.5,-8.0,-8.5,-9.0,-180.0,10.0,0.5,2.0,2.0,11.5,2024-08-19 19:49:00+00:00,2024-08-19 19:49:00+00:00,2024-08-19 19:51:00+00:00,2024-08-19 19:52:00+00:00,pullback_short_late_09e4d5d84f5e,-1,market,0.0,3,1,8,12,34525.0
578522,578523,578523,578523,closed,stop,21280.0,21288.0,21279.75,21288.25,21288.0,21268.0,-8.0,-8.5,-9.0,-180.0,10.0,0.5,1.0,1.0,8.25,2024-08-20 19:01:00+00:00,2024-08-20 19:01:00+00:00,2024-08-20 19:02:00+00:00,2024-08-20 19:04:00+00:00,pullback_short_late_09e4d5d84f5e,-1,market,0.0,3,1,8,12,34345.0
578525,578526,578527,578527,closed,stop,21282.5,21290.5,21282.25,21290.75,21290.5,21270.5,-8.0,-8.5,-9.0,-180.0,10.0,0.5,2.0,2.0,8.5,2024-08-20 19:04:00+00:00,2024-08-20 19:04:00+00:00,2024-08-20 19:06:00+00:00,2024-08-20 19:07:00+00:00,pullback_short_late_09e4d5d84f5e,-1,market,0.0,3,1,8,12,34165.0
578544,578545,578547,578547,closed,timeout,21262.5,21262.5,21262.25,21262.75,21270.5,21250.5,-0.0,-0.5,-1.0,-20.0,10.0,0.5,3.0,3.0,4.5,2024-08-20 19:23:00+00:00,2024-08-20 19:23:00+00:00,2024-08-20 19:26:00+00:00,2024-08-20 19:26:00+00:00,pullback_short_late_09e4d5d84f5e,-1,market,0.0,3,1,8,12,34145.0
578549,578550,578552,578552,closed,timeout,21263.5,21259.75,21263.25,21260.0,21271.5,21251.5,3.75,3.25,2.75,55.0,10.0,0.5,3.0,3.0,0.5,2024-08-20 19:28:00+00:00,2024-08-20 19:28:00+00:00,2024-08-20 19:31:00+00:00,2024-08-20 19:31:00+00:00,pullback_short_late_09e4d5d84f5e,-1,market,0.0,3,1,8,12,34200.0
578554,578555,578557,578557,closed,timeout,21258.25,21257.5,21258.0,21257.75,21266.25,21246.25,0.75,0.25,-0.25,-5.0,10.0,0.5,3.0,3.0,6.0,2024-08-20 19:33:00+00:00,2024-08-20 19:33:00+00:00,2024-08-20 19:36:00+00:00,2024-08-20 19:36:00+00:00,pullback_short_late_09e4d5d84f5e,-1,market,0.0,3,1,8,12,34195.0
578579,578580,578581,578581,closed,target,21253.25,21241.25,21253.0,21241.5,21261.25,21241.25,12.0,11.5,11.0,220.0,10.0,0.5,2.0,2.0,4.75,2024-08-20 19:58:00+00:00,2024-08-20 19:58:00+00:00,2024-08-20 20:00:00+00:00,2024-08-20 20:01:00+00:00,pullback_short_late_09e4d5d84f5e,-1,market,0.0,3,1,8,12,34415.0
579847,579848,579850,579850,closed,timeout,21336.5,21340.75,21336.25,21341.0,21344.5,21324.5,-4.25,-4.75,-5.25,-105.0,10.0,0.5,3.0,3.0,7.5,2024-08-21 18:22:00+00:00,2024-08-21 18:22:00+00:00,2024-08-21 18:25:00+00:00,2024-08-21 18:25:00+00:00,pullback_short_late_09e4d5d84f5e,-1,market,0.0,3,1,8,12,34310.0
579882,579883,579885,579885,closed,timeout,21343.75,21338.0,21343.5,21338.25,21351.75,21331.75,5.75,5.25,4.75,95.0,10.0,0.5,3.0,3.0,5.5,2024-08-21 18:57:00+00:00,2024-08-21 18:57:00+00:00,2024-08-21 19:00:00+00:00,2024-08-21 19:00:00+00:00,pullback_short_late_09e4d5d84f5e,-1,market,0.0,3,1,8,12,34405.0
579889,579890,579892,579892,closed,timeout,21317.0,21317.5,21316.75,21317.75,21325.0,21305.0,-0.5,-1.0,-1.5,-30.0,10.0,0.5,3.0,3.0,4.5,2024-08-21 19:04:00+00:00,2024-08-21 19:04:00+00:00,2024-08-21 19:07:00+00:00,2024-08-21 19:07:00+00:00,pullback_short_late_09e4d5d84f5e,-1,market,0.0,3,1,8,12,34375.0
579892,579893,579895,579895,closed,target,21318.25,21306.25,21318.0,21306.5,21326.25,21306.25,12.0,11.5,11.0,220.0,10.0,0.5,3.0,3.0,0.25,2024-08-21 19:07:00+00:00,2024-08-21 19:07:00+00:00,2024-08-21 19:10:00+00:00,2024-08-21 19:10:00+00:00,pullback_short_late_09e4d5d84f5e,-1,market,0.0,3,1,8,12,34595.0
579897,579898,579900,579900,closed,timeout,21309.0,21302.75,21308.75,21303.0,21317.0,21297.0,6.25,5.75,5.25,105.0,10.0,0.5,3.0,3.0,0.75,2024-08-21 19:12:00+00:00,2024-08-21 19:12:00+00:00,2024-08-21 19:15:00+00:00,2024-08-21 19:15:00+00:00,pullback_short_late_09e4d5d84f5e,-1,market,0.0,3,1,8,12,34700.0
579903,579904,579906,579906,closed,target,21297.25,21285.25,21297.0,21285.5,21305.25,21285.25,12.0,11.5,11.0,220.0,10.0,0.5,3.0,3.0,4.5,2024-08-21 19:18:00+00:00,2024-08-21 19:18:00+00:00,2024-08-21 19:21:00+00:00,2024-08-21 19:21:00+00:00,pullback_short_late_09e4d5d84f5e,-1,market,0.0,3,1,8,12,34920.0
579909,579910,579910,579910,closed,stop,21271.5,21279.5,21271.25,21279.75,21279.5,21259.5,-8.0,-8.5,-9.0,-180.0,10.0,0.5,1.0,1.0,17.75,2024-08-21 19:24:00+00:00,2024-08-21 19:24:00+00:00,2024-08-21 19:25:00+00:00,2024-08-21 19:27:00+00:00,pullback_short_late_09e4d5d84f5e,-1,market,0.0,3,1,8,12,34740.0
579916,579917,579919,579919,closed,timeout,21302.0,21307.75,21301.75,21308.0,21310.0,21290.0,-5.75,-6.25,-6.75,-135.0,10.0,0.5,3.0,3.0,7.5,2024-08-21 19:31:00+00:00,2024-08-21 19:31:00+00:00,2024-08-21 19:34:00+00:00,2024-08-21 19:34:00+00:00,pullback_short_late_09e4d5d84f5e,-1,market,0.0,3,1,8,12,34605.0
581201,581202,581202,581202,closed,stop,21041.0,21049.0,21040.75,21049.25,21049.0,21029.0,-8.0,-8.5,-9.0,-180.0,10.0,0.5,1.0,1.0,13.25,2024-08-22 18:11:00+00:00,2024-08-22 18:11:00+00:00,2024-08-22 18:12:00+00:00,2024-08-22 18:14:00+00:00,pullback_short_late_09e4d5d84f5e,-1,market,0.0,3,1,8,12,34425.0
581203,581204,581204,581204,closed,stop,21036.75,21044.75,21036.5,21045.0,21044.75,21024.75,-8.0,-8.5,-9.0,-180.0,10.0,0.5,1.0,1.0,10.5,2024-08-22 18:13:00+00:00,2024-08-22 18:13:00+00:00,2024-08-22 18:14:00+00:00,2024-08-22 18:16:00+00:00,pullback_short_late_09e4d5d84f5e,-1,market,0.0,3,1,8,12,34245.0
581258,581259,581261,581261,closed,target,21078.5,21066.5,21078.25,21066.75,21086.5,21066.5,12.0,11.5,11.0,220.0,10.0,0.5,3.0,3.0,7.0,2024-08-22 19:08:00+00:00,2024-08-22 19:08:00+00:00,2024-08-22 19:11:00+00:00,2024-08-22 19:11:00+00:00,pullback_short_late_09e4d5d84f5e,-1,market,0.0,3,1,8,12,34465.0
581277,581278,581279,581279,closed,target,21024.25,21012.25,21024.0,21012.5,21032.25,21012.25,12.0,11.5,11.0,220.0,10.0,0.5,2.0,2.0,1.75,2024-08-22 19:27:00+00:00,2024-08-22 19:27:00+00:00,2024-08-22 19:29:00+00:00,2024-08-22 19:30:00+00:00,pullback_short_late_09e4d5d84f5e,-1,market,0.0,3,1,8,12,34685.0
581290,581291,581291,581291,closed,target,21013.25,21001.25,21013.0,21001.5,21021.25,21001.25,12.0,11.5,11.0,220.0,10.0,0.5,1.0,1.0,1.5,2024-08-22 19:40:00+00:00,2024-08-22 19:40:00+00:00,2024-08-22 19:41:00+00:00,2024-08-22 19:43:00+00:00,pullback_short_late_09e4d5d84f5e,-1,market,0.0,3,1,8,12,34905.0
581291,581292,581293,581293,closed,stop,21006.0,21014.0,21005.75,21014.25,21014.0,20994.0,-8.0,-8.5,-9.0,-180.0,10.0,0.5,2.0,2.0,11.0,2024-08-22 19:41:00+00:00,2024-08-22 19:41:00+00:00,2024-08-22 19:43:00+00:00,2024-08-22 19:44:00+00:00,pullback_short_late_09e4d5d84f5e,-1,market,0.0,3,1,8,12,34725.0
582592,582593,582593,582593,closed,stop,21171.5,21179.5,21171.25,21179.75,21179.5,21159.5,-8.0,-8.5,-9.0,-180.0,10.0,0.5,1.0,1.0,9.0,2024-08-23 18:37:00+00:00,2024-08-23 18:37:00+00:00,2024-08-23 18:38:00+00:00,2024-08-23 18:40:00+00:00,pullback_short_late_09e4d5d84f5e,-1,market,0.0,3,1,8,12,34545.0
582623,582624,582624,582624,closed,stop,21160.5,21168.5,21160.25,21168.75,21168.5,21148.5,-8.0,-8.5,-9.0,-180.0,10.0,0.5,1.0,1.0,9.5,2024-08-23 19:08:00+00:00,2024-08-23 19:08:00+00:00,2024-08-23 19:09:00+00:00,2024-08-23 19:11:00+00:00,pullback_short_late_09e4d5d84f5e,-1,market,0.0,3,1,8,12,34365.0
582662,582663,582663,582663,closed,stop,21171.5,21179.5,21171.25,21179.75,21179.5,21159.5,-8.0,-8.5,-9.0,-180.0,10.0,0.5,1.0,1.0,12.75,2024-08-23 19:47:00+00:00,2024-08-23 19:47:00+00:00,2024-08-23 19:48:00+00:00,2024-08-23 19:50:00+00:00,pullback_short_late_09e4d5d84f5e,-1,market,0.0,3,1,8,12,34185.0
583919,583920,583921,583921,closed,target,20970.0,20958.0,20969.75,20958.25,20978.0,20958.0,12.0,11.5,11.0,220.0,10.0,0.5,2.0,2.0,1.0,2024-08-26 18:00:00+00:00,2024-08-26 18:00:00+00:00,2024-08-26 18:02:00+00:00,2024-08-26 18:03:00+00:00,pullback_short_late_09e4d5d84f5e,-1,market,0.0,3,1,8,12,34405.0
583923,583924,583924,583924,closed,target,20972.5,20960.5,20972.25,20960.75,20980.5,20960.5,12.0,11.5,11.0,220.0,10.0,0.5,1.0,1.0,4.25,2024-08-26 18:04:00+00:00,2024-08-26 18:04:00+00:00,2024-08-26 18:05:00+00:00,2024-08-26 18:07:00+00:00,pullback_short_late_09e4d5d84f5e,-1,market,0.0,3,1,8,12,34625.0
584003,584004,584006,584006,closed,timeout,21032.5,21034.75,21032.25,21035.0,21040.5,21020.5,-2.25,-2.75,-3.25,-65.0,10.0,0.5,3.0,3.0,7.5,2024-08-26 19:24:00+00:00,2024-08-26 19:24:00+00:00,2024-08-26 19:27:00+00:00,2024-08-26 19:27:00+00:00,pullback_short_late_09e4d5d84f5e,-1,market,0.0,3,1,8,12,34560.0
584015,584016,584018,584018,closed,target,21020.0,21008.0,21019.75,21008.25,21028.0,21008.0,12.0,11.5,11.0,220.0,10.0,0.5,3.0,3.0,1.5,2024-08-26 19:36:00+00:00,2024-08-26 19:36:00+00:00,2024-08-26 19:39:00+00:00,2024-08-26 19:39:00+00:00,pullback_short_late_09e4d5d84f5e,-1,market,0.0,3,1,8,12,34780.0
585301,585302,585304,585304,closed,timeout,21101.0,21099.0,21100.75,21099.25,21109.0,21089.0,2.0,1.5,1.0,20.0,10.0,0.5,3.0,3.0,0.25,2024-08-27 18:17:00+00:00,2024-08-27 18:17:00+00:00,2024-08-27 18:20:00+00:00,2024-08-27 18:20:00+00:00,pullback_short_late_09e4d5d84f5e,-1,market,0.0,3,1,8,12,34800.0
585305,585306,585308,585308,closed,timeout,21093.75,21090.5,21093.5,21090.75,21101.75,21081.75,3.25,2.75,2.25,45.0,10.0,0.5,3.0,3.0,7.5,2024-08-27 18:21:00+00:00,2024-08-27 18:21:00+00:00,2024-08-27 18:24:00+00:00,2024-08-27 18:24:00+00:00,pullback_short_late_09e4d5d84f5e,-1,market,0.0,3,1,8,12,34845.0
585313,585314,585316,585316,closed,timeout,21096.25,21092.5,21096.0,21092.75,21104.25,21084.25,3.75,3.25,2.75,55.0,10.0,0.5,3.0,3.0,3.0,2024-08-27 18:29:00+00:00,2024-08-27 18:29:00+00:00,2024-08-27 18:32:00+00:00,2024-08-27 18:32:00+00:00,pullback_short_late_09e4d5d84f5e,-1,market,0.0,3,1,8,12,34900.0
585316,585317,585318,585318,closed,target,21092.25,21080.25,21092.0,21080.5,21100.25,21080.25,12.0,11.5,11.0,220.0,10.0,0.5,2.0,2.0,0.5,2024-08-27 18:32:00+00:00,2024-08-27 18:32:00+00:00,2024-08-27 18:34:00+00:00,2024-08-27 18:35:00+00:00,pullback_short_late_09e4d5d84f5e,-1,market,0.0,3,1,8,12,35120.0
585327,585328,585329,585329,closed,stop,21089.75,21097.75,21089.5,21098.0,21097.75,21077.75,-8.0,-8.5,-9.0,-180.0,10.0,0.5,2.0,2.0,12.0,2024-08-27 18:43:00+00:00,2024-08-27 18:43:00+00:00,2024-08-27 18:45:00+00:00,2024-08-27 18:46:00+00:00,pullback_short_late_09e4d5d84f5e,-1,market,0.0,3,1,8,12,34940.0
585354,585355,585356,585356,closed,stop,21078.5,21086.5,21078.25,21086.75,21086.5,21066.5,-8.0,-8.5,-9.0,-180.0,10.0,0.5,2.0,2.0,10.75,2024-08-27 19:10:00+00:00,2024-08-27 19:10:00+00:00,2024-08-27 19:12:00+00:00,2024-08-27 19:13:00+00:00,pullback_short_late_09e4d5d84f5e,-1,market,0.0,3,1,8,12,34760.0
586653,586654,586655,586655,closed,stop,20730.5,20738.5,20730.25,20738.75,20738.5,20718.5,-8.0,-8.5,-9.0,-180.0,10.0,0.5,2.0,2.0,11.75,2024-08-28 18:04:00+00:00,2024-08-28 18:04:00+00:00,2024-08-28 18:06:00+00:00,2024-08-28 18:07:00+00:00,pullback_short_late_09e4d5d84f5e,-1,market,0.0,3,1,8,12,34580.0
586660,586661,586662,586662,closed,stop,20752.25,20760.25,20752.0,20760.5,20760.25,20740.25,-8.0,-8.5,-9.0,-180.0,10.0,0.5,2.0,2.0,11.25,2024-08-28 18:11:00+00:00,2024-08-28 18:11:00+00:00,2024-08-28 18:13:00+00:00,2024-08-28 18:14:00+00:00,pullback_short_late_09e4d5d84f5e,-1,market,0.0,3,1,8,12,34400.0
588040,588041,588042,588042,closed,target,20997.0,20985.0,20996.75,20985.25,21005.0,20985.0,12.0,11.5,11.0,220.0,10.0,0.5,2.0,2.0,1.25,2024-08-29 18:26:00+00:00,2024-08-29 18:26:00+00:00,2024-08-29 18:28:00+00:00,2024-08-29 18:29:00+00:00,pullback_short_late_09e4d5d84f5e,-1,market,0.0,3,1,8,12,34620.0
588047,588048,588048,588048,closed,stop,20907.25,20915.25,20907.0,20915.5,20915.25,20895.25,-8.0,-8.5,-9.0,-180.0,10.0,0.5,1.0,1.0,12.25,2024-08-29 18:33:00+00:00,2024-08-29 18:33:00+00:00,2024-08-29 18:34:00+00:00,2024-08-29 18:36:00+00:00,pullback_short_late_09e4d5d84f5e,-1,market,0.0,3,1,8,12,34440.0
588052,588053,588053,588053,closed,target,20895.75,20883.75,20895.5,20884.0,20903.75,20883.75,12.0,11.5,11.0,220.0,10.0,0.5,1.0,1.0,0.75,2024-08-29 18:38:00+00:00,2024-08-29 18:38:00+00:00,2024-08-29 18:39:00+00:00,2024-08-29 18:41:00+00:00,pullback_short_late_09e4d5d84f5e,-1,market,0.0,3,1,8,12,34660.0
588057,588058,588058,588058,closed,target,20852.75,20840.75,20852.5,20841.0,20860.75,20840.75,12.0,11.5,11.0,220.0,10.0,0.5,1.0,1.0,0.25,2024-08-29 18:43:00+00:00,2024-08-29 18:43:00+00:00,2024-08-29 18:44:00+00:00,2024-08-29 18:46:00+00:00,pullback_short_late_09e4d5d84f5e,-1,market,0.0,3,1,8,12,34880.0
588065,588066,588066,588066,closed,stop,20798.75,20806.75,20798.5,20807.0,20806.75,20786.75,-8.0,-8.5,-9.0,-180.0,10.0,0.5,1.0,1.0,10.5,2024-08-29 18:51:00+00:00,2024-08-29 18:51:00+00:00,2024-08-29 18:52:00+00:00,2024-08-29 18:54:00+00:00,pullback_short_late_09e4d5d84f5e,-1,market,0.0,3,1,8,12,34700.0
588071,588072,588072,588072,closed,target,20831.75,20819.75,20831.5,20820.0,20839.75,20819.75,12.0,11.5,11.0,220.0,10.0,0.5,1.0,1.0,2.25,2024-08-29 18:57:00+00:00,2024-08-29 18:57:00+00:00,2024-08-29 18:58:00+00:00,2024-08-29 19:00:00+00:00,pullback_short_late_09e4d5d84f5e,-1,market,0.0,3,1,8,12,34920.0
588072,588073,588073,588073,closed,stop,20823.5,20831.5,20823.25,20831.75,20831.5,20811.5,-8.0,-8.5,-9.0,-180.0,10.0,0.5,1.0,1.0,16.5,2024-08-29 18:58:00+00:00,2024-08-29 18:58:00+00:00,2024-08-29 18:59:00+00:00,2024-08-29 19:01:00+00:00,pullback_short_late_09e4d5d84f5e,-1,market,0.0,3,1,8,12,34740.0
588094,588095,588095,588095,closed,stop,20806.5,20814.5,20806.25,20814.75,20814.5,20794.5,-8.0,-8.5,-9.0,-180.0,10.0,0.5,1.0,1.0,9.25,2024-08-29 19:20:00+00:00,2024-08-29 19:20:00+00:00,2024-08-29 19:21:00+00:00,2024-08-29 19:23:00+00:00,pullback_short_late_09e4d5d84f5e,-1,market,0.0,3,1,8,12,34560.0
589383,589384,589386,589386,closed,timeout,20884.0,20886.0,20883.75,20886.25,20892.0,20872.0,-2.0,-2.5,-3.0,-60.0,10.0,0.5,3.0,3.0,6.75,2024-08-30 18:04:00+00:00,2024-08-30 18:04:00+00:00,2024-08-30 18:07:00+00:00,2024-08-30 18:07:00+00:00,pullback_short_late_09e4d5d84f5e,-1,market,0.0,3,1,8,12,34500.0
589390,589391,589391,589391,closed,stop,20891.0,20899.0,20890.75,20899.25,20899.0,20879.0,-8.0,-8.5,-9.0,-180.0,10.0,0.5,1.0,1.0,15.5,2024-08-30 18:11:00+00:00,2024-08-30 18:11:00+00:00,2024-08-30 18:12:00+00:00,2024-08-30 18:14:00+00:00,pullback_short_late_09e4d5d84f5e,-1,market,0.0,3,1,8,12,34320.0
591897,591898,591900,591900,closed,timeout,20490.5,20489.25,20490.25,20489.5,20498.5,20478.5,1.25,0.75,0.25,5.0,10.0,0.5,3.0,3.0,5.5,2024-09-03 18:14:00+00:00,2024-09-03 18:14:00+00:00,2024-09-03 18:17:00+00:00,2024-09-03 18:17:00+00:00,pullback_short_late_09e4d5d84f5e,-1,market,0.0,3,1,8,12,34325.0
591901,591902,591903,591903,closed,target,20487.25,20475.25,20487.0,20475.5,20495.25,20475.25,12.0,11.5,11.0,220.0,10.0,0.5,2.0,2.0,3.25,2024-09-03 18:18:00+00:00,2024-09-03 18:18:00+00:00,2024-09-03 18:20:00+00:00,2024-09-03 18:21:00+00:00,pullback_short_late_09e4d5d84f5e,-1,market,0.0,3,1,8,12,34545.0
591905,591906,591907,591907,closed,target,20477.75,20465.75,20477.5,20466.0,20485.75,20465.75,12.0,11.5,11.0,220.0,10.0,0.5,2.0,2.0,7.25,2024-09-03 18:22:00+00:00,2024-09-03 18:22:00+00:00,2024-09-03 18:24:00+00:00,2024-09-03 18:25:00+00:00,pullback_short_late_09e4d5d84f5e,-1,market,0.0,3,1,8,12,34765.0
591910,591911,591913,591913,closed,target,20481.5,20469.5,20481.25,20469.75,20489.5,20469.5,12.0,11.5,11.0,220.0,10.0,0.5,3.0,3.0,6.5,2024-09-03 18:27:00+00:00,2024-09-03 18:27:00+00:00,2024-09-03 18:30:00+00:00,2024-09-03 18:30:00+00:00,pullback_short_late_09e4d5d84f5e,-1,market,0.0,3,1,8,12,34985.0
591942,591943,591944,591944,closed,stop,20479.5,20487.5,20479.25,20487.75,20487.5,20467.5,-8.0,-8.5,-9.0,-180.0,10.0,0.5,2.0,2.0,18.0,2024-09-03 18:59:00+00:00,2024-09-03 18:59:00+00:00,2024-09-03 19:01:00+00:00,2024-09-03 19:02:00+00:00,pullback_short_late_09e4d5d84f5e,-1,market,0.0,3,1,8,12,34805.0
591988,591989,591989,591989,closed,target,20409.75,20397.75,20409.5,20398.0,20417.75,20397.75,12.0,11.5,11.0,220.0,10.0,0.5,1.0,1.0,1.5,2024-09-03 19:45:00+00:00,2024-09-03 19:45:00+00:00,2024-09-03 19:46:00+00:00,2024-09-03 19:48:00+00:00,pullback_short_late_09e4d5d84f5e,-1,market,0.0,3,1,8,12,35025.0
593252,593253,593253,593253,closed,stop,20433.0,20441.0,20432.75,20441.25,20441.0,20421.0,-8.0,-8.5,-9.0,-180.0,10.0,0.5,1.0,1.0,10.0,2024-09-04 18:04:00+00:00,2024-09-04 18:04:00+00:00,2024-09-04 18:05:00+00:00,2024-09-04 18:07:00+00:00,pullback_short_late_09e4d5d84f5e,-1,market,0.0,3,1,8,12,34845.0
593292,593293,593293,593293,closed,target,20404.75,20392.75,20404.5,20393.0,20412.75,20392.75,12.0,11.5,11.0,220.0,10.0,0.5,1.0,1.0,3.5,2024-09-04 18:44:00+00:00,2024-09-04 18:44:00+00:00,2024-09-04 18:45:00+00:00,2024-09-04 18:47:00+00:00,pullback_short_late_09e4d5d84f5e,-1,market,0.0,3,1,8,12,35065.0
593298,593299,593300,593300,closed,target,20393.5,20381.5,20393.25,20381.75,20401.5,20381.5,12.0,11.5,11.0,220.0,10.0,0.5,2.0,2.0,7.5,2024-09-04 18:50:00+00:00,2024-09-04 18:50:00+00:00,2024-09-04 18:52:00+00:00,2024-09-04 18:53:00+00:00,pullback_short_late_09e4d5d84f5e,-1,market,0.0,3,1,8,12,35285.0
593305,593306,593306,593306,closed,target,20389.5,20377.5,20389.25,20377.75,20397.5,20377.5,12.0,11.5,11.0,220.0,10.0,0.5,1.0,1.0,2.25,2024-09-04 18:57:00+00:00,2024-09-04 18:57:00+00:00,2024-09-04 18:58:00+00:00,2024-09-04 19:00:00+00:00,pullback_short_late_09e4d5d84f5e,-1,market,0.0,3,1,8,12,35505.0
593311,593312,593313,593313,closed,target,20371.0,20359.0,20370.75,20359.25,20379.0,20359.0,12.0,11.5,11.0,220.0,10.0,0.5,2.0,2.0,1.25,2024-09-04 19:03:00+00:00,2024-09-04 19:03:00+00:00,2024-09-04 19:05:00+00:00,2024-09-04 19:06:00+00:00,pullback_short_late_09e4d5d84f5e,-1,market,0.0,3,1,8,12,35725.0
593322,593323,593323,593323,closed,stop,20352.5,20360.5,20352.25,20360.75,20360.5,20340.5,-8.0,-8.5,-9.0,-180.0,10.0,0.5,1.0,1.0,12.5,2024-09-04 19:14:00+00:00,2024-09-04 19:14:00+00:00,2024-09-04 19:15:00+00:00,2024-09-04 19:17:00+00:00,pullback_short_late_09e4d5d84f5e,-1,market,0.0,3,1,8,12,35545.0
593326,593327,593329,593329,closed,timeout,20359.5,20363.0,20359.25,20363.25,20367.5,20347.5,-3.5,-4.0,-4.5,-90.0,10.0,0.5,3.0,3.0,7.0,2024-09-04 19:18:00+00:00,2024-09-04 19:18:00+00:00,2024-09-04 19:21:00+00:00,2024-09-04 19:21:00+00:00,pullback_short_late_09e4d5d84f5e,-1,market,0.0,3,1,8,12,35455.0
594684,594685,594687,594687,closed,timeout,20409.25,20405.75,20409.0,20406.0,20417.25,20397.25,3.5,3.0,2.5,50.0,10.0,0.5,3.0,3.0,3.0,2024-09-05 19:11:00+00:00,2024-09-05 19:11:00+00:00,2024-09-05 19:14:00+00:00,2024-09-05 19:14:00+00:00,pullback_short_late_09e4d5d84f5e,-1,market,0.0,3,1,8,12,35505.0
594692,594693,594695,594695,closed,timeout,20369.75,20360.25,20369.5,20360.5,20377.75,20357.75,9.5,9.0,8.5,170.0,10.0,0.5,3.0,3.0,3.75,2024-09-05 19:19:00+00:00,2024-09-05 19:19:00+00:00,2024-09-05 19:22:00+00:00,2024-09-05 19:22:00+00:00,pullback_short_late_09e4d5d84f5e,-1,market,0.0,3,1,8,12,35675.0
594695,594696,594696,594696,closed,stop,20360.75,20368.75,20360.5,20369.0,20368.75,20348.75,-8.0,-8.5,-9.0,-180.0,10.0,0.5,1.0,1.0,16.75,2024-09-05 19:22:00+00:00,2024-09-05 19:22:00+00:00,2024-09-05 19:23:00+00:00,2024-09-05 19:25:00+00:00,pullback_short_late_09e4d5d84f5e,-1,market,0.0,3,1,8,12,35495.0
594701,594702,594703,594703,closed,stop,20381.25,20389.25,20381.0,20389.5,20389.25,20369.25,-8.0,-8.5,-9.0,-180.0,10.0,0.5,2.0,2.0,23.0,2024-09-05 19:28:00+00:00,2024-09-05 19:28:00+00:00,2024-09-05 19:30:00+00:00,2024-09-05 19:31:00+00:00,pullback_short_late_09e4d5d84f5e,-1,market,0.0,3,1,8,12,35315.0
594732,594733,594733,594733,closed,stop,20368.25,20376.25,20368.0,20376.5,20376.25,20356.25,-8.0,-8.5,-9.0,-180.0,10.0,0.5,1.0,1.0,41.0,2024-09-05 19:59:00+00:00,2024-09-05 19:59:00+00:00,2024-09-05 20:00:00+00:00,2024-09-05 20:02:00+00:00,pullback_short_late_09e4d5d84f5e,-1,market,0.0,3,1,8,12,35135.0
595996,595997,595997,595997,closed,target,19892.75,19880.75,19892.5,19881.0,19900.75,19880.75,12.0,11.5,11.0,220.0,10.0,0.5,1.0,1.0,1.25,2024-09-06 18:18:00+00:00,2024-09-06 18:18:00+00:00,2024-09-06 18:19:00+00:00,2024-09-06 18:21:00+00:00,pullback_short_late_09e4d5d84f5e,-1,market,0.0,3,1,8,12,35355.0
596081,596082,596084,596084,closed,stop,19920.0,19928.0,19919.75,19928.25,19928.0,19908.0,-8.0,-8.5,-9.0,-180.0,10.0,0.5,3.0,3.0,15.25,2024-09-06 19:43:00+00:00,2024-09-06 19:43:00+00:00,2024-09-06 19:46:00+00:00,2024-09-06 19:46:00+00:00,pullback_short_late_09e4d5d84f5e,-1,market,0.0,3,1,8,12,35175.0
597352,597353,597355,597355,closed,timeout,20050.25,20050.25,20050.0,20050.5,20058.25,20038.25,-0.0,-0.5,-1.0,-20.0,10.0,0.5,3.0,3.0,6.5,2024-09-09 18:09:00+00:00,2024-09-09 18:09:00+00:00,2024-09-09 18:12:00+00:00,2024-09-09 18:12:00+00:00,pullback_short_late_09e4d5d84f5e,-1,market,0.0,3,1,8,12,35155.0
597355,597356,597358,597358,closed,target,20050.75,20038.75,20050.5,20039.0,20058.75,20038.75,12.0,11.5,11.0,220.0,10.0,0.5,3.0,3.0,3.75,2024-09-09 18:12:00+00:00,2024-09-09 18:12:00+00:00,2024-09-09 18:15:00+00:00,2024-09-09 18:15:00+00:00,pullback_short_late_09e4d5d84f5e,-1,market,0.0,3,1,8,12,35375.0
597364,597365,597365,597365,closed,target,20043.25,20031.25,20043.0,20031.5,20051.25,20031.25,12.0,11.5,11.0,220.0,10.0,0.5,1.0,1.0,3.0,2024-09-09 18:21:00+00:00,2024-09-09 18:21:00+00:00,2024-09-09 18:22:00+00:00,2024-09-09 18:24:00+00:00,pullback_short_late_09e4d5d84f5e,-1,market,0.0,3,1,8,12,35595.0
597371,597372,597372,597372,closed,target,20041.0,20029.0,20040.75,20029.25,20049.0,20029.0,12.0,11.5,11.0,220.0,10.0,0.5,1.0,1.0,1.0,2024-09-09 18:28:00+00:00,2024-09-09 18:28:00+00:00,2024-09-09 18:29:00+00:00,2024-09-09 18:31:00+00:00,pullback_short_late_09e4d5d84f5e,-1,market,0.0,3,1,8,12,35815.0
597380,597381,597382,597382,closed,target,20028.75,20016.75,20028.5,20017.0,20036.75,20016.75,12.0,11.5,11.0,220.0,10.0,0.5,2.0,2.0,3.25,2024-09-09 18:37:00+00:00,2024-09-09 18:37:00+00:00,2024-09-09 18:39:00+00:00,2024-09-09 18:40:00+00:00,pullback_short_late_09e4d5d84f5e,-1,market,0.0,3,1,8,12,36035.0
597415,597416,597418,597418,closed,timeout,20032.75,20029.25,20032.5,20029.5,20040.75,20020.75,3.5,3.0,2.5,50.0,10.0,0.5,3.0,3.0,6.5,2024-09-09 19:12:00+00:00,2024-09-09 19:12:00+00:00,2024-09-09 19:15:00+00:00,2024-09-09 19:15:00+00:00,pullback_short_late_09e4d5d84f5e,-1,market,0.0,3,1,8,12,36085.0
598770,598771,598773,598773,closed,timeout,20253.75,20257.25,20253.5,20257.5,20261.75,20241.75,-3.5,-4.0,-4.5,-90.0,10.0,0.5,3.0,3.0,7.25,2024-09-10 19:02:00+00:00,2024-09-10 19:02:00+00:00,2024-09-10 19:05:00+00:00,2024-09-10 19:05:00+00:00,pullback_short_late_09e4d5d84f5e,-1,market,0.0,3,1,8,12,35995.0
598775,598776,598778,598778,closed,timeout,20261.0,20265.75,20260.75,20266.0,20269.0,20249.0,-4.75,-5.25,-5.75,-115.0,10.0,0.5,3.0,3.0,5.25,2024-09-10 19:07:00+00:00,2024-09-10 19:07:00+00:00,2024-09-10 19:10:00+00:00,2024-09-10 19:10:00+00:00,pullback_short_late_09e4d5d84f5e,-1,market,0.0,3,1,8,12,35880.0
598821,598822,598823,598823,closed,stop,20280.75,20288.75,20280.5,20289.0,20288.75,20268.75,-8.0,-8.5,-9.0,-180.0,10.0,0.5,2.0,2.0,16.0,2024-09-10 19:53:00+00:00,2024-09-10 19:53:00+00:00,2024-09-10 19:55:00+00:00,2024-09-10 19:56:00+00:00,pullback_short_late_09e4d5d84f5e,-1,market,0.0,3,1,8,12,35700.0
600085,600086,600086,600086,closed,stop,20486.75,20494.75,20486.5,20495.0,20494.75,20474.75,-8.0,-8.5,-9.0,-180.0,10.0,0.5,1.0,1.0,9.25,2024-09-11 18:12:00+00:00,2024-09-11 18:12:00+00:00,2024-09-11 18:13:00+00:00,2024-09-11 18:15:00+00:00,pullback_short_late_09e4d5d84f5e,-1,market,0.0,3,1,8,12,35520.0
600134,600135,600135,600135,closed,stop,20549.5,20557.5,20549.25,20557.75,20557.5,20537.5,-8.0,-8.5,-9.0,-180.0,10.0,0.5,1.0,1.0,8.5,2024-09-11 19:01:00+00:00,2024-09-11 19:01:00+00:00,2024-09-11 19:02:00+00:00,2024-09-11 19:04:00+00:00,pullback_short_late_09e4d5d84f5e,-1,market,0.0,3,1,8,12,35340.0
601453,601454,601456,601456,closed,timeout,20877.75,20880.0,20877.5,20880.25,20885.75,20865.75,-2.25,-2.75,-3.25,-65.0,10.0,0.5,3.0,3.0,5.5,2024-09-12 18:15:00+00:00,2024-09-12 18:15:00+00:00,2024-09-12 18:18:00+00:00,2024-09-12 18:18:00+00:00,pullback_short_late_09e4d5d84f5e,-1,market,0.0,3,1,8,12,35275.0
601458,601459,601459,601459,closed,stop,20879.25,20887.25,20879.0,20887.5,20887.25,20867.25,-8.0,-8.5,-9.0,-180.0,10.0,0.5,1.0,1.0,9.25,2024-09-12 18:20:00+00:00,2024-09-12 18:20:00+00:00,2024-09-12 18:21:00+00:00,2024-09-12 18:23:00+00:00,pullback_short_late_09e4d5d84f5e,-1,market,0.0,3,1,8,12,35095.0
601462,601463,601463,601463,closed,stop,20887.75,20895.75,20887.5,20896.0,20895.75,20875.75,-8.0,-8.5,-9.0,-180.0,10.0,0.5,1.0,1.0,16.25,2024-09-12 18:24:00+00:00,2024-09-12 18:24:00+00:00,2024-09-12 18:25:00+00:00,2024-09-12 18:27:00+00:00,pullback_short_late_09e4d5d84f5e,-1,market,0.0,3,1,8,12,34915.0
601495,601496,601496,601496,closed,stop,20851.5,20859.5,20851.25,20859.75,20859.5,20839.5,-8.0,-8.5,-9.0,-180.0,10.0,0.5,1.0,1.0,33.5,2024-09-12 18:57:00+00:00,2024-09-12 18:57:00+00:00,2024-09-12 18:58:00+00:00,2024-09-12 19:00:00+00:00,pullback_short_late_09e4d5d84f5e,-1,market,0.0,3,1,8,12,34735.0
601499,601500,601501,601501,closed,stop,20880.25,20888.25,20880.0,20888.5,20888.25,20868.25,-8.0,-8.5,-9.0,-180.0,10.0,0.5,2.0,2.0,9.5,2024-09-12 19:01:00+00:00,2024-09-12 19:01:00+00:00,2024-09-12 19:03:00+00:00,2024-09-12 19:04:00+00:00,pullback_short_late_09e4d5d84f5e,-1,market,0.0,3,1,8,12,34555.0
601527,601528,601528,601528,closed,stop,20868.75,20876.75,20868.5,20877.0,20876.75,20856.75,-8.0,-8.5,-9.0,-180.0,10.0,0.5,1.0,1.0,12.0,2024-09-12 19:29:00+00:00,2024-09-12 19:29:00+00:00,2024-09-12 19:30:00+00:00,2024-09-12 19:32:00+00:00,pullback_short_late_09e4d5d84f5e,-1,market,0.0,3,1,8,12,34375.0
602817,602818,602820,602820,closed,timeout,20978.25,20970.0,20978.0,20970.25,20986.25,20966.25,8.25,7.75,7.25,145.0,10.0,0.5,3.0,3.0,4.25,2024-09-13 18:15:00+00:00,2024-09-13 18:15:00+00:00,2024-09-13 18:18:00+00:00,2024-09-13 18:18:00+00:00,pullback_short_late_09e4d5d84f5e,-1,market,0.0,3,1,8,12,34520.0
602830,602831,602832,602832,closed,stop,20943.25,20951.25,20943.0,20951.5,20951.25,20931.25,-8.0,-8.5,-9.0,-180.0,10.0,0.5,2.0,2.0,10.25,2024-09-13 18:28:00+00:00,2024-09-13 18:28:00+00:00,2024-09-13 18:30:00+00:00,2024-09-13 18:31:00+00:00,pullback_short_late_09e4d5d84f5e,-1,market,0.0,3,1,8,12,34340.0
602843,602844,602844,602844,closed,stop,20939.25,20947.25,20939.0,20947.5,20947.25,20927.25,-8.0,-8.5,-9.0,-180.0,10.0,0.5,1.0,1.0,11.5,2024-09-13 18:41:00+00:00,2024-09-13 18:41:00+00:00,2024-09-13 18:42:00+00:00,2024-09-13 18:44:00+00:00,pullback_short_late_09e4d5d84f5e,-1,market,0.0,3,1,8,12,34160.0
602846,602847,602848,602848,closed,stop,20943.0,20951.0,20942.75,20951.25,20951.0,20931.0,-8.0,-8.5,-9.0,-180.0,10.0,0.5,2.0,2.0,15.5,2024-09-13 18:44:00+00:00,2024-09-13 18:44:00+00:00,2024-09-13 18:46:00+00:00,2024-09-13 18:47:00+00:00,pullback_short_late_09e4d5d84f5e,-1,market,0.0,3,1,8,12,33980.0
602866,602867,602868,602868,closed,stop,20932.75,20940.75,20932.5,20941.0,20940.75,20920.75,-8.0,-8.5,-9.0,-180.0,10.0,0.5,2.0,2.0,12.25,2024-09-13 19:04:00+00:00,2024-09-13 19:04:00+00:00,2024-09-13 19:06:00+00:00,2024-09-13 19:07:00+00:00,pullback_short_late_09e4d5d84f5e,-1,market,0.0,3,1,8,12,33800.0
602869,602870,602872,602872,closed,timeout,20939.75,20937.0,20939.5,20937.25,20947.75,20927.75,2.75,2.25,1.75,35.0,10.0,0.5,3.0,3.0,2.75,2024-09-13 19:07:00+00:00,2024-09-13 19:07:00+00:00,2024-09-13 19:10:00+00:00,2024-09-13 19:10:00+00:00,pullback_short_late_09e4d5d84f5e,-1,market,0.0,3,1,8,12,33835.0
604167,604168,604169,604169,closed,stop,20838.0,20846.0,20837.75,20846.25,20846.0,20826.0,-8.0,-8.5,-9.0,-180.0,10.0,0.5,2.0,2.0,13.75,2024-09-16 18:08:00+00:00,2024-09-16 18:08:00+00:00,2024-09-16 18:10:00+00:00,2024-09-16 18:11:00+00:00,pullback_short_late_09e4d5d84f5e,-1,market,0.0,3,1,8,12,33655.0
604203,604204,604205,604205,closed,target,20842.0,20830.0,20841.75,20830.25,20850.0,20830.0,12.0,11.5,11.0,220.0,10.0,0.5,2.0,2.0,1.5,2024-09-16 18:44:00+00:00,2024-09-16 18:44:00+00:00,2024-09-16 18:46:00+00:00,2024-09-16 18:47:00+00:00,pullback_short_late_09e4d5d84f5e,-1,market,0.0,3,1,8,12,33875.0
604211,604212,604214,604214,closed,timeout,20843.75,20836.75,20843.5,20837.0,20851.75,20831.75,7.0,6.5,6.0,120.0,10.0,0.5,3.0,3.0,0.75,2024-09-16 18:52:00+00:00,2024-09-16 18:52:00+00:00,2024-09-16 18:55:00+00:00,2024-09-16 18:55:00+00:00,pullback_short_late_09e4d5d84f5e,-1,market,0.0,3,1,8,12,33995.0
604240,604241,604243,604243,closed,timeout,20845.5,20837.5,20845.25,20837.75,20853.5,20833.5,8.0,7.5,7.0,140.0,10.0,0.5,3.0,3.0,0.5,2024-09-16 19:21:00+00:00,2024-09-16 19:21:00+00:00,2024-09-16 19:24:00+00:00,2024-09-16 19:24:00+00:00,pullback_short_late_09e4d5d84f5e,-1,market,0.0,3,1,8,12,34135.0
604249,604250,604252,604252,closed,timeout,20849.5,20856.25,20849.25,20856.5,20857.5,20837.5,-6.75,-7.25,-7.75,-155.0,10.0,0.5,3.0,3.0,7.75,2024-09-16 19:30:00+00:00,2024-09-16 19:30:00+00:00,2024-09-16 19:33:00+00:00,2024-09-16 19:33:00+00:00,pullback_short_late_09e4d5d84f5e,-1,market,0.0,3,1,8,12,33980.0
605555,605556,605558,605558,closed,stop,20850.5,20858.5,20850.25,20858.75,20858.5,20838.5,-8.0,-8.5,-9.0,-180.0,10.0,0.5,3.0,3.0,11.25,2024-09-17 18:31:00+00:00,2024-09-17 18:31:00+00:00,2024-09-17 18:34:00+00:00,2024-09-17 18:34:00+00:00,pullback_short_late_09e4d5d84f5e,-1,market,0.0,3,1,8,12,33800.0
605570,605571,605571,605571,closed,target,20860.25,20848.25,20860.0,20848.5,20868.25,20848.25,12.0,11.5,11.0,220.0,10.0,0.5,1.0,1.0,0.25,2024-09-17 18:46:00+00:00,2024-09-17 18:46:00+00:00,2024-09-17 18:47:00+00:00,2024-09-17 18:49:00+00:00,pullback_short_late_09e4d5d84f5e,-1,market,0.0,3,1,8,12,34020.0
605576,605577,605578,605578,closed,target,20823.0,20811.0,20822.75,20811.25,20831.0,20811.0,12.0,11.5,11.0,220.0,10.0,0.5,2.0,2.0,7.5,2024-09-17 18:52:00+00:00,2024-09-17 18:52:00+00:00,2024-09-17 18:54:00+00:00,2024-09-17 18:55:00+00:00,pullback_short_late_09e4d5d84f5e,-1,market,0.0,3,1,8,12,34240.0
605581,605582,605584,605584,closed,stop,20834.5,20842.5,20834.25,20842.75,20842.5,20822.5,-8.0,-8.5,-9.0,-180.0,10.0,0.5,3.0,3.0,10.5,2024-09-17 18:57:00+00:00,2024-09-17 18:57:00+00:00,2024-09-17 19:00:00+00:00,2024-09-17 19:00:00+00:00,pullback_short_late_09e4d5d84f5e,-1,market,0.0,3,1,8,12,34060.0
605588,605589,605590,605590,closed,target,20841.25,20829.25,20841.0,20829.5,20849.25,20829.25,12.0,11.5,11.0,220.0,10.0,0.5,2.0,2.0,1.0,2024-09-17 19:04:00+00:00,2024-09-17 19:04:00+00:00,2024-09-17 19:06:00+00:00,2024-09-17 19:07:00+00:00,pullback_short_late_09e4d5d84f5e,-1,market,0.0,3,1,8,12,34280.0
605591,605592,605592,605592,closed,stop,20834.25,20842.25,20834.0,20842.5,20842.25,20822.25,-8.0,-8.5,-9.0,-180.0,10.0,0.5,1.0,1.0,8.75,2024-09-17 19:07:00+00:00,2024-09-17 19:07:00+00:00,2024-09-17 19:08:00+00:00,2024-09-17 19:10:00+00:00,pullback_short_late_09e4d5d84f5e,-1,market,0.0,3,1,8,12,34100.0
605617,605618,605619,605619,closed,target,20847.25,20835.25,20847.0,20835.5,20855.25,20835.25,12.0,11.5,11.0,220.0,10.0,0.5,2.0,2.0,3.25,2024-09-17 19:33:00+00:00,2024-09-17 19:33:00+00:00,2024-09-17 19:35:00+00:00,2024-09-17 19:36:00+00:00,pullback_short_late_09e4d5d84f5e,-1,market,0.0,3,1,8,12,34320.0
605620,605621,605621,605621,closed,stop,20841.5,20849.5,20841.25,20849.75,20849.5,20829.5,-8.0,-8.5,-9.0,-180.0,10.0,0.5,1.0,1.0,14.5,2024-09-17 19:36:00+00:00,2024-09-17 19:36:00+00:00,2024-09-17 19:37:00+00:00,2024-09-17 19:39:00+00:00,pullback_short_late_09e4d5d84f5e,-1,market,0.0,3,1,8,12,34140.0
606910,606911,606911,606911,closed,target,20991.0,20979.0,20990.75,20979.25,20999.0,20979.0,12.0,11.5,11.0,220.0,10.0,0.5,1.0,1.0,3.25,2024-09-18 18:22:00+00:00,2024-09-18 18:22:00+00:00,2024-09-18 18:23:00+00:00,2024-09-18 18:25:00+00:00,pullback_short_late_09e4d5d84f5e,-1,market,0.0,3,1,8,12,34360.0
606915,606916,606916,606916,closed,target,20989.75,20977.75,20989.5,20978.0,20997.75,20977.75,12.0,11.5,11.0,220.0,10.0,0.5,1.0,1.0,3.25,2024-09-18 18:27:00+00:00,2024-09-18 18:27:00+00:00,2024-09-18 18:28:00+00:00,2024-09-18 18:30:00+00:00,pullback_short_late_09e4d5d84f5e,-1,market,0.0,3,1,8,12,34580.0
606943,606944,606944,606944,closed,stop,20997.25,21005.25,20997.0,21005.5,21005.25,20985.25,-8.0,-8.5,-9.0,-180.0,10.0,0.5,1.0,1.0,11.25,2024-09-18 18:55:00+00:00,2024-09-18 18:55:00+00:00,2024-09-18 18:56:00+00:00,2024-09-18 18:58:00+00:00,pullback_short_late_09e4d5d84f5e,-1,market,0.0,3,1,8,12,34400.0
606952,606953,606953,606953,closed,stop,20873.75,20881.75,20873.5,20882.0,20881.75,20861.75,-8.0,-8.5,-9.0,-180.0,10.0,0.5,1.0,1.0,13.0,2024-09-18 19:04:00+00:00,2024-09-18 19:04:00+00:00,2024-09-18 19:05:00+00:00,2024-09-18 19:07:00+00:00,pullback_short_late_09e4d5d84f5e,-1,market,0.0,3,1,8,12,34220.0
606953,606954,606954,606954,closed,target,20855.0,20843.0,20854.75,20843.25,20863.0,20843.0,12.0,11.5,11.0,220.0,10.0,0.5,1.0,1.0,1.25,2024-09-18 19:05:00+00:00,2024-09-18 19:05:00+00:00,2024-09-18 19:06:00+00:00,2024-09-18 19:08:00+00:00,pullback_short_late_09e4d5d84f5e,-1,market,0.0,3,1,8,12,34440.0
606964,606965,606965,606965,closed,stop,20882.75,20890.75,20882.5,20891.0,20890.75,20870.75,-8.0,-8.5,-9.0,-180.0,10.0,0.5,1.0,1.0,13.5,2024-09-18 19:16:00+00:00,2024-09-18 19:16:00+00:00,2024-09-18 19:17:00+00:00,2024-09-18 19:19:00+00:00,pullback_short_late_09e4d5d84f5e,-1,market,0.0,3,1,8,12,34260.0
606971,606972,606972,606972,closed,stop,20820.75,20828.75,20820.5,20829.0,20828.75,20808.75,-8.0,-8.5,-9.0,-180.0,10.0,0.5,1.0,1.0,55.25,2024-09-18 19:23:00+00:00,2024-09-18 19:23:00+00:00,2024-09-18 19:24:00+00:00,2024-09-18 19:26:00+00:00,pullback_short_late_09e4d5d84f5e,-1,market,0.0,3,1,8,12,34080.0
607003,607004,607004,607004,closed,stop,20788.75,20796.75,20788.5,20797.0,20796.75,20776.75,-8.0,-8.5,-9.0,-180.0,10.0,0.5,1.0,1.0,24.5,2024-09-18 19:55:00+00:00,2024-09-18 19:55:00+00:00,2024-09-18 19:56:00+00:00,2024-09-18 19:58:00+00:00,pullback_short_late_09e4d5d84f5e,-1,market,0.0,3,1,8,12,33900.0
608316,608317,608319,608319,closed,timeout,21327.25,21325.25,21327.0,21325.5,21335.25,21315.25,2.0,1.5,1.0,20.0,10.0,0.5,3.0,3.0,6.0,2024-09-19 19:06:00+00:00,2024-09-19 19:06:00+00:00,2024-09-19 19:09:00+00:00,2024-09-19 19:09:00+00:00,pullback_short_late_09e4d5d84f5e,-1,market,0.0,3,1,8,12,33920.0
608328,608329,608329,608329,closed,target,21310.0,21298.0,21309.75,21298.25,21318.0,21298.0,12.0,11.5,11.0,220.0,10.0,0.5,1.0,1.0,1.0,2024-09-19 19:18:00+00:00,2024-09-19 19:18:00+00:00,2024-09-19 19:19:00+00:00,2024-09-19 19:21:00+00:00,pullback_short_late_09e4d5d84f5e,-1,market,0.0,3,1,8,12,34140.0
608336,608337,608337,608337,closed,target,21309.5,21297.5,21309.25,21297.75,21317.5,21297.5,12.0,11.5,11.0,220.0,10.0,0.5,1.0,1.0,1.0,2024-09-19 19:26:00+00:00,2024-09-19 19:26:00+00:00,2024-09-19 19:27:00+00:00,2024-09-19 19:29:00+00:00,pullback_short_late_09e4d5d84f5e,-1,market,0.0,3,1,8,12,34360.0
608337,608338,608339,608339,closed,stop,21297.75,21305.75,21297.5,21306.0,21305.75,21285.75,-8.0,-8.5,-9.0,-180.0,10.0,0.5,2.0,2.0,8.75,2024-09-19 19:27:00+00:00,2024-09-19 19:27:00+00:00,2024-09-19 19:29:00+00:00,2024-09-19 19:30:00+00:00,pullback_short_late_09e4d5d84f5e,-1,market,0.0,3,1,8,12,34180.0
608341,608342,608343,608343,closed,target,21297.75,21285.75,21297.5,21286.0,21305.75,21285.75,12.0,11.5,11.0,220.0,10.0,0.5,2.0,2.0,3.75,2024-09-19 19:31:00+00:00,2024-09-19 19:31:00+00:00,2024-09-19 19:33:00+00:00,2024-09-19 19:34:00+00:00,pullback_short_late_09e4d5d84f5e,-1,market,0.0,3,1,8,12,34400.0
608366,608367,608367,608367,closed,target,21283.5,21271.5,21283.25,21271.75,21291.5,21271.5,12.0,11.5,11.0,220.0,10.0,0.5,1.0,1.0,2.0,2024-09-19 19:56:00+00:00,2024-09-19 19:56:00+00:00,2024-09-19 19:57:00+00:00,2024-09-19 19:59:00+00:00,pullback_short_late_09e4d5d84f5e,-1,market,0.0,3,1,8,12,34620.0
608367,608368,608368,608368,closed,stop,21271.0,21279.0,21270.75,21279.25,21279.0,21259.0,-8.0,-8.5,-9.0,-180.0,10.0,0.5,1.0,1.0,10.0,2024-09-19 19:57:00+00:00,2024-09-19 19:57:00+00:00,2024-09-19 19:58:00+00:00,2024-09-19 20:00:00+00:00,pullback_short_late_09e4d5d84f5e,-1,market,0.0,3,1,8,12,34440.0
608369,608370,608370,608370,closed,stop,21271.5,21279.5,21271.25,21279.75,21279.5,21259.5,-8.0,-8.5,-9.0,-180.0,10.0,0.5,1.0,1.0,30.25,2024-09-19 19:59:00+00:00,2024-09-19 19:59:00+00:00,2024-09-19 20:00:00+00:00,2024-09-19 20:02:00+00:00,pullback_short_late_09e4d5d84f5e,-1,market,0.0,3,1,8,12,34260.0
609622,609623,609623,609623,closed,stop,21161.0,21169.0,21160.75,21169.25,21169.0,21149.0,-8.0,-8.5,-9.0,-180.0,10.0,0.5,1.0,1.0,8.25,2024-09-20 18:07:00+00:00,2024-09-20 18:07:00+00:00,2024-09-20 18:08:00+00:00,2024-09-20 18:10:00+00:00,pullback_short_late_09e4d5d84f5e,-1,market,0.0,3,1,8,12,34080.0
609633,609634,609634,609634,closed,stop,21158.75,21166.75,21158.5,21167.0,21166.75,21146.75,-8.0,-8.5,-9.0,-180.0,10.0,0.5,1.0,1.0,10.0,2024-09-20 18:18:00+00:00,2024-09-20 18:18:00+00:00,2024-09-20 18:19:00+00:00,2024-09-20 18:21:00+00:00,pullback_short_late_09e4d5d84f5e,-1,market,0.0,3,1,8,12,33900.0
609656,609657,609659,609659,closed,timeout,21145.75,21151.75,21145.5,21152.0,21153.75,21133.75,-6.0,-6.5,-7.0,-140.0,10.0,0.5,3.0,3.0,7.5,2024-09-20 18:41:00+00:00,2024-09-20 18:41:00+00:00,2024-09-20 18:44:00+00:00,2024-09-20 18:44:00+00:00,pullback_short_late_09e4d5d84f5e,-1,market,0.0,3,1,8,12,33760.0
611010,611011,611013,611013,closed,timeout,21265.5,21268.5,21265.25,21268.75,21273.5,21253.5,-3.0,-3.5,-4.0,-80.0,10.0,0.5,3.0,3.0,7.0,2024-09-23 18:30:00+00:00,2024-09-23 18:30:00+00:00,2024-09-23 18:33:00+00:00,2024-09-23 18:33:00+00:00,pullback_short_late_09e4d5d84f5e,-1,market,0.0,3,1,8,12,33680.0
611024,611025,611027,611027,closed,timeout,21269.25,21269.0,21269.0,21269.25,21277.25,21257.25,0.25,-0.25,-0.75,-15.0,10.0,0.5,3.0,3.0,2.75,2024-09-23 18:44:00+00:00,2024-09-23 18:44:00+00:00,2024-09-23 18:47:00+00:00,2024-09-23 18:47:00+00:00,pullback_short_late_09e4d5d84f5e,-1,market,0.0,3,1,8,12,33665.0
611052,611053,611055,611055,closed,timeout,21264.75,21258.5,21264.5,21258.75,21272.75,21252.75,6.25,5.75,5.25,105.0,10.0,0.5,3.0,3.0,4.25,2024-09-23 19:12:00+00:00,2024-09-23 19:12:00+00:00,2024-09-23 19:15:00+00:00,2024-09-23 19:15:00+00:00,pullback_short_late_09e4d5d84f5e,-1,market,0.0,3,1,8,12,33770.0
611055,611056,611057,611057,closed,stop,21258.25,21266.25,21258.0,21266.5,21266.25,21246.25,-8.0,-8.5,-9.0,-180.0,10.0,0.5,2.0,2.0,10.0,2024-09-23 19:15:00+00:00,2024-09-23 19:15:00+00:00,2024-09-23 19:17:00+00:00,2024-09-23 19:18:00+00:00,pullback_short_late_09e4d5d84f5e,-1,market,0.0,3,1,8,12,33590.0
611064,611065,611067,611067,closed,stop,21272.25,21280.25,21272.0,21280.5,21280.25,21260.25,-8.0,-8.5,-9.0,-180.0,10.0,0.5,3.0,3.0,10.0,2024-09-23 19:24:00+00:00,2024-09-23 19:24:00+00:00,2024-09-23 19:27:00+00:00,2024-09-23 19:27:00+00:00,pullback_short_late_09e4d5d84f5e,-1,market,0.0,3,1,8,12,33410.0
612350,612351,612353,612353,closed,stop,21364.75,21372.75,21364.5,21373.0,21372.75,21352.75,-8.0,-8.5,-9.0,-180.0,10.0,0.5,3.0,3.0,8.75,2024-09-24 18:05:00+00:00,2024-09-24 18:05:00+00:00,2024-09-24 18:08:00+00:00,2024-09-24 18:08:00+00:00,pullback_short_late_09e4d5d84f5e,-1,market,0.0,3,1,8,12,33230.0
612361,612362,612364,612364,closed,timeout,21349.0,21354.75,21348.75,21355.0,21357.0,21337.0,-5.75,-6.25,-6.75,-135.0,10.0,0.5,3.0,3.0,6.0,2024-09-24 18:16:00+00:00,2024-09-24 18:16:00+00:00,2024-09-24 18:19:00+00:00,2024-09-24 18:19:00+00:00,pullback_short_late_09e4d5d84f5e,-1,market,0.0,3,1,8,12,33095.0
612367,612368,612370,612370,closed,timeout,21352.75,21351.25,21352.5,21351.5,21360.75,21340.75,1.5,1.0,0.5,10.0,10.0,0.5,3.0,3.0,7.5,2024-09-24 18:22:00+00:00,2024-09-24 18:22:00+00:00,2024-09-24 18:25:00+00:00,2024-09-24 18:25:00+00:00,pullback_short_late_09e4d5d84f5e,-1,market,0.0,3,1,8,12,33105.0
612378,612379,612379,612379,closed,stop,21330.75,21338.75,21330.5,21339.0,21338.75,21318.75,-8.0,-8.5,-9.0,-180.0,10.0,0.5,1.0,1.0,10.25,2024-09-24 18:33:00+00:00,2024-09-24 18:33:00+00:00,2024-09-24 18:34:00+00:00,2024-09-24 18:36:00+00:00,pullback_short_late_09e4d5d84f5e,-1,market,0.0,3,1,8,12,32925.0
612388,612389,612391,612391,closed,timeout,21342.5,21344.5,21342.25,21344.75,21350.5,21330.5,-2.0,-2.5,-3.0,-60.0,10.0,0.5,3.0,3.0,5.5,2024-09-24 18:43:00+00:00,2024-09-24 18:43:00+00:00,2024-09-24 18:46:00+00:00,2024-09-24 18:46:00+00:00,pullback_short_late_09e4d5d84f5e,-1,market,0.0,3,1,8,12,32865.0
612423,612424,612426,612426,closed,timeout,21345.25,21351.5,21345.0,21351.75,21353.25,21333.25,-6.25,-6.75,-7.25,-145.0,10.0,0.5,3.0,3.0,7.0,2024-09-24 19:18:00+00:00,2024-09-24 19:18:00+00:00,2024-09-24 19:21:00+00:00,2024-09-24 19:21:00+00:00,pullback_short_late_09e4d5d84f5e,-1,market,0.0,3,1,8,12,32720.0
613727,613728,613728,613728,closed,stop,21365.75,21373.75,21365.5,21374.0,21373.75,21353.75,-8.0,-8.5,-9.0,-180.0,10.0,0.5,1.0,1.0,9.25,2024-09-25 18:17:00+00:00,2024-09-25 18:17:00+00:00,2024-09-25 18:18:00+00:00,2024-09-25 18:20:00+00:00,pullback_short_late_09e4d5d84f5e,-1,market,0.0,3,1,8,12,32540.0
613785,613786,613788,613788,closed,timeout,21378.25,21376.5,21378.0,21376.75,21386.25,21366.25,1.75,1.25,0.75,15.0,10.0,0.5,3.0,3.0,3.0,2024-09-25 19:15:00+00:00,2024-09-25 19:15:00+00:00,2024-09-25 19:18:00+00:00,2024-09-25 19:18:00+00:00,pullback_short_late_09e4d5d84f5e,-1,market,0.0,3,1,8,12,32555.0
613790,613791,613793,613793,closed,timeout,21377.5,21377.25,21377.25,21377.5,21385.5,21365.5,0.25,-0.25,-0.75,-15.0,10.0,0.5,3.0,3.0,5.5,2024-09-25 19:20:00+00:00,2024-09-25 19:20:00+00:00,2024-09-25 19:23:00+00:00,2024-09-25 19:23:00+00:00,pullback_short_late_09e4d5d84f5e,-1,market,0.0,3,1,8,12,32540.0
613797,613798,613800,613800,closed,timeout,21377.25,21379.75,21377.0,21380.0,21385.25,21365.25,-2.5,-3.0,-3.5,-70.0,10.0,0.5,3.0,3.0,6.5,2024-09-25 19:27:00+00:00,2024-09-25 19:27:00+00:00,2024-09-25 19:30:00+00:00,2024-09-25 19:30:00+00:00,pullback_short_late_09e4d5d84f5e,-1,market,0.0,3,1,8,12,32470.0
615125,615126,615126,615126,closed,stop,21521.0,21529.0,21520.75,21529.25,21529.0,21509.0,-8.0,-8.5,-9.0,-180.0,10.0,0.5,1.0,1.0,8.25,2024-09-26 18:50:00+00:00,2024-09-26 18:50:00+00:00,2024-09-26 18:51:00+00:00,2024-09-26 18:53:00+00:00,pullback_short_late_09e4d5d84f5e,-1,market,0.0,3,1,8,12,32290.0
615180,615181,615183,615183,closed,timeout,21543.25,21544.25,21543.0,21544.5,21551.25,21531.25,-1.0,-1.5,-2.0,-40.0,10.0,0.5,3.0,3.0,6.25,2024-09-26 19:45:00+00:00,2024-09-26 19:45:00+00:00,2024-09-26 19:48:00+00:00,2024-09-26 19:48:00+00:00,pullback_short_late_09e4d5d84f5e,-1,market,0.0,3,1,8,12,32250.0
615191,615192,615194,615194,closed,stop,21531.75,21539.75,21531.5,21540.0,21539.75,21519.75,-8.0,-8.5,-9.0,-180.0,10.0,0.5,3.0,3.0,18.5,2024-09-26 19:56:00+00:00,2024-09-26 19:56:00+00:00,2024-09-26 19:59:00+00:00,2024-09-26 19:59:00+00:00,pullback_short_late_09e4d5d84f5e,-1,market,0.0,3,1,8,12,32070.0
616462,616463,616465,616465,closed,timeout,21448.75,21445.25,21448.5,21445.5,21456.75,21436.75,3.5,3.0,2.5,50.0,10.0,0.5,3.0,3.0,4.5,2024-09-27 18:22:00+00:00,2024-09-27 18:22:00+00:00,2024-09-27 18:25:00+00:00,2024-09-27 18:25:00+00:00,pullback_short_late_09e4d5d84f5e,-1,market,0.0,3,1,8,12,32120.0
616474,616475,616477,616477,closed,target,21396.75,21384.75,21396.5,21385.0,21404.75,21384.75,12.0,11.5,11.0,220.0,10.0,0.5,3.0,3.0,3.75,2024-09-27 18:34:00+00:00,2024-09-27 18:34:00+00:00,2024-09-27 18:37:00+00:00,2024-09-27 18:37:00+00:00,pullback_short_late_09e4d5d84f5e,-1,market,0.0,3,1,8,12,32340.0
616479,616480,616482,616482,closed,stop,21393.25,21401.25,21393.0,21401.5,21401.25,21381.25,-8.0,-8.5,-9.0,-180.0,10.0,0.5,3.0,3.0,8.25,2024-09-27 18:39:00+00:00,2024-09-27 18:39:00+00:00,2024-09-27 18:42:00+00:00,2024-09-27 18:42:00+00:00,pullback_short_late_09e4d5d84f5e,-1,market,0.0,3,1,8,12,32160.0
616534,616535,616537,616537,closed,timeout,21432.5,21431.0,21432.25,21431.25,21440.5,21420.5,1.5,1.0,0.5,10.0,10.0,0.5,3.0,3.0,3.0,2024-09-27 19:34:00+00:00,2024-09-27 19:34:00+00:00,2024-09-27 19:37:00+00:00,2024-09-27 19:37:00+00:00,pullback_short_late_09e4d5d84f5e,-1,market,0.0,3,1,8,12,32170.0
616538,616539,616540,616540,closed,stop,21428.0,21436.0,21427.75,21436.25,21436.0,21416.0,-8.0,-8.5,-9.0,-180.0,10.0,0.5,2.0,2.0,8.25,2024-09-27 19:38:00+00:00,2024-09-27 19:38:00+00:00,2024-09-27 19:40:00+00:00,2024-09-27 19:41:00+00:00,pullback_short_late_09e4d5d84f5e,-1,market,0.0,3,1,8,12,31990.0
616540,616541,616543,616543,closed,timeout,21427.75,21420.0,21427.5,21420.25,21435.75,21415.75,7.75,7.25,6.75,135.0,10.0,0.5,3.0,3.0,2.25,2024-09-27 19:40:00+00:00,2024-09-27 19:40:00+00:00,2024-09-27 19:43:00+00:00,2024-09-27 19:43:00+00:00,pullback_short_late_09e4d5d84f5e,-1,market,0.0,3,1,8,12,32125.0
616545,616546,616548,616548,closed,timeout,21421.5,21417.5,21421.25,21417.75,21429.5,21409.5,4.0,3.5,3.0,60.0,10.0,0.5,3.0,3.0,4.5,2024-09-27 19:45:00+00:00,2024-09-27 19:45:00+00:00,2024-09-27 19:48:00+00:00,2024-09-27 19:48:00+00:00,pullback_short_late_09e4d5d84f5e,-1,market,0.0,3,1,8,12,32185.0
617836,617837,617839,617839,closed,stop,21282.0,21290.0,21281.75,21290.25,21290.0,21270.0,-8.0,-8.5,-9.0,-180.0,10.0,0.5,3.0,3.0,34.75,2024-09-30 18:31:00+00:00,2024-09-30 18:31:00+00:00,2024-09-30 18:34:00+00:00,2024-09-30 18:34:00+00:00,pullback_short_late_09e4d5d84f5e,-1,market,0.0,3,1,8,12,32005.0
617867,617868,617868,617868,closed,stop,21336.0,21344.0,21335.75,21344.25,21344.0,21324.0,-8.0,-8.5,-9.0,-180.0,10.0,0.5,1.0,1.0,10.25,2024-09-30 19:02:00+00:00,2024-09-30 19:02:00+00:00,2024-09-30 19:03:00+00:00,2024-09-30 19:05:00+00:00,pullback_short_late_09e4d5d84f5e,-1,market,0.0,3,1,8,12,31825.0
617871,617872,617873,617873,closed,stop,21341.0,21349.0,21340.75,21349.25,21349.0,21329.0,-8.0,-8.5,-9.0,-180.0,10.0,0.5,2.0,2.0,14.75,2024-09-30 19:06:00+00:00,2024-09-30 19:06:00+00:00,2024-09-30 19:08:00+00:00,2024-09-30 19:09:00+00:00,pullback_short_late_09e4d5d84f5e,-1,market,0.0,3,1,8,12,31645.0
617874,617875,617876,617876,closed,target,21347.0,21335.0,21346.75,21335.25,21355.0,21335.0,12.0,11.5,11.0,220.0,10.0,0.5,2.0,2.0,0.75,2024-09-30 19:09:00+00:00,2024-09-30 19:09:00+00:00,2024-09-30 19:11:00+00:00,2024-09-30 19:12:00+00:00,pullback_short_late_09e4d5d84f5e,-1,market,0.0,3,1,8,12,31865.0
617881,617882,617883,617883,closed,stop,21333.25,21341.25,21333.0,21341.5,21341.25,21321.25,-8.0,-8.5,-9.0,-180.0,10.0,0.5,2.0,2.0,11.25,2024-09-30 19:16:00+00:00,2024-09-30 19:16:00+00:00,2024-09-30 19:18:00+00:00,2024-09-30 19:19:00+00:00,pullback_short_late_09e4d5d84f5e,-1,market,0.0,3,1,8,12,31685.0
619222,619223,619223,619223,closed,stop,21252.0,21260.0,21251.75,21260.25,21260.0,21240.0,-8.0,-8.5,-9.0,-180.0,10.0,0.5,1.0,1.0,10.25,2024-10-01 18:52:00+00:00,2024-10-01 18:52:00+00:00,2024-10-01 18:53:00+00:00,2024-10-01 18:55:00+00:00,pullback_short_late_09e4d5d84f5e,-1,market,0.0,3,1,8,12,31505.0
619254,619255,619256,619256,closed,stop,21237.25,21245.25,21237.0,21245.5,21245.25,21225.25,-8.0,-8.5,-9.0,-180.0,10.0,0.5,2.0,2.0,9.75,2024-10-01 19:24:00+00:00,2024-10-01 19:24:00+00:00,2024-10-01 19:26:00+00:00,2024-10-01 19:27:00+00:00,pullback_short_late_09e4d5d84f5e,-1,market,0.0,3,1,8,12,31325.0
619274,619275,619275,619275,closed,target,21196.0,21184.0,21195.75,21184.25,21204.0,21184.0,12.0,11.5,11.0,220.0,10.0,0.5,1.0,1.0,1.0,2024-10-01 19:44:00+00:00,2024-10-01 19:44:00+00:00,2024-10-01 19:45:00+00:00,2024-10-01 19:47:00+00:00,pullback_short_late_09e4d5d84f5e,-1,market,0.0,3,1,8,12,31545.0
619275,619276,619276,619276,closed,target,21187.25,21175.25,21187.0,21175.5,21195.25,21175.25,12.0,11.5,11.0,220.0,10.0,0.5,1.0,1.0,2.75,2024-10-01 19:45:00+00:00,2024-10-01 19:45:00+00:00,2024-10-01 19:46:00+00:00,2024-10-01 19:48:00+00:00,pullback_short_late_09e4d5d84f5e,-1,market,0.0,3,1,8,12,31765.0
619282,619283,619284,619284,closed,stop,21184.75,21192.75,21184.5,21193.0,21192.75,21172.75,-8.0,-8.5,-9.0,-180.0,10.0,0.5,2.0,2.0,8.25,2024-10-01 19:52:00+00:00,2024-10-01 19:52:00+00:00,2024-10-01 19:54:00+00:00,2024-10-01 19:55:00+00:00,pullback_short_late_09e4d5d84f5e,-1,market,0.0,3,1,8,12,31585.0
620558,620559,620561,620561,closed,timeout,21241.0,21241.5,21240.75,21241.75,21249.0,21229.0,-0.5,-1.0,-1.5,-30.0,10.0,0.5,3.0,3.0,4.5,2024-10-02 18:23:00+00:00,2024-10-02 18:23:00+00:00,2024-10-02 18:26:00+00:00,2024-10-02 18:26:00+00:00,pullback_short_late_09e4d5d84f5e,-1,market,0.0,3,1,8,12,31555.0
620566,620567,620567,620567,closed,stop,21211.0,21219.0,21210.75,21219.25,21219.0,21199.0,-8.0,-8.5,-9.0,-180.0,10.0,0.5,1.0,1.0,13.5,2024-10-02 18:31:00+00:00,2024-10-02 18:31:00+00:00,2024-10-02 18:32:00+00:00,2024-10-02 18:34:00+00:00,pullback_short_late_09e4d5d84f5e,-1,market,0.0,3,1,8,12,31375.0
620581,620582,620584,620584,closed,timeout,21226.75,21225.25,21226.5,21225.5,21234.75,21214.75,1.5,1.0,0.5,10.0,10.0,0.5,3.0,3.0,4.75,2024-10-02 18:46:00+00:00,2024-10-02 18:46:00+00:00,2024-10-02 18:49:00+00:00,2024-10-02 18:49:00+00:00,pullback_short_late_09e4d5d84f5e,-1,market,0.0,3,1,8,12,31385.0
621927,621928,621928,621928,closed,stop,21145.0,21153.0,21144.75,21153.25,21153.0,21133.0,-8.0,-8.5,-9.0,-180.0,10.0,0.5,1.0,1.0,12.5,2024-10-03 18:27:00+00:00,2024-10-03 18:27:00+00:00,2024-10-03 18:28:00+00:00,2024-10-03 18:30:00+00:00,pullback_short_late_09e4d5d84f5e,-1,market,0.0,3,1,8,12,31205.0
621966,621967,621968,621968,closed,target,21141.0,21129.0,21140.75,21129.25,21149.0,21129.0,12.0,11.5,11.0,220.0,10.0,0.5,2.0,2.0,3.75,2024-10-03 19:06:00+00:00,2024-10-03 19:06:00+00:00,2024-10-03 19:08:00+00:00,2024-10-03 19:09:00+00:00,pullback_short_late_09e4d5d84f5e,-1,market,0.0,3,1,8,12,31425.0
621977,621978,621980,621980,closed,timeout,21124.75,21128.0,21124.5,21128.25,21132.75,21112.75,-3.25,-3.75,-4.25,-85.0,10.0,0.5,3.0,3.0,7.5,2024-10-03 19:17:00+00:00,2024-10-03 19:17:00+00:00,2024-10-03 19:20:00+00:00,2024-10-03 19:20:00+00:00,pullback_short_late_09e4d5d84f5e,-1,market,0.0,3,1,8,12,31340.0
621986,621987,621989,621989,closed,target,21134.0,21122.0,21133.75,21122.25,21142.0,21122.0,12.0,11.5,11.0,220.0,10.0,0.5,3.0,3.0,6.75,2024-10-03 19:26:00+00:00,2024-10-03 19:26:00+00:00,2024-10-03 19:29:00+00:00,2024-10-03 19:29:00+00:00,pullback_short_late_09e4d5d84f5e,-1,market,0.0,3,1,8,12,31560.0
623268,623269,623269,623269,closed,stop,21314.5,21322.5,21314.25,21322.75,21322.5,21302.5,-8.0,-8.5,-9.0,-180.0,10.0,0.5,1.0,1.0,9.5,2024-10-04 18:03:00+00:00,2024-10-04 18:03:00+00:00,2024-10-04 18:04:00+00:00,2024-10-04 18:06:00+00:00,pullback_short_late_09e4d5d84f5e,-1,market,0.0,3,1,8,12,31380.0
623270,623271,623273,623273,closed,stop,21314.75,21322.75,21314.5,21323.0,21322.75,21302.75,-8.0,-8.5,-9.0,-180.0,10.0,0.5,3.0,3.0,8.75,2024-10-04 18:05:00+00:00,2024-10-04 18:05:00+00:00,2024-10-04 18:08:00+00:00,2024-10-04 18:08:00+00:00,pullback_short_late_09e4d5d84f5e,-1,market,0.0,3,1,8,12,31200.0
623276,623277,623278,623278,closed,target,21315.5,21303.5,21315.25,21303.75,21323.5,21303.5,12.0,11.5,11.0,220.0,10.0,0.5,2.0,2.0,1.0,2024-10-04 18:11:00+00:00,2024-10-04 18:11:00+00:00,2024-10-04 18:13:00+00:00,2024-10-04 18:14:00+00:00,pullback_short_late_09e4d5d84f5e,-1,market,0.0,3,1,8,12,31420.0
623281,623282,623282,623282,closed,stop,21302.75,21310.75,21302.5,21311.0,21310.75,21290.75,-8.0,-8.5,-9.0,-180.0,10.0,0.5,1.0,1.0,13.5,2024-10-04 18:16:00+00:00,2024-10-04 18:16:00+00:00,2024-10-04 18:17:00+00:00,2024-10-04 18:19:00+00:00,pullback_short_late_09e4d5d84f5e,-1,market,0.0,3,1,8,12,31240.0
624647,624648,624650,624650,closed,timeout,21317.5,21314.5,21317.25,21314.75,21325.5,21305.5,3.0,2.5,2.0,40.0,10.0,0.5,3.0,3.0,3.0,2024-10-07 18:17:00+00:00,2024-10-07 18:17:00+00:00,2024-10-07 18:20:00+00:00,2024-10-07 18:20:00+00:00,pullback_short_late_09e4d5d84f5e,-1,market,0.0,3,1,8,12,31280.0
624651,624652,624653,624653,closed,stop,21311.25,21319.25,21311.0,21319.5,21319.25,21299.25,-8.0,-8.5,-9.0,-180.0,10.0,0.5,2.0,2.0,12.5,2024-10-07 18:21:00+00:00,2024-10-07 18:21:00+00:00,2024-10-07 18:23:00+00:00,2024-10-07 18:24:00+00:00,pullback_short_late_09e4d5d84f5e,-1,market,0.0,3,1,8,12,31100.0
624662,624663,624663,624663,closed,target,21276.25,21264.25,21276.0,21264.5,21284.25,21264.25,12.0,11.5,11.0,220.0,10.0,0.5,1.0,1.0,3.25,2024-10-07 18:32:00+00:00,2024-10-07 18:32:00+00:00,2024-10-07 18:33:00+00:00,2024-10-07 18:35:00+00:00,pullback_short_late_09e4d5d84f5e,-1,market,0.0,3,1,8,12,31320.0
624664,624665,624665,624665,closed,stop,21262.25,21270.25,21262.0,21270.5,21270.25,21250.25,-8.0,-8.5,-9.0,-180.0,10.0,0.5,1.0,1.0,12.5,2024-10-07 18:34:00+00:00,2024-10-07 18:34:00+00:00,2024-10-07 18:35:00+00:00,2024-10-07 18:37:00+00:00,pullback_short_late_09e4d5d84f5e,-1,market,0.0,3,1,8,12,31140.0
624666,624667,624667,624667,closed,stop,21248.5,21256.5,21248.25,21256.75,21256.5,21236.5,-8.0,-8.5,-9.0,-180.0,10.0,0.5,1.0,1.0,9.75,2024-10-07 18:36:00+00:00,2024-10-07 18:36:00+00:00,2024-10-07 18:37:00+00:00,2024-10-07 18:39:00+00:00,pullback_short_late_09e4d5d84f5e,-1,market,0.0,3,1,8,12,30960.0
624670,624671,624671,624671,closed,stop,21258.75,21266.75,21258.5,21267.0,21266.75,21246.75,-8.0,-8.5,-9.0,-180.0,10.0,0.5,1.0,1.0,16.25,2024-10-07 18:40:00+00:00,2024-10-07 18:40:00+00:00,2024-10-07 18:41:00+00:00,2024-10-07 18:43:00+00:00,pullback_short_late_09e4d5d84f5e,-1,market,0.0,3,1,8,12,30780.0
624672,624673,624675,624675,closed,target,21269.25,21257.25,21269.0,21257.5,21277.25,21257.25,12.0,11.5,11.0,220.0,10.0,0.5,3.0,3.0,6.0,2024-10-07 18:42:00+00:00,2024-10-07 18:42:00+00:00,2024-10-07 18:45:00+00:00,2024-10-07 18:45:00+00:00,pullback_short_late_09e4d5d84f5e,-1,market,0.0,3,1,8,12,31000.0
624682,624683,624683,624683,closed,stop,21193.25,21201.25,21193.0,21201.5,21201.25,21181.25,-8.0,-8.5,-9.0,-180.0,10.0,0.5,1.0,1.0,19.25,2024-10-07 18:52:00+00:00,2024-10-07 18:52:00+00:00,2024-10-07 18:53:00+00:00,2024-10-07 18:55:00+00:00,pullback_short_late_09e4d5d84f5e,-1,market,0.0,3,1,8,12,30820.0
624684,624685,624687,624687,closed,stop,21197.0,21205.0,21196.75,21205.25,21205.0,21185.0,-8.0,-8.5,-9.0,-180.0,10.0,0.5,3.0,3.0,8.5,2024-10-07 18:54:00+00:00,2024-10-07 18:54:00+00:00,2024-10-07 18:57:00+00:00,2024-10-07 18:57:00+00:00,pullback_short_late_09e4d5d84f5e,-1,market,0.0,3,1,8,12,30640.0
624688,624689,624689,624689,closed,target,21197.25,21185.25,21197.0,21185.5,21205.25,21185.25,12.0,11.5,11.0,220.0,10.0,0.5,1.0,1.0,3.5,2024-10-07 18:58:00+00:00,2024-10-07 18:58:00+00:00,2024-10-07 18:59:00+00:00,2024-10-07 19:01:00+00:00,pullback_short_late_09e4d5d84f5e,-1,market,0.0,3,1,8,12,30860.0
624693,624694,624694,624694,closed,stop,21178.5,21186.5,21178.25,21186.75,21186.5,21166.5,-8.0,-8.5,-9.0,-180.0,10.0,0.5,1.0,1.0,10.5,2024-10-07 19:03:00+00:00,2024-10-07 19:03:00+00:00,2024-10-07 19:04:00+00:00,2024-10-07 19:06:00+00:00,pullback_short_late_09e4d5d84f5e,-1,market,0.0,3,1,8,12,30680.0
624729,624730,624732,624732,closed,timeout,21171.75,21162.0,21171.5,21162.25,21179.75,21159.75,9.75,9.25,8.75,175.0,10.0,0.5,3.0,3.0,7.0,2024-10-07 19:39:00+00:00,2024-10-07 19:39:00+00:00,2024-10-07 19:42:00+00:00,2024-10-07 19:42:00+00:00,pullback_short_late_09e4d5d84f5e,-1,market,0.0,3,1,8,12,30855.0
624732,624733,624733,624733,closed,target,21162.25,21150.25,21162.0,21150.5,21170.25,21150.25,12.0,11.5,11.0,220.0,10.0,0.5,1.0,1.0,3.25,2024-10-07 19:42:00+00:00,2024-10-07 19:42:00+00:00,2024-10-07 19:43:00+00:00,2024-10-07 19:45:00+00:00,pullback_short_late_09e4d5d84f5e,-1,market,0.0,3,1,8,12,31075.0
624738,624739,624739,624739,closed,stop,21158.75,21166.75,21158.5,21167.0,21166.75,21146.75,-8.0,-8.5,-9.0,-180.0,10.0,0.5,1.0,1.0,9.0,2024-10-07 19:48:00+00:00,2024-10-07 19:48:00+00:00,2024-10-07 19:49:00+00:00,2024-10-07 19:51:00+00:00,pullback_short_late_09e4d5d84f5e,-1,market,0.0,3,1,8,12,30895.0
627370,627371,627373,627373,closed,timeout,21604.25,21602.25,21604.0,21602.5,21612.25,21592.25,2.0,1.5,1.0,20.0,10.0,0.5,3.0,3.0,4.75,2024-10-09 18:10:00+00:00,2024-10-09 18:10:00+00:00,2024-10-09 18:13:00+00:00,2024-10-09 18:13:00+00:00,pullback_short_late_09e4d5d84f5e,-1,market,0.0,3,1,8,12,30915.0
627433,627434,627436,627436,closed,stop,21620.75,21628.75,21620.5,21629.0,21628.75,21608.75,-8.0,-8.5,-9.0,-180.0,10.0,0.5,3.0,3.0,12.0,2024-10-09 19:13:00+00:00,2024-10-09 19:13:00+00:00,2024-10-09 19:16:00+00:00,2024-10-09 19:16:00+00:00,pullback_short_late_09e4d5d84f5e,-1,market,0.0,3,1,8,12,30735.0
628726,628727,628728,628728,closed,target,21635.0,21623.0,21634.75,21623.25,21643.0,21623.0,12.0,11.5,11.0,220.0,10.0,0.5,2.0,2.0,3.0,2024-10-10 18:01:00+00:00,2024-10-10 18:01:00+00:00,2024-10-10 18:03:00+00:00,2024-10-10 18:04:00+00:00,pullback_short_late_09e4d5d84f5e,-1,market,0.0,3,1,8,12,30955.0
628744,628745,628746,628746,closed,stop,21610.5,21618.5,21610.25,21618.75,21618.5,21598.5,-8.0,-8.5,-9.0,-180.0,10.0,0.5,2.0,2.0,11.75,2024-10-10 18:19:00+00:00,2024-10-10 18:19:00+00:00,2024-10-10 18:21:00+00:00,2024-10-10 18:22:00+00:00,pullback_short_late_09e4d5d84f5e,-1,market,0.0,3,1,8,12,30775.0
628746,628747,628748,628748,closed,stop,21610.25,21618.25,21610.0,21618.5,21618.25,21598.25,-8.0,-8.5,-9.0,-180.0,10.0,0.5,2.0,2.0,12.25,2024-10-10 18:21:00+00:00,2024-10-10 18:21:00+00:00,2024-10-10 18:23:00+00:00,2024-10-10 18:24:00+00:00,pullback_short_late_09e4d5d84f5e,-1,market,0.0,3,1,8,12,30595.0
628753,628754,628756,628756,closed,timeout,21607.25,21604.5,21607.0,21604.75,21615.25,21595.25,2.75,2.25,1.75,35.0,10.0,0.5,3.0,3.0,3.75,2024-10-10 18:28:00+00:00,2024-10-10 18:28:00+00:00,2024-10-10 18:31:00+00:00,2024-10-10 18:31:00+00:00,pullback_short_late_09e4d5d84f5e,-1,market,0.0,3,1,8,12,30630.0
628762,628763,628765,628765,closed,timeout,21600.25,21601.5,21600.0,21601.75,21608.25,21588.25,-1.25,-1.75,-2.25,-45.0,10.0,0.5,3.0,3.0,5.25,2024-10-10 18:37:00+00:00,2024-10-10 18:37:00+00:00,2024-10-10 18:40:00+00:00,2024-10-10 18:40:00+00:00,pullback_short_late_09e4d5d84f5e,-1,market,0.0,3,1,8,12,30585.0
628767,628768,628769,628769,closed,target,21601.75,21589.75,21601.5,21590.0,21609.75,21589.75,12.0,11.5,11.0,220.0,10.0,0.5,2.0,2.0,1.25,2024-10-10 18:42:00+00:00,2024-10-10 18:42:00+00:00,2024-10-10 18:44:00+00:00,2024-10-10 18:45:00+00:00,pullback_short_late_09e4d5d84f5e,-1,market,0.0,3,1,8,12,30805.0
628793,628794,628796,628796,closed,timeout,21597.25,21599.75,21597.0,21600.0,21605.25,21585.25,-2.5,-3.0,-3.5,-70.0,10.0,0.5,3.0,3.0,7.25,2024-10-10 19:08:00+00:00,2024-10-10 19:08:00+00:00,2024-10-10 19:11:00+00:00,2024-10-10 19:11:00+00:00,pullback_short_late_09e4d5d84f5e,-1,market,0.0,3,1,8,12,30735.0
628798,628799,628800,628800,closed,stop,21594.25,21602.25,21594.0,21602.5,21602.25,21582.25,-8.0,-8.5,-9.0,-180.0,10.0,0.5,2.0,2.0,9.25,2024-10-10 19:13:00+00:00,2024-10-10 19:13:00+00:00,2024-10-10 19:15:00+00:00,2024-10-10 19:16:00+00:00,pullback_short_late_09e4d5d84f5e,-1,market,0.0,3,1,8,12,30555.0
628826,628827,628829,628829,closed,timeout,21600.5,21602.5,21600.25,21602.75,21608.5,21588.5,-2.0,-2.5,-3.0,-60.0,10.0,0.5,3.0,3.0,3.25,2024-10-10 19:41:00+00:00,2024-10-10 19:41:00+00:00,2024-10-10 19:44:00+00:00,2024-10-10 19:44:00+00:00,pullback_short_late_09e4d5d84f5e,-1,market,0.0,3,1,8,12,30495.0
630131,630132,630133,630133,closed,stop,21638.5,21646.5,21638.25,21646.75,21646.5,21626.5,-8.0,-8.5,-9.0,-180.0,10.0,0.5,2.0,2.0,12.0,2024-10-11 18:41:00+00:00,2024-10-11 18:41:00+00:00,2024-10-11 18:43:00+00:00,2024-10-11 18:44:00+00:00,pullback_short_late_09e4d5d84f5e,-1,market,0.0,3,1,8,12,30315.0
630135,630136,630136,630136,closed,stop,21646.75,21654.75,21646.5,21655.0,21654.75,21634.75,-8.0,-8.5,-9.0,-180.0,10.0,0.5,1.0,1.0,10.5,2024-10-11 18:45:00+00:00,2024-10-11 18:45:00+00:00,2024-10-11 18:46:00+00:00,2024-10-11 18:48:00+00:00,pullback_short_late_09e4d5d84f5e,-1,market,0.0,3,1,8,12,30135.0
630186,630187,630189,630189,closed,timeout,21678.25,21673.0,21678.0,21673.25,21686.25,21666.25,5.25,4.75,4.25,85.0,10.0,0.5,3.0,3.0,0.5,2024-10-11 19:36:00+00:00,2024-10-11 19:36:00+00:00,2024-10-11 19:39:00+00:00,2024-10-11 19:39:00+00:00,pullback_short_late_09e4d5d84f5e,-1,market,0.0,3,1,8,12,30220.0
630204,630205,630206,630206,closed,target,21672.75,21660.75,21672.5,21661.0,21680.75,21660.75,12.0,11.5,11.0,220.0,10.0,0.5,2.0,2.0,0.25,2024-10-11 19:54:00+00:00,2024-10-11 19:54:00+00:00,2024-10-11 19:56:00+00:00,2024-10-11 19:57:00+00:00,pullback_short_late_09e4d5d84f5e,-1,market,0.0,3,1,8,12,30440.0
631519,631520,631522,631522,closed,timeout,21822.5,21821.25,21822.25,21821.5,21830.5,21810.5,1.25,0.75,0.25,5.0,10.0,0.5,3.0,3.0,4.0,2024-10-14 19:04:00+00:00,2024-10-14 19:04:00+00:00,2024-10-14 19:07:00+00:00,2024-10-14 19:07:00+00:00,pullback_short_late_09e4d5d84f5e,-1,market,0.0,3,1,8,12,30445.0
631526,631527,631529,631529,closed,timeout,21821.25,21826.5,21821.0,21826.75,21829.25,21809.25,-5.25,-5.75,-6.25,-125.0,10.0,0.5,3.0,3.0,8.0,2024-10-14 19:11:00+00:00,2024-10-14 19:11:00+00:00,2024-10-14 19:14:00+00:00,2024-10-14 19:14:00+00:00,pullback_short_late_09e4d5d84f5e,-1,market,0.0,3,1,8,12,30320.0
632822,632823,632823,632823,closed,stop,21556.0,21564.0,21555.75,21564.25,21564.0,21544.0,-8.0,-8.5,-9.0,-180.0,10.0,0.5,1.0,1.0,19.25,2024-10-15 18:02:00+00:00,2024-10-15 18:02:00+00:00,2024-10-15 18:03:00+00:00,2024-10-15 18:05:00+00:00,pullback_short_late_09e4d5d84f5e,-1,market,0.0,3,1,8,12,30140.0
632826,632827,632829,632829,closed,timeout,21572.0,21562.25,21571.75,21562.5,21580.0,21560.0,9.75,9.25,8.75,175.0,10.0,0.5,3.0,3.0,3.5,2024-10-15 18:06:00+00:00,2024-10-15 18:06:00+00:00,2024-10-15 18:09:00+00:00,2024-10-15 18:09:00+00:00,pullback_short_late_09e4d5d84f5e,-1,market,0.0,3,1,8,12,30315.0
632861,632862,632864,632864,closed,timeout,21556.0,21558.25,21555.75,21558.5,21564.0,21544.0,-2.25,-2.75,-3.25,-65.0,10.0,0.5,3.0,3.0,3.75,2024-10-15 18:41:00+00:00,2024-10-15 18:41:00+00:00,2024-10-15 18:44:00+00:00,2024-10-15 18:44:00+00:00,pullback_short_late_09e4d5d84f5e,-1,market,0.0,3,1,8,12,30250.0
632866,632867,632869,632869,closed,timeout,21554.25,21546.0,21554.0,21546.25,21562.25,21542.25,8.25,7.75,7.25,145.0,10.0,0.5,3.0,3.0,0.5,2024-10-15 18:46:00+00:00,2024-10-15 18:46:00+00:00,2024-10-15 18:49:00+00:00,2024-10-15 18:49:00+00:00,pullback_short_late_09e4d5d84f5e,-1,market,0.0,3,1,8,12,30395.0
632874,632875,632877,632877,closed,target,21549.0,21537.0,21548.75,21537.25,21557.0,21537.0,12.0,11.5,11.0,220.0,10.0,0.5,3.0,3.0,3.0,2024-10-15 18:54:00+00:00,2024-10-15 18:54:00+00:00,2024-10-15 18:57:00+00:00,2024-10-15 18:57:00+00:00,pullback_short_late_09e4d5d84f5e,-1,market,0.0,3,1,8,12,30615.0
632884,632885,632885,632885,closed,target,21512.5,21500.5,21512.25,21500.75,21520.5,21500.5,12.0,11.5,11.0,220.0,10.0,0.5,1.0,1.0,0.75,2024-10-15 19:04:00+00:00,2024-10-15 19:04:00+00:00,2024-10-15 19:05:00+00:00,2024-10-15 19:07:00+00:00,pullback_short_late_09e4d5d84f5e,-1,market,0.0,3,1,8,12,30835.0
632892,632893,632894,632894,closed,target,21491.75,21479.75,21491.5,21480.0,21499.75,21479.75,12.0,11.5,11.0,220.0,10.0,0.5,2.0,2.0,5.75,2024-10-15 19:12:00+00:00,2024-10-15 19:12:00+00:00,2024-10-15 19:14:00+00:00,2024-10-15 19:15:00+00:00,pullback_short_late_09e4d5d84f5e,-1,market,0.0,3,1,8,12,31055.0
632899,632900,632901,632901,closed,stop,21478.75,21486.75,21478.5,21487.0,21486.75,21466.75,-8.0,-8.5,-9.0,-180.0,10.0,0.5,2.0,2.0,13.25,2024-10-15 19:19:00+00:00,2024-10-15 19:19:00+00:00,2024-10-15 19:21:00+00:00,2024-10-15 19:22:00+00:00,pullback_short_late_09e4d5d84f5e,-1,market,0.0,3,1,8,12,30875.0
632903,632904,632904,632904,closed,stop,21494.25,21502.25,21494.0,21502.5,21502.25,21482.25,-8.0,-8.5,-9.0,-180.0,10.0,0.5,1.0,1.0,24.0,2024-10-15 19:23:00+00:00,2024-10-15 19:23:00+00:00,2024-10-15 19:24:00+00:00,2024-10-15 19:26:00+00:00,pullback_short_late_09e4d5d84f5e,-1,market,0.0,3,1,8,12,30695.0
632918,632919,632919,632919,closed,stop,21464.75,21472.75,21464.5,21473.0,21472.75,21452.75,-8.0,-8.5,-9.0,-180.0,10.0,0.5,1.0,1.0,17.75,2024-10-15 19:38:00+00:00,2024-10-15 19:38:00+00:00,2024-10-15 19:39:00+00:00,2024-10-15 19:41:00+00:00,pullback_short_late_09e4d5d84f5e,-1,market,0.0,3,1,8,12,30515.0
632924,632925,632927,632927,closed,stop,21497.75,21505.75,21497.5,21506.0,21505.75,21485.75,-8.0,-8.5,-9.0,-180.0,10.0,0.5,3.0,3.0,8.75,2024-10-15 19:44:00+00:00,2024-10-15 19:44:00+00:00,2024-10-15 19:47:00+00:00,2024-10-15 19:47:00+00:00,pullback_short_late_09e4d5d84f5e,-1,market,0.0,3,1,8,12,30335.0
634236,634237,634239,634239,closed,stop,21559.25,21567.25,21559.0,21567.5,21567.25,21547.25,-8.0,-8.5,-9.0,-180.0,10.0,0.5,3.0,3.0,10.0,2024-10-16 18:51:00+00:00,2024-10-16 18:51:00+00:00,2024-10-16 18:54:00+00:00,2024-10-16 18:54:00+00:00,pullback_short_late_09e4d5d84f5e,-1,market,0.0,3,1,8,12,30155.0
634262,634263,634265,634265,closed,timeout,21560.25,21556.5,21560.0,21556.75,21568.25,21548.25,3.75,3.25,2.75,55.0,10.0,0.5,3.0,3.0,2.0,2024-10-16 19:17:00+00:00,2024-10-16 19:17:00+00:00,2024-10-16 19:20:00+00:00,2024-10-16 19:20:00+00:00,pullback_short_late_09e4d5d84f5e,-1,market,0.0,3,1,8,12,30210.0
634274,634275,634277,634277,closed,timeout,21544.0,21542.75,21543.75,21543.0,21552.0,21532.0,1.25,0.75,0.25,5.0,10.0,0.5,3.0,3.0,4.5,2024-10-16 19:29:00+00:00,2024-10-16 19:29:00+00:00,2024-10-16 19:32:00+00:00,2024-10-16 19:32:00+00:00,pullback_short_late_09e4d5d84f5e,-1,market,0.0,3,1,8,12,30215.0
634281,634282,634284,634284,closed,timeout,21543.5,21540.75,21543.25,21541.0,21551.5,21531.5,2.75,2.25,1.75,35.0,10.0,0.5,3.0,3.0,4.75,2024-10-16 19:36:00+00:00,2024-10-16 19:36:00+00:00,2024-10-16 19:39:00+00:00,2024-10-16 19:39:00+00:00,pullback_short_late_09e4d5d84f5e,-1,market,0.0,3,1,8,12,30250.0
635554,635555,635555,635555,closed,target,21643.5,21631.5,21643.25,21631.75,21651.5,21631.5,12.0,11.5,11.0,220.0,10.0,0.5,1.0,1.0,1.25,2024-10-17 18:05:00+00:00,2024-10-17 18:05:00+00:00,2024-10-17 18:06:00+00:00,2024-10-17 18:08:00+00:00,pullback_short_late_09e4d5d84f5e,-1,market,0.0,3,1,8,12,30470.0
635565,635566,635568,635568,closed,target,21609.25,21597.25,21609.0,21597.5,21617.25,21597.25,12.0,11.5,11.0,220.0,10.0,0.5,3.0,3.0,7.75,2024-10-17 18:16:00+00:00,2024-10-17 18:16:00+00:00,2024-10-17 18:19:00+00:00,2024-10-17 18:19:00+00:00,pullback_short_late_09e4d5d84f5e,-1,market,0.0,3,1,8,12,30690.0
635578,635579,635581,635581,closed,stop,21589.5,21597.5,21589.25,21597.75,21597.5,21577.5,-8.0,-8.5,-9.0,-180.0,10.0,0.5,3.0,3.0,8.75,2024-10-17 18:29:00+00:00,2024-10-17 18:29:00+00:00,2024-10-17 18:32:00+00:00,2024-10-17 18:32:00+00:00,pullback_short_late_09e4d5d84f5e,-1,market,0.0,3,1,8,12,30510.0
635591,635592,635592,635592,closed,stop,21580.0,21588.0,21579.75,21588.25,21588.0,21568.0,-8.0,-8.5,-9.0,-180.0,10.0,0.5,1.0,1.0,12.0,2024-10-17 18:42:00+00:00,2024-10-17 18:42:00+00:00,2024-10-17 18:43:00+00:00,2024-10-17 18:45:00+00:00,pullback_short_late_09e4d5d84f5e,-1,market,0.0,3,1,8,12,30330.0
635642,635643,635644,635644,closed,stop,21573.5,21581.5,21573.25,21581.75,21581.5,21561.5,-8.0,-8.5,-9.0,-180.0,10.0,0.5,2.0,2.0,14.25,2024-10-17 19:33:00+00:00,2024-10-17 19:33:00+00:00,2024-10-17 19:35:00+00:00,2024-10-17 19:36:00+00:00,pullback_short_late_09e4d5d84f5e,-1,market,0.0,3,1,8,12,30150.0
635646,635647,635647,635647,closed,stop,21577.75,21585.75,21577.5,21586.0,21585.75,21565.75,-8.0,-8.5,-9.0,-180.0,10.0,0.5,1.0,1.0,9.75,2024-10-17 19:37:00+00:00,2024-10-17 19:37:00+00:00,2024-10-17 19:38:00+00:00,2024-10-17 19:40:00+00:00,pullback_short_late_09e4d5d84f5e,-1,market,0.0,3,1,8,12,29970.0
635652,635653,635653,635653,closed,stop,21564.0,21572.0,21563.75,21572.25,21572.0,21552.0,-8.0,-8.5,-9.0,-180.0,10.0,0.5,1.0,1.0,10.75,2024-10-17 19:43:00+00:00,2024-10-17 19:43:00+00:00,2024-10-17 19:44:00+00:00,2024-10-17 19:46:00+00:00,pullback_short_late_09e4d5d84f5e,-1,market,0.0,3,1,8,12,29790.0
635655,635656,635658,635658,closed,timeout,21576.25,21571.25,21576.0,21571.5,21584.25,21564.25,5.0,4.5,4.0,80.0,10.0,0.5,3.0,3.0,4.5,2024-10-17 19:46:00+00:00,2024-10-17 19:46:00+00:00,2024-10-17 19:49:00+00:00,2024-10-17 19:49:00+00:00,pullback_short_late_09e4d5d84f5e,-1,market,0.0,3,1,8,12,29870.0
635665,635666,635668,635668,closed,timeout,21569.5,21563.75,21569.25,21564.0,21577.5,21557.5,5.75,5.25,4.75,95.0,10.0,0.5,3.0,3.0,2.0,2024-10-17 19:56:00+00:00,2024-10-17 19:56:00+00:00,2024-10-17 19:59:00+00:00,2024-10-17 19:59:00+00:00,pullback_short_late_09e4d5d84f5e,-1,market,0.0,3,1,8,12,29965.0
636914,636915,636916,636916,closed,target,21683.75,21671.75,21683.5,21672.0,21691.75,21671.75,12.0,11.5,11.0,220.0,10.0,0.5,2.0,2.0,1.75,2024-10-18 18:00:00+00:00,2024-10-18 18:00:00+00:00,2024-10-18 18:02:00+00:00,2024-10-18 18:03:00+00:00,pullback_short_late_09e4d5d84f5e,-1,market,0.0,3,1,8,12,30185.0
636917,636918,636918,636918,closed,stop,21671.5,21679.5,21671.25,21679.75,21679.5,21659.5,-8.0,-8.5,-9.0,-180.0,10.0,0.5,1.0,1.0,9.0,2024-10-18 18:03:00+00:00,2024-10-18 18:03:00+00:00,2024-10-18 18:04:00+00:00,2024-10-18 18:06:00+00:00,pullback_short_late_09e4d5d84f5e,-1,market,0.0,3,1,8,12,30005.0
636921,636922,636924,636924,closed,timeout,21681.5,21685.5,21681.25,21685.75,21689.5,21669.5,-4.0,-4.5,-5.0,-100.0,10.0,0.5,3.0,3.0,5.5,2024-10-18 18:07:00+00:00,2024-10-18 18:07:00+00:00,2024-10-18 18:10:00+00:00,2024-10-18 18:10:00+00:00,pullback_short_late_09e4d5d84f5e,-1,market,0.0,3,1,8,12,29905.0
636952,636953,636955,636955,closed,timeout,21692.75,21687.5,21692.5,21687.75,21700.75,21680.75,5.25,4.75,4.25,85.0,10.0,0.5,3.0,3.0,2.75,2024-10-18 18:38:00+00:00,2024-10-18 18:38:00+00:00,2024-10-18 18:41:00+00:00,2024-10-18 18:41:00+00:00,pullback_short_late_09e4d5d84f5e,-1,market,0.0,3,1,8,12,29990.0
636960,636961,636963,636963,closed,timeout,21691.0,21694.0,21690.75,21694.25,21699.0,21679.0,-3.0,-3.5,-4.0,-80.0,10.0,0.5,3.0,3.0,4.75,2024-10-18 18:46:00+00:00,2024-10-18 18:46:00+00:00,2024-10-18 18:49:00+00:00,2024-10-18 18:49:00+00:00,pullback_short_late_09e4d5d84f5e,-1,market,0.0,3,1,8,12,29910.0
636981,636982,636984,636984,closed,stop,21675.0,21683.0,21674.75,21683.25,21683.0,21663.0,-8.0,-8.5,-9.0,-180.0,10.0,0.5,3.0,3.0,9.0,2024-10-18 19:07:00+00:00,2024-10-18 19:07:00+00:00,2024-10-18 19:10:00+00:00,2024-10-18 19:10:00+00:00,pullback_short_late_09e4d5d84f5e,-1,market,0.0,3,1,8,12,29730.0
636985,636986,636988,636988,closed,timeout,21679.25,21682.75,21679.0,21683.0,21687.25,21667.25,-3.5,-4.0,-4.5,-90.0,10.0,0.5,3.0,3.0,4.25,2024-10-18 19:11:00+00:00,2024-10-18 19:11:00+00:00,2024-10-18 19:14:00+00:00,2024-10-18 19:14:00+00:00,pullback_short_late_09e4d5d84f5e,-1,market,0.0,3,1,8,12,29640.0
636991,636992,636994,636994,closed,timeout,21681.0,21681.5,21680.75,21681.75,21689.0,21669.0,-0.5,-1.0,-1.5,-30.0,10.0,0.5,3.0,3.0,2.5,2024-10-18 19:17:00+00:00,2024-10-18 19:17:00+00:00,2024-10-18 19:20:00+00:00,2024-10-18 19:20:00+00:00,pullback_short_late_09e4d5d84f5e,-1,market,0.0,3,1,8,12,29610.0
636995,636996,636998,636998,closed,timeout,21680.5,21678.75,21680.25,21679.0,21688.5,21668.5,1.75,1.25,0.75,15.0,10.0,0.5,3.0,3.0,4.75,2024-10-18 19:21:00+00:00,2024-10-18 19:21:00+00:00,2024-10-18 19:24:00+00:00,2024-10-18 19:24:00+00:00,pullback_short_late_09e4d5d84f5e,-1,market,0.0,3,1,8,12,29625.0
637019,637020,637022,637022,closed,timeout,21671.25,21671.25,21671.0,21671.5,21679.25,21659.25,-0.0,-0.5,-1.0,-20.0,10.0,0.5,3.0,3.0,4.75,2024-10-18 19:45:00+00:00,2024-10-18 19:45:00+00:00,2024-10-18 19:48:00+00:00,2024-10-18 19:48:00+00:00,pullback_short_late_09e4d5d84f5e,-1,market,0.0,3,1,8,12,29605.0
637022,637023,637025,637025,closed,target,21671.5,21659.5,21671.25,21659.75,21679.5,21659.5,12.0,11.5,11.0,220.0,10.0,0.5,3.0,3.0,6.25,2024-10-18 19:48:00+00:00,2024-10-18 19:48:00+00:00,2024-10-18 19:51:00+00:00,2024-10-18 19:51:00+00:00,pullback_short_late_09e4d5d84f5e,-1,market,0.0,3,1,8,12,29825.0
637028,637029,637029,637029,closed,stop,21661.5,21669.5,21661.25,21669.75,21669.5,21649.5,-8.0,-8.5,-9.0,-180.0,10.0,0.5,1.0,1.0,18.5,2024-10-18 19:54:00+00:00,2024-10-18 19:54:00+00:00,2024-10-18 19:55:00+00:00,2024-10-18 19:57:00+00:00,pullback_short_late_09e4d5d84f5e,-1,market,0.0,3,1,8,12,29645.0
638294,638295,638296,638296,closed,stop,21680.75,21688.75,21680.5,21689.0,21688.75,21668.75,-8.0,-8.5,-9.0,-180.0,10.0,0.5,2.0,2.0,9.25,2024-10-21 18:15:00+00:00,2024-10-21 18:15:00+00:00,2024-10-21 18:17:00+00:00,2024-10-21 18:18:00+00:00,pullback_short_late_09e4d5d84f5e,-1,market,0.0,3,1,8,12,29465.0
638314,638315,638317,638317,closed,timeout,21671.25,21666.5,21671.0,21666.75,21679.25,21659.25,4.75,4.25,3.75,75.0,10.0,0.5,3.0,3.0,6.5,2024-10-21 18:35:00+00:00,2024-10-21 18:35:00+00:00,2024-10-21 18:38:00+00:00,2024-10-21 18:38:00+00:00,pullback_short_late_09e4d5d84f5e,-1,market,0.0,3,1,8,12,29540.0
638317,638318,638320,638320,closed,timeout,21666.25,21664.25,21666.0,21664.5,21674.25,21654.25,2.0,1.5,1.0,20.0,10.0,0.5,3.0,3.0,3.75,2024-10-21 18:38:00+00:00,2024-10-21 18:38:00+00:00,2024-10-21 18:41:00+00:00,2024-10-21 18:41:00+00:00,pullback_short_late_09e4d5d84f5e,-1,market,0.0,3,1,8,12,29560.0
638327,638328,638328,638328,closed,stop,21656.25,21664.25,21656.0,21664.5,21664.25,21644.25,-8.0,-8.5,-9.0,-180.0,10.0,0.5,1.0,1.0,9.5,2024-10-21 18:48:00+00:00,2024-10-21 18:48:00+00:00,2024-10-21 18:49:00+00:00,2024-10-21 18:51:00+00:00,pullback_short_late_09e4d5d84f5e,-1,market,0.0,3,1,8,12,29380.0
638337,638338,638340,638340,closed,timeout,21659.25,21654.0,21659.0,21654.25,21667.25,21647.25,5.25,4.75,4.25,85.0,10.0,0.5,3.0,3.0,1.75,2024-10-21 18:58:00+00:00,2024-10-21 18:58:00+00:00,2024-10-21 19:01:00+00:00,2024-10-21 19:01:00+00:00,pullback_short_late_09e4d5d84f5e,-1,market,0.0,3,1,8,12,29465.0
638340,638341,638343,638343,closed,timeout,21654.75,21653.0,21654.5,21653.25,21662.75,21642.75,1.75,1.25,0.75,15.0,10.0,0.5,3.0,3.0,4.75,2024-10-21 19:01:00+00:00,2024-10-21 19:01:00+00:00,2024-10-21 19:04:00+00:00,2024-10-21 19:04:00+00:00,pullback_short_late_09e4d5d84f5e,-1,market,0.0,3,1,8,12,29480.0
638347,638348,638348,638348,closed,stop,21649.5,21657.5,21649.25,21657.75,21657.5,21637.5,-8.0,-8.5,-9.0,-180.0,10.0,0.5,1.0,1.0,9.0,2024-10-21 19:08:00+00:00,2024-10-21 19:08:00+00:00,2024-10-21 19:09:00+00:00,2024-10-21 19:11:00+00:00,pullback_short_late_09e4d5d84f5e,-1,market,0.0,3,1,8,12,29300.0
638382,638383,638385,638385,closed,stop,21665.5,21673.5,21665.25,21673.75,21673.5,21653.5,-8.0,-8.5,-9.0,-180.0,10.0,0.5,3.0,3.0,9.25,2024-10-21 19:43:00+00:00,2024-10-21 19:43:00+00:00,2024-10-21 19:46:00+00:00,2024-10-21 19:46:00+00:00,pullback_short_late_09e4d5d84f5e,-1,market,0.0,3,1,8,12,29120.0
639662,639663,639665,639665,closed,target,21754.25,21742.25,21754.0,21742.5,21762.25,21742.25,12.0,11.5,11.0,220.0,10.0,0.5,3.0,3.0,1.25,2024-10-22 18:19:00+00:00,2024-10-22 18:19:00+00:00,2024-10-22 18:22:00+00:00,2024-10-22 18:22:00+00:00,pullback_short_late_09e4d5d84f5e,-1,market,0.0,3,1,8,12,29340.0
639669,639670,639672,639672,closed,timeout,21751.0,21750.25,21750.75,21750.5,21759.0,21739.0,0.75,0.25,-0.25,-5.0,10.0,0.5,3.0,3.0,3.75,2024-10-22 18:26:00+00:00,2024-10-22 18:26:00+00:00,2024-10-22 18:29:00+00:00,2024-10-22 18:29:00+00:00,pullback_short_late_09e4d5d84f5e,-1,market,0.0,3,1,8,12,29335.0
639681,639682,639684,639684,closed,timeout,21744.75,21746.0,21744.5,21746.25,21752.75,21732.75,-1.25,-1.75,-2.25,-45.0,10.0,0.5,3.0,3.0,4.0,2024-10-22 18:38:00+00:00,2024-10-22 18:38:00+00:00,2024-10-22 18:41:00+00:00,2024-10-22 18:41:00+00:00,pullback_short_late_09e4d5d84f5e,-1,market,0.0,3,1,8,12,29290.0
639690,639691,639693,639693,closed,timeout,21743.5,21740.25,21743.25,21740.5,21751.5,21731.5,3.25,2.75,2.25,45.0,10.0,0.5,3.0,3.0,3.0,2024-10-22 18:47:00+00:00,2024-10-22 18:47:00+00:00,2024-10-22 18:50:00+00:00,2024-10-22 18:50:00+00:00,pullback_short_late_09e4d5d84f5e,-1,market,0.0,3,1,8,12,29335.0
641019,641020,641021,641021,closed,target,21307.25,21295.25,21307.0,21295.5,21315.25,21295.25,12.0,11.5,11.0,220.0,10.0,0.5,2.0,2.0,2.75,2024-10-23 18:11:00+00:00,2024-10-23 18:11:00+00:00,2024-10-23 18:13:00+00:00,2024-10-23 18:14:00+00:00,pullback_short_late_09e4d5d84f5e,-1,market,0.0,3,1,8,12,29555.0
641083,641084,641084,641084,closed,stop,21355.75,21363.75,21355.5,21364.0,21363.75,21343.75,-8.0,-8.5,-9.0,-180.0,10.0,0.5,1.0,1.0,12.5,2024-10-23 19:15:00+00:00,2024-10-23 19:15:00+00:00,2024-10-23 19:16:00+00:00,2024-10-23 19:18:00+00:00,pullback_short_late_09e4d5d84f5e,-1,market,0.0,3,1,8,12,29375.0
642412,642413,642414,642414,closed,target,21553.75,21541.75,21553.5,21542.0,21561.75,21541.75,12.0,11.5,11.0,220.0,10.0,0.5,2.0,2.0,3.5,2024-10-24 18:39:00+00:00,2024-10-24 18:39:00+00:00,2024-10-24 18:41:00+00:00,2024-10-24 18:42:00+00:00,pullback_short_late_09e4d5d84f5e,-1,market,0.0,3,1,8,12,29595.0
642419,642420,642422,642422,closed,timeout,21553.0,21559.25,21552.75,21559.5,21561.0,21541.0,-6.25,-6.75,-7.25,-145.0,10.0,0.5,3.0,3.0,7.5,2024-10-24 18:46:00+00:00,2024-10-24 18:46:00+00:00,2024-10-24 18:49:00+00:00,2024-10-24 18:49:00+00:00,pullback_short_late_09e4d5d84f5e,-1,market,0.0,3,1,8,12,29450.0
643745,643746,643746,643746,closed,stop,21685.0,21693.0,21684.75,21693.25,21693.0,21673.0,-8.0,-8.5,-9.0,-180.0,10.0,0.5,1.0,1.0,19.0,2024-10-25 18:07:00+00:00,2024-10-25 18:07:00+00:00,2024-10-25 18:08:00+00:00,2024-10-25 18:10:00+00:00,pullback_short_late_09e4d5d84f5e,-1,market,0.0,3,1,8,12,29270.0
643755,643756,643757,643757,closed,stop,21691.5,21699.5,21691.25,21699.75,21699.5,21679.5,-8.0,-8.5,-9.0,-180.0,10.0,0.5,2.0,2.0,11.25,2024-10-25 18:17:00+00:00,2024-10-25 18:17:00+00:00,2024-10-25 18:19:00+00:00,2024-10-25 18:20:00+00:00,pullback_short_late_09e4d5d84f5e,-1,market,0.0,3,1,8,12,29090.0
643760,643761,643763,643763,closed,stop,21696.0,21704.0,21695.75,21704.25,21704.0,21684.0,-8.0,-8.5,-9.0,-180.0,10.0,0.5,3.0,3.0,11.25,2024-10-25 18:22:00+00:00,2024-10-25 18:22:00+00:00,2024-10-25 18:25:00+00:00,2024-10-25 18:25:00+00:00,pullback_short_late_09e4d5d84f5e,-1,market,0.0,3,1,8,12,28910.0
643763,643764,643764,643764,closed,stop,21697.0,21705.0,21696.75,21705.25,21705.0,21685.0,-8.0,-8.5,-9.0,-180.0,10.0,0.5,1.0,1.0,16.25,2024-10-25 18:25:00+00:00,2024-10-25 18:25:00+00:00,2024-10-25 18:26:00+00:00,2024-10-25 18:28:00+00:00,pullback_short_late_09e4d5d84f5e,-1,market,0.0,3,1,8,12,28730.0
643815,643816,643817,643817,closed,stop,21711.5,21719.5,21711.25,21719.75,21719.5,21699.5,-8.0,-8.5,-9.0,-180.0,10.0,0.5,2.0,2.0,13.5,2024-10-25 19:17:00+00:00,2024-10-25 19:17:00+00:00,2024-10-25 19:19:00+00:00,2024-10-25 19:20:00+00:00,pullback_short_late_09e4d5d84f5e,-1,market,0.0,3,1,8,12,28550.0
643818,643819,643820,643820,closed,stop,21706.25,21714.25,21706.0,21714.5,21714.25,21694.25,-8.0,-8.5,-9.0,-180.0,10.0,0.5,2.0,2.0,8.75,2024-10-25 19:20:00+00:00,2024-10-25 19:20:00+00:00,2024-10-25 19:22:00+00:00,2024-10-25 19:23:00+00:00,pullback_short_late_09e4d5d84f5e,-1,market,0.0,3,1,8,12,28370.0
643821,643822,643822,643822,closed,target,21708.5,21696.5,21708.25,21696.75,21716.5,21696.5,12.0,11.5,11.0,220.0,10.0,0.5,1.0,1.0,0.25,2024-10-25 19:23:00+00:00,2024-10-25 19:23:00+00:00,2024-10-25 19:24:00+00:00,2024-10-25 19:26:00+00:00,pullback_short_late_09e4d5d84f5e,-1,market,0.0,3,1,8,12,28590.0
643826,643827,643828,643828,closed,stop,21703.5,21711.5,21703.25,21711.75,21711.5,21691.5,-8.0,-8.5,-9.0,-180.0,10.0,0.5,2.0,2.0,12.25,2024-10-25 19:28:00+00:00,2024-10-25 19:28:00+00:00,2024-10-25 19:30:00+00:00,2024-10-25 19:31:00+00:00,pullback_short_late_09e4d5d84f5e,-1,market,0.0,3,1,8,12,28410.0
643829,643830,643831,643831,closed,stop,21709.25,21717.25,21709.0,21717.5,21717.25,21697.25,-8.0,-8.5,-9.0,-180.0,10.0,0.5,2.0,2.0,11.5,2024-10-25 19:31:00+00:00,2024-10-25 19:31:00+00:00,2024-10-25 19:33:00+00:00,2024-10-25 19:34:00+00:00,pullback_short_late_09e4d5d84f5e,-1,market,0.0,3,1,8,12,28230.0
643855,643856,643858,643858,closed,stop,21689.5,21697.5,21689.25,21697.75,21697.5,21677.5,-8.0,-8.5,-9.0,-180.0,10.0,0.5,3.0,3.0,14.5,2024-10-25 19:57:00+00:00,2024-10-25 19:57:00+00:00,2024-10-25 20:00:00+00:00,2024-10-25 20:00:00+00:00,pullback_short_late_09e4d5d84f5e,-1,market,0.0,3,1,8,12,28050.0
645124,645125,645127,645127,closed,timeout,21731.0,21728.0,21730.75,21728.25,21739.0,21719.0,3.0,2.5,2.0,40.0,10.0,0.5,3.0,3.0,5.25,2024-10-28 18:21:00+00:00,2024-10-28 18:21:00+00:00,2024-10-28 18:24:00+00:00,2024-10-28 18:24:00+00:00,pullback_short_late_09e4d5d84f5e,-1,market,0.0,3,1,8,12,28090.0
645131,645132,645134,645134,closed,timeout,21736.0,21731.0,21735.75,21731.25,21744.0,21724.0,5.0,4.5,4.0,80.0,10.0,0.5,3.0,3.0,4.75,2024-10-28 18:28:00+00:00,2024-10-28 18:28:00+00:00,2024-10-28 18:31:00+00:00,2024-10-28 18:31:00+00:00,pullback_short_late_09e4d5d84f5e,-1,market,0.0,3,1,8,12,28170.0
645176,645177,645179,645179,closed,timeout,21715.75,21719.75,21715.5,21720.0,21723.75,21703.75,-4.0,-4.5,-5.0,-100.0,10.0,0.5,3.0,3.0,7.25,2024-10-28 19:13:00+00:00,2024-10-28 19:13:00+00:00,2024-10-28 19:16:00+00:00,2024-10-28 19:16:00+00:00,pullback_short_late_09e4d5d84f5e,-1,market,0.0,3,1,8,12,28070.0
646533,646534,646536,646536,closed,stop,21896.0,21904.0,21895.75,21904.25,21904.0,21884.0,-8.0,-8.5,-9.0,-180.0,10.0,0.5,3.0,3.0,9.25,2024-10-29 19:05:00+00:00,2024-10-29 19:05:00+00:00,2024-10-29 19:08:00+00:00,2024-10-29 19:08:00+00:00,pullback_short_late_09e4d5d84f5e,-1,market,0.0,3,1,8,12,27890.0
646582,646583,646583,646583,closed,target,21918.75,21906.75,21918.5,21907.0,21926.75,21906.75,12.0,11.5,11.0,220.0,10.0,0.5,1.0,1.0,1.5,2024-10-29 19:54:00+00:00,2024-10-29 19:54:00+00:00,2024-10-29 19:55:00+00:00,2024-10-29 19:57:00+00:00,pullback_short_late_09e4d5d84f5e,-1,market,0.0,3,1,8,12,28110.0
647865,647866,647866,647866,closed,stop,21797.25,21805.25,21797.0,21805.5,21805.25,21785.25,-8.0,-8.5,-9.0,-180.0,10.0,0.5,1.0,1.0,8.25,2024-10-30 18:32:00+00:00,2024-10-30 18:32:00+00:00,2024-10-30 18:33:00+00:00,2024-10-30 18:35:00+00:00,pullback_short_late_09e4d5d84f5e,-1,market,0.0,3,1,8,12,27930.0
647905,647906,647906,647906,closed,stop,21786.5,21794.5,21786.25,21794.75,21794.5,21774.5,-8.0,-8.5,-9.0,-180.0,10.0,0.5,1.0,1.0,10.0,2024-10-30 19:12:00+00:00,2024-10-30 19:12:00+00:00,2024-10-30 19:13:00+00:00,2024-10-30 19:15:00+00:00,pullback_short_late_09e4d5d84f5e,-1,market,0.0,3,1,8,12,27750.0
647923,647924,647926,647926,closed,timeout,21769.5,21771.0,21769.25,21771.25,21777.5,21757.5,-1.5,-2.0,-2.5,-50.0,10.0,0.5,3.0,3.0,6.5,2024-10-30 19:30:00+00:00,2024-10-30 19:30:00+00:00,2024-10-30 19:33:00+00:00,2024-10-30 19:33:00+00:00,pullback_short_late_09e4d5d84f5e,-1,market,0.0,3,1,8,12,27700.0
647926,647927,647928,647928,closed,target,21771.75,21759.75,21771.5,21760.0,21779.75,21759.75,12.0,11.5,11.0,220.0,10.0,0.5,2.0,2.0,2.25,2024-10-30 19:33:00+00:00,2024-10-30 19:33:00+00:00,2024-10-30 19:35:00+00:00,2024-10-30 19:36:00+00:00,pullback_short_late_09e4d5d84f5e,-1,market,0.0,3,1,8,12,27920.0
647941,647942,647944,647944,closed,timeout,21763.75,21764.75,21763.5,21765.0,21771.75,21751.75,-1.0,-1.5,-2.0,-40.0,10.0,0.5,3.0,3.0,6.25,2024-10-30 19:48:00+00:00,2024-10-30 19:48:00+00:00,2024-10-30 19:51:00+00:00,2024-10-30 19:51:00+00:00,pullback_short_late_09e4d5d84f5e,-1,market,0.0,3,1,8,12,27880.0
647951,647952,647953,647953,closed,stop,21721.5,21729.5,21721.25,21729.75,21729.5,21709.5,-8.0,-8.5,-9.0,-180.0,10.0,0.5,2.0,2.0,20.25,2024-10-30 19:58:00+00:00,2024-10-30 19:58:00+00:00,2024-10-30 20:00:00+00:00,2024-10-30 20:01:00+00:00,pullback_short_late_09e4d5d84f5e,-1,market,0.0,3,1,8,12,27700.0
649297,649298,649298,649298,closed,stop,21270.5,21278.5,21270.25,21278.75,21278.5,21258.5,-8.0,-8.5,-9.0,-180.0,10.0,0.5,1.0,1.0,9.25,2024-10-31 19:39:00+00:00,2024-10-31 19:39:00+00:00,2024-10-31 19:40:00+00:00,2024-10-31 19:42:00+00:00,pullback_short_late_09e4d5d84f5e,-1,market,0.0,3,1,8,12,27520.0
649299,649300,649300,649300,closed,stop,21265.5,21273.5,21265.25,21273.75,21273.5,21253.5,-8.0,-8.5,-9.0,-180.0,10.0,0.5,1.0,1.0,12.0,2024-10-31 19:41:00+00:00,2024-10-31 19:41:00+00:00,2024-10-31 19:42:00+00:00,2024-10-31 19:44:00+00:00,pullback_short_late_09e4d5d84f5e,-1,market,0.0,3,1,8,12,27340.0
650566,650567,650567,650567,closed,stop,21358.0,21366.0,21357.75,21366.25,21366.0,21346.0,-8.0,-8.5,-9.0,-180.0,10.0,0.5,1.0,1.0,8.5,2024-11-01 18:03:00+00:00,2024-11-01 18:03:00+00:00,2024-11-01 18:04:00+00:00,2024-11-01 18:06:00+00:00,pullback_short_late_09e4d5d84f5e,-1,market,0.0,3,1,8,12,27160.0
650612,650613,650614,650614,closed,stop,21355.25,21363.25,21355.0,21363.5,21363.25,21343.25,-8.0,-8.5,-9.0,-180.0,10.0,0.5,2.0,2.0,13.0,2024-11-01 18:49:00+00:00,2024-11-01 18:49:00+00:00,2024-11-01 18:51:00+00:00,2024-11-01 18:52:00+00:00,pullback_short_late_09e4d5d84f5e,-1,market,0.0,3,1,8,12,26980.0
650657,650658,650660,650660,closed,timeout,21361.75,21356.5,21361.5,21356.75,21369.75,21349.75,5.25,4.75,4.25,85.0,10.0,0.5,3.0,3.0,3.75,2024-11-01 19:34:00+00:00,2024-11-01 19:34:00+00:00,2024-11-01 19:37:00+00:00,2024-11-01 19:37:00+00:00,pullback_short_late_09e4d5d84f5e,-1,market,0.0,3,1,8,12,27065.0
650668,650669,650670,650670,closed,stop,21366.25,21374.25,21366.0,21374.5,21374.25,21354.25,-8.0,-8.5,-9.0,-180.0,10.0,0.5,2.0,2.0,8.75,2024-11-01 19:45:00+00:00,2024-11-01 19:45:00+00:00,2024-11-01 19:47:00+00:00,2024-11-01 19:48:00+00:00,pullback_short_late_09e4d5d84f5e,-1,market,0.0,3,1,8,12,26885.0
650677,650678,650678,650678,closed,stop,21329.0,21337.0,21328.75,21337.25,21337.0,21317.0,-8.0,-8.5,-9.0,-180.0,10.0,0.5,1.0,1.0,35.75,2024-11-01 19:54:00+00:00,2024-11-01 19:54:00+00:00,2024-11-01 19:55:00+00:00,2024-11-01 19:57:00+00:00,pullback_short_late_09e4d5d84f5e,-1,market,0.0,3,1,8,12,26705.0
651933,651934,651934,651934,closed,stop,21347.25,21355.25,21347.0,21355.5,21355.25,21335.25,-8.0,-8.5,-9.0,-180.0,10.0,0.5,1.0,1.0,8.75,2024-11-04 19:05:00+00:00,2024-11-04 19:05:00+00:00,2024-11-04 19:06:00+00:00,2024-11-04 19:08:00+00:00,pullback_short_late_09e4d5d84f5e,-1,market,0.0,3,1,8,12,26525.0
651938,651939,651941,651941,closed,timeout,21350.5,21352.0,21350.25,21352.25,21358.5,21338.5,-1.5,-2.0,-2.5,-50.0,10.0,0.5,3.0,3.0,4.75,2024-11-04 19:10:00+00:00,2024-11-04 19:10:00+00:00,2024-11-04 19:13:00+00:00,2024-11-04 19:13:00+00:00,pullback_short_late_09e4d5d84f5e,-1,market,0.0,3,1,8,12,26475.0
651956,651957,651958,651958,closed,target,21345.25,21333.25,21345.0,21333.5,21353.25,21333.25,12.0,11.5,11.0,220.0,10.0,0.5,2.0,2.0,0.25,2024-11-04 19:28:00+00:00,2024-11-04 19:28:00+00:00,2024-11-04 19:30:00+00:00,2024-11-04 19:31:00+00:00,pullback_short_late_09e4d5d84f5e,-1,market,0.0,3,1,8,12,26695.0
651963,651964,651964,651964,closed,stop,21348.75,21356.75,21348.5,21357.0,21356.75,21336.75,-8.0,-8.5,-9.0,-180.0,10.0,0.5,1.0,1.0,10.0,2024-11-04 19:35:00+00:00,2024-11-04 19:35:00+00:00,2024-11-04 19:36:00+00:00,2024-11-04 19:38:00+00:00,pullback_short_late_09e4d5d84f5e,-1,market,0.0,3,1,8,12,26515.0
651982,651983,651985,651985,closed,timeout,21338.75,21335.75,21338.5,21336.0,21346.75,21326.75,3.0,2.5,2.0,40.0,10.0,0.5,3.0,3.0,3.25,2024-11-04 19:54:00+00:00,2024-11-04 19:54:00+00:00,2024-11-04 19:57:00+00:00,2024-11-04 19:57:00+00:00,pullback_short_late_09e4d5d84f5e,-1,market,0.0,3,1,8,12,26555.0
651990,651991,651993,651993,closed,timeout,21333.25,21325.5,21333.0,21325.75,21341.25,21321.25,7.75,7.25,6.75,135.0,10.0,0.5,3.0,3.0,0.75,2024-11-04 20:02:00+00:00,2024-11-04 20:02:00+00:00,2024-11-04 20:05:00+00:00,2024-11-04 20:05:00+00:00,pullback_short_late_09e4d5d84f5e,-1,market,0.0,3,1,8,12,26690.0
651998,651999,652001,652001,closed,timeout,21326.5,21321.75,21326.25,21322.0,21334.5,21314.5,4.75,4.25,3.75,75.0,10.0,0.5,3.0,3.0,1.5,2024-11-04 20:10:00+00:00,2024-11-04 20:10:00+00:00,2024-11-04 20:13:00+00:00,2024-11-04 20:13:00+00:00,pullback_short_late_09e4d5d84f5e,-1,market,0.0,3,1,8,12,26765.0
652009,652010,652011,652011,closed,stop,21317.75,21325.75,21317.5,21326.0,21325.75,21305.75,-8.0,-8.5,-9.0,-180.0,10.0,0.5,2.0,2.0,12.5,2024-11-04 20:21:00+00:00,2024-11-04 20:21:00+00:00,2024-11-04 20:23:00+00:00,2024-11-04 20:24:00+00:00,pullback_short_late_09e4d5d84f5e,-1,market,0.0,3,1,8,12,26585.0
652028,652029,652029,652029,closed,stop,21280.25,21288.25,21280.0,21288.5,21288.25,21268.25,-8.0,-8.5,-9.0,-180.0,10.0,0.5,1.0,1.0,16.75,2024-11-04 20:40:00+00:00,2024-11-04 20:40:00+00:00,2024-11-04 20:41:00+00:00,2024-11-04 20:43:00+00:00,pullback_short_late_09e4d5d84f5e,-1,market,0.0,3,1,8,12,26405.0
652031,652032,652032,652032,closed,stop,21294.5,21302.5,21294.25,21302.75,21302.5,21282.5,-8.0,-8.5,-9.0,-180.0,10.0,0.5,1.0,1.0,11.75,2024-11-04 20:43:00+00:00,2024-11-04 20:43:00+00:00,2024-11-04 20:44:00+00:00,2024-11-04 20:46:00+00:00,pullback_short_late_09e4d5d84f5e,-1,market,0.0,3,1,8,12,26225.0
652033,652034,652034,652034,closed,stop,21297.75,21305.75,21297.5,21306.0,21305.75,21285.75,-8.0,-8.5,-9.0,-180.0,10.0,0.5,1.0,1.0,9.25,2024-11-04 20:45:00+00:00,2024-11-04 20:45:00+00:00,2024-11-04 20:46:00+00:00,2024-11-04 20:48:00+00:00,pullback_short_late_09e4d5d84f5e,-1,market,0.0,3,1,8,12,26045.0
653323,653324,653326,653326,closed,timeout,21514.75,21521.25,21514.5,21521.5,21522.75,21502.75,-6.5,-7.0,-7.5,-150.0,10.0,0.5,3.0,3.0,7.75,2024-11-05 19:30:00+00:00,2024-11-05 19:30:00+00:00,2024-11-05 19:33:00+00:00,2024-11-05 19:33:00+00:00,pullback_short_late_09e4d5d84f5e,-1,market,0.0,3,1,8,12,25895.0
653356,653357,653359,653359,closed,stop,21488.75,21496.75,21488.5,21497.0,21496.75,21476.75,-8.0,-8.5,-9.0,-180.0,10.0,0.5,3.0,3.0,12.5,2024-11-05 20:03:00+00:00,2024-11-05 20:03:00+00:00,2024-11-05 20:06:00+00:00,2024-11-05 20:06:00+00:00,pullback_short_late_09e4d5d84f5e,-1,market,0.0,3,1,8,12,25715.0
653404,653405,653407,653407,closed,stop,21513.75,21521.75,21513.5,21522.0,21521.75,21501.75,-8.0,-8.5,-9.0,-180.0,10.0,0.5,3.0,3.0,20.5,2024-11-05 20:51:00+00:00,2024-11-05 20:51:00+00:00,2024-11-05 20:54:00+00:00,2024-11-05 20:54:00+00:00,pullback_short_late_09e4d5d84f5e,-1,market,0.0,3,1,8,12,25535.0
653408,653409,653409,653409,closed,stop,21520.0,21528.0,21519.75,21528.25,21528.0,21508.0,-8.0,-8.5,-9.0,-180.0,10.0,0.5,1.0,1.0,13.75,2024-11-05 20:55:00+00:00,2024-11-05 20:55:00+00:00,2024-11-05 20:56:00+00:00,2024-11-05 20:58:00+00:00,pullback_short_late_09e4d5d84f5e,-1,market,0.0,3,1,8,12,25355.0
653410,653411,653412,653412,closed,stop,21517.75,21525.75,21517.5,21526.0,21525.75,21505.75,-8.0,-8.5,-9.0,-180.0,10.0,0.5,2.0,2.0,14.0,2024-11-05 20:57:00+00:00,2024-11-05 20:57:00+00:00,2024-11-05 20:59:00+00:00,2024-11-05 21:00:00+00:00,pullback_short_late_09e4d5d84f5e,-1,market,0.0,3,1,8,12,25175.0
654669,654670,654671,654671,closed,stop,22056.0,22064.0,22055.75,22064.25,22064.0,22044.0,-8.0,-8.5,-9.0,-180.0,10.0,0.5,2.0,2.0,10.75,2024-11-06 19:11:00+00:00,2024-11-06 19:11:00+00:00,2024-11-06 19:13:00+00:00,2024-11-06 19:14:00+00:00,pullback_short_late_09e4d5d84f5e,-1,market,0.0,3,1,8,12,24995.0
654709,654710,654712,654712,closed,timeout,22079.75,22076.5,22079.5,22076.75,22087.75,22067.75,3.25,2.75,2.25,45.0,10.0,0.5,3.0,3.0,4.25,2024-11-06 19:51:00+00:00,2024-11-06 19:51:00+00:00,2024-11-06 19:54:00+00:00,2024-11-06 19:54:00+00:00,pullback_short_late_09e4d5d84f5e,-1,market,0.0,3,1,8,12,25040.0
654712,654713,654715,654715,closed,timeout,22076.25,22076.5,22076.0,22076.75,22084.25,22064.25,-0.25,-0.75,-1.25,-25.0,10.0,0.5,3.0,3.0,3.25,2024-11-06 19:54:00+00:00,2024-11-06 19:54:00+00:00,2024-11-06 19:57:00+00:00,2024-11-06 19:57:00+00:00,pullback_short_late_09e4d5d84f5e,-1,market,0.0,3,1,8,12,25015.0
656127,656128,656129,656129,closed,stop,22422.75,22430.75,22422.5,22431.0,22430.75,22410.75,-8.0,-8.5,-9.0,-180.0,10.0,0.5,2.0,2.0,12.0,2024-11-07 20:44:00+00:00,2024-11-07 20:44:00+00:00,2024-11-07 20:46:00+00:00,2024-11-07 20:47:00+00:00,pullback_short_late_09e4d5d84f5e,-1,market,0.0,3,1,8,12,24835.0
657391,657392,657394,657394,closed,timeout,22440.0,22446.0,22439.75,22446.25,22448.0,22428.0,-6.0,-6.5,-7.0,-140.0,10.0,0.5,3.0,3.0,7.0,2024-11-08 19:03:00+00:00,2024-11-08 19:03:00+00:00,2024-11-08 19:06:00+00:00,2024-11-08 19:06:00+00:00,pullback_short_late_09e4d5d84f5e,-1,market,0.0,3,1,8,12,24695.0
657454,657455,657455,657455,closed,stop,22424.25,22432.25,22424.0,22432.5,22432.25,22412.25,-8.0,-8.5,-9.0,-180.0,10.0,0.5,1.0,1.0,10.75,2024-11-08 20:06:00+00:00,2024-11-08 20:06:00+00:00,2024-11-08 20:07:00+00:00,2024-11-08 20:09:00+00:00,pullback_short_late_09e4d5d84f5e,-1,market,0.0,3,1,8,12,24515.0
657457,657458,657460,657460,closed,timeout,22426.25,22419.25,22426.0,22419.5,22434.25,22414.25,7.0,6.5,6.0,120.0,10.0,0.5,3.0,3.0,6.75,2024-11-08 20:09:00+00:00,2024-11-08 20:09:00+00:00,2024-11-08 20:12:00+00:00,2024-11-08 20:12:00+00:00,pullback_short_late_09e4d5d84f5e,-1,market,0.0,3,1,8,12,24635.0
657465,657466,657468,657468,closed,timeout,22425.0,22426.75,22424.75,22427.0,22433.0,22413.0,-1.75,-2.25,-2.75,-55.0,10.0,0.5,3.0,3.0,7.5,2024-11-08 20:17:00+00:00,2024-11-08 20:17:00+00:00,2024-11-08 20:20:00+00:00,2024-11-08 20:20:00+00:00,pullback_short_late_09e4d5d84f5e,-1,market,0.0,3,1,8,12,24580.0
657483,657484,657486,657486,closed,timeout,22416.0,22420.0,22415.75,22420.25,22424.0,22404.0,-4.0,-4.5,-5.0,-100.0,10.0,0.5,3.0,3.0,5.5,2024-11-08 20:35:00+00:00,2024-11-08 20:35:00+00:00,2024-11-08 20:38:00+00:00,2024-11-08 20:38:00+00:00,pullback_short_late_09e4d5d84f5e,-1,market,0.0,3,1,8,12,24480.0
658790,658791,658793,658793,closed,timeout,22367.25,22370.25,22367.0,22370.5,22375.25,22355.25,-3.0,-3.5,-4.0,-80.0,10.0,0.5,3.0,3.0,5.5,2024-11-11 19:37:00+00:00,2024-11-11 19:37:00+00:00,2024-11-11 19:40:00+00:00,2024-11-11 19:40:00+00:00,pullback_short_late_09e4d5d84f5e,-1,market,0.0,3,1,8,12,24400.0
658808,658809,658811,658811,closed,timeout,22363.5,22369.0,22363.25,22369.25,22371.5,22351.5,-5.5,-6.0,-6.5,-130.0,10.0,0.5,3.0,3.0,8.0,2024-11-11 19:55:00+00:00,2024-11-11 19:55:00+00:00,2024-11-11 19:58:00+00:00,2024-11-11 19:58:00+00:00,pullback_short_late_09e4d5d84f5e,-1,market,0.0,3,1,8,12,24270.0
660181,660182,660183,660183,closed,stop,22383.75,22391.75,22383.5,22392.0,22391.75,22371.75,-8.0,-8.5,-9.0,-180.0,10.0,0.5,2.0,2.0,11.25,2024-11-12 20:03:00+00:00,2024-11-12 20:03:00+00:00,2024-11-12 20:05:00+00:00,2024-11-12 20:06:00+00:00,pullback_short_late_09e4d5d84f5e,-1,market,0.0,3,1,8,12,24090.0
660190,660191,660193,660193,closed,timeout,22386.75,22379.5,22386.5,22379.75,22394.75,22374.75,7.25,6.75,6.25,125.0,10.0,0.5,3.0,3.0,4.25,2024-11-12 20:12:00+00:00,2024-11-12 20:12:00+00:00,2024-11-12 20:15:00+00:00,2024-11-12 20:15:00+00:00,pullback_short_late_09e4d5d84f5e,-1,market,0.0,3,1,8,12,24215.0
660200,660201,660203,660203,closed,stop,22378.75,22386.75,22378.5,22387.0,22386.75,22366.75,-8.0,-8.5,-9.0,-180.0,10.0,0.5,3.0,3.0,10.0,2024-11-12 20:22:00+00:00,2024-11-12 20:22:00+00:00,2024-11-12 20:25:00+00:00,2024-11-12 20:25:00+00:00,pullback_short_late_09e4d5d84f5e,-1,market,0.0,3,1,8,12,24035.0
660204,660205,660207,660207,closed,timeout,22382.5,22379.0,22382.25,22379.25,22390.5,22370.5,3.5,3.0,2.5,50.0,10.0,0.5,3.0,3.0,0.25,2024-11-12 20:26:00+00:00,2024-11-12 20:26:00+00:00,2024-11-12 20:29:00+00:00,2024-11-12 20:29:00+00:00,pullback_short_late_09e4d5d84f5e,-1,market,0.0,3,1,8,12,24085.0
661500,661501,661502,661502,closed,target,22425.75,22413.75,22425.5,22414.0,22433.75,22413.75,12.0,11.5,11.0,220.0,10.0,0.5,2.0,2.0,0.25,2024-11-13 19:17:00+00:00,2024-11-13 19:17:00+00:00,2024-11-13 19:19:00+00:00,2024-11-13 19:20:00+00:00,pullback_short_late_09e4d5d84f5e,-1,market,0.0,3,1,8,12,24305.0
661503,661504,661505,661505,closed,stop,22406.5,22414.5,22406.25,22414.75,22414.5,22394.5,-8.0,-8.5,-9.0,-180.0,10.0,0.5,2.0,2.0,17.0,2024-11-13 19:20:00+00:00,2024-11-13 19:20:00+00:00,2024-11-13 19:22:00+00:00,2024-11-13 19:23:00+00:00,pullback_short_late_09e4d5d84f5e,-1,market,0.0,3,1,8,12,24125.0
661508,661509,661510,661510,closed,target,22425.0,22413.0,22424.75,22413.25,22433.0,22413.0,12.0,11.5,11.0,220.0,10.0,0.5,2.0,2.0,3.5,2024-11-13 19:25:00+00:00,2024-11-13 19:25:00+00:00,2024-11-13 19:27:00+00:00,2024-11-13 19:28:00+00:00,pullback_short_late_09e4d5d84f5e,-1,market,0.0,3,1,8,12,24345.0
661518,661519,661520,661520,closed,target,22403.25,22391.25,22403.0,22391.5,22411.25,22391.25,12.0,11.5,11.0,220.0,10.0,0.5,2.0,2.0,0.75,2024-11-13 19:35:00+00:00,2024-11-13 19:35:00+00:00,2024-11-13 19:37:00+00:00,2024-11-13 19:38:00+00:00,pullback_short_late_09e4d5d84f5e,-1,market,0.0,3,1,8,12,24565.0
661530,661531,661531,661531,closed,stop,22374.25,22382.25,22374.0,22382.5,22382.25,22362.25,-8.0,-8.5,-9.0,-180.0,10.0,0.5,1.0,1.0,12.0,2024-11-13 19:47:00+00:00,2024-11-13 19:47:00+00:00,2024-11-13 19:48:00+00:00,2024-11-13 19:50:00+00:00,pullback_short_late_09e4d5d84f5e,-1,market,0.0,3,1,8,12,24385.0
661532,661533,661534,661534,closed,stop,22379.75,22387.75,22379.5,22388.0,22387.75,22367.75,-8.0,-8.5,-9.0,-180.0,10.0,0.5,2.0,2.0,17.0,2024-11-13 19:49:00+00:00,2024-11-13 19:49:00+00:00,2024-11-13 19:51:00+00:00,2024-11-13 19:52:00+00:00,pullback_short_late_09e4d5d84f5e,-1,market,0.0,3,1,8,12,24205.0
661539,661540,661542,661542,closed,stop,22380.75,22388.75,22380.5,22389.0,22388.75,22368.75,-8.0,-8.5,-9.0,-180.0,10.0,0.5,3.0,3.0,9.5,2024-11-13 19:56:00+00:00,2024-11-13 19:56:00+00:00,2024-11-13 19:59:00+00:00,2024-11-13 19:59:00+00:00,pullback_short_late_09e4d5d84f5e,-1,market,0.0,3,1,8,12,24025.0
661549,661550,661551,661551,closed,stop,22358.0,22366.0,22357.75,22366.25,22366.0,22346.0,-8.0,-8.5,-9.0,-180.0,10.0,0.5,2.0,2.0,12.25,2024-11-13 20:06:00+00:00,2024-11-13 20:06:00+00:00,2024-11-13 20:08:00+00:00,2024-11-13 20:09:00+00:00,pullback_short_late_09e4d5d84f5e,-1,market,0.0,3,1,8,12,23845.0
661552,661553,661553,661553,closed,stop,22364.75,22372.75,22364.5,22373.0,22372.75,22352.75,-8.0,-8.5,-9.0,-180.0,10.0,0.5,1.0,1.0,13.25,2024-11-13 20:09:00+00:00,2024-11-13 20:09:00+00:00,2024-11-13 20:10:00+00:00,2024-11-13 20:12:00+00:00,pullback_short_late_09e4d5d84f5e,-1,market,0.0,3,1,8,12,23665.0
661556,661557,661557,661557,closed,stop,22373.5,22381.5,22373.25,22381.75,22381.5,22361.5,-8.0,-8.5,-9.0,-180.0,10.0,0.5,1.0,1.0,11.5,2024-11-13 20:13:00+00:00,2024-11-13 20:13:00+00:00,2024-11-13 20:14:00+00:00,2024-11-13 20:16:00+00:00,pullback_short_late_09e4d5d84f5e,-1,market,0.0,3,1,8,12,23485.0
661597,661598,661598,661598,closed,target,22356.0,22344.0,22355.75,22344.25,22364.0,22344.0,12.0,11.5,11.0,220.0,10.0,0.5,1.0,1.0,3.5,2024-11-13 20:54:00+00:00,2024-11-13 20:54:00+00:00,2024-11-13 20:55:00+00:00,2024-11-13 20:57:00+00:00,pullback_short_late_09e4d5d84f5e,-1,market,0.0,3,1,8,12,23705.0
662872,662873,662875,662875,closed,stop,22249.75,22257.75,22249.5,22258.0,22257.75,22237.75,-8.0,-8.5,-9.0,-180.0,10.0,0.5,3.0,3.0,8.5,2024-11-14 19:24:00+00:00,2024-11-14 19:24:00+00:00,2024-11-14 19:27:00+00:00,2024-11-14 19:27:00+00:00,pullback_short_late_09e4d5d84f5e,-1,market,0.0,3,1,8,12,23525.0
662910,662911,662913,662913,closed,target,22236.5,22224.5,22236.25,22224.75,22244.5,22224.5,12.0,11.5,11.0,220.0,10.0,0.5,3.0,3.0,7.75,2024-11-14 20:02:00+00:00,2024-11-14 20:02:00+00:00,2024-11-14 20:05:00+00:00,2024-11-14 20:05:00+00:00,pullback_short_late_09e4d5d84f5e,-1,market,0.0,3,1,8,12,23745.0
662914,662915,662915,662915,closed,target,22212.75,22200.75,22212.5,22201.0,22220.75,22200.75,12.0,11.5,11.0,220.0,10.0,0.5,1.0,1.0,3.0,2024-11-14 20:06:00+00:00,2024-11-14 20:06:00+00:00,2024-11-14 20:07:00+00:00,2024-11-14 20:09:00+00:00,pullback_short_late_09e4d5d84f5e,-1,market,0.0,3,1,8,12,23965.0
662918,662919,662919,662919,closed,target,22207.75,22195.75,22207.5,22196.0,22215.75,22195.75,12.0,11.5,11.0,220.0,10.0,0.5,1.0,1.0,1.0,2024-11-14 20:10:00+00:00,2024-11-14 20:10:00+00:00,2024-11-14 20:11:00+00:00,2024-11-14 20:13:00+00:00,pullback_short_late_09e4d5d84f5e,-1,market,0.0,3,1,8,12,24185.0
662919,662920,662920,662920,closed,stop,22198.25,22206.25,22198.0,22206.5,22206.25,22186.25,-8.0,-8.5,-9.0,-180.0,10.0,0.5,1.0,1.0,8.75,2024-11-14 20:11:00+00:00,2024-11-14 20:11:00+00:00,2024-11-14 20:12:00+00:00,2024-11-14 20:14:00+00:00,pullback_short_late_09e4d5d84f5e,-1,market,0.0,3,1,8,12,24005.0
662922,662923,662925,662925,closed,stop,22205.25,22213.25,22205.0,22213.5,22213.25,22193.25,-8.0,-8.5,-9.0,-180.0,10.0,0.5,3.0,3.0,30.0,2024-11-14 20:14:00+00:00,2024-11-14 20:14:00+00:00,2024-11-14 20:17:00+00:00,2024-11-14 20:17:00+00:00,pullback_short_late_09e4d5d84f5e,-1,market,0.0,3,1,8,12,23825.0
662926,662927,662927,662927,closed,stop,22218.75,22226.75,22218.5,22227.0,22226.75,22206.75,-8.0,-8.5,-9.0,-180.0,10.0,0.5,1.0,1.0,10.5,2024-11-14 20:18:00+00:00,2024-11-14 20:18:00+00:00,2024-11-14 20:19:00+00:00,2024-11-14 20:21:00+00:00,pullback_short_late_09e4d5d84f5e,-1,market,0.0,3,1,8,12,23645.0
662928,662929,662930,662930,closed,target,22220.25,22208.25,22220.0,22208.5,22228.25,22208.25,12.0,11.5,11.0,220.0,10.0,0.5,2.0,2.0,0.25,2024-11-14 20:20:00+00:00,2024-11-14 20:20:00+00:00,2024-11-14 20:22:00+00:00,2024-11-14 20:23:00+00:00,pullback_short_late_09e4d5d84f5e,-1,market,0.0,3,1,8,12,23865.0
662946,662947,662948,662948,closed,stop,22195.25,22203.25,22195.0,22203.5,22203.25,22183.25,-8.0,-8.5,-9.0,-180.0,10.0,0.5,2.0,2.0,8.5,2024-11-14 20:38:00+00:00,2024-11-14 20:38:00+00:00,2024-11-14 20:40:00+00:00,2024-11-14 20:41:00+00:00,pullback_short_late_09e4d5d84f5e,-1,market,0.0,3,1,8,12,23685.0
662956,662957,662958,662958,closed,target,22186.25,22174.25,22186.0,22174.5,22194.25,22174.25,12.0,11.5,11.0,220.0,10.0,0.5,2.0,2.0,7.0,2024-11-14 20:48:00+00:00,2024-11-14 20:48:00+00:00,2024-11-14 20:50:00+00:00,2024-11-14 20:51:00+00:00,pullback_short_late_09e4d5d84f5e,-1,market,0.0,3,1,8,12,23905.0
662960,662961,662962,662962,closed,stop,22183.75,22191.75,22183.5,22192.0,22191.75,22171.75,-8.0,-8.5,-9.0,-180.0,10.0,0.5,2.0,2.0,23.25,2024-11-14 20:52:00+00:00,2024-11-14 20:52:00+00:00,2024-11-14 20:54:00+00:00,2024-11-14 20:55:00+00:00,pullback_short_late_09e4d5d84f5e,-1,market,0.0,3,1,8,12,23725.0
664217,664218,664218,664218,closed,stop,21630.0,21638.0,21629.75,21638.25,21638.0,21618.0,-8.0,-8.5,-9.0,-180.0,10.0,0.5,1.0,1.0,10.75,2024-11-15 19:04:00+00:00,2024-11-15 19:04:00+00:00,2024-11-15 19:05:00+00:00,2024-11-15 19:07:00+00:00,pullback_short_late_09e4d5d84f5e,-1,market,0.0,3,1,8,12,23545.0
664248,664249,664249,664249,closed,stop,21624.5,21632.5,21624.25,21632.75,21632.5,21612.5,-8.0,-8.5,-9.0,-180.0,10.0,0.5,1.0,1.0,9.5,2024-11-15 19:35:00+00:00,2024-11-15 19:35:00+00:00,2024-11-15 19:36:00+00:00,2024-11-15 19:38:00+00:00,pullback_short_late_09e4d5d84f5e,-1,market,0.0,3,1,8,12,23365.0
664280,664281,664281,664281,closed,target,21670.5,21658.5,21670.25,21658.75,21678.5,21658.5,12.0,11.5,11.0,220.0,10.0,0.5,1.0,1.0,3.5,2024-11-15 20:07:00+00:00,2024-11-15 20:07:00+00:00,2024-11-15 20:08:00+00:00,2024-11-15 20:10:00+00:00,pullback_short_late_09e4d5d84f5e,-1,market,0.0,3,1,8,12,23585.0
664313,664314,664316,664316,closed,target,21676.75,21664.75,21676.5,21665.0,21684.75,21664.75,12.0,11.5,11.0,220.0,10.0,0.5,3.0,3.0,7.5,2024-11-15 20:40:00+00:00,2024-11-15 20:40:00+00:00,2024-11-15 20:43:00+00:00,2024-11-15 20:43:00+00:00,pullback_short_late_09e4d5d84f5e,-1,market,0.0,3,1,8,12,23805.0
664323,664324,664324,664324,closed,stop,21665.0,21673.0,21664.75,21673.25,21673.0,21653.0,-8.0,-8.5,-9.0,-180.0,10.0,0.5,1.0,1.0,17.0,2024-11-15 20:50:00+00:00,2024-11-15 20:50:00+00:00,2024-11-15 20:51:00+00:00,2024-11-15 20:53:00+00:00,pullback_short_late_09e4d5d84f5e,-1,market,0.0,3,1,8,12,23625.0
664325,664326,664327,664327,closed,stop,21663.75,21671.75,21663.5,21672.0,21671.75,21651.75,-8.0,-8.5,-9.0,-180.0,10.0,0.5,2.0,2.0,17.0,2024-11-15 20:52:00+00:00,2024-11-15 20:52:00+00:00,2024-11-15 20:54:00+00:00,2024-11-15 20:55:00+00:00,pullback_short_late_09e4d5d84f5e,-1,market,0.0,3,1,8,12,23445.0
665598,665599,665601,665601,closed,target,21809.25,21797.25,21809.0,21797.5,21817.25,21797.25,12.0,11.5,11.0,220.0,10.0,0.5,3.0,3.0,1.5,2024-11-18 19:20:00+00:00,2024-11-18 19:20:00+00:00,2024-11-18 19:23:00+00:00,2024-11-18 19:23:00+00:00,pullback_short_late_09e4d5d84f5e,-1,market,0.0,3,1,8,12,23665.0
665607,665608,665609,665609,closed,target,21800.25,21788.25,21800.0,21788.5,21808.25,21788.25,12.0,11.5,11.0,220.0,10.0,0.5,2.0,2.0,1.75,2024-11-18 19:29:00+00:00,2024-11-18 19:29:00+00:00,2024-11-18 19:31:00+00:00,2024-11-18 19:32:00+00:00,pullback_short_late_09e4d5d84f5e,-1,market,0.0,3,1,8,12,23885.0
665611,665612,665614,665614,closed,stop,21793.5,21801.5,21793.25,21801.75,21801.5,21781.5,-8.0,-8.5,-9.0,-180.0,10.0,0.5,3.0,3.0,8.25,2024-11-18 19:33:00+00:00,2024-11-18 19:33:00+00:00,2024-11-18 19:36:00+00:00,2024-11-18 19:36:00+00:00,pullback_short_late_09e4d5d84f5e,-1,market,0.0,3,1,8,12,23705.0
665676,665677,665679,665679,closed,timeout,21836.5,21830.0,21836.25,21830.25,21844.5,21824.5,6.5,6.0,5.5,110.0,10.0,0.5,3.0,3.0,0.25,2024-11-18 20:38:00+00:00,2024-11-18 20:38:00+00:00,2024-11-18 20:41:00+00:00,2024-11-18 20:41:00+00:00,pullback_short_late_09e4d5d84f5e,-1,market,0.0,3,1,8,12,23815.0
665686,665687,665688,665688,closed,stop,21835.0,21843.0,21834.75,21843.25,21843.0,21823.0,-8.0,-8.5,-9.0,-180.0,10.0,0.5,2.0,2.0,9.75,2024-11-18 20:48:00+00:00,2024-11-18 20:48:00+00:00,2024-11-18 20:50:00+00:00,2024-11-18 20:51:00+00:00,pullback_short_late_09e4d5d84f5e,-1,market,0.0,3,1,8,12,23635.0
665695,665696,665698,665698,closed,stop,21820.75,21828.75,21820.5,21829.0,21828.75,21808.75,-8.0,-8.5,-9.0,-180.0,10.0,0.5,3.0,3.0,15.0,2024-11-18 20:57:00+00:00,2024-11-18 20:57:00+00:00,2024-11-18 21:00:00+00:00,2024-11-18 21:00:00+00:00,pullback_short_late_09e4d5d84f5e,-1,market,0.0,3,1,8,12,23455.0
666967,666968,666970,666970,closed,timeout,21966.75,21960.75,21966.5,21961.0,21974.75,21954.75,6.0,5.5,5.0,100.0,10.0,0.5,3.0,3.0,2.25,2024-11-19 19:24:00+00:00,2024-11-19 19:24:00+00:00,2024-11-19 19:27:00+00:00,2024-11-19 19:27:00+00:00,pullback_short_late_09e4d5d84f5e,-1,market,0.0,3,1,8,12,23555.0
666981,666982,666984,666984,closed,timeout,21918.25,21911.5,21918.0,21911.75,21926.25,21906.25,6.75,6.25,5.75,115.0,10.0,0.5,3.0,3.0,2.75,2024-11-19 19:38:00+00:00,2024-11-19 19:38:00+00:00,2024-11-19 19:41:00+00:00,2024-11-19 19:41:00+00:00,pullback_short_late_09e4d5d84f5e,-1,market,0.0,3,1,8,12,23670.0
666989,666990,666992,666992,closed,stop,21919.5,21927.5,21919.25,21927.75,21927.5,21907.5,-8.0,-8.5,-9.0,-180.0,10.0,0.5,3.0,3.0,9.5,2024-11-19 19:46:00+00:00,2024-11-19 19:46:00+00:00,2024-11-19 19:49:00+00:00,2024-11-19 19:49:00+00:00,pullback_short_late_09e4d5d84f5e,-1,market,0.0,3,1,8,12,23490.0
666993,666994,666995,666995,closed,stop,21922.75,21930.75,21922.5,21931.0,21930.75,21910.75,-8.0,-8.5,-9.0,-180.0,10.0,0.5,2.0,2.0,16.75,2024-11-19 19:50:00+00:00,2024-11-19 19:50:00+00:00,2024-11-19 19:52:00+00:00,2024-11-19 19:53:00+00:00,pullback_short_late_09e4d5d84f5e,-1,market,0.0,3,1,8,12,23310.0
668309,668310,668310,668310,closed,stop,21779.0,21787.0,21778.75,21787.25,21787.0,21767.0,-8.0,-8.5,-9.0,-180.0,10.0,0.5,1.0,1.0,9.75,2024-11-20 19:01:00+00:00,2024-11-20 19:01:00+00:00,2024-11-20 19:02:00+00:00,2024-11-20 19:04:00+00:00,pullback_short_late_09e4d5d84f5e,-1,market,0.0,3,1,8,12,23130.0
668375,668376,668378,668378,closed,timeout,21803.25,21808.5,21803.0,21808.75,21811.25,21791.25,-5.25,-5.75,-6.25,-125.0,10.0,0.5,3.0,3.0,6.25,2024-11-20 20:07:00+00:00,2024-11-20 20:07:00+00:00,2024-11-20 20:10:00+00:00,2024-11-20 20:10:00+00:00,pullback_short_late_09e4d5d84f5e,-1,market,0.0,3,1,8,12,23005.0
669685,669686,669686,669686,closed,stop,22013.5,22021.5,22013.25,22021.75,22021.5,22001.5,-8.0,-8.5,-9.0,-180.0,10.0,0.5,1.0,1.0,8.75,2024-11-21 19:12:00+00:00,2024-11-21 19:12:00+00:00,2024-11-21 19:13:00+00:00,2024-11-21 19:15:00+00:00,pullback_short_late_09e4d5d84f5e,-1,market,0.0,3,1,8,12,22825.0
669690,669691,669692,669692,closed,target,22017.25,22005.25,22017.0,22005.5,22025.25,22005.25,12.0,11.5,11.0,220.0,10.0,0.5,2.0,2.0,2.25,2024-11-21 19:17:00+00:00,2024-11-21 19:17:00+00:00,2024-11-21 19:19:00+00:00,2024-11-21 19:20:00+00:00,pullback_short_late_09e4d5d84f5e,-1,market,0.0,3,1,8,12,23045.0
669766,669767,669768,669768,closed,target,22062.75,22050.75,22062.5,22051.0,22070.75,22050.75,12.0,11.5,11.0,220.0,10.0,0.5,2.0,2.0,4.5,2024-11-21 20:33:00+00:00,2024-11-21 20:33:00+00:00,2024-11-21 20:35:00+00:00,2024-11-21 20:36:00+00:00,pullback_short_late_09e4d5d84f5e,-1,market,0.0,3,1,8,12,23265.0
669771,669772,669772,669772,closed,target,22049.0,22037.0,22048.75,22037.25,22057.0,22037.0,12.0,11.5,11.0,220.0,10.0,0.5,1.0,1.0,1.0,2024-11-21 20:38:00+00:00,2024-11-21 20:38:00+00:00,2024-11-21 20:39:00+00:00,2024-11-21 20:41:00+00:00,pullback_short_late_09e4d5d84f5e,-1,market,0.0,3,1,8,12,23485.0
669775,669776,669778,669778,closed,stop,22033.25,22041.25,22033.0,22041.5,22041.25,22021.25,-8.0,-8.5,-9.0,-180.0,10.0,0.5,3.0,3.0,14.5,2024-11-21 20:42:00+00:00,2024-11-21 20:42:00+00:00,2024-11-21 20:45:00+00:00,2024-11-21 20:45:00+00:00,pullback_short_late_09e4d5d84f5e,-1,market,0.0,3,1,8,12,23305.0
669781,669782,669783,669783,closed,stop,22037.0,22045.0,22036.75,22045.25,22045.0,22025.0,-8.0,-8.5,-9.0,-180.0,10.0,0.5,2.0,2.0,9.75,2024-11-21 20:48:00+00:00,2024-11-21 20:48:00+00:00,2024-11-21 20:50:00+00:00,2024-11-21 20:51:00+00:00,pullback_short_late_09e4d5d84f5e,-1,market,0.0,3,1,8,12,23125.0
669783,669784,669785,669785,closed,target,22038.5,22026.5,22038.25,22026.75,22046.5,22026.5,12.0,11.5,11.0,220.0,10.0,0.5,2.0,2.0,4.5,2024-11-21 20:50:00+00:00,2024-11-21 20:50:00+00:00,2024-11-21 20:52:00+00:00,2024-11-21 20:53:00+00:00,pullback_short_late_09e4d5d84f5e,-1,market,0.0,3,1,8,12,23345.0
669791,669792,669794,669794,closed,target,22031.75,22019.75,22031.5,22020.0,22039.75,22019.75,12.0,11.5,11.0,220.0,10.0,0.5,3.0,3.0,7.5,2024-11-21 20:58:00+00:00,2024-11-21 20:58:00+00:00,2024-11-21 21:01:00+00:00,2024-11-21 21:01:00+00:00,pullback_short_late_09e4d5d84f5e,-1,market,0.0,3,1,8,12,23565.0
671047,671048,671050,671050,closed,target,22033.0,22021.0,22032.75,22021.25,22041.0,22021.0,12.0,11.5,11.0,220.0,10.0,0.5,3.0,3.0,3.5,2024-11-22 19:09:00+00:00,2024-11-22 19:09:00+00:00,2024-11-22 19:12:00+00:00,2024-11-22 19:12:00+00:00,pullback_short_late_09e4d5d84f5e,-1,market,0.0,3,1,8,12,23785.0
671103,671104,671104,671104,closed,stop,22014.5,22022.5,22014.25,22022.75,22022.5,22002.5,-8.0,-8.5,-9.0,-180.0,10.0,0.5,1.0,1.0,10.75,2024-11-22 20:05:00+00:00,2024-11-22 20:05:00+00:00,2024-11-22 20:06:00+00:00,2024-11-22 20:08:00+00:00,pullback_short_late_09e4d5d84f5e,-1,market,0.0,3,1,8,12,23605.0
671107,671108,671110,671110,closed,timeout,22015.25,22005.75,22015.0,22006.0,22023.25,22003.25,9.5,9.0,8.5,170.0,10.0,0.5,3.0,3.0,3.75,2024-11-22 20:09:00+00:00,2024-11-22 20:09:00+00:00,2024-11-22 20:12:00+00:00,2024-11-22 20:12:00+00:00,pullback_short_late_09e4d5d84f5e,-1,market,0.0,3,1,8,12,23775.0
672439,672440,672442,672442,closed,timeout,22042.25,22040.0,22042.0,22040.25,22050.25,22030.25,2.25,1.75,1.25,25.0,10.0,0.5,3.0,3.0,1.5,2024-11-25 19:37:00+00:00,2024-11-25 19:37:00+00:00,2024-11-25 19:40:00+00:00,2024-11-25 19:40:00+00:00,pullback_short_late_09e4d5d84f5e,-1,market,0.0,3,1,8,12,23800.0
672442,672443,672445,672445,closed,stop,22040.25,22048.25,22040.0,22048.5,22048.25,22028.25,-8.0,-8.5,-9.0,-180.0,10.0,0.5,3.0,3.0,16.0,2024-11-25 19:40:00+00:00,2024-11-25 19:40:00+00:00,2024-11-25 19:43:00+00:00,2024-11-25 19:43:00+00:00,pullback_short_late_09e4d5d84f5e,-1,market,0.0,3,1,8,12,23620.0
672473,672474,672476,672476,closed,timeout,22041.25,22034.75,22041.0,22035.0,22049.25,22029.25,6.5,6.0,5.5,110.0,10.0,0.5,3.0,3.0,4.5,2024-11-25 20:11:00+00:00,2024-11-25 20:11:00+00:00,2024-11-25 20:14:00+00:00,2024-11-25 20:14:00+00:00,pullback_short_late_09e4d5d84f5e,-1,market,0.0,3,1,8,12,23730.0
672481,672482,672484,672484,closed,timeout,22048.5,22044.5,22048.25,22044.75,22056.5,22036.5,4.0,3.5,3.0,60.0,10.0,0.5,3.0,3.0,7.25,2024-11-25 20:19:00+00:00,2024-11-25 20:19:00+00:00,2024-11-25 20:22:00+00:00,2024-11-25 20:22:00+00:00,pullback_short_late_09e4d5d84f5e,-1,market,0.0,3,1,8,12,23790.0
673769,673770,673771,673771,closed,stop,22164.75,22172.75,22164.5,22173.0,22172.75,22152.75,-8.0,-8.5,-9.0,-180.0,10.0,0.5,2.0,2.0,8.75,2024-11-26 19:02:00+00:00,2024-11-26 19:02:00+00:00,2024-11-26 19:04:00+00:00,2024-11-26 19:05:00+00:00,pullback_short_late_09e4d5d84f5e,-1,market,0.0,3,1,8,12,23610.0
673798,673799,673799,673799,closed,stop,22111.75,22119.75,22111.5,22120.0,22119.75,22099.75,-8.0,-8.5,-9.0,-180.0,10.0,0.5,1.0,1.0,8.25,2024-11-26 19:31:00+00:00,2024-11-26 19:31:00+00:00,2024-11-26 19:32:00+00:00,2024-11-26 19:34:00+00:00,pullback_short_late_09e4d5d84f5e,-1,market,0.0,3,1,8,12,23430.0
673803,673804,673806,673806,closed,stop,22123.5,22131.5,22123.25,22131.75,22131.5,22111.5,-8.0,-8.5,-9.0,-180.0,10.0,0.5,3.0,3.0,12.0,2024-11-26 19:36:00+00:00,2024-11-26 19:36:00+00:00,2024-11-26 19:39:00+00:00,2024-11-26 19:39:00+00:00,pullback_short_late_09e4d5d84f5e,-1,market,0.0,3,1,8,12,23250.0
673826,673827,673829,673829,closed,stop,22126.0,22134.0,22125.75,22134.25,22134.0,22114.0,-8.0,-8.5,-9.0,-180.0,10.0,0.5,3.0,3.0,11.5,2024-11-26 19:59:00+00:00,2024-11-26 19:59:00+00:00,2024-11-26 20:02:00+00:00,2024-11-26 20:02:00+00:00,pullback_short_late_09e4d5d84f5e,-1,market,0.0,3,1,8,12,23070.0
675166,675167,675169,675169,closed,timeout,22000.0,21992.25,21999.75,21992.5,22008.0,21988.0,7.75,7.25,6.75,135.0,10.0,0.5,3.0,3.0,2.25,2024-11-27 19:34:00+00:00,2024-11-27 19:34:00+00:00,2024-11-27 19:37:00+00:00,2024-11-27 19:37:00+00:00,pullback_short_late_09e4d5d84f5e,-1,market,0.0,3,1,8,12,23205.0
675216,675217,675219,675219,closed,timeout,21994.5,21989.75,21994.25,21990.0,22002.5,21982.5,4.75,4.25,3.75,75.0,10.0,0.5,3.0,3.0,2.25,2024-11-27 20:24:00+00:00,2024-11-27 20:24:00+00:00,2024-11-27 20:27:00+00:00,2024-11-27 20:27:00+00:00,pullback_short_late_09e4d5d84f5e,-1,market,0.0,3,1,8,12,23280.0
675227,675228,675229,675229,closed,stop,21988.75,21996.75,21988.5,21997.0,21996.75,21976.75,-8.0,-8.5,-9.0,-180.0,10.0,0.5,2.0,2.0,9.25,2024-11-27 20:35:00+00:00,2024-11-27 20:35:00+00:00,2024-11-27 20:37:00+00:00,2024-11-27 20:38:00+00:00,pullback_short_late_09e4d5d84f5e,-1,market,0.0,3,1,8,12,23100.0
675231,675232,675234,675234,closed,target,21993.0,21981.0,21992.75,21981.25,22001.0,21981.0,12.0,11.5,11.0,220.0,10.0,0.5,3.0,3.0,5.0,2024-11-27 20:39:00+00:00,2024-11-27 20:39:00+00:00,2024-11-27 20:42:00+00:00,2024-11-27 20:42:00+00:00,pullback_short_late_09e4d5d84f5e,-1,market,0.0,3,1,8,12,23320.0
678783,678784,678786,678786,closed,timeout,22404.75,22401.75,22404.5,22402.0,22412.75,22392.75,3.0,2.5,2.0,40.0,10.0,0.5,3.0,3.0,4.0,2024-12-02 19:06:00+00:00,2024-12-02 19:06:00+00:00,2024-12-02 19:09:00+00:00,2024-12-02 19:09:00+00:00,pullback_short_late_09e4d5d84f5e,-1,market,0.0,3,1,8,12,23360.0
678794,678795,678795,678795,closed,stop,22380.75,22388.75,22380.5,22389.0,22388.75,22368.75,-8.0,-8.5,-9.0,-180.0,10.0,0.5,1.0,1.0,11.75,2024-12-02 19:17:00+00:00,2024-12-02 19:17:00+00:00,2024-12-02 19:18:00+00:00,2024-12-02 19:20:00+00:00,pullback_short_late_09e4d5d84f5e,-1,market,0.0,3,1,8,12,23180.0
678796,678797,678799,678799,closed,timeout,22386.25,22382.25,22386.0,22382.5,22394.25,22374.25,4.0,3.5,3.0,60.0,10.0,0.5,3.0,3.0,2.25,2024-12-02 19:19:00+00:00,2024-12-02 19:19:00+00:00,2024-12-02 19:22:00+00:00,2024-12-02 19:22:00+00:00,pullback_short_late_09e4d5d84f5e,-1,market,0.0,3,1,8,12,23240.0
678886,678887,678888,678888,closed,target,22426.0,22414.0,22425.75,22414.25,22434.0,22414.0,12.0,11.5,11.0,220.0,10.0,0.5,2.0,2.0,1.0,2024-12-02 20:49:00+00:00,2024-12-02 20:49:00+00:00,2024-12-02 20:51:00+00:00,2024-12-02 20:52:00+00:00,pullback_short_late_09e4d5d84f5e,-1,market,0.0,3,1,8,12,23460.0
680157,680158,680160,680160,closed,timeout,22427.5,22425.75,22427.25,22426.0,22435.5,22415.5,1.75,1.25,0.75,15.0,10.0,0.5,3.0,3.0,3.0,2024-12-03 19:15:00+00:00,2024-12-03 19:15:00+00:00,2024-12-03 19:18:00+00:00,2024-12-03 19:18:00+00:00,pullback_short_late_09e4d5d84f5e,-1,market,0.0,3,1,8,12,23475.0
680244,680245,680247,680247,closed,timeout,22445.25,22446.75,22445.0,22447.0,22453.25,22433.25,-1.5,-2.0,-2.5,-50.0,10.0,0.5,3.0,3.0,2.25,2024-12-03 20:42:00+00:00,2024-12-03 20:42:00+00:00,2024-12-03 20:45:00+00:00,2024-12-03 20:45:00+00:00,pullback_short_late_09e4d5d84f5e,-1,market,0.0,3,1,8,12,23425.0
682871,682872,682874,682874,closed,target,22691.75,22679.75,22691.5,22680.0,22699.75,22679.75,12.0,11.5,11.0,220.0,10.0,0.5,3.0,3.0,4.75,2024-12-05 19:00:00+00:00,2024-12-05 19:00:00+00:00,2024-12-05 19:03:00+00:00,2024-12-05 19:03:00+00:00,pullback_short_late_09e4d5d84f5e,-1,market,0.0,3,1,8,12,23645.0
682912,682913,682915,682915,closed,timeout,22697.0,22691.0,22696.75,22691.25,22705.0,22685.0,6.0,5.5,5.0,100.0,10.0,0.5,3.0,3.0,1.25,2024-12-05 19:41:00+00:00,2024-12-05 19:41:00+00:00,2024-12-05 19:44:00+00:00,2024-12-05 19:44:00+00:00,pullback_short_late_09e4d5d84f5e,-1,market,0.0,3,1,8,12,23745.0
682923,682924,682926,682926,closed,timeout,22685.5,22689.0,22685.25,22689.25,22693.5,22673.5,-3.5,-4.0,-4.5,-90.0,10.0,0.5,3.0,3.0,5.0,2024-12-05 19:52:00+00:00,2024-12-05 19:52:00+00:00,2024-12-05 19:55:00+00:00,2024-12-05 19:55:00+00:00,pullback_short_late_09e4d5d84f5e,-1,market,0.0,3,1,8,12,23655.0
682928,682929,682930,682930,closed,stop,22686.0,22694.0,22685.75,22694.25,22694.0,22674.0,-8.0,-8.5,-9.0,-180.0,10.0,0.5,2.0,2.0,9.75,2024-12-05 19:57:00+00:00,2024-12-05 19:57:00+00:00,2024-12-05 19:59:00+00:00,2024-12-05 20:00:00+00:00,pullback_short_late_09e4d5d84f5e,-1,market,0.0,3,1,8,12,23475.0
682955,682956,682958,682958,closed,target,22685.5,22673.5,22685.25,22673.75,22693.5,22673.5,12.0,11.5,11.0,220.0,10.0,0.5,3.0,3.0,1.25,2024-12-05 20:24:00+00:00,2024-12-05 20:24:00+00:00,2024-12-05 20:27:00+00:00,2024-12-05 20:27:00+00:00,pullback_short_late_09e4d5d84f5e,-1,market,0.0,3,1,8,12,23695.0
682974,682975,682977,682977,closed,stop,22680.5,22688.5,22680.25,22688.75,22688.5,22668.5,-8.0,-8.5,-9.0,-180.0,10.0,0.5,3.0,3.0,9.75,2024-12-05 20:43:00+00:00,2024-12-05 20:43:00+00:00,2024-12-05 20:46:00+00:00,2024-12-05 20:46:00+00:00,pullback_short_late_09e4d5d84f5e,-1,market,0.0,3,1,8,12,23515.0
684250,684251,684252,684252,closed,target,22823.75,22811.75,22823.5,22812.0,22831.75,22811.75,12.0,11.5,11.0,220.0,10.0,0.5,2.0,2.0,4.25,2024-12-06 19:14:00+00:00,2024-12-06 19:14:00+00:00,2024-12-06 19:16:00+00:00,2024-12-06 19:17:00+00:00,pullback_short_late_09e4d5d84f5e,-1,market,0.0,3,1,8,12,23735.0
684255,684256,684258,684258,closed,timeout,22825.25,22826.75,22825.0,22827.0,22833.25,22813.25,-1.5,-2.0,-2.5,-50.0,10.0,0.5,3.0,3.0,4.0,2024-12-06 19:19:00+00:00,2024-12-06 19:19:00+00:00,2024-12-06 19:22:00+00:00,2024-12-06 19:22:00+00:00,pullback_short_late_09e4d5d84f5e,-1,market,0.0,3,1,8,12,23685.0
684260,684261,684263,684263,closed,timeout,22829.0,22823.0,22828.75,22823.25,22837.0,22817.0,6.0,5.5,5.0,100.0,10.0,0.5,3.0,3.0,0.5,2024-12-06 19:24:00+00:00,2024-12-06 19:24:00+00:00,2024-12-06 19:27:00+00:00,2024-12-06 19:27:00+00:00,pullback_short_late_09e4d5d84f5e,-1,market,0.0,3,1,8,12,23785.0
685612,685613,685615,685615,closed,timeout,22708.75,22705.0,22708.5,22705.25,22716.75,22696.75,3.75,3.25,2.75,55.0,10.0,0.5,3.0,3.0,1.75,2024-12-09 19:11:00+00:00,2024-12-09 19:11:00+00:00,2024-12-09 19:14:00+00:00,2024-12-09 19:14:00+00:00,pullback_short_late_09e4d5d84f5e,-1,market,0.0,3,1,8,12,23840.0
685615,685616,685618,685618,closed,timeout,22705.5,22696.25,22705.25,22696.5,22713.5,22693.5,9.25,8.75,8.25,165.0,10.0,0.5,3.0,3.0,2.75,2024-12-09 19:14:00+00:00,2024-12-09 19:14:00+00:00,2024-12-09 19:17:00+00:00,2024-12-09 19:17:00+00:00,pullback_short_late_09e4d5d84f5e,-1,market,0.0,3,1,8,12,24005.0
685620,685621,685623,685623,closed,timeout,22700.25,22691.0,22700.0,22691.25,22708.25,22688.25,9.25,8.75,8.25,165.0,10.0,0.5,3.0,3.0,1.5,2024-12-09 19:19:00+00:00,2024-12-09 19:19:00+00:00,2024-12-09 19:22:00+00:00,2024-12-09 19:22:00+00:00,pullback_short_late_09e4d5d84f5e,-1,market,0.0,3,1,8,12,24170.0
685630,685631,685633,685633,closed,timeout,22687.25,22680.25,22687.0,22680.5,22695.25,22675.25,7.0,6.5,6.0,120.0,10.0,0.5,3.0,3.0,4.25,2024-12-09 19:29:00+00:00,2024-12-09 19:29:00+00:00,2024-12-09 19:32:00+00:00,2024-12-09 19:32:00+00:00,pullback_short_late_09e4d5d84f5e,-1,market,0.0,3,1,8,12,24290.0
685647,685648,685650,685650,closed,timeout,22661.5,22654.25,22661.25,22654.5,22669.5,22649.5,7.25,6.75,6.25,125.0,10.0,0.5,3.0,3.0,3.0,2024-12-09 19:46:00+00:00,2024-12-09 19:46:00+00:00,2024-12-09 19:49:00+00:00,2024-12-09 19:49:00+00:00,pullback_short_late_09e4d5d84f5e,-1,market,0.0,3,1,8,12,24415.0
685655,685656,685656,685656,closed,stop,22648.75,22656.75,22648.5,22657.0,22656.75,22636.75,-8.0,-8.5,-9.0,-180.0,10.0,0.5,1.0,1.0,11.75,2024-12-09 19:54:00+00:00,2024-12-09 19:54:00+00:00,2024-12-09 19:55:00+00:00,2024-12-09 19:57:00+00:00,pullback_short_late_09e4d5d84f5e,-1,market,0.0,3,1,8,12,24235.0
685678,685679,685681,685681,closed,timeout,22653.0,22653.75,22652.75,22654.0,22661.0,22641.0,-0.75,-1.25,-1.75,-35.0,10.0,0.5,3.0,3.0,2.5,2024-12-09 20:17:00+00:00,2024-12-09 20:17:00+00:00,2024-12-09 20:20:00+00:00,2024-12-09 20:20:00+00:00,pullback_short_late_09e4d5d84f5e,-1,market,0.0,3,1,8,12,24200.0
685684,685685,685687,685687,closed,timeout,22651.5,22644.25,22651.25,22644.5,22659.5,22639.5,7.25,6.75,6.25,125.0,10.0,0.5,3.0,3.0,2.25,2024-12-09 20:23:00+00:00,2024-12-09 20:23:00+00:00,2024-12-09 20:26:00+00:00,2024-12-09 20:26:00+00:00,pullback_short_late_09e4d5d84f5e,-1,market,0.0,3,1,8,12,24325.0
686971,686972,686974,686974,closed,timeout,22647.25,22642.5,22647.0,22642.75,22655.25,22635.25,4.75,4.25,3.75,75.0,10.0,0.5,3.0,3.0,6.5,2024-12-10 19:05:00+00:00,2024-12-10 19:05:00+00:00,2024-12-10 19:08:00+00:00,2024-12-10 19:08:00+00:00,pullback_short_late_09e4d5d84f5e,-1,market,0.0,3,1,8,12,24400.0
686974,686975,686977,686977,closed,timeout,22642.25,22640.75,22642.0,22641.0,22650.25,22630.25,1.5,1.0,0.5,10.0,10.0,0.5,3.0,3.0,5.25,2024-12-10 19:08:00+00:00,2024-12-10 19:08:00+00:00,2024-12-10 19:11:00+00:00,2024-12-10 19:11:00+00:00,pullback_short_late_09e4d5d84f5e,-1,market,0.0,3,1,8,12,24410.0
686980,686981,686983,686983,closed,timeout,22640.0,22640.25,22639.75,22640.5,22648.0,22628.0,-0.25,-0.75,-1.25,-25.0,10.0,0.5,3.0,3.0,4.5,2024-12-10 19:14:00+00:00,2024-12-10 19:14:00+00:00,2024-12-10 19:17:00+00:00,2024-12-10 19:17:00+00:00,pullback_short_late_09e4d5d84f5e,-1,market,0.0,3,1,8,12,24385.0
686984,686985,686987,686987,closed,stop,22638.5,22646.5,22638.25,22646.75,22646.5,22626.5,-8.0,-8.5,-9.0,-180.0,10.0,0.5,3.0,3.0,14.5,2024-12-10 19:18:00+00:00,2024-12-10 19:18:00+00:00,2024-12-10 19:21:00+00:00,2024-12-10 19:21:00+00:00,pullback_short_late_09e4d5d84f5e,-1,market,0.0,3,1,8,12,24205.0
687010,687011,687013,687013,closed,target,22633.75,22621.75,22633.5,22622.0,22641.75,22621.75,12.0,11.5,11.0,220.0,10.0,0.5,3.0,3.0,1.5,2024-12-10 19:44:00+00:00,2024-12-10 19:44:00+00:00,2024-12-10 19:47:00+00:00,2024-12-10 19:47:00+00:00,pullback_short_late_09e4d5d84f5e,-1,market,0.0,3,1,8,12,24425.0
687021,687022,687024,687024,closed,timeout,22604.75,22610.5,22604.5,22610.75,22612.75,22592.75,-5.75,-6.25,-6.75,-135.0,10.0,0.5,3.0,3.0,7.75,2024-12-10 19:55:00+00:00,2024-12-10 19:55:00+00:00,2024-12-10 19:58:00+00:00,2024-12-10 19:58:00+00:00,pullback_short_late_09e4d5d84f5e,-1,market,0.0,3,1,8,12,24290.0
687026,687027,687028,687028,closed,target,22609.25,22597.25,22609.0,22597.5,22617.25,22597.25,12.0,11.5,11.0,220.0,10.0,0.5,2.0,2.0,2.0,2024-12-10 20:00:00+00:00,2024-12-10 20:00:00+00:00,2024-12-10 20:02:00+00:00,2024-12-10 20:03:00+00:00,pullback_short_late_09e4d5d84f5e,-1,market,0.0,3,1,8,12,24510.0
687034,687035,687036,687036,closed,stop,22582.5,22590.5,22582.25,22590.75,22590.5,22570.5,-8.0,-8.5,-9.0,-180.0,10.0,0.5,2.0,2.0,13.5,2024-12-10 20:08:00+00:00,2024-12-10 20:08:00+00:00,2024-12-10 20:10:00+00:00,2024-12-10 20:11:00+00:00,pullback_short_late_09e4d5d84f5e,-1,market,0.0,3,1,8,12,24330.0
687037,687038,687040,687040,closed,timeout,22581.75,22578.75,22581.5,22579.0,22589.75,22569.75,3.0,2.5,2.0,40.0,10.0,0.5,3.0,3.0,3.0,2024-12-10 20:11:00+00:00,2024-12-10 20:11:00+00:00,2024-12-10 20:14:00+00:00,2024-12-10 20:14:00+00:00,pullback_short_late_09e4d5d84f5e,-1,market,0.0,3,1,8,12,24370.0
687040,687041,687043,687043,closed,stop,22578.75,22586.75,22578.5,22587.0,22586.75,22566.75,-8.0,-8.5,-9.0,-180.0,10.0,0.5,3.0,3.0,10.25,2024-12-10 20:14:00+00:00,2024-12-10 20:14:00+00:00,2024-12-10 20:17:00+00:00,2024-12-10 20:17:00+00:00,pullback_short_late_09e4d5d84f5e,-1,market,0.0,3,1,8,12,24190.0
687044,687045,687047,687047,closed,timeout,22579.75,22581.0,22579.5,22581.25,22587.75,22567.75,-1.25,-1.75,-2.25,-45.0,10.0,0.5,3.0,3.0,4.75,2024-12-10 20:18:00+00:00,2024-12-10 20:18:00+00:00,2024-12-10 20:21:00+00:00,2024-12-10 20:21:00+00:00,pullback_short_late_09e4d5d84f5e,-1,market,0.0,3,1,8,12,24145.0
688341,688342,688344,688344,closed,stop,22987.25,22995.25,22987.0,22995.5,22995.25,22975.25,-8.0,-8.5,-9.0,-180.0,10.0,0.5,3.0,3.0,10.75,2024-12-11 19:10:00+00:00,2024-12-11 19:10:00+00:00,2024-12-11 19:13:00+00:00,2024-12-11 19:13:00+00:00,pullback_short_late_09e4d5d84f5e,-1,market,0.0,3,1,8,12,23965.0
688385,688386,688388,688388,closed,timeout,22992.75,22990.0,22992.5,22990.25,23000.75,22980.75,2.75,2.25,1.75,35.0,10.0,0.5,3.0,3.0,1.0,2024-12-11 19:54:00+00:00,2024-12-11 19:54:00+00:00,2024-12-11 19:57:00+00:00,2024-12-11 19:57:00+00:00,pullback_short_late_09e4d5d84f5e,-1,market,0.0,3,1,8,12,24000.0
688392,688393,688394,688394,closed,stop,22995.75,23003.75,22995.5,23004.0,23003.75,22983.75,-8.0,-8.5,-9.0,-180.0,10.0,0.5,2.0,2.0,9.0,2024-12-11 20:01:00+00:00,2024-12-11 20:01:00+00:00,2024-12-11 20:03:00+00:00,2024-12-11 20:04:00+00:00,pullback_short_late_09e4d5d84f5e,-1,market,0.0,3,1,8,12,23820.0
688450,688451,688452,688452,closed,target,22991.75,22979.75,22991.5,22980.0,22999.75,22979.75,12.0,11.5,11.0,220.0,10.0,0.5,2.0,2.0,3.0,2024-12-11 20:59:00+00:00,2024-12-11 20:59:00+00:00,2024-12-11 21:01:00+00:00,2024-12-11 21:02:00+00:00,pullback_short_late_09e4d5d84f5e,-1,market,0.0,3,1,8,12,24040.0
689699,689700,689700,689700,closed,stop,22895.25,22903.25,22895.0,22903.5,22903.25,22883.25,-8.0,-8.5,-9.0,-180.0,10.0,0.5,1.0,1.0,8.5,2024-12-12 19:04:00+00:00,2024-12-12 19:04:00+00:00,2024-12-12 19:05:00+00:00,2024-12-12 19:07:00+00:00,pullback_short_late_09e4d5d84f5e,-1,market,0.0,3,1,8,12,23860.0
689703,689704,689706,689706,closed,timeout,22899.0,22903.25,22898.75,22903.5,22907.0,22887.0,-4.25,-4.75,-5.25,-105.0,10.0,0.5,3.0,3.0,7.5,2024-12-12 19:08:00+00:00,2024-12-12 19:08:00+00:00,2024-12-12 19:11:00+00:00,2024-12-12 19:11:00+00:00,pullback_short_late_09e4d5d84f5e,-1,market,0.0,3,1,8,12,23755.0
689724,689725,689727,689727,closed,timeout,22871.75,22871.0,22871.5,22871.25,22879.75,22859.75,0.75,0.25,-0.25,-5.0,10.0,0.5,3.0,3.0,8.0,2024-12-12 19:29:00+00:00,2024-12-12 19:29:00+00:00,2024-12-12 19:32:00+00:00,2024-12-12 19:32:00+00:00,pullback_short_late_09e4d5d84f5e,-1,market,0.0,3,1,8,12,23750.0
689727,689728,689729,689729,closed,stop,22871.25,22879.25,22871.0,22879.5,22879.25,22859.25,-8.0,-8.5,-9.0,-180.0,10.0,0.5,2.0,2.0,11.25,2024-12-12 19:32:00+00:00,2024-12-12 19:32:00+00:00,2024-12-12 19:34:00+00:00,2024-12-12 19:35:00+00:00,pullback_short_late_09e4d5d84f5e,-1,market,0.0,3,1,8,12,23570.0
689770,689771,689773,689773,closed,timeout,22858.75,22864.25,22858.5,22864.5,22866.75,22846.75,-5.5,-6.0,-6.5,-130.0,10.0,0.5,3.0,3.0,7.75,2024-12-12 20:15:00+00:00,2024-12-12 20:15:00+00:00,2024-12-12 20:18:00+00:00,2024-12-12 20:18:00+00:00,pullback_short_late_09e4d5d84f5e,-1,market,0.0,3,1,8,12,23440.0
689775,689776,689778,689778,closed,timeout,22862.75,22855.0,22862.5,22855.25,22870.75,22850.75,7.75,7.25,6.75,135.0,10.0,0.5,3.0,3.0,4.25,2024-12-12 20:20:00+00:00,2024-12-12 20:20:00+00:00,2024-12-12 20:23:00+00:00,2024-12-12 20:23:00+00:00,pullback_short_late_09e4d5d84f5e,-1,market,0.0,3,1,8,12,23575.0
691112,691113,691115,691115,closed,timeout,22999.25,23001.25,22999.0,23001.5,23007.25,22987.25,-2.0,-2.5,-3.0,-60.0,10.0,0.5,3.0,3.0,4.0,2024-12-13 19:52:00+00:00,2024-12-13 19:52:00+00:00,2024-12-13 19:55:00+00:00,2024-12-13 19:55:00+00:00,pullback_short_late_09e4d5d84f5e,-1,market,0.0,3,1,8,12,23515.0
691119,691120,691122,691122,closed,timeout,23000.0,23001.5,22999.75,23001.75,23008.0,22988.0,-1.5,-2.0,-2.5,-50.0,10.0,0.5,3.0,3.0,6.25,2024-12-13 19:59:00+00:00,2024-12-13 19:59:00+00:00,2024-12-13 20:02:00+00:00,2024-12-13 20:02:00+00:00,pullback_short_late_09e4d5d84f5e,-1,market,0.0,3,1,8,12,23465.0
691122,691123,691125,691125,closed,timeout,23001.25,23002.75,23001.0,23003.0,23009.25,22989.25,-1.5,-2.0,-2.5,-50.0,10.0,0.5,3.0,3.0,4.0,2024-12-13 20:02:00+00:00,2024-12-13 20:02:00+00:00,2024-12-13 20:05:00+00:00,2024-12-13 20:05:00+00:00,pullback_short_late_09e4d5d84f5e,-1,market,0.0,3,1,8,12,23415.0
691171,691172,691173,691173,closed,target,22999.5,22987.5,22999.25,22987.75,23007.5,22987.5,12.0,11.5,11.0,220.0,10.0,0.5,2.0,2.0,1.0,2024-12-13 20:51:00+00:00,2024-12-13 20:51:00+00:00,2024-12-13 20:53:00+00:00,2024-12-13 20:54:00+00:00,pullback_short_late_09e4d5d84f5e,-1,market,0.0,3,1,8,12,23635.0
692423,692424,692426,692426,closed,stop,23317.0,23325.0,23316.75,23325.25,23325.0,23305.0,-8.0,-8.5,-9.0,-180.0,10.0,0.5,3.0,3.0,9.75,2024-12-16 19:03:00+00:00,2024-12-16 19:03:00+00:00,2024-12-16 19:06:00+00:00,2024-12-16 19:06:00+00:00,pullback_short_late_09e4d5d84f5e,-1,market,0.0,3,1,8,12,23455.0
692427,692428,692430,692430,closed,timeout,23320.75,23326.25,23320.5,23326.5,23328.75,23308.75,-5.5,-6.0,-6.5,-130.0,10.0,0.5,3.0,3.0,7.0,2024-12-16 19:07:00+00:00,2024-12-16 19:07:00+00:00,2024-12-16 19:10:00+00:00,2024-12-16 19:10:00+00:00,pullback_short_late_09e4d5d84f5e,-1,market,0.0,3,1,8,12,23325.0
692483,692484,692486,692486,closed,stop,23336.5,23344.5,23336.25,23344.75,23344.5,23324.5,-8.0,-8.5,-9.0,-180.0,10.0,0.5,3.0,3.0,16.0,2024-12-16 20:03:00+00:00,2024-12-16 20:03:00+00:00,2024-12-16 20:06:00+00:00,2024-12-16 20:06:00+00:00,pullback_short_late_09e4d5d84f5e,-1,market,0.0,3,1,8,12,23145.0
693798,693799,693801,693801,closed,timeout,23212.75,23214.5,23212.5,23214.75,23220.75,23200.75,-1.75,-2.25,-2.75,-55.0,10.0,0.5,3.0,3.0,6.0,2024-12-17 19:15:00+00:00,2024-12-17 19:15:00+00:00,2024-12-17 19:18:00+00:00,2024-12-17 19:18:00+00:00,pullback_short_late_09e4d5d84f5e,-1,market,0.0,3,1,8,12,23090.0
693809,693810,693811,693811,closed,stop,23195.25,23203.25,23195.0,23203.5,23203.25,23183.25,-8.0,-8.5,-9.0,-180.0,10.0,0.5,2.0,2.0,8.5,2024-12-17 19:26:00+00:00,2024-12-17 19:26:00+00:00,2024-12-17 19:28:00+00:00,2024-12-17 19:29:00+00:00,pullback_short_late_09e4d5d84f5e,-1,market,0.0,3,1,8,12,22910.0
693812,693813,693815,693815,closed,timeout,23195.75,23194.25,23195.5,23194.5,23203.75,23183.75,1.5,1.0,0.5,10.0,10.0,0.5,3.0,3.0,4.0,2024-12-17 19:29:00+00:00,2024-12-17 19:29:00+00:00,2024-12-17 19:32:00+00:00,2024-12-17 19:32:00+00:00,pullback_short_late_09e4d5d84f5e,-1,market,0.0,3,1,8,12,22920.0
693866,693867,693869,693869,closed,timeout,23177.75,23170.75,23177.5,23171.0,23185.75,23165.75,7.0,6.5,6.0,120.0,10.0,0.5,3.0,3.0,1.0,2024-12-17 20:23:00+00:00,2024-12-17 20:23:00+00:00,2024-12-17 20:26:00+00:00,2024-12-17 20:26:00+00:00,pullback_short_late_09e4d5d84f5e,-1,market,0.0,3,1,8,12,23040.0
693872,693873,693873,693873,closed,stop,23174.75,23182.75,23174.5,23183.0,23182.75,23162.75,-8.0,-8.5,-9.0,-180.0,10.0,0.5,1.0,1.0,8.75,2024-12-17 20:29:00+00:00,2024-12-17 20:29:00+00:00,2024-12-17 20:30:00+00:00,2024-12-17 20:32:00+00:00,pullback_short_late_09e4d5d84f5e,-1,market,0.0,3,1,8,12,22860.0
693877,693878,693880,693880,closed,stop,23178.5,23186.5,23178.25,23186.75,23186.5,23166.5,-8.0,-8.5,-9.0,-180.0,10.0,0.5,3.0,3.0,9.75,2024-12-17 20:34:00+00:00,2024-12-17 20:34:00+00:00,2024-12-17 20:37:00+00:00,2024-12-17 20:37:00+00:00,pullback_short_late_09e4d5d84f5e,-1,market,0.0,3,1,8,12,22680.0
695152,695153,695153,695153,closed,stop,23141.25,23149.25,23141.0,23149.5,23149.25,23129.25,-8.0,-8.5,-9.0,-180.0,10.0,0.5,1.0,1.0,12.25,2024-12-18 19:04:00+00:00,2024-12-18 19:04:00+00:00,2024-12-18 19:05:00+00:00,2024-12-18 19:07:00+00:00,pullback_short_late_09e4d5d84f5e,-1,market,0.0,3,1,8,12,22500.0
695163,695164,695164,695164,closed,stop,23030.75,23038.75,23030.5,23039.0,23038.75,23018.75,-8.0,-8.5,-9.0,-180.0,10.0,0.5,1.0,1.0,12.75,2024-12-18 19:15:00+00:00,2024-12-18 19:15:00+00:00,2024-12-18 19:16:00+00:00,2024-12-18 19:18:00+00:00,pullback_short_late_09e4d5d84f5e,-1,market,0.0,3,1,8,12,22320.0
695172,695173,695173,695173,closed,stop,23050.5,23058.5,23050.25,23058.75,23058.5,23038.5,-8.0,-8.5,-9.0,-180.0,10.0,0.5,1.0,1.0,20.5,2024-12-18 19:24:00+00:00,2024-12-18 19:24:00+00:00,2024-12-18 19:25:00+00:00,2024-12-18 19:27:00+00:00,pullback_short_late_09e4d5d84f5e,-1,market,0.0,3,1,8,12,22140.0
695174,695175,695175,695175,closed,stop,23059.75,23067.75,23059.5,23068.0,23067.75,23047.75,-8.0,-8.5,-9.0,-180.0,10.0,0.5,1.0,1.0,10.25,2024-12-18 19:26:00+00:00,2024-12-18 19:26:00+00:00,2024-12-18 19:27:00+00:00,2024-12-18 19:29:00+00:00,pullback_short_late_09e4d5d84f5e,-1,market,0.0,3,1,8,12,21960.0
695191,695192,695192,695192,closed,target,22968.75,22956.75,22968.5,22957.0,22976.75,22956.75,12.0,11.5,11.0,220.0,10.0,0.5,1.0,1.0,6.0,2024-12-18 19:43:00+00:00,2024-12-18 19:43:00+00:00,2024-12-18 19:44:00+00:00,2024-12-18 19:46:00+00:00,pullback_short_late_09e4d5d84f5e,-1,market,0.0,3,1,8,12,22180.0
695201,695202,695202,695202,closed,target,22916.0,22904.0,22915.75,22904.25,22924.0,22904.0,12.0,11.5,11.0,220.0,10.0,0.5,1.0,1.0,2.75,2024-12-18 19:53:00+00:00,2024-12-18 19:53:00+00:00,2024-12-18 19:54:00+00:00,2024-12-18 19:56:00+00:00,pullback_short_late_09e4d5d84f5e,-1,market,0.0,3,1,8,12,22400.0
695216,695217,695217,695217,closed,target,22778.0,22766.0,22777.75,22766.25,22786.0,22766.0,12.0,11.5,11.0,220.0,10.0,0.5,1.0,1.0,7.5,2024-12-18 20:08:00+00:00,2024-12-18 20:08:00+00:00,2024-12-18 20:09:00+00:00,2024-12-18 20:11:00+00:00,pullback_short_late_09e4d5d84f5e,-1,market,0.0,3,1,8,12,22620.0
695217,695218,695218,695218,closed,stop,22766.75,22774.75,22766.5,22775.0,22774.75,22754.75,-8.0,-8.5,-9.0,-180.0,10.0,0.5,1.0,1.0,27.5,2024-12-18 20:09:00+00:00,2024-12-18 20:09:00+00:00,2024-12-18 20:10:00+00:00,2024-12-18 20:12:00+00:00,pullback_short_late_09e4d5d84f5e,-1,market,0.0,3,1,8,12,22440.0
695219,695220,695220,695220,closed,stop,22742.5,22750.5,22742.25,22750.75,22750.5,22730.5,-8.0,-8.5,-9.0,-180.0,10.0,0.5,1.0,1.0,17.75,2024-12-18 20:11:00+00:00,2024-12-18 20:11:00+00:00,2024-12-18 20:12:00+00:00,2024-12-18 20:14:00+00:00,pullback_short_late_09e4d5d84f5e,-1,market,0.0,3,1,8,12,22260.0
695231,695232,695232,695232,closed,stop,22736.75,22744.75,22736.5,22745.0,22744.75,22724.75,-8.0,-8.5,-9.0,-180.0,10.0,0.5,1.0,1.0,18.75,2024-12-18 20:23:00+00:00,2024-12-18 20:23:00+00:00,2024-12-18 20:24:00+00:00,2024-12-18 20:26:00+00:00,pullback_short_late_09e4d5d84f5e,-1,market,0.0,3,1,8,12,22080.0
695250,695251,695251,695251,closed,stop,22418.5,22426.5,22418.25,22426.75,22426.5,22406.5,-8.0,-8.5,-9.0,-180.0,10.0,0.5,1.0,1.0,38.5,2024-12-18 20:42:00+00:00,2024-12-18 20:42:00+00:00,2024-12-18 20:43:00+00:00,2024-12-18 20:45:00+00:00,pullback_short_late_09e4d5d84f5e,-1,market,0.0,3,1,8,12,21900.0
696526,696527,696527,696527,closed,stop,22431.25,22439.25,22431.0,22439.5,22439.25,22419.25,-8.0,-8.5,-9.0,-180.0,10.0,0.5,1.0,1.0,10.25,2024-12-19 19:13:00+00:00,2024-12-19 19:13:00+00:00,2024-12-19 19:14:00+00:00,2024-12-19 19:16:00+00:00,pullback_short_late_09e4d5d84f5e,-1,market,0.0,3,1,8,12,21720.0
696539,696540,696542,696542,closed,target,22422.75,22410.75,22422.5,22411.0,22430.75,22410.75,12.0,11.5,11.0,220.0,10.0,0.5,3.0,3.0,6.5,2024-12-19 19:26:00+00:00,2024-12-19 19:26:00+00:00,2024-12-19 19:29:00+00:00,2024-12-19 19:29:00+00:00,pullback_short_late_09e4d5d84f5e,-1,market,0.0,3,1,8,12,21940.0
696560,696561,696562,696562,closed,stop,22388.25,22396.25,22388.0,22396.5,22396.25,22376.25,-8.0,-8.5,-9.0,-180.0,10.0,0.5,2.0,2.0,11.75,2024-12-19 19:47:00+00:00,2024-12-19 19:47:00+00:00,2024-12-19 19:49:00+00:00,2024-12-19 19:50:00+00:00,pullback_short_late_09e4d5d84f5e,-1,market,0.0,3,1,8,12,21760.0
696563,696564,696565,696565,closed,stop,22390.5,22398.5,22390.25,22398.75,22398.5,22378.5,-8.0,-8.5,-9.0,-180.0,10.0,0.5,2.0,2.0,23.75,2024-12-19 19:50:00+00:00,2024-12-19 19:50:00+00:00,2024-12-19 19:52:00+00:00,2024-12-19 19:53:00+00:00,pullback_short_late_09e4d5d84f5e,-1,market,0.0,3,1,8,12,21580.0
696579,696580,696581,696581,closed,stop,22372.25,22380.25,22372.0,22380.5,22380.25,22360.25,-8.0,-8.5,-9.0,-180.0,10.0,0.5,2.0,2.0,8.5,2024-12-19 20:06:00+00:00,2024-12-19 20:06:00+00:00,2024-12-19 20:08:00+00:00,2024-12-19 20:09:00+00:00,pullback_short_late_09e4d5d84f5e,-1,market,0.0,3,1,8,12,21400.0
696614,696615,696615,696615,closed,stop,22377.0,22385.0,22376.75,22385.25,22385.0,22365.0,-8.0,-8.5,-9.0,-180.0,10.0,0.5,1.0,1.0,25.75,2024-12-19 20:41:00+00:00,2024-12-19 20:41:00+00:00,2024-12-19 20:42:00+00:00,2024-12-19 20:44:00+00:00,pullback_short_late_09e4d5d84f5e,-1,market,0.0,3,1,8,12,21220.0
696617,696618,696618,696618,closed,target,22387.0,22375.0,22386.75,22375.25,22395.0,22375.0,12.0,11.5,11.0,220.0,10.0,0.5,1.0,1.0,3.5,2024-12-19 20:44:00+00:00,2024-12-19 20:44:00+00:00,2024-12-19 20:45:00+00:00,2024-12-19 20:47:00+00:00,pullback_short_late_09e4d5d84f5e,-1,market,0.0,3,1,8,12,21440.0
696621,696622,696622,696622,closed,target,22365.5,22353.5,22365.25,22353.75,22373.5,22353.5,12.0,11.5,11.0,220.0,10.0,0.5,1.0,1.0,3.0,2024-12-19 20:48:00+00:00,2024-12-19 20:48:00+00:00,2024-12-19 20:49:00+00:00,2024-12-19 20:51:00+00:00,pullback_short_late_09e4d5d84f5e,-1,market,0.0,3,1,8,12,21660.0
696631,696632,696632,696632,closed,stop,22304.25,22312.25,22304.0,22312.5,22312.25,22292.25,-8.0,-8.5,-9.0,-180.0,10.0,0.5,1.0,1.0,21.5,2024-12-19 20:58:00+00:00,2024-12-19 20:58:00+00:00,2024-12-19 20:59:00+00:00,2024-12-19 21:01:00+00:00,pullback_short_late_09e4d5d84f5e,-1,market,0.0,3,1,8,12,21480.0
697892,697893,697893,697893,closed,stop,22570.5,22578.5,22570.25,22578.75,22578.5,22558.5,-8.0,-8.5,-9.0,-180.0,10.0,0.5,1.0,1.0,15.5,2024-12-20 19:14:00+00:00,2024-12-20 19:14:00+00:00,2024-12-20 19:15:00+00:00,2024-12-20 19:17:00+00:00,pullback_short_late_09e4d5d84f5e,-1,market,0.0,3,1,8,12,21300.0
697894,697895,697895,697895,closed,stop,22579.0,22587.0,22578.75,22587.25,22587.0,22567.0,-8.0,-8.5,-9.0,-180.0,10.0,0.5,1.0,1.0,12.75,2024-12-20 19:16:00+00:00,2024-12-20 19:16:00+00:00,2024-12-20 19:17:00+00:00,2024-12-20 19:19:00+00:00,pullback_short_late_09e4d5d84f5e,-1,market,0.0,3,1,8,12,21120.0
697935,697936,697937,697937,closed,stop,22615.25,22623.25,22615.0,22623.5,22623.25,22603.25,-8.0,-8.5,-9.0,-180.0,10.0,0.5,2.0,2.0,10.5,2024-12-20 19:57:00+00:00,2024-12-20 19:57:00+00:00,2024-12-20 19:59:00+00:00,2024-12-20 20:00:00+00:00,pullback_short_late_09e4d5d84f5e,-1,market,0.0,3,1,8,12,20940.0
697958,697959,697960,697960,closed,target,22592.25,22580.25,22592.0,22580.5,22600.25,22580.25,12.0,11.5,11.0,220.0,10.0,0.5,2.0,2.0,4.75,2024-12-20 20:20:00+00:00,2024-12-20 20:20:00+00:00,2024-12-20 20:22:00+00:00,2024-12-20 20:23:00+00:00,pullback_short_late_09e4d5d84f5e,-1,market,0.0,3,1,8,12,21160.0
697963,697964,697964,697964,closed,stop,22577.0,22585.0,22576.75,22585.25,22585.0,22565.0,-8.0,-8.5,-9.0,-180.0,10.0,0.5,1.0,1.0,9.25,2024-12-20 20:25:00+00:00,2024-12-20 20:25:00+00:00,2024-12-20 20:26:00+00:00,2024-12-20 20:28:00+00:00,pullback_short_late_09e4d5d84f5e,-1,market,0.0,3,1,8,12,20980.0
697965,697966,697967,697967,closed,target,22577.25,22565.25,22577.0,22565.5,22585.25,22565.25,12.0,11.5,11.0,220.0,10.0,0.5,2.0,2.0,4.75,2024-12-20 20:27:00+00:00,2024-12-20 20:27:00+00:00,2024-12-20 20:29:00+00:00,2024-12-20 20:30:00+00:00,pullback_short_late_09e4d5d84f5e,-1,market,0.0,3,1,8,12,21200.0
697978,697979,697979,697979,closed,stop,22530.0,22538.0,22529.75,22538.25,22538.0,22518.0,-8.0,-8.5,-9.0,-180.0,10.0,0.5,1.0,1.0,22.25,2024-12-20 20:40:00+00:00,2024-12-20 20:40:00+00:00,2024-12-20 20:41:00+00:00,2024-12-20 20:43:00+00:00,pullback_short_late_09e4d5d84f5e,-1,market,0.0,3,1,8,12,21020.0
697980,697981,697981,697981,closed,target,22528.75,22516.75,22528.5,22517.0,22536.75,22516.75,12.0,11.5,11.0,220.0,10.0,0.5,1.0,1.0,2.25,2024-12-20 20:42:00+00:00,2024-12-20 20:42:00+00:00,2024-12-20 20:43:00+00:00,2024-12-20 20:45:00+00:00,pullback_short_late_09e4d5d84f5e,-1,market,0.0,3,1,8,12,21240.0
697986,697987,697987,697987,closed,stop,22544.25,22552.25,22544.0,22552.5,22552.25,22532.25,-8.0,-8.5,-9.0,-180.0,10.0,0.5,1.0,1.0,15.0,2024-12-20 20:48:00+00:00,2024-12-20 20:48:00+00:00,2024-12-20 20:49:00+00:00,2024-12-20 20:51:00+00:00,pullback_short_late_09e4d5d84f5e,-1,market,0.0,3,1,8,12,21060.0
697988,697989,697989,697989,closed,target,22541.0,22529.0,22540.75,22529.25,22549.0,22529.0,12.0,11.5,11.0,220.0,10.0,0.5,1.0,1.0,0.25,2024-12-20 20:50:00+00:00,2024-12-20 20:50:00+00:00,2024-12-20 20:51:00+00:00,2024-12-20 20:53:00+00:00,pullback_short_late_09e4d5d84f5e,-1,market,0.0,3,1,8,12,21280.0
699285,699286,699288,699288,closed,timeout,22647.75,22651.0,22647.5,22651.25,22655.75,22635.75,-3.25,-3.75,-4.25,-85.0,10.0,0.5,3.0,3.0,6.5,2024-12-23 19:42:00+00:00,2024-12-23 19:42:00+00:00,2024-12-23 19:45:00+00:00,2024-12-23 19:45:00+00:00,pullback_short_late_09e4d5d84f5e,-1,market,0.0,3,1,8,12,21195.0
699289,699290,699292,699292,closed,timeout,22650.0,22648.5,22649.75,22648.75,22658.0,22638.0,1.5,1.0,0.5,10.0,10.0,0.5,3.0,3.0,5.75,2024-12-23 19:46:00+00:00,2024-12-23 19:46:00+00:00,2024-12-23 19:49:00+00:00,2024-12-23 19:49:00+00:00,pullback_short_late_09e4d5d84f5e,-1,market,0.0,3,1,8,12,21205.0
699292,699293,699294,699294,closed,target,22648.5,22636.5,22648.25,22636.75,22656.5,22636.5,12.0,11.5,11.0,220.0,10.0,0.5,2.0,2.0,3.0,2024-12-23 19:49:00+00:00,2024-12-23 19:49:00+00:00,2024-12-23 19:51:00+00:00,2024-12-23 19:52:00+00:00,pullback_short_late_09e4d5d84f5e,-1,market,0.0,3,1,8,12,21425.0
699301,699302,699303,699303,closed,target,22631.25,22619.25,22631.0,22619.5,22639.25,22619.25,12.0,11.5,11.0,220.0,10.0,0.5,2.0,2.0,1.75,2024-12-23 19:58:00+00:00,2024-12-23 19:58:00+00:00,2024-12-23 20:00:00+00:00,2024-12-23 20:01:00+00:00,pullback_short_late_09e4d5d84f5e,-1,market,0.0,3,1,8,12,21645.0
699319,699320,699320,699320,closed,target,22604.25,22592.25,22604.0,22592.5,22612.25,22592.25,12.0,11.5,11.0,220.0,10.0,0.5,1.0,1.0,1.0,2024-12-23 20:16:00+00:00,2024-12-23 20:16:00+00:00,2024-12-23 20:17:00+00:00,2024-12-23 20:19:00+00:00,pullback_short_late_09e4d5d84f5e,-1,market,0.0,3,1,8,12,21865.0
699320,699321,699321,699321,closed,target,22599.25,22587.25,22599.0,22587.5,22607.25,22587.25,12.0,11.5,11.0,220.0,10.0,0.5,1.0,1.0,0.5,2024-12-23 20:17:00+00:00,2024-12-23 20:17:00+00:00,2024-12-23 20:18:00+00:00,2024-12-23 20:20:00+00:00,pullback_short_late_09e4d5d84f5e,-1,market,0.0,3,1,8,12,22085.0
699323,699324,699324,699324,closed,stop,22591.25,22599.25,22591.0,22599.5,22599.25,22579.25,-8.0,-8.5,-9.0,-180.0,10.0,0.5,1.0,1.0,13.25,2024-12-23 20:20:00+00:00,2024-12-23 20:20:00+00:00,2024-12-23 20:21:00+00:00,2024-12-23 20:23:00+00:00,pullback_short_late_09e4d5d84f5e,-1,market,0.0,3,1,8,12,21905.0
699326,699327,699328,699328,closed,stop,22590.0,22598.0,22589.75,22598.25,22598.0,22578.0,-8.0,-8.5,-9.0,-180.0,10.0,0.5,2.0,2.0,10.0,2024-12-23 20:23:00+00:00,2024-12-23 20:23:00+00:00,2024-12-23 20:25:00+00:00,2024-12-23 20:26:00+00:00,pullback_short_late_09e4d5d84f5e,-1,market,0.0,3,1,8,12,21725.0
701761,701762,701763,701763,closed,target,22921.0,22909.0,22920.75,22909.25,22929.0,22909.0,12.0,11.5,11.0,220.0,10.0,0.5,2.0,2.0,1.25,2024-12-26 19:14:00+00:00,2024-12-26 19:14:00+00:00,2024-12-26 19:16:00+00:00,2024-12-26 19:17:00+00:00,pullback_short_late_09e4d5d84f5e,-1,market,0.0,3,1,8,12,21945.0
701862,701863,701864,701864,closed,target,22948.0,22936.0,22947.75,22936.25,22956.0,22936.0,12.0,11.5,11.0,220.0,10.0,0.5,2.0,2.0,2.25,2024-12-26 20:55:00+00:00,2024-12-26 20:55:00+00:00,2024-12-26 20:57:00+00:00,2024-12-26 20:58:00+00:00,pullback_short_late_09e4d5d84f5e,-1,market,0.0,3,1,8,12,22165.0
703141,703142,703143,703143,closed,stop,22554.5,22562.5,22554.25,22562.75,22562.5,22542.5,-8.0,-8.5,-9.0,-180.0,10.0,0.5,2.0,2.0,9.75,2024-12-27 19:29:00+00:00,2024-12-27 19:29:00+00:00,2024-12-27 19:31:00+00:00,2024-12-27 19:32:00+00:00,pullback_short_late_09e4d5d84f5e,-1,market,0.0,3,1,8,12,21985.0
703178,703179,703179,703179,closed,target,22590.75,22578.75,22590.5,22579.0,22598.75,22578.75,12.0,11.5,11.0,220.0,10.0,0.5,1.0,1.0,0.25,2024-12-27 20:06:00+00:00,2024-12-27 20:06:00+00:00,2024-12-27 20:07:00+00:00,2024-12-27 20:09:00+00:00,pullback_short_late_09e4d5d84f5e,-1,market,0.0,3,1,8,12,22205.0
703183,703184,703185,703185,closed,target,22579.25,22567.25,22579.0,22567.5,22587.25,22567.25,12.0,11.5,11.0,220.0,10.0,0.5,2.0,2.0,0.75,2024-12-27 20:11:00+00:00,2024-12-27 20:11:00+00:00,2024-12-27 20:13:00+00:00,2024-12-27 20:14:00+00:00,pullback_short_late_09e4d5d84f5e,-1,market,0.0,3,1,8,12,22425.0
703192,703193,703194,703194,closed,target,22552.25,22540.25,22552.0,22540.5,22560.25,22540.25,12.0,11.5,11.0,220.0,10.0,0.5,2.0,2.0,7.25,2024-12-27 20:20:00+00:00,2024-12-27 20:20:00+00:00,2024-12-27 20:22:00+00:00,2024-12-27 20:23:00+00:00,pullback_short_late_09e4d5d84f5e,-1,market,0.0,3,1,8,12,22645.0
703199,703200,703201,703201,closed,stop,22554.5,22562.5,22554.25,22562.75,22562.5,22542.5,-8.0,-8.5,-9.0,-180.0,10.0,0.5,2.0,2.0,9.0,2024-12-27 20:27:00+00:00,2024-12-27 20:27:00+00:00,2024-12-27 20:29:00+00:00,2024-12-27 20:30:00+00:00,pullback_short_late_09e4d5d84f5e,-1,market,0.0,3,1,8,12,22465.0
703203,703204,703204,703204,closed,target,22556.5,22544.5,22556.25,22544.75,22564.5,22544.5,12.0,11.5,11.0,220.0,10.0,0.5,1.0,1.0,3.0,2024-12-27 20:31:00+00:00,2024-12-27 20:31:00+00:00,2024-12-27 20:32:00+00:00,2024-12-27 20:34:00+00:00,pullback_short_late_09e4d5d84f5e,-1,market,0.0,3,1,8,12,22685.0
704488,704489,704490,704490,closed,target,22431.5,22419.5,22431.25,22419.75,22439.5,22419.5,12.0,11.5,11.0,220.0,10.0,0.5,2.0,2.0,4.25,2024-12-30 19:11:00+00:00,2024-12-30 19:11:00+00:00,2024-12-30 19:13:00+00:00,2024-12-30 19:14:00+00:00,pullback_short_late_09e4d5d84f5e,-1,market,0.0,3,1,8,12,22905.0
704494,704495,704495,704495,closed,stop,22420.25,22428.25,22420.0,22428.5,22428.25,22408.25,-8.0,-8.5,-9.0,-180.0,10.0,0.5,1.0,1.0,8.75,2024-12-30 19:17:00+00:00,2024-12-30 19:17:00+00:00,2024-12-30 19:18:00+00:00,2024-12-30 19:20:00+00:00,pullback_short_late_09e4d5d84f5e,-1,market,0.0,3,1,8,12,22725.0
704496,704497,704498,704498,closed,target,22414.5,22402.5,22414.25,22402.75,22422.5,22402.5,12.0,11.5,11.0,220.0,10.0,0.5,2.0,2.0,2.5,2024-12-30 19:19:00+00:00,2024-12-30 19:19:00+00:00,2024-12-30 19:21:00+00:00,2024-12-30 19:22:00+00:00,pullback_short_late_09e4d5d84f5e,-1,market,0.0,3,1,8,12,22945.0
704579,704580,704582,704582,closed,timeout,22380.0,22381.25,22379.75,22381.5,22388.0,22368.0,-1.25,-1.75,-2.25,-45.0,10.0,0.5,3.0,3.0,7.75,2024-12-30 20:42:00+00:00,2024-12-30 20:42:00+00:00,2024-12-30 20:45:00+00:00,2024-12-30 20:45:00+00:00,pullback_short_late_09e4d5d84f5e,-1,market,0.0,3,1,8,12,22900.0
704584,704585,704586,704586,closed,stop,22381.25,22389.25,22381.0,22389.5,22389.25,22369.25,-8.0,-8.5,-9.0,-180.0,10.0,0.5,2.0,2.0,15.5,2024-12-30 20:47:00+00:00,2024-12-30 20:47:00+00:00,2024-12-30 20:49:00+00:00,2024-12-30 20:50:00+00:00,pullback_short_late_09e4d5d84f5e,-1,market,0.0,3,1,8,12,22720.0
705870,705871,705872,705872,closed,target,22123.75,22111.75,22123.5,22112.0,22131.75,22111.75,12.0,11.5,11.0,220.0,10.0,0.5,2.0,2.0,3.25,2024-12-31 19:28:00+00:00,2024-12-31 19:28:00+00:00,2024-12-31 19:30:00+00:00,2024-12-31 19:31:00+00:00,pullback_short_late_09e4d5d84f5e,-1,market,0.0,3,1,8,12,22940.0
705879,705880,705880,705880,closed,stop,22117.5,22125.5,22117.25,22125.75,22125.5,22105.5,-8.0,-8.5,-9.0,-180.0,10.0,0.5,1.0,1.0,13.25,2024-12-31 19:37:00+00:00,2024-12-31 19:37:00+00:00,2024-12-31 19:38:00+00:00,2024-12-31 19:40:00+00:00,pullback_short_late_09e4d5d84f5e,-1,market,0.0,3,1,8,12,22760.0
705953,705954,705954,705954,closed,stop,22168.75,22176.75,22168.5,22177.0,22176.75,22156.75,-8.0,-8.5,-9.0,-180.0,10.0,0.5,1.0,1.0,15.5,2024-12-31 20:51:00+00:00,2024-12-31 20:51:00+00:00,2024-12-31 20:52:00+00:00,2024-12-31 20:54:00+00:00,pullback_short_late_09e4d5d84f5e,-1,market,0.0,3,1,8,12,22580.0
705961,705962,705962,705962,closed,stop,22127.5,22135.5,22127.25,22135.75,22135.5,22115.5,-8.0,-8.5,-9.0,-180.0,10.0,0.5,1.0,1.0,20.5,2024-12-31 20:59:00+00:00,2024-12-31 20:59:00+00:00,2024-12-31 21:00:00+00:00,2024-12-31 21:02:00+00:00,pullback_short_late_09e4d5d84f5e,-1,market,0.0,3,1,8,12,22400.0
