detection_index,entry_index,exit_index,termination_index,status,reason,reference_entry,exit_reference_price,entry_price,exit_price,stop_price,target_price,gross_points,fill_pnl_points,net_points,net_dollars,fees_dollars,slippage_points,holding_bars,holding_minutes,mae_points,detection_timestamp,entry_timestamp,exit_timestamp,expiry_timestamp,pattern_id,direction,entry_kind,entry_offset_points,horizon,pending_bars,stop_points,target_points,balance_after_dollars
355744,355745,355747,355747,closed,stop,18810.75,18790.75,18811.0,18790.5,18790.75,18822.75,-20.0,-20.5,-21.0,-420.0,10.0,0.5,3.0,3.0,28.25,2024-01-02 14:31:00+00:00,2024-01-02 14:31:00+00:00,2024-01-02 14:34:00+00:00,2024-01-02 14:34:00+00:00,pullback_long_open_7b7dd96cd520,1,market,0.0,3,1,20,12,49580.0
355783,355784,355786,355786,closed,timeout,18702.75,18706.5,18703.0,18706.25,18682.75,18714.75,3.75,3.25,2.75,55.0,10.0,0.5,3.0,3.0,13.0,2024-01-02 15:10:00+00:00,2024-01-02 15:10:00+00:00,2024-01-02 15:13:00+00:00,2024-01-02 15:13:00+00:00,pullback_long_open_7b7dd96cd520,1,market,0.0,3,1,20,12,49635.0
355791,355792,355794,355794,closed,timeout,18691.0,18679.5,18691.25,18679.25,18671.0,18703.0,-11.5,-12.0,-12.5,-250.0,10.0,0.5,3.0,3.0,16.25,2024-01-02 15:18:00+00:00,2024-01-02 15:18:00+00:00,2024-01-02 15:21:00+00:00,2024-01-02 15:21:00+00:00,pullback_long_open_7b7dd96cd520,1,market,0.0,3,1,20,12,49385.0
357125,357126,357127,357127,closed,target,18568.75,18580.75,18569.0,18580.5,18548.75,18580.75,12.0,11.5,11.0,220.0,10.0,0.5,2.0,2.0,6.75,2024-01-03 14:47:00+00:00,2024-01-03 14:47:00+00:00,2024-01-03 14:49:00+00:00,2024-01-03 14:50:00+00:00,pullback_long_open_7b7dd96cd520,1,market,0.0,3,1,20,12,49605.0
357144,357145,357146,357146,closed,stop,18582.75,18562.75,18583.0,18562.5,18562.75,18594.75,-20.0,-20.5,-21.0,-420.0,10.0,0.5,2.0,2.0,25.75,2024-01-03 15:06:00+00:00,2024-01-03 15:06:00+00:00,2024-01-03 15:08:00+00:00,2024-01-03 15:09:00+00:00,pullback_long_open_7b7dd96cd520,1,market,0.0,3,1,20,12,49185.0
358478,358479,358479,358479,closed,target,18422.0,18434.0,18422.25,18433.75,18402.0,18434.0,12.0,11.5,11.0,220.0,10.0,0.5,1.0,1.0,8.25,2024-01-04 14:35:00+00:00,2024-01-04 14:35:00+00:00,2024-01-04 14:36:00+00:00,2024-01-04 14:38:00+00:00,pullback_long_open_7b7dd96cd520,1,market,0.0,3,1,20,12,49405.0
358483,358484,358484,358484,closed,stop,18425.0,18405.0,18425.25,18404.75,18405.0,18437.0,-20.0,-20.5,-21.0,-420.0,10.0,0.5,1.0,1.0,21.5,2024-01-04 14:40:00+00:00,2024-01-04 14:40:00+00:00,2024-01-04 14:41:00+00:00,2024-01-04 14:43:00+00:00,pullback_long_open_7b7dd96cd520,1,market,0.0,3,1,20,12,48985.0
358488,358489,358491,358491,closed,timeout,18415.5,18403.5,18415.75,18403.25,18395.5,18427.5,-12.0,-12.5,-13.0,-260.0,10.0,0.5,3.0,3.0,19.5,2024-01-04 14:45:00+00:00,2024-01-04 14:45:00+00:00,2024-01-04 14:48:00+00:00,2024-01-04 14:48:00+00:00,pullback_long_open_7b7dd96cd520,1,market,0.0,3,1,20,12,48725.0
358528,358529,358531,358531,closed,timeout,18454.25,18446.5,18454.5,18446.25,18434.25,18466.25,-7.75,-8.25,-8.75,-175.0,10.0,0.5,3.0,3.0,17.25,2024-01-04 15:25:00+00:00,2024-01-04 15:25:00+00:00,2024-01-04 15:28:00+00:00,2024-01-04 15:28:00+00:00,pullback_long_open_7b7dd96cd520,1,market,0.0,3,1,20,12,48550.0
358547,358548,358549,358549,closed,target,18457.5,18469.5,18457.75,18469.25,18437.5,18469.5,12.0,11.5,11.0,220.0,10.0,0.5,2.0,2.0,0.75,2024-01-04 15:44:00+00:00,2024-01-04 15:44:00+00:00,2024-01-04 15:46:00+00:00,2024-01-04 15:47:00+00:00,pullback_long_open_7b7dd96cd520,1,market,0.0,3,1,20,12,48770.0
358558,358559,358561,358561,closed,timeout,18476.25,18474.5,18476.5,18474.25,18456.25,18488.25,-1.75,-2.25,-2.75,-55.0,10.0,0.5,3.0,3.0,10.75,2024-01-04 15:55:00+00:00,2024-01-04 15:55:00+00:00,2024-01-04 15:58:00+00:00,2024-01-04 15:58:00+00:00,pullback_long_open_7b7dd96cd520,1,market,0.0,3,1,20,12,48715.0
358561,358562,358564,358564,closed,timeout,18474.25,18472.25,18474.5,18472.0,18454.25,18486.25,-2.0,-2.5,-3.0,-60.0,10.0,0.5,3.0,3.0,15.5,2024-01-04 15:58:00+00:00,2024-01-04 15:58:00+00:00,2024-01-04 16:01:00+00:00,2024-01-04 16:01:00+00:00,pullback_long_open_7b7dd96cd520,1,market,0.0,3,1,20,12,48655.0
359842,359843,359843,359843,closed,target,18408.25,18420.25,18408.5,18420.0,18388.25,18420.25,12.0,11.5,11.0,220.0,10.0,0.5,1.0,1.0,3.25,2024-01-05 14:34:00+00:00,2024-01-05 14:34:00+00:00,2024-01-05 14:35:00+00:00,2024-01-05 14:37:00+00:00,pullback_long_open_7b7dd96cd520,1,market,0.0,3,1,20,12,48875.0
359850,359851,359853,359853,closed,timeout,18410.5,18406.0,18410.75,18405.75,18390.5,18422.5,-4.5,-5.0,-5.5,-110.0,10.0,0.5,3.0,3.0,9.25,2024-01-05 14:42:00+00:00,2024-01-05 14:42:00+00:00,2024-01-05 14:45:00+00:00,2024-01-05 14:45:00+00:00,pullback_long_open_7b7dd96cd520,1,market,0.0,3,1,20,12,48765.0
359881,359882,359884,359884,closed,stop,18488.25,18468.25,18488.5,18468.0,18468.25,18500.25,-20.0,-20.5,-21.0,-420.0,10.0,0.5,3.0,3.0,22.75,2024-01-05 15:13:00+00:00,2024-01-05 15:13:00+00:00,2024-01-05 15:16:00+00:00,2024-01-05 15:16:00+00:00,pullback_long_open_7b7dd96cd520,1,market,0.0,3,1,20,12,48345.0
359887,359888,359890,359890,closed,timeout,18466.75,18467.25,18467.0,18467.0,18446.75,18478.75,0.5,0.0,-0.5,-10.0,10.0,0.5,3.0,3.0,14.5,2024-01-05 15:19:00+00:00,2024-01-05 15:19:00+00:00,2024-01-05 15:22:00+00:00,2024-01-05 15:22:00+00:00,pullback_long_open_7b7dd96cd520,1,market,0.0,3,1,20,12,48335.0
359911,359912,359914,359914,closed,timeout,18500.75,18505.5,18501.0,18505.25,18480.75,18512.75,4.75,4.25,3.75,75.0,10.0,0.5,3.0,3.0,6.75,2024-01-05 15:43:00+00:00,2024-01-05 15:43:00+00:00,2024-01-05 15:46:00+00:00,2024-01-05 15:46:00+00:00,pullback_long_open_7b7dd96cd520,1,market,0.0,3,1,20,12,48410.0
361217,361218,361218,361218,closed,target,18507.0,18519.0,18507.25,18518.75,18487.0,18519.0,12.0,11.5,11.0,220.0,10.0,0.5,1.0,1.0,0.25,2024-01-08 14:44:00+00:00,2024-01-08 14:44:00+00:00,2024-01-08 14:45:00+00:00,2024-01-08 14:47:00+00:00,pullback_long_open_7b7dd96cd520,1,market,0.0,3,1,20,12,48630.0
361225,361226,361228,361228,closed,timeout,18533.25,18533.75,18533.5,18533.5,18513.25,18545.25,0.5,0.0,-0.5,-10.0,10.0,0.5,3.0,3.0,15.25,2024-01-08 14:52:00+00:00,2024-01-08 14:52:00+00:00,2024-01-08 14:55:00+00:00,2024-01-08 14:55:00+00:00,pullback_long_open_7b7dd96cd520,1,market,0.0,3,1,20,12,48620.0
361236,361237,361238,361238,closed,target,18562.0,18574.0,18562.25,18573.75,18542.0,18574.0,12.0,11.5,11.0,220.0,10.0,0.5,2.0,2.0,2.25,2024-01-08 15:03:00+00:00,2024-01-08 15:03:00+00:00,2024-01-08 15:05:00+00:00,2024-01-08 15:06:00+00:00,pullback_long_open_7b7dd96cd520,1,market,0.0,3,1,20,12,48840.0
361249,361250,361252,361252,closed,timeout,18576.5,18568.75,18576.75,18568.5,18556.5,18588.5,-7.75,-8.25,-8.75,-175.0,10.0,0.5,3.0,3.0,9.5,2024-01-08 15:16:00+00:00,2024-01-08 15:16:00+00:00,2024-01-08 15:19:00+00:00,2024-01-08 15:19:00+00:00,pullback_long_open_7b7dd96cd520,1,market,0.0,3,1,20,12,48665.0
361256,361257,361259,361259,closed,timeout,18577.25,18574.0,18577.5,18573.75,18557.25,18589.25,-3.25,-3.75,-4.25,-85.0,10.0,0.5,3.0,3.0,10.0,2024-01-08 15:23:00+00:00,2024-01-08 15:23:00+00:00,2024-01-08 15:26:00+00:00,2024-01-08 15:26:00+00:00,pullback_long_open_7b7dd96cd520,1,market,0.0,3,1,20,12,48580.0
361278,361279,361281,361281,closed,timeout,18593.75,18599.5,18594.0,18599.25,18573.75,18605.75,5.75,5.25,4.75,95.0,10.0,0.5,3.0,3.0,1.0,2024-01-08 15:45:00+00:00,2024-01-08 15:45:00+00:00,2024-01-08 15:48:00+00:00,2024-01-08 15:48:00+00:00,pullback_long_open_7b7dd96cd520,1,market,0.0,3,1,20,12,48675.0
361286,361287,361289,361289,closed,timeout,18607.0,18606.25,18607.25,18606.0,18587.0,18619.0,-0.75,-1.25,-1.75,-35.0,10.0,0.5,3.0,3.0,6.75,2024-01-08 15:53:00+00:00,2024-01-08 15:53:00+00:00,2024-01-08 15:56:00+00:00,2024-01-08 15:56:00+00:00,pullback_long_open_7b7dd96cd520,1,market,0.0,3,1,20,12,48640.0
361289,361290,361292,361292,closed,timeout,18606.5,18600.25,18606.75,18600.0,18586.5,18618.5,-6.25,-6.75,-7.25,-145.0,10.0,0.5,3.0,3.0,8.0,2024-01-08 15:56:00+00:00,2024-01-08 15:56:00+00:00,2024-01-08 15:59:00+00:00,2024-01-08 15:59:00+00:00,pullback_long_open_7b7dd96cd520,1,market,0.0,3,1,20,12,48495.0
362604,362605,362606,362606,closed,target,18639.25,18651.25,18639.5,18651.0,18619.25,18651.25,12.0,11.5,11.0,220.0,10.0,0.5,2.0,2.0,5.5,2024-01-09 15:07:00+00:00,2024-01-09 15:07:00+00:00,2024-01-09 15:09:00+00:00,2024-01-09 15:10:00+00:00,pullback_long_open_7b7dd96cd520,1,market,0.0,3,1,20,12,48715.0
362645,362646,362648,362648,closed,timeout,18683.75,18687.75,18684.0,18687.5,18663.75,18695.75,4.0,3.5,3.0,60.0,10.0,0.5,3.0,3.0,4.75,2024-01-09 15:48:00+00:00,2024-01-09 15:48:00+00:00,2024-01-09 15:51:00+00:00,2024-01-09 15:51:00+00:00,pullback_long_open_7b7dd96cd520,1,market,0.0,3,1,20,12,48775.0
362653,362654,362656,362656,closed,timeout,18687.0,18671.0,18687.25,18670.75,18667.0,18699.0,-16.0,-16.5,-17.0,-340.0,10.0,0.5,3.0,3.0,19.0,2024-01-09 15:56:00+00:00,2024-01-09 15:56:00+00:00,2024-01-09 15:59:00+00:00,2024-01-09 15:59:00+00:00,pullback_long_open_7b7dd96cd520,1,market,0.0,3,1,20,12,48435.0
363932,363933,363933,363933,closed,target,18781.25,18793.25,18781.5,18793.0,18761.25,18793.25,12.0,11.5,11.0,220.0,10.0,0.5,1.0,1.0,0.75,2024-01-10 14:30:00+00:00,2024-01-10 14:30:00+00:00,2024-01-10 14:31:00+00:00,2024-01-10 14:33:00+00:00,pullback_long_open_7b7dd96cd520,1,market,0.0,3,1,20,12,48655.0
363938,363939,363941,363941,closed,timeout,18803.5,18807.75,18803.75,18807.5,18783.5,18815.5,4.25,3.75,3.25,65.0,10.0,0.5,3.0,3.0,1.25,2024-01-10 14:36:00+00:00,2024-01-10 14:36:00+00:00,2024-01-10 14:39:00+00:00,2024-01-10 14:39:00+00:00,pullback_long_open_7b7dd96cd520,1,market,0.0,3,1,20,12,48720.0
363944,363945,363947,363947,closed,target,18798.75,18810.75,18799.0,18810.5,18778.75,18810.75,12.0,11.5,11.0,220.0,10.0,0.5,3.0,3.0,2.5,2024-01-10 14:42:00+00:00,2024-01-10 14:42:00+00:00,2024-01-10 14:45:00+00:00,2024-01-10 14:45:00+00:00,pullback_long_open_7b7dd96cd520,1,market,0.0,3,1,20,12,48940.0
363951,363952,363953,363953,closed,stop,18794.0,18774.0,18794.25,18773.75,18774.0,18806.0,-20.0,-20.5,-21.0,-420.0,10.0,0.5,2.0,2.0,25.25,2024-01-10 14:49:00+00:00,2024-01-10 14:49:00+00:00,2024-01-10 14:51:00+00:00,2024-01-10 14:52:00+00:00,pullback_long_open_7b7dd96cd520,1,market,0.0,3,1,20,12,48520.0
363984,363985,363987,363987,closed,timeout,18788.25,18782.5,18788.5,18782.25,18768.25,18800.25,-5.75,-6.25,-6.75,-135.0,10.0,0.5,3.0,3.0,8.5,2024-01-10 15:22:00+00:00,2024-01-10 15:22:00+00:00,2024-01-10 15:25:00+00:00,2024-01-10 15:25:00+00:00,pullback_long_open_7b7dd96cd520,1,market,0.0,3,1,20,12,48385.0
363988,363989,363991,363991,closed,target,18786.0,18798.0,18786.25,18797.75,18766.0,18798.0,12.0,11.5,11.0,220.0,10.0,0.5,3.0,3.0,3.75,2024-01-10 15:26:00+00:00,2024-01-10 15:26:00+00:00,2024-01-10 15:29:00+00:00,2024-01-10 15:29:00+00:00,pullback_long_open_7b7dd96cd520,1,market,0.0,3,1,20,12,48605.0
363999,364000,364002,364002,closed,timeout,18808.25,18805.0,18808.5,18804.75,18788.25,18820.25,-3.25,-3.75,-4.25,-85.0,10.0,0.5,3.0,3.0,14.0,2024-01-10 15:37:00+00:00,2024-01-10 15:37:00+00:00,2024-01-10 15:40:00+00:00,2024-01-10 15:40:00+00:00,pullback_long_open_7b7dd96cd520,1,market,0.0,3,1,20,12,48520.0
364002,364003,364005,364005,closed,target,18804.75,18816.75,18805.0,18816.5,18784.75,18816.75,12.0,11.5,11.0,220.0,10.0,0.5,3.0,3.0,1.5,2024-01-10 15:40:00+00:00,2024-01-10 15:40:00+00:00,2024-01-10 15:43:00+00:00,2024-01-10 15:43:00+00:00,pullback_long_open_7b7dd96cd520,1,market,0.0,3,1,20,12,48740.0
364011,364012,364014,364014,closed,timeout,18827.5,18831.75,18827.75,18831.5,18807.5,18839.5,4.25,3.75,3.25,65.0,10.0,0.5,3.0,3.0,2.75,2024-01-10 15:49:00+00:00,2024-01-10 15:49:00+00:00,2024-01-10 15:52:00+00:00,2024-01-10 15:52:00+00:00,pullback_long_open_7b7dd96cd520,1,market,0.0,3,1,20,12,48805.0
364016,364017,364019,364019,closed,timeout,18828.25,18823.5,18828.5,18823.25,18808.25,18840.25,-4.75,-5.25,-5.75,-115.0,10.0,0.5,3.0,3.0,6.25,2024-01-10 15:54:00+00:00,2024-01-10 15:54:00+00:00,2024-01-10 15:57:00+00:00,2024-01-10 15:57:00+00:00,pullback_long_open_7b7dd96cd520,1,market,0.0,3,1,20,12,48690.0
364020,364021,364023,364023,closed,timeout,18827.0,18835.5,18827.25,18835.25,18807.0,18839.0,8.5,8.0,7.5,150.0,10.0,0.5,3.0,3.0,0.75,2024-01-10 15:58:00+00:00,2024-01-10 15:58:00+00:00,2024-01-10 16:01:00+00:00,2024-01-10 16:01:00+00:00,pullback_long_open_7b7dd96cd520,1,market,0.0,3,1,20,12,48840.0
365301,365302,365302,365302,closed,target,18942.0,18954.0,18942.25,18953.75,18922.0,18954.0,12.0,11.5,11.0,220.0,10.0,0.5,1.0,1.0,6.0,2024-01-11 14:34:00+00:00,2024-01-11 14:34:00+00:00,2024-01-11 14:35:00+00:00,2024-01-11 14:37:00+00:00,pullback_long_open_7b7dd96cd520,1,market,0.0,3,1,20,12,49060.0
365308,365309,365310,365310,closed,stop,18962.75,18942.75,18963.0,18942.5,18942.75,18974.75,-20.0,-20.5,-21.0,-420.0,10.0,0.5,2.0,2.0,32.5,2024-01-11 14:41:00+00:00,2024-01-11 14:41:00+00:00,2024-01-11 14:43:00+00:00,2024-01-11 14:44:00+00:00,pullback_long_open_7b7dd96cd520,1,market,0.0,3,1,20,12,48640.0
365353,365354,365356,365356,closed,timeout,18828.5,18831.75,18828.75,18831.5,18808.5,18840.5,3.25,2.75,2.25,45.0,10.0,0.5,3.0,3.0,13.25,2024-01-11 15:26:00+00:00,2024-01-11 15:26:00+00:00,2024-01-11 15:29:00+00:00,2024-01-11 15:29:00+00:00,pullback_long_open_7b7dd96cd520,1,market,0.0,3,1,20,12,48685.0
365363,365364,365364,365364,closed,target,18820.75,18832.75,18821.0,18832.5,18800.75,18832.75,12.0,11.5,11.0,220.0,10.0,0.5,1.0,1.0,2.0,2024-01-11 15:36:00+00:00,2024-01-11 15:36:00+00:00,2024-01-11 15:37:00+00:00,2024-01-11 15:39:00+00:00,pullback_long_open_7b7dd96cd520,1,market,0.0,3,1,20,12,48905.0
365364,365365,365367,365367,closed,timeout,18834.75,18841.25,18835.0,18841.0,18814.75,18846.75,6.5,6.0,5.5,110.0,10.0,0.5,3.0,3.0,10.25,2024-01-11 15:37:00+00:00,2024-01-11 15:37:00+00:00,2024-01-11 15:40:00+00:00,2024-01-11 15:40:00+00:00,pullback_long_open_7b7dd96cd520,1,market,0.0,3,1,20,12,49015.0
366666,366667,366669,366669,closed,target,18927.5,18939.5,18927.75,18939.25,18907.5,18939.5,12.0,11.5,11.0,220.0,10.0,0.5,3.0,3.0,9.25,2024-01-12 14:34:00+00:00,2024-01-12 14:34:00+00:00,2024-01-12 14:37:00+00:00,2024-01-12 14:37:00+00:00,pullback_long_open_7b7dd96cd520,1,market,0.0,3,1,20,12,49235.0
366680,366681,366683,366683,closed,timeout,18976.5,18973.0,18976.75,18972.75,18956.5,18988.5,-3.5,-4.0,-4.5,-90.0,10.0,0.5,3.0,3.0,9.0,2024-01-12 14:48:00+00:00,2024-01-12 14:48:00+00:00,2024-01-12 14:51:00+00:00,2024-01-12 14:51:00+00:00,pullback_long_open_7b7dd96cd520,1,market,0.0,3,1,20,12,49145.0
366688,366689,366691,366691,closed,stop,18968.75,18948.75,18969.0,18948.5,18948.75,18980.75,-20.0,-20.5,-21.0,-420.0,10.0,0.5,3.0,3.0,20.5,2024-01-12 14:56:00+00:00,2024-01-12 14:56:00+00:00,2024-01-12 14:59:00+00:00,2024-01-12 14:59:00+00:00,pullback_long_open_7b7dd96cd520,1,market,0.0,3,1,20,12,48725.0
366733,366734,366734,366734,closed,target,18904.25,18916.25,18904.5,18916.0,18884.25,18916.25,12.0,11.5,11.0,220.0,10.0,0.5,1.0,1.0,3.0,2024-01-12 15:41:00+00:00,2024-01-12 15:41:00+00:00,2024-01-12 15:42:00+00:00,2024-01-12 15:44:00+00:00,pullback_long_open_7b7dd96cd520,1,market,0.0,3,1,20,12,48945.0
366734,366735,366735,366735,closed,stop,18914.25,18894.25,18914.5,18894.0,18894.25,18926.25,-20.0,-20.5,-21.0,-420.0,10.0,0.5,1.0,1.0,21.25,2024-01-12 15:42:00+00:00,2024-01-12 15:42:00+00:00,2024-01-12 15:43:00+00:00,2024-01-12 15:45:00+00:00,pullback_long_open_7b7dd96cd520,1,market,0.0,3,1,20,12,48525.0
368031,368032,368034,368034,closed,timeout,18904.25,18899.25,18904.5,18899.0,18884.25,18916.25,-5.0,-5.5,-6.0,-120.0,10.0,0.5,3.0,3.0,11.0,2024-01-15 14:34:00+00:00,2024-01-15 14:34:00+00:00,2024-01-15 14:37:00+00:00,2024-01-15 14:37:00+00:00,pullback_long_open_7b7dd96cd520,1,market,0.0,3,1,20,12,48405.0
368036,368037,368039,368039,closed,timeout,18900.75,18901.0,18901.0,18900.75,18880.75,18912.75,0.25,-0.25,-0.75,-15.0,10.0,0.5,3.0,3.0,0.75,2024-01-15 14:39:00+00:00,2024-01-15 14:39:00+00:00,2024-01-15 14:42:00+00:00,2024-01-15 14:42:00+00:00,pullback_long_open_7b7dd96cd520,1,market,0.0,3,1,20,12,48390.0
368066,368067,368069,368069,closed,timeout,18891.0,18887.75,18891.25,18887.5,18871.0,18903.0,-3.25,-3.75,-4.25,-85.0,10.0,0.5,3.0,3.0,3.75,2024-01-15 15:09:00+00:00,2024-01-15 15:09:00+00:00,2024-01-15 15:12:00+00:00,2024-01-15 15:12:00+00:00,pullback_long_open_7b7dd96cd520,1,market,0.0,3,1,20,12,48305.0
368070,368071,368073,368073,closed,timeout,18888.5,18887.75,18888.75,18887.5,18868.5,18900.5,-0.75,-1.25,-1.75,-35.0,10.0,0.5,3.0,3.0,7.0,2024-01-15 15:13:00+00:00,2024-01-15 15:13:00+00:00,2024-01-15 15:16:00+00:00,2024-01-15 15:16:00+00:00,pullback_long_open_7b7dd96cd520,1,market,0.0,3,1,20,12,48270.0
368100,368101,368103,368103,closed,timeout,18904.0,18906.0,18904.25,18905.75,18884.0,18916.0,2.0,1.5,1.0,20.0,10.0,0.5,3.0,3.0,1.25,2024-01-15 15:43:00+00:00,2024-01-15 15:43:00+00:00,2024-01-15 15:46:00+00:00,2024-01-15 15:46:00+00:00,pullback_long_open_7b7dd96cd520,1,market,0.0,3,1,20,12,48290.0
368116,368117,368119,368119,closed,timeout,18915.75,18917.0,18916.0,18916.75,18895.75,18927.75,1.25,0.75,0.25,5.0,10.0,0.5,3.0,3.0,3.0,2024-01-15 15:59:00+00:00,2024-01-15 15:59:00+00:00,2024-01-15 16:02:00+00:00,2024-01-15 16:02:00+00:00,pullback_long_open_7b7dd96cd520,1,market,0.0,3,1,20,12,48295.0
369170,369171,369173,369173,closed,target,18871.75,18883.75,18872.0,18883.5,18851.75,18883.75,12.0,11.5,11.0,220.0,10.0,0.5,3.0,3.0,17.75,2024-01-16 14:33:00+00:00,2024-01-16 14:33:00+00:00,2024-01-16 14:36:00+00:00,2024-01-16 14:36:00+00:00,pullback_long_open_7b7dd96cd520,1,market,0.0,3,1,20,12,48515.0
369203,369204,369205,369205,closed,stop,18855.5,18835.5,18855.75,18835.25,18835.5,18867.5,-20.0,-20.5,-21.0,-420.0,10.0,0.5,2.0,2.0,21.75,2024-01-16 15:06:00+00:00,2024-01-16 15:06:00+00:00,2024-01-16 15:08:00+00:00,2024-01-16 15:09:00+00:00,pullback_long_open_7b7dd96cd520,1,market,0.0,3,1,20,12,48095.0
369206,369207,369208,369208,closed,target,18856.75,18868.75,18857.0,18868.5,18836.75,18868.75,12.0,11.5,11.0,220.0,10.0,0.5,2.0,2.0,6.5,2024-01-16 15:09:00+00:00,2024-01-16 15:09:00+00:00,2024-01-16 15:11:00+00:00,2024-01-16 15:12:00+00:00,pullback_long_open_7b7dd96cd520,1,market,0.0,3,1,20,12,48315.0
369236,369237,369238,369238,closed,target,18933.25,18945.25,18933.5,18945.0,18913.25,18945.25,12.0,11.5,11.0,220.0,10.0,0.5,2.0,2.0,0.75,2024-01-16 15:39:00+00:00,2024-01-16 15:39:00+00:00,2024-01-16 15:41:00+00:00,2024-01-16 15:42:00+00:00,pullback_long_open_7b7dd96cd520,1,market,0.0,3,1,20,12,48535.0
369249,369250,369252,369252,closed,timeout,18967.5,18970.5,18967.75,18970.25,18947.5,18979.5,3.0,2.5,2.0,40.0,10.0,0.5,3.0,3.0,4.75,2024-01-16 15:52:00+00:00,2024-01-16 15:52:00+00:00,2024-01-16 15:55:00+00:00,2024-01-16 15:55:00+00:00,pullback_long_open_7b7dd96cd520,1,market,0.0,3,1,20,12,48575.0
370581,370582,370584,370584,closed,stop,18680.25,18660.25,18680.5,18660.0,18660.25,18692.25,-20.0,-20.5,-21.0,-420.0,10.0,0.5,3.0,3.0,22.75,2024-01-17 15:19:00+00:00,2024-01-17 15:19:00+00:00,2024-01-17 15:22:00+00:00,2024-01-17 15:22:00+00:00,pullback_long_open_7b7dd96cd520,1,market,0.0,3,1,20,12,48155.0
370585,370586,370587,370587,closed,target,18666.0,18678.0,18666.25,18677.75,18646.0,18678.0,12.0,11.5,11.0,220.0,10.0,0.5,2.0,2.0,6.0,2024-01-17 15:23:00+00:00,2024-01-17 15:23:00+00:00,2024-01-17 15:25:00+00:00,2024-01-17 15:26:00+00:00,pullback_long_open_7b7dd96cd520,1,market,0.0,3,1,20,12,48375.0
370609,370610,370612,370612,closed,timeout,18717.25,18712.75,18717.5,18712.5,18697.25,18729.25,-4.5,-5.0,-5.5,-110.0,10.0,0.5,3.0,3.0,14.25,2024-01-17 15:47:00+00:00,2024-01-17 15:47:00+00:00,2024-01-17 15:50:00+00:00,2024-01-17 15:50:00+00:00,pullback_long_open_7b7dd96cd520,1,market,0.0,3,1,20,12,48265.0
370612,370613,370615,370615,closed,timeout,18712.25,18703.25,18712.5,18703.0,18692.25,18724.25,-9.0,-9.5,-10.0,-200.0,10.0,0.5,3.0,3.0,11.0,2024-01-17 15:50:00+00:00,2024-01-17 15:50:00+00:00,2024-01-17 15:53:00+00:00,2024-01-17 15:53:00+00:00,pullback_long_open_7b7dd96cd520,1,market,0.0,3,1,20,12,48065.0
371901,371902,371904,371904,closed,timeout,18976.5,18975.25,18976.75,18975.0,18956.5,18988.5,-1.25,-1.75,-2.25,-45.0,10.0,0.5,3.0,3.0,10.75,2024-01-18 14:34:00+00:00,2024-01-18 14:34:00+00:00,2024-01-18 14:37:00+00:00,2024-01-18 14:37:00+00:00,pullback_long_open_7b7dd96cd520,1,market,0.0,3,1,20,12,48020.0
371907,371908,371908,371908,closed,target,18975.0,18987.0,18975.25,18986.75,18955.0,18987.0,12.0,11.5,11.0,220.0,10.0,0.5,1.0,1.0,0.75,2024-01-18 14:40:00+00:00,2024-01-18 14:40:00+00:00,2024-01-18 14:41:00+00:00,2024-01-18 14:43:00+00:00,pullback_long_open_7b7dd96cd520,1,market,0.0,3,1,20,12,48240.0
371915,371916,371918,371918,closed,stop,18974.75,18954.75,18975.0,18954.5,18954.75,18986.75,-20.0,-20.5,-21.0,-420.0,10.0,0.5,3.0,3.0,23.5,2024-01-18 14:48:00+00:00,2024-01-18 14:48:00+00:00,2024-01-18 14:51:00+00:00,2024-01-18 14:51:00+00:00,pullback_long_open_7b7dd96cd520,1,market,0.0,3,1,20,12,47820.0
371950,371951,371953,371953,closed,timeout,18968.5,18965.5,18968.75,18965.25,18948.5,18980.5,-3.0,-3.5,-4.0,-80.0,10.0,0.5,3.0,3.0,11.25,2024-01-18 15:23:00+00:00,2024-01-18 15:23:00+00:00,2024-01-18 15:26:00+00:00,2024-01-18 15:26:00+00:00,pullback_long_open_7b7dd96cd520,1,market,0.0,3,1,20,12,47740.0
371962,371963,371964,371964,closed,target,18981.0,18993.0,18981.25,18992.75,18961.0,18993.0,12.0,11.5,11.0,220.0,10.0,0.5,2.0,2.0,5.0,2024-01-18 15:35:00+00:00,2024-01-18 15:35:00+00:00,2024-01-18 15:37:00+00:00,2024-01-18 15:38:00+00:00,pullback_long_open_7b7dd96cd520,1,market,0.0,3,1,20,12,47960.0
371971,371972,371974,371974,closed,timeout,19000.25,19003.5,19000.5,19003.25,18980.25,19012.25,3.25,2.75,2.25,45.0,10.0,0.5,3.0,3.0,5.0,2024-01-18 15:44:00+00:00,2024-01-18 15:44:00+00:00,2024-01-18 15:47:00+00:00,2024-01-18 15:47:00+00:00,pullback_long_open_7b7dd96cd520,1,market,0.0,3,1,20,12,48005.0
371974,371975,371977,371977,closed,target,19004.0,19016.0,19004.25,19015.75,18984.0,19016.0,12.0,11.5,11.0,220.0,10.0,0.5,3.0,3.0,3.25,2024-01-18 15:47:00+00:00,2024-01-18 15:47:00+00:00,2024-01-18 15:50:00+00:00,2024-01-18 15:50:00+00:00,pullback_long_open_7b7dd96cd520,1,market,0.0,3,1,20,12,48225.0
371980,371981,371983,371983,closed,timeout,19011.5,19014.5,19011.75,19014.25,18991.5,19023.5,3.0,2.5,2.0,40.0,10.0,0.5,3.0,3.0,2.0,2024-01-18 15:53:00+00:00,2024-01-18 15:53:00+00:00,2024-01-18 15:56:00+00:00,2024-01-18 15:56:00+00:00,pullback_long_open_7b7dd96cd520,1,market,0.0,3,1,20,12,48265.0
373284,373285,373287,373287,closed,timeout,19143.25,19151.25,19143.5,19151.0,19123.25,19155.25,8.0,7.5,7.0,140.0,10.0,0.5,3.0,3.0,14.25,2024-01-19 14:52:00+00:00,2024-01-19 14:52:00+00:00,2024-01-19 14:55:00+00:00,2024-01-19 14:55:00+00:00,pullback_long_open_7b7dd96cd520,1,market,0.0,3,1,20,12,48405.0
373328,373329,373331,373331,closed,timeout,19149.25,19155.75,19149.5,19155.5,19129.25,19161.25,6.5,6.0,5.5,110.0,10.0,0.5,3.0,3.0,0.25,2024-01-19 15:36:00+00:00,2024-01-19 15:36:00+00:00,2024-01-19 15:39:00+00:00,2024-01-19 15:39:00+00:00,pullback_long_open_7b7dd96cd520,1,market,0.0,3,1,20,12,48515.0
373344,373345,373347,373347,closed,timeout,19162.75,19164.75,19163.0,19164.5,19142.75,19174.75,2.0,1.5,1.0,20.0,10.0,0.5,3.0,3.0,5.25,2024-01-19 15:52:00+00:00,2024-01-19 15:52:00+00:00,2024-01-19 15:55:00+00:00,2024-01-19 15:55:00+00:00,pullback_long_open_7b7dd96cd520,1,market,0.0,3,1,20,12,48535.0
374627,374628,374628,374628,closed,target,19470.0,19482.0,19470.25,19481.75,19450.0,19482.0,12.0,11.5,11.0,220.0,10.0,0.5,1.0,1.0,1.5,2024-01-22 14:30:00+00:00,2024-01-22 14:30:00+00:00,2024-01-22 14:31:00+00:00,2024-01-22 14:33:00+00:00,pullback_long_open_7b7dd96cd520,1,market,0.0,3,1,20,12,48755.0
374635,374636,374638,374638,closed,stop,19499.5,19479.5,19499.75,19479.25,19479.5,19511.5,-20.0,-20.5,-21.0,-420.0,10.0,0.5,3.0,3.0,28.25,2024-01-22 14:38:00+00:00,2024-01-22 14:38:00+00:00,2024-01-22 14:41:00+00:00,2024-01-22 14:41:00+00:00,pullback_long_open_7b7dd96cd520,1,market,0.0,3,1,20,12,48335.0
374659,374660,374660,374660,closed,stop,19485.5,19465.5,19485.75,19465.25,19465.5,19497.5,-20.0,-20.5,-21.0,-420.0,10.0,0.5,1.0,1.0,22.0,2024-01-22 15:02:00+00:00,2024-01-22 15:02:00+00:00,2024-01-22 15:03:00+00:00,2024-01-22 15:05:00+00:00,pullback_long_open_7b7dd96cd520,1,market,0.0,3,1,20,12,47915.0
376065,376066,376068,376068,closed,timeout,19411.75,19397.5,19412.0,19397.25,19391.75,19423.75,-14.25,-14.75,-15.25,-305.0,10.0,0.5,3.0,3.0,17.5,2024-01-23 15:43:00+00:00,2024-01-23 15:43:00+00:00,2024-01-23 15:46:00+00:00,2024-01-23 15:46:00+00:00,pullback_long_open_7b7dd96cd520,1,market,0.0,3,1,20,12,47610.0
377412,377413,377415,377415,closed,timeout,19646.5,19647.5,19646.75,19647.25,19626.5,19658.5,1.0,0.5,0.0,0.0,10.0,0.5,3.0,3.0,2.25,2024-01-24 15:25:00+00:00,2024-01-24 15:25:00+00:00,2024-01-24 15:28:00+00:00,2024-01-24 15:28:00+00:00,pullback_long_open_7b7dd96cd520,1,market,0.0,3,1,20,12,47610.0
377419,377420,377422,377422,closed,timeout,19655.25,19662.0,19655.5,19661.75,19635.25,19667.25,6.75,6.25,5.75,115.0,10.0,0.5,3.0,3.0,1.0,2024-01-24 15:32:00+00:00,2024-01-24 15:32:00+00:00,2024-01-24 15:35:00+00:00,2024-01-24 15:35:00+00:00,pullback_long_open_7b7dd96cd520,1,market,0.0,3,1,20,12,47725.0
377436,377437,377439,377439,closed,timeout,19687.75,19680.0,19688.0,19679.75,19667.75,19699.75,-7.75,-8.25,-8.75,-175.0,10.0,0.5,3.0,3.0,16.25,2024-01-24 15:49:00+00:00,2024-01-24 15:49:00+00:00,2024-01-24 15:52:00+00:00,2024-01-24 15:52:00+00:00,pullback_long_open_7b7dd96cd520,1,market,0.0,3,1,20,12,47550.0
377439,377440,377442,377442,closed,timeout,19680.5,19675.25,19680.75,19675.0,19660.5,19692.5,-5.25,-5.75,-6.25,-125.0,10.0,0.5,3.0,3.0,17.0,2024-01-24 15:52:00+00:00,2024-01-24 15:52:00+00:00,2024-01-24 15:55:00+00:00,2024-01-24 15:55:00+00:00,pullback_long_open_7b7dd96cd520,1,market,0.0,3,1,20,12,47425.0
377442,377443,377445,377445,closed,timeout,19675.25,19674.25,19675.5,19674.0,19655.25,19687.25,-1.0,-1.5,-2.0,-40.0,10.0,0.5,3.0,3.0,11.75,2024-01-24 15:55:00+00:00,2024-01-24 15:55:00+00:00,2024-01-24 15:58:00+00:00,2024-01-24 15:58:00+00:00,pullback_long_open_7b7dd96cd520,1,market,0.0,3,1,20,12,47385.0
378780,378781,378783,378783,closed,timeout,19666.25,19676.0,19666.5,19675.75,19646.25,19678.25,9.75,9.25,8.75,175.0,10.0,0.5,3.0,3.0,0.75,2024-01-25 15:28:00+00:00,2024-01-25 15:28:00+00:00,2024-01-25 15:31:00+00:00,2024-01-25 15:31:00+00:00,pullback_long_open_7b7dd96cd520,1,market,0.0,3,1,20,12,47560.0
380142,380143,380144,380144,closed,target,19496.25,19508.25,19496.5,19508.0,19476.25,19508.25,12.0,11.5,11.0,220.0,10.0,0.5,2.0,2.0,0.25,2024-01-26 15:25:00+00:00,2024-01-26 15:25:00+00:00,2024-01-26 15:27:00+00:00,2024-01-26 15:28:00+00:00,pullback_long_open_7b7dd96cd520,1,market,0.0,3,1,20,12,47780.0
380154,380155,380156,380156,closed,target,19535.0,19547.0,19535.25,19546.75,19515.0,19547.0,12.0,11.5,11.0,220.0,10.0,0.5,2.0,2.0,0.5,2024-01-26 15:37:00+00:00,2024-01-26 15:37:00+00:00,2024-01-26 15:39:00+00:00,2024-01-26 15:40:00+00:00,pullback_long_open_7b7dd96cd520,1,market,0.0,3,1,20,12,48000.0
380159,380160,380162,380162,closed,timeout,19536.25,19542.0,19536.5,19541.75,19516.25,19548.25,5.75,5.25,4.75,95.0,10.0,0.5,3.0,3.0,1.75,2024-01-26 15:42:00+00:00,2024-01-26 15:42:00+00:00,2024-01-26 15:45:00+00:00,2024-01-26 15:45:00+00:00,pullback_long_open_7b7dd96cd520,1,market,0.0,3,1,20,12,48095.0
380175,380176,380178,380178,closed,timeout,19560.0,19563.5,19560.25,19563.25,19540.0,19572.0,3.5,3.0,2.5,50.0,10.0,0.5,3.0,3.0,1.0,2024-01-26 15:58:00+00:00,2024-01-26 15:58:00+00:00,2024-01-26 16:01:00+00:00,2024-01-26 16:01:00+00:00,pullback_long_open_7b7dd96cd520,1,market,0.0,3,1,20,12,48145.0
381469,381470,381472,381472,closed,timeout,19511.5,19507.75,19511.75,19507.5,19491.5,19523.5,-3.75,-4.25,-4.75,-95.0,10.0,0.5,3.0,3.0,17.5,2024-01-29 14:47:00+00:00,2024-01-29 14:47:00+00:00,2024-01-29 14:50:00+00:00,2024-01-29 14:50:00+00:00,pullback_long_open_7b7dd96cd520,1,market,0.0,3,1,20,12,48050.0
381472,381473,381475,381475,closed,timeout,19508.0,19501.5,19508.25,19501.25,19488.0,19520.0,-6.5,-7.0,-7.5,-150.0,10.0,0.5,3.0,3.0,9.5,2024-01-29 14:50:00+00:00,2024-01-29 14:50:00+00:00,2024-01-29 14:53:00+00:00,2024-01-29 14:53:00+00:00,pullback_long_open_7b7dd96cd520,1,market,0.0,3,1,20,12,47900.0
381477,381478,381480,381480,closed,timeout,19508.5,19499.0,19508.75,19498.75,19488.5,19520.5,-9.5,-10.0,-10.5,-210.0,10.0,0.5,3.0,3.0,14.5,2024-01-29 14:55:00+00:00,2024-01-29 14:55:00+00:00,2024-01-29 14:58:00+00:00,2024-01-29 14:58:00+00:00,pullback_long_open_7b7dd96cd520,1,market,0.0,3,1,20,12,47690.0
381507,381508,381510,381510,closed,timeout,19482.5,19486.5,19482.75,19486.25,19462.5,19494.5,4.0,3.5,3.0,60.0,10.0,0.5,3.0,3.0,13.25,2024-01-29 15:25:00+00:00,2024-01-29 15:25:00+00:00,2024-01-29 15:28:00+00:00,2024-01-29 15:28:00+00:00,pullback_long_open_7b7dd96cd520,1,market,0.0,3,1,20,12,47750.0
381528,381529,381531,381531,closed,timeout,19486.25,19477.75,19486.5,19477.5,19466.25,19498.25,-8.5,-9.0,-9.5,-190.0,10.0,0.5,3.0,3.0,9.75,2024-01-29 15:46:00+00:00,2024-01-29 15:46:00+00:00,2024-01-29 15:49:00+00:00,2024-01-29 15:49:00+00:00,pullback_long_open_7b7dd96cd520,1,market,0.0,3,1,20,12,47560.0
382822,382823,382825,382825,closed,timeout,19617.0,19620.25,19617.25,19620.0,19597.0,19629.0,3.25,2.75,2.25,45.0,10.0,0.5,3.0,3.0,8.5,2024-01-30 14:36:00+00:00,2024-01-30 14:36:00+00:00,2024-01-30 14:39:00+00:00,2024-01-30 14:39:00+00:00,pullback_long_open_7b7dd96cd520,1,market,0.0,3,1,20,12,47605.0
382830,382831,382833,382833,closed,timeout,19617.25,19610.5,19617.5,19610.25,19597.25,19629.25,-6.75,-7.25,-7.75,-155.0,10.0,0.5,3.0,3.0,9.75,2024-01-30 14:44:00+00:00,2024-01-30 14:44:00+00:00,2024-01-30 14:47:00+00:00,2024-01-30 14:47:00+00:00,pullback_long_open_7b7dd96cd520,1,market,0.0,3,1,20,12,47450.0
385591,385592,385594,385594,closed,timeout,19285.25,19280.75,19285.5,19280.5,19265.25,19297.25,-4.5,-5.0,-5.5,-110.0,10.0,0.5,3.0,3.0,5.75,2024-02-01 15:15:00+00:00,2024-02-01 15:15:00+00:00,2024-02-01 15:18:00+00:00,2024-02-01 15:18:00+00:00,pullback_long_open_7b7dd96cd520,1,market,0.0,3,1,20,12,47340.0
385599,385600,385601,385601,closed,target,19262.25,19274.25,19262.5,19274.0,19242.25,19274.25,12.0,11.5,11.0,220.0,10.0,0.5,2.0,2.0,3.0,2024-02-01 15:23:00+00:00,2024-02-01 15:23:00+00:00,2024-02-01 15:25:00+00:00,2024-02-01 15:26:00+00:00,pullback_long_open_7b7dd96cd520,1,market,0.0,3,1,20,12,47560.0
385601,385602,385603,385603,closed,target,19275.5,19287.5,19275.75,19287.25,19255.5,19287.5,12.0,11.5,11.0,220.0,10.0,0.5,2.0,2.0,3.25,2024-02-01 15:25:00+00:00,2024-02-01 15:25:00+00:00,2024-02-01 15:27:00+00:00,2024-02-01 15:28:00+00:00,pullback_long_open_7b7dd96cd520,1,market,0.0,3,1,20,12,47780.0
385610,385611,385613,385613,closed,timeout,19304.0,19307.75,19304.25,19307.5,19284.0,19316.0,3.75,3.25,2.75,55.0,10.0,0.5,3.0,3.0,9.25,2024-02-01 15:34:00+00:00,2024-02-01 15:34:00+00:00,2024-02-01 15:37:00+00:00,2024-02-01 15:37:00+00:00,pullback_long_open_7b7dd96cd520,1,market,0.0,3,1,20,12,47835.0
386936,386937,386938,386938,closed,target,19510.0,19522.0,19510.25,19521.75,19490.0,19522.0,12.0,11.5,11.0,220.0,10.0,0.5,2.0,2.0,7.5,2024-02-02 14:55:00+00:00,2024-02-02 14:55:00+00:00,2024-02-02 14:57:00+00:00,2024-02-02 14:58:00+00:00,pullback_long_open_7b7dd96cd520,1,market,0.0,3,1,20,12,48055.0
386988,386989,386990,386990,closed,target,19592.0,19604.0,19592.25,19603.75,19572.0,19604.0,12.0,11.5,11.0,220.0,10.0,0.5,2.0,2.0,3.0,2024-02-02 15:47:00+00:00,2024-02-02 15:47:00+00:00,2024-02-02 15:49:00+00:00,2024-02-02 15:50:00+00:00,pullback_long_open_7b7dd96cd520,1,market,0.0,3,1,20,12,48275.0
386992,386993,386995,386995,closed,timeout,19591.0,19583.0,19591.25,19582.75,19571.0,19603.0,-8.0,-8.5,-9.0,-180.0,10.0,0.5,3.0,3.0,14.25,2024-02-02 15:51:00+00:00,2024-02-02 15:51:00+00:00,2024-02-02 15:54:00+00:00,2024-02-02 15:54:00+00:00,pullback_long_open_7b7dd96cd520,1,market,0.0,3,1,20,12,48095.0
386996,386997,386999,386999,closed,target,19585.75,19597.75,19586.0,19597.5,19565.75,19597.75,12.0,11.5,11.0,220.0,10.0,0.5,3.0,3.0,3.5,2024-02-02 15:55:00+00:00,2024-02-02 15:55:00+00:00,2024-02-02 15:58:00+00:00,2024-02-02 15:58:00+00:00,pullback_long_open_7b7dd96cd520,1,market,0.0,3,1,20,12,48315.0
388278,388279,388281,388281,closed,target,19665.25,19677.25,19665.5,19677.0,19645.25,19677.25,12.0,11.5,11.0,220.0,10.0,0.5,3.0,3.0,13.0,2024-02-05 14:32:00+00:00,2024-02-05 14:32:00+00:00,2024-02-05 14:35:00+00:00,2024-02-05 14:35:00+00:00,pullback_long_open_7b7dd96cd520,1,market,0.0,3,1,20,12,48535.0
388283,388284,388285,388285,closed,stop,19671.25,19651.25,19671.5,19651.0,19651.25,19683.25,-20.0,-20.5,-21.0,-420.0,10.0,0.5,2.0,2.0,30.25,2024-02-05 14:37:00+00:00,2024-02-05 14:37:00+00:00,2024-02-05 14:39:00+00:00,2024-02-05 14:40:00+00:00,pullback_long_open_7b7dd96cd520,1,market,0.0,3,1,20,12,48115.0
389716,389717,389718,389718,closed,target,19574.5,19586.5,19574.75,19586.25,19554.5,19586.5,12.0,11.5,11.0,220.0,10.0,0.5,2.0,2.0,1.0,2024-02-06 15:45:00+00:00,2024-02-06 15:45:00+00:00,2024-02-06 15:47:00+00:00,2024-02-06 15:48:00+00:00,pullback_long_open_7b7dd96cd520,1,market,0.0,3,1,20,12,48335.0
391036,391037,391039,391039,closed,timeout,19687.0,19679.5,19687.25,19679.25,19667.0,19699.0,-7.5,-8.0,-8.5,-170.0,10.0,0.5,3.0,3.0,10.75,2024-02-07 15:00:00+00:00,2024-02-07 15:00:00+00:00,2024-02-07 15:03:00+00:00,2024-02-07 15:03:00+00:00,pullback_long_open_7b7dd96cd520,1,market,0.0,3,1,20,12,48165.0
391057,391058,391060,391060,closed,target,19753.25,19765.25,19753.5,19765.0,19733.25,19765.25,12.0,11.5,11.0,220.0,10.0,0.5,3.0,3.0,1.0,2024-02-07 15:21:00+00:00,2024-02-07 15:21:00+00:00,2024-02-07 15:24:00+00:00,2024-02-07 15:24:00+00:00,pullback_long_open_7b7dd96cd520,1,market,0.0,3,1,20,12,48385.0
391069,391070,391072,391072,closed,timeout,19794.25,19786.75,19794.5,19786.5,19774.25,19806.25,-7.5,-8.0,-8.5,-170.0,10.0,0.5,3.0,3.0,9.0,2024-02-07 15:33:00+00:00,2024-02-07 15:33:00+00:00,2024-02-07 15:36:00+00:00,2024-02-07 15:36:00+00:00,pullback_long_open_7b7dd96cd520,1,market,0.0,3,1,20,12,48215.0
391074,391075,391077,391077,closed,timeout,19789.0,19782.25,19789.25,19782.0,19769.0,19801.0,-6.75,-7.25,-7.75,-155.0,10.0,0.5,3.0,3.0,11.5,2024-02-07 15:38:00+00:00,2024-02-07 15:38:00+00:00,2024-02-07 15:41:00+00:00,2024-02-07 15:41:00+00:00,pullback_long_open_7b7dd96cd520,1,market,0.0,3,1,20,12,48060.0
391078,391079,391081,391081,closed,target,19786.75,19798.75,19787.0,19798.5,19766.75,19798.75,12.0,11.5,11.0,220.0,10.0,0.5,3.0,3.0,6.5,2024-02-07 15:42:00+00:00,2024-02-07 15:42:00+00:00,2024-02-07 15:45:00+00:00,2024-02-07 15:45:00+00:00,pullback_long_open_7b7dd96cd520,1,market,0.0,3,1,20,12,48280.0
392411,392412,392414,392414,closed,timeout,19785.0,19779.75,19785.25,19779.5,19765.0,19797.0,-5.25,-5.75,-6.25,-125.0,10.0,0.5,3.0,3.0,10.25,2024-02-08 15:10:00+00:00,2024-02-08 15:10:00+00:00,2024-02-08 15:13:00+00:00,2024-02-08 15:13:00+00:00,pullback_long_open_7b7dd96cd520,1,market,0.0,3,1,20,12,48155.0
392449,392450,392450,392450,closed,target,19799.25,19811.25,19799.5,19811.0,19779.25,19811.25,12.0,11.5,11.0,220.0,10.0,0.5,1.0,1.0,0.5,2024-02-08 15:48:00+00:00,2024-02-08 15:48:00+00:00,2024-02-08 15:49:00+00:00,2024-02-08 15:51:00+00:00,pullback_long_open_7b7dd96cd520,1,market,0.0,3,1,20,12,48375.0
393768,393769,393771,393771,closed,timeout,19876.5,19867.75,19876.75,19867.5,19856.5,19888.5,-8.75,-9.25,-9.75,-195.0,10.0,0.5,3.0,3.0,12.75,2024-02-09 15:03:00+00:00,2024-02-09 15:03:00+00:00,2024-02-09 15:06:00+00:00,2024-02-09 15:06:00+00:00,pullback_long_open_7b7dd96cd520,1,market,0.0,3,1,20,12,48180.0
393778,393779,393781,393781,closed,timeout,19876.25,19885.0,19876.5,19884.75,19856.25,19888.25,8.75,8.25,7.75,155.0,10.0,0.5,3.0,3.0,4.75,2024-02-09 15:13:00+00:00,2024-02-09 15:13:00+00:00,2024-02-09 15:16:00+00:00,2024-02-09 15:16:00+00:00,pullback_long_open_7b7dd96cd520,1,market,0.0,3,1,20,12,48335.0
393781,393782,393783,393783,closed,target,19885.0,19897.0,19885.25,19896.75,19865.0,19897.0,12.0,11.5,11.0,220.0,10.0,0.5,2.0,2.0,1.0,2024-02-09 15:16:00+00:00,2024-02-09 15:16:00+00:00,2024-02-09 15:18:00+00:00,2024-02-09 15:19:00+00:00,pullback_long_open_7b7dd96cd520,1,market,0.0,3,1,20,12,48555.0
393787,393788,393790,393790,closed,timeout,19902.5,19902.75,19902.75,19902.5,19882.5,19914.5,0.25,-0.25,-0.75,-15.0,10.0,0.5,3.0,3.0,7.5,2024-02-09 15:22:00+00:00,2024-02-09 15:22:00+00:00,2024-02-09 15:25:00+00:00,2024-02-09 15:25:00+00:00,pullback_long_open_7b7dd96cd520,1,market,0.0,3,1,20,12,48540.0
393805,393806,393808,393808,closed,timeout,19923.5,19928.75,19923.75,19928.5,19903.5,19935.5,5.25,4.75,4.25,85.0,10.0,0.5,3.0,3.0,6.5,2024-02-09 15:40:00+00:00,2024-02-09 15:40:00+00:00,2024-02-09 15:43:00+00:00,2024-02-09 15:43:00+00:00,pullback_long_open_7b7dd96cd520,1,market,0.0,3,1,20,12,48625.0
393815,393816,393818,393818,closed,timeout,19934.0,19934.25,19934.25,19934.0,19914.0,19946.0,0.25,-0.25,-0.75,-15.0,10.0,0.5,3.0,3.0,2.75,2024-02-09 15:50:00+00:00,2024-02-09 15:50:00+00:00,2024-02-09 15:53:00+00:00,2024-02-09 15:53:00+00:00,pullback_long_open_7b7dd96cd520,1,market,0.0,3,1,20,12,48610.0
393824,393825,393827,393827,closed,target,19927.5,19939.5,19927.75,19939.25,19907.5,19939.5,12.0,11.5,11.0,220.0,10.0,0.5,3.0,3.0,2.0,2024-02-09 15:59:00+00:00,2024-02-09 15:59:00+00:00,2024-02-09 16:02:00+00:00,2024-02-09 16:02:00+00:00,pullback_long_open_7b7dd96cd520,1,market,0.0,3,1,20,12,48830.0
395115,395116,395118,395118,closed,timeout,19969.25,19972.75,19969.5,19972.5,19949.25,19981.25,3.5,3.0,2.5,50.0,10.0,0.5,3.0,3.0,4.25,2024-02-12 14:52:00+00:00,2024-02-12 14:52:00+00:00,2024-02-12 14:55:00+00:00,2024-02-12 14:55:00+00:00,pullback_long_open_7b7dd96cd520,1,market,0.0,3,1,20,12,48880.0
395160,395161,395163,395163,closed,timeout,19987.5,19992.0,19987.75,19991.75,19967.5,19999.5,4.5,4.0,3.5,70.0,10.0,0.5,3.0,3.0,0.25,2024-02-12 15:37:00+00:00,2024-02-12 15:37:00+00:00,2024-02-12 15:40:00+00:00,2024-02-12 15:40:00+00:00,pullback_long_open_7b7dd96cd520,1,market,0.0,3,1,20,12,48950.0
396471,396472,396472,396472,closed,target,19590.25,19602.25,19590.5,19602.0,19570.25,19602.25,12.0,11.5,11.0,220.0,10.0,0.5,1.0,1.0,4.0,2024-02-13 14:43:00+00:00,2024-02-13 14:43:00+00:00,2024-02-13 14:44:00+00:00,2024-02-13 14:46:00+00:00,pullback_long_open_7b7dd96cd520,1,market,0.0,3,1,20,12,49170.0
396485,396486,396488,396488,closed,timeout,19615.25,19615.75,19615.5,19615.5,19595.25,19627.25,0.5,0.0,-0.5,-10.0,10.0,0.5,3.0,3.0,7.5,2024-02-13 14:57:00+00:00,2024-02-13 14:57:00+00:00,2024-02-13 15:00:00+00:00,2024-02-13 15:00:00+00:00,pullback_long_open_7b7dd96cd520,1,market,0.0,3,1,20,12,49160.0
396490,396491,396493,396493,closed,stop,19610.5,19590.5,19610.75,19590.25,19590.5,19622.5,-20.0,-20.5,-21.0,-420.0,10.0,0.5,3.0,3.0,26.0,2024-02-13 15:02:00+00:00,2024-02-13 15:02:00+00:00,2024-02-13 15:05:00+00:00,2024-02-13 15:05:00+00:00,pullback_long_open_7b7dd96cd520,1,market,0.0,3,1,20,12,48740.0
396499,396500,396502,396502,closed,timeout,19606.75,19597.5,19607.0,19597.25,19586.75,19618.75,-9.25,-9.75,-10.25,-205.0,10.0,0.5,3.0,3.0,11.75,2024-02-13 15:11:00+00:00,2024-02-13 15:11:00+00:00,2024-02-13 15:14:00+00:00,2024-02-13 15:14:00+00:00,pullback_long_open_7b7dd96cd520,1,market,0.0,3,1,20,12,48535.0
396522,396523,396525,396525,closed,target,19684.75,19696.75,19685.0,19696.5,19664.75,19696.75,12.0,11.5,11.0,220.0,10.0,0.5,3.0,3.0,3.75,2024-02-13 15:34:00+00:00,2024-02-13 15:34:00+00:00,2024-02-13 15:37:00+00:00,2024-02-13 15:37:00+00:00,pullback_long_open_7b7dd96cd520,1,market,0.0,3,1,20,12,48755.0
396530,396531,396531,396531,closed,target,19711.0,19723.0,19711.25,19722.75,19691.0,19723.0,12.0,11.5,11.0,220.0,10.0,0.5,1.0,1.0,0.75,2024-02-13 15:42:00+00:00,2024-02-13 15:42:00+00:00,2024-02-13 15:43:00+00:00,2024-02-13 15:45:00+00:00,pullback_long_open_7b7dd96cd520,1,market,0.0,3,1,20,12,48975.0
396535,396536,396538,396538,closed,timeout,19726.25,19714.25,19726.5,19714.0,19706.25,19738.25,-12.0,-12.5,-13.0,-260.0,10.0,0.5,3.0,3.0,18.0,2024-02-13 15:47:00+00:00,2024-02-13 15:47:00+00:00,2024-02-13 15:50:00+00:00,2024-02-13 15:50:00+00:00,pullback_long_open_7b7dd96cd520,1,market,0.0,3,1,20,12,48715.0
396541,396542,396544,396544,closed,timeout,19711.25,19694.0,19711.5,19693.75,19691.25,19723.25,-17.25,-17.75,-18.25,-365.0,10.0,0.5,3.0,3.0,17.75,2024-02-13 15:53:00+00:00,2024-02-13 15:53:00+00:00,2024-02-13 15:56:00+00:00,2024-02-13 15:56:00+00:00,pullback_long_open_7b7dd96cd520,1,market,0.0,3,1,20,12,48350.0
397827,397828,397830,397830,closed,stop,19737.5,19717.5,19737.75,19717.25,19717.5,19749.5,-20.0,-20.5,-21.0,-420.0,10.0,0.5,3.0,3.0,28.75,2024-02-14 14:34:00+00:00,2024-02-14 14:34:00+00:00,2024-02-14 14:37:00+00:00,2024-02-14 14:37:00+00:00,pullback_long_open_7b7dd96cd520,1,market,0.0,3,1,20,12,47930.0
397866,397867,397869,397869,closed,timeout,19737.0,19731.5,19737.25,19731.25,19717.0,19749.0,-5.5,-6.0,-6.5,-130.0,10.0,0.5,3.0,3.0,10.0,2024-02-14 15:13:00+00:00,2024-02-14 15:13:00+00:00,2024-02-14 15:16:00+00:00,2024-02-14 15:16:00+00:00,pullback_long_open_7b7dd96cd520,1,market,0.0,3,1,20,12,47800.0
397877,397878,397880,397880,closed,timeout,19773.75,19780.75,19774.0,19780.5,19753.75,19785.75,7.0,6.5,6.0,120.0,10.0,0.5,3.0,3.0,1.0,2024-02-14 15:24:00+00:00,2024-02-14 15:24:00+00:00,2024-02-14 15:27:00+00:00,2024-02-14 15:27:00+00:00,pullback_long_open_7b7dd96cd520,1,market,0.0,3,1,20,12,47920.0
397883,397884,397886,397886,closed,timeout,19778.5,19777.75,19778.75,19777.5,19758.5,19790.5,-0.75,-1.25,-1.75,-35.0,10.0,0.5,3.0,3.0,5.0,2024-02-14 15:30:00+00:00,2024-02-14 15:30:00+00:00,2024-02-14 15:33:00+00:00,2024-02-14 15:33:00+00:00,pullback_long_open_7b7dd96cd520,1,market,0.0,3,1,20,12,47885.0
397890,397891,397892,397892,closed,stop,19769.0,19749.0,19769.25,19748.75,19749.0,19781.0,-20.0,-20.5,-21.0,-420.0,10.0,0.5,2.0,2.0,22.75,2024-02-14 15:37:00+00:00,2024-02-14 15:37:00+00:00,2024-02-14 15:39:00+00:00,2024-02-14 15:40:00+00:00,pullback_long_open_7b7dd96cd520,1,market,0.0,3,1,20,12,47465.0
399238,399239,399240,399240,closed,stop,19793.5,19773.5,19793.75,19773.25,19773.5,19805.5,-20.0,-20.5,-21.0,-420.0,10.0,0.5,2.0,2.0,27.75,2024-02-15 15:20:00+00:00,2024-02-15 15:20:00+00:00,2024-02-15 15:22:00+00:00,2024-02-15 15:23:00+00:00,pullback_long_open_7b7dd96cd520,1,market,0.0,3,1,20,12,47045.0
399241,399242,399242,399242,closed,target,19777.0,19789.0,19777.25,19788.75,19757.0,19789.0,12.0,11.5,11.0,220.0,10.0,0.5,1.0,1.0,0.25,2024-02-15 15:23:00+00:00,2024-02-15 15:23:00+00:00,2024-02-15 15:24:00+00:00,2024-02-15 15:26:00+00:00,pullback_long_open_7b7dd96cd520,1,market,0.0,3,1,20,12,47265.0
399242,399243,399245,399245,closed,timeout,19786.75,19786.25,19787.0,19786.0,19766.75,19798.75,-0.5,-1.0,-1.5,-30.0,10.0,0.5,3.0,3.0,6.75,2024-02-15 15:24:00+00:00,2024-02-15 15:24:00+00:00,2024-02-15 15:27:00+00:00,2024-02-15 15:27:00+00:00,pullback_long_open_7b7dd96cd520,1,market,0.0,3,1,20,12,47235.0
399275,399276,399278,399278,closed,timeout,19782.75,19788.5,19783.0,19788.25,19762.75,19794.75,5.75,5.25,4.75,95.0,10.0,0.5,3.0,3.0,4.5,2024-02-15 15:57:00+00:00,2024-02-15 15:57:00+00:00,2024-02-15 16:00:00+00:00,2024-02-15 16:00:00+00:00,pullback_long_open_7b7dd96cd520,1,market,0.0,3,1,20,12,47330.0
400607,400608,400610,400610,closed,stop,19716.0,19696.0,19716.25,19695.75,19696.0,19728.0,-20.0,-20.5,-21.0,-420.0,10.0,0.5,3.0,3.0,27.5,2024-02-16 15:24:00+00:00,2024-02-16 15:24:00+00:00,2024-02-16 15:27:00+00:00,2024-02-16 15:27:00+00:00,pullback_long_open_7b7dd96cd520,1,market,0.0,3,1,20,12,46910.0
400627,400628,400630,400630,closed,timeout,19750.75,19748.25,19751.0,19748.0,19730.75,19762.75,-2.5,-3.0,-3.5,-70.0,10.0,0.5,3.0,3.0,12.5,2024-02-16 15:44:00+00:00,2024-02-16 15:44:00+00:00,2024-02-16 15:47:00+00:00,2024-02-16 15:47:00+00:00,pullback_long_open_7b7dd96cd520,1,market,0.0,3,1,20,12,46840.0
400630,400631,400631,400631,closed,target,19748.0,19760.0,19748.25,19759.75,19728.0,19760.0,12.0,11.5,11.0,220.0,10.0,0.5,1.0,1.0,3.25,2024-02-16 15:47:00+00:00,2024-02-16 15:47:00+00:00,2024-02-16 15:48:00+00:00,2024-02-16 15:50:00+00:00,pullback_long_open_7b7dd96cd520,1,market,0.0,3,1,20,12,47060.0
400634,400635,400637,400637,closed,target,19733.75,19745.75,19734.0,19745.5,19713.75,19745.75,12.0,11.5,11.0,220.0,10.0,0.5,3.0,3.0,5.5,2024-02-16 15:51:00+00:00,2024-02-16 15:51:00+00:00,2024-02-16 15:54:00+00:00,2024-02-16 15:54:00+00:00,pullback_long_open_7b7dd96cd520,1,market,0.0,3,1,20,12,47280.0
400637,400638,400640,400640,closed,stop,19747.75,19727.75,19748.0,19727.5,19727.75,19759.75,-20.0,-20.5,-21.0,-420.0,10.0,0.5,3.0,3.0,23.0,2024-02-16 15:54:00+00:00,2024-02-16 15:54:00+00:00,2024-02-16 15:57:00+00:00,2024-02-16 15:57:00+00:00,pullback_long_open_7b7dd96cd520,1,market,0.0,3,1,20,12,46860.0
400640,400641,400643,400643,closed,timeout,19737.75,19748.5,19738.0,19748.25,19717.75,19749.75,10.75,10.25,9.75,195.0,10.0,0.5,3.0,3.0,4.75,2024-02-16 15:57:00+00:00,2024-02-16 15:57:00+00:00,2024-02-16 16:00:00+00:00,2024-02-16 16:00:00+00:00,pullback_long_open_7b7dd96cd520,1,market,0.0,3,1,20,12,47055.0
401922,401923,401925,401925,closed,timeout,19732.0,19740.0,19732.25,19739.75,19712.0,19744.0,8.0,7.5,7.0,140.0,10.0,0.5,3.0,3.0,1.0,2024-02-19 14:34:00+00:00,2024-02-19 14:34:00+00:00,2024-02-19 14:37:00+00:00,2024-02-19 14:37:00+00:00,pullback_long_open_7b7dd96cd520,1,market,0.0,3,1,20,12,47195.0
401927,401928,401930,401930,closed,timeout,19740.5,19745.0,19740.75,19744.75,19720.5,19752.5,4.5,4.0,3.5,70.0,10.0,0.5,3.0,3.0,0.75,2024-02-19 14:39:00+00:00,2024-02-19 14:39:00+00:00,2024-02-19 14:42:00+00:00,2024-02-19 14:42:00+00:00,pullback_long_open_7b7dd96cd520,1,market,0.0,3,1,20,12,47265.0
401935,401936,401938,401938,closed,timeout,19738.25,19742.25,19738.5,19742.0,19718.25,19750.25,4.0,3.5,3.0,60.0,10.0,0.5,3.0,3.0,2.75,2024-02-19 14:47:00+00:00,2024-02-19 14:47:00+00:00,2024-02-19 14:50:00+00:00,2024-02-19 14:50:00+00:00,pullback_long_open_7b7dd96cd520,1,market,0.0,3,1,20,12,47325.0
403143,403144,403146,403146,closed,target,19495.75,19507.75,19496.0,19507.5,19475.75,19507.75,12.0,11.5,11.0,220.0,10.0,0.5,3.0,3.0,1.0,2024-02-20 15:55:00+00:00,2024-02-20 15:55:00+00:00,2024-02-20 15:58:00+00:00,2024-02-20 15:58:00+00:00,pullback_long_open_7b7dd96cd520,1,market,0.0,3,1,20,12,47545.0
404463,404464,404466,404466,closed,timeout,19444.25,19449.75,19444.5,19449.5,19424.25,19456.25,5.5,5.0,4.5,90.0,10.0,0.5,3.0,3.0,10.0,2024-02-21 15:10:00+00:00,2024-02-21 15:10:00+00:00,2024-02-21 15:13:00+00:00,2024-02-21 15:13:00+00:00,pullback_long_open_7b7dd96cd520,1,market,0.0,3,1,20,12,47635.0
404466,404467,404469,404469,closed,timeout,19449.75,19449.0,19450.0,19448.75,19429.75,19461.75,-0.75,-1.25,-1.75,-35.0,10.0,0.5,3.0,3.0,17.0,2024-02-21 15:13:00+00:00,2024-02-21 15:13:00+00:00,2024-02-21 15:16:00+00:00,2024-02-21 15:16:00+00:00,pullback_long_open_7b7dd96cd520,1,market,0.0,3,1,20,12,47600.0
404475,404476,404477,404477,closed,target,19440.5,19452.5,19440.75,19452.25,19420.5,19452.5,12.0,11.5,11.0,220.0,10.0,0.5,2.0,2.0,5.0,2024-02-21 15:22:00+00:00,2024-02-21 15:22:00+00:00,2024-02-21 15:24:00+00:00,2024-02-21 15:25:00+00:00,pullback_long_open_7b7dd96cd520,1,market,0.0,3,1,20,12,47820.0
405814,405815,405817,405817,closed,timeout,19859.25,19858.25,19859.5,19858.0,19839.25,19871.25,-1.0,-1.5,-2.0,-40.0,10.0,0.5,3.0,3.0,13.0,2024-02-22 14:56:00+00:00,2024-02-22 14:56:00+00:00,2024-02-22 14:59:00+00:00,2024-02-22 14:59:00+00:00,pullback_long_open_7b7dd96cd520,1,market,0.0,3,1,20,12,47780.0
405835,405836,405838,405838,closed,timeout,19882.5,19872.25,19882.75,19872.0,19862.5,19894.5,-10.25,-10.75,-11.25,-225.0,10.0,0.5,3.0,3.0,18.5,2024-02-22 15:17:00+00:00,2024-02-22 15:17:00+00:00,2024-02-22 15:20:00+00:00,2024-02-22 15:20:00+00:00,pullback_long_open_7b7dd96cd520,1,market,0.0,3,1,20,12,47555.0
405843,405844,405846,405846,closed,target,19872.75,19884.75,19873.0,19884.5,19852.75,19884.75,12.0,11.5,11.0,220.0,10.0,0.5,3.0,3.0,12.75,2024-02-22 15:25:00+00:00,2024-02-22 15:25:00+00:00,2024-02-22 15:28:00+00:00,2024-02-22 15:28:00+00:00,pullback_long_open_7b7dd96cd520,1,market,0.0,3,1,20,12,47775.0
405859,405860,405862,405862,closed,timeout,19887.0,19876.5,19887.25,19876.25,19867.0,19899.0,-10.5,-11.0,-11.5,-230.0,10.0,0.5,3.0,3.0,15.5,2024-02-22 15:41:00+00:00,2024-02-22 15:41:00+00:00,2024-02-22 15:44:00+00:00,2024-02-22 15:44:00+00:00,pullback_long_open_7b7dd96cd520,1,market,0.0,3,1,20,12,47545.0
407153,407154,407155,407155,closed,target,20046.75,20058.75,20047.0,20058.5,20026.75,20058.75,12.0,11.5,11.0,220.0,10.0,0.5,2.0,2.0,8.75,2024-02-23 14:30:00+00:00,2024-02-23 14:30:00+00:00,2024-02-23 14:32:00+00:00,2024-02-23 14:33:00+00:00,pullback_long_open_7b7dd96cd520,1,market,0.0,3,1,20,12,47765.0
407164,407165,407167,407167,closed,timeout,20075.5,20071.25,20075.75,20071.0,20055.5,20087.5,-4.25,-4.75,-5.25,-105.0,10.0,0.5,3.0,3.0,18.5,2024-02-23 14:41:00+00:00,2024-02-23 14:41:00+00:00,2024-02-23 14:44:00+00:00,2024-02-23 14:44:00+00:00,pullback_long_open_7b7dd96cd520,1,market,0.0,3,1,20,12,47660.0
407167,407168,407169,407169,closed,target,20071.0,20083.0,20071.25,20082.75,20051.0,20083.0,12.0,11.5,11.0,220.0,10.0,0.5,2.0,2.0,1.0,2024-02-23 14:44:00+00:00,2024-02-23 14:44:00+00:00,2024-02-23 14:46:00+00:00,2024-02-23 14:47:00+00:00,pullback_long_open_7b7dd96cd520,1,market,0.0,3,1,20,12,47880.0
407204,407205,407206,407206,closed,stop,20021.5,20001.5,20021.75,20001.25,20001.5,20033.5,-20.0,-20.5,-21.0,-420.0,10.0,0.5,2.0,2.0,22.75,2024-02-23 15:21:00+00:00,2024-02-23 15:21:00+00:00,2024-02-23 15:23:00+00:00,2024-02-23 15:24:00+00:00,pullback_long_open_7b7dd96cd520,1,market,0.0,3,1,20,12,47460.0
408524,408525,408526,408526,closed,target,19961.5,19973.5,19961.75,19973.25,19941.5,19973.5,12.0,11.5,11.0,220.0,10.0,0.5,2.0,2.0,8.0,2024-02-26 14:36:00+00:00,2024-02-26 14:36:00+00:00,2024-02-26 14:38:00+00:00,2024-02-26 14:39:00+00:00,pullback_long_open_7b7dd96cd520,1,market,0.0,3,1,20,12,47680.0
408526,408527,408529,408529,closed,timeout,19969.0,19961.0,19969.25,19960.75,19949.0,19981.0,-8.0,-8.5,-9.0,-180.0,10.0,0.5,3.0,3.0,15.0,2024-02-26 14:38:00+00:00,2024-02-26 14:38:00+00:00,2024-02-26 14:41:00+00:00,2024-02-26 14:41:00+00:00,pullback_long_open_7b7dd96cd520,1,market,0.0,3,1,20,12,47500.0
408530,408531,408533,408533,closed,stop,19965.0,19945.0,19965.25,19944.75,19945.0,19977.0,-20.0,-20.5,-21.0,-420.0,10.0,0.5,3.0,3.0,33.25,2024-02-26 14:42:00+00:00,2024-02-26 14:42:00+00:00,2024-02-26 14:45:00+00:00,2024-02-26 14:45:00+00:00,pullback_long_open_7b7dd96cd520,1,market,0.0,3,1,20,12,47080.0
408561,408562,408564,408564,closed,timeout,19950.5,19943.5,19950.75,19943.25,19930.5,19962.5,-7.0,-7.5,-8.0,-160.0,10.0,0.5,3.0,3.0,17.75,2024-02-26 15:13:00+00:00,2024-02-26 15:13:00+00:00,2024-02-26 15:16:00+00:00,2024-02-26 15:16:00+00:00,pullback_long_open_7b7dd96cd520,1,market,0.0,3,1,20,12,46920.0
408565,408566,408568,408568,closed,target,19946.5,19958.5,19946.75,19958.25,19926.5,19958.5,12.0,11.5,11.0,220.0,10.0,0.5,3.0,3.0,1.25,2024-02-26 15:17:00+00:00,2024-02-26 15:17:00+00:00,2024-02-26 15:20:00+00:00,2024-02-26 15:20:00+00:00,pullback_long_open_7b7dd96cd520,1,market,0.0,3,1,20,12,47140.0
408580,408581,408583,408583,closed,target,19960.5,19972.5,19960.75,19972.25,19940.5,19972.5,12.0,11.5,11.0,220.0,10.0,0.5,3.0,3.0,2.0,2024-02-26 15:32:00+00:00,2024-02-26 15:32:00+00:00,2024-02-26 15:35:00+00:00,2024-02-26 15:35:00+00:00,pullback_long_open_7b7dd96cd520,1,market,0.0,3,1,20,12,47360.0
408599,408600,408602,408602,closed,timeout,19970.75,19971.25,19971.0,19971.0,19950.75,19982.75,0.5,0.0,-0.5,-10.0,10.0,0.5,3.0,3.0,5.5,2024-02-26 15:51:00+00:00,2024-02-26 15:51:00+00:00,2024-02-26 15:54:00+00:00,2024-02-26 15:54:00+00:00,pullback_long_open_7b7dd96cd520,1,market,0.0,3,1,20,12,47350.0
409915,409916,409918,409918,closed,timeout,19951.5,19940.5,19951.75,19940.25,19931.5,19963.5,-11.0,-11.5,-12.0,-240.0,10.0,0.5,3.0,3.0,15.25,2024-02-27 15:02:00+00:00,2024-02-27 15:02:00+00:00,2024-02-27 15:05:00+00:00,2024-02-27 15:05:00+00:00,pullback_long_open_7b7dd96cd520,1,market,0.0,3,1,20,12,47110.0
409920,409921,409921,409921,closed,target,19932.25,19944.25,19932.5,19944.0,19912.25,19944.25,12.0,11.5,11.0,220.0,10.0,0.5,1.0,1.0,1.0,2024-02-27 15:07:00+00:00,2024-02-27 15:07:00+00:00,2024-02-27 15:08:00+00:00,2024-02-27 15:10:00+00:00,pullback_long_open_7b7dd96cd520,1,market,0.0,3,1,20,12,47330.0
409921,409922,409924,409924,closed,timeout,19936.0,19937.25,19936.25,19937.0,19916.0,19948.0,1.25,0.75,0.25,5.0,10.0,0.5,3.0,3.0,6.25,2024-02-27 15:08:00+00:00,2024-02-27 15:08:00+00:00,2024-02-27 15:11:00+00:00,2024-02-27 15:11:00+00:00,pullback_long_open_7b7dd96cd520,1,market,0.0,3,1,20,12,47335.0
409931,409932,409932,409932,closed,target,19943.5,19955.5,19943.75,19955.25,19923.5,19955.5,12.0,11.5,11.0,220.0,10.0,0.5,1.0,1.0,0.25,2024-02-27 15:18:00+00:00,2024-02-27 15:18:00+00:00,2024-02-27 15:19:00+00:00,2024-02-27 15:21:00+00:00,pullback_long_open_7b7dd96cd520,1,market,0.0,3,1,20,12,47555.0
411295,411296,411298,411298,closed,timeout,19857.25,19854.5,19857.5,19854.25,19837.25,19869.25,-2.75,-3.25,-3.75,-75.0,10.0,0.5,3.0,3.0,6.0,2024-02-28 15:17:00+00:00,2024-02-28 15:17:00+00:00,2024-02-28 15:20:00+00:00,2024-02-28 15:20:00+00:00,pullback_long_open_7b7dd96cd520,1,market,0.0,3,1,20,12,47480.0
411300,411301,411303,411303,closed,timeout,19855.75,19842.0,19856.0,19841.75,19835.75,19867.75,-13.75,-14.25,-14.75,-295.0,10.0,0.5,3.0,3.0,16.75,2024-02-28 15:22:00+00:00,2024-02-28 15:22:00+00:00,2024-02-28 15:25:00+00:00,2024-02-28 15:25:00+00:00,pullback_long_open_7b7dd96cd520,1,market,0.0,3,1,20,12,47185.0
411304,411305,411307,411307,closed,timeout,19848.0,19842.0,19848.25,19841.75,19828.0,19860.0,-6.0,-6.5,-7.0,-140.0,10.0,0.5,3.0,3.0,19.75,2024-02-28 15:26:00+00:00,2024-02-28 15:26:00+00:00,2024-02-28 15:29:00+00:00,2024-02-28 15:29:00+00:00,pullback_long_open_7b7dd96cd520,1,market,0.0,3,1,20,12,47045.0
411322,411323,411325,411325,closed,timeout,19862.25,19859.75,19862.5,19859.5,19842.25,19874.25,-2.5,-3.0,-3.5,-70.0,10.0,0.5,3.0,3.0,4.0,2024-02-28 15:44:00+00:00,2024-02-28 15:44:00+00:00,2024-02-28 15:47:00+00:00,2024-02-28 15:47:00+00:00,pullback_long_open_7b7dd96cd520,1,market,0.0,3,1,20,12,46975.0
411326,411327,411329,411329,closed,timeout,19862.25,19861.0,19862.5,19860.75,19842.25,19874.25,-1.25,-1.75,-2.25,-45.0,10.0,0.5,3.0,3.0,8.5,2024-02-28 15:48:00+00:00,2024-02-28 15:48:00+00:00,2024-02-28 15:51:00+00:00,2024-02-28 15:51:00+00:00,pullback_long_open_7b7dd96cd520,1,market,0.0,3,1,20,12,46930.0
411329,411330,411332,411332,closed,timeout,19861.0,19854.5,19861.25,19854.25,19841.0,19873.0,-6.5,-7.0,-7.5,-150.0,10.0,0.5,3.0,3.0,10.25,2024-02-28 15:51:00+00:00,2024-02-28 15:51:00+00:00,2024-02-28 15:54:00+00:00,2024-02-28 15:54:00+00:00,pullback_long_open_7b7dd96cd520,1,market,0.0,3,1,20,12,46780.0
412616,412617,412618,412618,closed,target,19990.25,20002.25,19990.5,20002.0,19970.25,20002.25,12.0,11.5,11.0,220.0,10.0,0.5,2.0,2.0,6.0,2024-02-29 14:33:00+00:00,2024-02-29 14:33:00+00:00,2024-02-29 14:35:00+00:00,2024-02-29 14:36:00+00:00,pullback_long_open_7b7dd96cd520,1,market,0.0,3,1,20,12,47000.0
412628,412629,412631,412631,closed,timeout,19984.5,19976.25,19984.75,19976.0,19964.5,19996.5,-8.25,-8.75,-9.25,-185.0,10.0,0.5,3.0,3.0,10.0,2024-02-29 14:45:00+00:00,2024-02-29 14:45:00+00:00,2024-02-29 14:48:00+00:00,2024-02-29 14:48:00+00:00,pullback_long_open_7b7dd96cd520,1,market,0.0,3,1,20,12,46815.0
412632,412633,412635,412635,closed,timeout,19988.25,19987.0,19988.5,19986.75,19968.25,20000.25,-1.25,-1.75,-2.25,-45.0,10.0,0.5,3.0,3.0,13.75,2024-02-29 14:49:00+00:00,2024-02-29 14:49:00+00:00,2024-02-29 14:52:00+00:00,2024-02-29 14:52:00+00:00,pullback_long_open_7b7dd96cd520,1,market,0.0,3,1,20,12,46770.0
412644,412645,412647,412647,closed,timeout,20001.75,20010.25,20002.0,20010.0,19981.75,20013.75,8.5,8.0,7.5,150.0,10.0,0.5,3.0,3.0,14.5,2024-02-29 15:01:00+00:00,2024-02-29 15:01:00+00:00,2024-02-29 15:04:00+00:00,2024-02-29 15:04:00+00:00,pullback_long_open_7b7dd96cd520,1,market,0.0,3,1,20,12,46920.0
412674,412675,412677,412677,closed,timeout,19962.5,19960.25,19962.75,19960.0,19942.5,19974.5,-2.25,-2.75,-3.25,-65.0,10.0,0.5,3.0,3.0,10.0,2024-02-29 15:31:00+00:00,2024-02-29 15:31:00+00:00,2024-02-29 15:34:00+00:00,2024-02-29 15:34:00+00:00,pullback_long_open_7b7dd96cd520,1,market,0.0,3,1,20,12,46855.0
412677,412678,412680,412680,closed,timeout,19960.5,19964.25,19960.75,19964.0,19940.5,19972.5,3.75,3.25,2.75,55.0,10.0,0.5,3.0,3.0,3.5,2024-02-29 15:34:00+00:00,2024-02-29 15:34:00+00:00,2024-02-29 15:37:00+00:00,2024-02-29 15:37:00+00:00,pullback_long_open_7b7dd96cd520,1,market,0.0,3,1,20,12,46910.0
413987,413988,413990,413990,closed,timeout,20066.0,20056.75,20066.25,20056.5,20046.0,20078.0,-9.25,-9.75,-10.25,-205.0,10.0,0.5,3.0,3.0,12.5,2024-03-01 14:39:00+00:00,2024-03-01 14:39:00+00:00,2024-03-01 14:42:00+00:00,2024-03-01 14:42:00+00:00,pullback_long_open_7b7dd96cd520,1,market,0.0,3,1,20,12,46705.0
413997,413998,414000,414000,closed,target,20055.75,20067.75,20056.0,20067.5,20035.75,20067.75,12.0,11.5,11.0,220.0,10.0,0.5,3.0,3.0,7.5,2024-03-01 14:49:00+00:00,2024-03-01 14:49:00+00:00,2024-03-01 14:52:00+00:00,2024-03-01 14:52:00+00:00,pullback_long_open_7b7dd96cd520,1,market,0.0,3,1,20,12,46925.0
414010,414011,414011,414011,closed,stop,20094.0,20074.0,20094.25,20073.75,20074.0,20106.0,-20.0,-20.5,-21.0,-420.0,10.0,0.5,1.0,1.0,22.0,2024-03-01 15:02:00+00:00,2024-03-01 15:02:00+00:00,2024-03-01 15:03:00+00:00,2024-03-01 15:05:00+00:00,pullback_long_open_7b7dd96cd520,1,market,0.0,3,1,20,12,46505.0
414014,414015,414016,414016,closed,target,20090.75,20102.75,20091.0,20102.5,20070.75,20102.75,12.0,11.5,11.0,220.0,10.0,0.5,2.0,2.0,9.25,2024-03-01 15:06:00+00:00,2024-03-01 15:06:00+00:00,2024-03-01 15:08:00+00:00,2024-03-01 15:09:00+00:00,pullback_long_open_7b7dd96cd520,1,market,0.0,3,1,20,12,46725.0
414029,414030,414032,414032,closed,timeout,20119.25,20107.0,20119.5,20106.75,20099.25,20131.25,-12.25,-12.75,-13.25,-265.0,10.0,0.5,3.0,3.0,18.75,2024-03-01 15:21:00+00:00,2024-03-01 15:21:00+00:00,2024-03-01 15:24:00+00:00,2024-03-01 15:24:00+00:00,pullback_long_open_7b7dd96cd520,1,market,0.0,3,1,20,12,46460.0
414033,414034,414035,414035,closed,target,20113.5,20125.5,20113.75,20125.25,20093.5,20125.5,12.0,11.5,11.0,220.0,10.0,0.5,2.0,2.0,3.5,2024-03-01 15:25:00+00:00,2024-03-01 15:25:00+00:00,2024-03-01 15:27:00+00:00,2024-03-01 15:28:00+00:00,pullback_long_open_7b7dd96cd520,1,market,0.0,3,1,20,12,46680.0
414061,414062,414063,414063,closed,target,20121.75,20133.75,20122.0,20133.5,20101.75,20133.75,12.0,11.5,11.0,220.0,10.0,0.5,2.0,2.0,0.25,2024-03-01 15:53:00+00:00,2024-03-01 15:53:00+00:00,2024-03-01 15:55:00+00:00,2024-03-01 15:56:00+00:00,pullback_long_open_7b7dd96cd520,1,market,0.0,3,1,20,12,46900.0
414066,414067,414069,414069,closed,timeout,20135.0,20135.5,20135.25,20135.25,20115.0,20147.0,0.5,0.0,-0.5,-10.0,10.0,0.5,3.0,3.0,9.25,2024-03-01 15:58:00+00:00,2024-03-01 15:58:00+00:00,2024-03-01 16:01:00+00:00,2024-03-01 16:01:00+00:00,pullback_long_open_7b7dd96cd520,1,market,0.0,3,1,20,12,46890.0
415417,415418,415420,415420,closed,timeout,20266.5,20264.75,20266.75,20264.5,20246.5,20278.5,-1.75,-2.25,-2.75,-55.0,10.0,0.5,3.0,3.0,4.25,2024-03-04 15:44:00+00:00,2024-03-04 15:44:00+00:00,2024-03-04 15:47:00+00:00,2024-03-04 15:47:00+00:00,pullback_long_open_7b7dd96cd520,1,market,0.0,3,1,20,12,46835.0
418077,418078,418079,418079,closed,stop,20051.5,20031.5,20051.75,20031.25,20031.5,20063.5,-20.0,-20.5,-21.0,-420.0,10.0,0.5,2.0,2.0,28.75,2024-03-06 14:34:00+00:00,2024-03-06 14:34:00+00:00,2024-03-06 14:36:00+00:00,2024-03-06 14:37:00+00:00,pullback_long_open_7b7dd96cd520,1,market,0.0,3,1,20,12,46415.0
418132,418133,418135,418135,closed,timeout,19959.5,19960.75,19959.75,19960.5,19939.5,19971.5,1.25,0.75,0.25,5.0,10.0,0.5,3.0,3.0,18.0,2024-03-06 15:29:00+00:00,2024-03-06 15:29:00+00:00,2024-03-06 15:32:00+00:00,2024-03-06 15:32:00+00:00,pullback_long_open_7b7dd96cd520,1,market,0.0,3,1,20,12,46420.0
418148,418149,418150,418150,closed,target,19969.75,19981.75,19970.0,19981.5,19949.75,19981.75,12.0,11.5,11.0,220.0,10.0,0.5,2.0,2.0,1.25,2024-03-06 15:45:00+00:00,2024-03-06 15:45:00+00:00,2024-03-06 15:47:00+00:00,2024-03-06 15:48:00+00:00,pullback_long_open_7b7dd96cd520,1,market,0.0,3,1,20,12,46640.0
418160,418161,418163,418163,closed,target,20014.5,20026.5,20014.75,20026.25,19994.5,20026.5,12.0,11.5,11.0,220.0,10.0,0.5,3.0,3.0,4.25,2024-03-06 15:57:00+00:00,2024-03-06 15:57:00+00:00,2024-03-06 16:00:00+00:00,2024-03-06 16:00:00+00:00,pullback_long_open_7b7dd96cd520,1,market,0.0,3,1,20,12,46860.0
419473,419474,419475,419475,closed,target,20132.0,20144.0,20132.25,20143.75,20112.0,20144.0,12.0,11.5,11.0,220.0,10.0,0.5,2.0,2.0,4.25,2024-03-07 15:05:00+00:00,2024-03-07 15:05:00+00:00,2024-03-07 15:07:00+00:00,2024-03-07 15:08:00+00:00,pullback_long_open_7b7dd96cd520,1,market,0.0,3,1,20,12,47080.0
419478,419479,419479,419479,closed,target,20130.75,20142.75,20131.0,20142.5,20110.75,20142.75,12.0,11.5,11.0,220.0,10.0,0.5,1.0,1.0,0.5,2024-03-07 15:10:00+00:00,2024-03-07 15:10:00+00:00,2024-03-07 15:11:00+00:00,2024-03-07 15:13:00+00:00,pullback_long_open_7b7dd96cd520,1,market,0.0,3,1,20,12,47300.0
419488,419489,419489,419489,closed,target,20157.25,20169.25,20157.5,20169.0,20137.25,20169.25,12.0,11.5,11.0,220.0,10.0,0.5,1.0,1.0,0.75,2024-03-07 15:20:00+00:00,2024-03-07 15:20:00+00:00,2024-03-07 15:21:00+00:00,2024-03-07 15:23:00+00:00,pullback_long_open_7b7dd96cd520,1,market,0.0,3,1,20,12,47520.0
419489,419490,419492,419492,closed,timeout,20167.25,20155.0,20167.5,20154.75,20147.25,20179.25,-12.25,-12.75,-13.25,-265.0,10.0,0.5,3.0,3.0,15.0,2024-03-07 15:21:00+00:00,2024-03-07 15:21:00+00:00,2024-03-07 15:24:00+00:00,2024-03-07 15:24:00+00:00,pullback_long_open_7b7dd96cd520,1,market,0.0,3,1,20,12,47255.0
419502,419503,419505,419505,closed,timeout,20174.5,20173.25,20174.75,20173.0,20154.5,20186.5,-1.25,-1.75,-2.25,-45.0,10.0,0.5,3.0,3.0,8.25,2024-03-07 15:34:00+00:00,2024-03-07 15:34:00+00:00,2024-03-07 15:37:00+00:00,2024-03-07 15:37:00+00:00,pullback_long_open_7b7dd96cd520,1,market,0.0,3,1,20,12,47210.0
419526,419527,419529,419529,closed,timeout,20191.25,20187.25,20191.5,20187.0,20171.25,20203.25,-4.0,-4.5,-5.0,-100.0,10.0,0.5,3.0,3.0,9.25,2024-03-07 15:58:00+00:00,2024-03-07 15:58:00+00:00,2024-03-07 16:01:00+00:00,2024-03-07 16:01:00+00:00,pullback_long_open_7b7dd96cd520,1,market,0.0,3,1,20,12,47110.0
420837,420838,420839,420839,closed,target,20332.25,20344.25,20332.5,20344.0,20312.25,20344.25,12.0,11.5,11.0,220.0,10.0,0.5,2.0,2.0,1.25,2024-03-08 15:04:00+00:00,2024-03-08 15:04:00+00:00,2024-03-08 15:06:00+00:00,2024-03-08 15:07:00+00:00,pullback_long_open_7b7dd96cd520,1,market,0.0,3,1,20,12,47330.0
420845,420846,420847,420847,closed,target,20350.75,20362.75,20351.0,20362.5,20330.75,20362.75,12.0,11.5,11.0,220.0,10.0,0.5,2.0,2.0,5.5,2024-03-08 15:12:00+00:00,2024-03-08 15:12:00+00:00,2024-03-08 15:14:00+00:00,2024-03-08 15:15:00+00:00,pullback_long_open_7b7dd96cd520,1,market,0.0,3,1,20,12,47550.0
420851,420852,420854,420854,closed,timeout,20361.75,20353.5,20362.0,20353.25,20341.75,20373.75,-8.25,-8.75,-9.25,-185.0,10.0,0.5,3.0,3.0,19.25,2024-03-08 15:18:00+00:00,2024-03-08 15:18:00+00:00,2024-03-08 15:21:00+00:00,2024-03-08 15:21:00+00:00,pullback_long_open_7b7dd96cd520,1,market,0.0,3,1,20,12,47365.0
420854,420855,420857,420857,closed,timeout,20353.25,20345.25,20353.5,20345.0,20333.25,20365.25,-8.0,-8.5,-9.0,-180.0,10.0,0.5,3.0,3.0,11.75,2024-03-08 15:21:00+00:00,2024-03-08 15:21:00+00:00,2024-03-08 15:24:00+00:00,2024-03-08 15:24:00+00:00,pullback_long_open_7b7dd96cd520,1,market,0.0,3,1,20,12,47185.0
420858,420859,420861,420861,closed,timeout,20349.75,20354.25,20350.0,20354.0,20329.75,20361.75,4.5,4.0,3.5,70.0,10.0,0.5,3.0,3.0,5.5,2024-03-08 15:25:00+00:00,2024-03-08 15:25:00+00:00,2024-03-08 15:28:00+00:00,2024-03-08 15:28:00+00:00,pullback_long_open_7b7dd96cd520,1,market,0.0,3,1,20,12,47255.0
422168,422169,422169,422169,closed,stop,19918.75,19898.75,19919.0,19898.5,19898.75,19930.75,-20.0,-20.5,-21.0,-420.0,10.0,0.5,1.0,1.0,20.5,2024-03-11 13:30:00+00:00,2024-03-11 13:30:00+00:00,2024-03-11 13:31:00+00:00,2024-03-11 13:33:00+00:00,pullback_long_open_7b7dd96cd520,1,market,0.0,3,1,20,12,46835.0
422239,422240,422240,422240,closed,target,19894.5,19906.5,19894.75,19906.25,19874.5,19906.5,12.0,11.5,11.0,220.0,10.0,0.5,1.0,1.0,7.75,2024-03-11 14:41:00+00:00,2024-03-11 14:41:00+00:00,2024-03-11 14:42:00+00:00,2024-03-11 14:44:00+00:00,pullback_long_open_7b7dd96cd520,1,market,0.0,3,1,20,12,47055.0
422240,422241,422243,422243,closed,timeout,19912.0,19903.25,19912.25,19903.0,19892.0,19924.0,-8.75,-9.25,-9.75,-195.0,10.0,0.5,3.0,3.0,16.25,2024-03-11 14:42:00+00:00,2024-03-11 14:42:00+00:00,2024-03-11 14:45:00+00:00,2024-03-11 14:45:00+00:00,pullback_long_open_7b7dd96cd520,1,market,0.0,3,1,20,12,46860.0
422243,422244,422246,422246,closed,timeout,19902.75,19906.75,19903.0,19906.5,19882.75,19914.75,4.0,3.5,3.0,60.0,10.0,0.5,3.0,3.0,14.0,2024-03-11 14:45:00+00:00,2024-03-11 14:45:00+00:00,2024-03-11 14:48:00+00:00,2024-03-11 14:48:00+00:00,pullback_long_open_7b7dd96cd520,1,market,0.0,3,1,20,12,46920.0
422246,422247,422249,422249,closed,timeout,19906.75,19909.5,19907.0,19909.25,19886.75,19918.75,2.75,2.25,1.75,35.0,10.0,0.5,3.0,3.0,17.25,2024-03-11 14:48:00+00:00,2024-03-11 14:48:00+00:00,2024-03-11 14:51:00+00:00,2024-03-11 14:51:00+00:00,pullback_long_open_7b7dd96cd520,1,market,0.0,3,1,20,12,46955.0
423568,423569,423570,423570,closed,target,19979.0,19991.0,19979.25,19990.75,19959.0,19991.0,12.0,11.5,11.0,220.0,10.0,0.5,2.0,2.0,4.5,2024-03-12 14:05:00+00:00,2024-03-12 14:05:00+00:00,2024-03-12 14:07:00+00:00,2024-03-12 14:08:00+00:00,pullback_long_open_7b7dd96cd520,1,market,0.0,3,1,20,12,47175.0
423608,423609,423611,423611,closed,target,20101.25,20113.25,20101.5,20113.0,20081.25,20113.25,12.0,11.5,11.0,220.0,10.0,0.5,3.0,3.0,6.5,2024-03-12 14:45:00+00:00,2024-03-12 14:45:00+00:00,2024-03-12 14:48:00+00:00,2024-03-12 14:48:00+00:00,pullback_long_open_7b7dd96cd520,1,market,0.0,3,1,20,12,47395.0
424952,424953,424955,424955,closed,timeout,20037.0,20033.5,20037.25,20033.25,20017.0,20049.0,-3.5,-4.0,-4.5,-90.0,10.0,0.5,3.0,3.0,7.5,2024-03-13 14:24:00+00:00,2024-03-13 14:24:00+00:00,2024-03-13 14:27:00+00:00,2024-03-13 14:27:00+00:00,pullback_long_open_7b7dd96cd520,1,market,0.0,3,1,20,12,47305.0
424957,424958,424959,424959,closed,target,20035.25,20047.25,20035.5,20047.0,20015.25,20047.25,12.0,11.5,11.0,220.0,10.0,0.5,2.0,2.0,3.75,2024-03-13 14:29:00+00:00,2024-03-13 14:29:00+00:00,2024-03-13 14:31:00+00:00,2024-03-13 14:32:00+00:00,pullback_long_open_7b7dd96cd520,1,market,0.0,3,1,20,12,47525.0
424967,424968,424970,424970,closed,timeout,20048.75,20046.0,20049.0,20045.75,20028.75,20060.75,-2.75,-3.25,-3.75,-75.0,10.0,0.5,3.0,3.0,12.75,2024-03-13 14:39:00+00:00,2024-03-13 14:39:00+00:00,2024-03-13 14:42:00+00:00,2024-03-13 14:42:00+00:00,pullback_long_open_7b7dd96cd520,1,market,0.0,3,1,20,12,47450.0
424978,424979,424980,424980,closed,stop,20054.0,20034.0,20054.25,20033.75,20034.0,20066.0,-20.0,-20.5,-21.0,-420.0,10.0,0.5,2.0,2.0,21.5,2024-03-13 14:50:00+00:00,2024-03-13 14:50:00+00:00,2024-03-13 14:52:00+00:00,2024-03-13 14:53:00+00:00,pullback_long_open_7b7dd96cd520,1,market,0.0,3,1,20,12,47030.0
426315,426316,426317,426317,closed,stop,19988.25,19968.25,19988.5,19968.0,19968.25,20000.25,-20.0,-20.5,-21.0,-420.0,10.0,0.5,2.0,2.0,22.0,2024-03-14 14:22:00+00:00,2024-03-14 14:22:00+00:00,2024-03-14 14:24:00+00:00,2024-03-14 14:25:00+00:00,pullback_long_open_7b7dd96cd520,1,market,0.0,3,1,20,12,46610.0
426317,426318,426319,426319,closed,target,19985.5,19997.5,19985.75,19997.25,19965.5,19997.5,12.0,11.5,11.0,220.0,10.0,0.5,2.0,2.0,11.75,2024-03-14 14:24:00+00:00,2024-03-14 14:24:00+00:00,2024-03-14 14:26:00+00:00,2024-03-14 14:27:00+00:00,pullback_long_open_7b7dd96cd520,1,market,0.0,3,1,20,12,46830.0
426322,426323,426323,426323,closed,target,19987.25,19999.25,19987.5,19999.0,19967.25,19999.25,12.0,11.5,11.0,220.0,10.0,0.5,1.0,1.0,1.0,2024-03-14 14:29:00+00:00,2024-03-14 14:29:00+00:00,2024-03-14 14:30:00+00:00,2024-03-14 14:32:00+00:00,pullback_long_open_7b7dd96cd520,1,market,0.0,3,1,20,12,47050.0
427689,427690,427692,427692,closed,timeout,19806.75,19795.0,19807.0,19794.75,19786.75,19818.75,-11.75,-12.25,-12.75,-255.0,10.0,0.5,3.0,3.0,19.5,2024-03-15 14:31:00+00:00,2024-03-15 14:31:00+00:00,2024-03-15 14:34:00+00:00,2024-03-15 14:34:00+00:00,pullback_long_open_7b7dd96cd520,1,market,0.0,3,1,20,12,46795.0
427699,427700,427702,427702,closed,timeout,19835.0,19837.75,19835.25,19837.5,19815.0,19847.0,2.75,2.25,1.75,35.0,10.0,0.5,3.0,3.0,13.25,2024-03-15 14:41:00+00:00,2024-03-15 14:41:00+00:00,2024-03-15 14:44:00+00:00,2024-03-15 14:44:00+00:00,pullback_long_open_7b7dd96cd520,1,market,0.0,3,1,20,12,46830.0
427714,427715,427716,427716,closed,stop,19835.5,19815.5,19835.75,19815.25,19815.5,19847.5,-20.0,-20.5,-21.0,-420.0,10.0,0.5,2.0,2.0,25.75,2024-03-15 14:56:00+00:00,2024-03-15 14:56:00+00:00,2024-03-15 14:58:00+00:00,2024-03-15 14:59:00+00:00,pullback_long_open_7b7dd96cd520,1,market,0.0,3,1,20,12,46410.0
428998,428999,428999,428999,closed,target,20010.5,20022.5,20010.75,20022.25,19990.5,20022.5,12.0,11.5,11.0,220.0,10.0,0.5,1.0,1.0,0.25,2024-03-18 13:35:00+00:00,2024-03-18 13:35:00+00:00,2024-03-18 13:36:00+00:00,2024-03-18 13:38:00+00:00,pullback_long_open_7b7dd96cd520,1,market,0.0,3,1,20,12,46630.0
429014,429015,429016,429016,closed,stop,20026.75,20006.75,20027.0,20006.5,20006.75,20038.75,-20.0,-20.5,-21.0,-420.0,10.0,0.5,2.0,2.0,20.5,2024-03-18 13:51:00+00:00,2024-03-18 13:51:00+00:00,2024-03-18 13:53:00+00:00,2024-03-18 13:54:00+00:00,pullback_long_open_7b7dd96cd520,1,market,0.0,3,1,20,12,46210.0
429039,429040,429042,429042,closed,timeout,20036.0,20042.0,20036.25,20041.75,20016.0,20048.0,6.0,5.5,5.0,100.0,10.0,0.5,3.0,3.0,4.75,2024-03-18 14:16:00+00:00,2024-03-18 14:16:00+00:00,2024-03-18 14:19:00+00:00,2024-03-18 14:19:00+00:00,pullback_long_open_7b7dd96cd520,1,market,0.0,3,1,20,12,46310.0
429042,429043,429045,429045,closed,timeout,20041.5,20045.75,20041.75,20045.5,20021.5,20053.5,4.25,3.75,3.25,65.0,10.0,0.5,3.0,3.0,10.5,2024-03-18 14:19:00+00:00,2024-03-18 14:19:00+00:00,2024-03-18 14:22:00+00:00,2024-03-18 14:22:00+00:00,pullback_long_open_7b7dd96cd520,1,market,0.0,3,1,20,12,46375.0
429058,429059,429061,429061,closed,timeout,20049.75,20059.25,20050.0,20059.0,20029.75,20061.75,9.5,9.0,8.5,170.0,10.0,0.5,3.0,3.0,6.25,2024-03-18 14:35:00+00:00,2024-03-18 14:35:00+00:00,2024-03-18 14:38:00+00:00,2024-03-18 14:38:00+00:00,pullback_long_open_7b7dd96cd520,1,market,0.0,3,1,20,12,46545.0
430391,430392,430392,430392,closed,target,19792.75,19804.75,19793.0,19804.5,19772.75,19804.75,12.0,11.5,11.0,220.0,10.0,0.5,1.0,1.0,0.5,2024-03-19 14:03:00+00:00,2024-03-19 14:03:00+00:00,2024-03-19 14:04:00+00:00,2024-03-19 14:06:00+00:00,pullback_long_open_7b7dd96cd520,1,market,0.0,3,1,20,12,46765.0
430399,430400,430402,430402,closed,timeout,19805.5,19799.25,19805.75,19799.0,19785.5,19817.5,-6.25,-6.75,-7.25,-145.0,10.0,0.5,3.0,3.0,18.75,2024-03-19 14:11:00+00:00,2024-03-19 14:11:00+00:00,2024-03-19 14:14:00+00:00,2024-03-19 14:14:00+00:00,pullback_long_open_7b7dd96cd520,1,market,0.0,3,1,20,12,46620.0
430402,430403,430405,430405,closed,timeout,19798.5,19788.75,19798.75,19788.5,19778.5,19810.5,-9.75,-10.25,-10.75,-215.0,10.0,0.5,3.0,3.0,11.5,2024-03-19 14:14:00+00:00,2024-03-19 14:14:00+00:00,2024-03-19 14:17:00+00:00,2024-03-19 14:17:00+00:00,pullback_long_open_7b7dd96cd520,1,market,0.0,3,1,20,12,46405.0
430436,430437,430438,430438,closed,target,19825.5,19837.5,19825.75,19837.25,19805.5,19837.5,12.0,11.5,11.0,220.0,10.0,0.5,2.0,2.0,6.5,2024-03-19 14:48:00+00:00,2024-03-19 14:48:00+00:00,2024-03-19 14:50:00+00:00,2024-03-19 14:51:00+00:00,pullback_long_open_7b7dd96cd520,1,market,0.0,3,1,20,12,46625.0
430444,430445,430447,430447,closed,timeout,19831.0,19818.0,19831.25,19817.75,19811.0,19843.0,-13.0,-13.5,-14.0,-280.0,10.0,0.5,3.0,3.0,18.5,2024-03-19 14:56:00+00:00,2024-03-19 14:56:00+00:00,2024-03-19 14:59:00+00:00,2024-03-19 14:59:00+00:00,pullback_long_open_7b7dd96cd520,1,market,0.0,3,1,20,12,46345.0
430447,430448,430450,430450,closed,timeout,19818.0,19810.25,19818.25,19810.0,19798.0,19830.0,-7.75,-8.25,-8.75,-175.0,10.0,0.5,3.0,3.0,11.5,2024-03-19 14:59:00+00:00,2024-03-19 14:59:00+00:00,2024-03-19 15:02:00+00:00,2024-03-19 15:02:00+00:00,pullback_long_open_7b7dd96cd520,1,market,0.0,3,1,20,12,46170.0
431727,431728,431728,431728,closed,stop,20022.0,20002.0,20022.25,20001.75,20002.0,20034.0,-20.0,-20.5,-21.0,-420.0,10.0,0.5,1.0,1.0,26.5,2024-03-20 13:34:00+00:00,2024-03-20 13:34:00+00:00,2024-03-20 13:35:00+00:00,2024-03-20 13:37:00+00:00,pullback_long_open_7b7dd96cd520,1,market,0.0,3,1,20,12,45750.0
431763,431764,431766,431766,closed,timeout,19961.0,19952.0,19961.25,19951.75,19941.0,19973.0,-9.0,-9.5,-10.0,-200.0,10.0,0.5,3.0,3.0,15.75,2024-03-20 14:10:00+00:00,2024-03-20 14:10:00+00:00,2024-03-20 14:13:00+00:00,2024-03-20 14:13:00+00:00,pullback_long_open_7b7dd96cd520,1,market,0.0,3,1,20,12,45550.0
431784,431785,431787,431787,closed,timeout,19992.75,19982.75,19993.0,19982.5,19972.75,20004.75,-10.0,-10.5,-11.0,-220.0,10.0,0.5,3.0,3.0,11.0,2024-03-20 14:31:00+00:00,2024-03-20 14:31:00+00:00,2024-03-20 14:34:00+00:00,2024-03-20 14:34:00+00:00,pullback_long_open_7b7dd96cd520,1,market,0.0,3,1,20,12,45330.0
433090,433091,433093,433093,closed,stop,20372.0,20352.0,20372.25,20351.75,20352.0,20384.0,-20.0,-20.5,-21.0,-420.0,10.0,0.5,3.0,3.0,23.25,2024-03-21 13:32:00+00:00,2024-03-21 13:32:00+00:00,2024-03-21 13:35:00+00:00,2024-03-21 13:35:00+00:00,pullback_long_open_7b7dd96cd520,1,market,0.0,3,1,20,12,44910.0
433094,433095,433097,433097,closed,target,20365.0,20377.0,20365.25,20376.75,20345.0,20377.0,12.0,11.5,11.0,220.0,10.0,0.5,3.0,3.0,12.25,2024-03-21 13:36:00+00:00,2024-03-21 13:36:00+00:00,2024-03-21 13:39:00+00:00,2024-03-21 13:39:00+00:00,pullback_long_open_7b7dd96cd520,1,market,0.0,3,1,20,12,45130.0
433131,433132,433133,433133,closed,stop,20355.0,20335.0,20355.25,20334.75,20335.0,20367.0,-20.0,-20.5,-21.0,-420.0,10.0,0.5,2.0,2.0,24.5,2024-03-21 14:13:00+00:00,2024-03-21 14:13:00+00:00,2024-03-21 14:15:00+00:00,2024-03-21 14:16:00+00:00,pullback_long_open_7b7dd96cd520,1,market,0.0,3,1,20,12,44710.0
433134,433135,433137,433137,closed,timeout,20349.5,20344.0,20349.75,20343.75,20329.5,20361.5,-5.5,-6.0,-6.5,-130.0,10.0,0.5,3.0,3.0,15.5,2024-03-21 14:16:00+00:00,2024-03-21 14:16:00+00:00,2024-03-21 14:19:00+00:00,2024-03-21 14:19:00+00:00,pullback_long_open_7b7dd96cd520,1,market,0.0,3,1,20,12,44580.0
433145,433146,433148,433148,closed,timeout,20369.0,20352.75,20369.25,20352.5,20349.0,20381.0,-16.25,-16.75,-17.25,-345.0,10.0,0.5,3.0,3.0,17.5,2024-03-21 14:27:00+00:00,2024-03-21 14:27:00+00:00,2024-03-21 14:30:00+00:00,2024-03-21 14:30:00+00:00,pullback_long_open_7b7dd96cd520,1,market,0.0,3,1,20,12,44235.0
433171,433172,433174,433174,closed,timeout,20352.5,20352.25,20352.75,20352.0,20332.5,20364.5,-0.25,-0.75,-1.25,-25.0,10.0,0.5,3.0,3.0,4.5,2024-03-21 14:53:00+00:00,2024-03-21 14:53:00+00:00,2024-03-21 14:56:00+00:00,2024-03-21 14:56:00+00:00,pullback_long_open_7b7dd96cd520,1,market,0.0,3,1,20,12,44210.0
433176,433177,433179,433179,closed,timeout,20349.0,20346.75,20349.25,20346.5,20329.0,20361.0,-2.25,-2.75,-3.25,-65.0,10.0,0.5,3.0,3.0,15.0,2024-03-21 14:58:00+00:00,2024-03-21 14:58:00+00:00,2024-03-21 15:01:00+00:00,2024-03-21 15:01:00+00:00,pullback_long_open_7b7dd96cd520,1,market,0.0,3,1,20,12,44145.0
434496,434497,434499,434499,closed,stop,20234.75,20214.75,20235.0,20214.5,20214.75,20246.75,-20.0,-20.5,-21.0,-420.0,10.0,0.5,3.0,3.0,24.25,2024-03-22 14:13:00+00:00,2024-03-22 14:13:00+00:00,2024-03-22 14:16:00+00:00,2024-03-22 14:16:00+00:00,pullback_long_open_7b7dd96cd520,1,market,0.0,3,1,20,12,43725.0
435851,435852,435854,435854,closed,timeout,20169.75,20174.0,20170.0,20173.75,20149.75,20181.75,4.25,3.75,3.25,65.0,10.0,0.5,3.0,3.0,9.5,2024-03-25 14:03:00+00:00,2024-03-25 14:03:00+00:00,2024-03-25 14:06:00+00:00,2024-03-25 14:06:00+00:00,pullback_long_open_7b7dd96cd520,1,market,0.0,3,1,20,12,43790.0
435865,435866,435868,435868,closed,timeout,20210.5,20213.25,20210.75,20213.0,20190.5,20222.5,2.75,2.25,1.75,35.0,10.0,0.5,3.0,3.0,7.0,2024-03-25 14:17:00+00:00,2024-03-25 14:17:00+00:00,2024-03-25 14:20:00+00:00,2024-03-25 14:20:00+00:00,pullback_long_open_7b7dd96cd520,1,market,0.0,3,1,20,12,43825.0
435874,435875,435877,435877,closed,timeout,20219.0,20209.5,20219.25,20209.25,20199.0,20231.0,-9.5,-10.0,-10.5,-210.0,10.0,0.5,3.0,3.0,11.25,2024-03-25 14:26:00+00:00,2024-03-25 14:26:00+00:00,2024-03-25 14:29:00+00:00,2024-03-25 14:29:00+00:00,pullback_long_open_7b7dd96cd520,1,market,0.0,3,1,20,12,43615.0
437193,437194,437196,437196,closed,timeout,20268.75,20263.5,20269.0,20263.25,20248.75,20280.75,-5.25,-5.75,-6.25,-125.0,10.0,0.5,3.0,3.0,8.0,2024-03-26 13:40:00+00:00,2024-03-26 13:40:00+00:00,2024-03-26 13:43:00+00:00,2024-03-26 13:43:00+00:00,pullback_long_open_7b7dd96cd520,1,market,0.0,3,1,20,12,43490.0
437197,437198,437199,437199,closed,target,20271.75,20283.75,20272.0,20283.5,20251.75,20283.75,12.0,11.5,11.0,220.0,10.0,0.5,2.0,2.0,1.5,2024-03-26 13:44:00+00:00,2024-03-26 13:44:00+00:00,2024-03-26 13:46:00+00:00,2024-03-26 13:47:00+00:00,pullback_long_open_7b7dd96cd520,1,market,0.0,3,1,20,12,43710.0
437221,437222,437224,437224,closed,timeout,20296.25,20279.75,20296.5,20279.5,20276.25,20308.25,-16.5,-17.0,-17.5,-350.0,10.0,0.5,3.0,3.0,18.75,2024-03-26 14:08:00+00:00,2024-03-26 14:08:00+00:00,2024-03-26 14:11:00+00:00,2024-03-26 14:11:00+00:00,pullback_long_open_7b7dd96cd520,1,market,0.0,3,1,20,12,43360.0
437227,437228,437230,437230,closed,timeout,20287.0,20286.0,20287.25,20285.75,20267.0,20299.0,-1.0,-1.5,-2.0,-40.0,10.0,0.5,3.0,3.0,6.0,2024-03-26 14:14:00+00:00,2024-03-26 14:14:00+00:00,2024-03-26 14:17:00+00:00,2024-03-26 14:17:00+00:00,pullback_long_open_7b7dd96cd520,1,market,0.0,3,1,20,12,43320.0
437230,437231,437232,437232,closed,target,20286.5,20298.5,20286.75,20298.25,20266.5,20298.5,12.0,11.5,11.0,220.0,10.0,0.5,2.0,2.0,2.25,2024-03-26 14:17:00+00:00,2024-03-26 14:17:00+00:00,2024-03-26 14:19:00+00:00,2024-03-26 14:20:00+00:00,pullback_long_open_7b7dd96cd520,1,market,0.0,3,1,20,12,43540.0
438602,438603,438605,438605,closed,timeout,20112.25,20110.5,20112.5,20110.25,20092.25,20124.25,-1.75,-2.25,-2.75,-55.0,10.0,0.5,3.0,3.0,13.5,2024-03-27 14:24:00+00:00,2024-03-27 14:24:00+00:00,2024-03-27 14:27:00+00:00,2024-03-27 14:27:00+00:00,pullback_long_open_7b7dd96cd520,1,market,0.0,3,1,20,12,43485.0
438611,438612,438613,438613,closed,target,20113.0,20125.0,20113.25,20124.75,20093.0,20125.0,12.0,11.5,11.0,220.0,10.0,0.5,2.0,2.0,3.5,2024-03-27 14:33:00+00:00,2024-03-27 14:33:00+00:00,2024-03-27 14:35:00+00:00,2024-03-27 14:36:00+00:00,pullback_long_open_7b7dd96cd520,1,market,0.0,3,1,20,12,43705.0
438624,438625,438627,438627,closed,timeout,20125.25,20115.5,20125.5,20115.25,20105.25,20137.25,-9.75,-10.25,-10.75,-215.0,10.0,0.5,3.0,3.0,11.5,2024-03-27 14:46:00+00:00,2024-03-27 14:46:00+00:00,2024-03-27 14:49:00+00:00,2024-03-27 14:49:00+00:00,pullback_long_open_7b7dd96cd520,1,market,0.0,3,1,20,12,43490.0
439943,439944,439946,439946,closed,timeout,20218.75,20222.25,20219.0,20222.0,20198.75,20230.75,3.5,3.0,2.5,50.0,10.0,0.5,3.0,3.0,5.25,2024-03-28 14:01:00+00:00,2024-03-28 14:01:00+00:00,2024-03-28 14:04:00+00:00,2024-03-28 14:04:00+00:00,pullback_long_open_7b7dd96cd520,1,market,0.0,3,1,20,12,43540.0
439946,439947,439949,439949,closed,timeout,20222.5,20211.5,20222.75,20211.25,20202.5,20234.5,-11.0,-11.5,-12.0,-240.0,10.0,0.5,3.0,3.0,13.75,2024-03-28 14:04:00+00:00,2024-03-28 14:04:00+00:00,2024-03-28 14:07:00+00:00,2024-03-28 14:07:00+00:00,pullback_long_open_7b7dd96cd520,1,market,0.0,3,1,20,12,43300.0
439985,439986,439988,439988,closed,timeout,20198.75,20200.25,20199.0,20200.0,20178.75,20210.75,1.5,1.0,0.5,10.0,10.0,0.5,3.0,3.0,1.75,2024-03-28 14:43:00+00:00,2024-03-28 14:43:00+00:00,2024-03-28 14:46:00+00:00,2024-03-28 14:46:00+00:00,pullback_long_open_7b7dd96cd520,1,market,0.0,3,1,20,12,43310.0
439990,439991,439993,439993,closed,timeout,20200.25,20206.25,20200.5,20206.0,20180.25,20212.25,6.0,5.5,5.0,100.0,10.0,0.5,3.0,3.0,1.5,2024-03-28 14:48:00+00:00,2024-03-28 14:48:00+00:00,2024-03-28 14:51:00+00:00,2024-03-28 14:51:00+00:00,pullback_long_open_7b7dd96cd520,1,market,0.0,3,1,20,12,43410.0
441298,441299,441301,441301,closed,timeout,20285.25,20277.5,20285.5,20277.25,20265.25,20297.25,-7.75,-8.25,-8.75,-175.0,10.0,0.5,3.0,3.0,11.25,2024-04-01 13:51:00+00:00,2024-04-01 13:51:00+00:00,2024-04-01 13:54:00+00:00,2024-04-01 13:54:00+00:00,pullback_long_open_7b7dd96cd520,1,market,0.0,3,1,20,12,43235.0
442705,442706,442708,442708,closed,timeout,19937.75,19934.75,19938.0,19934.5,19917.75,19949.75,-3.0,-3.5,-4.0,-80.0,10.0,0.5,3.0,3.0,17.25,2024-04-02 14:33:00+00:00,2024-04-02 14:33:00+00:00,2024-04-02 14:36:00+00:00,2024-04-02 14:36:00+00:00,pullback_long_open_7b7dd96cd520,1,market,0.0,3,1,20,12,43155.0
442708,442709,442711,442711,closed,timeout,19934.75,19940.75,19935.0,19940.5,19914.75,19946.75,6.0,5.5,5.0,100.0,10.0,0.5,3.0,3.0,0.25,2024-04-02 14:36:00+00:00,2024-04-02 14:36:00+00:00,2024-04-02 14:39:00+00:00,2024-04-02 14:39:00+00:00,pullback_long_open_7b7dd96cd520,1,market,0.0,3,1,20,12,43255.0
442715,442716,442716,442716,closed,target,19931.5,19943.5,19931.75,19943.25,19911.5,19943.5,12.0,11.5,11.0,220.0,10.0,0.5,1.0,1.0,0.25,2024-04-02 14:43:00+00:00,2024-04-02 14:43:00+00:00,2024-04-02 14:44:00+00:00,2024-04-02 14:46:00+00:00,pullback_long_open_7b7dd96cd520,1,market,0.0,3,1,20,12,43475.0
444017,444018,444020,444020,closed,timeout,19967.0,19957.5,19967.25,19957.25,19947.0,19979.0,-9.5,-10.0,-10.5,-210.0,10.0,0.5,3.0,3.0,13.0,2024-04-03 13:40:00+00:00,2024-04-03 13:40:00+00:00,2024-04-03 13:43:00+00:00,2024-04-03 13:43:00+00:00,pullback_long_open_7b7dd96cd520,1,market,0.0,3,1,20,12,43265.0
444023,444024,444025,444025,closed,target,19953.5,19965.5,19953.75,19965.25,19933.5,19965.5,12.0,11.5,11.0,220.0,10.0,0.5,2.0,2.0,4.25,2024-04-03 13:46:00+00:00,2024-04-03 13:46:00+00:00,2024-04-03 13:48:00+00:00,2024-04-03 13:49:00+00:00,pullback_long_open_7b7dd96cd520,1,market,0.0,3,1,20,12,43485.0
444048,444049,444049,444049,closed,target,20032.75,20044.75,20033.0,20044.5,20012.75,20044.75,12.0,11.5,11.0,220.0,10.0,0.5,1.0,1.0,4.25,2024-04-03 14:11:00+00:00,2024-04-03 14:11:00+00:00,2024-04-03 14:12:00+00:00,2024-04-03 14:14:00+00:00,pullback_long_open_7b7dd96cd520,1,market,0.0,3,1,20,12,43705.0
444049,444050,444052,444052,closed,target,20044.75,20056.75,20045.0,20056.5,20024.75,20056.75,12.0,11.5,11.0,220.0,10.0,0.5,3.0,3.0,9.25,2024-04-03 14:12:00+00:00,2024-04-03 14:12:00+00:00,2024-04-03 14:15:00+00:00,2024-04-03 14:15:00+00:00,pullback_long_open_7b7dd96cd520,1,market,0.0,3,1,20,12,43925.0
444071,444072,444074,444074,closed,timeout,20112.5,20110.0,20112.75,20109.75,20092.5,20124.5,-2.5,-3.0,-3.5,-70.0,10.0,0.5,3.0,3.0,5.25,2024-04-03 14:34:00+00:00,2024-04-03 14:34:00+00:00,2024-04-03 14:37:00+00:00,2024-04-03 14:37:00+00:00,pullback_long_open_7b7dd96cd520,1,market,0.0,3,1,20,12,43855.0
444078,444079,444081,444081,closed,timeout,20105.0,20109.5,20105.25,20109.25,20085.0,20117.0,4.5,4.0,3.5,70.0,10.0,0.5,3.0,3.0,9.25,2024-04-03 14:41:00+00:00,2024-04-03 14:41:00+00:00,2024-04-03 14:44:00+00:00,2024-04-03 14:44:00+00:00,pullback_long_open_7b7dd96cd520,1,market,0.0,3,1,20,12,43925.0
445414,445415,445417,445417,closed,timeout,20216.5,20211.5,20216.75,20211.25,20196.5,20228.5,-5.0,-5.5,-6.0,-120.0,10.0,0.5,3.0,3.0,10.5,2024-04-04 14:12:00+00:00,2024-04-04 14:12:00+00:00,2024-04-04 14:15:00+00:00,2024-04-04 14:15:00+00:00,pullback_long_open_7b7dd96cd520,1,market,0.0,3,1,20,12,43805.0
445420,445421,445423,445423,closed,timeout,20214.5,20204.25,20214.75,20204.0,20194.5,20226.5,-10.25,-10.75,-11.25,-225.0,10.0,0.5,3.0,3.0,13.5,2024-04-04 14:18:00+00:00,2024-04-04 14:18:00+00:00,2024-04-04 14:21:00+00:00,2024-04-04 14:21:00+00:00,pullback_long_open_7b7dd96cd520,1,market,0.0,3,1,20,12,43580.0
446752,446753,446755,446755,closed,target,19863.25,19875.25,19863.5,19875.0,19843.25,19875.25,12.0,11.5,11.0,220.0,10.0,0.5,3.0,3.0,10.0,2024-04-05 13:45:00+00:00,2024-04-05 13:45:00+00:00,2024-04-05 13:48:00+00:00,2024-04-05 13:48:00+00:00,pullback_long_open_7b7dd96cd520,1,market,0.0,3,1,20,12,43800.0
446770,446771,446772,446772,closed,target,19889.5,19901.5,19889.75,19901.25,19869.5,19901.5,12.0,11.5,11.0,220.0,10.0,0.5,2.0,2.0,5.25,2024-04-05 14:03:00+00:00,2024-04-05 14:03:00+00:00,2024-04-05 14:05:00+00:00,2024-04-05 14:06:00+00:00,pullback_long_open_7b7dd96cd520,1,market,0.0,3,1,20,12,44020.0
446777,446778,446780,446780,closed,target,19904.0,19916.0,19904.25,19915.75,19884.0,19916.0,12.0,11.5,11.0,220.0,10.0,0.5,3.0,3.0,12.5,2024-04-05 14:10:00+00:00,2024-04-05 14:10:00+00:00,2024-04-05 14:13:00+00:00,2024-04-05 14:13:00+00:00,pullback_long_open_7b7dd96cd520,1,market,0.0,3,1,20,12,44240.0
446815,446816,446817,446817,closed,target,19933.25,19945.25,19933.5,19945.0,19913.25,19945.25,12.0,11.5,11.0,220.0,10.0,0.5,2.0,2.0,0.25,2024-04-05 14:48:00+00:00,2024-04-05 14:48:00+00:00,2024-04-05 14:50:00+00:00,2024-04-05 14:51:00+00:00,pullback_long_open_7b7dd96cd520,1,market,0.0,3,1,20,12,44460.0
448137,448138,448139,448139,closed,target,19992.25,20004.25,19992.5,20004.0,19972.25,20004.25,12.0,11.5,11.0,220.0,10.0,0.5,2.0,2.0,11.5,2024-04-08 14:05:00+00:00,2024-04-08 14:05:00+00:00,2024-04-08 14:07:00+00:00,2024-04-08 14:08:00+00:00,pullback_long_open_7b7dd96cd520,1,market,0.0,3,1,20,12,44680.0
448168,448169,448171,448171,closed,timeout,20056.25,20053.5,20056.5,20053.25,20036.25,20068.25,-2.75,-3.25,-3.75,-75.0,10.0,0.5,3.0,3.0,6.75,2024-04-08 14:36:00+00:00,2024-04-08 14:36:00+00:00,2024-04-08 14:39:00+00:00,2024-04-08 14:39:00+00:00,pullback_long_open_7b7dd96cd520,1,market,0.0,3,1,20,12,44605.0
448177,448178,448180,448180,closed,timeout,20041.25,20046.0,20041.5,20045.75,20021.25,20053.25,4.75,4.25,3.75,75.0,10.0,0.5,3.0,3.0,2.75,2024-04-08 14:45:00+00:00,2024-04-08 14:45:00+00:00,2024-04-08 14:48:00+00:00,2024-04-08 14:48:00+00:00,pullback_long_open_7b7dd96cd520,1,market,0.0,3,1,20,12,44680.0
449470,449471,449471,449471,closed,stop,20093.25,20073.25,20093.5,20073.0,20073.25,20105.25,-20.0,-20.5,-21.0,-420.0,10.0,0.5,1.0,1.0,29.75,2024-04-09 13:33:00+00:00,2024-04-09 13:33:00+00:00,2024-04-09 13:34:00+00:00,2024-04-09 13:36:00+00:00,pullback_long_open_7b7dd96cd520,1,market,0.0,3,1,20,12,44260.0
450836,450837,450837,450837,closed,target,19847.25,19859.25,19847.5,19859.0,19827.25,19859.25,12.0,11.5,11.0,220.0,10.0,0.5,1.0,1.0,4.0,2024-04-10 13:35:00+00:00,2024-04-10 13:35:00+00:00,2024-04-10 13:36:00+00:00,2024-04-10 13:38:00+00:00,pullback_long_open_7b7dd96cd520,1,market,0.0,3,1,20,12,44480.0
450845,450846,450846,450846,closed,target,19871.5,19883.5,19871.75,19883.25,19851.5,19883.5,12.0,11.5,11.0,220.0,10.0,0.5,1.0,1.0,6.0,2024-04-10 13:44:00+00:00,2024-04-10 13:44:00+00:00,2024-04-10 13:45:00+00:00,2024-04-10 13:47:00+00:00,pullback_long_open_7b7dd96cd520,1,market,0.0,3,1,20,12,44700.0
450867,450868,450868,450868,closed,stop,19863.0,19843.0,19863.25,19842.75,19843.0,19875.0,-20.0,-20.5,-21.0,-420.0,10.0,0.5,1.0,1.0,21.75,2024-04-10 14:06:00+00:00,2024-04-10 14:06:00+00:00,2024-04-10 14:07:00+00:00,2024-04-10 14:09:00+00:00,pullback_long_open_7b7dd96cd520,1,market,0.0,3,1,20,12,44280.0
450886,450887,450887,450887,closed,target,19870.0,19882.0,19870.25,19881.75,19850.0,19882.0,12.0,11.5,11.0,220.0,10.0,0.5,1.0,1.0,2.0,2024-04-10 14:25:00+00:00,2024-04-10 14:25:00+00:00,2024-04-10 14:26:00+00:00,2024-04-10 14:28:00+00:00,pullback_long_open_7b7dd96cd520,1,market,0.0,3,1,20,12,44500.0
450898,450899,450900,450900,closed,target,19897.75,19909.75,19898.0,19909.5,19877.75,19909.75,12.0,11.5,11.0,220.0,10.0,0.5,2.0,2.0,11.0,2024-04-10 14:37:00+00:00,2024-04-10 14:37:00+00:00,2024-04-10 14:39:00+00:00,2024-04-10 14:40:00+00:00,pullback_long_open_7b7dd96cd520,1,market,0.0,3,1,20,12,44720.0
450903,450904,450906,450906,closed,stop,19912.0,19892.0,19912.25,19891.75,19892.0,19924.0,-20.0,-20.5,-21.0,-420.0,10.0,0.5,3.0,3.0,22.75,2024-04-10 14:42:00+00:00,2024-04-10 14:42:00+00:00,2024-04-10 14:45:00+00:00,2024-04-10 14:45:00+00:00,pullback_long_open_7b7dd96cd520,1,market,0.0,3,1,20,12,44300.0
452263,452264,452264,452264,closed,target,19916.25,19928.25,19916.5,19928.0,19896.25,19928.25,12.0,11.5,11.0,220.0,10.0,0.5,1.0,1.0,1.75,2024-04-11 14:37:00+00:00,2024-04-11 14:37:00+00:00,2024-04-11 14:38:00+00:00,2024-04-11 14:40:00+00:00,pullback_long_open_7b7dd96cd520,1,market,0.0,3,1,20,12,44520.0
452264,452265,452267,452267,closed,target,19928.0,19940.0,19928.25,19939.75,19908.0,19940.0,12.0,11.5,11.0,220.0,10.0,0.5,3.0,3.0,11.5,2024-04-11 14:38:00+00:00,2024-04-11 14:38:00+00:00,2024-04-11 14:41:00+00:00,2024-04-11 14:41:00+00:00,pullback_long_open_7b7dd96cd520,1,market,0.0,3,1,20,12,44740.0
452280,452281,452283,452283,closed,timeout,19944.0,19942.0,19944.25,19941.75,19924.0,19956.0,-2.0,-2.5,-3.0,-60.0,10.0,0.5,3.0,3.0,3.0,2024-04-11 14:54:00+00:00,2024-04-11 14:54:00+00:00,2024-04-11 14:57:00+00:00,2024-04-11 14:57:00+00:00,pullback_long_open_7b7dd96cd520,1,market,0.0,3,1,20,12,44680.0
453589,453590,453590,453590,closed,target,20023.75,20035.75,20024.0,20035.5,20003.75,20035.75,12.0,11.5,11.0,220.0,10.0,0.5,1.0,1.0,1.5,2024-04-12 13:59:00+00:00,2024-04-12 13:59:00+00:00,2024-04-12 14:00:00+00:00,2024-04-12 14:02:00+00:00,pullback_long_open_7b7dd96cd520,1,market,0.0,3,1,20,12,44900.0
454955,454956,454956,454956,closed,target,19998.25,20010.25,19998.5,20010.0,19978.25,20010.25,12.0,11.5,11.0,220.0,10.0,0.5,1.0,1.0,6.5,2024-04-15 14:00:00+00:00,2024-04-15 14:00:00+00:00,2024-04-15 14:01:00+00:00,2024-04-15 14:03:00+00:00,pullback_long_open_7b7dd96cd520,1,market,0.0,3,1,20,12,45120.0
456322,456323,456323,456323,closed,target,19586.25,19598.25,19586.5,19598.0,19566.25,19598.25,12.0,11.5,11.0,220.0,10.0,0.5,1.0,1.0,2.75,2024-04-16 14:02:00+00:00,2024-04-16 14:02:00+00:00,2024-04-16 14:03:00+00:00,2024-04-16 14:05:00+00:00,pullback_long_open_7b7dd96cd520,1,market,0.0,3,1,20,12,45340.0
456323,456324,456326,456326,closed,timeout,19592.0,19581.75,19592.25,19581.5,19572.0,19604.0,-10.25,-10.75,-11.25,-225.0,10.0,0.5,3.0,3.0,19.75,2024-04-16 14:03:00+00:00,2024-04-16 14:03:00+00:00,2024-04-16 14:06:00+00:00,2024-04-16 14:06:00+00:00,pullback_long_open_7b7dd96cd520,1,market,0.0,3,1,20,12,45115.0
456328,456329,456329,456329,closed,target,19579.5,19591.5,19579.75,19591.25,19559.5,19591.5,12.0,11.5,11.0,220.0,10.0,0.5,1.0,1.0,0.25,2024-04-16 14:08:00+00:00,2024-04-16 14:08:00+00:00,2024-04-16 14:09:00+00:00,2024-04-16 14:11:00+00:00,pullback_long_open_7b7dd96cd520,1,market,0.0,3,1,20,12,45335.0
456332,456333,456335,456335,closed,target,19590.0,19602.0,19590.25,19601.75,19570.0,19602.0,12.0,11.5,11.0,220.0,10.0,0.5,3.0,3.0,10.25,2024-04-16 14:12:00+00:00,2024-04-16 14:12:00+00:00,2024-04-16 14:15:00+00:00,2024-04-16 14:15:00+00:00,pullback_long_open_7b7dd96cd520,1,market,0.0,3,1,20,12,45555.0
456377,456378,456380,456380,closed,timeout,19567.5,19557.5,19567.75,19557.25,19547.5,19579.5,-10.0,-10.5,-11.0,-220.0,10.0,0.5,3.0,3.0,15.5,2024-04-16 14:57:00+00:00,2024-04-16 14:57:00+00:00,2024-04-16 15:00:00+00:00,2024-04-16 15:00:00+00:00,pullback_long_open_7b7dd96cd520,1,market,0.0,3,1,20,12,45335.0
457655,457656,457656,457656,closed,stop,19651.0,19631.0,19651.25,19630.75,19631.0,19663.0,-20.0,-20.5,-21.0,-420.0,10.0,0.5,1.0,1.0,28.0,2024-04-17 13:30:00+00:00,2024-04-17 13:30:00+00:00,2024-04-17 13:31:00+00:00,2024-04-17 13:33:00+00:00,pullback_long_open_7b7dd96cd520,1,market,0.0,3,1,20,12,44915.0
457657,457658,457660,457660,closed,stop,19644.25,19624.25,19644.5,19624.0,19624.25,19656.25,-20.0,-20.5,-21.0,-420.0,10.0,0.5,3.0,3.0,24.5,2024-04-17 13:32:00+00:00,2024-04-17 13:32:00+00:00,2024-04-17 13:35:00+00:00,2024-04-17 13:35:00+00:00,pullback_long_open_7b7dd96cd520,1,market,0.0,3,1,20,12,44495.0
457717,457718,457720,457720,closed,timeout,19545.25,19528.75,19545.5,19528.5,19525.25,19557.25,-16.5,-17.0,-17.5,-350.0,10.0,0.5,3.0,3.0,18.5,2024-04-17 14:32:00+00:00,2024-04-17 14:32:00+00:00,2024-04-17 14:35:00+00:00,2024-04-17 14:35:00+00:00,pullback_long_open_7b7dd96cd520,1,market,0.0,3,1,20,12,44145.0
459050,459051,459053,459053,closed,timeout,19303.75,19298.75,19304.0,19298.5,19283.75,19315.75,-5.0,-5.5,-6.0,-120.0,10.0,0.5,3.0,3.0,14.5,2024-04-18 14:00:00+00:00,2024-04-18 14:00:00+00:00,2024-04-18 14:03:00+00:00,2024-04-18 14:03:00+00:00,pullback_long_open_7b7dd96cd520,1,market,0.0,3,1,20,12,44025.0
459067,459068,459068,459068,closed,target,19343.5,19355.5,19343.75,19355.25,19323.5,19355.5,12.0,11.5,11.0,220.0,10.0,0.5,1.0,1.0,3.5,2024-04-18 14:17:00+00:00,2024-04-18 14:17:00+00:00,2024-04-18 14:18:00+00:00,2024-04-18 14:20:00+00:00,pullback_long_open_7b7dd96cd520,1,market,0.0,3,1,20,12,44245.0
459070,459071,459073,459073,closed,timeout,19343.5,19339.25,19343.75,19339.0,19323.5,19355.5,-4.25,-4.75,-5.25,-105.0,10.0,0.5,3.0,3.0,12.25,2024-04-18 14:20:00+00:00,2024-04-18 14:20:00+00:00,2024-04-18 14:23:00+00:00,2024-04-18 14:23:00+00:00,pullback_long_open_7b7dd96cd520,1,market,0.0,3,1,20,12,44140.0
459093,459094,459096,459096,closed,target,19391.75,19403.75,19392.0,19403.5,19371.75,19403.75,12.0,11.5,11.0,220.0,10.0,0.5,3.0,3.0,1.75,2024-04-18 14:43:00+00:00,2024-04-18 14:43:00+00:00,2024-04-18 14:46:00+00:00,2024-04-18 14:46:00+00:00,pullback_long_open_7b7dd96cd520,1,market,0.0,3,1,20,12,44360.0
459099,459100,459100,459100,closed,target,19395.0,19407.0,19395.25,19406.75,19375.0,19407.0,12.0,11.5,11.0,220.0,10.0,0.5,1.0,1.0,3.5,2024-04-18 14:49:00+00:00,2024-04-18 14:49:00+00:00,2024-04-18 14:50:00+00:00,2024-04-18 14:52:00+00:00,pullback_long_open_7b7dd96cd520,1,market,0.0,3,1,20,12,44580.0
459100,459101,459103,459103,closed,timeout,19400.0,19390.25,19400.25,19390.0,19380.0,19412.0,-9.75,-10.25,-10.75,-215.0,10.0,0.5,3.0,3.0,17.0,2024-04-18 14:50:00+00:00,2024-04-18 14:50:00+00:00,2024-04-18 14:53:00+00:00,2024-04-18 14:53:00+00:00,pullback_long_open_7b7dd96cd520,1,market,0.0,3,1,20,12,44365.0
459104,459105,459106,459106,closed,target,19395.0,19407.0,19395.25,19406.75,19375.0,19407.0,12.0,11.5,11.0,220.0,10.0,0.5,2.0,2.0,4.25,2024-04-18 14:54:00+00:00,2024-04-18 14:54:00+00:00,2024-04-18 14:56:00+00:00,2024-04-18 14:57:00+00:00,pullback_long_open_7b7dd96cd520,1,market,0.0,3,1,20,12,44585.0
460416,460417,460417,460417,closed,target,19153.5,19165.5,19153.75,19165.25,19133.5,19165.5,12.0,11.5,11.0,220.0,10.0,0.5,1.0,1.0,3.25,2024-04-19 14:01:00+00:00,2024-04-19 14:01:00+00:00,2024-04-19 14:02:00+00:00,2024-04-19 14:04:00+00:00,pullback_long_open_7b7dd96cd520,1,market,0.0,3,1,20,12,44805.0
460463,460464,460466,460466,closed,target,19097.5,19109.5,19097.75,19109.25,19077.5,19109.5,12.0,11.5,11.0,220.0,10.0,0.5,3.0,3.0,8.5,2024-04-19 14:48:00+00:00,2024-04-19 14:48:00+00:00,2024-04-19 14:51:00+00:00,2024-04-19 14:51:00+00:00,pullback_long_open_7b7dd96cd520,1,market,0.0,3,1,20,12,45025.0
460467,460468,460470,460470,closed,target,19099.0,19111.0,19099.25,19110.75,19079.0,19111.0,12.0,11.5,11.0,220.0,10.0,0.5,3.0,3.0,3.0,2024-04-19 14:52:00+00:00,2024-04-19 14:52:00+00:00,2024-04-19 14:55:00+00:00,2024-04-19 14:55:00+00:00,pullback_long_open_7b7dd96cd520,1,market,0.0,3,1,20,12,45245.0
460474,460475,460476,460476,closed,stop,19085.5,19065.5,19085.75,19065.25,19065.5,19097.5,-20.0,-20.5,-21.0,-420.0,10.0,0.5,2.0,2.0,20.25,2024-04-19 14:59:00+00:00,2024-04-19 14:59:00+00:00,2024-04-19 15:01:00+00:00,2024-04-19 15:02:00+00:00,pullback_long_open_7b7dd96cd520,1,market,0.0,3,1,20,12,44825.0
461773,461774,461776,461776,closed,timeout,19015.25,19003.5,19015.5,19003.25,18995.25,19027.25,-11.75,-12.25,-12.75,-255.0,10.0,0.5,3.0,3.0,17.0,2024-04-22 13:53:00+00:00,2024-04-22 13:53:00+00:00,2024-04-22 13:56:00+00:00,2024-04-22 13:56:00+00:00,pullback_long_open_7b7dd96cd520,1,market,0.0,3,1,20,12,44570.0
461827,461828,461830,461830,closed,stop,18917.25,18897.25,18917.5,18897.0,18897.25,18929.25,-20.0,-20.5,-21.0,-420.0,10.0,0.5,3.0,3.0,21.75,2024-04-22 14:47:00+00:00,2024-04-22 14:47:00+00:00,2024-04-22 14:50:00+00:00,2024-04-22 14:50:00+00:00,pullback_long_open_7b7dd96cd520,1,market,0.0,3,1,20,12,44150.0
463133,463134,463135,463135,closed,stop,19198.25,19178.25,19198.5,19178.0,19178.25,19210.25,-20.0,-20.5,-21.0,-420.0,10.0,0.5,2.0,2.0,22.25,2024-04-23 13:48:00+00:00,2024-04-23 13:48:00+00:00,2024-04-23 13:50:00+00:00,2024-04-23 13:51:00+00:00,pullback_long_open_7b7dd96cd520,1,market,0.0,3,1,20,12,43730.0
463138,463139,463139,463139,closed,target,19176.75,19188.75,19177.0,19188.5,19156.75,19188.75,12.0,11.5,11.0,220.0,10.0,0.5,1.0,1.0,5.25,2024-04-23 13:53:00+00:00,2024-04-23 13:53:00+00:00,2024-04-23 13:54:00+00:00,2024-04-23 13:56:00+00:00,pullback_long_open_7b7dd96cd520,1,market,0.0,3,1,20,12,43950.0
463150,463151,463151,463151,closed,target,19182.25,19194.25,19182.5,19194.0,19162.25,19194.25,12.0,11.5,11.0,220.0,10.0,0.5,1.0,1.0,4.5,2024-04-23 14:05:00+00:00,2024-04-23 14:05:00+00:00,2024-04-23 14:06:00+00:00,2024-04-23 14:08:00+00:00,pullback_long_open_7b7dd96cd520,1,market,0.0,3,1,20,12,44170.0
463158,463159,463159,463159,closed,target,19213.75,19225.75,19214.0,19225.5,19193.75,19225.75,12.0,11.5,11.0,220.0,10.0,0.5,1.0,1.0,17.5,2024-04-23 14:13:00+00:00,2024-04-23 14:13:00+00:00,2024-04-23 14:14:00+00:00,2024-04-23 14:16:00+00:00,pullback_long_open_7b7dd96cd520,1,market,0.0,3,1,20,12,44390.0
463162,463163,463165,463165,closed,timeout,19217.5,19220.75,19217.75,19220.5,19197.5,19229.5,3.25,2.75,2.25,45.0,10.0,0.5,3.0,3.0,8.0,2024-04-23 14:17:00+00:00,2024-04-23 14:17:00+00:00,2024-04-23 14:20:00+00:00,2024-04-23 14:20:00+00:00,pullback_long_open_7b7dd96cd520,1,market,0.0,3,1,20,12,44435.0
463183,463184,463186,463186,closed,timeout,19281.0,19272.75,19281.25,19272.5,19261.0,19293.0,-8.25,-8.75,-9.25,-185.0,10.0,0.5,3.0,3.0,13.5,2024-04-23 14:38:00+00:00,2024-04-23 14:38:00+00:00,2024-04-23 14:41:00+00:00,2024-04-23 14:41:00+00:00,pullback_long_open_7b7dd96cd520,1,market,0.0,3,1,20,12,44250.0
463188,463189,463191,463191,closed,timeout,19273.75,19255.5,19274.0,19255.25,19253.75,19285.75,-18.25,-18.75,-19.25,-385.0,10.0,0.5,3.0,3.0,20.0,2024-04-23 14:43:00+00:00,2024-04-23 14:43:00+00:00,2024-04-23 14:46:00+00:00,2024-04-23 14:46:00+00:00,pullback_long_open_7b7dd96cd520,1,market,0.0,3,1,20,12,43865.0
463192,463193,463195,463195,closed,timeout,19262.0,19259.0,19262.25,19258.75,19242.0,19274.0,-3.0,-3.5,-4.0,-80.0,10.0,0.5,3.0,3.0,11.5,2024-04-23 14:47:00+00:00,2024-04-23 14:47:00+00:00,2024-04-23 14:50:00+00:00,2024-04-23 14:50:00+00:00,pullback_long_open_7b7dd96cd520,1,market,0.0,3,1,20,12,43785.0
464482,464483,464483,464483,closed,stop,19437.25,19417.25,19437.5,19417.0,19417.25,19449.25,-20.0,-20.5,-21.0,-420.0,10.0,0.5,1.0,1.0,23.75,2024-04-24 13:32:00+00:00,2024-04-24 13:32:00+00:00,2024-04-24 13:33:00+00:00,2024-04-24 13:35:00+00:00,pullback_long_open_7b7dd96cd520,1,market,0.0,3,1,20,12,43365.0
464485,464486,464486,464486,closed,target,19429.0,19441.0,19429.25,19440.75,19409.0,19441.0,12.0,11.5,11.0,220.0,10.0,0.5,1.0,1.0,0.75,2024-04-24 13:35:00+00:00,2024-04-24 13:35:00+00:00,2024-04-24 13:36:00+00:00,2024-04-24 13:38:00+00:00,pullback_long_open_7b7dd96cd520,1,market,0.0,3,1,20,12,43585.0
464496,464497,464499,464499,closed,target,19467.0,19479.0,19467.25,19478.75,19447.0,19479.0,12.0,11.5,11.0,220.0,10.0,0.5,3.0,3.0,6.25,2024-04-24 13:46:00+00:00,2024-04-24 13:46:00+00:00,2024-04-24 13:49:00+00:00,2024-04-24 13:49:00+00:00,pullback_long_open_7b7dd96cd520,1,market,0.0,3,1,20,12,43805.0
464527,464528,464530,464530,closed,timeout,19426.75,19418.0,19427.0,19417.75,19406.75,19438.75,-8.75,-9.25,-9.75,-195.0,10.0,0.5,3.0,3.0,11.25,2024-04-24 14:17:00+00:00,2024-04-24 14:17:00+00:00,2024-04-24 14:20:00+00:00,2024-04-24 14:20:00+00:00,pullback_long_open_7b7dd96cd520,1,market,0.0,3,1,20,12,43610.0
465873,465874,465874,465874,closed,target,19043.75,19055.75,19044.0,19055.5,19023.75,19055.75,12.0,11.5,11.0,220.0,10.0,0.5,1.0,1.0,3.25,2024-04-25 13:58:00+00:00,2024-04-25 13:58:00+00:00,2024-04-25 13:59:00+00:00,2024-04-25 14:01:00+00:00,pullback_long_open_7b7dd96cd520,1,market,0.0,3,1,20,12,43830.0
465874,465875,465876,465876,closed,stop,19058.5,19038.5,19058.75,19038.25,19038.5,19070.5,-20.0,-20.5,-21.0,-420.0,10.0,0.5,2.0,2.0,24.75,2024-04-25 13:59:00+00:00,2024-04-25 13:59:00+00:00,2024-04-25 14:01:00+00:00,2024-04-25 14:02:00+00:00,pullback_long_open_7b7dd96cd520,1,market,0.0,3,1,20,12,43410.0
465897,465898,465900,465900,closed,target,19124.75,19136.75,19125.0,19136.5,19104.75,19136.75,12.0,11.5,11.0,220.0,10.0,0.5,3.0,3.0,5.25,2024-04-25 14:22:00+00:00,2024-04-25 14:22:00+00:00,2024-04-25 14:25:00+00:00,2024-04-25 14:25:00+00:00,pullback_long_open_7b7dd96cd520,1,market,0.0,3,1,20,12,43630.0
465904,465905,465907,465907,closed,timeout,19131.5,19125.5,19131.75,19125.25,19111.5,19143.5,-6.0,-6.5,-7.0,-140.0,10.0,0.5,3.0,3.0,15.75,2024-04-25 14:29:00+00:00,2024-04-25 14:29:00+00:00,2024-04-25 14:32:00+00:00,2024-04-25 14:32:00+00:00,pullback_long_open_7b7dd96cd520,1,market,0.0,3,1,20,12,43490.0
467225,467226,467228,467228,closed,target,19428.0,19440.0,19428.25,19439.75,19408.0,19440.0,12.0,11.5,11.0,220.0,10.0,0.5,3.0,3.0,8.5,2024-04-26 13:45:00+00:00,2024-04-26 13:45:00+00:00,2024-04-26 13:48:00+00:00,2024-04-26 13:48:00+00:00,pullback_long_open_7b7dd96cd520,1,market,0.0,3,1,20,12,43710.0
467235,467236,467236,467236,closed,target,19474.75,19486.75,19475.0,19486.5,19454.75,19486.75,12.0,11.5,11.0,220.0,10.0,0.5,1.0,1.0,0.5,2024-04-26 13:55:00+00:00,2024-04-26 13:55:00+00:00,2024-04-26 13:56:00+00:00,2024-04-26 13:58:00+00:00,pullback_long_open_7b7dd96cd520,1,market,0.0,3,1,20,12,43930.0
467248,467249,467249,467249,closed,target,19492.75,19504.75,19493.0,19504.5,19472.75,19504.75,12.0,11.5,11.0,220.0,10.0,0.5,1.0,1.0,2.75,2024-04-26 14:08:00+00:00,2024-04-26 14:08:00+00:00,2024-04-26 14:09:00+00:00,2024-04-26 14:11:00+00:00,pullback_long_open_7b7dd96cd520,1,market,0.0,3,1,20,12,44150.0
467264,467265,467267,467267,closed,timeout,19517.75,19522.5,19518.0,19522.25,19497.75,19529.75,4.75,4.25,3.75,75.0,10.0,0.5,3.0,3.0,7.75,2024-04-26 14:24:00+00:00,2024-04-26 14:24:00+00:00,2024-04-26 14:27:00+00:00,2024-04-26 14:27:00+00:00,pullback_long_open_7b7dd96cd520,1,market,0.0,3,1,20,12,44225.0
467293,467294,467294,467294,closed,target,19526.25,19538.25,19526.5,19538.0,19506.25,19538.25,12.0,11.5,11.0,220.0,10.0,0.5,1.0,1.0,0.25,2024-04-26 14:53:00+00:00,2024-04-26 14:53:00+00:00,2024-04-26 14:54:00+00:00,2024-04-26 14:56:00+00:00,pullback_long_open_7b7dd96cd520,1,market,0.0,3,1,20,12,44445.0
468609,468610,468612,468612,closed,timeout,19567.5,19575.25,19567.75,19575.0,19547.5,19579.5,7.75,7.25,6.75,135.0,10.0,0.5,3.0,3.0,10.75,2024-04-29 14:04:00+00:00,2024-04-29 14:04:00+00:00,2024-04-29 14:07:00+00:00,2024-04-29 14:07:00+00:00,pullback_long_open_7b7dd96cd520,1,market,0.0,3,1,20,12,44580.0
468625,468626,468628,468628,closed,timeout,19589.0,19599.0,19589.25,19598.75,19569.0,19601.0,10.0,9.5,9.0,180.0,10.0,0.5,3.0,3.0,1.25,2024-04-29 14:20:00+00:00,2024-04-29 14:20:00+00:00,2024-04-29 14:23:00+00:00,2024-04-29 14:23:00+00:00,pullback_long_open_7b7dd96cd520,1,market,0.0,3,1,20,12,44760.0
469960,469961,469963,469963,closed,timeout,19554.75,19554.75,19555.0,19554.5,19534.75,19566.75,0.0,-0.5,-1.0,-20.0,10.0,0.5,3.0,3.0,19.25,2024-04-30 13:50:00+00:00,2024-04-30 13:50:00+00:00,2024-04-30 13:53:00+00:00,2024-04-30 13:53:00+00:00,pullback_long_open_7b7dd96cd520,1,market,0.0,3,1,20,12,44740.0
471329,471330,471330,471330,closed,stop,19186.0,19166.0,19186.25,19165.75,19166.0,19198.0,-20.0,-20.5,-21.0,-420.0,10.0,0.5,1.0,1.0,21.5,2024-05-01 13:54:00+00:00,2024-05-01 13:54:00+00:00,2024-05-01 13:55:00+00:00,2024-05-01 13:57:00+00:00,pullback_long_open_7b7dd96cd520,1,market,0.0,3,1,20,12,44320.0
471365,471366,471368,471368,closed,timeout,19162.0,19161.5,19162.25,19161.25,19142.0,19174.0,-0.5,-1.0,-1.5,-30.0,10.0,0.5,3.0,3.0,9.25,2024-05-01 14:30:00+00:00,2024-05-01 14:30:00+00:00,2024-05-01 14:33:00+00:00,2024-05-01 14:33:00+00:00,pullback_long_open_7b7dd96cd520,1,market,0.0,3,1,20,12,44290.0
471369,471370,471371,471371,closed,target,19164.75,19176.75,19165.0,19176.5,19144.75,19176.75,12.0,11.5,11.0,220.0,10.0,0.5,2.0,2.0,3.0,2024-05-01 14:34:00+00:00,2024-05-01 14:34:00+00:00,2024-05-01 14:36:00+00:00,2024-05-01 14:37:00+00:00,pullback_long_open_7b7dd96cd520,1,market,0.0,3,1,20,12,44510.0
471379,471380,471381,471381,closed,target,19174.75,19186.75,19175.0,19186.5,19154.75,19186.75,12.0,11.5,11.0,220.0,10.0,0.5,2.0,2.0,0.25,2024-05-01 14:44:00+00:00,2024-05-01 14:44:00+00:00,2024-05-01 14:46:00+00:00,2024-05-01 14:47:00+00:00,pullback_long_open_7b7dd96cd520,1,market,0.0,3,1,20,12,44730.0
471382,471383,471385,471385,closed,timeout,19184.0,19187.0,19184.25,19186.75,19164.0,19196.0,3.0,2.5,2.0,40.0,10.0,0.5,3.0,3.0,5.5,2024-05-01 14:47:00+00:00,2024-05-01 14:47:00+00:00,2024-05-01 14:50:00+00:00,2024-05-01 14:50:00+00:00,pullback_long_open_7b7dd96cd520,1,market,0.0,3,1,20,12,44770.0
471388,471389,471391,471391,closed,timeout,19190.0,19188.25,19190.25,19188.0,19170.0,19202.0,-1.75,-2.25,-2.75,-55.0,10.0,0.5,3.0,3.0,9.5,2024-05-01 14:53:00+00:00,2024-05-01 14:53:00+00:00,2024-05-01 14:56:00+00:00,2024-05-01 14:56:00+00:00,pullback_long_open_7b7dd96cd520,1,market,0.0,3,1,20,12,44715.0
472669,472670,472670,472670,closed,target,19276.75,19288.75,19277.0,19288.5,19256.75,19288.75,12.0,11.5,11.0,220.0,10.0,0.5,1.0,1.0,8.25,2024-05-02 13:30:00+00:00,2024-05-02 13:30:00+00:00,2024-05-02 13:31:00+00:00,2024-05-02 13:33:00+00:00,pullback_long_open_7b7dd96cd520,1,market,0.0,3,1,20,12,44935.0
474057,474058,474058,474058,closed,target,19688.25,19700.25,19688.5,19700.0,19668.25,19700.25,12.0,11.5,11.0,220.0,10.0,0.5,1.0,1.0,1.0,2024-05-03 13:53:00+00:00,2024-05-03 13:53:00+00:00,2024-05-03 13:54:00+00:00,2024-05-03 13:56:00+00:00,pullback_long_open_7b7dd96cd520,1,market,0.0,3,1,20,12,45155.0
475404,475405,475405,475405,closed,target,19762.5,19774.5,19762.75,19774.25,19742.5,19774.5,12.0,11.5,11.0,220.0,10.0,0.5,1.0,1.0,0.25,2024-05-06 13:35:00+00:00,2024-05-06 13:35:00+00:00,2024-05-06 13:36:00+00:00,2024-05-06 13:38:00+00:00,pullback_long_open_7b7dd96cd520,1,market,0.0,3,1,20,12,45375.0
475410,475411,475413,475413,closed,timeout,19781.75,19776.25,19782.0,19776.0,19761.75,19793.75,-5.5,-6.0,-6.5,-130.0,10.0,0.5,3.0,3.0,16.5,2024-05-06 13:41:00+00:00,2024-05-06 13:41:00+00:00,2024-05-06 13:44:00+00:00,2024-05-06 13:44:00+00:00,pullback_long_open_7b7dd96cd520,1,market,0.0,3,1,20,12,45245.0
475414,475415,475417,475417,closed,timeout,19779.5,19783.5,19779.75,19783.25,19759.5,19791.5,4.0,3.5,3.0,60.0,10.0,0.5,3.0,3.0,2.0,2024-05-06 13:45:00+00:00,2024-05-06 13:45:00+00:00,2024-05-06 13:48:00+00:00,2024-05-06 13:48:00+00:00,pullback_long_open_7b7dd96cd520,1,market,0.0,3,1,20,12,45305.0
475432,475433,475435,475435,closed,timeout,19799.25,19797.5,19799.5,19797.25,19779.25,19811.25,-1.75,-2.25,-2.75,-55.0,10.0,0.5,3.0,3.0,8.75,2024-05-06 14:03:00+00:00,2024-05-06 14:03:00+00:00,2024-05-06 14:06:00+00:00,2024-05-06 14:06:00+00:00,pullback_long_open_7b7dd96cd520,1,market,0.0,3,1,20,12,45250.0
475435,475436,475436,475436,closed,target,19797.75,19809.75,19798.0,19809.5,19777.75,19809.75,12.0,11.5,11.0,220.0,10.0,0.5,1.0,1.0,1.25,2024-05-06 14:06:00+00:00,2024-05-06 14:06:00+00:00,2024-05-06 14:07:00+00:00,2024-05-06 14:09:00+00:00,pullback_long_open_7b7dd96cd520,1,market,0.0,3,1,20,12,45470.0
475486,475487,475489,475489,closed,timeout,19792.5,19792.0,19792.75,19791.75,19772.5,19804.5,-0.5,-1.0,-1.5,-30.0,10.0,0.5,3.0,3.0,7.5,2024-05-06 14:57:00+00:00,2024-05-06 14:57:00+00:00,2024-05-06 15:00:00+00:00,2024-05-06 15:00:00+00:00,pullback_long_open_7b7dd96cd520,1,market,0.0,3,1,20,12,45440.0
476767,476768,476770,476770,closed,timeout,19920.0,19910.0,19920.25,19909.75,19900.0,19932.0,-10.0,-10.5,-11.0,-220.0,10.0,0.5,3.0,3.0,17.5,2024-05-07 13:35:00+00:00,2024-05-07 13:35:00+00:00,2024-05-07 13:38:00+00:00,2024-05-07 13:38:00+00:00,pullback_long_open_7b7dd96cd520,1,market,0.0,3,1,20,12,45220.0
476815,476816,476817,476817,closed,stop,19900.0,19880.0,19900.25,19879.75,19880.0,19912.0,-20.0,-20.5,-21.0,-420.0,10.0,0.5,2.0,2.0,20.5,2024-05-07 14:23:00+00:00,2024-05-07 14:23:00+00:00,2024-05-07 14:25:00+00:00,2024-05-07 14:26:00+00:00,pullback_long_open_7b7dd96cd520,1,market,0.0,3,1,20,12,44800.0
476846,476847,476848,476848,closed,target,19921.25,19933.25,19921.5,19933.0,19901.25,19933.25,12.0,11.5,11.0,220.0,10.0,0.5,2.0,2.0,0.5,2024-05-07 14:54:00+00:00,2024-05-07 14:54:00+00:00,2024-05-07 14:56:00+00:00,2024-05-07 14:57:00+00:00,pullback_long_open_7b7dd96cd520,1,market,0.0,3,1,20,12,45020.0
478131,478132,478133,478133,closed,target,19795.25,19807.25,19795.5,19807.0,19775.25,19807.25,12.0,11.5,11.0,220.0,10.0,0.5,2.0,2.0,9.75,2024-05-08 13:35:00+00:00,2024-05-08 13:35:00+00:00,2024-05-08 13:37:00+00:00,2024-05-08 13:38:00+00:00,pullback_long_open_7b7dd96cd520,1,market,0.0,3,1,20,12,45240.0
478139,478140,478142,478142,closed,target,19812.5,19824.5,19812.75,19824.25,19792.5,19824.5,12.0,11.5,11.0,220.0,10.0,0.5,3.0,3.0,2.25,2024-05-08 13:43:00+00:00,2024-05-08 13:43:00+00:00,2024-05-08 13:46:00+00:00,2024-05-08 13:46:00+00:00,pullback_long_open_7b7dd96cd520,1,market,0.0,3,1,20,12,45460.0
478156,478157,478159,478159,closed,timeout,19861.75,19858.75,19862.0,19858.5,19841.75,19873.75,-3.0,-3.5,-4.0,-80.0,10.0,0.5,3.0,3.0,9.5,2024-05-08 14:00:00+00:00,2024-05-08 14:00:00+00:00,2024-05-08 14:03:00+00:00,2024-05-08 14:03:00+00:00,pullback_long_open_7b7dd96cd520,1,market,0.0,3,1,20,12,45380.0
478160,478161,478163,478163,closed,timeout,19864.5,19869.0,19864.75,19868.75,19844.5,19876.5,4.5,4.0,3.5,70.0,10.0,0.5,3.0,3.0,4.5,2024-05-08 14:04:00+00:00,2024-05-08 14:04:00+00:00,2024-05-08 14:07:00+00:00,2024-05-08 14:07:00+00:00,pullback_long_open_7b7dd96cd520,1,market,0.0,3,1,20,12,45450.0
478167,478168,478170,478170,closed,timeout,19863.0,19848.75,19863.25,19848.5,19843.0,19875.0,-14.25,-14.75,-15.25,-305.0,10.0,0.5,3.0,3.0,16.75,2024-05-08 14:11:00+00:00,2024-05-08 14:11:00+00:00,2024-05-08 14:14:00+00:00,2024-05-08 14:14:00+00:00,pullback_long_open_7b7dd96cd520,1,market,0.0,3,1,20,12,45145.0
478209,478210,478212,478212,closed,timeout,19926.0,19917.0,19926.25,19916.75,19906.0,19938.0,-9.0,-9.5,-10.0,-200.0,10.0,0.5,3.0,3.0,9.75,2024-05-08 14:53:00+00:00,2024-05-08 14:53:00+00:00,2024-05-08 14:56:00+00:00,2024-05-08 14:56:00+00:00,pullback_long_open_7b7dd96cd520,1,market,0.0,3,1,20,12,44945.0
479531,479532,479534,479534,closed,stop,19868.25,19848.25,19868.5,19848.0,19848.25,19880.25,-20.0,-20.5,-21.0,-420.0,10.0,0.5,3.0,3.0,37.5,2024-05-09 14:12:00+00:00,2024-05-09 14:12:00+00:00,2024-05-09 14:15:00+00:00,2024-05-09 14:15:00+00:00,pullback_long_open_7b7dd96cd520,1,market,0.0,3,1,20,12,44525.0
479560,479561,479563,479563,closed,timeout,19901.0,19894.5,19901.25,19894.25,19881.0,19913.0,-6.5,-7.0,-7.5,-150.0,10.0,0.5,3.0,3.0,15.5,2024-05-09 14:41:00+00:00,2024-05-09 14:41:00+00:00,2024-05-09 14:44:00+00:00,2024-05-09 14:44:00+00:00,pullback_long_open_7b7dd96cd520,1,market,0.0,3,1,20,12,44375.0
479563,479564,479566,479566,closed,timeout,19894.75,19886.0,19895.0,19885.75,19874.75,19906.75,-8.75,-9.25,-9.75,-195.0,10.0,0.5,3.0,3.0,14.75,2024-05-09 14:44:00+00:00,2024-05-09 14:44:00+00:00,2024-05-09 14:47:00+00:00,2024-05-09 14:47:00+00:00,pullback_long_open_7b7dd96cd520,1,market,0.0,3,1,20,12,44180.0
479577,479578,479580,479580,closed,timeout,19904.75,19908.75,19905.0,19908.5,19884.75,19916.75,4.0,3.5,3.0,60.0,10.0,0.5,3.0,3.0,4.75,2024-05-09 14:58:00+00:00,2024-05-09 14:58:00+00:00,2024-05-09 15:01:00+00:00,2024-05-09 15:01:00+00:00,pullback_long_open_7b7dd96cd520,1,market,0.0,3,1,20,12,44240.0
480854,480855,480857,480857,closed,target,19968.0,19980.0,19968.25,19979.75,19948.0,19980.0,12.0,11.5,11.0,220.0,10.0,0.5,3.0,3.0,17.25,2024-05-10 13:30:00+00:00,2024-05-10 13:30:00+00:00,2024-05-10 13:33:00+00:00,2024-05-10 13:33:00+00:00,pullback_long_open_7b7dd96cd520,1,market,0.0,3,1,20,12,44460.0
480861,480862,480864,480864,closed,timeout,20005.0,20005.0,20005.25,20004.75,19985.0,20017.0,0.0,-0.5,-1.0,-20.0,10.0,0.5,3.0,3.0,5.0,2024-05-10 13:37:00+00:00,2024-05-10 13:37:00+00:00,2024-05-10 13:40:00+00:00,2024-05-10 13:40:00+00:00,pullback_long_open_7b7dd96cd520,1,market,0.0,3,1,20,12,44440.0
480871,480872,480873,480873,closed,target,20018.0,20030.0,20018.25,20029.75,19998.0,20030.0,12.0,11.5,11.0,220.0,10.0,0.5,2.0,2.0,1.75,2024-05-10 13:47:00+00:00,2024-05-10 13:47:00+00:00,2024-05-10 13:49:00+00:00,2024-05-10 13:50:00+00:00,pullback_long_open_7b7dd96cd520,1,market,0.0,3,1,20,12,44660.0
480883,480884,480885,480885,closed,stop,20026.0,20006.0,20026.25,20005.75,20006.0,20038.0,-20.0,-20.5,-21.0,-420.0,10.0,0.5,2.0,2.0,29.75,2024-05-10 13:59:00+00:00,2024-05-10 13:59:00+00:00,2024-05-10 14:01:00+00:00,2024-05-10 14:02:00+00:00,pullback_long_open_7b7dd96cd520,1,market,0.0,3,1,20,12,44240.0
480935,480936,480937,480937,closed,stop,19937.5,19917.5,19937.75,19917.25,19917.5,19949.5,-20.0,-20.5,-21.0,-420.0,10.0,0.5,2.0,2.0,21.25,2024-05-10 14:51:00+00:00,2024-05-10 14:51:00+00:00,2024-05-10 14:53:00+00:00,2024-05-10 14:54:00+00:00,pullback_long_open_7b7dd96cd520,1,market,0.0,3,1,20,12,43820.0
482221,482222,482223,482223,closed,stop,20021.75,20001.75,20022.0,20001.5,20001.75,20033.75,-20.0,-20.5,-21.0,-420.0,10.0,0.5,2.0,2.0,20.25,2024-05-13 13:32:00+00:00,2024-05-13 13:32:00+00:00,2024-05-13 13:34:00+00:00,2024-05-13 13:35:00+00:00,pullback_long_open_7b7dd96cd520,1,market,0.0,3,1,20,12,43400.0
483605,483606,483608,483608,closed,timeout,20006.25,20007.75,20006.5,20007.5,19986.25,20018.25,1.5,1.0,0.5,10.0,10.0,0.5,3.0,3.0,6.25,2024-05-14 13:51:00+00:00,2024-05-14 13:51:00+00:00,2024-05-14 13:54:00+00:00,2024-05-14 13:54:00+00:00,pullback_long_open_7b7dd96cd520,1,market,0.0,3,1,20,12,43410.0
484960,484961,484963,484963,closed,timeout,20210.25,20203.25,20210.5,20203.0,20190.25,20222.25,-7.0,-7.5,-8.0,-160.0,10.0,0.5,3.0,3.0,10.25,2024-05-15 13:41:00+00:00,2024-05-15 13:41:00+00:00,2024-05-15 13:44:00+00:00,2024-05-15 13:44:00+00:00,pullback_long_open_7b7dd96cd520,1,market,0.0,3,1,20,12,43250.0
484987,484988,484988,484988,closed,target,20206.0,20218.0,20206.25,20217.75,20186.0,20218.0,12.0,11.5,11.0,220.0,10.0,0.5,1.0,1.0,1.25,2024-05-15 14:08:00+00:00,2024-05-15 14:08:00+00:00,2024-05-15 14:09:00+00:00,2024-05-15 14:11:00+00:00,pullback_long_open_7b7dd96cd520,1,market,0.0,3,1,20,12,43470.0
484991,484992,484994,484994,closed,timeout,20211.5,20207.5,20211.75,20207.25,20191.5,20223.5,-4.0,-4.5,-5.0,-100.0,10.0,0.5,3.0,3.0,15.75,2024-05-15 14:12:00+00:00,2024-05-15 14:12:00+00:00,2024-05-15 14:15:00+00:00,2024-05-15 14:15:00+00:00,pullback_long_open_7b7dd96cd520,1,market,0.0,3,1,20,12,43370.0
484994,484995,484997,484997,closed,timeout,20208.0,20217.0,20208.25,20216.75,20188.0,20220.0,9.0,8.5,8.0,160.0,10.0,0.5,3.0,3.0,7.25,2024-05-15 14:15:00+00:00,2024-05-15 14:15:00+00:00,2024-05-15 14:18:00+00:00,2024-05-15 14:18:00+00:00,pullback_long_open_7b7dd96cd520,1,market,0.0,3,1,20,12,43530.0
485008,485009,485011,485011,closed,timeout,20223.25,20229.25,20223.5,20229.0,20203.25,20235.25,6.0,5.5,5.0,100.0,10.0,0.5,3.0,3.0,2.25,2024-05-15 14:29:00+00:00,2024-05-15 14:29:00+00:00,2024-05-15 14:32:00+00:00,2024-05-15 14:32:00+00:00,pullback_long_open_7b7dd96cd520,1,market,0.0,3,1,20,12,43630.0
485033,485034,485036,485036,closed,timeout,20259.75,20258.0,20260.0,20257.75,20239.75,20271.75,-1.75,-2.25,-2.75,-55.0,10.0,0.5,3.0,3.0,6.25,2024-05-15 14:54:00+00:00,2024-05-15 14:54:00+00:00,2024-05-15 14:57:00+00:00,2024-05-15 14:57:00+00:00,pullback_long_open_7b7dd96cd520,1,market,0.0,3,1,20,12,43575.0
485036,485037,485039,485039,closed,timeout,20257.75,20265.25,20258.0,20265.0,20237.75,20269.75,7.5,7.0,6.5,130.0,10.0,0.5,3.0,3.0,3.0,2024-05-15 14:57:00+00:00,2024-05-15 14:57:00+00:00,2024-05-15 15:00:00+00:00,2024-05-15 15:00:00+00:00,pullback_long_open_7b7dd96cd520,1,market,0.0,3,1,20,12,43705.0
486380,486381,486383,486383,closed,timeout,20412.0,20410.5,20412.25,20410.25,20392.0,20424.0,-1.5,-2.0,-2.5,-50.0,10.0,0.5,3.0,3.0,3.75,2024-05-16 14:36:00+00:00,2024-05-16 14:36:00+00:00,2024-05-16 14:39:00+00:00,2024-05-16 14:39:00+00:00,pullback_long_open_7b7dd96cd520,1,market,0.0,3,1,20,12,43655.0
486396,486397,486399,486399,closed,timeout,20424.5,20430.5,20424.75,20430.25,20404.5,20436.5,6.0,5.5,5.0,100.0,10.0,0.5,3.0,3.0,3.5,2024-05-16 14:52:00+00:00,2024-05-16 14:52:00+00:00,2024-05-16 14:55:00+00:00,2024-05-16 14:55:00+00:00,pullback_long_open_7b7dd96cd520,1,market,0.0,3,1,20,12,43755.0
487747,487748,487750,487750,closed,timeout,20360.25,20361.0,20360.5,20360.75,20340.25,20372.25,0.75,0.25,-0.25,-5.0,10.0,0.5,3.0,3.0,3.75,2024-05-17 14:39:00+00:00,2024-05-17 14:39:00+00:00,2024-05-17 14:42:00+00:00,2024-05-17 14:42:00+00:00,pullback_long_open_7b7dd96cd520,1,market,0.0,3,1,20,12,43750.0
489056,489057,489059,489059,closed,timeout,20397.0,20404.75,20397.25,20404.5,20377.0,20409.0,7.75,7.25,6.75,135.0,10.0,0.5,3.0,3.0,3.5,2024-05-20 13:43:00+00:00,2024-05-20 13:43:00+00:00,2024-05-20 13:46:00+00:00,2024-05-20 13:46:00+00:00,pullback_long_open_7b7dd96cd520,1,market,0.0,3,1,20,12,43885.0
489063,489064,489064,489064,closed,target,20397.25,20409.25,20397.5,20409.0,20377.25,20409.25,12.0,11.5,11.0,220.0,10.0,0.5,1.0,1.0,0.25,2024-05-20 13:50:00+00:00,2024-05-20 13:50:00+00:00,2024-05-20 13:51:00+00:00,2024-05-20 13:53:00+00:00,pullback_long_open_7b7dd96cd520,1,market,0.0,3,1,20,12,44105.0
489076,489077,489079,489079,closed,timeout,20437.5,20432.25,20437.75,20432.0,20417.5,20449.5,-5.25,-5.75,-6.25,-125.0,10.0,0.5,3.0,3.0,6.0,2024-05-20 14:03:00+00:00,2024-05-20 14:03:00+00:00,2024-05-20 14:06:00+00:00,2024-05-20 14:06:00+00:00,pullback_long_open_7b7dd96cd520,1,market,0.0,3,1,20,12,43980.0
489080,489081,489083,489083,closed,timeout,20435.75,20437.25,20436.0,20437.0,20415.75,20447.75,1.5,1.0,0.5,10.0,10.0,0.5,3.0,3.0,6.0,2024-05-20 14:07:00+00:00,2024-05-20 14:07:00+00:00,2024-05-20 14:10:00+00:00,2024-05-20 14:10:00+00:00,pullback_long_open_7b7dd96cd520,1,market,0.0,3,1,20,12,43990.0
489101,489102,489104,489104,closed,timeout,20441.75,20440.25,20442.0,20440.0,20421.75,20453.75,-1.5,-2.0,-2.5,-50.0,10.0,0.5,3.0,3.0,5.5,2024-05-20 14:28:00+00:00,2024-05-20 14:28:00+00:00,2024-05-20 14:31:00+00:00,2024-05-20 14:31:00+00:00,pullback_long_open_7b7dd96cd520,1,market,0.0,3,1,20,12,43940.0
489105,489106,489108,489108,closed,timeout,20444.0,20439.0,20444.25,20438.75,20424.0,20456.0,-5.0,-5.5,-6.0,-120.0,10.0,0.5,3.0,3.0,6.0,2024-05-20 14:32:00+00:00,2024-05-20 14:32:00+00:00,2024-05-20 14:35:00+00:00,2024-05-20 14:35:00+00:00,pullback_long_open_7b7dd96cd520,1,market,0.0,3,1,20,12,43820.0
489109,489110,489112,489112,closed,timeout,20441.75,20443.75,20442.0,20443.5,20421.75,20453.75,2.0,1.5,1.0,20.0,10.0,0.5,3.0,3.0,3.25,2024-05-20 14:36:00+00:00,2024-05-20 14:36:00+00:00,2024-05-20 14:39:00+00:00,2024-05-20 14:39:00+00:00,pullback_long_open_7b7dd96cd520,1,market,0.0,3,1,20,12,43840.0
489122,489123,489124,489124,closed,target,20450.5,20462.5,20450.75,20462.25,20430.5,20462.5,12.0,11.5,11.0,220.0,10.0,0.5,2.0,2.0,0.5,2024-05-20 14:49:00+00:00,2024-05-20 14:49:00+00:00,2024-05-20 14:51:00+00:00,2024-05-20 14:52:00+00:00,pullback_long_open_7b7dd96cd520,1,market,0.0,3,1,20,12,44060.0
490418,490419,490421,490421,closed,timeout,20401.5,20397.5,20401.75,20397.25,20381.5,20413.5,-4.0,-4.5,-5.0,-100.0,10.0,0.5,3.0,3.0,6.25,2024-05-21 13:42:00+00:00,2024-05-21 13:42:00+00:00,2024-05-21 13:45:00+00:00,2024-05-21 13:45:00+00:00,pullback_long_open_7b7dd96cd520,1,market,0.0,3,1,20,12,43960.0
490426,490427,490429,490429,closed,target,20391.5,20403.5,20391.75,20403.25,20371.5,20403.5,12.0,11.5,11.0,220.0,10.0,0.5,3.0,3.0,4.5,2024-05-21 13:50:00+00:00,2024-05-21 13:50:00+00:00,2024-05-21 13:53:00+00:00,2024-05-21 13:53:00+00:00,pullback_long_open_7b7dd96cd520,1,market,0.0,3,1,20,12,44180.0
490445,490446,490448,490448,closed,timeout,20412.25,20408.0,20412.5,20407.75,20392.25,20424.25,-4.25,-4.75,-5.25,-105.0,10.0,0.5,3.0,3.0,7.75,2024-05-21 14:09:00+00:00,2024-05-21 14:09:00+00:00,2024-05-21 14:12:00+00:00,2024-05-21 14:12:00+00:00,pullback_long_open_7b7dd96cd520,1,market,0.0,3,1,20,12,44075.0
490478,490479,490481,490481,closed,timeout,20445.25,20435.25,20445.5,20435.0,20425.25,20457.25,-10.0,-10.5,-11.0,-220.0,10.0,0.5,3.0,3.0,12.25,2024-05-21 14:42:00+00:00,2024-05-21 14:42:00+00:00,2024-05-21 14:45:00+00:00,2024-05-21 14:45:00+00:00,pullback_long_open_7b7dd96cd520,1,market,0.0,3,1,20,12,43855.0
490482,490483,490485,490485,closed,timeout,20438.25,20438.25,20438.5,20438.0,20418.25,20450.25,0.0,-0.5,-1.0,-20.0,10.0,0.5,3.0,3.0,6.5,2024-05-21 14:46:00+00:00,2024-05-21 14:46:00+00:00,2024-05-21 14:49:00+00:00,2024-05-21 14:49:00+00:00,pullback_long_open_7b7dd96cd520,1,market,0.0,3,1,20,12,43835.0
490485,490486,490488,490488,closed,timeout,20438.0,20439.25,20438.25,20439.0,20418.0,20450.0,1.25,0.75,0.25,5.0,10.0,0.5,3.0,3.0,4.5,2024-05-21 14:49:00+00:00,2024-05-21 14:49:00+00:00,2024-05-21 14:52:00+00:00,2024-05-21 14:52:00+00:00,pullback_long_open_7b7dd96cd520,1,market,0.0,3,1,20,12,43840.0
490488,490489,490491,490491,closed,timeout,20439.0,20436.0,20439.25,20435.75,20419.0,20451.0,-3.0,-3.5,-4.0,-80.0,10.0,0.5,3.0,3.0,4.25,2024-05-21 14:52:00+00:00,2024-05-21 14:52:00+00:00,2024-05-21 14:55:00+00:00,2024-05-21 14:55:00+00:00,pullback_long_open_7b7dd96cd520,1,market,0.0,3,1,20,12,43760.0
491771,491772,491773,491773,closed,target,20501.5,20513.5,20501.75,20513.25,20481.5,20513.5,12.0,11.5,11.0,220.0,10.0,0.5,2.0,2.0,2.5,2024-05-22 13:30:00+00:00,2024-05-22 13:30:00+00:00,2024-05-22 13:32:00+00:00,2024-05-22 13:33:00+00:00,pullback_long_open_7b7dd96cd520,1,market,0.0,3,1,20,12,43980.0
491798,491799,491801,491801,closed,timeout,20516.75,20518.25,20517.0,20518.0,20496.75,20528.75,1.5,1.0,0.5,10.0,10.0,0.5,3.0,3.0,9.25,2024-05-22 13:57:00+00:00,2024-05-22 13:57:00+00:00,2024-05-22 14:00:00+00:00,2024-05-22 14:00:00+00:00,pullback_long_open_7b7dd96cd520,1,market,0.0,3,1,20,12,43990.0
491807,491808,491809,491809,closed,stop,20519.0,20499.0,20519.25,20498.75,20499.0,20531.0,-20.0,-20.5,-21.0,-420.0,10.0,0.5,2.0,2.0,22.75,2024-05-22 14:06:00+00:00,2024-05-22 14:06:00+00:00,2024-05-22 14:08:00+00:00,2024-05-22 14:09:00+00:00,pullback_long_open_7b7dd96cd520,1,market,0.0,3,1,20,12,43570.0
493186,493187,493188,493188,closed,stop,20586.25,20566.25,20586.5,20566.0,20566.25,20598.25,-20.0,-20.5,-21.0,-420.0,10.0,0.5,2.0,2.0,30.75,2024-05-23 14:20:00+00:00,2024-05-23 14:20:00+00:00,2024-05-23 14:22:00+00:00,2024-05-23 14:23:00+00:00,pullback_long_open_7b7dd96cd520,1,market,0.0,3,1,20,12,43150.0
493212,493213,493215,493215,closed,stop,20580.5,20560.5,20580.75,20560.25,20560.5,20592.5,-20.0,-20.5,-21.0,-420.0,10.0,0.5,3.0,3.0,23.75,2024-05-23 14:46:00+00:00,2024-05-23 14:46:00+00:00,2024-05-23 14:49:00+00:00,2024-05-23 14:49:00+00:00,pullback_long_open_7b7dd96cd520,1,market,0.0,3,1,20,12,42730.0
494540,494541,494543,494543,closed,timeout,20485.0,20484.0,20485.25,20483.75,20465.0,20497.0,-1.0,-1.5,-2.0,-40.0,10.0,0.5,3.0,3.0,6.5,2024-05-24 14:09:00+00:00,2024-05-24 14:09:00+00:00,2024-05-24 14:12:00+00:00,2024-05-24 14:12:00+00:00,pullback_long_open_7b7dd96cd520,1,market,0.0,3,1,20,12,42690.0
494555,494556,494556,494556,closed,target,20503.5,20515.5,20503.75,20515.25,20483.5,20515.5,12.0,11.5,11.0,220.0,10.0,0.5,1.0,1.0,2.25,2024-05-24 14:24:00+00:00,2024-05-24 14:24:00+00:00,2024-05-24 14:25:00+00:00,2024-05-24 14:27:00+00:00,pullback_long_open_7b7dd96cd520,1,market,0.0,3,1,20,12,42910.0
494569,494570,494572,494572,closed,timeout,20527.5,20523.5,20527.75,20523.25,20507.5,20539.5,-4.0,-4.5,-5.0,-100.0,10.0,0.5,3.0,3.0,7.75,2024-05-24 14:38:00+00:00,2024-05-24 14:38:00+00:00,2024-05-24 14:41:00+00:00,2024-05-24 14:41:00+00:00,pullback_long_open_7b7dd96cd520,1,market,0.0,3,1,20,12,42810.0
495887,495888,495890,495890,closed,timeout,20588.5,20579.0,20588.75,20578.75,20568.5,20600.5,-9.5,-10.0,-10.5,-210.0,10.0,0.5,3.0,3.0,10.75,2024-05-27 13:51:00+00:00,2024-05-27 13:51:00+00:00,2024-05-27 13:54:00+00:00,2024-05-27 13:54:00+00:00,pullback_long_open_7b7dd96cd520,1,market,0.0,3,1,20,12,42600.0
495924,495925,495927,495927,closed,timeout,20575.75,20575.5,20576.0,20575.25,20555.75,20587.75,-0.25,-0.75,-1.25,-25.0,10.0,0.5,3.0,3.0,4.25,2024-05-27 14:28:00+00:00,2024-05-27 14:28:00+00:00,2024-05-27 14:31:00+00:00,2024-05-27 14:31:00+00:00,pullback_long_open_7b7dd96cd520,1,market,0.0,3,1,20,12,42575.0
497059,497060,497061,497061,closed,target,20580.5,20592.5,20580.75,20592.25,20560.5,20592.5,12.0,11.5,11.0,220.0,10.0,0.5,2.0,2.0,1.0,2024-05-28 14:23:00+00:00,2024-05-28 14:23:00+00:00,2024-05-28 14:25:00+00:00,2024-05-28 14:26:00+00:00,pullback_long_open_7b7dd96cd520,1,market,0.0,3,1,20,12,42795.0
497061,497062,497064,497064,closed,timeout,20589.25,20584.5,20589.5,20584.25,20569.25,20601.25,-4.75,-5.25,-5.75,-115.0,10.0,0.5,3.0,3.0,8.25,2024-05-28 14:25:00+00:00,2024-05-28 14:25:00+00:00,2024-05-28 14:28:00+00:00,2024-05-28 14:28:00+00:00,pullback_long_open_7b7dd96cd520,1,market,0.0,3,1,20,12,42680.0
498376,498377,498377,498377,closed,target,20488.75,20500.75,20489.0,20500.5,20468.75,20500.75,12.0,11.5,11.0,220.0,10.0,0.5,1.0,1.0,1.25,2024-05-29 13:35:00+00:00,2024-05-29 13:35:00+00:00,2024-05-29 13:36:00+00:00,2024-05-29 13:38:00+00:00,pullback_long_open_7b7dd96cd520,1,market,0.0,3,1,20,12,42900.0
498377,498378,498380,498380,closed,target,20493.25,20505.25,20493.5,20505.0,20473.25,20505.25,12.0,11.5,11.0,220.0,10.0,0.5,3.0,3.0,17.25,2024-05-29 13:36:00+00:00,2024-05-29 13:36:00+00:00,2024-05-29 13:39:00+00:00,2024-05-29 13:39:00+00:00,pullback_long_open_7b7dd96cd520,1,market,0.0,3,1,20,12,43120.0
498385,498386,498388,498388,closed,target,20483.0,20495.0,20483.25,20494.75,20463.0,20495.0,12.0,11.5,11.0,220.0,10.0,0.5,3.0,3.0,10.25,2024-05-29 13:44:00+00:00,2024-05-29 13:44:00+00:00,2024-05-29 13:47:00+00:00,2024-05-29 13:47:00+00:00,pullback_long_open_7b7dd96cd520,1,market,0.0,3,1,20,12,43340.0
498432,498433,498435,498435,closed,timeout,20552.0,20561.5,20552.25,20561.25,20532.0,20564.0,9.5,9.0,8.5,170.0,10.0,0.5,3.0,3.0,0.5,2024-05-29 14:31:00+00:00,2024-05-29 14:31:00+00:00,2024-05-29 14:34:00+00:00,2024-05-29 14:34:00+00:00,pullback_long_open_7b7dd96cd520,1,market,0.0,3,1,20,12,43510.0
498443,498444,498446,498446,closed,timeout,20564.5,20557.0,20564.75,20556.75,20544.5,20576.5,-7.5,-8.0,-8.5,-170.0,10.0,0.5,3.0,3.0,14.0,2024-05-29 14:42:00+00:00,2024-05-29 14:42:00+00:00,2024-05-29 14:45:00+00:00,2024-05-29 14:45:00+00:00,pullback_long_open_7b7dd96cd520,1,market,0.0,3,1,20,12,43340.0
498448,498449,498451,498451,closed,timeout,20559.5,20561.25,20559.75,20561.0,20539.5,20571.5,1.75,1.25,0.75,15.0,10.0,0.5,3.0,3.0,8.25,2024-05-29 14:47:00+00:00,2024-05-29 14:47:00+00:00,2024-05-29 14:50:00+00:00,2024-05-29 14:50:00+00:00,pullback_long_open_7b7dd96cd520,1,market,0.0,3,1,20,12,43355.0
502469,502470,502472,502472,closed,timeout,20407.5,20401.25,20407.75,20401.0,20387.5,20419.5,-6.25,-6.75,-7.25,-145.0,10.0,0.5,3.0,3.0,13.0,2024-06-03 13:33:00+00:00,2024-06-03 13:33:00+00:00,2024-06-03 13:36:00+00:00,2024-06-03 13:36:00+00:00,pullback_long_open_7b7dd96cd520,1,market,0.0,3,1,20,12,43210.0
502473,502474,502474,502474,closed,target,20413.5,20425.5,20413.75,20425.25,20393.5,20425.5,12.0,11.5,11.0,220.0,10.0,0.5,1.0,1.0,1.0,2024-06-03 13:37:00+00:00,2024-06-03 13:37:00+00:00,2024-06-03 13:38:00+00:00,2024-06-03 13:40:00+00:00,pullback_long_open_7b7dd96cd520,1,market,0.0,3,1,20,12,43430.0
502474,502475,502477,502477,closed,timeout,20416.75,20425.75,20417.0,20425.5,20396.75,20428.75,9.0,8.5,8.0,160.0,10.0,0.5,3.0,3.0,4.0,2024-06-03 13:38:00+00:00,2024-06-03 13:38:00+00:00,2024-06-03 13:41:00+00:00,2024-06-03 13:41:00+00:00,pullback_long_open_7b7dd96cd520,1,market,0.0,3,1,20,12,43590.0
502516,502517,502517,502517,closed,stop,20390.5,20370.5,20390.75,20370.25,20370.5,20402.5,-20.0,-20.5,-21.0,-420.0,10.0,0.5,1.0,1.0,22.5,2024-06-03 14:20:00+00:00,2024-06-03 14:20:00+00:00,2024-06-03 14:21:00+00:00,2024-06-03 14:23:00+00:00,pullback_long_open_7b7dd96cd520,1,market,0.0,3,1,20,12,43170.0
503865,503866,503866,503866,closed,stop,20345.75,20325.75,20346.0,20325.5,20325.75,20357.75,-20.0,-20.5,-21.0,-420.0,10.0,0.5,1.0,1.0,27.75,2024-06-04 14:04:00+00:00,2024-06-04 14:04:00+00:00,2024-06-04 14:05:00+00:00,2024-06-04 14:07:00+00:00,pullback_long_open_7b7dd96cd520,1,market,0.0,3,1,20,12,42750.0
503896,503897,503899,503899,closed,timeout,20315.5,20304.25,20315.75,20304.0,20295.5,20327.5,-11.25,-11.75,-12.25,-245.0,10.0,0.5,3.0,3.0,20.0,2024-06-04 14:35:00+00:00,2024-06-04 14:35:00+00:00,2024-06-04 14:38:00+00:00,2024-06-04 14:38:00+00:00,pullback_long_open_7b7dd96cd520,1,market,0.0,3,1,20,12,42505.0
503900,503901,503902,503902,closed,target,20316.25,20328.25,20316.5,20328.0,20296.25,20328.25,12.0,11.5,11.0,220.0,10.0,0.5,2.0,2.0,5.0,2024-06-04 14:39:00+00:00,2024-06-04 14:39:00+00:00,2024-06-04 14:41:00+00:00,2024-06-04 14:42:00+00:00,pullback_long_open_7b7dd96cd520,1,market,0.0,3,1,20,12,42725.0
505264,505265,505267,505267,closed,timeout,20624.0,20619.25,20624.25,20619.0,20604.0,20636.0,-4.75,-5.25,-5.75,-115.0,10.0,0.5,3.0,3.0,18.0,2024-06-05 14:38:00+00:00,2024-06-05 14:38:00+00:00,2024-06-05 14:41:00+00:00,2024-06-05 14:41:00+00:00,pullback_long_open_7b7dd96cd520,1,market,0.0,3,1,20,12,42610.0
506564,506565,506567,506567,closed,timeout,20804.25,20793.5,20804.5,20793.25,20784.25,20816.25,-10.75,-11.25,-11.75,-235.0,10.0,0.5,3.0,3.0,18.0,2024-06-06 13:33:00+00:00,2024-06-06 13:33:00+00:00,2024-06-06 13:36:00+00:00,2024-06-06 13:36:00+00:00,pullback_long_open_7b7dd96cd520,1,market,0.0,3,1,20,12,42375.0
506611,506612,506614,506614,closed,timeout,20756.75,20765.25,20757.0,20765.0,20736.75,20768.75,8.5,8.0,7.5,150.0,10.0,0.5,3.0,3.0,12.75,2024-06-06 14:20:00+00:00,2024-06-06 14:20:00+00:00,2024-06-06 14:23:00+00:00,2024-06-06 14:23:00+00:00,pullback_long_open_7b7dd96cd520,1,market,0.0,3,1,20,12,42525.0
506627,506628,506628,506628,closed,target,20780.75,20792.75,20781.0,20792.5,20760.75,20792.75,12.0,11.5,11.0,220.0,10.0,0.5,1.0,1.0,1.5,2024-06-06 14:36:00+00:00,2024-06-06 14:36:00+00:00,2024-06-06 14:37:00+00:00,2024-06-06 14:39:00+00:00,pullback_long_open_7b7dd96cd520,1,market,0.0,3,1,20,12,42745.0
507949,507950,507952,507952,closed,timeout,20748.75,20734.5,20749.0,20734.25,20728.75,20760.75,-14.25,-14.75,-15.25,-305.0,10.0,0.5,3.0,3.0,18.25,2024-06-07 13:54:00+00:00,2024-06-07 13:54:00+00:00,2024-06-07 13:57:00+00:00,2024-06-07 13:57:00+00:00,pullback_long_open_7b7dd96cd520,1,market,0.0,3,1,20,12,42440.0
507954,507955,507957,507957,closed,timeout,20725.25,20732.5,20725.5,20732.25,20705.25,20737.25,7.25,6.75,6.25,125.0,10.0,0.5,3.0,3.0,10.0,2024-06-07 13:59:00+00:00,2024-06-07 13:59:00+00:00,2024-06-07 14:02:00+00:00,2024-06-07 14:02:00+00:00,pullback_long_open_7b7dd96cd520,1,market,0.0,3,1,20,12,42565.0
507957,507958,507960,507960,closed,timeout,20732.0,20730.5,20732.25,20730.25,20712.0,20744.0,-1.5,-2.0,-2.5,-50.0,10.0,0.5,3.0,3.0,13.5,2024-06-07 14:02:00+00:00,2024-06-07 14:02:00+00:00,2024-06-07 14:05:00+00:00,2024-06-07 14:05:00+00:00,pullback_long_open_7b7dd96cd520,1,market,0.0,3,1,20,12,42515.0
508009,508010,508012,508012,closed,stop,20789.25,20769.25,20789.5,20769.0,20769.25,20801.25,-20.0,-20.5,-21.0,-420.0,10.0,0.5,3.0,3.0,24.0,2024-06-07 14:54:00+00:00,2024-06-07 14:54:00+00:00,2024-06-07 14:57:00+00:00,2024-06-07 14:57:00+00:00,pullback_long_open_7b7dd96cd520,1,market,0.0,3,1,20,12,42095.0
509305,509306,509307,509307,closed,stop,20700.75,20680.75,20701.0,20680.5,20680.75,20712.75,-20.0,-20.5,-21.0,-420.0,10.0,0.5,2.0,2.0,21.5,2024-06-10 13:46:00+00:00,2024-06-10 13:46:00+00:00,2024-06-10 13:48:00+00:00,2024-06-10 13:49:00+00:00,pullback_long_open_7b7dd96cd520,1,market,0.0,3,1,20,12,41675.0
509310,509311,509313,509313,closed,timeout,20696.0,20684.75,20696.25,20684.5,20676.0,20708.0,-11.25,-11.75,-12.25,-245.0,10.0,0.5,3.0,3.0,16.75,2024-06-10 13:51:00+00:00,2024-06-10 13:51:00+00:00,2024-06-10 13:54:00+00:00,2024-06-10 13:54:00+00:00,pullback_long_open_7b7dd96cd520,1,market,0.0,3,1,20,12,41430.0
509333,509334,509336,509336,closed,timeout,20702.0,20688.5,20702.25,20688.25,20682.0,20714.0,-13.5,-14.0,-14.5,-290.0,10.0,0.5,3.0,3.0,14.25,2024-06-10 14:14:00+00:00,2024-06-10 14:14:00+00:00,2024-06-10 14:17:00+00:00,2024-06-10 14:17:00+00:00,pullback_long_open_7b7dd96cd520,1,market,0.0,3,1,20,12,41140.0
509355,509356,509356,509356,closed,target,20723.0,20735.0,20723.25,20734.75,20703.0,20735.0,12.0,11.5,11.0,220.0,10.0,0.5,1.0,1.0,0.75,2024-06-10 14:36:00+00:00,2024-06-10 14:36:00+00:00,2024-06-10 14:37:00+00:00,2024-06-10 14:39:00+00:00,pullback_long_open_7b7dd96cd520,1,market,0.0,3,1,20,12,41360.0
509365,509366,509368,509368,closed,timeout,20730.0,20739.75,20730.25,20739.5,20710.0,20742.0,9.75,9.25,8.75,175.0,10.0,0.5,3.0,3.0,5.0,2024-06-10 14:46:00+00:00,2024-06-10 14:46:00+00:00,2024-06-10 14:49:00+00:00,2024-06-10 14:49:00+00:00,pullback_long_open_7b7dd96cd520,1,market,0.0,3,1,20,12,41535.0
509370,509371,509373,509373,closed,timeout,20743.0,20749.5,20743.25,20749.25,20723.0,20755.0,6.5,6.0,5.5,110.0,10.0,0.5,3.0,3.0,1.25,2024-06-10 14:51:00+00:00,2024-06-10 14:51:00+00:00,2024-06-10 14:54:00+00:00,2024-06-10 14:54:00+00:00,pullback_long_open_7b7dd96cd520,1,market,0.0,3,1,20,12,41645.0
510661,510662,510664,510664,closed,stop,20773.25,20753.25,20773.5,20753.0,20753.25,20785.25,-20.0,-20.5,-21.0,-420.0,10.0,0.5,3.0,3.0,22.75,2024-06-11 13:37:00+00:00,2024-06-11 13:37:00+00:00,2024-06-11 13:40:00+00:00,2024-06-11 13:40:00+00:00,pullback_long_open_7b7dd96cd520,1,market,0.0,3,1,20,12,41225.0
510665,510666,510667,510667,closed,target,20758.0,20770.0,20758.25,20769.75,20738.0,20770.0,12.0,11.5,11.0,220.0,10.0,0.5,2.0,2.0,3.25,2024-06-11 13:41:00+00:00,2024-06-11 13:41:00+00:00,2024-06-11 13:43:00+00:00,2024-06-11 13:44:00+00:00,pullback_long_open_7b7dd96cd520,1,market,0.0,3,1,20,12,41445.0
510667,510668,510669,510669,closed,stop,20766.0,20746.0,20766.25,20745.75,20746.0,20778.0,-20.0,-20.5,-21.0,-420.0,10.0,0.5,2.0,2.0,23.25,2024-06-11 13:43:00+00:00,2024-06-11 13:43:00+00:00,2024-06-11 13:45:00+00:00,2024-06-11 13:46:00+00:00,pullback_long_open_7b7dd96cd520,1,market,0.0,3,1,20,12,41025.0
510694,510695,510696,510696,closed,target,20748.25,20760.25,20748.5,20760.0,20728.25,20760.25,12.0,11.5,11.0,220.0,10.0,0.5,2.0,2.0,2.5,2024-06-11 14:10:00+00:00,2024-06-11 14:10:00+00:00,2024-06-11 14:12:00+00:00,2024-06-11 14:13:00+00:00,pullback_long_open_7b7dd96cd520,1,market,0.0,3,1,20,12,41245.0
510705,510706,510708,510708,closed,timeout,20759.75,20760.75,20760.0,20760.5,20739.75,20771.75,1.0,0.5,0.0,0.0,10.0,0.5,3.0,3.0,3.0,2024-06-11 14:21:00+00:00,2024-06-11 14:21:00+00:00,2024-06-11 14:24:00+00:00,2024-06-11 14:24:00+00:00,pullback_long_open_7b7dd96cd520,1,market,0.0,3,1,20,12,41245.0
510720,510721,510723,510723,closed,timeout,20782.75,20779.0,20783.0,20778.75,20762.75,20794.75,-3.75,-4.25,-4.75,-95.0,10.0,0.5,3.0,3.0,10.25,2024-06-11 14:36:00+00:00,2024-06-11 14:36:00+00:00,2024-06-11 14:39:00+00:00,2024-06-11 14:39:00+00:00,pullback_long_open_7b7dd96cd520,1,market,0.0,3,1,20,12,41150.0
512045,512046,512048,512048,closed,timeout,21191.5,21186.0,21191.75,21185.75,21171.5,21203.5,-5.5,-6.0,-6.5,-130.0,10.0,0.5,3.0,3.0,12.0,2024-06-12 13:56:00+00:00,2024-06-12 13:56:00+00:00,2024-06-12 13:59:00+00:00,2024-06-12 13:59:00+00:00,pullback_long_open_7b7dd96cd520,1,market,0.0,3,1,20,12,41020.0
512069,512070,512072,512072,closed,timeout,21206.25,21212.0,21206.5,21211.75,21186.25,21218.25,5.75,5.25,4.75,95.0,10.0,0.5,3.0,3.0,6.5,2024-06-12 14:20:00+00:00,2024-06-12 14:20:00+00:00,2024-06-12 14:23:00+00:00,2024-06-12 14:23:00+00:00,pullback_long_open_7b7dd96cd520,1,market,0.0,3,1,20,12,41115.0
512082,512083,512085,512085,closed,timeout,21233.75,21230.75,21234.0,21230.5,21213.75,21245.75,-3.0,-3.5,-4.0,-80.0,10.0,0.5,3.0,3.0,5.75,2024-06-12 14:33:00+00:00,2024-06-12 14:33:00+00:00,2024-06-12 14:36:00+00:00,2024-06-12 14:36:00+00:00,pullback_long_open_7b7dd96cd520,1,market,0.0,3,1,20,12,41035.0
512091,512092,512094,512094,closed,stop,21218.0,21198.0,21218.25,21197.75,21198.0,21230.0,-20.0,-20.5,-21.0,-420.0,10.0,0.5,3.0,3.0,28.25,2024-06-12 14:42:00+00:00,2024-06-12 14:42:00+00:00,2024-06-12 14:45:00+00:00,2024-06-12 14:45:00+00:00,pullback_long_open_7b7dd96cd520,1,market,0.0,3,1,20,12,40615.0
513384,513385,513387,513387,closed,timeout,21330.5,21335.75,21330.75,21335.5,21310.5,21342.5,5.25,4.75,4.25,85.0,10.0,0.5,3.0,3.0,9.0,2024-06-13 13:30:00+00:00,2024-06-13 13:30:00+00:00,2024-06-13 13:33:00+00:00,2024-06-13 13:33:00+00:00,pullback_long_open_7b7dd96cd520,1,market,0.0,3,1,20,12,40700.0
513460,513461,513462,513462,closed,stop,21277.75,21257.75,21278.0,21257.5,21257.75,21289.75,-20.0,-20.5,-21.0,-420.0,10.0,0.5,2.0,2.0,22.0,2024-06-13 14:46:00+00:00,2024-06-13 14:46:00+00:00,2024-06-13 14:48:00+00:00,2024-06-13 14:49:00+00:00,pullback_long_open_7b7dd96cd520,1,market,0.0,3,1,20,12,40280.0
514753,514754,514756,514756,closed,target,21266.75,21278.75,21267.0,21278.5,21246.75,21278.75,12.0,11.5,11.0,220.0,10.0,0.5,3.0,3.0,1.5,2024-06-14 13:34:00+00:00,2024-06-14 13:34:00+00:00,2024-06-14 13:37:00+00:00,2024-06-14 13:37:00+00:00,pullback_long_open_7b7dd96cd520,1,market,0.0,3,1,20,12,40500.0
514777,514778,514779,514779,closed,target,21320.75,21332.75,21321.0,21332.5,21300.75,21332.75,12.0,11.5,11.0,220.0,10.0,0.5,2.0,2.0,0.75,2024-06-14 13:58:00+00:00,2024-06-14 13:58:00+00:00,2024-06-14 14:00:00+00:00,2024-06-14 14:01:00+00:00,pullback_long_open_7b7dd96cd520,1,market,0.0,3,1,20,12,40720.0
514781,514782,514784,514784,closed,timeout,21314.0,21302.5,21314.25,21302.25,21294.0,21326.0,-11.5,-12.0,-12.5,-250.0,10.0,0.5,3.0,3.0,14.5,2024-06-14 14:02:00+00:00,2024-06-14 14:02:00+00:00,2024-06-14 14:05:00+00:00,2024-06-14 14:05:00+00:00,pullback_long_open_7b7dd96cd520,1,market,0.0,3,1,20,12,40470.0
514814,514815,514816,514816,closed,stop,21303.0,21283.0,21303.25,21282.75,21283.0,21315.0,-20.0,-20.5,-21.0,-420.0,10.0,0.5,2.0,2.0,22.5,2024-06-14 14:35:00+00:00,2024-06-14 14:35:00+00:00,2024-06-14 14:37:00+00:00,2024-06-14 14:38:00+00:00,pullback_long_open_7b7dd96cd520,1,market,0.0,3,1,20,12,40050.0
514838,514839,514841,514841,closed,timeout,21321.25,21305.75,21321.5,21305.5,21301.25,21333.25,-15.5,-16.0,-16.5,-330.0,10.0,0.5,3.0,3.0,16.5,2024-06-14 14:59:00+00:00,2024-06-14 14:59:00+00:00,2024-06-14 15:02:00+00:00,2024-06-14 15:02:00+00:00,pullback_long_open_7b7dd96cd520,1,market,0.0,3,1,20,12,39720.0
516114,516115,516116,516116,closed,stop,21396.25,21376.25,21396.5,21376.0,21376.25,21408.25,-20.0,-20.5,-21.0,-420.0,10.0,0.5,2.0,2.0,22.75,2024-06-17 13:32:00+00:00,2024-06-17 13:32:00+00:00,2024-06-17 13:34:00+00:00,2024-06-17 13:35:00+00:00,pullback_long_open_7b7dd96cd520,1,market,0.0,3,1,20,12,39300.0
516162,516163,516165,516165,closed,timeout,21405.25,21405.0,21405.5,21404.75,21385.25,21417.25,-0.25,-0.75,-1.25,-25.0,10.0,0.5,3.0,3.0,12.25,2024-06-17 14:20:00+00:00,2024-06-17 14:20:00+00:00,2024-06-17 14:23:00+00:00,2024-06-17 14:23:00+00:00,pullback_long_open_7b7dd96cd520,1,market,0.0,3,1,20,12,39275.0
516165,516166,516168,516168,closed,timeout,21405.0,21389.0,21405.25,21388.75,21385.0,21417.0,-16.0,-16.5,-17.0,-340.0,10.0,0.5,3.0,3.0,19.5,2024-06-17 14:23:00+00:00,2024-06-17 14:23:00+00:00,2024-06-17 14:26:00+00:00,2024-06-17 14:26:00+00:00,pullback_long_open_7b7dd96cd520,1,market,0.0,3,1,20,12,38935.0
517479,517480,517482,517482,closed,timeout,21639.0,21640.75,21639.25,21640.5,21619.0,21651.0,1.75,1.25,0.75,15.0,10.0,0.5,3.0,3.0,6.5,2024-06-18 13:32:00+00:00,2024-06-18 13:32:00+00:00,2024-06-18 13:35:00+00:00,2024-06-18 13:35:00+00:00,pullback_long_open_7b7dd96cd520,1,market,0.0,3,1,20,12,38950.0
518889,518890,518892,518892,closed,timeout,21674.25,21673.25,21674.5,21673.0,21654.25,21686.25,-1.0,-1.5,-2.0,-40.0,10.0,0.5,3.0,3.0,2.0,2024-06-19 14:17:00+00:00,2024-06-19 14:17:00+00:00,2024-06-19 14:20:00+00:00,2024-06-19 14:20:00+00:00,pullback_long_open_7b7dd96cd520,1,market,0.0,3,1,20,12,38910.0
518922,518923,518925,518925,closed,timeout,21671.0,21668.5,21671.25,21668.25,21651.0,21683.0,-2.5,-3.0,-3.5,-70.0,10.0,0.5,3.0,3.0,3.0,2024-06-19 14:50:00+00:00,2024-06-19 14:50:00+00:00,2024-06-19 14:53:00+00:00,2024-06-19 14:53:00+00:00,pullback_long_open_7b7dd96cd520,1,market,0.0,3,1,20,12,38840.0
518928,518929,518931,518931,closed,timeout,21669.25,21669.0,21669.5,21668.75,21649.25,21681.25,-0.25,-0.75,-1.25,-25.0,10.0,0.5,3.0,3.0,1.0,2024-06-19 14:56:00+00:00,2024-06-19 14:56:00+00:00,2024-06-19 14:59:00+00:00,2024-06-19 14:59:00+00:00,pullback_long_open_7b7dd96cd520,1,market,0.0,3,1,20,12,38815.0
520006,520007,520009,520009,closed,timeout,21671.0,21661.5,21671.25,21661.25,21651.0,21683.0,-9.5,-10.0,-10.5,-210.0,10.0,0.5,3.0,3.0,10.0,2024-06-20 13:54:00+00:00,2024-06-20 13:54:00+00:00,2024-06-20 13:57:00+00:00,2024-06-20 13:57:00+00:00,pullback_long_open_7b7dd96cd520,1,market,0.0,3,1,20,12,38605.0
520010,520011,520013,520013,closed,timeout,21669.5,21660.25,21669.75,21660.0,21649.5,21681.5,-9.25,-9.75,-10.25,-205.0,10.0,0.5,3.0,3.0,11.5,2024-06-20 13:58:00+00:00,2024-06-20 13:58:00+00:00,2024-06-20 14:01:00+00:00,2024-06-20 14:01:00+00:00,pullback_long_open_7b7dd96cd520,1,market,0.0,3,1,20,12,38400.0
520049,520050,520050,520050,closed,target,21611.0,21623.0,21611.25,21622.75,21591.0,21623.0,12.0,11.5,11.0,220.0,10.0,0.5,1.0,1.0,3.0,2024-06-20 14:37:00+00:00,2024-06-20 14:37:00+00:00,2024-06-20 14:38:00+00:00,2024-06-20 14:40:00+00:00,pullback_long_open_7b7dd96cd520,1,market,0.0,3,1,20,12,38620.0
520067,520068,520069,520069,closed,target,21622.0,21634.0,21622.25,21633.75,21602.0,21634.0,12.0,11.5,11.0,220.0,10.0,0.5,2.0,2.0,3.25,2024-06-20 14:55:00+00:00,2024-06-20 14:55:00+00:00,2024-06-20 14:57:00+00:00,2024-06-20 14:58:00+00:00,pullback_long_open_7b7dd96cd520,1,market,0.0,3,1,20,12,38840.0
521389,521390,521390,521390,closed,target,21397.5,21409.5,21397.75,21409.25,21377.5,21409.5,12.0,11.5,11.0,220.0,10.0,0.5,1.0,1.0,3.5,2024-06-21 14:12:00+00:00,2024-06-21 14:12:00+00:00,2024-06-21 14:13:00+00:00,2024-06-21 14:15:00+00:00,pullback_long_open_7b7dd96cd520,1,market,0.0,3,1,20,12,39060.0
521397,521398,521400,521400,closed,stop,21428.75,21408.75,21429.0,21408.5,21408.75,21440.75,-20.0,-20.5,-21.0,-420.0,10.0,0.5,3.0,3.0,23.5,2024-06-21 14:20:00+00:00,2024-06-21 14:20:00+00:00,2024-06-21 14:23:00+00:00,2024-06-21 14:23:00+00:00,pullback_long_open_7b7dd96cd520,1,market,0.0,3,1,20,12,38640.0
521433,521434,521435,521435,closed,target,21408.75,21420.75,21409.0,21420.5,21388.75,21420.75,12.0,11.5,11.0,220.0,10.0,0.5,2.0,2.0,9.0,2024-06-21 14:56:00+00:00,2024-06-21 14:56:00+00:00,2024-06-21 14:58:00+00:00,2024-06-21 14:59:00+00:00,pullback_long_open_7b7dd96cd520,1,market,0.0,3,1,20,12,38860.0
522718,522719,522721,522721,closed,stop,21365.75,21345.75,21366.0,21345.5,21345.75,21377.75,-20.0,-20.5,-21.0,-420.0,10.0,0.5,3.0,3.0,30.5,2024-06-24 13:39:00+00:00,2024-06-24 13:39:00+00:00,2024-06-24 13:42:00+00:00,2024-06-24 13:42:00+00:00,pullback_long_open_7b7dd96cd520,1,market,0.0,3,1,20,12,38440.0
522744,522745,522747,522747,closed,timeout,21409.0,21408.5,21409.25,21408.25,21389.0,21421.0,-0.5,-1.0,-1.5,-30.0,10.0,0.5,3.0,3.0,16.0,2024-06-24 14:05:00+00:00,2024-06-24 14:05:00+00:00,2024-06-24 14:08:00+00:00,2024-06-24 14:08:00+00:00,pullback_long_open_7b7dd96cd520,1,market,0.0,3,1,20,12,38410.0
522754,522755,522756,522756,closed,stop,21406.5,21386.5,21406.75,21386.25,21386.5,21418.5,-20.0,-20.5,-21.0,-420.0,10.0,0.5,2.0,2.0,26.25,2024-06-24 14:15:00+00:00,2024-06-24 14:15:00+00:00,2024-06-24 14:17:00+00:00,2024-06-24 14:18:00+00:00,pullback_long_open_7b7dd96cd520,1,market,0.0,3,1,20,12,37990.0
524101,524102,524104,524104,closed,timeout,21264.25,21265.0,21264.5,21264.75,21244.25,21276.25,0.75,0.25,-0.25,-5.0,10.0,0.5,3.0,3.0,6.5,2024-06-25 13:57:00+00:00,2024-06-25 13:57:00+00:00,2024-06-25 14:00:00+00:00,2024-06-25 14:00:00+00:00,pullback_long_open_7b7dd96cd520,1,market,0.0,3,1,20,12,37985.0
524107,524108,524109,524109,closed,target,21291.0,21303.0,21291.25,21302.75,21271.0,21303.0,12.0,11.5,11.0,220.0,10.0,0.5,2.0,2.0,1.5,2024-06-25 14:03:00+00:00,2024-06-25 14:03:00+00:00,2024-06-25 14:05:00+00:00,2024-06-25 14:06:00+00:00,pullback_long_open_7b7dd96cd520,1,market,0.0,3,1,20,12,38205.0
524124,524125,524127,524127,closed,timeout,21301.75,21295.25,21302.0,21295.0,21281.75,21313.75,-6.5,-7.0,-7.5,-150.0,10.0,0.5,3.0,3.0,13.25,2024-06-25 14:20:00+00:00,2024-06-25 14:20:00+00:00,2024-06-25 14:23:00+00:00,2024-06-25 14:23:00+00:00,pullback_long_open_7b7dd96cd520,1,market,0.0,3,1,20,12,38055.0
524142,524143,524145,524145,closed,timeout,21322.75,21324.0,21323.0,21323.75,21302.75,21334.75,1.25,0.75,0.25,5.0,10.0,0.5,3.0,3.0,10.75,2024-06-25 14:38:00+00:00,2024-06-25 14:38:00+00:00,2024-06-25 14:41:00+00:00,2024-06-25 14:41:00+00:00,pullback_long_open_7b7dd96cd520,1,market,0.0,3,1,20,12,38060.0
525439,525440,525441,525441,closed,target,21362.25,21374.25,21362.5,21374.0,21342.25,21374.25,12.0,11.5,11.0,220.0,10.0,0.5,2.0,2.0,8.25,2024-06-26 13:30:00+00:00,2024-06-26 13:30:00+00:00,2024-06-26 13:32:00+00:00,2024-06-26 13:33:00+00:00,pullback_long_open_7b7dd96cd520,1,market,0.0,3,1,20,12,38280.0
525446,525447,525449,525449,closed,timeout,21374.25,21370.5,21374.5,21370.25,21354.25,21386.25,-3.75,-4.25,-4.75,-95.0,10.0,0.5,3.0,3.0,17.75,2024-06-26 13:37:00+00:00,2024-06-26 13:37:00+00:00,2024-06-26 13:40:00+00:00,2024-06-26 13:40:00+00:00,pullback_long_open_7b7dd96cd520,1,market,0.0,3,1,20,12,38185.0
525452,525453,525453,525453,closed,target,21373.5,21385.5,21373.75,21385.25,21353.5,21385.5,12.0,11.5,11.0,220.0,10.0,0.5,1.0,1.0,5.25,2024-06-26 13:43:00+00:00,2024-06-26 13:43:00+00:00,2024-06-26 13:44:00+00:00,2024-06-26 13:46:00+00:00,pullback_long_open_7b7dd96cd520,1,market,0.0,3,1,20,12,38405.0
525466,525467,525469,525469,closed,stop,21418.0,21398.0,21418.25,21397.75,21398.0,21430.0,-20.0,-20.5,-21.0,-420.0,10.0,0.5,3.0,3.0,29.75,2024-06-26 13:57:00+00:00,2024-06-26 13:57:00+00:00,2024-06-26 14:00:00+00:00,2024-06-26 14:00:00+00:00,pullback_long_open_7b7dd96cd520,1,market,0.0,3,1,20,12,37985.0
525471,525472,525474,525474,closed,target,21414.0,21426.0,21414.25,21425.75,21394.0,21426.0,12.0,11.5,11.0,220.0,10.0,0.5,3.0,3.0,8.5,2024-06-26 14:02:00+00:00,2024-06-26 14:02:00+00:00,2024-06-26 14:05:00+00:00,2024-06-26 14:05:00+00:00,pullback_long_open_7b7dd96cd520,1,market,0.0,3,1,20,12,38205.0
525483,525484,525486,525486,closed,timeout,21434.0,21431.25,21434.25,21431.0,21414.0,21446.0,-2.75,-3.25,-3.75,-75.0,10.0,0.5,3.0,3.0,6.25,2024-06-26 14:14:00+00:00,2024-06-26 14:14:00+00:00,2024-06-26 14:17:00+00:00,2024-06-26 14:17:00+00:00,pullback_long_open_7b7dd96cd520,1,market,0.0,3,1,20,12,38130.0
525488,525489,525491,525491,closed,timeout,21434.5,21431.75,21434.75,21431.5,21414.5,21446.5,-2.75,-3.25,-3.75,-75.0,10.0,0.5,3.0,3.0,13.25,2024-06-26 14:19:00+00:00,2024-06-26 14:19:00+00:00,2024-06-26 14:22:00+00:00,2024-06-26 14:22:00+00:00,pullback_long_open_7b7dd96cd520,1,market,0.0,3,1,20,12,38055.0
525491,525492,525492,525492,closed,target,21432.0,21444.0,21432.25,21443.75,21412.0,21444.0,12.0,11.5,11.0,220.0,10.0,0.5,1.0,1.0,2.25,2024-06-26 14:22:00+00:00,2024-06-26 14:22:00+00:00,2024-06-26 14:23:00+00:00,2024-06-26 14:25:00+00:00,pullback_long_open_7b7dd96cd520,1,market,0.0,3,1,20,12,38275.0
525519,525520,525522,525522,closed,stop,21433.25,21413.25,21433.5,21413.0,21413.25,21445.25,-20.0,-20.5,-21.0,-420.0,10.0,0.5,3.0,3.0,23.25,2024-06-26 14:50:00+00:00,2024-06-26 14:50:00+00:00,2024-06-26 14:53:00+00:00,2024-06-26 14:53:00+00:00,pullback_long_open_7b7dd96cd520,1,market,0.0,3,1,20,12,37855.0
525524,525525,525527,525527,closed,timeout,21434.0,21426.0,21434.25,21425.75,21414.0,21446.0,-8.0,-8.5,-9.0,-180.0,10.0,0.5,3.0,3.0,8.75,2024-06-26 14:55:00+00:00,2024-06-26 14:55:00+00:00,2024-06-26 14:58:00+00:00,2024-06-26 14:58:00+00:00,pullback_long_open_7b7dd96cd520,1,market,0.0,3,1,20,12,37675.0
526819,526820,526820,526820,closed,target,21508.25,21520.25,21508.5,21520.0,21488.25,21520.25,12.0,11.5,11.0,220.0,10.0,0.5,1.0,1.0,0.25,2024-06-27 13:45:00+00:00,2024-06-27 13:45:00+00:00,2024-06-27 13:46:00+00:00,2024-06-27 13:48:00+00:00,pullback_long_open_7b7dd96cd520,1,market,0.0,3,1,20,12,37895.0
526820,526821,526823,526823,closed,timeout,21520.75,21509.5,21521.0,21509.25,21500.75,21532.75,-11.25,-11.75,-12.25,-245.0,10.0,0.5,3.0,3.0,14.0,2024-06-27 13:46:00+00:00,2024-06-27 13:46:00+00:00,2024-06-27 13:49:00+00:00,2024-06-27 13:49:00+00:00,pullback_long_open_7b7dd96cd520,1,market,0.0,3,1,20,12,37650.0
526852,526853,526854,526854,closed,stop,21532.5,21512.5,21532.75,21512.25,21512.5,21544.5,-20.0,-20.5,-21.0,-420.0,10.0,0.5,2.0,2.0,30.5,2024-06-27 14:18:00+00:00,2024-06-27 14:18:00+00:00,2024-06-27 14:20:00+00:00,2024-06-27 14:21:00+00:00,pullback_long_open_7b7dd96cd520,1,market,0.0,3,1,20,12,37230.0
526856,526857,526859,526859,closed,stop,21519.25,21499.25,21519.5,21499.0,21499.25,21531.25,-20.0,-20.5,-21.0,-420.0,10.0,0.5,3.0,3.0,21.0,2024-06-27 14:22:00+00:00,2024-06-27 14:22:00+00:00,2024-06-27 14:25:00+00:00,2024-06-27 14:25:00+00:00,pullback_long_open_7b7dd96cd520,1,market,0.0,3,1,20,12,36810.0
528193,528194,528196,528196,closed,timeout,21566.75,21564.0,21567.0,21563.75,21546.75,21578.75,-2.75,-3.25,-3.75,-75.0,10.0,0.5,3.0,3.0,8.75,2024-06-28 13:54:00+00:00,2024-06-28 13:54:00+00:00,2024-06-28 13:57:00+00:00,2024-06-28 13:57:00+00:00,pullback_long_open_7b7dd96cd520,1,market,0.0,3,1,20,12,36735.0
528218,528219,528221,528221,closed,timeout,21668.25,21677.25,21668.5,21677.0,21648.25,21680.25,9.0,8.5,8.0,160.0,10.0,0.5,3.0,3.0,14.0,2024-06-28 14:19:00+00:00,2024-06-28 14:19:00+00:00,2024-06-28 14:22:00+00:00,2024-06-28 14:22:00+00:00,pullback_long_open_7b7dd96cd520,1,market,0.0,3,1,20,12,36895.0
528221,528222,528224,528224,closed,timeout,21677.25,21678.5,21677.5,21678.25,21657.25,21689.25,1.25,0.75,0.25,5.0,10.0,0.5,3.0,3.0,11.5,2024-06-28 14:22:00+00:00,2024-06-28 14:22:00+00:00,2024-06-28 14:25:00+00:00,2024-06-28 14:25:00+00:00,pullback_long_open_7b7dd96cd520,1,market,0.0,3,1,20,12,36900.0
529598,529599,529600,529600,closed,stop,21366.0,21346.0,21366.25,21345.75,21346.0,21378.0,-20.0,-20.5,-21.0,-420.0,10.0,0.5,2.0,2.0,28.0,2024-07-01 14:34:00+00:00,2024-07-01 14:34:00+00:00,2024-07-01 14:36:00+00:00,2024-07-01 14:37:00+00:00,pullback_long_open_7b7dd96cd520,1,market,0.0,3,1,20,12,36480.0
529600,529601,529601,529601,closed,target,21353.75,21365.75,21354.0,21365.5,21333.75,21365.75,12.0,11.5,11.0,220.0,10.0,0.5,1.0,1.0,1.5,2024-07-01 14:36:00+00:00,2024-07-01 14:36:00+00:00,2024-07-01 14:37:00+00:00,2024-07-01 14:39:00+00:00,pullback_long_open_7b7dd96cd520,1,market,0.0,3,1,20,12,36700.0
530899,530900,530901,530901,closed,target,21415.0,21427.0,21415.25,21426.75,21395.0,21427.0,12.0,11.5,11.0,220.0,10.0,0.5,2.0,2.0,5.5,2024-07-02 13:30:00+00:00,2024-07-02 13:30:00+00:00,2024-07-02 13:32:00+00:00,2024-07-02 13:33:00+00:00,pullback_long_open_7b7dd96cd520,1,market,0.0,3,1,20,12,36920.0
530914,530915,530915,530915,closed,target,21503.5,21515.5,21503.75,21515.25,21483.5,21515.5,12.0,11.5,11.0,220.0,10.0,0.5,1.0,1.0,6.0,2024-07-02 13:45:00+00:00,2024-07-02 13:45:00+00:00,2024-07-02 13:46:00+00:00,2024-07-02 13:48:00+00:00,pullback_long_open_7b7dd96cd520,1,market,0.0,3,1,20,12,37140.0
530918,530919,530919,530919,closed,stop,21516.0,21496.0,21516.25,21495.75,21496.0,21528.0,-20.0,-20.5,-21.0,-420.0,10.0,0.5,1.0,1.0,24.0,2024-07-02 13:49:00+00:00,2024-07-02 13:49:00+00:00,2024-07-02 13:50:00+00:00,2024-07-02 13:52:00+00:00,pullback_long_open_7b7dd96cd520,1,market,0.0,3,1,20,12,36720.0
530921,530922,530924,530924,closed,timeout,21502.75,21503.75,21503.0,21503.5,21482.75,21514.75,1.0,0.5,0.0,0.0,10.0,0.5,3.0,3.0,11.25,2024-07-02 13:52:00+00:00,2024-07-02 13:52:00+00:00,2024-07-02 13:55:00+00:00,2024-07-02 13:55:00+00:00,pullback_long_open_7b7dd96cd520,1,market,0.0,3,1,20,12,36720.0
530926,530927,530929,530929,closed,timeout,21492.75,21495.5,21493.0,21495.25,21472.75,21504.75,2.75,2.25,1.75,35.0,10.0,0.5,3.0,3.0,8.25,2024-07-02 13:57:00+00:00,2024-07-02 13:57:00+00:00,2024-07-02 14:00:00+00:00,2024-07-02 14:00:00+00:00,pullback_long_open_7b7dd96cd520,1,market,0.0,3,1,20,12,36755.0
530973,530974,530976,530976,closed,target,21514.0,21526.0,21514.25,21525.75,21494.0,21526.0,12.0,11.5,11.0,220.0,10.0,0.5,3.0,3.0,17.25,2024-07-02 14:44:00+00:00,2024-07-02 14:44:00+00:00,2024-07-02 14:47:00+00:00,2024-07-02 14:47:00+00:00,pullback_long_open_7b7dd96cd520,1,market,0.0,3,1,20,12,36975.0
530976,530977,530977,530977,closed,stop,21525.5,21505.5,21525.75,21505.25,21505.5,21537.5,-20.0,-20.5,-21.0,-420.0,10.0,0.5,1.0,1.0,26.0,2024-07-02 14:47:00+00:00,2024-07-02 14:47:00+00:00,2024-07-02 14:48:00+00:00,2024-07-02 14:50:00+00:00,pullback_long_open_7b7dd96cd520,1,market,0.0,3,1,20,12,36555.0
530978,530979,530980,530980,closed,target,21513.0,21525.0,21513.25,21524.75,21493.0,21525.0,12.0,11.5,11.0,220.0,10.0,0.5,2.0,2.0,1.75,2024-07-02 14:49:00+00:00,2024-07-02 14:49:00+00:00,2024-07-02 14:51:00+00:00,2024-07-02 14:52:00+00:00,pullback_long_open_7b7dd96cd520,1,market,0.0,3,1,20,12,36775.0
532271,532272,532274,532274,closed,timeout,21680.25,21684.75,21680.5,21684.5,21660.25,21692.25,4.5,4.0,3.5,70.0,10.0,0.5,3.0,3.0,12.25,2024-07-03 13:37:00+00:00,2024-07-03 13:37:00+00:00,2024-07-03 13:40:00+00:00,2024-07-03 13:40:00+00:00,pullback_long_open_7b7dd96cd520,1,market,0.0,3,1,20,12,36845.0
532294,532295,532295,532295,closed,stop,21708.25,21688.25,21708.5,21688.0,21688.25,21720.25,-20.0,-20.5,-21.0,-420.0,10.0,0.5,1.0,1.0,40.0,2024-07-03 14:00:00+00:00,2024-07-03 14:00:00+00:00,2024-07-03 14:01:00+00:00,2024-07-03 14:03:00+00:00,pullback_long_open_7b7dd96cd520,1,market,0.0,3,1,20,12,36425.0
532300,532301,532301,532301,closed,target,21704.5,21716.5,21704.75,21716.25,21684.5,21716.5,12.0,11.5,11.0,220.0,10.0,0.5,1.0,1.0,2.0,2024-07-03 14:06:00+00:00,2024-07-03 14:06:00+00:00,2024-07-03 14:07:00+00:00,2024-07-03 14:09:00+00:00,pullback_long_open_7b7dd96cd520,1,market,0.0,3,1,20,12,36645.0
532347,532348,532350,532350,closed,timeout,21737.0,21740.25,21737.25,21740.0,21717.0,21749.0,3.25,2.75,2.25,45.0,10.0,0.5,3.0,3.0,6.25,2024-07-03 14:53:00+00:00,2024-07-03 14:53:00+00:00,2024-07-03 14:56:00+00:00,2024-07-03 14:56:00+00:00,pullback_long_open_7b7dd96cd520,1,market,0.0,3,1,20,12,36690.0
533468,533469,533471,533471,closed,timeout,21809.75,21807.25,21810.0,21807.0,21789.75,21821.75,-2.5,-3.0,-3.5,-70.0,10.0,0.5,3.0,3.0,4.0,2024-07-04 14:37:00+00:00,2024-07-04 14:37:00+00:00,2024-07-04 14:40:00+00:00,2024-07-04 14:40:00+00:00,pullback_long_open_7b7dd96cd520,1,market,0.0,3,1,20,12,36620.0
534545,534546,534548,534548,closed,target,21893.75,21905.75,21894.0,21905.5,21873.75,21905.75,12.0,11.5,11.0,220.0,10.0,0.5,3.0,3.0,11.25,2024-07-05 13:35:00+00:00,2024-07-05 13:35:00+00:00,2024-07-05 13:38:00+00:00,2024-07-05 13:38:00+00:00,pullback_long_open_7b7dd96cd520,1,market,0.0,3,1,20,12,36840.0
534552,534553,534555,534555,closed,stop,21918.0,21898.0,21918.25,21897.75,21898.0,21930.0,-20.0,-20.5,-21.0,-420.0,10.0,0.5,3.0,3.0,21.5,2024-07-05 13:42:00+00:00,2024-07-05 13:42:00+00:00,2024-07-05 13:45:00+00:00,2024-07-05 13:45:00+00:00,pullback_long_open_7b7dd96cd520,1,market,0.0,3,1,20,12,36420.0
534555,534556,534556,534556,closed,stop,21904.25,21884.25,21904.5,21884.0,21884.25,21916.25,-20.0,-20.5,-21.0,-420.0,10.0,0.5,1.0,1.0,26.5,2024-07-05 13:45:00+00:00,2024-07-05 13:45:00+00:00,2024-07-05 13:46:00+00:00,2024-07-05 13:48:00+00:00,pullback_long_open_7b7dd96cd520,1,market,0.0,3,1,20,12,36000.0
534559,534560,534561,534561,closed,target,21895.0,21907.0,21895.25,21906.75,21875.0,21907.0,12.0,11.5,11.0,220.0,10.0,0.5,2.0,2.0,7.5,2024-07-05 13:49:00+00:00,2024-07-05 13:49:00+00:00,2024-07-05 13:51:00+00:00,2024-07-05 13:52:00+00:00,pullback_long_open_7b7dd96cd520,1,market,0.0,3,1,20,12,36220.0
534576,534577,534577,534577,closed,stop,21968.5,21948.5,21968.75,21948.25,21948.5,21980.5,-20.0,-20.5,-21.0,-420.0,10.0,0.5,1.0,1.0,39.25,2024-07-05 14:06:00+00:00,2024-07-05 14:06:00+00:00,2024-07-05 14:07:00+00:00,2024-07-05 14:09:00+00:00,pullback_long_open_7b7dd96cd520,1,market,0.0,3,1,20,12,35800.0
534578,534579,534579,534579,closed,stop,21939.5,21919.5,21939.75,21919.25,21919.5,21951.5,-20.0,-20.5,-21.0,-420.0,10.0,0.5,1.0,1.0,26.75,2024-07-05 14:08:00+00:00,2024-07-05 14:08:00+00:00,2024-07-05 14:09:00+00:00,2024-07-05 14:11:00+00:00,pullback_long_open_7b7dd96cd520,1,market,0.0,3,1,20,12,35380.0
534615,534616,534618,534618,closed,timeout,21965.25,21962.75,21965.5,21962.5,21945.25,21977.25,-2.5,-3.0,-3.5,-70.0,10.0,0.5,3.0,3.0,6.0,2024-07-05 14:45:00+00:00,2024-07-05 14:45:00+00:00,2024-07-05 14:48:00+00:00,2024-07-05 14:48:00+00:00,pullback_long_open_7b7dd96cd520,1,market,0.0,3,1,20,12,35310.0
534625,534626,534628,534628,closed,timeout,21973.75,21969.5,21974.0,21969.25,21953.75,21985.75,-4.25,-4.75,-5.25,-105.0,10.0,0.5,3.0,3.0,15.25,2024-07-05 14:55:00+00:00,2024-07-05 14:55:00+00:00,2024-07-05 14:58:00+00:00,2024-07-05 14:58:00+00:00,pullback_long_open_7b7dd96cd520,1,market,0.0,3,1,20,12,35205.0
535932,535933,535935,535935,closed,timeout,22065.75,22067.5,22066.0,22067.25,22045.75,22077.75,1.75,1.25,0.75,15.0,10.0,0.5,3.0,3.0,11.25,2024-07-08 13:57:00+00:00,2024-07-08 13:57:00+00:00,2024-07-08 14:00:00+00:00,2024-07-08 14:00:00+00:00,pullback_long_open_7b7dd96cd520,1,market,0.0,3,1,20,12,35220.0
537276,537277,537278,537278,closed,stop,22181.5,22161.5,22181.75,22161.25,22161.5,22193.5,-20.0,-20.5,-21.0,-420.0,10.0,0.5,2.0,2.0,28.0,2024-07-09 13:37:00+00:00,2024-07-09 13:37:00+00:00,2024-07-09 13:39:00+00:00,2024-07-09 13:40:00+00:00,pullback_long_open_7b7dd96cd520,1,market,0.0,3,1,20,12,34800.0
537302,537303,537305,537305,closed,timeout,22184.25,22167.25,22184.5,22167.0,22164.25,22196.25,-17.0,-17.5,-18.0,-360.0,10.0,0.5,3.0,3.0,17.25,2024-07-09 14:03:00+00:00,2024-07-09 14:03:00+00:00,2024-07-09 14:06:00+00:00,2024-07-09 14:06:00+00:00,pullback_long_open_7b7dd96cd520,1,market,0.0,3,1,20,12,34440.0
537314,537315,537317,537317,closed,timeout,22193.25,22191.75,22193.5,22191.5,22173.25,22205.25,-1.5,-2.0,-2.5,-50.0,10.0,0.5,3.0,3.0,8.5,2024-07-09 14:15:00+00:00,2024-07-09 14:15:00+00:00,2024-07-09 14:18:00+00:00,2024-07-09 14:18:00+00:00,pullback_long_open_7b7dd96cd520,1,market,0.0,3,1,20,12,34390.0
537350,537351,537353,537353,closed,timeout,22156.25,22157.5,22156.5,22157.25,22136.25,22168.25,1.25,0.75,0.25,5.0,10.0,0.5,3.0,3.0,4.25,2024-07-09 14:51:00+00:00,2024-07-09 14:51:00+00:00,2024-07-09 14:54:00+00:00,2024-07-09 14:54:00+00:00,pullback_long_open_7b7dd96cd520,1,market,0.0,3,1,20,12,34395.0
538658,538659,538659,538659,closed,target,22194.25,22206.25,22194.5,22206.0,22174.25,22206.25,12.0,11.5,11.0,220.0,10.0,0.5,1.0,1.0,0.5,2024-07-10 13:54:00+00:00,2024-07-10 13:54:00+00:00,2024-07-10 13:55:00+00:00,2024-07-10 13:57:00+00:00,pullback_long_open_7b7dd96cd520,1,market,0.0,3,1,20,12,34615.0
538663,538664,538666,538666,closed,timeout,22196.75,22194.25,22197.0,22194.0,22176.75,22208.75,-2.5,-3.0,-3.5,-70.0,10.0,0.5,3.0,3.0,11.75,2024-07-10 13:59:00+00:00,2024-07-10 13:59:00+00:00,2024-07-10 14:02:00+00:00,2024-07-10 14:02:00+00:00,pullback_long_open_7b7dd96cd520,1,market,0.0,3,1,20,12,34545.0
541399,541400,541402,541402,closed,timeout,21990.0,21992.0,21990.25,21991.75,21970.0,22002.0,2.0,1.5,1.0,20.0,10.0,0.5,3.0,3.0,15.0,2024-07-12 14:05:00+00:00,2024-07-12 14:05:00+00:00,2024-07-12 14:08:00+00:00,2024-07-12 14:08:00+00:00,pullback_long_open_7b7dd96cd520,1,market,0.0,3,1,20,12,34565.0
542738,542739,542739,542739,closed,target,22062.5,22074.5,22062.75,22074.25,22042.5,22074.5,12.0,11.5,11.0,220.0,10.0,0.5,1.0,1.0,5.25,2024-07-15 13:39:00+00:00,2024-07-15 13:39:00+00:00,2024-07-15 13:40:00+00:00,2024-07-15 13:42:00+00:00,pullback_long_open_7b7dd96cd520,1,market,0.0,3,1,20,12,34785.0
542748,542749,542750,542750,closed,stop,22066.75,22046.75,22067.0,22046.5,22046.75,22078.75,-20.0,-20.5,-21.0,-420.0,10.0,0.5,2.0,2.0,33.0,2024-07-15 13:49:00+00:00,2024-07-15 13:49:00+00:00,2024-07-15 13:51:00+00:00,2024-07-15 13:52:00+00:00,pullback_long_open_7b7dd96cd520,1,market,0.0,3,1,20,12,34365.0
542779,542780,542782,542782,closed,timeout,22095.0,22102.5,22095.25,22102.25,22075.0,22107.0,7.5,7.0,6.5,130.0,10.0,0.5,3.0,3.0,5.75,2024-07-15 14:20:00+00:00,2024-07-15 14:20:00+00:00,2024-07-15 14:23:00+00:00,2024-07-15 14:23:00+00:00,pullback_long_open_7b7dd96cd520,1,market,0.0,3,1,20,12,34495.0
542787,542788,542790,542790,closed,target,22108.5,22120.5,22108.75,22120.25,22088.5,22120.5,12.0,11.5,11.0,220.0,10.0,0.5,3.0,3.0,5.0,2024-07-15 14:28:00+00:00,2024-07-15 14:28:00+00:00,2024-07-15 14:31:00+00:00,2024-07-15 14:31:00+00:00,pullback_long_open_7b7dd96cd520,1,market,0.0,3,1,20,12,34715.0
542793,542794,542796,542796,closed,target,22132.25,22144.25,22132.5,22144.0,22112.25,22144.25,12.0,11.5,11.0,220.0,10.0,0.5,3.0,3.0,5.25,2024-07-15 14:34:00+00:00,2024-07-15 14:34:00+00:00,2024-07-15 14:37:00+00:00,2024-07-15 14:37:00+00:00,pullback_long_open_7b7dd96cd520,1,market,0.0,3,1,20,12,34935.0
542806,542807,542809,542809,closed,timeout,22144.75,22144.25,22145.0,22144.0,22124.75,22156.75,-0.5,-1.0,-1.5,-30.0,10.0,0.5,3.0,3.0,14.5,2024-07-15 14:47:00+00:00,2024-07-15 14:47:00+00:00,2024-07-15 14:50:00+00:00,2024-07-15 14:50:00+00:00,pullback_long_open_7b7dd96cd520,1,market,0.0,3,1,20,12,34905.0
542809,542810,542810,542810,closed,target,22144.25,22156.25,22144.5,22156.0,22124.25,22156.25,12.0,11.5,11.0,220.0,10.0,0.5,1.0,1.0,0.25,2024-07-15 14:50:00+00:00,2024-07-15 14:50:00+00:00,2024-07-15 14:51:00+00:00,2024-07-15 14:53:00+00:00,pullback_long_open_7b7dd96cd520,1,market,0.0,3,1,20,12,35125.0
544096,544097,544097,544097,closed,target,22075.25,22087.25,22075.5,22087.0,22055.25,22087.25,12.0,11.5,11.0,220.0,10.0,0.5,1.0,1.0,0.25,2024-07-16 13:32:00+00:00,2024-07-16 13:32:00+00:00,2024-07-16 13:33:00+00:00,2024-07-16 13:35:00+00:00,pullback_long_open_7b7dd96cd520,1,market,0.0,3,1,20,12,35345.0
544097,544098,544099,544099,closed,target,22078.5,22090.5,22078.75,22090.25,22058.5,22090.5,12.0,11.5,11.0,220.0,10.0,0.5,2.0,2.0,13.75,2024-07-16 13:33:00+00:00,2024-07-16 13:33:00+00:00,2024-07-16 13:35:00+00:00,2024-07-16 13:36:00+00:00,pullback_long_open_7b7dd96cd520,1,market,0.0,3,1,20,12,35565.0
544101,544102,544103,544103,closed,stop,22088.75,22068.75,22089.0,22068.5,22068.75,22100.75,-20.0,-20.5,-21.0,-420.0,10.0,0.5,2.0,2.0,21.75,2024-07-16 13:37:00+00:00,2024-07-16 13:37:00+00:00,2024-07-16 13:39:00+00:00,2024-07-16 13:40:00+00:00,pullback_long_open_7b7dd96cd520,1,market,0.0,3,1,20,12,35145.0
544161,544162,544162,544162,closed,target,21959.75,21971.75,21960.0,21971.5,21939.75,21971.75,12.0,11.5,11.0,220.0,10.0,0.5,1.0,1.0,1.75,2024-07-16 14:37:00+00:00,2024-07-16 14:37:00+00:00,2024-07-16 14:38:00+00:00,2024-07-16 14:40:00+00:00,pullback_long_open_7b7dd96cd520,1,market,0.0,3,1,20,12,35365.0
544162,544163,544164,544164,closed,target,21972.75,21984.75,21973.0,21984.5,21952.75,21984.75,12.0,11.5,11.0,220.0,10.0,0.5,2.0,2.0,10.75,2024-07-16 14:38:00+00:00,2024-07-16 14:38:00+00:00,2024-07-16 14:40:00+00:00,2024-07-16 14:41:00+00:00,pullback_long_open_7b7dd96cd520,1,market,0.0,3,1,20,12,35585.0
544168,544169,544171,544171,closed,timeout,22004.0,21994.75,22004.25,21994.5,21984.0,22016.0,-9.25,-9.75,-10.25,-205.0,10.0,0.5,3.0,3.0,19.5,2024-07-16 14:44:00+00:00,2024-07-16 14:44:00+00:00,2024-07-16 14:47:00+00:00,2024-07-16 14:47:00+00:00,pullback_long_open_7b7dd96cd520,1,market,0.0,3,1,20,12,35380.0
544181,544182,544184,544184,closed,stop,21985.25,21965.25,21985.5,21965.0,21965.25,21997.25,-20.0,-20.5,-21.0,-420.0,10.0,0.5,3.0,3.0,20.25,2024-07-16 14:57:00+00:00,2024-07-16 14:57:00+00:00,2024-07-16 15:00:00+00:00,2024-07-16 15:00:00+00:00,pullback_long_open_7b7dd96cd520,1,market,0.0,3,1,20,12,34960.0
546870,546871,546871,546871,closed,target,21518.75,21530.75,21519.0,21530.5,21498.75,21530.75,12.0,11.5,11.0,220.0,10.0,0.5,1.0,1.0,4.0,2024-07-18 14:16:00+00:00,2024-07-18 14:16:00+00:00,2024-07-18 14:17:00+00:00,2024-07-18 14:19:00+00:00,pullback_long_open_7b7dd96cd520,1,market,0.0,3,1,20,12,35180.0
549568,549569,549570,549570,closed,target,21435.25,21447.25,21435.5,21447.0,21415.25,21447.25,12.0,11.5,11.0,220.0,10.0,0.5,2.0,2.0,8.75,2024-07-22 13:54:00+00:00,2024-07-22 13:54:00+00:00,2024-07-22 13:56:00+00:00,2024-07-22 13:57:00+00:00,pullback_long_open_7b7dd96cd520,1,market,0.0,3,1,20,12,35400.0
549601,549602,549603,549603,closed,target,21365.25,21377.25,21365.5,21377.0,21345.25,21377.25,12.0,11.5,11.0,220.0,10.0,0.5,2.0,2.0,10.25,2024-07-22 14:27:00+00:00,2024-07-22 14:27:00+00:00,2024-07-22 14:29:00+00:00,2024-07-22 14:30:00+00:00,pullback_long_open_7b7dd96cd520,1,market,0.0,3,1,20,12,35620.0
549612,549613,549614,549614,closed,target,21406.5,21418.5,21406.75,21418.25,21386.5,21418.5,12.0,11.5,11.0,220.0,10.0,0.5,2.0,2.0,10.25,2024-07-22 14:38:00+00:00,2024-07-22 14:38:00+00:00,2024-07-22 14:40:00+00:00,2024-07-22 14:41:00+00:00,pullback_long_open_7b7dd96cd520,1,market,0.0,3,1,20,12,35840.0
549617,549618,549620,549620,closed,timeout,21439.0,21435.25,21439.25,21435.0,21419.0,21451.0,-3.75,-4.25,-4.75,-95.0,10.0,0.5,3.0,3.0,9.5,2024-07-22 14:43:00+00:00,2024-07-22 14:43:00+00:00,2024-07-22 14:46:00+00:00,2024-07-22 14:46:00+00:00,pullback_long_open_7b7dd96cd520,1,market,0.0,3,1,20,12,35745.0
549627,549628,549630,549630,closed,timeout,21410.25,21396.5,21410.5,21396.25,21390.25,21422.25,-13.75,-14.25,-14.75,-295.0,10.0,0.5,3.0,3.0,16.75,2024-07-22 14:53:00+00:00,2024-07-22 14:53:00+00:00,2024-07-22 14:56:00+00:00,2024-07-22 14:56:00+00:00,pullback_long_open_7b7dd96cd520,1,market,0.0,3,1,20,12,35450.0
550922,550923,550924,550924,closed,target,21438.25,21450.25,21438.5,21450.0,21418.25,21450.25,12.0,11.5,11.0,220.0,10.0,0.5,2.0,2.0,5.25,2024-07-23 13:43:00+00:00,2024-07-23 13:43:00+00:00,2024-07-23 13:45:00+00:00,2024-07-23 13:46:00+00:00,pullback_long_open_7b7dd96cd520,1,market,0.0,3,1,20,12,35670.0
550928,550929,550929,550929,closed,target,21449.75,21461.75,21450.0,21461.5,21429.75,21461.75,12.0,11.5,11.0,220.0,10.0,0.5,1.0,1.0,7.5,2024-07-23 13:49:00+00:00,2024-07-23 13:49:00+00:00,2024-07-23 13:50:00+00:00,2024-07-23 13:52:00+00:00,pullback_long_open_7b7dd96cd520,1,market,0.0,3,1,20,12,35890.0
550935,550936,550936,550936,closed,target,21433.5,21445.5,21433.75,21445.25,21413.5,21445.5,12.0,11.5,11.0,220.0,10.0,0.5,1.0,1.0,0.75,2024-07-23 13:56:00+00:00,2024-07-23 13:56:00+00:00,2024-07-23 13:57:00+00:00,2024-07-23 13:59:00+00:00,pullback_long_open_7b7dd96cd520,1,market,0.0,3,1,20,12,36110.0
550936,550937,550939,550939,closed,timeout,21441.25,21439.25,21441.5,21439.0,21421.25,21453.25,-2.0,-2.5,-3.0,-60.0,10.0,0.5,3.0,3.0,9.5,2024-07-23 13:57:00+00:00,2024-07-23 13:57:00+00:00,2024-07-23 14:00:00+00:00,2024-07-23 14:00:00+00:00,pullback_long_open_7b7dd96cd520,1,market,0.0,3,1,20,12,36050.0
550966,550967,550969,550969,closed,timeout,21463.75,21451.0,21464.0,21450.75,21443.75,21475.75,-12.75,-13.25,-13.75,-275.0,10.0,0.5,3.0,3.0,15.75,2024-07-23 14:27:00+00:00,2024-07-23 14:27:00+00:00,2024-07-23 14:30:00+00:00,2024-07-23 14:30:00+00:00,pullback_long_open_7b7dd96cd520,1,market,0.0,3,1,20,12,35775.0
553711,-1,-1,553712,unresolved,unexpected_gap,,,,,,,,,,,,,,,,2024-07-25 14:42:00+00:00,,,2024-07-25 14:45:00+00:00,pullback_long_open_7b7dd96cd520,1,market,0.0,3,1,20,12,
556375,556376,556376,556376,closed,target,20743.25,20755.25,20743.5,20755.0,20723.25,20755.25,12.0,11.5,11.0,220.0,10.0,0.5,1.0,1.0,15.75,2024-07-29 13:42:00+00:00,2024-07-29 13:42:00+00:00,2024-07-29 13:43:00+00:00,2024-07-29 13:45:00+00:00,pullback_long_open_7b7dd96cd520,1,market,0.0,3,1,20,12,
556383,556384,556384,556384,closed,stop,20766.0,20746.0,20766.25,20745.75,20746.0,20778.0,-20.0,-20.5,-21.0,-420.0,10.0,0.5,1.0,1.0,35.75,2024-07-29 13:50:00+00:00,2024-07-29 13:50:00+00:00,2024-07-29 13:51:00+00:00,2024-07-29 13:53:00+00:00,pullback_long_open_7b7dd96cd520,1,market,0.0,3,1,20,12,
556386,556387,556387,556387,closed,target,20749.75,20761.75,20750.0,20761.5,20729.75,20761.75,12.0,11.5,11.0,220.0,10.0,0.5,1.0,1.0,2.25,2024-07-29 13:53:00+00:00,2024-07-29 13:53:00+00:00,2024-07-29 13:54:00+00:00,2024-07-29 13:56:00+00:00,pullback_long_open_7b7dd96cd520,1,market,0.0,3,1,20,12,
556387,556388,556388,556388,closed,stop,20763.25,20743.25,20763.5,20743.0,20743.25,20775.25,-20.0,-20.5,-21.0,-420.0,10.0,0.5,1.0,1.0,21.5,2024-07-29 13:54:00+00:00,2024-07-29 13:54:00+00:00,2024-07-29 13:55:00+00:00,2024-07-29 13:57:00+00:00,pullback_long_open_7b7dd96cd520,1,market,0.0,3,1,20,12,
557729,557730,557730,557730,closed,target,20717.0,20729.0,20717.25,20728.75,20697.0,20729.0,12.0,11.5,11.0,220.0,10.0,0.5,1.0,1.0,10.0,2024-07-30 13:32:00+00:00,2024-07-30 13:32:00+00:00,2024-07-30 13:33:00+00:00,2024-07-30 13:35:00+00:00,pullback_long_open_7b7dd96cd520,1,market,0.0,3,1,20,12,
559136,559137,559139,559139,closed,timeout,20863.0,20855.75,20863.25,20855.5,20843.0,20875.0,-7.25,-7.75,-8.25,-165.0,10.0,0.5,3.0,3.0,15.5,2024-07-31 14:14:00+00:00,2024-07-31 14:14:00+00:00,2024-07-31 14:17:00+00:00,2024-07-31 14:17:00+00:00,pullback_long_open_7b7dd96cd520,1,market,0.0,3,1,20,12,
559147,559148,559148,559148,closed,stop,20884.75,20864.75,20885.0,20864.5,20864.75,20896.75,-20.0,-20.5,-21.0,-420.0,10.0,0.5,1.0,1.0,23.25,2024-07-31 14:25:00+00:00,2024-07-31 14:25:00+00:00,2024-07-31 14:26:00+00:00,2024-07-31 14:28:00+00:00,pullback_long_open_7b7dd96cd520,1,market,0.0,3,1,20,12,
559168,559169,559171,559171,closed,stop,20897.75,20877.75,20898.0,20877.5,20877.75,20909.75,-20.0,-20.5,-21.0,-420.0,10.0,0.5,3.0,3.0,21.0,2024-07-31 14:46:00+00:00,2024-07-31 14:46:00+00:00,2024-07-31 14:49:00+00:00,2024-07-31 14:49:00+00:00,pullback_long_open_7b7dd96cd520,1,market,0.0,3,1,20,12,
560480,560481,560481,560481,closed,target,21056.5,21068.5,21056.75,21068.25,21036.5,21068.5,12.0,11.5,11.0,220.0,10.0,0.5,1.0,1.0,2.25,2024-08-01 13:53:00+00:00,2024-08-01 13:53:00+00:00,2024-08-01 13:54:00+00:00,2024-08-01 13:56:00+00:00,pullback_long_open_7b7dd96cd520,1,market,0.0,3,1,20,12,
560481,560482,560484,560484,closed,target,21073.0,21085.0,21073.25,21084.75,21053.0,21085.0,12.0,11.5,11.0,220.0,10.0,0.5,3.0,3.0,18.5,2024-08-01 13:54:00+00:00,2024-08-01 13:54:00+00:00,2024-08-01 13:57:00+00:00,2024-08-01 13:57:00+00:00,pullback_long_open_7b7dd96cd520,1,market,0.0,3,1,20,12,
560490,560491,560491,560491,closed,stop,21095.5,21075.5,21095.75,21075.25,21075.5,21107.5,-20.0,-20.5,-21.0,-420.0,10.0,0.5,1.0,1.0,38.5,2024-08-01 14:03:00+00:00,2024-08-01 14:03:00+00:00,2024-08-01 14:04:00+00:00,2024-08-01 14:06:00+00:00,pullback_long_open_7b7dd96cd520,1,market,0.0,3,1,20,12,
561838,561839,561839,561839,closed,stop,20135.25,20115.25,20135.5,20115.0,20115.25,20147.25,-20.0,-20.5,-21.0,-420.0,10.0,0.5,1.0,1.0,66.5,2024-08-02 13:46:00+00:00,2024-08-02 13:46:00+00:00,2024-08-02 13:47:00+00:00,2024-08-02 13:49:00+00:00,pullback_long_open_7b7dd96cd520,1,market,0.0,3,1,20,12,
561847,561848,561848,561848,closed,target,20036.75,20048.75,20037.0,20048.5,20016.75,20048.75,12.0,11.5,11.0,220.0,10.0,0.5,1.0,1.0,12.5,2024-08-02 13:55:00+00:00,2024-08-02 13:55:00+00:00,2024-08-02 13:56:00+00:00,2024-08-02 13:58:00+00:00,pullback_long_open_7b7dd96cd520,1,market,0.0,3,1,20,12,
563193,563194,563194,563194,closed,stop,19201.75,19181.75,19202.0,19181.5,19181.75,19213.75,-20.0,-20.5,-21.0,-420.0,10.0,0.5,1.0,1.0,54.25,2024-08-05 13:44:00+00:00,2024-08-05 13:44:00+00:00,2024-08-05 13:45:00+00:00,2024-08-05 13:47:00+00:00,pullback_long_open_7b7dd96cd520,1,market,0.0,3,1,20,12,
563206,563207,563207,563207,closed,stop,19338.5,19318.5,19338.75,19318.25,19318.5,19350.5,-20.0,-20.5,-21.0,-420.0,10.0,0.5,1.0,1.0,27.0,2024-08-05 13:57:00+00:00,2024-08-05 13:57:00+00:00,2024-08-05 13:58:00+00:00,2024-08-05 14:00:00+00:00,pullback_long_open_7b7dd96cd520,1,market,0.0,3,1,20,12,
564543,564544,564544,564544,closed,stop,19551.75,19531.75,19552.0,19531.5,19531.75,19563.75,-20.0,-20.5,-21.0,-420.0,10.0,0.5,1.0,1.0,26.0,2024-08-06 13:31:00+00:00,2024-08-06 13:31:00+00:00,2024-08-06 13:32:00+00:00,2024-08-06 13:34:00+00:00,pullback_long_open_7b7dd96cd520,1,market,0.0,3,1,20,12,
564572,564573,564573,564573,closed,stop,19574.25,19554.25,19574.5,19554.0,19554.25,19586.25,-20.0,-20.5,-21.0,-420.0,10.0,0.5,1.0,1.0,34.0,2024-08-06 14:00:00+00:00,2024-08-06 14:00:00+00:00,2024-08-06 14:01:00+00:00,2024-08-06 14:03:00+00:00,pullback_long_open_7b7dd96cd520,1,market,0.0,3,1,20,12,
564574,564575,564575,564575,closed,target,19559.0,19571.0,19559.25,19570.75,19539.0,19571.0,12.0,11.5,11.0,220.0,10.0,0.5,1.0,1.0,2.25,2024-08-06 14:02:00+00:00,2024-08-06 14:02:00+00:00,2024-08-06 14:03:00+00:00,2024-08-06 14:05:00+00:00,pullback_long_open_7b7dd96cd520,1,market,0.0,3,1,20,12,
564586,564587,564587,564587,closed,stop,19638.75,19618.75,19639.0,19618.5,19618.75,19650.75,-20.0,-20.5,-21.0,-420.0,10.0,0.5,1.0,1.0,38.0,2024-08-06 14:14:00+00:00,2024-08-06 14:14:00+00:00,2024-08-06 14:15:00+00:00,2024-08-06 14:17:00+00:00,pullback_long_open_7b7dd96cd520,1,market,0.0,3,1,20,12,
564625,564626,564626,564626,closed,target,19745.75,19757.75,19746.0,19757.5,19725.75,19757.75,12.0,11.5,11.0,220.0,10.0,0.5,1.0,1.0,3.25,2024-08-06 14:53:00+00:00,2024-08-06 14:53:00+00:00,2024-08-06 14:54:00+00:00,2024-08-06 14:56:00+00:00,pullback_long_open_7b7dd96cd520,1,market,0.0,3,1,20,12,
564626,564627,564628,564628,closed,stop,19752.25,19732.25,19752.5,19732.0,19732.25,19764.25,-20.0,-20.5,-21.0,-420.0,10.0,0.5,2.0,2.0,29.25,2024-08-06 14:54:00+00:00,2024-08-06 14:54:00+00:00,2024-08-06 14:56:00+00:00,2024-08-06 14:57:00+00:00,pullback_long_open_7b7dd96cd520,1,market,0.0,3,1,20,12,
565912,565913,565913,565913,closed,target,19927.0,19939.0,19927.25,19938.75,19907.0,19939.0,12.0,11.5,11.0,220.0,10.0,0.5,1.0,1.0,13.75,2024-08-07 13:35:00+00:00,2024-08-07 13:35:00+00:00,2024-08-07 13:36:00+00:00,2024-08-07 13:38:00+00:00,pullback_long_open_7b7dd96cd520,1,market,0.0,3,1,20,12,
565913,565914,565914,565914,closed,target,19933.5,19945.5,19933.75,19945.25,19913.5,19945.5,12.0,11.5,11.0,220.0,10.0,0.5,1.0,1.0,12.0,2024-08-07 13:36:00+00:00,2024-08-07 13:36:00+00:00,2024-08-07 13:37:00+00:00,2024-08-07 13:39:00+00:00,pullback_long_open_7b7dd96cd520,1,market,0.0,3,1,20,12,
565919,565920,565920,565920,closed,stop,19942.0,19922.0,19942.25,19921.75,19922.0,19954.0,-20.0,-20.5,-21.0,-420.0,10.0,0.5,1.0,1.0,33.75,2024-08-07 13:42:00+00:00,2024-08-07 13:42:00+00:00,2024-08-07 13:43:00+00:00,2024-08-07 13:45:00+00:00,pullback_long_open_7b7dd96cd520,1,market,0.0,3,1,20,12,
565921,565922,565924,565924,closed,timeout,19949.5,19947.5,19949.75,19947.25,19929.5,19961.5,-2.0,-2.5,-3.0,-60.0,10.0,0.5,3.0,3.0,20.0,2024-08-07 13:44:00+00:00,2024-08-07 13:44:00+00:00,2024-08-07 13:47:00+00:00,2024-08-07 13:47:00+00:00,pullback_long_open_7b7dd96cd520,1,market,0.0,3,1,20,12,
565953,565954,565954,565954,closed,stop,19964.0,19944.0,19964.25,19943.75,19944.0,19976.0,-20.0,-20.5,-21.0,-420.0,10.0,0.5,1.0,1.0,29.0,2024-08-07 14:16:00+00:00,2024-08-07 14:16:00+00:00,2024-08-07 14:17:00+00:00,2024-08-07 14:19:00+00:00,pullback_long_open_7b7dd96cd520,1,market,0.0,3,1,20,12,
565993,565994,565996,565996,closed,timeout,19949.75,19952.25,19950.0,19952.0,19929.75,19961.75,2.5,2.0,1.5,30.0,10.0,0.5,3.0,3.0,16.25,2024-08-07 14:56:00+00:00,2024-08-07 14:56:00+00:00,2024-08-07 14:59:00+00:00,2024-08-07 14:59:00+00:00,pullback_long_open_7b7dd96cd520,1,market,0.0,3,1,20,12,
567277,567278,567278,567278,closed,stop,19647.0,19627.0,19647.25,19626.75,19627.0,19659.0,-20.0,-20.5,-21.0,-420.0,10.0,0.5,1.0,1.0,23.5,2024-08-08 13:35:00+00:00,2024-08-08 13:35:00+00:00,2024-08-08 13:36:00+00:00,2024-08-08 13:38:00+00:00,pullback_long_open_7b7dd96cd520,1,market,0.0,3,1,20,12,
567310,567311,567311,567311,closed,target,19696.0,19708.0,19696.25,19707.75,19676.0,19708.0,12.0,11.5,11.0,220.0,10.0,0.5,1.0,1.0,8.25,2024-08-08 14:08:00+00:00,2024-08-08 14:08:00+00:00,2024-08-08 14:09:00+00:00,2024-08-08 14:11:00+00:00,pullback_long_open_7b7dd96cd520,1,market,0.0,3,1,20,12,
567315,567316,567316,567316,closed,target,19715.25,19727.25,19715.5,19727.0,19695.25,19727.25,12.0,11.5,11.0,220.0,10.0,0.5,1.0,1.0,10.0,2024-08-08 14:13:00+00:00,2024-08-08 14:13:00+00:00,2024-08-08 14:14:00+00:00,2024-08-08 14:16:00+00:00,pullback_long_open_7b7dd96cd520,1,market,0.0,3,1,20,12,
567337,567338,567339,567339,closed,target,19811.25,19823.25,19811.5,19823.0,19791.25,19823.25,12.0,11.5,11.0,220.0,10.0,0.5,2.0,2.0,10.75,2024-08-08 14:35:00+00:00,2024-08-08 14:35:00+00:00,2024-08-08 14:37:00+00:00,2024-08-08 14:38:00+00:00,pullback_long_open_7b7dd96cd520,1,market,0.0,3,1,20,12,
567346,567347,567347,567347,closed,stop,19821.0,19801.0,19821.25,19800.75,19801.0,19833.0,-20.0,-20.5,-21.0,-420.0,10.0,0.5,1.0,1.0,21.25,2024-08-08 14:44:00+00:00,2024-08-08 14:44:00+00:00,2024-08-08 14:45:00+00:00,2024-08-08 14:47:00+00:00,pullback_long_open_7b7dd96cd520,1,market,0.0,3,1,20,12,
567349,567350,567350,567350,closed,target,19826.0,19838.0,19826.25,19837.75,19806.0,19838.0,12.0,11.5,11.0,220.0,10.0,0.5,1.0,1.0,3.75,2024-08-08 14:47:00+00:00,2024-08-08 14:47:00+00:00,2024-08-08 14:48:00+00:00,2024-08-08 14:50:00+00:00,pullback_long_open_7b7dd96cd520,1,market,0.0,3,1,20,12,
568642,568643,568643,568643,closed,stop,19927.0,19907.0,19927.25,19906.75,19907.0,19939.0,-20.0,-20.5,-21.0,-420.0,10.0,0.5,1.0,1.0,46.25,2024-08-09 13:35:00+00:00,2024-08-09 13:35:00+00:00,2024-08-09 13:36:00+00:00,2024-08-09 13:38:00+00:00,pullback_long_open_7b7dd96cd520,1,market,0.0,3,1,20,12,
568651,568652,568652,568652,closed,stop,19906.0,19886.0,19906.25,19885.75,19886.0,19918.0,-20.0,-20.5,-21.0,-420.0,10.0,0.5,1.0,1.0,27.0,2024-08-09 13:44:00+00:00,2024-08-09 13:44:00+00:00,2024-08-09 13:45:00+00:00,2024-08-09 13:47:00+00:00,pullback_long_open_7b7dd96cd520,1,market,0.0,3,1,20,12,
568688,568689,568689,568689,closed,target,19950.25,19962.25,19950.5,19962.0,19930.25,19962.25,12.0,11.5,11.0,220.0,10.0,0.5,1.0,1.0,8.25,2024-08-09 14:21:00+00:00,2024-08-09 14:21:00+00:00,2024-08-09 14:22:00+00:00,2024-08-09 14:24:00+00:00,pullback_long_open_7b7dd96cd520,1,market,0.0,3,1,20,12,
568689,568690,568691,568691,closed,stop,19963.25,19943.25,19963.5,19943.0,19943.25,19975.25,-20.0,-20.5,-21.0,-420.0,10.0,0.5,2.0,2.0,42.75,2024-08-09 14:22:00+00:00,2024-08-09 14:22:00+00:00,2024-08-09 14:24:00+00:00,2024-08-09 14:25:00+00:00,pullback_long_open_7b7dd96cd520,1,market,0.0,3,1,20,12,
570051,570052,570053,570053,closed,target,20099.0,20111.0,20099.25,20110.75,20079.0,20111.0,12.0,11.5,11.0,220.0,10.0,0.5,2.0,2.0,1.5,2024-08-12 14:19:00+00:00,2024-08-12 14:19:00+00:00,2024-08-12 14:21:00+00:00,2024-08-12 14:22:00+00:00,pullback_long_open_7b7dd96cd520,1,market,0.0,3,1,20,12,
570064,570065,570067,570067,closed,timeout,20137.5,20147.5,20137.75,20147.25,20117.5,20149.5,10.0,9.5,9.0,180.0,10.0,0.5,3.0,3.0,4.0,2024-08-12 14:32:00+00:00,2024-08-12 14:32:00+00:00,2024-08-12 14:35:00+00:00,2024-08-12 14:35:00+00:00,pullback_long_open_7b7dd96cd520,1,market,0.0,3,1,20,12,
570085,570086,570088,570088,closed,timeout,20160.0,20150.75,20160.25,20150.5,20140.0,20172.0,-9.25,-9.75,-10.25,-205.0,10.0,0.5,3.0,3.0,16.0,2024-08-12 14:53:00+00:00,2024-08-12 14:53:00+00:00,2024-08-12 14:56:00+00:00,2024-08-12 14:56:00+00:00,pullback_long_open_7b7dd96cd520,1,market,0.0,3,1,20,12,
571374,571375,571377,571377,closed,timeout,20293.75,20282.5,20294.0,20282.25,20273.75,20305.75,-11.25,-11.75,-12.25,-245.0,10.0,0.5,3.0,3.0,14.5,2024-08-13 13:37:00+00:00,2024-08-13 13:37:00+00:00,2024-08-13 13:40:00+00:00,2024-08-13 13:40:00+00:00,pullback_long_open_7b7dd96cd520,1,market,0.0,3,1,20,12,
571450,571451,571453,571453,closed,timeout,20372.0,20370.0,20372.25,20369.75,20352.0,20384.0,-2.0,-2.5,-3.0,-60.0,10.0,0.5,3.0,3.0,6.75,2024-08-13 14:53:00+00:00,2024-08-13 14:53:00+00:00,2024-08-13 14:56:00+00:00,2024-08-13 14:56:00+00:00,pullback_long_open_7b7dd96cd520,1,market,0.0,3,1,20,12,
571455,571456,571458,571458,closed,timeout,20372.25,20378.75,20372.5,20378.5,20352.25,20384.25,6.5,6.0,5.5,110.0,10.0,0.5,3.0,3.0,5.0,2024-08-13 14:58:00+00:00,2024-08-13 14:58:00+00:00,2024-08-13 15:01:00+00:00,2024-08-13 15:01:00+00:00,pullback_long_open_7b7dd96cd520,1,market,0.0,3,1,20,12,
574101,574102,574102,574102,closed,target,20782.0,20794.0,20782.25,20793.75,20762.0,20794.0,12.0,11.5,11.0,220.0,10.0,0.5,1.0,1.0,7.25,2024-08-15 13:34:00+00:00,2024-08-15 13:34:00+00:00,2024-08-15 13:35:00+00:00,2024-08-15 13:37:00+00:00,pullback_long_open_7b7dd96cd520,1,market,0.0,3,1,20,12,
574102,574103,574105,574105,closed,target,20797.75,20809.75,20798.0,20809.5,20777.75,20809.75,12.0,11.5,11.0,220.0,10.0,0.5,3.0,3.0,17.0,2024-08-15 13:35:00+00:00,2024-08-15 13:35:00+00:00,2024-08-15 13:38:00+00:00,2024-08-15 13:38:00+00:00,pullback_long_open_7b7dd96cd520,1,market,0.0,3,1,20,12,
574111,574112,574113,574113,closed,target,20806.25,20818.25,20806.5,20818.0,20786.25,20818.25,12.0,11.5,11.0,220.0,10.0,0.5,2.0,2.0,7.5,2024-08-15 13:44:00+00:00,2024-08-15 13:44:00+00:00,2024-08-15 13:46:00+00:00,2024-08-15 13:47:00+00:00,pullback_long_open_7b7dd96cd520,1,market,0.0,3,1,20,12,
574113,574114,574114,574114,closed,stop,20815.75,20795.75,20816.0,20795.5,20795.75,20827.75,-20.0,-20.5,-21.0,-420.0,10.0,0.5,1.0,1.0,22.0,2024-08-15 13:46:00+00:00,2024-08-15 13:46:00+00:00,2024-08-15 13:47:00+00:00,2024-08-15 13:49:00+00:00,pullback_long_open_7b7dd96cd520,1,market,0.0,3,1,20,12,
574133,574134,574136,574136,closed,timeout,20865.25,20859.75,20865.5,20859.5,20845.25,20877.25,-5.5,-6.0,-6.5,-130.0,10.0,0.5,3.0,3.0,16.0,2024-08-15 14:06:00+00:00,2024-08-15 14:06:00+00:00,2024-08-15 14:09:00+00:00,2024-08-15 14:09:00+00:00,pullback_long_open_7b7dd96cd520,1,market,0.0,3,1,20,12,
574159,574160,574162,574162,closed,timeout,20913.75,20918.75,20914.0,20918.5,20893.75,20925.75,5.0,4.5,4.0,80.0,10.0,0.5,3.0,3.0,8.75,2024-08-15 14:32:00+00:00,2024-08-15 14:32:00+00:00,2024-08-15 14:35:00+00:00,2024-08-15 14:35:00+00:00,pullback_long_open_7b7dd96cd520,1,market,0.0,3,1,20,12,
574167,574168,574170,574170,closed,timeout,20929.0,20929.75,20929.25,20929.5,20909.0,20941.0,0.75,0.25,-0.25,-5.0,10.0,0.5,3.0,3.0,4.75,2024-08-15 14:40:00+00:00,2024-08-15 14:40:00+00:00,2024-08-15 14:43:00+00:00,2024-08-15 14:43:00+00:00,pullback_long_open_7b7dd96cd520,1,market,0.0,3,1,20,12,
574181,574182,574184,574184,closed,timeout,20924.5,20905.5,20924.75,20905.25,20904.5,20936.5,-19.0,-19.5,-20.0,-400.0,10.0,0.5,3.0,3.0,20.0,2024-08-15 14:54:00+00:00,2024-08-15 14:54:00+00:00,2024-08-15 14:57:00+00:00,2024-08-15 14:57:00+00:00,pullback_long_open_7b7dd96cd520,1,market,0.0,3,1,20,12,
575502,575503,575504,575504,closed,target,20980.0,20992.0,20980.25,20991.75,20960.0,20992.0,12.0,11.5,11.0,220.0,10.0,0.5,2.0,2.0,6.0,2024-08-16 14:10:00+00:00,2024-08-16 14:10:00+00:00,2024-08-16 14:12:00+00:00,2024-08-16 14:13:00+00:00,pullback_long_open_7b7dd96cd520,1,market,0.0,3,1,20,12,
575516,575517,575519,575519,closed,timeout,21010.5,21001.0,21010.75,21000.75,20990.5,21022.5,-9.5,-10.0,-10.5,-210.0,10.0,0.5,3.0,3.0,19.5,2024-08-16 14:24:00+00:00,2024-08-16 14:24:00+00:00,2024-08-16 14:27:00+00:00,2024-08-16 14:27:00+00:00,pullback_long_open_7b7dd96cd520,1,market,0.0,3,1,20,12,
575521,575522,575524,575524,closed,target,21006.5,21018.5,21006.75,21018.25,20986.5,21018.5,12.0,11.5,11.0,220.0,10.0,0.5,3.0,3.0,7.5,2024-08-16 14:29:00+00:00,2024-08-16 14:29:00+00:00,2024-08-16 14:32:00+00:00,2024-08-16 14:32:00+00:00,pullback_long_open_7b7dd96cd520,1,market,0.0,3,1,20,12,
576853,576854,576856,576856,closed,stop,21035.25,21015.25,21035.5,21015.0,21015.25,21047.25,-20.0,-20.5,-21.0,-420.0,10.0,0.5,3.0,3.0,22.5,2024-08-19 13:57:00+00:00,2024-08-19 13:57:00+00:00,2024-08-19 14:00:00+00:00,2024-08-19 14:00:00+00:00,pullback_long_open_7b7dd96cd520,1,market,0.0,3,1,20,12,
576915,576916,576918,576918,closed,timeout,21085.0,21087.5,21085.25,21087.25,21065.0,21097.0,2.5,2.0,1.5,30.0,10.0,0.5,3.0,3.0,4.75,2024-08-19 14:59:00+00:00,2024-08-19 14:59:00+00:00,2024-08-19 15:02:00+00:00,2024-08-19 15:02:00+00:00,pullback_long_open_7b7dd96cd520,1,market,0.0,3,1,20,12,
578200,578201,578203,578203,closed,timeout,21292.75,21300.25,21293.0,21300.0,21272.75,21304.75,7.5,7.0,6.5,130.0,10.0,0.5,3.0,3.0,12.5,2024-08-20 13:39:00+00:00,2024-08-20 13:39:00+00:00,2024-08-20 13:42:00+00:00,2024-08-20 13:42:00+00:00,pullback_long_open_7b7dd96cd520,1,market,0.0,3,1,20,12,
578206,578207,578209,578209,closed,timeout,21300.75,21300.5,21301.0,21300.25,21280.75,21312.75,-0.25,-0.75,-1.25,-25.0,10.0,0.5,3.0,3.0,7.5,2024-08-20 13:45:00+00:00,2024-08-20 13:45:00+00:00,2024-08-20 13:48:00+00:00,2024-08-20 13:48:00+00:00,pullback_long_open_7b7dd96cd520,1,market,0.0,3,1,20,12,
578225,578226,578228,578228,closed,timeout,21328.0,21326.75,21328.25,21326.5,21308.0,21340.0,-1.25,-1.75,-2.25,-45.0,10.0,0.5,3.0,3.0,9.25,2024-08-20 14:04:00+00:00,2024-08-20 14:04:00+00:00,2024-08-20 14:07:00+00:00,2024-08-20 14:07:00+00:00,pullback_long_open_7b7dd96cd520,1,market,0.0,3,1,20,12,
579588,579589,579590,579590,closed,target,21323.0,21335.0,21323.25,21334.75,21303.0,21335.0,12.0,11.5,11.0,220.0,10.0,0.5,2.0,2.0,3.0,2024-08-21 14:03:00+00:00,2024-08-21 14:03:00+00:00,2024-08-21 14:05:00+00:00,2024-08-21 14:06:00+00:00,pullback_long_open_7b7dd96cd520,1,market,0.0,3,1,20,12,
579595,579596,579597,579597,closed,target,21331.5,21343.5,21331.75,21343.25,21311.5,21343.5,12.0,11.5,11.0,220.0,10.0,0.5,2.0,2.0,7.25,2024-08-21 14:10:00+00:00,2024-08-21 14:10:00+00:00,2024-08-21 14:12:00+00:00,2024-08-21 14:13:00+00:00,pullback_long_open_7b7dd96cd520,1,market,0.0,3,1,20,12,
580925,580926,580926,580926,closed,stop,21433.25,21413.25,21433.5,21413.0,21413.25,21445.25,-20.0,-20.5,-21.0,-420.0,10.0,0.5,1.0,1.0,23.5,2024-08-22 13:35:00+00:00,2024-08-22 13:35:00+00:00,2024-08-22 13:36:00+00:00,2024-08-22 13:38:00+00:00,pullback_long_open_7b7dd96cd520,1,market,0.0,3,1,20,12,
582309,582310,582310,582310,closed,target,21173.25,21185.25,21173.5,21185.0,21153.25,21185.25,12.0,11.5,11.0,220.0,10.0,0.5,1.0,1.0,0.25,2024-08-23 13:54:00+00:00,2024-08-23 13:54:00+00:00,2024-08-23 13:55:00+00:00,2024-08-23 13:57:00+00:00,pullback_long_open_7b7dd96cd520,1,market,0.0,3,1,20,12,
582322,582323,582323,582323,closed,target,21252.0,21264.0,21252.25,21263.75,21232.0,21264.0,12.0,11.5,11.0,220.0,10.0,0.5,1.0,1.0,7.75,2024-08-23 14:07:00+00:00,2024-08-23 14:07:00+00:00,2024-08-23 14:08:00+00:00,2024-08-23 14:10:00+00:00,pullback_long_open_7b7dd96cd520,1,market,0.0,3,1,20,12,
582323,582324,582324,582324,closed,target,21259.75,21271.75,21260.0,21271.5,21239.75,21271.75,12.0,11.5,11.0,220.0,10.0,0.5,1.0,1.0,3.0,2024-08-23 14:08:00+00:00,2024-08-23 14:08:00+00:00,2024-08-23 14:09:00+00:00,2024-08-23 14:11:00+00:00,pullback_long_open_7b7dd96cd520,1,market,0.0,3,1,20,12,
582324,582325,582325,582325,closed,target,21281.0,21293.0,21281.25,21292.75,21261.0,21293.0,12.0,11.5,11.0,220.0,10.0,0.5,1.0,1.0,16.5,2024-08-23 14:09:00+00:00,2024-08-23 14:09:00+00:00,2024-08-23 14:10:00+00:00,2024-08-23 14:12:00+00:00,pullback_long_open_7b7dd96cd520,1,market,0.0,3,1,20,12,
582331,582332,582332,582332,closed,stop,21306.25,21286.25,21306.5,21286.0,21286.25,21318.25,-20.0,-20.5,-21.0,-420.0,10.0,0.5,1.0,1.0,34.75,2024-08-23 14:16:00+00:00,2024-08-23 14:16:00+00:00,2024-08-23 14:17:00+00:00,2024-08-23 14:19:00+00:00,pullback_long_open_7b7dd96cd520,1,market,0.0,3,1,20,12,
585043,585044,585045,585045,closed,target,20976.75,20988.75,20977.0,20988.5,20956.75,20988.75,12.0,11.5,11.0,220.0,10.0,0.5,2.0,2.0,6.75,2024-08-27 13:59:00+00:00,2024-08-27 13:59:00+00:00,2024-08-27 14:01:00+00:00,2024-08-27 14:02:00+00:00,pullback_long_open_7b7dd96cd520,1,market,0.0,3,1,20,12,
585045,585046,585047,585047,closed,target,20982.5,20994.5,20982.75,20994.25,20962.5,20994.5,12.0,11.5,11.0,220.0,10.0,0.5,2.0,2.0,9.0,2024-08-27 14:01:00+00:00,2024-08-27 14:01:00+00:00,2024-08-27 14:03:00+00:00,2024-08-27 14:04:00+00:00,pullback_long_open_7b7dd96cd520,1,market,0.0,3,1,20,12,
585049,585050,585050,585050,closed,target,20984.25,20996.25,20984.5,20996.0,20964.25,20996.25,12.0,11.5,11.0,220.0,10.0,0.5,1.0,1.0,9.25,2024-08-27 14:05:00+00:00,2024-08-27 14:05:00+00:00,2024-08-27 14:06:00+00:00,2024-08-27 14:08:00+00:00,pullback_long_open_7b7dd96cd520,1,market,0.0,3,1,20,12,
585063,585064,585066,585066,closed,timeout,21004.75,21007.0,21005.0,21006.75,20984.75,21016.75,2.25,1.75,1.25,25.0,10.0,0.5,3.0,3.0,10.75,2024-08-27 14:19:00+00:00,2024-08-27 14:19:00+00:00,2024-08-27 14:22:00+00:00,2024-08-27 14:22:00+00:00,pullback_long_open_7b7dd96cd520,1,market,0.0,3,1,20,12,
585066,585067,585069,585069,closed,target,21007.25,21019.25,21007.5,21019.0,20987.25,21019.25,12.0,11.5,11.0,220.0,10.0,0.5,3.0,3.0,4.5,2024-08-27 14:22:00+00:00,2024-08-27 14:22:00+00:00,2024-08-27 14:25:00+00:00,2024-08-27 14:25:00+00:00,pullback_long_open_7b7dd96cd520,1,market,0.0,3,1,20,12,
585073,585074,585074,585074,closed,target,21054.0,21066.0,21054.25,21065.75,21034.0,21066.0,12.0,11.5,11.0,220.0,10.0,0.5,1.0,1.0,1.5,2024-08-27 14:29:00+00:00,2024-08-27 14:29:00+00:00,2024-08-27 14:30:00+00:00,2024-08-27 14:32:00+00:00,pullback_long_open_7b7dd96cd520,1,market,0.0,3,1,20,12,
585083,585084,585084,585084,closed,target,21070.5,21082.5,21070.75,21082.25,21050.5,21082.5,12.0,11.5,11.0,220.0,10.0,0.5,1.0,1.0,0.75,2024-08-27 14:39:00+00:00,2024-08-27 14:39:00+00:00,2024-08-27 14:40:00+00:00,2024-08-27 14:42:00+00:00,pullback_long_open_7b7dd96cd520,1,market,0.0,3,1,20,12,
585084,585085,585087,585087,closed,timeout,21077.0,21084.0,21077.25,21083.75,21057.0,21089.0,7.0,6.5,6.0,120.0,10.0,0.5,3.0,3.0,5.75,2024-08-27 14:40:00+00:00,2024-08-27 14:40:00+00:00,2024-08-27 14:43:00+00:00,2024-08-27 14:43:00+00:00,pullback_long_open_7b7dd96cd520,1,market,0.0,3,1,20,12,
586383,586384,586385,586385,closed,stop,21078.75,21058.75,21079.0,21058.5,21058.75,21090.75,-20.0,-20.5,-21.0,-420.0,10.0,0.5,2.0,2.0,29.5,2024-08-28 13:34:00+00:00,2024-08-28 13:34:00+00:00,2024-08-28 13:36:00+00:00,2024-08-28 13:37:00+00:00,pullback_long_open_7b7dd96cd520,1,market,0.0,3,1,20,12,
586431,586432,586432,586432,closed,stop,21002.0,20982.0,21002.25,20981.75,20982.0,21014.0,-20.0,-20.5,-21.0,-420.0,10.0,0.5,1.0,1.0,21.25,2024-08-28 14:22:00+00:00,2024-08-28 14:22:00+00:00,2024-08-28 14:23:00+00:00,2024-08-28 14:25:00+00:00,pullback_long_open_7b7dd96cd520,1,market,0.0,3,1,20,12,
586439,586440,586440,586440,closed,target,21013.25,21025.25,21013.5,21025.0,20993.25,21025.25,12.0,11.5,11.0,220.0,10.0,0.5,1.0,1.0,1.75,2024-08-28 14:30:00+00:00,2024-08-28 14:30:00+00:00,2024-08-28 14:31:00+00:00,2024-08-28 14:33:00+00:00,pullback_long_open_7b7dd96cd520,1,market,0.0,3,1,20,12,
587755,587756,587756,587756,closed,stop,21014.0,20994.0,21014.25,20993.75,20994.0,21026.0,-20.0,-20.5,-21.0,-420.0,10.0,0.5,1.0,1.0,35.5,2024-08-29 13:41:00+00:00,2024-08-29 13:41:00+00:00,2024-08-29 13:42:00+00:00,2024-08-29 13:44:00+00:00,pullback_long_open_7b7dd96cd520,1,market,0.0,3,1,20,12,
587758,587759,587760,587760,closed,target,20980.5,20992.5,20980.75,20992.25,20960.5,20992.5,12.0,11.5,11.0,220.0,10.0,0.5,2.0,2.0,10.5,2024-08-29 13:44:00+00:00,2024-08-29 13:44:00+00:00,2024-08-29 13:46:00+00:00,2024-08-29 13:47:00+00:00,pullback_long_open_7b7dd96cd520,1,market,0.0,3,1,20,12,
587760,587761,587761,587761,closed,target,20993.0,21005.0,20993.25,21004.75,20973.0,21005.0,12.0,11.5,11.0,220.0,10.0,0.5,1.0,1.0,10.5,2024-08-29 13:46:00+00:00,2024-08-29 13:46:00+00:00,2024-08-29 13:47:00+00:00,2024-08-29 13:49:00+00:00,pullback_long_open_7b7dd96cd520,1,market,0.0,3,1,20,12,
587781,587782,587784,587784,closed,stop,21053.25,21033.25,21053.5,21033.0,21033.25,21065.25,-20.0,-20.5,-21.0,-420.0,10.0,0.5,3.0,3.0,42.25,2024-08-29 14:07:00+00:00,2024-08-29 14:07:00+00:00,2024-08-29 14:10:00+00:00,2024-08-29 14:10:00+00:00,pullback_long_open_7b7dd96cd520,1,market,0.0,3,1,20,12,
587786,587787,587788,587788,closed,stop,21042.5,21022.5,21042.75,21022.25,21022.5,21054.5,-20.0,-20.5,-21.0,-420.0,10.0,0.5,2.0,2.0,23.25,2024-08-29 14:12:00+00:00,2024-08-29 14:12:00+00:00,2024-08-29 14:14:00+00:00,2024-08-29 14:15:00+00:00,pullback_long_open_7b7dd96cd520,1,market,0.0,3,1,20,12,
587817,587818,587818,587818,closed,target,21060.5,21072.5,21060.75,21072.25,21040.5,21072.5,12.0,11.5,11.0,220.0,10.0,0.5,1.0,1.0,7.75,2024-08-29 14:43:00+00:00,2024-08-29 14:43:00+00:00,2024-08-29 14:44:00+00:00,2024-08-29 14:46:00+00:00,pullback_long_open_7b7dd96cd520,1,market,0.0,3,1,20,12,
587821,587822,587822,587822,closed,target,21081.25,21093.25,21081.5,21093.0,21061.25,21093.25,12.0,11.5,11.0,220.0,10.0,0.5,1.0,1.0,0.75,2024-08-29 14:47:00+00:00,2024-08-29 14:47:00+00:00,2024-08-29 14:48:00+00:00,2024-08-29 14:50:00+00:00,pullback_long_open_7b7dd96cd520,1,market,0.0,3,1,20,12,
587827,587828,587830,587830,closed,timeout,21113.5,21102.0,21113.75,21101.75,21093.5,21125.5,-11.5,-12.0,-12.5,-250.0,10.0,0.5,3.0,3.0,15.0,2024-08-29 14:53:00+00:00,2024-08-29 14:53:00+00:00,2024-08-29 14:56:00+00:00,2024-08-29 14:56:00+00:00,pullback_long_open_7b7dd96cd520,1,market,0.0,3,1,20,12,
587833,587834,587836,587836,closed,timeout,21084.25,21079.75,21084.5,21079.5,21064.25,21096.25,-4.5,-5.0,-5.5,-110.0,10.0,0.5,3.0,3.0,14.5,2024-08-29 14:59:00+00:00,2024-08-29 14:59:00+00:00,2024-08-29 15:02:00+00:00,2024-08-29 15:02:00+00:00,pullback_long_open_7b7dd96cd520,1,market,0.0,3,1,20,12,
589137,589138,589138,589138,closed,target,21016.25,21028.25,21016.5,21028.0,20996.25,21028.25,12.0,11.5,11.0,220.0,10.0,0.5,1.0,1.0,1.25,2024-08-30 13:58:00+00:00,2024-08-30 13:58:00+00:00,2024-08-30 13:59:00+00:00,2024-08-30 14:01:00+00:00,pullback_long_open_7b7dd96cd520,1,market,0.0,3,1,20,12,
589148,589149,589149,589149,closed,stop,21033.75,21013.75,21034.0,21013.5,21013.75,21045.75,-20.0,-20.5,-21.0,-420.0,10.0,0.5,1.0,1.0,29.75,2024-08-30 14:09:00+00:00,2024-08-30 14:09:00+00:00,2024-08-30 14:10:00+00:00,2024-08-30 14:12:00+00:00,pullback_long_open_7b7dd96cd520,1,market,0.0,3,1,20,12,
589150,589151,589153,589153,closed,timeout,21022.0,21022.0,21022.25,21021.75,21002.0,21034.0,0.0,-0.5,-1.0,-20.0,10.0,0.5,3.0,3.0,14.25,2024-08-30 14:11:00+00:00,2024-08-30 14:11:00+00:00,2024-08-30 14:14:00+00:00,2024-08-30 14:14:00+00:00,pullback_long_open_7b7dd96cd520,1,market,0.0,3,1,20,12,
589185,589186,589188,589188,closed,target,20987.5,20999.5,20987.75,20999.25,20967.5,20999.5,12.0,11.5,11.0,220.0,10.0,0.5,3.0,3.0,8.0,2024-08-30 14:46:00+00:00,2024-08-30 14:46:00+00:00,2024-08-30 14:49:00+00:00,2024-08-30 14:49:00+00:00,pullback_long_open_7b7dd96cd520,1,market,0.0,3,1,20,12,
589188,589189,589189,589189,closed,target,21007.0,21019.0,21007.25,21018.75,20987.0,21019.0,12.0,11.5,11.0,220.0,10.0,0.5,1.0,1.0,2.75,2024-08-30 14:49:00+00:00,2024-08-30 14:49:00+00:00,2024-08-30 14:50:00+00:00,2024-08-30 14:52:00+00:00,pullback_long_open_7b7dd96cd520,1,market,0.0,3,1,20,12,
590475,590476,590478,590478,closed,timeout,21054.5,21053.5,21054.75,21053.25,21034.5,21066.5,-1.0,-1.5,-2.0,-40.0,10.0,0.5,3.0,3.0,3.5,2024-09-02 13:31:00+00:00,2024-09-02 13:31:00+00:00,2024-09-02 13:34:00+00:00,2024-09-02 13:34:00+00:00,pullback_long_open_7b7dd96cd520,1,market,0.0,3,1,20,12,
590543,590544,590546,590546,closed,timeout,21083.0,21084.75,21083.25,21084.5,21063.0,21095.0,1.75,1.25,0.75,15.0,10.0,0.5,3.0,3.0,3.25,2024-09-02 14:39:00+00:00,2024-09-02 14:39:00+00:00,2024-09-02 14:42:00+00:00,2024-09-02 14:42:00+00:00,pullback_long_open_7b7dd96cd520,1,market,0.0,3,1,20,12,
590555,590556,590558,590558,closed,timeout,21093.75,21097.25,21094.0,21097.0,21073.75,21105.75,3.5,3.0,2.5,50.0,10.0,0.5,3.0,3.0,1.0,2024-09-02 14:51:00+00:00,2024-09-02 14:51:00+00:00,2024-09-02 14:54:00+00:00,2024-09-02 14:54:00+00:00,pullback_long_open_7b7dd96cd520,1,market,0.0,3,1,20,12,
593002,593003,593003,593003,closed,target,20400.5,20412.5,20400.75,20412.25,20380.5,20412.5,12.0,11.5,11.0,220.0,10.0,0.5,1.0,1.0,1.75,2024-09-04 13:54:00+00:00,2024-09-04 13:54:00+00:00,2024-09-04 13:55:00+00:00,2024-09-04 13:57:00+00:00,pullback_long_open_7b7dd96cd520,1,market,0.0,3,1,20,12,
593008,593009,593009,593009,closed,stop,20406.0,20386.0,20406.25,20385.75,20386.0,20418.0,-20.0,-20.5,-21.0,-420.0,10.0,0.5,1.0,1.0,135.0,2024-09-04 14:00:00+00:00,2024-09-04 14:00:00+00:00,2024-09-04 14:01:00+00:00,2024-09-04 14:03:00+00:00,pullback_long_open_7b7dd96cd520,1,market,0.0,3,1,20,12,
593052,593053,593053,593053,closed,target,20477.5,20489.5,20477.75,20489.25,20457.5,20489.5,12.0,11.5,11.0,220.0,10.0,0.5,1.0,1.0,0.25,2024-09-04 14:44:00+00:00,2024-09-04 14:44:00+00:00,2024-09-04 14:45:00+00:00,2024-09-04 14:47:00+00:00,pullback_long_open_7b7dd96cd520,1,market,0.0,3,1,20,12,
593058,593059,593060,593060,closed,target,20464.5,20476.5,20464.75,20476.25,20444.5,20476.5,12.0,11.5,11.0,220.0,10.0,0.5,2.0,2.0,2.75,2024-09-04 14:50:00+00:00,2024-09-04 14:50:00+00:00,2024-09-04 14:52:00+00:00,2024-09-04 14:53:00+00:00,pullback_long_open_7b7dd96cd520,1,market,0.0,3,1,20,12,
593060,593061,593063,593063,closed,timeout,20479.5,20484.0,20479.75,20483.75,20459.5,20491.5,4.5,4.0,3.5,70.0,10.0,0.5,3.0,3.0,8.75,2024-09-04 14:52:00+00:00,2024-09-04 14:52:00+00:00,2024-09-04 14:55:00+00:00,2024-09-04 14:55:00+00:00,pullback_long_open_7b7dd96cd520,1,market,0.0,3,1,20,12,
594364,594365,594366,594366,closed,target,20431.25,20443.25,20431.5,20443.0,20411.25,20443.25,12.0,11.5,11.0,220.0,10.0,0.5,2.0,2.0,16.25,2024-09-05 13:51:00+00:00,2024-09-05 13:51:00+00:00,2024-09-05 13:53:00+00:00,2024-09-05 13:54:00+00:00,pullback_long_open_7b7dd96cd520,1,market,0.0,3,1,20,12,
594379,594380,594380,594380,closed,target,20527.25,20539.25,20527.5,20539.0,20507.25,20539.25,12.0,11.5,11.0,220.0,10.0,0.5,1.0,1.0,2.5,2024-09-05 14:06:00+00:00,2024-09-05 14:06:00+00:00,2024-09-05 14:07:00+00:00,2024-09-05 14:09:00+00:00,pullback_long_open_7b7dd96cd520,1,market,0.0,3,1,20,12,
594382,594383,594383,594383,closed,stop,20534.75,20514.75,20535.0,20514.5,20514.75,20546.75,-20.0,-20.5,-21.0,-420.0,10.0,0.5,1.0,1.0,29.0,2024-09-05 14:09:00+00:00,2024-09-05 14:09:00+00:00,2024-09-05 14:10:00+00:00,2024-09-05 14:12:00+00:00,pullback_long_open_7b7dd96cd520,1,market,0.0,3,1,20,12,
594387,594388,594388,594388,closed,stop,20491.75,20471.75,20492.0,20471.5,20471.75,20503.75,-20.0,-20.5,-21.0,-420.0,10.0,0.5,1.0,1.0,24.0,2024-09-05 14:14:00+00:00,2024-09-05 14:14:00+00:00,2024-09-05 14:15:00+00:00,2024-09-05 14:17:00+00:00,pullback_long_open_7b7dd96cd520,1,market,0.0,3,1,20,12,
594404,594405,594405,594405,closed,stop,20565.5,20545.5,20565.75,20545.25,20545.5,20577.5,-20.0,-20.5,-21.0,-420.0,10.0,0.5,1.0,1.0,23.25,2024-09-05 14:31:00+00:00,2024-09-05 14:31:00+00:00,2024-09-05 14:32:00+00:00,2024-09-05 14:34:00+00:00,pullback_long_open_7b7dd96cd520,1,market,0.0,3,1,20,12,
594408,594409,594411,594411,closed,timeout,20539.5,20539.25,20539.75,20539.0,20519.5,20551.5,-0.25,-0.75,-1.25,-25.0,10.0,0.5,3.0,3.0,14.5,2024-09-05 14:35:00+00:00,2024-09-05 14:35:00+00:00,2024-09-05 14:38:00+00:00,2024-09-05 14:38:00+00:00,pullback_long_open_7b7dd96cd520,1,market,0.0,3,1,20,12,
597081,597082,597083,597083,closed,target,20085.5,20097.5,20085.75,20097.25,20065.5,20097.5,12.0,11.5,11.0,220.0,10.0,0.5,2.0,2.0,10.75,2024-09-09 13:38:00+00:00,2024-09-09 13:38:00+00:00,2024-09-09 13:40:00+00:00,2024-09-09 13:41:00+00:00,pullback_long_open_7b7dd96cd520,1,market,0.0,3,1,20,12,
597085,597086,597088,597088,closed,timeout,20092.5,20086.0,20092.75,20085.75,20072.5,20104.5,-6.5,-7.0,-7.5,-150.0,10.0,0.5,3.0,3.0,12.75,2024-09-09 13:42:00+00:00,2024-09-09 13:42:00+00:00,2024-09-09 13:45:00+00:00,2024-09-09 13:45:00+00:00,pullback_long_open_7b7dd96cd520,1,market,0.0,3,1,20,12,
597100,597101,597102,597102,closed,target,20099.5,20111.5,20099.75,20111.25,20079.5,20111.5,12.0,11.5,11.0,220.0,10.0,0.5,2.0,2.0,5.0,2024-09-09 13:57:00+00:00,2024-09-09 13:57:00+00:00,2024-09-09 13:59:00+00:00,2024-09-09 14:00:00+00:00,pullback_long_open_7b7dd96cd520,1,market,0.0,3,1,20,12,
597106,597107,597109,597109,closed,stop,20116.25,20096.25,20116.5,20096.0,20096.25,20128.25,-20.0,-20.5,-21.0,-420.0,10.0,0.5,3.0,3.0,22.0,2024-09-09 14:03:00+00:00,2024-09-09 14:03:00+00:00,2024-09-09 14:06:00+00:00,2024-09-09 14:06:00+00:00,pullback_long_open_7b7dd96cd520,1,market,0.0,3,1,20,12,
597112,597113,597114,597114,closed,target,20110.5,20122.5,20110.75,20122.25,20090.5,20122.5,12.0,11.5,11.0,220.0,10.0,0.5,2.0,2.0,4.0,2024-09-09 14:09:00+00:00,2024-09-09 14:09:00+00:00,2024-09-09 14:11:00+00:00,2024-09-09 14:12:00+00:00,pullback_long_open_7b7dd96cd520,1,market,0.0,3,1,20,12,
598469,598470,598470,598470,closed,target,20204.5,20216.5,20204.75,20216.25,20184.5,20216.5,12.0,11.5,11.0,220.0,10.0,0.5,1.0,1.0,0.75,2024-09-10 14:01:00+00:00,2024-09-10 14:01:00+00:00,2024-09-10 14:02:00+00:00,2024-09-10 14:04:00+00:00,pullback_long_open_7b7dd96cd520,1,market,0.0,3,1,20,12,
598470,598471,598473,598473,closed,timeout,20214.5,20211.25,20214.75,20211.0,20194.5,20226.5,-3.25,-3.75,-4.25,-85.0,10.0,0.5,3.0,3.0,15.0,2024-09-10 14:02:00+00:00,2024-09-10 14:02:00+00:00,2024-09-10 14:05:00+00:00,2024-09-10 14:05:00+00:00,pullback_long_open_7b7dd96cd520,1,market,0.0,3,1,20,12,
598503,598504,598504,598504,closed,target,20179.25,20191.25,20179.5,20191.0,20159.25,20191.25,12.0,11.5,11.0,220.0,10.0,0.5,1.0,1.0,2.25,2024-09-10 14:35:00+00:00,2024-09-10 14:35:00+00:00,2024-09-10 14:36:00+00:00,2024-09-10 14:38:00+00:00,pullback_long_open_7b7dd96cd520,1,market,0.0,3,1,20,12,
601208,601209,601209,601209,closed,target,20678.75,20690.75,20679.0,20690.5,20658.75,20690.75,12.0,11.5,11.0,220.0,10.0,0.5,1.0,1.0,6.0,2024-09-12 14:10:00+00:00,2024-09-12 14:10:00+00:00,2024-09-12 14:11:00+00:00,2024-09-12 14:13:00+00:00,pullback_long_open_7b7dd96cd520,1,market,0.0,3,1,20,12,
601225,601226,601228,601228,closed,timeout,20766.75,20770.25,20767.0,20770.0,20746.75,20778.75,3.5,3.0,2.5,50.0,10.0,0.5,3.0,3.0,10.0,2024-09-12 14:27:00+00:00,2024-09-12 14:27:00+00:00,2024-09-12 14:30:00+00:00,2024-09-12 14:30:00+00:00,pullback_long_open_7b7dd96cd520,1,market,0.0,3,1,20,12,
602542,602543,602543,602543,closed,target,20903.5,20915.5,20903.75,20915.25,20883.5,20915.5,12.0,11.5,11.0,220.0,10.0,0.5,1.0,1.0,5.0,2024-09-13 13:40:00+00:00,2024-09-13 13:40:00+00:00,2024-09-13 13:41:00+00:00,2024-09-13 13:43:00+00:00,pullback_long_open_7b7dd96cd520,1,market,0.0,3,1,20,12,
602550,602551,602553,602553,closed,stop,20918.0,20898.0,20918.25,20897.75,20898.0,20930.0,-20.0,-20.5,-21.0,-420.0,10.0,0.5,3.0,3.0,20.75,2024-09-13 13:48:00+00:00,2024-09-13 13:48:00+00:00,2024-09-13 13:51:00+00:00,2024-09-13 13:51:00+00:00,pullback_long_open_7b7dd96cd520,1,market,0.0,3,1,20,12,
602554,602555,602557,602557,closed,timeout,20916.5,20911.25,20916.75,20911.0,20896.5,20928.5,-5.25,-5.75,-6.25,-125.0,10.0,0.5,3.0,3.0,9.75,2024-09-13 13:52:00+00:00,2024-09-13 13:52:00+00:00,2024-09-13 13:55:00+00:00,2024-09-13 13:55:00+00:00,pullback_long_open_7b7dd96cd520,1,market,0.0,3,1,20,12,
602559,602560,602562,602562,closed,timeout,20910.5,20897.0,20910.75,20896.75,20890.5,20922.5,-13.5,-14.0,-14.5,-290.0,10.0,0.5,3.0,3.0,17.5,2024-09-13 13:57:00+00:00,2024-09-13 13:57:00+00:00,2024-09-13 14:00:00+00:00,2024-09-13 14:00:00+00:00,pullback_long_open_7b7dd96cd520,1,market,0.0,3,1,20,12,
602578,602579,602580,602580,closed,target,20934.25,20946.25,20934.5,20946.0,20914.25,20946.25,12.0,11.5,11.0,220.0,10.0,0.5,2.0,2.0,9.0,2024-09-13 14:16:00+00:00,2024-09-13 14:16:00+00:00,2024-09-13 14:18:00+00:00,2024-09-13 14:19:00+00:00,pullback_long_open_7b7dd96cd520,1,market,0.0,3,1,20,12,
602583,602584,602586,602586,closed,timeout,20937.75,20942.0,20938.0,20941.75,20917.75,20949.75,4.25,3.75,3.25,65.0,10.0,0.5,3.0,3.0,15.0,2024-09-13 14:21:00+00:00,2024-09-13 14:21:00+00:00,2024-09-13 14:24:00+00:00,2024-09-13 14:24:00+00:00,pullback_long_open_7b7dd96cd520,1,market,0.0,3,1,20,12,
602612,602613,602614,602614,closed,stop,20959.0,20939.0,20959.25,20938.75,20939.0,20971.0,-20.0,-20.5,-21.0,-420.0,10.0,0.5,2.0,2.0,32.75,2024-09-13 14:50:00+00:00,2024-09-13 14:50:00+00:00,2024-09-13 14:52:00+00:00,2024-09-13 14:53:00+00:00,pullback_long_open_7b7dd96cd520,1,market,0.0,3,1,20,12,
602618,602619,602620,602620,closed,stop,20948.0,20928.0,20948.25,20927.75,20928.0,20960.0,-20.0,-20.5,-21.0,-420.0,10.0,0.5,2.0,2.0,24.75,2024-09-13 14:56:00+00:00,2024-09-13 14:56:00+00:00,2024-09-13 14:58:00+00:00,2024-09-13 14:59:00+00:00,pullback_long_open_7b7dd96cd520,1,market,0.0,3,1,20,12,
603920,603921,603923,603923,closed,stop,20882.75,20862.75,20883.0,20862.5,20862.75,20894.75,-20.0,-20.5,-21.0,-420.0,10.0,0.5,3.0,3.0,43.5,2024-09-16 14:01:00+00:00,2024-09-16 14:01:00+00:00,2024-09-16 14:04:00+00:00,2024-09-16 14:04:00+00:00,pullback_long_open_7b7dd96cd520,1,market,0.0,3,1,20,12,
603930,603931,603933,603933,closed,timeout,20875.25,20884.75,20875.5,20884.5,20855.25,20887.25,9.5,9.0,8.5,170.0,10.0,0.5,3.0,3.0,14.0,2024-09-16 14:11:00+00:00,2024-09-16 14:11:00+00:00,2024-09-16 14:14:00+00:00,2024-09-16 14:14:00+00:00,pullback_long_open_7b7dd96cd520,1,market,0.0,3,1,20,12,
605299,605300,605302,605302,closed,timeout,20996.25,21001.0,20996.5,21000.75,20976.25,21008.25,4.75,4.25,3.75,75.0,10.0,0.5,3.0,3.0,7.5,2024-09-17 14:15:00+00:00,2024-09-17 14:15:00+00:00,2024-09-17 14:18:00+00:00,2024-09-17 14:18:00+00:00,pullback_long_open_7b7dd96cd520,1,market,0.0,3,1,20,12,
605302,605303,605305,605305,closed,stop,21000.0,20980.0,21000.25,20979.75,20980.0,21012.0,-20.0,-20.5,-21.0,-420.0,10.0,0.5,3.0,3.0,24.75,2024-09-17 14:18:00+00:00,2024-09-17 14:18:00+00:00,2024-09-17 14:21:00+00:00,2024-09-17 14:21:00+00:00,pullback_long_open_7b7dd96cd520,1,market,0.0,3,1,20,12,
605333,605334,605336,605336,closed,timeout,21037.0,21021.0,21037.25,21020.75,21017.0,21049.0,-16.0,-16.5,-17.0,-340.0,10.0,0.5,3.0,3.0,19.75,2024-09-17 14:49:00+00:00,2024-09-17 14:49:00+00:00,2024-09-17 14:52:00+00:00,2024-09-17 14:52:00+00:00,pullback_long_open_7b7dd96cd520,1,market,0.0,3,1,20,12,
605338,605339,605341,605341,closed,stop,21028.25,21008.25,21028.5,21008.0,21008.25,21040.25,-20.0,-20.5,-21.0,-420.0,10.0,0.5,3.0,3.0,25.5,2024-09-17 14:54:00+00:00,2024-09-17 14:54:00+00:00,2024-09-17 14:57:00+00:00,2024-09-17 14:57:00+00:00,pullback_long_open_7b7dd96cd520,1,market,0.0,3,1,20,12,
606694,606695,606697,606697,closed,timeout,20915.5,20913.75,20915.75,20913.5,20895.5,20927.5,-1.75,-2.25,-2.75,-55.0,10.0,0.5,3.0,3.0,4.75,2024-09-18 14:46:00+00:00,2024-09-18 14:46:00+00:00,2024-09-18 14:49:00+00:00,2024-09-18 14:49:00+00:00,pullback_long_open_7b7dd96cd520,1,market,0.0,3,1,20,12,
606703,606704,606706,606706,closed,timeout,20898.0,20885.25,20898.25,20885.0,20878.0,20910.0,-12.75,-13.25,-13.75,-275.0,10.0,0.5,3.0,3.0,19.75,2024-09-18 14:55:00+00:00,2024-09-18 14:55:00+00:00,2024-09-18 14:58:00+00:00,2024-09-18 14:58:00+00:00,pullback_long_open_7b7dd96cd520,1,market,0.0,3,1,20,12,
607985,607986,607988,607988,closed,timeout,21237.75,21223.0,21238.0,21222.75,21217.75,21249.75,-14.75,-15.25,-15.75,-315.0,10.0,0.5,3.0,3.0,18.0,2024-09-19 13:32:00+00:00,2024-09-19 13:32:00+00:00,2024-09-19 13:35:00+00:00,2024-09-19 13:35:00+00:00,pullback_long_open_7b7dd96cd520,1,market,0.0,3,1,20,12,
608024,608025,608025,608025,closed,target,21230.25,21242.25,21230.5,21242.0,21210.25,21242.25,12.0,11.5,11.0,220.0,10.0,0.5,1.0,1.0,8.25,2024-09-19 14:11:00+00:00,2024-09-19 14:11:00+00:00,2024-09-19 14:12:00+00:00,2024-09-19 14:14:00+00:00,pullback_long_open_7b7dd96cd520,1,market,0.0,3,1,20,12,
608052,608053,608055,608055,closed,stop,21331.0,21311.0,21331.25,21310.75,21311.0,21343.0,-20.0,-20.5,-21.0,-420.0,10.0,0.5,3.0,3.0,30.75,2024-09-19 14:39:00+00:00,2024-09-19 14:39:00+00:00,2024-09-19 14:42:00+00:00,2024-09-19 14:42:00+00:00,pullback_long_open_7b7dd96cd520,1,market,0.0,3,1,20,12,
608057,608058,608059,608059,closed,stop,21318.75,21298.75,21319.0,21298.5,21298.75,21330.75,-20.0,-20.5,-21.0,-420.0,10.0,0.5,2.0,2.0,31.5,2024-09-19 14:44:00+00:00,2024-09-19 14:44:00+00:00,2024-09-19 14:46:00+00:00,2024-09-19 14:47:00+00:00,pullback_long_open_7b7dd96cd520,1,market,0.0,3,1,20,12,
609350,609351,609351,609351,closed,target,21255.75,21267.75,21256.0,21267.5,21235.75,21267.75,12.0,11.5,11.0,220.0,10.0,0.5,1.0,1.0,4.75,2024-09-20 13:35:00+00:00,2024-09-20 13:35:00+00:00,2024-09-20 13:36:00+00:00,2024-09-20 13:38:00+00:00,pullback_long_open_7b7dd96cd520,1,market,0.0,3,1,20,12,
609358,609359,609359,609359,closed,target,21247.25,21259.25,21247.5,21259.0,21227.25,21259.25,12.0,11.5,11.0,220.0,10.0,0.5,1.0,1.0,6.5,2024-09-20 13:43:00+00:00,2024-09-20 13:43:00+00:00,2024-09-20 13:44:00+00:00,2024-09-20 13:46:00+00:00,pullback_long_open_7b7dd96cd520,1,market,0.0,3,1,20,12,
609359,609360,609361,609361,closed,stop,21261.75,21241.75,21262.0,21241.5,21241.75,21273.75,-20.0,-20.5,-21.0,-420.0,10.0,0.5,2.0,2.0,24.25,2024-09-20 13:44:00+00:00,2024-09-20 13:44:00+00:00,2024-09-20 13:46:00+00:00,2024-09-20 13:47:00+00:00,pullback_long_open_7b7dd96cd520,1,market,0.0,3,1,20,12,
609418,609419,609421,609421,closed,timeout,21194.5,21190.5,21194.75,21190.25,21174.5,21206.5,-4.0,-4.5,-5.0,-100.0,10.0,0.5,3.0,3.0,11.75,2024-09-20 14:43:00+00:00,2024-09-20 14:43:00+00:00,2024-09-20 14:46:00+00:00,2024-09-20 14:46:00+00:00,pullback_long_open_7b7dd96cd520,1,market,0.0,3,1,20,12,
610733,610734,610736,610736,closed,timeout,21286.0,21275.25,21286.25,21275.0,21266.0,21298.0,-10.75,-11.25,-11.75,-235.0,10.0,0.5,3.0,3.0,17.75,2024-09-23 13:53:00+00:00,2024-09-23 13:53:00+00:00,2024-09-23 13:56:00+00:00,2024-09-23 13:56:00+00:00,pullback_long_open_7b7dd96cd520,1,market,0.0,3,1,20,12,
610747,610748,610750,610750,closed,target,21283.0,21295.0,21283.25,21294.75,21263.0,21295.0,12.0,11.5,11.0,220.0,10.0,0.5,3.0,3.0,11.5,2024-09-23 14:07:00+00:00,2024-09-23 14:07:00+00:00,2024-09-23 14:10:00+00:00,2024-09-23 14:10:00+00:00,pullback_long_open_7b7dd96cd520,1,market,0.0,3,1,20,12,
610752,610753,610754,610754,closed,stop,21287.75,21267.75,21288.0,21267.5,21267.75,21299.75,-20.0,-20.5,-21.0,-420.0,10.0,0.5,2.0,2.0,24.75,2024-09-23 14:12:00+00:00,2024-09-23 14:12:00+00:00,2024-09-23 14:14:00+00:00,2024-09-23 14:15:00+00:00,pullback_long_open_7b7dd96cd520,1,market,0.0,3,1,20,12,
610777,610778,610780,610780,closed,stop,21287.0,21267.0,21287.25,21266.75,21267.0,21299.0,-20.0,-20.5,-21.0,-420.0,10.0,0.5,3.0,3.0,32.25,2024-09-23 14:37:00+00:00,2024-09-23 14:37:00+00:00,2024-09-23 14:40:00+00:00,2024-09-23 14:40:00+00:00,pullback_long_open_7b7dd96cd520,1,market,0.0,3,1,20,12,
610799,610800,610802,610802,closed,stop,21298.75,21278.75,21299.0,21278.5,21278.75,21310.75,-20.0,-20.5,-21.0,-420.0,10.0,0.5,3.0,3.0,24.75,2024-09-23 14:59:00+00:00,2024-09-23 14:59:00+00:00,2024-09-23 15:02:00+00:00,2024-09-23 15:02:00+00:00,pullback_long_open_7b7dd96cd520,1,market,0.0,3,1,20,12,
613450,613451,613452,613452,closed,stop,21385.25,21365.25,21385.5,21365.0,21365.25,21397.25,-20.0,-20.5,-21.0,-420.0,10.0,0.5,2.0,2.0,28.75,2024-09-25 13:40:00+00:00,2024-09-25 13:40:00+00:00,2024-09-25 13:42:00+00:00,2024-09-25 13:43:00+00:00,pullback_long_open_7b7dd96cd520,1,market,0.0,3,1,20,12,
613455,613456,613457,613457,closed,target,21374.75,21386.75,21375.0,21386.5,21354.75,21386.75,12.0,11.5,11.0,220.0,10.0,0.5,2.0,2.0,2.5,2024-09-25 13:45:00+00:00,2024-09-25 13:45:00+00:00,2024-09-25 13:47:00+00:00,2024-09-25 13:48:00+00:00,pullback_long_open_7b7dd96cd520,1,market,0.0,3,1,20,12,
613473,613474,613476,613476,closed,timeout,21435.25,21437.25,21435.5,21437.0,21415.25,21447.25,2.0,1.5,1.0,20.0,10.0,0.5,3.0,3.0,14.0,2024-09-25 14:03:00+00:00,2024-09-25 14:03:00+00:00,2024-09-25 14:06:00+00:00,2024-09-25 14:06:00+00:00,pullback_long_open_7b7dd96cd520,1,market,0.0,3,1,20,12,
617545,617546,617548,617548,closed,timeout,21440.0,21428.5,21440.25,21428.25,21420.0,21452.0,-11.5,-12.0,-12.5,-250.0,10.0,0.5,3.0,3.0,13.0,2024-09-30 13:40:00+00:00,2024-09-30 13:40:00+00:00,2024-09-30 13:43:00+00:00,2024-09-30 13:43:00+00:00,pullback_long_open_7b7dd96cd520,1,market,0.0,3,1,20,12,
617549,617550,617551,617551,closed,target,21436.0,21448.0,21436.25,21447.75,21416.0,21448.0,12.0,11.5,11.0,220.0,10.0,0.5,2.0,2.0,4.0,2024-09-30 13:44:00+00:00,2024-09-30 13:44:00+00:00,2024-09-30 13:46:00+00:00,2024-09-30 13:47:00+00:00,pullback_long_open_7b7dd96cd520,1,market,0.0,3,1,20,12,
617552,617553,617553,617553,closed,target,21442.5,21454.5,21442.75,21454.25,21422.5,21454.5,12.0,11.5,11.0,220.0,10.0,0.5,1.0,1.0,0.25,2024-09-30 13:47:00+00:00,2024-09-30 13:47:00+00:00,2024-09-30 13:48:00+00:00,2024-09-30 13:50:00+00:00,pullback_long_open_7b7dd96cd520,1,market,0.0,3,1,20,12,
617553,617554,617556,617556,closed,timeout,21449.75,21448.0,21450.0,21447.75,21429.75,21461.75,-1.75,-2.25,-2.75,-55.0,10.0,0.5,3.0,3.0,14.25,2024-09-30 13:48:00+00:00,2024-09-30 13:48:00+00:00,2024-09-30 13:51:00+00:00,2024-09-30 13:51:00+00:00,pullback_long_open_7b7dd96cd520,1,market,0.0,3,1,20,12,
617605,617606,617608,617608,closed,stop,21392.0,21372.0,21392.25,21371.75,21372.0,21404.0,-20.0,-20.5,-21.0,-420.0,10.0,0.5,3.0,3.0,21.0,2024-09-30 14:40:00+00:00,2024-09-30 14:40:00+00:00,2024-09-30 14:43:00+00:00,2024-09-30 14:43:00+00:00,pullback_long_open_7b7dd96cd520,1,market,0.0,3,1,20,12,
617611,617612,617614,617614,closed,stop,21382.5,21362.5,21382.75,21362.25,21362.5,21394.5,-20.0,-20.5,-21.0,-420.0,10.0,0.5,3.0,3.0,22.0,2024-09-30 14:46:00+00:00,2024-09-30 14:46:00+00:00,2024-09-30 14:49:00+00:00,2024-09-30 14:49:00+00:00,pullback_long_open_7b7dd96cd520,1,market,0.0,3,1,20,12,
618986,618987,618989,618989,closed,timeout,21128.0,21129.0,21128.25,21128.75,21108.0,21140.0,1.0,0.5,0.0,0.0,10.0,0.5,3.0,3.0,16.5,2024-10-01 14:56:00+00:00,2024-10-01 14:56:00+00:00,2024-10-01 14:59:00+00:00,2024-10-01 14:59:00+00:00,pullback_long_open_7b7dd96cd520,1,market,0.0,3,1,20,12,
620304,620305,620306,620306,closed,target,21152.25,21164.25,21152.5,21164.0,21132.25,21164.25,12.0,11.5,11.0,220.0,10.0,0.5,2.0,2.0,11.25,2024-10-02 14:09:00+00:00,2024-10-02 14:09:00+00:00,2024-10-02 14:11:00+00:00,2024-10-02 14:12:00+00:00,pullback_long_open_7b7dd96cd520,1,market,0.0,3,1,20,12,
620321,620322,620323,620323,closed,target,21170.75,21182.75,21171.0,21182.5,21150.75,21182.75,12.0,11.5,11.0,220.0,10.0,0.5,2.0,2.0,2.25,2024-10-02 14:26:00+00:00,2024-10-02 14:26:00+00:00,2024-10-02 14:28:00+00:00,2024-10-02 14:29:00+00:00,pullback_long_open_7b7dd96cd520,1,market,0.0,3,1,20,12,
620331,620332,620334,620334,closed,stop,21209.25,21189.25,21209.5,21189.0,21189.25,21221.25,-20.0,-20.5,-21.0,-420.0,10.0,0.5,3.0,3.0,21.25,2024-10-02 14:36:00+00:00,2024-10-02 14:36:00+00:00,2024-10-02 14:39:00+00:00,2024-10-02 14:39:00+00:00,pullback_long_open_7b7dd96cd520,1,market,0.0,3,1,20,12,
620341,620342,620344,620344,closed,timeout,21216.0,21220.0,21216.25,21219.75,21196.0,21228.0,4.0,3.5,3.0,60.0,10.0,0.5,3.0,3.0,12.25,2024-10-02 14:46:00+00:00,2024-10-02 14:46:00+00:00,2024-10-02 14:49:00+00:00,2024-10-02 14:49:00+00:00,pullback_long_open_7b7dd96cd520,1,market,0.0,3,1,20,12,
621711,621712,621712,621712,closed,target,21192.25,21204.25,21192.5,21204.0,21172.25,21204.25,12.0,11.5,11.0,220.0,10.0,0.5,1.0,1.0,1.5,2024-10-03 14:51:00+00:00,2024-10-03 14:51:00+00:00,2024-10-03 14:52:00+00:00,2024-10-03 14:54:00+00:00,pullback_long_open_7b7dd96cd520,1,market,0.0,3,1,20,12,
623069,623070,623070,623070,closed,target,21277.75,21289.75,21278.0,21289.5,21257.75,21289.75,12.0,11.5,11.0,220.0,10.0,0.5,1.0,1.0,0.5,2024-10-04 14:44:00+00:00,2024-10-04 14:44:00+00:00,2024-10-04 14:45:00+00:00,2024-10-04 14:47:00+00:00,pullback_long_open_7b7dd96cd520,1,market,0.0,3,1,20,12,
623074,623075,623076,623076,closed,target,21286.5,21298.5,21286.75,21298.25,21266.5,21298.5,12.0,11.5,11.0,220.0,10.0,0.5,2.0,2.0,2.0,2024-10-04 14:49:00+00:00,2024-10-04 14:49:00+00:00,2024-10-04 14:51:00+00:00,2024-10-04 14:52:00+00:00,pullback_long_open_7b7dd96cd520,1,market,0.0,3,1,20,12,
623084,623085,623085,623085,closed,target,21311.0,21323.0,21311.25,21322.75,21291.0,21323.0,12.0,11.5,11.0,220.0,10.0,0.5,1.0,1.0,1.25,2024-10-04 14:59:00+00:00,2024-10-04 14:59:00+00:00,2024-10-04 15:00:00+00:00,2024-10-04 15:02:00+00:00,pullback_long_open_7b7dd96cd520,1,market,0.0,3,1,20,12,
624362,624363,624363,624363,closed,stop,21348.75,21328.75,21349.0,21328.5,21328.75,21360.75,-20.0,-20.5,-21.0,-420.0,10.0,0.5,1.0,1.0,29.75,2024-10-07 13:32:00+00:00,2024-10-07 13:32:00+00:00,2024-10-07 13:33:00+00:00,2024-10-07 13:35:00+00:00,pullback_long_open_7b7dd96cd520,1,market,0.0,3,1,20,12,
624365,624366,624366,624366,closed,stop,21349.25,21329.25,21349.5,21329.0,21329.25,21361.25,-20.0,-20.5,-21.0,-420.0,10.0,0.5,1.0,1.0,21.5,2024-10-07 13:35:00+00:00,2024-10-07 13:35:00+00:00,2024-10-07 13:36:00+00:00,2024-10-07 13:38:00+00:00,pullback_long_open_7b7dd96cd520,1,market,0.0,3,1,20,12,
624413,624414,624415,624415,closed,target,21358.5,21370.5,21358.75,21370.25,21338.5,21370.5,12.0,11.5,11.0,220.0,10.0,0.5,2.0,2.0,7.0,2024-10-07 14:23:00+00:00,2024-10-07 14:23:00+00:00,2024-10-07 14:25:00+00:00,2024-10-07 14:26:00+00:00,pullback_long_open_7b7dd96cd520,1,market,0.0,3,1,20,12,
624417,624418,624419,624419,closed,target,21366.25,21378.25,21366.5,21378.0,21346.25,21378.25,12.0,11.5,11.0,220.0,10.0,0.5,2.0,2.0,4.25,2024-10-07 14:27:00+00:00,2024-10-07 14:27:00+00:00,2024-10-07 14:29:00+00:00,2024-10-07 14:30:00+00:00,pullback_long_open_7b7dd96cd520,1,market,0.0,3,1,20,12,
624425,624426,624428,624428,closed,timeout,21371.75,21366.75,21372.0,21366.5,21351.75,21383.75,-5.0,-5.5,-6.0,-120.0,10.0,0.5,3.0,3.0,13.25,2024-10-07 14:35:00+00:00,2024-10-07 14:35:00+00:00,2024-10-07 14:38:00+00:00,2024-10-07 14:38:00+00:00,pullback_long_open_7b7dd96cd520,1,market,0.0,3,1,20,12,
625731,625732,625732,625732,closed,target,21292.0,21304.0,21292.25,21303.75,21272.0,21304.0,12.0,11.5,11.0,220.0,10.0,0.5,1.0,1.0,0.25,2024-10-08 13:36:00+00:00,2024-10-08 13:36:00+00:00,2024-10-08 13:37:00+00:00,2024-10-08 13:39:00+00:00,pullback_long_open_7b7dd96cd520,1,market,0.0,3,1,20,12,
625733,625734,625735,625735,closed,stop,21303.25,21283.25,21303.5,21283.0,21283.25,21315.25,-20.0,-20.5,-21.0,-420.0,10.0,0.5,2.0,2.0,21.5,2024-10-08 13:38:00+00:00,2024-10-08 13:38:00+00:00,2024-10-08 13:40:00+00:00,2024-10-08 13:41:00+00:00,pullback_long_open_7b7dd96cd520,1,market,0.0,3,1,20,12,
625738,625739,625739,625739,closed,stop,21305.0,21285.0,21305.25,21284.75,21285.0,21317.0,-20.0,-20.5,-21.0,-420.0,10.0,0.5,1.0,1.0,22.25,2024-10-08 13:43:00+00:00,2024-10-08 13:43:00+00:00,2024-10-08 13:44:00+00:00,2024-10-08 13:46:00+00:00,pullback_long_open_7b7dd96cd520,1,market,0.0,3,1,20,12,
625761,625762,625764,625764,closed,stop,21391.25,21371.25,21391.5,21371.0,21371.25,21403.25,-20.0,-20.5,-21.0,-420.0,10.0,0.5,3.0,3.0,20.25,2024-10-08 14:06:00+00:00,2024-10-08 14:06:00+00:00,2024-10-08 14:09:00+00:00,2024-10-08 14:09:00+00:00,pullback_long_open_7b7dd96cd520,1,market,0.0,3,1,20,12,
625764,625765,625766,625766,closed,target,21384.75,21396.75,21385.0,21396.5,21364.75,21396.75,12.0,11.5,11.0,220.0,10.0,0.5,2.0,2.0,4.5,2024-10-08 14:09:00+00:00,2024-10-08 14:09:00+00:00,2024-10-08 14:11:00+00:00,2024-10-08 14:12:00+00:00,pullback_long_open_7b7dd96cd520,1,market,0.0,3,1,20,12,
625767,625768,625770,625770,closed,timeout,21386.25,21380.75,21386.5,21380.5,21366.25,21398.25,-5.5,-6.0,-6.5,-130.0,10.0,0.5,3.0,3.0,12.5,2024-10-08 14:12:00+00:00,2024-10-08 14:12:00+00:00,2024-10-08 14:15:00+00:00,2024-10-08 14:15:00+00:00,pullback_long_open_7b7dd96cd520,1,market,0.0,3,1,20,12,
625772,625773,625775,625775,closed,timeout,21380.25,21377.25,21380.5,21377.0,21360.25,21392.25,-3.0,-3.5,-4.0,-80.0,10.0,0.5,3.0,3.0,16.0,2024-10-08 14:17:00+00:00,2024-10-08 14:17:00+00:00,2024-10-08 14:20:00+00:00,2024-10-08 14:20:00+00:00,pullback_long_open_7b7dd96cd520,1,market,0.0,3,1,20,12,
625794,625795,625797,625797,closed,timeout,21401.0,21399.25,21401.25,21399.0,21381.0,21413.0,-1.75,-2.25,-2.75,-55.0,10.0,0.5,3.0,3.0,8.75,2024-10-08 14:39:00+00:00,2024-10-08 14:39:00+00:00,2024-10-08 14:42:00+00:00,2024-10-08 14:42:00+00:00,pullback_long_open_7b7dd96cd520,1,market,0.0,3,1,20,12,
625808,625809,625811,625811,closed,timeout,21450.0,21442.75,21450.25,21442.5,21430.0,21462.0,-7.25,-7.75,-8.25,-165.0,10.0,0.5,3.0,3.0,18.0,2024-10-08 14:53:00+00:00,2024-10-08 14:53:00+00:00,2024-10-08 14:56:00+00:00,2024-10-08 14:56:00+00:00,pullback_long_open_7b7dd96cd520,1,market,0.0,3,1,20,12,
625811,625812,625814,625814,closed,timeout,21442.75,21445.5,21443.0,21445.25,21422.75,21454.75,2.75,2.25,1.75,35.0,10.0,0.5,3.0,3.0,15.5,2024-10-08 14:56:00+00:00,2024-10-08 14:56:00+00:00,2024-10-08 14:59:00+00:00,2024-10-08 14:59:00+00:00,pullback_long_open_7b7dd96cd520,1,market,0.0,3,1,20,12,
625814,625815,625817,625817,closed,timeout,21445.5,21445.5,21445.75,21445.25,21425.5,21457.5,0.0,-0.5,-1.0,-20.0,10.0,0.5,3.0,3.0,11.0,2024-10-08 14:59:00+00:00,2024-10-08 14:59:00+00:00,2024-10-08 15:02:00+00:00,2024-10-08 15:02:00+00:00,pullback_long_open_7b7dd96cd520,1,market,0.0,3,1,20,12,
627130,627131,627131,627131,closed,target,21483.25,21495.25,21483.5,21495.0,21463.25,21495.25,12.0,11.5,11.0,220.0,10.0,0.5,1.0,1.0,0.75,2024-10-09 14:10:00+00:00,2024-10-09 14:10:00+00:00,2024-10-09 14:11:00+00:00,2024-10-09 14:13:00+00:00,pullback_long_open_7b7dd96cd520,1,market,0.0,3,1,20,12,
627131,627132,627132,627132,closed,target,21489.25,21501.25,21489.5,21501.0,21469.25,21501.25,12.0,11.5,11.0,220.0,10.0,0.5,1.0,1.0,1.0,2024-10-09 14:11:00+00:00,2024-10-09 14:11:00+00:00,2024-10-09 14:12:00+00:00,2024-10-09 14:14:00+00:00,pullback_long_open_7b7dd96cd520,1,market,0.0,3,1,20,12,
627143,627144,627146,627146,closed,timeout,21522.5,21531.25,21522.75,21531.0,21502.5,21534.5,8.75,8.25,7.75,155.0,10.0,0.5,3.0,3.0,1.25,2024-10-09 14:23:00+00:00,2024-10-09 14:23:00+00:00,2024-10-09 14:26:00+00:00,2024-10-09 14:26:00+00:00,pullback_long_open_7b7dd96cd520,1,market,0.0,3,1,20,12,
627159,627160,627162,627162,closed,timeout,21540.0,21544.5,21540.25,21544.25,21520.0,21552.0,4.5,4.0,3.5,70.0,10.0,0.5,3.0,3.0,6.75,2024-10-09 14:39:00+00:00,2024-10-09 14:39:00+00:00,2024-10-09 14:42:00+00:00,2024-10-09 14:42:00+00:00,pullback_long_open_7b7dd96cd520,1,market,0.0,3,1,20,12,
627162,627163,627164,627164,closed,stop,21544.5,21524.5,21544.75,21524.25,21524.5,21556.5,-20.0,-20.5,-21.0,-420.0,10.0,0.5,2.0,2.0,22.0,2024-10-09 14:42:00+00:00,2024-10-09 14:42:00+00:00,2024-10-09 14:44:00+00:00,2024-10-09 14:45:00+00:00,pullback_long_open_7b7dd96cd520,1,market,0.0,3,1,20,12,
628494,628495,628496,628496,closed,target,21580.0,21592.0,21580.25,21591.75,21560.0,21592.0,12.0,11.5,11.0,220.0,10.0,0.5,2.0,2.0,3.5,2024-10-10 14:09:00+00:00,2024-10-10 14:09:00+00:00,2024-10-10 14:11:00+00:00,2024-10-10 14:12:00+00:00,pullback_long_open_7b7dd96cd520,1,market,0.0,3,1,20,12,
628500,628501,628502,628502,closed,target,21600.0,21612.0,21600.25,21611.75,21580.0,21612.0,12.0,11.5,11.0,220.0,10.0,0.5,2.0,2.0,1.25,2024-10-10 14:15:00+00:00,2024-10-10 14:15:00+00:00,2024-10-10 14:17:00+00:00,2024-10-10 14:18:00+00:00,pullback_long_open_7b7dd96cd520,1,market,0.0,3,1,20,12,
629852,629853,629853,629853,closed,target,21550.75,21562.75,21551.0,21562.5,21530.75,21562.75,12.0,11.5,11.0,220.0,10.0,0.5,1.0,1.0,2.5,2024-10-11 14:02:00+00:00,2024-10-11 14:02:00+00:00,2024-10-11 14:03:00+00:00,2024-10-11 14:05:00+00:00,pullback_long_open_7b7dd96cd520,1,market,0.0,3,1,20,12,
629855,629856,629857,629857,closed,target,21559.5,21571.5,21559.75,21571.25,21539.5,21571.5,12.0,11.5,11.0,220.0,10.0,0.5,2.0,2.0,6.75,2024-10-11 14:05:00+00:00,2024-10-11 14:05:00+00:00,2024-10-11 14:07:00+00:00,2024-10-11 14:08:00+00:00,pullback_long_open_7b7dd96cd520,1,market,0.0,3,1,20,12,
629873,629874,629876,629876,closed,target,21644.0,21656.0,21644.25,21655.75,21624.0,21656.0,12.0,11.5,11.0,220.0,10.0,0.5,3.0,3.0,7.0,2024-10-11 14:23:00+00:00,2024-10-11 14:23:00+00:00,2024-10-11 14:26:00+00:00,2024-10-11 14:26:00+00:00,pullback_long_open_7b7dd96cd520,1,market,0.0,3,1,20,12,
629881,629882,629884,629884,closed,timeout,21664.0,21656.75,21664.25,21656.5,21644.0,21676.0,-7.25,-7.75,-8.25,-165.0,10.0,0.5,3.0,3.0,18.0,2024-10-11 14:31:00+00:00,2024-10-11 14:31:00+00:00,2024-10-11 14:34:00+00:00,2024-10-11 14:34:00+00:00,pullback_long_open_7b7dd96cd520,1,market,0.0,3,1,20,12,
629890,629891,629893,629893,closed,timeout,21669.25,21655.25,21669.5,21655.0,21649.25,21681.25,-14.0,-14.5,-15.0,-300.0,10.0,0.5,3.0,3.0,15.0,2024-10-11 14:40:00+00:00,2024-10-11 14:40:00+00:00,2024-10-11 14:43:00+00:00,2024-10-11 14:43:00+00:00,pullback_long_open_7b7dd96cd520,1,market,0.0,3,1,20,12,
631196,631197,631199,631199,closed,target,21785.5,21797.5,21785.75,21797.25,21765.5,21797.5,12.0,11.5,11.0,220.0,10.0,0.5,3.0,3.0,7.75,2024-10-14 13:41:00+00:00,2024-10-14 13:41:00+00:00,2024-10-14 13:44:00+00:00,2024-10-14 13:44:00+00:00,pullback_long_open_7b7dd96cd520,1,market,0.0,3,1,20,12,
631211,631212,631212,631212,closed,target,21837.5,21849.5,21837.75,21849.25,21817.5,21849.5,12.0,11.5,11.0,220.0,10.0,0.5,1.0,1.0,0.75,2024-10-14 13:56:00+00:00,2024-10-14 13:56:00+00:00,2024-10-14 13:57:00+00:00,2024-10-14 13:59:00+00:00,pullback_long_open_7b7dd96cd520,1,market,0.0,3,1,20,12,
631224,631225,631226,631226,closed,stop,21849.25,21829.25,21849.5,21829.0,21829.25,21861.25,-20.0,-20.5,-21.0,-420.0,10.0,0.5,2.0,2.0,21.75,2024-10-14 14:09:00+00:00,2024-10-14 14:09:00+00:00,2024-10-14 14:11:00+00:00,2024-10-14 14:12:00+00:00,pullback_long_open_7b7dd96cd520,1,market,0.0,3,1,20,12,
631259,631260,631262,631262,closed,timeout,21836.75,21826.0,21837.0,21825.75,21816.75,21848.75,-10.75,-11.25,-11.75,-235.0,10.0,0.5,3.0,3.0,20.0,2024-10-14 14:44:00+00:00,2024-10-14 14:44:00+00:00,2024-10-14 14:47:00+00:00,2024-10-14 14:47:00+00:00,pullback_long_open_7b7dd96cd520,1,market,0.0,3,1,20,12,
633963,633964,633966,633966,closed,timeout,21499.0,21503.0,21499.25,21502.75,21479.0,21511.0,4.0,3.5,3.0,60.0,10.0,0.5,3.0,3.0,19.0,2024-10-16 14:18:00+00:00,2024-10-16 14:18:00+00:00,2024-10-16 14:21:00+00:00,2024-10-16 14:21:00+00:00,pullback_long_open_7b7dd96cd520,1,market,0.0,3,1,20,12,
633976,633977,633977,633977,closed,stop,21539.25,21519.25,21539.5,21519.0,21519.25,21551.25,-20.0,-20.5,-21.0,-420.0,10.0,0.5,1.0,1.0,21.0,2024-10-16 14:31:00+00:00,2024-10-16 14:31:00+00:00,2024-10-16 14:32:00+00:00,2024-10-16 14:34:00+00:00,pullback_long_open_7b7dd96cd520,1,market,0.0,3,1,20,12,
633978,633979,633981,633981,closed,timeout,21526.75,21513.5,21527.0,21513.25,21506.75,21538.75,-13.25,-13.75,-14.25,-285.0,10.0,0.5,3.0,3.0,17.5,2024-10-16 14:33:00+00:00,2024-10-16 14:33:00+00:00,2024-10-16 14:36:00+00:00,2024-10-16 14:36:00+00:00,pullback_long_open_7b7dd96cd520,1,market,0.0,3,1,20,12,
635339,635340,635342,635342,closed,timeout,21641.5,21647.0,21641.75,21646.75,21621.5,21653.5,5.5,5.0,4.5,90.0,10.0,0.5,3.0,3.0,15.25,2024-10-17 14:30:00+00:00,2024-10-17 14:30:00+00:00,2024-10-17 14:33:00+00:00,2024-10-17 14:33:00+00:00,pullback_long_open_7b7dd96cd520,1,market,0.0,3,1,20,12,
635342,635343,635345,635345,closed,timeout,21646.5,21629.5,21646.75,21629.25,21626.5,21658.5,-17.0,-17.5,-18.0,-360.0,10.0,0.5,3.0,3.0,18.75,2024-10-17 14:33:00+00:00,2024-10-17 14:33:00+00:00,2024-10-17 14:36:00+00:00,2024-10-17 14:36:00+00:00,pullback_long_open_7b7dd96cd520,1,market,0.0,3,1,20,12,
636687,636688,636688,636688,closed,stop,21708.25,21688.25,21708.5,21688.0,21688.25,21720.25,-20.0,-20.5,-21.0,-420.0,10.0,0.5,1.0,1.0,23.25,2024-10-18 14:13:00+00:00,2024-10-18 14:13:00+00:00,2024-10-18 14:14:00+00:00,2024-10-18 14:16:00+00:00,pullback_long_open_7b7dd96cd520,1,market,0.0,3,1,20,12,
638013,638014,638015,638015,closed,target,21642.5,21654.5,21642.75,21654.25,21622.5,21654.5,12.0,11.5,11.0,220.0,10.0,0.5,2.0,2.0,6.25,2024-10-21 13:34:00+00:00,2024-10-21 13:34:00+00:00,2024-10-21 13:36:00+00:00,2024-10-21 13:37:00+00:00,pullback_long_open_7b7dd96cd520,1,market,0.0,3,1,20,12,
638015,638016,638016,638016,closed,target,21653.0,21665.0,21653.25,21664.75,21633.0,21665.0,12.0,11.5,11.0,220.0,10.0,0.5,1.0,1.0,1.75,2024-10-21 13:36:00+00:00,2024-10-21 13:36:00+00:00,2024-10-21 13:37:00+00:00,2024-10-21 13:39:00+00:00,pullback_long_open_7b7dd96cd520,1,market,0.0,3,1,20,12,
638022,638023,638024,638024,closed,target,21663.75,21675.75,21664.0,21675.5,21643.75,21675.75,12.0,11.5,11.0,220.0,10.0,0.5,2.0,2.0,10.5,2024-10-21 13:43:00+00:00,2024-10-21 13:43:00+00:00,2024-10-21 13:45:00+00:00,2024-10-21 13:46:00+00:00,pullback_long_open_7b7dd96cd520,1,market,0.0,3,1,20,12,
638032,638033,638033,638033,closed,target,21679.5,21691.5,21679.75,21691.25,21659.5,21691.5,12.0,11.5,11.0,220.0,10.0,0.5,1.0,1.0,0.25,2024-10-21 13:53:00+00:00,2024-10-21 13:53:00+00:00,2024-10-21 13:54:00+00:00,2024-10-21 13:56:00+00:00,pullback_long_open_7b7dd96cd520,1,market,0.0,3,1,20,12,
639377,639378,639379,639379,closed,target,21608.5,21620.5,21608.75,21620.25,21588.5,21620.5,12.0,11.5,11.0,220.0,10.0,0.5,2.0,2.0,18.75,2024-10-22 13:34:00+00:00,2024-10-22 13:34:00+00:00,2024-10-22 13:36:00+00:00,2024-10-22 13:37:00+00:00,pullback_long_open_7b7dd96cd520,1,market,0.0,3,1,20,12,
639397,639398,639398,639398,closed,target,21643.25,21655.25,21643.5,21655.0,21623.25,21655.25,12.0,11.5,11.0,220.0,10.0,0.5,1.0,1.0,0.25,2024-10-22 13:54:00+00:00,2024-10-22 13:54:00+00:00,2024-10-22 13:55:00+00:00,2024-10-22 13:57:00+00:00,pullback_long_open_7b7dd96cd520,1,market,0.0,3,1,20,12,
639401,639402,639404,639404,closed,target,21652.75,21664.75,21653.0,21664.5,21632.75,21664.75,12.0,11.5,11.0,220.0,10.0,0.5,3.0,3.0,9.5,2024-10-22 13:58:00+00:00,2024-10-22 13:58:00+00:00,2024-10-22 14:01:00+00:00,2024-10-22 14:01:00+00:00,pullback_long_open_7b7dd96cd520,1,market,0.0,3,1,20,12,
639417,639418,639418,639418,closed,target,21688.0,21700.0,21688.25,21699.75,21668.0,21700.0,12.0,11.5,11.0,220.0,10.0,0.5,1.0,1.0,0.5,2024-10-22 14:14:00+00:00,2024-10-22 14:14:00+00:00,2024-10-22 14:15:00+00:00,2024-10-22 14:17:00+00:00,pullback_long_open_7b7dd96cd520,1,market,0.0,3,1,20,12,
639427,639428,639430,639430,closed,timeout,21689.0,21689.25,21689.25,21689.0,21669.0,21701.0,0.25,-0.25,-0.75,-15.0,10.0,0.5,3.0,3.0,10.5,2024-10-22 14:24:00+00:00,2024-10-22 14:24:00+00:00,2024-10-22 14:27:00+00:00,2024-10-22 14:27:00+00:00,pullback_long_open_7b7dd96cd520,1,market,0.0,3,1,20,12,
640763,640764,640766,640766,closed,target,21631.5,21643.5,21631.75,21643.25,21611.5,21643.5,12.0,11.5,11.0,220.0,10.0,0.5,3.0,3.0,7.0,2024-10-23 13:55:00+00:00,2024-10-23 13:55:00+00:00,2024-10-23 13:58:00+00:00,2024-10-23 13:58:00+00:00,pullback_long_open_7b7dd96cd520,1,market,0.0,3,1,20,12,
640795,640796,640796,640796,closed,target,21583.0,21595.0,21583.25,21594.75,21563.0,21595.0,12.0,11.5,11.0,220.0,10.0,0.5,1.0,1.0,2.0,2024-10-23 14:27:00+00:00,2024-10-23 14:27:00+00:00,2024-10-23 14:28:00+00:00,2024-10-23 14:30:00+00:00,pullback_long_open_7b7dd96cd520,1,market,0.0,3,1,20,12,
640808,640809,640811,640811,closed,timeout,21631.0,21629.5,21631.25,21629.25,21611.0,21643.0,-1.5,-2.0,-2.5,-50.0,10.0,0.5,3.0,3.0,8.25,2024-10-23 14:40:00+00:00,2024-10-23 14:40:00+00:00,2024-10-23 14:43:00+00:00,2024-10-23 14:43:00+00:00,pullback_long_open_7b7dd96cd520,1,market,0.0,3,1,20,12,
642144,642145,642146,642146,closed,target,21543.25,21555.25,21543.5,21555.0,21523.25,21555.25,12.0,11.5,11.0,220.0,10.0,0.5,2.0,2.0,2.25,2024-10-24 14:11:00+00:00,2024-10-24 14:11:00+00:00,2024-10-24 14:13:00+00:00,2024-10-24 14:14:00+00:00,pullback_long_open_7b7dd96cd520,1,market,0.0,3,1,20,12,
642176,642177,642179,642179,closed,stop,21564.0,21544.0,21564.25,21543.75,21544.0,21576.0,-20.0,-20.5,-21.0,-420.0,10.0,0.5,3.0,3.0,29.0,2024-10-24 14:43:00+00:00,2024-10-24 14:43:00+00:00,2024-10-24 14:46:00+00:00,2024-10-24 14:46:00+00:00,pullback_long_open_7b7dd96cd520,1,market,0.0,3,1,20,12,
642180,642181,642183,642183,closed,timeout,21549.25,21536.0,21549.5,21535.75,21529.25,21561.25,-13.25,-13.75,-14.25,-285.0,10.0,0.5,3.0,3.0,19.75,2024-10-24 14:47:00+00:00,2024-10-24 14:47:00+00:00,2024-10-24 14:50:00+00:00,2024-10-24 14:50:00+00:00,pullback_long_open_7b7dd96cd520,1,market,0.0,3,1,20,12,
643470,643471,643471,643471,closed,target,21720.5,21732.5,21720.75,21732.25,21700.5,21732.5,12.0,11.5,11.0,220.0,10.0,0.5,1.0,1.0,0.75,2024-10-25 13:32:00+00:00,2024-10-25 13:32:00+00:00,2024-10-25 13:33:00+00:00,2024-10-25 13:35:00+00:00,pullback_long_open_7b7dd96cd520,1,market,0.0,3,1,20,12,
643477,643478,643479,643479,closed,target,21751.0,21763.0,21751.25,21762.75,21731.0,21763.0,12.0,11.5,11.0,220.0,10.0,0.5,2.0,2.0,7.25,2024-10-25 13:39:00+00:00,2024-10-25 13:39:00+00:00,2024-10-25 13:41:00+00:00,2024-10-25 13:42:00+00:00,pullback_long_open_7b7dd96cd520,1,market,0.0,3,1,20,12,
643480,643481,643481,643481,closed,target,21750.5,21762.5,21750.75,21762.25,21730.5,21762.5,12.0,11.5,11.0,220.0,10.0,0.5,1.0,1.0,4.0,2024-10-25 13:42:00+00:00,2024-10-25 13:42:00+00:00,2024-10-25 13:43:00+00:00,2024-10-25 13:45:00+00:00,pullback_long_open_7b7dd96cd520,1,market,0.0,3,1,20,12,
643488,643489,643491,643491,closed,timeout,21813.25,21815.0,21813.5,21814.75,21793.25,21825.25,1.75,1.25,0.75,15.0,10.0,0.5,3.0,3.0,2.75,2024-10-25 13:50:00+00:00,2024-10-25 13:50:00+00:00,2024-10-25 13:53:00+00:00,2024-10-25 13:53:00+00:00,pullback_long_open_7b7dd96cd520,1,market,0.0,3,1,20,12,
643503,643504,643504,643504,closed,stop,21876.75,21856.75,21877.0,21856.5,21856.75,21888.75,-20.0,-20.5,-21.0,-420.0,10.0,0.5,1.0,1.0,23.75,2024-10-25 14:05:00+00:00,2024-10-25 14:05:00+00:00,2024-10-25 14:06:00+00:00,2024-10-25 14:08:00+00:00,pullback_long_open_7b7dd96cd520,1,market,0.0,3,1,20,12,
643506,643507,643509,643509,closed,timeout,21870.0,21879.0,21870.25,21878.75,21850.0,21882.0,9.0,8.5,8.0,160.0,10.0,0.5,3.0,3.0,10.25,2024-10-25 14:08:00+00:00,2024-10-25 14:08:00+00:00,2024-10-25 14:11:00+00:00,2024-10-25 14:11:00+00:00,pullback_long_open_7b7dd96cd520,1,market,0.0,3,1,20,12,
643512,643513,643515,643515,closed,timeout,21858.0,21861.75,21858.25,21861.5,21838.0,21870.0,3.75,3.25,2.75,55.0,10.0,0.5,3.0,3.0,16.0,2024-10-25 14:14:00+00:00,2024-10-25 14:14:00+00:00,2024-10-25 14:17:00+00:00,2024-10-25 14:17:00+00:00,pullback_long_open_7b7dd96cd520,1,market,0.0,3,1,20,12,
643527,643528,643530,643530,closed,timeout,21895.0,21890.75,21895.25,21890.5,21875.0,21907.0,-4.25,-4.75,-5.25,-105.0,10.0,0.5,3.0,3.0,10.25,2024-10-25 14:29:00+00:00,2024-10-25 14:29:00+00:00,2024-10-25 14:32:00+00:00,2024-10-25 14:32:00+00:00,pullback_long_open_7b7dd96cd520,1,market,0.0,3,1,20,12,
643538,643539,643539,643539,closed,target,21877.0,21889.0,21877.25,21888.75,21857.0,21889.0,12.0,11.5,11.0,220.0,10.0,0.5,1.0,1.0,0.75,2024-10-25 14:40:00+00:00,2024-10-25 14:40:00+00:00,2024-10-25 14:41:00+00:00,2024-10-25 14:43:00+00:00,pullback_long_open_7b7dd96cd520,1,market,0.0,3,1,20,12,
644876,644877,644879,644879,closed,timeout,21777.5,21777.25,21777.75,21777.0,21757.5,21789.5,-0.25,-0.75,-1.25,-25.0,10.0,0.5,3.0,3.0,4.5,2024-10-28 14:13:00+00:00,2024-10-28 14:13:00+00:00,2024-10-28 14:16:00+00:00,2024-10-28 14:16:00+00:00,pullback_long_open_7b7dd96cd520,1,market,0.0,3,1,20,12,
644887,644888,644890,644890,closed,timeout,21787.0,21795.0,21787.25,21794.75,21767.0,21799.0,8.0,7.5,7.0,140.0,10.0,0.5,3.0,3.0,14.25,2024-10-28 14:24:00+00:00,2024-10-28 14:24:00+00:00,2024-10-28 14:27:00+00:00,2024-10-28 14:27:00+00:00,pullback_long_open_7b7dd96cd520,1,market,0.0,3,1,20,12,
644908,644909,644911,644911,closed,timeout,21802.25,21799.25,21802.5,21799.0,21782.25,21814.25,-3.0,-3.5,-4.0,-80.0,10.0,0.5,3.0,3.0,16.25,2024-10-28 14:45:00+00:00,2024-10-28 14:45:00+00:00,2024-10-28 14:48:00+00:00,2024-10-28 14:48:00+00:00,pullback_long_open_7b7dd96cd520,1,market,0.0,3,1,20,12,
644917,644918,644920,644920,closed,timeout,21797.75,21787.0,21798.0,21786.75,21777.75,21809.75,-10.75,-11.25,-11.75,-235.0,10.0,0.5,3.0,3.0,16.75,2024-10-28 14:54:00+00:00,2024-10-28 14:54:00+00:00,2024-10-28 14:57:00+00:00,2024-10-28 14:57:00+00:00,pullback_long_open_7b7dd96cd520,1,market,0.0,3,1,20,12,
646221,646222,646224,646224,closed,target,21687.5,21699.5,21687.75,21699.25,21667.5,21699.5,12.0,11.5,11.0,220.0,10.0,0.5,3.0,3.0,6.5,2024-10-29 13:53:00+00:00,2024-10-29 13:53:00+00:00,2024-10-29 13:56:00+00:00,2024-10-29 13:56:00+00:00,pullback_long_open_7b7dd96cd520,1,market,0.0,3,1,20,12,
646230,646231,646231,646231,closed,target,21716.75,21728.75,21717.0,21728.5,21696.75,21728.75,12.0,11.5,11.0,220.0,10.0,0.5,1.0,1.0,7.0,2024-10-29 14:02:00+00:00,2024-10-29 14:02:00+00:00,2024-10-29 14:03:00+00:00,2024-10-29 14:05:00+00:00,pullback_long_open_7b7dd96cd520,1,market,0.0,3,1,20,12,
646232,646233,646235,646235,closed,timeout,21729.75,21724.0,21730.0,21723.75,21709.75,21741.75,-5.75,-6.25,-6.75,-135.0,10.0,0.5,3.0,3.0,12.0,2024-10-29 14:04:00+00:00,2024-10-29 14:04:00+00:00,2024-10-29 14:07:00+00:00,2024-10-29 14:07:00+00:00,pullback_long_open_7b7dd96cd520,1,market,0.0,3,1,20,12,
646259,646260,646261,646261,closed,target,21750.25,21762.25,21750.5,21762.0,21730.25,21762.25,12.0,11.5,11.0,220.0,10.0,0.5,2.0,2.0,6.0,2024-10-29 14:31:00+00:00,2024-10-29 14:31:00+00:00,2024-10-29 14:33:00+00:00,2024-10-29 14:34:00+00:00,pullback_long_open_7b7dd96cd520,1,market,0.0,3,1,20,12,
646276,646277,646279,646279,closed,timeout,21778.0,21782.75,21778.25,21782.5,21758.0,21790.0,4.75,4.25,3.75,75.0,10.0,0.5,3.0,3.0,9.5,2024-10-29 14:48:00+00:00,2024-10-29 14:48:00+00:00,2024-10-29 14:51:00+00:00,2024-10-29 14:51:00+00:00,pullback_long_open_7b7dd96cd520,1,market,0.0,3,1,20,12,
647620,647621,647621,647621,closed,target,21877.5,21889.5,21877.75,21889.25,21857.5,21889.5,12.0,11.5,11.0,220.0,10.0,0.5,1.0,1.0,0.75,2024-10-30 14:27:00+00:00,2024-10-30 14:27:00+00:00,2024-10-30 14:28:00+00:00,2024-10-30 14:30:00+00:00,pullback_long_open_7b7dd96cd520,1,market,0.0,3,1,20,12,
647626,647627,647629,647629,closed,timeout,21886.75,21882.25,21887.0,21882.0,21866.75,21898.75,-4.5,-5.0,-5.5,-110.0,10.0,0.5,3.0,3.0,7.0,2024-10-30 14:33:00+00:00,2024-10-30 14:33:00+00:00,2024-10-30 14:36:00+00:00,2024-10-30 14:36:00+00:00,pullback_long_open_7b7dd96cd520,1,market,0.0,3,1,20,12,
648991,648992,648994,648994,closed,stop,21343.5,21323.5,21343.75,21323.25,21323.5,21355.5,-20.0,-20.5,-21.0,-420.0,10.0,0.5,3.0,3.0,21.0,2024-10-31 14:33:00+00:00,2024-10-31 14:33:00+00:00,2024-10-31 14:36:00+00:00,2024-10-31 14:36:00+00:00,pullback_long_open_7b7dd96cd520,1,market,0.0,3,1,20,12,
650311,650312,650313,650313,closed,target,21338.75,21350.75,21339.0,21350.5,21318.75,21350.75,12.0,11.5,11.0,220.0,10.0,0.5,2.0,2.0,6.0,2024-11-01 13:48:00+00:00,2024-11-01 13:48:00+00:00,2024-11-01 13:50:00+00:00,2024-11-01 13:51:00+00:00,pullback_long_open_7b7dd96cd520,1,market,0.0,3,1,20,12,
650330,650331,650331,650331,closed,target,21354.75,21366.75,21355.0,21366.5,21334.75,21366.75,12.0,11.5,11.0,220.0,10.0,0.5,1.0,1.0,0.5,2024-11-01 14:07:00+00:00,2024-11-01 14:07:00+00:00,2024-11-01 14:08:00+00:00,2024-11-01 14:10:00+00:00,pullback_long_open_7b7dd96cd520,1,market,0.0,3,1,20,12,
650334,650335,650335,650335,closed,target,21382.0,21394.0,21382.25,21393.75,21362.0,21394.0,12.0,11.5,11.0,220.0,10.0,0.5,1.0,1.0,8.75,2024-11-01 14:11:00+00:00,2024-11-01 14:11:00+00:00,2024-11-01 14:12:00+00:00,2024-11-01 14:14:00+00:00,pullback_long_open_7b7dd96cd520,1,market,0.0,3,1,20,12,
650345,650346,650347,650347,closed,target,21434.0,21446.0,21434.25,21445.75,21414.0,21446.0,12.0,11.5,11.0,220.0,10.0,0.5,2.0,2.0,6.75,2024-11-01 14:22:00+00:00,2024-11-01 14:22:00+00:00,2024-11-01 14:24:00+00:00,2024-11-01 14:25:00+00:00,pullback_long_open_7b7dd96cd520,1,market,0.0,3,1,20,12,
650348,650349,650351,650351,closed,timeout,21444.25,21446.5,21444.5,21446.25,21424.25,21456.25,2.25,1.75,1.25,25.0,10.0,0.5,3.0,3.0,5.5,2024-11-01 14:25:00+00:00,2024-11-01 14:25:00+00:00,2024-11-01 14:28:00+00:00,2024-11-01 14:28:00+00:00,pullback_long_open_7b7dd96cd520,1,market,0.0,3,1,20,12,
650358,650359,650361,650361,closed,stop,21458.25,21438.25,21458.5,21438.0,21438.25,21470.25,-20.0,-20.5,-21.0,-420.0,10.0,0.5,3.0,3.0,24.5,2024-11-01 14:35:00+00:00,2024-11-01 14:35:00+00:00,2024-11-01 14:38:00+00:00,2024-11-01 14:38:00+00:00,pullback_long_open_7b7dd96cd520,1,market,0.0,3,1,20,12,
651683,651684,651684,651684,closed,target,21309.25,21321.25,21309.5,21321.0,21289.25,21321.25,12.0,11.5,11.0,220.0,10.0,0.5,1.0,1.0,2.5,2024-11-04 14:55:00+00:00,2024-11-04 14:55:00+00:00,2024-11-04 14:56:00+00:00,2024-11-04 14:58:00+00:00,pullback_long_open_7b7dd96cd520,1,market,0.0,3,1,20,12,
651684,651685,651687,651687,closed,timeout,21316.25,21319.5,21316.5,21319.25,21296.25,21328.25,3.25,2.75,2.25,45.0,10.0,0.5,3.0,3.0,19.75,2024-11-04 14:56:00+00:00,2024-11-04 14:56:00+00:00,2024-11-04 14:59:00+00:00,2024-11-04 14:59:00+00:00,pullback_long_open_7b7dd96cd520,1,market,0.0,3,1,20,12,
651693,651694,651695,651695,closed,target,21332.75,21344.75,21333.0,21344.5,21312.75,21344.75,12.0,11.5,11.0,220.0,10.0,0.5,2.0,2.0,8.75,2024-11-04 15:05:00+00:00,2024-11-04 15:05:00+00:00,2024-11-04 15:07:00+00:00,2024-11-04 15:08:00+00:00,pullback_long_open_7b7dd96cd520,1,market,0.0,3,1,20,12,
651703,651704,651705,651705,closed,target,21327.25,21339.25,21327.5,21339.0,21307.25,21339.25,12.0,11.5,11.0,220.0,10.0,0.5,2.0,2.0,7.5,2024-11-04 15:15:00+00:00,2024-11-04 15:15:00+00:00,2024-11-04 15:17:00+00:00,2024-11-04 15:18:00+00:00,pullback_long_open_7b7dd96cd520,1,market,0.0,3,1,20,12,
651717,651718,651720,651720,closed,timeout,21376.5,21378.5,21376.75,21378.25,21356.5,21388.5,2.0,1.5,1.0,20.0,10.0,0.5,3.0,3.0,11.0,2024-11-04 15:29:00+00:00,2024-11-04 15:29:00+00:00,2024-11-04 15:32:00+00:00,2024-11-04 15:32:00+00:00,pullback_long_open_7b7dd96cd520,1,market,0.0,3,1,20,12,
651720,651721,651721,651721,closed,target,21379.0,21391.0,21379.25,21390.75,21359.0,21391.0,12.0,11.5,11.0,220.0,10.0,0.5,1.0,1.0,5.0,2024-11-04 15:32:00+00:00,2024-11-04 15:32:00+00:00,2024-11-04 15:33:00+00:00,2024-11-04 15:35:00+00:00,pullback_long_open_7b7dd96cd520,1,market,0.0,3,1,20,12,
651723,651724,651726,651726,closed,timeout,21383.25,21383.25,21383.5,21383.0,21363.25,21395.25,0.0,-0.5,-1.0,-20.0,10.0,0.5,3.0,3.0,11.25,2024-11-04 15:35:00+00:00,2024-11-04 15:35:00+00:00,2024-11-04 15:38:00+00:00,2024-11-04 15:38:00+00:00,pullback_long_open_7b7dd96cd520,1,market,0.0,3,1,20,12,
651740,651741,651743,651743,closed,timeout,21398.5,21397.5,21398.75,21397.25,21378.5,21410.5,-1.0,-1.5,-2.0,-40.0,10.0,0.5,3.0,3.0,5.75,2024-11-04 15:52:00+00:00,2024-11-04 15:52:00+00:00,2024-11-04 15:55:00+00:00,2024-11-04 15:55:00+00:00,pullback_long_open_7b7dd96cd520,1,market,0.0,3,1,20,12,
653027,653028,653028,653028,closed,target,21398.25,21410.25,21398.5,21410.0,21378.25,21410.25,12.0,11.5,11.0,220.0,10.0,0.5,1.0,1.0,1.5,2024-11-05 14:34:00+00:00,2024-11-05 14:34:00+00:00,2024-11-05 14:35:00+00:00,2024-11-05 14:37:00+00:00,pullback_long_open_7b7dd96cd520,1,market,0.0,3,1,20,12,
653039,653040,653042,653042,closed,target,21424.75,21436.75,21425.0,21436.5,21404.75,21436.75,12.0,11.5,11.0,220.0,10.0,0.5,3.0,3.0,20.0,2024-11-05 14:46:00+00:00,2024-11-05 14:46:00+00:00,2024-11-05 14:49:00+00:00,2024-11-05 14:49:00+00:00,pullback_long_open_7b7dd96cd520,1,market,0.0,3,1,20,12,
653052,653053,653053,653053,closed,target,21474.0,21486.0,21474.25,21485.75,21454.0,21486.0,12.0,11.5,11.0,220.0,10.0,0.5,1.0,1.0,2.25,2024-11-05 14:59:00+00:00,2024-11-05 14:59:00+00:00,2024-11-05 15:00:00+00:00,2024-11-05 15:02:00+00:00,pullback_long_open_7b7dd96cd520,1,market,0.0,3,1,20,12,
653053,653054,653054,653054,closed,target,21490.0,21502.0,21490.25,21501.75,21470.0,21502.0,12.0,11.5,11.0,220.0,10.0,0.5,1.0,1.0,2.5,2024-11-05 15:00:00+00:00,2024-11-05 15:00:00+00:00,2024-11-05 15:01:00+00:00,2024-11-05 15:03:00+00:00,pullback_long_open_7b7dd96cd520,1,market,0.0,3,1,20,12,
653055,653056,653057,653057,closed,stop,21505.25,21485.25,21505.5,21485.0,21485.25,21517.25,-20.0,-20.5,-21.0,-420.0,10.0,0.5,2.0,2.0,22.75,2024-11-05 15:02:00+00:00,2024-11-05 15:02:00+00:00,2024-11-05 15:04:00+00:00,2024-11-05 15:05:00+00:00,pullback_long_open_7b7dd96cd520,1,market,0.0,3,1,20,12,
653057,653058,653060,653060,closed,timeout,21498.5,21492.25,21498.75,21492.0,21478.5,21510.5,-6.25,-6.75,-7.25,-145.0,10.0,0.5,3.0,3.0,15.25,2024-11-05 15:04:00+00:00,2024-11-05 15:04:00+00:00,2024-11-05 15:07:00+00:00,2024-11-05 15:07:00+00:00,pullback_long_open_7b7dd96cd520,1,market,0.0,3,1,20,12,
653066,653067,653069,653069,closed,timeout,21476.75,21474.0,21477.0,21473.75,21456.75,21488.75,-2.75,-3.25,-3.75,-75.0,10.0,0.5,3.0,3.0,11.75,2024-11-05 15:13:00+00:00,2024-11-05 15:13:00+00:00,2024-11-05 15:16:00+00:00,2024-11-05 15:16:00+00:00,pullback_long_open_7b7dd96cd520,1,market,0.0,3,1,20,12,
654390,654391,654391,654391,closed,target,21889.5,21901.5,21889.75,21901.25,21869.5,21901.5,12.0,11.5,11.0,220.0,10.0,0.5,1.0,1.0,1.0,2024-11-06 14:32:00+00:00,2024-11-06 14:32:00+00:00,2024-11-06 14:33:00+00:00,2024-11-06 14:35:00+00:00,pullback_long_open_7b7dd96cd520,1,market,0.0,3,1,20,12,
654444,654445,654445,654445,closed,target,21976.75,21988.75,21977.0,21988.5,21956.75,21988.75,12.0,11.5,11.0,220.0,10.0,0.5,1.0,1.0,4.25,2024-11-06 15:26:00+00:00,2024-11-06 15:26:00+00:00,2024-11-06 15:27:00+00:00,2024-11-06 15:29:00+00:00,pullback_long_open_7b7dd96cd520,1,market,0.0,3,1,20,12,
654453,654454,654455,654455,closed,stop,21996.75,21976.75,21997.0,21976.5,21976.75,22008.75,-20.0,-20.5,-21.0,-420.0,10.0,0.5,2.0,2.0,23.0,2024-11-06 15:35:00+00:00,2024-11-06 15:35:00+00:00,2024-11-06 15:37:00+00:00,2024-11-06 15:38:00+00:00,pullback_long_open_7b7dd96cd520,1,market,0.0,3,1,20,12,
655772,655773,655775,655775,closed,timeout,22261.0,22258.25,22261.25,22258.0,22241.0,22273.0,-2.75,-3.25,-3.75,-75.0,10.0,0.5,3.0,3.0,14.25,2024-11-07 14:49:00+00:00,2024-11-07 14:49:00+00:00,2024-11-07 14:52:00+00:00,2024-11-07 14:52:00+00:00,pullback_long_open_7b7dd96cd520,1,market,0.0,3,1,20,12,
655787,655788,655789,655789,closed,target,22303.25,22315.25,22303.5,22315.0,22283.25,22315.25,12.0,11.5,11.0,220.0,10.0,0.5,2.0,2.0,0.25,2024-11-07 15:04:00+00:00,2024-11-07 15:04:00+00:00,2024-11-07 15:06:00+00:00,2024-11-07 15:07:00+00:00,pullback_long_open_7b7dd96cd520,1,market,0.0,3,1,20,12,
655792,655793,655795,655795,closed,timeout,22312.0,22309.5,22312.25,22309.25,22292.0,22324.0,-2.5,-3.0,-3.5,-70.0,10.0,0.5,3.0,3.0,6.75,2024-11-07 15:09:00+00:00,2024-11-07 15:09:00+00:00,2024-11-07 15:12:00+00:00,2024-11-07 15:12:00+00:00,pullback_long_open_7b7dd96cd520,1,market,0.0,3,1,20,12,
655837,655838,655840,655840,closed,timeout,22347.75,22351.25,22348.0,22351.0,22327.75,22359.75,3.5,3.0,2.5,50.0,10.0,0.5,3.0,3.0,9.0,2024-11-07 15:54:00+00:00,2024-11-07 15:54:00+00:00,2024-11-07 15:57:00+00:00,2024-11-07 15:57:00+00:00,pullback_long_open_7b7dd96cd520,1,market,0.0,3,1,20,12,
657124,657125,657127,657127,closed,timeout,22417.0,22408.5,22417.25,22408.25,22397.0,22429.0,-8.5,-9.0,-9.5,-190.0,10.0,0.5,3.0,3.0,14.5,2024-11-08 14:36:00+00:00,2024-11-08 14:36:00+00:00,2024-11-08 14:39:00+00:00,2024-11-08 14:39:00+00:00,pullback_long_open_7b7dd96cd520,1,market,0.0,3,1,20,12,
657128,657129,657131,657131,closed,timeout,22418.0,22408.75,22418.25,22408.5,22398.0,22430.0,-9.25,-9.75,-10.25,-205.0,10.0,0.5,3.0,3.0,10.0,2024-11-08 14:40:00+00:00,2024-11-08 14:40:00+00:00,2024-11-08 14:43:00+00:00,2024-11-08 14:43:00+00:00,pullback_long_open_7b7dd96cd520,1,market,0.0,3,1,20,12,
657136,657137,657139,657139,closed,timeout,22410.0,22412.0,22410.25,22411.75,22390.0,22422.0,2.0,1.5,1.0,20.0,10.0,0.5,3.0,3.0,6.75,2024-11-08 14:48:00+00:00,2024-11-08 14:48:00+00:00,2024-11-08 14:51:00+00:00,2024-11-08 14:51:00+00:00,pullback_long_open_7b7dd96cd520,1,market,0.0,3,1,20,12,
657206,657207,657209,657209,closed,timeout,22400.0,22384.5,22400.25,22384.25,22380.0,22412.0,-15.5,-16.0,-16.5,-330.0,10.0,0.5,3.0,3.0,16.5,2024-11-08 15:58:00+00:00,2024-11-08 15:58:00+00:00,2024-11-08 16:01:00+00:00,2024-11-08 16:01:00+00:00,pullback_long_open_7b7dd96cd520,1,market,0.0,3,1,20,12,
658535,658536,658538,658538,closed,target,22377.5,22389.5,22377.75,22389.25,22357.5,22389.5,12.0,11.5,11.0,220.0,10.0,0.5,3.0,3.0,8.5,2024-11-11 15:22:00+00:00,2024-11-11 15:22:00+00:00,2024-11-11 15:25:00+00:00,2024-11-11 15:25:00+00:00,pullback_long_open_7b7dd96cd520,1,market,0.0,3,1,20,12,
658559,658560,658562,658562,closed,timeout,22407.0,22397.75,22407.25,22397.5,22387.0,22419.0,-9.25,-9.75,-10.25,-205.0,10.0,0.5,3.0,3.0,14.75,2024-11-11 15:46:00+00:00,2024-11-11 15:46:00+00:00,2024-11-11 15:49:00+00:00,2024-11-11 15:49:00+00:00,pullback_long_open_7b7dd96cd520,1,market,0.0,3,1,20,12,
659908,659909,659910,659910,closed,target,22414.5,22426.5,22414.75,22426.25,22394.5,22426.5,12.0,11.5,11.0,220.0,10.0,0.5,2.0,2.0,6.75,2024-11-12 15:30:00+00:00,2024-11-12 15:30:00+00:00,2024-11-12 15:32:00+00:00,2024-11-12 15:33:00+00:00,pullback_long_open_7b7dd96cd520,1,market,0.0,3,1,20,12,
659920,659921,659923,659923,closed,timeout,22419.25,22402.0,22419.5,22401.75,22399.25,22431.25,-17.25,-17.75,-18.25,-365.0,10.0,0.5,3.0,3.0,17.75,2024-11-12 15:42:00+00:00,2024-11-12 15:42:00+00:00,2024-11-12 15:45:00+00:00,2024-11-12 15:45:00+00:00,pullback_long_open_7b7dd96cd520,1,market,0.0,3,1,20,12,
661286,661287,661288,661288,closed,target,22312.0,22324.0,22312.25,22323.75,22292.0,22324.0,12.0,11.5,11.0,220.0,10.0,0.5,2.0,2.0,1.0,2024-11-13 15:43:00+00:00,2024-11-13 15:43:00+00:00,2024-11-13 15:45:00+00:00,2024-11-13 15:46:00+00:00,pullback_long_open_7b7dd96cd520,1,market,0.0,3,1,20,12,
662583,662584,662586,662586,closed,target,22360.0,22372.0,22360.25,22371.75,22340.0,22372.0,12.0,11.5,11.0,220.0,10.0,0.5,3.0,3.0,6.75,2024-11-14 14:35:00+00:00,2024-11-14 14:35:00+00:00,2024-11-14 14:38:00+00:00,2024-11-14 14:38:00+00:00,pullback_long_open_7b7dd96cd520,1,market,0.0,3,1,20,12,
662622,662623,662625,662625,closed,timeout,22304.0,22289.75,22304.25,22289.5,22284.0,22316.0,-14.25,-14.75,-15.25,-305.0,10.0,0.5,3.0,3.0,14.5,2024-11-14 15:14:00+00:00,2024-11-14 15:14:00+00:00,2024-11-14 15:17:00+00:00,2024-11-14 15:17:00+00:00,pullback_long_open_7b7dd96cd520,1,market,0.0,3,1,20,12,
662655,662656,662658,662658,closed,timeout,22320.25,22326.75,22320.5,22326.5,22300.25,22332.25,6.5,6.0,5.5,110.0,10.0,0.5,3.0,3.0,2.0,2024-11-14 15:47:00+00:00,2024-11-14 15:47:00+00:00,2024-11-14 15:50:00+00:00,2024-11-14 15:50:00+00:00,pullback_long_open_7b7dd96cd520,1,market,0.0,3,1,20,12,
662661,662662,662664,662664,closed,timeout,22325.25,22317.25,22325.5,22317.0,22305.25,22337.25,-8.0,-8.5,-9.0,-180.0,10.0,0.5,3.0,3.0,10.5,2024-11-14 15:53:00+00:00,2024-11-14 15:53:00+00:00,2024-11-14 15:56:00+00:00,2024-11-14 15:56:00+00:00,pullback_long_open_7b7dd96cd520,1,market,0.0,3,1,20,12,
665346,665347,665349,665349,closed,timeout,21779.0,21775.5,21779.25,21775.25,21759.0,21791.0,-3.5,-4.0,-4.5,-90.0,10.0,0.5,3.0,3.0,8.5,2024-11-18 15:08:00+00:00,2024-11-18 15:08:00+00:00,2024-11-18 15:11:00+00:00,2024-11-18 15:11:00+00:00,pullback_long_open_7b7dd96cd520,1,market,0.0,3,1,20,12,
665358,665359,665361,665361,closed,timeout,21808.75,21813.25,21809.0,21813.0,21788.75,21820.75,4.5,4.0,3.5,70.0,10.0,0.5,3.0,3.0,7.25,2024-11-18 15:20:00+00:00,2024-11-18 15:20:00+00:00,2024-11-18 15:23:00+00:00,2024-11-18 15:23:00+00:00,pullback_long_open_7b7dd96cd520,1,market,0.0,3,1,20,12,
665380,665381,665383,665383,closed,timeout,21883.25,21876.75,21883.5,21876.5,21863.25,21895.25,-6.5,-7.0,-7.5,-150.0,10.0,0.5,3.0,3.0,10.0,2024-11-18 15:42:00+00:00,2024-11-18 15:42:00+00:00,2024-11-18 15:45:00+00:00,2024-11-18 15:45:00+00:00,pullback_long_open_7b7dd96cd520,1,market,0.0,3,1,20,12,
666678,666679,666679,666679,closed,target,21723.0,21735.0,21723.25,21734.75,21703.0,21735.0,12.0,11.5,11.0,220.0,10.0,0.5,1.0,1.0,17.25,2024-11-19 14:35:00+00:00,2024-11-19 14:35:00+00:00,2024-11-19 14:36:00+00:00,2024-11-19 14:38:00+00:00,pullback_long_open_7b7dd96cd520,1,market,0.0,3,1,20,12,
666679,666680,666680,666680,closed,target,21736.0,21748.0,21736.25,21747.75,21716.0,21748.0,12.0,11.5,11.0,220.0,10.0,0.5,1.0,1.0,8.75,2024-11-19 14:36:00+00:00,2024-11-19 14:36:00+00:00,2024-11-19 14:37:00+00:00,2024-11-19 14:39:00+00:00,pullback_long_open_7b7dd96cd520,1,market,0.0,3,1,20,12,
666687,666688,666690,666690,closed,timeout,21768.75,21757.75,21769.0,21757.5,21748.75,21780.75,-11.0,-11.5,-12.0,-240.0,10.0,0.5,3.0,3.0,13.0,2024-11-19 14:44:00+00:00,2024-11-19 14:44:00+00:00,2024-11-19 14:47:00+00:00,2024-11-19 14:47:00+00:00,pullback_long_open_7b7dd96cd520,1,market,0.0,3,1,20,12,
666692,666693,666694,666694,closed,stop,21758.5,21738.5,21758.75,21738.25,21738.5,21770.5,-20.0,-20.5,-21.0,-420.0,10.0,0.5,2.0,2.0,41.5,2024-11-19 14:49:00+00:00,2024-11-19 14:49:00+00:00,2024-11-19 14:51:00+00:00,2024-11-19 14:52:00+00:00,pullback_long_open_7b7dd96cd520,1,market,0.0,3,1,20,12,
666720,666721,666723,666723,closed,target,21756.0,21768.0,21756.25,21767.75,21736.0,21768.0,12.0,11.5,11.0,220.0,10.0,0.5,3.0,3.0,10.5,2024-11-19 15:17:00+00:00,2024-11-19 15:17:00+00:00,2024-11-19 15:20:00+00:00,2024-11-19 15:20:00+00:00,pullback_long_open_7b7dd96cd520,1,market,0.0,3,1,20,12,
666745,666746,666747,666747,closed,target,21814.75,21826.75,21815.0,21826.5,21794.75,21826.75,12.0,11.5,11.0,220.0,10.0,0.5,2.0,2.0,3.75,2024-11-19 15:42:00+00:00,2024-11-19 15:42:00+00:00,2024-11-19 15:44:00+00:00,2024-11-19 15:45:00+00:00,pullback_long_open_7b7dd96cd520,1,market,0.0,3,1,20,12,
666751,666752,666753,666753,closed,target,21824.5,21836.5,21824.75,21836.25,21804.5,21836.5,12.0,11.5,11.0,220.0,10.0,0.5,2.0,2.0,5.0,2024-11-19 15:48:00+00:00,2024-11-19 15:48:00+00:00,2024-11-19 15:50:00+00:00,2024-11-19 15:51:00+00:00,pullback_long_open_7b7dd96cd520,1,market,0.0,3,1,20,12,
666759,666760,666762,666762,closed,timeout,21842.5,21839.75,21842.75,21839.5,21822.5,21854.5,-2.75,-3.25,-3.75,-75.0,10.0,0.5,3.0,3.0,14.5,2024-11-19 15:56:00+00:00,2024-11-19 15:56:00+00:00,2024-11-19 15:59:00+00:00,2024-11-19 15:59:00+00:00,pullback_long_open_7b7dd96cd520,1,market,0.0,3,1,20,12,
668122,668123,668124,668124,closed,target,21814.0,21826.0,21814.25,21825.75,21794.0,21826.0,12.0,11.5,11.0,220.0,10.0,0.5,2.0,2.0,8.0,2024-11-20 15:54:00+00:00,2024-11-20 15:54:00+00:00,2024-11-20 15:56:00+00:00,2024-11-20 15:57:00+00:00,pullback_long_open_7b7dd96cd520,1,market,0.0,3,1,20,12,
669454,669455,669456,669456,closed,stop,21890.5,21870.5,21890.75,21870.25,21870.5,21902.5,-20.0,-20.5,-21.0,-420.0,10.0,0.5,2.0,2.0,48.75,2024-11-21 15:21:00+00:00,2024-11-21 15:21:00+00:00,2024-11-21 15:23:00+00:00,2024-11-21 15:24:00+00:00,pullback_long_open_7b7dd96cd520,1,market,0.0,3,1,20,12,
670771,670772,670773,670773,closed,target,22010.0,22022.0,22010.25,22021.75,21990.0,22022.0,12.0,11.5,11.0,220.0,10.0,0.5,2.0,2.0,8.0,2024-11-22 14:33:00+00:00,2024-11-22 14:33:00+00:00,2024-11-22 14:35:00+00:00,2024-11-22 14:36:00+00:00,pullback_long_open_7b7dd96cd520,1,market,0.0,3,1,20,12,
670778,670779,670780,670780,closed,target,22019.0,22031.0,22019.25,22030.75,21999.0,22031.0,12.0,11.5,11.0,220.0,10.0,0.5,2.0,2.0,5.25,2024-11-22 14:40:00+00:00,2024-11-22 14:40:00+00:00,2024-11-22 14:42:00+00:00,2024-11-22 14:43:00+00:00,pullback_long_open_7b7dd96cd520,1,market,0.0,3,1,20,12,
670783,670784,670784,670784,closed,target,22042.0,22054.0,22042.25,22053.75,22022.0,22054.0,12.0,11.5,11.0,220.0,10.0,0.5,1.0,1.0,13.0,2024-11-22 14:45:00+00:00,2024-11-22 14:45:00+00:00,2024-11-22 14:46:00+00:00,2024-11-22 14:48:00+00:00,pullback_long_open_7b7dd96cd520,1,market,0.0,3,1,20,12,
670846,670847,670848,670848,closed,stop,22034.75,22014.75,22035.0,22014.5,22014.75,22046.75,-20.0,-20.5,-21.0,-420.0,10.0,0.5,2.0,2.0,22.75,2024-11-22 15:48:00+00:00,2024-11-22 15:48:00+00:00,2024-11-22 15:50:00+00:00,2024-11-22 15:51:00+00:00,pullback_long_open_7b7dd96cd520,1,market,0.0,3,1,20,12,
670849,670850,670852,670852,closed,timeout,22031.5,22026.25,22031.75,22026.0,22011.5,22043.5,-5.25,-5.75,-6.25,-125.0,10.0,0.5,3.0,3.0,10.0,2024-11-22 15:51:00+00:00,2024-11-22 15:51:00+00:00,2024-11-22 15:54:00+00:00,2024-11-22 15:54:00+00:00,pullback_long_open_7b7dd96cd520,1,market,0.0,3,1,20,12,
670855,670856,670858,670858,closed,target,22029.75,22041.75,22030.0,22041.5,22009.75,22041.75,12.0,11.5,11.0,220.0,10.0,0.5,3.0,3.0,7.75,2024-11-22 15:57:00+00:00,2024-11-22 15:57:00+00:00,2024-11-22 16:00:00+00:00,2024-11-22 16:00:00+00:00,pullback_long_open_7b7dd96cd520,1,market,0.0,3,1,20,12,
673510,673511,673513,673513,closed,target,22181.5,22193.5,22181.75,22193.25,22161.5,22193.5,12.0,11.5,11.0,220.0,10.0,0.5,3.0,3.0,13.5,2024-11-26 14:43:00+00:00,2024-11-26 14:43:00+00:00,2024-11-26 14:46:00+00:00,2024-11-26 14:46:00+00:00,pullback_long_open_7b7dd96cd520,1,market,0.0,3,1,20,12,
676230,676231,676233,676233,closed,timeout,22087.5,22081.25,22087.75,22081.0,22067.5,22099.5,-6.25,-6.75,-7.25,-145.0,10.0,0.5,3.0,3.0,6.75,2024-11-28 14:33:00+00:00,2024-11-28 14:33:00+00:00,2024-11-28 14:36:00+00:00,2024-11-28 14:36:00+00:00,pullback_long_open_7b7dd96cd520,1,market,0.0,3,1,20,12,
676234,676235,676237,676237,closed,timeout,22084.75,22077.0,22085.0,22076.75,22064.75,22096.75,-7.75,-8.25,-8.75,-175.0,10.0,0.5,3.0,3.0,9.0,2024-11-28 14:37:00+00:00,2024-11-28 14:37:00+00:00,2024-11-28 14:40:00+00:00,2024-11-28 14:40:00+00:00,pullback_long_open_7b7dd96cd520,1,market,0.0,3,1,20,12,
676240,676241,676243,676243,closed,timeout,22081.0,22088.5,22081.25,22088.25,22061.0,22093.0,7.5,7.0,6.5,130.0,10.0,0.5,3.0,3.0,0.25,2024-11-28 14:43:00+00:00,2024-11-28 14:43:00+00:00,2024-11-28 14:46:00+00:00,2024-11-28 14:46:00+00:00,pullback_long_open_7b7dd96cd520,1,market,0.0,3,1,20,12,
676258,676259,676261,676261,closed,timeout,22089.25,22090.25,22089.5,22090.0,22069.25,22101.25,1.0,0.5,0.0,0.0,10.0,0.5,3.0,3.0,1.75,2024-11-28 15:01:00+00:00,2024-11-28 15:01:00+00:00,2024-11-28 15:04:00+00:00,2024-11-28 15:04:00+00:00,pullback_long_open_7b7dd96cd520,1,market,0.0,3,1,20,12,
676281,676282,676284,676284,closed,timeout,22096.75,22095.75,22097.0,22095.5,22076.75,22108.75,-1.0,-1.5,-2.0,-40.0,10.0,0.5,3.0,3.0,2.75,2024-11-28 15:24:00+00:00,2024-11-28 15:24:00+00:00,2024-11-28 15:27:00+00:00,2024-11-28 15:27:00+00:00,pullback_long_open_7b7dd96cd520,1,market,0.0,3,1,20,12,
676288,676289,676291,676291,closed,timeout,22097.5,22090.5,22097.75,22090.25,22077.5,22109.5,-7.0,-7.5,-8.0,-160.0,10.0,0.5,3.0,3.0,9.25,2024-11-28 15:31:00+00:00,2024-11-28 15:31:00+00:00,2024-11-28 15:34:00+00:00,2024-11-28 15:34:00+00:00,pullback_long_open_7b7dd96cd520,1,market,0.0,3,1,20,12,
676292,676293,676295,676295,closed,timeout,22092.75,22087.5,22093.0,22087.25,22072.75,22104.75,-5.25,-5.75,-6.25,-125.0,10.0,0.5,3.0,3.0,6.0,2024-11-28 15:35:00+00:00,2024-11-28 15:35:00+00:00,2024-11-28 15:38:00+00:00,2024-11-28 15:38:00+00:00,pullback_long_open_7b7dd96cd520,1,market,0.0,3,1,20,12,
676311,676312,676314,676314,closed,timeout,22099.25,22098.75,22099.5,22098.5,22079.25,22111.25,-0.5,-1.0,-1.5,-30.0,10.0,0.5,3.0,3.0,4.0,2024-11-28 15:54:00+00:00,2024-11-28 15:54:00+00:00,2024-11-28 15:57:00+00:00,2024-11-28 15:57:00+00:00,pullback_long_open_7b7dd96cd520,1,market,0.0,3,1,20,12,
676314,676315,676317,676317,closed,timeout,22099.0,22096.0,22099.25,22095.75,22079.0,22111.0,-3.0,-3.5,-4.0,-80.0,10.0,0.5,3.0,3.0,6.75,2024-11-28 15:57:00+00:00,2024-11-28 15:57:00+00:00,2024-11-28 16:00:00+00:00,2024-11-28 16:00:00+00:00,pullback_long_open_7b7dd96cd520,1,market,0.0,3,1,20,12,
677388,677389,677389,677389,closed,target,22069.0,22081.0,22069.25,22080.75,22049.0,22081.0,12.0,11.5,11.0,220.0,10.0,0.5,1.0,1.0,1.25,2024-11-29 14:51:00+00:00,2024-11-29 14:51:00+00:00,2024-11-29 14:52:00+00:00,2024-11-29 14:54:00+00:00,pullback_long_open_7b7dd96cd520,1,market,0.0,3,1,20,12,
677421,677422,677424,677424,closed,stop,22155.75,22135.75,22156.0,22135.5,22135.75,22167.75,-20.0,-20.5,-21.0,-420.0,10.0,0.5,3.0,3.0,22.5,2024-11-29 15:24:00+00:00,2024-11-29 15:24:00+00:00,2024-11-29 15:27:00+00:00,2024-11-29 15:27:00+00:00,pullback_long_open_7b7dd96cd520,1,market,0.0,3,1,20,12,
678522,678523,678523,678523,closed,target,22312.25,22324.25,22312.5,22324.0,22292.25,22324.25,12.0,11.5,11.0,220.0,10.0,0.5,1.0,1.0,3.0,2024-12-02 14:45:00+00:00,2024-12-02 14:45:00+00:00,2024-12-02 14:46:00+00:00,2024-12-02 14:48:00+00:00,pullback_long_open_7b7dd96cd520,1,market,0.0,3,1,20,12,
678537,678538,678538,678538,closed,target,22350.25,22362.25,22350.5,22362.0,22330.25,22362.25,12.0,11.5,11.0,220.0,10.0,0.5,1.0,1.0,5.5,2024-12-02 15:00:00+00:00,2024-12-02 15:00:00+00:00,2024-12-02 15:01:00+00:00,2024-12-02 15:03:00+00:00,pullback_long_open_7b7dd96cd520,1,market,0.0,3,1,20,12,
678548,678549,678550,678550,closed,target,22371.75,22383.75,22372.0,22383.5,22351.75,22383.75,12.0,11.5,11.0,220.0,10.0,0.5,2.0,2.0,5.75,2024-12-02 15:11:00+00:00,2024-12-02 15:11:00+00:00,2024-12-02 15:13:00+00:00,2024-12-02 15:14:00+00:00,pullback_long_open_7b7dd96cd520,1,market,0.0,3,1,20,12,
678579,678580,678582,678582,closed,timeout,22393.0,22376.5,22393.25,22376.25,22373.0,22405.0,-16.5,-17.0,-17.5,-350.0,10.0,0.5,3.0,3.0,18.5,2024-12-02 15:42:00+00:00,2024-12-02 15:42:00+00:00,2024-12-02 15:45:00+00:00,2024-12-02 15:45:00+00:00,pullback_long_open_7b7dd96cd520,1,market,0.0,3,1,20,12,
679881,679882,679883,679883,closed,target,22383.0,22395.0,22383.25,22394.75,22363.0,22395.0,12.0,11.5,11.0,220.0,10.0,0.5,2.0,2.0,2.0,2024-12-03 14:39:00+00:00,2024-12-03 14:39:00+00:00,2024-12-03 14:41:00+00:00,2024-12-03 14:42:00+00:00,pullback_long_open_7b7dd96cd520,1,market,0.0,3,1,20,12,
679887,679888,679888,679888,closed,target,22389.0,22401.0,22389.25,22400.75,22369.0,22401.0,12.0,11.5,11.0,220.0,10.0,0.5,1.0,1.0,2.0,2024-12-03 14:45:00+00:00,2024-12-03 14:45:00+00:00,2024-12-03 14:46:00+00:00,2024-12-03 14:48:00+00:00,pullback_long_open_7b7dd96cd520,1,market,0.0,3,1,20,12,
679899,679900,679902,679902,closed,timeout,22399.25,22401.0,22399.5,22400.75,22379.25,22411.25,1.75,1.25,0.75,15.0,10.0,0.5,3.0,3.0,12.5,2024-12-03 14:57:00+00:00,2024-12-03 14:57:00+00:00,2024-12-03 15:00:00+00:00,2024-12-03 15:00:00+00:00,pullback_long_open_7b7dd96cd520,1,market,0.0,3,1,20,12,
679914,679915,679917,679917,closed,timeout,22419.5,22412.5,22419.75,22412.25,22399.5,22431.5,-7.0,-7.5,-8.0,-160.0,10.0,0.5,3.0,3.0,17.5,2024-12-03 15:12:00+00:00,2024-12-03 15:12:00+00:00,2024-12-03 15:15:00+00:00,2024-12-03 15:15:00+00:00,pullback_long_open_7b7dd96cd520,1,market,0.0,3,1,20,12,
679917,679918,679920,679920,closed,timeout,22412.25,22413.25,22412.5,22413.0,22392.25,22424.25,1.0,0.5,0.0,0.0,10.0,0.5,3.0,3.0,5.5,2024-12-03 15:15:00+00:00,2024-12-03 15:15:00+00:00,2024-12-03 15:18:00+00:00,2024-12-03 15:18:00+00:00,pullback_long_open_7b7dd96cd520,1,market,0.0,3,1,20,12,
681270,681271,681272,681272,closed,target,22618.25,22630.25,22618.5,22630.0,22598.25,22630.25,12.0,11.5,11.0,220.0,10.0,0.5,2.0,2.0,3.75,2024-12-04 15:04:00+00:00,2024-12-04 15:04:00+00:00,2024-12-04 15:06:00+00:00,2024-12-04 15:07:00+00:00,pullback_long_open_7b7dd96cd520,1,market,0.0,3,1,20,12,
681280,681281,681282,681282,closed,stop,22644.75,22624.75,22645.0,22624.5,22624.75,22656.75,-20.0,-20.5,-21.0,-420.0,10.0,0.5,2.0,2.0,25.0,2024-12-04 15:14:00+00:00,2024-12-04 15:14:00+00:00,2024-12-04 15:16:00+00:00,2024-12-04 15:17:00+00:00,pullback_long_open_7b7dd96cd520,1,market,0.0,3,1,20,12,
681285,681286,681286,681286,closed,target,22631.75,22643.75,22632.0,22643.5,22611.75,22643.75,12.0,11.5,11.0,220.0,10.0,0.5,1.0,1.0,0.25,2024-12-04 15:19:00+00:00,2024-12-04 15:19:00+00:00,2024-12-04 15:20:00+00:00,2024-12-04 15:22:00+00:00,pullback_long_open_7b7dd96cd520,1,market,0.0,3,1,20,12,
681307,681308,681310,681310,closed,timeout,22678.75,22676.5,22679.0,22676.25,22658.75,22690.75,-2.25,-2.75,-3.25,-65.0,10.0,0.5,3.0,3.0,5.75,2024-12-04 15:41:00+00:00,2024-12-04 15:41:00+00:00,2024-12-04 15:44:00+00:00,2024-12-04 15:44:00+00:00,pullback_long_open_7b7dd96cd520,1,market,0.0,3,1,20,12,
681315,681316,681318,681318,closed,timeout,22673.75,22664.25,22674.0,22664.0,22653.75,22685.75,-9.5,-10.0,-10.5,-210.0,10.0,0.5,3.0,3.0,13.25,2024-12-04 15:49:00+00:00,2024-12-04 15:49:00+00:00,2024-12-04 15:52:00+00:00,2024-12-04 15:52:00+00:00,pullback_long_open_7b7dd96cd520,1,market,0.0,3,1,20,12,
682606,682607,682609,682609,closed,timeout,22738.5,22732.5,22738.75,22732.25,22718.5,22750.5,-6.0,-6.5,-7.0,-140.0,10.0,0.5,3.0,3.0,9.0,2024-12-05 14:35:00+00:00,2024-12-05 14:35:00+00:00,2024-12-05 14:38:00+00:00,2024-12-05 14:38:00+00:00,pullback_long_open_7b7dd96cd520,1,market,0.0,3,1,20,12,
682645,682646,682648,682648,closed,timeout,22724.0,22724.5,22724.25,22724.25,22704.0,22736.0,0.5,0.0,-0.5,-10.0,10.0,0.5,3.0,3.0,8.5,2024-12-05 15:14:00+00:00,2024-12-05 15:14:00+00:00,2024-12-05 15:17:00+00:00,2024-12-05 15:17:00+00:00,pullback_long_open_7b7dd96cd520,1,market,0.0,3,1,20,12,
683995,683996,683998,683998,closed,target,22802.25,22814.25,22802.5,22814.0,22782.25,22814.25,12.0,11.5,11.0,220.0,10.0,0.5,3.0,3.0,8.25,2024-12-06 14:59:00+00:00,2024-12-06 14:59:00+00:00,2024-12-06 15:02:00+00:00,2024-12-06 15:02:00+00:00,pullback_long_open_7b7dd96cd520,1,market,0.0,3,1,20,12,
684003,684004,684006,684006,closed,timeout,22802.75,22808.25,22803.0,22808.0,22782.75,22814.75,5.5,5.0,4.5,90.0,10.0,0.5,3.0,3.0,4.5,2024-12-06 15:07:00+00:00,2024-12-06 15:07:00+00:00,2024-12-06 15:10:00+00:00,2024-12-06 15:10:00+00:00,pullback_long_open_7b7dd96cd520,1,market,0.0,3,1,20,12,
684023,684024,684026,684026,closed,timeout,22831.0,22831.5,22831.25,22831.25,22811.0,22843.0,0.5,0.0,-0.5,-10.0,10.0,0.5,3.0,3.0,3.75,2024-12-06 15:27:00+00:00,2024-12-06 15:27:00+00:00,2024-12-06 15:30:00+00:00,2024-12-06 15:30:00+00:00,pullback_long_open_7b7dd96cd520,1,market,0.0,3,1,20,12,
685361,685362,685364,685364,closed,timeout,22821.25,22816.25,22821.5,22816.0,22801.25,22833.25,-5.0,-5.5,-6.0,-120.0,10.0,0.5,3.0,3.0,11.5,2024-12-09 15:00:00+00:00,2024-12-09 15:00:00+00:00,2024-12-09 15:03:00+00:00,2024-12-09 15:03:00+00:00,pullback_long_open_7b7dd96cd520,1,market,0.0,3,1,20,12,
686740,686741,686742,686742,closed,target,22786.0,22798.0,22786.25,22797.75,22766.0,22798.0,12.0,11.5,11.0,220.0,10.0,0.5,2.0,2.0,3.0,2024-12-10 15:14:00+00:00,2024-12-10 15:14:00+00:00,2024-12-10 15:16:00+00:00,2024-12-10 15:17:00+00:00,pullback_long_open_7b7dd96cd520,1,market,0.0,3,1,20,12,
686745,686746,686748,686748,closed,timeout,22799.75,22785.25,22800.0,22785.0,22779.75,22811.75,-14.5,-15.0,-15.5,-310.0,10.0,0.5,3.0,3.0,16.75,2024-12-10 15:19:00+00:00,2024-12-10 15:19:00+00:00,2024-12-10 15:22:00+00:00,2024-12-10 15:22:00+00:00,pullback_long_open_7b7dd96cd520,1,market,0.0,3,1,20,12,
688071,688072,688072,688072,closed,target,22804.0,22816.0,22804.25,22815.75,22784.0,22816.0,12.0,11.5,11.0,220.0,10.0,0.5,1.0,1.0,2.75,2024-12-11 14:40:00+00:00,2024-12-11 14:40:00+00:00,2024-12-11 14:41:00+00:00,2024-12-11 14:43:00+00:00,pullback_long_open_7b7dd96cd520,1,market,0.0,3,1,20,12,
688096,688097,688097,688097,closed,target,22889.5,22901.5,22889.75,22901.25,22869.5,22901.5,12.0,11.5,11.0,220.0,10.0,0.5,1.0,1.0,0.75,2024-12-11 15:05:00+00:00,2024-12-11 15:05:00+00:00,2024-12-11 15:06:00+00:00,2024-12-11 15:08:00+00:00,pullback_long_open_7b7dd96cd520,1,market,0.0,3,1,20,12,
688109,688110,688112,688112,closed,timeout,22918.0,22910.25,22918.25,22910.0,22898.0,22930.0,-7.75,-8.25,-8.75,-175.0,10.0,0.5,3.0,3.0,15.5,2024-12-11 15:18:00+00:00,2024-12-11 15:18:00+00:00,2024-12-11 15:21:00+00:00,2024-12-11 15:21:00+00:00,pullback_long_open_7b7dd96cd520,1,market,0.0,3,1,20,12,
688136,688137,688139,688139,closed,timeout,22914.5,22915.25,22914.75,22915.0,22894.5,22926.5,0.75,0.25,-0.25,-5.0,10.0,0.5,3.0,3.0,7.0,2024-12-11 15:45:00+00:00,2024-12-11 15:45:00+00:00,2024-12-11 15:48:00+00:00,2024-12-11 15:48:00+00:00,pullback_long_open_7b7dd96cd520,1,market,0.0,3,1,20,12,
688142,688143,688144,688144,closed,stop,22912.75,22892.75,22913.0,22892.5,22892.75,22924.75,-20.0,-20.5,-21.0,-420.0,10.0,0.5,2.0,2.0,28.0,2024-12-11 15:51:00+00:00,2024-12-11 15:51:00+00:00,2024-12-11 15:53:00+00:00,2024-12-11 15:54:00+00:00,pullback_long_open_7b7dd96cd520,1,market,0.0,3,1,20,12,
689485,689486,689488,689488,closed,timeout,22905.5,22902.75,22905.75,22902.5,22885.5,22917.5,-2.75,-3.25,-3.75,-75.0,10.0,0.5,3.0,3.0,8.0,2024-12-12 15:30:00+00:00,2024-12-12 15:30:00+00:00,2024-12-12 15:33:00+00:00,2024-12-12 15:33:00+00:00,pullback_long_open_7b7dd96cd520,1,market,0.0,3,1,20,12,
689491,689492,689492,689492,closed,target,22894.75,22906.75,22895.0,22906.5,22874.75,22906.75,12.0,11.5,11.0,220.0,10.0,0.5,1.0,1.0,0.5,2024-12-12 15:36:00+00:00,2024-12-12 15:36:00+00:00,2024-12-12 15:37:00+00:00,2024-12-12 15:39:00+00:00,pullback_long_open_7b7dd96cd520,1,market,0.0,3,1,20,12,
689510,689511,689512,689512,closed,target,22912.25,22924.25,22912.5,22924.0,22892.25,22924.25,12.0,11.5,11.0,220.0,10.0,0.5,2.0,2.0,0.25,2024-12-12 15:55:00+00:00,2024-12-12 15:55:00+00:00,2024-12-12 15:57:00+00:00,2024-12-12 15:58:00+00:00,pullback_long_open_7b7dd96cd520,1,market,0.0,3,1,20,12,
690800,690801,690802,690802,closed,target,23031.0,23043.0,23031.25,23042.75,23011.0,23043.0,12.0,11.5,11.0,220.0,10.0,0.5,2.0,2.0,6.75,2024-12-13 14:40:00+00:00,2024-12-13 14:40:00+00:00,2024-12-13 14:42:00+00:00,2024-12-13 14:43:00+00:00,pullback_long_open_7b7dd96cd520,1,market,0.0,3,1,20,12,
690811,690812,690814,690814,closed,timeout,23090.75,23085.5,23091.0,23085.25,23070.75,23102.75,-5.25,-5.75,-6.25,-125.0,10.0,0.5,3.0,3.0,12.25,2024-12-13 14:51:00+00:00,2024-12-13 14:51:00+00:00,2024-12-13 14:54:00+00:00,2024-12-13 14:54:00+00:00,pullback_long_open_7b7dd96cd520,1,market,0.0,3,1,20,12,
690818,690819,690821,690821,closed,timeout,23083.25,23076.0,23083.5,23075.75,23063.25,23095.25,-7.25,-7.75,-8.25,-165.0,10.0,0.5,3.0,3.0,12.25,2024-12-13 14:58:00+00:00,2024-12-13 14:58:00+00:00,2024-12-13 15:01:00+00:00,2024-12-13 15:01:00+00:00,pullback_long_open_7b7dd96cd520,1,market,0.0,3,1,20,12,
690823,690824,690826,690826,closed,timeout,23072.0,23056.25,23072.25,23056.0,23052.0,23084.0,-15.75,-16.25,-16.75,-335.0,10.0,0.5,3.0,3.0,16.75,2024-12-13 15:03:00+00:00,2024-12-13 15:03:00+00:00,2024-12-13 15:06:00+00:00,2024-12-13 15:06:00+00:00,pullback_long_open_7b7dd96cd520,1,market,0.0,3,1,20,12,
692153,692154,692155,692155,closed,stop,23134.75,23114.75,23135.0,23114.5,23114.75,23146.75,-20.0,-20.5,-21.0,-420.0,10.0,0.5,2.0,2.0,20.5,2024-12-16 14:33:00+00:00,2024-12-16 14:33:00+00:00,2024-12-16 14:35:00+00:00,2024-12-16 14:36:00+00:00,pullback_long_open_7b7dd96cd520,1,market,0.0,3,1,20,12,
692155,692156,692158,692158,closed,timeout,23131.25,23117.75,23131.5,23117.5,23111.25,23143.25,-13.5,-14.0,-14.5,-290.0,10.0,0.5,3.0,3.0,19.75,2024-12-16 14:35:00+00:00,2024-12-16 14:35:00+00:00,2024-12-16 14:38:00+00:00,2024-12-16 14:38:00+00:00,pullback_long_open_7b7dd96cd520,1,market,0.0,3,1,20,12,
692164,692165,692167,692167,closed,timeout,23134.25,23140.5,23134.5,23140.25,23114.25,23146.25,6.25,5.75,5.25,105.0,10.0,0.5,3.0,3.0,19.75,2024-12-16 14:44:00+00:00,2024-12-16 14:44:00+00:00,2024-12-16 14:47:00+00:00,2024-12-16 14:47:00+00:00,pullback_long_open_7b7dd96cd520,1,market,0.0,3,1,20,12,
692167,692168,692170,692170,closed,target,23141.5,23153.5,23141.75,23153.25,23121.5,23153.5,12.0,11.5,11.0,220.0,10.0,0.5,3.0,3.0,15.0,2024-12-16 14:47:00+00:00,2024-12-16 14:47:00+00:00,2024-12-16 14:50:00+00:00,2024-12-16 14:50:00+00:00,pullback_long_open_7b7dd96cd520,1,market,0.0,3,1,20,12,
692179,692180,692181,692181,closed,target,23168.25,23180.25,23168.5,23180.0,23148.25,23180.25,12.0,11.5,11.0,220.0,10.0,0.5,2.0,2.0,1.25,2024-12-16 14:59:00+00:00,2024-12-16 14:59:00+00:00,2024-12-16 15:01:00+00:00,2024-12-16 15:02:00+00:00,pullback_long_open_7b7dd96cd520,1,market,0.0,3,1,20,12,
692189,692190,692192,692192,closed,timeout,23189.75,23176.0,23190.0,23175.75,23169.75,23201.75,-13.75,-14.25,-14.75,-295.0,10.0,0.5,3.0,3.0,15.75,2024-12-16 15:09:00+00:00,2024-12-16 15:09:00+00:00,2024-12-16 15:12:00+00:00,2024-12-16 15:12:00+00:00,pullback_long_open_7b7dd96cd520,1,market,0.0,3,1,20,12,
692193,692194,692196,692196,closed,timeout,23180.0,23165.25,23180.25,23165.0,23160.0,23192.0,-14.75,-15.25,-15.75,-315.0,10.0,0.5,3.0,3.0,17.0,2024-12-16 15:13:00+00:00,2024-12-16 15:13:00+00:00,2024-12-16 15:16:00+00:00,2024-12-16 15:16:00+00:00,pullback_long_open_7b7dd96cd520,1,market,0.0,3,1,20,12,
692198,692199,692201,692201,closed,stop,23171.75,23151.75,23172.0,23151.5,23151.75,23183.75,-20.0,-20.5,-21.0,-420.0,10.0,0.5,3.0,3.0,25.0,2024-12-16 15:18:00+00:00,2024-12-16 15:18:00+00:00,2024-12-16 15:21:00+00:00,2024-12-16 15:21:00+00:00,pullback_long_open_7b7dd96cd520,1,market,0.0,3,1,20,12,
692223,692224,692226,692226,closed,timeout,23205.5,23209.75,23205.75,23209.5,23185.5,23217.5,4.25,3.75,3.25,65.0,10.0,0.5,3.0,3.0,7.25,2024-12-16 15:43:00+00:00,2024-12-16 15:43:00+00:00,2024-12-16 15:46:00+00:00,2024-12-16 15:46:00+00:00,pullback_long_open_7b7dd96cd520,1,market,0.0,3,1,20,12,
693535,693536,693537,693537,closed,stop,23256.5,23236.5,23256.75,23236.25,23236.5,23268.5,-20.0,-20.5,-21.0,-420.0,10.0,0.5,2.0,2.0,27.5,2024-12-17 14:52:00+00:00,2024-12-17 14:52:00+00:00,2024-12-17 14:54:00+00:00,2024-12-17 14:55:00+00:00,pullback_long_open_7b7dd96cd520,1,market,0.0,3,1,20,12,
693538,693539,693540,693540,closed,target,23241.5,23253.5,23241.75,23253.25,23221.5,23253.5,12.0,11.5,11.0,220.0,10.0,0.5,2.0,2.0,8.0,2024-12-17 14:55:00+00:00,2024-12-17 14:55:00+00:00,2024-12-17 14:57:00+00:00,2024-12-17 14:58:00+00:00,pullback_long_open_7b7dd96cd520,1,market,0.0,3,1,20,12,
693587,693588,693588,693588,closed,target,23189.75,23201.75,23190.0,23201.5,23169.75,23201.75,12.0,11.5,11.0,220.0,10.0,0.5,1.0,1.0,0.25,2024-12-17 15:44:00+00:00,2024-12-17 15:44:00+00:00,2024-12-17 15:45:00+00:00,2024-12-17 15:47:00+00:00,pullback_long_open_7b7dd96cd520,1,market,0.0,3,1,20,12,
693590,693591,693593,693593,closed,timeout,23208.75,23212.75,23209.0,23212.5,23188.75,23220.75,4.0,3.5,3.0,60.0,10.0,0.5,3.0,3.0,13.25,2024-12-17 15:47:00+00:00,2024-12-17 15:47:00+00:00,2024-12-17 15:50:00+00:00,2024-12-17 15:50:00+00:00,pullback_long_open_7b7dd96cd520,1,market,0.0,3,1,20,12,
693601,693602,693604,693604,closed,target,23219.0,23231.0,23219.25,23230.75,23199.0,23231.0,12.0,11.5,11.0,220.0,10.0,0.5,3.0,3.0,6.0,2024-12-17 15:58:00+00:00,2024-12-17 15:58:00+00:00,2024-12-17 16:01:00+00:00,2024-12-17 16:01:00+00:00,pullback_long_open_7b7dd96cd520,1,market,0.0,3,1,20,12,
694910,694911,694913,694913,closed,target,23202.25,23214.25,23202.5,23214.0,23182.25,23214.25,12.0,11.5,11.0,220.0,10.0,0.5,3.0,3.0,17.75,2024-12-18 15:02:00+00:00,2024-12-18 15:02:00+00:00,2024-12-18 15:05:00+00:00,2024-12-18 15:05:00+00:00,pullback_long_open_7b7dd96cd520,1,market,0.0,3,1,20,12,
694927,694928,694930,694930,closed,timeout,23218.75,23221.75,23219.0,23221.5,23198.75,23230.75,3.0,2.5,2.0,40.0,10.0,0.5,3.0,3.0,14.5,2024-12-18 15:19:00+00:00,2024-12-18 15:19:00+00:00,2024-12-18 15:22:00+00:00,2024-12-18 15:22:00+00:00,pullback_long_open_7b7dd96cd520,1,market,0.0,3,1,20,12,
694952,694953,694953,694953,closed,target,23228.75,23240.75,23229.0,23240.5,23208.75,23240.75,12.0,11.5,11.0,220.0,10.0,0.5,1.0,1.0,1.25,2024-12-18 15:44:00+00:00,2024-12-18 15:44:00+00:00,2024-12-18 15:45:00+00:00,2024-12-18 15:47:00+00:00,pullback_long_open_7b7dd96cd520,1,market,0.0,3,1,20,12,
694964,694965,694967,694967,closed,timeout,23247.5,23241.75,23247.75,23241.5,23227.5,23259.5,-5.75,-6.25,-6.75,-135.0,10.0,0.5,3.0,3.0,6.0,2024-12-18 15:56:00+00:00,2024-12-18 15:56:00+00:00,2024-12-18 15:59:00+00:00,2024-12-18 15:59:00+00:00,pullback_long_open_7b7dd96cd520,1,market,0.0,3,1,20,12,
696247,696248,696249,696249,closed,stop,22597.75,22577.75,22598.0,22577.5,22577.75,22609.75,-20.0,-20.5,-21.0,-420.0,10.0,0.5,2.0,2.0,28.75,2024-12-19 14:34:00+00:00,2024-12-19 14:34:00+00:00,2024-12-19 14:36:00+00:00,2024-12-19 14:37:00+00:00,pullback_long_open_7b7dd96cd520,1,market,0.0,3,1,20,12,
696293,696294,696295,696295,closed,stop,22528.25,22508.25,22528.5,22508.0,22508.25,22540.25,-20.0,-20.5,-21.0,-420.0,10.0,0.5,2.0,2.0,28.5,2024-12-19 15:20:00+00:00,2024-12-19 15:20:00+00:00,2024-12-19 15:22:00+00:00,2024-12-19 15:23:00+00:00,pullback_long_open_7b7dd96cd520,1,market,0.0,3,1,20,12,
696327,696328,696330,696330,closed,stop,22457.5,22437.5,22457.75,22437.25,22437.5,22469.5,-20.0,-20.5,-21.0,-420.0,10.0,0.5,3.0,3.0,33.25,2024-12-19 15:54:00+00:00,2024-12-19 15:54:00+00:00,2024-12-19 15:57:00+00:00,2024-12-19 15:57:00+00:00,pullback_long_open_7b7dd96cd520,1,market,0.0,3,1,20,12,
697623,697624,697624,697624,closed,target,22176.75,22188.75,22177.0,22188.5,22156.75,22188.75,12.0,11.5,11.0,220.0,10.0,0.5,1.0,1.0,6.75,2024-12-20 14:45:00+00:00,2024-12-20 14:45:00+00:00,2024-12-20 14:46:00+00:00,2024-12-20 14:48:00+00:00,pullback_long_open_7b7dd96cd520,1,market,0.0,3,1,20,12,
697650,697651,697651,697651,closed,target,22202.75,22214.75,22203.0,22214.5,22182.75,22214.75,12.0,11.5,11.0,220.0,10.0,0.5,1.0,1.0,4.5,2024-12-20 15:12:00+00:00,2024-12-20 15:12:00+00:00,2024-12-20 15:13:00+00:00,2024-12-20 15:15:00+00:00,pullback_long_open_7b7dd96cd520,1,market,0.0,3,1,20,12,
697687,697688,697690,697690,closed,target,22417.5,22429.5,22417.75,22429.25,22397.5,22429.5,12.0,11.5,11.0,220.0,10.0,0.5,3.0,3.0,17.75,2024-12-20 15:49:00+00:00,2024-12-20 15:49:00+00:00,2024-12-20 15:52:00+00:00,2024-12-20 15:52:00+00:00,pullback_long_open_7b7dd96cd520,1,market,0.0,3,1,20,12,
698979,698980,698980,698980,closed,target,22572.25,22584.25,22572.5,22584.0,22552.25,22584.25,12.0,11.5,11.0,220.0,10.0,0.5,1.0,1.0,10.0,2024-12-23 14:36:00+00:00,2024-12-23 14:36:00+00:00,2024-12-23 14:37:00+00:00,2024-12-23 14:39:00+00:00,pullback_long_open_7b7dd96cd520,1,market,0.0,3,1,20,12,
698982,698983,698984,698984,closed,stop,22567.75,22547.75,22568.0,22547.5,22547.75,22579.75,-20.0,-20.5,-21.0,-420.0,10.0,0.5,2.0,2.0,29.75,2024-12-23 14:39:00+00:00,2024-12-23 14:39:00+00:00,2024-12-23 14:41:00+00:00,2024-12-23 14:42:00+00:00,pullback_long_open_7b7dd96cd520,1,market,0.0,3,1,20,12,
698985,698986,698987,698987,closed,stop,22567.75,22547.75,22568.0,22547.5,22547.75,22579.75,-20.0,-20.5,-21.0,-420.0,10.0,0.5,2.0,2.0,32.5,2024-12-23 14:42:00+00:00,2024-12-23 14:42:00+00:00,2024-12-23 14:44:00+00:00,2024-12-23 14:45:00+00:00,pullback_long_open_7b7dd96cd520,1,market,0.0,3,1,20,12,
700364,700365,700367,700367,closed,target,22795.25,22807.25,22795.5,22807.0,22775.25,22807.25,12.0,11.5,11.0,220.0,10.0,0.5,3.0,3.0,7.0,2024-12-24 14:56:00+00:00,2024-12-24 14:56:00+00:00,2024-12-24 14:59:00+00:00,2024-12-24 14:59:00+00:00,pullback_long_open_7b7dd96cd520,1,market,0.0,3,1,20,12,
700379,700380,700382,700382,closed,timeout,22833.75,22833.5,22834.0,22833.25,22813.75,22845.75,-0.25,-0.75,-1.25,-25.0,10.0,0.5,3.0,3.0,15.25,2024-12-24 15:11:00+00:00,2024-12-24 15:11:00+00:00,2024-12-24 15:14:00+00:00,2024-12-24 15:14:00+00:00,pullback_long_open_7b7dd96cd520,1,market,0.0,3,1,20,12,
700383,700384,700386,700386,closed,timeout,22838.5,22835.75,22838.75,22835.5,22818.5,22850.5,-2.75,-3.25,-3.75,-75.0,10.0,0.5,3.0,3.0,9.0,2024-12-24 15:15:00+00:00,2024-12-24 15:15:00+00:00,2024-12-24 15:18:00+00:00,2024-12-24 15:18:00+00:00,pullback_long_open_7b7dd96cd520,1,market,0.0,3,1,20,12,
700409,700410,700411,700411,closed,target,22850.5,22862.5,22850.75,22862.25,22830.5,22862.5,12.0,11.5,11.0,220.0,10.0,0.5,2.0,2.0,0.5,2024-12-24 15:41:00+00:00,2024-12-24 15:41:00+00:00,2024-12-24 15:43:00+00:00,2024-12-24 15:44:00+00:00,pullback_long_open_7b7dd96cd520,1,market,0.0,3,1,20,12,
700425,700426,700428,700428,closed,timeout,22873.0,22872.75,22873.25,22872.5,22853.0,22885.0,-0.25,-0.75,-1.25,-25.0,10.0,0.5,3.0,3.0,8.5,2024-12-24 15:57:00+00:00,2024-12-24 15:57:00+00:00,2024-12-24 16:00:00+00:00,2024-12-24 16:00:00+00:00,pullback_long_open_7b7dd96cd520,1,market,0.0,3,1,20,12,
701482,701483,701483,701483,closed,stop,22894.75,22874.75,22895.0,22874.5,22874.75,22906.75,-20.0,-20.5,-21.0,-420.0,10.0,0.5,1.0,1.0,20.5,2024-12-26 14:35:00+00:00,2024-12-26 14:35:00+00:00,2024-12-26 14:36:00+00:00,2024-12-26 14:38:00+00:00,pullback_long_open_7b7dd96cd520,1,market,0.0,3,1,20,12,
701488,701489,701491,701491,closed,timeout,22902.5,22890.75,22902.75,22890.5,22882.5,22914.5,-11.75,-12.25,-12.75,-255.0,10.0,0.5,3.0,3.0,18.25,2024-12-26 14:41:00+00:00,2024-12-26 14:41:00+00:00,2024-12-26 14:44:00+00:00,2024-12-26 14:44:00+00:00,pullback_long_open_7b7dd96cd520,1,market,0.0,3,1,20,12,
701492,701493,701495,701495,closed,timeout,22895.25,22897.0,22895.5,22896.75,22875.25,22907.25,1.75,1.25,0.75,15.0,10.0,0.5,3.0,3.0,8.0,2024-12-26 14:45:00+00:00,2024-12-26 14:45:00+00:00,2024-12-26 14:48:00+00:00,2024-12-26 14:48:00+00:00,pullback_long_open_7b7dd96cd520,1,market,0.0,3,1,20,12,
701521,701522,701524,701524,closed,timeout,22862.75,22847.25,22863.0,22847.0,22842.75,22874.75,-15.5,-16.0,-16.5,-330.0,10.0,0.5,3.0,3.0,19.75,2024-12-26 15:14:00+00:00,2024-12-26 15:14:00+00:00,2024-12-26 15:17:00+00:00,2024-12-26 15:17:00+00:00,pullback_long_open_7b7dd96cd520,1,market,0.0,3,1,20,12,
704280,704281,704282,704282,closed,target,22272.0,22284.0,22272.25,22283.75,22252.0,22284.0,12.0,11.5,11.0,220.0,10.0,0.5,2.0,2.0,5.5,2024-12-30 15:43:00+00:00,2024-12-30 15:43:00+00:00,2024-12-30 15:45:00+00:00,2024-12-30 15:46:00+00:00,pullback_long_open_7b7dd96cd520,1,market,0.0,3,1,20,12,
704289,704290,704290,704290,closed,stop,22237.0,22217.0,22237.25,22216.75,22217.0,22249.0,-20.0,-20.5,-21.0,-420.0,10.0,0.5,1.0,1.0,23.25,2024-12-30 15:52:00+00:00,2024-12-30 15:52:00+00:00,2024-12-30 15:53:00+00:00,2024-12-30 15:55:00+00:00,pullback_long_open_7b7dd96cd520,1,market,0.0,3,1,20,12,
705633,705634,705635,705635,closed,target,22336.0,22348.0,22336.25,22347.75,22316.0,22348.0,12.0,11.5,11.0,220.0,10.0,0.5,2.0,2.0,10.0,2024-12-31 15:31:00+00:00,2024-12-31 15:31:00+00:00,2024-12-31 15:33:00+00:00,2024-12-31 15:34:00+00:00,pullback_long_open_7b7dd96cd520,1,market,0.0,3,1,20,12,
