detection_index,entry_index,exit_index,termination_index,status,reason,reference_entry,exit_reference_price,entry_price,exit_price,stop_price,target_price,gross_points,fill_pnl_points,net_points,net_dollars,fees_dollars,slippage_points,holding_bars,holding_minutes,mae_points,detection_timestamp,entry_timestamp,exit_timestamp,expiry_timestamp,pattern_id,direction,entry_kind,entry_offset_points,horizon,pending_bars,stop_points,target_points,balance_after_dollars
355747,355748,355748,355748,closed,target,18789.25,18785.25,18789.0,18785.5,18809.25,18785.25,4.0,3.5,3.0,60.0,10.0,0.5,1.0,1.0,1.25,2024-01-02 14:34:00+00:00,2024-01-02 14:34:00+00:00,2024-01-02 14:35:00+00:00,2024-01-02 14:35:00+00:00,pullback_short_open_fa4d3938b097,-1,market,0.0,1,1,20,4,50060.0
355766,355767,355767,355767,closed,target,18691.25,18687.25,18691.0,18687.5,18711.25,18687.25,4.0,3.5,3.0,60.0,10.0,0.5,1.0,1.0,2.5,2024-01-02 14:53:00+00:00,2024-01-02 14:53:00+00:00,2024-01-02 14:54:00+00:00,2024-01-02 14:54:00+00:00,pullback_short_open_fa4d3938b097,-1,market,0.0,1,1,20,4,50120.0
355799,355800,355800,355800,closed,target,18685.5,18681.5,18685.25,18681.75,18705.5,18681.5,4.0,3.5,3.0,60.0,10.0,0.5,1.0,1.0,2.5,2024-01-02 15:26:00+00:00,2024-01-02 15:26:00+00:00,2024-01-02 15:27:00+00:00,2024-01-02 15:27:00+00:00,pullback_short_open_fa4d3938b097,-1,market,0.0,1,1,20,4,50180.0
355820,355821,355821,355821,closed,target,18652.0,18648.0,18651.75,18648.25,18672.0,18648.0,4.0,3.5,3.0,60.0,10.0,0.5,1.0,1.0,0.75,2024-01-02 15:47:00+00:00,2024-01-02 15:47:00+00:00,2024-01-02 15:48:00+00:00,2024-01-02 15:48:00+00:00,pullback_short_open_fa4d3938b097,-1,market,0.0,1,1,20,4,50240.0
355821,355822,355822,355822,closed,target,18647.25,18643.25,18647.0,18643.5,18667.25,18643.25,4.0,3.5,3.0,60.0,10.0,0.5,1.0,1.0,0.5,2024-01-02 15:48:00+00:00,2024-01-02 15:48:00+00:00,2024-01-02 15:49:00+00:00,2024-01-02 15:49:00+00:00,pullback_short_open_fa4d3938b097,-1,market,0.0,1,1,20,4,50300.0
357140,357141,357141,357141,closed,stop,18544.75,18564.75,18544.5,18565.0,18564.75,18540.75,-20.0,-20.5,-21.0,-420.0,10.0,0.5,1.0,1.0,29.0,2024-01-03 15:02:00+00:00,2024-01-03 15:02:00+00:00,2024-01-03 15:03:00+00:00,2024-01-03 15:03:00+00:00,pullback_short_open_fa4d3938b097,-1,market,0.0,1,1,20,4,49880.0
357164,357165,357165,357165,closed,timeout,18510.25,18519.25,18510.0,18519.5,18530.25,18506.25,-9.0,-9.5,-10.0,-200.0,10.0,0.5,1.0,1.0,11.25,2024-01-03 15:26:00+00:00,2024-01-03 15:26:00+00:00,2024-01-03 15:27:00+00:00,2024-01-03 15:27:00+00:00,pullback_short_open_fa4d3938b097,-1,market,0.0,1,1,20,4,49680.0
357168,357169,357169,357169,closed,timeout,18520.75,18526.25,18520.5,18526.5,18540.75,18516.75,-5.5,-6.0,-6.5,-130.0,10.0,0.5,1.0,1.0,8.5,2024-01-03 15:30:00+00:00,2024-01-03 15:30:00+00:00,2024-01-03 15:31:00+00:00,2024-01-03 15:31:00+00:00,pullback_short_open_fa4d3938b097,-1,market,0.0,1,1,20,4,49550.0
357194,357195,357195,357195,closed,timeout,18511.25,18517.0,18511.0,18517.25,18531.25,18507.25,-5.75,-6.25,-6.75,-135.0,10.0,0.5,1.0,1.0,10.25,2024-01-03 15:56:00+00:00,2024-01-03 15:56:00+00:00,2024-01-03 15:57:00+00:00,2024-01-03 15:57:00+00:00,pullback_short_open_fa4d3938b097,-1,market,0.0,1,1,20,4,49415.0
362589,362590,362590,362590,closed,target,18614.75,18610.75,18614.5,18611.0,18634.75,18610.75,4.0,3.5,3.0,60.0,10.0,0.5,1.0,1.0,17.25,2024-01-09 14:52:00+00:00,2024-01-09 14:52:00+00:00,2024-01-09 14:53:00+00:00,2024-01-09 14:53:00+00:00,pullback_short_open_fa4d3938b097,-1,market,0.0,1,1,20,4,49475.0
362591,362592,362592,362592,closed,target,18621.75,18617.75,18621.5,18618.0,18641.75,18617.75,4.0,3.5,3.0,60.0,10.0,0.5,1.0,1.0,4.25,2024-01-09 14:54:00+00:00,2024-01-09 14:54:00+00:00,2024-01-09 14:55:00+00:00,2024-01-09 14:55:00+00:00,pullback_short_open_fa4d3938b097,-1,market,0.0,1,1,20,4,49535.0
362592,362593,362593,362593,closed,target,18617.0,18613.0,18616.75,18613.25,18637.0,18613.0,4.0,3.5,3.0,60.0,10.0,0.5,1.0,1.0,13.75,2024-01-09 14:55:00+00:00,2024-01-09 14:55:00+00:00,2024-01-09 14:56:00+00:00,2024-01-09 14:56:00+00:00,pullback_short_open_fa4d3938b097,-1,market,0.0,1,1,20,4,49595.0
363957,363958,363958,363958,closed,target,18764.25,18760.25,18764.0,18760.5,18784.25,18760.25,4.0,3.5,3.0,60.0,10.0,0.5,1.0,1.0,1.0,2024-01-10 14:55:00+00:00,2024-01-10 14:55:00+00:00,2024-01-10 14:56:00+00:00,2024-01-10 14:56:00+00:00,pullback_short_open_fa4d3938b097,-1,market,0.0,1,1,20,4,49655.0
363963,363964,363964,363964,closed,target,18771.0,18767.0,18770.75,18767.25,18791.0,18767.0,4.0,3.5,3.0,60.0,10.0,0.5,1.0,1.0,3.75,2024-01-10 15:01:00+00:00,2024-01-10 15:01:00+00:00,2024-01-10 15:02:00+00:00,2024-01-10 15:02:00+00:00,pullback_short_open_fa4d3938b097,-1,market,0.0,1,1,20,4,49715.0
363964,363965,363965,363965,closed,target,18764.5,18760.5,18764.25,18760.75,18784.5,18760.5,4.0,3.5,3.0,60.0,10.0,0.5,1.0,1.0,3.0,2024-01-10 15:02:00+00:00,2024-01-10 15:02:00+00:00,2024-01-10 15:03:00+00:00,2024-01-10 15:03:00+00:00,pullback_short_open_fa4d3938b097,-1,market,0.0,1,1,20,4,49775.0
365320,365321,365321,365321,closed,target,18886.25,18882.25,18886.0,18882.5,18906.25,18882.25,4.0,3.5,3.0,60.0,10.0,0.5,1.0,1.0,2.0,2024-01-11 14:53:00+00:00,2024-01-11 14:53:00+00:00,2024-01-11 14:54:00+00:00,2024-01-11 14:54:00+00:00,pullback_short_open_fa4d3938b097,-1,market,0.0,1,1,20,4,49835.0
365324,365325,365325,365325,closed,timeout,18879.25,18881.0,18879.0,18881.25,18899.25,18875.25,-1.75,-2.25,-2.75,-55.0,10.0,0.5,1.0,1.0,7.75,2024-01-11 14:57:00+00:00,2024-01-11 14:57:00+00:00,2024-01-11 14:58:00+00:00,2024-01-11 14:58:00+00:00,pullback_short_open_fa4d3938b097,-1,market,0.0,1,1,20,4,49780.0
365340,365341,365341,365341,closed,timeout,18787.25,18796.25,18787.0,18796.5,18807.25,18783.25,-9.0,-9.5,-10.0,-200.0,10.0,0.5,1.0,1.0,10.5,2024-01-11 15:13:00+00:00,2024-01-11 15:13:00+00:00,2024-01-11 15:14:00+00:00,2024-01-11 15:14:00+00:00,pullback_short_open_fa4d3938b097,-1,market,0.0,1,1,20,4,49580.0
365342,365343,365343,365343,closed,target,18779.0,18775.0,18778.75,18775.25,18799.0,18775.0,4.0,3.5,3.0,60.0,10.0,0.5,1.0,1.0,10.75,2024-01-11 15:15:00+00:00,2024-01-11 15:15:00+00:00,2024-01-11 15:16:00+00:00,2024-01-11 15:16:00+00:00,pullback_short_open_fa4d3938b097,-1,market,0.0,1,1,20,4,49640.0
365348,365349,365349,365349,closed,timeout,18818.25,18833.5,18818.0,18833.75,18838.25,18814.25,-15.25,-15.75,-16.25,-325.0,10.0,0.5,1.0,1.0,19.0,2024-01-11 15:21:00+00:00,2024-01-11 15:21:00+00:00,2024-01-11 15:22:00+00:00,2024-01-11 15:22:00+00:00,pullback_short_open_fa4d3938b097,-1,market,0.0,1,1,20,4,49315.0
365350,365351,365351,365351,closed,target,18827.0,18823.0,18826.75,18823.25,18847.0,18823.0,4.0,3.5,3.0,60.0,10.0,0.5,1.0,1.0,2.75,2024-01-11 15:23:00+00:00,2024-01-11 15:23:00+00:00,2024-01-11 15:24:00+00:00,2024-01-11 15:24:00+00:00,pullback_short_open_fa4d3938b097,-1,market,0.0,1,1,20,4,49375.0
365351,365352,365352,365352,closed,timeout,18821.75,18823.75,18821.5,18824.0,18841.75,18817.75,-2.0,-2.5,-3.0,-60.0,10.0,0.5,1.0,1.0,7.0,2024-01-11 15:24:00+00:00,2024-01-11 15:24:00+00:00,2024-01-11 15:25:00+00:00,2024-01-11 15:25:00+00:00,pullback_short_open_fa4d3938b097,-1,market,0.0,1,1,20,4,49315.0
365386,365387,365387,365387,closed,target,18800.5,18796.5,18800.25,18796.75,18820.5,18796.5,4.0,3.5,3.0,60.0,10.0,0.5,1.0,1.0,2.0,2024-01-11 15:59:00+00:00,2024-01-11 15:59:00+00:00,2024-01-11 16:00:00+00:00,2024-01-11 16:00:00+00:00,pullback_short_open_fa4d3938b097,-1,market,0.0,1,1,20,4,49375.0
366697,366698,366698,366698,closed,target,18900.5,18896.5,18900.25,18896.75,18920.5,18896.5,4.0,3.5,3.0,60.0,10.0,0.5,1.0,1.0,13.5,2024-01-12 15:05:00+00:00,2024-01-12 15:05:00+00:00,2024-01-12 15:06:00+00:00,2024-01-12 15:06:00+00:00,pullback_short_open_fa4d3938b097,-1,market,0.0,1,1,20,4,49435.0
366704,366705,366705,366705,closed,target,18917.75,18913.75,18917.5,18914.0,18937.75,18913.75,4.0,3.5,3.0,60.0,10.0,0.5,1.0,1.0,4.25,2024-01-12 15:12:00+00:00,2024-01-12 15:12:00+00:00,2024-01-12 15:13:00+00:00,2024-01-12 15:13:00+00:00,pullback_short_open_fa4d3938b097,-1,market,0.0,1,1,20,4,49495.0
366709,366710,366710,366710,closed,target,18908.5,18904.5,18908.25,18904.75,18928.5,18904.5,4.0,3.5,3.0,60.0,10.0,0.5,1.0,1.0,7.25,2024-01-12 15:17:00+00:00,2024-01-12 15:17:00+00:00,2024-01-12 15:18:00+00:00,2024-01-12 15:18:00+00:00,pullback_short_open_fa4d3938b097,-1,market,0.0,1,1,20,4,49555.0
366719,366720,366720,366720,closed,target,18898.75,18894.75,18898.5,18895.0,18918.75,18894.75,4.0,3.5,3.0,60.0,10.0,0.5,1.0,1.0,9.75,2024-01-12 15:27:00+00:00,2024-01-12 15:27:00+00:00,2024-01-12 15:28:00+00:00,2024-01-12 15:28:00+00:00,pullback_short_open_fa4d3938b097,-1,market,0.0,1,1,20,4,49615.0
366722,366723,366723,366723,closed,timeout,18907.5,18924.25,18907.25,18924.5,18927.5,18903.5,-16.75,-17.25,-17.75,-355.0,10.0,0.5,1.0,1.0,18.0,2024-01-12 15:30:00+00:00,2024-01-12 15:30:00+00:00,2024-01-12 15:31:00+00:00,2024-01-12 15:31:00+00:00,pullback_short_open_fa4d3938b097,-1,market,0.0,1,1,20,4,49260.0
366741,366742,366742,366742,closed,target,18890.0,18886.0,18889.75,18886.25,18910.0,18886.0,4.0,3.5,3.0,60.0,10.0,0.5,1.0,1.0,0.5,2024-01-12 15:49:00+00:00,2024-01-12 15:49:00+00:00,2024-01-12 15:50:00+00:00,2024-01-12 15:50:00+00:00,pullback_short_open_fa4d3938b097,-1,market,0.0,1,1,20,4,49320.0
366749,366750,366750,366750,closed,timeout,18868.25,18876.25,18868.0,18876.5,18888.25,18864.25,-8.0,-8.5,-9.0,-180.0,10.0,0.5,1.0,1.0,12.5,2024-01-12 15:57:00+00:00,2024-01-12 15:57:00+00:00,2024-01-12 15:58:00+00:00,2024-01-12 15:58:00+00:00,pullback_short_open_fa4d3938b097,-1,market,0.0,1,1,20,4,49140.0
368053,368054,368054,368054,closed,timeout,18888.25,18893.0,18888.0,18893.25,18908.25,18884.25,-4.75,-5.25,-5.75,-115.0,10.0,0.5,1.0,1.0,6.0,2024-01-15 14:56:00+00:00,2024-01-15 14:56:00+00:00,2024-01-15 14:57:00+00:00,2024-01-15 14:57:00+00:00,pullback_short_open_fa4d3938b097,-1,market,0.0,1,1,20,4,49025.0
368055,368056,368056,368056,closed,timeout,18891.5,18893.0,18891.25,18893.25,18911.5,18887.5,-1.5,-2.0,-2.5,-50.0,10.0,0.5,1.0,1.0,2.5,2024-01-15 14:58:00+00:00,2024-01-15 14:58:00+00:00,2024-01-15 14:59:00+00:00,2024-01-15 14:59:00+00:00,pullback_short_open_fa4d3938b097,-1,market,0.0,1,1,20,4,48975.0
368061,368062,368062,368062,closed,timeout,18892.25,18890.25,18892.0,18890.5,18912.25,18888.25,2.0,1.5,1.0,20.0,10.0,0.5,1.0,1.0,0.75,2024-01-15 15:04:00+00:00,2024-01-15 15:04:00+00:00,2024-01-15 15:05:00+00:00,2024-01-15 15:05:00+00:00,pullback_short_open_fa4d3938b097,-1,market,0.0,1,1,20,4,48995.0
368077,368078,368078,368078,closed,timeout,18888.5,18890.0,18888.25,18890.25,18908.5,18884.5,-1.5,-2.0,-2.5,-50.0,10.0,0.5,1.0,1.0,2.0,2024-01-15 15:20:00+00:00,2024-01-15 15:20:00+00:00,2024-01-15 15:21:00+00:00,2024-01-15 15:21:00+00:00,pullback_short_open_fa4d3938b097,-1,market,0.0,1,1,20,4,48945.0
368080,368081,368081,368081,closed,target,18889.75,18885.75,18889.5,18886.0,18909.75,18885.75,4.0,3.5,3.0,60.0,10.0,0.5,1.0,1.0,0.75,2024-01-15 15:23:00+00:00,2024-01-15 15:23:00+00:00,2024-01-15 15:24:00+00:00,2024-01-15 15:24:00+00:00,pullback_short_open_fa4d3938b097,-1,market,0.0,1,1,20,4,49005.0
369187,369188,369188,369188,closed,target,18815.75,18811.75,18815.5,18812.0,18835.75,18811.75,4.0,3.5,3.0,60.0,10.0,0.5,1.0,1.0,3.0,2024-01-16 14:50:00+00:00,2024-01-16 14:50:00+00:00,2024-01-16 14:51:00+00:00,2024-01-16 14:51:00+00:00,pullback_short_open_fa4d3938b097,-1,market,0.0,1,1,20,4,49065.0
369191,369192,369192,369192,closed,target,18818.0,18814.0,18817.75,18814.25,18838.0,18814.0,4.0,3.5,3.0,60.0,10.0,0.5,1.0,1.0,8.5,2024-01-16 14:54:00+00:00,2024-01-16 14:54:00+00:00,2024-01-16 14:55:00+00:00,2024-01-16 14:55:00+00:00,pullback_short_open_fa4d3938b097,-1,market,0.0,1,1,20,4,49125.0
370533,370534,370534,370534,closed,target,18764.75,18760.75,18764.5,18761.0,18784.75,18760.75,4.0,3.5,3.0,60.0,10.0,0.5,1.0,1.0,4.5,2024-01-17 14:31:00+00:00,2024-01-17 14:31:00+00:00,2024-01-17 14:32:00+00:00,2024-01-17 14:32:00+00:00,pullback_short_open_fa4d3938b097,-1,market,0.0,1,1,20,4,49185.0
370545,370546,370546,370546,closed,target,18707.25,18703.25,18707.0,18703.5,18727.25,18703.25,4.0,3.5,3.0,60.0,10.0,0.5,1.0,1.0,0.25,2024-01-17 14:43:00+00:00,2024-01-17 14:43:00+00:00,2024-01-17 14:44:00+00:00,2024-01-17 14:44:00+00:00,pullback_short_open_fa4d3938b097,-1,market,0.0,1,1,20,4,49245.0
370553,370554,370554,370554,closed,target,18665.25,18661.25,18665.0,18661.5,18685.25,18661.25,4.0,3.5,3.0,60.0,10.0,0.5,1.0,1.0,3.25,2024-01-17 14:51:00+00:00,2024-01-17 14:51:00+00:00,2024-01-17 14:52:00+00:00,2024-01-17 14:52:00+00:00,pullback_short_open_fa4d3938b097,-1,market,0.0,1,1,20,4,49305.0
371897,371898,371898,371898,closed,stop,18938.25,18958.25,18938.0,18958.5,18958.25,18934.25,-20.0,-20.5,-21.0,-420.0,10.0,0.5,1.0,1.0,37.0,2024-01-18 14:30:00+00:00,2024-01-18 14:30:00+00:00,2024-01-18 14:31:00+00:00,2024-01-18 14:31:00+00:00,pullback_short_open_fa4d3938b097,-1,market,0.0,1,1,20,4,48885.0
371937,371938,371938,371938,closed,timeout,18938.25,18948.0,18938.0,18948.25,18958.25,18934.25,-9.75,-10.25,-10.75,-215.0,10.0,0.5,1.0,1.0,12.0,2024-01-18 15:10:00+00:00,2024-01-18 15:10:00+00:00,2024-01-18 15:11:00+00:00,2024-01-18 15:11:00+00:00,pullback_short_open_fa4d3938b097,-1,market,0.0,1,1,20,4,48670.0
373268,373269,373269,373269,closed,timeout,19122.0,19134.75,19121.75,19135.0,19142.0,19118.0,-12.75,-13.25,-13.75,-275.0,10.0,0.5,1.0,1.0,15.75,2024-01-19 14:36:00+00:00,2024-01-19 14:36:00+00:00,2024-01-19 14:37:00+00:00,2024-01-19 14:37:00+00:00,pullback_short_open_fa4d3938b097,-1,market,0.0,1,1,20,4,48395.0
373272,373273,373273,373273,closed,target,19131.25,19127.25,19131.0,19127.5,19151.25,19127.25,4.0,3.5,3.0,60.0,10.0,0.5,1.0,1.0,3.25,2024-01-19 14:40:00+00:00,2024-01-19 14:40:00+00:00,2024-01-19 14:41:00+00:00,2024-01-19 14:41:00+00:00,pullback_short_open_fa4d3938b097,-1,market,0.0,1,1,20,4,48455.0
373273,373274,373274,373274,closed,timeout,19128.0,19131.0,19127.75,19131.25,19148.0,19124.0,-3.0,-3.5,-4.0,-80.0,10.0,0.5,1.0,1.0,12.5,2024-01-19 14:41:00+00:00,2024-01-19 14:41:00+00:00,2024-01-19 14:42:00+00:00,2024-01-19 14:42:00+00:00,pullback_short_open_fa4d3938b097,-1,market,0.0,1,1,20,4,48375.0
373277,373278,373278,373278,closed,timeout,19134.0,19142.5,19133.75,19142.75,19154.0,19130.0,-8.5,-9.0,-9.5,-190.0,10.0,0.5,1.0,1.0,10.0,2024-01-19 14:45:00+00:00,2024-01-19 14:45:00+00:00,2024-01-19 14:46:00+00:00,2024-01-19 14:46:00+00:00,pullback_short_open_fa4d3938b097,-1,market,0.0,1,1,20,4,48185.0
374692,374693,374693,374693,closed,target,19414.0,19410.0,19413.75,19410.25,19434.0,19410.0,4.0,3.5,3.0,60.0,10.0,0.5,1.0,1.0,7.5,2024-01-22 15:35:00+00:00,2024-01-22 15:35:00+00:00,2024-01-22 15:36:00+00:00,2024-01-22 15:36:00+00:00,pullback_short_open_fa4d3938b097,-1,market,0.0,1,1,20,4,48245.0
374694,374695,374695,374695,closed,timeout,19408.25,19418.0,19408.0,19418.25,19428.25,19404.25,-9.75,-10.25,-10.75,-215.0,10.0,0.5,1.0,1.0,10.25,2024-01-22 15:37:00+00:00,2024-01-22 15:37:00+00:00,2024-01-22 15:38:00+00:00,2024-01-22 15:38:00+00:00,pullback_short_open_fa4d3938b097,-1,market,0.0,1,1,20,4,48030.0
374698,374699,374699,374699,closed,target,19418.0,19414.0,19417.75,19414.25,19438.0,19414.0,4.0,3.5,3.0,60.0,10.0,0.5,1.0,1.0,9.0,2024-01-22 15:41:00+00:00,2024-01-22 15:41:00+00:00,2024-01-22 15:42:00+00:00,2024-01-22 15:42:00+00:00,pullback_short_open_fa4d3938b097,-1,market,0.0,1,1,20,4,48090.0
374700,374701,374701,374701,closed,timeout,19416.25,19423.25,19416.0,19423.5,19436.25,19412.25,-7.0,-7.5,-8.0,-160.0,10.0,0.5,1.0,1.0,9.25,2024-01-22 15:43:00+00:00,2024-01-22 15:43:00+00:00,2024-01-22 15:44:00+00:00,2024-01-22 15:44:00+00:00,pullback_short_open_fa4d3938b097,-1,market,0.0,1,1,20,4,47930.0
374711,374712,374712,374712,closed,timeout,19407.0,19412.25,19406.75,19412.5,19427.0,19403.0,-5.25,-5.75,-6.25,-125.0,10.0,0.5,1.0,1.0,8.5,2024-01-22 15:54:00+00:00,2024-01-22 15:54:00+00:00,2024-01-22 15:55:00+00:00,2024-01-22 15:55:00+00:00,pullback_short_open_fa4d3938b097,-1,market,0.0,1,1,20,4,47805.0
374713,374714,374714,374714,closed,target,19403.0,19399.0,19402.75,19399.25,19423.0,19399.0,4.0,3.5,3.0,60.0,10.0,0.5,1.0,1.0,3.0,2024-01-22 15:56:00+00:00,2024-01-22 15:56:00+00:00,2024-01-22 15:57:00+00:00,2024-01-22 15:57:00+00:00,pullback_short_open_fa4d3938b097,-1,market,0.0,1,1,20,4,47865.0
376004,376005,376005,376005,closed,timeout,19395.0,19409.75,19394.75,19410.0,19415.0,19391.0,-14.75,-15.25,-15.75,-315.0,10.0,0.5,1.0,1.0,18.25,2024-01-23 14:42:00+00:00,2024-01-23 14:42:00+00:00,2024-01-23 14:43:00+00:00,2024-01-23 14:43:00+00:00,pullback_short_open_fa4d3938b097,-1,market,0.0,1,1,20,4,47550.0
376054,376055,376055,376055,closed,target,19398.25,19394.25,19398.0,19394.5,19418.25,19394.25,4.0,3.5,3.0,60.0,10.0,0.5,1.0,1.0,0.25,2024-01-23 15:32:00+00:00,2024-01-23 15:32:00+00:00,2024-01-23 15:33:00+00:00,2024-01-23 15:33:00+00:00,pullback_short_open_fa4d3938b097,-1,market,0.0,1,1,20,4,47610.0
376055,376056,376056,376056,closed,timeout,19390.5,19391.5,19390.25,19391.75,19410.5,19386.5,-1.0,-1.5,-2.0,-40.0,10.0,0.5,1.0,1.0,4.75,2024-01-23 15:33:00+00:00,2024-01-23 15:33:00+00:00,2024-01-23 15:34:00+00:00,2024-01-23 15:34:00+00:00,pullback_short_open_fa4d3938b097,-1,market,0.0,1,1,20,4,47570.0
377370,377371,377371,377371,closed,timeout,19589.0,19596.25,19588.75,19596.5,19609.0,19585.0,-7.25,-7.75,-8.25,-165.0,10.0,0.5,1.0,1.0,11.25,2024-01-24 14:43:00+00:00,2024-01-24 14:43:00+00:00,2024-01-24 14:44:00+00:00,2024-01-24 14:44:00+00:00,pullback_short_open_fa4d3938b097,-1,market,0.0,1,1,20,4,47405.0
377373,377374,377374,377374,closed,timeout,19589.5,19598.5,19589.25,19598.75,19609.5,19585.5,-9.0,-9.5,-10.0,-200.0,10.0,0.5,1.0,1.0,12.5,2024-01-24 14:46:00+00:00,2024-01-24 14:46:00+00:00,2024-01-24 14:47:00+00:00,2024-01-24 14:47:00+00:00,pullback_short_open_fa4d3938b097,-1,market,0.0,1,1,20,4,47205.0
377376,377377,377377,377377,closed,target,19601.0,19597.0,19600.75,19597.25,19621.0,19597.0,4.0,3.5,3.0,60.0,10.0,0.5,1.0,1.0,0.5,2024-01-24 14:49:00+00:00,2024-01-24 14:49:00+00:00,2024-01-24 14:50:00+00:00,2024-01-24 14:50:00+00:00,pullback_short_open_fa4d3938b097,-1,market,0.0,1,1,20,4,47265.0
377377,377378,377378,377378,closed,timeout,19595.75,19608.25,19595.5,19608.5,19615.75,19591.75,-12.5,-13.0,-13.5,-270.0,10.0,0.5,1.0,1.0,14.75,2024-01-24 14:50:00+00:00,2024-01-24 14:50:00+00:00,2024-01-24 14:51:00+00:00,2024-01-24 14:51:00+00:00,pullback_short_open_fa4d3938b097,-1,market,0.0,1,1,20,4,46995.0
378729,378730,378730,378730,closed,target,19631.25,19627.25,19631.0,19627.5,19651.25,19627.25,4.0,3.5,3.0,60.0,10.0,0.5,1.0,1.0,15.25,2024-01-25 14:37:00+00:00,2024-01-25 14:37:00+00:00,2024-01-25 14:38:00+00:00,2024-01-25 14:38:00+00:00,pullback_short_open_fa4d3938b097,-1,market,0.0,1,1,20,4,47055.0
378732,378733,378733,378733,closed,timeout,19633.25,19633.0,19633.0,19633.25,19653.25,19629.25,0.25,-0.25,-0.75,-15.0,10.0,0.5,1.0,1.0,14.25,2024-01-25 14:40:00+00:00,2024-01-25 14:40:00+00:00,2024-01-25 14:41:00+00:00,2024-01-25 14:41:00+00:00,pullback_short_open_fa4d3938b097,-1,market,0.0,1,1,20,4,47040.0
378805,378806,378806,378806,closed,target,19638.0,19634.0,19637.75,19634.25,19658.0,19634.0,4.0,3.5,3.0,60.0,10.0,0.5,1.0,1.0,4.0,2024-01-25 15:53:00+00:00,2024-01-25 15:53:00+00:00,2024-01-25 15:54:00+00:00,2024-01-25 15:54:00+00:00,pullback_short_open_fa4d3938b097,-1,market,0.0,1,1,20,4,47100.0
380089,380090,380090,380090,closed,target,19493.75,19489.75,19493.5,19490.0,19513.75,19489.75,4.0,3.5,3.0,60.0,10.0,0.5,1.0,1.0,13.0,2024-01-26 14:32:00+00:00,2024-01-26 14:32:00+00:00,2024-01-26 14:33:00+00:00,2024-01-26 14:33:00+00:00,pullback_short_open_fa4d3938b097,-1,market,0.0,1,1,20,4,47160.0
381490,381491,381491,381491,closed,timeout,19478.5,19488.5,19478.25,19488.75,19498.5,19474.5,-10.0,-10.5,-11.0,-220.0,10.0,0.5,1.0,1.0,11.5,2024-01-29 15:08:00+00:00,2024-01-29 15:08:00+00:00,2024-01-29 15:09:00+00:00,2024-01-29 15:09:00+00:00,pullback_short_open_fa4d3938b097,-1,market,0.0,1,1,20,4,46940.0
381494,381495,381495,381495,closed,timeout,19494.5,19503.5,19494.25,19503.75,19514.5,19490.5,-9.0,-9.5,-10.0,-200.0,10.0,0.5,1.0,1.0,11.0,2024-01-29 15:12:00+00:00,2024-01-29 15:12:00+00:00,2024-01-29 15:13:00+00:00,2024-01-29 15:13:00+00:00,pullback_short_open_fa4d3938b097,-1,market,0.0,1,1,20,4,46740.0
381515,381516,381516,381516,closed,target,19491.5,19487.5,19491.25,19487.75,19511.5,19487.5,4.0,3.5,3.0,60.0,10.0,0.5,1.0,1.0,0.75,2024-01-29 15:33:00+00:00,2024-01-29 15:33:00+00:00,2024-01-29 15:34:00+00:00,2024-01-29 15:34:00+00:00,pullback_short_open_fa4d3938b097,-1,market,0.0,1,1,20,4,46800.0
381518,381519,381519,381519,closed,target,19478.5,19474.5,19478.25,19474.75,19498.5,19474.5,4.0,3.5,3.0,60.0,10.0,0.5,1.0,1.0,2.25,2024-01-29 15:36:00+00:00,2024-01-29 15:36:00+00:00,2024-01-29 15:37:00+00:00,2024-01-29 15:37:00+00:00,pullback_short_open_fa4d3938b097,-1,market,0.0,1,1,20,4,46860.0
382844,382845,382845,382845,closed,timeout,19607.0,19609.75,19606.75,19610.0,19627.0,19603.0,-2.75,-3.25,-3.75,-75.0,10.0,0.5,1.0,1.0,6.0,2024-01-30 14:58:00+00:00,2024-01-30 14:58:00+00:00,2024-01-30 14:59:00+00:00,2024-01-30 14:59:00+00:00,pullback_short_open_fa4d3938b097,-1,market,0.0,1,1,20,4,46785.0
382852,382853,382853,382853,closed,target,19574.5,19570.5,19574.25,19570.75,19594.5,19570.5,4.0,3.5,3.0,60.0,10.0,0.5,1.0,1.0,13.5,2024-01-30 15:06:00+00:00,2024-01-30 15:06:00+00:00,2024-01-30 15:07:00+00:00,2024-01-30 15:07:00+00:00,pullback_short_open_fa4d3938b097,-1,market,0.0,1,1,20,4,46845.0
382858,382859,382859,382859,closed,timeout,19592.5,19593.25,19592.25,19593.5,19612.5,19588.5,-0.75,-1.25,-1.75,-35.0,10.0,0.5,1.0,1.0,9.25,2024-01-30 15:12:00+00:00,2024-01-30 15:12:00+00:00,2024-01-30 15:13:00+00:00,2024-01-30 15:13:00+00:00,pullback_short_open_fa4d3938b097,-1,market,0.0,1,1,20,4,46810.0
382866,382867,382867,382867,closed,target,19596.75,19592.75,19596.5,19593.0,19616.75,19592.75,4.0,3.5,3.0,60.0,10.0,0.5,1.0,1.0,6.25,2024-01-30 15:20:00+00:00,2024-01-30 15:20:00+00:00,2024-01-30 15:21:00+00:00,2024-01-30 15:21:00+00:00,pullback_short_open_fa4d3938b097,-1,market,0.0,1,1,20,4,46870.0
382896,382897,382897,382897,closed,target,19576.5,19572.5,19576.25,19572.75,19596.5,19572.5,4.0,3.5,3.0,60.0,10.0,0.5,1.0,1.0,0.25,2024-01-30 15:50:00+00:00,2024-01-30 15:50:00+00:00,2024-01-30 15:51:00+00:00,2024-01-30 15:51:00+00:00,pullback_short_open_fa4d3938b097,-1,market,0.0,1,1,20,4,46930.0
382897,382898,382898,382898,closed,timeout,19572.25,19579.75,19572.0,19580.0,19592.25,19568.25,-7.5,-8.0,-8.5,-170.0,10.0,0.5,1.0,1.0,9.0,2024-01-30 15:51:00+00:00,2024-01-30 15:51:00+00:00,2024-01-30 15:52:00+00:00,2024-01-30 15:52:00+00:00,pullback_short_open_fa4d3938b097,-1,market,0.0,1,1,20,4,46760.0
384183,384184,384184,384184,closed,target,19329.5,19325.5,19329.25,19325.75,19349.5,19325.5,4.0,3.5,3.0,60.0,10.0,0.5,1.0,1.0,13.25,2024-01-31 14:32:00+00:00,2024-01-31 14:32:00+00:00,2024-01-31 14:33:00+00:00,2024-01-31 14:33:00+00:00,pullback_short_open_fa4d3938b097,-1,market,0.0,1,1,20,4,46820.0
384198,384199,384199,384199,closed,target,19298.0,19294.0,19297.75,19294.25,19318.0,19294.0,4.0,3.5,3.0,60.0,10.0,0.5,1.0,1.0,6.25,2024-01-31 14:47:00+00:00,2024-01-31 14:47:00+00:00,2024-01-31 14:48:00+00:00,2024-01-31 14:48:00+00:00,pullback_short_open_fa4d3938b097,-1,market,0.0,1,1,20,4,46880.0
384205,384206,384206,384206,closed,timeout,19316.5,19320.75,19316.25,19321.0,19336.5,19312.5,-4.25,-4.75,-5.25,-105.0,10.0,0.5,1.0,1.0,9.25,2024-01-31 14:54:00+00:00,2024-01-31 14:54:00+00:00,2024-01-31 14:55:00+00:00,2024-01-31 14:55:00+00:00,pullback_short_open_fa4d3938b097,-1,market,0.0,1,1,20,4,46775.0
384229,384230,384230,384230,closed,timeout,19284.75,19296.5,19284.5,19296.75,19304.75,19280.75,-11.75,-12.25,-12.75,-255.0,10.0,0.5,1.0,1.0,12.5,2024-01-31 15:18:00+00:00,2024-01-31 15:18:00+00:00,2024-01-31 15:19:00+00:00,2024-01-31 15:19:00+00:00,pullback_short_open_fa4d3938b097,-1,market,0.0,1,1,20,4,46520.0
384231,384232,384232,384232,closed,timeout,19289.0,19291.0,19288.75,19291.25,19309.0,19285.0,-2.0,-2.5,-3.0,-60.0,10.0,0.5,1.0,1.0,7.0,2024-01-31 15:20:00+00:00,2024-01-31 15:20:00+00:00,2024-01-31 15:21:00+00:00,2024-01-31 15:21:00+00:00,pullback_short_open_fa4d3938b097,-1,market,0.0,1,1,20,4,46460.0
384256,384257,384257,384257,closed,target,19240.25,19236.25,19240.0,19236.5,19260.25,19236.25,4.0,3.5,3.0,60.0,10.0,0.5,1.0,1.0,5.25,2024-01-31 15:45:00+00:00,2024-01-31 15:45:00+00:00,2024-01-31 15:46:00+00:00,2024-01-31 15:46:00+00:00,pullback_short_open_fa4d3938b097,-1,market,0.0,1,1,20,4,46520.0
384257,384258,384258,384258,closed,timeout,19236.5,19233.75,19236.25,19234.0,19256.5,19232.5,2.75,2.25,1.75,35.0,10.0,0.5,1.0,1.0,2.75,2024-01-31 15:46:00+00:00,2024-01-31 15:46:00+00:00,2024-01-31 15:47:00+00:00,2024-01-31 15:47:00+00:00,pullback_short_open_fa4d3938b097,-1,market,0.0,1,1,20,4,46555.0
384261,384262,384262,384262,closed,timeout,19237.75,19235.0,19237.5,19235.25,19257.75,19233.75,2.75,2.25,1.75,35.0,10.0,0.5,1.0,1.0,5.0,2024-01-31 15:50:00+00:00,2024-01-31 15:50:00+00:00,2024-01-31 15:51:00+00:00,2024-01-31 15:51:00+00:00,pullback_short_open_fa4d3938b097,-1,market,0.0,1,1,20,4,46590.0
385549,385550,385550,385550,closed,timeout,19247.75,19259.25,19247.5,19259.5,19267.75,19243.75,-11.5,-12.0,-12.5,-250.0,10.0,0.5,1.0,1.0,16.25,2024-02-01 14:33:00+00:00,2024-02-01 14:33:00+00:00,2024-02-01 14:34:00+00:00,2024-02-01 14:34:00+00:00,pullback_short_open_fa4d3938b097,-1,market,0.0,1,1,20,4,46340.0
385552,385553,385553,385553,closed,target,19263.75,19259.75,19263.5,19260.0,19283.75,19259.75,4.0,3.5,3.0,60.0,10.0,0.5,1.0,1.0,4.25,2024-02-01 14:36:00+00:00,2024-02-01 14:36:00+00:00,2024-02-01 14:37:00+00:00,2024-02-01 14:37:00+00:00,pullback_short_open_fa4d3938b097,-1,market,0.0,1,1,20,4,46400.0
385555,385556,385556,385556,closed,timeout,19255.25,19257.5,19255.0,19257.75,19275.25,19251.25,-2.25,-2.75,-3.25,-65.0,10.0,0.5,1.0,1.0,7.25,2024-02-01 14:39:00+00:00,2024-02-01 14:39:00+00:00,2024-02-01 14:40:00+00:00,2024-02-01 14:40:00+00:00,pullback_short_open_fa4d3938b097,-1,market,0.0,1,1,20,4,46335.0
386949,386950,386950,386950,closed,target,19530.0,19526.0,19529.75,19526.25,19550.0,19526.0,4.0,3.5,3.0,60.0,10.0,0.5,1.0,1.0,1.75,2024-02-02 15:08:00+00:00,2024-02-02 15:08:00+00:00,2024-02-02 15:09:00+00:00,2024-02-02 15:09:00+00:00,pullback_short_open_fa4d3938b097,-1,market,0.0,1,1,20,4,46395.0
386950,386951,386951,386951,closed,target,19523.0,19519.0,19522.75,19519.25,19543.0,19519.0,4.0,3.5,3.0,60.0,10.0,0.5,1.0,1.0,3.0,2024-02-02 15:09:00+00:00,2024-02-02 15:09:00+00:00,2024-02-02 15:10:00+00:00,2024-02-02 15:10:00+00:00,pullback_short_open_fa4d3938b097,-1,market,0.0,1,1,20,4,46455.0
386977,386978,386978,386978,closed,target,19522.25,19518.25,19522.0,19518.5,19542.25,19518.25,4.0,3.5,3.0,60.0,10.0,0.5,1.0,1.0,2.5,2024-02-02 15:36:00+00:00,2024-02-02 15:36:00+00:00,2024-02-02 15:37:00+00:00,2024-02-02 15:37:00+00:00,pullback_short_open_fa4d3938b097,-1,market,0.0,1,1,20,4,46515.0
388314,388315,388315,388315,closed,target,19604.0,19600.0,19603.75,19600.25,19624.0,19600.0,4.0,3.5,3.0,60.0,10.0,0.5,1.0,1.0,4.75,2024-02-05 15:08:00+00:00,2024-02-05 15:08:00+00:00,2024-02-05 15:09:00+00:00,2024-02-05 15:09:00+00:00,pullback_short_open_fa4d3938b097,-1,market,0.0,1,1,20,4,46575.0
388315,388316,388316,388316,closed,timeout,19600.5,19603.25,19600.25,19603.5,19620.5,19596.5,-2.75,-3.25,-3.75,-75.0,10.0,0.5,1.0,1.0,8.0,2024-02-05 15:09:00+00:00,2024-02-05 15:09:00+00:00,2024-02-05 15:10:00+00:00,2024-02-05 15:10:00+00:00,pullback_short_open_fa4d3938b097,-1,market,0.0,1,1,20,4,46500.0
388333,388334,388334,388334,closed,target,19561.5,19557.5,19561.25,19557.75,19581.5,19557.5,4.0,3.5,3.0,60.0,10.0,0.5,1.0,1.0,3.75,2024-02-05 15:27:00+00:00,2024-02-05 15:27:00+00:00,2024-02-05 15:28:00+00:00,2024-02-05 15:28:00+00:00,pullback_short_open_fa4d3938b097,-1,market,0.0,1,1,20,4,46560.0
388344,388345,388345,388345,closed,timeout,19553.5,19555.0,19553.25,19555.25,19573.5,19549.5,-1.5,-2.0,-2.5,-50.0,10.0,0.5,1.0,1.0,9.25,2024-02-05 15:38:00+00:00,2024-02-05 15:38:00+00:00,2024-02-05 15:39:00+00:00,2024-02-05 15:39:00+00:00,pullback_short_open_fa4d3938b097,-1,market,0.0,1,1,20,4,46510.0
388351,388352,388352,388352,closed,target,19506.5,19502.5,19506.25,19502.75,19526.5,19502.5,4.0,3.5,3.0,60.0,10.0,0.5,1.0,1.0,0.5,2024-02-05 15:45:00+00:00,2024-02-05 15:45:00+00:00,2024-02-05 15:46:00+00:00,2024-02-05 15:46:00+00:00,pullback_short_open_fa4d3938b097,-1,market,0.0,1,1,20,4,46570.0
388357,388358,388358,388358,closed,target,19521.0,19517.0,19520.75,19517.25,19541.0,19517.0,4.0,3.5,3.0,60.0,10.0,0.5,1.0,1.0,1.75,2024-02-05 15:51:00+00:00,2024-02-05 15:51:00+00:00,2024-02-05 15:52:00+00:00,2024-02-05 15:52:00+00:00,pullback_short_open_fa4d3938b097,-1,market,0.0,1,1,20,4,46630.0
388358,388359,388359,388359,closed,timeout,19516.5,19517.0,19516.25,19517.25,19536.5,19512.5,-0.5,-1.0,-1.5,-30.0,10.0,0.5,1.0,1.0,6.5,2024-02-05 15:52:00+00:00,2024-02-05 15:52:00+00:00,2024-02-05 15:53:00+00:00,2024-02-05 15:53:00+00:00,pullback_short_open_fa4d3938b097,-1,market,0.0,1,1,20,4,46600.0
388364,388365,388365,388365,closed,timeout,19529.25,19535.5,19529.0,19535.75,19549.25,19525.25,-6.25,-6.75,-7.25,-145.0,10.0,0.5,1.0,1.0,8.25,2024-02-05 15:58:00+00:00,2024-02-05 15:58:00+00:00,2024-02-05 15:59:00+00:00,2024-02-05 15:59:00+00:00,pullback_short_open_fa4d3938b097,-1,market,0.0,1,1,20,4,46455.0
389653,389654,389654,389654,closed,timeout,19658.25,19665.5,19658.0,19665.75,19678.25,19654.25,-7.25,-7.75,-8.25,-165.0,10.0,0.5,1.0,1.0,10.75,2024-02-06 14:42:00+00:00,2024-02-06 14:42:00+00:00,2024-02-06 14:43:00+00:00,2024-02-06 14:43:00+00:00,pullback_short_open_fa4d3938b097,-1,market,0.0,1,1,20,4,46290.0
389658,389659,389659,389659,closed,target,19657.5,19653.5,19657.25,19653.75,19677.5,19653.5,4.0,3.5,3.0,60.0,10.0,0.5,1.0,1.0,2.5,2024-02-06 14:47:00+00:00,2024-02-06 14:47:00+00:00,2024-02-06 14:48:00+00:00,2024-02-06 14:48:00+00:00,pullback_short_open_fa4d3938b097,-1,market,0.0,1,1,20,4,46350.0
389667,389668,389668,389668,closed,target,19617.25,19613.25,19617.0,19613.5,19637.25,19613.25,4.0,3.5,3.0,60.0,10.0,0.5,1.0,1.0,3.5,2024-02-06 14:56:00+00:00,2024-02-06 14:56:00+00:00,2024-02-06 14:57:00+00:00,2024-02-06 14:57:00+00:00,pullback_short_open_fa4d3938b097,-1,market,0.0,1,1,20,4,46410.0
389668,389669,389669,389669,closed,target,19609.0,19605.0,19608.75,19605.25,19629.0,19605.0,4.0,3.5,3.0,60.0,10.0,0.5,1.0,1.0,7.0,2024-02-06 14:57:00+00:00,2024-02-06 14:57:00+00:00,2024-02-06 14:58:00+00:00,2024-02-06 14:58:00+00:00,pullback_short_open_fa4d3938b097,-1,market,0.0,1,1,20,4,46470.0
389676,389677,389677,389677,closed,target,19578.5,19574.5,19578.25,19574.75,19598.5,19574.5,4.0,3.5,3.0,60.0,10.0,0.5,1.0,1.0,2.0,2024-02-06 15:05:00+00:00,2024-02-06 15:05:00+00:00,2024-02-06 15:06:00+00:00,2024-02-06 15:06:00+00:00,pullback_short_open_fa4d3938b097,-1,market,0.0,1,1,20,4,46530.0
389677,389678,389678,389678,closed,target,19573.0,19569.0,19572.75,19569.25,19593.0,19569.0,4.0,3.5,3.0,60.0,10.0,0.5,1.0,1.0,4.25,2024-02-06 15:06:00+00:00,2024-02-06 15:06:00+00:00,2024-02-06 15:07:00+00:00,2024-02-06 15:07:00+00:00,pullback_short_open_fa4d3938b097,-1,market,0.0,1,1,20,4,46590.0
391020,391021,391021,391021,closed,target,19674.5,19670.5,19674.25,19670.75,19694.5,19670.5,4.0,3.5,3.0,60.0,10.0,0.5,1.0,1.0,8.0,2024-02-07 14:44:00+00:00,2024-02-07 14:44:00+00:00,2024-02-07 14:45:00+00:00,2024-02-07 14:45:00+00:00,pullback_short_open_fa4d3938b097,-1,market,0.0,1,1,20,4,46650.0
392397,392398,392398,392398,closed,timeout,19778.25,19786.25,19778.0,19786.5,19798.25,19774.25,-8.0,-8.5,-9.0,-180.0,10.0,0.5,1.0,1.0,10.75,2024-02-08 14:56:00+00:00,2024-02-08 14:56:00+00:00,2024-02-08 14:57:00+00:00,2024-02-08 14:57:00+00:00,pullback_short_open_fa4d3938b097,-1,market,0.0,1,1,20,4,46470.0
392399,392400,392400,392400,closed,timeout,19779.0,19781.5,19778.75,19781.75,19799.0,19775.0,-2.5,-3.0,-3.5,-70.0,10.0,0.5,1.0,1.0,6.5,2024-02-08 14:58:00+00:00,2024-02-08 14:58:00+00:00,2024-02-08 14:59:00+00:00,2024-02-08 14:59:00+00:00,pullback_short_open_fa4d3938b097,-1,market,0.0,1,1,20,4,46400.0
393738,393739,393739,393739,closed,timeout,19837.5,19843.75,19837.25,19844.0,19857.5,19833.5,-6.25,-6.75,-7.25,-145.0,10.0,0.5,1.0,1.0,9.0,2024-02-09 14:33:00+00:00,2024-02-09 14:33:00+00:00,2024-02-09 14:34:00+00:00,2024-02-09 14:34:00+00:00,pullback_short_open_fa4d3938b097,-1,market,0.0,1,1,20,4,46255.0
393740,393741,393741,393741,closed,target,19838.5,19834.5,19838.25,19834.75,19858.5,19834.5,4.0,3.5,3.0,60.0,10.0,0.5,1.0,1.0,6.75,2024-02-09 14:35:00+00:00,2024-02-09 14:35:00+00:00,2024-02-09 14:36:00+00:00,2024-02-09 14:36:00+00:00,pullback_short_open_fa4d3938b097,-1,market,0.0,1,1,20,4,46315.0
393746,393747,393747,393747,closed,timeout,19823.0,19828.5,19822.75,19828.75,19843.0,19819.0,-5.5,-6.0,-6.5,-130.0,10.0,0.5,1.0,1.0,6.0,2024-02-09 14:41:00+00:00,2024-02-09 14:41:00+00:00,2024-02-09 14:42:00+00:00,2024-02-09 14:42:00+00:00,pullback_short_open_fa4d3938b097,-1,market,0.0,1,1,20,4,46185.0
397901,397902,397902,397902,closed,target,19743.0,19739.0,19742.75,19739.25,19763.0,19739.0,4.0,3.5,3.0,60.0,10.0,0.5,1.0,1.0,3.75,2024-02-14 15:48:00+00:00,2024-02-14 15:48:00+00:00,2024-02-14 15:49:00+00:00,2024-02-14 15:49:00+00:00,pullback_short_open_fa4d3938b097,-1,market,0.0,1,1,20,4,46245.0
397902,397903,397903,397903,closed,timeout,19734.5,19743.75,19734.25,19744.0,19754.5,19730.5,-9.25,-9.75,-10.25,-205.0,10.0,0.5,1.0,1.0,10.5,2024-02-14 15:49:00+00:00,2024-02-14 15:49:00+00:00,2024-02-14 15:50:00+00:00,2024-02-14 15:50:00+00:00,pullback_short_open_fa4d3938b097,-1,market,0.0,1,1,20,4,46040.0
399200,399201,399201,399201,closed,target,19801.5,19797.5,19801.25,19797.75,19821.5,19797.5,4.0,3.5,3.0,60.0,10.0,0.5,1.0,1.0,0.25,2024-02-15 14:42:00+00:00,2024-02-15 14:42:00+00:00,2024-02-15 14:43:00+00:00,2024-02-15 14:43:00+00:00,pullback_short_open_fa4d3938b097,-1,market,0.0,1,1,20,4,46100.0
399207,399208,399208,399208,closed,target,19787.75,19783.75,19787.5,19784.0,19807.75,19783.75,4.0,3.5,3.0,60.0,10.0,0.5,1.0,1.0,10.25,2024-02-15 14:49:00+00:00,2024-02-15 14:49:00+00:00,2024-02-15 14:50:00+00:00,2024-02-15 14:50:00+00:00,pullback_short_open_fa4d3938b097,-1,market,0.0,1,1,20,4,46160.0
399211,399212,399212,399212,closed,target,19800.25,19796.25,19800.0,19796.5,19820.25,19796.25,4.0,3.5,3.0,60.0,10.0,0.5,1.0,1.0,1.75,2024-02-15 14:53:00+00:00,2024-02-15 14:53:00+00:00,2024-02-15 14:54:00+00:00,2024-02-15 14:54:00+00:00,pullback_short_open_fa4d3938b097,-1,market,0.0,1,1,20,4,46220.0
399227,399228,399228,399228,closed,timeout,19769.5,19783.5,19769.25,19783.75,19789.5,19765.5,-14.0,-14.5,-15.0,-300.0,10.0,0.5,1.0,1.0,15.75,2024-02-15 15:09:00+00:00,2024-02-15 15:09:00+00:00,2024-02-15 15:10:00+00:00,2024-02-15 15:10:00+00:00,pullback_short_open_fa4d3938b097,-1,market,0.0,1,1,20,4,45920.0
399230,399231,399231,399231,closed,timeout,19780.0,19792.0,19779.75,19792.25,19800.0,19776.0,-12.0,-12.5,-13.0,-260.0,10.0,0.5,1.0,1.0,12.5,2024-02-15 15:12:00+00:00,2024-02-15 15:12:00+00:00,2024-02-15 15:13:00+00:00,2024-02-15 15:13:00+00:00,pullback_short_open_fa4d3938b097,-1,market,0.0,1,1,20,4,45660.0
399250,399251,399251,399251,closed,target,19763.0,19759.0,19762.75,19759.25,19783.0,19759.0,4.0,3.5,3.0,60.0,10.0,0.5,1.0,1.0,12.5,2024-02-15 15:32:00+00:00,2024-02-15 15:32:00+00:00,2024-02-15 15:33:00+00:00,2024-02-15 15:33:00+00:00,pullback_short_open_fa4d3938b097,-1,market,0.0,1,1,20,4,45720.0
399254,399255,399255,399255,closed,timeout,19759.5,19760.5,19759.25,19760.75,19779.5,19755.5,-1.0,-1.5,-2.0,-40.0,10.0,0.5,1.0,1.0,9.5,2024-02-15 15:36:00+00:00,2024-02-15 15:36:00+00:00,2024-02-15 15:37:00+00:00,2024-02-15 15:37:00+00:00,pullback_short_open_fa4d3938b097,-1,market,0.0,1,1,20,4,45680.0
399257,399258,399258,399258,closed,timeout,19762.0,19777.25,19761.75,19777.5,19782.0,19758.0,-15.25,-15.75,-16.25,-325.0,10.0,0.5,1.0,1.0,19.5,2024-02-15 15:39:00+00:00,2024-02-15 15:39:00+00:00,2024-02-15 15:40:00+00:00,2024-02-15 15:40:00+00:00,pullback_short_open_fa4d3938b097,-1,market,0.0,1,1,20,4,45355.0
399263,399264,399264,399264,closed,timeout,19769.75,19781.25,19769.5,19781.5,19789.75,19765.75,-11.5,-12.0,-12.5,-250.0,10.0,0.5,1.0,1.0,13.5,2024-02-15 15:45:00+00:00,2024-02-15 15:45:00+00:00,2024-02-15 15:46:00+00:00,2024-02-15 15:46:00+00:00,pullback_short_open_fa4d3938b097,-1,market,0.0,1,1,20,4,45105.0
400553,400554,400554,400554,closed,target,19868.0,19864.0,19867.75,19864.25,19888.0,19864.0,4.0,3.5,3.0,60.0,10.0,0.5,1.0,1.0,3.5,2024-02-16 14:30:00+00:00,2024-02-16 14:30:00+00:00,2024-02-16 14:31:00+00:00,2024-02-16 14:31:00+00:00,pullback_short_open_fa4d3938b097,-1,market,0.0,1,1,20,4,45165.0
400559,400560,400560,400560,closed,timeout,19842.75,19860.0,19842.5,19860.25,19862.75,19838.75,-17.25,-17.75,-18.25,-365.0,10.0,0.5,1.0,1.0,19.5,2024-02-16 14:36:00+00:00,2024-02-16 14:36:00+00:00,2024-02-16 14:37:00+00:00,2024-02-16 14:37:00+00:00,pullback_short_open_fa4d3938b097,-1,market,0.0,1,1,20,4,44800.0
400561,400562,400562,400562,closed,target,19854.75,19850.75,19854.5,19851.0,19874.75,19850.75,4.0,3.5,3.0,60.0,10.0,0.5,1.0,1.0,3.5,2024-02-16 14:38:00+00:00,2024-02-16 14:38:00+00:00,2024-02-16 14:39:00+00:00,2024-02-16 14:39:00+00:00,pullback_short_open_fa4d3938b097,-1,market,0.0,1,1,20,4,44860.0
400562,400563,400563,400563,closed,target,19847.25,19843.25,19847.0,19843.5,19867.25,19843.25,4.0,3.5,3.0,60.0,10.0,0.5,1.0,1.0,3.25,2024-02-16 14:39:00+00:00,2024-02-16 14:39:00+00:00,2024-02-16 14:40:00+00:00,2024-02-16 14:40:00+00:00,pullback_short_open_fa4d3938b097,-1,market,0.0,1,1,20,4,44920.0
400566,400567,400567,400567,closed,target,19840.25,19836.25,19840.0,19836.5,19860.25,19836.25,4.0,3.5,3.0,60.0,10.0,0.5,1.0,1.0,4.25,2024-02-16 14:43:00+00:00,2024-02-16 14:43:00+00:00,2024-02-16 14:44:00+00:00,2024-02-16 14:44:00+00:00,pullback_short_open_fa4d3938b097,-1,market,0.0,1,1,20,4,44980.0
400581,400582,400582,400582,closed,target,19713.25,19709.25,19713.0,19709.5,19733.25,19709.25,4.0,3.5,3.0,60.0,10.0,0.5,1.0,1.0,1.5,2024-02-16 14:58:00+00:00,2024-02-16 14:58:00+00:00,2024-02-16 14:59:00+00:00,2024-02-16 14:59:00+00:00,pullback_short_open_fa4d3938b097,-1,market,0.0,1,1,20,4,45040.0
400585,400586,400586,400586,closed,timeout,19671.0,19678.75,19670.75,19679.0,19691.0,19667.0,-7.75,-8.25,-8.75,-175.0,10.0,0.5,1.0,1.0,15.25,2024-02-16 15:02:00+00:00,2024-02-16 15:02:00+00:00,2024-02-16 15:03:00+00:00,2024-02-16 15:03:00+00:00,pullback_short_open_fa4d3938b097,-1,market,0.0,1,1,20,4,44865.0
400595,400596,400596,400596,closed,target,19707.25,19703.25,19707.0,19703.5,19727.25,19703.25,4.0,3.5,3.0,60.0,10.0,0.5,1.0,1.0,4.0,2024-02-16 15:12:00+00:00,2024-02-16 15:12:00+00:00,2024-02-16 15:13:00+00:00,2024-02-16 15:13:00+00:00,pullback_short_open_fa4d3938b097,-1,market,0.0,1,1,20,4,44925.0
401952,401953,401953,401953,closed,timeout,19734.0,19735.5,19733.75,19735.75,19754.0,19730.0,-1.5,-2.0,-2.5,-50.0,10.0,0.5,1.0,1.0,2.75,2024-02-19 15:04:00+00:00,2024-02-19 15:04:00+00:00,2024-02-19 15:05:00+00:00,2024-02-19 15:05:00+00:00,pullback_short_open_fa4d3938b097,-1,market,0.0,1,1,20,4,44875.0
401973,401974,401974,401974,closed,target,19721.75,19717.75,19721.5,19718.0,19741.75,19717.75,4.0,3.5,3.0,60.0,10.0,0.5,1.0,1.0,0.5,2024-02-19 15:25:00+00:00,2024-02-19 15:25:00+00:00,2024-02-19 15:26:00+00:00,2024-02-19 15:26:00+00:00,pullback_short_open_fa4d3938b097,-1,market,0.0,1,1,20,4,44935.0
401977,401978,401978,401978,closed,timeout,19722.5,19724.0,19722.25,19724.25,19742.5,19718.5,-1.5,-2.0,-2.5,-50.0,10.0,0.5,1.0,1.0,2.75,2024-02-19 15:29:00+00:00,2024-02-19 15:29:00+00:00,2024-02-19 15:30:00+00:00,2024-02-19 15:30:00+00:00,pullback_short_open_fa4d3938b097,-1,market,0.0,1,1,20,4,44885.0
401979,401980,401980,401980,closed,timeout,19723.0,19721.75,19722.75,19722.0,19743.0,19719.0,1.25,0.75,0.25,5.0,10.0,0.5,1.0,1.0,0.25,2024-02-19 15:31:00+00:00,2024-02-19 15:31:00+00:00,2024-02-19 15:32:00+00:00,2024-02-19 15:32:00+00:00,pullback_short_open_fa4d3938b097,-1,market,0.0,1,1,20,4,44890.0
401980,401981,401981,401981,closed,timeout,19721.75,19723.0,19721.5,19723.25,19741.75,19717.75,-1.25,-1.75,-2.25,-45.0,10.0,0.5,1.0,1.0,4.25,2024-02-19 15:32:00+00:00,2024-02-19 15:32:00+00:00,2024-02-19 15:33:00+00:00,2024-02-19 15:33:00+00:00,pullback_short_open_fa4d3938b097,-1,market,0.0,1,1,20,4,44845.0
401984,401985,401985,401985,closed,timeout,19724.75,19728.25,19724.5,19728.5,19744.75,19720.75,-3.5,-4.0,-4.5,-90.0,10.0,0.5,1.0,1.0,4.25,2024-02-19 15:36:00+00:00,2024-02-19 15:36:00+00:00,2024-02-19 15:37:00+00:00,2024-02-19 15:37:00+00:00,pullback_short_open_fa4d3938b097,-1,market,0.0,1,1,20,4,44755.0
401998,401999,401999,401999,closed,timeout,19716.75,19717.25,19716.5,19717.5,19736.75,19712.75,-0.5,-1.0,-1.5,-30.0,10.0,0.5,1.0,1.0,1.75,2024-02-19 15:50:00+00:00,2024-02-19 15:50:00+00:00,2024-02-19 15:51:00+00:00,2024-02-19 15:51:00+00:00,pullback_short_open_fa4d3938b097,-1,market,0.0,1,1,20,4,44725.0
403075,403076,403076,403076,closed,stop,19520.0,19540.0,19519.75,19540.25,19540.0,19516.0,-20.0,-20.5,-21.0,-420.0,10.0,0.5,1.0,1.0,22.5,2024-02-20 14:47:00+00:00,2024-02-20 14:47:00+00:00,2024-02-20 14:48:00+00:00,2024-02-20 14:48:00+00:00,pullback_short_open_fa4d3938b097,-1,market,0.0,1,1,20,4,44305.0
403077,403078,403078,403078,closed,timeout,19521.75,19522.0,19521.5,19522.25,19541.75,19517.75,-0.25,-0.75,-1.25,-25.0,10.0,0.5,1.0,1.0,6.5,2024-02-20 14:49:00+00:00,2024-02-20 14:49:00+00:00,2024-02-20 14:50:00+00:00,2024-02-20 14:50:00+00:00,pullback_short_open_fa4d3938b097,-1,market,0.0,1,1,20,4,44280.0
403083,403084,403084,403084,closed,timeout,19504.75,19518.5,19504.5,19518.75,19524.75,19500.75,-13.75,-14.25,-14.75,-295.0,10.0,0.5,1.0,1.0,16.0,2024-02-20 14:55:00+00:00,2024-02-20 14:55:00+00:00,2024-02-20 14:56:00+00:00,2024-02-20 14:56:00+00:00,pullback_short_open_fa4d3938b097,-1,market,0.0,1,1,20,4,43985.0
403085,403086,403086,403086,closed,timeout,19506.5,19514.75,19506.25,19515.0,19526.5,19502.5,-8.25,-8.75,-9.25,-185.0,10.0,0.5,1.0,1.0,10.75,2024-02-20 14:57:00+00:00,2024-02-20 14:57:00+00:00,2024-02-20 14:58:00+00:00,2024-02-20 14:58:00+00:00,pullback_short_open_fa4d3938b097,-1,market,0.0,1,1,20,4,43800.0
403107,403108,403108,403108,closed,target,19474.0,19470.0,19473.75,19470.25,19494.0,19470.0,4.0,3.5,3.0,60.0,10.0,0.5,1.0,1.0,7.5,2024-02-20 15:19:00+00:00,2024-02-20 15:19:00+00:00,2024-02-20 15:20:00+00:00,2024-02-20 15:20:00+00:00,pullback_short_open_fa4d3938b097,-1,market,0.0,1,1,20,4,43860.0
403117,403118,403118,403118,closed,target,19453.25,19449.25,19453.0,19449.5,19473.25,19449.25,4.0,3.5,3.0,60.0,10.0,0.5,1.0,1.0,3.25,2024-02-20 15:29:00+00:00,2024-02-20 15:29:00+00:00,2024-02-20 15:30:00+00:00,2024-02-20 15:30:00+00:00,pullback_short_open_fa4d3938b097,-1,market,0.0,1,1,20,4,43920.0
403125,403126,403126,403126,closed,timeout,19450.0,19451.75,19449.75,19452.0,19470.0,19446.0,-1.75,-2.25,-2.75,-55.0,10.0,0.5,1.0,1.0,7.0,2024-02-20 15:37:00+00:00,2024-02-20 15:37:00+00:00,2024-02-20 15:38:00+00:00,2024-02-20 15:38:00+00:00,pullback_short_open_fa4d3938b097,-1,market,0.0,1,1,20,4,43865.0
404427,404428,404428,404428,closed,target,19433.75,19429.75,19433.5,19430.0,19453.75,19429.75,4.0,3.5,3.0,60.0,10.0,0.5,1.0,1.0,11.75,2024-02-21 14:34:00+00:00,2024-02-21 14:34:00+00:00,2024-02-21 14:35:00+00:00,2024-02-21 14:35:00+00:00,pullback_short_open_fa4d3938b097,-1,market,0.0,1,1,20,4,43925.0
404440,404441,404441,404441,closed,target,19406.0,19402.0,19405.75,19402.25,19426.0,19402.0,4.0,3.5,3.0,60.0,10.0,0.5,1.0,1.0,2.25,2024-02-21 14:47:00+00:00,2024-02-21 14:47:00+00:00,2024-02-21 14:48:00+00:00,2024-02-21 14:48:00+00:00,pullback_short_open_fa4d3938b097,-1,market,0.0,1,1,20,4,43985.0
404443,404444,404444,404444,closed,target,19403.5,19399.5,19403.25,19399.75,19423.5,19399.5,4.0,3.5,3.0,60.0,10.0,0.5,1.0,1.0,6.5,2024-02-21 14:50:00+00:00,2024-02-21 14:50:00+00:00,2024-02-21 14:51:00+00:00,2024-02-21 14:51:00+00:00,pullback_short_open_fa4d3938b097,-1,market,0.0,1,1,20,4,44045.0
404452,404453,404453,404453,closed,target,19418.75,19414.75,19418.5,19415.0,19438.75,19414.75,4.0,3.5,3.0,60.0,10.0,0.5,1.0,1.0,1.5,2024-02-21 14:59:00+00:00,2024-02-21 14:59:00+00:00,2024-02-21 15:00:00+00:00,2024-02-21 15:00:00+00:00,pullback_short_open_fa4d3938b097,-1,market,0.0,1,1,20,4,44105.0
404453,404454,404454,404454,closed,timeout,19414.0,19418.5,19413.75,19418.75,19434.0,19410.0,-4.5,-5.0,-5.5,-110.0,10.0,0.5,1.0,1.0,13.25,2024-02-21 15:00:00+00:00,2024-02-21 15:00:00+00:00,2024-02-21 15:01:00+00:00,2024-02-21 15:01:00+00:00,pullback_short_open_fa4d3938b097,-1,market,0.0,1,1,20,4,43995.0
404478,404479,404479,404479,closed,target,19443.0,19439.0,19442.75,19439.25,19463.0,19439.0,4.0,3.5,3.0,60.0,10.0,0.5,1.0,1.0,4.25,2024-02-21 15:25:00+00:00,2024-02-21 15:25:00+00:00,2024-02-21 15:26:00+00:00,2024-02-21 15:26:00+00:00,pullback_short_open_fa4d3938b097,-1,market,0.0,1,1,20,4,44055.0
404479,404480,404480,404480,closed,target,19440.25,19436.25,19440.0,19436.5,19460.25,19436.25,4.0,3.5,3.0,60.0,10.0,0.5,1.0,1.0,4.75,2024-02-21 15:26:00+00:00,2024-02-21 15:26:00+00:00,2024-02-21 15:27:00+00:00,2024-02-21 15:27:00+00:00,pullback_short_open_fa4d3938b097,-1,market,0.0,1,1,20,4,44115.0
404482,404483,404483,404483,closed,target,19422.25,19418.25,19422.0,19418.5,19442.25,19418.25,4.0,3.5,3.0,60.0,10.0,0.5,1.0,1.0,0.25,2024-02-21 15:29:00+00:00,2024-02-21 15:29:00+00:00,2024-02-21 15:30:00+00:00,2024-02-21 15:30:00+00:00,pullback_short_open_fa4d3938b097,-1,market,0.0,1,1,20,4,44175.0
404488,404489,404489,404489,closed,target,19412.25,19408.25,19412.0,19408.5,19432.25,19408.25,4.0,3.5,3.0,60.0,10.0,0.5,1.0,1.0,4.25,2024-02-21 15:35:00+00:00,2024-02-21 15:35:00+00:00,2024-02-21 15:36:00+00:00,2024-02-21 15:36:00+00:00,pullback_short_open_fa4d3938b097,-1,market,0.0,1,1,20,4,44235.0
404492,404493,404493,404493,closed,timeout,19415.0,19414.0,19414.75,19414.25,19435.0,19411.0,1.0,0.5,0.0,0.0,10.0,0.5,1.0,1.0,6.0,2024-02-21 15:39:00+00:00,2024-02-21 15:39:00+00:00,2024-02-21 15:40:00+00:00,2024-02-21 15:40:00+00:00,pullback_short_open_fa4d3938b097,-1,market,0.0,1,1,20,4,44235.0
405867,405868,405868,405868,closed,target,19853.75,19849.75,19853.5,19850.0,19873.75,19849.75,4.0,3.5,3.0,60.0,10.0,0.5,1.0,1.0,1.0,2024-02-22 15:49:00+00:00,2024-02-22 15:49:00+00:00,2024-02-22 15:50:00+00:00,2024-02-22 15:50:00+00:00,pullback_short_open_fa4d3938b097,-1,market,0.0,1,1,20,4,44295.0
405875,405876,405876,405876,closed,timeout,19851.25,19853.75,19851.0,19854.0,19871.25,19847.25,-2.5,-3.0,-3.5,-70.0,10.0,0.5,1.0,1.0,3.25,2024-02-22 15:57:00+00:00,2024-02-22 15:57:00+00:00,2024-02-22 15:58:00+00:00,2024-02-22 15:58:00+00:00,pullback_short_open_fa4d3938b097,-1,market,0.0,1,1,20,4,44225.0
405877,405878,405878,405878,closed,timeout,19847.25,19854.75,19847.0,19855.0,19867.25,19843.25,-7.5,-8.0,-8.5,-170.0,10.0,0.5,1.0,1.0,8.75,2024-02-22 15:59:00+00:00,2024-02-22 15:59:00+00:00,2024-02-22 16:00:00+00:00,2024-02-22 16:00:00+00:00,pullback_short_open_fa4d3938b097,-1,market,0.0,1,1,20,4,44055.0
407179,407180,407180,407180,closed,target,20055.0,20051.0,20054.75,20051.25,20075.0,20051.0,4.0,3.5,3.0,60.0,10.0,0.5,1.0,1.0,0.75,2024-02-23 14:56:00+00:00,2024-02-23 14:56:00+00:00,2024-02-23 14:57:00+00:00,2024-02-23 14:57:00+00:00,pullback_short_open_fa4d3938b097,-1,market,0.0,1,1,20,4,44115.0
407189,407190,407190,407190,closed,target,20022.25,20018.25,20022.0,20018.5,20042.25,20018.25,4.0,3.5,3.0,60.0,10.0,0.5,1.0,1.0,4.75,2024-02-23 15:06:00+00:00,2024-02-23 15:06:00+00:00,2024-02-23 15:07:00+00:00,2024-02-23 15:07:00+00:00,pullback_short_open_fa4d3938b097,-1,market,0.0,1,1,20,4,44175.0
407196,407197,407197,407197,closed,timeout,20008.5,20019.25,20008.25,20019.5,20028.5,20004.5,-10.75,-11.25,-11.75,-235.0,10.0,0.5,1.0,1.0,12.75,2024-02-23 15:13:00+00:00,2024-02-23 15:13:00+00:00,2024-02-23 15:14:00+00:00,2024-02-23 15:14:00+00:00,pullback_short_open_fa4d3938b097,-1,market,0.0,1,1,20,4,43940.0
407217,407218,407218,407218,closed,target,20001.25,19997.25,20001.0,19997.5,20021.25,19997.25,4.0,3.5,3.0,60.0,10.0,0.5,1.0,1.0,0.5,2024-02-23 15:34:00+00:00,2024-02-23 15:34:00+00:00,2024-02-23 15:35:00+00:00,2024-02-23 15:35:00+00:00,pullback_short_open_fa4d3938b097,-1,market,0.0,1,1,20,4,44000.0
407219,407220,407220,407220,closed,target,19995.5,19991.5,19995.25,19991.75,20015.5,19991.5,4.0,3.5,3.0,60.0,10.0,0.5,1.0,1.0,1.5,2024-02-23 15:36:00+00:00,2024-02-23 15:36:00+00:00,2024-02-23 15:37:00+00:00,2024-02-23 15:37:00+00:00,pullback_short_open_fa4d3938b097,-1,market,0.0,1,1,20,4,44060.0
407233,407234,407234,407234,closed,timeout,19976.5,19975.75,19976.25,19976.0,19996.5,19972.5,0.75,0.25,-0.25,-5.0,10.0,0.5,1.0,1.0,9.0,2024-02-23 15:50:00+00:00,2024-02-23 15:50:00+00:00,2024-02-23 15:51:00+00:00,2024-02-23 15:51:00+00:00,pullback_short_open_fa4d3938b097,-1,market,0.0,1,1,20,4,44055.0
407236,407237,407237,407237,closed,target,19985.5,19981.5,19985.25,19981.75,20005.5,19981.5,4.0,3.5,3.0,60.0,10.0,0.5,1.0,1.0,2.25,2024-02-23 15:53:00+00:00,2024-02-23 15:53:00+00:00,2024-02-23 15:54:00+00:00,2024-02-23 15:54:00+00:00,pullback_short_open_fa4d3938b097,-1,market,0.0,1,1,20,4,44115.0
408540,408541,408541,408541,closed,timeout,19924.5,19928.5,19924.25,19928.75,19944.5,19920.5,-4.0,-4.5,-5.0,-100.0,10.0,0.5,1.0,1.0,8.5,2024-02-26 14:52:00+00:00,2024-02-26 14:52:00+00:00,2024-02-26 14:53:00+00:00,2024-02-26 14:53:00+00:00,pullback_short_open_fa4d3938b097,-1,market,0.0,1,1,20,4,44015.0
408544,408545,408545,408545,closed,target,19933.75,19929.75,19933.5,19930.0,19953.75,19929.75,4.0,3.5,3.0,60.0,10.0,0.5,1.0,1.0,0.25,2024-02-26 14:56:00+00:00,2024-02-26 14:56:00+00:00,2024-02-26 14:57:00+00:00,2024-02-26 14:57:00+00:00,pullback_short_open_fa4d3938b097,-1,market,0.0,1,1,20,4,44075.0
408545,408546,408546,408546,closed,target,19929.25,19925.25,19929.0,19925.5,19949.25,19925.25,4.0,3.5,3.0,60.0,10.0,0.5,1.0,1.0,2.0,2024-02-26 14:57:00+00:00,2024-02-26 14:57:00+00:00,2024-02-26 14:58:00+00:00,2024-02-26 14:58:00+00:00,pullback_short_open_fa4d3938b097,-1,market,0.0,1,1,20,4,44135.0
408552,408553,408553,408553,closed,timeout,19919.5,19936.0,19919.25,19936.25,19939.5,19915.5,-16.5,-17.0,-17.5,-350.0,10.0,0.5,1.0,1.0,18.0,2024-02-26 15:04:00+00:00,2024-02-26 15:04:00+00:00,2024-02-26 15:05:00+00:00,2024-02-26 15:05:00+00:00,pullback_short_open_fa4d3938b097,-1,market,0.0,1,1,20,4,43785.0
409905,409906,409906,409906,closed,timeout,19905.25,19909.5,19905.0,19909.75,19925.25,19901.25,-4.25,-4.75,-5.25,-105.0,10.0,0.5,1.0,1.0,7.25,2024-02-27 14:52:00+00:00,2024-02-27 14:52:00+00:00,2024-02-27 14:53:00+00:00,2024-02-27 14:53:00+00:00,pullback_short_open_fa4d3938b097,-1,market,0.0,1,1,20,4,43680.0
409909,409910,409910,409910,closed,timeout,19913.0,19922.25,19912.75,19922.5,19933.0,19909.0,-9.25,-9.75,-10.25,-205.0,10.0,0.5,1.0,1.0,11.0,2024-02-27 14:56:00+00:00,2024-02-27 14:56:00+00:00,2024-02-27 14:57:00+00:00,2024-02-27 14:57:00+00:00,pullback_short_open_fa4d3938b097,-1,market,0.0,1,1,20,4,43475.0
411283,411284,411284,411284,closed,target,19838.5,19834.5,19838.25,19834.75,19858.5,19834.5,4.0,3.5,3.0,60.0,10.0,0.5,1.0,1.0,1.75,2024-02-28 15:05:00+00:00,2024-02-28 15:05:00+00:00,2024-02-28 15:06:00+00:00,2024-02-28 15:06:00+00:00,pullback_short_open_fa4d3938b097,-1,market,0.0,1,1,20,4,43535.0
411284,411285,411285,411285,closed,target,19828.25,19824.25,19828.0,19824.5,19848.25,19824.25,4.0,3.5,3.0,60.0,10.0,0.5,1.0,1.0,4.5,2024-02-28 15:06:00+00:00,2024-02-28 15:06:00+00:00,2024-02-28 15:07:00+00:00,2024-02-28 15:07:00+00:00,pullback_short_open_fa4d3938b097,-1,market,0.0,1,1,20,4,43595.0
412663,412664,412664,412664,closed,target,19949.0,19945.0,19948.75,19945.25,19969.0,19945.0,4.0,3.5,3.0,60.0,10.0,0.5,1.0,1.0,3.75,2024-02-29 15:20:00+00:00,2024-02-29 15:20:00+00:00,2024-02-29 15:21:00+00:00,2024-02-29 15:21:00+00:00,pullback_short_open_fa4d3938b097,-1,market,0.0,1,1,20,4,43655.0
412664,412665,412665,412665,closed,timeout,19944.75,19947.0,19944.5,19947.25,19964.75,19940.75,-2.25,-2.75,-3.25,-65.0,10.0,0.5,1.0,1.0,4.75,2024-02-29 15:21:00+00:00,2024-02-29 15:21:00+00:00,2024-02-29 15:22:00+00:00,2024-02-29 15:22:00+00:00,pullback_short_open_fa4d3938b097,-1,market,0.0,1,1,20,4,43590.0
412670,412671,412671,412671,closed,timeout,19962.0,19962.5,19961.75,19962.75,19982.0,19958.0,-0.5,-1.0,-1.5,-30.0,10.0,0.5,1.0,1.0,3.25,2024-02-29 15:27:00+00:00,2024-02-29 15:27:00+00:00,2024-02-29 15:28:00+00:00,2024-02-29 15:28:00+00:00,pullback_short_open_fa4d3938b097,-1,market,0.0,1,1,20,4,43560.0
412690,412691,412691,412691,closed,target,19944.0,19940.0,19943.75,19940.25,19964.0,19940.0,4.0,3.5,3.0,60.0,10.0,0.5,1.0,1.0,5.25,2024-02-29 15:47:00+00:00,2024-02-29 15:47:00+00:00,2024-02-29 15:48:00+00:00,2024-02-29 15:48:00+00:00,pullback_short_open_fa4d3938b097,-1,market,0.0,1,1,20,4,43620.0
414001,414002,414002,414002,closed,target,20059.5,20055.5,20059.25,20055.75,20079.5,20055.5,4.0,3.5,3.0,60.0,10.0,0.5,1.0,1.0,4.0,2024-03-01 14:53:00+00:00,2024-03-01 14:53:00+00:00,2024-03-01 14:54:00+00:00,2024-03-01 14:54:00+00:00,pullback_short_open_fa4d3938b097,-1,market,0.0,1,1,20,4,43680.0
414003,414004,414004,414004,closed,target,20060.25,20056.25,20060.0,20056.5,20080.25,20056.25,4.0,3.5,3.0,60.0,10.0,0.5,1.0,1.0,3.25,2024-03-01 14:55:00+00:00,2024-03-01 14:55:00+00:00,2024-03-01 14:56:00+00:00,2024-03-01 14:56:00+00:00,pullback_short_open_fa4d3938b097,-1,market,0.0,1,1,20,4,43740.0
414042,414043,414043,414043,closed,target,20095.5,20091.5,20095.25,20091.75,20115.5,20091.5,4.0,3.5,3.0,60.0,10.0,0.5,1.0,1.0,4.5,2024-03-01 15:34:00+00:00,2024-03-01 15:34:00+00:00,2024-03-01 15:35:00+00:00,2024-03-01 15:35:00+00:00,pullback_short_open_fa4d3938b097,-1,market,0.0,1,1,20,4,43800.0
414047,414048,414048,414048,closed,timeout,20100.5,20099.5,20100.25,20099.75,20120.5,20096.5,1.0,0.5,0.0,0.0,10.0,0.5,1.0,1.0,2.25,2024-03-01 15:39:00+00:00,2024-03-01 15:39:00+00:00,2024-03-01 15:40:00+00:00,2024-03-01 15:40:00+00:00,pullback_short_open_fa4d3938b097,-1,market,0.0,1,1,20,4,43800.0
415345,415346,415346,415346,closed,target,20253.75,20249.75,20253.5,20250.0,20273.75,20249.75,4.0,3.5,3.0,60.0,10.0,0.5,1.0,1.0,0.5,2024-03-04 14:32:00+00:00,2024-03-04 14:32:00+00:00,2024-03-04 14:33:00+00:00,2024-03-04 14:33:00+00:00,pullback_short_open_fa4d3938b097,-1,market,0.0,1,1,20,4,43860.0
415351,415352,415352,415352,closed,target,20253.25,20249.25,20253.0,20249.5,20273.25,20249.25,4.0,3.5,3.0,60.0,10.0,0.5,1.0,1.0,1.25,2024-03-04 14:38:00+00:00,2024-03-04 14:38:00+00:00,2024-03-04 14:39:00+00:00,2024-03-04 14:39:00+00:00,pullback_short_open_fa4d3938b097,-1,market,0.0,1,1,20,4,43920.0
415377,415378,415378,415378,closed,timeout,20231.5,20235.25,20231.25,20235.5,20251.5,20227.5,-3.75,-4.25,-4.75,-95.0,10.0,0.5,1.0,1.0,6.0,2024-03-04 15:04:00+00:00,2024-03-04 15:04:00+00:00,2024-03-04 15:05:00+00:00,2024-03-04 15:05:00+00:00,pullback_short_open_fa4d3938b097,-1,market,0.0,1,1,20,4,43825.0
415385,415386,415386,415386,closed,timeout,20236.75,20247.5,20236.5,20247.75,20256.75,20232.75,-10.75,-11.25,-11.75,-235.0,10.0,0.5,1.0,1.0,12.25,2024-03-04 15:12:00+00:00,2024-03-04 15:12:00+00:00,2024-03-04 15:13:00+00:00,2024-03-04 15:13:00+00:00,pullback_short_open_fa4d3938b097,-1,market,0.0,1,1,20,4,43590.0
415431,415432,415432,415432,closed,timeout,20259.0,20259.0,20258.75,20259.25,20279.0,20255.0,-0.0,-0.5,-1.0,-20.0,10.0,0.5,1.0,1.0,2.0,2024-03-04 15:58:00+00:00,2024-03-04 15:58:00+00:00,2024-03-04 15:59:00+00:00,2024-03-04 15:59:00+00:00,pullback_short_open_fa4d3938b097,-1,market,0.0,1,1,20,4,43570.0
416709,416710,416710,416710,closed,target,20068.5,20064.5,20068.25,20064.75,20088.5,20064.5,4.0,3.5,3.0,60.0,10.0,0.5,1.0,1.0,2.75,2024-03-05 14:31:00+00:00,2024-03-05 14:31:00+00:00,2024-03-05 14:32:00+00:00,2024-03-05 14:32:00+00:00,pullback_short_open_fa4d3938b097,-1,market,0.0,1,1,20,4,43630.0
416710,416711,416711,416711,closed,target,20060.0,20056.0,20059.75,20056.25,20080.0,20056.0,4.0,3.5,3.0,60.0,10.0,0.5,1.0,1.0,0.75,2024-03-05 14:32:00+00:00,2024-03-05 14:32:00+00:00,2024-03-05 14:33:00+00:00,2024-03-05 14:33:00+00:00,pullback_short_open_fa4d3938b097,-1,market,0.0,1,1,20,4,43690.0
416720,416721,416721,416721,closed,target,20015.25,20011.25,20015.0,20011.5,20035.25,20011.25,4.0,3.5,3.0,60.0,10.0,0.5,1.0,1.0,0.5,2024-03-05 14:42:00+00:00,2024-03-05 14:42:00+00:00,2024-03-05 14:43:00+00:00,2024-03-05 14:43:00+00:00,pullback_short_open_fa4d3938b097,-1,market,0.0,1,1,20,4,43750.0
416731,416732,416732,416732,closed,timeout,19975.25,19983.0,19975.0,19983.25,19995.25,19971.25,-7.75,-8.25,-8.75,-175.0,10.0,0.5,1.0,1.0,10.5,2024-03-05 14:53:00+00:00,2024-03-05 14:53:00+00:00,2024-03-05 14:54:00+00:00,2024-03-05 14:54:00+00:00,pullback_short_open_fa4d3938b097,-1,market,0.0,1,1,20,4,43575.0
416734,416735,416735,416735,closed,target,19982.25,19978.25,19982.0,19978.5,20002.25,19978.25,4.0,3.5,3.0,60.0,10.0,0.5,1.0,1.0,3.0,2024-03-05 14:56:00+00:00,2024-03-05 14:56:00+00:00,2024-03-05 14:57:00+00:00,2024-03-05 14:57:00+00:00,pullback_short_open_fa4d3938b097,-1,market,0.0,1,1,20,4,43635.0
416750,416751,416751,416751,closed,target,19953.75,19949.75,19953.5,19950.0,19973.75,19949.75,4.0,3.5,3.0,60.0,10.0,0.5,1.0,1.0,0.75,2024-03-05 15:12:00+00:00,2024-03-05 15:12:00+00:00,2024-03-05 15:13:00+00:00,2024-03-05 15:13:00+00:00,pullback_short_open_fa4d3938b097,-1,market,0.0,1,1,20,4,43695.0
416751,416752,416752,416752,closed,timeout,19942.5,19952.0,19942.25,19952.25,19962.5,19938.5,-9.5,-10.0,-10.5,-210.0,10.0,0.5,1.0,1.0,12.5,2024-03-05 15:13:00+00:00,2024-03-05 15:13:00+00:00,2024-03-05 15:14:00+00:00,2024-03-05 15:14:00+00:00,pullback_short_open_fa4d3938b097,-1,market,0.0,1,1,20,4,43485.0
416753,416754,416754,416754,closed,target,19941.25,19937.25,19941.0,19937.5,19961.25,19937.25,4.0,3.5,3.0,60.0,10.0,0.5,1.0,1.0,9.0,2024-03-05 15:15:00+00:00,2024-03-05 15:15:00+00:00,2024-03-05 15:16:00+00:00,2024-03-05 15:16:00+00:00,pullback_short_open_fa4d3938b097,-1,market,0.0,1,1,20,4,43545.0
416762,416763,416763,416763,closed,target,19917.5,19913.5,19917.25,19913.75,19937.5,19913.5,4.0,3.5,3.0,60.0,10.0,0.5,1.0,1.0,0.5,2024-03-05 15:24:00+00:00,2024-03-05 15:24:00+00:00,2024-03-05 15:25:00+00:00,2024-03-05 15:25:00+00:00,pullback_short_open_fa4d3938b097,-1,market,0.0,1,1,20,4,43605.0
416768,416769,416769,416769,closed,target,19903.25,19899.25,19903.0,19899.5,19923.25,19899.25,4.0,3.5,3.0,60.0,10.0,0.5,1.0,1.0,0.25,2024-03-05 15:30:00+00:00,2024-03-05 15:30:00+00:00,2024-03-05 15:31:00+00:00,2024-03-05 15:31:00+00:00,pullback_short_open_fa4d3938b097,-1,market,0.0,1,1,20,4,43665.0
416775,416776,416776,416776,closed,target,19884.25,19880.25,19884.0,19880.5,19904.25,19880.25,4.0,3.5,3.0,60.0,10.0,0.5,1.0,1.0,6.5,2024-03-05 15:37:00+00:00,2024-03-05 15:37:00+00:00,2024-03-05 15:38:00+00:00,2024-03-05 15:38:00+00:00,pullback_short_open_fa4d3938b097,-1,market,0.0,1,1,20,4,43725.0
416776,416777,416777,416777,closed,target,19879.75,19875.75,19879.5,19876.0,19899.75,19875.75,4.0,3.5,3.0,60.0,10.0,0.5,1.0,1.0,2.0,2024-03-05 15:38:00+00:00,2024-03-05 15:38:00+00:00,2024-03-05 15:39:00+00:00,2024-03-05 15:39:00+00:00,pullback_short_open_fa4d3938b097,-1,market,0.0,1,1,20,4,43785.0
416777,416778,416778,416778,closed,target,19876.75,19872.75,19876.5,19873.0,19896.75,19872.75,4.0,3.5,3.0,60.0,10.0,0.5,1.0,1.0,0.75,2024-03-05 15:39:00+00:00,2024-03-05 15:39:00+00:00,2024-03-05 15:40:00+00:00,2024-03-05 15:40:00+00:00,pullback_short_open_fa4d3938b097,-1,market,0.0,1,1,20,4,43845.0
416783,416784,416784,416784,closed,target,19868.75,19864.75,19868.5,19865.0,19888.75,19864.75,4.0,3.5,3.0,60.0,10.0,0.5,1.0,1.0,8.5,2024-03-05 15:45:00+00:00,2024-03-05 15:45:00+00:00,2024-03-05 15:46:00+00:00,2024-03-05 15:46:00+00:00,pullback_short_open_fa4d3938b097,-1,market,0.0,1,1,20,4,43905.0
416787,416788,416788,416788,closed,target,19874.0,19870.0,19873.75,19870.25,19894.0,19870.0,4.0,3.5,3.0,60.0,10.0,0.5,1.0,1.0,0.25,2024-03-05 15:49:00+00:00,2024-03-05 15:49:00+00:00,2024-03-05 15:50:00+00:00,2024-03-05 15:50:00+00:00,pullback_short_open_fa4d3938b097,-1,market,0.0,1,1,20,4,43965.0
416790,416791,416791,416791,closed,timeout,19863.75,19876.0,19863.5,19876.25,19883.75,19859.75,-12.25,-12.75,-13.25,-265.0,10.0,0.5,1.0,1.0,13.5,2024-03-05 15:52:00+00:00,2024-03-05 15:52:00+00:00,2024-03-05 15:53:00+00:00,2024-03-05 15:53:00+00:00,pullback_short_open_fa4d3938b097,-1,market,0.0,1,1,20,4,43700.0
418105,418106,418106,418106,closed,target,19974.75,19970.75,19974.5,19971.0,19994.75,19970.75,4.0,3.5,3.0,60.0,10.0,0.5,1.0,1.0,9.5,2024-03-06 15:02:00+00:00,2024-03-06 15:02:00+00:00,2024-03-06 15:03:00+00:00,2024-03-06 15:03:00+00:00,pullback_short_open_fa4d3938b097,-1,market,0.0,1,1,20,4,43760.0
418113,418114,418114,418114,closed,timeout,19927.75,19941.25,19927.5,19941.5,19947.75,19923.75,-13.5,-14.0,-14.5,-290.0,10.0,0.5,1.0,1.0,16.5,2024-03-06 15:10:00+00:00,2024-03-06 15:10:00+00:00,2024-03-06 15:11:00+00:00,2024-03-06 15:11:00+00:00,pullback_short_open_fa4d3938b097,-1,market,0.0,1,1,20,4,43470.0
418116,418117,418117,418117,closed,target,19929.0,19925.0,19928.75,19925.25,19949.0,19925.0,4.0,3.5,3.0,60.0,10.0,0.5,1.0,1.0,5.0,2024-03-06 15:13:00+00:00,2024-03-06 15:13:00+00:00,2024-03-06 15:14:00+00:00,2024-03-06 15:14:00+00:00,pullback_short_open_fa4d3938b097,-1,market,0.0,1,1,20,4,43530.0
418123,418124,418124,418124,closed,timeout,19954.5,19965.5,19954.25,19965.75,19974.5,19950.5,-11.0,-11.5,-12.0,-240.0,10.0,0.5,1.0,1.0,11.25,2024-03-06 15:20:00+00:00,2024-03-06 15:20:00+00:00,2024-03-06 15:21:00+00:00,2024-03-06 15:21:00+00:00,pullback_short_open_fa4d3938b097,-1,market,0.0,1,1,20,4,43290.0
420804,420805,420805,420805,closed,target,20252.25,20248.25,20252.0,20248.5,20272.25,20248.25,4.0,3.5,3.0,60.0,10.0,0.5,1.0,1.0,13.75,2024-03-08 14:31:00+00:00,2024-03-08 14:31:00+00:00,2024-03-08 14:32:00+00:00,2024-03-08 14:32:00+00:00,pullback_short_open_fa4d3938b097,-1,market,0.0,1,1,20,4,43350.0
420877,420878,420878,420878,closed,timeout,20322.5,20332.5,20322.25,20332.75,20342.5,20318.5,-10.0,-10.5,-11.0,-220.0,10.0,0.5,1.0,1.0,14.0,2024-03-08 15:44:00+00:00,2024-03-08 15:44:00+00:00,2024-03-08 15:45:00+00:00,2024-03-08 15:45:00+00:00,pullback_short_open_fa4d3938b097,-1,market,0.0,1,1,20,4,43130.0
422203,422204,422204,422204,closed,timeout,19850.0,19856.0,19849.75,19856.25,19870.0,19846.0,-6.0,-6.5,-7.0,-140.0,10.0,0.5,1.0,1.0,10.75,2024-03-11 14:05:00+00:00,2024-03-11 14:05:00+00:00,2024-03-11 14:06:00+00:00,2024-03-11 14:06:00+00:00,pullback_short_open_fa4d3938b097,-1,market,0.0,1,1,20,4,42990.0
422215,422216,422216,422216,closed,timeout,19850.0,19867.0,19849.75,19867.25,19870.0,19846.0,-17.0,-17.5,-18.0,-360.0,10.0,0.5,1.0,1.0,19.75,2024-03-11 14:17:00+00:00,2024-03-11 14:17:00+00:00,2024-03-11 14:18:00+00:00,2024-03-11 14:18:00+00:00,pullback_short_open_fa4d3938b097,-1,market,0.0,1,1,20,4,42630.0
424903,424904,424904,424904,closed,target,20085.5,20081.5,20085.25,20081.75,20105.5,20081.5,4.0,3.5,3.0,60.0,10.0,0.5,1.0,1.0,11.75,2024-03-13 13:35:00+00:00,2024-03-13 13:35:00+00:00,2024-03-13 13:36:00+00:00,2024-03-13 13:36:00+00:00,pullback_short_open_fa4d3938b097,-1,market,0.0,1,1,20,4,42690.0
424907,424908,424908,424908,closed,target,20087.75,20083.75,20087.5,20084.0,20107.75,20083.75,4.0,3.5,3.0,60.0,10.0,0.5,1.0,1.0,4.0,2024-03-13 13:39:00+00:00,2024-03-13 13:39:00+00:00,2024-03-13 13:40:00+00:00,2024-03-13 13:40:00+00:00,pullback_short_open_fa4d3938b097,-1,market,0.0,1,1,20,4,42750.0
424922,424923,424923,424923,closed,target,20044.0,20040.0,20043.75,20040.25,20064.0,20040.0,4.0,3.5,3.0,60.0,10.0,0.5,1.0,1.0,2.75,2024-03-13 13:54:00+00:00,2024-03-13 13:54:00+00:00,2024-03-13 13:55:00+00:00,2024-03-13 13:55:00+00:00,pullback_short_open_fa4d3938b097,-1,market,0.0,1,1,20,4,42810.0
424923,424924,424924,424924,closed,timeout,20038.25,20048.25,20038.0,20048.5,20058.25,20034.25,-10.0,-10.5,-11.0,-220.0,10.0,0.5,1.0,1.0,18.0,2024-03-13 13:55:00+00:00,2024-03-13 13:55:00+00:00,2024-03-13 13:56:00+00:00,2024-03-13 13:56:00+00:00,pullback_short_open_fa4d3938b097,-1,market,0.0,1,1,20,4,42590.0
424936,424937,424937,424937,closed,timeout,20016.25,20019.5,20016.0,20019.75,20036.25,20012.25,-3.25,-3.75,-4.25,-85.0,10.0,0.5,1.0,1.0,5.0,2024-03-13 14:08:00+00:00,2024-03-13 14:08:00+00:00,2024-03-13 14:09:00+00:00,2024-03-13 14:09:00+00:00,pullback_short_open_fa4d3938b097,-1,market,0.0,1,1,20,4,42505.0
426291,426292,426292,426292,closed,target,19950.25,19946.25,19950.0,19946.5,19970.25,19946.25,4.0,3.5,3.0,60.0,10.0,0.5,1.0,1.0,8.0,2024-03-14 13:58:00+00:00,2024-03-14 13:58:00+00:00,2024-03-14 13:59:00+00:00,2024-03-14 13:59:00+00:00,pullback_short_open_fa4d3938b097,-1,market,0.0,1,1,20,4,42565.0
426292,426293,426293,426293,closed,target,19941.5,19937.5,19941.25,19937.75,19961.5,19937.5,4.0,3.5,3.0,60.0,10.0,0.5,1.0,1.0,2.25,2024-03-14 13:59:00+00:00,2024-03-14 13:59:00+00:00,2024-03-14 14:00:00+00:00,2024-03-14 14:00:00+00:00,pullback_short_open_fa4d3938b097,-1,market,0.0,1,1,20,4,42625.0
426346,426347,426347,426347,closed,timeout,19985.25,19988.75,19985.0,19989.0,20005.25,19981.25,-3.5,-4.0,-4.5,-90.0,10.0,0.5,1.0,1.0,7.5,2024-03-14 14:53:00+00:00,2024-03-14 14:53:00+00:00,2024-03-14 14:54:00+00:00,2024-03-14 14:54:00+00:00,pullback_short_open_fa4d3938b097,-1,market,0.0,1,1,20,4,42535.0
426348,426349,426349,426349,closed,timeout,19982.75,19986.0,19982.5,19986.25,20002.75,19978.75,-3.25,-3.75,-4.25,-85.0,10.0,0.5,1.0,1.0,15.75,2024-03-14 14:55:00+00:00,2024-03-14 14:55:00+00:00,2024-03-14 14:56:00+00:00,2024-03-14 14:56:00+00:00,pullback_short_open_fa4d3938b097,-1,market,0.0,1,1,20,4,42450.0
427629,427630,427630,427630,closed,target,19840.5,19836.5,19840.25,19836.75,19860.5,19836.5,4.0,3.5,3.0,60.0,10.0,0.5,1.0,1.0,14.5,2024-03-15 13:31:00+00:00,2024-03-15 13:31:00+00:00,2024-03-15 13:32:00+00:00,2024-03-15 13:32:00+00:00,pullback_short_open_fa4d3938b097,-1,market,0.0,1,1,20,4,42510.0
427630,427631,427631,427631,closed,target,19834.0,19830.0,19833.75,19830.25,19854.0,19830.0,4.0,3.5,3.0,60.0,10.0,0.5,1.0,1.0,19.5,2024-03-15 13:32:00+00:00,2024-03-15 13:32:00+00:00,2024-03-15 13:33:00+00:00,2024-03-15 13:33:00+00:00,pullback_short_open_fa4d3938b097,-1,market,0.0,1,1,20,4,42570.0
427632,427633,427633,427633,closed,stop,19834.75,19854.75,19834.5,19855.0,19854.75,19830.75,-20.0,-20.5,-21.0,-420.0,10.0,0.5,1.0,1.0,23.25,2024-03-15 13:34:00+00:00,2024-03-15 13:34:00+00:00,2024-03-15 13:35:00+00:00,2024-03-15 13:35:00+00:00,pullback_short_open_fa4d3938b097,-1,market,0.0,1,1,20,4,42150.0
427634,427635,427635,427635,closed,target,19839.0,19835.0,19838.75,19835.25,19859.0,19835.0,4.0,3.5,3.0,60.0,10.0,0.5,1.0,1.0,11.0,2024-03-15 13:36:00+00:00,2024-03-15 13:36:00+00:00,2024-03-15 13:37:00+00:00,2024-03-15 13:37:00+00:00,pullback_short_open_fa4d3938b097,-1,market,0.0,1,1,20,4,42210.0
427640,427641,427641,427641,closed,target,19815.75,19811.75,19815.5,19812.0,19835.75,19811.75,4.0,3.5,3.0,60.0,10.0,0.5,1.0,1.0,1.75,2024-03-15 13:42:00+00:00,2024-03-15 13:42:00+00:00,2024-03-15 13:43:00+00:00,2024-03-15 13:43:00+00:00,pullback_short_open_fa4d3938b097,-1,market,0.0,1,1,20,4,42270.0
427653,427654,427654,427654,closed,stop,19801.25,19821.25,19801.0,19821.5,19821.25,19797.25,-20.0,-20.5,-21.0,-420.0,10.0,0.5,1.0,1.0,21.5,2024-03-15 13:55:00+00:00,2024-03-15 13:55:00+00:00,2024-03-15 13:56:00+00:00,2024-03-15 13:56:00+00:00,pullback_short_open_fa4d3938b097,-1,market,0.0,1,1,20,4,41850.0
427671,427672,427672,427672,closed,target,19777.75,19773.75,19777.5,19774.0,19797.75,19773.75,4.0,3.5,3.0,60.0,10.0,0.5,1.0,1.0,12.5,2024-03-15 14:13:00+00:00,2024-03-15 14:13:00+00:00,2024-03-15 14:14:00+00:00,2024-03-15 14:14:00+00:00,pullback_short_open_fa4d3938b097,-1,market,0.0,1,1,20,4,41910.0
429028,429029,429029,429029,closed,target,19997.25,19993.25,19997.0,19993.5,20017.25,19993.25,4.0,3.5,3.0,60.0,10.0,0.5,1.0,1.0,0.25,2024-03-18 14:05:00+00:00,2024-03-18 14:05:00+00:00,2024-03-18 14:06:00+00:00,2024-03-18 14:06:00+00:00,pullback_short_open_fa4d3938b097,-1,market,0.0,1,1,20,4,41970.0
429029,429030,429030,429030,closed,timeout,19993.75,20005.5,19993.5,20005.75,20013.75,19989.75,-11.75,-12.25,-12.75,-255.0,10.0,0.5,1.0,1.0,13.0,2024-03-18 14:06:00+00:00,2024-03-18 14:06:00+00:00,2024-03-18 14:07:00+00:00,2024-03-18 14:07:00+00:00,pullback_short_open_fa4d3938b097,-1,market,0.0,1,1,20,4,41715.0
430364,430365,430365,430365,closed,target,19809.75,19805.75,19809.5,19806.0,19829.75,19805.75,4.0,3.5,3.0,60.0,10.0,0.5,1.0,1.0,1.0,2024-03-19 13:36:00+00:00,2024-03-19 13:36:00+00:00,2024-03-19 13:37:00+00:00,2024-03-19 13:37:00+00:00,pullback_short_open_fa4d3938b097,-1,market,0.0,1,1,20,4,41775.0
430365,430366,430366,430366,closed,target,19806.5,19802.5,19806.25,19802.75,19826.5,19802.5,4.0,3.5,3.0,60.0,10.0,0.5,1.0,1.0,1.0,2024-03-19 13:37:00+00:00,2024-03-19 13:37:00+00:00,2024-03-19 13:38:00+00:00,2024-03-19 13:38:00+00:00,pullback_short_open_fa4d3938b097,-1,market,0.0,1,1,20,4,41835.0
430379,430380,430380,430380,closed,timeout,19766.75,19784.25,19766.5,19784.5,19786.75,19762.75,-17.5,-18.0,-18.5,-370.0,10.0,0.5,1.0,1.0,19.0,2024-03-19 13:51:00+00:00,2024-03-19 13:51:00+00:00,2024-03-19 13:52:00+00:00,2024-03-19 13:52:00+00:00,pullback_short_open_fa4d3938b097,-1,market,0.0,1,1,20,4,41465.0
430382,430383,430383,430383,closed,target,19782.75,19778.75,19782.5,19779.0,19802.75,19778.75,4.0,3.5,3.0,60.0,10.0,0.5,1.0,1.0,4.75,2024-03-19 13:54:00+00:00,2024-03-19 13:54:00+00:00,2024-03-19 13:55:00+00:00,2024-03-19 13:55:00+00:00,pullback_short_open_fa4d3938b097,-1,market,0.0,1,1,20,4,41525.0
430383,430384,430384,430384,closed,target,19775.5,19771.5,19775.25,19771.75,19795.5,19771.5,4.0,3.5,3.0,60.0,10.0,0.5,1.0,1.0,13.25,2024-03-19 13:55:00+00:00,2024-03-19 13:55:00+00:00,2024-03-19 13:56:00+00:00,2024-03-19 13:56:00+00:00,pullback_short_open_fa4d3938b097,-1,market,0.0,1,1,20,4,41585.0
430417,430418,430418,430418,closed,target,19781.0,19777.0,19780.75,19777.25,19801.0,19777.0,4.0,3.5,3.0,60.0,10.0,0.5,1.0,1.0,2.0,2024-03-19 14:29:00+00:00,2024-03-19 14:29:00+00:00,2024-03-19 14:30:00+00:00,2024-03-19 14:30:00+00:00,pullback_short_open_fa4d3938b097,-1,market,0.0,1,1,20,4,41645.0
431736,431737,431737,431737,closed,target,19968.75,19964.75,19968.5,19965.0,19988.75,19964.75,4.0,3.5,3.0,60.0,10.0,0.5,1.0,1.0,2.75,2024-03-20 13:43:00+00:00,2024-03-20 13:43:00+00:00,2024-03-20 13:44:00+00:00,2024-03-20 13:44:00+00:00,pullback_short_open_fa4d3938b097,-1,market,0.0,1,1,20,4,41705.0
431747,431748,431748,431748,closed,timeout,19952.25,19961.0,19952.0,19961.25,19972.25,19948.25,-8.75,-9.25,-9.75,-195.0,10.0,0.5,1.0,1.0,9.75,2024-03-20 13:54:00+00:00,2024-03-20 13:54:00+00:00,2024-03-20 13:55:00+00:00,2024-03-20 13:55:00+00:00,pullback_short_open_fa4d3938b097,-1,market,0.0,1,1,20,4,41510.0
431751,431752,431752,431752,closed,timeout,19956.5,19961.75,19956.25,19962.0,19976.5,19952.5,-5.25,-5.75,-6.25,-125.0,10.0,0.5,1.0,1.0,9.25,2024-03-20 13:58:00+00:00,2024-03-20 13:58:00+00:00,2024-03-20 13:59:00+00:00,2024-03-20 13:59:00+00:00,pullback_short_open_fa4d3938b097,-1,market,0.0,1,1,20,4,41385.0
431755,431756,431756,431756,closed,timeout,19951.25,19959.0,19951.0,19959.25,19971.25,19947.25,-7.75,-8.25,-8.75,-175.0,10.0,0.5,1.0,1.0,9.0,2024-03-20 14:02:00+00:00,2024-03-20 14:02:00+00:00,2024-03-20 14:03:00+00:00,2024-03-20 14:03:00+00:00,pullback_short_open_fa4d3938b097,-1,market,0.0,1,1,20,4,41210.0
431801,431802,431802,431802,closed,target,19958.75,19954.75,19958.5,19955.0,19978.75,19954.75,4.0,3.5,3.0,60.0,10.0,0.5,1.0,1.0,0.5,2024-03-20 14:48:00+00:00,2024-03-20 14:48:00+00:00,2024-03-20 14:49:00+00:00,2024-03-20 14:49:00+00:00,pullback_short_open_fa4d3938b097,-1,market,0.0,1,1,20,4,41270.0
431808,431809,431809,431809,closed,timeout,19954.75,19952.75,19954.5,19953.0,19974.75,19950.75,2.0,1.5,1.0,20.0,10.0,0.5,1.0,1.0,3.5,2024-03-20 14:55:00+00:00,2024-03-20 14:55:00+00:00,2024-03-20 14:56:00+00:00,2024-03-20 14:56:00+00:00,pullback_short_open_fa4d3938b097,-1,market,0.0,1,1,20,4,41290.0
431809,431810,431810,431810,closed,timeout,19953.25,19961.25,19953.0,19961.5,19973.25,19949.25,-8.0,-8.5,-9.0,-180.0,10.0,0.5,1.0,1.0,10.25,2024-03-20 14:56:00+00:00,2024-03-20 14:56:00+00:00,2024-03-20 14:57:00+00:00,2024-03-20 14:57:00+00:00,pullback_short_open_fa4d3938b097,-1,market,0.0,1,1,20,4,41110.0
433119,433120,433120,433120,closed,target,20332.25,20328.25,20332.0,20328.5,20352.25,20328.25,4.0,3.5,3.0,60.0,10.0,0.5,1.0,1.0,8.5,2024-03-21 14:01:00+00:00,2024-03-21 14:01:00+00:00,2024-03-21 14:02:00+00:00,2024-03-21 14:02:00+00:00,pullback_short_open_fa4d3938b097,-1,market,0.0,1,1,20,4,41170.0
433123,433124,433124,433124,closed,target,20335.75,20331.75,20335.5,20332.0,20355.75,20331.75,4.0,3.5,3.0,60.0,10.0,0.5,1.0,1.0,6.75,2024-03-21 14:05:00+00:00,2024-03-21 14:05:00+00:00,2024-03-21 14:06:00+00:00,2024-03-21 14:06:00+00:00,pullback_short_open_fa4d3938b097,-1,market,0.0,1,1,20,4,41230.0
433164,433165,433165,433165,closed,timeout,20334.25,20344.0,20334.0,20344.25,20354.25,20330.25,-9.75,-10.25,-10.75,-215.0,10.0,0.5,1.0,1.0,11.0,2024-03-21 14:46:00+00:00,2024-03-21 14:46:00+00:00,2024-03-21 14:47:00+00:00,2024-03-21 14:47:00+00:00,pullback_short_open_fa4d3938b097,-1,market,0.0,1,1,20,4,41015.0
434515,434516,434516,434516,closed,timeout,20218.75,20221.5,20218.5,20221.75,20238.75,20214.75,-2.75,-3.25,-3.75,-75.0,10.0,0.5,1.0,1.0,6.75,2024-03-22 14:32:00+00:00,2024-03-22 14:32:00+00:00,2024-03-22 14:33:00+00:00,2024-03-22 14:33:00+00:00,pullback_short_open_fa4d3938b097,-1,market,0.0,1,1,20,4,40940.0
435825,435826,435826,435826,closed,timeout,20156.75,20157.25,20156.5,20157.5,20176.75,20152.75,-0.5,-1.0,-1.5,-30.0,10.0,0.5,1.0,1.0,7.25,2024-03-25 13:37:00+00:00,2024-03-25 13:37:00+00:00,2024-03-25 13:38:00+00:00,2024-03-25 13:38:00+00:00,pullback_short_open_fa4d3938b097,-1,market,0.0,1,1,20,4,40910.0
435887,435888,435888,435888,closed,timeout,20204.75,20211.0,20204.5,20211.25,20224.75,20200.75,-6.25,-6.75,-7.25,-145.0,10.0,0.5,1.0,1.0,10.75,2024-03-25 14:39:00+00:00,2024-03-25 14:39:00+00:00,2024-03-25 14:40:00+00:00,2024-03-25 14:40:00+00:00,pullback_short_open_fa4d3938b097,-1,market,0.0,1,1,20,4,40765.0
435890,435891,435891,435891,closed,target,20213.0,20209.0,20212.75,20209.25,20233.0,20209.0,4.0,3.5,3.0,60.0,10.0,0.5,1.0,1.0,1.0,2024-03-25 14:42:00+00:00,2024-03-25 14:42:00+00:00,2024-03-25 14:43:00+00:00,2024-03-25 14:43:00+00:00,pullback_short_open_fa4d3938b097,-1,market,0.0,1,1,20,4,40825.0
435891,435892,435892,435892,closed,timeout,20207.25,20212.0,20207.0,20212.25,20227.25,20203.25,-4.75,-5.25,-5.75,-115.0,10.0,0.5,1.0,1.0,6.25,2024-03-25 14:43:00+00:00,2024-03-25 14:43:00+00:00,2024-03-25 14:44:00+00:00,2024-03-25 14:44:00+00:00,pullback_short_open_fa4d3938b097,-1,market,0.0,1,1,20,4,40710.0
435900,435901,435901,435901,closed,timeout,20200.25,20204.5,20200.0,20204.75,20220.25,20196.25,-4.25,-4.75,-5.25,-105.0,10.0,0.5,1.0,1.0,7.0,2024-03-25 14:52:00+00:00,2024-03-25 14:52:00+00:00,2024-03-25 14:53:00+00:00,2024-03-25 14:53:00+00:00,pullback_short_open_fa4d3938b097,-1,market,0.0,1,1,20,4,40605.0
435902,435903,435903,435903,closed,target,20197.5,20193.5,20197.25,20193.75,20217.5,20193.5,4.0,3.5,3.0,60.0,10.0,0.5,1.0,1.0,4.0,2024-03-25 14:54:00+00:00,2024-03-25 14:54:00+00:00,2024-03-25 14:55:00+00:00,2024-03-25 14:55:00+00:00,pullback_short_open_fa4d3938b097,-1,market,0.0,1,1,20,4,40665.0
437184,437185,437185,437185,closed,target,20258.5,20254.5,20258.25,20254.75,20278.5,20254.5,4.0,3.5,3.0,60.0,10.0,0.5,1.0,1.0,5.5,2024-03-26 13:31:00+00:00,2024-03-26 13:31:00+00:00,2024-03-26 13:32:00+00:00,2024-03-26 13:32:00+00:00,pullback_short_open_fa4d3938b097,-1,market,0.0,1,1,20,4,40725.0
437250,437251,437251,437251,closed,timeout,20238.5,20248.75,20238.25,20249.0,20258.5,20234.5,-10.25,-10.75,-11.25,-225.0,10.0,0.5,1.0,1.0,13.25,2024-03-26 14:37:00+00:00,2024-03-26 14:37:00+00:00,2024-03-26 14:38:00+00:00,2024-03-26 14:38:00+00:00,pullback_short_open_fa4d3938b097,-1,market,0.0,1,1,20,4,40500.0
437254,437255,437255,437255,closed,timeout,20240.0,20240.75,20239.75,20241.0,20260.0,20236.0,-0.75,-1.25,-1.75,-35.0,10.0,0.5,1.0,1.0,3.25,2024-03-26 14:41:00+00:00,2024-03-26 14:41:00+00:00,2024-03-26 14:42:00+00:00,2024-03-26 14:42:00+00:00,pullback_short_open_fa4d3938b097,-1,market,0.0,1,1,20,4,40465.0
437258,437259,437259,437259,closed,target,20236.75,20232.75,20236.5,20233.0,20256.75,20232.75,4.0,3.5,3.0,60.0,10.0,0.5,1.0,1.0,5.75,2024-03-26 14:45:00+00:00,2024-03-26 14:45:00+00:00,2024-03-26 14:46:00+00:00,2024-03-26 14:46:00+00:00,pullback_short_open_fa4d3938b097,-1,market,0.0,1,1,20,4,40525.0
437262,437263,437263,437263,closed,target,20235.5,20231.5,20235.25,20231.75,20255.5,20231.5,4.0,3.5,3.0,60.0,10.0,0.5,1.0,1.0,3.5,2024-03-26 14:49:00+00:00,2024-03-26 14:49:00+00:00,2024-03-26 14:50:00+00:00,2024-03-26 14:50:00+00:00,pullback_short_open_fa4d3938b097,-1,market,0.0,1,1,20,4,40585.0
438562,438563,438563,438563,closed,target,20190.25,20186.25,20190.0,20186.5,20210.25,20186.25,4.0,3.5,3.0,60.0,10.0,0.5,1.0,1.0,1.75,2024-03-27 13:44:00+00:00,2024-03-27 13:44:00+00:00,2024-03-27 13:45:00+00:00,2024-03-27 13:45:00+00:00,pullback_short_open_fa4d3938b097,-1,market,0.0,1,1,20,4,40645.0
438586,438587,438587,438587,closed,timeout,20102.5,20110.75,20102.25,20111.0,20122.5,20098.5,-8.25,-8.75,-9.25,-185.0,10.0,0.5,1.0,1.0,12.75,2024-03-27 14:08:00+00:00,2024-03-27 14:08:00+00:00,2024-03-27 14:09:00+00:00,2024-03-27 14:09:00+00:00,pullback_short_open_fa4d3938b097,-1,market,0.0,1,1,20,4,40460.0
438588,438589,438589,438589,closed,target,20103.75,20099.75,20103.5,20100.0,20123.75,20099.75,4.0,3.5,3.0,60.0,10.0,0.5,1.0,1.0,9.5,2024-03-27 14:10:00+00:00,2024-03-27 14:10:00+00:00,2024-03-27 14:11:00+00:00,2024-03-27 14:11:00+00:00,pullback_short_open_fa4d3938b097,-1,market,0.0,1,1,20,4,40520.0
438597,438598,438598,438598,closed,timeout,20116.0,20121.0,20115.75,20121.25,20136.0,20112.0,-5.0,-5.5,-6.0,-120.0,10.0,0.5,1.0,1.0,14.25,2024-03-27 14:19:00+00:00,2024-03-27 14:19:00+00:00,2024-03-27 14:20:00+00:00,2024-03-27 14:20:00+00:00,pullback_short_open_fa4d3938b097,-1,market,0.0,1,1,20,4,40400.0
439963,439964,439964,439964,closed,target,20184.75,20180.75,20184.5,20181.0,20204.75,20180.75,4.0,3.5,3.0,60.0,10.0,0.5,1.0,1.0,6.0,2024-03-28 14:21:00+00:00,2024-03-28 14:21:00+00:00,2024-03-28 14:22:00+00:00,2024-03-28 14:22:00+00:00,pullback_short_open_fa4d3938b097,-1,market,0.0,1,1,20,4,40460.0
439969,439970,439970,439970,closed,timeout,20181.5,20184.25,20181.25,20184.5,20201.5,20177.5,-2.75,-3.25,-3.75,-75.0,10.0,0.5,1.0,1.0,3.5,2024-03-28 14:27:00+00:00,2024-03-28 14:27:00+00:00,2024-03-28 14:28:00+00:00,2024-03-28 14:28:00+00:00,pullback_short_open_fa4d3938b097,-1,market,0.0,1,1,20,4,40385.0
439972,439973,439973,439973,closed,target,20184.25,20180.25,20184.0,20180.5,20204.25,20180.25,4.0,3.5,3.0,60.0,10.0,0.5,1.0,1.0,4.25,2024-03-28 14:30:00+00:00,2024-03-28 14:30:00+00:00,2024-03-28 14:31:00+00:00,2024-03-28 14:31:00+00:00,pullback_short_open_fa4d3938b097,-1,market,0.0,1,1,20,4,40445.0
441323,441324,441324,441324,closed,target,20272.5,20268.5,20272.25,20268.75,20292.5,20268.5,4.0,3.5,3.0,60.0,10.0,0.5,1.0,1.0,4.25,2024-04-01 14:16:00+00:00,2024-04-01 14:16:00+00:00,2024-04-01 14:17:00+00:00,2024-04-01 14:17:00+00:00,pullback_short_open_fa4d3938b097,-1,market,0.0,1,1,20,4,40505.0
441334,441335,441335,441335,closed,timeout,20233.75,20234.75,20233.5,20235.0,20253.75,20229.75,-1.0,-1.5,-2.0,-40.0,10.0,0.5,1.0,1.0,6.75,2024-04-01 14:27:00+00:00,2024-04-01 14:27:00+00:00,2024-04-01 14:28:00+00:00,2024-04-01 14:28:00+00:00,pullback_short_open_fa4d3938b097,-1,market,0.0,1,1,20,4,40465.0
441343,441344,441344,441344,closed,timeout,20216.0,20221.25,20215.75,20221.5,20236.0,20212.0,-5.25,-5.75,-6.25,-125.0,10.0,0.5,1.0,1.0,7.0,2024-04-01 14:36:00+00:00,2024-04-01 14:36:00+00:00,2024-04-01 14:37:00+00:00,2024-04-01 14:37:00+00:00,pullback_short_open_fa4d3938b097,-1,market,0.0,1,1,20,4,40340.0
441351,441352,441352,441352,closed,timeout,20191.5,20197.75,20191.25,20198.0,20211.5,20187.5,-6.25,-6.75,-7.25,-145.0,10.0,0.5,1.0,1.0,13.0,2024-04-01 14:44:00+00:00,2024-04-01 14:44:00+00:00,2024-04-01 14:45:00+00:00,2024-04-01 14:45:00+00:00,pullback_short_open_fa4d3938b097,-1,market,0.0,1,1,20,4,40195.0
441353,441354,441354,441354,closed,timeout,20190.5,20190.0,20190.25,20190.25,20210.5,20186.5,0.5,-0.0,-0.5,-10.0,10.0,0.5,1.0,1.0,7.75,2024-04-01 14:46:00+00:00,2024-04-01 14:46:00+00:00,2024-04-01 14:47:00+00:00,2024-04-01 14:47:00+00:00,pullback_short_open_fa4d3938b097,-1,market,0.0,1,1,20,4,40185.0
441366,441367,441367,441367,closed,timeout,20172.75,20175.75,20172.5,20176.0,20192.75,20168.75,-3.0,-3.5,-4.0,-80.0,10.0,0.5,1.0,1.0,6.0,2024-04-01 14:59:00+00:00,2024-04-01 14:59:00+00:00,2024-04-01 15:00:00+00:00,2024-04-01 15:00:00+00:00,pullback_short_open_fa4d3938b097,-1,market,0.0,1,1,20,4,40105.0
442645,442646,442646,442646,closed,target,19976.75,19972.75,19976.5,19973.0,19996.75,19972.75,4.0,3.5,3.0,60.0,10.0,0.5,1.0,1.0,4.25,2024-04-02 13:33:00+00:00,2024-04-02 13:33:00+00:00,2024-04-02 13:34:00+00:00,2024-04-02 13:34:00+00:00,pullback_short_open_fa4d3938b097,-1,market,0.0,1,1,20,4,40165.0
442660,442661,442661,442661,closed,target,19937.0,19933.0,19936.75,19933.25,19957.0,19933.0,4.0,3.5,3.0,60.0,10.0,0.5,1.0,1.0,2.25,2024-04-02 13:48:00+00:00,2024-04-02 13:48:00+00:00,2024-04-02 13:49:00+00:00,2024-04-02 13:49:00+00:00,pullback_short_open_fa4d3938b097,-1,market,0.0,1,1,20,4,40225.0
442667,442668,442668,442668,closed,timeout,19935.25,19933.25,19935.0,19933.5,19955.25,19931.25,2.0,1.5,1.0,20.0,10.0,0.5,1.0,1.0,7.5,2024-04-02 13:55:00+00:00,2024-04-02 13:55:00+00:00,2024-04-02 13:56:00+00:00,2024-04-02 13:56:00+00:00,pullback_short_open_fa4d3938b097,-1,market,0.0,1,1,20,4,40245.0
445404,445405,445405,445405,closed,timeout,20213.75,20217.0,20213.5,20217.25,20233.75,20209.75,-3.25,-3.75,-4.25,-85.0,10.0,0.5,1.0,1.0,4.75,2024-04-04 14:02:00+00:00,2024-04-04 14:02:00+00:00,2024-04-04 14:03:00+00:00,2024-04-04 14:03:00+00:00,pullback_short_open_fa4d3938b097,-1,market,0.0,1,1,20,4,40160.0
445406,445407,445407,445407,closed,target,20214.25,20210.25,20214.0,20210.5,20234.25,20210.25,4.0,3.5,3.0,60.0,10.0,0.5,1.0,1.0,2.25,2024-04-04 14:04:00+00:00,2024-04-04 14:04:00+00:00,2024-04-04 14:05:00+00:00,2024-04-04 14:05:00+00:00,pullback_short_open_fa4d3938b097,-1,market,0.0,1,1,20,4,40220.0
445413,445414,445414,445414,closed,target,20214.75,20210.75,20214.5,20211.0,20234.75,20210.75,4.0,3.5,3.0,60.0,10.0,0.5,1.0,1.0,2.5,2024-04-04 14:11:00+00:00,2024-04-04 14:11:00+00:00,2024-04-04 14:12:00+00:00,2024-04-04 14:12:00+00:00,pullback_short_open_fa4d3938b097,-1,market,0.0,1,1,20,4,40280.0
445428,445429,445429,445429,closed,timeout,20188.75,20193.75,20188.5,20194.0,20208.75,20184.75,-5.0,-5.5,-6.0,-120.0,10.0,0.5,1.0,1.0,7.0,2024-04-04 14:26:00+00:00,2024-04-04 14:26:00+00:00,2024-04-04 14:27:00+00:00,2024-04-04 14:27:00+00:00,pullback_short_open_fa4d3938b097,-1,market,0.0,1,1,20,4,40160.0
445432,445433,445433,445433,closed,timeout,20203.25,20202.75,20203.0,20203.0,20223.25,20199.25,0.5,-0.0,-0.5,-10.0,10.0,0.5,1.0,1.0,4.5,2024-04-04 14:30:00+00:00,2024-04-04 14:30:00+00:00,2024-04-04 14:31:00+00:00,2024-04-04 14:31:00+00:00,pullback_short_open_fa4d3938b097,-1,market,0.0,1,1,20,4,40150.0
445434,445435,445435,445435,closed,timeout,20196.75,20195.0,20196.5,20195.25,20216.75,20192.75,1.75,1.25,0.75,15.0,10.0,0.5,1.0,1.0,3.5,2024-04-04 14:32:00+00:00,2024-04-04 14:32:00+00:00,2024-04-04 14:33:00+00:00,2024-04-04 14:33:00+00:00,pullback_short_open_fa4d3938b097,-1,market,0.0,1,1,20,4,40165.0
445435,445436,445436,445436,closed,target,20195.25,20191.25,20195.0,20191.5,20215.25,20191.25,4.0,3.5,3.0,60.0,10.0,0.5,1.0,1.0,2.5,2024-04-04 14:33:00+00:00,2024-04-04 14:33:00+00:00,2024-04-04 14:34:00+00:00,2024-04-04 14:34:00+00:00,pullback_short_open_fa4d3938b097,-1,market,0.0,1,1,20,4,40225.0
446803,446804,446804,446804,closed,timeout,19904.75,19911.75,19904.5,19912.0,19924.75,19900.75,-7.0,-7.5,-8.0,-160.0,10.0,0.5,1.0,1.0,8.0,2024-04-05 14:36:00+00:00,2024-04-05 14:36:00+00:00,2024-04-05 14:37:00+00:00,2024-04-05 14:37:00+00:00,pullback_short_open_fa4d3938b097,-1,market,0.0,1,1,20,4,40065.0
448117,448118,448118,448118,closed,timeout,19974.0,19979.0,19973.75,19979.25,19994.0,19970.0,-5.0,-5.5,-6.0,-120.0,10.0,0.5,1.0,1.0,6.75,2024-04-08 13:45:00+00:00,2024-04-08 13:45:00+00:00,2024-04-08 13:46:00+00:00,2024-04-08 13:46:00+00:00,pullback_short_open_fa4d3938b097,-1,market,0.0,1,1,20,4,39945.0
448120,448121,448121,448121,closed,timeout,19977.5,19992.5,19977.25,19992.75,19997.5,19973.5,-15.0,-15.5,-16.0,-320.0,10.0,0.5,1.0,1.0,16.25,2024-04-08 13:48:00+00:00,2024-04-08 13:48:00+00:00,2024-04-08 13:49:00+00:00,2024-04-08 13:49:00+00:00,pullback_short_open_fa4d3938b097,-1,market,0.0,1,1,20,4,39625.0
448122,448123,448123,448123,closed,target,19984.25,19980.25,19984.0,19980.5,20004.25,19980.25,4.0,3.5,3.0,60.0,10.0,0.5,1.0,1.0,5.25,2024-04-08 13:50:00+00:00,2024-04-08 13:50:00+00:00,2024-04-08 13:51:00+00:00,2024-04-08 13:51:00+00:00,pullback_short_open_fa4d3938b097,-1,market,0.0,1,1,20,4,39685.0
449490,449491,449491,449491,closed,timeout,20043.25,20047.25,20043.0,20047.5,20063.25,20039.25,-4.0,-4.5,-5.0,-100.0,10.0,0.5,1.0,1.0,6.5,2024-04-09 13:53:00+00:00,2024-04-09 13:53:00+00:00,2024-04-09 13:54:00+00:00,2024-04-09 13:54:00+00:00,pullback_short_open_fa4d3938b097,-1,market,0.0,1,1,20,4,39585.0
449494,449495,449495,449495,closed,target,20043.5,20039.5,20043.25,20039.75,20063.5,20039.5,4.0,3.5,3.0,60.0,10.0,0.5,1.0,1.0,0.5,2024-04-09 13:57:00+00:00,2024-04-09 13:57:00+00:00,2024-04-09 13:58:00+00:00,2024-04-09 13:58:00+00:00,pullback_short_open_fa4d3938b097,-1,market,0.0,1,1,20,4,39645.0
449502,449503,449503,449503,closed,target,20047.5,20043.5,20047.25,20043.75,20067.5,20043.5,4.0,3.5,3.0,60.0,10.0,0.5,1.0,1.0,4.25,2024-04-09 14:05:00+00:00,2024-04-09 14:05:00+00:00,2024-04-09 14:06:00+00:00,2024-04-09 14:06:00+00:00,pullback_short_open_fa4d3938b097,-1,market,0.0,1,1,20,4,39705.0
449503,449504,449504,449504,closed,target,20042.0,20038.0,20041.75,20038.25,20062.0,20038.0,4.0,3.5,3.0,60.0,10.0,0.5,1.0,1.0,3.0,2024-04-09 14:06:00+00:00,2024-04-09 14:06:00+00:00,2024-04-09 14:07:00+00:00,2024-04-09 14:07:00+00:00,pullback_short_open_fa4d3938b097,-1,market,0.0,1,1,20,4,39765.0
449509,449510,449510,449510,closed,timeout,20031.75,20038.75,20031.5,20039.0,20051.75,20027.75,-7.0,-7.5,-8.0,-160.0,10.0,0.5,1.0,1.0,9.25,2024-04-09 14:12:00+00:00,2024-04-09 14:12:00+00:00,2024-04-09 14:13:00+00:00,2024-04-09 14:13:00+00:00,pullback_short_open_fa4d3938b097,-1,market,0.0,1,1,20,4,39605.0
449532,449533,449533,449533,closed,timeout,19934.75,19936.75,19934.5,19937.0,19954.75,19930.75,-2.0,-2.5,-3.0,-60.0,10.0,0.5,1.0,1.0,5.25,2024-04-09 14:35:00+00:00,2024-04-09 14:35:00+00:00,2024-04-09 14:36:00+00:00,2024-04-09 14:36:00+00:00,pullback_short_open_fa4d3938b097,-1,market,0.0,1,1,20,4,39545.0
449544,449545,449545,449545,closed,target,19887.5,19883.5,19887.25,19883.75,19907.5,19883.5,4.0,3.5,3.0,60.0,10.0,0.5,1.0,1.0,1.25,2024-04-09 14:47:00+00:00,2024-04-09 14:47:00+00:00,2024-04-09 14:48:00+00:00,2024-04-09 14:48:00+00:00,pullback_short_open_fa4d3938b097,-1,market,0.0,1,1,20,4,39605.0
449545,449546,449546,449546,closed,target,19878.0,19874.0,19877.75,19874.25,19898.0,19874.0,4.0,3.5,3.0,60.0,10.0,0.5,1.0,1.0,2.25,2024-04-09 14:48:00+00:00,2024-04-09 14:48:00+00:00,2024-04-09 14:49:00+00:00,2024-04-09 14:49:00+00:00,pullback_short_open_fa4d3938b097,-1,market,0.0,1,1,20,4,39665.0
452197,452198,452198,452198,closed,target,19955.25,19951.25,19955.0,19951.5,19975.25,19951.25,4.0,3.5,3.0,60.0,10.0,0.5,1.0,1.0,4.0,2024-04-11 13:31:00+00:00,2024-04-11 13:31:00+00:00,2024-04-11 13:32:00+00:00,2024-04-11 13:32:00+00:00,pullback_short_open_fa4d3938b097,-1,market,0.0,1,1,20,4,39725.0
452211,452212,452212,452212,closed,stop,19930.75,19950.75,19930.5,19951.0,19950.75,19926.75,-20.0,-20.5,-21.0,-420.0,10.0,0.5,1.0,1.0,23.5,2024-04-11 13:45:00+00:00,2024-04-11 13:45:00+00:00,2024-04-11 13:46:00+00:00,2024-04-11 13:46:00+00:00,pullback_short_open_fa4d3938b097,-1,market,0.0,1,1,20,4,39305.0
452236,452237,452237,452237,closed,target,19926.25,19922.25,19926.0,19922.5,19946.25,19922.25,4.0,3.5,3.0,60.0,10.0,0.5,1.0,1.0,7.0,2024-04-11 14:10:00+00:00,2024-04-11 14:10:00+00:00,2024-04-11 14:11:00+00:00,2024-04-11 14:11:00+00:00,pullback_short_open_fa4d3938b097,-1,market,0.0,1,1,20,4,39365.0
452246,452247,452247,452247,closed,timeout,19878.0,19888.25,19877.75,19888.5,19898.0,19874.0,-10.25,-10.75,-11.25,-225.0,10.0,0.5,1.0,1.0,11.5,2024-04-11 14:20:00+00:00,2024-04-11 14:20:00+00:00,2024-04-11 14:21:00+00:00,2024-04-11 14:21:00+00:00,pullback_short_open_fa4d3938b097,-1,market,0.0,1,1,20,4,39140.0
452252,452253,452253,452253,closed,target,19902.5,19898.5,19902.25,19898.75,19922.5,19898.5,4.0,3.5,3.0,60.0,10.0,0.5,1.0,1.0,4.25,2024-04-11 14:26:00+00:00,2024-04-11 14:26:00+00:00,2024-04-11 14:27:00+00:00,2024-04-11 14:27:00+00:00,pullback_short_open_fa4d3938b097,-1,market,0.0,1,1,20,4,39200.0
452256,452257,452257,452257,closed,target,19903.0,19899.0,19902.75,19899.25,19923.0,19899.0,4.0,3.5,3.0,60.0,10.0,0.5,1.0,1.0,11.25,2024-04-11 14:30:00+00:00,2024-04-11 14:30:00+00:00,2024-04-11 14:31:00+00:00,2024-04-11 14:31:00+00:00,pullback_short_open_fa4d3938b097,-1,market,0.0,1,1,20,4,39260.0
453612,453613,453613,453613,closed,timeout,19990.25,19996.75,19990.0,19997.0,20010.25,19986.25,-6.5,-7.0,-7.5,-150.0,10.0,0.5,1.0,1.0,12.5,2024-04-12 14:22:00+00:00,2024-04-12 14:22:00+00:00,2024-04-12 14:23:00+00:00,2024-04-12 14:23:00+00:00,pullback_short_open_fa4d3938b097,-1,market,0.0,1,1,20,4,39110.0
453630,453631,453631,453631,closed,timeout,19926.25,19925.25,19926.0,19925.5,19946.25,19922.25,1.0,0.5,0.0,0.0,10.0,0.5,1.0,1.0,5.75,2024-04-12 14:40:00+00:00,2024-04-12 14:40:00+00:00,2024-04-12 14:41:00+00:00,2024-04-12 14:41:00+00:00,pullback_short_open_fa4d3938b097,-1,market,0.0,1,1,20,4,39110.0
453636,453637,453637,453637,closed,timeout,19916.0,19917.75,19915.75,19918.0,19936.0,19912.0,-1.75,-2.25,-2.75,-55.0,10.0,0.5,1.0,1.0,7.5,2024-04-12 14:46:00+00:00,2024-04-12 14:46:00+00:00,2024-04-12 14:47:00+00:00,2024-04-12 14:47:00+00:00,pullback_short_open_fa4d3938b097,-1,market,0.0,1,1,20,4,39055.0
453638,453639,453639,453639,closed,target,19914.5,19910.5,19914.25,19910.75,19934.5,19910.5,4.0,3.5,3.0,60.0,10.0,0.5,1.0,1.0,2.5,2024-04-12 14:48:00+00:00,2024-04-12 14:48:00+00:00,2024-04-12 14:49:00+00:00,2024-04-12 14:49:00+00:00,pullback_short_open_fa4d3938b097,-1,market,0.0,1,1,20,4,39115.0
453649,453650,453650,453650,closed,target,19905.0,19901.0,19904.75,19901.25,19925.0,19901.0,4.0,3.5,3.0,60.0,10.0,0.5,1.0,1.0,0.5,2024-04-12 14:59:00+00:00,2024-04-12 14:59:00+00:00,2024-04-12 15:00:00+00:00,2024-04-12 15:00:00+00:00,pullback_short_open_fa4d3938b097,-1,market,0.0,1,1,20,4,39175.0
454937,454938,454938,454938,closed,timeout,19997.5,19998.25,19997.25,19998.5,20017.5,19993.5,-0.75,-1.25,-1.75,-35.0,10.0,0.5,1.0,1.0,9.25,2024-04-15 13:42:00+00:00,2024-04-15 13:42:00+00:00,2024-04-15 13:43:00+00:00,2024-04-15 13:43:00+00:00,pullback_short_open_fa4d3938b097,-1,market,0.0,1,1,20,4,39140.0
454940,454941,454941,454941,closed,target,20002.0,19998.0,20001.75,19998.25,20022.0,19998.0,4.0,3.5,3.0,60.0,10.0,0.5,1.0,1.0,7.25,2024-04-15 13:45:00+00:00,2024-04-15 13:45:00+00:00,2024-04-15 13:46:00+00:00,2024-04-15 13:46:00+00:00,pullback_short_open_fa4d3938b097,-1,market,0.0,1,1,20,4,39200.0
454941,454942,454942,454942,closed,timeout,19993.0,19996.25,19992.75,19996.5,20013.0,19989.0,-3.25,-3.75,-4.25,-85.0,10.0,0.5,1.0,1.0,8.5,2024-04-15 13:46:00+00:00,2024-04-15 13:46:00+00:00,2024-04-15 13:47:00+00:00,2024-04-15 13:47:00+00:00,pullback_short_open_fa4d3938b097,-1,market,0.0,1,1,20,4,39115.0
454973,454974,454974,454974,closed,target,19940.5,19936.5,19940.25,19936.75,19960.5,19936.5,4.0,3.5,3.0,60.0,10.0,0.5,1.0,1.0,5.25,2024-04-15 14:18:00+00:00,2024-04-15 14:18:00+00:00,2024-04-15 14:19:00+00:00,2024-04-15 14:19:00+00:00,pullback_short_open_fa4d3938b097,-1,market,0.0,1,1,20,4,39175.0
454980,454981,454981,454981,closed,timeout,19918.75,19921.75,19918.5,19922.0,19938.75,19914.75,-3.0,-3.5,-4.0,-80.0,10.0,0.5,1.0,1.0,8.25,2024-04-15 14:25:00+00:00,2024-04-15 14:25:00+00:00,2024-04-15 14:26:00+00:00,2024-04-15 14:26:00+00:00,pullback_short_open_fa4d3938b097,-1,market,0.0,1,1,20,4,39095.0
454999,455000,455000,455000,closed,timeout,19896.75,19904.75,19896.5,19905.0,19916.75,19892.75,-8.0,-8.5,-9.0,-180.0,10.0,0.5,1.0,1.0,11.0,2024-04-15 14:44:00+00:00,2024-04-15 14:44:00+00:00,2024-04-15 14:45:00+00:00,2024-04-15 14:45:00+00:00,pullback_short_open_fa4d3938b097,-1,market,0.0,1,1,20,4,38915.0
455001,455002,455002,455002,closed,target,19900.25,19896.25,19900.0,19896.5,19920.25,19896.25,4.0,3.5,3.0,60.0,10.0,0.5,1.0,1.0,8.0,2024-04-15 14:46:00+00:00,2024-04-15 14:46:00+00:00,2024-04-15 14:47:00+00:00,2024-04-15 14:47:00+00:00,pullback_short_open_fa4d3938b097,-1,market,0.0,1,1,20,4,38975.0
455006,455007,455007,455007,closed,target,19902.0,19898.0,19901.75,19898.25,19922.0,19898.0,4.0,3.5,3.0,60.0,10.0,0.5,1.0,1.0,4.75,2024-04-15 14:51:00+00:00,2024-04-15 14:51:00+00:00,2024-04-15 14:52:00+00:00,2024-04-15 14:52:00+00:00,pullback_short_open_fa4d3938b097,-1,market,0.0,1,1,20,4,39035.0
456292,456293,456293,456293,closed,stop,19553.5,19573.5,19553.25,19573.75,19573.5,19549.5,-20.0,-20.5,-21.0,-420.0,10.0,0.5,1.0,1.0,25.75,2024-04-16 13:32:00+00:00,2024-04-16 13:32:00+00:00,2024-04-16 13:33:00+00:00,2024-04-16 13:33:00+00:00,pullback_short_open_fa4d3938b097,-1,market,0.0,1,1,20,4,38615.0
456294,456295,456295,456295,closed,timeout,19561.5,19575.5,19561.25,19575.75,19581.5,19557.5,-14.0,-14.5,-15.0,-300.0,10.0,0.5,1.0,1.0,14.75,2024-04-16 13:34:00+00:00,2024-04-16 13:34:00+00:00,2024-04-16 13:35:00+00:00,2024-04-16 13:35:00+00:00,pullback_short_open_fa4d3938b097,-1,market,0.0,1,1,20,4,38315.0
456296,456297,456297,456297,closed,timeout,19557.75,19559.75,19557.5,19560.0,19577.75,19553.75,-2.0,-2.5,-3.0,-60.0,10.0,0.5,1.0,1.0,17.0,2024-04-16 13:36:00+00:00,2024-04-16 13:36:00+00:00,2024-04-16 13:37:00+00:00,2024-04-16 13:37:00+00:00,pullback_short_open_fa4d3938b097,-1,market,0.0,1,1,20,4,38255.0
456304,456305,456305,456305,closed,target,19542.0,19538.0,19541.75,19538.25,19562.0,19538.0,4.0,3.5,3.0,60.0,10.0,0.5,1.0,1.0,6.75,2024-04-16 13:44:00+00:00,2024-04-16 13:44:00+00:00,2024-04-16 13:45:00+00:00,2024-04-16 13:45:00+00:00,pullback_short_open_fa4d3938b097,-1,market,0.0,1,1,20,4,38315.0
456355,456356,456356,456356,closed,timeout,19557.0,19560.0,19556.75,19560.25,19577.0,19553.0,-3.0,-3.5,-4.0,-80.0,10.0,0.5,1.0,1.0,6.75,2024-04-16 14:35:00+00:00,2024-04-16 14:35:00+00:00,2024-04-16 14:36:00+00:00,2024-04-16 14:36:00+00:00,pullback_short_open_fa4d3938b097,-1,market,0.0,1,1,20,4,38235.0
456363,456364,456364,456364,closed,timeout,19538.25,19543.5,19538.0,19543.75,19558.25,19534.25,-5.25,-5.75,-6.25,-125.0,10.0,0.5,1.0,1.0,9.75,2024-04-16 14:43:00+00:00,2024-04-16 14:43:00+00:00,2024-04-16 14:44:00+00:00,2024-04-16 14:44:00+00:00,pullback_short_open_fa4d3938b097,-1,market,0.0,1,1,20,4,38110.0
456367,456368,456368,456368,closed,timeout,19557.75,19560.5,19557.5,19560.75,19577.75,19553.75,-2.75,-3.25,-3.75,-75.0,10.0,0.5,1.0,1.0,11.25,2024-04-16 14:47:00+00:00,2024-04-16 14:47:00+00:00,2024-04-16 14:48:00+00:00,2024-04-16 14:48:00+00:00,pullback_short_open_fa4d3938b097,-1,market,0.0,1,1,20,4,38035.0
457665,457666,457666,457666,closed,target,19630.5,19626.5,19630.25,19626.75,19650.5,19626.5,4.0,3.5,3.0,60.0,10.0,0.5,1.0,1.0,4.5,2024-04-17 13:40:00+00:00,2024-04-17 13:40:00+00:00,2024-04-17 13:41:00+00:00,2024-04-17 13:41:00+00:00,pullback_short_open_fa4d3938b097,-1,market,0.0,1,1,20,4,38095.0
457666,457667,457667,457667,closed,target,19618.25,19614.25,19618.0,19614.5,19638.25,19614.25,4.0,3.5,3.0,60.0,10.0,0.5,1.0,1.0,5.5,2024-04-17 13:41:00+00:00,2024-04-17 13:41:00+00:00,2024-04-17 13:42:00+00:00,2024-04-17 13:42:00+00:00,pullback_short_open_fa4d3938b097,-1,market,0.0,1,1,20,4,38155.0
457672,457673,457673,457673,closed,timeout,19629.25,19628.5,19629.0,19628.75,19649.25,19625.25,0.75,0.25,-0.25,-5.0,10.0,0.5,1.0,1.0,7.5,2024-04-17 13:47:00+00:00,2024-04-17 13:47:00+00:00,2024-04-17 13:48:00+00:00,2024-04-17 13:48:00+00:00,pullback_short_open_fa4d3938b097,-1,market,0.0,1,1,20,4,38150.0
457694,457695,457695,457695,closed,target,19552.75,19548.75,19552.5,19549.0,19572.75,19548.75,4.0,3.5,3.0,60.0,10.0,0.5,1.0,1.0,1.75,2024-04-17 14:09:00+00:00,2024-04-17 14:09:00+00:00,2024-04-17 14:10:00+00:00,2024-04-17 14:10:00+00:00,pullback_short_open_fa4d3938b097,-1,market,0.0,1,1,20,4,38210.0
457731,457732,457732,457732,closed,timeout,19523.25,19528.75,19523.0,19529.0,19543.25,19519.25,-5.5,-6.0,-6.5,-130.0,10.0,0.5,1.0,1.0,9.25,2024-04-17 14:46:00+00:00,2024-04-17 14:46:00+00:00,2024-04-17 14:47:00+00:00,2024-04-17 14:47:00+00:00,pullback_short_open_fa4d3938b097,-1,market,0.0,1,1,20,4,38080.0
459033,459034,459034,459034,closed,timeout,19273.25,19284.75,19273.0,19285.0,19293.25,19269.25,-11.5,-12.0,-12.5,-250.0,10.0,0.5,1.0,1.0,14.25,2024-04-18 13:43:00+00:00,2024-04-18 13:43:00+00:00,2024-04-18 13:44:00+00:00,2024-04-18 13:44:00+00:00,pullback_short_open_fa4d3938b097,-1,market,0.0,1,1,20,4,37830.0
459041,459042,459042,459042,closed,target,19321.75,19317.75,19321.5,19318.0,19341.75,19317.75,4.0,3.5,3.0,60.0,10.0,0.5,1.0,1.0,1.5,2024-04-18 13:51:00+00:00,2024-04-18 13:51:00+00:00,2024-04-18 13:52:00+00:00,2024-04-18 13:52:00+00:00,pullback_short_open_fa4d3938b097,-1,market,0.0,1,1,20,4,37890.0
459042,459043,459043,459043,closed,timeout,19306.0,19310.75,19305.75,19311.0,19326.0,19302.0,-4.75,-5.25,-5.75,-115.0,10.0,0.5,1.0,1.0,13.25,2024-04-18 13:52:00+00:00,2024-04-18 13:52:00+00:00,2024-04-18 13:53:00+00:00,2024-04-18 13:53:00+00:00,pullback_short_open_fa4d3938b097,-1,market,0.0,1,1,20,4,37775.0
460391,460392,460392,460392,closed,target,19158.0,19154.0,19157.75,19154.25,19178.0,19154.0,4.0,3.5,3.0,60.0,10.0,0.5,1.0,1.0,5.5,2024-04-19 13:36:00+00:00,2024-04-19 13:36:00+00:00,2024-04-19 13:37:00+00:00,2024-04-19 13:37:00+00:00,pullback_short_open_fa4d3938b097,-1,market,0.0,1,1,20,4,37835.0
460429,460430,460430,460430,closed,target,19115.0,19111.0,19114.75,19111.25,19135.0,19111.0,4.0,3.5,3.0,60.0,10.0,0.5,1.0,1.0,1.5,2024-04-19 14:14:00+00:00,2024-04-19 14:14:00+00:00,2024-04-19 14:15:00+00:00,2024-04-19 14:15:00+00:00,pullback_short_open_fa4d3938b097,-1,market,0.0,1,1,20,4,37895.0
461750,461751,461751,461751,closed,timeout,18982.5,18982.5,18982.25,18982.75,19002.5,18978.5,-0.0,-0.5,-1.0,-20.0,10.0,0.5,1.0,1.0,19.0,2024-04-22 13:30:00+00:00,2024-04-22 13:30:00+00:00,2024-04-22 13:31:00+00:00,2024-04-22 13:31:00+00:00,pullback_short_open_fa4d3938b097,-1,market,0.0,1,1,20,4,37875.0
461794,461795,461795,461795,closed,target,18972.25,18968.25,18972.0,18968.5,18992.25,18968.25,4.0,3.5,3.0,60.0,10.0,0.5,1.0,1.0,2.25,2024-04-22 14:14:00+00:00,2024-04-22 14:14:00+00:00,2024-04-22 14:15:00+00:00,2024-04-22 14:15:00+00:00,pullback_short_open_fa4d3938b097,-1,market,0.0,1,1,20,4,37935.0
461815,461816,461816,461816,closed,timeout,18894.25,18894.75,18894.0,18895.0,18914.25,18890.25,-0.5,-1.0,-1.5,-30.0,10.0,0.5,1.0,1.0,7.75,2024-04-22 14:35:00+00:00,2024-04-22 14:35:00+00:00,2024-04-22 14:36:00+00:00,2024-04-22 14:36:00+00:00,pullback_short_open_fa4d3938b097,-1,market,0.0,1,1,20,4,37905.0
464512,464513,464513,464513,closed,timeout,19430.0,19435.5,19429.75,19435.75,19450.0,19426.0,-5.5,-6.0,-6.5,-130.0,10.0,0.5,1.0,1.0,8.75,2024-04-24 14:02:00+00:00,2024-04-24 14:02:00+00:00,2024-04-24 14:03:00+00:00,2024-04-24 14:03:00+00:00,pullback_short_open_fa4d3938b097,-1,market,0.0,1,1,20,4,37775.0
464514,464515,464515,464515,closed,timeout,19430.25,19433.25,19430.0,19433.5,19450.25,19426.25,-3.0,-3.5,-4.0,-80.0,10.0,0.5,1.0,1.0,5.5,2024-04-24 14:04:00+00:00,2024-04-24 14:04:00+00:00,2024-04-24 14:05:00+00:00,2024-04-24 14:05:00+00:00,pullback_short_open_fa4d3938b097,-1,market,0.0,1,1,20,4,37695.0
464522,464523,464523,464523,closed,target,19451.75,19447.75,19451.5,19448.0,19471.75,19447.75,4.0,3.5,3.0,60.0,10.0,0.5,1.0,1.0,1.0,2024-04-24 14:12:00+00:00,2024-04-24 14:12:00+00:00,2024-04-24 14:13:00+00:00,2024-04-24 14:13:00+00:00,pullback_short_open_fa4d3938b097,-1,market,0.0,1,1,20,4,37755.0
464561,464562,464562,464562,closed,target,19394.0,19390.0,19393.75,19390.25,19414.0,19390.0,4.0,3.5,3.0,60.0,10.0,0.5,1.0,1.0,5.25,2024-04-24 14:51:00+00:00,2024-04-24 14:51:00+00:00,2024-04-24 14:52:00+00:00,2024-04-24 14:52:00+00:00,pullback_short_open_fa4d3938b097,-1,market,0.0,1,1,20,4,37815.0
464564,464565,464565,464565,closed,timeout,19387.75,19387.0,19387.5,19387.25,19407.75,19383.75,0.75,0.25,-0.25,-5.0,10.0,0.5,1.0,1.0,5.25,2024-04-24 14:54:00+00:00,2024-04-24 14:54:00+00:00,2024-04-24 14:55:00+00:00,2024-04-24 14:55:00+00:00,pullback_short_open_fa4d3938b097,-1,market,0.0,1,1,20,4,37810.0
465852,465853,465853,465853,closed,stop,19013.25,19033.25,19013.0,19033.5,19033.25,19009.25,-20.0,-20.5,-21.0,-420.0,10.0,0.5,1.0,1.0,22.75,2024-04-25 13:37:00+00:00,2024-04-25 13:37:00+00:00,2024-04-25 13:38:00+00:00,2024-04-25 13:38:00+00:00,pullback_short_open_fa4d3938b097,-1,market,0.0,1,1,20,4,37390.0
465915,465916,465916,465916,closed,target,19084.25,19080.25,19084.0,19080.5,19104.25,19080.25,4.0,3.5,3.0,60.0,10.0,0.5,1.0,1.0,4.5,2024-04-25 14:40:00+00:00,2024-04-25 14:40:00+00:00,2024-04-25 14:41:00+00:00,2024-04-25 14:41:00+00:00,pullback_short_open_fa4d3938b097,-1,market,0.0,1,1,20,4,37450.0
465921,465922,465922,465922,closed,target,19079.75,19075.75,19079.5,19076.0,19099.75,19075.75,4.0,3.5,3.0,60.0,10.0,0.5,1.0,1.0,2.75,2024-04-25 14:46:00+00:00,2024-04-25 14:46:00+00:00,2024-04-25 14:47:00+00:00,2024-04-25 14:47:00+00:00,pullback_short_open_fa4d3938b097,-1,market,0.0,1,1,20,4,37510.0
465922,465923,465923,465923,closed,timeout,19066.75,19074.75,19066.5,19075.0,19086.75,19062.75,-8.0,-8.5,-9.0,-180.0,10.0,0.5,1.0,1.0,13.5,2024-04-25 14:47:00+00:00,2024-04-25 14:47:00+00:00,2024-04-25 14:48:00+00:00,2024-04-25 14:48:00+00:00,pullback_short_open_fa4d3938b097,-1,market,0.0,1,1,20,4,37330.0
467211,467212,467212,467212,closed,target,19385.5,19381.5,19385.25,19381.75,19405.5,19381.5,4.0,3.5,3.0,60.0,10.0,0.5,1.0,1.0,3.75,2024-04-26 13:31:00+00:00,2024-04-26 13:31:00+00:00,2024-04-26 13:32:00+00:00,2024-04-26 13:32:00+00:00,pullback_short_open_fa4d3938b097,-1,market,0.0,1,1,20,4,37390.0
468594,468595,468595,468595,closed,target,19553.5,19549.5,19553.25,19549.75,19573.5,19549.5,4.0,3.5,3.0,60.0,10.0,0.5,1.0,1.0,10.0,2024-04-29 13:49:00+00:00,2024-04-29 13:49:00+00:00,2024-04-29 13:50:00+00:00,2024-04-29 13:50:00+00:00,pullback_short_open_fa4d3938b097,-1,market,0.0,1,1,20,4,37450.0
468596,468597,468597,468597,closed,target,19553.25,19549.25,19553.0,19549.5,19573.25,19549.25,4.0,3.5,3.0,60.0,10.0,0.5,1.0,1.0,1.0,2024-04-29 13:51:00+00:00,2024-04-29 13:51:00+00:00,2024-04-29 13:52:00+00:00,2024-04-29 13:52:00+00:00,pullback_short_open_fa4d3938b097,-1,market,0.0,1,1,20,4,37510.0
468660,468661,468661,468661,closed,timeout,19578.5,19580.25,19578.25,19580.5,19598.5,19574.5,-1.75,-2.25,-2.75,-55.0,10.0,0.5,1.0,1.0,6.5,2024-04-29 14:55:00+00:00,2024-04-29 14:55:00+00:00,2024-04-29 14:56:00+00:00,2024-04-29 14:56:00+00:00,pullback_short_open_fa4d3938b097,-1,market,0.0,1,1,20,4,37455.0
470006,470007,470007,470007,closed,target,19525.25,19521.25,19525.0,19521.5,19545.25,19521.25,4.0,3.5,3.0,60.0,10.0,0.5,1.0,1.0,3.5,2024-04-30 14:36:00+00:00,2024-04-30 14:36:00+00:00,2024-04-30 14:37:00+00:00,2024-04-30 14:37:00+00:00,pullback_short_open_fa4d3938b097,-1,market,0.0,1,1,20,4,37515.0
471312,471313,471313,471313,closed,timeout,19178.0,19182.5,19177.75,19182.75,19198.0,19174.0,-4.5,-5.0,-5.5,-110.0,10.0,0.5,1.0,1.0,11.5,2024-05-01 13:37:00+00:00,2024-05-01 13:37:00+00:00,2024-05-01 13:38:00+00:00,2024-05-01 13:38:00+00:00,pullback_short_open_fa4d3938b097,-1,market,0.0,1,1,20,4,37405.0
471315,471316,471316,471316,closed,target,19187.25,19183.25,19187.0,19183.5,19207.25,19183.25,4.0,3.5,3.0,60.0,10.0,0.5,1.0,1.0,0.25,2024-05-01 13:40:00+00:00,2024-05-01 13:40:00+00:00,2024-05-01 13:41:00+00:00,2024-05-01 13:41:00+00:00,pullback_short_open_fa4d3938b097,-1,market,0.0,1,1,20,4,37465.0
471316,471317,471317,471317,closed,timeout,19182.0,19193.5,19181.75,19193.75,19202.0,19178.0,-11.5,-12.0,-12.5,-250.0,10.0,0.5,1.0,1.0,16.75,2024-05-01 13:41:00+00:00,2024-05-01 13:41:00+00:00,2024-05-01 13:42:00+00:00,2024-05-01 13:42:00+00:00,pullback_short_open_fa4d3938b097,-1,market,0.0,1,1,20,4,37215.0
471319,471320,471320,471320,closed,target,19185.5,19181.5,19185.25,19181.75,19205.5,19181.5,4.0,3.5,3.0,60.0,10.0,0.5,1.0,1.0,8.25,2024-05-01 13:44:00+00:00,2024-05-01 13:44:00+00:00,2024-05-01 13:45:00+00:00,2024-05-01 13:45:00+00:00,pullback_short_open_fa4d3938b097,-1,market,0.0,1,1,20,4,37275.0
471335,471336,471336,471336,closed,target,19171.0,19167.0,19170.75,19167.25,19191.0,19167.0,4.0,3.5,3.0,60.0,10.0,0.5,1.0,1.0,18.5,2024-05-01 14:00:00+00:00,2024-05-01 14:00:00+00:00,2024-05-01 14:01:00+00:00,2024-05-01 14:01:00+00:00,pullback_short_open_fa4d3938b097,-1,market,0.0,1,1,20,4,37335.0
471339,471340,471340,471340,closed,target,19153.5,19149.5,19153.25,19149.75,19173.5,19149.5,4.0,3.5,3.0,60.0,10.0,0.5,1.0,1.0,5.75,2024-05-01 14:04:00+00:00,2024-05-01 14:04:00+00:00,2024-05-01 14:05:00+00:00,2024-05-01 14:05:00+00:00,pullback_short_open_fa4d3938b097,-1,market,0.0,1,1,20,4,37395.0
471342,471343,471343,471343,closed,target,19152.25,19148.25,19152.0,19148.5,19172.25,19148.25,4.0,3.5,3.0,60.0,10.0,0.5,1.0,1.0,14.25,2024-05-01 14:07:00+00:00,2024-05-01 14:07:00+00:00,2024-05-01 14:08:00+00:00,2024-05-01 14:08:00+00:00,pullback_short_open_fa4d3938b097,-1,market,0.0,1,1,20,4,37455.0
471357,471358,471358,471358,closed,timeout,19142.75,19143.5,19142.5,19143.75,19162.75,19138.75,-0.75,-1.25,-1.75,-35.0,10.0,0.5,1.0,1.0,7.25,2024-05-01 14:22:00+00:00,2024-05-01 14:22:00+00:00,2024-05-01 14:23:00+00:00,2024-05-01 14:23:00+00:00,pullback_short_open_fa4d3938b097,-1,market,0.0,1,1,20,4,37420.0
472679,472680,472680,472680,closed,target,19224.75,19220.75,19224.5,19221.0,19244.75,19220.75,4.0,3.5,3.0,60.0,10.0,0.5,1.0,1.0,8.5,2024-05-02 13:40:00+00:00,2024-05-02 13:40:00+00:00,2024-05-02 13:41:00+00:00,2024-05-02 13:41:00+00:00,pullback_short_open_fa4d3938b097,-1,market,0.0,1,1,20,4,37480.0
472683,472684,472684,472684,closed,timeout,19230.0,19233.75,19229.75,19234.0,19250.0,19226.0,-3.75,-4.25,-4.75,-95.0,10.0,0.5,1.0,1.0,7.0,2024-05-02 13:44:00+00:00,2024-05-02 13:44:00+00:00,2024-05-02 13:45:00+00:00,2024-05-02 13:45:00+00:00,pullback_short_open_fa4d3938b097,-1,market,0.0,1,1,20,4,37385.0
472686,472687,472687,472687,closed,target,19233.75,19229.75,19233.5,19230.0,19253.75,19229.75,4.0,3.5,3.0,60.0,10.0,0.5,1.0,1.0,3.0,2024-05-02 13:47:00+00:00,2024-05-02 13:47:00+00:00,2024-05-02 13:48:00+00:00,2024-05-02 13:48:00+00:00,pullback_short_open_fa4d3938b097,-1,market,0.0,1,1,20,4,37445.0
472692,472693,472693,472693,closed,target,19193.0,19189.0,19192.75,19189.25,19213.0,19189.0,4.0,3.5,3.0,60.0,10.0,0.5,1.0,1.0,0.5,2024-05-02 13:53:00+00:00,2024-05-02 13:53:00+00:00,2024-05-02 13:54:00+00:00,2024-05-02 13:54:00+00:00,pullback_short_open_fa4d3938b097,-1,market,0.0,1,1,20,4,37505.0
472698,472699,472699,472699,closed,target,19206.0,19202.0,19205.75,19202.25,19226.0,19202.0,4.0,3.5,3.0,60.0,10.0,0.5,1.0,1.0,3.25,2024-05-02 13:59:00+00:00,2024-05-02 13:59:00+00:00,2024-05-02 14:00:00+00:00,2024-05-02 14:00:00+00:00,pullback_short_open_fa4d3938b097,-1,market,0.0,1,1,20,4,37565.0
472705,472706,472706,472706,closed,target,19148.25,19144.25,19148.0,19144.5,19168.25,19144.25,4.0,3.5,3.0,60.0,10.0,0.5,1.0,1.0,2.0,2024-05-02 14:06:00+00:00,2024-05-02 14:06:00+00:00,2024-05-02 14:07:00+00:00,2024-05-02 14:07:00+00:00,pullback_short_open_fa4d3938b097,-1,market,0.0,1,1,20,4,37625.0
472712,472713,472713,472713,closed,stop,19122.5,19142.5,19122.25,19142.75,19142.5,19118.5,-20.0,-20.5,-21.0,-420.0,10.0,0.5,1.0,1.0,20.25,2024-05-02 14:13:00+00:00,2024-05-02 14:13:00+00:00,2024-05-02 14:14:00+00:00,2024-05-02 14:14:00+00:00,pullback_short_open_fa4d3938b097,-1,market,0.0,1,1,20,4,37205.0
472716,472717,472717,472717,closed,target,19142.5,19138.5,19142.25,19138.75,19162.5,19138.5,4.0,3.5,3.0,60.0,10.0,0.5,1.0,1.0,9.5,2024-05-02 14:17:00+00:00,2024-05-02 14:17:00+00:00,2024-05-02 14:18:00+00:00,2024-05-02 14:18:00+00:00,pullback_short_open_fa4d3938b097,-1,market,0.0,1,1,20,4,37265.0
472745,472746,472746,472746,closed,target,19154.5,19150.5,19154.25,19150.75,19174.5,19150.5,4.0,3.5,3.0,60.0,10.0,0.5,1.0,1.0,13.5,2024-05-02 14:46:00+00:00,2024-05-02 14:46:00+00:00,2024-05-02 14:47:00+00:00,2024-05-02 14:47:00+00:00,pullback_short_open_fa4d3938b097,-1,market,0.0,1,1,20,4,37325.0
474083,474084,474084,474084,closed,target,19624.75,19620.75,19624.5,19621.0,19644.75,19620.75,4.0,3.5,3.0,60.0,10.0,0.5,1.0,1.0,1.75,2024-05-03 14:19:00+00:00,2024-05-03 14:19:00+00:00,2024-05-03 14:20:00+00:00,2024-05-03 14:20:00+00:00,pullback_short_open_fa4d3938b097,-1,market,0.0,1,1,20,4,37385.0
474087,474088,474088,474088,closed,target,19616.0,19612.0,19615.75,19612.25,19636.0,19612.0,4.0,3.5,3.0,60.0,10.0,0.5,1.0,1.0,6.25,2024-05-03 14:23:00+00:00,2024-05-03 14:23:00+00:00,2024-05-03 14:24:00+00:00,2024-05-03 14:24:00+00:00,pullback_short_open_fa4d3938b097,-1,market,0.0,1,1,20,4,37445.0
475456,475457,475457,475457,closed,target,19792.25,19788.25,19792.0,19788.5,19812.25,19788.25,4.0,3.5,3.0,60.0,10.0,0.5,1.0,1.0,0.5,2024-05-06 14:27:00+00:00,2024-05-06 14:27:00+00:00,2024-05-06 14:28:00+00:00,2024-05-06 14:28:00+00:00,pullback_short_open_fa4d3938b097,-1,market,0.0,1,1,20,4,37505.0
476789,476790,476790,476790,closed,target,19899.75,19895.75,19899.5,19896.0,19919.75,19895.75,4.0,3.5,3.0,60.0,10.0,0.5,1.0,1.0,1.0,2024-05-07 13:57:00+00:00,2024-05-07 13:57:00+00:00,2024-05-07 13:58:00+00:00,2024-05-07 13:58:00+00:00,pullback_short_open_fa4d3938b097,-1,market,0.0,1,1,20,4,37565.0
476801,476802,476802,476802,closed,timeout,19890.25,19893.0,19890.0,19893.25,19910.25,19886.25,-2.75,-3.25,-3.75,-75.0,10.0,0.5,1.0,1.0,6.75,2024-05-07 14:09:00+00:00,2024-05-07 14:09:00+00:00,2024-05-07 14:10:00+00:00,2024-05-07 14:10:00+00:00,pullback_short_open_fa4d3938b097,-1,market,0.0,1,1,20,4,37490.0
476832,476833,476833,476833,closed,timeout,19895.0,19894.0,19894.75,19894.25,19915.0,19891.0,1.0,0.5,0.0,0.0,10.0,0.5,1.0,1.0,1.0,2024-05-07 14:40:00+00:00,2024-05-07 14:40:00+00:00,2024-05-07 14:41:00+00:00,2024-05-07 14:41:00+00:00,pullback_short_open_fa4d3938b097,-1,market,0.0,1,1,20,4,37490.0
479491,479492,479492,479492,closed,target,19884.25,19880.25,19884.0,19880.5,19904.25,19880.25,4.0,3.5,3.0,60.0,10.0,0.5,1.0,1.0,8.0,2024-05-09 13:32:00+00:00,2024-05-09 13:32:00+00:00,2024-05-09 13:33:00+00:00,2024-05-09 13:33:00+00:00,pullback_short_open_fa4d3938b097,-1,market,0.0,1,1,20,4,37550.0
479492,479493,479493,479493,closed,target,19879.75,19875.75,19879.5,19876.0,19899.75,19875.75,4.0,3.5,3.0,60.0,10.0,0.5,1.0,1.0,0.5,2024-05-09 13:33:00+00:00,2024-05-09 13:33:00+00:00,2024-05-09 13:34:00+00:00,2024-05-09 13:34:00+00:00,pullback_short_open_fa4d3938b097,-1,market,0.0,1,1,20,4,37610.0
479547,479548,479548,479548,closed,target,19850.0,19846.0,19849.75,19846.25,19870.0,19846.0,4.0,3.5,3.0,60.0,10.0,0.5,1.0,1.0,1.75,2024-05-09 14:28:00+00:00,2024-05-09 14:28:00+00:00,2024-05-09 14:29:00+00:00,2024-05-09 14:29:00+00:00,pullback_short_open_fa4d3938b097,-1,market,0.0,1,1,20,4,37670.0
480891,480892,480892,480892,closed,target,20003.0,19999.0,20002.75,19999.25,20023.0,19999.0,4.0,3.5,3.0,60.0,10.0,0.5,1.0,1.0,1.5,2024-05-10 14:07:00+00:00,2024-05-10 14:07:00+00:00,2024-05-10 14:08:00+00:00,2024-05-10 14:08:00+00:00,pullback_short_open_fa4d3938b097,-1,market,0.0,1,1,20,4,37730.0
480899,480900,480900,480900,closed,target,19965.25,19961.25,19965.0,19961.5,19985.25,19961.25,4.0,3.5,3.0,60.0,10.0,0.5,1.0,1.0,5.5,2024-05-10 14:15:00+00:00,2024-05-10 14:15:00+00:00,2024-05-10 14:16:00+00:00,2024-05-10 14:16:00+00:00,pullback_short_open_fa4d3938b097,-1,market,0.0,1,1,20,4,37790.0
480902,480903,480903,480903,closed,target,19968.75,19964.75,19968.5,19965.0,19988.75,19964.75,4.0,3.5,3.0,60.0,10.0,0.5,1.0,1.0,0.25,2024-05-10 14:18:00+00:00,2024-05-10 14:18:00+00:00,2024-05-10 14:19:00+00:00,2024-05-10 14:19:00+00:00,pullback_short_open_fa4d3938b097,-1,market,0.0,1,1,20,4,37850.0
480903,480904,480904,480904,closed,target,19965.75,19961.75,19965.5,19962.0,19985.75,19961.75,4.0,3.5,3.0,60.0,10.0,0.5,1.0,1.0,0.25,2024-05-10 14:19:00+00:00,2024-05-10 14:19:00+00:00,2024-05-10 14:20:00+00:00,2024-05-10 14:20:00+00:00,pullback_short_open_fa4d3938b097,-1,market,0.0,1,1,20,4,37910.0
480910,480911,480911,480911,closed,target,19946.25,19942.25,19946.0,19942.5,19966.25,19942.25,4.0,3.5,3.0,60.0,10.0,0.5,1.0,1.0,5.5,2024-05-10 14:26:00+00:00,2024-05-10 14:26:00+00:00,2024-05-10 14:27:00+00:00,2024-05-10 14:27:00+00:00,pullback_short_open_fa4d3938b097,-1,market,0.0,1,1,20,4,37970.0
480911,480912,480912,480912,closed,target,19943.0,19939.0,19942.75,19939.25,19963.0,19939.0,4.0,3.5,3.0,60.0,10.0,0.5,1.0,1.0,4.0,2024-05-10 14:27:00+00:00,2024-05-10 14:27:00+00:00,2024-05-10 14:28:00+00:00,2024-05-10 14:28:00+00:00,pullback_short_open_fa4d3938b097,-1,market,0.0,1,1,20,4,38030.0
480921,480922,480922,480922,closed,timeout,19920.0,19924.5,19919.75,19924.75,19940.0,19916.0,-4.5,-5.0,-5.5,-110.0,10.0,0.5,1.0,1.0,8.5,2024-05-10 14:37:00+00:00,2024-05-10 14:37:00+00:00,2024-05-10 14:38:00+00:00,2024-05-10 14:38:00+00:00,pullback_short_open_fa4d3938b097,-1,market,0.0,1,1,20,4,37920.0
480929,480930,480930,480930,closed,target,19940.0,19936.0,19939.75,19936.25,19960.0,19936.0,4.0,3.5,3.0,60.0,10.0,0.5,1.0,1.0,1.5,2024-05-10 14:45:00+00:00,2024-05-10 14:45:00+00:00,2024-05-10 14:46:00+00:00,2024-05-10 14:46:00+00:00,pullback_short_open_fa4d3938b097,-1,market,0.0,1,1,20,4,37980.0
480942,480943,480943,480943,closed,timeout,19901.5,19912.0,19901.25,19912.25,19921.5,19897.5,-10.5,-11.0,-11.5,-230.0,10.0,0.5,1.0,1.0,12.25,2024-05-10 14:58:00+00:00,2024-05-10 14:58:00+00:00,2024-05-10 14:59:00+00:00,2024-05-10 14:59:00+00:00,pullback_short_open_fa4d3938b097,-1,market,0.0,1,1,20,4,37750.0
482228,482229,482229,482229,closed,target,19998.75,19994.75,19998.5,19995.0,20018.75,19994.75,4.0,3.5,3.0,60.0,10.0,0.5,1.0,1.0,3.25,2024-05-13 13:39:00+00:00,2024-05-13 13:39:00+00:00,2024-05-13 13:40:00+00:00,2024-05-13 13:40:00+00:00,pullback_short_open_fa4d3938b097,-1,market,0.0,1,1,20,4,37810.0
482293,482294,482294,482294,closed,timeout,19983.0,19983.0,19982.75,19983.25,20003.0,19979.0,-0.0,-0.5,-1.0,-20.0,10.0,0.5,1.0,1.0,2.5,2024-05-13 14:44:00+00:00,2024-05-13 14:44:00+00:00,2024-05-13 14:45:00+00:00,2024-05-13 14:45:00+00:00,pullback_short_open_fa4d3938b097,-1,market,0.0,1,1,20,4,37790.0
482297,482298,482298,482298,closed,timeout,19984.5,19989.75,19984.25,19990.0,20004.5,19980.5,-5.25,-5.75,-6.25,-125.0,10.0,0.5,1.0,1.0,8.25,2024-05-13 14:48:00+00:00,2024-05-13 14:48:00+00:00,2024-05-13 14:49:00+00:00,2024-05-13 14:49:00+00:00,pullback_short_open_fa4d3938b097,-1,market,0.0,1,1,20,4,37665.0
483621,483622,483622,483622,closed,target,19982.5,19978.5,19982.25,19978.75,20002.5,19978.5,4.0,3.5,3.0,60.0,10.0,0.5,1.0,1.0,11.5,2024-05-14 14:07:00+00:00,2024-05-14 14:07:00+00:00,2024-05-14 14:08:00+00:00,2024-05-14 14:08:00+00:00,pullback_short_open_fa4d3938b097,-1,market,0.0,1,1,20,4,37725.0
483660,483661,483661,483661,closed,timeout,19991.75,19994.25,19991.5,19994.5,20011.75,19987.75,-2.5,-3.0,-3.5,-70.0,10.0,0.5,1.0,1.0,3.75,2024-05-14 14:46:00+00:00,2024-05-14 14:46:00+00:00,2024-05-14 14:47:00+00:00,2024-05-14 14:47:00+00:00,pullback_short_open_fa4d3938b097,-1,market,0.0,1,1,20,4,37655.0
483664,483665,483665,483665,closed,timeout,19991.75,19994.0,19991.5,19994.25,20011.75,19987.75,-2.25,-2.75,-3.25,-65.0,10.0,0.5,1.0,1.0,8.0,2024-05-14 14:50:00+00:00,2024-05-14 14:50:00+00:00,2024-05-14 14:51:00+00:00,2024-05-14 14:51:00+00:00,pullback_short_open_fa4d3938b097,-1,market,0.0,1,1,20,4,37590.0
483669,483670,483670,483670,closed,timeout,20000.0,20010.25,19999.75,20010.5,20020.0,19996.0,-10.25,-10.75,-11.25,-225.0,10.0,0.5,1.0,1.0,12.5,2024-05-14 14:55:00+00:00,2024-05-14 14:55:00+00:00,2024-05-14 14:56:00+00:00,2024-05-14 14:56:00+00:00,pullback_short_open_fa4d3938b097,-1,market,0.0,1,1,20,4,37365.0
486320,486321,486321,486321,closed,timeout,20370.5,20379.5,20370.25,20379.75,20390.5,20366.5,-9.0,-9.5,-10.0,-200.0,10.0,0.5,1.0,1.0,10.75,2024-05-16 13:36:00+00:00,2024-05-16 13:36:00+00:00,2024-05-16 13:37:00+00:00,2024-05-16 13:37:00+00:00,pullback_short_open_fa4d3938b097,-1,market,0.0,1,1,20,4,37165.0
487681,487682,487682,487682,closed,target,20349.0,20345.0,20348.75,20345.25,20369.0,20345.0,4.0,3.5,3.0,60.0,10.0,0.5,1.0,1.0,1.25,2024-05-17 13:33:00+00:00,2024-05-17 13:33:00+00:00,2024-05-17 13:34:00+00:00,2024-05-17 13:34:00+00:00,pullback_short_open_fa4d3938b097,-1,market,0.0,1,1,20,4,37225.0
487687,487688,487688,487688,closed,timeout,20352.75,20355.75,20352.5,20356.0,20372.75,20348.75,-3.0,-3.5,-4.0,-80.0,10.0,0.5,1.0,1.0,6.0,2024-05-17 13:39:00+00:00,2024-05-17 13:39:00+00:00,2024-05-17 13:40:00+00:00,2024-05-17 13:40:00+00:00,pullback_short_open_fa4d3938b097,-1,market,0.0,1,1,20,4,37145.0
487689,487690,487690,487690,closed,target,20348.5,20344.5,20348.25,20344.75,20368.5,20344.5,4.0,3.5,3.0,60.0,10.0,0.5,1.0,1.0,3.0,2024-05-17 13:41:00+00:00,2024-05-17 13:41:00+00:00,2024-05-17 13:42:00+00:00,2024-05-17 13:42:00+00:00,pullback_short_open_fa4d3938b097,-1,market,0.0,1,1,20,4,37205.0
487690,487691,487691,487691,closed,target,20342.0,20338.0,20341.75,20338.25,20362.0,20338.0,4.0,3.5,3.0,60.0,10.0,0.5,1.0,1.0,12.0,2024-05-17 13:42:00+00:00,2024-05-17 13:42:00+00:00,2024-05-17 13:43:00+00:00,2024-05-17 13:43:00+00:00,pullback_short_open_fa4d3938b097,-1,market,0.0,1,1,20,4,37265.0
491784,491785,491785,491785,closed,timeout,20490.0,20499.75,20489.75,20500.0,20510.0,20486.0,-9.75,-10.25,-10.75,-215.0,10.0,0.5,1.0,1.0,10.5,2024-05-22 13:43:00+00:00,2024-05-22 13:43:00+00:00,2024-05-22 13:44:00+00:00,2024-05-22 13:44:00+00:00,pullback_short_open_fa4d3938b097,-1,market,0.0,1,1,20,4,37050.0
491812,491813,491813,491813,closed,timeout,20501.25,20504.5,20501.0,20504.75,20521.25,20497.25,-3.25,-3.75,-4.25,-85.0,10.0,0.5,1.0,1.0,9.25,2024-05-22 14:11:00+00:00,2024-05-22 14:11:00+00:00,2024-05-22 14:12:00+00:00,2024-05-22 14:12:00+00:00,pullback_short_open_fa4d3938b097,-1,market,0.0,1,1,20,4,36965.0
491841,491842,491842,491842,closed,timeout,20507.0,20511.25,20506.75,20511.5,20527.0,20503.0,-4.25,-4.75,-5.25,-105.0,10.0,0.5,1.0,1.0,7.75,2024-05-22 14:40:00+00:00,2024-05-22 14:40:00+00:00,2024-05-22 14:41:00+00:00,2024-05-22 14:41:00+00:00,pullback_short_open_fa4d3938b097,-1,market,0.0,1,1,20,4,36860.0
491851,491852,491852,491852,closed,timeout,20502.25,20504.25,20502.0,20504.5,20522.25,20498.25,-2.0,-2.5,-3.0,-60.0,10.0,0.5,1.0,1.0,4.0,2024-05-22 14:50:00+00:00,2024-05-22 14:50:00+00:00,2024-05-22 14:51:00+00:00,2024-05-22 14:51:00+00:00,pullback_short_open_fa4d3938b097,-1,market,0.0,1,1,20,4,36800.0
493140,493141,493141,493141,closed,target,20634.75,20630.75,20634.5,20631.0,20654.75,20630.75,4.0,3.5,3.0,60.0,10.0,0.5,1.0,1.0,7.0,2024-05-23 13:34:00+00:00,2024-05-23 13:34:00+00:00,2024-05-23 13:35:00+00:00,2024-05-23 13:35:00+00:00,pullback_short_open_fa4d3938b097,-1,market,0.0,1,1,20,4,36860.0
493141,493142,493142,493142,closed,target,20632.0,20628.0,20631.75,20628.25,20652.0,20628.0,4.0,3.5,3.0,60.0,10.0,0.5,1.0,1.0,12.5,2024-05-23 13:35:00+00:00,2024-05-23 13:35:00+00:00,2024-05-23 13:36:00+00:00,2024-05-23 13:36:00+00:00,pullback_short_open_fa4d3938b097,-1,market,0.0,1,1,20,4,36920.0
493143,493144,493144,493144,closed,target,20636.75,20632.75,20636.5,20633.0,20656.75,20632.75,4.0,3.5,3.0,60.0,10.0,0.5,1.0,1.0,9.25,2024-05-23 13:37:00+00:00,2024-05-23 13:37:00+00:00,2024-05-23 13:38:00+00:00,2024-05-23 13:38:00+00:00,pullback_short_open_fa4d3938b097,-1,market,0.0,1,1,20,4,36980.0
493146,493147,493147,493147,closed,target,20637.75,20633.75,20637.5,20634.0,20657.75,20633.75,4.0,3.5,3.0,60.0,10.0,0.5,1.0,1.0,1.5,2024-05-23 13:40:00+00:00,2024-05-23 13:40:00+00:00,2024-05-23 13:41:00+00:00,2024-05-23 13:41:00+00:00,pullback_short_open_fa4d3938b097,-1,market,0.0,1,1,20,4,37040.0
493154,493155,493155,493155,closed,target,20606.75,20602.75,20606.5,20603.0,20626.75,20602.75,4.0,3.5,3.0,60.0,10.0,0.5,1.0,1.0,1.75,2024-05-23 13:48:00+00:00,2024-05-23 13:48:00+00:00,2024-05-23 13:49:00+00:00,2024-05-23 13:49:00+00:00,pullback_short_open_fa4d3938b097,-1,market,0.0,1,1,20,4,37100.0
493168,493169,493169,493169,closed,target,20563.25,20559.25,20563.0,20559.5,20583.25,20559.25,4.0,3.5,3.0,60.0,10.0,0.5,1.0,1.0,3.0,2024-05-23 14:02:00+00:00,2024-05-23 14:02:00+00:00,2024-05-23 14:03:00+00:00,2024-05-23 14:03:00+00:00,pullback_short_open_fa4d3938b097,-1,market,0.0,1,1,20,4,37160.0
493169,493170,493170,493170,closed,target,20554.5,20550.5,20554.25,20550.75,20574.5,20550.5,4.0,3.5,3.0,60.0,10.0,0.5,1.0,1.0,3.0,2024-05-23 14:03:00+00:00,2024-05-23 14:03:00+00:00,2024-05-23 14:04:00+00:00,2024-05-23 14:04:00+00:00,pullback_short_open_fa4d3938b097,-1,market,0.0,1,1,20,4,37220.0
493170,493171,493171,493171,closed,timeout,20550.25,20559.75,20550.0,20560.0,20570.25,20546.25,-9.5,-10.0,-10.5,-210.0,10.0,0.5,1.0,1.0,11.25,2024-05-23 14:04:00+00:00,2024-05-23 14:04:00+00:00,2024-05-23 14:05:00+00:00,2024-05-23 14:05:00+00:00,pullback_short_open_fa4d3938b097,-1,market,0.0,1,1,20,4,37010.0
493173,493174,493174,493174,closed,target,20561.5,20557.5,20561.25,20557.75,20581.5,20557.5,4.0,3.5,3.0,60.0,10.0,0.5,1.0,1.0,3.5,2024-05-23 14:07:00+00:00,2024-05-23 14:07:00+00:00,2024-05-23 14:08:00+00:00,2024-05-23 14:08:00+00:00,pullback_short_open_fa4d3938b097,-1,market,0.0,1,1,20,4,37070.0
493174,493175,493175,493175,closed,target,20552.75,20548.75,20552.5,20549.0,20572.75,20548.75,4.0,3.5,3.0,60.0,10.0,0.5,1.0,1.0,8.75,2024-05-23 14:08:00+00:00,2024-05-23 14:08:00+00:00,2024-05-23 14:09:00+00:00,2024-05-23 14:09:00+00:00,pullback_short_open_fa4d3938b097,-1,market,0.0,1,1,20,4,37130.0
493197,493198,493198,493198,closed,timeout,20570.0,20581.25,20569.75,20581.5,20590.0,20566.0,-11.25,-11.75,-12.25,-245.0,10.0,0.5,1.0,1.0,15.0,2024-05-23 14:31:00+00:00,2024-05-23 14:31:00+00:00,2024-05-23 14:32:00+00:00,2024-05-23 14:32:00+00:00,pullback_short_open_fa4d3938b097,-1,market,0.0,1,1,20,4,36885.0
495896,495897,495897,495897,closed,timeout,20577.75,20579.0,20577.5,20579.25,20597.75,20573.75,-1.25,-1.75,-2.25,-45.0,10.0,0.5,1.0,1.0,4.0,2024-05-27 14:00:00+00:00,2024-05-27 14:00:00+00:00,2024-05-27 14:01:00+00:00,2024-05-27 14:01:00+00:00,pullback_short_open_fa4d3938b097,-1,market,0.0,1,1,20,4,36840.0
495902,495903,495903,495903,closed,target,20579.0,20575.0,20578.75,20575.25,20599.0,20575.0,4.0,3.5,3.0,60.0,10.0,0.5,1.0,1.0,0.75,2024-05-27 14:06:00+00:00,2024-05-27 14:06:00+00:00,2024-05-27 14:07:00+00:00,2024-05-27 14:07:00+00:00,pullback_short_open_fa4d3938b097,-1,market,0.0,1,1,20,4,36900.0
495908,495909,495909,495909,closed,timeout,20573.75,20575.75,20573.5,20576.0,20593.75,20569.75,-2.0,-2.5,-3.0,-60.0,10.0,0.5,1.0,1.0,2.75,2024-05-27 14:12:00+00:00,2024-05-27 14:12:00+00:00,2024-05-27 14:13:00+00:00,2024-05-27 14:13:00+00:00,pullback_short_open_fa4d3938b097,-1,market,0.0,1,1,20,4,36840.0
495911,495912,495912,495912,closed,timeout,20574.0,20573.25,20573.75,20573.5,20594.0,20570.0,0.75,0.25,-0.25,-5.0,10.0,0.5,1.0,1.0,0.5,2024-05-27 14:15:00+00:00,2024-05-27 14:15:00+00:00,2024-05-27 14:16:00+00:00,2024-05-27 14:16:00+00:00,pullback_short_open_fa4d3938b097,-1,market,0.0,1,1,20,4,36835.0
497017,497018,497018,497018,closed,target,20596.75,20592.75,20596.5,20593.0,20616.75,20592.75,4.0,3.5,3.0,60.0,10.0,0.5,1.0,1.0,4.75,2024-05-28 13:41:00+00:00,2024-05-28 13:41:00+00:00,2024-05-28 13:42:00+00:00,2024-05-28 13:42:00+00:00,pullback_short_open_fa4d3938b097,-1,market,0.0,1,1,20,4,36895.0
497019,497020,497020,497020,closed,target,20593.0,20589.0,20592.75,20589.25,20613.0,20589.0,4.0,3.5,3.0,60.0,10.0,0.5,1.0,1.0,1.0,2024-05-28 13:43:00+00:00,2024-05-28 13:43:00+00:00,2024-05-28 13:44:00+00:00,2024-05-28 13:44:00+00:00,pullback_short_open_fa4d3938b097,-1,market,0.0,1,1,20,4,36955.0
497028,497029,497029,497029,closed,target,20550.5,20546.5,20550.25,20546.75,20570.5,20546.5,4.0,3.5,3.0,60.0,10.0,0.5,1.0,1.0,2.75,2024-05-28 13:52:00+00:00,2024-05-28 13:52:00+00:00,2024-05-28 13:53:00+00:00,2024-05-28 13:53:00+00:00,pullback_short_open_fa4d3938b097,-1,market,0.0,1,1,20,4,37015.0
497031,497032,497032,497032,closed,timeout,20546.5,20553.0,20546.25,20553.25,20566.5,20542.5,-6.5,-7.0,-7.5,-150.0,10.0,0.5,1.0,1.0,8.5,2024-05-28 13:55:00+00:00,2024-05-28 13:55:00+00:00,2024-05-28 13:56:00+00:00,2024-05-28 13:56:00+00:00,pullback_short_open_fa4d3938b097,-1,market,0.0,1,1,20,4,36865.0
497035,497036,497036,497036,closed,timeout,20551.5,20558.0,20551.25,20558.25,20571.5,20547.5,-6.5,-7.0,-7.5,-150.0,10.0,0.5,1.0,1.0,6.75,2024-05-28 13:59:00+00:00,2024-05-28 13:59:00+00:00,2024-05-28 14:00:00+00:00,2024-05-28 14:00:00+00:00,pullback_short_open_fa4d3938b097,-1,market,0.0,1,1,20,4,36715.0
499756,499757,499757,499757,closed,target,20438.5,20434.5,20438.25,20434.75,20458.5,20434.5,4.0,3.5,3.0,60.0,10.0,0.5,1.0,1.0,3.5,2024-05-30 13:50:00+00:00,2024-05-30 13:50:00+00:00,2024-05-30 13:51:00+00:00,2024-05-30 13:51:00+00:00,pullback_short_open_fa4d3938b097,-1,market,0.0,1,1,20,4,36775.0
499782,499783,499783,499783,closed,stop,20395.75,20415.75,20395.5,20416.0,20415.75,20391.75,-20.0,-20.5,-21.0,-420.0,10.0,0.5,1.0,1.0,23.0,2024-05-30 14:16:00+00:00,2024-05-30 14:16:00+00:00,2024-05-30 14:17:00+00:00,2024-05-30 14:17:00+00:00,pullback_short_open_fa4d3938b097,-1,market,0.0,1,1,20,4,36355.0
499792,499793,499793,499793,closed,target,20416.75,20412.75,20416.5,20413.0,20436.75,20412.75,4.0,3.5,3.0,60.0,10.0,0.5,1.0,1.0,1.5,2024-05-30 14:26:00+00:00,2024-05-30 14:26:00+00:00,2024-05-30 14:27:00+00:00,2024-05-30 14:27:00+00:00,pullback_short_open_fa4d3938b097,-1,market,0.0,1,1,20,4,36415.0
499795,499796,499796,499796,closed,timeout,20414.25,20413.0,20414.0,20413.25,20434.25,20410.25,1.25,0.75,0.25,5.0,10.0,0.5,1.0,1.0,6.5,2024-05-30 14:29:00+00:00,2024-05-30 14:29:00+00:00,2024-05-30 14:30:00+00:00,2024-05-30 14:30:00+00:00,pullback_short_open_fa4d3938b097,-1,market,0.0,1,1,20,4,36420.0
499804,499805,499805,499805,closed,target,20384.0,20380.0,20383.75,20380.25,20404.0,20380.0,4.0,3.5,3.0,60.0,10.0,0.5,1.0,1.0,0.5,2024-05-30 14:38:00+00:00,2024-05-30 14:38:00+00:00,2024-05-30 14:39:00+00:00,2024-05-30 14:39:00+00:00,pullback_short_open_fa4d3938b097,-1,market,0.0,1,1,20,4,36480.0
499816,499817,499817,499817,closed,timeout,20361.5,20359.5,20361.25,20359.75,20381.5,20357.5,2.0,1.5,1.0,20.0,10.0,0.5,1.0,1.0,15.25,2024-05-30 14:50:00+00:00,2024-05-30 14:50:00+00:00,2024-05-30 14:51:00+00:00,2024-05-30 14:51:00+00:00,pullback_short_open_fa4d3938b097,-1,market,0.0,1,1,20,4,36500.0
499823,499824,499824,499824,closed,target,20357.5,20353.5,20357.25,20353.75,20377.5,20353.5,4.0,3.5,3.0,60.0,10.0,0.5,1.0,1.0,5.0,2024-05-30 14:57:00+00:00,2024-05-30 14:57:00+00:00,2024-05-30 14:58:00+00:00,2024-05-30 14:58:00+00:00,pullback_short_open_fa4d3938b097,-1,market,0.0,1,1,20,4,36560.0
499825,499826,499826,499826,closed,timeout,20355.25,20352.25,20355.0,20352.5,20375.25,20351.25,3.0,2.5,2.0,40.0,10.0,0.5,1.0,1.0,2.75,2024-05-30 14:59:00+00:00,2024-05-30 14:59:00+00:00,2024-05-30 15:00:00+00:00,2024-05-30 15:00:00+00:00,pullback_short_open_fa4d3938b097,-1,market,0.0,1,1,20,4,36600.0
501110,501111,501111,501111,closed,timeout,20297.75,20308.5,20297.5,20308.75,20317.75,20293.75,-10.75,-11.25,-11.75,-235.0,10.0,0.5,1.0,1.0,11.75,2024-05-31 13:39:00+00:00,2024-05-31 13:39:00+00:00,2024-05-31 13:40:00+00:00,2024-05-31 13:40:00+00:00,pullback_short_open_fa4d3938b097,-1,market,0.0,1,1,20,4,36365.0
501113,501114,501114,501114,closed,target,20309.25,20305.25,20309.0,20305.5,20329.25,20305.25,4.0,3.5,3.0,60.0,10.0,0.5,1.0,1.0,9.75,2024-05-31 13:42:00+00:00,2024-05-31 13:42:00+00:00,2024-05-31 13:43:00+00:00,2024-05-31 13:43:00+00:00,pullback_short_open_fa4d3938b097,-1,market,0.0,1,1,20,4,36425.0
501130,501131,501131,501131,closed,timeout,20237.75,20238.0,20237.5,20238.25,20257.75,20233.75,-0.25,-0.75,-1.25,-25.0,10.0,0.5,1.0,1.0,8.5,2024-05-31 13:59:00+00:00,2024-05-31 13:59:00+00:00,2024-05-31 14:00:00+00:00,2024-05-31 14:00:00+00:00,pullback_short_open_fa4d3938b097,-1,market,0.0,1,1,20,4,36400.0
501134,501135,501135,501135,closed,timeout,20206.5,20217.5,20206.25,20217.75,20226.5,20202.5,-11.0,-11.5,-12.0,-240.0,10.0,0.5,1.0,1.0,12.75,2024-05-31 14:03:00+00:00,2024-05-31 14:03:00+00:00,2024-05-31 14:04:00+00:00,2024-05-31 14:04:00+00:00,pullback_short_open_fa4d3938b097,-1,market,0.0,1,1,20,4,36160.0
501137,501138,501138,501138,closed,timeout,20221.0,20226.25,20220.75,20226.5,20241.0,20217.0,-5.25,-5.75,-6.25,-125.0,10.0,0.5,1.0,1.0,10.75,2024-05-31 14:06:00+00:00,2024-05-31 14:06:00+00:00,2024-05-31 14:07:00+00:00,2024-05-31 14:07:00+00:00,pullback_short_open_fa4d3938b097,-1,market,0.0,1,1,20,4,36035.0
501140,501141,501141,501141,closed,target,20235.25,20231.25,20235.0,20231.5,20255.25,20231.25,4.0,3.5,3.0,60.0,10.0,0.5,1.0,1.0,4.5,2024-05-31 14:09:00+00:00,2024-05-31 14:09:00+00:00,2024-05-31 14:10:00+00:00,2024-05-31 14:10:00+00:00,pullback_short_open_fa4d3938b097,-1,market,0.0,1,1,20,4,36095.0
501160,501161,501161,501161,closed,target,20119.5,20115.5,20119.25,20115.75,20139.5,20115.5,4.0,3.5,3.0,60.0,10.0,0.5,1.0,1.0,13.25,2024-05-31 14:29:00+00:00,2024-05-31 14:29:00+00:00,2024-05-31 14:30:00+00:00,2024-05-31 14:30:00+00:00,pullback_short_open_fa4d3938b097,-1,market,0.0,1,1,20,4,36155.0
501169,501170,501170,501170,closed,stop,20068.75,20088.75,20068.5,20089.0,20088.75,20064.75,-20.0,-20.5,-21.0,-420.0,10.0,0.5,1.0,1.0,20.75,2024-05-31 14:38:00+00:00,2024-05-31 14:38:00+00:00,2024-05-31 14:39:00+00:00,2024-05-31 14:39:00+00:00,pullback_short_open_fa4d3938b097,-1,market,0.0,1,1,20,4,35735.0
501173,501174,501174,501174,closed,target,20078.75,20074.75,20078.5,20075.0,20098.75,20074.75,4.0,3.5,3.0,60.0,10.0,0.5,1.0,1.0,0.25,2024-05-31 14:42:00+00:00,2024-05-31 14:42:00+00:00,2024-05-31 14:43:00+00:00,2024-05-31 14:43:00+00:00,pullback_short_open_fa4d3938b097,-1,market,0.0,1,1,20,4,35795.0
501181,501182,501182,501182,closed,timeout,20059.0,20065.5,20058.75,20065.75,20079.0,20055.0,-6.5,-7.0,-7.5,-150.0,10.0,0.5,1.0,1.0,11.75,2024-05-31 14:50:00+00:00,2024-05-31 14:50:00+00:00,2024-05-31 14:51:00+00:00,2024-05-31 14:51:00+00:00,pullback_short_open_fa4d3938b097,-1,market,0.0,1,1,20,4,35645.0
502491,502492,502492,502492,closed,target,20383.0,20379.0,20382.75,20379.25,20403.0,20379.0,4.0,3.5,3.0,60.0,10.0,0.5,1.0,1.0,4.75,2024-06-03 13:55:00+00:00,2024-06-03 13:55:00+00:00,2024-06-03 13:56:00+00:00,2024-06-03 13:56:00+00:00,pullback_short_open_fa4d3938b097,-1,market,0.0,1,1,20,4,35705.0
502496,502497,502497,502497,closed,stop,20374.75,20394.75,20374.5,20395.0,20394.75,20370.75,-20.0,-20.5,-21.0,-420.0,10.0,0.5,1.0,1.0,48.0,2024-06-03 14:00:00+00:00,2024-06-03 14:00:00+00:00,2024-06-03 14:01:00+00:00,2024-06-03 14:01:00+00:00,pullback_short_open_fa4d3938b097,-1,market,0.0,1,1,20,4,35285.0
502498,502499,502499,502499,closed,target,20370.5,20366.5,20370.25,20366.75,20390.5,20366.5,4.0,3.5,3.0,60.0,10.0,0.5,1.0,1.0,13.5,2024-06-03 14:02:00+00:00,2024-06-03 14:02:00+00:00,2024-06-03 14:03:00+00:00,2024-06-03 14:03:00+00:00,pullback_short_open_fa4d3938b097,-1,market,0.0,1,1,20,4,35345.0
502539,502540,502540,502540,closed,target,20362.5,20358.5,20362.25,20358.75,20382.5,20358.5,4.0,3.5,3.0,60.0,10.0,0.5,1.0,1.0,1.5,2024-06-03 14:43:00+00:00,2024-06-03 14:43:00+00:00,2024-06-03 14:44:00+00:00,2024-06-03 14:44:00+00:00,pullback_short_open_fa4d3938b097,-1,market,0.0,1,1,20,4,35405.0
503842,503843,503843,503843,closed,target,20303.0,20299.0,20302.75,20299.25,20323.0,20299.0,4.0,3.5,3.0,60.0,10.0,0.5,1.0,1.0,16.5,2024-06-04 13:41:00+00:00,2024-06-04 13:41:00+00:00,2024-06-04 13:42:00+00:00,2024-06-04 13:42:00+00:00,pullback_short_open_fa4d3938b097,-1,market,0.0,1,1,20,4,35465.0
503853,503854,503854,503854,closed,timeout,20309.5,20310.25,20309.25,20310.5,20329.5,20305.5,-0.75,-1.25,-1.75,-35.0,10.0,0.5,1.0,1.0,4.75,2024-06-04 13:52:00+00:00,2024-06-04 13:52:00+00:00,2024-06-04 13:53:00+00:00,2024-06-04 13:53:00+00:00,pullback_short_open_fa4d3938b097,-1,market,0.0,1,1,20,4,35430.0
503883,503884,503884,503884,closed,target,20288.75,20284.75,20288.5,20285.0,20308.75,20284.75,4.0,3.5,3.0,60.0,10.0,0.5,1.0,1.0,5.0,2024-06-04 14:22:00+00:00,2024-06-04 14:22:00+00:00,2024-06-04 14:23:00+00:00,2024-06-04 14:23:00+00:00,pullback_short_open_fa4d3938b097,-1,market,0.0,1,1,20,4,35490.0
505200,505201,505201,505201,closed,timeout,20521.25,20527.75,20521.0,20528.0,20541.25,20517.25,-6.5,-7.0,-7.5,-150.0,10.0,0.5,1.0,1.0,10.0,2024-06-05 13:34:00+00:00,2024-06-05 13:34:00+00:00,2024-06-05 13:35:00+00:00,2024-06-05 13:35:00+00:00,pullback_short_open_fa4d3938b097,-1,market,0.0,1,1,20,4,35340.0
506583,506584,506584,506584,closed,target,20767.0,20763.0,20766.75,20763.25,20787.0,20763.0,4.0,3.5,3.0,60.0,10.0,0.5,1.0,1.0,8.75,2024-06-06 13:52:00+00:00,2024-06-06 13:52:00+00:00,2024-06-06 13:53:00+00:00,2024-06-06 13:53:00+00:00,pullback_short_open_fa4d3938b097,-1,market,0.0,1,1,20,4,35400.0
506584,506585,506585,506585,closed,target,20761.75,20757.75,20761.5,20758.0,20781.75,20757.75,4.0,3.5,3.0,60.0,10.0,0.5,1.0,1.0,10.5,2024-06-06 13:53:00+00:00,2024-06-06 13:53:00+00:00,2024-06-06 13:54:00+00:00,2024-06-06 13:54:00+00:00,pullback_short_open_fa4d3938b097,-1,market,0.0,1,1,20,4,35460.0
506596,506597,506597,506597,closed,target,20755.0,20751.0,20754.75,20751.25,20775.0,20751.0,4.0,3.5,3.0,60.0,10.0,0.5,1.0,1.0,3.5,2024-06-06 14:05:00+00:00,2024-06-06 14:05:00+00:00,2024-06-06 14:06:00+00:00,2024-06-06 14:06:00+00:00,pullback_short_open_fa4d3938b097,-1,market,0.0,1,1,20,4,35520.0
506650,506651,506651,506651,closed,target,20785.5,20781.5,20785.25,20781.75,20805.5,20781.5,4.0,3.5,3.0,60.0,10.0,0.5,1.0,1.0,0.25,2024-06-06 14:59:00+00:00,2024-06-06 14:59:00+00:00,2024-06-06 15:00:00+00:00,2024-06-06 15:00:00+00:00,pullback_short_open_fa4d3938b097,-1,market,0.0,1,1,20,4,35580.0
507933,507934,507934,507934,closed,target,20709.25,20705.25,20709.0,20705.5,20729.25,20705.25,4.0,3.5,3.0,60.0,10.0,0.5,1.0,1.0,1.5,2024-06-07 13:38:00+00:00,2024-06-07 13:38:00+00:00,2024-06-07 13:39:00+00:00,2024-06-07 13:39:00+00:00,pullback_short_open_fa4d3938b097,-1,market,0.0,1,1,20,4,35640.0
507970,507971,507971,507971,closed,target,20731.0,20727.0,20730.75,20727.25,20751.0,20727.0,4.0,3.5,3.0,60.0,10.0,0.5,1.0,1.0,6.5,2024-06-07 14:15:00+00:00,2024-06-07 14:15:00+00:00,2024-06-07 14:16:00+00:00,2024-06-07 14:16:00+00:00,pullback_short_open_fa4d3938b097,-1,market,0.0,1,1,20,4,35700.0
507971,507972,507972,507972,closed,target,20722.75,20718.75,20722.5,20719.0,20742.75,20718.75,4.0,3.5,3.0,60.0,10.0,0.5,1.0,1.0,14.5,2024-06-07 14:16:00+00:00,2024-06-07 14:16:00+00:00,2024-06-07 14:17:00+00:00,2024-06-07 14:17:00+00:00,pullback_short_open_fa4d3938b097,-1,market,0.0,1,1,20,4,35760.0
509319,509320,509320,509320,closed,target,20687.5,20683.5,20687.25,20683.75,20707.5,20683.5,4.0,3.5,3.0,60.0,10.0,0.5,1.0,1.0,6.25,2024-06-10 14:00:00+00:00,2024-06-10 14:00:00+00:00,2024-06-10 14:01:00+00:00,2024-06-10 14:01:00+00:00,pullback_short_open_fa4d3938b097,-1,market,0.0,1,1,20,4,35820.0
509323,509324,509324,509324,closed,timeout,20691.0,20694.0,20690.75,20694.25,20711.0,20687.0,-3.0,-3.5,-4.0,-80.0,10.0,0.5,1.0,1.0,5.25,2024-06-10 14:04:00+00:00,2024-06-10 14:04:00+00:00,2024-06-10 14:05:00+00:00,2024-06-10 14:05:00+00:00,pullback_short_open_fa4d3938b097,-1,market,0.0,1,1,20,4,35740.0
509325,509326,509326,509326,closed,timeout,20687.25,20688.25,20687.0,20688.5,20707.25,20683.25,-1.0,-1.5,-2.0,-40.0,10.0,0.5,1.0,1.0,14.0,2024-06-10 14:06:00+00:00,2024-06-10 14:06:00+00:00,2024-06-10 14:07:00+00:00,2024-06-10 14:07:00+00:00,pullback_short_open_fa4d3938b097,-1,market,0.0,1,1,20,4,35700.0
510674,510675,510675,510675,closed,timeout,20708.5,20712.25,20708.25,20712.5,20728.5,20704.5,-3.75,-4.25,-4.75,-95.0,10.0,0.5,1.0,1.0,8.25,2024-06-11 13:50:00+00:00,2024-06-11 13:50:00+00:00,2024-06-11 13:51:00+00:00,2024-06-11 13:51:00+00:00,pullback_short_open_fa4d3938b097,-1,market,0.0,1,1,20,4,35605.0
510678,510679,510679,510679,closed,target,20710.25,20706.25,20710.0,20706.5,20730.25,20706.25,4.0,3.5,3.0,60.0,10.0,0.5,1.0,1.0,0.75,2024-06-11 13:54:00+00:00,2024-06-11 13:54:00+00:00,2024-06-11 13:55:00+00:00,2024-06-11 13:55:00+00:00,pullback_short_open_fa4d3938b097,-1,market,0.0,1,1,20,4,35665.0
512099,512100,512100,512100,closed,target,21221.0,21217.0,21220.75,21217.25,21241.0,21217.0,4.0,3.5,3.0,60.0,10.0,0.5,1.0,1.0,0.5,2024-06-12 14:50:00+00:00,2024-06-12 14:50:00+00:00,2024-06-12 14:51:00+00:00,2024-06-12 14:51:00+00:00,pullback_short_open_fa4d3938b097,-1,market,0.0,1,1,20,4,35725.0
512100,512101,512101,512101,closed,target,21212.25,21208.25,21212.0,21208.5,21232.25,21208.25,4.0,3.5,3.0,60.0,10.0,0.5,1.0,1.0,0.25,2024-06-12 14:51:00+00:00,2024-06-12 14:51:00+00:00,2024-06-12 14:52:00+00:00,2024-06-12 14:52:00+00:00,pullback_short_open_fa4d3938b097,-1,market,0.0,1,1,20,4,35785.0
512106,512107,512107,512107,closed,target,21191.5,21187.5,21191.25,21187.75,21211.5,21187.5,4.0,3.5,3.0,60.0,10.0,0.5,1.0,1.0,1.0,2024-06-12 14:57:00+00:00,2024-06-12 14:57:00+00:00,2024-06-12 14:58:00+00:00,2024-06-12 14:58:00+00:00,pullback_short_open_fa4d3938b097,-1,market,0.0,1,1,20,4,35845.0
513422,513423,513423,513423,closed,timeout,21330.5,21333.0,21330.25,21333.25,21350.5,21326.5,-2.5,-3.0,-3.5,-70.0,10.0,0.5,1.0,1.0,3.5,2024-06-13 14:08:00+00:00,2024-06-13 14:08:00+00:00,2024-06-13 14:09:00+00:00,2024-06-13 14:09:00+00:00,pullback_short_open_fa4d3938b097,-1,market,0.0,1,1,20,4,35775.0
513428,513429,513429,513429,closed,target,21293.75,21289.75,21293.5,21290.0,21313.75,21289.75,4.0,3.5,3.0,60.0,10.0,0.5,1.0,1.0,0.25,2024-06-13 14:14:00+00:00,2024-06-13 14:14:00+00:00,2024-06-13 14:15:00+00:00,2024-06-13 14:15:00+00:00,pullback_short_open_fa4d3938b097,-1,market,0.0,1,1,20,4,35835.0
513441,513442,513442,513442,closed,target,21240.5,21236.5,21240.25,21236.75,21260.5,21236.5,4.0,3.5,3.0,60.0,10.0,0.5,1.0,1.0,3.75,2024-06-13 14:27:00+00:00,2024-06-13 14:27:00+00:00,2024-06-13 14:28:00+00:00,2024-06-13 14:28:00+00:00,pullback_short_open_fa4d3938b097,-1,market,0.0,1,1,20,4,35895.0
513442,513443,513443,513443,closed,timeout,21236.25,21254.5,21236.0,21254.75,21256.25,21232.25,-18.25,-18.75,-19.25,-385.0,10.0,0.5,1.0,1.0,18.75,2024-06-13 14:28:00+00:00,2024-06-13 14:28:00+00:00,2024-06-13 14:29:00+00:00,2024-06-13 14:29:00+00:00,pullback_short_open_fa4d3938b097,-1,market,0.0,1,1,20,4,35510.0
513448,513449,513449,513449,closed,timeout,21257.75,21267.0,21257.5,21267.25,21277.75,21253.75,-9.25,-9.75,-10.25,-205.0,10.0,0.5,1.0,1.0,11.75,2024-06-13 14:34:00+00:00,2024-06-13 14:34:00+00:00,2024-06-13 14:35:00+00:00,2024-06-13 14:35:00+00:00,pullback_short_open_fa4d3938b097,-1,market,0.0,1,1,20,4,35305.0
514794,514795,514795,514795,closed,timeout,21288.5,21294.25,21288.25,21294.5,21308.5,21284.5,-5.75,-6.25,-6.75,-135.0,10.0,0.5,1.0,1.0,13.5,2024-06-14 14:15:00+00:00,2024-06-14 14:15:00+00:00,2024-06-14 14:16:00+00:00,2024-06-14 14:16:00+00:00,pullback_short_open_fa4d3938b097,-1,market,0.0,1,1,20,4,35170.0
514825,514826,514826,514826,closed,timeout,21291.25,21307.25,21291.0,21307.5,21311.25,21287.25,-16.0,-16.5,-17.0,-340.0,10.0,0.5,1.0,1.0,17.5,2024-06-14 14:46:00+00:00,2024-06-14 14:46:00+00:00,2024-06-14 14:47:00+00:00,2024-06-14 14:47:00+00:00,pullback_short_open_fa4d3938b097,-1,market,0.0,1,1,20,4,34830.0
516138,516139,516139,516139,closed,timeout,21351.25,21364.0,21351.0,21364.25,21371.25,21347.25,-12.75,-13.25,-13.75,-275.0,10.0,0.5,1.0,1.0,14.5,2024-06-17 13:56:00+00:00,2024-06-17 13:56:00+00:00,2024-06-17 13:57:00+00:00,2024-06-17 13:57:00+00:00,pullback_short_open_fa4d3938b097,-1,market,0.0,1,1,20,4,34555.0
516177,516178,516178,516178,closed,timeout,21393.75,21401.25,21393.5,21401.5,21413.75,21389.75,-7.5,-8.0,-8.5,-170.0,10.0,0.5,1.0,1.0,9.5,2024-06-17 14:35:00+00:00,2024-06-17 14:35:00+00:00,2024-06-17 14:36:00+00:00,2024-06-17 14:36:00+00:00,pullback_short_open_fa4d3938b097,-1,market,0.0,1,1,20,4,34385.0
517496,517497,517497,517497,closed,target,21618.25,21614.25,21618.0,21614.5,21638.25,21614.25,4.0,3.5,3.0,60.0,10.0,0.5,1.0,1.0,3.5,2024-06-18 13:49:00+00:00,2024-06-18 13:49:00+00:00,2024-06-18 13:50:00+00:00,2024-06-18 13:50:00+00:00,pullback_short_open_fa4d3938b097,-1,market,0.0,1,1,20,4,34445.0
517533,517534,517534,517534,closed,timeout,21608.75,21614.75,21608.5,21615.0,21628.75,21604.75,-6.0,-6.5,-7.0,-140.0,10.0,0.5,1.0,1.0,10.25,2024-06-18 14:26:00+00:00,2024-06-18 14:26:00+00:00,2024-06-18 14:27:00+00:00,2024-06-18 14:27:00+00:00,pullback_short_open_fa4d3938b097,-1,market,0.0,1,1,20,4,34305.0
517537,517538,517538,517538,closed,timeout,21612.75,21614.25,21612.5,21614.5,21632.75,21608.75,-1.5,-2.0,-2.5,-50.0,10.0,0.5,1.0,1.0,5.5,2024-06-18 14:30:00+00:00,2024-06-18 14:30:00+00:00,2024-06-18 14:31:00+00:00,2024-06-18 14:31:00+00:00,pullback_short_open_fa4d3938b097,-1,market,0.0,1,1,20,4,34255.0
517542,517543,517543,517543,closed,target,21626.75,21622.75,21626.5,21623.0,21646.75,21622.75,4.0,3.5,3.0,60.0,10.0,0.5,1.0,1.0,1.0,2024-06-18 14:35:00+00:00,2024-06-18 14:35:00+00:00,2024-06-18 14:36:00+00:00,2024-06-18 14:36:00+00:00,pullback_short_open_fa4d3938b097,-1,market,0.0,1,1,20,4,34315.0
517543,517544,517544,517544,closed,timeout,21624.0,21620.75,21623.75,21621.0,21644.0,21620.0,3.25,2.75,2.25,45.0,10.0,0.5,1.0,1.0,11.0,2024-06-18 14:36:00+00:00,2024-06-18 14:36:00+00:00,2024-06-18 14:37:00+00:00,2024-06-18 14:37:00+00:00,pullback_short_open_fa4d3938b097,-1,market,0.0,1,1,20,4,34360.0
517544,517545,517545,517545,closed,timeout,21621.0,21623.5,21620.75,21623.75,21641.0,21617.0,-2.5,-3.0,-3.5,-70.0,10.0,0.5,1.0,1.0,8.5,2024-06-18 14:37:00+00:00,2024-06-18 14:37:00+00:00,2024-06-18 14:38:00+00:00,2024-06-18 14:38:00+00:00,pullback_short_open_fa4d3938b097,-1,market,0.0,1,1,20,4,34290.0
517555,517556,517556,517556,closed,timeout,21602.0,21611.25,21601.75,21611.5,21622.0,21598.0,-9.25,-9.75,-10.25,-205.0,10.0,0.5,1.0,1.0,11.25,2024-06-18 14:48:00+00:00,2024-06-18 14:48:00+00:00,2024-06-18 14:49:00+00:00,2024-06-18 14:49:00+00:00,pullback_short_open_fa4d3938b097,-1,market,0.0,1,1,20,4,34085.0
517557,517558,517558,517558,closed,target,21601.75,21597.75,21601.5,21598.0,21621.75,21597.75,4.0,3.5,3.0,60.0,10.0,0.5,1.0,1.0,7.25,2024-06-18 14:50:00+00:00,2024-06-18 14:50:00+00:00,2024-06-18 14:51:00+00:00,2024-06-18 14:51:00+00:00,pullback_short_open_fa4d3938b097,-1,market,0.0,1,1,20,4,34145.0
517558,517559,517559,517559,closed,target,21596.0,21592.0,21595.75,21592.25,21616.0,21592.0,4.0,3.5,3.0,60.0,10.0,0.5,1.0,1.0,4.75,2024-06-18 14:51:00+00:00,2024-06-18 14:51:00+00:00,2024-06-18 14:52:00+00:00,2024-06-18 14:52:00+00:00,pullback_short_open_fa4d3938b097,-1,market,0.0,1,1,20,4,34205.0
518866,518867,518867,518867,closed,timeout,21672.5,21673.5,21672.25,21673.75,21692.5,21668.5,-1.0,-1.5,-2.0,-40.0,10.0,0.5,1.0,1.0,1.75,2024-06-19 13:54:00+00:00,2024-06-19 13:54:00+00:00,2024-06-19 13:55:00+00:00,2024-06-19 13:55:00+00:00,pullback_short_open_fa4d3938b097,-1,market,0.0,1,1,20,4,34165.0
518878,518879,518879,518879,closed,timeout,21671.0,21671.25,21670.75,21671.5,21691.0,21667.0,-0.25,-0.75,-1.25,-25.0,10.0,0.5,1.0,1.0,0.75,2024-06-19 14:06:00+00:00,2024-06-19 14:06:00+00:00,2024-06-19 14:07:00+00:00,2024-06-19 14:07:00+00:00,pullback_short_open_fa4d3938b097,-1,market,0.0,1,1,20,4,34140.0
518913,518914,518914,518914,closed,timeout,21665.5,21666.75,21665.25,21667.0,21685.5,21661.5,-1.25,-1.75,-2.25,-45.0,10.0,0.5,1.0,1.0,2.0,2024-06-19 14:41:00+00:00,2024-06-19 14:41:00+00:00,2024-06-19 14:42:00+00:00,2024-06-19 14:42:00+00:00,pullback_short_open_fa4d3938b097,-1,market,0.0,1,1,20,4,34095.0
519986,519987,519987,519987,closed,target,21648.75,21644.75,21648.5,21645.0,21668.75,21644.75,4.0,3.5,3.0,60.0,10.0,0.5,1.0,1.0,1.25,2024-06-20 13:34:00+00:00,2024-06-20 13:34:00+00:00,2024-06-20 13:35:00+00:00,2024-06-20 13:35:00+00:00,pullback_short_open_fa4d3938b097,-1,market,0.0,1,1,20,4,34155.0
519990,519991,519991,519991,closed,stop,21645.0,21665.0,21644.75,21665.25,21665.0,21641.0,-20.0,-20.5,-21.0,-420.0,10.0,0.5,1.0,1.0,25.0,2024-06-20 13:38:00+00:00,2024-06-20 13:38:00+00:00,2024-06-20 13:39:00+00:00,2024-06-20 13:39:00+00:00,pullback_short_open_fa4d3938b097,-1,market,0.0,1,1,20,4,33735.0
520016,520017,520017,520017,closed,target,21659.0,21655.0,21658.75,21655.25,21679.0,21655.0,4.0,3.5,3.0,60.0,10.0,0.5,1.0,1.0,1.75,2024-06-20 14:04:00+00:00,2024-06-20 14:04:00+00:00,2024-06-20 14:05:00+00:00,2024-06-20 14:05:00+00:00,pullback_short_open_fa4d3938b097,-1,market,0.0,1,1,20,4,33795.0
520037,520038,520038,520038,closed,stop,21577.75,21597.75,21577.5,21598.0,21597.75,21573.75,-20.0,-20.5,-21.0,-420.0,10.0,0.5,1.0,1.0,25.0,2024-06-20 14:25:00+00:00,2024-06-20 14:25:00+00:00,2024-06-20 14:26:00+00:00,2024-06-20 14:26:00+00:00,pullback_short_open_fa4d3938b097,-1,market,0.0,1,1,20,4,33375.0
520039,520040,520040,520040,closed,timeout,21596.0,21599.75,21595.75,21600.0,21616.0,21592.0,-3.75,-4.25,-4.75,-95.0,10.0,0.5,1.0,1.0,7.75,2024-06-20 14:27:00+00:00,2024-06-20 14:27:00+00:00,2024-06-20 14:28:00+00:00,2024-06-20 14:28:00+00:00,pullback_short_open_fa4d3938b097,-1,market,0.0,1,1,20,4,33280.0
521351,521352,521352,521352,closed,stop,21429.0,21449.0,21428.75,21449.25,21449.0,21425.0,-20.0,-20.5,-21.0,-420.0,10.0,0.5,1.0,1.0,25.0,2024-06-21 13:34:00+00:00,2024-06-21 13:34:00+00:00,2024-06-21 13:35:00+00:00,2024-06-21 13:35:00+00:00,pullback_short_open_fa4d3938b097,-1,market,0.0,1,1,20,4,32860.0
521354,521355,521355,521355,closed,target,21440.5,21436.5,21440.25,21436.75,21460.5,21436.5,4.0,3.5,3.0,60.0,10.0,0.5,1.0,1.0,1.75,2024-06-21 13:37:00+00:00,2024-06-21 13:37:00+00:00,2024-06-21 13:38:00+00:00,2024-06-21 13:38:00+00:00,pullback_short_open_fa4d3938b097,-1,market,0.0,1,1,20,4,32920.0
521355,521356,521356,521356,closed,target,21434.75,21430.75,21434.5,21431.0,21454.75,21430.75,4.0,3.5,3.0,60.0,10.0,0.5,1.0,1.0,7.25,2024-06-21 13:38:00+00:00,2024-06-21 13:38:00+00:00,2024-06-21 13:39:00+00:00,2024-06-21 13:39:00+00:00,pullback_short_open_fa4d3938b097,-1,market,0.0,1,1,20,4,32980.0
521379,521380,521380,521380,closed,target,21398.5,21394.5,21398.25,21394.75,21418.5,21394.5,4.0,3.5,3.0,60.0,10.0,0.5,1.0,1.0,8.0,2024-06-21 14:02:00+00:00,2024-06-21 14:02:00+00:00,2024-06-21 14:03:00+00:00,2024-06-21 14:03:00+00:00,pullback_short_open_fa4d3938b097,-1,market,0.0,1,1,20,4,33040.0
521410,521411,521411,521411,closed,target,21386.5,21382.5,21386.25,21382.75,21406.5,21382.5,4.0,3.5,3.0,60.0,10.0,0.5,1.0,1.0,0.75,2024-06-21 14:33:00+00:00,2024-06-21 14:33:00+00:00,2024-06-21 14:34:00+00:00,2024-06-21 14:34:00+00:00,pullback_short_open_fa4d3938b097,-1,market,0.0,1,1,20,4,33100.0
521416,521417,521417,521417,closed,timeout,21384.75,21389.25,21384.5,21389.5,21404.75,21380.75,-4.5,-5.0,-5.5,-110.0,10.0,0.5,1.0,1.0,9.75,2024-06-21 14:39:00+00:00,2024-06-21 14:39:00+00:00,2024-06-21 14:40:00+00:00,2024-06-21 14:40:00+00:00,pullback_short_open_fa4d3938b097,-1,market,0.0,1,1,20,4,32990.0
521421,521422,521422,521422,closed,timeout,21387.0,21390.25,21386.75,21390.5,21407.0,21383.0,-3.25,-3.75,-4.25,-85.0,10.0,0.5,1.0,1.0,8.0,2024-06-21 14:44:00+00:00,2024-06-21 14:44:00+00:00,2024-06-21 14:45:00+00:00,2024-06-21 14:45:00+00:00,pullback_short_open_fa4d3938b097,-1,market,0.0,1,1,20,4,32905.0
522727,522728,522728,522728,closed,target,21334.0,21330.0,21333.75,21330.25,21354.0,21330.0,4.0,3.5,3.0,60.0,10.0,0.5,1.0,1.0,6.5,2024-06-24 13:48:00+00:00,2024-06-24 13:48:00+00:00,2024-06-24 13:49:00+00:00,2024-06-24 13:49:00+00:00,pullback_short_open_fa4d3938b097,-1,market,0.0,1,1,20,4,32965.0
522764,522765,522765,522765,closed,target,21385.25,21381.25,21385.0,21381.5,21405.25,21381.25,4.0,3.5,3.0,60.0,10.0,0.5,1.0,1.0,6.75,2024-06-24 14:25:00+00:00,2024-06-24 14:25:00+00:00,2024-06-24 14:26:00+00:00,2024-06-24 14:26:00+00:00,pullback_short_open_fa4d3938b097,-1,market,0.0,1,1,20,4,33025.0
522773,522774,522774,522774,closed,target,21342.0,21338.0,21341.75,21338.25,21362.0,21338.0,4.0,3.5,3.0,60.0,10.0,0.5,1.0,1.0,8.25,2024-06-24 14:34:00+00:00,2024-06-24 14:34:00+00:00,2024-06-24 14:35:00+00:00,2024-06-24 14:35:00+00:00,pullback_short_open_fa4d3938b097,-1,market,0.0,1,1,20,4,33085.0
522776,522777,522777,522777,closed,target,21365.75,21361.75,21365.5,21362.0,21385.75,21361.75,4.0,3.5,3.0,60.0,10.0,0.5,1.0,1.0,6.25,2024-06-24 14:37:00+00:00,2024-06-24 14:37:00+00:00,2024-06-24 14:38:00+00:00,2024-06-24 14:38:00+00:00,pullback_short_open_fa4d3938b097,-1,market,0.0,1,1,20,4,33145.0
522778,522779,522779,522779,closed,timeout,21362.25,21364.0,21362.0,21364.25,21382.25,21358.25,-1.75,-2.25,-2.75,-55.0,10.0,0.5,1.0,1.0,12.25,2024-06-24 14:39:00+00:00,2024-06-24 14:39:00+00:00,2024-06-24 14:40:00+00:00,2024-06-24 14:40:00+00:00,pullback_short_open_fa4d3938b097,-1,market,0.0,1,1,20,4,33090.0
524076,524077,524077,524077,closed,target,21256.0,21252.0,21255.75,21252.25,21276.0,21252.0,4.0,3.5,3.0,60.0,10.0,0.5,1.0,1.0,11.25,2024-06-25 13:32:00+00:00,2024-06-25 13:32:00+00:00,2024-06-25 13:33:00+00:00,2024-06-25 13:33:00+00:00,pullback_short_open_fa4d3938b097,-1,market,0.0,1,1,20,4,33150.0
524089,524090,524090,524090,closed,timeout,21257.25,21269.25,21257.0,21269.5,21277.25,21253.25,-12.0,-12.5,-13.0,-260.0,10.0,0.5,1.0,1.0,12.25,2024-06-25 13:45:00+00:00,2024-06-25 13:45:00+00:00,2024-06-25 13:46:00+00:00,2024-06-25 13:46:00+00:00,pullback_short_open_fa4d3938b097,-1,market,0.0,1,1,20,4,32890.0
526830,526831,526831,526831,closed,target,21470.25,21466.25,21470.0,21466.5,21490.25,21466.25,4.0,3.5,3.0,60.0,10.0,0.5,1.0,1.0,2.0,2024-06-27 13:56:00+00:00,2024-06-27 13:56:00+00:00,2024-06-27 13:57:00+00:00,2024-06-27 13:57:00+00:00,pullback_short_open_fa4d3938b097,-1,market,0.0,1,1,20,4,32950.0
526872,526873,526873,526873,closed,timeout,21494.5,21505.75,21494.25,21506.0,21514.5,21490.5,-11.25,-11.75,-12.25,-245.0,10.0,0.5,1.0,1.0,12.0,2024-06-27 14:38:00+00:00,2024-06-27 14:38:00+00:00,2024-06-27 14:39:00+00:00,2024-06-27 14:39:00+00:00,pullback_short_open_fa4d3938b097,-1,market,0.0,1,1,20,4,32705.0
526877,526878,526878,526878,closed,target,21501.75,21497.75,21501.5,21498.0,21521.75,21497.75,4.0,3.5,3.0,60.0,10.0,0.5,1.0,1.0,1.0,2024-06-27 14:43:00+00:00,2024-06-27 14:43:00+00:00,2024-06-27 14:44:00+00:00,2024-06-27 14:44:00+00:00,pullback_short_open_fa4d3938b097,-1,market,0.0,1,1,20,4,32765.0
526883,526884,526884,526884,closed,target,21473.25,21469.25,21473.0,21469.5,21493.25,21469.25,4.0,3.5,3.0,60.0,10.0,0.5,1.0,1.0,0.25,2024-06-27 14:49:00+00:00,2024-06-27 14:49:00+00:00,2024-06-27 14:50:00+00:00,2024-06-27 14:50:00+00:00,pullback_short_open_fa4d3938b097,-1,market,0.0,1,1,20,4,32825.0
526887,526888,526888,526888,closed,target,21447.0,21443.0,21446.75,21443.25,21467.0,21443.0,4.0,3.5,3.0,60.0,10.0,0.5,1.0,1.0,2.75,2024-06-27 14:53:00+00:00,2024-06-27 14:53:00+00:00,2024-06-27 14:54:00+00:00,2024-06-27 14:54:00+00:00,pullback_short_open_fa4d3938b097,-1,market,0.0,1,1,20,4,32885.0
526891,526892,526892,526892,closed,target,21458.0,21454.0,21457.75,21454.25,21478.0,21454.0,4.0,3.5,3.0,60.0,10.0,0.5,1.0,1.0,3.0,2024-06-27 14:57:00+00:00,2024-06-27 14:57:00+00:00,2024-06-27 14:58:00+00:00,2024-06-27 14:58:00+00:00,pullback_short_open_fa4d3938b097,-1,market,0.0,1,1,20,4,32945.0
526892,526893,526893,526893,closed,timeout,21452.0,21460.5,21451.75,21460.75,21472.0,21448.0,-8.5,-9.0,-9.5,-190.0,10.0,0.5,1.0,1.0,10.5,2024-06-27 14:58:00+00:00,2024-06-27 14:58:00+00:00,2024-06-27 14:59:00+00:00,2024-06-27 14:59:00+00:00,pullback_short_open_fa4d3938b097,-1,market,0.0,1,1,20,4,32755.0
528173,528174,528174,528174,closed,target,21480.5,21476.5,21480.25,21476.75,21500.5,21476.5,4.0,3.5,3.0,60.0,10.0,0.5,1.0,1.0,5.0,2024-06-28 13:34:00+00:00,2024-06-28 13:34:00+00:00,2024-06-28 13:35:00+00:00,2024-06-28 13:35:00+00:00,pullback_short_open_fa4d3938b097,-1,market,0.0,1,1,20,4,32815.0
528234,528235,528235,528235,closed,target,21668.75,21664.75,21668.5,21665.0,21688.75,21664.75,4.0,3.5,3.0,60.0,10.0,0.5,1.0,1.0,2.75,2024-06-28 14:35:00+00:00,2024-06-28 14:35:00+00:00,2024-06-28 14:36:00+00:00,2024-06-28 14:36:00+00:00,pullback_short_open_fa4d3938b097,-1,market,0.0,1,1,20,4,32875.0
528235,528236,528236,528236,closed,target,21654.5,21650.5,21654.25,21650.75,21674.5,21650.5,4.0,3.5,3.0,60.0,10.0,0.5,1.0,1.0,2.25,2024-06-28 14:36:00+00:00,2024-06-28 14:36:00+00:00,2024-06-28 14:37:00+00:00,2024-06-28 14:37:00+00:00,pullback_short_open_fa4d3938b097,-1,market,0.0,1,1,20,4,32935.0
528246,528247,528247,528247,closed,target,21627.0,21623.0,21626.75,21623.25,21647.0,21623.0,4.0,3.5,3.0,60.0,10.0,0.5,1.0,1.0,3.0,2024-06-28 14:47:00+00:00,2024-06-28 14:47:00+00:00,2024-06-28 14:48:00+00:00,2024-06-28 14:48:00+00:00,pullback_short_open_fa4d3938b097,-1,market,0.0,1,1,20,4,32995.0
528247,528248,528248,528248,closed,target,21620.0,21616.0,21619.75,21616.25,21640.0,21616.0,4.0,3.5,3.0,60.0,10.0,0.5,1.0,1.0,5.5,2024-06-28 14:48:00+00:00,2024-06-28 14:48:00+00:00,2024-06-28 14:49:00+00:00,2024-06-28 14:49:00+00:00,pullback_short_open_fa4d3938b097,-1,market,0.0,1,1,20,4,33055.0
528252,528253,528253,528253,closed,target,21602.75,21598.75,21602.5,21599.0,21622.75,21598.75,4.0,3.5,3.0,60.0,10.0,0.5,1.0,1.0,2.5,2024-06-28 14:53:00+00:00,2024-06-28 14:53:00+00:00,2024-06-28 14:54:00+00:00,2024-06-28 14:54:00+00:00,pullback_short_open_fa4d3938b097,-1,market,0.0,1,1,20,4,33115.0
529568,529569,529569,529569,closed,timeout,21336.75,21348.75,21336.5,21349.0,21356.75,21332.75,-12.0,-12.5,-13.0,-260.0,10.0,0.5,1.0,1.0,15.25,2024-07-01 14:04:00+00:00,2024-07-01 14:04:00+00:00,2024-07-01 14:05:00+00:00,2024-07-01 14:05:00+00:00,pullback_short_open_fa4d3938b097,-1,market,0.0,1,1,20,4,32855.0
529608,529609,529609,529609,closed,stop,21327.0,21347.0,21326.75,21347.25,21347.0,21323.0,-20.0,-20.5,-21.0,-420.0,10.0,0.5,1.0,1.0,22.25,2024-07-01 14:44:00+00:00,2024-07-01 14:44:00+00:00,2024-07-01 14:45:00+00:00,2024-07-01 14:45:00+00:00,pullback_short_open_fa4d3938b097,-1,market,0.0,1,1,20,4,32435.0
529611,529612,529612,529612,closed,timeout,21339.5,21347.5,21339.25,21347.75,21359.5,21335.5,-8.0,-8.5,-9.0,-180.0,10.0,0.5,1.0,1.0,9.75,2024-07-01 14:47:00+00:00,2024-07-01 14:47:00+00:00,2024-07-01 14:48:00+00:00,2024-07-01 14:48:00+00:00,pullback_short_open_fa4d3938b097,-1,market,0.0,1,1,20,4,32255.0
529616,529617,529617,529617,closed,target,21336.75,21332.75,21336.5,21333.0,21356.75,21332.75,4.0,3.5,3.0,60.0,10.0,0.5,1.0,1.0,2.5,2024-07-01 14:52:00+00:00,2024-07-01 14:52:00+00:00,2024-07-01 14:53:00+00:00,2024-07-01 14:53:00+00:00,pullback_short_open_fa4d3938b097,-1,market,0.0,1,1,20,4,32315.0
530936,530937,530937,530937,closed,target,21493.75,21489.75,21493.5,21490.0,21513.75,21489.75,4.0,3.5,3.0,60.0,10.0,0.5,1.0,1.0,13.25,2024-07-02 14:07:00+00:00,2024-07-02 14:07:00+00:00,2024-07-02 14:08:00+00:00,2024-07-02 14:08:00+00:00,pullback_short_open_fa4d3938b097,-1,market,0.0,1,1,20,4,32375.0
530957,530958,530958,530958,closed,timeout,21484.5,21488.0,21484.25,21488.25,21504.5,21480.5,-3.5,-4.0,-4.5,-90.0,10.0,0.5,1.0,1.0,7.75,2024-07-02 14:28:00+00:00,2024-07-02 14:28:00+00:00,2024-07-02 14:29:00+00:00,2024-07-02 14:29:00+00:00,pullback_short_open_fa4d3938b097,-1,market,0.0,1,1,20,4,32285.0
532330,532331,532331,532331,closed,timeout,21691.5,21700.75,21691.25,21701.0,21711.5,21687.5,-9.25,-9.75,-10.25,-205.0,10.0,0.5,1.0,1.0,11.5,2024-07-03 14:36:00+00:00,2024-07-03 14:36:00+00:00,2024-07-03 14:37:00+00:00,2024-07-03 14:37:00+00:00,pullback_short_open_fa4d3938b097,-1,market,0.0,1,1,20,4,32080.0
533410,533411,533411,533411,closed,timeout,21825.5,21828.0,21825.25,21828.25,21845.5,21821.5,-2.5,-3.0,-3.5,-70.0,10.0,0.5,1.0,1.0,4.25,2024-07-04 13:39:00+00:00,2024-07-04 13:39:00+00:00,2024-07-04 13:40:00+00:00,2024-07-04 13:40:00+00:00,pullback_short_open_fa4d3938b097,-1,market,0.0,1,1,20,4,32010.0
533412,533413,533413,533413,closed,timeout,21825.25,21826.5,21825.0,21826.75,21845.25,21821.25,-1.25,-1.75,-2.25,-45.0,10.0,0.5,1.0,1.0,2.5,2024-07-04 13:41:00+00:00,2024-07-04 13:41:00+00:00,2024-07-04 13:42:00+00:00,2024-07-04 13:42:00+00:00,pullback_short_open_fa4d3938b097,-1,market,0.0,1,1,20,4,31965.0
533428,533429,533429,533429,closed,timeout,21818.5,21817.0,21818.25,21817.25,21838.5,21814.5,1.5,1.0,0.5,10.0,10.0,0.5,1.0,1.0,2.5,2024-07-04 13:57:00+00:00,2024-07-04 13:57:00+00:00,2024-07-04 13:58:00+00:00,2024-07-04 13:58:00+00:00,pullback_short_open_fa4d3938b097,-1,market,0.0,1,1,20,4,31975.0
533431,533432,533432,533432,closed,timeout,21817.75,21816.25,21817.5,21816.5,21837.75,21813.75,1.5,1.0,0.5,10.0,10.0,0.5,1.0,1.0,2.25,2024-07-04 14:00:00+00:00,2024-07-04 14:00:00+00:00,2024-07-04 14:01:00+00:00,2024-07-04 14:01:00+00:00,pullback_short_open_fa4d3938b097,-1,market,0.0,1,1,20,4,31985.0
533451,533452,533452,533452,closed,timeout,21810.0,21810.0,21809.75,21810.25,21830.0,21806.0,-0.0,-0.5,-1.0,-20.0,10.0,0.5,1.0,1.0,0.75,2024-07-04 14:20:00+00:00,2024-07-04 14:20:00+00:00,2024-07-04 14:21:00+00:00,2024-07-04 14:21:00+00:00,pullback_short_open_fa4d3938b097,-1,market,0.0,1,1,20,4,31965.0
534593,534594,534594,534594,closed,target,21938.25,21934.25,21938.0,21934.5,21958.25,21934.25,4.0,3.5,3.0,60.0,10.0,0.5,1.0,1.0,9.25,2024-07-05 14:23:00+00:00,2024-07-05 14:23:00+00:00,2024-07-05 14:24:00+00:00,2024-07-05 14:24:00+00:00,pullback_short_open_fa4d3938b097,-1,market,0.0,1,1,20,4,32025.0
534596,534597,534597,534597,closed,target,21944.25,21940.25,21944.0,21940.5,21964.25,21940.25,4.0,3.5,3.0,60.0,10.0,0.5,1.0,1.0,1.5,2024-07-05 14:26:00+00:00,2024-07-05 14:26:00+00:00,2024-07-05 14:27:00+00:00,2024-07-05 14:27:00+00:00,pullback_short_open_fa4d3938b097,-1,market,0.0,1,1,20,4,32085.0
535907,535908,535908,535908,closed,stop,22054.25,22074.25,22054.0,22074.5,22074.25,22050.25,-20.0,-20.5,-21.0,-420.0,10.0,0.5,1.0,1.0,23.75,2024-07-08 13:32:00+00:00,2024-07-08 13:32:00+00:00,2024-07-08 13:33:00+00:00,2024-07-08 13:33:00+00:00,pullback_short_open_fa4d3938b097,-1,market,0.0,1,1,20,4,31665.0
535910,535911,535911,535911,closed,target,22057.75,22053.75,22057.5,22054.0,22077.75,22053.75,4.0,3.5,3.0,60.0,10.0,0.5,1.0,1.0,1.75,2024-07-08 13:35:00+00:00,2024-07-08 13:35:00+00:00,2024-07-08 13:36:00+00:00,2024-07-08 13:36:00+00:00,pullback_short_open_fa4d3938b097,-1,market,0.0,1,1,20,4,31725.0
535915,535916,535916,535916,closed,target,22046.25,22042.25,22046.0,22042.5,22066.25,22042.25,4.0,3.5,3.0,60.0,10.0,0.5,1.0,1.0,4.0,2024-07-08 13:40:00+00:00,2024-07-08 13:40:00+00:00,2024-07-08 13:41:00+00:00,2024-07-08 13:41:00+00:00,pullback_short_open_fa4d3938b097,-1,market,0.0,1,1,20,4,31785.0
535922,535923,535923,535923,closed,target,22052.0,22048.0,22051.75,22048.25,22072.0,22048.0,4.0,3.5,3.0,60.0,10.0,0.5,1.0,1.0,10.0,2024-07-08 13:47:00+00:00,2024-07-08 13:47:00+00:00,2024-07-08 13:48:00+00:00,2024-07-08 13:48:00+00:00,pullback_short_open_fa4d3938b097,-1,market,0.0,1,1,20,4,31845.0
535947,535948,535948,535948,closed,timeout,22060.25,22071.0,22060.0,22071.25,22080.25,22056.25,-10.75,-11.25,-11.75,-235.0,10.0,0.5,1.0,1.0,15.25,2024-07-08 14:12:00+00:00,2024-07-08 14:12:00+00:00,2024-07-08 14:13:00+00:00,2024-07-08 14:13:00+00:00,pullback_short_open_fa4d3938b097,-1,market,0.0,1,1,20,4,31610.0
535982,535983,535983,535983,closed,timeout,22033.75,22032.5,22033.5,22032.75,22053.75,22029.75,1.25,0.75,0.25,5.0,10.0,0.5,1.0,1.0,4.0,2024-07-08 14:47:00+00:00,2024-07-08 14:47:00+00:00,2024-07-08 14:48:00+00:00,2024-07-08 14:48:00+00:00,pullback_short_open_fa4d3938b097,-1,market,0.0,1,1,20,4,31615.0
537328,537329,537329,537329,closed,target,22144.0,22140.0,22143.75,22140.25,22164.0,22140.0,4.0,3.5,3.0,60.0,10.0,0.5,1.0,1.0,3.75,2024-07-09 14:29:00+00:00,2024-07-09 14:29:00+00:00,2024-07-09 14:30:00+00:00,2024-07-09 14:30:00+00:00,pullback_short_open_fa4d3938b097,-1,market,0.0,1,1,20,4,31675.0
537329,537330,537330,537330,closed,target,22137.25,22133.25,22137.0,22133.5,22157.25,22133.25,4.0,3.5,3.0,60.0,10.0,0.5,1.0,1.0,2.5,2024-07-09 14:30:00+00:00,2024-07-09 14:30:00+00:00,2024-07-09 14:31:00+00:00,2024-07-09 14:31:00+00:00,pullback_short_open_fa4d3938b097,-1,market,0.0,1,1,20,4,31735.0
537338,537339,537339,537339,closed,timeout,22148.0,22153.75,22147.75,22154.0,22168.0,22144.0,-5.75,-6.25,-6.75,-135.0,10.0,0.5,1.0,1.0,7.25,2024-07-09 14:39:00+00:00,2024-07-09 14:39:00+00:00,2024-07-09 14:40:00+00:00,2024-07-09 14:40:00+00:00,pullback_short_open_fa4d3938b097,-1,market,0.0,1,1,20,4,31600.0
537343,537344,537344,537344,closed,timeout,22157.5,22161.5,22157.25,22161.75,22177.5,22153.5,-4.0,-4.5,-5.0,-100.0,10.0,0.5,1.0,1.0,5.5,2024-07-09 14:44:00+00:00,2024-07-09 14:44:00+00:00,2024-07-09 14:45:00+00:00,2024-07-09 14:45:00+00:00,pullback_short_open_fa4d3938b097,-1,market,0.0,1,1,20,4,31500.0
537357,537358,537358,537358,closed,timeout,22142.75,22149.25,22142.5,22149.5,22162.75,22138.75,-6.5,-7.0,-7.5,-150.0,10.0,0.5,1.0,1.0,7.25,2024-07-09 14:58:00+00:00,2024-07-09 14:58:00+00:00,2024-07-09 14:59:00+00:00,2024-07-09 14:59:00+00:00,pullback_short_open_fa4d3938b097,-1,market,0.0,1,1,20,4,31350.0
538636,538637,538637,538637,closed,target,22186.5,22182.5,22186.25,22182.75,22206.5,22182.5,4.0,3.5,3.0,60.0,10.0,0.5,1.0,1.0,3.5,2024-07-10 13:32:00+00:00,2024-07-10 13:32:00+00:00,2024-07-10 13:33:00+00:00,2024-07-10 13:33:00+00:00,pullback_short_open_fa4d3938b097,-1,market,0.0,1,1,20,4,31410.0
538639,538640,538640,538640,closed,target,22174.0,22170.0,22173.75,22170.25,22194.0,22170.0,4.0,3.5,3.0,60.0,10.0,0.5,1.0,1.0,1.75,2024-07-10 13:35:00+00:00,2024-07-10 13:35:00+00:00,2024-07-10 13:36:00+00:00,2024-07-10 13:36:00+00:00,pullback_short_open_fa4d3938b097,-1,market,0.0,1,1,20,4,31470.0
538695,538696,538696,538696,closed,target,22201.25,22197.25,22201.0,22197.5,22221.25,22197.25,4.0,3.5,3.0,60.0,10.0,0.5,1.0,1.0,2.5,2024-07-10 14:31:00+00:00,2024-07-10 14:31:00+00:00,2024-07-10 14:32:00+00:00,2024-07-10 14:32:00+00:00,pullback_short_open_fa4d3938b097,-1,market,0.0,1,1,20,4,31530.0
538702,538703,538703,538703,closed,timeout,22178.75,22186.5,22178.5,22186.75,22198.75,22174.75,-7.75,-8.25,-8.75,-175.0,10.0,0.5,1.0,1.0,9.0,2024-07-10 14:38:00+00:00,2024-07-10 14:38:00+00:00,2024-07-10 14:39:00+00:00,2024-07-10 14:39:00+00:00,pullback_short_open_fa4d3938b097,-1,market,0.0,1,1,20,4,31355.0
538709,538710,538710,538710,closed,target,22178.5,22174.5,22178.25,22174.75,22198.5,22174.5,4.0,3.5,3.0,60.0,10.0,0.5,1.0,1.0,3.25,2024-07-10 14:45:00+00:00,2024-07-10 14:45:00+00:00,2024-07-10 14:46:00+00:00,2024-07-10 14:46:00+00:00,pullback_short_open_fa4d3938b097,-1,market,0.0,1,1,20,4,31415.0
538710,538711,538711,538711,closed,timeout,22174.25,22176.25,22174.0,22176.5,22194.25,22170.25,-2.0,-2.5,-3.0,-60.0,10.0,0.5,1.0,1.0,5.5,2024-07-10 14:46:00+00:00,2024-07-10 14:46:00+00:00,2024-07-10 14:47:00+00:00,2024-07-10 14:47:00+00:00,pullback_short_open_fa4d3938b097,-1,market,0.0,1,1,20,4,31355.0
538723,538724,538724,538724,closed,target,22166.25,22162.25,22166.0,22162.5,22186.25,22162.25,4.0,3.5,3.0,60.0,10.0,0.5,1.0,1.0,0.5,2024-07-10 14:59:00+00:00,2024-07-10 14:59:00+00:00,2024-07-10 15:00:00+00:00,2024-07-10 15:00:00+00:00,pullback_short_open_fa4d3938b097,-1,market,0.0,1,1,20,4,31415.0
540005,540006,540006,540006,closed,target,22315.75,22311.75,22315.5,22312.0,22335.75,22311.75,4.0,3.5,3.0,60.0,10.0,0.5,1.0,1.0,6.0,2024-07-11 13:36:00+00:00,2024-07-11 13:36:00+00:00,2024-07-11 13:37:00+00:00,2024-07-11 13:37:00+00:00,pullback_short_open_fa4d3938b097,-1,market,0.0,1,1,20,4,31475.0
540016,540017,540017,540017,closed,target,22320.0,22316.0,22319.75,22316.25,22340.0,22316.0,4.0,3.5,3.0,60.0,10.0,0.5,1.0,1.0,0.25,2024-07-11 13:47:00+00:00,2024-07-11 13:47:00+00:00,2024-07-11 13:48:00+00:00,2024-07-11 13:48:00+00:00,pullback_short_open_fa4d3938b097,-1,market,0.0,1,1,20,4,31535.0
540017,540018,540018,540018,closed,target,22305.75,22301.75,22305.5,22302.0,22325.75,22301.75,4.0,3.5,3.0,60.0,10.0,0.5,1.0,1.0,4.0,2024-07-11 13:48:00+00:00,2024-07-11 13:48:00+00:00,2024-07-11 13:49:00+00:00,2024-07-11 13:49:00+00:00,pullback_short_open_fa4d3938b097,-1,market,0.0,1,1,20,4,31595.0
540018,540019,540019,540019,closed,target,22301.75,22297.75,22301.5,22298.0,22321.75,22297.75,4.0,3.5,3.0,60.0,10.0,0.5,1.0,1.0,1.0,2024-07-11 13:49:00+00:00,2024-07-11 13:49:00+00:00,2024-07-11 13:50:00+00:00,2024-07-11 13:50:00+00:00,pullback_short_open_fa4d3938b097,-1,market,0.0,1,1,20,4,31655.0
540026,540027,540027,540027,closed,stop,22275.25,22295.25,22275.0,22295.5,22295.25,22271.25,-20.0,-20.5,-21.0,-420.0,10.0,0.5,1.0,1.0,24.5,2024-07-11 13:57:00+00:00,2024-07-11 13:57:00+00:00,2024-07-11 13:58:00+00:00,2024-07-11 13:58:00+00:00,pullback_short_open_fa4d3938b097,-1,market,0.0,1,1,20,4,31235.0
540028,540029,540029,540029,closed,target,22296.5,22292.5,22296.25,22292.75,22316.5,22292.5,4.0,3.5,3.0,60.0,10.0,0.5,1.0,1.0,7.25,2024-07-11 13:59:00+00:00,2024-07-11 13:59:00+00:00,2024-07-11 14:00:00+00:00,2024-07-11 14:00:00+00:00,pullback_short_open_fa4d3938b097,-1,market,0.0,1,1,20,4,31295.0
540033,540034,540034,540034,closed,target,22293.5,22289.5,22293.25,22289.75,22313.5,22289.5,4.0,3.5,3.0,60.0,10.0,0.5,1.0,1.0,1.25,2024-07-11 14:04:00+00:00,2024-07-11 14:04:00+00:00,2024-07-11 14:05:00+00:00,2024-07-11 14:05:00+00:00,pullback_short_open_fa4d3938b097,-1,market,0.0,1,1,20,4,31355.0
540057,540058,540058,540058,closed,target,22123.25,22119.25,22123.0,22119.5,22143.25,22119.25,4.0,3.5,3.0,60.0,10.0,0.5,1.0,1.0,14.75,2024-07-11 14:28:00+00:00,2024-07-11 14:28:00+00:00,2024-07-11 14:29:00+00:00,2024-07-11 14:29:00+00:00,pullback_short_open_fa4d3938b097,-1,market,0.0,1,1,20,4,31415.0
540062,540063,540063,540063,closed,target,22146.75,22142.75,22146.5,22143.0,22166.75,22142.75,4.0,3.5,3.0,60.0,10.0,0.5,1.0,1.0,3.0,2024-07-11 14:33:00+00:00,2024-07-11 14:33:00+00:00,2024-07-11 14:34:00+00:00,2024-07-11 14:34:00+00:00,pullback_short_open_fa4d3938b097,-1,market,0.0,1,1,20,4,31475.0
540078,540079,540079,540079,closed,target,22085.0,22081.0,22084.75,22081.25,22105.0,22081.0,4.0,3.5,3.0,60.0,10.0,0.5,1.0,1.0,8.75,2024-07-11 14:49:00+00:00,2024-07-11 14:49:00+00:00,2024-07-11 14:50:00+00:00,2024-07-11 14:50:00+00:00,pullback_short_open_fa4d3938b097,-1,market,0.0,1,1,20,4,31535.0
540083,540084,540084,540084,closed,target,22085.5,22081.5,22085.25,22081.75,22105.5,22081.5,4.0,3.5,3.0,60.0,10.0,0.5,1.0,1.0,12.5,2024-07-11 14:54:00+00:00,2024-07-11 14:54:00+00:00,2024-07-11 14:55:00+00:00,2024-07-11 14:55:00+00:00,pullback_short_open_fa4d3938b097,-1,market,0.0,1,1,20,4,31595.0
541415,541416,541416,541416,closed,target,21981.5,21977.5,21981.25,21977.75,22001.5,21977.5,4.0,3.5,3.0,60.0,10.0,0.5,1.0,1.0,2.0,2024-07-12 14:21:00+00:00,2024-07-12 14:21:00+00:00,2024-07-12 14:22:00+00:00,2024-07-12 14:22:00+00:00,pullback_short_open_fa4d3938b097,-1,market,0.0,1,1,20,4,31655.0
541423,541424,541424,541424,closed,timeout,21983.5,21983.5,21983.25,21983.75,22003.5,21979.5,-0.0,-0.5,-1.0,-20.0,10.0,0.5,1.0,1.0,3.5,2024-07-12 14:29:00+00:00,2024-07-12 14:29:00+00:00,2024-07-12 14:30:00+00:00,2024-07-12 14:30:00+00:00,pullback_short_open_fa4d3938b097,-1,market,0.0,1,1,20,4,31635.0
544119,544120,544120,544120,closed,target,22060.0,22056.0,22059.75,22056.25,22080.0,22056.0,4.0,3.5,3.0,60.0,10.0,0.5,1.0,1.0,1.5,2024-07-16 13:55:00+00:00,2024-07-16 13:55:00+00:00,2024-07-16 13:56:00+00:00,2024-07-16 13:56:00+00:00,pullback_short_open_fa4d3938b097,-1,market,0.0,1,1,20,4,31695.0
544120,544121,544121,544121,closed,target,22047.25,22043.25,22047.0,22043.5,22067.25,22043.25,4.0,3.5,3.0,60.0,10.0,0.5,1.0,1.0,3.75,2024-07-16 13:56:00+00:00,2024-07-16 13:56:00+00:00,2024-07-16 13:57:00+00:00,2024-07-16 13:57:00+00:00,pullback_short_open_fa4d3938b097,-1,market,0.0,1,1,20,4,31755.0
544136,544137,544137,544137,closed,target,21940.75,21936.75,21940.5,21937.0,21960.75,21936.75,4.0,3.5,3.0,60.0,10.0,0.5,1.0,1.0,13.75,2024-07-16 14:12:00+00:00,2024-07-16 14:12:00+00:00,2024-07-16 14:13:00+00:00,2024-07-16 14:13:00+00:00,pullback_short_open_fa4d3938b097,-1,market,0.0,1,1,20,4,31815.0
544138,544139,544139,544139,closed,target,21941.5,21937.5,21941.25,21937.75,21961.5,21937.5,4.0,3.5,3.0,60.0,10.0,0.5,1.0,1.0,0.5,2024-07-16 14:14:00+00:00,2024-07-16 14:14:00+00:00,2024-07-16 14:15:00+00:00,2024-07-16 14:15:00+00:00,pullback_short_open_fa4d3938b097,-1,market,0.0,1,1,20,4,31875.0
544139,544140,544140,544140,closed,target,21935.5,21931.5,21935.25,21931.75,21955.5,21931.5,4.0,3.5,3.0,60.0,10.0,0.5,1.0,1.0,16.25,2024-07-16 14:15:00+00:00,2024-07-16 14:15:00+00:00,2024-07-16 14:16:00+00:00,2024-07-16 14:16:00+00:00,pullback_short_open_fa4d3938b097,-1,market,0.0,1,1,20,4,31935.0
544145,544146,544146,544146,closed,target,21967.5,21963.5,21967.25,21963.75,21987.5,21963.5,4.0,3.5,3.0,60.0,10.0,0.5,1.0,1.0,4.5,2024-07-16 14:21:00+00:00,2024-07-16 14:21:00+00:00,2024-07-16 14:22:00+00:00,2024-07-16 14:22:00+00:00,pullback_short_open_fa4d3938b097,-1,market,0.0,1,1,20,4,31995.0
544146,544147,544147,544147,closed,target,21957.0,21953.0,21956.75,21953.25,21977.0,21953.0,4.0,3.5,3.0,60.0,10.0,0.5,1.0,1.0,2.25,2024-07-16 14:22:00+00:00,2024-07-16 14:22:00+00:00,2024-07-16 14:23:00+00:00,2024-07-16 14:23:00+00:00,pullback_short_open_fa4d3938b097,-1,market,0.0,1,1,20,4,32055.0
545462,545463,545463,545463,closed,target,21681.75,21677.75,21681.5,21678.0,21701.75,21677.75,4.0,3.5,3.0,60.0,10.0,0.5,1.0,1.0,9.0,2024-07-17 13:33:00+00:00,2024-07-17 13:33:00+00:00,2024-07-17 13:34:00+00:00,2024-07-17 13:34:00+00:00,pullback_short_open_fa4d3938b097,-1,market,0.0,1,1,20,4,32115.0
545466,545467,545467,545467,closed,target,21688.0,21684.0,21687.75,21684.25,21708.0,21684.0,4.0,3.5,3.0,60.0,10.0,0.5,1.0,1.0,10.75,2024-07-17 13:37:00+00:00,2024-07-17 13:37:00+00:00,2024-07-17 13:38:00+00:00,2024-07-17 13:38:00+00:00,pullback_short_open_fa4d3938b097,-1,market,0.0,1,1,20,4,32175.0
545467,545468,545468,545468,closed,target,21675.5,21671.5,21675.25,21671.75,21695.5,21671.5,4.0,3.5,3.0,60.0,10.0,0.5,1.0,1.0,2.5,2024-07-17 13:38:00+00:00,2024-07-17 13:38:00+00:00,2024-07-17 13:39:00+00:00,2024-07-17 13:39:00+00:00,pullback_short_open_fa4d3938b097,-1,market,0.0,1,1,20,4,32235.0
545485,545486,545486,545486,closed,target,21662.0,21658.0,21661.75,21658.25,21682.0,21658.0,4.0,3.5,3.0,60.0,10.0,0.5,1.0,1.0,7.5,2024-07-17 13:56:00+00:00,2024-07-17 13:56:00+00:00,2024-07-17 13:57:00+00:00,2024-07-17 13:57:00+00:00,pullback_short_open_fa4d3938b097,-1,market,0.0,1,1,20,4,32295.0
545486,545487,545487,545487,closed,timeout,21653.25,21655.5,21653.0,21655.75,21673.25,21649.25,-2.25,-2.75,-3.25,-65.0,10.0,0.5,1.0,1.0,12.0,2024-07-17 13:57:00+00:00,2024-07-17 13:57:00+00:00,2024-07-17 13:58:00+00:00,2024-07-17 13:58:00+00:00,pullback_short_open_fa4d3938b097,-1,market,0.0,1,1,20,4,32230.0
545506,545507,545507,545507,closed,stop,21556.5,21576.5,21556.25,21576.75,21576.5,21552.5,-20.0,-20.5,-21.0,-420.0,10.0,0.5,1.0,1.0,23.25,2024-07-17 14:17:00+00:00,2024-07-17 14:17:00+00:00,2024-07-17 14:18:00+00:00,2024-07-17 14:18:00+00:00,pullback_short_open_fa4d3938b097,-1,market,0.0,1,1,20,4,31810.0
545510,545511,545511,545511,closed,target,21577.5,21573.5,21577.25,21573.75,21597.5,21573.5,4.0,3.5,3.0,60.0,10.0,0.5,1.0,1.0,10.0,2024-07-17 14:21:00+00:00,2024-07-17 14:21:00+00:00,2024-07-17 14:22:00+00:00,2024-07-17 14:22:00+00:00,pullback_short_open_fa4d3938b097,-1,market,0.0,1,1,20,4,31870.0
545512,545513,545513,545513,closed,target,21569.75,21565.75,21569.5,21566.0,21589.75,21565.75,4.0,3.5,3.0,60.0,10.0,0.5,1.0,1.0,12.5,2024-07-17 14:23:00+00:00,2024-07-17 14:23:00+00:00,2024-07-17 14:24:00+00:00,2024-07-17 14:24:00+00:00,pullback_short_open_fa4d3938b097,-1,market,0.0,1,1,20,4,31930.0
546842,546843,546843,546843,closed,target,21483.0,21479.0,21482.75,21479.25,21503.0,21479.0,4.0,3.5,3.0,60.0,10.0,0.5,1.0,1.0,9.5,2024-07-18 13:48:00+00:00,2024-07-18 13:48:00+00:00,2024-07-18 13:49:00+00:00,2024-07-18 13:49:00+00:00,pullback_short_open_fa4d3938b097,-1,market,0.0,1,1,20,4,31990.0
546843,546844,546844,546844,closed,timeout,21473.5,21489.5,21473.25,21489.75,21493.5,21469.5,-16.0,-16.5,-17.0,-340.0,10.0,0.5,1.0,1.0,19.0,2024-07-18 13:49:00+00:00,2024-07-18 13:49:00+00:00,2024-07-18 13:50:00+00:00,2024-07-18 13:50:00+00:00,pullback_short_open_fa4d3938b097,-1,market,0.0,1,1,20,4,31650.0
546846,546847,546847,546847,closed,target,21478.75,21474.75,21478.5,21475.0,21498.75,21474.75,4.0,3.5,3.0,60.0,10.0,0.5,1.0,1.0,11.25,2024-07-18 13:52:00+00:00,2024-07-18 13:52:00+00:00,2024-07-18 13:53:00+00:00,2024-07-18 13:53:00+00:00,pullback_short_open_fa4d3938b097,-1,market,0.0,1,1,20,4,31710.0
546851,546852,546852,546852,closed,stop,21482.5,21502.5,21482.25,21502.75,21502.5,21478.5,-20.0,-20.5,-21.0,-420.0,10.0,0.5,1.0,1.0,23.0,2024-07-18 13:57:00+00:00,2024-07-18 13:57:00+00:00,2024-07-18 13:58:00+00:00,2024-07-18 13:58:00+00:00,pullback_short_open_fa4d3938b097,-1,market,0.0,1,1,20,4,31290.0
546853,546854,546854,546854,closed,timeout,21495.0,21500.75,21494.75,21501.0,21515.0,21491.0,-5.75,-6.25,-6.75,-135.0,10.0,0.5,1.0,1.0,8.75,2024-07-18 13:59:00+00:00,2024-07-18 13:59:00+00:00,2024-07-18 14:00:00+00:00,2024-07-18 14:00:00+00:00,pullback_short_open_fa4d3938b097,-1,market,0.0,1,1,20,4,31155.0
546893,546894,546894,546894,closed,timeout,21385.0,21383.0,21384.75,21383.25,21405.0,21381.0,2.0,1.5,1.0,20.0,10.0,0.5,1.0,1.0,14.75,2024-07-18 14:39:00+00:00,2024-07-18 14:39:00+00:00,2024-07-18 14:40:00+00:00,2024-07-18 14:40:00+00:00,pullback_short_open_fa4d3938b097,-1,market,0.0,1,1,20,4,31175.0
546900,546901,546901,546901,closed,target,21346.0,21342.0,21345.75,21342.25,21366.0,21342.0,4.0,3.5,3.0,60.0,10.0,0.5,1.0,1.0,6.75,2024-07-18 14:46:00+00:00,2024-07-18 14:46:00+00:00,2024-07-18 14:47:00+00:00,2024-07-18 14:47:00+00:00,pullback_short_open_fa4d3938b097,-1,market,0.0,1,1,20,4,31235.0
546901,546902,546902,546902,closed,target,21340.5,21336.5,21340.25,21336.75,21360.5,21336.5,4.0,3.5,3.0,60.0,10.0,0.5,1.0,1.0,18.75,2024-07-18 14:47:00+00:00,2024-07-18 14:47:00+00:00,2024-07-18 14:48:00+00:00,2024-07-18 14:48:00+00:00,pullback_short_open_fa4d3938b097,-1,market,0.0,1,1,20,4,31295.0
548196,548197,548197,548197,closed,target,21317.5,21313.5,21317.25,21313.75,21337.5,21313.5,4.0,3.5,3.0,60.0,10.0,0.5,1.0,1.0,6.5,2024-07-19 13:37:00+00:00,2024-07-19 13:37:00+00:00,2024-07-19 13:38:00+00:00,2024-07-19 13:38:00+00:00,pullback_short_open_fa4d3938b097,-1,market,0.0,1,1,20,4,31355.0
549592,549593,549593,549593,closed,target,21366.0,21362.0,21365.75,21362.25,21386.0,21362.0,4.0,3.5,3.0,60.0,10.0,0.5,1.0,1.0,1.25,2024-07-22 14:18:00+00:00,2024-07-22 14:18:00+00:00,2024-07-22 14:19:00+00:00,2024-07-22 14:19:00+00:00,pullback_short_open_fa4d3938b097,-1,market,0.0,1,1,20,4,31415.0
549596,549597,549597,549597,closed,timeout,21357.25,21361.5,21357.0,21361.75,21377.25,21353.25,-4.25,-4.75,-5.25,-105.0,10.0,0.5,1.0,1.0,12.25,2024-07-22 14:22:00+00:00,2024-07-22 14:22:00+00:00,2024-07-22 14:23:00+00:00,2024-07-22 14:23:00+00:00,pullback_short_open_fa4d3938b097,-1,market,0.0,1,1,20,4,31310.0
550980,550981,550981,550981,closed,target,21417.25,21413.25,21417.0,21413.5,21437.25,21413.25,4.0,3.5,3.0,60.0,10.0,0.5,1.0,1.0,14.0,2024-07-23 14:41:00+00:00,2024-07-23 14:41:00+00:00,2024-07-23 14:42:00+00:00,2024-07-23 14:42:00+00:00,pullback_short_open_fa4d3938b097,-1,market,0.0,1,1,20,4,31370.0
550983,550984,550984,550984,closed,target,21426.75,21422.75,21426.5,21423.0,21446.75,21422.75,4.0,3.5,3.0,60.0,10.0,0.5,1.0,1.0,3.75,2024-07-23 14:44:00+00:00,2024-07-23 14:44:00+00:00,2024-07-23 14:45:00+00:00,2024-07-23 14:45:00+00:00,pullback_short_open_fa4d3938b097,-1,market,0.0,1,1,20,4,31430.0
550993,550994,550994,550994,closed,timeout,21373.75,21380.5,21373.5,21380.75,21393.75,21369.75,-6.75,-7.25,-7.75,-155.0,10.0,0.5,1.0,1.0,8.5,2024-07-23 14:54:00+00:00,2024-07-23 14:54:00+00:00,2024-07-23 14:55:00+00:00,2024-07-23 14:55:00+00:00,pullback_short_open_fa4d3938b097,-1,market,0.0,1,1,20,4,31275.0
552296,552297,552297,552297,closed,timeout,20972.5,20973.75,20972.25,20974.0,20992.5,20968.5,-1.25,-1.75,-2.25,-45.0,10.0,0.5,1.0,1.0,15.25,2024-07-24 13:52:00+00:00,2024-07-24 13:52:00+00:00,2024-07-24 13:53:00+00:00,2024-07-24 13:53:00+00:00,pullback_short_open_fa4d3938b097,-1,market,0.0,1,1,20,4,31230.0
552358,552359,552359,552359,closed,timeout,20851.0,20849.25,20850.75,20849.5,20871.0,20847.0,1.75,1.25,0.75,15.0,10.0,0.5,1.0,1.0,7.75,2024-07-24 14:54:00+00:00,2024-07-24 14:54:00+00:00,2024-07-24 14:55:00+00:00,2024-07-24 14:55:00+00:00,pullback_short_open_fa4d3938b097,-1,market,0.0,1,1,20,4,31245.0
553653,553654,553654,553654,closed,target,20597.25,20593.25,20597.0,20593.5,20617.25,20593.25,4.0,3.5,3.0,60.0,10.0,0.5,1.0,1.0,0.25,2024-07-25 13:44:00+00:00,2024-07-25 13:44:00+00:00,2024-07-25 13:45:00+00:00,2024-07-25 13:45:00+00:00,pullback_short_open_fa4d3938b097,-1,market,0.0,1,1,20,4,31305.0
553654,553655,553655,553655,closed,stop,20578.5,20598.5,20578.25,20598.75,20598.5,20574.5,-20.0,-20.5,-21.0,-420.0,10.0,0.5,1.0,1.0,26.5,2024-07-25 13:45:00+00:00,2024-07-25 13:45:00+00:00,2024-07-25 13:46:00+00:00,2024-07-25 13:46:00+00:00,pullback_short_open_fa4d3938b097,-1,market,0.0,1,1,20,4,30885.0
553660,553661,553661,553661,closed,stop,20558.0,20578.0,20557.75,20578.25,20578.0,20554.0,-20.0,-20.5,-21.0,-420.0,10.0,0.5,1.0,1.0,22.0,2024-07-25 13:51:00+00:00,2024-07-25 13:51:00+00:00,2024-07-25 13:52:00+00:00,2024-07-25 13:52:00+00:00,pullback_short_open_fa4d3938b097,-1,market,0.0,1,1,20,4,30465.0
553676,553677,553677,553677,closed,target,20430.0,20426.0,20429.75,20426.25,20450.0,20426.0,4.0,3.5,3.0,60.0,10.0,0.5,1.0,1.0,6.25,2024-07-25 14:07:00+00:00,2024-07-25 14:07:00+00:00,2024-07-25 14:08:00+00:00,2024-07-25 14:08:00+00:00,pullback_short_open_fa4d3938b097,-1,market,0.0,1,1,20,4,30525.0
553677,553678,553678,553678,closed,target,20419.75,20415.75,20419.5,20416.0,20439.75,20415.75,4.0,3.5,3.0,60.0,10.0,0.5,1.0,1.0,1.25,2024-07-25 14:08:00+00:00,2024-07-25 14:08:00+00:00,2024-07-25 14:09:00+00:00,2024-07-25 14:09:00+00:00,pullback_short_open_fa4d3938b097,-1,market,0.0,1,1,20,4,30585.0
553687,553688,553688,553688,closed,timeout,20395.75,20399.5,20395.5,20399.75,20415.75,20391.75,-3.75,-4.25,-4.75,-95.0,10.0,0.5,1.0,1.0,18.5,2024-07-25 14:18:00+00:00,2024-07-25 14:18:00+00:00,2024-07-25 14:19:00+00:00,2024-07-25 14:19:00+00:00,pullback_short_open_fa4d3938b097,-1,market,0.0,1,1,20,4,30490.0
555001,555002,555002,555002,closed,stop,20559.25,20579.25,20559.0,20579.5,20579.25,20555.25,-20.0,-20.5,-21.0,-420.0,10.0,0.5,1.0,1.0,29.0,2024-07-26 13:32:00+00:00,2024-07-26 13:32:00+00:00,2024-07-26 13:33:00+00:00,2024-07-26 13:33:00+00:00,pullback_short_open_fa4d3938b097,-1,market,0.0,1,1,20,4,30070.0
555006,555007,555007,555007,closed,stop,20545.75,20565.75,20545.5,20566.0,20565.75,20541.75,-20.0,-20.5,-21.0,-420.0,10.0,0.5,1.0,1.0,31.5,2024-07-26 13:37:00+00:00,2024-07-26 13:37:00+00:00,2024-07-26 13:38:00+00:00,2024-07-26 13:38:00+00:00,pullback_short_open_fa4d3938b097,-1,market,0.0,1,1,20,4,29650.0
555016,555017,555017,555017,closed,target,20541.5,20537.5,20541.25,20537.75,20561.5,20537.5,4.0,3.5,3.0,60.0,10.0,0.5,1.0,1.0,8.25,2024-07-26 13:47:00+00:00,2024-07-26 13:47:00+00:00,2024-07-26 13:48:00+00:00,2024-07-26 13:48:00+00:00,pullback_short_open_fa4d3938b097,-1,market,0.0,1,1,20,4,29710.0
555051,555052,555052,555052,closed,target,20531.0,20527.0,20530.75,20527.25,20551.0,20527.0,4.0,3.5,3.0,60.0,10.0,0.5,1.0,1.0,15.75,2024-07-26 14:22:00+00:00,2024-07-26 14:22:00+00:00,2024-07-26 14:23:00+00:00,2024-07-26 14:23:00+00:00,pullback_short_open_fa4d3938b097,-1,market,0.0,1,1,20,4,29770.0
555074,555075,555075,555075,closed,target,20503.25,20499.25,20503.0,20499.5,20523.25,20499.25,4.0,3.5,3.0,60.0,10.0,0.5,1.0,1.0,6.25,2024-07-26 14:45:00+00:00,2024-07-26 14:45:00+00:00,2024-07-26 14:46:00+00:00,2024-07-26 14:46:00+00:00,pullback_short_open_fa4d3938b097,-1,market,0.0,1,1,20,4,29830.0
556368,556369,556369,556369,closed,stop,20692.0,20712.0,20691.75,20712.25,20712.0,20688.0,-20.0,-20.5,-21.0,-420.0,10.0,0.5,1.0,1.0,21.0,2024-07-29 13:35:00+00:00,2024-07-29 13:35:00+00:00,2024-07-29 13:36:00+00:00,2024-07-29 13:36:00+00:00,pullback_short_open_fa4d3938b097,-1,market,0.0,1,1,20,4,29410.0
556412,556413,556413,556413,closed,target,20714.75,20710.75,20714.5,20711.0,20734.75,20710.75,4.0,3.5,3.0,60.0,10.0,0.5,1.0,1.0,8.5,2024-07-29 14:19:00+00:00,2024-07-29 14:19:00+00:00,2024-07-29 14:20:00+00:00,2024-07-29 14:20:00+00:00,pullback_short_open_fa4d3938b097,-1,market,0.0,1,1,20,4,29470.0
556419,556420,556420,556420,closed,target,20717.75,20713.75,20717.5,20714.0,20737.75,20713.75,4.0,3.5,3.0,60.0,10.0,0.5,1.0,1.0,5.0,2024-07-29 14:26:00+00:00,2024-07-29 14:26:00+00:00,2024-07-29 14:27:00+00:00,2024-07-29 14:27:00+00:00,pullback_short_open_fa4d3938b097,-1,market,0.0,1,1,20,4,29530.0
557745,557746,557746,557746,closed,target,20679.0,20675.0,20678.75,20675.25,20699.0,20675.0,4.0,3.5,3.0,60.0,10.0,0.5,1.0,1.0,5.75,2024-07-30 13:48:00+00:00,2024-07-30 13:48:00+00:00,2024-07-30 13:49:00+00:00,2024-07-30 13:49:00+00:00,pullback_short_open_fa4d3938b097,-1,market,0.0,1,1,20,4,29590.0
557790,557791,557791,557791,closed,target,20598.25,20594.25,20598.0,20594.5,20618.25,20594.25,4.0,3.5,3.0,60.0,10.0,0.5,1.0,1.0,0.25,2024-07-30 14:33:00+00:00,2024-07-30 14:33:00+00:00,2024-07-30 14:34:00+00:00,2024-07-30 14:34:00+00:00,pullback_short_open_fa4d3938b097,-1,market,0.0,1,1,20,4,29650.0
557799,557800,557800,557800,closed,target,20566.0,20562.0,20565.75,20562.25,20586.0,20562.0,4.0,3.5,3.0,60.0,10.0,0.5,1.0,1.0,1.0,2024-07-30 14:42:00+00:00,2024-07-30 14:42:00+00:00,2024-07-30 14:43:00+00:00,2024-07-30 14:43:00+00:00,pullback_short_open_fa4d3938b097,-1,market,0.0,1,1,20,4,29710.0
557800,557801,557801,557801,closed,target,20555.0,20551.0,20554.75,20551.25,20575.0,20551.0,4.0,3.5,3.0,60.0,10.0,0.5,1.0,1.0,9.25,2024-07-30 14:43:00+00:00,2024-07-30 14:43:00+00:00,2024-07-30 14:44:00+00:00,2024-07-30 14:44:00+00:00,pullback_short_open_fa4d3938b097,-1,market,0.0,1,1,20,4,29770.0
557806,557807,557807,557807,closed,target,20571.25,20567.25,20571.0,20567.5,20591.25,20567.25,4.0,3.5,3.0,60.0,10.0,0.5,1.0,1.0,1.25,2024-07-30 14:49:00+00:00,2024-07-30 14:49:00+00:00,2024-07-30 14:50:00+00:00,2024-07-30 14:50:00+00:00,pullback_short_open_fa4d3938b097,-1,market,0.0,1,1,20,4,29830.0
557809,557810,557810,557810,closed,target,20573.0,20569.0,20572.75,20569.25,20593.0,20569.0,4.0,3.5,3.0,60.0,10.0,0.5,1.0,1.0,1.5,2024-07-30 14:52:00+00:00,2024-07-30 14:52:00+00:00,2024-07-30 14:53:00+00:00,2024-07-30 14:53:00+00:00,pullback_short_open_fa4d3938b097,-1,market,0.0,1,1,20,4,29890.0
560497,560498,560498,560498,closed,stop,20999.25,21019.25,20999.0,21019.5,21019.25,20995.25,-20.0,-20.5,-21.0,-420.0,10.0,0.5,1.0,1.0,24.5,2024-08-01 14:10:00+00:00,2024-08-01 14:10:00+00:00,2024-08-01 14:11:00+00:00,2024-08-01 14:11:00+00:00,pullback_short_open_fa4d3938b097,-1,market,0.0,1,1,20,4,29470.0
560502,560503,560503,560503,closed,target,21009.25,21005.25,21009.0,21005.5,21029.25,21005.25,4.0,3.5,3.0,60.0,10.0,0.5,1.0,1.0,3.5,2024-08-01 14:15:00+00:00,2024-08-01 14:15:00+00:00,2024-08-01 14:16:00+00:00,2024-08-01 14:16:00+00:00,pullback_short_open_fa4d3938b097,-1,market,0.0,1,1,20,4,29530.0
560515,560516,560516,560516,closed,target,20924.0,20920.0,20923.75,20920.25,20944.0,20920.0,4.0,3.5,3.0,60.0,10.0,0.5,1.0,1.0,8.25,2024-08-01 14:28:00+00:00,2024-08-01 14:28:00+00:00,2024-08-01 14:29:00+00:00,2024-08-01 14:29:00+00:00,pullback_short_open_fa4d3938b097,-1,market,0.0,1,1,20,4,29590.0
560516,560517,560517,560517,closed,target,20914.5,20910.5,20914.25,20910.75,20934.5,20910.5,4.0,3.5,3.0,60.0,10.0,0.5,1.0,1.0,2.75,2024-08-01 14:29:00+00:00,2024-08-01 14:29:00+00:00,2024-08-01 14:30:00+00:00,2024-08-01 14:30:00+00:00,pullback_short_open_fa4d3938b097,-1,market,0.0,1,1,20,4,29650.0
560523,560524,560524,560524,closed,target,20870.25,20866.25,20870.0,20866.5,20890.25,20866.25,4.0,3.5,3.0,60.0,10.0,0.5,1.0,1.0,4.0,2024-08-01 14:36:00+00:00,2024-08-01 14:36:00+00:00,2024-08-01 14:37:00+00:00,2024-08-01 14:37:00+00:00,pullback_short_open_fa4d3938b097,-1,market,0.0,1,1,20,4,29710.0
560527,560528,560528,560528,closed,target,20869.5,20865.5,20869.25,20865.75,20889.5,20865.5,4.0,3.5,3.0,60.0,10.0,0.5,1.0,1.0,10.75,2024-08-01 14:40:00+00:00,2024-08-01 14:40:00+00:00,2024-08-01 14:41:00+00:00,2024-08-01 14:41:00+00:00,pullback_short_open_fa4d3938b097,-1,market,0.0,1,1,20,4,29770.0
560529,560530,560530,560530,closed,target,20856.0,20852.0,20855.75,20852.25,20876.0,20852.0,4.0,3.5,3.0,60.0,10.0,0.5,1.0,1.0,5.25,2024-08-01 14:42:00+00:00,2024-08-01 14:42:00+00:00,2024-08-01 14:43:00+00:00,2024-08-01 14:43:00+00:00,pullback_short_open_fa4d3938b097,-1,market,0.0,1,1,20,4,29830.0
560541,560542,560542,560542,closed,target,20805.75,20801.75,20805.5,20802.0,20825.75,20801.75,4.0,3.5,3.0,60.0,10.0,0.5,1.0,1.0,10.0,2024-08-01 14:54:00+00:00,2024-08-01 14:54:00+00:00,2024-08-01 14:55:00+00:00,2024-08-01 14:55:00+00:00,pullback_short_open_fa4d3938b097,-1,market,0.0,1,1,20,4,29890.0
560542,560543,560543,560543,closed,target,20800.25,20796.25,20800.0,20796.5,20820.25,20796.25,4.0,3.5,3.0,60.0,10.0,0.5,1.0,1.0,5.25,2024-08-01 14:55:00+00:00,2024-08-01 14:55:00+00:00,2024-08-01 14:56:00+00:00,2024-08-01 14:56:00+00:00,pullback_short_open_fa4d3938b097,-1,market,0.0,1,1,20,4,29950.0
561852,561853,561853,561853,closed,stop,20009.75,20029.75,20009.5,20030.0,20029.75,20005.75,-20.0,-20.5,-21.0,-420.0,10.0,0.5,1.0,1.0,21.75,2024-08-02 14:00:00+00:00,2024-08-02 14:00:00+00:00,2024-08-02 14:01:00+00:00,2024-08-02 14:01:00+00:00,pullback_short_open_fa4d3938b097,-1,market,0.0,1,1,20,4,29530.0
561855,561856,561856,561856,closed,target,20019.75,20015.75,20019.5,20016.0,20039.75,20015.75,4.0,3.5,3.0,60.0,10.0,0.5,1.0,1.0,19.5,2024-08-02 14:03:00+00:00,2024-08-02 14:03:00+00:00,2024-08-02 14:04:00+00:00,2024-08-02 14:04:00+00:00,pullback_short_open_fa4d3938b097,-1,market,0.0,1,1,20,4,29590.0
561871,561872,561872,561872,closed,target,19870.5,19866.5,19870.25,19866.75,19890.5,19866.5,4.0,3.5,3.0,60.0,10.0,0.5,1.0,1.0,5.25,2024-08-02 14:19:00+00:00,2024-08-02 14:19:00+00:00,2024-08-02 14:20:00+00:00,2024-08-02 14:20:00+00:00,pullback_short_open_fa4d3938b097,-1,market,0.0,1,1,20,4,29650.0
561872,561873,561873,561873,closed,stop,19863.25,19883.25,19863.0,19883.5,19883.25,19859.25,-20.0,-20.5,-21.0,-420.0,10.0,0.5,1.0,1.0,32.5,2024-08-02 14:20:00+00:00,2024-08-02 14:20:00+00:00,2024-08-02 14:21:00+00:00,2024-08-02 14:21:00+00:00,pullback_short_open_fa4d3938b097,-1,market,0.0,1,1,20,4,29230.0
563182,563183,563183,563183,closed,stop,19036.0,19056.0,19035.75,19056.25,19056.0,19032.0,-20.0,-20.5,-21.0,-420.0,10.0,0.5,1.0,1.0,79.25,2024-08-05 13:33:00+00:00,2024-08-05 13:33:00+00:00,2024-08-05 13:34:00+00:00,2024-08-05 13:34:00+00:00,pullback_short_open_fa4d3938b097,-1,market,0.0,1,1,20,4,28810.0
563230,563231,563231,563231,closed,stop,19417.25,19437.25,19417.0,19437.5,19437.25,19413.25,-20.0,-20.5,-21.0,-420.0,10.0,0.5,1.0,1.0,29.0,2024-08-05 14:21:00+00:00,2024-08-05 14:21:00+00:00,2024-08-05 14:22:00+00:00,2024-08-05 14:22:00+00:00,pullback_short_open_fa4d3938b097,-1,market,0.0,1,1,20,4,28390.0
564563,564564,564564,564564,closed,target,19476.25,19472.25,19476.0,19472.5,19496.25,19472.25,4.0,3.5,3.0,60.0,10.0,0.5,1.0,1.0,6.25,2024-08-06 13:51:00+00:00,2024-08-06 13:51:00+00:00,2024-08-06 13:52:00+00:00,2024-08-06 13:52:00+00:00,pullback_short_open_fa4d3938b097,-1,market,0.0,1,1,20,4,28450.0
565961,565962,565962,565962,closed,target,19911.5,19907.5,19911.25,19907.75,19931.5,19907.5,4.0,3.5,3.0,60.0,10.0,0.5,1.0,1.0,8.75,2024-08-07 14:24:00+00:00,2024-08-07 14:24:00+00:00,2024-08-07 14:25:00+00:00,2024-08-07 14:25:00+00:00,pullback_short_open_fa4d3938b097,-1,market,0.0,1,1,20,4,28510.0
565972,565973,565973,565973,closed,target,19889.75,19885.75,19889.5,19886.0,19909.75,19885.75,4.0,3.5,3.0,60.0,10.0,0.5,1.0,1.0,5.0,2024-08-07 14:35:00+00:00,2024-08-07 14:35:00+00:00,2024-08-07 14:36:00+00:00,2024-08-07 14:36:00+00:00,pullback_short_open_fa4d3938b097,-1,market,0.0,1,1,20,4,28570.0
567286,567287,567287,567287,closed,target,19593.75,19589.75,19593.5,19590.0,19613.75,19589.75,4.0,3.5,3.0,60.0,10.0,0.5,1.0,1.0,7.75,2024-08-08 13:44:00+00:00,2024-08-08 13:44:00+00:00,2024-08-08 13:45:00+00:00,2024-08-08 13:45:00+00:00,pullback_short_open_fa4d3938b097,-1,market,0.0,1,1,20,4,28630.0
568709,568710,568710,568710,closed,target,19906.25,19902.25,19906.0,19902.5,19926.25,19902.25,4.0,3.5,3.0,60.0,10.0,0.5,1.0,1.0,18.25,2024-08-09 14:42:00+00:00,2024-08-09 14:42:00+00:00,2024-08-09 14:43:00+00:00,2024-08-09 14:43:00+00:00,pullback_short_open_fa4d3938b097,-1,market,0.0,1,1,20,4,28690.0
568710,568711,568711,568711,closed,target,19887.0,19883.0,19886.75,19883.25,19907.0,19883.0,4.0,3.5,3.0,60.0,10.0,0.5,1.0,1.0,6.5,2024-08-09 14:43:00+00:00,2024-08-09 14:43:00+00:00,2024-08-09 14:44:00+00:00,2024-08-09 14:44:00+00:00,pullback_short_open_fa4d3938b097,-1,market,0.0,1,1,20,4,28750.0
570025,570026,570026,570026,closed,target,19999.5,19995.5,19999.25,19995.75,20019.5,19995.5,4.0,3.5,3.0,60.0,10.0,0.5,1.0,1.0,12.0,2024-08-12 13:53:00+00:00,2024-08-12 13:53:00+00:00,2024-08-12 13:54:00+00:00,2024-08-12 13:54:00+00:00,pullback_short_open_fa4d3938b097,-1,market,0.0,1,1,20,4,28810.0
570028,570029,570029,570029,closed,target,20002.0,19998.0,20001.75,19998.25,20022.0,19998.0,4.0,3.5,3.0,60.0,10.0,0.5,1.0,1.0,3.0,2024-08-12 13:56:00+00:00,2024-08-12 13:56:00+00:00,2024-08-12 13:57:00+00:00,2024-08-12 13:57:00+00:00,pullback_short_open_fa4d3938b097,-1,market,0.0,1,1,20,4,28870.0
570032,570033,570033,570033,closed,stop,19973.75,19993.75,19973.5,19994.0,19993.75,19969.75,-20.0,-20.5,-21.0,-420.0,10.0,0.5,1.0,1.0,23.0,2024-08-12 14:00:00+00:00,2024-08-12 14:00:00+00:00,2024-08-12 14:01:00+00:00,2024-08-12 14:01:00+00:00,pullback_short_open_fa4d3938b097,-1,market,0.0,1,1,20,4,28450.0
572751,572752,572752,572752,closed,target,20515.0,20511.0,20514.75,20511.25,20535.0,20511.0,4.0,3.5,3.0,60.0,10.0,0.5,1.0,1.0,5.0,2024-08-14 13:49:00+00:00,2024-08-14 13:49:00+00:00,2024-08-14 13:50:00+00:00,2024-08-14 13:50:00+00:00,pullback_short_open_fa4d3938b097,-1,market,0.0,1,1,20,4,28510.0
572752,572753,572753,572753,closed,target,20495.75,20491.75,20495.5,20492.0,20515.75,20491.75,4.0,3.5,3.0,60.0,10.0,0.5,1.0,1.0,16.5,2024-08-14 13:50:00+00:00,2024-08-14 13:50:00+00:00,2024-08-14 13:51:00+00:00,2024-08-14 13:51:00+00:00,pullback_short_open_fa4d3938b097,-1,market,0.0,1,1,20,4,28570.0
572766,572767,572767,572767,closed,timeout,20465.25,20481.0,20465.0,20481.25,20485.25,20461.25,-15.75,-16.25,-16.75,-335.0,10.0,0.5,1.0,1.0,17.75,2024-08-14 14:04:00+00:00,2024-08-14 14:04:00+00:00,2024-08-14 14:05:00+00:00,2024-08-14 14:05:00+00:00,pullback_short_open_fa4d3938b097,-1,market,0.0,1,1,20,4,28235.0
572768,572769,572769,572769,closed,target,20477.0,20473.0,20476.75,20473.25,20497.0,20473.0,4.0,3.5,3.0,60.0,10.0,0.5,1.0,1.0,11.25,2024-08-14 14:06:00+00:00,2024-08-14 14:06:00+00:00,2024-08-14 14:07:00+00:00,2024-08-14 14:07:00+00:00,pullback_short_open_fa4d3938b097,-1,market,0.0,1,1,20,4,28295.0
572778,572779,572779,572779,closed,target,20413.75,20409.75,20413.5,20410.0,20433.75,20409.75,4.0,3.5,3.0,60.0,10.0,0.5,1.0,1.0,14.0,2024-08-14 14:16:00+00:00,2024-08-14 14:16:00+00:00,2024-08-14 14:17:00+00:00,2024-08-14 14:17:00+00:00,pullback_short_open_fa4d3938b097,-1,market,0.0,1,1,20,4,28355.0
572788,572789,572789,572789,closed,target,20439.75,20435.75,20439.5,20436.0,20459.75,20435.75,4.0,3.5,3.0,60.0,10.0,0.5,1.0,1.0,1.0,2024-08-14 14:26:00+00:00,2024-08-14 14:26:00+00:00,2024-08-14 14:27:00+00:00,2024-08-14 14:27:00+00:00,pullback_short_open_fa4d3938b097,-1,market,0.0,1,1,20,4,28415.0
575537,575538,575538,575538,closed,target,20986.0,20982.0,20985.75,20982.25,21006.0,20982.0,4.0,3.5,3.0,60.0,10.0,0.5,1.0,1.0,10.75,2024-08-16 14:45:00+00:00,2024-08-16 14:45:00+00:00,2024-08-16 14:46:00+00:00,2024-08-16 14:46:00+00:00,pullback_short_open_fa4d3938b097,-1,market,0.0,1,1,20,4,28475.0
575546,575547,575547,575547,closed,target,20967.75,20963.75,20967.5,20964.0,20987.75,20963.75,4.0,3.5,3.0,60.0,10.0,0.5,1.0,1.0,0.75,2024-08-16 14:54:00+00:00,2024-08-16 14:54:00+00:00,2024-08-16 14:55:00+00:00,2024-08-16 14:55:00+00:00,pullback_short_open_fa4d3938b097,-1,market,0.0,1,1,20,4,28535.0
575547,575548,575548,575548,closed,target,20955.0,20951.0,20954.75,20951.25,20975.0,20951.0,4.0,3.5,3.0,60.0,10.0,0.5,1.0,1.0,6.75,2024-08-16 14:55:00+00:00,2024-08-16 14:55:00+00:00,2024-08-16 14:56:00+00:00,2024-08-16 14:56:00+00:00,pullback_short_open_fa4d3938b097,-1,market,0.0,1,1,20,4,28595.0
576840,576841,576841,576841,closed,target,21034.5,21030.5,21034.25,21030.75,21054.5,21030.5,4.0,3.5,3.0,60.0,10.0,0.5,1.0,1.0,6.5,2024-08-19 13:44:00+00:00,2024-08-19 13:44:00+00:00,2024-08-19 13:45:00+00:00,2024-08-19 13:45:00+00:00,pullback_short_open_fa4d3938b097,-1,market,0.0,1,1,20,4,28655.0
576842,576843,576843,576843,closed,target,21027.0,21023.0,21026.75,21023.25,21047.0,21023.0,4.0,3.5,3.0,60.0,10.0,0.5,1.0,1.0,18.5,2024-08-19 13:46:00+00:00,2024-08-19 13:46:00+00:00,2024-08-19 13:47:00+00:00,2024-08-19 13:47:00+00:00,pullback_short_open_fa4d3938b097,-1,market,0.0,1,1,20,4,28715.0
578237,578238,578238,578238,closed,target,21271.0,21267.0,21270.75,21267.25,21291.0,21267.0,4.0,3.5,3.0,60.0,10.0,0.5,1.0,1.0,1.25,2024-08-20 14:16:00+00:00,2024-08-20 14:16:00+00:00,2024-08-20 14:17:00+00:00,2024-08-20 14:17:00+00:00,pullback_short_open_fa4d3938b097,-1,market,0.0,1,1,20,4,28775.0
578245,578246,578246,578246,closed,target,21274.5,21270.5,21274.25,21270.75,21294.5,21270.5,4.0,3.5,3.0,60.0,10.0,0.5,1.0,1.0,1.25,2024-08-20 14:24:00+00:00,2024-08-20 14:24:00+00:00,2024-08-20 14:25:00+00:00,2024-08-20 14:25:00+00:00,pullback_short_open_fa4d3938b097,-1,market,0.0,1,1,20,4,28835.0
578246,578247,578247,578247,closed,target,21261.75,21257.75,21261.5,21258.0,21281.75,21257.75,4.0,3.5,3.0,60.0,10.0,0.5,1.0,1.0,2.5,2024-08-20 14:25:00+00:00,2024-08-20 14:25:00+00:00,2024-08-20 14:26:00+00:00,2024-08-20 14:26:00+00:00,pullback_short_open_fa4d3938b097,-1,market,0.0,1,1,20,4,28895.0
578249,578250,578250,578250,closed,target,21250.0,21246.0,21249.75,21246.25,21270.0,21246.0,4.0,3.5,3.0,60.0,10.0,0.5,1.0,1.0,0.75,2024-08-20 14:28:00+00:00,2024-08-20 14:28:00+00:00,2024-08-20 14:29:00+00:00,2024-08-20 14:29:00+00:00,pullback_short_open_fa4d3938b097,-1,market,0.0,1,1,20,4,28955.0
578252,578253,578253,578253,closed,target,21254.0,21250.0,21253.75,21250.25,21274.0,21250.0,4.0,3.5,3.0,60.0,10.0,0.5,1.0,1.0,2.0,2024-08-20 14:31:00+00:00,2024-08-20 14:31:00+00:00,2024-08-20 14:32:00+00:00,2024-08-20 14:32:00+00:00,pullback_short_open_fa4d3938b097,-1,market,0.0,1,1,20,4,29015.0
578253,578254,578254,578254,closed,target,21247.5,21243.5,21247.25,21243.75,21267.5,21243.5,4.0,3.5,3.0,60.0,10.0,0.5,1.0,1.0,7.75,2024-08-20 14:32:00+00:00,2024-08-20 14:32:00+00:00,2024-08-20 14:33:00+00:00,2024-08-20 14:33:00+00:00,pullback_short_open_fa4d3938b097,-1,market,0.0,1,1,20,4,29075.0
579563,579564,579564,579564,closed,target,21263.25,21259.25,21263.0,21259.5,21283.25,21259.25,4.0,3.5,3.0,60.0,10.0,0.5,1.0,1.0,11.75,2024-08-21 13:38:00+00:00,2024-08-21 13:38:00+00:00,2024-08-21 13:39:00+00:00,2024-08-21 13:39:00+00:00,pullback_short_open_fa4d3938b097,-1,market,0.0,1,1,20,4,29135.0
579569,579570,579570,579570,closed,stop,21268.5,21288.5,21268.25,21288.75,21288.5,21264.5,-20.0,-20.5,-21.0,-420.0,10.0,0.5,1.0,1.0,24.75,2024-08-21 13:44:00+00:00,2024-08-21 13:44:00+00:00,2024-08-21 13:45:00+00:00,2024-08-21 13:45:00+00:00,pullback_short_open_fa4d3938b097,-1,market,0.0,1,1,20,4,28715.0
580940,580941,580941,580941,closed,target,21407.75,21403.75,21407.5,21404.0,21427.75,21403.75,4.0,3.5,3.0,60.0,10.0,0.5,1.0,1.0,0.25,2024-08-22 13:50:00+00:00,2024-08-22 13:50:00+00:00,2024-08-22 13:51:00+00:00,2024-08-22 13:51:00+00:00,pullback_short_open_fa4d3938b097,-1,market,0.0,1,1,20,4,28775.0
580943,580944,580944,580944,closed,stop,21396.0,21416.0,21395.75,21416.25,21416.0,21392.0,-20.0,-20.5,-21.0,-420.0,10.0,0.5,1.0,1.0,20.5,2024-08-22 13:53:00+00:00,2024-08-22 13:53:00+00:00,2024-08-22 13:54:00+00:00,2024-08-22 13:54:00+00:00,pullback_short_open_fa4d3938b097,-1,market,0.0,1,1,20,4,28355.0
580955,580956,580956,580956,closed,target,21394.5,21390.5,21394.25,21390.75,21414.5,21390.5,4.0,3.5,3.0,60.0,10.0,0.5,1.0,1.0,11.0,2024-08-22 14:05:00+00:00,2024-08-22 14:05:00+00:00,2024-08-22 14:06:00+00:00,2024-08-22 14:06:00+00:00,pullback_short_open_fa4d3938b097,-1,market,0.0,1,1,20,4,28415.0
580978,580979,580979,580979,closed,target,21353.0,21349.0,21352.75,21349.25,21373.0,21349.0,4.0,3.5,3.0,60.0,10.0,0.5,1.0,1.0,5.0,2024-08-22 14:28:00+00:00,2024-08-22 14:28:00+00:00,2024-08-22 14:29:00+00:00,2024-08-22 14:29:00+00:00,pullback_short_open_fa4d3938b097,-1,market,0.0,1,1,20,4,28475.0
581009,581010,581010,581010,closed,timeout,21310.5,21311.25,21310.25,21311.5,21330.5,21306.5,-0.75,-1.25,-1.75,-35.0,10.0,0.5,1.0,1.0,10.0,2024-08-22 14:59:00+00:00,2024-08-22 14:59:00+00:00,2024-08-22 15:00:00+00:00,2024-08-22 15:00:00+00:00,pullback_short_open_fa4d3938b097,-1,market,0.0,1,1,20,4,28440.0
582293,582294,582294,582294,closed,target,21158.75,21154.75,21158.5,21155.0,21178.75,21154.75,4.0,3.5,3.0,60.0,10.0,0.5,1.0,1.0,7.5,2024-08-23 13:38:00+00:00,2024-08-23 13:38:00+00:00,2024-08-23 13:39:00+00:00,2024-08-23 13:39:00+00:00,pullback_short_open_fa4d3938b097,-1,market,0.0,1,1,20,4,28500.0
582297,582298,582298,582298,closed,target,21167.25,21163.25,21167.0,21163.5,21187.25,21163.25,4.0,3.5,3.0,60.0,10.0,0.5,1.0,1.0,0.25,2024-08-23 13:42:00+00:00,2024-08-23 13:42:00+00:00,2024-08-23 13:43:00+00:00,2024-08-23 13:43:00+00:00,pullback_short_open_fa4d3938b097,-1,market,0.0,1,1,20,4,28560.0
582298,582299,582299,582299,closed,target,21158.5,21154.5,21158.25,21154.75,21178.5,21154.5,4.0,3.5,3.0,60.0,10.0,0.5,1.0,1.0,2.0,2024-08-23 13:43:00+00:00,2024-08-23 13:43:00+00:00,2024-08-23 13:44:00+00:00,2024-08-23 13:44:00+00:00,pullback_short_open_fa4d3938b097,-1,market,0.0,1,1,20,4,28620.0
582300,582301,582301,582301,closed,timeout,21152.25,21160.75,21152.0,21161.0,21172.25,21148.25,-8.5,-9.0,-9.5,-190.0,10.0,0.5,1.0,1.0,13.5,2024-08-23 13:45:00+00:00,2024-08-23 13:45:00+00:00,2024-08-23 13:46:00+00:00,2024-08-23 13:46:00+00:00,pullback_short_open_fa4d3938b097,-1,market,0.0,1,1,20,4,28430.0
582361,582362,582362,582362,closed,target,21242.25,21238.25,21242.0,21238.5,21262.25,21238.25,4.0,3.5,3.0,60.0,10.0,0.5,1.0,1.0,0.75,2024-08-23 14:46:00+00:00,2024-08-23 14:46:00+00:00,2024-08-23 14:47:00+00:00,2024-08-23 14:47:00+00:00,pullback_short_open_fa4d3938b097,-1,market,0.0,1,1,20,4,28490.0
583651,583652,583652,583652,closed,target,21193.25,21189.25,21193.0,21189.5,21213.25,21189.25,4.0,3.5,3.0,60.0,10.0,0.5,1.0,1.0,20.0,2024-08-26 13:32:00+00:00,2024-08-26 13:32:00+00:00,2024-08-26 13:33:00+00:00,2024-08-26 13:33:00+00:00,pullback_short_open_fa4d3938b097,-1,market,0.0,1,1,20,4,28550.0
583673,583674,583674,583674,closed,target,21172.75,21168.75,21172.5,21169.0,21192.75,21168.75,4.0,3.5,3.0,60.0,10.0,0.5,1.0,1.0,0.25,2024-08-26 13:54:00+00:00,2024-08-26 13:54:00+00:00,2024-08-26 13:55:00+00:00,2024-08-26 13:55:00+00:00,pullback_short_open_fa4d3938b097,-1,market,0.0,1,1,20,4,28610.0
583678,583679,583679,583679,closed,target,21156.5,21152.5,21156.25,21152.75,21176.5,21152.5,4.0,3.5,3.0,60.0,10.0,0.5,1.0,1.0,2.0,2024-08-26 13:59:00+00:00,2024-08-26 13:59:00+00:00,2024-08-26 14:00:00+00:00,2024-08-26 14:00:00+00:00,pullback_short_open_fa4d3938b097,-1,market,0.0,1,1,20,4,28670.0
583685,583686,583686,583686,closed,target,21150.25,21146.25,21150.0,21146.5,21170.25,21146.25,4.0,3.5,3.0,60.0,10.0,0.5,1.0,1.0,1.25,2024-08-26 14:06:00+00:00,2024-08-26 14:06:00+00:00,2024-08-26 14:07:00+00:00,2024-08-26 14:07:00+00:00,pullback_short_open_fa4d3938b097,-1,market,0.0,1,1,20,4,28730.0
583701,583702,583702,583702,closed,timeout,21061.75,21068.75,21061.5,21069.0,21081.75,21057.75,-7.0,-7.5,-8.0,-160.0,10.0,0.5,1.0,1.0,11.0,2024-08-26 14:22:00+00:00,2024-08-26 14:22:00+00:00,2024-08-26 14:23:00+00:00,2024-08-26 14:23:00+00:00,pullback_short_open_fa4d3938b097,-1,market,0.0,1,1,20,4,28570.0
583704,583705,583705,583705,closed,stop,21063.5,21083.5,21063.25,21083.75,21083.5,21059.5,-20.0,-20.5,-21.0,-420.0,10.0,0.5,1.0,1.0,21.0,2024-08-26 14:25:00+00:00,2024-08-26 14:25:00+00:00,2024-08-26 14:26:00+00:00,2024-08-26 14:26:00+00:00,pullback_short_open_fa4d3938b097,-1,market,0.0,1,1,20,4,28150.0
583706,583707,583707,583707,closed,target,21071.0,21067.0,21070.75,21067.25,21091.0,21067.0,4.0,3.5,3.0,60.0,10.0,0.5,1.0,1.0,0.75,2024-08-26 14:27:00+00:00,2024-08-26 14:27:00+00:00,2024-08-26 14:28:00+00:00,2024-08-26 14:28:00+00:00,pullback_short_open_fa4d3938b097,-1,market,0.0,1,1,20,4,28210.0
583724,583725,583725,583725,closed,timeout,20977.25,20982.0,20977.0,20982.25,20997.25,20973.25,-4.75,-5.25,-5.75,-115.0,10.0,0.5,1.0,1.0,15.25,2024-08-26 14:45:00+00:00,2024-08-26 14:45:00+00:00,2024-08-26 14:46:00+00:00,2024-08-26 14:46:00+00:00,pullback_short_open_fa4d3938b097,-1,market,0.0,1,1,20,4,28095.0
583729,583730,583730,583730,closed,target,20986.75,20982.75,20986.5,20983.0,21006.75,20982.75,4.0,3.5,3.0,60.0,10.0,0.5,1.0,1.0,10.75,2024-08-26 14:50:00+00:00,2024-08-26 14:50:00+00:00,2024-08-26 14:51:00+00:00,2024-08-26 14:51:00+00:00,pullback_short_open_fa4d3938b097,-1,market,0.0,1,1,20,4,28155.0
585027,585028,585028,585028,closed,target,20903.25,20899.25,20903.0,20899.5,20923.25,20899.25,4.0,3.5,3.0,60.0,10.0,0.5,1.0,1.0,6.75,2024-08-27 13:43:00+00:00,2024-08-27 13:43:00+00:00,2024-08-27 13:44:00+00:00,2024-08-27 13:44:00+00:00,pullback_short_open_fa4d3938b097,-1,market,0.0,1,1,20,4,28215.0
585098,585099,585099,585099,closed,timeout,21074.75,21082.5,21074.5,21082.75,21094.75,21070.75,-7.75,-8.25,-8.75,-175.0,10.0,0.5,1.0,1.0,10.5,2024-08-27 14:54:00+00:00,2024-08-27 14:54:00+00:00,2024-08-27 14:55:00+00:00,2024-08-27 14:55:00+00:00,pullback_short_open_fa4d3938b097,-1,market,0.0,1,1,20,4,28040.0
586392,586393,586393,586393,closed,timeout,21034.0,21035.75,21033.75,21036.0,21054.0,21030.0,-1.75,-2.25,-2.75,-55.0,10.0,0.5,1.0,1.0,10.0,2024-08-28 13:43:00+00:00,2024-08-28 13:43:00+00:00,2024-08-28 13:44:00+00:00,2024-08-28 13:44:00+00:00,pullback_short_open_fa4d3938b097,-1,market,0.0,1,1,20,4,27985.0
586402,586403,586403,586403,closed,target,20982.75,20978.75,20982.5,20979.0,21002.75,20978.75,4.0,3.5,3.0,60.0,10.0,0.5,1.0,1.0,2.5,2024-08-28 13:53:00+00:00,2024-08-28 13:53:00+00:00,2024-08-28 13:54:00+00:00,2024-08-28 13:54:00+00:00,pullback_short_open_fa4d3938b097,-1,market,0.0,1,1,20,4,28045.0
586409,586410,586410,586410,closed,target,20991.0,20987.0,20990.75,20987.25,21011.0,20987.0,4.0,3.5,3.0,60.0,10.0,0.5,1.0,1.0,2.0,2024-08-28 14:00:00+00:00,2024-08-28 14:00:00+00:00,2024-08-28 14:01:00+00:00,2024-08-28 14:01:00+00:00,pullback_short_open_fa4d3938b097,-1,market,0.0,1,1,20,4,28105.0
586415,586416,586416,586416,closed,target,20969.75,20965.75,20969.5,20966.0,20989.75,20965.75,4.0,3.5,3.0,60.0,10.0,0.5,1.0,1.0,5.5,2024-08-28 14:06:00+00:00,2024-08-28 14:06:00+00:00,2024-08-28 14:07:00+00:00,2024-08-28 14:07:00+00:00,pullback_short_open_fa4d3938b097,-1,market,0.0,1,1,20,4,28165.0
586466,586467,586467,586467,closed,target,20915.5,20911.5,20915.25,20911.75,20935.5,20911.5,4.0,3.5,3.0,60.0,10.0,0.5,1.0,1.0,1.0,2024-08-28 14:57:00+00:00,2024-08-28 14:57:00+00:00,2024-08-28 14:58:00+00:00,2024-08-28 14:58:00+00:00,pullback_short_open_fa4d3938b097,-1,market,0.0,1,1,20,4,28225.0
586467,586468,586468,586468,closed,target,20910.0,20906.0,20909.75,20906.25,20930.0,20906.0,4.0,3.5,3.0,60.0,10.0,0.5,1.0,1.0,0.25,2024-08-28 14:58:00+00:00,2024-08-28 14:58:00+00:00,2024-08-28 14:59:00+00:00,2024-08-28 14:59:00+00:00,pullback_short_open_fa4d3938b097,-1,market,0.0,1,1,20,4,28285.0
587796,587797,587797,587797,closed,target,20980.0,20976.0,20979.75,20976.25,21000.0,20976.0,4.0,3.5,3.0,60.0,10.0,0.5,1.0,1.0,6.75,2024-08-29 14:22:00+00:00,2024-08-29 14:22:00+00:00,2024-08-29 14:23:00+00:00,2024-08-29 14:23:00+00:00,pullback_short_open_fa4d3938b097,-1,market,0.0,1,1,20,4,28345.0
589160,589161,589161,589161,closed,target,21004.25,21000.25,21004.0,21000.5,21024.25,21000.25,4.0,3.5,3.0,60.0,10.0,0.5,1.0,1.0,5.0,2024-08-30 14:21:00+00:00,2024-08-30 14:21:00+00:00,2024-08-30 14:22:00+00:00,2024-08-30 14:22:00+00:00,pullback_short_open_fa4d3938b097,-1,market,0.0,1,1,20,4,28405.0
589168,589169,589169,589169,closed,target,20976.25,20972.25,20976.0,20972.5,20996.25,20972.25,4.0,3.5,3.0,60.0,10.0,0.5,1.0,1.0,7.5,2024-08-30 14:29:00+00:00,2024-08-30 14:29:00+00:00,2024-08-30 14:30:00+00:00,2024-08-30 14:30:00+00:00,pullback_short_open_fa4d3938b097,-1,market,0.0,1,1,20,4,28465.0
589173,589174,589174,589174,closed,target,20985.0,20981.0,20984.75,20981.25,21005.0,20981.0,4.0,3.5,3.0,60.0,10.0,0.5,1.0,1.0,10.75,2024-08-30 14:34:00+00:00,2024-08-30 14:34:00+00:00,2024-08-30 14:35:00+00:00,2024-08-30 14:35:00+00:00,pullback_short_open_fa4d3938b097,-1,market,0.0,1,1,20,4,28525.0
590516,590517,590517,590517,closed,timeout,21039.25,21038.25,21039.0,21038.5,21059.25,21035.25,1.0,0.5,0.0,0.0,10.0,0.5,1.0,1.0,0.5,2024-09-02 14:12:00+00:00,2024-09-02 14:12:00+00:00,2024-09-02 14:13:00+00:00,2024-09-02 14:13:00+00:00,pullback_short_open_fa4d3938b097,-1,market,0.0,1,1,20,4,28525.0
591623,591624,591624,591624,closed,target,20826.75,20822.75,20826.5,20823.0,20846.75,20822.75,4.0,3.5,3.0,60.0,10.0,0.5,1.0,1.0,7.5,2024-09-03 13:40:00+00:00,2024-09-03 13:40:00+00:00,2024-09-03 13:41:00+00:00,2024-09-03 13:41:00+00:00,pullback_short_open_fa4d3938b097,-1,market,0.0,1,1,20,4,28585.0
591630,591631,591631,591631,closed,stop,20820.0,20840.0,20819.75,20840.25,20840.0,20816.0,-20.0,-20.5,-21.0,-420.0,10.0,0.5,1.0,1.0,23.5,2024-09-03 13:47:00+00:00,2024-09-03 13:47:00+00:00,2024-09-03 13:48:00+00:00,2024-09-03 13:48:00+00:00,pullback_short_open_fa4d3938b097,-1,market,0.0,1,1,20,4,28165.0
591634,591635,591635,591635,closed,target,20821.75,20817.75,20821.5,20818.0,20841.75,20817.75,4.0,3.5,3.0,60.0,10.0,0.5,1.0,1.0,9.25,2024-09-03 13:51:00+00:00,2024-09-03 13:51:00+00:00,2024-09-03 13:52:00+00:00,2024-09-03 13:52:00+00:00,pullback_short_open_fa4d3938b097,-1,market,0.0,1,1,20,4,28225.0
591640,591641,591641,591641,closed,target,20778.0,20774.0,20777.75,20774.25,20798.0,20774.0,4.0,3.5,3.0,60.0,10.0,0.5,1.0,1.0,15.5,2024-09-03 13:57:00+00:00,2024-09-03 13:57:00+00:00,2024-09-03 13:58:00+00:00,2024-09-03 13:58:00+00:00,pullback_short_open_fa4d3938b097,-1,market,0.0,1,1,20,4,28285.0
591647,591648,591648,591648,closed,target,20787.25,20783.25,20787.0,20783.5,20807.25,20783.25,4.0,3.5,3.0,60.0,10.0,0.5,1.0,1.0,0.25,2024-09-03 14:04:00+00:00,2024-09-03 14:04:00+00:00,2024-09-03 14:05:00+00:00,2024-09-03 14:05:00+00:00,pullback_short_open_fa4d3938b097,-1,market,0.0,1,1,20,4,28345.0
591648,591649,591649,591649,closed,target,20770.5,20766.5,20770.25,20766.75,20790.5,20766.5,4.0,3.5,3.0,60.0,10.0,0.5,1.0,1.0,16.5,2024-09-03 14:05:00+00:00,2024-09-03 14:05:00+00:00,2024-09-03 14:06:00+00:00,2024-09-03 14:06:00+00:00,pullback_short_open_fa4d3938b097,-1,market,0.0,1,1,20,4,28405.0
591664,591665,591665,591665,closed,timeout,20736.0,20739.5,20735.75,20739.75,20756.0,20732.0,-3.5,-4.0,-4.5,-90.0,10.0,0.5,1.0,1.0,14.25,2024-09-03 14:21:00+00:00,2024-09-03 14:21:00+00:00,2024-09-03 14:22:00+00:00,2024-09-03 14:22:00+00:00,pullback_short_open_fa4d3938b097,-1,market,0.0,1,1,20,4,28315.0
591667,591668,591668,591668,closed,timeout,20738.75,20747.75,20738.5,20748.0,20758.75,20734.75,-9.0,-9.5,-10.0,-200.0,10.0,0.5,1.0,1.0,15.75,2024-09-03 14:24:00+00:00,2024-09-03 14:24:00+00:00,2024-09-03 14:25:00+00:00,2024-09-03 14:25:00+00:00,pullback_short_open_fa4d3938b097,-1,market,0.0,1,1,20,4,28115.0
591678,591679,591679,591679,closed,target,20690.25,20686.25,20690.0,20686.5,20710.25,20686.25,4.0,3.5,3.0,60.0,10.0,0.5,1.0,1.0,6.0,2024-09-03 14:35:00+00:00,2024-09-03 14:35:00+00:00,2024-09-03 14:36:00+00:00,2024-09-03 14:36:00+00:00,pullback_short_open_fa4d3938b097,-1,market,0.0,1,1,20,4,28175.0
591702,591703,591703,591703,closed,target,20607.25,20603.25,20607.0,20603.5,20627.25,20603.25,4.0,3.5,3.0,60.0,10.0,0.5,1.0,1.0,6.25,2024-09-03 14:59:00+00:00,2024-09-03 14:59:00+00:00,2024-09-03 15:00:00+00:00,2024-09-03 15:00:00+00:00,pullback_short_open_fa4d3938b097,-1,market,0.0,1,1,20,4,28235.0
592980,592981,592981,592981,closed,stop,20300.25,20320.25,20300.0,20320.5,20320.25,20296.25,-20.0,-20.5,-21.0,-420.0,10.0,0.5,1.0,1.0,21.75,2024-09-04 13:32:00+00:00,2024-09-04 13:32:00+00:00,2024-09-04 13:33:00+00:00,2024-09-04 13:33:00+00:00,pullback_short_open_fa4d3938b097,-1,market,0.0,1,1,20,4,27815.0
593014,593015,593015,593015,closed,target,20336.5,20332.5,20336.25,20332.75,20356.5,20332.5,4.0,3.5,3.0,60.0,10.0,0.5,1.0,1.0,12.75,2024-09-04 14:06:00+00:00,2024-09-04 14:06:00+00:00,2024-09-04 14:07:00+00:00,2024-09-04 14:07:00+00:00,pullback_short_open_fa4d3938b097,-1,market,0.0,1,1,20,4,27875.0
594345,594346,594346,594346,closed,stop,20323.0,20343.0,20322.75,20343.25,20343.0,20319.0,-20.0,-20.5,-21.0,-420.0,10.0,0.5,1.0,1.0,33.25,2024-09-05 13:32:00+00:00,2024-09-05 13:32:00+00:00,2024-09-05 13:33:00+00:00,2024-09-05 13:33:00+00:00,pullback_short_open_fa4d3938b097,-1,market,0.0,1,1,20,4,27455.0
594431,594432,594432,594432,closed,timeout,20438.75,20439.5,20438.5,20439.75,20458.75,20434.75,-0.75,-1.25,-1.75,-35.0,10.0,0.5,1.0,1.0,5.75,2024-09-05 14:58:00+00:00,2024-09-05 14:58:00+00:00,2024-09-05 14:59:00+00:00,2024-09-05 14:59:00+00:00,pullback_short_open_fa4d3938b097,-1,market,0.0,1,1,20,4,27420.0
595727,595728,595728,595728,closed,target,20280.0,20276.0,20279.75,20276.25,20300.0,20276.0,4.0,3.5,3.0,60.0,10.0,0.5,1.0,1.0,2.0,2024-09-06 13:49:00+00:00,2024-09-06 13:49:00+00:00,2024-09-06 13:50:00+00:00,2024-09-06 13:50:00+00:00,pullback_short_open_fa4d3938b097,-1,market,0.0,1,1,20,4,27480.0
595745,595746,595746,595746,closed,target,20178.0,20174.0,20177.75,20174.25,20198.0,20174.0,4.0,3.5,3.0,60.0,10.0,0.5,1.0,1.0,19.0,2024-09-06 14:07:00+00:00,2024-09-06 14:07:00+00:00,2024-09-06 14:08:00+00:00,2024-09-06 14:08:00+00:00,pullback_short_open_fa4d3938b097,-1,market,0.0,1,1,20,4,27540.0
595748,595749,595749,595749,closed,target,20197.0,20193.0,20196.75,20193.25,20217.0,20193.0,4.0,3.5,3.0,60.0,10.0,0.5,1.0,1.0,19.5,2024-09-06 14:10:00+00:00,2024-09-06 14:10:00+00:00,2024-09-06 14:11:00+00:00,2024-09-06 14:11:00+00:00,pullback_short_open_fa4d3938b097,-1,market,0.0,1,1,20,4,27600.0
595778,595779,595779,595779,closed,target,20051.0,20047.0,20050.75,20047.25,20071.0,20047.0,4.0,3.5,3.0,60.0,10.0,0.5,1.0,1.0,1.0,2024-09-06 14:40:00+00:00,2024-09-06 14:40:00+00:00,2024-09-06 14:41:00+00:00,2024-09-06 14:41:00+00:00,pullback_short_open_fa4d3938b097,-1,market,0.0,1,1,20,4,27660.0
597127,597128,597128,597128,closed,target,20074.75,20070.75,20074.5,20071.0,20094.75,20070.75,4.0,3.5,3.0,60.0,10.0,0.5,1.0,1.0,4.75,2024-09-09 14:24:00+00:00,2024-09-09 14:24:00+00:00,2024-09-09 14:25:00+00:00,2024-09-09 14:25:00+00:00,pullback_short_open_fa4d3938b097,-1,market,0.0,1,1,20,4,27720.0
597156,597157,597157,597157,closed,timeout,19988.25,19995.0,19988.0,19995.25,20008.25,19984.25,-6.75,-7.25,-7.75,-155.0,10.0,0.5,1.0,1.0,9.0,2024-09-09 14:53:00+00:00,2024-09-09 14:53:00+00:00,2024-09-09 14:54:00+00:00,2024-09-09 14:54:00+00:00,pullback_short_open_fa4d3938b097,-1,market,0.0,1,1,20,4,27565.0
597160,597161,597161,597161,closed,target,19991.75,19987.75,19991.5,19988.0,20011.75,19987.75,4.0,3.5,3.0,60.0,10.0,0.5,1.0,1.0,2.25,2024-09-09 14:57:00+00:00,2024-09-09 14:57:00+00:00,2024-09-09 14:58:00+00:00,2024-09-09 14:58:00+00:00,pullback_short_open_fa4d3938b097,-1,market,0.0,1,1,20,4,27625.0
598496,598497,598497,598497,closed,target,20177.0,20173.0,20176.75,20173.25,20197.0,20173.0,4.0,3.5,3.0,60.0,10.0,0.5,1.0,1.0,7.75,2024-09-10 14:28:00+00:00,2024-09-10 14:28:00+00:00,2024-09-10 14:29:00+00:00,2024-09-10 14:29:00+00:00,pullback_short_open_fa4d3938b097,-1,market,0.0,1,1,20,4,27685.0
599806,599807,599807,599807,closed,stop,20315.5,20335.5,20315.25,20335.75,20335.5,20311.5,-20.0,-20.5,-21.0,-420.0,10.0,0.5,1.0,1.0,24.25,2024-09-11 13:33:00+00:00,2024-09-11 13:33:00+00:00,2024-09-11 13:34:00+00:00,2024-09-11 13:34:00+00:00,pullback_short_open_fa4d3938b097,-1,market,0.0,1,1,20,4,27265.0
599817,599818,599818,599818,closed,stop,20262.75,20282.75,20262.5,20283.0,20282.75,20258.75,-20.0,-20.5,-21.0,-420.0,10.0,0.5,1.0,1.0,24.75,2024-09-11 13:44:00+00:00,2024-09-11 13:44:00+00:00,2024-09-11 13:45:00+00:00,2024-09-11 13:45:00+00:00,pullback_short_open_fa4d3938b097,-1,market,0.0,1,1,20,4,26845.0
599819,599820,599820,599820,closed,target,20263.0,20259.0,20262.75,20259.25,20283.0,20259.0,4.0,3.5,3.0,60.0,10.0,0.5,1.0,1.0,4.75,2024-09-11 13:46:00+00:00,2024-09-11 13:46:00+00:00,2024-09-11 13:47:00+00:00,2024-09-11 13:47:00+00:00,pullback_short_open_fa4d3938b097,-1,market,0.0,1,1,20,4,26905.0
599823,599824,599824,599824,closed,target,20243.25,20239.25,20243.0,20239.5,20263.25,20239.25,4.0,3.5,3.0,60.0,10.0,0.5,1.0,1.0,4.75,2024-09-11 13:50:00+00:00,2024-09-11 13:50:00+00:00,2024-09-11 13:51:00+00:00,2024-09-11 13:51:00+00:00,pullback_short_open_fa4d3938b097,-1,market,0.0,1,1,20,4,26965.0
599831,599832,599832,599832,closed,target,20233.25,20229.25,20233.0,20229.5,20253.25,20229.25,4.0,3.5,3.0,60.0,10.0,0.5,1.0,1.0,7.0,2024-09-11 13:58:00+00:00,2024-09-11 13:58:00+00:00,2024-09-11 13:59:00+00:00,2024-09-11 13:59:00+00:00,pullback_short_open_fa4d3938b097,-1,market,0.0,1,1,20,4,27025.0
599836,599837,599837,599837,closed,timeout,20212.0,20224.25,20211.75,20224.5,20232.0,20208.0,-12.25,-12.75,-13.25,-265.0,10.0,0.5,1.0,1.0,15.75,2024-09-11 14:03:00+00:00,2024-09-11 14:03:00+00:00,2024-09-11 14:04:00+00:00,2024-09-11 14:04:00+00:00,pullback_short_open_fa4d3938b097,-1,market,0.0,1,1,20,4,26760.0
599839,599840,599840,599840,closed,target,20227.5,20223.5,20227.25,20223.75,20247.5,20223.5,4.0,3.5,3.0,60.0,10.0,0.5,1.0,1.0,7.75,2024-09-11 14:06:00+00:00,2024-09-11 14:06:00+00:00,2024-09-11 14:07:00+00:00,2024-09-11 14:07:00+00:00,pullback_short_open_fa4d3938b097,-1,market,0.0,1,1,20,4,26820.0
599853,599854,599854,599854,closed,target,20099.75,20095.75,20099.5,20096.0,20119.75,20095.75,4.0,3.5,3.0,60.0,10.0,0.5,1.0,1.0,5.25,2024-09-11 14:20:00+00:00,2024-09-11 14:20:00+00:00,2024-09-11 14:21:00+00:00,2024-09-11 14:21:00+00:00,pullback_short_open_fa4d3938b097,-1,market,0.0,1,1,20,4,26880.0
599891,599892,599892,599892,closed,target,19995.75,19991.75,19995.5,19992.0,20015.75,19991.75,4.0,3.5,3.0,60.0,10.0,0.5,1.0,1.0,10.0,2024-09-11 14:58:00+00:00,2024-09-11 14:58:00+00:00,2024-09-11 14:59:00+00:00,2024-09-11 14:59:00+00:00,pullback_short_open_fa4d3938b097,-1,market,0.0,1,1,20,4,26940.0
601174,601175,601175,601175,closed,target,20690.25,20686.25,20690.0,20686.5,20710.25,20686.25,4.0,3.5,3.0,60.0,10.0,0.5,1.0,1.0,6.0,2024-09-12 13:36:00+00:00,2024-09-12 13:36:00+00:00,2024-09-12 13:37:00+00:00,2024-09-12 13:37:00+00:00,pullback_short_open_fa4d3938b097,-1,market,0.0,1,1,20,4,27000.0
601196,601197,601197,601197,closed,timeout,20662.75,20673.5,20662.5,20673.75,20682.75,20658.75,-10.75,-11.25,-11.75,-235.0,10.0,0.5,1.0,1.0,14.5,2024-09-12 13:58:00+00:00,2024-09-12 13:58:00+00:00,2024-09-12 13:59:00+00:00,2024-09-12 13:59:00+00:00,pullback_short_open_fa4d3938b097,-1,market,0.0,1,1,20,4,26765.0
601235,601236,601236,601236,closed,stop,20714.5,20734.5,20714.25,20734.75,20734.5,20710.5,-20.0,-20.5,-21.0,-420.0,10.0,0.5,1.0,1.0,22.25,2024-09-12 14:37:00+00:00,2024-09-12 14:37:00+00:00,2024-09-12 14:38:00+00:00,2024-09-12 14:38:00+00:00,pullback_short_open_fa4d3938b097,-1,market,0.0,1,1,20,4,26345.0
601238,601239,601239,601239,closed,stop,20731.75,20751.75,20731.5,20752.0,20751.75,20727.75,-20.0,-20.5,-21.0,-420.0,10.0,0.5,1.0,1.0,28.25,2024-09-12 14:40:00+00:00,2024-09-12 14:40:00+00:00,2024-09-12 14:41:00+00:00,2024-09-12 14:41:00+00:00,pullback_short_open_fa4d3938b097,-1,market,0.0,1,1,20,4,25925.0
601240,601241,601241,601241,closed,stop,20733.25,20753.25,20733.0,20753.5,20753.25,20729.25,-20.0,-20.5,-21.0,-420.0,10.0,0.5,1.0,1.0,21.0,2024-09-12 14:42:00+00:00,2024-09-12 14:42:00+00:00,2024-09-12 14:43:00+00:00,2024-09-12 14:43:00+00:00,pullback_short_open_fa4d3938b097,-1,market,0.0,1,1,20,4,25505.0
602534,602535,602535,602535,closed,target,20843.25,20839.25,20843.0,20839.5,20863.25,20839.25,4.0,3.5,3.0,60.0,10.0,0.5,1.0,1.0,18.75,2024-09-13 13:32:00+00:00,2024-09-13 13:32:00+00:00,2024-09-13 13:33:00+00:00,2024-09-13 13:33:00+00:00,pullback_short_open_fa4d3938b097,-1,market,0.0,1,1,20,4,25565.0
602596,602597,602597,602597,closed,target,20884.0,20880.0,20883.75,20880.25,20904.0,20880.0,4.0,3.5,3.0,60.0,10.0,0.5,1.0,1.0,7.5,2024-09-13 14:34:00+00:00,2024-09-13 14:34:00+00:00,2024-09-13 14:35:00+00:00,2024-09-13 14:35:00+00:00,pullback_short_open_fa4d3938b097,-1,market,0.0,1,1,20,4,25625.0
602600,602601,602601,602601,closed,timeout,20896.75,20903.25,20896.5,20903.5,20916.75,20892.75,-6.5,-7.0,-7.5,-150.0,10.0,0.5,1.0,1.0,6.75,2024-09-13 14:38:00+00:00,2024-09-13 14:38:00+00:00,2024-09-13 14:39:00+00:00,2024-09-13 14:39:00+00:00,pullback_short_open_fa4d3938b097,-1,market,0.0,1,1,20,4,25475.0
603906,603907,603907,603907,closed,stop,20799.75,20819.75,20799.5,20820.0,20819.75,20795.75,-20.0,-20.5,-21.0,-420.0,10.0,0.5,1.0,1.0,26.0,2024-09-16 13:47:00+00:00,2024-09-16 13:47:00+00:00,2024-09-16 13:48:00+00:00,2024-09-16 13:48:00+00:00,pullback_short_open_fa4d3938b097,-1,market,0.0,1,1,20,4,25055.0
603958,603959,603959,603959,closed,timeout,20760.0,20768.75,20759.75,20769.0,20780.0,20756.0,-8.75,-9.25,-9.75,-195.0,10.0,0.5,1.0,1.0,9.75,2024-09-16 14:39:00+00:00,2024-09-16 14:39:00+00:00,2024-09-16 14:40:00+00:00,2024-09-16 14:40:00+00:00,pullback_short_open_fa4d3938b097,-1,market,0.0,1,1,20,4,24860.0
603962,603963,603963,603963,closed,target,20780.0,20776.0,20779.75,20776.25,20800.0,20776.0,4.0,3.5,3.0,60.0,10.0,0.5,1.0,1.0,8.5,2024-09-16 14:43:00+00:00,2024-09-16 14:43:00+00:00,2024-09-16 14:44:00+00:00,2024-09-16 14:44:00+00:00,pullback_short_open_fa4d3938b097,-1,market,0.0,1,1,20,4,24920.0
603963,603964,603964,603964,closed,timeout,20772.25,20783.5,20772.0,20783.75,20792.25,20768.25,-11.25,-11.75,-12.25,-245.0,10.0,0.5,1.0,1.0,17.0,2024-09-16 14:44:00+00:00,2024-09-16 14:44:00+00:00,2024-09-16 14:45:00+00:00,2024-09-16 14:45:00+00:00,pullback_short_open_fa4d3938b097,-1,market,0.0,1,1,20,4,24675.0
605262,605263,605263,605263,closed,target,20971.5,20967.5,20971.25,20967.75,20991.5,20967.5,4.0,3.5,3.0,60.0,10.0,0.5,1.0,1.0,11.0,2024-09-17 13:38:00+00:00,2024-09-17 13:38:00+00:00,2024-09-17 13:39:00+00:00,2024-09-17 13:39:00+00:00,pullback_short_open_fa4d3938b097,-1,market,0.0,1,1,20,4,24735.0
605276,605277,605277,605277,closed,target,20947.25,20943.25,20947.0,20943.5,20967.25,20943.25,4.0,3.5,3.0,60.0,10.0,0.5,1.0,1.0,3.25,2024-09-17 13:52:00+00:00,2024-09-17 13:52:00+00:00,2024-09-17 13:53:00+00:00,2024-09-17 13:53:00+00:00,pullback_short_open_fa4d3938b097,-1,market,0.0,1,1,20,4,24795.0
605281,605282,605282,605282,closed,timeout,20935.5,20948.75,20935.25,20949.0,20955.5,20931.5,-13.25,-13.75,-14.25,-285.0,10.0,0.5,1.0,1.0,14.0,2024-09-17 13:57:00+00:00,2024-09-17 13:57:00+00:00,2024-09-17 13:58:00+00:00,2024-09-17 13:58:00+00:00,pullback_short_open_fa4d3938b097,-1,market,0.0,1,1,20,4,24510.0
605285,605286,605286,605286,closed,target,20947.0,20943.0,20946.75,20943.25,20967.0,20943.0,4.0,3.5,3.0,60.0,10.0,0.5,1.0,1.0,11.75,2024-09-17 14:01:00+00:00,2024-09-17 14:01:00+00:00,2024-09-17 14:02:00+00:00,2024-09-17 14:02:00+00:00,pullback_short_open_fa4d3938b097,-1,market,0.0,1,1,20,4,24570.0
606632,606633,606633,606633,closed,target,20896.75,20892.75,20896.5,20893.0,20916.75,20892.75,4.0,3.5,3.0,60.0,10.0,0.5,1.0,1.0,10.5,2024-09-18 13:44:00+00:00,2024-09-18 13:44:00+00:00,2024-09-18 13:45:00+00:00,2024-09-18 13:45:00+00:00,pullback_short_open_fa4d3938b097,-1,market,0.0,1,1,20,4,24630.0
606662,606663,606663,606663,closed,stop,20866.5,20886.5,20866.25,20886.75,20886.5,20862.5,-20.0,-20.5,-21.0,-420.0,10.0,0.5,1.0,1.0,20.75,2024-09-18 14:14:00+00:00,2024-09-18 14:14:00+00:00,2024-09-18 14:15:00+00:00,2024-09-18 14:15:00+00:00,pullback_short_open_fa4d3938b097,-1,market,0.0,1,1,20,4,24210.0
606665,606666,606666,606666,closed,target,20877.0,20873.0,20876.75,20873.25,20897.0,20873.0,4.0,3.5,3.0,60.0,10.0,0.5,1.0,1.0,6.75,2024-09-18 14:17:00+00:00,2024-09-18 14:17:00+00:00,2024-09-18 14:18:00+00:00,2024-09-18 14:18:00+00:00,pullback_short_open_fa4d3938b097,-1,market,0.0,1,1,20,4,24270.0
606667,606668,606668,606668,closed,target,20868.75,20864.75,20868.5,20865.0,20888.75,20864.75,4.0,3.5,3.0,60.0,10.0,0.5,1.0,1.0,4.25,2024-09-18 14:19:00+00:00,2024-09-18 14:19:00+00:00,2024-09-18 14:20:00+00:00,2024-09-18 14:20:00+00:00,pullback_short_open_fa4d3938b097,-1,market,0.0,1,1,20,4,24330.0
608064,608065,608065,608065,closed,target,21297.0,21293.0,21296.75,21293.25,21317.0,21293.0,4.0,3.5,3.0,60.0,10.0,0.5,1.0,1.0,5.0,2024-09-19 14:51:00+00:00,2024-09-19 14:51:00+00:00,2024-09-19 14:52:00+00:00,2024-09-19 14:52:00+00:00,pullback_short_open_fa4d3938b097,-1,market,0.0,1,1,20,4,24390.0
608065,608066,608066,608066,closed,target,21290.75,21286.75,21290.5,21287.0,21310.75,21286.75,4.0,3.5,3.0,60.0,10.0,0.5,1.0,1.0,5.25,2024-09-19 14:52:00+00:00,2024-09-19 14:52:00+00:00,2024-09-19 14:53:00+00:00,2024-09-19 14:53:00+00:00,pullback_short_open_fa4d3938b097,-1,market,0.0,1,1,20,4,24450.0
609378,609379,609379,609379,closed,stop,21194.0,21214.0,21193.75,21214.25,21214.0,21190.0,-20.0,-20.5,-21.0,-420.0,10.0,0.5,1.0,1.0,25.5,2024-09-20 14:03:00+00:00,2024-09-20 14:03:00+00:00,2024-09-20 14:04:00+00:00,2024-09-20 14:04:00+00:00,pullback_short_open_fa4d3938b097,-1,market,0.0,1,1,20,4,24030.0
609383,609384,609384,609384,closed,timeout,21210.5,21219.25,21210.25,21219.5,21230.5,21206.5,-8.75,-9.25,-9.75,-195.0,10.0,0.5,1.0,1.0,9.75,2024-09-20 14:08:00+00:00,2024-09-20 14:08:00+00:00,2024-09-20 14:09:00+00:00,2024-09-20 14:09:00+00:00,pullback_short_open_fa4d3938b097,-1,market,0.0,1,1,20,4,23835.0
609434,609435,609435,609435,closed,target,21142.25,21138.25,21142.0,21138.5,21162.25,21138.25,4.0,3.5,3.0,60.0,10.0,0.5,1.0,1.0,0.25,2024-09-20 14:59:00+00:00,2024-09-20 14:59:00+00:00,2024-09-20 15:00:00+00:00,2024-09-20 15:00:00+00:00,pullback_short_open_fa4d3938b097,-1,market,0.0,1,1,20,4,23895.0
610715,610716,610716,610716,closed,target,21250.75,21246.75,21250.5,21247.0,21270.75,21246.75,4.0,3.5,3.0,60.0,10.0,0.5,1.0,1.0,1.75,2024-09-23 13:35:00+00:00,2024-09-23 13:35:00+00:00,2024-09-23 13:36:00+00:00,2024-09-23 13:36:00+00:00,pullback_short_open_fa4d3938b097,-1,market,0.0,1,1,20,4,23955.0
610722,610723,610723,610723,closed,timeout,21244.25,21249.25,21244.0,21249.5,21264.25,21240.25,-5.0,-5.5,-6.0,-120.0,10.0,0.5,1.0,1.0,7.5,2024-09-23 13:42:00+00:00,2024-09-23 13:42:00+00:00,2024-09-23 13:43:00+00:00,2024-09-23 13:43:00+00:00,pullback_short_open_fa4d3938b097,-1,market,0.0,1,1,20,4,23835.0
612081,612082,612082,612082,closed,target,21311.5,21307.5,21311.25,21307.75,21331.5,21307.5,4.0,3.5,3.0,60.0,10.0,0.5,1.0,1.0,6.5,2024-09-24 13:36:00+00:00,2024-09-24 13:36:00+00:00,2024-09-24 13:37:00+00:00,2024-09-24 13:37:00+00:00,pullback_short_open_fa4d3938b097,-1,market,0.0,1,1,20,4,23895.0
612082,612083,612083,612083,closed,timeout,21305.25,21322.0,21305.0,21322.25,21325.25,21301.25,-16.75,-17.25,-17.75,-355.0,10.0,0.5,1.0,1.0,17.25,2024-09-24 13:37:00+00:00,2024-09-24 13:37:00+00:00,2024-09-24 13:38:00+00:00,2024-09-24 13:38:00+00:00,pullback_short_open_fa4d3938b097,-1,market,0.0,1,1,20,4,23540.0
612084,612085,612085,612085,closed,timeout,21316.5,21317.0,21316.25,21317.25,21336.5,21312.5,-0.5,-1.0,-1.5,-30.0,10.0,0.5,1.0,1.0,11.25,2024-09-24 13:39:00+00:00,2024-09-24 13:39:00+00:00,2024-09-24 13:40:00+00:00,2024-09-24 13:40:00+00:00,pullback_short_open_fa4d3938b097,-1,market,0.0,1,1,20,4,23510.0
612090,612091,612091,612091,closed,target,21303.5,21299.5,21303.25,21299.75,21323.5,21299.5,4.0,3.5,3.0,60.0,10.0,0.5,1.0,1.0,10.5,2024-09-24 13:45:00+00:00,2024-09-24 13:45:00+00:00,2024-09-24 13:46:00+00:00,2024-09-24 13:46:00+00:00,pullback_short_open_fa4d3938b097,-1,market,0.0,1,1,20,4,23570.0
612094,612095,612095,612095,closed,target,21308.25,21304.25,21308.0,21304.5,21328.25,21304.25,4.0,3.5,3.0,60.0,10.0,0.5,1.0,1.0,2.25,2024-09-24 13:49:00+00:00,2024-09-24 13:49:00+00:00,2024-09-24 13:50:00+00:00,2024-09-24 13:50:00+00:00,pullback_short_open_fa4d3938b097,-1,market,0.0,1,1,20,4,23630.0
612112,612113,612113,612113,closed,target,21201.0,21197.0,21200.75,21197.25,21221.0,21197.0,4.0,3.5,3.0,60.0,10.0,0.5,1.0,1.0,15.25,2024-09-24 14:07:00+00:00,2024-09-24 14:07:00+00:00,2024-09-24 14:08:00+00:00,2024-09-24 14:08:00+00:00,pullback_short_open_fa4d3938b097,-1,market,0.0,1,1,20,4,23690.0
612114,612115,612115,612115,closed,target,21208.25,21204.25,21208.0,21204.5,21228.25,21204.25,4.0,3.5,3.0,60.0,10.0,0.5,1.0,1.0,16.75,2024-09-24 14:09:00+00:00,2024-09-24 14:09:00+00:00,2024-09-24 14:10:00+00:00,2024-09-24 14:10:00+00:00,pullback_short_open_fa4d3938b097,-1,market,0.0,1,1,20,4,23750.0
612119,612120,612120,612120,closed,target,21232.0,21228.0,21231.75,21228.25,21252.0,21228.0,4.0,3.5,3.0,60.0,10.0,0.5,1.0,1.0,3.5,2024-09-24 14:14:00+00:00,2024-09-24 14:14:00+00:00,2024-09-24 14:15:00+00:00,2024-09-24 14:15:00+00:00,pullback_short_open_fa4d3938b097,-1,market,0.0,1,1,20,4,23810.0
612120,612121,612121,612121,closed,target,21220.75,21216.75,21220.5,21217.0,21240.75,21216.75,4.0,3.5,3.0,60.0,10.0,0.5,1.0,1.0,8.0,2024-09-24 14:15:00+00:00,2024-09-24 14:15:00+00:00,2024-09-24 14:16:00+00:00,2024-09-24 14:16:00+00:00,pullback_short_open_fa4d3938b097,-1,market,0.0,1,1,20,4,23870.0
612134,612135,612135,612135,closed,target,21185.5,21181.5,21185.25,21181.75,21205.5,21181.5,4.0,3.5,3.0,60.0,10.0,0.5,1.0,1.0,6.75,2024-09-24 14:29:00+00:00,2024-09-24 14:29:00+00:00,2024-09-24 14:30:00+00:00,2024-09-24 14:30:00+00:00,pullback_short_open_fa4d3938b097,-1,market,0.0,1,1,20,4,23930.0
612138,612139,612139,612139,closed,timeout,21192.75,21201.75,21192.5,21202.0,21212.75,21188.75,-9.0,-9.5,-10.0,-200.0,10.0,0.5,1.0,1.0,13.75,2024-09-24 14:33:00+00:00,2024-09-24 14:33:00+00:00,2024-09-24 14:34:00+00:00,2024-09-24 14:34:00+00:00,pullback_short_open_fa4d3938b097,-1,market,0.0,1,1,20,4,23730.0
612140,612141,612141,612141,closed,target,21193.25,21189.25,21193.0,21189.5,21213.25,21189.25,4.0,3.5,3.0,60.0,10.0,0.5,1.0,1.0,8.5,2024-09-24 14:35:00+00:00,2024-09-24 14:35:00+00:00,2024-09-24 14:36:00+00:00,2024-09-24 14:36:00+00:00,pullback_short_open_fa4d3938b097,-1,market,0.0,1,1,20,4,23790.0
613516,613517,613517,613517,closed,target,21425.25,21421.25,21425.0,21421.5,21445.25,21421.25,4.0,3.5,3.0,60.0,10.0,0.5,1.0,1.0,5.0,2024-09-25 14:46:00+00:00,2024-09-25 14:46:00+00:00,2024-09-25 14:47:00+00:00,2024-09-25 14:47:00+00:00,pullback_short_open_fa4d3938b097,-1,market,0.0,1,1,20,4,23850.0
613518,613519,613519,613519,closed,target,21426.5,21422.5,21426.25,21422.75,21446.5,21422.5,4.0,3.5,3.0,60.0,10.0,0.5,1.0,1.0,0.25,2024-09-25 14:48:00+00:00,2024-09-25 14:48:00+00:00,2024-09-25 14:49:00+00:00,2024-09-25 14:49:00+00:00,pullback_short_open_fa4d3938b097,-1,market,0.0,1,1,20,4,23910.0
613528,613529,613529,613529,closed,timeout,21422.75,21424.75,21422.5,21425.0,21442.75,21418.75,-2.0,-2.5,-3.0,-60.0,10.0,0.5,1.0,1.0,6.0,2024-09-25 14:58:00+00:00,2024-09-25 14:58:00+00:00,2024-09-25 14:59:00+00:00,2024-09-25 14:59:00+00:00,pullback_short_open_fa4d3938b097,-1,market,0.0,1,1,20,4,23850.0
614815,614816,614816,614816,closed,target,21643.5,21639.5,21643.25,21639.75,21663.5,21639.5,4.0,3.5,3.0,60.0,10.0,0.5,1.0,1.0,1.25,2024-09-26 13:40:00+00:00,2024-09-26 13:40:00+00:00,2024-09-26 13:41:00+00:00,2024-09-26 13:41:00+00:00,pullback_short_open_fa4d3938b097,-1,market,0.0,1,1,20,4,23910.0
614822,614823,614823,614823,closed,target,21634.5,21630.5,21634.25,21630.75,21654.5,21630.5,4.0,3.5,3.0,60.0,10.0,0.5,1.0,1.0,10.0,2024-09-26 13:47:00+00:00,2024-09-26 13:47:00+00:00,2024-09-26 13:48:00+00:00,2024-09-26 13:48:00+00:00,pullback_short_open_fa4d3938b097,-1,market,0.0,1,1,20,4,23970.0
614826,614827,614827,614827,closed,target,21613.5,21609.5,21613.25,21609.75,21633.5,21609.5,4.0,3.5,3.0,60.0,10.0,0.5,1.0,1.0,6.0,2024-09-26 13:51:00+00:00,2024-09-26 13:51:00+00:00,2024-09-26 13:52:00+00:00,2024-09-26 13:52:00+00:00,pullback_short_open_fa4d3938b097,-1,market,0.0,1,1,20,4,24030.0
614829,614830,614830,614830,closed,target,21618.5,21614.5,21618.25,21614.75,21638.5,21614.5,4.0,3.5,3.0,60.0,10.0,0.5,1.0,1.0,3.5,2024-09-26 13:54:00+00:00,2024-09-26 13:54:00+00:00,2024-09-26 13:55:00+00:00,2024-09-26 13:55:00+00:00,pullback_short_open_fa4d3938b097,-1,market,0.0,1,1,20,4,24090.0
614842,614843,614843,614843,closed,target,21595.25,21591.25,21595.0,21591.5,21615.25,21591.25,4.0,3.5,3.0,60.0,10.0,0.5,1.0,1.0,11.0,2024-09-26 14:07:00+00:00,2024-09-26 14:07:00+00:00,2024-09-26 14:08:00+00:00,2024-09-26 14:08:00+00:00,pullback_short_open_fa4d3938b097,-1,market,0.0,1,1,20,4,24150.0
614843,614844,614844,614844,closed,timeout,21591.75,21596.5,21591.5,21596.75,21611.75,21587.75,-4.75,-5.25,-5.75,-115.0,10.0,0.5,1.0,1.0,9.75,2024-09-26 14:08:00+00:00,2024-09-26 14:08:00+00:00,2024-09-26 14:09:00+00:00,2024-09-26 14:09:00+00:00,pullback_short_open_fa4d3938b097,-1,market,0.0,1,1,20,4,24035.0
614849,614850,614850,614850,closed,target,21599.5,21595.5,21599.25,21595.75,21619.5,21595.5,4.0,3.5,3.0,60.0,10.0,0.5,1.0,1.0,7.25,2024-09-26 14:14:00+00:00,2024-09-26 14:14:00+00:00,2024-09-26 14:15:00+00:00,2024-09-26 14:15:00+00:00,pullback_short_open_fa4d3938b097,-1,market,0.0,1,1,20,4,24095.0
614855,614856,614856,614856,closed,target,21598.0,21594.0,21597.75,21594.25,21618.0,21594.0,4.0,3.5,3.0,60.0,10.0,0.5,1.0,1.0,3.0,2024-09-26 14:20:00+00:00,2024-09-26 14:20:00+00:00,2024-09-26 14:21:00+00:00,2024-09-26 14:21:00+00:00,pullback_short_open_fa4d3938b097,-1,market,0.0,1,1,20,4,24155.0
614856,614857,614857,614857,closed,target,21591.0,21587.0,21590.75,21587.25,21611.0,21587.0,4.0,3.5,3.0,60.0,10.0,0.5,1.0,1.0,6.5,2024-09-26 14:21:00+00:00,2024-09-26 14:21:00+00:00,2024-09-26 14:22:00+00:00,2024-09-26 14:22:00+00:00,pullback_short_open_fa4d3938b097,-1,market,0.0,1,1,20,4,24215.0
614876,614877,614877,614877,closed,target,21545.75,21541.75,21545.5,21542.0,21565.75,21541.75,4.0,3.5,3.0,60.0,10.0,0.5,1.0,1.0,1.0,2024-09-26 14:41:00+00:00,2024-09-26 14:41:00+00:00,2024-09-26 14:42:00+00:00,2024-09-26 14:42:00+00:00,pullback_short_open_fa4d3938b097,-1,market,0.0,1,1,20,4,24275.0
614893,614894,614894,614894,closed,timeout,21417.75,21421.0,21417.5,21421.25,21437.75,21413.75,-3.25,-3.75,-4.25,-85.0,10.0,0.5,1.0,1.0,7.25,2024-09-26 14:58:00+00:00,2024-09-26 14:58:00+00:00,2024-09-26 14:59:00+00:00,2024-09-26 14:59:00+00:00,pullback_short_open_fa4d3938b097,-1,market,0.0,1,1,20,4,24190.0
616170,616171,616171,616171,closed,target,21575.5,21571.5,21575.25,21571.75,21595.5,21571.5,4.0,3.5,3.0,60.0,10.0,0.5,1.0,1.0,5.75,2024-09-27 13:30:00+00:00,2024-09-27 13:30:00+00:00,2024-09-27 13:31:00+00:00,2024-09-27 13:31:00+00:00,pullback_short_open_fa4d3938b097,-1,market,0.0,1,1,20,4,24250.0
616175,616176,616176,616176,closed,target,21557.0,21553.0,21556.75,21553.25,21577.0,21553.0,4.0,3.5,3.0,60.0,10.0,0.5,1.0,1.0,6.0,2024-09-27 13:35:00+00:00,2024-09-27 13:35:00+00:00,2024-09-27 13:36:00+00:00,2024-09-27 13:36:00+00:00,pullback_short_open_fa4d3938b097,-1,market,0.0,1,1,20,4,24310.0
616180,616181,616181,616181,closed,target,21526.75,21522.75,21526.5,21523.0,21546.75,21522.75,4.0,3.5,3.0,60.0,10.0,0.5,1.0,1.0,2.75,2024-09-27 13:40:00+00:00,2024-09-27 13:40:00+00:00,2024-09-27 13:41:00+00:00,2024-09-27 13:41:00+00:00,pullback_short_open_fa4d3938b097,-1,market,0.0,1,1,20,4,24370.0
616216,616217,616217,616217,closed,target,21511.75,21507.75,21511.5,21508.0,21531.75,21507.75,4.0,3.5,3.0,60.0,10.0,0.5,1.0,1.0,5.25,2024-09-27 14:16:00+00:00,2024-09-27 14:16:00+00:00,2024-09-27 14:17:00+00:00,2024-09-27 14:17:00+00:00,pullback_short_open_fa4d3938b097,-1,market,0.0,1,1,20,4,24430.0
616225,616226,616226,616226,closed,timeout,21511.0,21512.5,21510.75,21512.75,21531.0,21507.0,-1.5,-2.0,-2.5,-50.0,10.0,0.5,1.0,1.0,13.5,2024-09-27 14:25:00+00:00,2024-09-27 14:25:00+00:00,2024-09-27 14:26:00+00:00,2024-09-27 14:26:00+00:00,pullback_short_open_fa4d3938b097,-1,market,0.0,1,1,20,4,24380.0
616249,616250,616250,616250,closed,target,21516.75,21512.75,21516.5,21513.0,21536.75,21512.75,4.0,3.5,3.0,60.0,10.0,0.5,1.0,1.0,0.25,2024-09-27 14:49:00+00:00,2024-09-27 14:49:00+00:00,2024-09-27 14:50:00+00:00,2024-09-27 14:50:00+00:00,pullback_short_open_fa4d3938b097,-1,market,0.0,1,1,20,4,24440.0
617536,617537,617537,617537,closed,stop,21372.25,21392.25,21372.0,21392.5,21392.25,21368.25,-20.0,-20.5,-21.0,-420.0,10.0,0.5,1.0,1.0,46.75,2024-09-30 13:31:00+00:00,2024-09-30 13:31:00+00:00,2024-09-30 13:32:00+00:00,2024-09-30 13:32:00+00:00,pullback_short_open_fa4d3938b097,-1,market,0.0,1,1,20,4,24020.0
617573,617574,617574,617574,closed,target,21385.25,21381.25,21385.0,21381.5,21405.25,21381.25,4.0,3.5,3.0,60.0,10.0,0.5,1.0,1.0,4.0,2024-09-30 14:08:00+00:00,2024-09-30 14:08:00+00:00,2024-09-30 14:09:00+00:00,2024-09-30 14:09:00+00:00,pullback_short_open_fa4d3938b097,-1,market,0.0,1,1,20,4,24080.0
617578,617579,617579,617579,closed,target,21388.0,21384.0,21387.75,21384.25,21408.0,21384.0,4.0,3.5,3.0,60.0,10.0,0.5,1.0,1.0,3.0,2024-09-30 14:13:00+00:00,2024-09-30 14:13:00+00:00,2024-09-30 14:14:00+00:00,2024-09-30 14:14:00+00:00,pullback_short_open_fa4d3938b097,-1,market,0.0,1,1,20,4,24140.0
617579,617580,617580,617580,closed,target,21381.0,21377.0,21380.75,21377.25,21401.0,21377.0,4.0,3.5,3.0,60.0,10.0,0.5,1.0,1.0,2.5,2024-09-30 14:14:00+00:00,2024-09-30 14:14:00+00:00,2024-09-30 14:15:00+00:00,2024-09-30 14:15:00+00:00,pullback_short_open_fa4d3938b097,-1,market,0.0,1,1,20,4,24200.0
617597,617598,617598,617598,closed,target,21381.0,21377.0,21380.75,21377.25,21401.0,21377.0,4.0,3.5,3.0,60.0,10.0,0.5,1.0,1.0,2.5,2024-09-30 14:32:00+00:00,2024-09-30 14:32:00+00:00,2024-09-30 14:33:00+00:00,2024-09-30 14:33:00+00:00,pullback_short_open_fa4d3938b097,-1,market,0.0,1,1,20,4,24260.0
618913,618914,618914,618914,closed,stop,21284.75,21304.75,21284.5,21305.0,21304.75,21280.75,-20.0,-20.5,-21.0,-420.0,10.0,0.5,1.0,1.0,23.25,2024-10-01 13:43:00+00:00,2024-10-01 13:43:00+00:00,2024-10-01 13:44:00+00:00,2024-10-01 13:44:00+00:00,pullback_short_open_fa4d3938b097,-1,market,0.0,1,1,20,4,23840.0
618932,618933,618933,618933,closed,target,21237.75,21233.75,21237.5,21234.0,21257.75,21233.75,4.0,3.5,3.0,60.0,10.0,0.5,1.0,1.0,0.75,2024-10-01 14:02:00+00:00,2024-10-01 14:02:00+00:00,2024-10-01 14:03:00+00:00,2024-10-01 14:03:00+00:00,pullback_short_open_fa4d3938b097,-1,market,0.0,1,1,20,4,23900.0
618933,618934,618934,618934,closed,target,21230.0,21226.0,21229.75,21226.25,21250.0,21226.0,4.0,3.5,3.0,60.0,10.0,0.5,1.0,1.0,0.75,2024-10-01 14:03:00+00:00,2024-10-01 14:03:00+00:00,2024-10-01 14:04:00+00:00,2024-10-01 14:04:00+00:00,pullback_short_open_fa4d3938b097,-1,market,0.0,1,1,20,4,23960.0
618936,618937,618937,618937,closed,target,21230.5,21226.5,21230.25,21226.75,21250.5,21226.5,4.0,3.5,3.0,60.0,10.0,0.5,1.0,1.0,2.0,2024-10-01 14:06:00+00:00,2024-10-01 14:06:00+00:00,2024-10-01 14:07:00+00:00,2024-10-01 14:07:00+00:00,pullback_short_open_fa4d3938b097,-1,market,0.0,1,1,20,4,24020.0
618945,618946,618946,618946,closed,target,21142.75,21138.75,21142.5,21139.0,21162.75,21138.75,4.0,3.5,3.0,60.0,10.0,0.5,1.0,1.0,1.5,2024-10-01 14:15:00+00:00,2024-10-01 14:15:00+00:00,2024-10-01 14:16:00+00:00,2024-10-01 14:16:00+00:00,pullback_short_open_fa4d3938b097,-1,market,0.0,1,1,20,4,24080.0
618955,618956,618956,618956,closed,target,21153.5,21149.5,21153.25,21149.75,21173.5,21149.5,4.0,3.5,3.0,60.0,10.0,0.5,1.0,1.0,9.25,2024-10-01 14:25:00+00:00,2024-10-01 14:25:00+00:00,2024-10-01 14:26:00+00:00,2024-10-01 14:26:00+00:00,pullback_short_open_fa4d3938b097,-1,market,0.0,1,1,20,4,24140.0
618956,618957,618957,618957,closed,target,21145.5,21141.5,21145.25,21141.75,21165.5,21141.5,4.0,3.5,3.0,60.0,10.0,0.5,1.0,1.0,7.0,2024-10-01 14:26:00+00:00,2024-10-01 14:26:00+00:00,2024-10-01 14:27:00+00:00,2024-10-01 14:27:00+00:00,pullback_short_open_fa4d3938b097,-1,market,0.0,1,1,20,4,24200.0
618966,618967,618967,618967,closed,stop,21086.0,21106.0,21085.75,21106.25,21106.0,21082.0,-20.0,-20.5,-21.0,-420.0,10.0,0.5,1.0,1.0,39.0,2024-10-01 14:36:00+00:00,2024-10-01 14:36:00+00:00,2024-10-01 14:37:00+00:00,2024-10-01 14:37:00+00:00,pullback_short_open_fa4d3938b097,-1,market,0.0,1,1,20,4,23780.0
620276,620277,620277,620277,closed,target,21087.25,21083.25,21087.0,21083.5,21107.25,21083.25,4.0,3.5,3.0,60.0,10.0,0.5,1.0,1.0,3.5,2024-10-02 13:41:00+00:00,2024-10-02 13:41:00+00:00,2024-10-02 13:42:00+00:00,2024-10-02 13:42:00+00:00,pullback_short_open_fa4d3938b097,-1,market,0.0,1,1,20,4,23840.0
620287,620288,620288,620288,closed,timeout,21098.75,21106.5,21098.5,21106.75,21118.75,21094.75,-7.75,-8.25,-8.75,-175.0,10.0,0.5,1.0,1.0,16.0,2024-10-02 13:52:00+00:00,2024-10-02 13:52:00+00:00,2024-10-02 13:53:00+00:00,2024-10-02 13:53:00+00:00,pullback_short_open_fa4d3938b097,-1,market,0.0,1,1,20,4,23665.0
621697,621698,621698,621698,closed,target,21189.0,21185.0,21188.75,21185.25,21209.0,21185.0,4.0,3.5,3.0,60.0,10.0,0.5,1.0,1.0,3.0,2024-10-03 14:37:00+00:00,2024-10-03 14:37:00+00:00,2024-10-03 14:38:00+00:00,2024-10-03 14:38:00+00:00,pullback_short_open_fa4d3938b097,-1,market,0.0,1,1,20,4,23725.0
621698,621699,621699,621699,closed,timeout,21174.75,21178.75,21174.5,21179.0,21194.75,21170.75,-4.0,-4.5,-5.0,-100.0,10.0,0.5,1.0,1.0,14.25,2024-10-03 14:38:00+00:00,2024-10-03 14:38:00+00:00,2024-10-03 14:39:00+00:00,2024-10-03 14:39:00+00:00,pullback_short_open_fa4d3938b097,-1,market,0.0,1,1,20,4,23625.0
621706,621707,621707,621707,closed,stop,21139.5,21159.5,21139.25,21159.75,21159.5,21135.5,-20.0,-20.5,-21.0,-420.0,10.0,0.5,1.0,1.0,47.5,2024-10-03 14:46:00+00:00,2024-10-03 14:46:00+00:00,2024-10-03 14:47:00+00:00,2024-10-03 14:47:00+00:00,pullback_short_open_fa4d3938b097,-1,market,0.0,1,1,20,4,23205.0
623002,623003,623003,623003,closed,target,21415.0,21411.0,21414.75,21411.25,21435.0,21411.0,4.0,3.5,3.0,60.0,10.0,0.5,1.0,1.0,3.5,2024-10-04 13:37:00+00:00,2024-10-04 13:37:00+00:00,2024-10-04 13:38:00+00:00,2024-10-04 13:38:00+00:00,pullback_short_open_fa4d3938b097,-1,market,0.0,1,1,20,4,23265.0
623003,623004,623004,623004,closed,timeout,21411.0,21418.25,21410.75,21418.5,21431.0,21407.0,-7.25,-7.75,-8.25,-165.0,10.0,0.5,1.0,1.0,18.25,2024-10-04 13:38:00+00:00,2024-10-04 13:38:00+00:00,2024-10-04 13:39:00+00:00,2024-10-04 13:39:00+00:00,pullback_short_open_fa4d3938b097,-1,market,0.0,1,1,20,4,23100.0
623006,623007,623007,623007,closed,target,21411.25,21407.25,21411.0,21407.5,21431.25,21407.25,4.0,3.5,3.0,60.0,10.0,0.5,1.0,1.0,17.75,2024-10-04 13:41:00+00:00,2024-10-04 13:41:00+00:00,2024-10-04 13:42:00+00:00,2024-10-04 13:42:00+00:00,pullback_short_open_fa4d3938b097,-1,market,0.0,1,1,20,4,23160.0
623063,623064,623064,623064,closed,timeout,21247.75,21252.75,21247.5,21253.0,21267.75,21243.75,-5.0,-5.5,-6.0,-120.0,10.0,0.5,1.0,1.0,13.75,2024-10-04 14:38:00+00:00,2024-10-04 14:38:00+00:00,2024-10-04 14:39:00+00:00,2024-10-04 14:39:00+00:00,pullback_short_open_fa4d3938b097,-1,market,0.0,1,1,20,4,23040.0
623065,623066,623066,623066,closed,stop,21246.5,21266.5,21246.25,21266.75,21266.5,21242.5,-20.0,-20.5,-21.0,-420.0,10.0,0.5,1.0,1.0,35.0,2024-10-04 14:40:00+00:00,2024-10-04 14:40:00+00:00,2024-10-04 14:41:00+00:00,2024-10-04 14:41:00+00:00,pullback_short_open_fa4d3938b097,-1,market,0.0,1,1,20,4,22620.0
624388,624389,624389,624389,closed,target,21311.75,21307.75,21311.5,21308.0,21331.75,21307.75,4.0,3.5,3.0,60.0,10.0,0.5,1.0,1.0,4.5,2024-10-07 13:58:00+00:00,2024-10-07 13:58:00+00:00,2024-10-07 13:59:00+00:00,2024-10-07 13:59:00+00:00,pullback_short_open_fa4d3938b097,-1,market,0.0,1,1,20,4,22680.0
624389,624390,624390,624390,closed,target,21304.75,21300.75,21304.5,21301.0,21324.75,21300.75,4.0,3.5,3.0,60.0,10.0,0.5,1.0,1.0,6.0,2024-10-07 13:59:00+00:00,2024-10-07 13:59:00+00:00,2024-10-07 14:00:00+00:00,2024-10-07 14:00:00+00:00,pullback_short_open_fa4d3938b097,-1,market,0.0,1,1,20,4,22740.0
624392,624393,624393,624393,closed,target,21307.0,21303.0,21306.75,21303.25,21327.0,21303.0,4.0,3.5,3.0,60.0,10.0,0.5,1.0,1.0,15.25,2024-10-07 14:02:00+00:00,2024-10-07 14:02:00+00:00,2024-10-07 14:03:00+00:00,2024-10-07 14:03:00+00:00,pullback_short_open_fa4d3938b097,-1,market,0.0,1,1,20,4,22800.0
624443,624444,624444,624444,closed,timeout,21345.5,21347.0,21345.25,21347.25,21365.5,21341.5,-1.5,-2.0,-2.5,-50.0,10.0,0.5,1.0,1.0,5.75,2024-10-07 14:53:00+00:00,2024-10-07 14:53:00+00:00,2024-10-07 14:54:00+00:00,2024-10-07 14:54:00+00:00,pullback_short_open_fa4d3938b097,-1,market,0.0,1,1,20,4,22750.0
625780,625781,625781,625781,closed,target,21362.0,21358.0,21361.75,21358.25,21382.0,21358.0,4.0,3.5,3.0,60.0,10.0,0.5,1.0,1.0,13.5,2024-10-08 14:25:00+00:00,2024-10-08 14:25:00+00:00,2024-10-08 14:26:00+00:00,2024-10-08 14:26:00+00:00,pullback_short_open_fa4d3938b097,-1,market,0.0,1,1,20,4,22810.0
627095,627096,627096,627096,closed,target,21456.75,21452.75,21456.5,21453.0,21476.75,21452.75,4.0,3.5,3.0,60.0,10.0,0.5,1.0,1.0,0.75,2024-10-09 13:35:00+00:00,2024-10-09 13:35:00+00:00,2024-10-09 13:36:00+00:00,2024-10-09 13:36:00+00:00,pullback_short_open_fa4d3938b097,-1,market,0.0,1,1,20,4,22870.0
627099,627100,627100,627100,closed,timeout,21460.0,21467.25,21459.75,21467.5,21480.0,21456.0,-7.25,-7.75,-8.25,-165.0,10.0,0.5,1.0,1.0,12.5,2024-10-09 13:39:00+00:00,2024-10-09 13:39:00+00:00,2024-10-09 13:40:00+00:00,2024-10-09 13:40:00+00:00,pullback_short_open_fa4d3938b097,-1,market,0.0,1,1,20,4,22705.0
627103,627104,627104,627104,closed,target,21456.25,21452.25,21456.0,21452.5,21476.25,21452.25,4.0,3.5,3.0,60.0,10.0,0.5,1.0,1.0,5.5,2024-10-09 13:43:00+00:00,2024-10-09 13:43:00+00:00,2024-10-09 13:44:00+00:00,2024-10-09 13:44:00+00:00,pullback_short_open_fa4d3938b097,-1,market,0.0,1,1,20,4,22765.0
627173,627174,627174,627174,closed,target,21524.0,21520.0,21523.75,21520.25,21544.0,21520.0,4.0,3.5,3.0,60.0,10.0,0.5,1.0,1.0,3.75,2024-10-09 14:53:00+00:00,2024-10-09 14:53:00+00:00,2024-10-09 14:54:00+00:00,2024-10-09 14:54:00+00:00,pullback_short_open_fa4d3938b097,-1,market,0.0,1,1,20,4,22825.0
628477,628478,628478,628478,closed,stop,21519.5,21539.5,21519.25,21539.75,21539.5,21515.5,-20.0,-20.5,-21.0,-420.0,10.0,0.5,1.0,1.0,25.5,2024-10-10 13:52:00+00:00,2024-10-10 13:52:00+00:00,2024-10-10 13:53:00+00:00,2024-10-10 13:53:00+00:00,pullback_short_open_fa4d3938b097,-1,market,0.0,1,1,20,4,22405.0
628511,628512,628512,628512,closed,timeout,21579.25,21589.25,21579.0,21589.5,21599.25,21575.25,-10.0,-10.5,-11.0,-220.0,10.0,0.5,1.0,1.0,13.5,2024-10-10 14:26:00+00:00,2024-10-10 14:26:00+00:00,2024-10-10 14:27:00+00:00,2024-10-10 14:27:00+00:00,pullback_short_open_fa4d3938b097,-1,market,0.0,1,1,20,4,22185.0
628517,628518,628518,628518,closed,target,21591.0,21587.0,21590.75,21587.25,21611.0,21587.0,4.0,3.5,3.0,60.0,10.0,0.5,1.0,1.0,4.25,2024-10-10 14:32:00+00:00,2024-10-10 14:32:00+00:00,2024-10-10 14:33:00+00:00,2024-10-10 14:33:00+00:00,pullback_short_open_fa4d3938b097,-1,market,0.0,1,1,20,4,22245.0
628524,628525,628525,628525,closed,timeout,21579.25,21584.25,21579.0,21584.5,21599.25,21575.25,-5.0,-5.5,-6.0,-120.0,10.0,0.5,1.0,1.0,12.0,2024-10-10 14:39:00+00:00,2024-10-10 14:39:00+00:00,2024-10-10 14:40:00+00:00,2024-10-10 14:40:00+00:00,pullback_short_open_fa4d3938b097,-1,market,0.0,1,1,20,4,22125.0
628526,628527,628527,628527,closed,target,21573.5,21569.5,21573.25,21569.75,21593.5,21569.5,4.0,3.5,3.0,60.0,10.0,0.5,1.0,1.0,6.75,2024-10-10 14:41:00+00:00,2024-10-10 14:41:00+00:00,2024-10-10 14:42:00+00:00,2024-10-10 14:42:00+00:00,pullback_short_open_fa4d3938b097,-1,market,0.0,1,1,20,4,22185.0
629835,629836,629836,629836,closed,timeout,21537.5,21546.5,21537.25,21546.75,21557.5,21533.5,-9.0,-9.5,-10.0,-200.0,10.0,0.5,1.0,1.0,16.5,2024-10-11 13:45:00+00:00,2024-10-11 13:45:00+00:00,2024-10-11 13:46:00+00:00,2024-10-11 13:46:00+00:00,pullback_short_open_fa4d3938b097,-1,market,0.0,1,1,20,4,21985.0
629909,629910,629910,629910,closed,target,21631.75,21627.75,21631.5,21628.0,21651.75,21627.75,4.0,3.5,3.0,60.0,10.0,0.5,1.0,1.0,3.0,2024-10-11 14:59:00+00:00,2024-10-11 14:59:00+00:00,2024-10-11 15:00:00+00:00,2024-10-11 15:00:00+00:00,pullback_short_open_fa4d3938b097,-1,market,0.0,1,1,20,4,22045.0
631235,631236,631236,631236,closed,timeout,21804.0,21813.5,21803.75,21813.75,21824.0,21800.0,-9.5,-10.0,-10.5,-210.0,10.0,0.5,1.0,1.0,10.75,2024-10-14 14:20:00+00:00,2024-10-14 14:20:00+00:00,2024-10-14 14:21:00+00:00,2024-10-14 14:21:00+00:00,pullback_short_open_fa4d3938b097,-1,market,0.0,1,1,20,4,21835.0
631243,631244,631244,631244,closed,timeout,21829.5,21836.25,21829.25,21836.5,21849.5,21825.5,-6.75,-7.25,-7.75,-155.0,10.0,0.5,1.0,1.0,11.5,2024-10-14 14:28:00+00:00,2024-10-14 14:28:00+00:00,2024-10-14 14:29:00+00:00,2024-10-14 14:29:00+00:00,pullback_short_open_fa4d3938b097,-1,market,0.0,1,1,20,4,21680.0
631261,631262,631262,631262,closed,timeout,21824.5,21826.0,21824.25,21826.25,21844.5,21820.5,-1.5,-2.0,-2.5,-50.0,10.0,0.5,1.0,1.0,3.5,2024-10-14 14:46:00+00:00,2024-10-14 14:46:00+00:00,2024-10-14 14:47:00+00:00,2024-10-14 14:47:00+00:00,pullback_short_open_fa4d3938b097,-1,market,0.0,1,1,20,4,21630.0
631272,631273,631273,631273,closed,target,21789.0,21785.0,21788.75,21785.25,21809.0,21785.0,4.0,3.5,3.0,60.0,10.0,0.5,1.0,1.0,3.0,2024-10-14 14:57:00+00:00,2024-10-14 14:57:00+00:00,2024-10-14 14:58:00+00:00,2024-10-14 14:58:00+00:00,pullback_short_open_fa4d3938b097,-1,market,0.0,1,1,20,4,21690.0
632554,632555,632555,632555,closed,target,21824.5,21820.5,21824.25,21820.75,21844.5,21820.5,4.0,3.5,3.0,60.0,10.0,0.5,1.0,1.0,11.5,2024-10-15 13:34:00+00:00,2024-10-15 13:34:00+00:00,2024-10-15 13:35:00+00:00,2024-10-15 13:35:00+00:00,pullback_short_open_fa4d3938b097,-1,market,0.0,1,1,20,4,21750.0
632606,632607,632607,632607,closed,target,21756.5,21752.5,21756.25,21752.75,21776.5,21752.5,4.0,3.5,3.0,60.0,10.0,0.5,1.0,1.0,9.75,2024-10-15 14:26:00+00:00,2024-10-15 14:26:00+00:00,2024-10-15 14:27:00+00:00,2024-10-15 14:27:00+00:00,pullback_short_open_fa4d3938b097,-1,market,0.0,1,1,20,4,21810.0
633927,633928,633928,633928,closed,target,21486.75,21482.75,21486.5,21483.0,21506.75,21482.75,4.0,3.5,3.0,60.0,10.0,0.5,1.0,1.0,2.75,2024-10-16 13:42:00+00:00,2024-10-16 13:42:00+00:00,2024-10-16 13:43:00+00:00,2024-10-16 13:43:00+00:00,pullback_short_open_fa4d3938b097,-1,market,0.0,1,1,20,4,21870.0
633993,633994,633994,633994,closed,timeout,21465.5,21474.25,21465.25,21474.5,21485.5,21461.5,-8.75,-9.25,-9.75,-195.0,10.0,0.5,1.0,1.0,12.25,2024-10-16 14:48:00+00:00,2024-10-16 14:48:00+00:00,2024-10-16 14:49:00+00:00,2024-10-16 14:49:00+00:00,pullback_short_open_fa4d3938b097,-1,market,0.0,1,1,20,4,21675.0
633998,633999,633999,633999,closed,target,21491.5,21487.5,21491.25,21487.75,21511.5,21487.5,4.0,3.5,3.0,60.0,10.0,0.5,1.0,1.0,1.0,2024-10-16 14:53:00+00:00,2024-10-16 14:53:00+00:00,2024-10-16 14:54:00+00:00,2024-10-16 14:54:00+00:00,pullback_short_open_fa4d3938b097,-1,market,0.0,1,1,20,4,21735.0
633999,634000,634000,634000,closed,timeout,21483.25,21484.5,21483.0,21484.75,21503.25,21479.25,-1.25,-1.75,-2.25,-45.0,10.0,0.5,1.0,1.0,6.75,2024-10-16 14:54:00+00:00,2024-10-16 14:54:00+00:00,2024-10-16 14:55:00+00:00,2024-10-16 14:55:00+00:00,pullback_short_open_fa4d3938b097,-1,market,0.0,1,1,20,4,21690.0
635293,635294,635294,635294,closed,target,21640.75,21636.75,21640.5,21637.0,21660.75,21636.75,4.0,3.5,3.0,60.0,10.0,0.5,1.0,1.0,6.5,2024-10-17 13:44:00+00:00,2024-10-17 13:44:00+00:00,2024-10-17 13:45:00+00:00,2024-10-17 13:45:00+00:00,pullback_short_open_fa4d3938b097,-1,market,0.0,1,1,20,4,21750.0
635303,635304,635304,635304,closed,target,21683.0,21679.0,21682.75,21679.25,21703.0,21679.0,4.0,3.5,3.0,60.0,10.0,0.5,1.0,1.0,4.5,2024-10-17 13:54:00+00:00,2024-10-17 13:54:00+00:00,2024-10-17 13:55:00+00:00,2024-10-17 13:55:00+00:00,pullback_short_open_fa4d3938b097,-1,market,0.0,1,1,20,4,21810.0
635314,635315,635315,635315,closed,target,21594.0,21590.0,21593.75,21590.25,21614.0,21590.0,4.0,3.5,3.0,60.0,10.0,0.5,1.0,1.0,8.0,2024-10-17 14:05:00+00:00,2024-10-17 14:05:00+00:00,2024-10-17 14:06:00+00:00,2024-10-17 14:06:00+00:00,pullback_short_open_fa4d3938b097,-1,market,0.0,1,1,20,4,21870.0
635316,635317,635317,635317,closed,stop,21584.5,21604.5,21584.25,21604.75,21604.5,21580.5,-20.0,-20.5,-21.0,-420.0,10.0,0.5,1.0,1.0,23.0,2024-10-17 14:07:00+00:00,2024-10-17 14:07:00+00:00,2024-10-17 14:08:00+00:00,2024-10-17 14:08:00+00:00,pullback_short_open_fa4d3938b097,-1,market,0.0,1,1,20,4,21450.0
635318,635319,635319,635319,closed,target,21592.0,21588.0,21591.75,21588.25,21612.0,21588.0,4.0,3.5,3.0,60.0,10.0,0.5,1.0,1.0,3.0,2024-10-17 14:09:00+00:00,2024-10-17 14:09:00+00:00,2024-10-17 14:10:00+00:00,2024-10-17 14:10:00+00:00,pullback_short_open_fa4d3938b097,-1,market,0.0,1,1,20,4,21510.0
635323,635324,635324,635324,closed,stop,21592.0,21612.0,21591.75,21612.25,21612.0,21588.0,-20.0,-20.5,-21.0,-420.0,10.0,0.5,1.0,1.0,24.5,2024-10-17 14:14:00+00:00,2024-10-17 14:14:00+00:00,2024-10-17 14:15:00+00:00,2024-10-17 14:15:00+00:00,pullback_short_open_fa4d3938b097,-1,market,0.0,1,1,20,4,21090.0
635352,635353,635353,635353,closed,target,21620.75,21616.75,21620.5,21617.0,21640.75,21616.75,4.0,3.5,3.0,60.0,10.0,0.5,1.0,1.0,0.75,2024-10-17 14:43:00+00:00,2024-10-17 14:43:00+00:00,2024-10-17 14:44:00+00:00,2024-10-17 14:44:00+00:00,pullback_short_open_fa4d3938b097,-1,market,0.0,1,1,20,4,21150.0
635355,635356,635356,635356,closed,target,21600.25,21596.25,21600.0,21596.5,21620.25,21596.25,4.0,3.5,3.0,60.0,10.0,0.5,1.0,1.0,15.25,2024-10-17 14:46:00+00:00,2024-10-17 14:46:00+00:00,2024-10-17 14:47:00+00:00,2024-10-17 14:47:00+00:00,pullback_short_open_fa4d3938b097,-1,market,0.0,1,1,20,4,21210.0
635357,635358,635358,635358,closed,target,21599.75,21595.75,21599.5,21596.0,21619.75,21595.75,4.0,3.5,3.0,60.0,10.0,0.5,1.0,1.0,5.0,2024-10-17 14:48:00+00:00,2024-10-17 14:48:00+00:00,2024-10-17 14:49:00+00:00,2024-10-17 14:49:00+00:00,pullback_short_open_fa4d3938b097,-1,market,0.0,1,1,20,4,21270.0
636644,636645,636645,636645,closed,target,21664.25,21660.25,21664.0,21660.5,21684.25,21660.25,4.0,3.5,3.0,60.0,10.0,0.5,1.0,1.0,2.0,2024-10-18 13:30:00+00:00,2024-10-18 13:30:00+00:00,2024-10-18 13:31:00+00:00,2024-10-18 13:31:00+00:00,pullback_short_open_fa4d3938b097,-1,market,0.0,1,1,20,4,21330.0
636654,636655,636655,636655,closed,target,21649.25,21645.25,21649.0,21645.5,21669.25,21645.25,4.0,3.5,3.0,60.0,10.0,0.5,1.0,1.0,12.0,2024-10-18 13:40:00+00:00,2024-10-18 13:40:00+00:00,2024-10-18 13:41:00+00:00,2024-10-18 13:41:00+00:00,pullback_short_open_fa4d3938b097,-1,market,0.0,1,1,20,4,21390.0
636705,636706,636706,636706,closed,target,21695.0,21691.0,21694.75,21691.25,21715.0,21691.0,4.0,3.5,3.0,60.0,10.0,0.5,1.0,1.0,4.5,2024-10-18 14:31:00+00:00,2024-10-18 14:31:00+00:00,2024-10-18 14:32:00+00:00,2024-10-18 14:32:00+00:00,pullback_short_open_fa4d3938b097,-1,market,0.0,1,1,20,4,21450.0
636707,636708,636708,636708,closed,target,21692.5,21688.5,21692.25,21688.75,21712.5,21688.5,4.0,3.5,3.0,60.0,10.0,0.5,1.0,1.0,3.25,2024-10-18 14:33:00+00:00,2024-10-18 14:33:00+00:00,2024-10-18 14:34:00+00:00,2024-10-18 14:34:00+00:00,pullback_short_open_fa4d3938b097,-1,market,0.0,1,1,20,4,21510.0
636728,636729,636729,636729,closed,target,21674.75,21670.75,21674.5,21671.0,21694.75,21670.75,4.0,3.5,3.0,60.0,10.0,0.5,1.0,1.0,1.75,2024-10-18 14:54:00+00:00,2024-10-18 14:54:00+00:00,2024-10-18 14:55:00+00:00,2024-10-18 14:55:00+00:00,pullback_short_open_fa4d3938b097,-1,market,0.0,1,1,20,4,21570.0
636733,636734,636734,636734,closed,target,21660.75,21656.75,21660.5,21657.0,21680.75,21656.75,4.0,3.5,3.0,60.0,10.0,0.5,1.0,1.0,5.75,2024-10-18 14:59:00+00:00,2024-10-18 14:59:00+00:00,2024-10-18 15:00:00+00:00,2024-10-18 15:00:00+00:00,pullback_short_open_fa4d3938b097,-1,market,0.0,1,1,20,4,21630.0
638073,638074,638074,638074,closed,target,21694.25,21690.25,21694.0,21690.5,21714.25,21690.25,4.0,3.5,3.0,60.0,10.0,0.5,1.0,1.0,5.0,2024-10-21 14:34:00+00:00,2024-10-21 14:34:00+00:00,2024-10-21 14:35:00+00:00,2024-10-21 14:35:00+00:00,pullback_short_open_fa4d3938b097,-1,market,0.0,1,1,20,4,21690.0
638082,638083,638083,638083,closed,target,21648.75,21644.75,21648.5,21645.0,21668.75,21644.75,4.0,3.5,3.0,60.0,10.0,0.5,1.0,1.0,3.5,2024-10-21 14:43:00+00:00,2024-10-21 14:43:00+00:00,2024-10-21 14:44:00+00:00,2024-10-21 14:44:00+00:00,pullback_short_open_fa4d3938b097,-1,market,0.0,1,1,20,4,21750.0
638084,638085,638085,638085,closed,target,21633.0,21629.0,21632.75,21629.25,21653.0,21629.0,4.0,3.5,3.0,60.0,10.0,0.5,1.0,1.0,1.25,2024-10-21 14:45:00+00:00,2024-10-21 14:45:00+00:00,2024-10-21 14:46:00+00:00,2024-10-21 14:46:00+00:00,pullback_short_open_fa4d3938b097,-1,market,0.0,1,1,20,4,21810.0
638090,638091,638091,638091,closed,target,21614.75,21610.75,21614.5,21611.0,21634.75,21610.75,4.0,3.5,3.0,60.0,10.0,0.5,1.0,1.0,12.75,2024-10-21 14:51:00+00:00,2024-10-21 14:51:00+00:00,2024-10-21 14:52:00+00:00,2024-10-21 14:52:00+00:00,pullback_short_open_fa4d3938b097,-1,market,0.0,1,1,20,4,21870.0
638094,638095,638095,638095,closed,timeout,21622.0,21628.25,21621.75,21628.5,21642.0,21618.0,-6.25,-6.75,-7.25,-145.0,10.0,0.5,1.0,1.0,10.25,2024-10-21 14:55:00+00:00,2024-10-21 14:55:00+00:00,2024-10-21 14:56:00+00:00,2024-10-21 14:56:00+00:00,pullback_short_open_fa4d3938b097,-1,market,0.0,1,1,20,4,21725.0
639432,639433,639433,639433,closed,target,21693.75,21689.75,21693.5,21690.0,21713.75,21689.75,4.0,3.5,3.0,60.0,10.0,0.5,1.0,1.0,0.25,2024-10-22 14:29:00+00:00,2024-10-22 14:29:00+00:00,2024-10-22 14:30:00+00:00,2024-10-22 14:30:00+00:00,pullback_short_open_fa4d3938b097,-1,market,0.0,1,1,20,4,21785.0
640741,640742,640742,640742,closed,target,21621.5,21617.5,21621.25,21617.75,21641.5,21617.5,4.0,3.5,3.0,60.0,10.0,0.5,1.0,1.0,9.5,2024-10-23 13:33:00+00:00,2024-10-23 13:33:00+00:00,2024-10-23 13:34:00+00:00,2024-10-23 13:34:00+00:00,pullback_short_open_fa4d3938b097,-1,market,0.0,1,1,20,4,21845.0
640742,640743,640743,640743,closed,timeout,21615.0,21615.5,21614.75,21615.75,21635.0,21611.0,-0.5,-1.0,-1.5,-30.0,10.0,0.5,1.0,1.0,12.75,2024-10-23 13:34:00+00:00,2024-10-23 13:34:00+00:00,2024-10-23 13:35:00+00:00,2024-10-23 13:35:00+00:00,pullback_short_open_fa4d3938b097,-1,market,0.0,1,1,20,4,21815.0
640759,640760,640760,640760,closed,target,21621.0,21617.0,21620.75,21617.25,21641.0,21617.0,4.0,3.5,3.0,60.0,10.0,0.5,1.0,1.0,7.0,2024-10-23 13:51:00+00:00,2024-10-23 13:51:00+00:00,2024-10-23 13:52:00+00:00,2024-10-23 13:52:00+00:00,pullback_short_open_fa4d3938b097,-1,market,0.0,1,1,20,4,21875.0
640781,640782,640782,640782,closed,timeout,21583.5,21588.25,21583.25,21588.5,21603.5,21579.5,-4.75,-5.25,-5.75,-115.0,10.0,0.5,1.0,1.0,8.0,2024-10-23 14:13:00+00:00,2024-10-23 14:13:00+00:00,2024-10-23 14:14:00+00:00,2024-10-23 14:14:00+00:00,pullback_short_open_fa4d3938b097,-1,market,0.0,1,1,20,4,21760.0
640784,640785,640785,640785,closed,target,21589.0,21585.0,21588.75,21585.25,21609.0,21585.0,4.0,3.5,3.0,60.0,10.0,0.5,1.0,1.0,1.5,2024-10-23 14:16:00+00:00,2024-10-23 14:16:00+00:00,2024-10-23 14:17:00+00:00,2024-10-23 14:17:00+00:00,pullback_short_open_fa4d3938b097,-1,market,0.0,1,1,20,4,21820.0
640790,640791,640791,640791,closed,target,21584.5,21580.5,21584.25,21580.75,21604.5,21580.5,4.0,3.5,3.0,60.0,10.0,0.5,1.0,1.0,2.25,2024-10-23 14:22:00+00:00,2024-10-23 14:22:00+00:00,2024-10-23 14:23:00+00:00,2024-10-23 14:23:00+00:00,pullback_short_open_fa4d3938b097,-1,market,0.0,1,1,20,4,21880.0
642108,642109,642109,642109,closed,stop,21524.75,21544.75,21524.5,21545.0,21544.75,21520.75,-20.0,-20.5,-21.0,-420.0,10.0,0.5,1.0,1.0,30.25,2024-10-24 13:35:00+00:00,2024-10-24 13:35:00+00:00,2024-10-24 13:36:00+00:00,2024-10-24 13:36:00+00:00,pullback_short_open_fa4d3938b097,-1,market,0.0,1,1,20,4,21460.0
642114,642115,642115,642115,closed,target,21533.75,21529.75,21533.5,21530.0,21553.75,21529.75,4.0,3.5,3.0,60.0,10.0,0.5,1.0,1.0,6.25,2024-10-24 13:41:00+00:00,2024-10-24 13:41:00+00:00,2024-10-24 13:42:00+00:00,2024-10-24 13:42:00+00:00,pullback_short_open_fa4d3938b097,-1,market,0.0,1,1,20,4,21520.0
642187,642188,642188,642188,closed,target,21527.0,21523.0,21526.75,21523.25,21547.0,21523.0,4.0,3.5,3.0,60.0,10.0,0.5,1.0,1.0,0.75,2024-10-24 14:54:00+00:00,2024-10-24 14:54:00+00:00,2024-10-24 14:55:00+00:00,2024-10-24 14:55:00+00:00,pullback_short_open_fa4d3938b097,-1,market,0.0,1,1,20,4,21580.0
643550,643551,643551,643551,closed,timeout,21840.5,21851.5,21840.25,21851.75,21860.5,21836.5,-11.0,-11.5,-12.0,-240.0,10.0,0.5,1.0,1.0,14.5,2024-10-25 14:52:00+00:00,2024-10-25 14:52:00+00:00,2024-10-25 14:53:00+00:00,2024-10-25 14:53:00+00:00,pullback_short_open_fa4d3938b097,-1,market,0.0,1,1,20,4,21340.0
644841,644842,644842,644842,closed,target,21777.25,21773.25,21777.0,21773.5,21797.25,21773.25,4.0,3.5,3.0,60.0,10.0,0.5,1.0,1.0,4.5,2024-10-28 13:38:00+00:00,2024-10-28 13:38:00+00:00,2024-10-28 13:39:00+00:00,2024-10-28 13:39:00+00:00,pullback_short_open_fa4d3938b097,-1,market,0.0,1,1,20,4,21400.0
644844,644845,644845,644845,closed,target,21783.75,21779.75,21783.5,21780.0,21803.75,21779.75,4.0,3.5,3.0,60.0,10.0,0.5,1.0,1.0,1.75,2024-10-28 13:41:00+00:00,2024-10-28 13:41:00+00:00,2024-10-28 13:42:00+00:00,2024-10-28 13:42:00+00:00,pullback_short_open_fa4d3938b097,-1,market,0.0,1,1,20,4,21460.0
644860,644861,644861,644861,closed,stop,21735.5,21755.5,21735.25,21755.75,21755.5,21731.5,-20.0,-20.5,-21.0,-420.0,10.0,0.5,1.0,1.0,22.75,2024-10-28 13:57:00+00:00,2024-10-28 13:57:00+00:00,2024-10-28 13:58:00+00:00,2024-10-28 13:58:00+00:00,pullback_short_open_fa4d3938b097,-1,market,0.0,1,1,20,4,21040.0
644863,644864,644864,644864,closed,timeout,21753.75,21767.25,21753.5,21767.5,21773.75,21749.75,-13.5,-14.0,-14.5,-290.0,10.0,0.5,1.0,1.0,14.5,2024-10-28 14:00:00+00:00,2024-10-28 14:00:00+00:00,2024-10-28 14:01:00+00:00,2024-10-28 14:01:00+00:00,pullback_short_open_fa4d3938b097,-1,market,0.0,1,1,20,4,20750.0
646205,646206,646206,646206,closed,target,21649.25,21645.25,21649.0,21645.5,21669.25,21645.25,4.0,3.5,3.0,60.0,10.0,0.5,1.0,1.0,6.0,2024-10-29 13:37:00+00:00,2024-10-29 13:37:00+00:00,2024-10-29 13:38:00+00:00,2024-10-29 13:38:00+00:00,pullback_short_open_fa4d3938b097,-1,market,0.0,1,1,20,4,20810.0
646217,646218,646218,646218,closed,target,21675.75,21671.75,21675.5,21672.0,21695.75,21671.75,4.0,3.5,3.0,60.0,10.0,0.5,1.0,1.0,0.75,2024-10-29 13:49:00+00:00,2024-10-29 13:49:00+00:00,2024-10-29 13:50:00+00:00,2024-10-29 13:50:00+00:00,pullback_short_open_fa4d3938b097,-1,market,0.0,1,1,20,4,20870.0
647567,647568,647568,647568,closed,target,21839.75,21835.75,21839.5,21836.0,21859.75,21835.75,4.0,3.5,3.0,60.0,10.0,0.5,1.0,1.0,8.25,2024-10-30 13:34:00+00:00,2024-10-30 13:34:00+00:00,2024-10-30 13:35:00+00:00,2024-10-30 13:35:00+00:00,pullback_short_open_fa4d3938b097,-1,market,0.0,1,1,20,4,20930.0
647570,647571,647571,647571,closed,target,21822.5,21818.5,21822.25,21818.75,21842.5,21818.5,4.0,3.5,3.0,60.0,10.0,0.5,1.0,1.0,7.5,2024-10-30 13:37:00+00:00,2024-10-30 13:37:00+00:00,2024-10-30 13:38:00+00:00,2024-10-30 13:38:00+00:00,pullback_short_open_fa4d3938b097,-1,market,0.0,1,1,20,4,20990.0
647572,647573,647573,647573,closed,target,21823.25,21819.25,21823.0,21819.5,21843.25,21819.25,4.0,3.5,3.0,60.0,10.0,0.5,1.0,1.0,0.5,2024-10-30 13:39:00+00:00,2024-10-30 13:39:00+00:00,2024-10-30 13:40:00+00:00,2024-10-30 13:40:00+00:00,pullback_short_open_fa4d3938b097,-1,market,0.0,1,1,20,4,21050.0
647583,647584,647584,647584,closed,timeout,21772.25,21787.75,21772.0,21788.0,21792.25,21768.25,-15.5,-16.0,-16.5,-330.0,10.0,0.5,1.0,1.0,16.75,2024-10-30 13:50:00+00:00,2024-10-30 13:50:00+00:00,2024-10-30 13:51:00+00:00,2024-10-30 13:51:00+00:00,pullback_short_open_fa4d3938b097,-1,market,0.0,1,1,20,4,20720.0
647651,647652,647652,647652,closed,target,21851.0,21847.0,21850.75,21847.25,21871.0,21847.0,4.0,3.5,3.0,60.0,10.0,0.5,1.0,1.0,5.0,2024-10-30 14:58:00+00:00,2024-10-30 14:58:00+00:00,2024-10-30 14:59:00+00:00,2024-10-30 14:59:00+00:00,pullback_short_open_fa4d3938b097,-1,market,0.0,1,1,20,4,20780.0
648937,648938,648938,648938,closed,target,21470.25,21466.25,21470.0,21466.5,21490.25,21466.25,4.0,3.5,3.0,60.0,10.0,0.5,1.0,1.0,7.75,2024-10-31 13:39:00+00:00,2024-10-31 13:39:00+00:00,2024-10-31 13:40:00+00:00,2024-10-31 13:40:00+00:00,pullback_short_open_fa4d3938b097,-1,market,0.0,1,1,20,4,20840.0
648954,648955,648955,648955,closed,target,21367.25,21363.25,21367.0,21363.5,21387.25,21363.25,4.0,3.5,3.0,60.0,10.0,0.5,1.0,1.0,19.5,2024-10-31 13:56:00+00:00,2024-10-31 13:56:00+00:00,2024-10-31 13:57:00+00:00,2024-10-31 13:57:00+00:00,pullback_short_open_fa4d3938b097,-1,market,0.0,1,1,20,4,20900.0
648956,648957,648957,648957,closed,target,21379.0,21375.0,21378.75,21375.25,21399.0,21375.0,4.0,3.5,3.0,60.0,10.0,0.5,1.0,1.0,1.75,2024-10-31 13:58:00+00:00,2024-10-31 13:58:00+00:00,2024-10-31 13:59:00+00:00,2024-10-31 13:59:00+00:00,pullback_short_open_fa4d3938b097,-1,market,0.0,1,1,20,4,20960.0
648968,648969,648969,648969,closed,target,21352.75,21348.75,21352.5,21349.0,21372.75,21348.75,4.0,3.5,3.0,60.0,10.0,0.5,1.0,1.0,8.25,2024-10-31 14:10:00+00:00,2024-10-31 14:10:00+00:00,2024-10-31 14:11:00+00:00,2024-10-31 14:11:00+00:00,pullback_short_open_fa4d3938b097,-1,market,0.0,1,1,20,4,21020.0
649000,649001,649001,649001,closed,target,21328.75,21324.75,21328.5,21325.0,21348.75,21324.75,4.0,3.5,3.0,60.0,10.0,0.5,1.0,1.0,5.25,2024-10-31 14:42:00+00:00,2024-10-31 14:42:00+00:00,2024-10-31 14:43:00+00:00,2024-10-31 14:43:00+00:00,pullback_short_open_fa4d3938b097,-1,market,0.0,1,1,20,4,21080.0
649001,649002,649002,649002,closed,timeout,21321.25,21325.5,21321.0,21325.75,21341.25,21317.25,-4.25,-4.75,-5.25,-105.0,10.0,0.5,1.0,1.0,7.5,2024-10-31 14:43:00+00:00,2024-10-31 14:43:00+00:00,2024-10-31 14:44:00+00:00,2024-10-31 14:44:00+00:00,pullback_short_open_fa4d3938b097,-1,market,0.0,1,1,20,4,20975.0
649012,649013,649013,649013,closed,timeout,21277.25,21282.75,21277.0,21283.0,21297.25,21273.25,-5.5,-6.0,-6.5,-130.0,10.0,0.5,1.0,1.0,11.25,2024-10-31 14:54:00+00:00,2024-10-31 14:54:00+00:00,2024-10-31 14:55:00+00:00,2024-10-31 14:55:00+00:00,pullback_short_open_fa4d3938b097,-1,market,0.0,1,1,20,4,20845.0
650374,650375,650375,650375,closed,timeout,21378.25,21382.75,21378.0,21383.0,21398.25,21374.25,-4.5,-5.0,-5.5,-110.0,10.0,0.5,1.0,1.0,11.25,2024-11-01 14:51:00+00:00,2024-11-01 14:51:00+00:00,2024-11-01 14:52:00+00:00,2024-11-01 14:52:00+00:00,pullback_short_open_fa4d3938b097,-1,market,0.0,1,1,20,4,20735.0
650380,650381,650381,650381,closed,stop,21399.0,21419.0,21398.75,21419.25,21419.0,21395.0,-20.0,-20.5,-21.0,-420.0,10.0,0.5,1.0,1.0,23.0,2024-11-01 14:57:00+00:00,2024-11-01 14:57:00+00:00,2024-11-01 14:58:00+00:00,2024-11-01 14:58:00+00:00,pullback_short_open_fa4d3938b097,-1,market,0.0,1,1,20,4,20315.0
651660,651661,651661,651661,closed,target,21296.0,21292.0,21295.75,21292.25,21316.0,21292.0,4.0,3.5,3.0,60.0,10.0,0.5,1.0,1.0,18.0,2024-11-04 14:32:00+00:00,2024-11-04 14:32:00+00:00,2024-11-04 14:33:00+00:00,2024-11-04 14:33:00+00:00,pullback_short_open_fa4d3938b097,-1,market,0.0,1,1,20,4,20375.0
654413,654414,654414,654414,closed,stop,21856.75,21876.75,21856.5,21877.0,21876.75,21852.75,-20.0,-20.5,-21.0,-420.0,10.0,0.5,1.0,1.0,21.5,2024-11-06 14:55:00+00:00,2024-11-06 14:55:00+00:00,2024-11-06 14:56:00+00:00,2024-11-06 14:56:00+00:00,pullback_short_open_fa4d3938b097,-1,market,0.0,1,1,20,4,19955.0
654421,654422,654422,654422,closed,target,21923.5,21919.5,21923.25,21919.75,21943.5,21919.5,4.0,3.5,3.0,60.0,10.0,0.5,1.0,1.0,1.25,2024-11-06 15:03:00+00:00,2024-11-06 15:03:00+00:00,2024-11-06 15:04:00+00:00,2024-11-06 15:04:00+00:00,pullback_short_open_fa4d3938b097,-1,market,0.0,1,1,20,4,20015.0
654422,654423,654423,654423,closed,target,21912.25,21908.25,21912.0,21908.5,21932.25,21908.25,4.0,3.5,3.0,60.0,10.0,0.5,1.0,1.0,0.5,2024-11-06 15:04:00+00:00,2024-11-06 15:04:00+00:00,2024-11-06 15:05:00+00:00,2024-11-06 15:05:00+00:00,pullback_short_open_fa4d3938b097,-1,market,0.0,1,1,20,4,20075.0
654423,654424,654424,654424,closed,target,21895.0,21891.0,21894.75,21891.25,21915.0,21891.0,4.0,3.5,3.0,60.0,10.0,0.5,1.0,1.0,2.75,2024-11-06 15:05:00+00:00,2024-11-06 15:05:00+00:00,2024-11-06 15:06:00+00:00,2024-11-06 15:06:00+00:00,pullback_short_open_fa4d3938b097,-1,market,0.0,1,1,20,4,20135.0
654461,654462,654462,654462,closed,target,21952.5,21948.5,21952.25,21948.75,21972.5,21948.5,4.0,3.5,3.0,60.0,10.0,0.5,1.0,1.0,3.25,2024-11-06 15:43:00+00:00,2024-11-06 15:43:00+00:00,2024-11-06 15:44:00+00:00,2024-11-06 15:44:00+00:00,pullback_short_open_fa4d3938b097,-1,market,0.0,1,1,20,4,20195.0
654462,654463,654463,654463,closed,target,21948.25,21944.25,21948.0,21944.5,21968.25,21944.25,4.0,3.5,3.0,60.0,10.0,0.5,1.0,1.0,1.0,2024-11-06 15:44:00+00:00,2024-11-06 15:44:00+00:00,2024-11-06 15:45:00+00:00,2024-11-06 15:45:00+00:00,pullback_short_open_fa4d3938b097,-1,market,0.0,1,1,20,4,20255.0
654467,654468,654468,654468,closed,stop,21945.0,21965.0,21944.75,21965.25,21965.0,21941.0,-20.0,-20.5,-21.0,-420.0,10.0,0.5,1.0,1.0,20.25,2024-11-06 15:49:00+00:00,2024-11-06 15:49:00+00:00,2024-11-06 15:50:00+00:00,2024-11-06 15:50:00+00:00,pullback_short_open_fa4d3938b097,-1,market,0.0,1,1,20,4,19835.0
654477,654478,654478,654478,closed,target,21923.75,21919.75,21923.5,21920.0,21943.75,21919.75,4.0,3.5,3.0,60.0,10.0,0.5,1.0,1.0,0.25,2024-11-06 15:59:00+00:00,2024-11-06 15:59:00+00:00,2024-11-06 16:00:00+00:00,2024-11-06 16:00:00+00:00,pullback_short_open_fa4d3938b097,-1,market,0.0,1,1,20,4,19895.0
655816,655817,655817,655817,closed,target,22306.25,22302.25,22306.0,22302.5,22326.25,22302.25,4.0,3.5,3.0,60.0,10.0,0.5,1.0,1.0,0.25,2024-11-07 15:33:00+00:00,2024-11-07 15:33:00+00:00,2024-11-07 15:34:00+00:00,2024-11-07 15:34:00+00:00,pullback_short_open_fa4d3938b097,-1,market,0.0,1,1,20,4,19955.0
657157,657158,657158,657158,closed,target,22380.25,22376.25,22380.0,22376.5,22400.25,22376.25,4.0,3.5,3.0,60.0,10.0,0.5,1.0,1.0,7.75,2024-11-08 15:09:00+00:00,2024-11-08 15:09:00+00:00,2024-11-08 15:10:00+00:00,2024-11-08 15:10:00+00:00,pullback_short_open_fa4d3938b097,-1,market,0.0,1,1,20,4,20015.0
657172,657173,657173,657173,closed,target,22388.0,22384.0,22387.75,22384.25,22408.0,22384.0,4.0,3.5,3.0,60.0,10.0,0.5,1.0,1.0,2.25,2024-11-08 15:24:00+00:00,2024-11-08 15:24:00+00:00,2024-11-08 15:25:00+00:00,2024-11-08 15:25:00+00:00,pullback_short_open_fa4d3938b097,-1,market,0.0,1,1,20,4,20075.0
657191,657192,657192,657192,closed,timeout,22379.25,22387.75,22379.0,22388.0,22399.25,22375.25,-8.5,-9.0,-9.5,-190.0,10.0,0.5,1.0,1.0,9.25,2024-11-08 15:43:00+00:00,2024-11-08 15:43:00+00:00,2024-11-08 15:44:00+00:00,2024-11-08 15:44:00+00:00,pullback_short_open_fa4d3938b097,-1,market,0.0,1,1,20,4,19885.0
658488,658489,658489,658489,closed,target,22468.5,22464.5,22468.25,22464.75,22488.5,22464.5,4.0,3.5,3.0,60.0,10.0,0.5,1.0,1.0,9.0,2024-11-11 14:35:00+00:00,2024-11-11 14:35:00+00:00,2024-11-11 14:36:00+00:00,2024-11-11 14:36:00+00:00,pullback_short_open_fa4d3938b097,-1,market,0.0,1,1,20,4,19945.0
658491,658492,658492,658492,closed,target,22469.5,22465.5,22469.25,22465.75,22489.5,22465.5,4.0,3.5,3.0,60.0,10.0,0.5,1.0,1.0,4.25,2024-11-11 14:38:00+00:00,2024-11-11 14:38:00+00:00,2024-11-11 14:39:00+00:00,2024-11-11 14:39:00+00:00,pullback_short_open_fa4d3938b097,-1,market,0.0,1,1,20,4,20005.0
658502,658503,658503,658503,closed,target,22398.75,22394.75,22398.5,22395.0,22418.75,22394.75,4.0,3.5,3.0,60.0,10.0,0.5,1.0,1.0,4.5,2024-11-11 14:49:00+00:00,2024-11-11 14:49:00+00:00,2024-11-11 14:50:00+00:00,2024-11-11 14:50:00+00:00,pullback_short_open_fa4d3938b097,-1,market,0.0,1,1,20,4,20065.0
658510,658511,658511,658511,closed,target,22386.0,22382.0,22385.75,22382.25,22406.0,22382.0,4.0,3.5,3.0,60.0,10.0,0.5,1.0,1.0,0.75,2024-11-11 14:57:00+00:00,2024-11-11 14:57:00+00:00,2024-11-11 14:58:00+00:00,2024-11-11 14:58:00+00:00,pullback_short_open_fa4d3938b097,-1,market,0.0,1,1,20,4,20125.0
658513,658514,658514,658514,closed,timeout,22370.0,22369.75,22369.75,22370.0,22390.0,22366.0,0.25,-0.25,-0.75,-15.0,10.0,0.5,1.0,1.0,6.25,2024-11-11 15:00:00+00:00,2024-11-11 15:00:00+00:00,2024-11-11 15:01:00+00:00,2024-11-11 15:01:00+00:00,pullback_short_open_fa4d3938b097,-1,market,0.0,1,1,20,4,20110.0
659892,659893,659893,659893,closed,target,22408.0,22404.0,22407.75,22404.25,22428.0,22404.0,4.0,3.5,3.0,60.0,10.0,0.5,1.0,1.0,10.0,2024-11-12 15:14:00+00:00,2024-11-12 15:14:00+00:00,2024-11-12 15:15:00+00:00,2024-11-12 15:15:00+00:00,pullback_short_open_fa4d3938b097,-1,market,0.0,1,1,20,4,20170.0
659900,659901,659901,659901,closed,target,22406.25,22402.25,22406.0,22402.5,22426.25,22402.25,4.0,3.5,3.0,60.0,10.0,0.5,1.0,1.0,3.0,2024-11-12 15:22:00+00:00,2024-11-12 15:22:00+00:00,2024-11-12 15:23:00+00:00,2024-11-12 15:23:00+00:00,pullback_short_open_fa4d3938b097,-1,market,0.0,1,1,20,4,20230.0
659926,659927,659927,659927,closed,timeout,22405.75,22419.0,22405.5,22419.25,22425.75,22401.75,-13.25,-13.75,-14.25,-285.0,10.0,0.5,1.0,1.0,14.0,2024-11-12 15:48:00+00:00,2024-11-12 15:48:00+00:00,2024-11-12 15:49:00+00:00,2024-11-12 15:49:00+00:00,pullback_short_open_fa4d3938b097,-1,market,0.0,1,1,20,4,19945.0
661229,661230,661230,661230,closed,target,22360.75,22356.75,22360.5,22357.0,22380.75,22356.75,4.0,3.5,3.0,60.0,10.0,0.5,1.0,1.0,9.0,2024-11-13 14:46:00+00:00,2024-11-13 14:46:00+00:00,2024-11-13 14:47:00+00:00,2024-11-13 14:47:00+00:00,pullback_short_open_fa4d3938b097,-1,market,0.0,1,1,20,4,20005.0
661236,661237,661237,661237,closed,target,22336.0,22332.0,22335.75,22332.25,22356.0,22332.0,4.0,3.5,3.0,60.0,10.0,0.5,1.0,1.0,13.5,2024-11-13 14:53:00+00:00,2024-11-13 14:53:00+00:00,2024-11-13 14:54:00+00:00,2024-11-13 14:54:00+00:00,pullback_short_open_fa4d3938b097,-1,market,0.0,1,1,20,4,20065.0
661239,661240,661240,661240,closed,target,22336.5,22332.5,22336.25,22332.75,22356.5,22332.5,4.0,3.5,3.0,60.0,10.0,0.5,1.0,1.0,5.0,2024-11-13 14:56:00+00:00,2024-11-13 14:56:00+00:00,2024-11-13 14:57:00+00:00,2024-11-13 14:57:00+00:00,pullback_short_open_fa4d3938b097,-1,market,0.0,1,1,20,4,20125.0
661255,661256,661256,661256,closed,timeout,22305.5,22310.75,22305.25,22311.0,22325.5,22301.5,-5.25,-5.75,-6.25,-125.0,10.0,0.5,1.0,1.0,11.75,2024-11-13 15:12:00+00:00,2024-11-13 15:12:00+00:00,2024-11-13 15:13:00+00:00,2024-11-13 15:13:00+00:00,pullback_short_open_fa4d3938b097,-1,market,0.0,1,1,20,4,20000.0
661257,661258,661258,661258,closed,target,22296.75,22292.75,22296.5,22293.0,22316.75,22292.75,4.0,3.5,3.0,60.0,10.0,0.5,1.0,1.0,4.25,2024-11-13 15:14:00+00:00,2024-11-13 15:14:00+00:00,2024-11-13 15:15:00+00:00,2024-11-13 15:15:00+00:00,pullback_short_open_fa4d3938b097,-1,market,0.0,1,1,20,4,20060.0
661258,661259,661259,661259,closed,timeout,22291.75,22295.75,22291.5,22296.0,22311.75,22287.75,-4.0,-4.5,-5.0,-100.0,10.0,0.5,1.0,1.0,8.5,2024-11-13 15:15:00+00:00,2024-11-13 15:15:00+00:00,2024-11-13 15:16:00+00:00,2024-11-13 15:16:00+00:00,pullback_short_open_fa4d3938b097,-1,market,0.0,1,1,20,4,19960.0
661262,661263,661263,661263,closed,timeout,22296.25,22296.5,22296.0,22296.75,22316.25,22292.25,-0.25,-0.75,-1.25,-25.0,10.0,0.5,1.0,1.0,8.0,2024-11-13 15:19:00+00:00,2024-11-13 15:19:00+00:00,2024-11-13 15:20:00+00:00,2024-11-13 15:20:00+00:00,pullback_short_open_fa4d3938b097,-1,market,0.0,1,1,20,4,19935.0
661300,661301,661301,661301,closed,target,22314.75,22310.75,22314.5,22311.0,22334.75,22310.75,4.0,3.5,3.0,60.0,10.0,0.5,1.0,1.0,9.0,2024-11-13 15:57:00+00:00,2024-11-13 15:57:00+00:00,2024-11-13 15:58:00+00:00,2024-11-13 15:58:00+00:00,pullback_short_open_fa4d3938b097,-1,market,0.0,1,1,20,4,19995.0
661301,661302,661302,661302,closed,target,22311.25,22307.25,22311.0,22307.5,22331.25,22307.25,4.0,3.5,3.0,60.0,10.0,0.5,1.0,1.0,1.0,2024-11-13 15:58:00+00:00,2024-11-13 15:58:00+00:00,2024-11-13 15:59:00+00:00,2024-11-13 15:59:00+00:00,pullback_short_open_fa4d3938b097,-1,market,0.0,1,1,20,4,20055.0
662600,662601,662601,662601,closed,target,22311.5,22307.5,22311.25,22307.75,22331.5,22307.5,4.0,3.5,3.0,60.0,10.0,0.5,1.0,1.0,2.0,2024-11-14 14:52:00+00:00,2024-11-14 14:52:00+00:00,2024-11-14 14:53:00+00:00,2024-11-14 14:53:00+00:00,pullback_short_open_fa4d3938b097,-1,market,0.0,1,1,20,4,20115.0
662601,662602,662602,662602,closed,target,22285.25,22281.25,22285.0,22281.5,22305.25,22281.25,4.0,3.5,3.0,60.0,10.0,0.5,1.0,1.0,4.5,2024-11-14 14:53:00+00:00,2024-11-14 14:53:00+00:00,2024-11-14 14:54:00+00:00,2024-11-14 14:54:00+00:00,pullback_short_open_fa4d3938b097,-1,market,0.0,1,1,20,4,20175.0
662632,662633,662633,662633,closed,timeout,22255.25,22253.0,22255.0,22253.25,22275.25,22251.25,2.25,1.75,1.25,25.0,10.0,0.5,1.0,1.0,9.25,2024-11-14 15:24:00+00:00,2024-11-14 15:24:00+00:00,2024-11-14 15:25:00+00:00,2024-11-14 15:25:00+00:00,pullback_short_open_fa4d3938b097,-1,market,0.0,1,1,20,4,20200.0
663943,663944,663944,663944,closed,target,21956.75,21952.75,21956.5,21953.0,21976.75,21952.75,4.0,3.5,3.0,60.0,10.0,0.5,1.0,1.0,15.25,2024-11-15 14:30:00+00:00,2024-11-15 14:30:00+00:00,2024-11-15 14:31:00+00:00,2024-11-15 14:31:00+00:00,pullback_short_open_fa4d3938b097,-1,market,0.0,1,1,20,4,20260.0
663955,663956,663956,663956,closed,target,21912.25,21908.25,21912.0,21908.5,21932.25,21908.25,4.0,3.5,3.0,60.0,10.0,0.5,1.0,1.0,3.0,2024-11-15 14:42:00+00:00,2024-11-15 14:42:00+00:00,2024-11-15 14:43:00+00:00,2024-11-15 14:43:00+00:00,pullback_short_open_fa4d3938b097,-1,market,0.0,1,1,20,4,20320.0
663960,663961,663961,663961,closed,timeout,21896.0,21906.25,21895.75,21906.5,21916.0,21892.0,-10.25,-10.75,-11.25,-225.0,10.0,0.5,1.0,1.0,12.75,2024-11-15 14:47:00+00:00,2024-11-15 14:47:00+00:00,2024-11-15 14:48:00+00:00,2024-11-15 14:48:00+00:00,pullback_short_open_fa4d3938b097,-1,market,0.0,1,1,20,4,20095.0
663964,663965,663965,663965,closed,stop,21920.0,21940.0,21919.75,21940.25,21940.0,21916.0,-20.0,-20.5,-21.0,-420.0,10.0,0.5,1.0,1.0,20.25,2024-11-15 14:51:00+00:00,2024-11-15 14:51:00+00:00,2024-11-15 14:52:00+00:00,2024-11-15 14:52:00+00:00,pullback_short_open_fa4d3938b097,-1,market,0.0,1,1,20,4,19675.0
663966,663967,663967,663967,closed,target,21924.75,21920.75,21924.5,21921.0,21944.75,21920.75,4.0,3.5,3.0,60.0,10.0,0.5,1.0,1.0,3.5,2024-11-15 14:53:00+00:00,2024-11-15 14:53:00+00:00,2024-11-15 14:54:00+00:00,2024-11-15 14:54:00+00:00,pullback_short_open_fa4d3938b097,-1,market,0.0,1,1,20,4,19735.0
664000,664001,664001,664001,closed,timeout,21797.75,21802.25,21797.5,21802.5,21817.75,21793.75,-4.5,-5.0,-5.5,-110.0,10.0,0.5,1.0,1.0,11.75,2024-11-15 15:27:00+00:00,2024-11-15 15:27:00+00:00,2024-11-15 15:28:00+00:00,2024-11-15 15:28:00+00:00,pullback_short_open_fa4d3938b097,-1,market,0.0,1,1,20,4,19625.0
664002,664003,664003,664003,closed,target,21792.25,21788.25,21792.0,21788.5,21812.25,21788.25,4.0,3.5,3.0,60.0,10.0,0.5,1.0,1.0,5.25,2024-11-15 15:29:00+00:00,2024-11-15 15:29:00+00:00,2024-11-15 15:30:00+00:00,2024-11-15 15:30:00+00:00,pullback_short_open_fa4d3938b097,-1,market,0.0,1,1,20,4,19685.0
664008,664009,664009,664009,closed,target,21792.75,21788.75,21792.5,21789.0,21812.75,21788.75,4.0,3.5,3.0,60.0,10.0,0.5,1.0,1.0,2.0,2024-11-15 15:35:00+00:00,2024-11-15 15:35:00+00:00,2024-11-15 15:36:00+00:00,2024-11-15 15:36:00+00:00,pullback_short_open_fa4d3938b097,-1,market,0.0,1,1,20,4,19745.0
664013,664014,664014,664014,closed,timeout,21788.25,21789.25,21788.0,21789.5,21808.25,21784.25,-1.0,-1.5,-2.0,-40.0,10.0,0.5,1.0,1.0,9.5,2024-11-15 15:40:00+00:00,2024-11-15 15:40:00+00:00,2024-11-15 15:41:00+00:00,2024-11-15 15:41:00+00:00,pullback_short_open_fa4d3938b097,-1,market,0.0,1,1,20,4,19705.0
664015,664016,664016,664016,closed,target,21778.25,21774.25,21778.0,21774.5,21798.25,21774.25,4.0,3.5,3.0,60.0,10.0,0.5,1.0,1.0,1.5,2024-11-15 15:42:00+00:00,2024-11-15 15:42:00+00:00,2024-11-15 15:43:00+00:00,2024-11-15 15:43:00+00:00,pullback_short_open_fa4d3938b097,-1,market,0.0,1,1,20,4,19765.0
664026,664027,664027,664027,closed,target,21769.0,21765.0,21768.75,21765.25,21789.0,21765.0,4.0,3.5,3.0,60.0,10.0,0.5,1.0,1.0,1.5,2024-11-15 15:53:00+00:00,2024-11-15 15:53:00+00:00,2024-11-15 15:54:00+00:00,2024-11-15 15:54:00+00:00,pullback_short_open_fa4d3938b097,-1,market,0.0,1,1,20,4,19825.0
665311,665312,665312,665312,closed,target,21727.75,21723.75,21727.5,21724.0,21747.75,21723.75,4.0,3.5,3.0,60.0,10.0,0.5,1.0,1.0,11.25,2024-11-18 14:33:00+00:00,2024-11-18 14:33:00+00:00,2024-11-18 14:34:00+00:00,2024-11-18 14:34:00+00:00,pullback_short_open_fa4d3938b097,-1,market,0.0,1,1,20,4,19885.0
665319,665320,665320,665320,closed,target,21753.75,21749.75,21753.5,21750.0,21773.75,21749.75,4.0,3.5,3.0,60.0,10.0,0.5,1.0,1.0,3.0,2024-11-18 14:41:00+00:00,2024-11-18 14:41:00+00:00,2024-11-18 14:42:00+00:00,2024-11-18 14:42:00+00:00,pullback_short_open_fa4d3938b097,-1,market,0.0,1,1,20,4,19945.0
665320,665321,665321,665321,closed,timeout,21739.75,21740.25,21739.5,21740.5,21759.75,21735.75,-0.5,-1.0,-1.5,-30.0,10.0,0.5,1.0,1.0,7.0,2024-11-18 14:42:00+00:00,2024-11-18 14:42:00+00:00,2024-11-18 14:43:00+00:00,2024-11-18 14:43:00+00:00,pullback_short_open_fa4d3938b097,-1,market,0.0,1,1,20,4,19915.0
665335,665336,665336,665336,closed,target,21709.0,21705.0,21708.75,21705.25,21729.0,21705.0,4.0,3.5,3.0,60.0,10.0,0.5,1.0,1.0,5.75,2024-11-18 14:57:00+00:00,2024-11-18 14:57:00+00:00,2024-11-18 14:58:00+00:00,2024-11-18 14:58:00+00:00,pullback_short_open_fa4d3938b097,-1,market,0.0,1,1,20,4,19975.0
668041,668042,668042,668042,closed,target,21932.0,21928.0,21931.75,21928.25,21952.0,21928.0,4.0,3.5,3.0,60.0,10.0,0.5,1.0,1.0,6.0,2024-11-20 14:33:00+00:00,2024-11-20 14:33:00+00:00,2024-11-20 14:34:00+00:00,2024-11-20 14:34:00+00:00,pullback_short_open_fa4d3938b097,-1,market,0.0,1,1,20,4,20035.0
668057,668058,668058,668058,closed,timeout,21847.75,21854.75,21847.5,21855.0,21867.75,21843.75,-7.0,-7.5,-8.0,-160.0,10.0,0.5,1.0,1.0,13.0,2024-11-20 14:49:00+00:00,2024-11-20 14:49:00+00:00,2024-11-20 14:50:00+00:00,2024-11-20 14:50:00+00:00,pullback_short_open_fa4d3938b097,-1,market,0.0,1,1,20,4,19875.0
668070,668071,668071,668071,closed,target,21827.0,21823.0,21826.75,21823.25,21847.0,21823.0,4.0,3.5,3.0,60.0,10.0,0.5,1.0,1.0,1.5,2024-11-20 15:02:00+00:00,2024-11-20 15:02:00+00:00,2024-11-20 15:03:00+00:00,2024-11-20 15:03:00+00:00,pullback_short_open_fa4d3938b097,-1,market,0.0,1,1,20,4,19935.0
668092,668093,668093,668093,closed,stop,21699.25,21719.25,21699.0,21719.5,21719.25,21695.25,-20.0,-20.5,-21.0,-420.0,10.0,0.5,1.0,1.0,28.5,2024-11-20 15:24:00+00:00,2024-11-20 15:24:00+00:00,2024-11-20 15:25:00+00:00,2024-11-20 15:25:00+00:00,pullback_short_open_fa4d3938b097,-1,market,0.0,1,1,20,4,19515.0
668097,668098,668098,668098,closed,target,21718.5,21714.5,21718.25,21714.75,21738.5,21714.5,4.0,3.5,3.0,60.0,10.0,0.5,1.0,1.0,4.25,2024-11-20 15:29:00+00:00,2024-11-20 15:29:00+00:00,2024-11-20 15:30:00+00:00,2024-11-20 15:30:00+00:00,pullback_short_open_fa4d3938b097,-1,market,0.0,1,1,20,4,19575.0
669415,669416,669416,669416,closed,target,21875.0,21871.0,21874.75,21871.25,21895.0,21871.0,4.0,3.5,3.0,60.0,10.0,0.5,1.0,1.0,1.25,2024-11-21 14:42:00+00:00,2024-11-21 14:42:00+00:00,2024-11-21 14:43:00+00:00,2024-11-21 14:43:00+00:00,pullback_short_open_fa4d3938b097,-1,market,0.0,1,1,20,4,19635.0
669416,669417,669417,669417,closed,stop,21855.25,21875.25,21855.0,21875.5,21875.25,21851.25,-20.0,-20.5,-21.0,-420.0,10.0,0.5,1.0,1.0,25.5,2024-11-21 14:43:00+00:00,2024-11-21 14:43:00+00:00,2024-11-21 14:44:00+00:00,2024-11-21 14:44:00+00:00,pullback_short_open_fa4d3938b097,-1,market,0.0,1,1,20,4,19215.0
669425,669426,669426,669426,closed,target,21959.75,21955.75,21959.5,21956.0,21979.75,21955.75,4.0,3.5,3.0,60.0,10.0,0.5,1.0,1.0,3.75,2024-11-21 14:52:00+00:00,2024-11-21 14:52:00+00:00,2024-11-21 14:53:00+00:00,2024-11-21 14:53:00+00:00,pullback_short_open_fa4d3938b097,-1,market,0.0,1,1,20,4,19275.0
669445,669446,669446,669446,closed,stop,21794.5,21814.5,21794.25,21814.75,21814.5,21790.5,-20.0,-20.5,-21.0,-420.0,10.0,0.5,1.0,1.0,56.0,2024-11-21 15:12:00+00:00,2024-11-21 15:12:00+00:00,2024-11-21 15:13:00+00:00,2024-11-21 15:13:00+00:00,pullback_short_open_fa4d3938b097,-1,market,0.0,1,1,20,4,18855.0
669468,669469,669469,669469,closed,stop,21751.75,21771.75,21751.5,21772.0,21771.75,21747.75,-20.0,-20.5,-21.0,-420.0,10.0,0.5,1.0,1.0,23.0,2024-11-21 15:35:00+00:00,2024-11-21 15:35:00+00:00,2024-11-21 15:36:00+00:00,2024-11-21 15:36:00+00:00,pullback_short_open_fa4d3938b097,-1,market,0.0,1,1,20,4,18435.0
669471,669472,669472,669472,closed,target,21738.25,21734.25,21738.0,21734.5,21758.25,21734.25,4.0,3.5,3.0,60.0,10.0,0.5,1.0,1.0,6.25,2024-11-21 15:38:00+00:00,2024-11-21 15:38:00+00:00,2024-11-21 15:39:00+00:00,2024-11-21 15:39:00+00:00,pullback_short_open_fa4d3938b097,-1,market,0.0,1,1,20,4,18495.0
670810,670811,670811,670811,closed,target,21960.25,21956.25,21960.0,21956.5,21980.25,21956.25,4.0,3.5,3.0,60.0,10.0,0.5,1.0,1.0,17.0,2024-11-22 15:12:00+00:00,2024-11-22 15:12:00+00:00,2024-11-22 15:13:00+00:00,2024-11-22 15:13:00+00:00,pullback_short_open_fa4d3938b097,-1,market,0.0,1,1,20,4,18555.0
670813,670814,670814,670814,closed,target,21965.75,21961.75,21965.5,21962.0,21985.75,21961.75,4.0,3.5,3.0,60.0,10.0,0.5,1.0,1.0,7.0,2024-11-22 15:15:00+00:00,2024-11-22 15:15:00+00:00,2024-11-22 15:16:00+00:00,2024-11-22 15:16:00+00:00,pullback_short_open_fa4d3938b097,-1,market,0.0,1,1,20,4,18615.0
670820,670821,670821,670821,closed,target,21972.75,21968.75,21972.5,21969.0,21992.75,21968.75,4.0,3.5,3.0,60.0,10.0,0.5,1.0,1.0,4.0,2024-11-22 15:22:00+00:00,2024-11-22 15:22:00+00:00,2024-11-22 15:23:00+00:00,2024-11-22 15:23:00+00:00,pullback_short_open_fa4d3938b097,-1,market,0.0,1,1,20,4,18675.0
670825,670826,670826,670826,closed,target,21976.5,21972.5,21976.25,21972.75,21996.5,21972.5,4.0,3.5,3.0,60.0,10.0,0.5,1.0,1.0,1.25,2024-11-22 15:27:00+00:00,2024-11-22 15:27:00+00:00,2024-11-22 15:28:00+00:00,2024-11-22 15:28:00+00:00,pullback_short_open_fa4d3938b097,-1,market,0.0,1,1,20,4,18735.0
670826,670827,670827,670827,closed,target,21965.0,21961.0,21964.75,21961.25,21985.0,21961.0,4.0,3.5,3.0,60.0,10.0,0.5,1.0,1.0,0.5,2024-11-22 15:28:00+00:00,2024-11-22 15:28:00+00:00,2024-11-22 15:29:00+00:00,2024-11-22 15:29:00+00:00,pullback_short_open_fa4d3938b097,-1,market,0.0,1,1,20,4,18795.0
670832,670833,670833,670833,closed,target,21948.5,21944.5,21948.25,21944.75,21968.5,21944.5,4.0,3.5,3.0,60.0,10.0,0.5,1.0,1.0,4.5,2024-11-22 15:34:00+00:00,2024-11-22 15:34:00+00:00,2024-11-22 15:35:00+00:00,2024-11-22 15:35:00+00:00,pullback_short_open_fa4d3938b097,-1,market,0.0,1,1,20,4,18855.0
672138,672139,672139,672139,closed,target,22195.0,22191.0,22194.75,22191.25,22215.0,22191.0,4.0,3.5,3.0,60.0,10.0,0.5,1.0,1.0,17.5,2024-11-25 14:36:00+00:00,2024-11-25 14:36:00+00:00,2024-11-25 14:37:00+00:00,2024-11-25 14:37:00+00:00,pullback_short_open_fa4d3938b097,-1,market,0.0,1,1,20,4,18915.0
672162,672163,672163,672163,closed,target,22142.25,22138.25,22142.0,22138.5,22162.25,22138.25,4.0,3.5,3.0,60.0,10.0,0.5,1.0,1.0,1.5,2024-11-25 15:00:00+00:00,2024-11-25 15:00:00+00:00,2024-11-25 15:01:00+00:00,2024-11-25 15:01:00+00:00,pullback_short_open_fa4d3938b097,-1,market,0.0,1,1,20,4,18975.0
672180,672181,672181,672181,closed,target,22106.25,22102.25,22106.0,22102.5,22126.25,22102.25,4.0,3.5,3.0,60.0,10.0,0.5,1.0,1.0,4.5,2024-11-25 15:18:00+00:00,2024-11-25 15:18:00+00:00,2024-11-25 15:19:00+00:00,2024-11-25 15:19:00+00:00,pullback_short_open_fa4d3938b097,-1,market,0.0,1,1,20,4,19035.0
672182,672183,672183,672183,closed,target,22087.75,22083.75,22087.5,22084.0,22107.75,22083.75,4.0,3.5,3.0,60.0,10.0,0.5,1.0,1.0,16.5,2024-11-25 15:20:00+00:00,2024-11-25 15:20:00+00:00,2024-11-25 15:21:00+00:00,2024-11-25 15:21:00+00:00,pullback_short_open_fa4d3938b097,-1,market,0.0,1,1,20,4,19095.0
672189,672190,672190,672190,closed,timeout,22106.75,22118.5,22106.5,22118.75,22126.75,22102.75,-11.75,-12.25,-12.75,-255.0,10.0,0.5,1.0,1.0,15.0,2024-11-25 15:27:00+00:00,2024-11-25 15:27:00+00:00,2024-11-25 15:28:00+00:00,2024-11-25 15:28:00+00:00,pullback_short_open_fa4d3938b097,-1,market,0.0,1,1,20,4,18840.0
672191,672192,672192,672192,closed,timeout,22112.75,22128.5,22112.5,22128.75,22132.75,22108.75,-15.75,-16.25,-16.75,-335.0,10.0,0.5,1.0,1.0,18.0,2024-11-25 15:29:00+00:00,2024-11-25 15:29:00+00:00,2024-11-25 15:30:00+00:00,2024-11-25 15:30:00+00:00,pullback_short_open_fa4d3938b097,-1,market,0.0,1,1,20,4,18505.0
673526,673527,673527,673527,closed,target,22161.75,22157.75,22161.5,22158.0,22181.75,22157.75,4.0,3.5,3.0,60.0,10.0,0.5,1.0,1.0,11.0,2024-11-26 14:59:00+00:00,2024-11-26 14:59:00+00:00,2024-11-26 15:00:00+00:00,2024-11-26 15:00:00+00:00,pullback_short_open_fa4d3938b097,-1,market,0.0,1,1,20,4,18565.0
673533,673534,673534,673534,closed,timeout,22163.75,22180.75,22163.5,22181.0,22183.75,22159.75,-17.0,-17.5,-18.0,-360.0,10.0,0.5,1.0,1.0,17.5,2024-11-26 15:06:00+00:00,2024-11-26 15:06:00+00:00,2024-11-26 15:07:00+00:00,2024-11-26 15:07:00+00:00,pullback_short_open_fa4d3938b097,-1,market,0.0,1,1,20,4,18205.0
673552,673553,673553,673553,closed,target,22136.75,22132.75,22136.5,22133.0,22156.75,22132.75,4.0,3.5,3.0,60.0,10.0,0.5,1.0,1.0,2.75,2024-11-26 15:25:00+00:00,2024-11-26 15:25:00+00:00,2024-11-26 15:26:00+00:00,2024-11-26 15:26:00+00:00,pullback_short_open_fa4d3938b097,-1,market,0.0,1,1,20,4,18265.0
673562,673563,673563,673563,closed,target,22150.25,22146.25,22150.0,22146.5,22170.25,22146.25,4.0,3.5,3.0,60.0,10.0,0.5,1.0,1.0,0.25,2024-11-26 15:35:00+00:00,2024-11-26 15:35:00+00:00,2024-11-26 15:36:00+00:00,2024-11-26 15:36:00+00:00,pullback_short_open_fa4d3938b097,-1,market,0.0,1,1,20,4,18325.0
674867,674868,674868,674868,closed,target,22085.5,22081.5,22085.25,22081.75,22105.5,22081.5,4.0,3.5,3.0,60.0,10.0,0.5,1.0,1.0,1.25,2024-11-27 14:35:00+00:00,2024-11-27 14:35:00+00:00,2024-11-27 14:36:00+00:00,2024-11-27 14:36:00+00:00,pullback_short_open_fa4d3938b097,-1,market,0.0,1,1,20,4,18385.0
674869,674870,674870,674870,closed,target,22069.75,22065.75,22069.5,22066.0,22089.75,22065.75,4.0,3.5,3.0,60.0,10.0,0.5,1.0,1.0,8.25,2024-11-27 14:37:00+00:00,2024-11-27 14:37:00+00:00,2024-11-27 14:38:00+00:00,2024-11-27 14:38:00+00:00,pullback_short_open_fa4d3938b097,-1,market,0.0,1,1,20,4,18445.0
674878,674879,674879,674879,closed,timeout,22073.75,22090.25,22073.5,22090.5,22093.75,22069.75,-16.5,-17.0,-17.5,-350.0,10.0,0.5,1.0,1.0,19.5,2024-11-27 14:46:00+00:00,2024-11-27 14:46:00+00:00,2024-11-27 14:47:00+00:00,2024-11-27 14:47:00+00:00,pullback_short_open_fa4d3938b097,-1,market,0.0,1,1,20,4,18095.0
674882,674883,674883,674883,closed,target,22083.0,22079.0,22082.75,22079.25,22103.0,22079.0,4.0,3.5,3.0,60.0,10.0,0.5,1.0,1.0,2.5,2024-11-27 14:50:00+00:00,2024-11-27 14:50:00+00:00,2024-11-27 14:51:00+00:00,2024-11-27 14:51:00+00:00,pullback_short_open_fa4d3938b097,-1,market,0.0,1,1,20,4,18155.0
674893,674894,674894,674894,closed,target,22044.25,22040.25,22044.0,22040.5,22064.25,22040.25,4.0,3.5,3.0,60.0,10.0,0.5,1.0,1.0,3.75,2024-11-27 15:01:00+00:00,2024-11-27 15:01:00+00:00,2024-11-27 15:02:00+00:00,2024-11-27 15:02:00+00:00,pullback_short_open_fa4d3938b097,-1,market,0.0,1,1,20,4,18215.0
674898,674899,674899,674899,closed,target,22046.5,22042.5,22046.25,22042.75,22066.5,22042.5,4.0,3.5,3.0,60.0,10.0,0.5,1.0,1.0,6.75,2024-11-27 15:06:00+00:00,2024-11-27 15:06:00+00:00,2024-11-27 15:07:00+00:00,2024-11-27 15:07:00+00:00,pullback_short_open_fa4d3938b097,-1,market,0.0,1,1,20,4,18275.0
674904,674905,674905,674905,closed,target,22031.0,22027.0,22030.75,22027.25,22051.0,22027.0,4.0,3.5,3.0,60.0,10.0,0.5,1.0,1.0,0.25,2024-11-27 15:12:00+00:00,2024-11-27 15:12:00+00:00,2024-11-27 15:13:00+00:00,2024-11-27 15:13:00+00:00,pullback_short_open_fa4d3938b097,-1,market,0.0,1,1,20,4,18335.0
674914,674915,674915,674915,closed,target,22004.0,22000.0,22003.75,22000.25,22024.0,22000.0,4.0,3.5,3.0,60.0,10.0,0.5,1.0,1.0,1.75,2024-11-27 15:22:00+00:00,2024-11-27 15:22:00+00:00,2024-11-27 15:23:00+00:00,2024-11-27 15:23:00+00:00,pullback_short_open_fa4d3938b097,-1,market,0.0,1,1,20,4,18395.0
674917,674918,674918,674918,closed,target,21991.75,21987.75,21991.5,21988.0,22011.75,21987.75,4.0,3.5,3.0,60.0,10.0,0.5,1.0,1.0,7.5,2024-11-27 15:25:00+00:00,2024-11-27 15:25:00+00:00,2024-11-27 15:26:00+00:00,2024-11-27 15:26:00+00:00,pullback_short_open_fa4d3938b097,-1,market,0.0,1,1,20,4,18455.0
674922,674923,674923,674923,closed,target,21972.75,21968.75,21972.5,21969.0,21992.75,21968.75,4.0,3.5,3.0,60.0,10.0,0.5,1.0,1.0,7.5,2024-11-27 15:30:00+00:00,2024-11-27 15:30:00+00:00,2024-11-27 15:31:00+00:00,2024-11-27 15:31:00+00:00,pullback_short_open_fa4d3938b097,-1,market,0.0,1,1,20,4,18515.0
674938,674939,674939,674939,closed,timeout,21967.0,21967.75,21966.75,21968.0,21987.0,21963.0,-0.75,-1.25,-1.75,-35.0,10.0,0.5,1.0,1.0,3.25,2024-11-27 15:46:00+00:00,2024-11-27 15:46:00+00:00,2024-11-27 15:47:00+00:00,2024-11-27 15:47:00+00:00,pullback_short_open_fa4d3938b097,-1,market,0.0,1,1,20,4,18480.0
674948,674949,674949,674949,closed,target,21941.0,21937.0,21940.75,21937.25,21961.0,21937.0,4.0,3.5,3.0,60.0,10.0,0.5,1.0,1.0,7.0,2024-11-27 15:56:00+00:00,2024-11-27 15:56:00+00:00,2024-11-27 15:57:00+00:00,2024-11-27 15:57:00+00:00,pullback_short_open_fa4d3938b097,-1,market,0.0,1,1,20,4,18540.0
676274,676275,676275,676275,closed,timeout,22085.75,22087.5,22085.5,22087.75,22105.75,22081.75,-1.75,-2.25,-2.75,-55.0,10.0,0.5,1.0,1.0,2.0,2024-11-28 15:17:00+00:00,2024-11-28 15:17:00+00:00,2024-11-28 15:18:00+00:00,2024-11-28 15:18:00+00:00,pullback_short_open_fa4d3938b097,-1,market,0.0,1,1,20,4,18485.0
678593,678594,678594,678594,closed,target,22357.0,22353.0,22356.75,22353.25,22377.0,22353.0,4.0,3.5,3.0,60.0,10.0,0.5,1.0,1.0,2.0,2024-12-02 15:56:00+00:00,2024-12-02 15:56:00+00:00,2024-12-02 15:57:00+00:00,2024-12-02 15:57:00+00:00,pullback_short_open_fa4d3938b097,-1,market,0.0,1,1,20,4,18545.0
678594,678595,678595,678595,closed,target,22352.75,22348.75,22352.5,22349.0,22372.75,22348.75,4.0,3.5,3.0,60.0,10.0,0.5,1.0,1.0,1.5,2024-12-02 15:57:00+00:00,2024-12-02 15:57:00+00:00,2024-12-02 15:58:00+00:00,2024-12-02 15:58:00+00:00,pullback_short_open_fa4d3938b097,-1,market,0.0,1,1,20,4,18605.0
679928,679929,679929,679929,closed,target,22386.25,22382.25,22386.0,22382.5,22406.25,22382.25,4.0,3.5,3.0,60.0,10.0,0.5,1.0,1.0,6.25,2024-12-03 15:26:00+00:00,2024-12-03 15:26:00+00:00,2024-12-03 15:27:00+00:00,2024-12-03 15:27:00+00:00,pullback_short_open_fa4d3938b097,-1,market,0.0,1,1,20,4,18665.0
679932,679933,679933,679933,closed,timeout,22375.0,22382.75,22374.75,22383.0,22395.0,22371.0,-7.75,-8.25,-8.75,-175.0,10.0,0.5,1.0,1.0,8.75,2024-12-03 15:30:00+00:00,2024-12-03 15:30:00+00:00,2024-12-03 15:31:00+00:00,2024-12-03 15:31:00+00:00,pullback_short_open_fa4d3938b097,-1,market,0.0,1,1,20,4,18490.0
679937,679938,679938,679938,closed,stop,22391.25,22411.25,22391.0,22411.5,22411.25,22387.25,-20.0,-20.5,-21.0,-420.0,10.0,0.5,1.0,1.0,21.0,2024-12-03 15:35:00+00:00,2024-12-03 15:35:00+00:00,2024-12-03 15:36:00+00:00,2024-12-03 15:36:00+00:00,pullback_short_open_fa4d3938b097,-1,market,0.0,1,1,20,4,18070.0
679940,679941,679941,679941,closed,timeout,22400.75,22402.5,22400.5,22402.75,22420.75,22396.75,-1.75,-2.25,-2.75,-55.0,10.0,0.5,1.0,1.0,5.0,2024-12-03 15:38:00+00:00,2024-12-03 15:38:00+00:00,2024-12-03 15:39:00+00:00,2024-12-03 15:39:00+00:00,pullback_short_open_fa4d3938b097,-1,market,0.0,1,1,20,4,18015.0
679954,679955,679955,679955,closed,target,22378.75,22374.75,22378.5,22375.0,22398.75,22374.75,4.0,3.5,3.0,60.0,10.0,0.5,1.0,1.0,0.75,2024-12-03 15:52:00+00:00,2024-12-03 15:52:00+00:00,2024-12-03 15:53:00+00:00,2024-12-03 15:53:00+00:00,pullback_short_open_fa4d3938b097,-1,market,0.0,1,1,20,4,18075.0
679958,679959,679959,679959,closed,timeout,22372.5,22385.0,22372.25,22385.25,22392.5,22368.5,-12.5,-13.0,-13.5,-270.0,10.0,0.5,1.0,1.0,13.75,2024-12-03 15:56:00+00:00,2024-12-03 15:56:00+00:00,2024-12-03 15:57:00+00:00,2024-12-03 15:57:00+00:00,pullback_short_open_fa4d3938b097,-1,market,0.0,1,1,20,4,17805.0
681241,681242,681242,681242,closed,target,22606.5,22602.5,22606.25,22602.75,22626.5,22602.5,4.0,3.5,3.0,60.0,10.0,0.5,1.0,1.0,11.5,2024-12-04 14:35:00+00:00,2024-12-04 14:35:00+00:00,2024-12-04 14:36:00+00:00,2024-12-04 14:36:00+00:00,pullback_short_open_fa4d3938b097,-1,market,0.0,1,1,20,4,17865.0
681252,681253,681253,681253,closed,timeout,22607.0,22613.75,22606.75,22614.0,22627.0,22603.0,-6.75,-7.25,-7.75,-155.0,10.0,0.5,1.0,1.0,7.25,2024-12-04 14:46:00+00:00,2024-12-04 14:46:00+00:00,2024-12-04 14:47:00+00:00,2024-12-04 14:47:00+00:00,pullback_short_open_fa4d3938b097,-1,market,0.0,1,1,20,4,17710.0
682624,682625,682625,682625,closed,timeout,22711.0,22712.0,22710.75,22712.25,22731.0,22707.0,-1.0,-1.5,-2.0,-40.0,10.0,0.5,1.0,1.0,5.75,2024-12-05 14:53:00+00:00,2024-12-05 14:53:00+00:00,2024-12-05 14:54:00+00:00,2024-12-05 14:54:00+00:00,pullback_short_open_fa4d3938b097,-1,market,0.0,1,1,20,4,17670.0
682636,682637,682637,682637,closed,target,22718.0,22714.0,22717.75,22714.25,22738.0,22714.0,4.0,3.5,3.0,60.0,10.0,0.5,1.0,1.0,2.5,2024-12-05 15:05:00+00:00,2024-12-05 15:05:00+00:00,2024-12-05 15:06:00+00:00,2024-12-05 15:06:00+00:00,pullback_short_open_fa4d3938b097,-1,market,0.0,1,1,20,4,17730.0
682637,682638,682638,682638,closed,target,22713.25,22709.25,22713.0,22709.5,22733.25,22709.25,4.0,3.5,3.0,60.0,10.0,0.5,1.0,1.0,1.5,2024-12-05 15:06:00+00:00,2024-12-05 15:06:00+00:00,2024-12-05 15:07:00+00:00,2024-12-05 15:07:00+00:00,pullback_short_open_fa4d3938b097,-1,market,0.0,1,1,20,4,17790.0
682661,682662,682662,682662,closed,timeout,22715.75,22717.25,22715.5,22717.5,22735.75,22711.75,-1.5,-2.0,-2.5,-50.0,10.0,0.5,1.0,1.0,8.25,2024-12-05 15:30:00+00:00,2024-12-05 15:30:00+00:00,2024-12-05 15:31:00+00:00,2024-12-05 15:31:00+00:00,pullback_short_open_fa4d3938b097,-1,market,0.0,1,1,20,4,17740.0
682683,682684,682684,682684,closed,timeout,22692.5,22695.5,22692.25,22695.75,22712.5,22688.5,-3.0,-3.5,-4.0,-80.0,10.0,0.5,1.0,1.0,5.5,2024-12-05 15:52:00+00:00,2024-12-05 15:52:00+00:00,2024-12-05 15:53:00+00:00,2024-12-05 15:53:00+00:00,pullback_short_open_fa4d3938b097,-1,market,0.0,1,1,20,4,17660.0
682687,682688,682688,682688,closed,timeout,22706.75,22705.0,22706.5,22705.25,22726.75,22702.75,1.75,1.25,0.75,15.0,10.0,0.5,1.0,1.0,5.5,2024-12-05 15:56:00+00:00,2024-12-05 15:56:00+00:00,2024-12-05 15:57:00+00:00,2024-12-05 15:57:00+00:00,pullback_short_open_fa4d3938b097,-1,market,0.0,1,1,20,4,17675.0
684044,684045,684045,684045,closed,target,22819.75,22815.75,22819.5,22816.0,22839.75,22815.75,4.0,3.5,3.0,60.0,10.0,0.5,1.0,1.0,5.75,2024-12-06 15:48:00+00:00,2024-12-06 15:48:00+00:00,2024-12-06 15:49:00+00:00,2024-12-06 15:49:00+00:00,pullback_short_open_fa4d3938b097,-1,market,0.0,1,1,20,4,17735.0
684046,684047,684047,684047,closed,target,22821.25,22817.25,22821.0,22817.5,22841.25,22817.25,4.0,3.5,3.0,60.0,10.0,0.5,1.0,1.0,6.0,2024-12-06 15:50:00+00:00,2024-12-06 15:50:00+00:00,2024-12-06 15:51:00+00:00,2024-12-06 15:51:00+00:00,pullback_short_open_fa4d3938b097,-1,market,0.0,1,1,20,4,17795.0
685336,685337,685337,685337,closed,timeout,22788.5,22797.75,22788.25,22798.0,22808.5,22784.5,-9.25,-9.75,-10.25,-205.0,10.0,0.5,1.0,1.0,16.0,2024-12-09 14:35:00+00:00,2024-12-09 14:35:00+00:00,2024-12-09 14:36:00+00:00,2024-12-09 14:36:00+00:00,pullback_short_open_fa4d3938b097,-1,market,0.0,1,1,20,4,17590.0
685367,685368,685368,685368,closed,target,22816.25,22812.25,22816.0,22812.5,22836.25,22812.25,4.0,3.5,3.0,60.0,10.0,0.5,1.0,1.0,0.25,2024-12-09 15:06:00+00:00,2024-12-09 15:06:00+00:00,2024-12-09 15:07:00+00:00,2024-12-09 15:07:00+00:00,pullback_short_open_fa4d3938b097,-1,market,0.0,1,1,20,4,17650.0
685371,685372,685372,685372,closed,timeout,22816.25,22815.75,22816.0,22816.0,22836.25,22812.25,0.5,-0.0,-0.5,-10.0,10.0,0.5,1.0,1.0,4.75,2024-12-09 15:10:00+00:00,2024-12-09 15:10:00+00:00,2024-12-09 15:11:00+00:00,2024-12-09 15:11:00+00:00,pullback_short_open_fa4d3938b097,-1,market,0.0,1,1,20,4,17640.0
685376,685377,685377,685377,closed,target,22810.25,22806.25,22810.0,22806.5,22830.25,22806.25,4.0,3.5,3.0,60.0,10.0,0.5,1.0,1.0,1.0,2024-12-09 15:15:00+00:00,2024-12-09 15:15:00+00:00,2024-12-09 15:16:00+00:00,2024-12-09 15:16:00+00:00,pullback_short_open_fa4d3938b097,-1,market,0.0,1,1,20,4,17700.0
685381,685382,685382,685382,closed,timeout,22804.0,22807.0,22803.75,22807.25,22824.0,22800.0,-3.0,-3.5,-4.0,-80.0,10.0,0.5,1.0,1.0,6.5,2024-12-09 15:20:00+00:00,2024-12-09 15:20:00+00:00,2024-12-09 15:21:00+00:00,2024-12-09 15:21:00+00:00,pullback_short_open_fa4d3938b097,-1,market,0.0,1,1,20,4,17620.0
685394,685395,685395,685395,closed,target,22761.25,22757.25,22761.0,22757.5,22781.25,22757.25,4.0,3.5,3.0,60.0,10.0,0.5,1.0,1.0,6.5,2024-12-09 15:33:00+00:00,2024-12-09 15:33:00+00:00,2024-12-09 15:34:00+00:00,2024-12-09 15:34:00+00:00,pullback_short_open_fa4d3938b097,-1,market,0.0,1,1,20,4,17680.0
685406,685407,685407,685407,closed,timeout,22742.25,22746.5,22742.0,22746.75,22762.25,22738.25,-4.25,-4.75,-5.25,-105.0,10.0,0.5,1.0,1.0,10.0,2024-12-09 15:45:00+00:00,2024-12-09 15:45:00+00:00,2024-12-09 15:46:00+00:00,2024-12-09 15:46:00+00:00,pullback_short_open_fa4d3938b097,-1,market,0.0,1,1,20,4,17575.0
686760,686761,686761,686761,closed,target,22763.5,22759.5,22763.25,22759.75,22783.5,22759.5,4.0,3.5,3.0,60.0,10.0,0.5,1.0,1.0,11.5,2024-12-10 15:34:00+00:00,2024-12-10 15:34:00+00:00,2024-12-10 15:35:00+00:00,2024-12-10 15:35:00+00:00,pullback_short_open_fa4d3938b097,-1,market,0.0,1,1,20,4,17635.0
686762,686763,686763,686763,closed,timeout,22755.25,22762.0,22755.0,22762.25,22775.25,22751.25,-6.75,-7.25,-7.75,-155.0,10.0,0.5,1.0,1.0,9.0,2024-12-10 15:36:00+00:00,2024-12-10 15:36:00+00:00,2024-12-10 15:37:00+00:00,2024-12-10 15:37:00+00:00,pullback_short_open_fa4d3938b097,-1,market,0.0,1,1,20,4,17480.0
686765,686766,686766,686766,closed,target,22766.5,22762.5,22766.25,22762.75,22786.5,22762.5,4.0,3.5,3.0,60.0,10.0,0.5,1.0,1.0,3.0,2024-12-10 15:39:00+00:00,2024-12-10 15:39:00+00:00,2024-12-10 15:40:00+00:00,2024-12-10 15:40:00+00:00,pullback_short_open_fa4d3938b097,-1,market,0.0,1,1,20,4,17540.0
686766,686767,686767,686767,closed,target,22762.0,22758.0,22761.75,22758.25,22782.0,22758.0,4.0,3.5,3.0,60.0,10.0,0.5,1.0,1.0,2.5,2024-12-10 15:40:00+00:00,2024-12-10 15:40:00+00:00,2024-12-10 15:41:00+00:00,2024-12-10 15:41:00+00:00,pullback_short_open_fa4d3938b097,-1,market,0.0,1,1,20,4,17600.0
686767,686768,686768,686768,closed,target,22758.5,22754.5,22758.25,22754.75,22778.5,22754.5,4.0,3.5,3.0,60.0,10.0,0.5,1.0,1.0,2.25,2024-12-10 15:41:00+00:00,2024-12-10 15:41:00+00:00,2024-12-10 15:42:00+00:00,2024-12-10 15:42:00+00:00,pullback_short_open_fa4d3938b097,-1,market,0.0,1,1,20,4,17660.0
686771,686772,686772,686772,closed,timeout,22760.75,22763.0,22760.5,22763.25,22780.75,22756.75,-2.25,-2.75,-3.25,-65.0,10.0,0.5,1.0,1.0,7.5,2024-12-10 15:45:00+00:00,2024-12-10 15:45:00+00:00,2024-12-10 15:46:00+00:00,2024-12-10 15:46:00+00:00,pullback_short_open_fa4d3938b097,-1,market,0.0,1,1,20,4,17595.0
689431,689432,689432,689432,closed,target,22861.5,22857.5,22861.25,22857.75,22881.5,22857.5,4.0,3.5,3.0,60.0,10.0,0.5,1.0,1.0,19.75,2024-12-12 14:36:00+00:00,2024-12-12 14:36:00+00:00,2024-12-12 14:37:00+00:00,2024-12-12 14:37:00+00:00,pullback_short_open_fa4d3938b097,-1,market,0.0,1,1,20,4,17655.0
689471,689472,689472,689472,closed,target,22832.5,22828.5,22832.25,22828.75,22852.5,22828.5,4.0,3.5,3.0,60.0,10.0,0.5,1.0,1.0,7.75,2024-12-12 15:16:00+00:00,2024-12-12 15:16:00+00:00,2024-12-12 15:17:00+00:00,2024-12-12 15:17:00+00:00,pullback_short_open_fa4d3938b097,-1,market,0.0,1,1,20,4,17715.0
690835,690836,690836,690836,closed,target,23059.75,23055.75,23059.5,23056.0,23079.75,23055.75,4.0,3.5,3.0,60.0,10.0,0.5,1.0,1.0,4.5,2024-12-13 15:15:00+00:00,2024-12-13 15:15:00+00:00,2024-12-13 15:16:00+00:00,2024-12-13 15:16:00+00:00,pullback_short_open_fa4d3938b097,-1,market,0.0,1,1,20,4,17775.0
690845,690846,690846,690846,closed,target,23033.25,23029.25,23033.0,23029.5,23053.25,23029.25,4.0,3.5,3.0,60.0,10.0,0.5,1.0,1.0,1.0,2024-12-13 15:25:00+00:00,2024-12-13 15:25:00+00:00,2024-12-13 15:26:00+00:00,2024-12-13 15:26:00+00:00,pullback_short_open_fa4d3938b097,-1,market,0.0,1,1,20,4,17835.0
690852,690853,690853,690853,closed,target,23016.5,23012.5,23016.25,23012.75,23036.5,23012.5,4.0,3.5,3.0,60.0,10.0,0.5,1.0,1.0,1.5,2024-12-13 15:32:00+00:00,2024-12-13 15:32:00+00:00,2024-12-13 15:33:00+00:00,2024-12-13 15:33:00+00:00,pullback_short_open_fa4d3938b097,-1,market,0.0,1,1,20,4,17895.0
690853,690854,690854,690854,closed,target,23008.75,23004.75,23008.5,23005.0,23028.75,23004.75,4.0,3.5,3.0,60.0,10.0,0.5,1.0,1.0,1.75,2024-12-13 15:33:00+00:00,2024-12-13 15:33:00+00:00,2024-12-13 15:34:00+00:00,2024-12-13 15:34:00+00:00,pullback_short_open_fa4d3938b097,-1,market,0.0,1,1,20,4,17955.0
690871,690872,690872,690872,closed,target,22948.5,22944.5,22948.25,22944.75,22968.5,22944.5,4.0,3.5,3.0,60.0,10.0,0.5,1.0,1.0,5.25,2024-12-13 15:51:00+00:00,2024-12-13 15:51:00+00:00,2024-12-13 15:52:00+00:00,2024-12-13 15:52:00+00:00,pullback_short_open_fa4d3938b097,-1,market,0.0,1,1,20,4,18015.0
690875,690876,690876,690876,closed,target,22930.75,22926.75,22930.5,22927.0,22950.75,22926.75,4.0,3.5,3.0,60.0,10.0,0.5,1.0,1.0,6.5,2024-12-13 15:55:00+00:00,2024-12-13 15:55:00+00:00,2024-12-13 15:56:00+00:00,2024-12-13 15:56:00+00:00,pullback_short_open_fa4d3938b097,-1,market,0.0,1,1,20,4,18075.0
690876,690877,690877,690877,closed,target,22923.0,22919.0,22922.75,22919.25,22943.0,22919.0,4.0,3.5,3.0,60.0,10.0,0.5,1.0,1.0,2.5,2024-12-13 15:56:00+00:00,2024-12-13 15:56:00+00:00,2024-12-13 15:57:00+00:00,2024-12-13 15:57:00+00:00,pullback_short_open_fa4d3938b097,-1,market,0.0,1,1,20,4,18135.0
692238,692239,692239,692239,closed,target,23206.0,23202.0,23205.75,23202.25,23226.0,23202.0,4.0,3.5,3.0,60.0,10.0,0.5,1.0,1.0,3.0,2024-12-16 15:58:00+00:00,2024-12-16 15:58:00+00:00,2024-12-16 15:59:00+00:00,2024-12-16 15:59:00+00:00,pullback_short_open_fa4d3938b097,-1,market,0.0,1,1,20,4,18195.0
692239,692240,692240,692240,closed,target,23202.0,23198.0,23201.75,23198.25,23222.0,23198.0,4.0,3.5,3.0,60.0,10.0,0.5,1.0,1.0,2.25,2024-12-16 15:59:00+00:00,2024-12-16 15:59:00+00:00,2024-12-16 16:00:00+00:00,2024-12-16 16:00:00+00:00,pullback_short_open_fa4d3938b097,-1,market,0.0,1,1,20,4,18255.0
693520,693521,693521,693521,closed,target,23212.25,23208.25,23212.0,23208.5,23232.25,23208.25,4.0,3.5,3.0,60.0,10.0,0.5,1.0,1.0,11.0,2024-12-17 14:37:00+00:00,2024-12-17 14:37:00+00:00,2024-12-17 14:38:00+00:00,2024-12-17 14:38:00+00:00,pullback_short_open_fa4d3938b097,-1,market,0.0,1,1,20,4,18315.0
693524,693525,693525,693525,closed,stop,23210.25,23230.25,23210.0,23230.5,23230.25,23206.25,-20.0,-20.5,-21.0,-420.0,10.0,0.5,1.0,1.0,22.5,2024-12-17 14:41:00+00:00,2024-12-17 14:41:00+00:00,2024-12-17 14:42:00+00:00,2024-12-17 14:42:00+00:00,pullback_short_open_fa4d3938b097,-1,market,0.0,1,1,20,4,17895.0
693551,693552,693552,693552,closed,target,23211.5,23207.5,23211.25,23207.75,23231.5,23207.5,4.0,3.5,3.0,60.0,10.0,0.5,1.0,1.0,13.5,2024-12-17 15:08:00+00:00,2024-12-17 15:08:00+00:00,2024-12-17 15:09:00+00:00,2024-12-17 15:09:00+00:00,pullback_short_open_fa4d3938b097,-1,market,0.0,1,1,20,4,17955.0
693554,693555,693555,693555,closed,target,23208.75,23204.75,23208.5,23205.0,23228.75,23204.75,4.0,3.5,3.0,60.0,10.0,0.5,1.0,1.0,4.5,2024-12-17 15:11:00+00:00,2024-12-17 15:11:00+00:00,2024-12-17 15:12:00+00:00,2024-12-17 15:12:00+00:00,pullback_short_open_fa4d3938b097,-1,market,0.0,1,1,20,4,18015.0
693571,693572,693572,693572,closed,target,23167.0,23163.0,23166.75,23163.25,23187.0,23163.0,4.0,3.5,3.0,60.0,10.0,0.5,1.0,1.0,9.0,2024-12-17 15:28:00+00:00,2024-12-17 15:28:00+00:00,2024-12-17 15:29:00+00:00,2024-12-17 15:29:00+00:00,pullback_short_open_fa4d3938b097,-1,market,0.0,1,1,20,4,18075.0
693576,693577,693577,693577,closed,target,23174.5,23170.5,23174.25,23170.75,23194.5,23170.5,4.0,3.5,3.0,60.0,10.0,0.5,1.0,1.0,2.75,2024-12-17 15:33:00+00:00,2024-12-17 15:33:00+00:00,2024-12-17 15:34:00+00:00,2024-12-17 15:34:00+00:00,pullback_short_open_fa4d3938b097,-1,market,0.0,1,1,20,4,18135.0
693577,693578,693578,693578,closed,timeout,23168.25,23174.0,23168.0,23174.25,23188.25,23164.25,-5.75,-6.25,-6.75,-135.0,10.0,0.5,1.0,1.0,12.0,2024-12-17 15:34:00+00:00,2024-12-17 15:34:00+00:00,2024-12-17 15:35:00+00:00,2024-12-17 15:35:00+00:00,pullback_short_open_fa4d3938b097,-1,market,0.0,1,1,20,4,18000.0
694892,694893,694893,694893,closed,stop,23168.0,23188.0,23167.75,23188.25,23188.0,23164.0,-20.0,-20.5,-21.0,-420.0,10.0,0.5,1.0,1.0,20.5,2024-12-18 14:44:00+00:00,2024-12-18 14:44:00+00:00,2024-12-18 14:45:00+00:00,2024-12-18 14:45:00+00:00,pullback_short_open_fa4d3938b097,-1,market,0.0,1,1,20,4,17580.0
694894,694895,694895,694895,closed,target,23174.25,23170.25,23174.0,23170.5,23194.25,23170.25,4.0,3.5,3.0,60.0,10.0,0.5,1.0,1.0,8.5,2024-12-18 14:46:00+00:00,2024-12-18 14:46:00+00:00,2024-12-18 14:47:00+00:00,2024-12-18 14:47:00+00:00,pullback_short_open_fa4d3938b097,-1,market,0.0,1,1,20,4,17640.0
694895,694896,694896,694896,closed,timeout,23166.0,23178.75,23165.75,23179.0,23186.0,23162.0,-12.75,-13.25,-13.75,-275.0,10.0,0.5,1.0,1.0,20.0,2024-12-18 14:47:00+00:00,2024-12-18 14:47:00+00:00,2024-12-18 14:48:00+00:00,2024-12-18 14:48:00+00:00,pullback_short_open_fa4d3938b097,-1,market,0.0,1,1,20,4,17365.0
696262,696263,696263,696263,closed,target,22522.5,22518.5,22522.25,22518.75,22542.5,22518.5,4.0,3.5,3.0,60.0,10.0,0.5,1.0,1.0,10.75,2024-12-19 14:49:00+00:00,2024-12-19 14:49:00+00:00,2024-12-19 14:50:00+00:00,2024-12-19 14:50:00+00:00,pullback_short_open_fa4d3938b097,-1,market,0.0,1,1,20,4,17425.0
696272,696273,696273,696273,closed,target,22486.75,22482.75,22486.5,22483.0,22506.75,22482.75,4.0,3.5,3.0,60.0,10.0,0.5,1.0,1.0,13.5,2024-12-19 14:59:00+00:00,2024-12-19 14:59:00+00:00,2024-12-19 15:00:00+00:00,2024-12-19 15:00:00+00:00,pullback_short_open_fa4d3938b097,-1,market,0.0,1,1,20,4,17485.0
696313,696314,696314,696314,closed,stop,22413.75,22433.75,22413.5,22434.0,22433.75,22409.75,-20.0,-20.5,-21.0,-420.0,10.0,0.5,1.0,1.0,21.0,2024-12-19 15:40:00+00:00,2024-12-19 15:40:00+00:00,2024-12-19 15:41:00+00:00,2024-12-19 15:41:00+00:00,pullback_short_open_fa4d3938b097,-1,market,0.0,1,1,20,4,17065.0
699021,699022,699022,699022,closed,target,22451.0,22447.0,22450.75,22447.25,22471.0,22447.0,4.0,3.5,3.0,60.0,10.0,0.5,1.0,1.0,7.25,2024-12-23 15:18:00+00:00,2024-12-23 15:18:00+00:00,2024-12-23 15:19:00+00:00,2024-12-23 15:19:00+00:00,pullback_short_open_fa4d3938b097,-1,market,0.0,1,1,20,4,17125.0
699028,699029,699029,699029,closed,target,22461.0,22457.0,22460.75,22457.25,22481.0,22457.0,4.0,3.5,3.0,60.0,10.0,0.5,1.0,1.0,4.25,2024-12-23 15:25:00+00:00,2024-12-23 15:25:00+00:00,2024-12-23 15:26:00+00:00,2024-12-23 15:26:00+00:00,pullback_short_open_fa4d3938b097,-1,market,0.0,1,1,20,4,17185.0
700342,700343,700343,700343,closed,timeout,22732.5,22736.5,22732.25,22736.75,22752.5,22728.5,-4.0,-4.5,-5.0,-100.0,10.0,0.5,1.0,1.0,14.0,2024-12-24 14:34:00+00:00,2024-12-24 14:34:00+00:00,2024-12-24 14:35:00+00:00,2024-12-24 14:35:00+00:00,pullback_short_open_fa4d3938b097,-1,market,0.0,1,1,20,4,17085.0
700344,700345,700345,700345,closed,target,22732.0,22728.0,22731.75,22728.25,22752.0,22728.0,4.0,3.5,3.0,60.0,10.0,0.5,1.0,1.0,12.75,2024-12-24 14:36:00+00:00,2024-12-24 14:36:00+00:00,2024-12-24 14:37:00+00:00,2024-12-24 14:37:00+00:00,pullback_short_open_fa4d3938b097,-1,market,0.0,1,1,20,4,17145.0
701506,701507,701507,701507,closed,stop,22845.5,22865.5,22845.25,22865.75,22865.5,22841.5,-20.0,-20.5,-21.0,-420.0,10.0,0.5,1.0,1.0,34.0,2024-12-26 14:59:00+00:00,2024-12-26 14:59:00+00:00,2024-12-26 15:00:00+00:00,2024-12-26 15:00:00+00:00,pullback_short_open_fa4d3938b097,-1,market,0.0,1,1,20,4,16725.0
701509,701510,701510,701510,closed,target,22869.0,22865.0,22868.75,22865.25,22889.0,22865.0,4.0,3.5,3.0,60.0,10.0,0.5,1.0,1.0,7.0,2024-12-26 15:02:00+00:00,2024-12-26 15:02:00+00:00,2024-12-26 15:03:00+00:00,2024-12-26 15:03:00+00:00,pullback_short_open_fa4d3938b097,-1,market,0.0,1,1,20,4,16785.0
702854,702855,702855,702855,closed,target,22628.25,22624.25,22628.0,22624.5,22648.25,22624.25,4.0,3.5,3.0,60.0,10.0,0.5,1.0,1.0,3.25,2024-12-27 14:42:00+00:00,2024-12-27 14:42:00+00:00,2024-12-27 14:43:00+00:00,2024-12-27 14:43:00+00:00,pullback_short_open_fa4d3938b097,-1,market,0.0,1,1,20,4,16845.0
702862,702863,702863,702863,closed,target,22644.75,22640.75,22644.5,22641.0,22664.75,22640.75,4.0,3.5,3.0,60.0,10.0,0.5,1.0,1.0,0.75,2024-12-27 14:50:00+00:00,2024-12-27 14:50:00+00:00,2024-12-27 14:51:00+00:00,2024-12-27 14:51:00+00:00,pullback_short_open_fa4d3938b097,-1,market,0.0,1,1,20,4,16905.0
702863,702864,702864,702864,closed,stop,22623.75,22643.75,22623.5,22644.0,22643.75,22619.75,-20.0,-20.5,-21.0,-420.0,10.0,0.5,1.0,1.0,33.5,2024-12-27 14:51:00+00:00,2024-12-27 14:51:00+00:00,2024-12-27 14:52:00+00:00,2024-12-27 14:52:00+00:00,pullback_short_open_fa4d3938b097,-1,market,0.0,1,1,20,4,16485.0
702865,702866,702866,702866,closed,target,22644.0,22640.0,22643.75,22640.25,22664.0,22640.0,4.0,3.5,3.0,60.0,10.0,0.5,1.0,1.0,8.75,2024-12-27 14:53:00+00:00,2024-12-27 14:53:00+00:00,2024-12-27 14:54:00+00:00,2024-12-27 14:54:00+00:00,pullback_short_open_fa4d3938b097,-1,market,0.0,1,1,20,4,16545.0
702866,702867,702867,702867,closed,target,22631.75,22627.75,22631.5,22628.0,22651.75,22627.75,4.0,3.5,3.0,60.0,10.0,0.5,1.0,1.0,9.0,2024-12-27 14:54:00+00:00,2024-12-27 14:54:00+00:00,2024-12-27 14:55:00+00:00,2024-12-27 14:55:00+00:00,pullback_short_open_fa4d3938b097,-1,market,0.0,1,1,20,4,16605.0
702880,702881,702881,702881,closed,target,22497.75,22493.75,22497.5,22494.0,22517.75,22493.75,4.0,3.5,3.0,60.0,10.0,0.5,1.0,1.0,19.5,2024-12-27 15:08:00+00:00,2024-12-27 15:08:00+00:00,2024-12-27 15:09:00+00:00,2024-12-27 15:09:00+00:00,pullback_short_open_fa4d3938b097,-1,market,0.0,1,1,20,4,16665.0
702883,702884,702884,702884,closed,target,22501.0,22497.0,22500.75,22497.25,22521.0,22497.0,4.0,3.5,3.0,60.0,10.0,0.5,1.0,1.0,4.25,2024-12-27 15:11:00+00:00,2024-12-27 15:11:00+00:00,2024-12-27 15:12:00+00:00,2024-12-27 15:12:00+00:00,pullback_short_open_fa4d3938b097,-1,market,0.0,1,1,20,4,16725.0
702897,702898,702898,702898,closed,target,22480.5,22476.5,22480.25,22476.75,22500.5,22476.5,4.0,3.5,3.0,60.0,10.0,0.5,1.0,1.0,5.75,2024-12-27 15:25:00+00:00,2024-12-27 15:25:00+00:00,2024-12-27 15:26:00+00:00,2024-12-27 15:26:00+00:00,pullback_short_open_fa4d3938b097,-1,market,0.0,1,1,20,4,16785.0
702898,702899,702899,702899,closed,stop,22466.0,22486.0,22465.75,22486.25,22486.0,22462.0,-20.0,-20.5,-21.0,-420.0,10.0,0.5,1.0,1.0,21.0,2024-12-27 15:26:00+00:00,2024-12-27 15:26:00+00:00,2024-12-27 15:27:00+00:00,2024-12-27 15:27:00+00:00,pullback_short_open_fa4d3938b097,-1,market,0.0,1,1,20,4,16365.0
702907,702908,702908,702908,closed,timeout,22435.5,22442.5,22435.25,22442.75,22455.5,22431.5,-7.0,-7.5,-8.0,-160.0,10.0,0.5,1.0,1.0,19.75,2024-12-27 15:35:00+00:00,2024-12-27 15:35:00+00:00,2024-12-27 15:36:00+00:00,2024-12-27 15:36:00+00:00,pullback_short_open_fa4d3938b097,-1,market,0.0,1,1,20,4,16205.0
704209,704210,704210,704210,closed,target,22303.5,22299.5,22303.25,22299.75,22323.5,22299.5,4.0,3.5,3.0,60.0,10.0,0.5,1.0,1.0,13.5,2024-12-30 14:32:00+00:00,2024-12-30 14:32:00+00:00,2024-12-30 14:33:00+00:00,2024-12-30 14:33:00+00:00,pullback_short_open_fa4d3938b097,-1,market,0.0,1,1,20,4,16265.0
704210,704211,704211,704211,closed,target,22298.0,22294.0,22297.75,22294.25,22318.0,22294.0,4.0,3.5,3.0,60.0,10.0,0.5,1.0,1.0,10.5,2024-12-30 14:33:00+00:00,2024-12-30 14:33:00+00:00,2024-12-30 14:34:00+00:00,2024-12-30 14:34:00+00:00,pullback_short_open_fa4d3938b097,-1,market,0.0,1,1,20,4,16325.0
704214,704215,704215,704215,closed,stop,22258.0,22278.0,22257.75,22278.25,22278.0,22254.0,-20.0,-20.5,-21.0,-420.0,10.0,0.5,1.0,1.0,20.25,2024-12-30 14:37:00+00:00,2024-12-30 14:37:00+00:00,2024-12-30 14:38:00+00:00,2024-12-30 14:38:00+00:00,pullback_short_open_fa4d3938b097,-1,market,0.0,1,1,20,4,15905.0
704217,704218,704218,704218,closed,target,22274.75,22270.75,22274.5,22271.0,22294.75,22270.75,4.0,3.5,3.0,60.0,10.0,0.5,1.0,1.0,19.5,2024-12-30 14:40:00+00:00,2024-12-30 14:40:00+00:00,2024-12-30 14:41:00+00:00,2024-12-30 14:41:00+00:00,pullback_short_open_fa4d3938b097,-1,market,0.0,1,1,20,4,15965.0
704219,704220,704220,704220,closed,target,22266.0,22262.0,22265.75,22262.25,22286.0,22262.0,4.0,3.5,3.0,60.0,10.0,0.5,1.0,1.0,1.0,2024-12-30 14:42:00+00:00,2024-12-30 14:42:00+00:00,2024-12-30 14:43:00+00:00,2024-12-30 14:43:00+00:00,pullback_short_open_fa4d3938b097,-1,market,0.0,1,1,20,4,16025.0
704230,704231,704231,704231,closed,target,22249.5,22245.5,22249.25,22245.75,22269.5,22245.5,4.0,3.5,3.0,60.0,10.0,0.5,1.0,1.0,5.0,2024-12-30 14:53:00+00:00,2024-12-30 14:53:00+00:00,2024-12-30 14:54:00+00:00,2024-12-30 14:54:00+00:00,pullback_short_open_fa4d3938b097,-1,market,0.0,1,1,20,4,16085.0
704231,704232,704232,704232,closed,target,22237.5,22233.5,22237.25,22233.75,22257.5,22233.5,4.0,3.5,3.0,60.0,10.0,0.5,1.0,1.0,6.0,2024-12-30 14:54:00+00:00,2024-12-30 14:54:00+00:00,2024-12-30 14:55:00+00:00,2024-12-30 14:55:00+00:00,pullback_short_open_fa4d3938b097,-1,market,0.0,1,1,20,4,16145.0
704240,704241,704241,704241,closed,target,22195.75,22191.75,22195.5,22192.0,22215.75,22191.75,4.0,3.5,3.0,60.0,10.0,0.5,1.0,1.0,7.5,2024-12-30 15:03:00+00:00,2024-12-30 15:03:00+00:00,2024-12-30 15:04:00+00:00,2024-12-30 15:04:00+00:00,pullback_short_open_fa4d3938b097,-1,market,0.0,1,1,20,4,16205.0
704264,704265,704265,704265,closed,target,22188.75,22184.75,22188.5,22185.0,22208.75,22184.75,4.0,3.5,3.0,60.0,10.0,0.5,1.0,1.0,9.75,2024-12-30 15:27:00+00:00,2024-12-30 15:27:00+00:00,2024-12-30 15:28:00+00:00,2024-12-30 15:28:00+00:00,pullback_short_open_fa4d3938b097,-1,market,0.0,1,1,20,4,16265.0
704270,704271,704271,704271,closed,stop,22200.0,22220.0,22199.75,22220.25,22220.0,22196.0,-20.0,-20.5,-21.0,-420.0,10.0,0.5,1.0,1.0,24.25,2024-12-30 15:33:00+00:00,2024-12-30 15:33:00+00:00,2024-12-30 15:34:00+00:00,2024-12-30 15:34:00+00:00,pullback_short_open_fa4d3938b097,-1,market,0.0,1,1,20,4,15845.0
704273,704274,704274,704274,closed,target,22201.75,22197.75,22201.5,22198.0,22221.75,22197.75,4.0,3.5,3.0,60.0,10.0,0.5,1.0,1.0,9.75,2024-12-30 15:36:00+00:00,2024-12-30 15:36:00+00:00,2024-12-30 15:37:00+00:00,2024-12-30 15:37:00+00:00,pullback_short_open_fa4d3938b097,-1,market,0.0,1,1,20,4,15905.0
705578,705579,705579,705579,closed,target,22359.75,22355.75,22359.5,22356.0,22379.75,22355.75,4.0,3.5,3.0,60.0,10.0,0.5,1.0,1.0,9.25,2024-12-31 14:36:00+00:00,2024-12-31 14:36:00+00:00,2024-12-31 14:37:00+00:00,2024-12-31 14:37:00+00:00,pullback_short_open_fa4d3938b097,-1,market,0.0,1,1,20,4,15965.0
705618,705619,705619,705619,closed,target,22288.5,22284.5,22288.25,22284.75,22308.5,22284.5,4.0,3.5,3.0,60.0,10.0,0.5,1.0,1.0,18.5,2024-12-31 15:16:00+00:00,2024-12-31 15:16:00+00:00,2024-12-31 15:17:00+00:00,2024-12-31 15:17:00+00:00,pullback_short_open_fa4d3938b097,-1,market,0.0,1,1,20,4,16025.0
