detection_index,entry_index,exit_index,termination_index,status,reason,reference_entry,exit_reference_price,entry_price,exit_price,stop_price,target_price,gross_points,fill_pnl_points,net_points,net_dollars,fees_dollars,slippage_points,holding_bars,holding_minutes,mae_points,detection_timestamp,entry_timestamp,exit_timestamp,expiry_timestamp,pattern_id,direction,entry_kind,entry_offset_points,horizon,pending_bars,stop_points,target_points,balance_after_dollars
356051,356052,356052,356052,closed,timeout,18635.0,18631.75,18635.25,18631.5,18631.0,18667.0,-3.25,-3.75,-4.25,-85.0,10.0,0.5,1.0,1.0,3.5,2024-01-02 19:38:00+00:00,2024-01-02 19:38:00+00:00,2024-01-02 19:39:00+00:00,2024-01-02 19:39:00+00:00,pullback_long_late_8346db7cf1cc,1,market,0.0,1,1,4,32,49915.0
356127,356128,356128,356128,closed,stop,18637.0,18633.0,18637.25,18632.75,18633.0,18669.0,-4.0,-4.5,-5.0,-100.0,10.0,0.5,1.0,1.0,6.25,2024-01-02 20:54:00+00:00,2024-01-02 20:54:00+00:00,2024-01-02 20:55:00+00:00,2024-01-02 20:55:00+00:00,pullback_long_late_8346db7cf1cc,1,market,0.0,1,1,4,32,49815.0
357413,357414,357414,357414,closed,stop,18551.0,18547.0,18551.25,18546.75,18547.0,18583.0,-4.0,-4.5,-5.0,-100.0,10.0,0.5,1.0,1.0,8.25,2024-01-03 19:35:00+00:00,2024-01-03 19:35:00+00:00,2024-01-03 19:36:00+00:00,2024-01-03 19:36:00+00:00,pullback_long_late_8346db7cf1cc,1,market,0.0,1,1,4,32,49715.0
357416,357417,357417,357417,closed,timeout,18545.75,18548.25,18546.0,18548.0,18541.75,18577.75,2.5,2.0,1.5,30.0,10.0,0.5,1.0,1.0,0.5,2024-01-03 19:38:00+00:00,2024-01-03 19:38:00+00:00,2024-01-03 19:39:00+00:00,2024-01-03 19:39:00+00:00,pullback_long_late_8346db7cf1cc,1,market,0.0,1,1,4,32,49745.0
357478,357479,357479,357479,closed,timeout,18511.0,18512.75,18511.25,18512.5,18507.0,18543.0,1.75,1.25,0.75,15.0,10.0,0.5,1.0,1.0,3.75,2024-01-03 20:40:00+00:00,2024-01-03 20:40:00+00:00,2024-01-03 20:41:00+00:00,2024-01-03 20:41:00+00:00,pullback_long_late_8346db7cf1cc,1,market,0.0,1,1,4,32,49760.0
357479,357480,357480,357480,closed,stop,18513.5,18509.5,18513.75,18509.25,18509.5,18545.5,-4.0,-4.5,-5.0,-100.0,10.0,0.5,1.0,1.0,10.5,2024-01-03 20:41:00+00:00,2024-01-03 20:41:00+00:00,2024-01-03 20:42:00+00:00,2024-01-03 20:42:00+00:00,pullback_long_late_8346db7cf1cc,1,market,0.0,1,1,4,32,49660.0
358798,358799,358799,358799,closed,timeout,18433.25,18435.75,18433.5,18435.5,18429.25,18465.25,2.5,2.0,1.5,30.0,10.0,0.5,1.0,1.0,1.5,2024-01-04 19:55:00+00:00,2024-01-04 19:55:00+00:00,2024-01-04 19:56:00+00:00,2024-01-04 19:56:00+00:00,pullback_long_late_8346db7cf1cc,1,market,0.0,1,1,4,32,49690.0
358804,358805,358805,358805,closed,timeout,18429.75,18431.0,18430.0,18430.75,18425.75,18461.75,1.25,0.75,0.25,5.0,10.0,0.5,1.0,1.0,2.5,2024-01-04 20:01:00+00:00,2024-01-04 20:01:00+00:00,2024-01-04 20:02:00+00:00,2024-01-04 20:02:00+00:00,pullback_long_late_8346db7cf1cc,1,market,0.0,1,1,4,32,49695.0
358808,358809,358809,358809,closed,timeout,18428.25,18435.25,18428.5,18435.0,18424.25,18460.25,7.0,6.5,6.0,120.0,10.0,0.5,1.0,1.0,0.25,2024-01-04 20:05:00+00:00,2024-01-04 20:05:00+00:00,2024-01-04 20:06:00+00:00,2024-01-04 20:06:00+00:00,pullback_long_late_8346db7cf1cc,1,market,0.0,1,1,4,32,49815.0
358840,358841,358841,358841,closed,timeout,18437.5,18436.0,18437.75,18435.75,18433.5,18469.5,-1.5,-2.0,-2.5,-50.0,10.0,0.5,1.0,1.0,2.75,2024-01-04 20:37:00+00:00,2024-01-04 20:37:00+00:00,2024-01-04 20:38:00+00:00,2024-01-04 20:38:00+00:00,pullback_long_late_8346db7cf1cc,1,market,0.0,1,1,4,32,49765.0
360217,360218,360218,360218,closed,timeout,18384.75,18394.25,18385.0,18394.0,18380.75,18416.75,9.5,9.0,8.5,170.0,10.0,0.5,1.0,1.0,2.0,2024-01-05 20:49:00+00:00,2024-01-05 20:49:00+00:00,2024-01-05 20:50:00+00:00,2024-01-05 20:50:00+00:00,pullback_long_late_8346db7cf1cc,1,market,0.0,1,1,4,32,49935.0
360221,360222,360222,360222,closed,timeout,18393.25,18395.25,18393.5,18395.0,18389.25,18425.25,2.0,1.5,1.0,20.0,10.0,0.5,1.0,1.0,1.25,2024-01-05 20:53:00+00:00,2024-01-05 20:53:00+00:00,2024-01-05 20:54:00+00:00,2024-01-05 20:54:00+00:00,pullback_long_late_8346db7cf1cc,1,market,0.0,1,1,4,32,49955.0
360222,360223,360223,360223,closed,timeout,18395.5,18404.0,18395.75,18403.75,18391.5,18427.5,8.5,8.0,7.5,150.0,10.0,0.5,1.0,1.0,0.5,2024-01-05 20:54:00+00:00,2024-01-05 20:54:00+00:00,2024-01-05 20:55:00+00:00,2024-01-05 20:55:00+00:00,pullback_long_late_8346db7cf1cc,1,market,0.0,1,1,4,32,50105.0
360227,360228,360228,360228,closed,stop,18406.25,18402.25,18406.5,18402.0,18402.25,18438.25,-4.0,-4.5,-5.0,-100.0,10.0,0.5,1.0,1.0,9.5,2024-01-05 20:59:00+00:00,2024-01-05 20:59:00+00:00,2024-01-05 21:00:00+00:00,2024-01-05 21:00:00+00:00,pullback_long_late_8346db7cf1cc,1,market,0.0,1,1,4,32,50005.0
361475,361476,361476,361476,closed,timeout,18681.25,18678.25,18681.5,18678.0,18677.25,18713.25,-3.0,-3.5,-4.0,-80.0,10.0,0.5,1.0,1.0,3.25,2024-01-08 19:02:00+00:00,2024-01-08 19:02:00+00:00,2024-01-08 19:03:00+00:00,2024-01-08 19:03:00+00:00,pullback_long_late_8346db7cf1cc,1,market,0.0,1,1,4,32,49925.0
361480,361481,361481,361481,closed,timeout,18676.25,18677.25,18676.5,18677.0,18672.25,18708.25,1.0,0.5,0.0,0.0,10.0,0.5,1.0,1.0,0.75,2024-01-08 19:07:00+00:00,2024-01-08 19:07:00+00:00,2024-01-08 19:08:00+00:00,2024-01-08 19:08:00+00:00,pullback_long_late_8346db7cf1cc,1,market,0.0,1,1,4,32,49925.0
361486,361487,361487,361487,closed,timeout,18689.0,18688.75,18689.25,18688.5,18685.0,18721.0,-0.25,-0.75,-1.25,-25.0,10.0,0.5,1.0,1.0,1.25,2024-01-08 19:13:00+00:00,2024-01-08 19:13:00+00:00,2024-01-08 19:14:00+00:00,2024-01-08 19:14:00+00:00,pullback_long_late_8346db7cf1cc,1,market,0.0,1,1,4,32,49900.0
361490,361491,361491,361491,closed,stop,18689.75,18685.75,18690.0,18685.5,18685.75,18721.75,-4.0,-4.5,-5.0,-100.0,10.0,0.5,1.0,1.0,7.5,2024-01-08 19:17:00+00:00,2024-01-08 19:17:00+00:00,2024-01-08 19:18:00+00:00,2024-01-08 19:18:00+00:00,pullback_long_late_8346db7cf1cc,1,market,0.0,1,1,4,32,49800.0
361510,361511,361511,361511,closed,timeout,18705.25,18702.5,18705.5,18702.25,18701.25,18737.25,-2.75,-3.25,-3.75,-75.0,10.0,0.5,1.0,1.0,3.75,2024-01-08 19:37:00+00:00,2024-01-08 19:37:00+00:00,2024-01-08 19:38:00+00:00,2024-01-08 19:38:00+00:00,pullback_long_late_8346db7cf1cc,1,market,0.0,1,1,4,32,49725.0
361512,361513,361513,361513,closed,timeout,18705.0,18705.0,18705.25,18704.75,18701.0,18737.0,0.0,-0.5,-1.0,-20.0,10.0,0.5,1.0,1.0,1.0,2024-01-08 19:39:00+00:00,2024-01-08 19:39:00+00:00,2024-01-08 19:40:00+00:00,2024-01-08 19:40:00+00:00,pullback_long_late_8346db7cf1cc,1,market,0.0,1,1,4,32,49705.0
361517,361518,361518,361518,closed,timeout,18709.25,18709.0,18709.5,18708.75,18705.25,18741.25,-0.25,-0.75,-1.25,-25.0,10.0,0.5,1.0,1.0,1.5,2024-01-08 19:44:00+00:00,2024-01-08 19:44:00+00:00,2024-01-08 19:45:00+00:00,2024-01-08 19:45:00+00:00,pullback_long_late_8346db7cf1cc,1,market,0.0,1,1,4,32,49680.0
361536,361537,361537,361537,closed,timeout,18721.0,18723.75,18721.25,18723.5,18717.0,18753.0,2.75,2.25,1.75,35.0,10.0,0.5,1.0,1.0,1.25,2024-01-08 20:03:00+00:00,2024-01-08 20:03:00+00:00,2024-01-08 20:04:00+00:00,2024-01-08 20:04:00+00:00,pullback_long_late_8346db7cf1cc,1,market,0.0,1,1,4,32,49715.0
361537,361538,361538,361538,closed,timeout,18723.75,18726.0,18724.0,18725.75,18719.75,18755.75,2.25,1.75,1.25,25.0,10.0,0.5,1.0,1.0,3.5,2024-01-08 20:04:00+00:00,2024-01-08 20:04:00+00:00,2024-01-08 20:05:00+00:00,2024-01-08 20:05:00+00:00,pullback_long_late_8346db7cf1cc,1,market,0.0,1,1,4,32,49740.0
361538,361539,361539,361539,closed,timeout,18726.25,18728.5,18726.5,18728.25,18722.25,18758.25,2.25,1.75,1.25,25.0,10.0,0.5,1.0,1.0,0.75,2024-01-08 20:05:00+00:00,2024-01-08 20:05:00+00:00,2024-01-08 20:06:00+00:00,2024-01-08 20:06:00+00:00,pullback_long_late_8346db7cf1cc,1,market,0.0,1,1,4,32,49765.0
361541,361542,361542,361542,closed,timeout,18724.25,18723.75,18724.5,18723.5,18720.25,18756.25,-0.5,-1.0,-1.5,-30.0,10.0,0.5,1.0,1.0,3.75,2024-01-08 20:08:00+00:00,2024-01-08 20:08:00+00:00,2024-01-08 20:09:00+00:00,2024-01-08 20:09:00+00:00,pullback_long_late_8346db7cf1cc,1,market,0.0,1,1,4,32,49735.0
361555,361556,361556,361556,closed,timeout,18727.75,18726.5,18728.0,18726.25,18723.75,18759.75,-1.25,-1.75,-2.25,-45.0,10.0,0.5,1.0,1.0,2.25,2024-01-08 20:22:00+00:00,2024-01-08 20:22:00+00:00,2024-01-08 20:23:00+00:00,2024-01-08 20:23:00+00:00,pullback_long_late_8346db7cf1cc,1,market,0.0,1,1,4,32,49690.0
361587,361588,361588,361588,closed,timeout,18738.75,18745.0,18739.0,18744.75,18734.75,18770.75,6.25,5.75,5.25,105.0,10.0,0.5,1.0,1.0,0.75,2024-01-08 20:54:00+00:00,2024-01-08 20:54:00+00:00,2024-01-08 20:55:00+00:00,2024-01-08 20:55:00+00:00,pullback_long_late_8346db7cf1cc,1,market,0.0,1,1,4,32,49795.0
361591,361592,361592,361592,closed,timeout,18744.75,18750.5,18745.0,18750.25,18740.75,18776.75,5.75,5.25,4.75,95.0,10.0,0.5,1.0,1.0,2.0,2024-01-08 20:58:00+00:00,2024-01-08 20:58:00+00:00,2024-01-08 20:59:00+00:00,2024-01-08 20:59:00+00:00,pullback_long_late_8346db7cf1cc,1,market,0.0,1,1,4,32,49890.0
362838,362839,362839,362839,closed,timeout,18788.25,18790.25,18788.5,18790.0,18784.25,18820.25,2.0,1.5,1.0,20.0,10.0,0.5,1.0,1.0,3.5,2024-01-09 19:01:00+00:00,2024-01-09 19:01:00+00:00,2024-01-09 19:02:00+00:00,2024-01-09 19:02:00+00:00,pullback_long_late_8346db7cf1cc,1,market,0.0,1,1,4,32,49910.0
362901,362902,362902,362902,closed,timeout,18774.0,18776.75,18774.25,18776.5,18770.0,18806.0,2.75,2.25,1.75,35.0,10.0,0.5,1.0,1.0,0.75,2024-01-09 20:04:00+00:00,2024-01-09 20:04:00+00:00,2024-01-09 20:05:00+00:00,2024-01-09 20:05:00+00:00,pullback_long_late_8346db7cf1cc,1,market,0.0,1,1,4,32,49945.0
362926,362927,362927,362927,closed,stop,18768.75,18764.75,18769.0,18764.5,18764.75,18800.75,-4.0,-4.5,-5.0,-100.0,10.0,0.5,1.0,1.0,4.25,2024-01-09 20:29:00+00:00,2024-01-09 20:29:00+00:00,2024-01-09 20:30:00+00:00,2024-01-09 20:30:00+00:00,pullback_long_late_8346db7cf1cc,1,market,0.0,1,1,4,32,49845.0
362956,362957,362957,362957,closed,stop,18773.5,18769.5,18773.75,18769.25,18769.5,18805.5,-4.0,-4.5,-5.0,-100.0,10.0,0.5,1.0,1.0,10.0,2024-01-09 20:59:00+00:00,2024-01-09 20:59:00+00:00,2024-01-09 21:00:00+00:00,2024-01-09 21:00:00+00:00,pullback_long_late_8346db7cf1cc,1,market,0.0,1,1,4,32,49745.0
364202,364203,364203,364203,closed,timeout,18865.75,18865.5,18866.0,18865.25,18861.75,18897.75,-0.25,-0.75,-1.25,-25.0,10.0,0.5,1.0,1.0,3.5,2024-01-10 19:00:00+00:00,2024-01-10 19:00:00+00:00,2024-01-10 19:01:00+00:00,2024-01-10 19:01:00+00:00,pullback_long_late_8346db7cf1cc,1,market,0.0,1,1,4,32,49720.0
364209,364210,364210,364210,closed,timeout,18875.0,18876.75,18875.25,18876.5,18871.0,18907.0,1.75,1.25,0.75,15.0,10.0,0.5,1.0,1.0,1.0,2024-01-10 19:07:00+00:00,2024-01-10 19:07:00+00:00,2024-01-10 19:08:00+00:00,2024-01-10 19:08:00+00:00,pullback_long_late_8346db7cf1cc,1,market,0.0,1,1,4,32,49735.0
364218,364219,364219,364219,closed,timeout,18895.75,18899.0,18896.0,18898.75,18891.75,18927.75,3.25,2.75,2.25,45.0,10.0,0.5,1.0,1.0,1.0,2024-01-10 19:16:00+00:00,2024-01-10 19:16:00+00:00,2024-01-10 19:17:00+00:00,2024-01-10 19:17:00+00:00,pullback_long_late_8346db7cf1cc,1,market,0.0,1,1,4,32,49780.0
364219,364220,364220,364220,closed,stop,18899.5,18895.5,18899.75,18895.25,18895.5,18931.5,-4.0,-4.5,-5.0,-100.0,10.0,0.5,1.0,1.0,9.5,2024-01-10 19:17:00+00:00,2024-01-10 19:17:00+00:00,2024-01-10 19:18:00+00:00,2024-01-10 19:18:00+00:00,pullback_long_late_8346db7cf1cc,1,market,0.0,1,1,4,32,49680.0
364221,364222,364222,364222,closed,timeout,18896.5,18899.75,18896.75,18899.5,18892.5,18928.5,3.25,2.75,2.25,45.0,10.0,0.5,1.0,1.0,0.75,2024-01-10 19:19:00+00:00,2024-01-10 19:19:00+00:00,2024-01-10 19:20:00+00:00,2024-01-10 19:20:00+00:00,pullback_long_late_8346db7cf1cc,1,market,0.0,1,1,4,32,49725.0
364226,364227,364227,364227,closed,timeout,18896.0,18898.75,18896.25,18898.5,18892.0,18928.0,2.75,2.25,1.75,35.0,10.0,0.5,1.0,1.0,0.75,2024-01-10 19:24:00+00:00,2024-01-10 19:24:00+00:00,2024-01-10 19:25:00+00:00,2024-01-10 19:25:00+00:00,pullback_long_late_8346db7cf1cc,1,market,0.0,1,1,4,32,49760.0
364227,364228,364228,364228,closed,timeout,18898.75,18903.25,18899.0,18903.0,18894.75,18930.75,4.5,4.0,3.5,70.0,10.0,0.5,1.0,1.0,0.75,2024-01-10 19:25:00+00:00,2024-01-10 19:25:00+00:00,2024-01-10 19:26:00+00:00,2024-01-10 19:26:00+00:00,pullback_long_late_8346db7cf1cc,1,market,0.0,1,1,4,32,49830.0
364231,364232,364232,364232,closed,stop,18897.75,18893.75,18898.0,18893.5,18893.75,18929.75,-4.0,-4.5,-5.0,-100.0,10.0,0.5,1.0,1.0,6.75,2024-01-10 19:29:00+00:00,2024-01-10 19:29:00+00:00,2024-01-10 19:30:00+00:00,2024-01-10 19:30:00+00:00,pullback_long_late_8346db7cf1cc,1,market,0.0,1,1,4,32,49730.0
364234,364235,364235,364235,closed,timeout,18898.0,18895.25,18898.25,18895.0,18894.0,18930.0,-2.75,-3.25,-3.75,-75.0,10.0,0.5,1.0,1.0,3.0,2024-01-10 19:32:00+00:00,2024-01-10 19:32:00+00:00,2024-01-10 19:33:00+00:00,2024-01-10 19:33:00+00:00,pullback_long_late_8346db7cf1cc,1,market,0.0,1,1,4,32,49655.0
364257,364258,364258,364258,closed,timeout,18914.25,18916.5,18914.5,18916.25,18910.25,18946.25,2.25,1.75,1.25,25.0,10.0,0.5,1.0,1.0,0.75,2024-01-10 19:55:00+00:00,2024-01-10 19:55:00+00:00,2024-01-10 19:56:00+00:00,2024-01-10 19:56:00+00:00,pullback_long_late_8346db7cf1cc,1,market,0.0,1,1,4,32,49680.0
364265,364266,364266,364266,closed,timeout,18911.5,18915.5,18911.75,18915.25,18907.5,18943.5,4.0,3.5,3.0,60.0,10.0,0.5,1.0,1.0,1.25,2024-01-10 20:03:00+00:00,2024-01-10 20:03:00+00:00,2024-01-10 20:04:00+00:00,2024-01-10 20:04:00+00:00,pullback_long_late_8346db7cf1cc,1,market,0.0,1,1,4,32,49740.0
364266,364267,364267,364267,closed,timeout,18915.5,18916.5,18915.75,18916.25,18911.5,18947.5,1.0,0.5,0.0,0.0,10.0,0.5,1.0,1.0,0.75,2024-01-10 20:04:00+00:00,2024-01-10 20:04:00+00:00,2024-01-10 20:05:00+00:00,2024-01-10 20:05:00+00:00,pullback_long_late_8346db7cf1cc,1,market,0.0,1,1,4,32,49740.0
364269,364270,364270,364270,closed,timeout,18914.5,18914.75,18914.75,18914.5,18910.5,18946.5,0.25,-0.25,-0.75,-15.0,10.0,0.5,1.0,1.0,2.75,2024-01-10 20:07:00+00:00,2024-01-10 20:07:00+00:00,2024-01-10 20:08:00+00:00,2024-01-10 20:08:00+00:00,pullback_long_late_8346db7cf1cc,1,market,0.0,1,1,4,32,49725.0
364276,364277,364277,364277,closed,stop,18917.25,18913.25,18917.5,18913.0,18913.25,18949.25,-4.0,-4.5,-5.0,-100.0,10.0,0.5,1.0,1.0,23.5,2024-01-10 20:14:00+00:00,2024-01-10 20:14:00+00:00,2024-01-10 20:15:00+00:00,2024-01-10 20:15:00+00:00,pullback_long_late_8346db7cf1cc,1,market,0.0,1,1,4,32,49625.0
365578,365579,365579,365579,closed,timeout,18863.25,18868.75,18863.5,18868.5,18859.25,18895.25,5.5,5.0,4.5,90.0,10.0,0.5,1.0,1.0,3.0,2024-01-11 19:11:00+00:00,2024-01-11 19:11:00+00:00,2024-01-11 19:12:00+00:00,2024-01-11 19:12:00+00:00,pullback_long_late_8346db7cf1cc,1,market,0.0,1,1,4,32,49715.0
365579,365580,365580,365580,closed,timeout,18869.25,18871.5,18869.5,18871.25,18865.25,18901.25,2.25,1.75,1.25,25.0,10.0,0.5,1.0,1.0,3.5,2024-01-11 19:12:00+00:00,2024-01-11 19:12:00+00:00,2024-01-11 19:13:00+00:00,2024-01-11 19:13:00+00:00,pullback_long_late_8346db7cf1cc,1,market,0.0,1,1,4,32,49740.0
365580,365581,365581,365581,closed,timeout,18871.75,18877.0,18872.0,18876.75,18867.75,18903.75,5.25,4.75,4.25,85.0,10.0,0.5,1.0,1.0,3.75,2024-01-11 19:13:00+00:00,2024-01-11 19:13:00+00:00,2024-01-11 19:14:00+00:00,2024-01-11 19:14:00+00:00,pullback_long_late_8346db7cf1cc,1,market,0.0,1,1,4,32,49825.0
365611,365612,365612,365612,closed,stop,18891.25,18887.25,18891.5,18887.0,18887.25,18923.25,-4.0,-4.5,-5.0,-100.0,10.0,0.5,1.0,1.0,5.75,2024-01-11 19:44:00+00:00,2024-01-11 19:44:00+00:00,2024-01-11 19:45:00+00:00,2024-01-11 19:45:00+00:00,pullback_long_late_8346db7cf1cc,1,market,0.0,1,1,4,32,49725.0
365613,365614,365614,365614,closed,timeout,18891.5,18897.75,18891.75,18897.5,18887.5,18923.5,6.25,5.75,5.25,105.0,10.0,0.5,1.0,1.0,1.5,2024-01-11 19:46:00+00:00,2024-01-11 19:46:00+00:00,2024-01-11 19:47:00+00:00,2024-01-11 19:47:00+00:00,pullback_long_late_8346db7cf1cc,1,market,0.0,1,1,4,32,49830.0
365614,365615,365615,365615,closed,stop,18897.75,18893.75,18898.0,18893.5,18893.75,18929.75,-4.0,-4.5,-5.0,-100.0,10.0,0.5,1.0,1.0,8.75,2024-01-11 19:47:00+00:00,2024-01-11 19:47:00+00:00,2024-01-11 19:48:00+00:00,2024-01-11 19:48:00+00:00,pullback_long_late_8346db7cf1cc,1,market,0.0,1,1,4,32,49730.0
365658,365659,365659,365659,closed,stop,18894.0,18890.0,18894.25,18889.75,18890.0,18926.0,-4.0,-4.5,-5.0,-100.0,10.0,0.5,1.0,1.0,4.25,2024-01-11 20:31:00+00:00,2024-01-11 20:31:00+00:00,2024-01-11 20:32:00+00:00,2024-01-11 20:32:00+00:00,pullback_long_late_8346db7cf1cc,1,market,0.0,1,1,4,32,49630.0
365659,365660,365660,365660,closed,timeout,18897.25,18899.0,18897.5,18898.75,18893.25,18929.25,1.75,1.25,0.75,15.0,10.0,0.5,1.0,1.0,2.25,2024-01-11 20:32:00+00:00,2024-01-11 20:32:00+00:00,2024-01-11 20:33:00+00:00,2024-01-11 20:33:00+00:00,pullback_long_late_8346db7cf1cc,1,market,0.0,1,1,4,32,49645.0
365668,365669,365669,365669,closed,stop,18887.5,18883.5,18887.75,18883.25,18883.5,18919.5,-4.0,-4.5,-5.0,-100.0,10.0,0.5,1.0,1.0,4.75,2024-01-11 20:41:00+00:00,2024-01-11 20:41:00+00:00,2024-01-11 20:42:00+00:00,2024-01-11 20:42:00+00:00,pullback_long_late_8346db7cf1cc,1,market,0.0,1,1,4,32,49545.0
366940,366941,366941,366941,closed,timeout,18926.75,18928.75,18927.0,18928.5,18922.75,18958.75,2.0,1.5,1.0,20.0,10.0,0.5,1.0,1.0,0.5,2024-01-12 19:08:00+00:00,2024-01-12 19:08:00+00:00,2024-01-12 19:09:00+00:00,2024-01-12 19:09:00+00:00,pullback_long_late_8346db7cf1cc,1,market,0.0,1,1,4,32,49565.0
366949,366950,366950,366950,closed,timeout,18930.5,18929.75,18930.75,18929.5,18926.5,18962.5,-0.75,-1.25,-1.75,-35.0,10.0,0.5,1.0,1.0,1.75,2024-01-12 19:17:00+00:00,2024-01-12 19:17:00+00:00,2024-01-12 19:18:00+00:00,2024-01-12 19:18:00+00:00,pullback_long_late_8346db7cf1cc,1,market,0.0,1,1,4,32,49530.0
367031,367032,367032,367032,closed,stop,18901.75,18897.75,18902.0,18897.5,18897.75,18933.75,-4.0,-4.5,-5.0,-100.0,10.0,0.5,1.0,1.0,4.5,2024-01-12 20:39:00+00:00,2024-01-12 20:39:00+00:00,2024-01-12 20:40:00+00:00,2024-01-12 20:40:00+00:00,pullback_long_late_8346db7cf1cc,1,market,0.0,1,1,4,32,49430.0
367034,367035,367035,367035,closed,timeout,18901.25,18905.5,18901.5,18905.25,18897.25,18933.25,4.25,3.75,3.25,65.0,10.0,0.5,1.0,1.0,0.25,2024-01-12 20:42:00+00:00,2024-01-12 20:42:00+00:00,2024-01-12 20:43:00+00:00,2024-01-12 20:43:00+00:00,pullback_long_late_8346db7cf1cc,1,market,0.0,1,1,4,32,49495.0
367045,367046,367046,367046,closed,stop,18912.25,18908.25,18912.5,18908.0,18908.25,18944.25,-4.0,-4.5,-5.0,-100.0,10.0,0.5,1.0,1.0,5.25,2024-01-12 20:53:00+00:00,2024-01-12 20:53:00+00:00,2024-01-12 20:54:00+00:00,2024-01-12 20:54:00+00:00,pullback_long_late_8346db7cf1cc,1,market,0.0,1,1,4,32,49395.0
367050,367051,367051,367051,closed,timeout,18916.0,18917.0,18916.25,18916.75,18912.0,18948.0,1.0,0.5,0.0,0.0,10.0,0.5,1.0,1.0,2.0,2024-01-12 20:58:00+00:00,2024-01-12 20:58:00+00:00,2024-01-12 20:59:00+00:00,2024-01-12 20:59:00+00:00,pullback_long_late_8346db7cf1cc,1,market,0.0,1,1,4,32,49395.0
369490,369491,369491,369491,closed,timeout,18864.5,18871.0,18864.75,18870.75,18860.5,18896.5,6.5,6.0,5.5,110.0,10.0,0.5,1.0,1.0,0.75,2024-01-16 19:53:00+00:00,2024-01-16 19:53:00+00:00,2024-01-16 19:54:00+00:00,2024-01-16 19:54:00+00:00,pullback_long_late_8346db7cf1cc,1,market,0.0,1,1,4,32,49505.0
369500,369501,369501,369501,closed,timeout,18869.25,18873.75,18869.5,18873.5,18865.25,18901.25,4.5,4.0,3.5,70.0,10.0,0.5,1.0,1.0,0.75,2024-01-16 20:03:00+00:00,2024-01-16 20:03:00+00:00,2024-01-16 20:04:00+00:00,2024-01-16 20:04:00+00:00,pullback_long_late_8346db7cf1cc,1,market,0.0,1,1,4,32,49575.0
369501,369502,369502,369502,closed,stop,18873.5,18869.5,18873.75,18869.25,18869.5,18905.5,-4.0,-4.5,-5.0,-100.0,10.0,0.5,1.0,1.0,8.0,2024-01-16 20:04:00+00:00,2024-01-16 20:04:00+00:00,2024-01-16 20:05:00+00:00,2024-01-16 20:05:00+00:00,pullback_long_late_8346db7cf1cc,1,market,0.0,1,1,4,32,49475.0
369503,369504,369504,369504,closed,timeout,18869.5,18871.5,18869.75,18871.25,18865.5,18901.5,2.0,1.5,1.0,20.0,10.0,0.5,1.0,1.0,3.0,2024-01-16 20:06:00+00:00,2024-01-16 20:06:00+00:00,2024-01-16 20:07:00+00:00,2024-01-16 20:07:00+00:00,pullback_long_late_8346db7cf1cc,1,market,0.0,1,1,4,32,49495.0
369504,369505,369505,369505,closed,stop,18871.25,18867.25,18871.5,18867.0,18867.25,18903.25,-4.0,-4.5,-5.0,-100.0,10.0,0.5,1.0,1.0,5.0,2024-01-16 20:07:00+00:00,2024-01-16 20:07:00+00:00,2024-01-16 20:08:00+00:00,2024-01-16 20:08:00+00:00,pullback_long_late_8346db7cf1cc,1,market,0.0,1,1,4,32,49395.0
369516,369517,369517,369517,closed,timeout,18877.0,18882.5,18877.25,18882.25,18873.0,18909.0,5.5,5.0,4.5,90.0,10.0,0.5,1.0,1.0,1.0,2024-01-16 20:19:00+00:00,2024-01-16 20:19:00+00:00,2024-01-16 20:20:00+00:00,2024-01-16 20:20:00+00:00,pullback_long_late_8346db7cf1cc,1,market,0.0,1,1,4,32,49485.0
369523,369524,369524,369524,closed,stop,18878.5,18874.5,18878.75,18874.25,18874.5,18910.5,-4.0,-4.5,-5.0,-100.0,10.0,0.5,1.0,1.0,6.5,2024-01-16 20:26:00+00:00,2024-01-16 20:26:00+00:00,2024-01-16 20:27:00+00:00,2024-01-16 20:27:00+00:00,pullback_long_late_8346db7cf1cc,1,market,0.0,1,1,4,32,49385.0
369551,369552,369552,369552,closed,timeout,18884.25,18890.25,18884.5,18890.0,18880.25,18916.25,6.0,5.5,5.0,100.0,10.0,0.5,1.0,1.0,0.75,2024-01-16 20:54:00+00:00,2024-01-16 20:54:00+00:00,2024-01-16 20:55:00+00:00,2024-01-16 20:55:00+00:00,pullback_long_late_8346db7cf1cc,1,market,0.0,1,1,4,32,49485.0
370810,370811,370811,370811,closed,timeout,18701.5,18702.0,18701.75,18701.75,18697.5,18733.5,0.5,0.0,-0.5,-10.0,10.0,0.5,1.0,1.0,2.25,2024-01-17 19:08:00+00:00,2024-01-17 19:08:00+00:00,2024-01-17 19:09:00+00:00,2024-01-17 19:09:00+00:00,pullback_long_late_8346db7cf1cc,1,market,0.0,1,1,4,32,49475.0
370818,370819,370819,370819,closed,timeout,18703.5,18711.25,18703.75,18711.0,18699.5,18735.5,7.75,7.25,6.75,135.0,10.0,0.5,1.0,1.0,0.75,2024-01-17 19:16:00+00:00,2024-01-17 19:16:00+00:00,2024-01-17 19:17:00+00:00,2024-01-17 19:17:00+00:00,pullback_long_late_8346db7cf1cc,1,market,0.0,1,1,4,32,49610.0
370831,370832,370832,370832,closed,timeout,18739.75,18743.0,18740.0,18742.75,18735.75,18771.75,3.25,2.75,2.25,45.0,10.0,0.5,1.0,1.0,3.75,2024-01-17 19:29:00+00:00,2024-01-17 19:29:00+00:00,2024-01-17 19:30:00+00:00,2024-01-17 19:30:00+00:00,pullback_long_late_8346db7cf1cc,1,market,0.0,1,1,4,32,49655.0
370832,370833,370833,370833,closed,timeout,18743.0,18750.0,18743.25,18749.75,18739.0,18775.0,7.0,6.5,6.0,120.0,10.0,0.5,1.0,1.0,1.0,2024-01-17 19:30:00+00:00,2024-01-17 19:30:00+00:00,2024-01-17 19:31:00+00:00,2024-01-17 19:31:00+00:00,pullback_long_late_8346db7cf1cc,1,market,0.0,1,1,4,32,49775.0
370850,370851,370851,370851,closed,stop,18777.75,18773.75,18778.0,18773.5,18773.75,18809.75,-4.0,-4.5,-5.0,-100.0,10.0,0.5,1.0,1.0,9.25,2024-01-17 19:48:00+00:00,2024-01-17 19:48:00+00:00,2024-01-17 19:49:00+00:00,2024-01-17 19:49:00+00:00,pullback_long_late_8346db7cf1cc,1,market,0.0,1,1,4,32,49675.0
370853,370854,370854,370854,closed,timeout,18771.0,18772.25,18771.25,18772.0,18767.0,18803.0,1.25,0.75,0.25,5.0,10.0,0.5,1.0,1.0,2.0,2024-01-17 19:51:00+00:00,2024-01-17 19:51:00+00:00,2024-01-17 19:52:00+00:00,2024-01-17 19:52:00+00:00,pullback_long_late_8346db7cf1cc,1,market,0.0,1,1,4,32,49680.0
370860,370861,370861,370861,closed,timeout,18774.5,18773.0,18774.75,18772.75,18770.5,18806.5,-1.5,-2.0,-2.5,-50.0,10.0,0.5,1.0,1.0,2.0,2024-01-17 19:58:00+00:00,2024-01-17 19:58:00+00:00,2024-01-17 19:59:00+00:00,2024-01-17 19:59:00+00:00,pullback_long_late_8346db7cf1cc,1,market,0.0,1,1,4,32,49630.0
370907,370908,370908,370908,closed,timeout,18777.5,18784.75,18777.75,18784.5,18773.5,18809.5,7.25,6.75,6.25,125.0,10.0,0.5,1.0,1.0,0.25,2024-01-17 20:45:00+00:00,2024-01-17 20:45:00+00:00,2024-01-17 20:46:00+00:00,2024-01-17 20:46:00+00:00,pullback_long_late_8346db7cf1cc,1,market,0.0,1,1,4,32,49755.0
372187,372188,372188,372188,closed,stop,19001.0,18997.0,19001.25,18996.75,18997.0,19033.0,-4.0,-4.5,-5.0,-100.0,10.0,0.5,1.0,1.0,6.0,2024-01-18 19:20:00+00:00,2024-01-18 19:20:00+00:00,2024-01-18 19:21:00+00:00,2024-01-18 19:21:00+00:00,pullback_long_late_8346db7cf1cc,1,market,0.0,1,1,4,32,49655.0
372189,372190,372190,372190,closed,timeout,19001.0,19008.0,19001.25,19007.75,18997.0,19033.0,7.0,6.5,6.0,120.0,10.0,0.5,1.0,1.0,2.5,2024-01-18 19:22:00+00:00,2024-01-18 19:22:00+00:00,2024-01-18 19:23:00+00:00,2024-01-18 19:23:00+00:00,pullback_long_late_8346db7cf1cc,1,market,0.0,1,1,4,32,49775.0
372203,372204,372204,372204,closed,timeout,19038.75,19038.75,19039.0,19038.5,19034.75,19070.75,0.0,-0.5,-1.0,-20.0,10.0,0.5,1.0,1.0,2.5,2024-01-18 19:36:00+00:00,2024-01-18 19:36:00+00:00,2024-01-18 19:37:00+00:00,2024-01-18 19:37:00+00:00,pullback_long_late_8346db7cf1cc,1,market,0.0,1,1,4,32,49755.0
372208,372209,372209,372209,closed,stop,19035.5,19031.5,19035.75,19031.25,19031.5,19067.5,-4.0,-4.5,-5.0,-100.0,10.0,0.5,1.0,1.0,8.75,2024-01-18 19:41:00+00:00,2024-01-18 19:41:00+00:00,2024-01-18 19:42:00+00:00,2024-01-18 19:42:00+00:00,pullback_long_late_8346db7cf1cc,1,market,0.0,1,1,4,32,49655.0
372231,372232,372232,372232,closed,timeout,19037.25,19038.25,19037.5,19038.0,19033.25,19069.25,1.0,0.5,0.0,0.0,10.0,0.5,1.0,1.0,4.0,2024-01-18 20:04:00+00:00,2024-01-18 20:04:00+00:00,2024-01-18 20:05:00+00:00,2024-01-18 20:05:00+00:00,pullback_long_late_8346db7cf1cc,1,market,0.0,1,1,4,32,49655.0
372249,372250,372250,372250,closed,timeout,19047.5,19049.75,19047.75,19049.5,19043.5,19079.5,2.25,1.75,1.25,25.0,10.0,0.5,1.0,1.0,1.0,2024-01-18 20:22:00+00:00,2024-01-18 20:22:00+00:00,2024-01-18 20:23:00+00:00,2024-01-18 20:23:00+00:00,pullback_long_late_8346db7cf1cc,1,market,0.0,1,1,4,32,49680.0
372250,372251,372251,372251,closed,stop,19049.5,19045.5,19049.75,19045.25,19045.5,19081.5,-4.0,-4.5,-5.0,-100.0,10.0,0.5,1.0,1.0,9.0,2024-01-18 20:23:00+00:00,2024-01-18 20:23:00+00:00,2024-01-18 20:24:00+00:00,2024-01-18 20:24:00+00:00,pullback_long_late_8346db7cf1cc,1,market,0.0,1,1,4,32,49580.0
372253,372254,372254,372254,closed,stop,19046.75,19042.75,19047.0,19042.5,19042.75,19078.75,-4.0,-4.5,-5.0,-100.0,10.0,0.5,1.0,1.0,7.5,2024-01-18 20:26:00+00:00,2024-01-18 20:26:00+00:00,2024-01-18 20:27:00+00:00,2024-01-18 20:27:00+00:00,pullback_long_late_8346db7cf1cc,1,market,0.0,1,1,4,32,49480.0
372286,372287,372287,372287,closed,stop,19055.25,19051.25,19055.5,19051.0,19051.25,19087.25,-4.0,-4.5,-5.0,-100.0,10.0,0.5,1.0,1.0,8.0,2024-01-18 20:59:00+00:00,2024-01-18 20:59:00+00:00,2024-01-18 21:00:00+00:00,2024-01-18 21:00:00+00:00,pullback_long_late_8346db7cf1cc,1,market,0.0,1,1,4,32,49380.0
373543,373544,373544,373544,closed,timeout,19355.5,19356.75,19355.75,19356.5,19351.5,19387.5,1.25,0.75,0.25,5.0,10.0,0.5,1.0,1.0,2.0,2024-01-19 19:11:00+00:00,2024-01-19 19:11:00+00:00,2024-01-19 19:12:00+00:00,2024-01-19 19:12:00+00:00,pullback_long_late_8346db7cf1cc,1,market,0.0,1,1,4,32,49385.0
373551,373552,373552,373552,closed,stop,19362.25,19358.25,19362.5,19358.0,19358.25,19394.25,-4.0,-4.5,-5.0,-100.0,10.0,0.5,1.0,1.0,12.0,2024-01-19 19:19:00+00:00,2024-01-19 19:19:00+00:00,2024-01-19 19:20:00+00:00,2024-01-19 19:20:00+00:00,pullback_long_late_8346db7cf1cc,1,market,0.0,1,1,4,32,49285.0
373554,373555,373555,373555,closed,timeout,19354.0,19361.0,19354.25,19360.75,19350.0,19386.0,7.0,6.5,6.0,120.0,10.0,0.5,1.0,1.0,3.5,2024-01-19 19:22:00+00:00,2024-01-19 19:22:00+00:00,2024-01-19 19:23:00+00:00,2024-01-19 19:23:00+00:00,pullback_long_late_8346db7cf1cc,1,market,0.0,1,1,4,32,49405.0
373558,373559,373559,373559,closed,timeout,19359.5,19363.25,19359.75,19363.0,19355.5,19391.5,3.75,3.25,2.75,55.0,10.0,0.5,1.0,1.0,1.0,2024-01-19 19:26:00+00:00,2024-01-19 19:26:00+00:00,2024-01-19 19:27:00+00:00,2024-01-19 19:27:00+00:00,pullback_long_late_8346db7cf1cc,1,market,0.0,1,1,4,32,49460.0
373587,373588,373588,373588,closed,timeout,19359.25,19359.0,19359.5,19358.75,19355.25,19391.25,-0.25,-0.75,-1.25,-25.0,10.0,0.5,1.0,1.0,1.5,2024-01-19 19:55:00+00:00,2024-01-19 19:55:00+00:00,2024-01-19 19:56:00+00:00,2024-01-19 19:56:00+00:00,pullback_long_late_8346db7cf1cc,1,market,0.0,1,1,4,32,49435.0
373605,373606,373606,373606,closed,timeout,19377.0,19374.5,19377.25,19374.25,19373.0,19409.0,-2.5,-3.0,-3.5,-70.0,10.0,0.5,1.0,1.0,3.75,2024-01-19 20:13:00+00:00,2024-01-19 20:13:00+00:00,2024-01-19 20:14:00+00:00,2024-01-19 20:14:00+00:00,pullback_long_late_8346db7cf1cc,1,market,0.0,1,1,4,32,49365.0
373634,373635,373635,373635,closed,timeout,19374.5,19375.25,19374.75,19375.0,19370.5,19406.5,0.75,0.25,-0.25,-5.0,10.0,0.5,1.0,1.0,1.0,2024-01-19 20:42:00+00:00,2024-01-19 20:42:00+00:00,2024-01-19 20:43:00+00:00,2024-01-19 20:43:00+00:00,pullback_long_late_8346db7cf1cc,1,market,0.0,1,1,4,32,49360.0
374943,374944,374944,374944,closed,stop,19409.0,19405.0,19409.25,19404.75,19405.0,19441.0,-4.0,-4.5,-5.0,-100.0,10.0,0.5,1.0,1.0,4.25,2024-01-22 19:46:00+00:00,2024-01-22 19:46:00+00:00,2024-01-22 19:47:00+00:00,2024-01-22 19:47:00+00:00,pullback_long_late_8346db7cf1cc,1,market,0.0,1,1,4,32,49260.0
374989,374990,374990,374990,closed,timeout,19425.5,19423.5,19425.75,19423.25,19421.5,19457.5,-2.0,-2.5,-3.0,-60.0,10.0,0.5,1.0,1.0,2.75,2024-01-22 20:32:00+00:00,2024-01-22 20:32:00+00:00,2024-01-22 20:33:00+00:00,2024-01-22 20:33:00+00:00,pullback_long_late_8346db7cf1cc,1,market,0.0,1,1,4,32,49200.0
374998,374999,374999,374999,closed,stop,19423.5,19419.5,19423.75,19419.25,19419.5,19455.5,-4.0,-4.5,-5.0,-100.0,10.0,0.5,1.0,1.0,7.25,2024-01-22 20:41:00+00:00,2024-01-22 20:41:00+00:00,2024-01-22 20:42:00+00:00,2024-01-22 20:42:00+00:00,pullback_long_late_8346db7cf1cc,1,market,0.0,1,1,4,32,49100.0
376310,376311,376311,376311,closed,stop,19437.5,19433.5,19437.75,19433.25,19433.5,19469.5,-4.0,-4.5,-5.0,-100.0,10.0,0.5,1.0,1.0,7.0,2024-01-23 19:48:00+00:00,2024-01-23 19:48:00+00:00,2024-01-23 19:49:00+00:00,2024-01-23 19:49:00+00:00,pullback_long_late_8346db7cf1cc,1,market,0.0,1,1,4,32,49000.0
376314,376315,376315,376315,closed,timeout,19429.75,19430.0,19430.0,19429.75,19425.75,19461.75,0.25,-0.25,-0.75,-15.0,10.0,0.5,1.0,1.0,0.75,2024-01-23 19:52:00+00:00,2024-01-23 19:52:00+00:00,2024-01-23 19:53:00+00:00,2024-01-23 19:53:00+00:00,pullback_long_late_8346db7cf1cc,1,market,0.0,1,1,4,32,48985.0
376316,376317,376317,376317,closed,timeout,19431.75,19433.25,19432.0,19433.0,19427.75,19463.75,1.5,1.0,0.5,10.0,10.0,0.5,1.0,1.0,1.75,2024-01-23 19:54:00+00:00,2024-01-23 19:54:00+00:00,2024-01-23 19:55:00+00:00,2024-01-23 19:55:00+00:00,pullback_long_late_8346db7cf1cc,1,market,0.0,1,1,4,32,48995.0
376327,376328,376328,376328,closed,timeout,19437.75,19439.25,19438.0,19439.0,19433.75,19469.75,1.5,1.0,0.5,10.0,10.0,0.5,1.0,1.0,3.0,2024-01-23 20:05:00+00:00,2024-01-23 20:05:00+00:00,2024-01-23 20:06:00+00:00,2024-01-23 20:06:00+00:00,pullback_long_late_8346db7cf1cc,1,market,0.0,1,1,4,32,49005.0
376328,376329,376329,376329,closed,timeout,19438.75,19442.25,19439.0,19442.0,19434.75,19470.75,3.5,3.0,2.5,50.0,10.0,0.5,1.0,1.0,0.75,2024-01-23 20:06:00+00:00,2024-01-23 20:06:00+00:00,2024-01-23 20:07:00+00:00,2024-01-23 20:07:00+00:00,pullback_long_late_8346db7cf1cc,1,market,0.0,1,1,4,32,49055.0
376341,376342,376342,376342,closed,timeout,19453.0,19456.0,19453.25,19455.75,19449.0,19485.0,3.0,2.5,2.0,40.0,10.0,0.5,1.0,1.0,2.25,2024-01-23 20:19:00+00:00,2024-01-23 20:19:00+00:00,2024-01-23 20:20:00+00:00,2024-01-23 20:20:00+00:00,pullback_long_late_8346db7cf1cc,1,market,0.0,1,1,4,32,49095.0
376342,376343,376343,376343,closed,timeout,19456.25,19458.5,19456.5,19458.25,19452.25,19488.25,2.25,1.75,1.25,25.0,10.0,0.5,1.0,1.0,0.25,2024-01-23 20:20:00+00:00,2024-01-23 20:20:00+00:00,2024-01-23 20:21:00+00:00,2024-01-23 20:21:00+00:00,pullback_long_late_8346db7cf1cc,1,market,0.0,1,1,4,32,49120.0
377682,377683,377683,377683,closed,stop,19621.25,19617.25,19621.5,19617.0,19617.25,19653.25,-4.0,-4.5,-5.0,-100.0,10.0,0.5,1.0,1.0,22.75,2024-01-24 19:55:00+00:00,2024-01-24 19:55:00+00:00,2024-01-24 19:56:00+00:00,2024-01-24 19:56:00+00:00,pullback_long_late_8346db7cf1cc,1,market,0.0,1,1,4,32,49020.0
377686,377687,377687,377687,closed,stop,19608.75,19604.75,19609.0,19604.5,19604.75,19640.75,-4.0,-4.5,-5.0,-100.0,10.0,0.5,1.0,1.0,7.25,2024-01-24 19:59:00+00:00,2024-01-24 19:59:00+00:00,2024-01-24 20:00:00+00:00,2024-01-24 20:00:00+00:00,pullback_long_late_8346db7cf1cc,1,market,0.0,1,1,4,32,48920.0
379020,379021,379021,379021,closed,stop,19515.25,19511.25,19515.5,19511.0,19511.25,19547.25,-4.0,-4.5,-5.0,-100.0,10.0,0.5,1.0,1.0,5.0,2024-01-25 19:28:00+00:00,2024-01-25 19:28:00+00:00,2024-01-25 19:29:00+00:00,2024-01-25 19:29:00+00:00,pullback_long_late_8346db7cf1cc,1,market,0.0,1,1,4,32,48820.0
379037,379038,379038,379038,closed,timeout,19516.5,19521.25,19516.75,19521.0,19512.5,19548.5,4.75,4.25,3.75,75.0,10.0,0.5,1.0,1.0,2.25,2024-01-25 19:45:00+00:00,2024-01-25 19:45:00+00:00,2024-01-25 19:46:00+00:00,2024-01-25 19:46:00+00:00,pullback_long_late_8346db7cf1cc,1,market,0.0,1,1,4,32,48895.0
379055,379056,379056,379056,closed,timeout,19547.0,19553.25,19547.25,19553.0,19543.0,19579.0,6.25,5.75,5.25,105.0,10.0,0.5,1.0,1.0,1.5,2024-01-25 20:03:00+00:00,2024-01-25 20:03:00+00:00,2024-01-25 20:04:00+00:00,2024-01-25 20:04:00+00:00,pullback_long_late_8346db7cf1cc,1,market,0.0,1,1,4,32,49000.0
379097,379098,379098,379098,closed,timeout,19545.0,19547.75,19545.25,19547.5,19541.0,19577.0,2.75,2.25,1.75,35.0,10.0,0.5,1.0,1.0,3.25,2024-01-25 20:45:00+00:00,2024-01-25 20:45:00+00:00,2024-01-25 20:46:00+00:00,2024-01-25 20:46:00+00:00,pullback_long_late_8346db7cf1cc,1,market,0.0,1,1,4,32,49035.0
379099,379100,379100,379100,closed,stop,19551.75,19547.75,19552.0,19547.5,19547.75,19583.75,-4.0,-4.5,-5.0,-100.0,10.0,0.5,1.0,1.0,5.25,2024-01-25 20:47:00+00:00,2024-01-25 20:47:00+00:00,2024-01-25 20:48:00+00:00,2024-01-25 20:48:00+00:00,pullback_long_late_8346db7cf1cc,1,market,0.0,1,1,4,32,48935.0
380371,380372,380372,380372,closed,timeout,19472.25,19473.25,19472.5,19473.0,19468.25,19504.25,1.0,0.5,0.0,0.0,10.0,0.5,1.0,1.0,1.5,2024-01-26 19:14:00+00:00,2024-01-26 19:14:00+00:00,2024-01-26 19:15:00+00:00,2024-01-26 19:15:00+00:00,pullback_long_late_8346db7cf1cc,1,market,0.0,1,1,4,32,48935.0
380373,380374,380374,380374,closed,timeout,19476.0,19478.0,19476.25,19477.75,19472.0,19508.0,2.0,1.5,1.0,20.0,10.0,0.5,1.0,1.0,1.75,2024-01-26 19:16:00+00:00,2024-01-26 19:16:00+00:00,2024-01-26 19:17:00+00:00,2024-01-26 19:17:00+00:00,pullback_long_late_8346db7cf1cc,1,market,0.0,1,1,4,32,48955.0
380374,380375,380375,380375,closed,timeout,19477.75,19477.25,19478.0,19477.0,19473.75,19509.75,-0.5,-1.0,-1.5,-30.0,10.0,0.5,1.0,1.0,3.75,2024-01-26 19:17:00+00:00,2024-01-26 19:17:00+00:00,2024-01-26 19:18:00+00:00,2024-01-26 19:18:00+00:00,pullback_long_late_8346db7cf1cc,1,market,0.0,1,1,4,32,48925.0
380414,380415,380415,380415,closed,timeout,19494.5,19497.5,19494.75,19497.25,19490.5,19526.5,3.0,2.5,2.0,40.0,10.0,0.5,1.0,1.0,2.0,2024-01-26 19:57:00+00:00,2024-01-26 19:57:00+00:00,2024-01-26 19:58:00+00:00,2024-01-26 19:58:00+00:00,pullback_long_late_8346db7cf1cc,1,market,0.0,1,1,4,32,48965.0
380415,380416,380416,380416,closed,timeout,19498.0,19503.0,19498.25,19502.75,19494.0,19530.0,5.0,4.5,4.0,80.0,10.0,0.5,1.0,1.0,1.5,2024-01-26 19:58:00+00:00,2024-01-26 19:58:00+00:00,2024-01-26 19:59:00+00:00,2024-01-26 19:59:00+00:00,pullback_long_late_8346db7cf1cc,1,market,0.0,1,1,4,32,49045.0
380416,380417,380417,380417,closed,timeout,19503.0,19503.25,19503.25,19503.0,19499.0,19535.0,0.25,-0.25,-0.75,-15.0,10.0,0.5,1.0,1.0,1.0,2024-01-26 19:59:00+00:00,2024-01-26 19:59:00+00:00,2024-01-26 20:00:00+00:00,2024-01-26 20:00:00+00:00,pullback_long_late_8346db7cf1cc,1,market,0.0,1,1,4,32,49030.0
381743,381744,381744,381744,closed,timeout,19556.25,19556.0,19556.5,19555.75,19552.25,19588.25,-0.25,-0.75,-1.25,-25.0,10.0,0.5,1.0,1.0,1.25,2024-01-29 19:21:00+00:00,2024-01-29 19:21:00+00:00,2024-01-29 19:22:00+00:00,2024-01-29 19:22:00+00:00,pullback_long_late_8346db7cf1cc,1,market,0.0,1,1,4,32,49005.0
381756,381757,381757,381757,closed,timeout,19561.0,19564.0,19561.25,19563.75,19557.0,19593.0,3.0,2.5,2.0,40.0,10.0,0.5,1.0,1.0,0.25,2024-01-29 19:34:00+00:00,2024-01-29 19:34:00+00:00,2024-01-29 19:35:00+00:00,2024-01-29 19:35:00+00:00,pullback_long_late_8346db7cf1cc,1,market,0.0,1,1,4,32,49045.0
381760,381761,381761,381761,closed,timeout,19564.5,19565.25,19564.75,19565.0,19560.5,19596.5,0.75,0.25,-0.25,-5.0,10.0,0.5,1.0,1.0,2.0,2024-01-29 19:38:00+00:00,2024-01-29 19:38:00+00:00,2024-01-29 19:39:00+00:00,2024-01-29 19:39:00+00:00,pullback_long_late_8346db7cf1cc,1,market,0.0,1,1,4,32,49040.0
381762,381763,381763,381763,closed,timeout,19567.5,19570.75,19567.75,19570.5,19563.5,19599.5,3.25,2.75,2.25,45.0,10.0,0.5,1.0,1.0,0.75,2024-01-29 19:40:00+00:00,2024-01-29 19:40:00+00:00,2024-01-29 19:41:00+00:00,2024-01-29 19:41:00+00:00,pullback_long_late_8346db7cf1cc,1,market,0.0,1,1,4,32,49085.0
381770,381771,381771,381771,closed,stop,19570.5,19566.5,19570.75,19566.25,19566.5,19602.5,-4.0,-4.5,-5.0,-100.0,10.0,0.5,1.0,1.0,7.25,2024-01-29 19:48:00+00:00,2024-01-29 19:48:00+00:00,2024-01-29 19:49:00+00:00,2024-01-29 19:49:00+00:00,pullback_long_late_8346db7cf1cc,1,market,0.0,1,1,4,32,48985.0
381787,381788,381788,381788,closed,stop,19604.5,19600.5,19604.75,19600.25,19600.5,19636.5,-4.0,-4.5,-5.0,-100.0,10.0,0.5,1.0,1.0,8.75,2024-01-29 20:05:00+00:00,2024-01-29 20:05:00+00:00,2024-01-29 20:06:00+00:00,2024-01-29 20:06:00+00:00,pullback_long_late_8346db7cf1cc,1,market,0.0,1,1,4,32,48885.0
381789,381790,381790,381790,closed,timeout,19604.5,19614.0,19604.75,19613.75,19600.5,19636.5,9.5,9.0,8.5,170.0,10.0,0.5,1.0,1.0,1.75,2024-01-29 20:07:00+00:00,2024-01-29 20:07:00+00:00,2024-01-29 20:08:00+00:00,2024-01-29 20:08:00+00:00,pullback_long_late_8346db7cf1cc,1,market,0.0,1,1,4,32,49055.0
381812,381813,381813,381813,closed,timeout,19645.25,19652.5,19645.5,19652.25,19641.25,19677.25,7.25,6.75,6.25,125.0,10.0,0.5,1.0,1.0,0.25,2024-01-29 20:30:00+00:00,2024-01-29 20:30:00+00:00,2024-01-29 20:31:00+00:00,2024-01-29 20:31:00+00:00,pullback_long_late_8346db7cf1cc,1,market,0.0,1,1,4,32,49180.0
381813,381814,381814,381814,closed,timeout,19652.25,19651.0,19652.5,19650.75,19648.25,19684.25,-1.25,-1.75,-2.25,-45.0,10.0,0.5,1.0,1.0,3.5,2024-01-29 20:31:00+00:00,2024-01-29 20:31:00+00:00,2024-01-29 20:32:00+00:00,2024-01-29 20:32:00+00:00,pullback_long_late_8346db7cf1cc,1,market,0.0,1,1,4,32,49135.0
381819,381820,381820,381820,closed,stop,19644.75,19640.75,19645.0,19640.5,19640.75,19676.75,-4.0,-4.5,-5.0,-100.0,10.0,0.5,1.0,1.0,6.0,2024-01-29 20:37:00+00:00,2024-01-29 20:37:00+00:00,2024-01-29 20:38:00+00:00,2024-01-29 20:38:00+00:00,pullback_long_late_8346db7cf1cc,1,market,0.0,1,1,4,32,49035.0
383123,383124,383124,383124,closed,timeout,19528.5,19532.5,19528.75,19532.25,19524.5,19560.5,4.0,3.5,3.0,60.0,10.0,0.5,1.0,1.0,3.0,2024-01-30 19:37:00+00:00,2024-01-30 19:37:00+00:00,2024-01-30 19:38:00+00:00,2024-01-30 19:38:00+00:00,pullback_long_late_8346db7cf1cc,1,market,0.0,1,1,4,32,49095.0
383127,383128,383128,383128,closed,timeout,19529.5,19529.5,19529.75,19529.25,19525.5,19561.5,0.0,-0.5,-1.0,-20.0,10.0,0.5,1.0,1.0,2.75,2024-01-30 19:41:00+00:00,2024-01-30 19:41:00+00:00,2024-01-30 19:42:00+00:00,2024-01-30 19:42:00+00:00,pullback_long_late_8346db7cf1cc,1,market,0.0,1,1,4,32,49075.0
383142,383143,383143,383143,closed,timeout,19538.0,19537.75,19538.25,19537.5,19534.0,19570.0,-0.25,-0.75,-1.25,-25.0,10.0,0.5,1.0,1.0,1.25,2024-01-30 19:56:00+00:00,2024-01-30 19:56:00+00:00,2024-01-30 19:57:00+00:00,2024-01-30 19:57:00+00:00,pullback_long_late_8346db7cf1cc,1,market,0.0,1,1,4,32,49050.0
384505,384506,384506,384506,closed,stop,19357.25,19353.25,19357.5,19353.0,19353.25,19389.25,-4.0,-4.5,-5.0,-100.0,10.0,0.5,1.0,1.0,11.75,2024-01-31 19:54:00+00:00,2024-01-31 19:54:00+00:00,2024-01-31 19:55:00+00:00,2024-01-31 19:55:00+00:00,pullback_long_late_8346db7cf1cc,1,market,0.0,1,1,4,32,48950.0
384507,384508,384508,384508,closed,stop,19365.0,19361.0,19365.25,19360.75,19361.0,19397.0,-4.0,-4.5,-5.0,-100.0,10.0,0.5,1.0,1.0,20.25,2024-01-31 19:56:00+00:00,2024-01-31 19:56:00+00:00,2024-01-31 19:57:00+00:00,2024-01-31 19:57:00+00:00,pullback_long_late_8346db7cf1cc,1,market,0.0,1,1,4,32,48850.0
384538,384539,384539,384539,closed,stop,19239.75,19235.75,19240.0,19235.5,19235.75,19271.75,-4.0,-4.5,-5.0,-100.0,10.0,0.5,1.0,1.0,7.75,2024-01-31 20:27:00+00:00,2024-01-31 20:27:00+00:00,2024-01-31 20:28:00+00:00,2024-01-31 20:28:00+00:00,pullback_long_late_8346db7cf1cc,1,market,0.0,1,1,4,32,48750.0
384539,384540,384540,384540,closed,stop,19257.0,19253.0,19257.25,19252.75,19253.0,19289.0,-4.0,-4.5,-5.0,-100.0,10.0,0.5,1.0,1.0,21.75,2024-01-31 20:28:00+00:00,2024-01-31 20:28:00+00:00,2024-01-31 20:29:00+00:00,2024-01-31 20:29:00+00:00,pullback_long_late_8346db7cf1cc,1,market,0.0,1,1,4,32,48650.0
385817,385818,385818,385818,closed,timeout,19318.75,19323.25,19319.0,19323.0,19314.75,19350.75,4.5,4.0,3.5,70.0,10.0,0.5,1.0,1.0,4.0,2024-02-01 19:01:00+00:00,2024-02-01 19:01:00+00:00,2024-02-01 19:02:00+00:00,2024-02-01 19:02:00+00:00,pullback_long_late_8346db7cf1cc,1,market,0.0,1,1,4,32,48720.0
385818,385819,385819,385819,closed,stop,19323.0,19319.0,19323.25,19318.75,19319.0,19355.0,-4.0,-4.5,-5.0,-100.0,10.0,0.5,1.0,1.0,6.25,2024-02-01 19:02:00+00:00,2024-02-01 19:02:00+00:00,2024-02-01 19:03:00+00:00,2024-02-01 19:03:00+00:00,pullback_long_late_8346db7cf1cc,1,market,0.0,1,1,4,32,48620.0
385820,385821,385821,385821,closed,stop,19320.5,19316.5,19320.75,19316.25,19316.5,19352.5,-4.0,-4.5,-5.0,-100.0,10.0,0.5,1.0,1.0,4.25,2024-02-01 19:04:00+00:00,2024-02-01 19:04:00+00:00,2024-02-01 19:05:00+00:00,2024-02-01 19:05:00+00:00,pullback_long_late_8346db7cf1cc,1,market,0.0,1,1,4,32,48520.0
385842,385843,385843,385843,closed,timeout,19339.25,19340.75,19339.5,19340.5,19335.25,19371.25,1.5,1.0,0.5,10.0,10.0,0.5,1.0,1.0,0.5,2024-02-01 19:26:00+00:00,2024-02-01 19:26:00+00:00,2024-02-01 19:27:00+00:00,2024-02-01 19:27:00+00:00,pullback_long_late_8346db7cf1cc,1,market,0.0,1,1,4,32,48530.0
385867,385868,385868,385868,closed,timeout,19364.5,19368.0,19364.75,19367.75,19360.5,19396.5,3.5,3.0,2.5,50.0,10.0,0.5,1.0,1.0,1.75,2024-02-01 19:51:00+00:00,2024-02-01 19:51:00+00:00,2024-02-01 19:52:00+00:00,2024-02-01 19:52:00+00:00,pullback_long_late_8346db7cf1cc,1,market,0.0,1,1,4,32,48580.0
385868,385869,385869,385869,closed,timeout,19367.75,19367.75,19368.0,19367.5,19363.75,19399.75,0.0,-0.5,-1.0,-20.0,10.0,0.5,1.0,1.0,3.0,2024-02-01 19:52:00+00:00,2024-02-01 19:52:00+00:00,2024-02-01 19:53:00+00:00,2024-02-01 19:53:00+00:00,pullback_long_late_8346db7cf1cc,1,market,0.0,1,1,4,32,48560.0
385885,385886,385886,385886,closed,stop,19378.5,19374.5,19378.75,19374.25,19374.5,19410.5,-4.0,-4.5,-5.0,-100.0,10.0,0.5,1.0,1.0,5.75,2024-02-01 20:09:00+00:00,2024-02-01 20:09:00+00:00,2024-02-01 20:10:00+00:00,2024-02-01 20:10:00+00:00,pullback_long_late_8346db7cf1cc,1,market,0.0,1,1,4,32,48460.0
385911,385912,385912,385912,closed,timeout,19385.25,19388.5,19385.5,19388.25,19381.25,19417.25,3.25,2.75,2.25,45.0,10.0,0.5,1.0,1.0,0.75,2024-02-01 20:35:00+00:00,2024-02-01 20:35:00+00:00,2024-02-01 20:36:00+00:00,2024-02-01 20:36:00+00:00,pullback_long_late_8346db7cf1cc,1,market,0.0,1,1,4,32,48505.0
387188,387189,387189,387189,closed,stop,19688.75,19684.75,19689.0,19684.5,19684.75,19720.75,-4.0,-4.5,-5.0,-100.0,10.0,0.5,1.0,1.0,4.75,2024-02-02 19:07:00+00:00,2024-02-02 19:07:00+00:00,2024-02-02 19:08:00+00:00,2024-02-02 19:08:00+00:00,pullback_long_late_8346db7cf1cc,1,market,0.0,1,1,4,32,48405.0
387197,387198,387198,387198,closed,timeout,19701.25,19702.0,19701.5,19701.75,19697.25,19733.25,0.75,0.25,-0.25,-5.0,10.0,0.5,1.0,1.0,2.75,2024-02-02 19:16:00+00:00,2024-02-02 19:16:00+00:00,2024-02-02 19:17:00+00:00,2024-02-02 19:17:00+00:00,pullback_long_late_8346db7cf1cc,1,market,0.0,1,1,4,32,48400.0
387202,387203,387203,387203,closed,stop,19698.0,19694.0,19698.25,19693.75,19694.0,19730.0,-4.0,-4.5,-5.0,-100.0,10.0,0.5,1.0,1.0,10.25,2024-02-02 19:21:00+00:00,2024-02-02 19:21:00+00:00,2024-02-02 19:22:00+00:00,2024-02-02 19:22:00+00:00,pullback_long_late_8346db7cf1cc,1,market,0.0,1,1,4,32,48300.0
387206,387207,387207,387207,closed,stop,19696.0,19692.0,19696.25,19691.75,19692.0,19728.0,-4.0,-4.5,-5.0,-100.0,10.0,0.5,1.0,1.0,6.0,2024-02-02 19:25:00+00:00,2024-02-02 19:25:00+00:00,2024-02-02 19:26:00+00:00,2024-02-02 19:26:00+00:00,pullback_long_late_8346db7cf1cc,1,market,0.0,1,1,4,32,48200.0
387227,387228,387228,387228,closed,stop,19708.5,19704.5,19708.75,19704.25,19704.5,19740.5,-4.0,-4.5,-5.0,-100.0,10.0,0.5,1.0,1.0,7.75,2024-02-02 19:46:00+00:00,2024-02-02 19:46:00+00:00,2024-02-02 19:47:00+00:00,2024-02-02 19:47:00+00:00,pullback_long_late_8346db7cf1cc,1,market,0.0,1,1,4,32,48100.0
387229,387230,387230,387230,closed,stop,19709.5,19705.5,19709.75,19705.25,19705.5,19741.5,-4.0,-4.5,-5.0,-100.0,10.0,0.5,1.0,1.0,5.5,2024-02-02 19:48:00+00:00,2024-02-02 19:48:00+00:00,2024-02-02 19:49:00+00:00,2024-02-02 19:49:00+00:00,pullback_long_late_8346db7cf1cc,1,market,0.0,1,1,4,32,48000.0
387257,387258,387258,387258,closed,timeout,19701.25,19702.0,19701.5,19701.75,19697.25,19733.25,0.75,0.25,-0.25,-5.0,10.0,0.5,1.0,1.0,3.5,2024-02-02 20:16:00+00:00,2024-02-02 20:16:00+00:00,2024-02-02 20:17:00+00:00,2024-02-02 20:17:00+00:00,pullback_long_late_8346db7cf1cc,1,market,0.0,1,1,4,32,47995.0
387296,387297,387297,387297,closed,stop,19705.0,19701.0,19705.25,19700.75,19701.0,19737.0,-4.0,-4.5,-5.0,-100.0,10.0,0.5,1.0,1.0,18.5,2024-02-02 20:55:00+00:00,2024-02-02 20:55:00+00:00,2024-02-02 20:56:00+00:00,2024-02-02 20:56:00+00:00,pullback_long_late_8346db7cf1cc,1,market,0.0,1,1,4,32,47895.0
388563,388564,388564,388564,closed,stop,19647.5,19643.5,19647.75,19643.25,19643.5,19679.5,-4.0,-4.5,-5.0,-100.0,10.0,0.5,1.0,1.0,8.5,2024-02-05 19:17:00+00:00,2024-02-05 19:17:00+00:00,2024-02-05 19:18:00+00:00,2024-02-05 19:18:00+00:00,pullback_long_late_8346db7cf1cc,1,market,0.0,1,1,4,32,47795.0
388567,388568,388568,388568,closed,timeout,19641.5,19647.75,19641.75,19647.5,19637.5,19673.5,6.25,5.75,5.25,105.0,10.0,0.5,1.0,1.0,0.25,2024-02-05 19:21:00+00:00,2024-02-05 19:21:00+00:00,2024-02-05 19:22:00+00:00,2024-02-05 19:22:00+00:00,pullback_long_late_8346db7cf1cc,1,market,0.0,1,1,4,32,47900.0
388576,388577,388577,388577,closed,timeout,19654.75,19653.75,19655.0,19653.5,19650.75,19686.75,-1.0,-1.5,-2.0,-40.0,10.0,0.5,1.0,1.0,3.0,2024-02-05 19:30:00+00:00,2024-02-05 19:30:00+00:00,2024-02-05 19:31:00+00:00,2024-02-05 19:31:00+00:00,pullback_long_late_8346db7cf1cc,1,market,0.0,1,1,4,32,47860.0
388586,388587,388587,388587,closed,timeout,19673.75,19676.25,19674.0,19676.0,19669.75,19705.75,2.5,2.0,1.5,30.0,10.0,0.5,1.0,1.0,1.0,2024-02-05 19:40:00+00:00,2024-02-05 19:40:00+00:00,2024-02-05 19:41:00+00:00,2024-02-05 19:41:00+00:00,pullback_long_late_8346db7cf1cc,1,market,0.0,1,1,4,32,47890.0
388587,388588,388588,388588,closed,timeout,19676.5,19680.5,19676.75,19680.25,19672.5,19708.5,4.0,3.5,3.0,60.0,10.0,0.5,1.0,1.0,0.75,2024-02-05 19:41:00+00:00,2024-02-05 19:41:00+00:00,2024-02-05 19:42:00+00:00,2024-02-05 19:42:00+00:00,pullback_long_late_8346db7cf1cc,1,market,0.0,1,1,4,32,47950.0
388592,388593,388593,388593,closed,timeout,19680.25,19684.0,19680.5,19683.75,19676.25,19712.25,3.75,3.25,2.75,55.0,10.0,0.5,1.0,1.0,1.25,2024-02-05 19:46:00+00:00,2024-02-05 19:46:00+00:00,2024-02-05 19:47:00+00:00,2024-02-05 19:47:00+00:00,pullback_long_late_8346db7cf1cc,1,market,0.0,1,1,4,32,48005.0
388598,388599,388599,388599,closed,timeout,19678.75,19682.0,19679.0,19681.75,19674.75,19710.75,3.25,2.75,2.25,45.0,10.0,0.5,1.0,1.0,2.25,2024-02-05 19:52:00+00:00,2024-02-05 19:52:00+00:00,2024-02-05 19:53:00+00:00,2024-02-05 19:53:00+00:00,pullback_long_late_8346db7cf1cc,1,market,0.0,1,1,4,32,48050.0
388599,388600,388600,388600,closed,timeout,19682.25,19680.75,19682.5,19680.5,19678.25,19714.25,-1.5,-2.0,-2.5,-50.0,10.0,0.5,1.0,1.0,3.0,2024-02-05 19:53:00+00:00,2024-02-05 19:53:00+00:00,2024-02-05 19:54:00+00:00,2024-02-05 19:54:00+00:00,pullback_long_late_8346db7cf1cc,1,market,0.0,1,1,4,32,48000.0
388605,388606,388606,388606,closed,timeout,19678.5,19676.75,19678.75,19676.5,19674.5,19710.5,-1.75,-2.25,-2.75,-55.0,10.0,0.5,1.0,1.0,3.5,2024-02-05 19:59:00+00:00,2024-02-05 19:59:00+00:00,2024-02-05 20:00:00+00:00,2024-02-05 20:00:00+00:00,pullback_long_late_8346db7cf1cc,1,market,0.0,1,1,4,32,47945.0
388638,388639,388639,388639,closed,timeout,19652.25,19653.5,19652.5,19653.25,19648.25,19684.25,1.25,0.75,0.25,5.0,10.0,0.5,1.0,1.0,2.5,2024-02-05 20:32:00+00:00,2024-02-05 20:32:00+00:00,2024-02-05 20:33:00+00:00,2024-02-05 20:33:00+00:00,pullback_long_late_8346db7cf1cc,1,market,0.0,1,1,4,32,47950.0
388647,388648,388648,388648,closed,timeout,19644.0,19643.0,19644.25,19642.75,19640.0,19676.0,-1.0,-1.5,-2.0,-40.0,10.0,0.5,1.0,1.0,3.0,2024-02-05 20:41:00+00:00,2024-02-05 20:41:00+00:00,2024-02-05 20:42:00+00:00,2024-02-05 20:42:00+00:00,pullback_long_late_8346db7cf1cc,1,market,0.0,1,1,4,32,47910.0
388649,388650,388650,388650,closed,timeout,19647.0,19644.25,19647.25,19644.0,19643.0,19679.0,-2.75,-3.25,-3.75,-75.0,10.0,0.5,1.0,1.0,4.0,2024-02-05 20:43:00+00:00,2024-02-05 20:43:00+00:00,2024-02-05 20:44:00+00:00,2024-02-05 20:44:00+00:00,pullback_long_late_8346db7cf1cc,1,market,0.0,1,1,4,32,47835.0
389953,389954,389954,389954,closed,timeout,19543.75,19549.5,19544.0,19549.25,19539.75,19575.75,5.75,5.25,4.75,95.0,10.0,0.5,1.0,1.0,0.5,2024-02-06 19:42:00+00:00,2024-02-06 19:42:00+00:00,2024-02-06 19:43:00+00:00,2024-02-06 19:43:00+00:00,pullback_long_late_8346db7cf1cc,1,market,0.0,1,1,4,32,47930.0
389965,389966,389966,389966,closed,timeout,19560.5,19565.5,19560.75,19565.25,19556.5,19592.5,5.0,4.5,4.0,80.0,10.0,0.5,1.0,1.0,0.5,2024-02-06 19:54:00+00:00,2024-02-06 19:54:00+00:00,2024-02-06 19:55:00+00:00,2024-02-06 19:55:00+00:00,pullback_long_late_8346db7cf1cc,1,market,0.0,1,1,4,32,48010.0
389976,389977,389977,389977,closed,timeout,19578.25,19581.75,19578.5,19581.5,19574.25,19610.25,3.5,3.0,2.5,50.0,10.0,0.5,1.0,1.0,0.25,2024-02-06 20:05:00+00:00,2024-02-06 20:05:00+00:00,2024-02-06 20:06:00+00:00,2024-02-06 20:06:00+00:00,pullback_long_late_8346db7cf1cc,1,market,0.0,1,1,4,32,48060.0
389982,389983,389983,389983,closed,stop,19586.5,19582.5,19586.75,19582.25,19582.5,19618.5,-4.0,-4.5,-5.0,-100.0,10.0,0.5,1.0,1.0,4.25,2024-02-06 20:11:00+00:00,2024-02-06 20:11:00+00:00,2024-02-06 20:12:00+00:00,2024-02-06 20:12:00+00:00,pullback_long_late_8346db7cf1cc,1,market,0.0,1,1,4,32,47960.0
389984,389985,389985,389985,closed,timeout,19586.25,19584.5,19586.5,19584.25,19582.25,19618.25,-1.75,-2.25,-2.75,-55.0,10.0,0.5,1.0,1.0,3.0,2024-02-06 20:13:00+00:00,2024-02-06 20:13:00+00:00,2024-02-06 20:14:00+00:00,2024-02-06 20:14:00+00:00,pullback_long_late_8346db7cf1cc,1,market,0.0,1,1,4,32,47905.0
389992,389993,389993,389993,closed,stop,19585.25,19581.25,19585.5,19581.0,19581.25,19617.25,-4.0,-4.5,-5.0,-100.0,10.0,0.5,1.0,1.0,7.0,2024-02-06 20:21:00+00:00,2024-02-06 20:21:00+00:00,2024-02-06 20:22:00+00:00,2024-02-06 20:22:00+00:00,pullback_long_late_8346db7cf1cc,1,market,0.0,1,1,4,32,47805.0
391277,391278,391278,391278,closed,stop,19796.75,19792.75,19797.0,19792.5,19792.75,19828.75,-4.0,-4.5,-5.0,-100.0,10.0,0.5,1.0,1.0,6.75,2024-02-07 19:01:00+00:00,2024-02-07 19:01:00+00:00,2024-02-07 19:02:00+00:00,2024-02-07 19:02:00+00:00,pullback_long_late_8346db7cf1cc,1,market,0.0,1,1,4,32,47705.0
391280,391281,391281,391281,closed,timeout,19792.0,19791.0,19792.25,19790.75,19788.0,19824.0,-1.0,-1.5,-2.0,-40.0,10.0,0.5,1.0,1.0,1.5,2024-02-07 19:04:00+00:00,2024-02-07 19:04:00+00:00,2024-02-07 19:05:00+00:00,2024-02-07 19:05:00+00:00,pullback_long_late_8346db7cf1cc,1,market,0.0,1,1,4,32,47665.0
391327,391328,391328,391328,closed,timeout,19794.75,19798.0,19795.0,19797.75,19790.75,19826.75,3.25,2.75,2.25,45.0,10.0,0.5,1.0,1.0,0.25,2024-02-07 19:51:00+00:00,2024-02-07 19:51:00+00:00,2024-02-07 19:52:00+00:00,2024-02-07 19:52:00+00:00,pullback_long_late_8346db7cf1cc,1,market,0.0,1,1,4,32,47710.0
391336,391337,391337,391337,closed,stop,19795.5,19791.5,19795.75,19791.25,19791.5,19827.5,-4.0,-4.5,-5.0,-100.0,10.0,0.5,1.0,1.0,4.25,2024-02-07 20:00:00+00:00,2024-02-07 20:00:00+00:00,2024-02-07 20:01:00+00:00,2024-02-07 20:01:00+00:00,pullback_long_late_8346db7cf1cc,1,market,0.0,1,1,4,32,47610.0
392696,392697,392697,392697,closed,timeout,19795.75,19799.0,19796.0,19798.75,19791.75,19827.75,3.25,2.75,2.25,45.0,10.0,0.5,1.0,1.0,3.75,2024-02-08 19:55:00+00:00,2024-02-08 19:55:00+00:00,2024-02-08 19:56:00+00:00,2024-02-08 19:56:00+00:00,pullback_long_late_8346db7cf1cc,1,market,0.0,1,1,4,32,47655.0
392707,392708,392708,392708,closed,timeout,19810.0,19810.5,19810.25,19810.25,19806.0,19842.0,0.5,0.0,-0.5,-10.0,10.0,0.5,1.0,1.0,1.5,2024-02-08 20:06:00+00:00,2024-02-08 20:06:00+00:00,2024-02-08 20:07:00+00:00,2024-02-08 20:07:00+00:00,pullback_long_late_8346db7cf1cc,1,market,0.0,1,1,4,32,47645.0
392710,392711,392711,392711,closed,stop,19810.5,19806.5,19810.75,19806.25,19806.5,19842.5,-4.0,-4.5,-5.0,-100.0,10.0,0.5,1.0,1.0,4.75,2024-02-08 20:09:00+00:00,2024-02-08 20:09:00+00:00,2024-02-08 20:10:00+00:00,2024-02-08 20:10:00+00:00,pullback_long_late_8346db7cf1cc,1,market,0.0,1,1,4,32,47545.0
392732,392733,392733,392733,closed,stop,19816.5,19812.5,19816.75,19812.25,19812.5,19848.5,-4.0,-4.5,-5.0,-100.0,10.0,0.5,1.0,1.0,5.0,2024-02-08 20:31:00+00:00,2024-02-08 20:31:00+00:00,2024-02-08 20:32:00+00:00,2024-02-08 20:32:00+00:00,pullback_long_late_8346db7cf1cc,1,market,0.0,1,1,4,32,47445.0
394010,394011,394011,394011,closed,timeout,19980.0,19980.5,19980.25,19980.25,19976.0,20012.0,0.5,0.0,-0.5,-10.0,10.0,0.5,1.0,1.0,1.25,2024-02-09 19:05:00+00:00,2024-02-09 19:05:00+00:00,2024-02-09 19:06:00+00:00,2024-02-09 19:06:00+00:00,pullback_long_late_8346db7cf1cc,1,market,0.0,1,1,4,32,47435.0
394030,394031,394031,394031,closed,timeout,19984.25,19989.0,19984.5,19988.75,19980.25,20016.25,4.75,4.25,3.75,75.0,10.0,0.5,1.0,1.0,0.25,2024-02-09 19:25:00+00:00,2024-02-09 19:25:00+00:00,2024-02-09 19:26:00+00:00,2024-02-09 19:26:00+00:00,pullback_long_late_8346db7cf1cc,1,market,0.0,1,1,4,32,47510.0
394039,394040,394040,394040,closed,timeout,19993.75,19996.25,19994.0,19996.0,19989.75,20025.75,2.5,2.0,1.5,30.0,10.0,0.5,1.0,1.0,1.25,2024-02-09 19:34:00+00:00,2024-02-09 19:34:00+00:00,2024-02-09 19:35:00+00:00,2024-02-09 19:35:00+00:00,pullback_long_late_8346db7cf1cc,1,market,0.0,1,1,4,32,47540.0
394042,394043,394043,394043,closed,timeout,19993.5,19991.5,19993.75,19991.25,19989.5,20025.5,-2.0,-2.5,-3.0,-60.0,10.0,0.5,1.0,1.0,4.0,2024-02-09 19:37:00+00:00,2024-02-09 19:37:00+00:00,2024-02-09 19:38:00+00:00,2024-02-09 19:38:00+00:00,pullback_long_late_8346db7cf1cc,1,market,0.0,1,1,4,32,47480.0
394044,394045,394045,394045,closed,timeout,19992.0,19994.0,19992.25,19993.75,19988.0,20024.0,2.0,1.5,1.0,20.0,10.0,0.5,1.0,1.0,0.75,2024-02-09 19:39:00+00:00,2024-02-09 19:39:00+00:00,2024-02-09 19:40:00+00:00,2024-02-09 19:40:00+00:00,pullback_long_late_8346db7cf1cc,1,market,0.0,1,1,4,32,47500.0
394045,394046,394046,394046,closed,timeout,19994.5,20001.0,19994.75,20000.75,19990.5,20026.5,6.5,6.0,5.5,110.0,10.0,0.5,1.0,1.0,0.5,2024-02-09 19:40:00+00:00,2024-02-09 19:40:00+00:00,2024-02-09 19:41:00+00:00,2024-02-09 19:41:00+00:00,pullback_long_late_8346db7cf1cc,1,market,0.0,1,1,4,32,47610.0
394054,394055,394055,394055,closed,stop,20007.75,20003.75,20008.0,20003.5,20003.75,20039.75,-4.0,-4.5,-5.0,-100.0,10.0,0.5,1.0,1.0,5.5,2024-02-09 19:49:00+00:00,2024-02-09 19:49:00+00:00,2024-02-09 19:50:00+00:00,2024-02-09 19:50:00+00:00,pullback_long_late_8346db7cf1cc,1,market,0.0,1,1,4,32,47510.0
394057,394058,394058,394058,closed,timeout,20003.25,20005.25,20003.5,20005.0,19999.25,20035.25,2.0,1.5,1.0,20.0,10.0,0.5,1.0,1.0,1.5,2024-02-09 19:52:00+00:00,2024-02-09 19:52:00+00:00,2024-02-09 19:53:00+00:00,2024-02-09 19:53:00+00:00,pullback_long_late_8346db7cf1cc,1,market,0.0,1,1,4,32,47530.0
394058,394059,394059,394059,closed,timeout,20005.25,20002.75,20005.5,20002.5,20001.25,20037.25,-2.5,-3.0,-3.5,-70.0,10.0,0.5,1.0,1.0,4.0,2024-02-09 19:53:00+00:00,2024-02-09 19:53:00+00:00,2024-02-09 19:54:00+00:00,2024-02-09 19:54:00+00:00,pullback_long_late_8346db7cf1cc,1,market,0.0,1,1,4,32,47460.0
394060,394061,394061,394061,closed,stop,20003.5,19999.5,20003.75,19999.25,19999.5,20035.5,-4.0,-4.5,-5.0,-100.0,10.0,0.5,1.0,1.0,5.5,2024-02-09 19:55:00+00:00,2024-02-09 19:55:00+00:00,2024-02-09 19:56:00+00:00,2024-02-09 19:56:00+00:00,pullback_long_late_8346db7cf1cc,1,market,0.0,1,1,4,32,47360.0
394063,394064,394064,394064,closed,timeout,20001.75,19999.75,20002.0,19999.5,19997.75,20033.75,-2.0,-2.5,-3.0,-60.0,10.0,0.5,1.0,1.0,3.5,2024-02-09 19:58:00+00:00,2024-02-09 19:58:00+00:00,2024-02-09 19:59:00+00:00,2024-02-09 19:59:00+00:00,pullback_long_late_8346db7cf1cc,1,market,0.0,1,1,4,32,47300.0
395437,395438,395438,395438,closed,stop,19918.25,19914.25,19918.5,19914.0,19914.25,19950.25,-4.0,-4.5,-5.0,-100.0,10.0,0.5,1.0,1.0,4.25,2024-02-12 20:14:00+00:00,2024-02-12 20:14:00+00:00,2024-02-12 20:15:00+00:00,2024-02-12 20:15:00+00:00,pullback_long_late_8346db7cf1cc,1,market,0.0,1,1,4,32,47200.0
395440,395441,395441,395441,closed,stop,19918.0,19914.0,19918.25,19913.75,19914.0,19950.0,-4.0,-4.5,-5.0,-100.0,10.0,0.5,1.0,1.0,4.25,2024-02-12 20:17:00+00:00,2024-02-12 20:17:00+00:00,2024-02-12 20:18:00+00:00,2024-02-12 20:18:00+00:00,pullback_long_late_8346db7cf1cc,1,market,0.0,1,1,4,32,47100.0
395449,395450,395450,395450,closed,timeout,19922.25,19920.75,19922.5,19920.5,19918.25,19954.25,-1.5,-2.0,-2.5,-50.0,10.0,0.5,1.0,1.0,2.25,2024-02-12 20:26:00+00:00,2024-02-12 20:26:00+00:00,2024-02-12 20:27:00+00:00,2024-02-12 20:27:00+00:00,pullback_long_late_8346db7cf1cc,1,market,0.0,1,1,4,32,47050.0
396767,396768,396768,396768,closed,timeout,19578.0,19585.25,19578.25,19585.0,19574.0,19610.0,7.25,6.75,6.25,125.0,10.0,0.5,1.0,1.0,0.25,2024-02-13 19:39:00+00:00,2024-02-13 19:39:00+00:00,2024-02-13 19:40:00+00:00,2024-02-13 19:40:00+00:00,pullback_long_late_8346db7cf1cc,1,market,0.0,1,1,4,32,47175.0
396841,396842,396842,396842,closed,timeout,19573.0,19576.75,19573.25,19576.5,19569.0,19605.0,3.75,3.25,2.75,55.0,10.0,0.5,1.0,1.0,2.0,2024-02-13 20:53:00+00:00,2024-02-13 20:53:00+00:00,2024-02-13 20:54:00+00:00,2024-02-13 20:54:00+00:00,pullback_long_late_8346db7cf1cc,1,market,0.0,1,1,4,32,47230.0
396842,396843,396843,396843,closed,stop,19576.5,19572.5,19576.75,19572.25,19572.5,19608.5,-4.0,-4.5,-5.0,-100.0,10.0,0.5,1.0,1.0,4.25,2024-02-13 20:54:00+00:00,2024-02-13 20:54:00+00:00,2024-02-13 20:55:00+00:00,2024-02-13 20:55:00+00:00,pullback_long_late_8346db7cf1cc,1,market,0.0,1,1,4,32,47130.0
396843,396844,396844,396844,closed,stop,19581.0,19577.0,19581.25,19576.75,19577.0,19613.0,-4.0,-4.5,-5.0,-100.0,10.0,0.5,1.0,1.0,6.25,2024-02-13 20:55:00+00:00,2024-02-13 20:55:00+00:00,2024-02-13 20:56:00+00:00,2024-02-13 20:56:00+00:00,pullback_long_late_8346db7cf1cc,1,market,0.0,1,1,4,32,47030.0
398136,398137,398137,398137,closed,timeout,19730.75,19732.5,19731.0,19732.25,19726.75,19762.75,1.75,1.25,0.75,15.0,10.0,0.5,1.0,1.0,1.75,2024-02-14 19:43:00+00:00,2024-02-14 19:43:00+00:00,2024-02-14 19:44:00+00:00,2024-02-14 19:44:00+00:00,pullback_long_late_8346db7cf1cc,1,market,0.0,1,1,4,32,47045.0
398137,398138,398138,398138,closed,stop,19733.0,19729.0,19733.25,19728.75,19729.0,19765.0,-4.0,-4.5,-5.0,-100.0,10.0,0.5,1.0,1.0,9.75,2024-02-14 19:44:00+00:00,2024-02-14 19:44:00+00:00,2024-02-14 19:45:00+00:00,2024-02-14 19:45:00+00:00,pullback_long_late_8346db7cf1cc,1,market,0.0,1,1,4,32,46945.0
398162,398163,398163,398163,closed,timeout,19746.25,19751.75,19746.5,19751.5,19742.25,19778.25,5.5,5.0,4.5,90.0,10.0,0.5,1.0,1.0,0.25,2024-02-14 20:09:00+00:00,2024-02-14 20:09:00+00:00,2024-02-14 20:10:00+00:00,2024-02-14 20:10:00+00:00,pullback_long_late_8346db7cf1cc,1,market,0.0,1,1,4,32,47035.0
398188,398189,398189,398189,closed,timeout,19771.75,19773.75,19772.0,19773.5,19767.75,19803.75,2.0,1.5,1.0,20.0,10.0,0.5,1.0,1.0,2.0,2024-02-14 20:35:00+00:00,2024-02-14 20:35:00+00:00,2024-02-14 20:36:00+00:00,2024-02-14 20:36:00+00:00,pullback_long_late_8346db7cf1cc,1,market,0.0,1,1,4,32,47055.0
398189,398190,398190,398190,closed,timeout,19773.75,19778.25,19774.0,19778.0,19769.75,19805.75,4.5,4.0,3.5,70.0,10.0,0.5,1.0,1.0,1.75,2024-02-14 20:36:00+00:00,2024-02-14 20:36:00+00:00,2024-02-14 20:37:00+00:00,2024-02-14 20:37:00+00:00,pullback_long_late_8346db7cf1cc,1,market,0.0,1,1,4,32,47125.0
398196,398197,398197,398197,closed,timeout,19793.25,19800.0,19793.5,19799.75,19789.25,19825.25,6.75,6.25,5.75,115.0,10.0,0.5,1.0,1.0,0.75,2024-02-14 20:43:00+00:00,2024-02-14 20:43:00+00:00,2024-02-14 20:44:00+00:00,2024-02-14 20:44:00+00:00,pullback_long_late_8346db7cf1cc,1,market,0.0,1,1,4,32,47240.0
399501,399502,399502,399502,closed,timeout,19856.75,19860.75,19857.0,19860.5,19852.75,19888.75,4.0,3.5,3.0,60.0,10.0,0.5,1.0,1.0,0.25,2024-02-15 19:43:00+00:00,2024-02-15 19:43:00+00:00,2024-02-15 19:44:00+00:00,2024-02-15 19:44:00+00:00,pullback_long_late_8346db7cf1cc,1,market,0.0,1,1,4,32,47300.0
399502,399503,399503,399503,closed,timeout,19860.5,19860.25,19860.75,19860.0,19856.5,19892.5,-0.25,-0.75,-1.25,-25.0,10.0,0.5,1.0,1.0,1.75,2024-02-15 19:44:00+00:00,2024-02-15 19:44:00+00:00,2024-02-15 19:45:00+00:00,2024-02-15 19:45:00+00:00,pullback_long_late_8346db7cf1cc,1,market,0.0,1,1,4,32,47275.0
399511,399512,399512,399512,closed,timeout,19862.0,19866.5,19862.25,19866.25,19858.0,19894.0,4.5,4.0,3.5,70.0,10.0,0.5,1.0,1.0,2.5,2024-02-15 19:53:00+00:00,2024-02-15 19:53:00+00:00,2024-02-15 19:54:00+00:00,2024-02-15 19:54:00+00:00,pullback_long_late_8346db7cf1cc,1,market,0.0,1,1,4,32,47345.0
399512,399513,399513,399513,closed,timeout,19866.5,19864.75,19866.75,19864.5,19862.5,19898.5,-1.75,-2.25,-2.75,-55.0,10.0,0.5,1.0,1.0,4.0,2024-02-15 19:54:00+00:00,2024-02-15 19:54:00+00:00,2024-02-15 19:55:00+00:00,2024-02-15 19:55:00+00:00,pullback_long_late_8346db7cf1cc,1,market,0.0,1,1,4,32,47290.0
399572,399573,399573,399573,closed,stop,19848.5,19844.5,19848.75,19844.25,19844.5,19880.5,-4.0,-4.5,-5.0,-100.0,10.0,0.5,1.0,1.0,4.75,2024-02-15 20:54:00+00:00,2024-02-15 20:54:00+00:00,2024-02-15 20:55:00+00:00,2024-02-15 20:55:00+00:00,pullback_long_late_8346db7cf1cc,1,market,0.0,1,1,4,32,47190.0
400829,400830,400830,400830,closed,timeout,19835.0,19837.5,19835.25,19837.25,19831.0,19867.0,2.5,2.0,1.5,30.0,10.0,0.5,1.0,1.0,3.25,2024-02-16 19:06:00+00:00,2024-02-16 19:06:00+00:00,2024-02-16 19:07:00+00:00,2024-02-16 19:07:00+00:00,pullback_long_late_8346db7cf1cc,1,market,0.0,1,1,4,32,47220.0
400837,400838,400838,400838,closed,stop,19841.25,19837.25,19841.5,19837.0,19837.25,19873.25,-4.0,-4.5,-5.0,-100.0,10.0,0.5,1.0,1.0,5.5,2024-02-16 19:14:00+00:00,2024-02-16 19:14:00+00:00,2024-02-16 19:15:00+00:00,2024-02-16 19:15:00+00:00,pullback_long_late_8346db7cf1cc,1,market,0.0,1,1,4,32,47120.0
400839,400840,400840,400840,closed,timeout,19837.25,19838.25,19837.5,19838.0,19833.25,19869.25,1.0,0.5,0.0,0.0,10.0,0.5,1.0,1.0,1.25,2024-02-16 19:16:00+00:00,2024-02-16 19:16:00+00:00,2024-02-16 19:17:00+00:00,2024-02-16 19:17:00+00:00,pullback_long_late_8346db7cf1cc,1,market,0.0,1,1,4,32,47120.0
400844,400845,400845,400845,closed,stop,19834.75,19830.75,19835.0,19830.5,19830.75,19866.75,-4.0,-4.5,-5.0,-100.0,10.0,0.5,1.0,1.0,4.75,2024-02-16 19:21:00+00:00,2024-02-16 19:21:00+00:00,2024-02-16 19:22:00+00:00,2024-02-16 19:22:00+00:00,pullback_long_late_8346db7cf1cc,1,market,0.0,1,1,4,32,47020.0
400911,400912,400912,400912,closed,stop,19732.75,19728.75,19733.0,19728.5,19728.75,19764.75,-4.0,-4.5,-5.0,-100.0,10.0,0.5,1.0,1.0,5.25,2024-02-16 20:28:00+00:00,2024-02-16 20:28:00+00:00,2024-02-16 20:29:00+00:00,2024-02-16 20:29:00+00:00,pullback_long_late_8346db7cf1cc,1,market,0.0,1,1,4,32,46920.0
400918,400919,400919,400919,closed,stop,19728.25,19724.25,19728.5,19724.0,19724.25,19760.25,-4.0,-4.5,-5.0,-100.0,10.0,0.5,1.0,1.0,6.5,2024-02-16 20:35:00+00:00,2024-02-16 20:35:00+00:00,2024-02-16 20:36:00+00:00,2024-02-16 20:36:00+00:00,pullback_long_late_8346db7cf1cc,1,market,0.0,1,1,4,32,46820.0
403335,403336,403336,403336,closed,timeout,19467.75,19470.0,19468.0,19469.75,19463.75,19499.75,2.25,1.75,1.25,25.0,10.0,0.5,1.0,1.0,2.75,2024-02-20 19:07:00+00:00,2024-02-20 19:07:00+00:00,2024-02-20 19:08:00+00:00,2024-02-20 19:08:00+00:00,pullback_long_late_8346db7cf1cc,1,market,0.0,1,1,4,32,46845.0
403364,403365,403365,403365,closed,stop,19472.5,19468.5,19472.75,19468.25,19468.5,19504.5,-4.0,-4.5,-5.0,-100.0,10.0,0.5,1.0,1.0,4.5,2024-02-20 19:36:00+00:00,2024-02-20 19:36:00+00:00,2024-02-20 19:37:00+00:00,2024-02-20 19:37:00+00:00,pullback_long_late_8346db7cf1cc,1,market,0.0,1,1,4,32,46745.0
403365,403366,403366,403366,closed,timeout,19475.5,19473.5,19475.75,19473.25,19471.5,19507.5,-2.0,-2.5,-3.0,-60.0,10.0,0.5,1.0,1.0,3.75,2024-02-20 19:37:00+00:00,2024-02-20 19:37:00+00:00,2024-02-20 19:38:00+00:00,2024-02-20 19:38:00+00:00,pullback_long_late_8346db7cf1cc,1,market,0.0,1,1,4,32,46685.0
403374,403375,403375,403375,closed,timeout,19488.0,19492.25,19488.25,19492.0,19484.0,19520.0,4.25,3.75,3.25,65.0,10.0,0.5,1.0,1.0,0.25,2024-02-20 19:46:00+00:00,2024-02-20 19:46:00+00:00,2024-02-20 19:47:00+00:00,2024-02-20 19:47:00+00:00,pullback_long_late_8346db7cf1cc,1,market,0.0,1,1,4,32,46750.0
403384,403385,403385,403385,closed,timeout,19508.5,19505.75,19508.75,19505.5,19504.5,19540.5,-2.75,-3.25,-3.75,-75.0,10.0,0.5,1.0,1.0,4.0,2024-02-20 19:56:00+00:00,2024-02-20 19:56:00+00:00,2024-02-20 19:57:00+00:00,2024-02-20 19:57:00+00:00,pullback_long_late_8346db7cf1cc,1,market,0.0,1,1,4,32,46675.0
403393,403394,403394,403394,closed,timeout,19499.75,19510.25,19500.0,19510.0,19495.75,19531.75,10.5,10.0,9.5,190.0,10.0,0.5,1.0,1.0,1.75,2024-02-20 20:05:00+00:00,2024-02-20 20:05:00+00:00,2024-02-20 20:06:00+00:00,2024-02-20 20:06:00+00:00,pullback_long_late_8346db7cf1cc,1,market,0.0,1,1,4,32,46865.0
403394,403395,403395,403395,closed,timeout,19510.5,19514.0,19510.75,19513.75,19506.5,19542.5,3.5,3.0,2.5,50.0,10.0,0.5,1.0,1.0,3.75,2024-02-20 20:06:00+00:00,2024-02-20 20:06:00+00:00,2024-02-20 20:07:00+00:00,2024-02-20 20:07:00+00:00,pullback_long_late_8346db7cf1cc,1,market,0.0,1,1,4,32,46915.0
403401,403402,403402,403402,closed,stop,19527.25,19523.25,19527.5,19523.0,19523.25,19559.25,-4.0,-4.5,-5.0,-100.0,10.0,0.5,1.0,1.0,11.25,2024-02-20 20:13:00+00:00,2024-02-20 20:13:00+00:00,2024-02-20 20:14:00+00:00,2024-02-20 20:14:00+00:00,pullback_long_late_8346db7cf1cc,1,market,0.0,1,1,4,32,46815.0
403404,403405,403405,403405,closed,timeout,19519.25,19523.0,19519.5,19522.75,19515.25,19551.25,3.75,3.25,2.75,55.0,10.0,0.5,1.0,1.0,2.25,2024-02-20 20:16:00+00:00,2024-02-20 20:16:00+00:00,2024-02-20 20:17:00+00:00,2024-02-20 20:17:00+00:00,pullback_long_late_8346db7cf1cc,1,market,0.0,1,1,4,32,46870.0
403405,403406,403406,403406,closed,timeout,19522.75,19521.25,19523.0,19521.0,19518.75,19554.75,-1.5,-2.0,-2.5,-50.0,10.0,0.5,1.0,1.0,3.0,2024-02-20 20:17:00+00:00,2024-02-20 20:17:00+00:00,2024-02-20 20:18:00+00:00,2024-02-20 20:18:00+00:00,pullback_long_late_8346db7cf1cc,1,market,0.0,1,1,4,32,46820.0
403407,403408,403408,403408,closed,stop,19523.75,19519.75,19524.0,19519.5,19519.75,19555.75,-4.0,-4.5,-5.0,-100.0,10.0,0.5,1.0,1.0,10.0,2024-02-20 20:19:00+00:00,2024-02-20 20:19:00+00:00,2024-02-20 20:20:00+00:00,2024-02-20 20:20:00+00:00,pullback_long_late_8346db7cf1cc,1,market,0.0,1,1,4,32,46720.0
403409,403410,403410,403410,closed,timeout,19520.75,19521.5,19521.0,19521.25,19516.75,19552.75,0.75,0.25,-0.25,-5.0,10.0,0.5,1.0,1.0,2.25,2024-02-20 20:21:00+00:00,2024-02-20 20:21:00+00:00,2024-02-20 20:22:00+00:00,2024-02-20 20:22:00+00:00,pullback_long_late_8346db7cf1cc,1,market,0.0,1,1,4,32,46715.0
403413,403414,403414,403414,closed,timeout,19513.0,19519.5,19513.25,19519.25,19509.0,19545.0,6.5,6.0,5.5,110.0,10.0,0.5,1.0,1.0,2.5,2024-02-20 20:25:00+00:00,2024-02-20 20:25:00+00:00,2024-02-20 20:26:00+00:00,2024-02-20 20:26:00+00:00,pullback_long_late_8346db7cf1cc,1,market,0.0,1,1,4,32,46825.0
403414,403415,403415,403415,closed,stop,19519.25,19515.25,19519.5,19515.0,19515.25,19551.25,-4.0,-4.5,-5.0,-100.0,10.0,0.5,1.0,1.0,4.25,2024-02-20 20:26:00+00:00,2024-02-20 20:26:00+00:00,2024-02-20 20:27:00+00:00,2024-02-20 20:27:00+00:00,pullback_long_late_8346db7cf1cc,1,market,0.0,1,1,4,32,46725.0
403443,403444,403444,403444,closed,stop,19528.25,19524.25,19528.5,19524.0,19524.25,19560.25,-4.0,-4.5,-5.0,-100.0,10.0,0.5,1.0,1.0,9.0,2024-02-20 20:55:00+00:00,2024-02-20 20:55:00+00:00,2024-02-20 20:56:00+00:00,2024-02-20 20:56:00+00:00,pullback_long_late_8346db7cf1cc,1,market,0.0,1,1,4,32,46625.0
403445,403446,403446,403446,closed,timeout,19529.25,19530.5,19529.5,19530.25,19525.25,19561.25,1.25,0.75,0.25,5.0,10.0,0.5,1.0,1.0,3.75,2024-02-20 20:57:00+00:00,2024-02-20 20:57:00+00:00,2024-02-20 20:58:00+00:00,2024-02-20 20:58:00+00:00,pullback_long_late_8346db7cf1cc,1,market,0.0,1,1,4,32,46630.0
404715,404716,404716,404716,closed,stop,19390.5,19386.5,19390.75,19386.25,19386.5,19422.5,-4.0,-4.5,-5.0,-100.0,10.0,0.5,1.0,1.0,14.25,2024-02-21 19:22:00+00:00,2024-02-21 19:22:00+00:00,2024-02-21 19:23:00+00:00,2024-02-21 19:23:00+00:00,pullback_long_late_8346db7cf1cc,1,market,0.0,1,1,4,32,46530.0
404760,404761,404761,404761,closed,stop,19340.25,19336.25,19340.5,19336.0,19336.25,19372.25,-4.0,-4.5,-5.0,-100.0,10.0,0.5,1.0,1.0,8.5,2024-02-21 20:07:00+00:00,2024-02-21 20:07:00+00:00,2024-02-21 20:08:00+00:00,2024-02-21 20:08:00+00:00,pullback_long_late_8346db7cf1cc,1,market,0.0,1,1,4,32,46430.0
404762,404763,404763,404763,closed,stop,19338.5,19334.5,19338.75,19334.25,19334.5,19370.5,-4.0,-4.5,-5.0,-100.0,10.0,0.5,1.0,1.0,10.25,2024-02-21 20:09:00+00:00,2024-02-21 20:09:00+00:00,2024-02-21 20:10:00+00:00,2024-02-21 20:10:00+00:00,pullback_long_late_8346db7cf1cc,1,market,0.0,1,1,4,32,46330.0
404800,404801,404801,404801,closed,stop,19438.25,19434.25,19438.5,19434.0,19434.25,19470.25,-4.0,-4.5,-5.0,-100.0,10.0,0.5,1.0,1.0,5.75,2024-02-21 20:47:00+00:00,2024-02-21 20:47:00+00:00,2024-02-21 20:48:00+00:00,2024-02-21 20:48:00+00:00,pullback_long_late_8346db7cf1cc,1,market,0.0,1,1,4,32,46230.0
406065,406066,406066,406066,closed,timeout,20003.5,20001.5,20003.75,20001.25,19999.5,20035.5,-2.0,-2.5,-3.0,-60.0,10.0,0.5,1.0,1.0,3.5,2024-02-22 19:07:00+00:00,2024-02-22 19:07:00+00:00,2024-02-22 19:08:00+00:00,2024-02-22 19:08:00+00:00,pullback_long_late_8346db7cf1cc,1,market,0.0,1,1,4,32,46170.0
406070,406071,406071,406071,closed,timeout,20000.0,20003.75,20000.25,20003.5,19996.0,20032.0,3.75,3.25,2.75,55.0,10.0,0.5,1.0,1.0,0.5,2024-02-22 19:12:00+00:00,2024-02-22 19:12:00+00:00,2024-02-22 19:13:00+00:00,2024-02-22 19:13:00+00:00,pullback_long_late_8346db7cf1cc,1,market,0.0,1,1,4,32,46225.0
406129,406130,406130,406130,closed,stop,20009.25,20005.25,20009.5,20005.0,20005.25,20041.25,-4.0,-4.5,-5.0,-100.0,10.0,0.5,1.0,1.0,5.75,2024-02-22 20:11:00+00:00,2024-02-22 20:11:00+00:00,2024-02-22 20:12:00+00:00,2024-02-22 20:12:00+00:00,pullback_long_late_8346db7cf1cc,1,market,0.0,1,1,4,32,46125.0
406171,406172,406172,406172,closed,timeout,20004.0,20007.5,20004.25,20007.25,20000.0,20036.0,3.5,3.0,2.5,50.0,10.0,0.5,1.0,1.0,2.75,2024-02-22 20:53:00+00:00,2024-02-22 20:53:00+00:00,2024-02-22 20:54:00+00:00,2024-02-22 20:54:00+00:00,pullback_long_late_8346db7cf1cc,1,market,0.0,1,1,4,32,46175.0
407466,407467,407467,407467,closed,stop,19955.5,19951.5,19955.75,19951.25,19951.5,19987.5,-4.0,-4.5,-5.0,-100.0,10.0,0.5,1.0,1.0,11.25,2024-02-23 19:43:00+00:00,2024-02-23 19:43:00+00:00,2024-02-23 19:44:00+00:00,2024-02-23 19:44:00+00:00,pullback_long_late_8346db7cf1cc,1,market,0.0,1,1,4,32,46075.0
407468,407469,407469,407469,closed,timeout,19953.0,19954.25,19953.25,19954.0,19949.0,19985.0,1.25,0.75,0.25,5.0,10.0,0.5,1.0,1.0,1.75,2024-02-23 19:45:00+00:00,2024-02-23 19:45:00+00:00,2024-02-23 19:46:00+00:00,2024-02-23 19:46:00+00:00,pullback_long_late_8346db7cf1cc,1,market,0.0,1,1,4,32,46080.0
407472,407473,407473,407473,closed,timeout,19953.5,19952.5,19953.75,19952.25,19949.5,19985.5,-1.0,-1.5,-2.0,-40.0,10.0,0.5,1.0,1.0,2.5,2024-02-23 19:49:00+00:00,2024-02-23 19:49:00+00:00,2024-02-23 19:50:00+00:00,2024-02-23 19:50:00+00:00,pullback_long_late_8346db7cf1cc,1,market,0.0,1,1,4,32,46040.0
408827,408828,408828,408828,closed,timeout,19969.0,19970.0,19969.25,19969.75,19965.0,20001.0,1.0,0.5,0.0,0.0,10.0,0.5,1.0,1.0,2.25,2024-02-26 19:39:00+00:00,2024-02-26 19:39:00+00:00,2024-02-26 19:40:00+00:00,2024-02-26 19:40:00+00:00,pullback_long_late_8346db7cf1cc,1,market,0.0,1,1,4,32,46040.0
408864,408865,408865,408865,closed,stop,19971.75,19967.75,19972.0,19967.5,19967.75,20003.75,-4.0,-4.5,-5.0,-100.0,10.0,0.5,1.0,1.0,4.75,2024-02-26 20:16:00+00:00,2024-02-26 20:16:00+00:00,2024-02-26 20:17:00+00:00,2024-02-26 20:17:00+00:00,pullback_long_late_8346db7cf1cc,1,market,0.0,1,1,4,32,45940.0
408871,408872,408872,408872,closed,stop,19960.0,19956.0,19960.25,19955.75,19956.0,19992.0,-4.0,-4.5,-5.0,-100.0,10.0,0.5,1.0,1.0,8.0,2024-02-26 20:23:00+00:00,2024-02-26 20:23:00+00:00,2024-02-26 20:24:00+00:00,2024-02-26 20:24:00+00:00,pullback_long_late_8346db7cf1cc,1,market,0.0,1,1,4,32,45840.0
410177,410178,410178,410178,closed,timeout,19945.25,19947.0,19945.5,19946.75,19941.25,19977.25,1.75,1.25,0.75,15.0,10.0,0.5,1.0,1.0,2.5,2024-02-27 19:24:00+00:00,2024-02-27 19:24:00+00:00,2024-02-27 19:25:00+00:00,2024-02-27 19:25:00+00:00,pullback_long_late_8346db7cf1cc,1,market,0.0,1,1,4,32,45855.0
410186,410187,410187,410187,closed,timeout,19956.0,19958.25,19956.25,19958.0,19952.0,19988.0,2.25,1.75,1.25,25.0,10.0,0.5,1.0,1.0,3.5,2024-02-27 19:33:00+00:00,2024-02-27 19:33:00+00:00,2024-02-27 19:34:00+00:00,2024-02-27 19:34:00+00:00,pullback_long_late_8346db7cf1cc,1,market,0.0,1,1,4,32,45880.0
410197,410198,410198,410198,closed,stop,19959.75,19955.75,19960.0,19955.5,19955.75,19991.75,-4.0,-4.5,-5.0,-100.0,10.0,0.5,1.0,1.0,5.5,2024-02-27 19:44:00+00:00,2024-02-27 19:44:00+00:00,2024-02-27 19:45:00+00:00,2024-02-27 19:45:00+00:00,pullback_long_late_8346db7cf1cc,1,market,0.0,1,1,4,32,45780.0
410203,410204,410204,410204,closed,stop,19953.5,19949.5,19953.75,19949.25,19949.5,19985.5,-4.0,-4.5,-5.0,-100.0,10.0,0.5,1.0,1.0,4.5,2024-02-27 19:50:00+00:00,2024-02-27 19:50:00+00:00,2024-02-27 19:51:00+00:00,2024-02-27 19:51:00+00:00,pullback_long_late_8346db7cf1cc,1,market,0.0,1,1,4,32,45680.0
410268,410269,410269,410269,closed,stop,19959.0,19955.0,19959.25,19954.75,19955.0,19991.0,-4.0,-4.5,-5.0,-100.0,10.0,0.5,1.0,1.0,9.0,2024-02-27 20:55:00+00:00,2024-02-27 20:55:00+00:00,2024-02-27 20:56:00+00:00,2024-02-27 20:56:00+00:00,pullback_long_late_8346db7cf1cc,1,market,0.0,1,1,4,32,45580.0
411583,411584,411584,411584,closed,stop,19865.75,19861.75,19866.0,19861.5,19861.75,19897.75,-4.0,-4.5,-5.0,-100.0,10.0,0.5,1.0,1.0,6.5,2024-02-28 20:05:00+00:00,2024-02-28 20:05:00+00:00,2024-02-28 20:06:00+00:00,2024-02-28 20:06:00+00:00,pullback_long_late_8346db7cf1cc,1,market,0.0,1,1,4,32,45480.0
411588,411589,411589,411589,closed,stop,19846.75,19842.75,19847.0,19842.5,19842.75,19878.75,-4.0,-4.5,-5.0,-100.0,10.0,0.5,1.0,1.0,8.5,2024-02-28 20:10:00+00:00,2024-02-28 20:10:00+00:00,2024-02-28 20:11:00+00:00,2024-02-28 20:11:00+00:00,pullback_long_late_8346db7cf1cc,1,market,0.0,1,1,4,32,45380.0
411606,411607,411607,411607,closed,timeout,19860.25,19863.5,19860.5,19863.25,19856.25,19892.25,3.25,2.75,2.25,45.0,10.0,0.5,1.0,1.0,2.25,2024-02-28 20:28:00+00:00,2024-02-28 20:28:00+00:00,2024-02-28 20:29:00+00:00,2024-02-28 20:29:00+00:00,pullback_long_late_8346db7cf1cc,1,market,0.0,1,1,4,32,45425.0
411612,411613,411613,411613,closed,timeout,19865.25,19870.5,19865.5,19870.25,19861.25,19897.25,5.25,4.75,4.25,85.0,10.0,0.5,1.0,1.0,0.75,2024-02-28 20:34:00+00:00,2024-02-28 20:34:00+00:00,2024-02-28 20:35:00+00:00,2024-02-28 20:35:00+00:00,pullback_long_late_8346db7cf1cc,1,market,0.0,1,1,4,32,45510.0
411617,411618,411618,411618,closed,timeout,19862.5,19861.0,19862.75,19860.75,19858.5,19894.5,-1.5,-2.0,-2.5,-50.0,10.0,0.5,1.0,1.0,2.75,2024-02-28 20:39:00+00:00,2024-02-28 20:39:00+00:00,2024-02-28 20:40:00+00:00,2024-02-28 20:40:00+00:00,pullback_long_late_8346db7cf1cc,1,market,0.0,1,1,4,32,45460.0
411619,411620,411620,411620,closed,timeout,19863.25,19862.25,19863.5,19862.0,19859.25,19895.25,-1.0,-1.5,-2.0,-40.0,10.0,0.5,1.0,1.0,2.5,2024-02-28 20:41:00+00:00,2024-02-28 20:41:00+00:00,2024-02-28 20:42:00+00:00,2024-02-28 20:42:00+00:00,pullback_long_late_8346db7cf1cc,1,market,0.0,1,1,4,32,45420.0
412885,412886,412886,412886,closed,stop,19980.0,19976.0,19980.25,19975.75,19976.0,20012.0,-4.0,-4.5,-5.0,-100.0,10.0,0.5,1.0,1.0,4.75,2024-02-29 19:02:00+00:00,2024-02-29 19:02:00+00:00,2024-02-29 19:03:00+00:00,2024-02-29 19:03:00+00:00,pullback_long_late_8346db7cf1cc,1,market,0.0,1,1,4,32,45320.0
412948,412949,412949,412949,closed,stop,19974.75,19970.75,19975.0,19970.5,19970.75,20006.75,-4.0,-4.5,-5.0,-100.0,10.0,0.5,1.0,1.0,4.25,2024-02-29 20:05:00+00:00,2024-02-29 20:05:00+00:00,2024-02-29 20:06:00+00:00,2024-02-29 20:06:00+00:00,pullback_long_late_8346db7cf1cc,1,market,0.0,1,1,4,32,45220.0
412959,412960,412960,412960,closed,timeout,19972.0,19972.25,19972.25,19972.0,19968.0,20004.0,0.25,-0.25,-0.75,-15.0,10.0,0.5,1.0,1.0,0.75,2024-02-29 20:16:00+00:00,2024-02-29 20:16:00+00:00,2024-02-29 20:17:00+00:00,2024-02-29 20:17:00+00:00,pullback_long_late_8346db7cf1cc,1,market,0.0,1,1,4,32,45205.0
412979,412980,412980,412980,closed,timeout,19994.0,19993.0,19994.25,19992.75,19990.0,20026.0,-1.0,-1.5,-2.0,-40.0,10.0,0.5,1.0,1.0,2.5,2024-02-29 20:36:00+00:00,2024-02-29 20:36:00+00:00,2024-02-29 20:37:00+00:00,2024-02-29 20:37:00+00:00,pullback_long_late_8346db7cf1cc,1,market,0.0,1,1,4,32,45165.0
412987,412988,412988,412988,closed,stop,20001.75,19997.75,20002.0,19997.5,19997.75,20033.75,-4.0,-4.5,-5.0,-100.0,10.0,0.5,1.0,1.0,6.75,2024-02-29 20:44:00+00:00,2024-02-29 20:44:00+00:00,2024-02-29 20:45:00+00:00,2024-02-29 20:45:00+00:00,pullback_long_late_8346db7cf1cc,1,market,0.0,1,1,4,32,45065.0
412989,412990,412990,412990,closed,timeout,20000.0,20002.0,20000.25,20001.75,19996.0,20032.0,2.0,1.5,1.0,20.0,10.0,0.5,1.0,1.0,0.75,2024-02-29 20:46:00+00:00,2024-02-29 20:46:00+00:00,2024-02-29 20:47:00+00:00,2024-02-29 20:47:00+00:00,pullback_long_late_8346db7cf1cc,1,market,0.0,1,1,4,32,45085.0
412990,412991,412991,412991,closed,timeout,20002.0,20006.25,20002.25,20006.0,19998.0,20034.0,4.25,3.75,3.25,65.0,10.0,0.5,1.0,1.0,0.75,2024-02-29 20:47:00+00:00,2024-02-29 20:47:00+00:00,2024-02-29 20:48:00+00:00,2024-02-29 20:48:00+00:00,pullback_long_late_8346db7cf1cc,1,market,0.0,1,1,4,32,45150.0
412991,412992,412992,412992,closed,timeout,20006.0,20014.75,20006.25,20014.5,20002.0,20038.0,8.75,8.25,7.75,155.0,10.0,0.5,1.0,1.0,0.25,2024-02-29 20:48:00+00:00,2024-02-29 20:48:00+00:00,2024-02-29 20:49:00+00:00,2024-02-29 20:49:00+00:00,pullback_long_late_8346db7cf1cc,1,market,0.0,1,1,4,32,45305.0
412995,412996,412996,412996,closed,stop,20022.0,20018.0,20022.25,20017.75,20018.0,20054.0,-4.0,-4.5,-5.0,-100.0,10.0,0.5,1.0,1.0,12.25,2024-02-29 20:52:00+00:00,2024-02-29 20:52:00+00:00,2024-02-29 20:53:00+00:00,2024-02-29 20:53:00+00:00,pullback_long_late_8346db7cf1cc,1,market,0.0,1,1,4,32,45205.0
412997,412998,412998,412998,closed,timeout,20015.0,20017.75,20015.25,20017.5,20011.0,20047.0,2.75,2.25,1.75,35.0,10.0,0.5,1.0,1.0,3.25,2024-02-29 20:54:00+00:00,2024-02-29 20:54:00+00:00,2024-02-29 20:55:00+00:00,2024-02-29 20:55:00+00:00,pullback_long_late_8346db7cf1cc,1,market,0.0,1,1,4,32,45240.0
412998,412999,412999,412999,closed,timeout,20017.5,20039.75,20017.75,20039.5,20013.5,20049.5,22.25,21.75,21.25,425.0,10.0,0.5,1.0,1.0,2.5,2024-02-29 20:55:00+00:00,2024-02-29 20:55:00+00:00,2024-02-29 20:56:00+00:00,2024-02-29 20:56:00+00:00,pullback_long_late_8346db7cf1cc,1,market,0.0,1,1,4,32,45665.0
414257,414258,414258,414258,closed,timeout,20291.0,20290.25,20291.25,20290.0,20287.0,20323.0,-0.75,-1.25,-1.75,-35.0,10.0,0.5,1.0,1.0,1.5,2024-03-01 19:09:00+00:00,2024-03-01 19:09:00+00:00,2024-03-01 19:10:00+00:00,2024-03-01 19:10:00+00:00,pullback_long_late_8346db7cf1cc,1,market,0.0,1,1,4,32,45630.0
414259,414260,414260,414260,closed,timeout,20293.75,20300.25,20294.0,20300.0,20289.75,20325.75,6.5,6.0,5.5,110.0,10.0,0.5,1.0,1.0,0.5,2024-03-01 19:11:00+00:00,2024-03-01 19:11:00+00:00,2024-03-01 19:12:00+00:00,2024-03-01 19:12:00+00:00,pullback_long_late_8346db7cf1cc,1,market,0.0,1,1,4,32,45740.0
414263,414264,414264,414264,closed,timeout,20298.75,20302.75,20299.0,20302.5,20294.75,20330.75,4.0,3.5,3.0,60.0,10.0,0.5,1.0,1.0,3.0,2024-03-01 19:15:00+00:00,2024-03-01 19:15:00+00:00,2024-03-01 19:16:00+00:00,2024-03-01 19:16:00+00:00,pullback_long_late_8346db7cf1cc,1,market,0.0,1,1,4,32,45800.0
414269,414270,414270,414270,closed,timeout,20302.75,20305.75,20303.0,20305.5,20298.75,20334.75,3.0,2.5,2.0,40.0,10.0,0.5,1.0,1.0,1.25,2024-03-01 19:21:00+00:00,2024-03-01 19:21:00+00:00,2024-03-01 19:22:00+00:00,2024-03-01 19:22:00+00:00,pullback_long_late_8346db7cf1cc,1,market,0.0,1,1,4,32,45840.0
414270,414271,414271,414271,closed,stop,20306.0,20302.0,20306.25,20301.75,20302.0,20338.0,-4.0,-4.5,-5.0,-100.0,10.0,0.5,1.0,1.0,8.0,2024-03-01 19:22:00+00:00,2024-03-01 19:22:00+00:00,2024-03-01 19:23:00+00:00,2024-03-01 19:23:00+00:00,pullback_long_late_8346db7cf1cc,1,market,0.0,1,1,4,32,45740.0
414275,414276,414276,414276,closed,timeout,20301.5,20306.75,20301.75,20306.5,20297.5,20333.5,5.25,4.75,4.25,85.0,10.0,0.5,1.0,1.0,2.75,2024-03-01 19:27:00+00:00,2024-03-01 19:27:00+00:00,2024-03-01 19:28:00+00:00,2024-03-01 19:28:00+00:00,pullback_long_late_8346db7cf1cc,1,market,0.0,1,1,4,32,45825.0
414345,414346,414346,414346,closed,stop,20280.5,20276.5,20280.75,20276.25,20276.5,20312.5,-4.0,-4.5,-5.0,-100.0,10.0,0.5,1.0,1.0,4.75,2024-03-01 20:37:00+00:00,2024-03-01 20:37:00+00:00,2024-03-01 20:38:00+00:00,2024-03-01 20:38:00+00:00,pullback_long_late_8346db7cf1cc,1,market,0.0,1,1,4,32,45725.0
415641,415642,415642,415642,closed,stop,20241.25,20237.25,20241.5,20237.0,20237.25,20273.25,-4.0,-4.5,-5.0,-100.0,10.0,0.5,1.0,1.0,4.25,2024-03-04 19:28:00+00:00,2024-03-04 19:28:00+00:00,2024-03-04 19:29:00+00:00,2024-03-04 19:29:00+00:00,pullback_long_late_8346db7cf1cc,1,market,0.0,1,1,4,32,45625.0
415656,415657,415657,415657,closed,timeout,20269.0,20274.5,20269.25,20274.25,20265.0,20301.0,5.5,5.0,4.5,90.0,10.0,0.5,1.0,1.0,2.5,2024-03-04 19:43:00+00:00,2024-03-04 19:43:00+00:00,2024-03-04 19:44:00+00:00,2024-03-04 19:44:00+00:00,pullback_long_late_8346db7cf1cc,1,market,0.0,1,1,4,32,45715.0
415657,415658,415658,415658,closed,timeout,20274.75,20274.0,20275.0,20273.75,20270.75,20306.75,-0.75,-1.25,-1.75,-35.0,10.0,0.5,1.0,1.0,4.0,2024-03-04 19:44:00+00:00,2024-03-04 19:44:00+00:00,2024-03-04 19:45:00+00:00,2024-03-04 19:45:00+00:00,pullback_long_late_8346db7cf1cc,1,market,0.0,1,1,4,32,45680.0
415668,415669,415669,415669,closed,timeout,20280.75,20281.25,20281.0,20281.0,20276.75,20312.75,0.5,0.0,-0.5,-10.0,10.0,0.5,1.0,1.0,1.0,2024-03-04 19:55:00+00:00,2024-03-04 19:55:00+00:00,2024-03-04 19:56:00+00:00,2024-03-04 19:56:00+00:00,pullback_long_late_8346db7cf1cc,1,market,0.0,1,1,4,32,45670.0
415672,415673,415673,415673,closed,stop,20280.0,20276.0,20280.25,20275.75,20276.0,20312.0,-4.0,-4.5,-5.0,-100.0,10.0,0.5,1.0,1.0,8.5,2024-03-04 19:59:00+00:00,2024-03-04 19:59:00+00:00,2024-03-04 20:00:00+00:00,2024-03-04 20:00:00+00:00,pullback_long_late_8346db7cf1cc,1,market,0.0,1,1,4,32,45570.0
415675,415676,415676,415676,closed,stop,20274.75,20270.75,20275.0,20270.5,20270.75,20306.75,-4.0,-4.5,-5.0,-100.0,10.0,0.5,1.0,1.0,6.0,2024-03-04 20:02:00+00:00,2024-03-04 20:02:00+00:00,2024-03-04 20:03:00+00:00,2024-03-04 20:03:00+00:00,pullback_long_late_8346db7cf1cc,1,market,0.0,1,1,4,32,45470.0
415696,415697,415697,415697,closed,timeout,20277.75,20278.75,20278.0,20278.5,20273.75,20309.75,1.0,0.5,0.0,0.0,10.0,0.5,1.0,1.0,1.0,2024-03-04 20:23:00+00:00,2024-03-04 20:23:00+00:00,2024-03-04 20:24:00+00:00,2024-03-04 20:24:00+00:00,pullback_long_late_8346db7cf1cc,1,market,0.0,1,1,4,32,45470.0
416989,416990,416990,416990,closed,timeout,19840.75,19843.25,19841.0,19843.0,19836.75,19872.75,2.5,2.0,1.5,30.0,10.0,0.5,1.0,1.0,1.5,2024-03-05 19:11:00+00:00,2024-03-05 19:11:00+00:00,2024-03-05 19:12:00+00:00,2024-03-05 19:12:00+00:00,pullback_long_late_8346db7cf1cc,1,market,0.0,1,1,4,32,45500.0
416994,416995,416995,416995,closed,timeout,19842.25,19849.5,19842.5,19849.25,19838.25,19874.25,7.25,6.75,6.25,125.0,10.0,0.5,1.0,1.0,1.75,2024-03-05 19:16:00+00:00,2024-03-05 19:16:00+00:00,2024-03-05 19:17:00+00:00,2024-03-05 19:17:00+00:00,pullback_long_late_8346db7cf1cc,1,market,0.0,1,1,4,32,45625.0
417000,417001,417001,417001,closed,timeout,19831.25,19834.5,19831.5,19834.25,19827.25,19863.25,3.25,2.75,2.25,45.0,10.0,0.5,1.0,1.0,0.25,2024-03-05 19:22:00+00:00,2024-03-05 19:22:00+00:00,2024-03-05 19:23:00+00:00,2024-03-05 19:23:00+00:00,pullback_long_late_8346db7cf1cc,1,market,0.0,1,1,4,32,45670.0
417001,417002,417002,417002,closed,stop,19834.25,19830.25,19834.5,19830.0,19830.25,19866.25,-4.0,-4.5,-5.0,-100.0,10.0,0.5,1.0,1.0,4.25,2024-03-05 19:23:00+00:00,2024-03-05 19:23:00+00:00,2024-03-05 19:24:00+00:00,2024-03-05 19:24:00+00:00,pullback_long_late_8346db7cf1cc,1,market,0.0,1,1,4,32,45570.0
417090,417091,417091,417091,closed,timeout,19840.0,19839.75,19840.25,19839.5,19836.0,19872.0,-0.25,-0.75,-1.25,-25.0,10.0,0.5,1.0,1.0,2.75,2024-03-05 20:52:00+00:00,2024-03-05 20:52:00+00:00,2024-03-05 20:53:00+00:00,2024-03-05 20:53:00+00:00,pullback_long_late_8346db7cf1cc,1,market,0.0,1,1,4,32,45545.0
418353,418354,418354,418354,closed,stop,20010.5,20006.5,20010.75,20006.25,20006.5,20042.5,-4.0,-4.5,-5.0,-100.0,10.0,0.5,1.0,1.0,14.25,2024-03-06 19:10:00+00:00,2024-03-06 19:10:00+00:00,2024-03-06 19:11:00+00:00,2024-03-06 19:11:00+00:00,pullback_long_late_8346db7cf1cc,1,market,0.0,1,1,4,32,45445.0
418356,418357,418357,418357,closed,timeout,20014.0,20018.25,20014.25,20018.0,20010.0,20046.0,4.25,3.75,3.25,65.0,10.0,0.5,1.0,1.0,1.25,2024-03-06 19:13:00+00:00,2024-03-06 19:13:00+00:00,2024-03-06 19:14:00+00:00,2024-03-06 19:14:00+00:00,pullback_long_late_8346db7cf1cc,1,market,0.0,1,1,4,32,45510.0
418378,418379,418379,418379,closed,stop,19994.75,19990.75,19995.0,19990.5,19990.75,20026.75,-4.0,-4.5,-5.0,-100.0,10.0,0.5,1.0,1.0,19.75,2024-03-06 19:35:00+00:00,2024-03-06 19:35:00+00:00,2024-03-06 19:36:00+00:00,2024-03-06 19:36:00+00:00,pullback_long_late_8346db7cf1cc,1,market,0.0,1,1,4,32,45410.0
418380,418381,418381,418381,closed,timeout,19996.75,19997.0,19997.0,19996.75,19992.75,20028.75,0.25,-0.25,-0.75,-15.0,10.0,0.5,1.0,1.0,2.5,2024-03-06 19:37:00+00:00,2024-03-06 19:37:00+00:00,2024-03-06 19:38:00+00:00,2024-03-06 19:38:00+00:00,pullback_long_late_8346db7cf1cc,1,market,0.0,1,1,4,32,45395.0
418448,418449,418449,418449,closed,timeout,19971.75,19986.25,19972.0,19986.0,19967.75,20003.75,14.5,14.0,13.5,270.0,10.0,0.5,1.0,1.0,3.75,2024-03-06 20:45:00+00:00,2024-03-06 20:45:00+00:00,2024-03-06 20:46:00+00:00,2024-03-06 20:46:00+00:00,pullback_long_late_8346db7cf1cc,1,market,0.0,1,1,4,32,45665.0
418455,418456,418456,418456,closed,stop,19983.5,19979.5,19983.75,19979.25,19979.5,20015.5,-4.0,-4.5,-5.0,-100.0,10.0,0.5,1.0,1.0,21.0,2024-03-06 20:52:00+00:00,2024-03-06 20:52:00+00:00,2024-03-06 20:53:00+00:00,2024-03-06 20:53:00+00:00,pullback_long_late_8346db7cf1cc,1,market,0.0,1,1,4,32,45565.0
418458,418459,418459,418459,closed,stop,19987.75,19983.75,19988.0,19983.5,19983.75,20019.75,-4.0,-4.5,-5.0,-100.0,10.0,0.5,1.0,1.0,8.0,2024-03-06 20:55:00+00:00,2024-03-06 20:55:00+00:00,2024-03-06 20:56:00+00:00,2024-03-06 20:56:00+00:00,pullback_long_late_8346db7cf1cc,1,market,0.0,1,1,4,32,45465.0
418462,418463,418463,418463,closed,stop,19988.75,19984.75,19989.0,19984.5,19984.75,20020.75,-4.0,-4.5,-5.0,-100.0,10.0,0.5,1.0,1.0,7.75,2024-03-06 20:59:00+00:00,2024-03-06 20:59:00+00:00,2024-03-06 21:00:00+00:00,2024-03-06 21:00:00+00:00,pullback_long_late_8346db7cf1cc,1,market,0.0,1,1,4,32,45365.0
419710,419711,419711,419711,closed,timeout,20290.25,20295.75,20290.5,20295.5,20286.25,20322.25,5.5,5.0,4.5,90.0,10.0,0.5,1.0,1.0,1.0,2024-03-07 19:02:00+00:00,2024-03-07 19:02:00+00:00,2024-03-07 19:03:00+00:00,2024-03-07 19:03:00+00:00,pullback_long_late_8346db7cf1cc,1,market,0.0,1,1,4,32,45455.0
419711,419712,419712,419712,closed,timeout,20296.0,20298.5,20296.25,20298.25,20292.0,20328.0,2.5,2.0,1.5,30.0,10.0,0.5,1.0,1.0,1.0,2024-03-07 19:03:00+00:00,2024-03-07 19:03:00+00:00,2024-03-07 19:04:00+00:00,2024-03-07 19:04:00+00:00,pullback_long_late_8346db7cf1cc,1,market,0.0,1,1,4,32,45485.0
419754,419755,419755,419755,closed,stop,20290.5,20286.5,20290.75,20286.25,20286.5,20322.5,-4.0,-4.5,-5.0,-100.0,10.0,0.5,1.0,1.0,5.5,2024-03-07 19:46:00+00:00,2024-03-07 19:46:00+00:00,2024-03-07 19:47:00+00:00,2024-03-07 19:47:00+00:00,pullback_long_late_8346db7cf1cc,1,market,0.0,1,1,4,32,45385.0
419756,419757,419757,419757,closed,timeout,20289.5,20289.25,20289.75,20289.0,20285.5,20321.5,-0.25,-0.75,-1.25,-25.0,10.0,0.5,1.0,1.0,1.75,2024-03-07 19:48:00+00:00,2024-03-07 19:48:00+00:00,2024-03-07 19:49:00+00:00,2024-03-07 19:49:00+00:00,pullback_long_late_8346db7cf1cc,1,market,0.0,1,1,4,32,45360.0
419763,419764,419764,419764,closed,timeout,20294.0,20291.75,20294.25,20291.5,20290.0,20326.0,-2.25,-2.75,-3.25,-65.0,10.0,0.5,1.0,1.0,3.25,2024-03-07 19:55:00+00:00,2024-03-07 19:55:00+00:00,2024-03-07 19:56:00+00:00,2024-03-07 19:56:00+00:00,pullback_long_late_8346db7cf1cc,1,market,0.0,1,1,4,32,45295.0
419820,419821,419821,419821,closed,timeout,20258.75,20262.0,20259.0,20261.75,20254.75,20290.75,3.25,2.75,2.25,45.0,10.0,0.5,1.0,1.0,1.75,2024-03-07 20:52:00+00:00,2024-03-07 20:52:00+00:00,2024-03-07 20:53:00+00:00,2024-03-07 20:53:00+00:00,pullback_long_late_8346db7cf1cc,1,market,0.0,1,1,4,32,45340.0
421080,421081,421081,421081,closed,timeout,20024.5,20033.0,20024.75,20032.75,20020.5,20056.5,8.5,8.0,7.5,150.0,10.0,0.5,1.0,1.0,2.75,2024-03-08 19:07:00+00:00,2024-03-08 19:07:00+00:00,2024-03-08 19:08:00+00:00,2024-03-08 19:08:00+00:00,pullback_long_late_8346db7cf1cc,1,market,0.0,1,1,4,32,45490.0
421089,421090,421090,421090,closed,stop,20026.5,20022.5,20026.75,20022.25,20022.5,20058.5,-4.0,-4.5,-5.0,-100.0,10.0,0.5,1.0,1.0,6.75,2024-03-08 19:16:00+00:00,2024-03-08 19:16:00+00:00,2024-03-08 19:17:00+00:00,2024-03-08 19:17:00+00:00,pullback_long_late_8346db7cf1cc,1,market,0.0,1,1,4,32,45390.0
421100,421101,421101,421101,closed,timeout,20054.5,20062.0,20054.75,20061.75,20050.5,20086.5,7.5,7.0,6.5,130.0,10.0,0.5,1.0,1.0,4.0,2024-03-08 19:27:00+00:00,2024-03-08 19:27:00+00:00,2024-03-08 19:28:00+00:00,2024-03-08 19:28:00+00:00,pullback_long_late_8346db7cf1cc,1,market,0.0,1,1,4,32,45520.0
421101,421102,421102,421102,closed,timeout,20061.5,20064.0,20061.75,20063.75,20057.5,20093.5,2.5,2.0,1.5,30.0,10.0,0.5,1.0,1.0,3.75,2024-03-08 19:28:00+00:00,2024-03-08 19:28:00+00:00,2024-03-08 19:29:00+00:00,2024-03-08 19:29:00+00:00,pullback_long_late_8346db7cf1cc,1,market,0.0,1,1,4,32,45550.0
421114,421115,421115,421115,closed,timeout,20090.0,20092.75,20090.25,20092.5,20086.0,20122.0,2.75,2.25,1.75,35.0,10.0,0.5,1.0,1.0,1.25,2024-03-08 19:41:00+00:00,2024-03-08 19:41:00+00:00,2024-03-08 19:42:00+00:00,2024-03-08 19:42:00+00:00,pullback_long_late_8346db7cf1cc,1,market,0.0,1,1,4,32,45585.0
421115,421116,421116,421116,closed,timeout,20092.5,20102.25,20092.75,20102.0,20088.5,20124.5,9.75,9.25,8.75,175.0,10.0,0.5,1.0,1.0,0.75,2024-03-08 19:42:00+00:00,2024-03-08 19:42:00+00:00,2024-03-08 19:43:00+00:00,2024-03-08 19:43:00+00:00,pullback_long_late_8346db7cf1cc,1,market,0.0,1,1,4,32,45760.0
421121,421122,421122,421122,closed,stop,20099.0,20095.0,20099.25,20094.75,20095.0,20131.0,-4.0,-4.5,-5.0,-100.0,10.0,0.5,1.0,1.0,5.75,2024-03-08 19:48:00+00:00,2024-03-08 19:48:00+00:00,2024-03-08 19:49:00+00:00,2024-03-08 19:49:00+00:00,pullback_long_late_8346db7cf1cc,1,market,0.0,1,1,4,32,45660.0
421123,421124,421124,421124,closed,timeout,20102.0,20103.25,20102.25,20103.0,20098.0,20134.0,1.25,0.75,0.25,5.0,10.0,0.5,1.0,1.0,3.75,2024-03-08 19:50:00+00:00,2024-03-08 19:50:00+00:00,2024-03-08 19:51:00+00:00,2024-03-08 19:51:00+00:00,pullback_long_late_8346db7cf1cc,1,market,0.0,1,1,4,32,45665.0
422452,422453,422453,422453,closed,stop,19911.25,19907.25,19911.5,19907.0,19907.25,19943.25,-4.0,-4.5,-5.0,-100.0,10.0,0.5,1.0,1.0,4.25,2024-03-11 18:14:00+00:00,2024-03-11 18:14:00+00:00,2024-03-11 18:15:00+00:00,2024-03-11 18:15:00+00:00,pullback_long_late_8346db7cf1cc,1,market,0.0,1,1,4,32,45565.0
422453,422454,422454,422454,closed,timeout,19917.5,19923.25,19917.75,19923.0,19913.5,19949.5,5.75,5.25,4.75,95.0,10.0,0.5,1.0,1.0,0.75,2024-03-11 18:15:00+00:00,2024-03-11 18:15:00+00:00,2024-03-11 18:16:00+00:00,2024-03-11 18:16:00+00:00,pullback_long_late_8346db7cf1cc,1,market,0.0,1,1,4,32,45660.0
422460,422461,422461,422461,closed,timeout,19925.75,19931.5,19926.0,19931.25,19921.75,19957.75,5.75,5.25,4.75,95.0,10.0,0.5,1.0,1.0,0.5,2024-03-11 18:22:00+00:00,2024-03-11 18:22:00+00:00,2024-03-11 18:23:00+00:00,2024-03-11 18:23:00+00:00,pullback_long_late_8346db7cf1cc,1,market,0.0,1,1,4,32,45755.0
422495,422496,422496,422496,closed,stop,19945.25,19941.25,19945.5,19941.0,19941.25,19977.25,-4.0,-4.5,-5.0,-100.0,10.0,0.5,1.0,1.0,13.0,2024-03-11 18:57:00+00:00,2024-03-11 18:57:00+00:00,2024-03-11 18:58:00+00:00,2024-03-11 18:58:00+00:00,pullback_long_late_8346db7cf1cc,1,market,0.0,1,1,4,32,45655.0
422497,422498,422498,422498,closed,timeout,19936.25,19941.5,19936.5,19941.25,19932.25,19968.25,5.25,4.75,4.25,85.0,10.0,0.5,1.0,1.0,2.5,2024-03-11 18:59:00+00:00,2024-03-11 18:59:00+00:00,2024-03-11 19:00:00+00:00,2024-03-11 19:00:00+00:00,pullback_long_late_8346db7cf1cc,1,market,0.0,1,1,4,32,45740.0
422498,422499,422499,422499,closed,stop,19941.25,19937.25,19941.5,19937.0,19937.25,19973.25,-4.0,-4.5,-5.0,-100.0,10.0,0.5,1.0,1.0,9.75,2024-03-11 19:00:00+00:00,2024-03-11 19:00:00+00:00,2024-03-11 19:01:00+00:00,2024-03-11 19:01:00+00:00,pullback_long_late_8346db7cf1cc,1,market,0.0,1,1,4,32,45640.0
423812,423813,423813,423813,closed,timeout,20109.5,20111.75,20109.75,20111.5,20105.5,20141.5,2.25,1.75,1.25,25.0,10.0,0.5,1.0,1.0,1.5,2024-03-12 18:09:00+00:00,2024-03-12 18:09:00+00:00,2024-03-12 18:10:00+00:00,2024-03-12 18:10:00+00:00,pullback_long_late_8346db7cf1cc,1,market,0.0,1,1,4,32,45665.0
423813,423814,423814,423814,closed,timeout,20111.5,20118.25,20111.75,20118.0,20107.5,20143.5,6.75,6.25,5.75,115.0,10.0,0.5,1.0,1.0,0.75,2024-03-12 18:10:00+00:00,2024-03-12 18:10:00+00:00,2024-03-12 18:11:00+00:00,2024-03-12 18:11:00+00:00,pullback_long_late_8346db7cf1cc,1,market,0.0,1,1,4,32,45780.0
423819,423820,423820,423820,closed,timeout,20116.5,20117.0,20116.75,20116.75,20112.5,20148.5,0.5,0.0,-0.5,-10.0,10.0,0.5,1.0,1.0,0.5,2024-03-12 18:16:00+00:00,2024-03-12 18:16:00+00:00,2024-03-12 18:17:00+00:00,2024-03-12 18:17:00+00:00,pullback_long_late_8346db7cf1cc,1,market,0.0,1,1,4,32,45770.0
423830,423831,423831,423831,closed,stop,20128.0,20124.0,20128.25,20123.75,20124.0,20160.0,-4.0,-4.5,-5.0,-100.0,10.0,0.5,1.0,1.0,4.75,2024-03-12 18:27:00+00:00,2024-03-12 18:27:00+00:00,2024-03-12 18:28:00+00:00,2024-03-12 18:28:00+00:00,pullback_long_late_8346db7cf1cc,1,market,0.0,1,1,4,32,45670.0
423839,423840,423840,423840,closed,timeout,20148.25,20148.25,20148.5,20148.0,20144.25,20180.25,0.0,-0.5,-1.0,-20.0,10.0,0.5,1.0,1.0,3.25,2024-03-12 18:36:00+00:00,2024-03-12 18:36:00+00:00,2024-03-12 18:37:00+00:00,2024-03-12 18:37:00+00:00,pullback_long_late_8346db7cf1cc,1,market,0.0,1,1,4,32,45650.0
423843,423844,423844,423844,closed,timeout,20140.0,20142.25,20140.25,20142.0,20136.0,20172.0,2.25,1.75,1.25,25.0,10.0,0.5,1.0,1.0,2.5,2024-03-12 18:40:00+00:00,2024-03-12 18:40:00+00:00,2024-03-12 18:41:00+00:00,2024-03-12 18:41:00+00:00,pullback_long_late_8346db7cf1cc,1,market,0.0,1,1,4,32,45675.0
423844,423845,423845,423845,closed,stop,20141.75,20137.75,20142.0,20137.5,20137.75,20173.75,-4.0,-4.5,-5.0,-100.0,10.0,0.5,1.0,1.0,20.0,2024-03-12 18:41:00+00:00,2024-03-12 18:41:00+00:00,2024-03-12 18:42:00+00:00,2024-03-12 18:42:00+00:00,pullback_long_late_8346db7cf1cc,1,market,0.0,1,1,4,32,45575.0
423865,423866,423866,423866,closed,stop,20136.25,20132.25,20136.5,20132.0,20132.25,20168.25,-4.0,-4.5,-5.0,-100.0,10.0,0.5,1.0,1.0,7.75,2024-03-12 19:02:00+00:00,2024-03-12 19:02:00+00:00,2024-03-12 19:03:00+00:00,2024-03-12 19:03:00+00:00,pullback_long_late_8346db7cf1cc,1,market,0.0,1,1,4,32,45475.0
423867,423868,423868,423868,closed,timeout,20143.75,20147.75,20144.0,20147.5,20139.75,20175.75,4.0,3.5,3.0,60.0,10.0,0.5,1.0,1.0,1.5,2024-03-12 19:04:00+00:00,2024-03-12 19:04:00+00:00,2024-03-12 19:05:00+00:00,2024-03-12 19:05:00+00:00,pullback_long_late_8346db7cf1cc,1,market,0.0,1,1,4,32,45535.0
423868,423869,423869,423869,closed,timeout,20147.25,20144.25,20147.5,20144.0,20143.25,20179.25,-3.0,-3.5,-4.0,-80.0,10.0,0.5,1.0,1.0,4.0,2024-03-12 19:05:00+00:00,2024-03-12 19:05:00+00:00,2024-03-12 19:06:00+00:00,2024-03-12 19:06:00+00:00,pullback_long_late_8346db7cf1cc,1,market,0.0,1,1,4,32,45455.0
423884,423885,423885,423885,closed,timeout,20142.75,20153.25,20143.0,20153.0,20138.75,20174.75,10.5,10.0,9.5,190.0,10.0,0.5,1.0,1.0,2.25,2024-03-12 19:21:00+00:00,2024-03-12 19:21:00+00:00,2024-03-12 19:22:00+00:00,2024-03-12 19:22:00+00:00,pullback_long_late_8346db7cf1cc,1,market,0.0,1,1,4,32,45645.0
423900,423901,423901,423901,closed,stop,20158.25,20154.25,20158.5,20154.0,20154.25,20190.25,-4.0,-4.5,-5.0,-100.0,10.0,0.5,1.0,1.0,4.75,2024-03-12 19:37:00+00:00,2024-03-12 19:37:00+00:00,2024-03-12 19:38:00+00:00,2024-03-12 19:38:00+00:00,pullback_long_late_8346db7cf1cc,1,market,0.0,1,1,4,32,45545.0
423912,423913,423913,423913,closed,stop,20170.75,20166.75,20171.0,20166.5,20166.75,20202.75,-4.0,-4.5,-5.0,-100.0,10.0,0.5,1.0,1.0,5.0,2024-03-12 19:49:00+00:00,2024-03-12 19:49:00+00:00,2024-03-12 19:50:00+00:00,2024-03-12 19:50:00+00:00,pullback_long_late_8346db7cf1cc,1,market,0.0,1,1,4,32,45445.0
425174,425175,425175,425175,closed,timeout,20078.0,20077.75,20078.25,20077.5,20074.0,20110.0,-0.25,-0.75,-1.25,-25.0,10.0,0.5,1.0,1.0,1.75,2024-03-13 18:06:00+00:00,2024-03-13 18:06:00+00:00,2024-03-13 18:07:00+00:00,2024-03-13 18:07:00+00:00,pullback_long_late_8346db7cf1cc,1,market,0.0,1,1,4,32,45420.0
425196,425197,425197,425197,closed,stop,20080.75,20076.75,20081.0,20076.5,20076.75,20112.75,-4.0,-4.5,-5.0,-100.0,10.0,0.5,1.0,1.0,5.25,2024-03-13 18:28:00+00:00,2024-03-13 18:28:00+00:00,2024-03-13 18:29:00+00:00,2024-03-13 18:29:00+00:00,pullback_long_late_8346db7cf1cc,1,market,0.0,1,1,4,32,45320.0
426539,426540,426540,426540,closed,stop,20012.5,20008.5,20012.75,20008.25,20008.5,20044.5,-4.0,-4.5,-5.0,-100.0,10.0,0.5,1.0,1.0,11.25,2024-03-14 18:06:00+00:00,2024-03-14 18:06:00+00:00,2024-03-14 18:07:00+00:00,2024-03-14 18:07:00+00:00,pullback_long_late_8346db7cf1cc,1,market,0.0,1,1,4,32,45220.0
426553,426554,426554,426554,closed,stop,20009.5,20005.5,20009.75,20005.25,20005.5,20041.5,-4.0,-4.5,-5.0,-100.0,10.0,0.5,1.0,1.0,11.75,2024-03-14 18:20:00+00:00,2024-03-14 18:20:00+00:00,2024-03-14 18:21:00+00:00,2024-03-14 18:21:00+00:00,pullback_long_late_8346db7cf1cc,1,market,0.0,1,1,4,32,45120.0
426642,426643,426643,426643,closed,timeout,19911.5,19914.5,19911.75,19914.25,19907.5,19943.5,3.0,2.5,2.0,40.0,10.0,0.5,1.0,1.0,2.0,2024-03-14 19:49:00+00:00,2024-03-14 19:49:00+00:00,2024-03-14 19:50:00+00:00,2024-03-14 19:50:00+00:00,pullback_long_late_8346db7cf1cc,1,market,0.0,1,1,4,32,45160.0
427906,427907,427907,427907,closed,timeout,19763.0,19769.0,19763.25,19768.75,19759.0,19795.0,6.0,5.5,5.0,100.0,10.0,0.5,1.0,1.0,0.75,2024-03-15 18:08:00+00:00,2024-03-15 18:08:00+00:00,2024-03-15 18:09:00+00:00,2024-03-15 18:09:00+00:00,pullback_long_late_8346db7cf1cc,1,market,0.0,1,1,4,32,45260.0
427907,427908,427908,427908,closed,stop,19768.75,19764.75,19769.0,19764.5,19764.75,19800.75,-4.0,-4.5,-5.0,-100.0,10.0,0.5,1.0,1.0,6.25,2024-03-15 18:09:00+00:00,2024-03-15 18:09:00+00:00,2024-03-15 18:10:00+00:00,2024-03-15 18:10:00+00:00,pullback_long_late_8346db7cf1cc,1,market,0.0,1,1,4,32,45160.0
427909,427910,427910,427910,closed,stop,19769.25,19765.25,19769.5,19765.0,19765.25,19801.25,-4.0,-4.5,-5.0,-100.0,10.0,0.5,1.0,1.0,8.25,2024-03-15 18:11:00+00:00,2024-03-15 18:11:00+00:00,2024-03-15 18:12:00+00:00,2024-03-15 18:12:00+00:00,pullback_long_late_8346db7cf1cc,1,market,0.0,1,1,4,32,45060.0
427949,427950,427950,427950,closed,stop,19768.0,19764.0,19768.25,19763.75,19764.0,19800.0,-4.0,-4.5,-5.0,-100.0,10.0,0.5,1.0,1.0,4.5,2024-03-15 18:51:00+00:00,2024-03-15 18:51:00+00:00,2024-03-15 18:52:00+00:00,2024-03-15 18:52:00+00:00,pullback_long_late_8346db7cf1cc,1,market,0.0,1,1,4,32,44960.0
429270,429271,429271,429271,closed,stop,19968.5,19964.5,19968.75,19964.25,19964.5,20000.5,-4.0,-4.5,-5.0,-100.0,10.0,0.5,1.0,1.0,4.5,2024-03-18 18:07:00+00:00,2024-03-18 18:07:00+00:00,2024-03-18 18:08:00+00:00,2024-03-18 18:08:00+00:00,pullback_long_late_8346db7cf1cc,1,market,0.0,1,1,4,32,44860.0
429279,429280,429280,429280,closed,timeout,19978.0,19983.25,19978.25,19983.0,19974.0,20010.0,5.25,4.75,4.25,85.0,10.0,0.5,1.0,1.0,0.25,2024-03-18 18:16:00+00:00,2024-03-18 18:16:00+00:00,2024-03-18 18:17:00+00:00,2024-03-18 18:17:00+00:00,pullback_long_late_8346db7cf1cc,1,market,0.0,1,1,4,32,44945.0
429280,429281,429281,429281,closed,stop,19983.25,19979.25,19983.5,19979.0,19979.25,20015.25,-4.0,-4.5,-5.0,-100.0,10.0,0.5,1.0,1.0,4.5,2024-03-18 18:17:00+00:00,2024-03-18 18:17:00+00:00,2024-03-18 18:18:00+00:00,2024-03-18 18:18:00+00:00,pullback_long_late_8346db7cf1cc,1,market,0.0,1,1,4,32,44845.0
429297,429298,429298,429298,closed,timeout,19996.25,19997.5,19996.5,19997.25,19992.25,20028.25,1.25,0.75,0.25,5.0,10.0,0.5,1.0,1.0,4.0,2024-03-18 18:34:00+00:00,2024-03-18 18:34:00+00:00,2024-03-18 18:35:00+00:00,2024-03-18 18:35:00+00:00,pullback_long_late_8346db7cf1cc,1,market,0.0,1,1,4,32,44850.0
429327,429328,429328,429328,closed,timeout,19970.75,19972.5,19971.0,19972.25,19966.75,20002.75,1.75,1.25,0.75,15.0,10.0,0.5,1.0,1.0,4.0,2024-03-18 19:04:00+00:00,2024-03-18 19:04:00+00:00,2024-03-18 19:05:00+00:00,2024-03-18 19:05:00+00:00,pullback_long_late_8346db7cf1cc,1,market,0.0,1,1,4,32,44865.0
429339,429340,429340,429340,closed,timeout,19984.5,19984.0,19984.75,19983.75,19980.5,20016.5,-0.5,-1.0,-1.5,-30.0,10.0,0.5,1.0,1.0,3.5,2024-03-18 19:16:00+00:00,2024-03-18 19:16:00+00:00,2024-03-18 19:17:00+00:00,2024-03-18 19:17:00+00:00,pullback_long_late_8346db7cf1cc,1,market,0.0,1,1,4,32,44835.0
429343,429344,429344,429344,closed,stop,19982.5,19978.5,19982.75,19978.25,19978.5,20014.5,-4.0,-4.5,-5.0,-100.0,10.0,0.5,1.0,1.0,4.25,2024-03-18 19:20:00+00:00,2024-03-18 19:20:00+00:00,2024-03-18 19:21:00+00:00,2024-03-18 19:21:00+00:00,pullback_long_late_8346db7cf1cc,1,market,0.0,1,1,4,32,44735.0
429346,429347,429347,429347,closed,timeout,19981.0,19982.75,19981.25,19982.5,19977.0,20013.0,1.75,1.25,0.75,15.0,10.0,0.5,1.0,1.0,1.25,2024-03-18 19:23:00+00:00,2024-03-18 19:23:00+00:00,2024-03-18 19:24:00+00:00,2024-03-18 19:24:00+00:00,pullback_long_late_8346db7cf1cc,1,market,0.0,1,1,4,32,44750.0
429347,429348,429348,429348,closed,stop,19983.0,19979.0,19983.25,19978.75,19979.0,20015.0,-4.0,-4.5,-5.0,-100.0,10.0,0.5,1.0,1.0,9.5,2024-03-18 19:24:00+00:00,2024-03-18 19:24:00+00:00,2024-03-18 19:25:00+00:00,2024-03-18 19:25:00+00:00,pullback_long_late_8346db7cf1cc,1,market,0.0,1,1,4,32,44650.0
430655,430656,430656,430656,closed,stop,19957.75,19953.75,19958.0,19953.5,19953.75,19989.75,-4.0,-4.5,-5.0,-100.0,10.0,0.5,1.0,1.0,4.75,2024-03-19 18:27:00+00:00,2024-03-19 18:27:00+00:00,2024-03-19 18:28:00+00:00,2024-03-19 18:28:00+00:00,pullback_long_late_8346db7cf1cc,1,market,0.0,1,1,4,32,44550.0
430657,430658,430658,430658,closed,timeout,19959.5,19962.75,19959.75,19962.5,19955.5,19991.5,3.25,2.75,2.25,45.0,10.0,0.5,1.0,1.0,1.75,2024-03-19 18:29:00+00:00,2024-03-19 18:29:00+00:00,2024-03-19 18:30:00+00:00,2024-03-19 18:30:00+00:00,pullback_long_late_8346db7cf1cc,1,market,0.0,1,1,4,32,44595.0
430663,430664,430664,430664,closed,timeout,19971.75,19972.0,19972.0,19971.75,19967.75,20003.75,0.25,-0.25,-0.75,-15.0,10.0,0.5,1.0,1.0,2.5,2024-03-19 18:35:00+00:00,2024-03-19 18:35:00+00:00,2024-03-19 18:36:00+00:00,2024-03-19 18:36:00+00:00,pullback_long_late_8346db7cf1cc,1,market,0.0,1,1,4,32,44580.0
430667,430668,430668,430668,closed,stop,19976.5,19972.5,19976.75,19972.25,19972.5,20008.5,-4.0,-4.5,-5.0,-100.0,10.0,0.5,1.0,1.0,7.25,2024-03-19 18:39:00+00:00,2024-03-19 18:39:00+00:00,2024-03-19 18:40:00+00:00,2024-03-19 18:40:00+00:00,pullback_long_late_8346db7cf1cc,1,market,0.0,1,1,4,32,44480.0
430671,430672,430672,430672,closed,timeout,19973.75,19976.0,19974.0,19975.75,19969.75,20005.75,2.25,1.75,1.25,25.0,10.0,0.5,1.0,1.0,1.5,2024-03-19 18:43:00+00:00,2024-03-19 18:43:00+00:00,2024-03-19 18:44:00+00:00,2024-03-19 18:44:00+00:00,pullback_long_late_8346db7cf1cc,1,market,0.0,1,1,4,32,44505.0
430676,430677,430677,430677,closed,stop,19973.5,19969.5,19973.75,19969.25,19969.5,20005.5,-4.0,-4.5,-5.0,-100.0,10.0,0.5,1.0,1.0,4.75,2024-03-19 18:48:00+00:00,2024-03-19 18:48:00+00:00,2024-03-19 18:49:00+00:00,2024-03-19 18:49:00+00:00,pullback_long_late_8346db7cf1cc,1,market,0.0,1,1,4,32,44405.0
430679,430680,430680,430680,closed,timeout,19975.75,19976.0,19976.0,19975.75,19971.75,20007.75,0.25,-0.25,-0.75,-15.0,10.0,0.5,1.0,1.0,3.25,2024-03-19 18:51:00+00:00,2024-03-19 18:51:00+00:00,2024-03-19 18:52:00+00:00,2024-03-19 18:52:00+00:00,pullback_long_late_8346db7cf1cc,1,market,0.0,1,1,4,32,44390.0
430733,430734,430734,430734,closed,timeout,19944.25,19949.5,19944.5,19949.25,19940.25,19976.25,5.25,4.75,4.25,85.0,10.0,0.5,1.0,1.0,1.0,2024-03-19 19:45:00+00:00,2024-03-19 19:45:00+00:00,2024-03-19 19:46:00+00:00,2024-03-19 19:46:00+00:00,pullback_long_late_8346db7cf1cc,1,market,0.0,1,1,4,32,44475.0
431997,431998,431998,431998,closed,timeout,20042.5,20055.5,20042.75,20055.25,20038.5,20074.5,13.0,12.5,12.0,240.0,10.0,0.5,1.0,1.0,2.0,2024-03-20 18:04:00+00:00,2024-03-20 18:04:00+00:00,2024-03-20 18:05:00+00:00,2024-03-20 18:05:00+00:00,pullback_long_late_8346db7cf1cc,1,market,0.0,1,1,4,32,44715.0
431998,431999,431999,431999,closed,target,20055.5,20087.5,20055.75,20087.25,20051.5,20087.5,32.0,31.5,31.0,620.0,10.0,0.5,1.0,1.0,0.25,2024-03-20 18:05:00+00:00,2024-03-20 18:05:00+00:00,2024-03-20 18:06:00+00:00,2024-03-20 18:06:00+00:00,pullback_long_late_8346db7cf1cc,1,market,0.0,1,1,4,32,45335.0
432002,432003,432003,432003,closed,stop,20047.25,20043.25,20047.5,20043.0,20043.25,20079.25,-4.0,-4.5,-5.0,-100.0,10.0,0.5,1.0,1.0,31.0,2024-03-20 18:09:00+00:00,2024-03-20 18:09:00+00:00,2024-03-20 18:10:00+00:00,2024-03-20 18:10:00+00:00,pullback_long_late_8346db7cf1cc,1,market,0.0,1,1,4,32,45235.0
432004,432005,432005,432005,closed,timeout,20056.5,20059.25,20056.75,20059.0,20052.5,20088.5,2.75,2.25,1.75,35.0,10.0,0.5,1.0,1.0,2.25,2024-03-20 18:11:00+00:00,2024-03-20 18:11:00+00:00,2024-03-20 18:12:00+00:00,2024-03-20 18:12:00+00:00,pullback_long_late_8346db7cf1cc,1,market,0.0,1,1,4,32,45270.0
432012,432013,432013,432013,closed,stop,20019.25,20015.25,20019.5,20015.0,20015.25,20051.25,-4.0,-4.5,-5.0,-100.0,10.0,0.5,1.0,1.0,11.0,2024-03-20 18:19:00+00:00,2024-03-20 18:19:00+00:00,2024-03-20 18:20:00+00:00,2024-03-20 18:20:00+00:00,pullback_long_late_8346db7cf1cc,1,market,0.0,1,1,4,32,45170.0
432014,432015,432015,432015,closed,stop,20033.25,20029.25,20033.5,20029.0,20029.25,20065.25,-4.0,-4.5,-5.0,-100.0,10.0,0.5,1.0,1.0,4.5,2024-03-20 18:21:00+00:00,2024-03-20 18:21:00+00:00,2024-03-20 18:22:00+00:00,2024-03-20 18:22:00+00:00,pullback_long_late_8346db7cf1cc,1,market,0.0,1,1,4,32,45070.0
432033,432034,432034,432034,closed,stop,20060.0,20056.0,20060.25,20055.75,20056.0,20092.0,-4.0,-4.5,-5.0,-100.0,10.0,0.5,1.0,1.0,18.5,2024-03-20 18:40:00+00:00,2024-03-20 18:40:00+00:00,2024-03-20 18:41:00+00:00,2024-03-20 18:41:00+00:00,pullback_long_late_8346db7cf1cc,1,market,0.0,1,1,4,32,44970.0
432045,432046,432046,432046,closed,timeout,20125.5,20141.5,20125.75,20141.25,20121.5,20157.5,16.0,15.5,15.0,300.0,10.0,0.5,1.0,1.0,2.75,2024-03-20 18:52:00+00:00,2024-03-20 18:52:00+00:00,2024-03-20 18:53:00+00:00,2024-03-20 18:53:00+00:00,pullback_long_late_8346db7cf1cc,1,market,0.0,1,1,4,32,45270.0
432054,432055,432055,432055,closed,stop,20122.0,20118.0,20122.25,20117.75,20118.0,20154.0,-4.0,-4.5,-5.0,-100.0,10.0,0.5,1.0,1.0,8.5,2024-03-20 19:01:00+00:00,2024-03-20 19:01:00+00:00,2024-03-20 19:02:00+00:00,2024-03-20 19:02:00+00:00,pullback_long_late_8346db7cf1cc,1,market,0.0,1,1,4,32,45170.0
432056,432057,432057,432057,closed,stop,20128.0,20124.0,20128.25,20123.75,20124.0,20160.0,-4.0,-4.5,-5.0,-100.0,10.0,0.5,1.0,1.0,11.0,2024-03-20 19:03:00+00:00,2024-03-20 19:03:00+00:00,2024-03-20 19:04:00+00:00,2024-03-20 19:04:00+00:00,pullback_long_late_8346db7cf1cc,1,market,0.0,1,1,4,32,45070.0
432058,432059,432059,432059,closed,target,20123.75,20155.75,20124.0,20155.5,20119.75,20155.75,32.0,31.5,31.0,620.0,10.0,0.5,1.0,1.0,0.75,2024-03-20 19:05:00+00:00,2024-03-20 19:05:00+00:00,2024-03-20 19:06:00+00:00,2024-03-20 19:06:00+00:00,pullback_long_late_8346db7cf1cc,1,market,0.0,1,1,4,32,45690.0
432070,432071,432071,432071,closed,stop,20144.5,20140.5,20144.75,20140.25,20140.5,20176.5,-4.0,-4.5,-5.0,-100.0,10.0,0.5,1.0,1.0,5.5,2024-03-20 19:17:00+00:00,2024-03-20 19:17:00+00:00,2024-03-20 19:18:00+00:00,2024-03-20 19:18:00+00:00,pullback_long_late_8346db7cf1cc,1,market,0.0,1,1,4,32,45590.0
432078,432079,432079,432079,closed,stop,20170.0,20166.0,20170.25,20165.75,20166.0,20202.0,-4.0,-4.5,-5.0,-100.0,10.0,0.5,1.0,1.0,13.75,2024-03-20 19:25:00+00:00,2024-03-20 19:25:00+00:00,2024-03-20 19:26:00+00:00,2024-03-20 19:26:00+00:00,pullback_long_late_8346db7cf1cc,1,market,0.0,1,1,4,32,45490.0
433391,433392,433392,433392,closed,stop,20302.75,20298.75,20303.0,20298.5,20298.75,20334.75,-4.0,-4.5,-5.0,-100.0,10.0,0.5,1.0,1.0,6.5,2024-03-21 18:33:00+00:00,2024-03-21 18:33:00+00:00,2024-03-21 18:34:00+00:00,2024-03-21 18:34:00+00:00,pullback_long_late_8346db7cf1cc,1,market,0.0,1,1,4,32,45390.0
433443,433444,433444,433444,closed,timeout,20275.25,20275.25,20275.5,20275.0,20271.25,20307.25,0.0,-0.5,-1.0,-20.0,10.0,0.5,1.0,1.0,2.25,2024-03-21 19:25:00+00:00,2024-03-21 19:25:00+00:00,2024-03-21 19:26:00+00:00,2024-03-21 19:26:00+00:00,pullback_long_late_8346db7cf1cc,1,market,0.0,1,1,4,32,45370.0
433446,433447,433447,433447,closed,timeout,20274.75,20279.25,20275.0,20279.0,20270.75,20306.75,4.5,4.0,3.5,70.0,10.0,0.5,1.0,1.0,1.5,2024-03-21 19:28:00+00:00,2024-03-21 19:28:00+00:00,2024-03-21 19:29:00+00:00,2024-03-21 19:29:00+00:00,pullback_long_late_8346db7cf1cc,1,market,0.0,1,1,4,32,45440.0
434723,434724,434724,434724,closed,stop,20316.25,20312.25,20316.5,20312.0,20312.25,20348.25,-4.0,-4.5,-5.0,-100.0,10.0,0.5,1.0,1.0,10.5,2024-03-22 18:00:00+00:00,2024-03-22 18:00:00+00:00,2024-03-22 18:01:00+00:00,2024-03-22 18:01:00+00:00,pullback_long_late_8346db7cf1cc,1,market,0.0,1,1,4,32,45340.0
434725,434726,434726,434726,closed,timeout,20311.0,20314.25,20311.25,20314.0,20307.0,20343.0,3.25,2.75,2.25,45.0,10.0,0.5,1.0,1.0,0.75,2024-03-22 18:02:00+00:00,2024-03-22 18:02:00+00:00,2024-03-22 18:03:00+00:00,2024-03-22 18:03:00+00:00,pullback_long_late_8346db7cf1cc,1,market,0.0,1,1,4,32,45385.0
434731,434732,434732,434732,closed,stop,20311.25,20307.25,20311.5,20307.0,20307.25,20343.25,-4.0,-4.5,-5.0,-100.0,10.0,0.5,1.0,1.0,7.5,2024-03-22 18:08:00+00:00,2024-03-22 18:08:00+00:00,2024-03-22 18:09:00+00:00,2024-03-22 18:09:00+00:00,pullback_long_late_8346db7cf1cc,1,market,0.0,1,1,4,32,45285.0
434760,434761,434761,434761,closed,timeout,20301.25,20301.75,20301.5,20301.5,20297.25,20333.25,0.5,0.0,-0.5,-10.0,10.0,0.5,1.0,1.0,1.0,2024-03-22 18:37:00+00:00,2024-03-22 18:37:00+00:00,2024-03-22 18:38:00+00:00,2024-03-22 18:38:00+00:00,pullback_long_late_8346db7cf1cc,1,market,0.0,1,1,4,32,45275.0
434766,434767,434767,434767,closed,stop,20294.25,20290.25,20294.5,20290.0,20290.25,20326.25,-4.0,-4.5,-5.0,-100.0,10.0,0.5,1.0,1.0,6.75,2024-03-22 18:43:00+00:00,2024-03-22 18:43:00+00:00,2024-03-22 18:44:00+00:00,2024-03-22 18:44:00+00:00,pullback_long_late_8346db7cf1cc,1,market,0.0,1,1,4,32,45175.0
434830,434831,434831,434831,closed,timeout,20279.25,20282.25,20279.5,20282.0,20275.25,20311.25,3.0,2.5,2.0,40.0,10.0,0.5,1.0,1.0,2.0,2024-03-22 19:47:00+00:00,2024-03-22 19:47:00+00:00,2024-03-22 19:48:00+00:00,2024-03-22 19:48:00+00:00,pullback_long_late_8346db7cf1cc,1,market,0.0,1,1,4,32,45215.0
434831,434832,434832,434832,closed,timeout,20282.75,20285.75,20283.0,20285.5,20278.75,20314.75,3.0,2.5,2.0,40.0,10.0,0.5,1.0,1.0,3.0,2024-03-22 19:48:00+00:00,2024-03-22 19:48:00+00:00,2024-03-22 19:49:00+00:00,2024-03-22 19:49:00+00:00,pullback_long_late_8346db7cf1cc,1,market,0.0,1,1,4,32,45255.0
434835,434836,434836,434836,closed,timeout,20288.0,20293.25,20288.25,20293.0,20284.0,20320.0,5.25,4.75,4.25,85.0,10.0,0.5,1.0,1.0,0.25,2024-03-22 19:52:00+00:00,2024-03-22 19:52:00+00:00,2024-03-22 19:53:00+00:00,2024-03-22 19:53:00+00:00,pullback_long_late_8346db7cf1cc,1,market,0.0,1,1,4,32,45340.0
434842,434843,434843,434843,closed,stop,20284.25,20280.25,20284.5,20280.0,20280.25,20316.25,-4.0,-4.5,-5.0,-100.0,10.0,0.5,1.0,1.0,21.75,2024-03-22 19:59:00+00:00,2024-03-22 19:59:00+00:00,2024-03-22 20:00:00+00:00,2024-03-22 20:00:00+00:00,pullback_long_late_8346db7cf1cc,1,market,0.0,1,1,4,32,45240.0
436110,436111,436111,436111,closed,timeout,20258.25,20256.25,20258.5,20256.0,20254.25,20290.25,-2.0,-2.5,-3.0,-60.0,10.0,0.5,1.0,1.0,3.0,2024-03-25 18:22:00+00:00,2024-03-25 18:22:00+00:00,2024-03-25 18:23:00+00:00,2024-03-25 18:23:00+00:00,pullback_long_late_8346db7cf1cc,1,market,0.0,1,1,4,32,45180.0
436112,436113,436113,436113,closed,stop,20257.5,20253.5,20257.75,20253.25,20253.5,20289.5,-4.0,-4.5,-5.0,-100.0,10.0,0.5,1.0,1.0,7.25,2024-03-25 18:24:00+00:00,2024-03-25 18:24:00+00:00,2024-03-25 18:25:00+00:00,2024-03-25 18:25:00+00:00,pullback_long_late_8346db7cf1cc,1,market,0.0,1,1,4,32,45080.0
436114,436115,436115,436115,closed,timeout,20253.0,20251.0,20253.25,20250.75,20249.0,20285.0,-2.0,-2.5,-3.0,-60.0,10.0,0.5,1.0,1.0,2.25,2024-03-25 18:26:00+00:00,2024-03-25 18:26:00+00:00,2024-03-25 18:27:00+00:00,2024-03-25 18:27:00+00:00,pullback_long_late_8346db7cf1cc,1,market,0.0,1,1,4,32,45020.0
436140,436141,436141,436141,closed,timeout,20258.5,20260.5,20258.75,20260.25,20254.5,20290.5,2.0,1.5,1.0,20.0,10.0,0.5,1.0,1.0,2.0,2024-03-25 18:52:00+00:00,2024-03-25 18:52:00+00:00,2024-03-25 18:53:00+00:00,2024-03-25 18:53:00+00:00,pullback_long_late_8346db7cf1cc,1,market,0.0,1,1,4,32,45040.0
436147,436148,436148,436148,closed,timeout,20262.25,20261.0,20262.5,20260.75,20258.25,20294.25,-1.25,-1.75,-2.25,-45.0,10.0,0.5,1.0,1.0,2.0,2024-03-25 18:59:00+00:00,2024-03-25 18:59:00+00:00,2024-03-25 19:00:00+00:00,2024-03-25 19:00:00+00:00,pullback_long_late_8346db7cf1cc,1,market,0.0,1,1,4,32,44995.0
436194,436195,436195,436195,closed,timeout,20243.75,20248.25,20244.0,20248.0,20239.75,20275.75,4.5,4.0,3.5,70.0,10.0,0.5,1.0,1.0,1.25,2024-03-25 19:46:00+00:00,2024-03-25 19:46:00+00:00,2024-03-25 19:47:00+00:00,2024-03-25 19:47:00+00:00,pullback_long_late_8346db7cf1cc,1,market,0.0,1,1,4,32,45065.0
437467,437468,437468,437468,closed,timeout,20240.5,20241.0,20240.75,20240.75,20236.5,20272.5,0.5,0.0,-0.5,-10.0,10.0,0.5,1.0,1.0,2.0,2024-03-26 18:14:00+00:00,2024-03-26 18:14:00+00:00,2024-03-26 18:15:00+00:00,2024-03-26 18:15:00+00:00,pullback_long_late_8346db7cf1cc,1,market,0.0,1,1,4,32,45055.0
437485,437486,437486,437486,closed,timeout,20252.5,20251.75,20252.75,20251.5,20248.5,20284.5,-0.75,-1.25,-1.75,-35.0,10.0,0.5,1.0,1.0,1.5,2024-03-26 18:32:00+00:00,2024-03-26 18:32:00+00:00,2024-03-26 18:33:00+00:00,2024-03-26 18:33:00+00:00,pullback_long_late_8346db7cf1cc,1,market,0.0,1,1,4,32,45020.0
437490,437491,437491,437491,closed,timeout,20252.25,20255.5,20252.5,20255.25,20248.25,20284.25,3.25,2.75,2.25,45.0,10.0,0.5,1.0,1.0,0.25,2024-03-26 18:37:00+00:00,2024-03-26 18:37:00+00:00,2024-03-26 18:38:00+00:00,2024-03-26 18:38:00+00:00,pullback_long_late_8346db7cf1cc,1,market,0.0,1,1,4,32,45065.0
437523,437524,437524,437524,closed,timeout,20238.25,20241.25,20238.5,20241.0,20234.25,20270.25,3.0,2.5,2.0,40.0,10.0,0.5,1.0,1.0,0.75,2024-03-26 19:10:00+00:00,2024-03-26 19:10:00+00:00,2024-03-26 19:11:00+00:00,2024-03-26 19:11:00+00:00,pullback_long_late_8346db7cf1cc,1,market,0.0,1,1,4,32,45105.0
438848,438849,438849,438849,closed,timeout,20148.25,20149.75,20148.5,20149.5,20144.25,20180.25,1.5,1.0,0.5,10.0,10.0,0.5,1.0,1.0,0.25,2024-03-27 18:30:00+00:00,2024-03-27 18:30:00+00:00,2024-03-27 18:31:00+00:00,2024-03-27 18:31:00+00:00,pullback_long_late_8346db7cf1cc,1,market,0.0,1,1,4,32,45115.0
438849,438850,438850,438850,closed,timeout,20149.5,20148.0,20149.75,20147.75,20145.5,20181.5,-1.5,-2.0,-2.5,-50.0,10.0,0.5,1.0,1.0,3.5,2024-03-27 18:31:00+00:00,2024-03-27 18:31:00+00:00,2024-03-27 18:32:00+00:00,2024-03-27 18:32:00+00:00,pullback_long_late_8346db7cf1cc,1,market,0.0,1,1,4,32,45065.0
438910,438911,438911,438911,closed,timeout,20127.25,20135.25,20127.5,20135.0,20123.25,20159.25,8.0,7.5,7.0,140.0,10.0,0.5,1.0,1.0,0.5,2024-03-27 19:32:00+00:00,2024-03-27 19:32:00+00:00,2024-03-27 19:33:00+00:00,2024-03-27 19:33:00+00:00,pullback_long_late_8346db7cf1cc,1,market,0.0,1,1,4,32,45205.0
438922,438923,438923,438923,closed,timeout,20178.25,20186.75,20178.5,20186.5,20174.25,20210.25,8.5,8.0,7.5,150.0,10.0,0.5,1.0,1.0,0.5,2024-03-27 19:44:00+00:00,2024-03-27 19:44:00+00:00,2024-03-27 19:45:00+00:00,2024-03-27 19:45:00+00:00,pullback_long_late_8346db7cf1cc,1,market,0.0,1,1,4,32,45355.0
438927,438928,438928,438928,closed,stop,20186.0,20182.0,20186.25,20181.75,20182.0,20218.0,-4.0,-4.5,-5.0,-100.0,10.0,0.5,1.0,1.0,9.5,2024-03-27 19:49:00+00:00,2024-03-27 19:49:00+00:00,2024-03-27 19:50:00+00:00,2024-03-27 19:50:00+00:00,pullback_long_late_8346db7cf1cc,1,market,0.0,1,1,4,32,45255.0
438935,438936,438936,438936,closed,timeout,20189.5,20191.75,20189.75,20191.5,20185.5,20221.5,2.25,1.75,1.25,25.0,10.0,0.5,1.0,1.0,2.5,2024-03-27 19:57:00+00:00,2024-03-27 19:57:00+00:00,2024-03-27 19:58:00+00:00,2024-03-27 19:58:00+00:00,pullback_long_late_8346db7cf1cc,1,market,0.0,1,1,4,32,45280.0
440203,440204,440204,440204,closed,timeout,20166.75,20165.25,20167.0,20165.0,20162.75,20198.75,-1.5,-2.0,-2.5,-50.0,10.0,0.5,1.0,1.0,3.0,2024-03-28 18:21:00+00:00,2024-03-28 18:21:00+00:00,2024-03-28 18:22:00+00:00,2024-03-28 18:22:00+00:00,pullback_long_late_8346db7cf1cc,1,market,0.0,1,1,4,32,45230.0
440242,440243,440243,440243,closed,timeout,20192.5,20197.5,20192.75,20197.25,20188.5,20224.5,5.0,4.5,4.0,80.0,10.0,0.5,1.0,1.0,0.5,2024-03-28 19:00:00+00:00,2024-03-28 19:00:00+00:00,2024-03-28 19:01:00+00:00,2024-03-28 19:01:00+00:00,pullback_long_late_8346db7cf1cc,1,market,0.0,1,1,4,32,45310.0
440248,440249,440249,440249,closed,stop,20179.75,20175.75,20180.0,20175.5,20175.75,20211.75,-4.0,-4.5,-5.0,-100.0,10.0,0.5,1.0,1.0,4.75,2024-03-28 19:06:00+00:00,2024-03-28 19:06:00+00:00,2024-03-28 19:07:00+00:00,2024-03-28 19:07:00+00:00,pullback_long_late_8346db7cf1cc,1,market,0.0,1,1,4,32,45210.0
440251,440252,440252,440252,closed,timeout,20179.5,20184.5,20179.75,20184.25,20175.5,20211.5,5.0,4.5,4.0,80.0,10.0,0.5,1.0,1.0,1.75,2024-03-28 19:09:00+00:00,2024-03-28 19:09:00+00:00,2024-03-28 19:10:00+00:00,2024-03-28 19:10:00+00:00,pullback_long_late_8346db7cf1cc,1,market,0.0,1,1,4,32,45290.0
440252,440253,440253,440253,closed,timeout,20184.25,20192.75,20184.5,20192.5,20180.25,20216.25,8.5,8.0,7.5,150.0,10.0,0.5,1.0,1.0,0.5,2024-03-28 19:10:00+00:00,2024-03-28 19:10:00+00:00,2024-03-28 19:11:00+00:00,2024-03-28 19:11:00+00:00,pullback_long_late_8346db7cf1cc,1,market,0.0,1,1,4,32,45440.0
440255,440256,440256,440256,closed,timeout,20188.25,20189.5,20188.5,20189.25,20184.25,20220.25,1.25,0.75,0.25,5.0,10.0,0.5,1.0,1.0,2.0,2024-03-28 19:13:00+00:00,2024-03-28 19:13:00+00:00,2024-03-28 19:14:00+00:00,2024-03-28 19:14:00+00:00,pullback_long_late_8346db7cf1cc,1,market,0.0,1,1,4,32,45445.0
440273,440274,440274,440274,closed,stop,20200.0,20196.0,20200.25,20195.75,20196.0,20232.0,-4.0,-4.5,-5.0,-100.0,10.0,0.5,1.0,1.0,11.25,2024-03-28 19:31:00+00:00,2024-03-28 19:31:00+00:00,2024-03-28 19:32:00+00:00,2024-03-28 19:32:00+00:00,pullback_long_late_8346db7cf1cc,1,market,0.0,1,1,4,32,45345.0
441578,441579,441579,441579,closed,timeout,20169.25,20169.75,20169.5,20169.5,20165.25,20201.25,0.5,0.0,-0.5,-10.0,10.0,0.5,1.0,1.0,0.25,2024-04-01 18:31:00+00:00,2024-04-01 18:31:00+00:00,2024-04-01 18:32:00+00:00,2024-04-01 18:32:00+00:00,pullback_long_late_8346db7cf1cc,1,market,0.0,1,1,4,32,45335.0
441582,441583,441583,441583,closed,stop,20170.0,20166.0,20170.25,20165.75,20166.0,20202.0,-4.0,-4.5,-5.0,-100.0,10.0,0.5,1.0,1.0,7.0,2024-04-01 18:35:00+00:00,2024-04-01 18:35:00+00:00,2024-04-01 18:36:00+00:00,2024-04-01 18:36:00+00:00,pullback_long_late_8346db7cf1cc,1,market,0.0,1,1,4,32,45235.0
441584,441585,441585,441585,closed,timeout,20165.75,20167.5,20166.0,20167.25,20161.75,20197.75,1.75,1.25,0.75,15.0,10.0,0.5,1.0,1.0,0.75,2024-04-01 18:37:00+00:00,2024-04-01 18:37:00+00:00,2024-04-01 18:38:00+00:00,2024-04-01 18:38:00+00:00,pullback_long_late_8346db7cf1cc,1,market,0.0,1,1,4,32,45250.0
441585,441586,441586,441586,closed,timeout,20167.0,20172.5,20167.25,20172.25,20163.0,20199.0,5.5,5.0,4.5,90.0,10.0,0.5,1.0,1.0,0.25,2024-04-01 18:38:00+00:00,2024-04-01 18:38:00+00:00,2024-04-01 18:39:00+00:00,2024-04-01 18:39:00+00:00,pullback_long_late_8346db7cf1cc,1,market,0.0,1,1,4,32,45340.0
441603,441604,441604,441604,closed,stop,20172.0,20168.0,20172.25,20167.75,20168.0,20204.0,-4.0,-4.5,-5.0,-100.0,10.0,0.5,1.0,1.0,10.5,2024-04-01 18:56:00+00:00,2024-04-01 18:56:00+00:00,2024-04-01 18:57:00+00:00,2024-04-01 18:57:00+00:00,pullback_long_late_8346db7cf1cc,1,market,0.0,1,1,4,32,45240.0
441628,441629,441629,441629,closed,timeout,20173.5,20175.5,20173.75,20175.25,20169.5,20205.5,2.0,1.5,1.0,20.0,10.0,0.5,1.0,1.0,1.25,2024-04-01 19:21:00+00:00,2024-04-01 19:21:00+00:00,2024-04-01 19:22:00+00:00,2024-04-01 19:22:00+00:00,pullback_long_late_8346db7cf1cc,1,market,0.0,1,1,4,32,45260.0
441632,441633,441633,441633,closed,stop,20171.0,20167.0,20171.25,20166.75,20167.0,20203.0,-4.0,-4.5,-5.0,-100.0,10.0,0.5,1.0,1.0,6.75,2024-04-01 19:25:00+00:00,2024-04-01 19:25:00+00:00,2024-04-01 19:26:00+00:00,2024-04-01 19:26:00+00:00,pullback_long_late_8346db7cf1cc,1,market,0.0,1,1,4,32,45160.0
441655,441656,441656,441656,closed,stop,20172.5,20168.5,20172.75,20168.25,20168.5,20204.5,-4.0,-4.5,-5.0,-100.0,10.0,0.5,1.0,1.0,6.5,2024-04-01 19:48:00+00:00,2024-04-01 19:48:00+00:00,2024-04-01 19:49:00+00:00,2024-04-01 19:49:00+00:00,pullback_long_late_8346db7cf1cc,1,market,0.0,1,1,4,32,45060.0
441658,441659,441659,441659,closed,stop,20172.75,20168.75,20173.0,20168.5,20168.75,20204.75,-4.0,-4.5,-5.0,-100.0,10.0,0.5,1.0,1.0,5.0,2024-04-01 19:51:00+00:00,2024-04-01 19:51:00+00:00,2024-04-01 19:52:00+00:00,2024-04-01 19:52:00+00:00,pullback_long_late_8346db7cf1cc,1,market,0.0,1,1,4,32,44960.0
442939,442940,442940,442940,closed,timeout,19979.0,19981.75,19979.25,19981.5,19975.0,20011.0,2.75,2.25,1.75,35.0,10.0,0.5,1.0,1.0,1.5,2024-04-02 18:27:00+00:00,2024-04-02 18:27:00+00:00,2024-04-02 18:28:00+00:00,2024-04-02 18:28:00+00:00,pullback_long_late_8346db7cf1cc,1,market,0.0,1,1,4,32,44995.0
442979,442980,442980,442980,closed,timeout,19999.0,19997.5,19999.25,19997.25,19995.0,20031.0,-1.5,-2.0,-2.5,-50.0,10.0,0.5,1.0,1.0,3.25,2024-04-02 19:07:00+00:00,2024-04-02 19:07:00+00:00,2024-04-02 19:08:00+00:00,2024-04-02 19:08:00+00:00,pullback_long_late_8346db7cf1cc,1,market,0.0,1,1,4,32,44945.0
442983,442984,442984,442984,closed,stop,19999.75,19995.75,20000.0,19995.5,19995.75,20031.75,-4.0,-4.5,-5.0,-100.0,10.0,0.5,1.0,1.0,4.5,2024-04-02 19:11:00+00:00,2024-04-02 19:11:00+00:00,2024-04-02 19:12:00+00:00,2024-04-02 19:12:00+00:00,pullback_long_late_8346db7cf1cc,1,market,0.0,1,1,4,32,44845.0
443011,443012,443012,443012,closed,timeout,20017.5,20022.75,20017.75,20022.5,20013.5,20049.5,5.25,4.75,4.25,85.0,10.0,0.5,1.0,1.0,0.25,2024-04-02 19:39:00+00:00,2024-04-02 19:39:00+00:00,2024-04-02 19:40:00+00:00,2024-04-02 19:40:00+00:00,pullback_long_late_8346db7cf1cc,1,market,0.0,1,1,4,32,44930.0
443016,443017,443017,443017,closed,timeout,20022.0,20019.5,20022.25,20019.25,20018.0,20054.0,-2.5,-3.0,-3.5,-70.0,10.0,0.5,1.0,1.0,3.0,2024-04-02 19:44:00+00:00,2024-04-02 19:44:00+00:00,2024-04-02 19:45:00+00:00,2024-04-02 19:45:00+00:00,pullback_long_late_8346db7cf1cc,1,market,0.0,1,1,4,32,44860.0
443027,443028,443028,443028,closed,stop,20032.75,20028.75,20033.0,20028.5,20028.75,20064.75,-4.0,-4.5,-5.0,-100.0,10.0,0.5,1.0,1.0,7.25,2024-04-02 19:55:00+00:00,2024-04-02 19:55:00+00:00,2024-04-02 19:56:00+00:00,2024-04-02 19:56:00+00:00,pullback_long_late_8346db7cf1cc,1,market,0.0,1,1,4,32,44760.0
444379,444380,444380,444380,closed,stop,20054.25,20050.25,20054.5,20050.0,20050.25,20086.25,-4.0,-4.5,-5.0,-100.0,10.0,0.5,1.0,1.0,6.5,2024-04-03 19:42:00+00:00,2024-04-03 19:42:00+00:00,2024-04-03 19:43:00+00:00,2024-04-03 19:43:00+00:00,pullback_long_late_8346db7cf1cc,1,market,0.0,1,1,4,32,44660.0
444390,444391,444391,444391,closed,timeout,20063.0,20069.0,20063.25,20068.75,20059.0,20095.0,6.0,5.5,5.0,100.0,10.0,0.5,1.0,1.0,0.75,2024-04-03 19:53:00+00:00,2024-04-03 19:53:00+00:00,2024-04-03 19:54:00+00:00,2024-04-03 19:54:00+00:00,pullback_long_late_8346db7cf1cc,1,market,0.0,1,1,4,32,44760.0
447033,447034,447034,447034,closed,timeout,19997.0,20003.0,19997.25,20002.75,19993.0,20029.0,6.0,5.5,5.0,100.0,10.0,0.5,1.0,1.0,0.25,2024-04-05 18:26:00+00:00,2024-04-05 18:26:00+00:00,2024-04-05 18:27:00+00:00,2024-04-05 18:27:00+00:00,pullback_long_late_8346db7cf1cc,1,market,0.0,1,1,4,32,44860.0
447034,447035,447035,447035,closed,timeout,20003.25,20004.5,20003.5,20004.25,19999.25,20035.25,1.25,0.75,0.25,5.0,10.0,0.5,1.0,1.0,1.75,2024-04-05 18:27:00+00:00,2024-04-05 18:27:00+00:00,2024-04-05 18:28:00+00:00,2024-04-05 18:28:00+00:00,pullback_long_late_8346db7cf1cc,1,market,0.0,1,1,4,32,44865.0
447081,447082,447082,447082,closed,timeout,19978.5,19990.5,19978.75,19990.25,19974.5,20010.5,12.0,11.5,11.0,220.0,10.0,0.5,1.0,1.0,0.75,2024-04-05 19:14:00+00:00,2024-04-05 19:14:00+00:00,2024-04-05 19:15:00+00:00,2024-04-05 19:15:00+00:00,pullback_long_late_8346db7cf1cc,1,market,0.0,1,1,4,32,45085.0
447086,447087,447087,447087,closed,timeout,19984.0,19987.75,19984.25,19987.5,19980.0,20016.0,3.75,3.25,2.75,55.0,10.0,0.5,1.0,1.0,1.75,2024-04-05 19:19:00+00:00,2024-04-05 19:19:00+00:00,2024-04-05 19:20:00+00:00,2024-04-05 19:20:00+00:00,pullback_long_late_8346db7cf1cc,1,market,0.0,1,1,4,32,45140.0
447087,447088,447088,447088,closed,stop,19988.5,19984.5,19988.75,19984.25,19984.5,20020.5,-4.0,-4.5,-5.0,-100.0,10.0,0.5,1.0,1.0,4.75,2024-04-05 19:20:00+00:00,2024-04-05 19:20:00+00:00,2024-04-05 19:21:00+00:00,2024-04-05 19:21:00+00:00,pullback_long_late_8346db7cf1cc,1,market,0.0,1,1,4,32,45040.0
447104,447105,447105,447105,closed,stop,20002.0,19998.0,20002.25,19997.75,19998.0,20034.0,-4.0,-4.5,-5.0,-100.0,10.0,0.5,1.0,1.0,20.5,2024-04-05 19:37:00+00:00,2024-04-05 19:37:00+00:00,2024-04-05 19:38:00+00:00,2024-04-05 19:38:00+00:00,pullback_long_late_8346db7cf1cc,1,market,0.0,1,1,4,32,44940.0
447111,447112,447112,447112,closed,stop,19987.0,19983.0,19987.25,19982.75,19983.0,20019.0,-4.0,-4.5,-5.0,-100.0,10.0,0.5,1.0,1.0,4.25,2024-04-05 19:44:00+00:00,2024-04-05 19:44:00+00:00,2024-04-05 19:45:00+00:00,2024-04-05 19:45:00+00:00,pullback_long_late_8346db7cf1cc,1,market,0.0,1,1,4,32,44840.0
447113,447114,447114,447114,closed,stop,19990.5,19986.5,19990.75,19986.25,19986.5,20022.5,-4.0,-4.5,-5.0,-100.0,10.0,0.5,1.0,1.0,4.25,2024-04-05 19:46:00+00:00,2024-04-05 19:46:00+00:00,2024-04-05 19:47:00+00:00,2024-04-05 19:47:00+00:00,pullback_long_late_8346db7cf1cc,1,market,0.0,1,1,4,32,44740.0
447118,447119,447119,447119,closed,stop,19996.0,19992.0,19996.25,19991.75,19992.0,20028.0,-4.0,-4.5,-5.0,-100.0,10.0,0.5,1.0,1.0,5.5,2024-04-05 19:51:00+00:00,2024-04-05 19:51:00+00:00,2024-04-05 19:52:00+00:00,2024-04-05 19:52:00+00:00,pullback_long_late_8346db7cf1cc,1,market,0.0,1,1,4,32,44640.0
448376,448377,448377,448377,closed,stop,20001.75,19997.75,20002.0,19997.5,19997.75,20033.75,-4.0,-4.5,-5.0,-100.0,10.0,0.5,1.0,1.0,8.0,2024-04-08 18:04:00+00:00,2024-04-08 18:04:00+00:00,2024-04-08 18:05:00+00:00,2024-04-08 18:05:00+00:00,pullback_long_late_8346db7cf1cc,1,market,0.0,1,1,4,32,44540.0
448378,448379,448379,448379,closed,timeout,20000.25,20001.5,20000.5,20001.25,19996.25,20032.25,1.25,0.75,0.25,5.0,10.0,0.5,1.0,1.0,0.5,2024-04-08 18:06:00+00:00,2024-04-08 18:06:00+00:00,2024-04-08 18:07:00+00:00,2024-04-08 18:07:00+00:00,pullback_long_late_8346db7cf1cc,1,market,0.0,1,1,4,32,44545.0
448386,448387,448387,448387,closed,timeout,20009.25,20009.25,20009.5,20009.0,20005.25,20041.25,0.0,-0.5,-1.0,-20.0,10.0,0.5,1.0,1.0,3.25,2024-04-08 18:14:00+00:00,2024-04-08 18:14:00+00:00,2024-04-08 18:15:00+00:00,2024-04-08 18:15:00+00:00,pullback_long_late_8346db7cf1cc,1,market,0.0,1,1,4,32,44525.0
448394,448395,448395,448395,closed,stop,20013.5,20009.5,20013.75,20009.25,20009.5,20045.5,-4.0,-4.5,-5.0,-100.0,10.0,0.5,1.0,1.0,10.0,2024-04-08 18:22:00+00:00,2024-04-08 18:22:00+00:00,2024-04-08 18:23:00+00:00,2024-04-08 18:23:00+00:00,pullback_long_late_8346db7cf1cc,1,market,0.0,1,1,4,32,44425.0
448435,448436,448436,448436,closed,stop,20008.75,20004.75,20009.0,20004.5,20004.75,20040.75,-4.0,-4.5,-5.0,-100.0,10.0,0.5,1.0,1.0,8.75,2024-04-08 19:03:00+00:00,2024-04-08 19:03:00+00:00,2024-04-08 19:04:00+00:00,2024-04-08 19:04:00+00:00,pullback_long_late_8346db7cf1cc,1,market,0.0,1,1,4,32,44325.0
448439,448440,448440,448440,closed,stop,20000.25,19996.25,20000.5,19996.0,19996.25,20032.25,-4.0,-4.5,-5.0,-100.0,10.0,0.5,1.0,1.0,16.0,2024-04-08 19:07:00+00:00,2024-04-08 19:07:00+00:00,2024-04-08 19:08:00+00:00,2024-04-08 19:08:00+00:00,pullback_long_late_8346db7cf1cc,1,market,0.0,1,1,4,32,44225.0
449763,449764,449764,449764,closed,timeout,19965.25,19964.25,19965.5,19964.0,19961.25,19997.25,-1.0,-1.5,-2.0,-40.0,10.0,0.5,1.0,1.0,3.0,2024-04-09 18:26:00+00:00,2024-04-09 18:26:00+00:00,2024-04-09 18:27:00+00:00,2024-04-09 18:27:00+00:00,pullback_long_late_8346db7cf1cc,1,market,0.0,1,1,4,32,44185.0
449821,449822,449822,449822,closed,timeout,19970.0,19972.25,19970.25,19972.0,19966.0,20002.0,2.25,1.75,1.25,25.0,10.0,0.5,1.0,1.0,2.25,2024-04-09 19:24:00+00:00,2024-04-09 19:24:00+00:00,2024-04-09 19:25:00+00:00,2024-04-09 19:25:00+00:00,pullback_long_late_8346db7cf1cc,1,market,0.0,1,1,4,32,44210.0
449830,449831,449831,449831,closed,stop,20034.5,20030.5,20034.75,20030.25,20030.5,20066.5,-4.0,-4.5,-5.0,-100.0,10.0,0.5,1.0,1.0,7.25,2024-04-09 19:33:00+00:00,2024-04-09 19:33:00+00:00,2024-04-09 19:34:00+00:00,2024-04-09 19:34:00+00:00,pullback_long_late_8346db7cf1cc,1,market,0.0,1,1,4,32,44110.0
449833,449834,449834,449834,closed,stop,20032.5,20028.5,20032.75,20028.25,20028.5,20064.5,-4.0,-4.5,-5.0,-100.0,10.0,0.5,1.0,1.0,12.25,2024-04-09 19:36:00+00:00,2024-04-09 19:36:00+00:00,2024-04-09 19:37:00+00:00,2024-04-09 19:37:00+00:00,pullback_long_late_8346db7cf1cc,1,market,0.0,1,1,4,32,44010.0
449838,449839,449839,449839,closed,stop,20006.75,20002.75,20007.0,20002.5,20002.75,20038.75,-4.0,-4.5,-5.0,-100.0,10.0,0.5,1.0,1.0,23.0,2024-04-09 19:41:00+00:00,2024-04-09 19:41:00+00:00,2024-04-09 19:42:00+00:00,2024-04-09 19:42:00+00:00,pullback_long_late_8346db7cf1cc,1,market,0.0,1,1,4,32,43910.0
449840,449841,449841,449841,closed,stop,20001.75,19997.75,20002.0,19997.5,19997.75,20033.75,-4.0,-4.5,-5.0,-100.0,10.0,0.5,1.0,1.0,6.0,2024-04-09 19:43:00+00:00,2024-04-09 19:43:00+00:00,2024-04-09 19:44:00+00:00,2024-04-09 19:44:00+00:00,pullback_long_late_8346db7cf1cc,1,market,0.0,1,1,4,32,43810.0
451102,451103,451103,451103,closed,stop,19863.5,19859.5,19863.75,19859.25,19859.5,19895.5,-4.0,-4.5,-5.0,-100.0,10.0,0.5,1.0,1.0,16.5,2024-04-10 18:01:00+00:00,2024-04-10 18:01:00+00:00,2024-04-10 18:02:00+00:00,2024-04-10 18:02:00+00:00,pullback_long_late_8346db7cf1cc,1,market,0.0,1,1,4,32,43710.0
451103,451104,451104,451104,closed,stop,19873.5,19869.5,19873.75,19869.25,19869.5,19905.5,-4.0,-4.5,-5.0,-100.0,10.0,0.5,1.0,1.0,9.5,2024-04-10 18:02:00+00:00,2024-04-10 18:02:00+00:00,2024-04-10 18:03:00+00:00,2024-04-10 18:03:00+00:00,pullback_long_late_8346db7cf1cc,1,market,0.0,1,1,4,32,43610.0
451110,451111,451111,451111,closed,stop,19871.5,19867.5,19871.75,19867.25,19867.5,19903.5,-4.0,-4.5,-5.0,-100.0,10.0,0.5,1.0,1.0,8.5,2024-04-10 18:09:00+00:00,2024-04-10 18:09:00+00:00,2024-04-10 18:10:00+00:00,2024-04-10 18:10:00+00:00,pullback_long_late_8346db7cf1cc,1,market,0.0,1,1,4,32,43510.0
451156,451157,451157,451157,closed,stop,19853.0,19849.0,19853.25,19848.75,19849.0,19885.0,-4.0,-4.5,-5.0,-100.0,10.0,0.5,1.0,1.0,19.0,2024-04-10 18:55:00+00:00,2024-04-10 18:55:00+00:00,2024-04-10 18:56:00+00:00,2024-04-10 18:56:00+00:00,pullback_long_late_8346db7cf1cc,1,market,0.0,1,1,4,32,43410.0
451180,451181,451181,451181,closed,timeout,19874.75,19881.25,19875.0,19881.0,19870.75,19906.75,6.5,6.0,5.5,110.0,10.0,0.5,1.0,1.0,0.25,2024-04-10 19:19:00+00:00,2024-04-10 19:19:00+00:00,2024-04-10 19:20:00+00:00,2024-04-10 19:20:00+00:00,pullback_long_late_8346db7cf1cc,1,market,0.0,1,1,4,32,43520.0
451181,451182,451182,451182,closed,timeout,19881.0,19889.5,19881.25,19889.25,19877.0,19913.0,8.5,8.0,7.5,150.0,10.0,0.5,1.0,1.0,1.75,2024-04-10 19:20:00+00:00,2024-04-10 19:20:00+00:00,2024-04-10 19:21:00+00:00,2024-04-10 19:21:00+00:00,pullback_long_late_8346db7cf1cc,1,market,0.0,1,1,4,32,43670.0
451213,451214,451214,451214,closed,stop,19895.25,19891.25,19895.5,19891.0,19891.25,19927.25,-4.0,-4.5,-5.0,-100.0,10.0,0.5,1.0,1.0,6.75,2024-04-10 19:52:00+00:00,2024-04-10 19:52:00+00:00,2024-04-10 19:53:00+00:00,2024-04-10 19:53:00+00:00,pullback_long_late_8346db7cf1cc,1,market,0.0,1,1,4,32,43570.0
451215,451216,451216,451216,closed,timeout,19894.5,19900.0,19894.75,19899.75,19890.5,19926.5,5.5,5.0,4.5,90.0,10.0,0.5,1.0,1.0,4.0,2024-04-10 19:54:00+00:00,2024-04-10 19:54:00+00:00,2024-04-10 19:55:00+00:00,2024-04-10 19:55:00+00:00,pullback_long_late_8346db7cf1cc,1,market,0.0,1,1,4,32,43660.0
451216,451217,451217,451217,closed,stop,19900.0,19896.0,19900.25,19895.75,19896.0,19932.0,-4.0,-4.5,-5.0,-100.0,10.0,0.5,1.0,1.0,7.5,2024-04-10 19:55:00+00:00,2024-04-10 19:55:00+00:00,2024-04-10 19:56:00+00:00,2024-04-10 19:56:00+00:00,pullback_long_late_8346db7cf1cc,1,market,0.0,1,1,4,32,43560.0
452471,452472,452472,452472,closed,timeout,20139.75,20143.25,20140.0,20143.0,20135.75,20171.75,3.5,3.0,2.5,50.0,10.0,0.5,1.0,1.0,0.75,2024-04-11 18:05:00+00:00,2024-04-11 18:05:00+00:00,2024-04-11 18:06:00+00:00,2024-04-11 18:06:00+00:00,pullback_long_late_8346db7cf1cc,1,market,0.0,1,1,4,32,43610.0
452472,452473,452473,452473,closed,timeout,20143.25,20145.75,20143.5,20145.5,20139.25,20175.25,2.5,2.0,1.5,30.0,10.0,0.5,1.0,1.0,0.25,2024-04-11 18:06:00+00:00,2024-04-11 18:06:00+00:00,2024-04-11 18:07:00+00:00,2024-04-11 18:07:00+00:00,pullback_long_late_8346db7cf1cc,1,market,0.0,1,1,4,32,43640.0
452481,452482,452482,452482,closed,timeout,20169.5,20174.0,20169.75,20173.75,20165.5,20201.5,4.5,4.0,3.5,70.0,10.0,0.5,1.0,1.0,0.25,2024-04-11 18:15:00+00:00,2024-04-11 18:15:00+00:00,2024-04-11 18:16:00+00:00,2024-04-11 18:16:00+00:00,pullback_long_late_8346db7cf1cc,1,market,0.0,1,1,4,32,43710.0
452487,452488,452488,452488,closed,stop,20171.25,20167.25,20171.5,20167.0,20167.25,20203.25,-4.0,-4.5,-5.0,-100.0,10.0,0.5,1.0,1.0,7.25,2024-04-11 18:21:00+00:00,2024-04-11 18:21:00+00:00,2024-04-11 18:22:00+00:00,2024-04-11 18:22:00+00:00,pullback_long_late_8346db7cf1cc,1,market,0.0,1,1,4,32,43610.0
452499,452500,452500,452500,closed,timeout,20191.0,20193.0,20191.25,20192.75,20187.0,20223.0,2.0,1.5,1.0,20.0,10.0,0.5,1.0,1.0,3.5,2024-04-11 18:33:00+00:00,2024-04-11 18:33:00+00:00,2024-04-11 18:34:00+00:00,2024-04-11 18:34:00+00:00,pullback_long_late_8346db7cf1cc,1,market,0.0,1,1,4,32,43630.0
452500,452501,452501,452501,closed,timeout,20192.75,20198.5,20193.0,20198.25,20188.75,20224.75,5.75,5.25,4.75,95.0,10.0,0.5,1.0,1.0,0.75,2024-04-11 18:34:00+00:00,2024-04-11 18:34:00+00:00,2024-04-11 18:35:00+00:00,2024-04-11 18:35:00+00:00,pullback_long_late_8346db7cf1cc,1,market,0.0,1,1,4,32,43725.0
452509,452510,452510,452510,closed,timeout,20200.0,20199.5,20200.25,20199.25,20196.0,20232.0,-0.5,-1.0,-1.5,-30.0,10.0,0.5,1.0,1.0,1.75,2024-04-11 18:43:00+00:00,2024-04-11 18:43:00+00:00,2024-04-11 18:44:00+00:00,2024-04-11 18:44:00+00:00,pullback_long_late_8346db7cf1cc,1,market,0.0,1,1,4,32,43695.0
452539,452540,452540,452540,closed,stop,20194.25,20190.25,20194.5,20190.0,20190.25,20226.25,-4.0,-4.5,-5.0,-100.0,10.0,0.5,1.0,1.0,7.75,2024-04-11 19:13:00+00:00,2024-04-11 19:13:00+00:00,2024-04-11 19:14:00+00:00,2024-04-11 19:14:00+00:00,pullback_long_late_8346db7cf1cc,1,market,0.0,1,1,4,32,43595.0
452543,452544,452544,452544,closed,timeout,20186.5,20188.0,20186.75,20187.75,20182.5,20218.5,1.5,1.0,0.5,10.0,10.0,0.5,1.0,1.0,3.0,2024-04-11 19:17:00+00:00,2024-04-11 19:17:00+00:00,2024-04-11 19:18:00+00:00,2024-04-11 19:18:00+00:00,pullback_long_late_8346db7cf1cc,1,market,0.0,1,1,4,32,43605.0
452544,452545,452545,452545,closed,timeout,20187.25,20187.0,20187.5,20186.75,20183.25,20219.25,-0.25,-0.75,-1.25,-25.0,10.0,0.5,1.0,1.0,2.5,2024-04-11 19:18:00+00:00,2024-04-11 19:18:00+00:00,2024-04-11 19:19:00+00:00,2024-04-11 19:19:00+00:00,pullback_long_late_8346db7cf1cc,1,market,0.0,1,1,4,32,43580.0
452571,452572,452572,452572,closed,stop,20207.25,20203.25,20207.5,20203.0,20203.25,20239.25,-4.0,-4.5,-5.0,-100.0,10.0,0.5,1.0,1.0,6.75,2024-04-11 19:45:00+00:00,2024-04-11 19:45:00+00:00,2024-04-11 19:46:00+00:00,2024-04-11 19:46:00+00:00,pullback_long_late_8346db7cf1cc,1,market,0.0,1,1,4,32,43480.0
453851,453852,453852,453852,closed,stop,19874.0,19870.0,19874.25,19869.75,19870.0,19906.0,-4.0,-4.5,-5.0,-100.0,10.0,0.5,1.0,1.0,10.75,2024-04-12 18:21:00+00:00,2024-04-12 18:21:00+00:00,2024-04-12 18:22:00+00:00,2024-04-12 18:22:00+00:00,pullback_long_late_8346db7cf1cc,1,market,0.0,1,1,4,32,43380.0
453927,453928,453928,453928,closed,stop,19851.0,19847.0,19851.25,19846.75,19847.0,19883.0,-4.0,-4.5,-5.0,-100.0,10.0,0.5,1.0,1.0,8.0,2024-04-12 19:37:00+00:00,2024-04-12 19:37:00+00:00,2024-04-12 19:38:00+00:00,2024-04-12 19:38:00+00:00,pullback_long_late_8346db7cf1cc,1,market,0.0,1,1,4,32,43280.0
453931,453932,453932,453932,closed,timeout,19845.0,19856.75,19845.25,19856.5,19841.0,19877.0,11.75,11.25,10.75,215.0,10.0,0.5,1.0,1.0,1.25,2024-04-12 19:41:00+00:00,2024-04-12 19:41:00+00:00,2024-04-12 19:42:00+00:00,2024-04-12 19:42:00+00:00,pullback_long_late_8346db7cf1cc,1,market,0.0,1,1,4,32,43495.0
453945,453946,453946,453946,closed,stop,19864.25,19860.25,19864.5,19860.0,19860.25,19896.25,-4.0,-4.5,-5.0,-100.0,10.0,0.5,1.0,1.0,8.5,2024-04-12 19:55:00+00:00,2024-04-12 19:55:00+00:00,2024-04-12 19:56:00+00:00,2024-04-12 19:56:00+00:00,pullback_long_late_8346db7cf1cc,1,market,0.0,1,1,4,32,43395.0
453947,453948,453948,453948,closed,timeout,19865.5,19868.0,19865.75,19867.75,19861.5,19897.5,2.5,2.0,1.5,30.0,10.0,0.5,1.0,1.0,1.75,2024-04-12 19:57:00+00:00,2024-04-12 19:57:00+00:00,2024-04-12 19:58:00+00:00,2024-04-12 19:58:00+00:00,pullback_long_late_8346db7cf1cc,1,market,0.0,1,1,4,32,43425.0
455226,455227,455227,455227,closed,stop,19596.75,19592.75,19597.0,19592.5,19592.75,19628.75,-4.0,-4.5,-5.0,-100.0,10.0,0.5,1.0,1.0,5.75,2024-04-15 18:31:00+00:00,2024-04-15 18:31:00+00:00,2024-04-15 18:32:00+00:00,2024-04-15 18:32:00+00:00,pullback_long_late_8346db7cf1cc,1,market,0.0,1,1,4,32,43325.0
455236,455237,455237,455237,closed,stop,19611.5,19607.5,19611.75,19607.25,19607.5,19643.5,-4.0,-4.5,-5.0,-100.0,10.0,0.5,1.0,1.0,7.25,2024-04-15 18:41:00+00:00,2024-04-15 18:41:00+00:00,2024-04-15 18:42:00+00:00,2024-04-15 18:42:00+00:00,pullback_long_late_8346db7cf1cc,1,market,0.0,1,1,4,32,43225.0
456622,456623,456623,456623,closed,timeout,19634.0,19642.75,19634.25,19642.5,19630.0,19666.0,8.75,8.25,7.75,155.0,10.0,0.5,1.0,1.0,0.5,2024-04-16 19:02:00+00:00,2024-04-16 19:02:00+00:00,2024-04-16 19:03:00+00:00,2024-04-16 19:03:00+00:00,pullback_long_late_8346db7cf1cc,1,market,0.0,1,1,4,32,43380.0
456627,456628,456628,456628,closed,stop,19631.5,19627.5,19631.75,19627.25,19627.5,19663.5,-4.0,-4.5,-5.0,-100.0,10.0,0.5,1.0,1.0,8.0,2024-04-16 19:07:00+00:00,2024-04-16 19:07:00+00:00,2024-04-16 19:08:00+00:00,2024-04-16 19:08:00+00:00,pullback_long_late_8346db7cf1cc,1,market,0.0,1,1,4,32,43280.0
456675,456676,456676,456676,closed,stop,19609.75,19605.75,19610.0,19605.5,19605.75,19641.75,-4.0,-4.5,-5.0,-100.0,10.0,0.5,1.0,1.0,6.75,2024-04-16 19:55:00+00:00,2024-04-16 19:55:00+00:00,2024-04-16 19:56:00+00:00,2024-04-16 19:56:00+00:00,pullback_long_late_8346db7cf1cc,1,market,0.0,1,1,4,32,43180.0
457927,457928,457928,457928,closed,stop,19434.0,19430.0,19434.25,19429.75,19430.0,19466.0,-4.0,-4.5,-5.0,-100.0,10.0,0.5,1.0,1.0,4.5,2024-04-17 18:02:00+00:00,2024-04-17 18:02:00+00:00,2024-04-17 18:03:00+00:00,2024-04-17 18:03:00+00:00,pullback_long_late_8346db7cf1cc,1,market,0.0,1,1,4,32,43080.0
457976,457977,457977,457977,closed,stop,19457.0,19453.0,19457.25,19452.75,19453.0,19489.0,-4.0,-4.5,-5.0,-100.0,10.0,0.5,1.0,1.0,16.5,2024-04-17 18:51:00+00:00,2024-04-17 18:51:00+00:00,2024-04-17 18:52:00+00:00,2024-04-17 18:52:00+00:00,pullback_long_late_8346db7cf1cc,1,market,0.0,1,1,4,32,42980.0
458038,458039,458039,458039,closed,timeout,19384.0,19395.5,19384.25,19395.25,19380.0,19416.0,11.5,11.0,10.5,210.0,10.0,0.5,1.0,1.0,1.25,2024-04-17 19:53:00+00:00,2024-04-17 19:53:00+00:00,2024-04-17 19:54:00+00:00,2024-04-17 19:54:00+00:00,pullback_long_late_8346db7cf1cc,1,market,0.0,1,1,4,32,43190.0
458039,458040,458040,458040,closed,timeout,19395.5,19394.0,19395.75,19393.75,19391.5,19427.5,-1.5,-2.0,-2.5,-50.0,10.0,0.5,1.0,1.0,3.75,2024-04-17 19:54:00+00:00,2024-04-17 19:54:00+00:00,2024-04-17 19:55:00+00:00,2024-04-17 19:55:00+00:00,pullback_long_late_8346db7cf1cc,1,market,0.0,1,1,4,32,43140.0
458044,458045,458045,458045,closed,stop,19372.0,19368.0,19372.25,19367.75,19368.0,19404.0,-4.0,-4.5,-5.0,-100.0,10.0,0.5,1.0,1.0,28.75,2024-04-17 19:59:00+00:00,2024-04-17 19:59:00+00:00,2024-04-17 20:00:00+00:00,2024-04-17 20:00:00+00:00,pullback_long_late_8346db7cf1cc,1,market,0.0,1,1,4,32,43040.0
459316,459317,459317,459317,closed,timeout,19281.25,19286.75,19281.5,19286.5,19277.25,19313.25,5.5,5.0,4.5,90.0,10.0,0.5,1.0,1.0,3.0,2024-04-18 18:26:00+00:00,2024-04-18 18:26:00+00:00,2024-04-18 18:27:00+00:00,2024-04-18 18:27:00+00:00,pullback_long_late_8346db7cf1cc,1,market,0.0,1,1,4,32,43130.0
459320,459321,459321,459321,closed,stop,19256.5,19252.5,19256.75,19252.25,19252.5,19288.5,-4.0,-4.5,-5.0,-100.0,10.0,0.5,1.0,1.0,8.75,2024-04-18 18:30:00+00:00,2024-04-18 18:30:00+00:00,2024-04-18 18:31:00+00:00,2024-04-18 18:31:00+00:00,pullback_long_late_8346db7cf1cc,1,market,0.0,1,1,4,32,43030.0
459361,459362,459362,459362,closed,timeout,19273.0,19277.0,19273.25,19276.75,19269.0,19305.0,4.0,3.5,3.0,60.0,10.0,0.5,1.0,1.0,0.75,2024-04-18 19:11:00+00:00,2024-04-18 19:11:00+00:00,2024-04-18 19:12:00+00:00,2024-04-18 19:12:00+00:00,pullback_long_late_8346db7cf1cc,1,market,0.0,1,1,4,32,43090.0
459369,459370,459370,459370,closed,stop,19254.0,19250.0,19254.25,19249.75,19250.0,19286.0,-4.0,-4.5,-5.0,-100.0,10.0,0.5,1.0,1.0,6.25,2024-04-18 19:19:00+00:00,2024-04-18 19:19:00+00:00,2024-04-18 19:20:00+00:00,2024-04-18 19:20:00+00:00,pullback_long_late_8346db7cf1cc,1,market,0.0,1,1,4,32,42990.0
459392,459393,459393,459393,closed,timeout,19262.75,19267.75,19263.0,19267.5,19258.75,19294.75,5.0,4.5,4.0,80.0,10.0,0.5,1.0,1.0,2.75,2024-04-18 19:42:00+00:00,2024-04-18 19:42:00+00:00,2024-04-18 19:43:00+00:00,2024-04-18 19:43:00+00:00,pullback_long_late_8346db7cf1cc,1,market,0.0,1,1,4,32,43070.0
459393,459394,459394,459394,closed,timeout,19268.5,19273.75,19268.75,19273.5,19264.5,19300.5,5.25,4.75,4.25,85.0,10.0,0.5,1.0,1.0,1.5,2024-04-18 19:43:00+00:00,2024-04-18 19:43:00+00:00,2024-04-18 19:44:00+00:00,2024-04-18 19:44:00+00:00,pullback_long_late_8346db7cf1cc,1,market,0.0,1,1,4,32,43155.0
459399,459400,459400,459400,closed,timeout,19269.75,19269.5,19270.0,19269.25,19265.75,19301.75,-0.25,-0.75,-1.25,-25.0,10.0,0.5,1.0,1.0,3.25,2024-04-18 19:49:00+00:00,2024-04-18 19:49:00+00:00,2024-04-18 19:50:00+00:00,2024-04-18 19:50:00+00:00,pullback_long_late_8346db7cf1cc,1,market,0.0,1,1,4,32,43130.0
460735,460736,460736,460736,closed,timeout,18879.25,18877.0,18879.5,18876.75,18875.25,18911.25,-2.25,-2.75,-3.25,-65.0,10.0,0.5,1.0,1.0,3.75,2024-04-19 19:20:00+00:00,2024-04-19 19:20:00+00:00,2024-04-19 19:21:00+00:00,2024-04-19 19:21:00+00:00,pullback_long_late_8346db7cf1cc,1,market,0.0,1,1,4,32,43065.0
460742,460743,460743,460743,closed,timeout,18873.75,18881.0,18874.0,18880.75,18869.75,18905.75,7.25,6.75,6.25,125.0,10.0,0.5,1.0,1.0,3.0,2024-04-19 19:27:00+00:00,2024-04-19 19:27:00+00:00,2024-04-19 19:28:00+00:00,2024-04-19 19:28:00+00:00,pullback_long_late_8346db7cf1cc,1,market,0.0,1,1,4,32,43190.0
462023,462024,462024,462024,closed,timeout,19084.25,19086.5,19084.5,19086.25,19080.25,19116.25,2.25,1.75,1.25,25.0,10.0,0.5,1.0,1.0,1.0,2024-04-22 18:03:00+00:00,2024-04-22 18:03:00+00:00,2024-04-22 18:04:00+00:00,2024-04-22 18:04:00+00:00,pullback_long_late_8346db7cf1cc,1,market,0.0,1,1,4,32,43215.0
462024,462025,462025,462025,closed,stop,19087.0,19083.0,19087.25,19082.75,19083.0,19119.0,-4.0,-4.5,-5.0,-100.0,10.0,0.5,1.0,1.0,7.5,2024-04-22 18:04:00+00:00,2024-04-22 18:04:00+00:00,2024-04-22 18:05:00+00:00,2024-04-22 18:05:00+00:00,pullback_long_late_8346db7cf1cc,1,market,0.0,1,1,4,32,43115.0
462047,462048,462048,462048,closed,timeout,19127.25,19127.25,19127.5,19127.0,19123.25,19159.25,0.0,-0.5,-1.0,-20.0,10.0,0.5,1.0,1.0,3.75,2024-04-22 18:27:00+00:00,2024-04-22 18:27:00+00:00,2024-04-22 18:28:00+00:00,2024-04-22 18:28:00+00:00,pullback_long_late_8346db7cf1cc,1,market,0.0,1,1,4,32,43095.0
463385,463386,463386,463386,closed,timeout,19330.75,19329.75,19331.0,19329.5,19326.75,19362.75,-1.0,-1.5,-2.0,-40.0,10.0,0.5,1.0,1.0,4.0,2024-04-23 18:00:00+00:00,2024-04-23 18:00:00+00:00,2024-04-23 18:01:00+00:00,2024-04-23 18:01:00+00:00,pullback_long_late_8346db7cf1cc,1,market,0.0,1,1,4,32,43055.0
463391,463392,463392,463392,closed,stop,19332.5,19328.5,19332.75,19328.25,19328.5,19364.5,-4.0,-4.5,-5.0,-100.0,10.0,0.5,1.0,1.0,4.25,2024-04-23 18:06:00+00:00,2024-04-23 18:06:00+00:00,2024-04-23 18:07:00+00:00,2024-04-23 18:07:00+00:00,pullback_long_late_8346db7cf1cc,1,market,0.0,1,1,4,32,42955.0
463396,463397,463397,463397,closed,timeout,19331.75,19334.25,19332.0,19334.0,19327.75,19363.75,2.5,2.0,1.5,30.0,10.0,0.5,1.0,1.0,2.5,2024-04-23 18:11:00+00:00,2024-04-23 18:11:00+00:00,2024-04-23 18:12:00+00:00,2024-04-23 18:12:00+00:00,pullback_long_late_8346db7cf1cc,1,market,0.0,1,1,4,32,42985.0
463397,463398,463398,463398,closed,stop,19334.5,19330.5,19334.75,19330.25,19330.5,19366.5,-4.0,-4.5,-5.0,-100.0,10.0,0.5,1.0,1.0,20.5,2024-04-23 18:12:00+00:00,2024-04-23 18:12:00+00:00,2024-04-23 18:13:00+00:00,2024-04-23 18:13:00+00:00,pullback_long_late_8346db7cf1cc,1,market,0.0,1,1,4,32,42885.0
463418,463419,463419,463419,closed,timeout,19336.25,19333.75,19336.5,19333.5,19332.25,19368.25,-2.5,-3.0,-3.5,-70.0,10.0,0.5,1.0,1.0,3.5,2024-04-23 18:33:00+00:00,2024-04-23 18:33:00+00:00,2024-04-23 18:34:00+00:00,2024-04-23 18:34:00+00:00,pullback_long_late_8346db7cf1cc,1,market,0.0,1,1,4,32,42815.0
463420,463421,463421,463421,closed,timeout,19339.0,19338.25,19339.25,19338.0,19335.0,19371.0,-0.75,-1.25,-1.75,-35.0,10.0,0.5,1.0,1.0,2.75,2024-04-23 18:35:00+00:00,2024-04-23 18:35:00+00:00,2024-04-23 18:36:00+00:00,2024-04-23 18:36:00+00:00,pullback_long_late_8346db7cf1cc,1,market,0.0,1,1,4,32,42780.0
463427,463428,463428,463428,closed,timeout,19337.75,19340.75,19338.0,19340.5,19333.75,19369.75,3.0,2.5,2.0,40.0,10.0,0.5,1.0,1.0,1.25,2024-04-23 18:42:00+00:00,2024-04-23 18:42:00+00:00,2024-04-23 18:43:00+00:00,2024-04-23 18:43:00+00:00,pullback_long_late_8346db7cf1cc,1,market,0.0,1,1,4,32,42820.0
463428,463429,463429,463429,closed,timeout,19340.75,19343.5,19341.0,19343.25,19336.75,19372.75,2.75,2.25,1.75,35.0,10.0,0.5,1.0,1.0,0.5,2024-04-23 18:43:00+00:00,2024-04-23 18:43:00+00:00,2024-04-23 18:44:00+00:00,2024-04-23 18:44:00+00:00,pullback_long_late_8346db7cf1cc,1,market,0.0,1,1,4,32,42855.0
464830,464831,464831,464831,closed,timeout,19340.0,19342.75,19340.25,19342.5,19336.0,19372.0,2.75,2.25,1.75,35.0,10.0,0.5,1.0,1.0,2.75,2024-04-24 19:20:00+00:00,2024-04-24 19:20:00+00:00,2024-04-24 19:21:00+00:00,2024-04-24 19:21:00+00:00,pullback_long_late_8346db7cf1cc,1,market,0.0,1,1,4,32,42890.0
464840,464841,464841,464841,closed,stop,19363.0,19359.0,19363.25,19358.75,19359.0,19395.0,-4.0,-4.5,-5.0,-100.0,10.0,0.5,1.0,1.0,5.75,2024-04-24 19:30:00+00:00,2024-04-24 19:30:00+00:00,2024-04-24 19:31:00+00:00,2024-04-24 19:31:00+00:00,pullback_long_late_8346db7cf1cc,1,market,0.0,1,1,4,32,42790.0
464842,464843,464843,464843,closed,stop,19364.0,19360.0,19364.25,19359.75,19360.0,19396.0,-4.0,-4.5,-5.0,-100.0,10.0,0.5,1.0,1.0,4.75,2024-04-24 19:32:00+00:00,2024-04-24 19:32:00+00:00,2024-04-24 19:33:00+00:00,2024-04-24 19:33:00+00:00,pullback_long_late_8346db7cf1cc,1,market,0.0,1,1,4,32,42690.0
464849,464850,464850,464850,closed,timeout,19358.5,19359.25,19358.75,19359.0,19354.5,19390.5,0.75,0.25,-0.25,-5.0,10.0,0.5,1.0,1.0,1.75,2024-04-24 19:39:00+00:00,2024-04-24 19:39:00+00:00,2024-04-24 19:40:00+00:00,2024-04-24 19:40:00+00:00,pullback_long_late_8346db7cf1cc,1,market,0.0,1,1,4,32,42685.0
466120,466121,466121,466121,closed,timeout,19255.25,19254.75,19255.5,19254.5,19251.25,19287.25,-0.5,-1.0,-1.5,-30.0,10.0,0.5,1.0,1.0,3.25,2024-04-25 18:05:00+00:00,2024-04-25 18:05:00+00:00,2024-04-25 18:06:00+00:00,2024-04-25 18:06:00+00:00,pullback_long_late_8346db7cf1cc,1,market,0.0,1,1,4,32,42655.0
466122,466123,466123,466123,closed,timeout,19259.75,19263.75,19260.0,19263.5,19255.75,19291.75,4.0,3.5,3.0,60.0,10.0,0.5,1.0,1.0,3.5,2024-04-25 18:07:00+00:00,2024-04-25 18:07:00+00:00,2024-04-25 18:08:00+00:00,2024-04-25 18:08:00+00:00,pullback_long_late_8346db7cf1cc,1,market,0.0,1,1,4,32,42715.0
466125,466126,466126,466126,closed,stop,19268.75,19264.75,19269.0,19264.5,19264.75,19300.75,-4.0,-4.5,-5.0,-100.0,10.0,0.5,1.0,1.0,9.0,2024-04-25 18:10:00+00:00,2024-04-25 18:10:00+00:00,2024-04-25 18:11:00+00:00,2024-04-25 18:11:00+00:00,pullback_long_late_8346db7cf1cc,1,market,0.0,1,1,4,32,42615.0
466184,466185,466185,466185,closed,timeout,19254.5,19257.25,19254.75,19257.0,19250.5,19286.5,2.75,2.25,1.75,35.0,10.0,0.5,1.0,1.0,0.75,2024-04-25 19:09:00+00:00,2024-04-25 19:09:00+00:00,2024-04-25 19:10:00+00:00,2024-04-25 19:10:00+00:00,pullback_long_late_8346db7cf1cc,1,market,0.0,1,1,4,32,42650.0
466185,466186,466186,466186,closed,stop,19256.75,19252.75,19257.0,19252.5,19252.75,19288.75,-4.0,-4.5,-5.0,-100.0,10.0,0.5,1.0,1.0,6.75,2024-04-25 19:10:00+00:00,2024-04-25 19:10:00+00:00,2024-04-25 19:11:00+00:00,2024-04-25 19:11:00+00:00,pullback_long_late_8346db7cf1cc,1,market,0.0,1,1,4,32,42550.0
466204,466205,466205,466205,closed,timeout,19287.75,19291.75,19288.0,19291.5,19283.75,19319.75,4.0,3.5,3.0,60.0,10.0,0.5,1.0,1.0,3.5,2024-04-25 19:29:00+00:00,2024-04-25 19:29:00+00:00,2024-04-25 19:30:00+00:00,2024-04-25 19:30:00+00:00,pullback_long_late_8346db7cf1cc,1,market,0.0,1,1,4,32,42610.0
466205,466206,466206,466206,closed,stop,19292.25,19288.25,19292.5,19288.0,19288.25,19324.25,-4.0,-4.5,-5.0,-100.0,10.0,0.5,1.0,1.0,10.5,2024-04-25 19:30:00+00:00,2024-04-25 19:30:00+00:00,2024-04-25 19:31:00+00:00,2024-04-25 19:31:00+00:00,pullback_long_late_8346db7cf1cc,1,market,0.0,1,1,4,32,42510.0
466210,466211,466211,466211,closed,stop,19277.75,19273.75,19278.0,19273.5,19273.75,19309.75,-4.0,-4.5,-5.0,-100.0,10.0,0.5,1.0,1.0,5.75,2024-04-25 19:35:00+00:00,2024-04-25 19:35:00+00:00,2024-04-25 19:36:00+00:00,2024-04-25 19:36:00+00:00,pullback_long_late_8346db7cf1cc,1,market,0.0,1,1,4,32,42410.0
467546,467547,467547,467547,closed,timeout,19558.75,19561.75,19559.0,19561.5,19554.75,19590.75,3.0,2.5,2.0,40.0,10.0,0.5,1.0,1.0,4.0,2024-04-26 19:06:00+00:00,2024-04-26 19:06:00+00:00,2024-04-26 19:07:00+00:00,2024-04-26 19:07:00+00:00,pullback_long_late_8346db7cf1cc,1,market,0.0,1,1,4,32,42450.0
467547,467548,467548,467548,closed,stop,19561.25,19557.25,19561.5,19557.0,19557.25,19593.25,-4.0,-4.5,-5.0,-100.0,10.0,0.5,1.0,1.0,5.25,2024-04-26 19:07:00+00:00,2024-04-26 19:07:00+00:00,2024-04-26 19:08:00+00:00,2024-04-26 19:08:00+00:00,pullback_long_late_8346db7cf1cc,1,market,0.0,1,1,4,32,42350.0
467556,467557,467557,467557,closed,timeout,19566.25,19567.75,19566.5,19567.5,19562.25,19598.25,1.5,1.0,0.5,10.0,10.0,0.5,1.0,1.0,3.0,2024-04-26 19:16:00+00:00,2024-04-26 19:16:00+00:00,2024-04-26 19:17:00+00:00,2024-04-26 19:17:00+00:00,pullback_long_late_8346db7cf1cc,1,market,0.0,1,1,4,32,42360.0
467572,467573,467573,467573,closed,stop,19576.5,19572.5,19576.75,19572.25,19572.5,19608.5,-4.0,-4.5,-5.0,-100.0,10.0,0.5,1.0,1.0,4.25,2024-04-26 19:32:00+00:00,2024-04-26 19:32:00+00:00,2024-04-26 19:33:00+00:00,2024-04-26 19:33:00+00:00,pullback_long_late_8346db7cf1cc,1,market,0.0,1,1,4,32,42260.0
467574,467575,467575,467575,closed,stop,19579.25,19575.25,19579.5,19575.0,19575.25,19611.25,-4.0,-4.5,-5.0,-100.0,10.0,0.5,1.0,1.0,10.0,2024-04-26 19:34:00+00:00,2024-04-26 19:34:00+00:00,2024-04-26 19:35:00+00:00,2024-04-26 19:35:00+00:00,pullback_long_late_8346db7cf1cc,1,market,0.0,1,1,4,32,42160.0
467578,467579,467579,467579,closed,timeout,19575.0,19573.0,19575.25,19572.75,19571.0,19607.0,-2.0,-2.5,-3.0,-60.0,10.0,0.5,1.0,1.0,3.25,2024-04-26 19:38:00+00:00,2024-04-26 19:38:00+00:00,2024-04-26 19:39:00+00:00,2024-04-26 19:39:00+00:00,pullback_long_late_8346db7cf1cc,1,market,0.0,1,1,4,32,42100.0
468901,468902,468902,468902,closed,timeout,19574.0,19578.0,19574.25,19577.75,19570.0,19606.0,4.0,3.5,3.0,60.0,10.0,0.5,1.0,1.0,0.5,2024-04-29 18:56:00+00:00,2024-04-29 18:56:00+00:00,2024-04-29 18:57:00+00:00,2024-04-29 18:57:00+00:00,pullback_long_late_8346db7cf1cc,1,market,0.0,1,1,4,32,42160.0
468931,468932,468932,468932,closed,stop,19544.75,19540.75,19545.0,19540.5,19540.75,19576.75,-4.0,-4.5,-5.0,-100.0,10.0,0.5,1.0,1.0,4.5,2024-04-29 19:26:00+00:00,2024-04-29 19:26:00+00:00,2024-04-29 19:27:00+00:00,2024-04-29 19:27:00+00:00,pullback_long_late_8346db7cf1cc,1,market,0.0,1,1,4,32,42060.0
468935,468936,468936,468936,closed,timeout,19541.25,19545.5,19541.5,19545.25,19537.25,19573.25,4.25,3.75,3.25,65.0,10.0,0.5,1.0,1.0,0.5,2024-04-29 19:30:00+00:00,2024-04-29 19:30:00+00:00,2024-04-29 19:31:00+00:00,2024-04-29 19:31:00+00:00,pullback_long_late_8346db7cf1cc,1,market,0.0,1,1,4,32,42125.0
468936,468937,468937,468937,closed,timeout,19546.0,19549.25,19546.25,19549.0,19542.0,19578.0,3.25,2.75,2.25,45.0,10.0,0.5,1.0,1.0,3.5,2024-04-29 19:31:00+00:00,2024-04-29 19:31:00+00:00,2024-04-29 19:32:00+00:00,2024-04-29 19:32:00+00:00,pullback_long_late_8346db7cf1cc,1,market,0.0,1,1,4,32,42170.0
468963,468964,468964,468964,closed,timeout,19593.0,19595.25,19593.25,19595.0,19589.0,19625.0,2.25,1.75,1.25,25.0,10.0,0.5,1.0,1.0,0.75,2024-04-29 19:58:00+00:00,2024-04-29 19:58:00+00:00,2024-04-29 19:59:00+00:00,2024-04-29 19:59:00+00:00,pullback_long_late_8346db7cf1cc,1,market,0.0,1,1,4,32,42195.0
468964,468965,468965,468965,closed,stop,19595.0,19591.0,19595.25,19590.75,19591.0,19627.0,-4.0,-4.5,-5.0,-100.0,10.0,0.5,1.0,1.0,7.5,2024-04-29 19:59:00+00:00,2024-04-29 19:59:00+00:00,2024-04-29 20:00:00+00:00,2024-04-29 20:00:00+00:00,pullback_long_late_8346db7cf1cc,1,market,0.0,1,1,4,32,42095.0
470210,470211,470211,470211,closed,timeout,19422.5,19428.25,19422.75,19428.0,19418.5,19454.5,5.75,5.25,4.75,95.0,10.0,0.5,1.0,1.0,1.5,2024-04-30 18:00:00+00:00,2024-04-30 18:00:00+00:00,2024-04-30 18:01:00+00:00,2024-04-30 18:01:00+00:00,pullback_long_late_8346db7cf1cc,1,market,0.0,1,1,4,32,42190.0
470312,470313,470313,470313,closed,stop,19385.5,19381.5,19385.75,19381.25,19381.5,19417.5,-4.0,-4.5,-5.0,-100.0,10.0,0.5,1.0,1.0,4.5,2024-04-30 19:42:00+00:00,2024-04-30 19:42:00+00:00,2024-04-30 19:43:00+00:00,2024-04-30 19:43:00+00:00,pullback_long_late_8346db7cf1cc,1,market,0.0,1,1,4,32,42090.0
471575,471576,471576,471576,closed,stop,19163.0,19159.0,19163.25,19158.75,19159.0,19195.0,-4.0,-4.5,-5.0,-100.0,10.0,0.5,1.0,1.0,12.25,2024-05-01 18:00:00+00:00,2024-05-01 18:00:00+00:00,2024-05-01 18:01:00+00:00,2024-05-01 18:01:00+00:00,pullback_long_late_8346db7cf1cc,1,market,0.0,1,1,4,32,41990.0
471578,471579,471579,471579,closed,stop,19193.25,19189.25,19193.5,19189.0,19189.25,19225.25,-4.0,-4.5,-5.0,-100.0,10.0,0.5,1.0,1.0,25.5,2024-05-01 18:03:00+00:00,2024-05-01 18:03:00+00:00,2024-05-01 18:04:00+00:00,2024-05-01 18:04:00+00:00,pullback_long_late_8346db7cf1cc,1,market,0.0,1,1,4,32,41890.0
471584,471585,471585,471585,closed,stop,19200.5,19196.5,19200.75,19196.25,19196.5,19232.5,-4.0,-4.5,-5.0,-100.0,10.0,0.5,1.0,1.0,26.25,2024-05-01 18:09:00+00:00,2024-05-01 18:09:00+00:00,2024-05-01 18:10:00+00:00,2024-05-01 18:10:00+00:00,pullback_long_late_8346db7cf1cc,1,market,0.0,1,1,4,32,41790.0
471594,471595,471595,471595,closed,stop,19183.0,19179.0,19183.25,19178.75,19179.0,19215.0,-4.0,-4.5,-5.0,-100.0,10.0,0.5,1.0,1.0,7.5,2024-05-01 18:19:00+00:00,2024-05-01 18:19:00+00:00,2024-05-01 18:20:00+00:00,2024-05-01 18:20:00+00:00,pullback_long_late_8346db7cf1cc,1,market,0.0,1,1,4,32,41690.0
471609,471610,471610,471610,closed,stop,19234.75,19230.75,19235.0,19230.5,19230.75,19266.75,-4.0,-4.5,-5.0,-100.0,10.0,0.5,1.0,1.0,7.75,2024-05-01 18:34:00+00:00,2024-05-01 18:34:00+00:00,2024-05-01 18:35:00+00:00,2024-05-01 18:35:00+00:00,pullback_long_late_8346db7cf1cc,1,market,0.0,1,1,4,32,41590.0
471610,471611,471611,471611,closed,stop,19242.75,19238.75,19243.0,19238.5,19238.75,19274.75,-4.0,-4.5,-5.0,-100.0,10.0,0.5,1.0,1.0,73.0,2024-05-01 18:35:00+00:00,2024-05-01 18:35:00+00:00,2024-05-01 18:36:00+00:00,2024-05-01 18:36:00+00:00,pullback_long_late_8346db7cf1cc,1,market,0.0,1,1,4,32,41490.0
471612,471613,471613,471613,closed,stop,19239.25,19235.25,19239.5,19235.0,19235.25,19271.25,-4.0,-4.5,-5.0,-100.0,10.0,0.5,1.0,1.0,28.25,2024-05-01 18:37:00+00:00,2024-05-01 18:37:00+00:00,2024-05-01 18:38:00+00:00,2024-05-01 18:38:00+00:00,pullback_long_late_8346db7cf1cc,1,market,0.0,1,1,4,32,41390.0
471626,471627,471627,471627,closed,stop,19402.75,19398.75,19403.0,19398.5,19398.75,19434.75,-4.0,-4.5,-5.0,-100.0,10.0,0.5,1.0,1.0,18.75,2024-05-01 18:51:00+00:00,2024-05-01 18:51:00+00:00,2024-05-01 18:52:00+00:00,2024-05-01 18:52:00+00:00,pullback_long_late_8346db7cf1cc,1,market,0.0,1,1,4,32,41290.0
471639,471640,471640,471640,closed,stop,19454.0,19450.0,19454.25,19449.75,19450.0,19486.0,-4.0,-4.5,-5.0,-100.0,10.0,0.5,1.0,1.0,35.5,2024-05-01 19:04:00+00:00,2024-05-01 19:04:00+00:00,2024-05-01 19:05:00+00:00,2024-05-01 19:05:00+00:00,pullback_long_late_8346db7cf1cc,1,market,0.0,1,1,4,32,41190.0
471641,471642,471642,471642,closed,stop,19431.75,19427.75,19432.0,19427.5,19427.75,19463.75,-4.0,-4.5,-5.0,-100.0,10.0,0.5,1.0,1.0,14.25,2024-05-01 19:06:00+00:00,2024-05-01 19:06:00+00:00,2024-05-01 19:07:00+00:00,2024-05-01 19:07:00+00:00,pullback_long_late_8346db7cf1cc,1,market,0.0,1,1,4,32,41090.0
471643,471644,471644,471644,closed,target,19431.75,19463.75,19432.0,19463.5,19427.75,19463.75,32.0,31.5,31.0,620.0,10.0,0.5,1.0,1.0,3.25,2024-05-01 19:08:00+00:00,2024-05-01 19:08:00+00:00,2024-05-01 19:09:00+00:00,2024-05-01 19:09:00+00:00,pullback_long_late_8346db7cf1cc,1,market,0.0,1,1,4,32,41710.0
471648,471649,471649,471649,closed,stop,19439.25,19435.25,19439.5,19435.0,19435.25,19471.25,-4.0,-4.5,-5.0,-100.0,10.0,0.5,1.0,1.0,7.0,2024-05-01 19:13:00+00:00,2024-05-01 19:13:00+00:00,2024-05-01 19:14:00+00:00,2024-05-01 19:14:00+00:00,pullback_long_late_8346db7cf1cc,1,market,0.0,1,1,4,32,41610.0
472954,472955,472955,472955,closed,timeout,19314.5,19316.75,19314.75,19316.5,19310.5,19346.5,2.25,1.75,1.25,25.0,10.0,0.5,1.0,1.0,1.75,2024-05-02 18:15:00+00:00,2024-05-02 18:15:00+00:00,2024-05-02 18:16:00+00:00,2024-05-02 18:16:00+00:00,pullback_long_late_8346db7cf1cc,1,market,0.0,1,1,4,32,41635.0
472955,472956,472956,472956,closed,stop,19317.25,19313.25,19317.5,19313.0,19313.25,19349.25,-4.0,-4.5,-5.0,-100.0,10.0,0.5,1.0,1.0,4.75,2024-05-02 18:16:00+00:00,2024-05-02 18:16:00+00:00,2024-05-02 18:17:00+00:00,2024-05-02 18:17:00+00:00,pullback_long_late_8346db7cf1cc,1,market,0.0,1,1,4,32,41535.0
472958,472959,472959,472959,closed,timeout,19304.5,19305.5,19304.75,19305.25,19300.5,19336.5,1.0,0.5,0.0,0.0,10.0,0.5,1.0,1.0,2.5,2024-05-02 18:19:00+00:00,2024-05-02 18:19:00+00:00,2024-05-02 18:20:00+00:00,2024-05-02 18:20:00+00:00,pullback_long_late_8346db7cf1cc,1,market,0.0,1,1,4,32,41535.0
472960,472961,472961,472961,closed,stop,19308.75,19304.75,19309.0,19304.5,19304.75,19340.75,-4.0,-4.5,-5.0,-100.0,10.0,0.5,1.0,1.0,8.75,2024-05-02 18:21:00+00:00,2024-05-02 18:21:00+00:00,2024-05-02 18:22:00+00:00,2024-05-02 18:22:00+00:00,pullback_long_late_8346db7cf1cc,1,market,0.0,1,1,4,32,41435.0
472984,472985,472985,472985,closed,stop,19333.75,19329.75,19334.0,19329.5,19329.75,19365.75,-4.0,-4.5,-5.0,-100.0,10.0,0.5,1.0,1.0,5.75,2024-05-02 18:45:00+00:00,2024-05-02 18:45:00+00:00,2024-05-02 18:46:00+00:00,2024-05-02 18:46:00+00:00,pullback_long_late_8346db7cf1cc,1,market,0.0,1,1,4,32,41335.0
472998,472999,472999,472999,closed,stop,19358.5,19354.5,19358.75,19354.25,19354.5,19390.5,-4.0,-4.5,-5.0,-100.0,10.0,0.5,1.0,1.0,6.5,2024-05-02 18:59:00+00:00,2024-05-02 18:59:00+00:00,2024-05-02 19:00:00+00:00,2024-05-02 19:00:00+00:00,pullback_long_late_8346db7cf1cc,1,market,0.0,1,1,4,32,41235.0
473004,473005,473005,473005,closed,timeout,19351.5,19362.0,19351.75,19361.75,19347.5,19383.5,10.5,10.0,9.5,190.0,10.0,0.5,1.0,1.0,2.5,2024-05-02 19:05:00+00:00,2024-05-02 19:05:00+00:00,2024-05-02 19:06:00+00:00,2024-05-02 19:06:00+00:00,pullback_long_late_8346db7cf1cc,1,market,0.0,1,1,4,32,41425.0
473015,473016,473016,473016,closed,timeout,19362.5,19365.0,19362.75,19364.75,19358.5,19394.5,2.5,2.0,1.5,30.0,10.0,0.5,1.0,1.0,2.5,2024-05-02 19:16:00+00:00,2024-05-02 19:16:00+00:00,2024-05-02 19:17:00+00:00,2024-05-02 19:17:00+00:00,pullback_long_late_8346db7cf1cc,1,market,0.0,1,1,4,32,41455.0
474319,474320,474320,474320,closed,timeout,19706.0,19709.0,19706.25,19708.75,19702.0,19738.0,3.0,2.5,2.0,40.0,10.0,0.5,1.0,1.0,0.25,2024-05-03 18:15:00+00:00,2024-05-03 18:15:00+00:00,2024-05-03 18:16:00+00:00,2024-05-03 18:16:00+00:00,pullback_long_late_8346db7cf1cc,1,market,0.0,1,1,4,32,41495.0
474320,474321,474321,474321,closed,timeout,19709.75,19710.25,19710.0,19710.0,19705.75,19741.75,0.5,0.0,-0.5,-10.0,10.0,0.5,1.0,1.0,2.5,2024-05-03 18:16:00+00:00,2024-05-03 18:16:00+00:00,2024-05-03 18:17:00+00:00,2024-05-03 18:17:00+00:00,pullback_long_late_8346db7cf1cc,1,market,0.0,1,1,4,32,41485.0
474322,474323,474323,474323,closed,timeout,19712.0,19711.25,19712.25,19711.0,19708.0,19744.0,-0.75,-1.25,-1.75,-35.0,10.0,0.5,1.0,1.0,2.75,2024-05-03 18:18:00+00:00,2024-05-03 18:18:00+00:00,2024-05-03 18:19:00+00:00,2024-05-03 18:19:00+00:00,pullback_long_late_8346db7cf1cc,1,market,0.0,1,1,4,32,41450.0
474329,474330,474330,474330,closed,timeout,19711.25,19714.25,19711.5,19714.0,19707.25,19743.25,3.0,2.5,2.0,40.0,10.0,0.5,1.0,1.0,3.75,2024-05-03 18:25:00+00:00,2024-05-03 18:25:00+00:00,2024-05-03 18:26:00+00:00,2024-05-03 18:26:00+00:00,pullback_long_late_8346db7cf1cc,1,market,0.0,1,1,4,32,41490.0
474330,474331,474331,474331,closed,timeout,19714.5,19712.5,19714.75,19712.25,19710.5,19746.5,-2.0,-2.5,-3.0,-60.0,10.0,0.5,1.0,1.0,3.25,2024-05-03 18:26:00+00:00,2024-05-03 18:26:00+00:00,2024-05-03 18:27:00+00:00,2024-05-03 18:27:00+00:00,pullback_long_late_8346db7cf1cc,1,market,0.0,1,1,4,32,41430.0
474380,474381,474381,474381,closed,timeout,19713.5,19713.25,19713.75,19713.0,19709.5,19745.5,-0.25,-0.75,-1.25,-25.0,10.0,0.5,1.0,1.0,2.0,2024-05-03 19:16:00+00:00,2024-05-03 19:16:00+00:00,2024-05-03 19:17:00+00:00,2024-05-03 19:17:00+00:00,pullback_long_late_8346db7cf1cc,1,market,0.0,1,1,4,32,41405.0
474386,474387,474387,474387,closed,stop,19707.0,19703.0,19707.25,19702.75,19703.0,19739.0,-4.0,-4.5,-5.0,-100.0,10.0,0.5,1.0,1.0,5.5,2024-05-03 19:22:00+00:00,2024-05-03 19:22:00+00:00,2024-05-03 19:23:00+00:00,2024-05-03 19:23:00+00:00,pullback_long_late_8346db7cf1cc,1,market,0.0,1,1,4,32,41305.0
475678,475679,475679,475679,closed,timeout,19827.25,19827.25,19827.5,19827.0,19823.25,19859.25,0.0,-0.5,-1.0,-20.0,10.0,0.5,1.0,1.0,1.5,2024-05-06 18:09:00+00:00,2024-05-06 18:09:00+00:00,2024-05-06 18:10:00+00:00,2024-05-06 18:10:00+00:00,pullback_long_late_8346db7cf1cc,1,market,0.0,1,1,4,32,41285.0
475685,475686,475686,475686,closed,timeout,19828.0,19826.75,19828.25,19826.5,19824.0,19860.0,-1.25,-1.75,-2.25,-45.0,10.0,0.5,1.0,1.0,2.75,2024-05-06 18:16:00+00:00,2024-05-06 18:16:00+00:00,2024-05-06 18:17:00+00:00,2024-05-06 18:17:00+00:00,pullback_long_late_8346db7cf1cc,1,market,0.0,1,1,4,32,41240.0
475712,475713,475713,475713,closed,timeout,19830.5,19832.0,19830.75,19831.75,19826.5,19862.5,1.5,1.0,0.5,10.0,10.0,0.5,1.0,1.0,3.5,2024-05-06 18:43:00+00:00,2024-05-06 18:43:00+00:00,2024-05-06 18:44:00+00:00,2024-05-06 18:44:00+00:00,pullback_long_late_8346db7cf1cc,1,market,0.0,1,1,4,32,41250.0
475727,475728,475728,475728,closed,stop,19843.5,19839.5,19843.75,19839.25,19839.5,19875.5,-4.0,-4.5,-5.0,-100.0,10.0,0.5,1.0,1.0,5.0,2024-05-06 18:58:00+00:00,2024-05-06 18:58:00+00:00,2024-05-06 18:59:00+00:00,2024-05-06 18:59:00+00:00,pullback_long_late_8346db7cf1cc,1,market,0.0,1,1,4,32,41150.0
475734,475735,475735,475735,closed,timeout,19836.5,19839.75,19836.75,19839.5,19832.5,19868.5,3.25,2.75,2.25,45.0,10.0,0.5,1.0,1.0,2.5,2024-05-06 19:05:00+00:00,2024-05-06 19:05:00+00:00,2024-05-06 19:06:00+00:00,2024-05-06 19:06:00+00:00,pullback_long_late_8346db7cf1cc,1,market,0.0,1,1,4,32,41195.0
475773,475774,475774,475774,closed,timeout,19844.0,19846.5,19844.25,19846.25,19840.0,19876.0,2.5,2.0,1.5,30.0,10.0,0.5,1.0,1.0,1.25,2024-05-06 19:44:00+00:00,2024-05-06 19:44:00+00:00,2024-05-06 19:45:00+00:00,2024-05-06 19:45:00+00:00,pullback_long_late_8346db7cf1cc,1,market,0.0,1,1,4,32,41225.0
475782,475783,475783,475783,closed,timeout,19854.5,19854.25,19854.75,19854.0,19850.5,19886.5,-0.25,-0.75,-1.25,-25.0,10.0,0.5,1.0,1.0,2.75,2024-05-06 19:53:00+00:00,2024-05-06 19:53:00+00:00,2024-05-06 19:54:00+00:00,2024-05-06 19:54:00+00:00,pullback_long_late_8346db7cf1cc,1,market,0.0,1,1,4,32,41200.0
477087,477088,477088,477088,closed,timeout,19881.75,19882.75,19882.0,19882.5,19877.75,19913.75,1.0,0.5,0.0,0.0,10.0,0.5,1.0,1.0,1.75,2024-05-07 18:55:00+00:00,2024-05-07 18:55:00+00:00,2024-05-07 18:56:00+00:00,2024-05-07 18:56:00+00:00,pullback_long_late_8346db7cf1cc,1,market,0.0,1,1,4,32,41200.0
477089,477090,477090,477090,closed,timeout,19885.5,19885.25,19885.75,19885.0,19881.5,19917.5,-0.25,-0.75,-1.25,-25.0,10.0,0.5,1.0,1.0,1.25,2024-05-07 18:57:00+00:00,2024-05-07 18:57:00+00:00,2024-05-07 18:58:00+00:00,2024-05-07 18:58:00+00:00,pullback_long_late_8346db7cf1cc,1,market,0.0,1,1,4,32,41175.0
477098,477099,477099,477099,closed,timeout,19889.25,19895.0,19889.5,19894.75,19885.25,19921.25,5.75,5.25,4.75,95.0,10.0,0.5,1.0,1.0,0.25,2024-05-07 19:06:00+00:00,2024-05-07 19:06:00+00:00,2024-05-07 19:07:00+00:00,2024-05-07 19:07:00+00:00,pullback_long_late_8346db7cf1cc,1,market,0.0,1,1,4,32,41270.0
477105,477106,477106,477106,closed,stop,19893.75,19889.75,19894.0,19889.5,19889.75,19925.75,-4.0,-4.5,-5.0,-100.0,10.0,0.5,1.0,1.0,4.25,2024-05-07 19:13:00+00:00,2024-05-07 19:13:00+00:00,2024-05-07 19:14:00+00:00,2024-05-07 19:14:00+00:00,pullback_long_late_8346db7cf1cc,1,market,0.0,1,1,4,32,41170.0
477107,477108,477108,477108,closed,stop,19896.25,19892.25,19896.5,19892.0,19892.25,19928.25,-4.0,-4.5,-5.0,-100.0,10.0,0.5,1.0,1.0,9.25,2024-05-07 19:15:00+00:00,2024-05-07 19:15:00+00:00,2024-05-07 19:16:00+00:00,2024-05-07 19:16:00+00:00,pullback_long_late_8346db7cf1cc,1,market,0.0,1,1,4,32,41070.0
477145,477146,477146,477146,closed,timeout,19905.5,19906.75,19905.75,19906.5,19901.5,19937.5,1.25,0.75,0.25,5.0,10.0,0.5,1.0,1.0,0.75,2024-05-07 19:53:00+00:00,2024-05-07 19:53:00+00:00,2024-05-07 19:54:00+00:00,2024-05-07 19:54:00+00:00,pullback_long_late_8346db7cf1cc,1,market,0.0,1,1,4,32,41075.0
478403,478404,478404,478404,closed,timeout,19869.25,19870.25,19869.5,19870.0,19865.25,19901.25,1.0,0.5,0.0,0.0,10.0,0.5,1.0,1.0,1.25,2024-05-08 18:07:00+00:00,2024-05-08 18:07:00+00:00,2024-05-08 18:08:00+00:00,2024-05-08 18:08:00+00:00,pullback_long_late_8346db7cf1cc,1,market,0.0,1,1,4,32,41075.0
478404,478405,478405,478405,closed,timeout,19869.5,19870.0,19869.75,19869.75,19865.5,19901.5,0.5,0.0,-0.5,-10.0,10.0,0.5,1.0,1.0,1.0,2024-05-08 18:08:00+00:00,2024-05-08 18:08:00+00:00,2024-05-08 18:09:00+00:00,2024-05-08 18:09:00+00:00,pullback_long_late_8346db7cf1cc,1,market,0.0,1,1,4,32,41065.0
478484,478485,478485,478485,closed,timeout,19878.25,19881.0,19878.5,19880.75,19874.25,19910.25,2.75,2.25,1.75,35.0,10.0,0.5,1.0,1.0,0.75,2024-05-08 19:28:00+00:00,2024-05-08 19:28:00+00:00,2024-05-08 19:29:00+00:00,2024-05-08 19:29:00+00:00,pullback_long_late_8346db7cf1cc,1,market,0.0,1,1,4,32,41100.0
478494,478495,478495,478495,closed,stop,19882.5,19878.5,19882.75,19878.25,19878.5,19914.5,-4.0,-4.5,-5.0,-100.0,10.0,0.5,1.0,1.0,5.5,2024-05-08 19:38:00+00:00,2024-05-08 19:38:00+00:00,2024-05-08 19:39:00+00:00,2024-05-08 19:39:00+00:00,pullback_long_late_8346db7cf1cc,1,market,0.0,1,1,4,32,41000.0
478497,478498,478498,478498,closed,timeout,19880.25,19880.75,19880.5,19880.5,19876.25,19912.25,0.5,0.0,-0.5,-10.0,10.0,0.5,1.0,1.0,1.0,2024-05-08 19:41:00+00:00,2024-05-08 19:41:00+00:00,2024-05-08 19:42:00+00:00,2024-05-08 19:42:00+00:00,pullback_long_late_8346db7cf1cc,1,market,0.0,1,1,4,32,40990.0
479795,479796,479796,479796,closed,timeout,19909.5,19911.75,19909.75,19911.5,19905.5,19941.5,2.25,1.75,1.25,25.0,10.0,0.5,1.0,1.0,2.75,2024-05-09 18:36:00+00:00,2024-05-09 18:36:00+00:00,2024-05-09 18:37:00+00:00,2024-05-09 18:37:00+00:00,pullback_long_late_8346db7cf1cc,1,market,0.0,1,1,4,32,41015.0
479796,479797,479797,479797,closed,timeout,19911.5,19914.25,19911.75,19914.0,19907.5,19943.5,2.75,2.25,1.75,35.0,10.0,0.5,1.0,1.0,1.75,2024-05-09 18:37:00+00:00,2024-05-09 18:37:00+00:00,2024-05-09 18:38:00+00:00,2024-05-09 18:38:00+00:00,pullback_long_late_8346db7cf1cc,1,market,0.0,1,1,4,32,41050.0
479802,479803,479803,479803,closed,timeout,19916.0,19913.5,19916.25,19913.25,19912.0,19948.0,-2.5,-3.0,-3.5,-70.0,10.0,0.5,1.0,1.0,3.5,2024-05-09 18:43:00+00:00,2024-05-09 18:43:00+00:00,2024-05-09 18:44:00+00:00,2024-05-09 18:44:00+00:00,pullback_long_late_8346db7cf1cc,1,market,0.0,1,1,4,32,40980.0
479804,479805,479805,479805,closed,timeout,19916.5,19916.25,19916.75,19916.0,19912.5,19948.5,-0.25,-0.75,-1.25,-25.0,10.0,0.5,1.0,1.0,2.25,2024-05-09 18:45:00+00:00,2024-05-09 18:45:00+00:00,2024-05-09 18:46:00+00:00,2024-05-09 18:46:00+00:00,pullback_long_late_8346db7cf1cc,1,market,0.0,1,1,4,32,40955.0
479809,479810,479810,479810,closed,timeout,19918.75,19920.0,19919.0,19919.75,19914.75,19950.75,1.25,0.75,0.25,5.0,10.0,0.5,1.0,1.0,1.25,2024-05-09 18:50:00+00:00,2024-05-09 18:50:00+00:00,2024-05-09 18:51:00+00:00,2024-05-09 18:51:00+00:00,pullback_long_late_8346db7cf1cc,1,market,0.0,1,1,4,32,40960.0
479815,479816,479816,479816,closed,timeout,19925.25,19928.5,19925.5,19928.25,19921.25,19957.25,3.25,2.75,2.25,45.0,10.0,0.5,1.0,1.0,0.25,2024-05-09 18:56:00+00:00,2024-05-09 18:56:00+00:00,2024-05-09 18:57:00+00:00,2024-05-09 18:57:00+00:00,pullback_long_late_8346db7cf1cc,1,market,0.0,1,1,4,32,41005.0
481128,481129,481129,481129,closed,stop,19937.0,19933.0,19937.25,19932.75,19933.0,19969.0,-4.0,-4.5,-5.0,-100.0,10.0,0.5,1.0,1.0,5.25,2024-05-10 18:04:00+00:00,2024-05-10 18:04:00+00:00,2024-05-10 18:05:00+00:00,2024-05-10 18:05:00+00:00,pullback_long_late_8346db7cf1cc,1,market,0.0,1,1,4,32,40905.0
481131,481132,481132,481132,closed,timeout,19935.5,19943.75,19935.75,19943.5,19931.5,19967.5,8.25,7.75,7.25,145.0,10.0,0.5,1.0,1.0,1.25,2024-05-10 18:07:00+00:00,2024-05-10 18:07:00+00:00,2024-05-10 18:08:00+00:00,2024-05-10 18:08:00+00:00,pullback_long_late_8346db7cf1cc,1,market,0.0,1,1,4,32,41050.0
481137,481138,481138,481138,closed,timeout,19951.5,19951.0,19951.75,19950.75,19947.5,19983.5,-0.5,-1.0,-1.5,-30.0,10.0,0.5,1.0,1.0,2.25,2024-05-10 18:13:00+00:00,2024-05-10 18:13:00+00:00,2024-05-10 18:14:00+00:00,2024-05-10 18:14:00+00:00,pullback_long_late_8346db7cf1cc,1,market,0.0,1,1,4,32,41020.0
481140,481141,481141,481141,closed,timeout,19949.75,19953.5,19950.0,19953.25,19945.75,19981.75,3.75,3.25,2.75,55.0,10.0,0.5,1.0,1.0,1.5,2024-05-10 18:16:00+00:00,2024-05-10 18:16:00+00:00,2024-05-10 18:17:00+00:00,2024-05-10 18:17:00+00:00,pullback_long_late_8346db7cf1cc,1,market,0.0,1,1,4,32,41075.0
481141,481142,481142,481142,closed,timeout,19953.5,19952.25,19953.75,19952.0,19949.5,19985.5,-1.25,-1.75,-2.25,-45.0,10.0,0.5,1.0,1.0,3.5,2024-05-10 18:17:00+00:00,2024-05-10 18:17:00+00:00,2024-05-10 18:18:00+00:00,2024-05-10 18:18:00+00:00,pullback_long_late_8346db7cf1cc,1,market,0.0,1,1,4,32,41030.0
481147,481148,481148,481148,closed,timeout,19946.75,19946.75,19947.0,19946.5,19942.75,19978.75,0.0,-0.5,-1.0,-20.0,10.0,0.5,1.0,1.0,2.0,2024-05-10 18:23:00+00:00,2024-05-10 18:23:00+00:00,2024-05-10 18:24:00+00:00,2024-05-10 18:24:00+00:00,pullback_long_late_8346db7cf1cc,1,market,0.0,1,1,4,32,41010.0
481180,481181,481181,481181,closed,timeout,19942.75,19946.75,19943.0,19946.5,19938.75,19974.75,4.0,3.5,3.0,60.0,10.0,0.5,1.0,1.0,1.5,2024-05-10 18:56:00+00:00,2024-05-10 18:56:00+00:00,2024-05-10 18:57:00+00:00,2024-05-10 18:57:00+00:00,pullback_long_late_8346db7cf1cc,1,market,0.0,1,1,4,32,41070.0
481181,481182,481182,481182,closed,timeout,19946.5,19946.0,19946.75,19945.75,19942.5,19978.5,-0.5,-1.0,-1.5,-30.0,10.0,0.5,1.0,1.0,0.75,2024-05-10 18:57:00+00:00,2024-05-10 18:57:00+00:00,2024-05-10 18:58:00+00:00,2024-05-10 18:58:00+00:00,pullback_long_late_8346db7cf1cc,1,market,0.0,1,1,4,32,41040.0
481186,481187,481187,481187,closed,timeout,19939.0,19945.5,19939.25,19945.25,19935.0,19971.0,6.5,6.0,5.5,110.0,10.0,0.5,1.0,1.0,1.0,2024-05-10 19:02:00+00:00,2024-05-10 19:02:00+00:00,2024-05-10 19:03:00+00:00,2024-05-10 19:03:00+00:00,pullback_long_late_8346db7cf1cc,1,market,0.0,1,1,4,32,41150.0
481187,481188,481188,481188,closed,timeout,19946.0,19950.75,19946.25,19950.5,19942.0,19978.0,4.75,4.25,3.75,75.0,10.0,0.5,1.0,1.0,2.5,2024-05-10 19:03:00+00:00,2024-05-10 19:03:00+00:00,2024-05-10 19:04:00+00:00,2024-05-10 19:04:00+00:00,pullback_long_late_8346db7cf1cc,1,market,0.0,1,1,4,32,41225.0
481191,481192,481192,481192,closed,stop,19949.0,19945.0,19949.25,19944.75,19945.0,19981.0,-4.0,-4.5,-5.0,-100.0,10.0,0.5,1.0,1.0,5.0,2024-05-10 19:07:00+00:00,2024-05-10 19:07:00+00:00,2024-05-10 19:08:00+00:00,2024-05-10 19:08:00+00:00,pullback_long_late_8346db7cf1cc,1,market,0.0,1,1,4,32,41125.0
481206,481207,481207,481207,closed,timeout,19952.75,19957.5,19953.0,19957.25,19948.75,19984.75,4.75,4.25,3.75,75.0,10.0,0.5,1.0,1.0,2.5,2024-05-10 19:22:00+00:00,2024-05-10 19:22:00+00:00,2024-05-10 19:23:00+00:00,2024-05-10 19:23:00+00:00,pullback_long_late_8346db7cf1cc,1,market,0.0,1,1,4,32,41200.0
481219,481220,481220,481220,closed,stop,19953.75,19949.75,19954.0,19949.5,19949.75,19985.75,-4.0,-4.5,-5.0,-100.0,10.0,0.5,1.0,1.0,5.0,2024-05-10 19:35:00+00:00,2024-05-10 19:35:00+00:00,2024-05-10 19:36:00+00:00,2024-05-10 19:36:00+00:00,pullback_long_late_8346db7cf1cc,1,market,0.0,1,1,4,32,41100.0
482541,482542,482542,482542,closed,stop,19975.25,19971.25,19975.5,19971.0,19971.25,20007.25,-4.0,-4.5,-5.0,-100.0,10.0,0.5,1.0,1.0,4.25,2024-05-13 18:52:00+00:00,2024-05-13 18:52:00+00:00,2024-05-13 18:53:00+00:00,2024-05-13 18:53:00+00:00,pullback_long_late_8346db7cf1cc,1,market,0.0,1,1,4,32,41000.0
482557,482558,482558,482558,closed,timeout,19982.5,19982.75,19982.75,19982.5,19978.5,20014.5,0.25,-0.25,-0.75,-15.0,10.0,0.5,1.0,1.0,1.0,2024-05-13 19:08:00+00:00,2024-05-13 19:08:00+00:00,2024-05-13 19:09:00+00:00,2024-05-13 19:09:00+00:00,pullback_long_late_8346db7cf1cc,1,market,0.0,1,1,4,32,40985.0
482561,482562,482562,482562,closed,timeout,19980.25,19978.25,19980.5,19978.0,19976.25,20012.25,-2.0,-2.5,-3.0,-60.0,10.0,0.5,1.0,1.0,2.75,2024-05-13 19:12:00+00:00,2024-05-13 19:12:00+00:00,2024-05-13 19:13:00+00:00,2024-05-13 19:13:00+00:00,pullback_long_late_8346db7cf1cc,1,market,0.0,1,1,4,32,40925.0
482596,482597,482597,482597,closed,timeout,19984.0,19988.25,19984.25,19988.0,19980.0,20016.0,4.25,3.75,3.25,65.0,10.0,0.5,1.0,1.0,2.75,2024-05-13 19:47:00+00:00,2024-05-13 19:47:00+00:00,2024-05-13 19:48:00+00:00,2024-05-13 19:48:00+00:00,pullback_long_late_8346db7cf1cc,1,market,0.0,1,1,4,32,40990.0
482597,482598,482598,482598,closed,stop,19987.75,19983.75,19988.0,19983.5,19983.75,20019.75,-4.0,-4.5,-5.0,-100.0,10.0,0.5,1.0,1.0,10.0,2024-05-13 19:48:00+00:00,2024-05-13 19:48:00+00:00,2024-05-13 19:49:00+00:00,2024-05-13 19:49:00+00:00,pullback_long_late_8346db7cf1cc,1,market,0.0,1,1,4,32,40890.0
483865,483866,483866,483866,closed,timeout,20044.0,20047.5,20044.25,20047.25,20040.0,20076.0,3.5,3.0,2.5,50.0,10.0,0.5,1.0,1.0,1.0,2024-05-14 18:11:00+00:00,2024-05-14 18:11:00+00:00,2024-05-14 18:12:00+00:00,2024-05-14 18:12:00+00:00,pullback_long_late_8346db7cf1cc,1,market,0.0,1,1,4,32,40940.0
483873,483874,483874,483874,closed,timeout,20076.0,20076.75,20076.25,20076.5,20072.0,20108.0,0.75,0.25,-0.25,-5.0,10.0,0.5,1.0,1.0,2.5,2024-05-14 18:19:00+00:00,2024-05-14 18:19:00+00:00,2024-05-14 18:20:00+00:00,2024-05-14 18:20:00+00:00,pullback_long_late_8346db7cf1cc,1,market,0.0,1,1,4,32,40935.0
483884,483885,483885,483885,closed,stop,20072.25,20068.25,20072.5,20068.0,20068.25,20104.25,-4.0,-4.5,-5.0,-100.0,10.0,0.5,1.0,1.0,8.5,2024-05-14 18:30:00+00:00,2024-05-14 18:30:00+00:00,2024-05-14 18:31:00+00:00,2024-05-14 18:31:00+00:00,pullback_long_late_8346db7cf1cc,1,market,0.0,1,1,4,32,40835.0
483886,483887,483887,483887,closed,timeout,20067.0,20079.0,20067.25,20078.75,20063.0,20099.0,12.0,11.5,11.0,220.0,10.0,0.5,1.0,1.0,0.75,2024-05-14 18:32:00+00:00,2024-05-14 18:32:00+00:00,2024-05-14 18:33:00+00:00,2024-05-14 18:33:00+00:00,pullback_long_late_8346db7cf1cc,1,market,0.0,1,1,4,32,41055.0
483891,483892,483892,483892,closed,stop,20085.25,20081.25,20085.5,20081.0,20081.25,20117.25,-4.0,-4.5,-5.0,-100.0,10.0,0.5,1.0,1.0,4.5,2024-05-14 18:37:00+00:00,2024-05-14 18:37:00+00:00,2024-05-14 18:38:00+00:00,2024-05-14 18:38:00+00:00,pullback_long_late_8346db7cf1cc,1,market,0.0,1,1,4,32,40955.0
483902,483903,483903,483903,closed,timeout,20097.0,20098.25,20097.25,20098.0,20093.0,20129.0,1.25,0.75,0.25,5.0,10.0,0.5,1.0,1.0,1.0,2024-05-14 18:48:00+00:00,2024-05-14 18:48:00+00:00,2024-05-14 18:49:00+00:00,2024-05-14 18:49:00+00:00,pullback_long_late_8346db7cf1cc,1,market,0.0,1,1,4,32,40960.0
483908,483909,483909,483909,closed,timeout,20095.75,20098.25,20096.0,20098.0,20091.75,20127.75,2.5,2.0,1.5,30.0,10.0,0.5,1.0,1.0,1.5,2024-05-14 18:54:00+00:00,2024-05-14 18:54:00+00:00,2024-05-14 18:55:00+00:00,2024-05-14 18:55:00+00:00,pullback_long_late_8346db7cf1cc,1,market,0.0,1,1,4,32,40990.0
483914,483915,483915,483915,closed,timeout,20103.5,20105.75,20103.75,20105.5,20099.5,20135.5,2.25,1.75,1.25,25.0,10.0,0.5,1.0,1.0,4.0,2024-05-14 19:00:00+00:00,2024-05-14 19:00:00+00:00,2024-05-14 19:01:00+00:00,2024-05-14 19:01:00+00:00,pullback_long_late_8346db7cf1cc,1,market,0.0,1,1,4,32,41015.0
483915,483916,483916,483916,closed,stop,20105.75,20101.75,20106.0,20101.5,20101.75,20137.75,-4.0,-4.5,-5.0,-100.0,10.0,0.5,1.0,1.0,4.25,2024-05-14 19:01:00+00:00,2024-05-14 19:01:00+00:00,2024-05-14 19:02:00+00:00,2024-05-14 19:02:00+00:00,pullback_long_late_8346db7cf1cc,1,market,0.0,1,1,4,32,40915.0
483941,483942,483942,483942,closed,timeout,20109.0,20111.25,20109.25,20111.0,20105.0,20141.0,2.25,1.75,1.25,25.0,10.0,0.5,1.0,1.0,1.25,2024-05-14 19:27:00+00:00,2024-05-14 19:27:00+00:00,2024-05-14 19:28:00+00:00,2024-05-14 19:28:00+00:00,pullback_long_late_8346db7cf1cc,1,market,0.0,1,1,4,32,40940.0
483942,483943,483943,483943,closed,timeout,20111.0,20110.0,20111.25,20109.75,20107.0,20143.0,-1.0,-1.5,-2.0,-40.0,10.0,0.5,1.0,1.0,2.75,2024-05-14 19:28:00+00:00,2024-05-14 19:28:00+00:00,2024-05-14 19:29:00+00:00,2024-05-14 19:29:00+00:00,pullback_long_late_8346db7cf1cc,1,market,0.0,1,1,4,32,40900.0
483944,483945,483945,483945,closed,stop,20113.0,20109.0,20113.25,20108.75,20109.0,20145.0,-4.0,-4.5,-5.0,-100.0,10.0,0.5,1.0,1.0,4.25,2024-05-14 19:30:00+00:00,2024-05-14 19:30:00+00:00,2024-05-14 19:31:00+00:00,2024-05-14 19:31:00+00:00,pullback_long_late_8346db7cf1cc,1,market,0.0,1,1,4,32,40800.0
485239,485240,485240,485240,closed,stop,20383.75,20379.75,20384.0,20379.5,20379.75,20415.75,-4.0,-4.5,-5.0,-100.0,10.0,0.5,1.0,1.0,5.25,2024-05-15 18:20:00+00:00,2024-05-15 18:20:00+00:00,2024-05-15 18:21:00+00:00,2024-05-15 18:21:00+00:00,pullback_long_late_8346db7cf1cc,1,market,0.0,1,1,4,32,40700.0
485310,485311,485311,485311,closed,stop,20391.25,20387.25,20391.5,20387.0,20387.25,20423.25,-4.0,-4.5,-5.0,-100.0,10.0,0.5,1.0,1.0,7.5,2024-05-15 19:31:00+00:00,2024-05-15 19:31:00+00:00,2024-05-15 19:32:00+00:00,2024-05-15 19:32:00+00:00,pullback_long_late_8346db7cf1cc,1,market,0.0,1,1,4,32,40600.0
485314,485315,485315,485315,closed,timeout,20387.75,20384.75,20388.0,20384.5,20383.75,20419.75,-3.0,-3.5,-4.0,-80.0,10.0,0.5,1.0,1.0,3.75,2024-05-15 19:35:00+00:00,2024-05-15 19:35:00+00:00,2024-05-15 19:36:00+00:00,2024-05-15 19:36:00+00:00,pullback_long_late_8346db7cf1cc,1,market,0.0,1,1,4,32,40520.0
486587,486588,486588,486588,closed,stop,20401.0,20397.0,20401.25,20396.75,20397.0,20433.0,-4.0,-4.5,-5.0,-100.0,10.0,0.5,1.0,1.0,4.75,2024-05-16 18:03:00+00:00,2024-05-16 18:03:00+00:00,2024-05-16 18:04:00+00:00,2024-05-16 18:04:00+00:00,pullback_long_late_8346db7cf1cc,1,market,0.0,1,1,4,32,40420.0
486629,486630,486630,486630,closed,timeout,20389.5,20389.5,20389.75,20389.25,20385.5,20421.5,0.0,-0.5,-1.0,-20.0,10.0,0.5,1.0,1.0,1.0,2024-05-16 18:45:00+00:00,2024-05-16 18:45:00+00:00,2024-05-16 18:46:00+00:00,2024-05-16 18:46:00+00:00,pullback_long_late_8346db7cf1cc,1,market,0.0,1,1,4,32,40400.0
486639,486640,486640,486640,closed,stop,20387.75,20383.75,20388.0,20383.5,20383.75,20419.75,-4.0,-4.5,-5.0,-100.0,10.0,0.5,1.0,1.0,5.75,2024-05-16 18:55:00+00:00,2024-05-16 18:55:00+00:00,2024-05-16 18:56:00+00:00,2024-05-16 18:56:00+00:00,pullback_long_late_8346db7cf1cc,1,market,0.0,1,1,4,32,40300.0
487990,487991,487991,487991,closed,stop,20275.75,20271.75,20276.0,20271.5,20271.75,20307.75,-4.0,-4.5,-5.0,-100.0,10.0,0.5,1.0,1.0,4.25,2024-05-17 18:42:00+00:00,2024-05-17 18:42:00+00:00,2024-05-17 18:43:00+00:00,2024-05-17 18:43:00+00:00,pullback_long_late_8346db7cf1cc,1,market,0.0,1,1,4,32,40200.0
487994,487995,487995,487995,closed,timeout,20272.25,20270.25,20272.5,20270.0,20268.25,20304.25,-2.0,-2.5,-3.0,-60.0,10.0,0.5,1.0,1.0,3.25,2024-05-17 18:46:00+00:00,2024-05-17 18:46:00+00:00,2024-05-17 18:47:00+00:00,2024-05-17 18:47:00+00:00,pullback_long_late_8346db7cf1cc,1,market,0.0,1,1,4,32,40140.0
488011,488012,488012,488012,closed,timeout,20312.0,20313.5,20312.25,20313.25,20308.0,20344.0,1.5,1.0,0.5,10.0,10.0,0.5,1.0,1.0,1.75,2024-05-17 19:03:00+00:00,2024-05-17 19:03:00+00:00,2024-05-17 19:04:00+00:00,2024-05-17 19:04:00+00:00,pullback_long_late_8346db7cf1cc,1,market,0.0,1,1,4,32,40150.0
488015,488016,488016,488016,closed,timeout,20309.25,20311.5,20309.5,20311.25,20305.25,20341.25,2.25,1.75,1.25,25.0,10.0,0.5,1.0,1.0,0.25,2024-05-17 19:07:00+00:00,2024-05-17 19:07:00+00:00,2024-05-17 19:08:00+00:00,2024-05-17 19:08:00+00:00,pullback_long_late_8346db7cf1cc,1,market,0.0,1,1,4,32,40175.0
488016,488017,488017,488017,closed,timeout,20311.25,20315.75,20311.5,20315.5,20307.25,20343.25,4.5,4.0,3.5,70.0,10.0,0.5,1.0,1.0,2.0,2024-05-17 19:08:00+00:00,2024-05-17 19:08:00+00:00,2024-05-17 19:09:00+00:00,2024-05-17 19:09:00+00:00,pullback_long_late_8346db7cf1cc,1,market,0.0,1,1,4,32,40245.0
488020,488021,488021,488021,closed,timeout,20315.5,20318.0,20315.75,20317.75,20311.5,20347.5,2.5,2.0,1.5,30.0,10.0,0.5,1.0,1.0,1.5,2024-05-17 19:12:00+00:00,2024-05-17 19:12:00+00:00,2024-05-17 19:13:00+00:00,2024-05-17 19:13:00+00:00,pullback_long_late_8346db7cf1cc,1,market,0.0,1,1,4,32,40275.0
488034,488035,488035,488035,closed,stop,20331.0,20327.0,20331.25,20326.75,20327.0,20363.0,-4.0,-4.5,-5.0,-100.0,10.0,0.5,1.0,1.0,5.5,2024-05-17 19:26:00+00:00,2024-05-17 19:26:00+00:00,2024-05-17 19:27:00+00:00,2024-05-17 19:27:00+00:00,pullback_long_late_8346db7cf1cc,1,market,0.0,1,1,4,32,40175.0
488038,488039,488039,488039,closed,stop,20324.0,20320.0,20324.25,20319.75,20320.0,20356.0,-4.0,-4.5,-5.0,-100.0,10.0,0.5,1.0,1.0,5.0,2024-05-17 19:30:00+00:00,2024-05-17 19:30:00+00:00,2024-05-17 19:31:00+00:00,2024-05-17 19:31:00+00:00,pullback_long_late_8346db7cf1cc,1,market,0.0,1,1,4,32,40075.0
489368,489369,489369,489369,closed,stop,20453.25,20449.25,20453.5,20449.0,20449.25,20485.25,-4.0,-4.5,-5.0,-100.0,10.0,0.5,1.0,1.0,9.75,2024-05-20 18:55:00+00:00,2024-05-20 18:55:00+00:00,2024-05-20 18:56:00+00:00,2024-05-20 18:56:00+00:00,pullback_long_late_8346db7cf1cc,1,market,0.0,1,1,4,32,39975.0
489395,489396,489396,489396,closed,timeout,20461.0,20466.75,20461.25,20466.5,20457.0,20493.0,5.75,5.25,4.75,95.0,10.0,0.5,1.0,1.0,2.75,2024-05-20 19:22:00+00:00,2024-05-20 19:22:00+00:00,2024-05-20 19:23:00+00:00,2024-05-20 19:23:00+00:00,pullback_long_late_8346db7cf1cc,1,market,0.0,1,1,4,32,40070.0
489399,489400,489400,489400,closed,timeout,20463.75,20470.25,20464.0,20470.0,20459.75,20495.75,6.5,6.0,5.5,110.0,10.0,0.5,1.0,1.0,0.25,2024-05-20 19:26:00+00:00,2024-05-20 19:26:00+00:00,2024-05-20 19:27:00+00:00,2024-05-20 19:27:00+00:00,pullback_long_late_8346db7cf1cc,1,market,0.0,1,1,4,32,40180.0
490684,490685,490685,490685,closed,timeout,20468.5,20470.0,20468.75,20469.75,20464.5,20500.5,1.5,1.0,0.5,10.0,10.0,0.5,1.0,1.0,0.25,2024-05-21 18:08:00+00:00,2024-05-21 18:08:00+00:00,2024-05-21 18:09:00+00:00,2024-05-21 18:09:00+00:00,pullback_long_late_8346db7cf1cc,1,market,0.0,1,1,4,32,40190.0
490685,490686,490686,490686,closed,timeout,20470.0,20468.5,20470.25,20468.25,20466.0,20502.0,-1.5,-2.0,-2.5,-50.0,10.0,0.5,1.0,1.0,2.5,2024-05-21 18:09:00+00:00,2024-05-21 18:09:00+00:00,2024-05-21 18:10:00+00:00,2024-05-21 18:10:00+00:00,pullback_long_late_8346db7cf1cc,1,market,0.0,1,1,4,32,40140.0
490731,490732,490732,490732,closed,timeout,20461.0,20460.5,20461.25,20460.25,20457.0,20493.0,-0.5,-1.0,-1.5,-30.0,10.0,0.5,1.0,1.0,1.25,2024-05-21 18:55:00+00:00,2024-05-21 18:55:00+00:00,2024-05-21 18:56:00+00:00,2024-05-21 18:56:00+00:00,pullback_long_late_8346db7cf1cc,1,market,0.0,1,1,4,32,40110.0
490743,490744,490744,490744,closed,timeout,20463.5,20461.25,20463.75,20461.0,20459.5,20495.5,-2.25,-2.75,-3.25,-65.0,10.0,0.5,1.0,1.0,3.75,2024-05-21 19:07:00+00:00,2024-05-21 19:07:00+00:00,2024-05-21 19:08:00+00:00,2024-05-21 19:08:00+00:00,pullback_long_late_8346db7cf1cc,1,market,0.0,1,1,4,32,40045.0
490745,490746,490746,490746,closed,timeout,20464.0,20465.0,20464.25,20464.75,20460.0,20496.0,1.0,0.5,0.0,0.0,10.0,0.5,1.0,1.0,0.5,2024-05-21 19:09:00+00:00,2024-05-21 19:09:00+00:00,2024-05-21 19:10:00+00:00,2024-05-21 19:10:00+00:00,pullback_long_late_8346db7cf1cc,1,market,0.0,1,1,4,32,40045.0
490746,490747,490747,490747,closed,timeout,20464.75,20471.5,20465.0,20471.25,20460.75,20496.75,6.75,6.25,5.75,115.0,10.0,0.5,1.0,1.0,0.5,2024-05-21 19:10:00+00:00,2024-05-21 19:10:00+00:00,2024-05-21 19:11:00+00:00,2024-05-21 19:11:00+00:00,pullback_long_late_8346db7cf1cc,1,market,0.0,1,1,4,32,40160.0
490756,490757,490757,490757,closed,timeout,20475.75,20473.75,20476.0,20473.5,20471.75,20507.75,-2.0,-2.5,-3.0,-60.0,10.0,0.5,1.0,1.0,3.0,2024-05-21 19:20:00+00:00,2024-05-21 19:20:00+00:00,2024-05-21 19:21:00+00:00,2024-05-21 19:21:00+00:00,pullback_long_late_8346db7cf1cc,1,market,0.0,1,1,4,32,40100.0
490781,490782,490782,490782,closed,timeout,20478.25,20477.0,20478.5,20476.75,20474.25,20510.25,-1.25,-1.75,-2.25,-45.0,10.0,0.5,1.0,1.0,3.25,2024-05-21 19:45:00+00:00,2024-05-21 19:45:00+00:00,2024-05-21 19:46:00+00:00,2024-05-21 19:46:00+00:00,pullback_long_late_8346db7cf1cc,1,market,0.0,1,1,4,32,40055.0
490783,490784,490784,490784,closed,stop,20478.25,20474.25,20478.5,20474.0,20474.25,20510.25,-4.0,-4.5,-5.0,-100.0,10.0,0.5,1.0,1.0,6.25,2024-05-21 19:47:00+00:00,2024-05-21 19:47:00+00:00,2024-05-21 19:48:00+00:00,2024-05-21 19:48:00+00:00,pullback_long_late_8346db7cf1cc,1,market,0.0,1,1,4,32,39955.0
490786,490787,490787,490787,closed,timeout,20475.25,20475.25,20475.5,20475.0,20471.25,20507.25,0.0,-0.5,-1.0,-20.0,10.0,0.5,1.0,1.0,3.75,2024-05-21 19:50:00+00:00,2024-05-21 19:50:00+00:00,2024-05-21 19:51:00+00:00,2024-05-21 19:51:00+00:00,pullback_long_late_8346db7cf1cc,1,market,0.0,1,1,4,32,39935.0
492094,492095,492095,492095,closed,stop,20421.0,20417.0,20421.25,20416.75,20417.0,20453.0,-4.0,-4.5,-5.0,-100.0,10.0,0.5,1.0,1.0,10.0,2024-05-22 18:53:00+00:00,2024-05-22 18:53:00+00:00,2024-05-22 18:54:00+00:00,2024-05-22 18:54:00+00:00,pullback_long_late_8346db7cf1cc,1,market,0.0,1,1,4,32,39835.0
492097,492098,492098,492098,closed,timeout,20415.5,20418.0,20415.75,20417.75,20411.5,20447.5,2.5,2.0,1.5,30.0,10.0,0.5,1.0,1.0,3.0,2024-05-22 18:56:00+00:00,2024-05-22 18:56:00+00:00,2024-05-22 18:57:00+00:00,2024-05-22 18:57:00+00:00,pullback_long_late_8346db7cf1cc,1,market,0.0,1,1,4,32,39865.0
492098,492099,492099,492099,closed,timeout,20418.75,20419.25,20419.0,20419.0,20414.75,20450.75,0.5,0.0,-0.5,-10.0,10.0,0.5,1.0,1.0,2.75,2024-05-22 18:57:00+00:00,2024-05-22 18:57:00+00:00,2024-05-22 18:58:00+00:00,2024-05-22 18:58:00+00:00,pullback_long_late_8346db7cf1cc,1,market,0.0,1,1,4,32,39855.0
492118,492119,492119,492119,closed,timeout,20427.75,20427.25,20428.0,20427.0,20423.75,20459.75,-0.5,-1.0,-1.5,-30.0,10.0,0.5,1.0,1.0,1.5,2024-05-22 19:17:00+00:00,2024-05-22 19:17:00+00:00,2024-05-22 19:18:00+00:00,2024-05-22 19:18:00+00:00,pullback_long_late_8346db7cf1cc,1,market,0.0,1,1,4,32,39825.0
492136,492137,492137,492137,closed,timeout,20468.5,20469.5,20468.75,20469.25,20464.5,20500.5,1.0,0.5,0.0,0.0,10.0,0.5,1.0,1.0,3.0,2024-05-22 19:35:00+00:00,2024-05-22 19:35:00+00:00,2024-05-22 19:36:00+00:00,2024-05-22 19:36:00+00:00,pullback_long_late_8346db7cf1cc,1,market,0.0,1,1,4,32,39825.0
492142,492143,492143,492143,closed,stop,20453.25,20449.25,20453.5,20449.0,20449.25,20485.25,-4.0,-4.5,-5.0,-100.0,10.0,0.5,1.0,1.0,8.75,2024-05-22 19:41:00+00:00,2024-05-22 19:41:00+00:00,2024-05-22 19:42:00+00:00,2024-05-22 19:42:00+00:00,pullback_long_late_8346db7cf1cc,1,market,0.0,1,1,4,32,39725.0
493515,493516,493516,493516,closed,timeout,20379.5,20384.75,20379.75,20384.5,20375.5,20411.5,5.25,4.75,4.25,85.0,10.0,0.5,1.0,1.0,0.25,2024-05-23 19:49:00+00:00,2024-05-23 19:49:00+00:00,2024-05-23 19:50:00+00:00,2024-05-23 19:50:00+00:00,pullback_long_late_8346db7cf1cc,1,market,0.0,1,1,4,32,39810.0
493516,493517,493517,493517,closed,timeout,20385.0,20392.25,20385.25,20392.0,20381.0,20417.0,7.25,6.75,6.25,125.0,10.0,0.5,1.0,1.0,0.25,2024-05-23 19:50:00+00:00,2024-05-23 19:50:00+00:00,2024-05-23 19:51:00+00:00,2024-05-23 19:51:00+00:00,pullback_long_late_8346db7cf1cc,1,market,0.0,1,1,4,32,39935.0
493519,493520,493520,493520,closed,stop,20393.25,20389.25,20393.5,20389.0,20389.25,20425.25,-4.0,-4.5,-5.0,-100.0,10.0,0.5,1.0,1.0,5.0,2024-05-23 19:53:00+00:00,2024-05-23 19:53:00+00:00,2024-05-23 19:54:00+00:00,2024-05-23 19:54:00+00:00,pullback_long_late_8346db7cf1cc,1,market,0.0,1,1,4,32,39835.0
493521,493522,493522,493522,closed,stop,20398.75,20394.75,20399.0,20394.5,20394.75,20430.75,-4.0,-4.5,-5.0,-100.0,10.0,0.5,1.0,1.0,29.0,2024-05-23 19:55:00+00:00,2024-05-23 19:55:00+00:00,2024-05-23 19:56:00+00:00,2024-05-23 19:56:00+00:00,pullback_long_late_8346db7cf1cc,1,market,0.0,1,1,4,32,39735.0
494772,494773,494773,494773,closed,timeout,20600.25,20605.5,20600.5,20605.25,20596.25,20632.25,5.25,4.75,4.25,85.0,10.0,0.5,1.0,1.0,1.5,2024-05-24 18:01:00+00:00,2024-05-24 18:01:00+00:00,2024-05-24 18:02:00+00:00,2024-05-24 18:02:00+00:00,pullback_long_late_8346db7cf1cc,1,market,0.0,1,1,4,32,39820.0
494783,494784,494784,494784,closed,timeout,20607.75,20610.25,20608.0,20610.0,20603.75,20639.75,2.5,2.0,1.5,30.0,10.0,0.5,1.0,1.0,3.25,2024-05-24 18:12:00+00:00,2024-05-24 18:12:00+00:00,2024-05-24 18:13:00+00:00,2024-05-24 18:13:00+00:00,pullback_long_late_8346db7cf1cc,1,market,0.0,1,1,4,32,39850.0
494784,494785,494785,494785,closed,timeout,20610.0,20610.5,20610.25,20610.25,20606.0,20642.0,0.5,0.0,-0.5,-10.0,10.0,0.5,1.0,1.0,3.0,2024-05-24 18:13:00+00:00,2024-05-24 18:13:00+00:00,2024-05-24 18:14:00+00:00,2024-05-24 18:14:00+00:00,pullback_long_late_8346db7cf1cc,1,market,0.0,1,1,4,32,39840.0
494857,494858,494858,494858,closed,timeout,20558.5,20559.75,20558.75,20559.5,20554.5,20590.5,1.25,0.75,0.25,5.0,10.0,0.5,1.0,1.0,0.75,2024-05-24 19:26:00+00:00,2024-05-24 19:26:00+00:00,2024-05-24 19:27:00+00:00,2024-05-24 19:27:00+00:00,pullback_long_late_8346db7cf1cc,1,market,0.0,1,1,4,32,39845.0
494866,494867,494867,494867,closed,timeout,20562.5,20563.75,20562.75,20563.5,20558.5,20594.5,1.25,0.75,0.25,5.0,10.0,0.5,1.0,1.0,2.25,2024-05-24 19:35:00+00:00,2024-05-24 19:35:00+00:00,2024-05-24 19:36:00+00:00,2024-05-24 19:36:00+00:00,pullback_long_late_8346db7cf1cc,1,market,0.0,1,1,4,32,39850.0
497350,497351,497351,497351,closed,timeout,20568.75,20566.5,20569.0,20566.25,20564.75,20600.75,-2.25,-2.75,-3.25,-65.0,10.0,0.5,1.0,1.0,3.75,2024-05-28 19:14:00+00:00,2024-05-28 19:14:00+00:00,2024-05-28 19:15:00+00:00,2024-05-28 19:15:00+00:00,pullback_long_late_8346db7cf1cc,1,market,0.0,1,1,4,32,39785.0
497353,497354,497354,497354,closed,timeout,20563.25,20564.0,20563.5,20563.75,20559.25,20595.25,0.75,0.25,-0.25,-5.0,10.0,0.5,1.0,1.0,4.0,2024-05-28 19:17:00+00:00,2024-05-28 19:17:00+00:00,2024-05-28 19:18:00+00:00,2024-05-28 19:18:00+00:00,pullback_long_late_8346db7cf1cc,1,market,0.0,1,1,4,32,39780.0
497364,497365,497365,497365,closed,stop,20587.0,20583.0,20587.25,20582.75,20583.0,20619.0,-4.0,-4.5,-5.0,-100.0,10.0,0.5,1.0,1.0,7.75,2024-05-28 19:28:00+00:00,2024-05-28 19:28:00+00:00,2024-05-28 19:29:00+00:00,2024-05-28 19:29:00+00:00,pullback_long_late_8346db7cf1cc,1,market,0.0,1,1,4,32,39680.0
497367,497368,497368,497368,closed,timeout,20582.25,20583.0,20582.5,20582.75,20578.25,20614.25,0.75,0.25,-0.25,-5.0,10.0,0.5,1.0,1.0,2.5,2024-05-28 19:31:00+00:00,2024-05-28 19:31:00+00:00,2024-05-28 19:32:00+00:00,2024-05-28 19:32:00+00:00,pullback_long_late_8346db7cf1cc,1,market,0.0,1,1,4,32,39675.0
497377,497378,497378,497378,closed,stop,20589.0,20585.0,20589.25,20584.75,20585.0,20621.0,-4.0,-4.5,-5.0,-100.0,10.0,0.5,1.0,1.0,9.0,2024-05-28 19:41:00+00:00,2024-05-28 19:41:00+00:00,2024-05-28 19:42:00+00:00,2024-05-28 19:42:00+00:00,pullback_long_late_8346db7cf1cc,1,market,0.0,1,1,4,32,39575.0
498643,498644,498644,498644,closed,stop,20552.75,20548.75,20553.0,20548.5,20548.75,20584.75,-4.0,-4.5,-5.0,-100.0,10.0,0.5,1.0,1.0,6.0,2024-05-29 18:02:00+00:00,2024-05-29 18:02:00+00:00,2024-05-29 18:03:00+00:00,2024-05-29 18:03:00+00:00,pullback_long_late_8346db7cf1cc,1,market,0.0,1,1,4,32,39475.0
498650,498651,498651,498651,closed,timeout,20552.25,20554.75,20552.5,20554.5,20548.25,20584.25,2.5,2.0,1.5,30.0,10.0,0.5,1.0,1.0,1.0,2024-05-29 18:09:00+00:00,2024-05-29 18:09:00+00:00,2024-05-29 18:10:00+00:00,2024-05-29 18:10:00+00:00,pullback_long_late_8346db7cf1cc,1,market,0.0,1,1,4,32,39505.0
498735,498736,498736,498736,closed,timeout,20537.0,20535.5,20537.25,20535.25,20533.0,20569.0,-1.5,-2.0,-2.5,-50.0,10.0,0.5,1.0,1.0,1.75,2024-05-29 19:34:00+00:00,2024-05-29 19:34:00+00:00,2024-05-29 19:35:00+00:00,2024-05-29 19:35:00+00:00,pullback_long_late_8346db7cf1cc,1,market,0.0,1,1,4,32,39455.0
501426,501427,501427,501427,closed,timeout,20029.5,20040.25,20029.75,20040.0,20025.5,20061.5,10.75,10.25,9.75,195.0,10.0,0.5,1.0,1.0,1.5,2024-05-31 18:55:00+00:00,2024-05-31 18:55:00+00:00,2024-05-31 18:56:00+00:00,2024-05-31 18:56:00+00:00,pullback_long_late_8346db7cf1cc,1,market,0.0,1,1,4,32,39650.0
501462,501463,501463,501463,closed,stop,20110.0,20106.0,20110.25,20105.75,20106.0,20142.0,-4.0,-4.5,-5.0,-100.0,10.0,0.5,1.0,1.0,15.0,2024-05-31 19:31:00+00:00,2024-05-31 19:31:00+00:00,2024-05-31 19:32:00+00:00,2024-05-31 19:32:00+00:00,pullback_long_late_8346db7cf1cc,1,market,0.0,1,1,4,32,39550.0
502788,502789,502789,502789,closed,stop,20258.5,20254.5,20258.75,20254.25,20254.5,20290.5,-4.0,-4.5,-5.0,-100.0,10.0,0.5,1.0,1.0,8.25,2024-06-03 18:52:00+00:00,2024-06-03 18:52:00+00:00,2024-06-03 18:53:00+00:00,2024-06-03 18:53:00+00:00,pullback_long_late_8346db7cf1cc,1,market,0.0,1,1,4,32,39450.0
502821,502822,502822,502822,closed,stop,20284.25,20280.25,20284.5,20280.0,20280.25,20316.25,-4.0,-4.5,-5.0,-100.0,10.0,0.5,1.0,1.0,6.0,2024-06-03 19:25:00+00:00,2024-06-03 19:25:00+00:00,2024-06-03 19:26:00+00:00,2024-06-03 19:26:00+00:00,pullback_long_late_8346db7cf1cc,1,market,0.0,1,1,4,32,39350.0
502825,502826,502826,502826,closed,stop,20287.5,20283.5,20287.75,20283.25,20283.5,20319.5,-4.0,-4.5,-5.0,-100.0,10.0,0.5,1.0,1.0,7.25,2024-06-03 19:29:00+00:00,2024-06-03 19:29:00+00:00,2024-06-03 19:30:00+00:00,2024-06-03 19:30:00+00:00,pullback_long_late_8346db7cf1cc,1,market,0.0,1,1,4,32,39250.0
502828,502829,502829,502829,closed,timeout,20273.25,20276.0,20273.5,20275.75,20269.25,20305.25,2.75,2.25,1.75,35.0,10.0,0.5,1.0,1.0,2.25,2024-06-03 19:32:00+00:00,2024-06-03 19:32:00+00:00,2024-06-03 19:33:00+00:00,2024-06-03 19:33:00+00:00,pullback_long_late_8346db7cf1cc,1,market,0.0,1,1,4,32,39285.0
502829,502830,502830,502830,closed,stop,20276.0,20272.0,20276.25,20271.75,20272.0,20308.0,-4.0,-4.5,-5.0,-100.0,10.0,0.5,1.0,1.0,7.25,2024-06-03 19:33:00+00:00,2024-06-03 19:33:00+00:00,2024-06-03 19:34:00+00:00,2024-06-03 19:34:00+00:00,pullback_long_late_8346db7cf1cc,1,market,0.0,1,1,4,32,39185.0
502848,502849,502849,502849,closed,stop,20288.0,20284.0,20288.25,20283.75,20284.0,20320.0,-4.0,-4.5,-5.0,-100.0,10.0,0.5,1.0,1.0,8.75,2024-06-03 19:52:00+00:00,2024-06-03 19:52:00+00:00,2024-06-03 19:53:00+00:00,2024-06-03 19:53:00+00:00,pullback_long_late_8346db7cf1cc,1,market,0.0,1,1,4,32,39085.0
504129,504130,504130,504130,closed,timeout,20411.25,20417.0,20411.5,20416.75,20407.25,20443.25,5.75,5.25,4.75,95.0,10.0,0.5,1.0,1.0,1.0,2024-06-04 18:28:00+00:00,2024-06-04 18:28:00+00:00,2024-06-04 18:29:00+00:00,2024-06-04 18:29:00+00:00,pullback_long_late_8346db7cf1cc,1,market,0.0,1,1,4,32,39180.0
504134,504135,504135,504135,closed,timeout,20419.25,20418.75,20419.5,20418.5,20415.25,20451.25,-0.5,-1.0,-1.5,-30.0,10.0,0.5,1.0,1.0,3.25,2024-06-04 18:33:00+00:00,2024-06-04 18:33:00+00:00,2024-06-04 18:34:00+00:00,2024-06-04 18:34:00+00:00,pullback_long_late_8346db7cf1cc,1,market,0.0,1,1,4,32,39150.0
504137,504138,504138,504138,closed,timeout,20420.25,20421.75,20420.5,20421.5,20416.25,20452.25,1.5,1.0,0.5,10.0,10.0,0.5,1.0,1.0,1.5,2024-06-04 18:36:00+00:00,2024-06-04 18:36:00+00:00,2024-06-04 18:37:00+00:00,2024-06-04 18:37:00+00:00,pullback_long_late_8346db7cf1cc,1,market,0.0,1,1,4,32,39160.0
504155,504156,504156,504156,closed,stop,20434.75,20430.75,20435.0,20430.5,20430.75,20466.75,-4.0,-4.5,-5.0,-100.0,10.0,0.5,1.0,1.0,5.5,2024-06-04 18:54:00+00:00,2024-06-04 18:54:00+00:00,2024-06-04 18:55:00+00:00,2024-06-04 18:55:00+00:00,pullback_long_late_8346db7cf1cc,1,market,0.0,1,1,4,32,39060.0
504157,504158,504158,504158,closed,stop,20434.0,20430.0,20434.25,20429.75,20430.0,20466.0,-4.0,-4.5,-5.0,-100.0,10.0,0.5,1.0,1.0,21.0,2024-06-04 18:56:00+00:00,2024-06-04 18:56:00+00:00,2024-06-04 18:57:00+00:00,2024-06-04 18:57:00+00:00,pullback_long_late_8346db7cf1cc,1,market,0.0,1,1,4,32,38960.0
504186,504187,504187,504187,closed,stop,20363.75,20359.75,20364.0,20359.5,20359.75,20395.75,-4.0,-4.5,-5.0,-100.0,10.0,0.5,1.0,1.0,5.25,2024-06-04 19:25:00+00:00,2024-06-04 19:25:00+00:00,2024-06-04 19:26:00+00:00,2024-06-04 19:26:00+00:00,pullback_long_late_8346db7cf1cc,1,market,0.0,1,1,4,32,38860.0
505469,505470,505470,505470,closed,timeout,20716.5,20717.5,20716.75,20717.25,20712.5,20748.5,1.0,0.5,0.0,0.0,10.0,0.5,1.0,1.0,2.0,2024-06-05 18:03:00+00:00,2024-06-05 18:03:00+00:00,2024-06-05 18:04:00+00:00,2024-06-05 18:04:00+00:00,pullback_long_late_8346db7cf1cc,1,market,0.0,1,1,4,32,38860.0
505504,505505,505505,505505,closed,timeout,20726.5,20727.5,20726.75,20727.25,20722.5,20758.5,1.0,0.5,0.0,0.0,10.0,0.5,1.0,1.0,2.5,2024-06-05 18:38:00+00:00,2024-06-05 18:38:00+00:00,2024-06-05 18:39:00+00:00,2024-06-05 18:39:00+00:00,pullback_long_late_8346db7cf1cc,1,market,0.0,1,1,4,32,38860.0
505514,505515,505515,505515,closed,timeout,20731.25,20731.75,20731.5,20731.5,20727.25,20763.25,0.5,0.0,-0.5,-10.0,10.0,0.5,1.0,1.0,1.5,2024-06-05 18:48:00+00:00,2024-06-05 18:48:00+00:00,2024-06-05 18:49:00+00:00,2024-06-05 18:49:00+00:00,pullback_long_late_8346db7cf1cc,1,market,0.0,1,1,4,32,38850.0
505517,505518,505518,505518,closed,timeout,20729.75,20733.25,20730.0,20733.0,20725.75,20761.75,3.5,3.0,2.5,50.0,10.0,0.5,1.0,1.0,0.5,2024-06-05 18:51:00+00:00,2024-06-05 18:51:00+00:00,2024-06-05 18:52:00+00:00,2024-06-05 18:52:00+00:00,pullback_long_late_8346db7cf1cc,1,market,0.0,1,1,4,32,38900.0
505529,505530,505530,505530,closed,stop,20734.25,20730.25,20734.5,20730.0,20730.25,20766.25,-4.0,-4.5,-5.0,-100.0,10.0,0.5,1.0,1.0,6.75,2024-06-05 19:03:00+00:00,2024-06-05 19:03:00+00:00,2024-06-05 19:04:00+00:00,2024-06-05 19:04:00+00:00,pullback_long_late_8346db7cf1cc,1,market,0.0,1,1,4,32,38800.0
505536,505537,505537,505537,closed,stop,20733.25,20729.25,20733.5,20729.0,20729.25,20765.25,-4.0,-4.5,-5.0,-100.0,10.0,0.5,1.0,1.0,4.25,2024-06-05 19:10:00+00:00,2024-06-05 19:10:00+00:00,2024-06-05 19:11:00+00:00,2024-06-05 19:11:00+00:00,pullback_long_late_8346db7cf1cc,1,market,0.0,1,1,4,32,38700.0
506859,506860,506860,506860,closed,stop,20744.25,20740.25,20744.5,20740.0,20740.25,20776.25,-4.0,-4.5,-5.0,-100.0,10.0,0.5,1.0,1.0,9.5,2024-06-06 18:28:00+00:00,2024-06-06 18:28:00+00:00,2024-06-06 18:29:00+00:00,2024-06-06 18:29:00+00:00,pullback_long_late_8346db7cf1cc,1,market,0.0,1,1,4,32,38600.0
506864,506865,506865,506865,closed,timeout,20740.5,20745.5,20740.75,20745.25,20736.5,20772.5,5.0,4.5,4.0,80.0,10.0,0.5,1.0,1.0,0.5,2024-06-06 18:33:00+00:00,2024-06-06 18:33:00+00:00,2024-06-06 18:34:00+00:00,2024-06-06 18:34:00+00:00,pullback_long_late_8346db7cf1cc,1,market,0.0,1,1,4,32,38680.0
506872,506873,506873,506873,closed,timeout,20746.5,20749.75,20746.75,20749.5,20742.5,20778.5,3.25,2.75,2.25,45.0,10.0,0.5,1.0,1.0,4.0,2024-06-06 18:41:00+00:00,2024-06-06 18:41:00+00:00,2024-06-06 18:42:00+00:00,2024-06-06 18:42:00+00:00,pullback_long_late_8346db7cf1cc,1,market,0.0,1,1,4,32,38725.0
506942,506943,506943,506943,closed,stop,20762.75,20758.75,20763.0,20758.5,20758.75,20794.75,-4.0,-4.5,-5.0,-100.0,10.0,0.5,1.0,1.0,9.75,2024-06-06 19:51:00+00:00,2024-06-06 19:51:00+00:00,2024-06-06 19:52:00+00:00,2024-06-06 19:52:00+00:00,pullback_long_late_8346db7cf1cc,1,market,0.0,1,1,4,32,38625.0
508229,508230,508230,508230,closed,stop,20742.5,20738.5,20742.75,20738.25,20738.5,20774.5,-4.0,-4.5,-5.0,-100.0,10.0,0.5,1.0,1.0,12.0,2024-06-07 18:34:00+00:00,2024-06-07 18:34:00+00:00,2024-06-07 18:35:00+00:00,2024-06-07 18:35:00+00:00,pullback_long_late_8346db7cf1cc,1,market,0.0,1,1,4,32,38525.0
508249,508250,508250,508250,closed,timeout,20754.75,20761.25,20755.0,20761.0,20750.75,20786.75,6.5,6.0,5.5,110.0,10.0,0.5,1.0,1.0,1.0,2024-06-07 18:54:00+00:00,2024-06-07 18:54:00+00:00,2024-06-07 18:55:00+00:00,2024-06-07 18:55:00+00:00,pullback_long_late_8346db7cf1cc,1,market,0.0,1,1,4,32,38635.0
509563,509564,509564,509564,closed,stop,20791.0,20787.0,20791.25,20786.75,20787.0,20823.0,-4.0,-4.5,-5.0,-100.0,10.0,0.5,1.0,1.0,5.25,2024-06-10 18:04:00+00:00,2024-06-10 18:04:00+00:00,2024-06-10 18:05:00+00:00,2024-06-10 18:05:00+00:00,pullback_long_late_8346db7cf1cc,1,market,0.0,1,1,4,32,38535.0
509565,509566,509566,509566,closed,timeout,20790.25,20796.0,20790.5,20795.75,20786.25,20822.25,5.75,5.25,4.75,95.0,10.0,0.5,1.0,1.0,2.75,2024-06-10 18:06:00+00:00,2024-06-10 18:06:00+00:00,2024-06-10 18:07:00+00:00,2024-06-10 18:07:00+00:00,pullback_long_late_8346db7cf1cc,1,market,0.0,1,1,4,32,38630.0
509600,509601,509601,509601,closed,timeout,20765.5,20774.25,20765.75,20774.0,20761.5,20797.5,8.75,8.25,7.75,155.0,10.0,0.5,1.0,1.0,0.25,2024-06-10 18:41:00+00:00,2024-06-10 18:41:00+00:00,2024-06-10 18:42:00+00:00,2024-06-10 18:42:00+00:00,pullback_long_late_8346db7cf1cc,1,market,0.0,1,1,4,32,38785.0
509603,509604,509604,509604,closed,timeout,20771.5,20772.0,20771.75,20771.75,20767.5,20803.5,0.5,0.0,-0.5,-10.0,10.0,0.5,1.0,1.0,1.0,2024-06-10 18:44:00+00:00,2024-06-10 18:44:00+00:00,2024-06-10 18:45:00+00:00,2024-06-10 18:45:00+00:00,pullback_long_late_8346db7cf1cc,1,market,0.0,1,1,4,32,38775.0
509606,509607,509607,509607,closed,stop,20772.75,20768.75,20773.0,20768.5,20768.75,20804.75,-4.0,-4.5,-5.0,-100.0,10.0,0.5,1.0,1.0,6.25,2024-06-10 18:47:00+00:00,2024-06-10 18:47:00+00:00,2024-06-10 18:48:00+00:00,2024-06-10 18:48:00+00:00,pullback_long_late_8346db7cf1cc,1,market,0.0,1,1,4,32,38675.0
509619,509620,509620,509620,closed,stop,20770.75,20766.75,20771.0,20766.5,20766.75,20802.75,-4.0,-4.5,-5.0,-100.0,10.0,0.5,1.0,1.0,4.5,2024-06-10 19:00:00+00:00,2024-06-10 19:00:00+00:00,2024-06-10 19:01:00+00:00,2024-06-10 19:01:00+00:00,pullback_long_late_8346db7cf1cc,1,market,0.0,1,1,4,32,38575.0
509620,509621,509621,509621,closed,timeout,20773.75,20784.75,20774.0,20784.5,20769.75,20805.75,11.0,10.5,10.0,200.0,10.0,0.5,1.0,1.0,0.25,2024-06-10 19:01:00+00:00,2024-06-10 19:01:00+00:00,2024-06-10 19:02:00+00:00,2024-06-10 19:02:00+00:00,pullback_long_late_8346db7cf1cc,1,market,0.0,1,1,4,32,38775.0
509638,509639,509639,509639,closed,timeout,20802.5,20807.25,20802.75,20807.0,20798.5,20834.5,4.75,4.25,3.75,75.0,10.0,0.5,1.0,1.0,0.5,2024-06-10 19:19:00+00:00,2024-06-10 19:19:00+00:00,2024-06-10 19:20:00+00:00,2024-06-10 19:20:00+00:00,pullback_long_late_8346db7cf1cc,1,market,0.0,1,1,4,32,38850.0
509639,509640,509640,509640,closed,timeout,20806.75,20810.75,20807.0,20810.5,20802.75,20838.75,4.0,3.5,3.0,60.0,10.0,0.5,1.0,1.0,1.5,2024-06-10 19:20:00+00:00,2024-06-10 19:20:00+00:00,2024-06-10 19:21:00+00:00,2024-06-10 19:21:00+00:00,pullback_long_late_8346db7cf1cc,1,market,0.0,1,1,4,32,38910.0
509640,509641,509641,509641,closed,timeout,20810.5,20814.25,20810.75,20814.0,20806.5,20842.5,3.75,3.25,2.75,55.0,10.0,0.5,1.0,1.0,0.25,2024-06-10 19:21:00+00:00,2024-06-10 19:21:00+00:00,2024-06-10 19:22:00+00:00,2024-06-10 19:22:00+00:00,pullback_long_late_8346db7cf1cc,1,market,0.0,1,1,4,32,38965.0
509648,509649,509649,509649,closed,timeout,20805.0,20809.0,20805.25,20808.75,20801.0,20837.0,4.0,3.5,3.0,60.0,10.0,0.5,1.0,1.0,3.5,2024-06-10 19:29:00+00:00,2024-06-10 19:29:00+00:00,2024-06-10 19:30:00+00:00,2024-06-10 19:30:00+00:00,pullback_long_late_8346db7cf1cc,1,market,0.0,1,1,4,32,39025.0
510934,510935,510935,510935,closed,timeout,20849.25,20847.5,20849.5,20847.25,20845.25,20881.25,-1.75,-2.25,-2.75,-55.0,10.0,0.5,1.0,1.0,3.75,2024-06-11 18:10:00+00:00,2024-06-11 18:10:00+00:00,2024-06-11 18:11:00+00:00,2024-06-11 18:11:00+00:00,pullback_long_late_8346db7cf1cc,1,market,0.0,1,1,4,32,38970.0
510936,510937,510937,510937,closed,timeout,20851.75,20860.75,20852.0,20860.5,20847.75,20883.75,9.0,8.5,8.0,160.0,10.0,0.5,1.0,1.0,1.75,2024-06-11 18:12:00+00:00,2024-06-11 18:12:00+00:00,2024-06-11 18:13:00+00:00,2024-06-11 18:13:00+00:00,pullback_long_late_8346db7cf1cc,1,market,0.0,1,1,4,32,39130.0
510945,510946,510946,510946,closed,timeout,20880.75,20892.75,20881.0,20892.5,20876.75,20912.75,12.0,11.5,11.0,220.0,10.0,0.5,1.0,1.0,1.25,2024-06-11 18:21:00+00:00,2024-06-11 18:21:00+00:00,2024-06-11 18:22:00+00:00,2024-06-11 18:22:00+00:00,pullback_long_late_8346db7cf1cc,1,market,0.0,1,1,4,32,39350.0
510970,510971,510971,510971,closed,timeout,20909.5,20906.0,20909.75,20905.75,20905.5,20941.5,-3.5,-4.0,-4.5,-90.0,10.0,0.5,1.0,1.0,4.0,2024-06-11 18:46:00+00:00,2024-06-11 18:46:00+00:00,2024-06-11 18:47:00+00:00,2024-06-11 18:47:00+00:00,pullback_long_late_8346db7cf1cc,1,market,0.0,1,1,4,32,39260.0
510972,510973,510973,510973,closed,timeout,20913.0,20914.25,20913.25,20914.0,20909.0,20945.0,1.25,0.75,0.25,5.0,10.0,0.5,1.0,1.0,2.0,2024-06-11 18:48:00+00:00,2024-06-11 18:48:00+00:00,2024-06-11 18:49:00+00:00,2024-06-11 18:49:00+00:00,pullback_long_late_8346db7cf1cc,1,market,0.0,1,1,4,32,39265.0
511026,511027,511027,511027,closed,timeout,20896.75,20895.25,20897.0,20895.0,20892.75,20928.75,-1.5,-2.0,-2.5,-50.0,10.0,0.5,1.0,1.0,3.0,2024-06-11 19:42:00+00:00,2024-06-11 19:42:00+00:00,2024-06-11 19:43:00+00:00,2024-06-11 19:43:00+00:00,pullback_long_late_8346db7cf1cc,1,market,0.0,1,1,4,32,39215.0
511036,511037,511037,511037,closed,timeout,20898.25,20903.75,20898.5,20903.5,20894.25,20930.25,5.5,5.0,4.5,90.0,10.0,0.5,1.0,1.0,3.75,2024-06-11 19:52:00+00:00,2024-06-11 19:52:00+00:00,2024-06-11 19:53:00+00:00,2024-06-11 19:53:00+00:00,pullback_long_late_8346db7cf1cc,1,market,0.0,1,1,4,32,39305.0
512315,512316,512316,512316,closed,stop,21204.5,21200.5,21204.75,21200.25,21200.5,21236.5,-4.0,-4.5,-5.0,-100.0,10.0,0.5,1.0,1.0,5.75,2024-06-12 18:26:00+00:00,2024-06-12 18:26:00+00:00,2024-06-12 18:27:00+00:00,2024-06-12 18:27:00+00:00,pullback_long_late_8346db7cf1cc,1,market,0.0,1,1,4,32,39205.0
512322,512323,512323,512323,closed,stop,21208.5,21204.5,21208.75,21204.25,21204.5,21240.5,-4.0,-4.5,-5.0,-100.0,10.0,0.5,1.0,1.0,15.75,2024-06-12 18:33:00+00:00,2024-06-12 18:33:00+00:00,2024-06-12 18:34:00+00:00,2024-06-12 18:34:00+00:00,pullback_long_late_8346db7cf1cc,1,market,0.0,1,1,4,32,39105.0
512357,512358,512358,512358,closed,timeout,21217.5,21227.25,21217.75,21227.0,21213.5,21249.5,9.75,9.25,8.75,175.0,10.0,0.5,1.0,1.0,0.5,2024-06-12 19:08:00+00:00,2024-06-12 19:08:00+00:00,2024-06-12 19:09:00+00:00,2024-06-12 19:09:00+00:00,pullback_long_late_8346db7cf1cc,1,market,0.0,1,1,4,32,39280.0
512358,512359,512359,512359,closed,stop,21228.0,21224.0,21228.25,21223.75,21224.0,21260.0,-4.0,-4.5,-5.0,-100.0,10.0,0.5,1.0,1.0,5.25,2024-06-12 19:09:00+00:00,2024-06-12 19:09:00+00:00,2024-06-12 19:10:00+00:00,2024-06-12 19:10:00+00:00,pullback_long_late_8346db7cf1cc,1,market,0.0,1,1,4,32,39180.0
512363,512364,512364,512364,closed,stop,21239.5,21235.5,21239.75,21235.25,21235.5,21271.5,-4.0,-4.5,-5.0,-100.0,10.0,0.5,1.0,1.0,7.0,2024-06-12 19:14:00+00:00,2024-06-12 19:14:00+00:00,2024-06-12 19:15:00+00:00,2024-06-12 19:15:00+00:00,pullback_long_late_8346db7cf1cc,1,market,0.0,1,1,4,32,39080.0
513665,513666,513666,513666,closed,timeout,21280.75,21281.25,21281.0,21281.0,21276.75,21312.75,0.5,0.0,-0.5,-10.0,10.0,0.5,1.0,1.0,1.75,2024-06-13 18:11:00+00:00,2024-06-13 18:11:00+00:00,2024-06-13 18:12:00+00:00,2024-06-13 18:12:00+00:00,pullback_long_late_8346db7cf1cc,1,market,0.0,1,1,4,32,39070.0
513674,513675,513675,513675,closed,timeout,21278.5,21279.5,21278.75,21279.25,21274.5,21310.5,1.0,0.5,0.0,0.0,10.0,0.5,1.0,1.0,1.75,2024-06-13 18:20:00+00:00,2024-06-13 18:20:00+00:00,2024-06-13 18:21:00+00:00,2024-06-13 18:21:00+00:00,pullback_long_late_8346db7cf1cc,1,market,0.0,1,1,4,32,39070.0
513704,513705,513705,513705,closed,stop,21288.25,21284.25,21288.5,21284.0,21284.25,21320.25,-4.0,-4.5,-5.0,-100.0,10.0,0.5,1.0,1.0,4.25,2024-06-13 18:50:00+00:00,2024-06-13 18:50:00+00:00,2024-06-13 18:51:00+00:00,2024-06-13 18:51:00+00:00,pullback_long_late_8346db7cf1cc,1,market,0.0,1,1,4,32,38970.0
513767,513768,513768,513768,closed,stop,21304.5,21300.5,21304.75,21300.25,21300.5,21336.5,-4.0,-4.5,-5.0,-100.0,10.0,0.5,1.0,1.0,13.0,2024-06-13 19:53:00+00:00,2024-06-13 19:53:00+00:00,2024-06-13 19:54:00+00:00,2024-06-13 19:54:00+00:00,pullback_long_late_8346db7cf1cc,1,market,0.0,1,1,4,32,38870.0
513769,513770,513770,513770,closed,timeout,21302.75,21311.0,21303.0,21310.75,21298.75,21334.75,8.25,7.75,7.25,145.0,10.0,0.5,1.0,1.0,2.0,2024-06-13 19:55:00+00:00,2024-06-13 19:55:00+00:00,2024-06-13 19:56:00+00:00,2024-06-13 19:56:00+00:00,pullback_long_late_8346db7cf1cc,1,market,0.0,1,1,4,32,39015.0
515078,515079,515079,515079,closed,timeout,21361.75,21359.25,21362.0,21359.0,21357.75,21393.75,-2.5,-3.0,-3.5,-70.0,10.0,0.5,1.0,1.0,3.25,2024-06-14 18:59:00+00:00,2024-06-14 18:59:00+00:00,2024-06-14 19:00:00+00:00,2024-06-14 19:00:00+00:00,pullback_long_late_8346db7cf1cc,1,market,0.0,1,1,4,32,38945.0
516388,516389,516389,516389,closed,timeout,21686.0,21687.5,21686.25,21687.25,21682.0,21718.0,1.5,1.0,0.5,10.0,10.0,0.5,1.0,1.0,0.5,2024-06-17 18:06:00+00:00,2024-06-17 18:06:00+00:00,2024-06-17 18:07:00+00:00,2024-06-17 18:07:00+00:00,pullback_long_late_8346db7cf1cc,1,market,0.0,1,1,4,32,38955.0
516395,516396,516396,516396,closed,stop,21690.25,21686.25,21690.5,21686.0,21686.25,21722.25,-4.0,-4.5,-5.0,-100.0,10.0,0.5,1.0,1.0,9.5,2024-06-17 18:13:00+00:00,2024-06-17 18:13:00+00:00,2024-06-17 18:14:00+00:00,2024-06-17 18:14:00+00:00,pullback_long_late_8346db7cf1cc,1,market,0.0,1,1,4,32,38855.0
516424,516425,516425,516425,closed,stop,21671.0,21667.0,21671.25,21666.75,21667.0,21703.0,-4.0,-4.5,-5.0,-100.0,10.0,0.5,1.0,1.0,12.5,2024-06-17 18:42:00+00:00,2024-06-17 18:42:00+00:00,2024-06-17 18:43:00+00:00,2024-06-17 18:43:00+00:00,pullback_long_late_8346db7cf1cc,1,market,0.0,1,1,4,32,38755.0
516466,516467,516467,516467,closed,timeout,21685.75,21689.0,21686.0,21688.75,21681.75,21717.75,3.25,2.75,2.25,45.0,10.0,0.5,1.0,1.0,0.5,2024-06-17 19:24:00+00:00,2024-06-17 19:24:00+00:00,2024-06-17 19:25:00+00:00,2024-06-17 19:25:00+00:00,pullback_long_late_8346db7cf1cc,1,market,0.0,1,1,4,32,38800.0
516467,516468,516468,516468,closed,timeout,21689.0,21690.0,21689.25,21689.75,21685.0,21721.0,1.0,0.5,0.0,0.0,10.0,0.5,1.0,1.0,0.75,2024-06-17 19:25:00+00:00,2024-06-17 19:25:00+00:00,2024-06-17 19:26:00+00:00,2024-06-17 19:26:00+00:00,pullback_long_late_8346db7cf1cc,1,market,0.0,1,1,4,32,38800.0
517793,517794,517794,517794,closed,timeout,21616.5,21618.5,21616.75,21618.25,21612.5,21648.5,2.0,1.5,1.0,20.0,10.0,0.5,1.0,1.0,1.0,2024-06-18 18:46:00+00:00,2024-06-18 18:46:00+00:00,2024-06-18 18:47:00+00:00,2024-06-18 18:47:00+00:00,pullback_long_late_8346db7cf1cc,1,market,0.0,1,1,4,32,38820.0
517804,517805,517805,517805,closed,timeout,21621.75,21627.0,21622.0,21626.75,21617.75,21653.75,5.25,4.75,4.25,85.0,10.0,0.5,1.0,1.0,0.75,2024-06-18 18:57:00+00:00,2024-06-18 18:57:00+00:00,2024-06-18 18:58:00+00:00,2024-06-18 18:58:00+00:00,pullback_long_late_8346db7cf1cc,1,market,0.0,1,1,4,32,38905.0
517813,517814,517814,517814,closed,stop,21624.25,21620.25,21624.5,21620.0,21620.25,21656.25,-4.0,-4.5,-5.0,-100.0,10.0,0.5,1.0,1.0,5.75,2024-06-18 19:06:00+00:00,2024-06-18 19:06:00+00:00,2024-06-18 19:07:00+00:00,2024-06-18 19:07:00+00:00,pullback_long_late_8346db7cf1cc,1,market,0.0,1,1,4,32,38805.0
517830,517831,517831,517831,closed,timeout,21630.75,21629.25,21631.0,21629.0,21626.75,21662.75,-1.5,-2.0,-2.5,-50.0,10.0,0.5,1.0,1.0,2.5,2024-06-18 19:23:00+00:00,2024-06-18 19:23:00+00:00,2024-06-18 19:24:00+00:00,2024-06-18 19:24:00+00:00,pullback_long_late_8346db7cf1cc,1,market,0.0,1,1,4,32,38755.0
517835,517836,517836,517836,closed,stop,21632.75,21628.75,21633.0,21628.5,21628.75,21664.75,-4.0,-4.5,-5.0,-100.0,10.0,0.5,1.0,1.0,5.75,2024-06-18 19:28:00+00:00,2024-06-18 19:28:00+00:00,2024-06-18 19:29:00+00:00,2024-06-18 19:29:00+00:00,pullback_long_late_8346db7cf1cc,1,market,0.0,1,1,4,32,38655.0
517840,517841,517841,517841,closed,timeout,21627.5,21627.0,21627.75,21626.75,21623.5,21659.5,-0.5,-1.0,-1.5,-30.0,10.0,0.5,1.0,1.0,1.75,2024-06-18 19:33:00+00:00,2024-06-18 19:33:00+00:00,2024-06-18 19:34:00+00:00,2024-06-18 19:34:00+00:00,pullback_long_late_8346db7cf1cc,1,market,0.0,1,1,4,32,38625.0
517866,517867,517867,517867,closed,stop,21636.75,21632.75,21637.0,21632.5,21632.75,21668.75,-4.0,-4.5,-5.0,-100.0,10.0,0.5,1.0,1.0,15.25,2024-06-18 19:59:00+00:00,2024-06-18 19:59:00+00:00,2024-06-18 20:00:00+00:00,2024-06-18 20:00:00+00:00,pullback_long_late_8346db7cf1cc,1,market,0.0,1,1,4,32,38525.0
520267,520268,520268,520268,closed,timeout,21485.75,21495.5,21486.0,21495.25,21481.75,21517.75,9.75,9.25,8.75,175.0,10.0,0.5,1.0,1.0,1.5,2024-06-20 18:15:00+00:00,2024-06-20 18:15:00+00:00,2024-06-20 18:16:00+00:00,2024-06-20 18:16:00+00:00,pullback_long_late_8346db7cf1cc,1,market,0.0,1,1,4,32,38700.0
520268,520269,520269,520269,closed,timeout,21495.5,21497.5,21495.75,21497.25,21491.5,21527.5,2.0,1.5,1.0,20.0,10.0,0.5,1.0,1.0,2.0,2024-06-20 18:16:00+00:00,2024-06-20 18:16:00+00:00,2024-06-20 18:17:00+00:00,2024-06-20 18:17:00+00:00,pullback_long_late_8346db7cf1cc,1,market,0.0,1,1,4,32,38720.0
520274,520275,520275,520275,closed,stop,21495.75,21491.75,21496.0,21491.5,21491.75,21527.75,-4.0,-4.5,-5.0,-100.0,10.0,0.5,1.0,1.0,4.5,2024-06-20 18:22:00+00:00,2024-06-20 18:22:00+00:00,2024-06-20 18:23:00+00:00,2024-06-20 18:23:00+00:00,pullback_long_late_8346db7cf1cc,1,market,0.0,1,1,4,32,38620.0
520353,520354,520354,520354,closed,timeout,21464.0,21478.0,21464.25,21477.75,21460.0,21496.0,14.0,13.5,13.0,260.0,10.0,0.5,1.0,1.0,1.0,2024-06-20 19:41:00+00:00,2024-06-20 19:41:00+00:00,2024-06-20 19:42:00+00:00,2024-06-20 19:42:00+00:00,pullback_long_late_8346db7cf1cc,1,market,0.0,1,1,4,32,38880.0
520356,520357,520357,520357,closed,timeout,21470.25,21482.5,21470.5,21482.25,21466.25,21502.25,12.25,11.75,11.25,225.0,10.0,0.5,1.0,1.0,0.5,2024-06-20 19:44:00+00:00,2024-06-20 19:44:00+00:00,2024-06-20 19:45:00+00:00,2024-06-20 19:45:00+00:00,pullback_long_late_8346db7cf1cc,1,market,0.0,1,1,4,32,39105.0
520360,520361,520361,520361,closed,stop,21488.5,21484.5,21488.75,21484.25,21484.5,21520.5,-4.0,-4.5,-5.0,-100.0,10.0,0.5,1.0,1.0,7.75,2024-06-20 19:48:00+00:00,2024-06-20 19:48:00+00:00,2024-06-20 19:49:00+00:00,2024-06-20 19:49:00+00:00,pullback_long_late_8346db7cf1cc,1,market,0.0,1,1,4,32,39005.0
520363,520364,520364,520364,closed,stop,21490.25,21486.25,21490.5,21486.0,21486.25,21522.25,-4.0,-4.5,-5.0,-100.0,10.0,0.5,1.0,1.0,6.0,2024-06-20 19:51:00+00:00,2024-06-20 19:51:00+00:00,2024-06-20 19:52:00+00:00,2024-06-20 19:52:00+00:00,pullback_long_late_8346db7cf1cc,1,market,0.0,1,1,4,32,38905.0
521618,521619,521619,521619,closed,stop,21399.25,21395.25,21399.5,21395.0,21395.25,21431.25,-4.0,-4.5,-5.0,-100.0,10.0,0.5,1.0,1.0,6.25,2024-06-21 18:01:00+00:00,2024-06-21 18:01:00+00:00,2024-06-21 18:02:00+00:00,2024-06-21 18:02:00+00:00,pullback_long_late_8346db7cf1cc,1,market,0.0,1,1,4,32,38805.0
521620,521621,521621,521621,closed,stop,21400.25,21396.25,21400.5,21396.0,21396.25,21432.25,-4.0,-4.5,-5.0,-100.0,10.0,0.5,1.0,1.0,5.5,2024-06-21 18:03:00+00:00,2024-06-21 18:03:00+00:00,2024-06-21 18:04:00+00:00,2024-06-21 18:04:00+00:00,pullback_long_late_8346db7cf1cc,1,market,0.0,1,1,4,32,38705.0
521638,521639,521639,521639,closed,timeout,21423.25,21422.0,21423.5,21421.75,21419.25,21455.25,-1.25,-1.75,-2.25,-45.0,10.0,0.5,1.0,1.0,2.5,2024-06-21 18:21:00+00:00,2024-06-21 18:21:00+00:00,2024-06-21 18:22:00+00:00,2024-06-21 18:22:00+00:00,pullback_long_late_8346db7cf1cc,1,market,0.0,1,1,4,32,38660.0
521642,521643,521643,521643,closed,timeout,21420.25,21424.25,21420.5,21424.0,21416.25,21452.25,4.0,3.5,3.0,60.0,10.0,0.5,1.0,1.0,3.0,2024-06-21 18:25:00+00:00,2024-06-21 18:25:00+00:00,2024-06-21 18:26:00+00:00,2024-06-21 18:26:00+00:00,pullback_long_late_8346db7cf1cc,1,market,0.0,1,1,4,32,38720.0
521649,521650,521650,521650,closed,timeout,21430.0,21427.5,21430.25,21427.25,21426.0,21462.0,-2.5,-3.0,-3.5,-70.0,10.0,0.5,1.0,1.0,4.0,2024-06-21 18:32:00+00:00,2024-06-21 18:32:00+00:00,2024-06-21 18:33:00+00:00,2024-06-21 18:33:00+00:00,pullback_long_late_8346db7cf1cc,1,market,0.0,1,1,4,32,38650.0
521688,521689,521689,521689,closed,timeout,21429.25,21435.25,21429.5,21435.0,21425.25,21461.25,6.0,5.5,5.0,100.0,10.0,0.5,1.0,1.0,0.25,2024-06-21 19:11:00+00:00,2024-06-21 19:11:00+00:00,2024-06-21 19:12:00+00:00,2024-06-21 19:12:00+00:00,pullback_long_late_8346db7cf1cc,1,market,0.0,1,1,4,32,38750.0
521700,521701,521701,521701,closed,timeout,21433.25,21440.0,21433.5,21439.75,21429.25,21465.25,6.75,6.25,5.75,115.0,10.0,0.5,1.0,1.0,0.5,2024-06-21 19:23:00+00:00,2024-06-21 19:23:00+00:00,2024-06-21 19:24:00+00:00,2024-06-21 19:24:00+00:00,pullback_long_late_8346db7cf1cc,1,market,0.0,1,1,4,32,38865.0
523033,523034,523034,523034,closed,stop,21254.75,21250.75,21255.0,21250.5,21250.75,21286.75,-4.0,-4.5,-5.0,-100.0,10.0,0.5,1.0,1.0,5.75,2024-06-24 18:54:00+00:00,2024-06-24 18:54:00+00:00,2024-06-24 18:55:00+00:00,2024-06-24 18:55:00+00:00,pullback_long_late_8346db7cf1cc,1,market,0.0,1,1,4,32,38765.0
523050,523051,523051,523051,closed,stop,21280.25,21276.25,21280.5,21276.0,21276.25,21312.25,-4.0,-4.5,-5.0,-100.0,10.0,0.5,1.0,1.0,4.5,2024-06-24 19:11:00+00:00,2024-06-24 19:11:00+00:00,2024-06-24 19:12:00+00:00,2024-06-24 19:12:00+00:00,pullback_long_late_8346db7cf1cc,1,market,0.0,1,1,4,32,38665.0
523053,523054,523054,523054,closed,stop,21277.0,21273.0,21277.25,21272.75,21273.0,21309.0,-4.0,-4.5,-5.0,-100.0,10.0,0.5,1.0,1.0,7.0,2024-06-24 19:14:00+00:00,2024-06-24 19:14:00+00:00,2024-06-24 19:15:00+00:00,2024-06-24 19:15:00+00:00,pullback_long_late_8346db7cf1cc,1,market,0.0,1,1,4,32,38565.0
524360,524361,524361,524361,closed,timeout,21371.75,21374.25,21372.0,21374.0,21367.75,21403.75,2.5,2.0,1.5,30.0,10.0,0.5,1.0,1.0,2.5,2024-06-25 18:16:00+00:00,2024-06-25 18:16:00+00:00,2024-06-25 18:17:00+00:00,2024-06-25 18:17:00+00:00,pullback_long_late_8346db7cf1cc,1,market,0.0,1,1,4,32,38595.0
524361,524362,524362,524362,closed,timeout,21375.0,21373.0,21375.25,21372.75,21371.0,21407.0,-2.0,-2.5,-3.0,-60.0,10.0,0.5,1.0,1.0,4.0,2024-06-25 18:17:00+00:00,2024-06-25 18:17:00+00:00,2024-06-25 18:18:00+00:00,2024-06-25 18:18:00+00:00,pullback_long_late_8346db7cf1cc,1,market,0.0,1,1,4,32,38535.0
524367,524368,524368,524368,closed,timeout,21369.0,21371.25,21369.25,21371.0,21365.0,21401.0,2.25,1.75,1.25,25.0,10.0,0.5,1.0,1.0,0.75,2024-06-25 18:23:00+00:00,2024-06-25 18:23:00+00:00,2024-06-25 18:24:00+00:00,2024-06-25 18:24:00+00:00,pullback_long_late_8346db7cf1cc,1,market,0.0,1,1,4,32,38560.0
524368,524369,524369,524369,closed,timeout,21371.25,21372.5,21371.5,21372.25,21367.25,21403.25,1.25,0.75,0.25,5.0,10.0,0.5,1.0,1.0,0.75,2024-06-25 18:24:00+00:00,2024-06-25 18:24:00+00:00,2024-06-25 18:25:00+00:00,2024-06-25 18:25:00+00:00,pullback_long_late_8346db7cf1cc,1,market,0.0,1,1,4,32,38565.0
524437,524438,524438,524438,closed,timeout,21400.75,21399.5,21401.0,21399.25,21396.75,21432.75,-1.25,-1.75,-2.25,-45.0,10.0,0.5,1.0,1.0,2.5,2024-06-25 19:33:00+00:00,2024-06-25 19:33:00+00:00,2024-06-25 19:34:00+00:00,2024-06-25 19:34:00+00:00,pullback_long_late_8346db7cf1cc,1,market,0.0,1,1,4,32,38520.0
524442,524443,524443,524443,closed,timeout,21396.5,21398.0,21396.75,21397.75,21392.5,21428.5,1.5,1.0,0.5,10.0,10.0,0.5,1.0,1.0,1.25,2024-06-25 19:38:00+00:00,2024-06-25 19:38:00+00:00,2024-06-25 19:39:00+00:00,2024-06-25 19:39:00+00:00,pullback_long_late_8346db7cf1cc,1,market,0.0,1,1,4,32,38530.0
525733,525734,525734,525734,closed,timeout,21402.75,21409.75,21403.0,21409.5,21398.75,21434.75,7.0,6.5,6.0,120.0,10.0,0.5,1.0,1.0,0.5,2024-06-26 18:24:00+00:00,2024-06-26 18:24:00+00:00,2024-06-26 18:25:00+00:00,2024-06-26 18:25:00+00:00,pullback_long_late_8346db7cf1cc,1,market,0.0,1,1,4,32,38650.0
525820,525821,525821,525821,closed,stop,21412.25,21408.25,21412.5,21408.0,21408.25,21444.25,-4.0,-4.5,-5.0,-100.0,10.0,0.5,1.0,1.0,7.75,2024-06-26 19:51:00+00:00,2024-06-26 19:51:00+00:00,2024-06-26 19:52:00+00:00,2024-06-26 19:52:00+00:00,pullback_long_late_8346db7cf1cc,1,market,0.0,1,1,4,32,38550.0
527113,527114,527114,527114,closed,stop,21444.5,21440.5,21444.75,21440.25,21440.5,21476.5,-4.0,-4.5,-5.0,-100.0,10.0,0.5,1.0,1.0,5.25,2024-06-27 18:39:00+00:00,2024-06-27 18:39:00+00:00,2024-06-27 18:40:00+00:00,2024-06-27 18:40:00+00:00,pullback_long_late_8346db7cf1cc,1,market,0.0,1,1,4,32,38450.0
527133,527134,527134,527134,closed,timeout,21473.5,21476.5,21473.75,21476.25,21469.5,21505.5,3.0,2.5,2.0,40.0,10.0,0.5,1.0,1.0,0.25,2024-06-27 18:59:00+00:00,2024-06-27 18:59:00+00:00,2024-06-27 19:00:00+00:00,2024-06-27 19:00:00+00:00,pullback_long_late_8346db7cf1cc,1,market,0.0,1,1,4,32,38490.0
528446,528447,528447,528447,closed,stop,21485.0,21481.0,21485.25,21480.75,21481.0,21517.0,-4.0,-4.5,-5.0,-100.0,10.0,0.5,1.0,1.0,5.25,2024-06-28 18:07:00+00:00,2024-06-28 18:07:00+00:00,2024-06-28 18:08:00+00:00,2024-06-28 18:08:00+00:00,pullback_long_late_8346db7cf1cc,1,market,0.0,1,1,4,32,38390.0
528449,528450,528450,528450,closed,stop,21485.75,21481.75,21486.0,21481.5,21481.75,21517.75,-4.0,-4.5,-5.0,-100.0,10.0,0.5,1.0,1.0,4.5,2024-06-28 18:10:00+00:00,2024-06-28 18:10:00+00:00,2024-06-28 18:11:00+00:00,2024-06-28 18:11:00+00:00,pullback_long_late_8346db7cf1cc,1,market,0.0,1,1,4,32,38290.0
529819,529820,529820,529820,closed,timeout,21463.5,21475.0,21463.75,21474.75,21459.5,21495.5,11.5,11.0,10.5,210.0,10.0,0.5,1.0,1.0,0.25,2024-07-01 18:15:00+00:00,2024-07-01 18:15:00+00:00,2024-07-01 18:16:00+00:00,2024-07-01 18:16:00+00:00,pullback_long_late_8346db7cf1cc,1,market,0.0,1,1,4,32,38500.0
529856,529857,529857,529857,closed,stop,21442.25,21438.25,21442.5,21438.0,21438.25,21474.25,-4.0,-4.5,-5.0,-100.0,10.0,0.5,1.0,1.0,8.0,2024-07-01 18:52:00+00:00,2024-07-01 18:52:00+00:00,2024-07-01 18:53:00+00:00,2024-07-01 18:53:00+00:00,pullback_long_late_8346db7cf1cc,1,market,0.0,1,1,4,32,38400.0
529884,529885,529885,529885,closed,stop,21462.75,21458.75,21463.0,21458.5,21458.75,21494.75,-4.0,-4.5,-5.0,-100.0,10.0,0.5,1.0,1.0,10.5,2024-07-01 19:20:00+00:00,2024-07-01 19:20:00+00:00,2024-07-01 19:21:00+00:00,2024-07-01 19:21:00+00:00,pullback_long_late_8346db7cf1cc,1,market,0.0,1,1,4,32,38300.0
529913,529914,529914,529914,closed,stop,21451.0,21447.0,21451.25,21446.75,21447.0,21483.0,-4.0,-4.5,-5.0,-100.0,10.0,0.5,1.0,1.0,5.25,2024-07-01 19:49:00+00:00,2024-07-01 19:49:00+00:00,2024-07-01 19:50:00+00:00,2024-07-01 19:50:00+00:00,pullback_long_late_8346db7cf1cc,1,market,0.0,1,1,4,32,38200.0
531180,531181,531181,531181,closed,timeout,21647.0,21652.25,21647.25,21652.0,21643.0,21679.0,5.25,4.75,4.25,85.0,10.0,0.5,1.0,1.0,2.75,2024-07-02 18:11:00+00:00,2024-07-02 18:11:00+00:00,2024-07-02 18:12:00+00:00,2024-07-02 18:12:00+00:00,pullback_long_late_8346db7cf1cc,1,market,0.0,1,1,4,32,38285.0
531197,531198,531198,531198,closed,timeout,21655.25,21655.5,21655.5,21655.25,21651.25,21687.25,0.25,-0.25,-0.75,-15.0,10.0,0.5,1.0,1.0,2.5,2024-07-02 18:28:00+00:00,2024-07-02 18:28:00+00:00,2024-07-02 18:29:00+00:00,2024-07-02 18:29:00+00:00,pullback_long_late_8346db7cf1cc,1,market,0.0,1,1,4,32,38270.0
531225,531226,531226,531226,closed,timeout,21669.0,21669.75,21669.25,21669.5,21665.0,21701.0,0.75,0.25,-0.25,-5.0,10.0,0.5,1.0,1.0,1.0,2024-07-02 18:56:00+00:00,2024-07-02 18:56:00+00:00,2024-07-02 18:57:00+00:00,2024-07-02 18:57:00+00:00,pullback_long_late_8346db7cf1cc,1,market,0.0,1,1,4,32,38265.0
531230,531231,531231,531231,closed,timeout,21662.5,21661.75,21662.75,21661.5,21658.5,21694.5,-0.75,-1.25,-1.75,-35.0,10.0,0.5,1.0,1.0,4.0,2024-07-02 19:01:00+00:00,2024-07-02 19:01:00+00:00,2024-07-02 19:02:00+00:00,2024-07-02 19:02:00+00:00,pullback_long_late_8346db7cf1cc,1,market,0.0,1,1,4,32,38230.0
531265,531266,531266,531266,closed,timeout,21663.0,21662.0,21663.25,21661.75,21659.0,21695.0,-1.0,-1.5,-2.0,-40.0,10.0,0.5,1.0,1.0,1.75,2024-07-02 19:36:00+00:00,2024-07-02 19:36:00+00:00,2024-07-02 19:37:00+00:00,2024-07-02 19:37:00+00:00,pullback_long_late_8346db7cf1cc,1,market,0.0,1,1,4,32,38190.0
534884,534885,534885,534885,closed,timeout,22057.0,22058.5,22057.25,22058.25,22053.0,22089.0,1.5,1.0,0.5,10.0,10.0,0.5,1.0,1.0,2.25,2024-07-05 19:14:00+00:00,2024-07-05 19:14:00+00:00,2024-07-05 19:15:00+00:00,2024-07-05 19:15:00+00:00,pullback_long_late_8346db7cf1cc,1,market,0.0,1,1,4,32,38200.0
534890,534891,534891,534891,closed,timeout,22054.5,22058.75,22054.75,22058.5,22050.5,22086.5,4.25,3.75,3.25,65.0,10.0,0.5,1.0,1.0,2.75,2024-07-05 19:20:00+00:00,2024-07-05 19:20:00+00:00,2024-07-05 19:21:00+00:00,2024-07-05 19:21:00+00:00,pullback_long_late_8346db7cf1cc,1,market,0.0,1,1,4,32,38265.0
536237,536238,536238,536238,closed,stop,22076.75,22072.75,22077.0,22072.5,22072.75,22108.75,-4.0,-4.5,-5.0,-100.0,10.0,0.5,1.0,1.0,5.5,2024-07-08 19:02:00+00:00,2024-07-08 19:02:00+00:00,2024-07-08 19:03:00+00:00,2024-07-08 19:03:00+00:00,pullback_long_late_8346db7cf1cc,1,market,0.0,1,1,4,32,38165.0
536239,536240,536240,536240,closed,stop,22077.0,22073.0,22077.25,22072.75,22073.0,22109.0,-4.0,-4.5,-5.0,-100.0,10.0,0.5,1.0,1.0,6.5,2024-07-08 19:04:00+00:00,2024-07-08 19:04:00+00:00,2024-07-08 19:05:00+00:00,2024-07-08 19:05:00+00:00,pullback_long_late_8346db7cf1cc,1,market,0.0,1,1,4,32,38065.0
536242,536243,536243,536243,closed,timeout,22070.75,22069.75,22071.0,22069.5,22066.75,22102.75,-1.0,-1.5,-2.0,-40.0,10.0,0.5,1.0,1.0,1.75,2024-07-08 19:07:00+00:00,2024-07-08 19:07:00+00:00,2024-07-08 19:08:00+00:00,2024-07-08 19:08:00+00:00,pullback_long_late_8346db7cf1cc,1,market,0.0,1,1,4,32,38025.0
536244,536245,536245,536245,closed,timeout,22071.0,22070.25,22071.25,22070.0,22067.0,22103.0,-0.75,-1.25,-1.75,-35.0,10.0,0.5,1.0,1.0,3.5,2024-07-08 19:09:00+00:00,2024-07-08 19:09:00+00:00,2024-07-08 19:10:00+00:00,2024-07-08 19:10:00+00:00,pullback_long_late_8346db7cf1cc,1,market,0.0,1,1,4,32,37990.0
536287,536288,536288,536288,closed,timeout,22084.75,22087.5,22085.0,22087.25,22080.75,22116.75,2.75,2.25,1.75,35.0,10.0,0.5,1.0,1.0,3.75,2024-07-08 19:52:00+00:00,2024-07-08 19:52:00+00:00,2024-07-08 19:53:00+00:00,2024-07-08 19:53:00+00:00,pullback_long_late_8346db7cf1cc,1,market,0.0,1,1,4,32,38025.0
537546,537547,537547,537547,closed,timeout,22083.0,22085.75,22083.25,22085.5,22079.0,22115.0,2.75,2.25,1.75,35.0,10.0,0.5,1.0,1.0,0.25,2024-07-09 18:07:00+00:00,2024-07-09 18:07:00+00:00,2024-07-09 18:08:00+00:00,2024-07-09 18:08:00+00:00,pullback_long_late_8346db7cf1cc,1,market,0.0,1,1,4,32,38060.0
537547,537548,537548,537548,closed,timeout,22085.5,22090.0,22085.75,22089.75,22081.5,22117.5,4.5,4.0,3.5,70.0,10.0,0.5,1.0,1.0,0.25,2024-07-09 18:08:00+00:00,2024-07-09 18:08:00+00:00,2024-07-09 18:09:00+00:00,2024-07-09 18:09:00+00:00,pullback_long_late_8346db7cf1cc,1,market,0.0,1,1,4,32,38130.0
537562,537563,537563,537563,closed,stop,22097.25,22093.25,22097.5,22093.0,22093.25,22129.25,-4.0,-4.5,-5.0,-100.0,10.0,0.5,1.0,1.0,6.25,2024-07-09 18:23:00+00:00,2024-07-09 18:23:00+00:00,2024-07-09 18:24:00+00:00,2024-07-09 18:24:00+00:00,pullback_long_late_8346db7cf1cc,1,market,0.0,1,1,4,32,38030.0
537591,537592,537592,537592,closed,stop,22098.25,22094.25,22098.5,22094.0,22094.25,22130.25,-4.0,-4.5,-5.0,-100.0,10.0,0.5,1.0,1.0,6.0,2024-07-09 18:52:00+00:00,2024-07-09 18:52:00+00:00,2024-07-09 18:53:00+00:00,2024-07-09 18:53:00+00:00,pullback_long_late_8346db7cf1cc,1,market,0.0,1,1,4,32,37930.0
537612,537613,537613,537613,closed,timeout,22104.25,22107.0,22104.5,22106.75,22100.25,22136.25,2.75,2.25,1.75,35.0,10.0,0.5,1.0,1.0,1.5,2024-07-09 19:13:00+00:00,2024-07-09 19:13:00+00:00,2024-07-09 19:14:00+00:00,2024-07-09 19:14:00+00:00,pullback_long_late_8346db7cf1cc,1,market,0.0,1,1,4,32,37965.0
537653,537654,537654,537654,closed,stop,22111.75,22107.75,22112.0,22107.5,22107.75,22143.75,-4.0,-4.5,-5.0,-100.0,10.0,0.5,1.0,1.0,4.25,2024-07-09 19:54:00+00:00,2024-07-09 19:54:00+00:00,2024-07-09 19:55:00+00:00,2024-07-09 19:55:00+00:00,pullback_long_late_8346db7cf1cc,1,market,0.0,1,1,4,32,37865.0
538904,538905,538905,538905,closed,stop,22307.5,22303.5,22307.75,22303.25,22303.5,22339.5,-4.0,-4.5,-5.0,-100.0,10.0,0.5,1.0,1.0,4.25,2024-07-10 18:00:00+00:00,2024-07-10 18:00:00+00:00,2024-07-10 18:01:00+00:00,2024-07-10 18:01:00+00:00,pullback_long_late_8346db7cf1cc,1,market,0.0,1,1,4,32,37765.0
538921,538922,538922,538922,closed,stop,22308.75,22304.75,22309.0,22304.5,22304.75,22340.75,-4.0,-4.5,-5.0,-100.0,10.0,0.5,1.0,1.0,4.5,2024-07-10 18:17:00+00:00,2024-07-10 18:17:00+00:00,2024-07-10 18:18:00+00:00,2024-07-10 18:18:00+00:00,pullback_long_late_8346db7cf1cc,1,market,0.0,1,1,4,32,37665.0
538959,538960,538960,538960,closed,stop,22319.0,22315.0,22319.25,22314.75,22315.0,22351.0,-4.0,-4.5,-5.0,-100.0,10.0,0.5,1.0,1.0,7.0,2024-07-10 18:55:00+00:00,2024-07-10 18:55:00+00:00,2024-07-10 18:56:00+00:00,2024-07-10 18:56:00+00:00,pullback_long_late_8346db7cf1cc,1,market,0.0,1,1,4,32,37565.0
538961,538962,538962,538962,closed,timeout,22316.0,22314.5,22316.25,22314.25,22312.0,22348.0,-1.5,-2.0,-2.5,-50.0,10.0,0.5,1.0,1.0,3.0,2024-07-10 18:57:00+00:00,2024-07-10 18:57:00+00:00,2024-07-10 18:58:00+00:00,2024-07-10 18:58:00+00:00,pullback_long_late_8346db7cf1cc,1,market,0.0,1,1,4,32,37515.0
538990,538991,538991,538991,closed,timeout,22296.0,22300.75,22296.25,22300.5,22292.0,22328.0,4.75,4.25,3.75,75.0,10.0,0.5,1.0,1.0,2.5,2024-07-10 19:26:00+00:00,2024-07-10 19:26:00+00:00,2024-07-10 19:27:00+00:00,2024-07-10 19:27:00+00:00,pullback_long_late_8346db7cf1cc,1,market,0.0,1,1,4,32,37590.0
538996,538997,538997,538997,closed,timeout,22302.5,22306.75,22302.75,22306.5,22298.5,22334.5,4.25,3.75,3.25,65.0,10.0,0.5,1.0,1.0,0.75,2024-07-10 19:32:00+00:00,2024-07-10 19:32:00+00:00,2024-07-10 19:33:00+00:00,2024-07-10 19:33:00+00:00,pullback_long_late_8346db7cf1cc,1,market,0.0,1,1,4,32,37655.0
539002,539003,539003,539003,closed,timeout,22312.0,22315.75,22312.25,22315.5,22308.0,22344.0,3.75,3.25,2.75,55.0,10.0,0.5,1.0,1.0,0.75,2024-07-10 19:38:00+00:00,2024-07-10 19:38:00+00:00,2024-07-10 19:39:00+00:00,2024-07-10 19:39:00+00:00,pullback_long_late_8346db7cf1cc,1,market,0.0,1,1,4,32,37710.0
539010,539011,539011,539011,closed,timeout,22319.5,22323.75,22319.75,22323.5,22315.5,22351.5,4.25,3.75,3.25,65.0,10.0,0.5,1.0,1.0,1.25,2024-07-10 19:46:00+00:00,2024-07-10 19:46:00+00:00,2024-07-10 19:47:00+00:00,2024-07-10 19:47:00+00:00,pullback_long_late_8346db7cf1cc,1,market,0.0,1,1,4,32,37775.0
539022,539023,539023,539023,closed,stop,22345.0,22341.0,22345.25,22340.75,22341.0,22377.0,-4.0,-4.5,-5.0,-100.0,10.0,0.5,1.0,1.0,7.0,2024-07-10 19:58:00+00:00,2024-07-10 19:58:00+00:00,2024-07-10 19:59:00+00:00,2024-07-10 19:59:00+00:00,pullback_long_late_8346db7cf1cc,1,market,0.0,1,1,4,32,37675.0
540296,540297,540297,540297,closed,stop,21854.0,21850.0,21854.25,21849.75,21850.0,21886.0,-4.0,-4.5,-5.0,-100.0,10.0,0.5,1.0,1.0,5.25,2024-07-11 18:27:00+00:00,2024-07-11 18:27:00+00:00,2024-07-11 18:28:00+00:00,2024-07-11 18:28:00+00:00,pullback_long_late_8346db7cf1cc,1,market,0.0,1,1,4,32,37575.0
540298,540299,540299,540299,closed,stop,21856.5,21852.5,21856.75,21852.25,21852.5,21888.5,-4.0,-4.5,-5.0,-100.0,10.0,0.5,1.0,1.0,17.75,2024-07-11 18:29:00+00:00,2024-07-11 18:29:00+00:00,2024-07-11 18:30:00+00:00,2024-07-11 18:30:00+00:00,pullback_long_late_8346db7cf1cc,1,market,0.0,1,1,4,32,37475.0
540306,540307,540307,540307,closed,timeout,21886.25,21886.75,21886.5,21886.5,21882.25,21918.25,0.5,0.0,-0.5,-10.0,10.0,0.5,1.0,1.0,3.0,2024-07-11 18:37:00+00:00,2024-07-11 18:37:00+00:00,2024-07-11 18:38:00+00:00,2024-07-11 18:38:00+00:00,pullback_long_late_8346db7cf1cc,1,market,0.0,1,1,4,32,37465.0
540311,540312,540312,540312,closed,timeout,21890.25,21890.0,21890.5,21889.75,21886.25,21922.25,-0.25,-0.75,-1.25,-25.0,10.0,0.5,1.0,1.0,0.5,2024-07-11 18:42:00+00:00,2024-07-11 18:42:00+00:00,2024-07-11 18:43:00+00:00,2024-07-11 18:43:00+00:00,pullback_long_late_8346db7cf1cc,1,market,0.0,1,1,4,32,37440.0
540320,540321,540321,540321,closed,stop,21897.5,21893.5,21897.75,21893.25,21893.5,21929.5,-4.0,-4.5,-5.0,-100.0,10.0,0.5,1.0,1.0,21.25,2024-07-11 18:51:00+00:00,2024-07-11 18:51:00+00:00,2024-07-11 18:52:00+00:00,2024-07-11 18:52:00+00:00,pullback_long_late_8346db7cf1cc,1,market,0.0,1,1,4,32,37340.0
540338,540339,540339,540339,closed,stop,21920.5,21916.5,21920.75,21916.25,21916.5,21952.5,-4.0,-4.5,-5.0,-100.0,10.0,0.5,1.0,1.0,9.75,2024-07-11 19:09:00+00:00,2024-07-11 19:09:00+00:00,2024-07-11 19:10:00+00:00,2024-07-11 19:10:00+00:00,pullback_long_late_8346db7cf1cc,1,market,0.0,1,1,4,32,37240.0
540343,540344,540344,540344,closed,stop,21910.25,21906.25,21910.5,21906.0,21906.25,21942.25,-4.0,-4.5,-5.0,-100.0,10.0,0.5,1.0,1.0,12.0,2024-07-11 19:14:00+00:00,2024-07-11 19:14:00+00:00,2024-07-11 19:15:00+00:00,2024-07-11 19:15:00+00:00,pullback_long_late_8346db7cf1cc,1,market,0.0,1,1,4,32,37140.0
540347,540348,540348,540348,closed,stop,21909.75,21905.75,21910.0,21905.5,21905.75,21941.75,-4.0,-4.5,-5.0,-100.0,10.0,0.5,1.0,1.0,5.75,2024-07-11 19:18:00+00:00,2024-07-11 19:18:00+00:00,2024-07-11 19:19:00+00:00,2024-07-11 19:19:00+00:00,pullback_long_late_8346db7cf1cc,1,market,0.0,1,1,4,32,37040.0
540377,540378,540378,540378,closed,timeout,21892.75,21901.0,21893.0,21900.75,21888.75,21924.75,8.25,7.75,7.25,145.0,10.0,0.5,1.0,1.0,2.75,2024-07-11 19:48:00+00:00,2024-07-11 19:48:00+00:00,2024-07-11 19:49:00+00:00,2024-07-11 19:49:00+00:00,pullback_long_late_8346db7cf1cc,1,market,0.0,1,1,4,32,37185.0
541636,541637,541637,541637,closed,stop,22150.25,22146.25,22150.5,22146.0,22146.25,22182.25,-4.0,-4.5,-5.0,-100.0,10.0,0.5,1.0,1.0,5.5,2024-07-12 18:02:00+00:00,2024-07-12 18:02:00+00:00,2024-07-12 18:03:00+00:00,2024-07-12 18:03:00+00:00,pullback_long_late_8346db7cf1cc,1,market,0.0,1,1,4,32,37085.0
541637,541638,541638,541638,closed,stop,22152.75,22148.75,22153.0,22148.5,22148.75,22184.75,-4.0,-4.5,-5.0,-100.0,10.0,0.5,1.0,1.0,6.75,2024-07-12 18:03:00+00:00,2024-07-12 18:03:00+00:00,2024-07-12 18:04:00+00:00,2024-07-12 18:04:00+00:00,pullback_long_late_8346db7cf1cc,1,market,0.0,1,1,4,32,36985.0
541679,541680,541680,541680,closed,timeout,22134.75,22141.5,22135.0,22141.25,22130.75,22166.75,6.75,6.25,5.75,115.0,10.0,0.5,1.0,1.0,1.25,2024-07-12 18:45:00+00:00,2024-07-12 18:45:00+00:00,2024-07-12 18:46:00+00:00,2024-07-12 18:46:00+00:00,pullback_long_late_8346db7cf1cc,1,market,0.0,1,1,4,32,37100.0
543027,543028,543028,543028,closed,timeout,22023.5,22034.75,22023.75,22034.5,22019.5,22055.5,11.25,10.75,10.25,205.0,10.0,0.5,1.0,1.0,2.75,2024-07-15 18:28:00+00:00,2024-07-15 18:28:00+00:00,2024-07-15 18:29:00+00:00,2024-07-15 18:29:00+00:00,pullback_long_late_8346db7cf1cc,1,market,0.0,1,1,4,32,37305.0
543039,543040,543040,543040,closed,timeout,22035.5,22036.5,22035.75,22036.25,22031.5,22067.5,1.0,0.5,0.0,0.0,10.0,0.5,1.0,1.0,3.5,2024-07-15 18:40:00+00:00,2024-07-15 18:40:00+00:00,2024-07-15 18:41:00+00:00,2024-07-15 18:41:00+00:00,pullback_long_late_8346db7cf1cc,1,market,0.0,1,1,4,32,37305.0
543046,543047,543047,543047,closed,timeout,22030.25,22039.25,22030.5,22039.0,22026.25,22062.25,9.0,8.5,8.0,160.0,10.0,0.5,1.0,1.0,3.25,2024-07-15 18:47:00+00:00,2024-07-15 18:47:00+00:00,2024-07-15 18:48:00+00:00,2024-07-15 18:48:00+00:00,pullback_long_late_8346db7cf1cc,1,market,0.0,1,1,4,32,37465.0
543063,543064,543064,543064,closed,timeout,22050.0,22047.75,22050.25,22047.5,22046.0,22082.0,-2.25,-2.75,-3.25,-65.0,10.0,0.5,1.0,1.0,3.25,2024-07-15 19:04:00+00:00,2024-07-15 19:04:00+00:00,2024-07-15 19:05:00+00:00,2024-07-15 19:05:00+00:00,pullback_long_late_8346db7cf1cc,1,market,0.0,1,1,4,32,37400.0
543082,543083,543083,543083,closed,timeout,22058.25,22062.75,22058.5,22062.5,22054.25,22090.25,4.5,4.0,3.5,70.0,10.0,0.5,1.0,1.0,2.25,2024-07-15 19:23:00+00:00,2024-07-15 19:23:00+00:00,2024-07-15 19:24:00+00:00,2024-07-15 19:24:00+00:00,pullback_long_late_8346db7cf1cc,1,market,0.0,1,1,4,32,37470.0
543083,543084,543084,543084,closed,timeout,22062.5,22068.25,22062.75,22068.0,22058.5,22094.5,5.75,5.25,4.75,95.0,10.0,0.5,1.0,1.0,2.0,2024-07-15 19:24:00+00:00,2024-07-15 19:24:00+00:00,2024-07-15 19:25:00+00:00,2024-07-15 19:25:00+00:00,pullback_long_late_8346db7cf1cc,1,market,0.0,1,1,4,32,37565.0
543084,543085,543085,543085,closed,stop,22068.5,22064.5,22068.75,22064.25,22064.5,22100.5,-4.0,-4.5,-5.0,-100.0,10.0,0.5,1.0,1.0,9.75,2024-07-15 19:25:00+00:00,2024-07-15 19:25:00+00:00,2024-07-15 19:26:00+00:00,2024-07-15 19:26:00+00:00,pullback_long_late_8346db7cf1cc,1,market,0.0,1,1,4,32,37465.0
544366,544367,544367,544367,closed,stop,21951.25,21947.25,21951.5,21947.0,21947.25,21983.25,-4.0,-4.5,-5.0,-100.0,10.0,0.5,1.0,1.0,12.25,2024-07-16 18:02:00+00:00,2024-07-16 18:02:00+00:00,2024-07-16 18:03:00+00:00,2024-07-16 18:03:00+00:00,pullback_long_late_8346db7cf1cc,1,market,0.0,1,1,4,32,37365.0
544391,544392,544392,544392,closed,timeout,21970.5,21971.75,21970.75,21971.5,21966.5,22002.5,1.25,0.75,0.25,5.0,10.0,0.5,1.0,1.0,1.0,2024-07-16 18:27:00+00:00,2024-07-16 18:27:00+00:00,2024-07-16 18:28:00+00:00,2024-07-16 18:28:00+00:00,pullback_long_late_8346db7cf1cc,1,market,0.0,1,1,4,32,37370.0
544411,544412,544412,544412,closed,timeout,22013.25,22013.75,22013.5,22013.5,22009.25,22045.25,0.5,0.0,-0.5,-10.0,10.0,0.5,1.0,1.0,2.5,2024-07-16 18:47:00+00:00,2024-07-16 18:47:00+00:00,2024-07-16 18:48:00+00:00,2024-07-16 18:48:00+00:00,pullback_long_late_8346db7cf1cc,1,market,0.0,1,1,4,32,37360.0
544418,544419,544419,544419,closed,timeout,22003.5,22004.75,22003.75,22004.5,21999.5,22035.5,1.25,0.75,0.25,5.0,10.0,0.5,1.0,1.0,1.5,2024-07-16 18:54:00+00:00,2024-07-16 18:54:00+00:00,2024-07-16 18:55:00+00:00,2024-07-16 18:55:00+00:00,pullback_long_late_8346db7cf1cc,1,market,0.0,1,1,4,32,37365.0
544426,544427,544427,544427,closed,timeout,22015.75,22015.5,22016.0,22015.25,22011.75,22047.75,-0.25,-0.75,-1.25,-25.0,10.0,0.5,1.0,1.0,1.0,2024-07-16 19:02:00+00:00,2024-07-16 19:02:00+00:00,2024-07-16 19:03:00+00:00,2024-07-16 19:03:00+00:00,pullback_long_late_8346db7cf1cc,1,market,0.0,1,1,4,32,37340.0
544464,544465,544465,544465,closed,stop,22019.75,22015.75,22020.0,22015.5,22015.75,22051.75,-4.0,-4.5,-5.0,-100.0,10.0,0.5,1.0,1.0,5.0,2024-07-16 19:40:00+00:00,2024-07-16 19:40:00+00:00,2024-07-16 19:41:00+00:00,2024-07-16 19:41:00+00:00,pullback_long_late_8346db7cf1cc,1,market,0.0,1,1,4,32,37240.0
544482,544483,544483,544483,closed,timeout,22034.5,22045.5,22034.75,22045.25,22030.5,22066.5,11.0,10.5,10.0,200.0,10.0,0.5,1.0,1.0,0.25,2024-07-16 19:58:00+00:00,2024-07-16 19:58:00+00:00,2024-07-16 19:59:00+00:00,2024-07-16 19:59:00+00:00,pullback_long_late_8346db7cf1cc,1,market,0.0,1,1,4,32,37440.0
545755,545756,545756,545756,closed,stop,21495.0,21491.0,21495.25,21490.75,21491.0,21527.0,-4.0,-4.5,-5.0,-100.0,10.0,0.5,1.0,1.0,16.75,2024-07-17 18:26:00+00:00,2024-07-17 18:26:00+00:00,2024-07-17 18:27:00+00:00,2024-07-17 18:27:00+00:00,pullback_long_late_8346db7cf1cc,1,market,0.0,1,1,4,32,37340.0
545758,545759,545759,545759,closed,stop,21489.0,21485.0,21489.25,21484.75,21485.0,21521.0,-4.0,-4.5,-5.0,-100.0,10.0,0.5,1.0,1.0,5.25,2024-07-17 18:29:00+00:00,2024-07-17 18:29:00+00:00,2024-07-17 18:30:00+00:00,2024-07-17 18:30:00+00:00,pullback_long_late_8346db7cf1cc,1,market,0.0,1,1,4,32,37240.0
545759,545760,545760,545760,closed,stop,21492.0,21488.0,21492.25,21487.75,21488.0,21524.0,-4.0,-4.5,-5.0,-100.0,10.0,0.5,1.0,1.0,6.5,2024-07-17 18:30:00+00:00,2024-07-17 18:30:00+00:00,2024-07-17 18:31:00+00:00,2024-07-17 18:31:00+00:00,pullback_long_late_8346db7cf1cc,1,market,0.0,1,1,4,32,37140.0
545828,545829,545829,545829,closed,stop,21476.0,21472.0,21476.25,21471.75,21472.0,21508.0,-4.0,-4.5,-5.0,-100.0,10.0,0.5,1.0,1.0,18.5,2024-07-17 19:39:00+00:00,2024-07-17 19:39:00+00:00,2024-07-17 19:40:00+00:00,2024-07-17 19:40:00+00:00,pullback_long_late_8346db7cf1cc,1,market,0.0,1,1,4,32,37040.0
547210,547211,547211,547211,closed,stop,21348.75,21344.75,21349.0,21344.5,21344.75,21380.75,-4.0,-4.5,-5.0,-100.0,10.0,0.5,1.0,1.0,36.25,2024-07-18 19:56:00+00:00,2024-07-18 19:56:00+00:00,2024-07-18 19:57:00+00:00,2024-07-18 19:57:00+00:00,pullback_long_late_8346db7cf1cc,1,market,0.0,1,1,4,32,36940.0
548455,548456,548456,548456,closed,stop,21154.0,21150.0,21154.25,21149.75,21150.0,21186.0,-4.0,-4.5,-5.0,-100.0,10.0,0.5,1.0,1.0,5.5,2024-07-19 18:06:00+00:00,2024-07-19 18:06:00+00:00,2024-07-19 18:07:00+00:00,2024-07-19 18:07:00+00:00,pullback_long_late_8346db7cf1cc,1,market,0.0,1,1,4,32,36840.0
548461,548462,548462,548462,closed,timeout,21162.25,21171.75,21162.5,21171.5,21158.25,21194.25,9.5,9.0,8.5,170.0,10.0,0.5,1.0,1.0,0.25,2024-07-19 18:12:00+00:00,2024-07-19 18:12:00+00:00,2024-07-19 18:13:00+00:00,2024-07-19 18:13:00+00:00,pullback_long_late_8346db7cf1cc,1,market,0.0,1,1,4,32,37010.0
548517,548518,548518,548518,closed,stop,21196.5,21192.5,21196.75,21192.25,21192.5,21228.5,-4.0,-4.5,-5.0,-100.0,10.0,0.5,1.0,1.0,7.0,2024-07-19 19:08:00+00:00,2024-07-19 19:08:00+00:00,2024-07-19 19:09:00+00:00,2024-07-19 19:09:00+00:00,pullback_long_late_8346db7cf1cc,1,market,0.0,1,1,4,32,36910.0
548527,548528,548528,548528,closed,timeout,21191.0,21198.25,21191.25,21198.0,21187.0,21223.0,7.25,6.75,6.25,125.0,10.0,0.5,1.0,1.0,1.5,2024-07-19 19:18:00+00:00,2024-07-19 19:18:00+00:00,2024-07-19 19:19:00+00:00,2024-07-19 19:19:00+00:00,pullback_long_late_8346db7cf1cc,1,market,0.0,1,1,4,32,37035.0
548536,548537,548537,548537,closed,stop,21209.5,21205.5,21209.75,21205.25,21205.5,21241.5,-4.0,-4.5,-5.0,-100.0,10.0,0.5,1.0,1.0,8.25,2024-07-19 19:27:00+00:00,2024-07-19 19:27:00+00:00,2024-07-19 19:28:00+00:00,2024-07-19 19:28:00+00:00,pullback_long_late_8346db7cf1cc,1,market,0.0,1,1,4,32,36935.0
548538,548539,548539,548539,closed,stop,21207.75,21203.75,21208.0,21203.5,21203.75,21239.75,-4.0,-4.5,-5.0,-100.0,10.0,0.5,1.0,1.0,9.25,2024-07-19 19:29:00+00:00,2024-07-19 19:29:00+00:00,2024-07-19 19:30:00+00:00,2024-07-19 19:30:00+00:00,pullback_long_late_8346db7cf1cc,1,market,0.0,1,1,4,32,36835.0
549829,549830,549830,549830,closed,timeout,21448.25,21455.5,21448.5,21455.25,21444.25,21480.25,7.25,6.75,6.25,125.0,10.0,0.5,1.0,1.0,0.5,2024-07-22 18:15:00+00:00,2024-07-22 18:15:00+00:00,2024-07-22 18:16:00+00:00,2024-07-22 18:16:00+00:00,pullback_long_late_8346db7cf1cc,1,market,0.0,1,1,4,32,36960.0
549830,549831,549831,549831,closed,stop,21455.75,21451.75,21456.0,21451.5,21451.75,21487.75,-4.0,-4.5,-5.0,-100.0,10.0,0.5,1.0,1.0,10.75,2024-07-22 18:16:00+00:00,2024-07-22 18:16:00+00:00,2024-07-22 18:17:00+00:00,2024-07-22 18:17:00+00:00,pullback_long_late_8346db7cf1cc,1,market,0.0,1,1,4,32,36860.0
549832,549833,549833,549833,closed,timeout,21452.75,21460.5,21453.0,21460.25,21448.75,21484.75,7.75,7.25,6.75,135.0,10.0,0.5,1.0,1.0,0.25,2024-07-22 18:18:00+00:00,2024-07-22 18:18:00+00:00,2024-07-22 18:19:00+00:00,2024-07-22 18:19:00+00:00,pullback_long_late_8346db7cf1cc,1,market,0.0,1,1,4,32,36995.0
549846,549847,549847,549847,closed,timeout,21464.0,21467.0,21464.25,21466.75,21460.0,21496.0,3.0,2.5,2.0,40.0,10.0,0.5,1.0,1.0,3.25,2024-07-22 18:32:00+00:00,2024-07-22 18:32:00+00:00,2024-07-22 18:33:00+00:00,2024-07-22 18:33:00+00:00,pullback_long_late_8346db7cf1cc,1,market,0.0,1,1,4,32,37035.0
549852,549853,549853,549853,closed,timeout,21469.75,21471.75,21470.0,21471.5,21465.75,21501.75,2.0,1.5,1.0,20.0,10.0,0.5,1.0,1.0,1.25,2024-07-22 18:38:00+00:00,2024-07-22 18:38:00+00:00,2024-07-22 18:39:00+00:00,2024-07-22 18:39:00+00:00,pullback_long_late_8346db7cf1cc,1,market,0.0,1,1,4,32,37055.0
549920,549921,549921,549921,closed,timeout,21455.0,21463.0,21455.25,21462.75,21451.0,21487.0,8.0,7.5,7.0,140.0,10.0,0.5,1.0,1.0,3.0,2024-07-22 19:46:00+00:00,2024-07-22 19:46:00+00:00,2024-07-22 19:47:00+00:00,2024-07-22 19:47:00+00:00,pullback_long_late_8346db7cf1cc,1,market,0.0,1,1,4,32,37195.0
549926,549927,549927,549927,closed,stop,21451.75,21447.75,21452.0,21447.5,21447.75,21483.75,-4.0,-4.5,-5.0,-100.0,10.0,0.5,1.0,1.0,9.5,2024-07-22 19:52:00+00:00,2024-07-22 19:52:00+00:00,2024-07-22 19:53:00+00:00,2024-07-22 19:53:00+00:00,pullback_long_late_8346db7cf1cc,1,market,0.0,1,1,4,32,37095.0
551179,551180,551180,551180,closed,timeout,21412.0,21419.0,21412.25,21418.75,21408.0,21444.0,7.0,6.5,6.0,120.0,10.0,0.5,1.0,1.0,2.25,2024-07-23 18:00:00+00:00,2024-07-23 18:00:00+00:00,2024-07-23 18:01:00+00:00,2024-07-23 18:01:00+00:00,pullback_long_late_8346db7cf1cc,1,market,0.0,1,1,4,32,37215.0
551186,551187,551187,551187,closed,timeout,21419.0,21426.25,21419.25,21426.0,21415.0,21451.0,7.25,6.75,6.25,125.0,10.0,0.5,1.0,1.0,2.5,2024-07-23 18:07:00+00:00,2024-07-23 18:07:00+00:00,2024-07-23 18:08:00+00:00,2024-07-23 18:08:00+00:00,pullback_long_late_8346db7cf1cc,1,market,0.0,1,1,4,32,37340.0
551193,551194,551194,551194,closed,timeout,21422.5,21421.25,21422.75,21421.0,21418.5,21454.5,-1.25,-1.75,-2.25,-45.0,10.0,0.5,1.0,1.0,3.0,2024-07-23 18:14:00+00:00,2024-07-23 18:14:00+00:00,2024-07-23 18:15:00+00:00,2024-07-23 18:15:00+00:00,pullback_long_late_8346db7cf1cc,1,market,0.0,1,1,4,32,37295.0
551226,551227,551227,551227,closed,timeout,21401.75,21400.5,21402.0,21400.25,21397.75,21433.75,-1.25,-1.75,-2.25,-45.0,10.0,0.5,1.0,1.0,2.5,2024-07-23 18:47:00+00:00,2024-07-23 18:47:00+00:00,2024-07-23 18:48:00+00:00,2024-07-23 18:48:00+00:00,pullback_long_late_8346db7cf1cc,1,market,0.0,1,1,4,32,37250.0
551247,551248,551248,551248,closed,timeout,21407.75,21411.0,21408.0,21410.75,21403.75,21439.75,3.25,2.75,2.25,45.0,10.0,0.5,1.0,1.0,3.25,2024-07-23 19:08:00+00:00,2024-07-23 19:08:00+00:00,2024-07-23 19:09:00+00:00,2024-07-23 19:09:00+00:00,pullback_long_late_8346db7cf1cc,1,market,0.0,1,1,4,32,37295.0
551248,551249,551249,551249,closed,stop,21411.25,21407.25,21411.5,21407.0,21407.25,21443.25,-4.0,-4.5,-5.0,-100.0,10.0,0.5,1.0,1.0,4.75,2024-07-23 19:09:00+00:00,2024-07-23 19:09:00+00:00,2024-07-23 19:10:00+00:00,2024-07-23 19:10:00+00:00,pullback_long_late_8346db7cf1cc,1,market,0.0,1,1,4,32,37195.0
551276,551277,551277,551277,closed,stop,21411.5,21407.5,21411.75,21407.25,21407.5,21443.5,-4.0,-4.5,-5.0,-100.0,10.0,0.5,1.0,1.0,10.75,2024-07-23 19:37:00+00:00,2024-07-23 19:37:00+00:00,2024-07-23 19:38:00+00:00,2024-07-23 19:38:00+00:00,pullback_long_late_8346db7cf1cc,1,market,0.0,1,1,4,32,37095.0
552652,552653,552653,552653,closed,stop,20700.0,20696.0,20700.25,20695.75,20696.0,20732.0,-4.0,-4.5,-5.0,-100.0,10.0,0.5,1.0,1.0,5.25,2024-07-24 19:48:00+00:00,2024-07-24 19:48:00+00:00,2024-07-24 19:49:00+00:00,2024-07-24 19:49:00+00:00,pullback_long_late_8346db7cf1cc,1,market,0.0,1,1,4,32,36995.0
552653,552654,552654,552654,closed,stop,20712.25,20708.25,20712.5,20708.0,20708.25,20744.25,-4.0,-4.5,-5.0,-100.0,10.0,0.5,1.0,1.0,7.5,2024-07-24 19:49:00+00:00,2024-07-24 19:49:00+00:00,2024-07-24 19:50:00+00:00,2024-07-24 19:50:00+00:00,pullback_long_late_8346db7cf1cc,1,market,0.0,1,1,4,32,36895.0
553996,553997,553997,553997,closed,stop,20644.25,20640.25,20644.5,20640.0,20640.25,20676.25,-4.0,-4.5,-5.0,-100.0,10.0,0.5,1.0,1.0,5.0,2024-07-25 19:32:00+00:00,2024-07-25 19:32:00+00:00,2024-07-25 19:33:00+00:00,2024-07-25 19:33:00+00:00,pullback_long_late_8346db7cf1cc,1,market,0.0,1,1,4,32,36795.0
553997,553998,553998,553998,closed,stop,20654.25,20650.25,20654.5,20650.0,20650.25,20686.25,-4.0,-4.5,-5.0,-100.0,10.0,0.5,1.0,1.0,31.5,2024-07-25 19:33:00+00:00,2024-07-25 19:33:00+00:00,2024-07-25 19:34:00+00:00,2024-07-25 19:34:00+00:00,pullback_long_late_8346db7cf1cc,1,market,0.0,1,1,4,32,36695.0
555285,555286,555286,555286,closed,timeout,20643.25,20644.25,20643.5,20644.0,20639.25,20675.25,1.0,0.5,0.0,0.0,10.0,0.5,1.0,1.0,2.25,2024-07-26 18:16:00+00:00,2024-07-26 18:16:00+00:00,2024-07-26 18:17:00+00:00,2024-07-26 18:17:00+00:00,pullback_long_late_8346db7cf1cc,1,market,0.0,1,1,4,32,36695.0
555309,555310,555310,555310,closed,stop,20620.5,20616.5,20620.75,20616.25,20616.5,20652.5,-4.0,-4.5,-5.0,-100.0,10.0,0.5,1.0,1.0,13.25,2024-07-26 18:40:00+00:00,2024-07-26 18:40:00+00:00,2024-07-26 18:41:00+00:00,2024-07-26 18:41:00+00:00,pullback_long_late_8346db7cf1cc,1,market,0.0,1,1,4,32,36595.0
556704,556705,556705,556705,closed,timeout,20665.0,20670.75,20665.25,20670.5,20661.0,20697.0,5.75,5.25,4.75,95.0,10.0,0.5,1.0,1.0,0.75,2024-07-29 19:11:00+00:00,2024-07-29 19:11:00+00:00,2024-07-29 19:12:00+00:00,2024-07-29 19:12:00+00:00,pullback_long_late_8346db7cf1cc,1,market,0.0,1,1,4,32,36690.0
556705,556706,556706,556706,closed,stop,20671.0,20667.0,20671.25,20666.75,20667.0,20703.0,-4.0,-4.5,-5.0,-100.0,10.0,0.5,1.0,1.0,6.25,2024-07-29 19:12:00+00:00,2024-07-29 19:12:00+00:00,2024-07-29 19:13:00+00:00,2024-07-29 19:13:00+00:00,pullback_long_late_8346db7cf1cc,1,market,0.0,1,1,4,32,36590.0
556737,556738,556738,556738,closed,stop,20693.5,20689.5,20693.75,20689.25,20689.5,20725.5,-4.0,-4.5,-5.0,-100.0,10.0,0.5,1.0,1.0,4.75,2024-07-29 19:44:00+00:00,2024-07-29 19:44:00+00:00,2024-07-29 19:45:00+00:00,2024-07-29 19:45:00+00:00,pullback_long_late_8346db7cf1cc,1,market,0.0,1,1,4,32,36490.0
556745,556746,556746,556746,closed,stop,20683.25,20679.25,20683.5,20679.0,20679.25,20715.25,-4.0,-4.5,-5.0,-100.0,10.0,0.5,1.0,1.0,13.75,2024-07-29 19:52:00+00:00,2024-07-29 19:52:00+00:00,2024-07-29 19:53:00+00:00,2024-07-29 19:53:00+00:00,pullback_long_late_8346db7cf1cc,1,market,0.0,1,1,4,32,36390.0
558022,558023,558023,558023,closed,stop,20422.75,20418.75,20423.0,20418.5,20418.75,20454.75,-4.0,-4.5,-5.0,-100.0,10.0,0.5,1.0,1.0,5.0,2024-07-30 18:25:00+00:00,2024-07-30 18:25:00+00:00,2024-07-30 18:26:00+00:00,2024-07-30 18:26:00+00:00,pullback_long_late_8346db7cf1cc,1,market,0.0,1,1,4,32,36290.0
558026,558027,558027,558027,closed,timeout,20398.5,20404.25,20398.75,20404.0,20394.5,20430.5,5.75,5.25,4.75,95.0,10.0,0.5,1.0,1.0,4.0,2024-07-30 18:29:00+00:00,2024-07-30 18:29:00+00:00,2024-07-30 18:30:00+00:00,2024-07-30 18:30:00+00:00,pullback_long_late_8346db7cf1cc,1,market,0.0,1,1,4,32,36385.0
558027,558028,558028,558028,closed,timeout,20404.0,20404.25,20404.25,20404.0,20400.0,20436.0,0.25,-0.25,-0.75,-15.0,10.0,0.5,1.0,1.0,3.5,2024-07-30 18:30:00+00:00,2024-07-30 18:30:00+00:00,2024-07-30 18:31:00+00:00,2024-07-30 18:31:00+00:00,pullback_long_late_8346db7cf1cc,1,market,0.0,1,1,4,32,36370.0
558092,558093,558093,558093,closed,stop,20360.5,20356.5,20360.75,20356.25,20356.5,20392.5,-4.0,-4.5,-5.0,-100.0,10.0,0.5,1.0,1.0,12.25,2024-07-30 19:35:00+00:00,2024-07-30 19:35:00+00:00,2024-07-30 19:36:00+00:00,2024-07-30 19:36:00+00:00,pullback_long_late_8346db7cf1cc,1,market,0.0,1,1,4,32,36270.0
558108,558109,558109,558109,closed,stop,20436.25,20432.25,20436.5,20432.0,20432.25,20468.25,-4.0,-4.5,-5.0,-100.0,10.0,0.5,1.0,1.0,9.0,2024-07-30 19:51:00+00:00,2024-07-30 19:51:00+00:00,2024-07-30 19:52:00+00:00,2024-07-30 19:52:00+00:00,pullback_long_late_8346db7cf1cc,1,market,0.0,1,1,4,32,36170.0
558113,558114,558114,558114,closed,stop,20430.25,20426.25,20430.5,20426.0,20426.25,20462.25,-4.0,-4.5,-5.0,-100.0,10.0,0.5,1.0,1.0,11.25,2024-07-30 19:56:00+00:00,2024-07-30 19:56:00+00:00,2024-07-30 19:57:00+00:00,2024-07-30 19:57:00+00:00,pullback_long_late_8346db7cf1cc,1,market,0.0,1,1,4,32,36070.0
559362,559363,559363,559363,closed,stop,20864.5,20860.5,20864.75,20860.25,20860.5,20896.5,-4.0,-4.5,-5.0,-100.0,10.0,0.5,1.0,1.0,46.75,2024-07-31 18:00:00+00:00,2024-07-31 18:00:00+00:00,2024-07-31 18:01:00+00:00,2024-07-31 18:01:00+00:00,pullback_long_late_8346db7cf1cc,1,market,0.0,1,1,4,32,35970.0
559365,559366,559366,559366,closed,stop,20852.75,20848.75,20853.0,20848.5,20848.75,20884.75,-4.0,-4.5,-5.0,-100.0,10.0,0.5,1.0,1.0,9.25,2024-07-31 18:03:00+00:00,2024-07-31 18:03:00+00:00,2024-07-31 18:04:00+00:00,2024-07-31 18:04:00+00:00,pullback_long_late_8346db7cf1cc,1,market,0.0,1,1,4,32,35870.0
559366,559367,559367,559367,closed,stop,20859.5,20855.5,20859.75,20855.25,20855.5,20891.5,-4.0,-4.5,-5.0,-100.0,10.0,0.5,1.0,1.0,7.25,2024-07-31 18:04:00+00:00,2024-07-31 18:04:00+00:00,2024-07-31 18:05:00+00:00,2024-07-31 18:05:00+00:00,pullback_long_late_8346db7cf1cc,1,market,0.0,1,1,4,32,35770.0
559371,559372,559372,559372,closed,stop,20872.5,20868.5,20872.75,20868.25,20868.5,20904.5,-4.0,-4.5,-5.0,-100.0,10.0,0.5,1.0,1.0,4.5,2024-07-31 18:09:00+00:00,2024-07-31 18:09:00+00:00,2024-07-31 18:10:00+00:00,2024-07-31 18:10:00+00:00,pullback_long_late_8346db7cf1cc,1,market,0.0,1,1,4,32,35670.0
559385,559386,559386,559386,closed,stop,20898.5,20894.5,20898.75,20894.25,20894.5,20930.5,-4.0,-4.5,-5.0,-100.0,10.0,0.5,1.0,1.0,8.75,2024-07-31 18:23:00+00:00,2024-07-31 18:23:00+00:00,2024-07-31 18:24:00+00:00,2024-07-31 18:24:00+00:00,pullback_long_late_8346db7cf1cc,1,market,0.0,1,1,4,32,35570.0
559419,559420,559420,559420,closed,stop,20978.75,20974.75,20979.0,20974.5,20974.75,21010.75,-4.0,-4.5,-5.0,-100.0,10.0,0.5,1.0,1.0,5.5,2024-07-31 18:57:00+00:00,2024-07-31 18:57:00+00:00,2024-07-31 18:58:00+00:00,2024-07-31 18:58:00+00:00,pullback_long_late_8346db7cf1cc,1,market,0.0,1,1,4,32,35470.0
559420,559421,559421,559421,closed,stop,20990.75,20986.75,20991.0,20986.5,20986.75,21022.75,-4.0,-4.5,-5.0,-100.0,10.0,0.5,1.0,1.0,10.0,2024-07-31 18:58:00+00:00,2024-07-31 18:58:00+00:00,2024-07-31 18:59:00+00:00,2024-07-31 18:59:00+00:00,pullback_long_late_8346db7cf1cc,1,market,0.0,1,1,4,32,35370.0
559430,559431,559431,559431,closed,stop,20989.25,20985.25,20989.5,20985.0,20985.25,21021.25,-4.0,-4.5,-5.0,-100.0,10.0,0.5,1.0,1.0,10.25,2024-07-31 19:08:00+00:00,2024-07-31 19:08:00+00:00,2024-07-31 19:09:00+00:00,2024-07-31 19:09:00+00:00,pullback_long_late_8346db7cf1cc,1,market,0.0,1,1,4,32,35270.0
559472,559473,559473,559473,closed,stop,20945.5,20941.5,20945.75,20941.25,20941.5,20977.5,-4.0,-4.5,-5.0,-100.0,10.0,0.5,1.0,1.0,13.5,2024-07-31 19:50:00+00:00,2024-07-31 19:50:00+00:00,2024-07-31 19:51:00+00:00,2024-07-31 19:51:00+00:00,pullback_long_late_8346db7cf1cc,1,market,0.0,1,1,4,32,35170.0
559473,559474,559474,559474,closed,stop,20954.25,20950.25,20954.5,20950.0,20950.25,20986.25,-4.0,-4.5,-5.0,-100.0,10.0,0.5,1.0,1.0,38.5,2024-07-31 19:51:00+00:00,2024-07-31 19:51:00+00:00,2024-07-31 19:52:00+00:00,2024-07-31 19:52:00+00:00,pullback_long_late_8346db7cf1cc,1,market,0.0,1,1,4,32,35070.0
559477,559478,559478,559478,closed,stop,20940.25,20936.25,20940.5,20936.0,20936.25,20972.25,-4.0,-4.5,-5.0,-100.0,10.0,0.5,1.0,1.0,4.25,2024-07-31 19:55:00+00:00,2024-07-31 19:55:00+00:00,2024-07-31 19:56:00+00:00,2024-07-31 19:56:00+00:00,pullback_long_late_8346db7cf1cc,1,market,0.0,1,1,4,32,34970.0
560731,560732,560732,560732,closed,stop,20434.75,20430.75,20435.0,20430.5,20430.75,20466.75,-4.0,-4.5,-5.0,-100.0,10.0,0.5,1.0,1.0,15.75,2024-08-01 18:04:00+00:00,2024-08-01 18:04:00+00:00,2024-08-01 18:05:00+00:00,2024-08-01 18:05:00+00:00,pullback_long_late_8346db7cf1cc,1,market,0.0,1,1,4,32,34870.0
560735,560736,560736,560736,closed,stop,20431.5,20427.5,20431.75,20427.25,20427.5,20463.5,-4.0,-4.5,-5.0,-100.0,10.0,0.5,1.0,1.0,20.25,2024-08-01 18:08:00+00:00,2024-08-01 18:08:00+00:00,2024-08-01 18:09:00+00:00,2024-08-01 18:09:00+00:00,pullback_long_late_8346db7cf1cc,1,market,0.0,1,1,4,32,34770.0
560738,560739,560739,560739,closed,stop,20414.75,20410.75,20415.0,20410.5,20410.75,20446.75,-4.0,-4.5,-5.0,-100.0,10.0,0.5,1.0,1.0,16.75,2024-08-01 18:11:00+00:00,2024-08-01 18:11:00+00:00,2024-08-01 18:12:00+00:00,2024-08-01 18:12:00+00:00,pullback_long_late_8346db7cf1cc,1,market,0.0,1,1,4,32,34670.0
560810,560811,560811,560811,closed,stop,20381.0,20377.0,20381.25,20376.75,20377.0,20413.0,-4.0,-4.5,-5.0,-100.0,10.0,0.5,1.0,1.0,8.5,2024-08-01 19:23:00+00:00,2024-08-01 19:23:00+00:00,2024-08-01 19:24:00+00:00,2024-08-01 19:24:00+00:00,pullback_long_late_8346db7cf1cc,1,market,0.0,1,1,4,32,34570.0
560823,560824,560824,560824,closed,stop,20410.0,20406.0,20410.25,20405.75,20406.0,20442.0,-4.0,-4.5,-5.0,-100.0,10.0,0.5,1.0,1.0,5.5,2024-08-01 19:36:00+00:00,2024-08-01 19:36:00+00:00,2024-08-01 19:37:00+00:00,2024-08-01 19:37:00+00:00,pullback_long_late_8346db7cf1cc,1,market,0.0,1,1,4,32,34470.0
560824,560825,560825,560825,closed,stop,20424.5,20420.5,20424.75,20420.25,20420.5,20456.5,-4.0,-4.5,-5.0,-100.0,10.0,0.5,1.0,1.0,12.5,2024-08-01 19:37:00+00:00,2024-08-01 19:37:00+00:00,2024-08-01 19:38:00+00:00,2024-08-01 19:38:00+00:00,pullback_long_late_8346db7cf1cc,1,market,0.0,1,1,4,32,34370.0
562096,562097,562097,562097,closed,timeout,19918.25,19915.25,19918.5,19915.0,19914.25,19950.25,-3.0,-3.5,-4.0,-80.0,10.0,0.5,1.0,1.0,3.5,2024-08-02 18:12:00+00:00,2024-08-02 18:12:00+00:00,2024-08-02 18:13:00+00:00,2024-08-02 18:13:00+00:00,pullback_long_late_8346db7cf1cc,1,market,0.0,1,1,4,32,34290.0
562125,562126,562126,562126,closed,stop,19968.25,19964.25,19968.5,19964.0,19964.25,20000.25,-4.0,-4.5,-5.0,-100.0,10.0,0.5,1.0,1.0,18.25,2024-08-02 18:41:00+00:00,2024-08-02 18:41:00+00:00,2024-08-02 18:42:00+00:00,2024-08-02 18:42:00+00:00,pullback_long_late_8346db7cf1cc,1,market,0.0,1,1,4,32,34190.0
562127,562128,562128,562128,closed,timeout,19960.0,19970.0,19960.25,19969.75,19956.0,19992.0,10.0,9.5,9.0,180.0,10.0,0.5,1.0,1.0,3.75,2024-08-02 18:43:00+00:00,2024-08-02 18:43:00+00:00,2024-08-02 18:44:00+00:00,2024-08-02 18:44:00+00:00,pullback_long_late_8346db7cf1cc,1,market,0.0,1,1,4,32,34370.0
563516,563517,563517,563517,closed,stop,19376.0,19372.0,19376.25,19371.75,19372.0,19408.0,-4.0,-4.5,-5.0,-100.0,10.0,0.5,1.0,1.0,20.25,2024-08-05 19:09:00+00:00,2024-08-05 19:09:00+00:00,2024-08-05 19:10:00+00:00,2024-08-05 19:10:00+00:00,pullback_long_late_8346db7cf1cc,1,market,0.0,1,1,4,32,34270.0
563542,563543,563543,563543,closed,stop,19412.0,19408.0,19412.25,19407.75,19408.0,19444.0,-4.0,-4.5,-5.0,-100.0,10.0,0.5,1.0,1.0,14.0,2024-08-05 19:35:00+00:00,2024-08-05 19:35:00+00:00,2024-08-05 19:36:00+00:00,2024-08-05 19:36:00+00:00,pullback_long_late_8346db7cf1cc,1,market,0.0,1,1,4,32,34170.0
564815,564816,564816,564816,closed,stop,19854.5,19850.5,19854.75,19850.25,19850.5,19886.5,-4.0,-4.5,-5.0,-100.0,10.0,0.5,1.0,1.0,15.0,2024-08-06 18:03:00+00:00,2024-08-06 18:03:00+00:00,2024-08-06 18:04:00+00:00,2024-08-06 18:04:00+00:00,pullback_long_late_8346db7cf1cc,1,market,0.0,1,1,4,32,34070.0
564836,564837,564837,564837,closed,timeout,19885.5,19889.5,19885.75,19889.25,19881.5,19917.5,4.0,3.5,3.0,60.0,10.0,0.5,1.0,1.0,2.0,2024-08-06 18:24:00+00:00,2024-08-06 18:24:00+00:00,2024-08-06 18:25:00+00:00,2024-08-06 18:25:00+00:00,pullback_long_late_8346db7cf1cc,1,market,0.0,1,1,4,32,34130.0
564837,564838,564838,564838,closed,stop,19888.0,19884.0,19888.25,19883.75,19884.0,19920.0,-4.0,-4.5,-5.0,-100.0,10.0,0.5,1.0,1.0,12.25,2024-08-06 18:25:00+00:00,2024-08-06 18:25:00+00:00,2024-08-06 18:26:00+00:00,2024-08-06 18:26:00+00:00,pullback_long_late_8346db7cf1cc,1,market,0.0,1,1,4,32,34030.0
564844,564845,564845,564845,closed,timeout,19884.0,19882.75,19884.25,19882.5,19880.0,19916.0,-1.25,-1.75,-2.25,-45.0,10.0,0.5,1.0,1.0,4.0,2024-08-06 18:32:00+00:00,2024-08-06 18:32:00+00:00,2024-08-06 18:33:00+00:00,2024-08-06 18:33:00+00:00,pullback_long_late_8346db7cf1cc,1,market,0.0,1,1,4,32,33985.0
564855,564856,564856,564856,closed,stop,19899.0,19895.0,19899.25,19894.75,19895.0,19931.0,-4.0,-4.5,-5.0,-100.0,10.0,0.5,1.0,1.0,7.5,2024-08-06 18:43:00+00:00,2024-08-06 18:43:00+00:00,2024-08-06 18:44:00+00:00,2024-08-06 18:44:00+00:00,pullback_long_late_8346db7cf1cc,1,market,0.0,1,1,4,32,33885.0
564863,564864,564864,564864,closed,stop,19904.5,19900.5,19904.75,19900.25,19900.5,19936.5,-4.0,-4.5,-5.0,-100.0,10.0,0.5,1.0,1.0,13.5,2024-08-06 18:51:00+00:00,2024-08-06 18:51:00+00:00,2024-08-06 18:52:00+00:00,2024-08-06 18:52:00+00:00,pullback_long_late_8346db7cf1cc,1,market,0.0,1,1,4,32,33785.0
564865,564866,564866,564866,closed,stop,19905.0,19901.0,19905.25,19900.75,19901.0,19937.0,-4.0,-4.5,-5.0,-100.0,10.0,0.5,1.0,1.0,4.25,2024-08-06 18:53:00+00:00,2024-08-06 18:53:00+00:00,2024-08-06 18:54:00+00:00,2024-08-06 18:54:00+00:00,pullback_long_late_8346db7cf1cc,1,market,0.0,1,1,4,32,33685.0
564904,564905,564905,564905,closed,stop,19785.0,19781.0,19785.25,19780.75,19781.0,19817.0,-4.0,-4.5,-5.0,-100.0,10.0,0.5,1.0,1.0,26.5,2024-08-06 19:32:00+00:00,2024-08-06 19:32:00+00:00,2024-08-06 19:33:00+00:00,2024-08-06 19:33:00+00:00,pullback_long_late_8346db7cf1cc,1,market,0.0,1,1,4,32,33585.0
564906,564907,564907,564907,closed,stop,19781.0,19777.0,19781.25,19776.75,19777.0,19813.0,-4.0,-4.5,-5.0,-100.0,10.0,0.5,1.0,1.0,14.25,2024-08-06 19:34:00+00:00,2024-08-06 19:34:00+00:00,2024-08-06 19:35:00+00:00,2024-08-06 19:35:00+00:00,pullback_long_late_8346db7cf1cc,1,market,0.0,1,1,4,32,33485.0
564910,564911,564911,564911,closed,stop,19772.25,19768.25,19772.5,19768.0,19768.25,19804.25,-4.0,-4.5,-5.0,-100.0,10.0,0.5,1.0,1.0,11.0,2024-08-06 19:38:00+00:00,2024-08-06 19:38:00+00:00,2024-08-06 19:39:00+00:00,2024-08-06 19:39:00+00:00,pullback_long_late_8346db7cf1cc,1,market,0.0,1,1,4,32,33385.0
566246,566247,566247,566247,closed,stop,19555.0,19551.0,19555.25,19550.75,19551.0,19587.0,-4.0,-4.5,-5.0,-100.0,10.0,0.5,1.0,1.0,16.5,2024-08-07 19:09:00+00:00,2024-08-07 19:09:00+00:00,2024-08-07 19:10:00+00:00,2024-08-07 19:10:00+00:00,pullback_long_late_8346db7cf1cc,1,market,0.0,1,1,4,32,33285.0
566248,566249,566249,566249,closed,stop,19549.5,19545.5,19549.75,19545.25,19545.5,19581.5,-4.0,-4.5,-5.0,-100.0,10.0,0.5,1.0,1.0,4.75,2024-08-07 19:11:00+00:00,2024-08-07 19:11:00+00:00,2024-08-07 19:12:00+00:00,2024-08-07 19:12:00+00:00,pullback_long_late_8346db7cf1cc,1,market,0.0,1,1,4,32,33185.0
566253,566254,566254,566254,closed,stop,19536.5,19532.5,19536.75,19532.25,19532.5,19568.5,-4.0,-4.5,-5.0,-100.0,10.0,0.5,1.0,1.0,11.25,2024-08-07 19:16:00+00:00,2024-08-07 19:16:00+00:00,2024-08-07 19:17:00+00:00,2024-08-07 19:17:00+00:00,pullback_long_late_8346db7cf1cc,1,market,0.0,1,1,4,32,33085.0
566255,566256,566256,566256,closed,timeout,19539.25,19545.25,19539.5,19545.0,19535.25,19571.25,6.0,5.5,5.0,100.0,10.0,0.5,1.0,1.0,0.5,2024-08-07 19:18:00+00:00,2024-08-07 19:18:00+00:00,2024-08-07 19:19:00+00:00,2024-08-07 19:19:00+00:00,pullback_long_late_8346db7cf1cc,1,market,0.0,1,1,4,32,33185.0
567550,567551,567551,567551,closed,stop,19973.5,19969.5,19973.75,19969.25,19969.5,20005.5,-4.0,-4.5,-5.0,-100.0,10.0,0.5,1.0,1.0,7.75,2024-08-08 18:08:00+00:00,2024-08-08 18:08:00+00:00,2024-08-08 18:09:00+00:00,2024-08-08 18:09:00+00:00,pullback_long_late_8346db7cf1cc,1,market,0.0,1,1,4,32,33085.0
567555,567556,567556,567556,closed,timeout,19967.75,19970.25,19968.0,19970.0,19963.75,19999.75,2.5,2.0,1.5,30.0,10.0,0.5,1.0,1.0,3.75,2024-08-08 18:13:00+00:00,2024-08-08 18:13:00+00:00,2024-08-08 18:14:00+00:00,2024-08-08 18:14:00+00:00,pullback_long_late_8346db7cf1cc,1,market,0.0,1,1,4,32,33115.0
567561,567562,567562,567562,closed,timeout,19977.0,19980.0,19977.25,19979.75,19973.0,20009.0,3.0,2.5,2.0,40.0,10.0,0.5,1.0,1.0,3.0,2024-08-08 18:19:00+00:00,2024-08-08 18:19:00+00:00,2024-08-08 18:20:00+00:00,2024-08-08 18:20:00+00:00,pullback_long_late_8346db7cf1cc,1,market,0.0,1,1,4,32,33155.0
567562,567563,567563,567563,closed,stop,19980.0,19976.0,19980.25,19975.75,19976.0,20012.0,-4.0,-4.5,-5.0,-100.0,10.0,0.5,1.0,1.0,4.25,2024-08-08 18:20:00+00:00,2024-08-08 18:20:00+00:00,2024-08-08 18:21:00+00:00,2024-08-08 18:21:00+00:00,pullback_long_late_8346db7cf1cc,1,market,0.0,1,1,4,32,33055.0
567565,567566,567566,567566,closed,timeout,19973.5,19980.0,19973.75,19979.75,19969.5,20005.5,6.5,6.0,5.5,110.0,10.0,0.5,1.0,1.0,1.75,2024-08-08 18:23:00+00:00,2024-08-08 18:23:00+00:00,2024-08-08 18:24:00+00:00,2024-08-08 18:24:00+00:00,pullback_long_late_8346db7cf1cc,1,market,0.0,1,1,4,32,33165.0
567566,567567,567567,567567,closed,timeout,19980.25,19981.0,19980.5,19980.75,19976.25,20012.25,0.75,0.25,-0.25,-5.0,10.0,0.5,1.0,1.0,2.5,2024-08-08 18:24:00+00:00,2024-08-08 18:24:00+00:00,2024-08-08 18:25:00+00:00,2024-08-08 18:25:00+00:00,pullback_long_late_8346db7cf1cc,1,market,0.0,1,1,4,32,33160.0
567630,567631,567631,567631,closed,stop,19924.25,19920.25,19924.5,19920.0,19920.25,19956.25,-4.0,-4.5,-5.0,-100.0,10.0,0.5,1.0,1.0,39.0,2024-08-08 19:28:00+00:00,2024-08-08 19:28:00+00:00,2024-08-08 19:29:00+00:00,2024-08-08 19:29:00+00:00,pullback_long_late_8346db7cf1cc,1,market,0.0,1,1,4,32,33060.0
567651,567652,567652,567652,closed,stop,19926.0,19922.0,19926.25,19921.75,19922.0,19958.0,-4.0,-4.5,-5.0,-100.0,10.0,0.5,1.0,1.0,6.75,2024-08-08 19:49:00+00:00,2024-08-08 19:49:00+00:00,2024-08-08 19:50:00+00:00,2024-08-08 19:50:00+00:00,pullback_long_late_8346db7cf1cc,1,market,0.0,1,1,4,32,32960.0
567653,567654,567654,567654,closed,stop,19926.5,19922.5,19926.75,19922.25,19922.5,19958.5,-4.0,-4.5,-5.0,-100.0,10.0,0.5,1.0,1.0,18.25,2024-08-08 19:51:00+00:00,2024-08-08 19:51:00+00:00,2024-08-08 19:52:00+00:00,2024-08-08 19:52:00+00:00,pullback_long_late_8346db7cf1cc,1,market,0.0,1,1,4,32,32860.0
567660,567661,567661,567661,closed,stop,19916.75,19912.75,19917.0,19912.5,19912.75,19948.75,-4.0,-4.5,-5.0,-100.0,10.0,0.5,1.0,1.0,12.5,2024-08-08 19:58:00+00:00,2024-08-08 19:58:00+00:00,2024-08-08 19:59:00+00:00,2024-08-08 19:59:00+00:00,pullback_long_late_8346db7cf1cc,1,market,0.0,1,1,4,32,32760.0
567661,567662,567662,567662,closed,target,19922.5,19954.5,19922.75,19954.25,19918.5,19954.5,32.0,31.5,31.0,620.0,10.0,0.5,1.0,1.0,1.25,2024-08-08 19:59:00+00:00,2024-08-08 19:59:00+00:00,2024-08-08 20:00:00+00:00,2024-08-08 20:00:00+00:00,pullback_long_late_8346db7cf1cc,1,market,0.0,1,1,4,32,33380.0
568953,568954,568954,568954,closed,timeout,20033.75,20038.25,20034.0,20038.0,20029.75,20065.75,4.5,4.0,3.5,70.0,10.0,0.5,1.0,1.0,2.5,2024-08-09 18:46:00+00:00,2024-08-09 18:46:00+00:00,2024-08-09 18:47:00+00:00,2024-08-09 18:47:00+00:00,pullback_long_late_8346db7cf1cc,1,market,0.0,1,1,4,32,33450.0
568981,568982,568982,568982,closed,stop,20042.25,20038.25,20042.5,20038.0,20038.25,20074.25,-4.0,-4.5,-5.0,-100.0,10.0,0.5,1.0,1.0,5.75,2024-08-09 19:14:00+00:00,2024-08-09 19:14:00+00:00,2024-08-09 19:15:00+00:00,2024-08-09 19:15:00+00:00,pullback_long_late_8346db7cf1cc,1,market,0.0,1,1,4,32,33350.0
568990,568991,568991,568991,closed,stop,20032.5,20028.5,20032.75,20028.25,20028.5,20064.5,-4.0,-4.5,-5.0,-100.0,10.0,0.5,1.0,1.0,8.0,2024-08-09 19:23:00+00:00,2024-08-09 19:23:00+00:00,2024-08-09 19:24:00+00:00,2024-08-09 19:24:00+00:00,pullback_long_late_8346db7cf1cc,1,market,0.0,1,1,4,32,33250.0
568992,568993,568993,568993,closed,stop,20031.0,20027.0,20031.25,20026.75,20027.0,20063.0,-4.0,-4.5,-5.0,-100.0,10.0,0.5,1.0,1.0,6.25,2024-08-09 19:25:00+00:00,2024-08-09 19:25:00+00:00,2024-08-09 19:26:00+00:00,2024-08-09 19:26:00+00:00,pullback_long_late_8346db7cf1cc,1,market,0.0,1,1,4,32,33150.0
568993,568994,568994,568994,closed,stop,20039.5,20035.5,20039.75,20035.25,20035.5,20071.5,-4.0,-4.5,-5.0,-100.0,10.0,0.5,1.0,1.0,5.5,2024-08-09 19:26:00+00:00,2024-08-09 19:26:00+00:00,2024-08-09 19:27:00+00:00,2024-08-09 19:27:00+00:00,pullback_long_late_8346db7cf1cc,1,market,0.0,1,1,4,32,33050.0
569008,569009,569009,569009,closed,stop,20057.75,20053.75,20058.0,20053.5,20053.75,20089.75,-4.0,-4.5,-5.0,-100.0,10.0,0.5,1.0,1.0,4.25,2024-08-09 19:41:00+00:00,2024-08-09 19:41:00+00:00,2024-08-09 19:42:00+00:00,2024-08-09 19:42:00+00:00,pullback_long_late_8346db7cf1cc,1,market,0.0,1,1,4,32,32950.0
570283,570284,570284,570284,closed,stop,20052.75,20048.75,20053.0,20048.5,20048.75,20084.75,-4.0,-4.5,-5.0,-100.0,10.0,0.5,1.0,1.0,15.75,2024-08-12 18:11:00+00:00,2024-08-12 18:11:00+00:00,2024-08-12 18:12:00+00:00,2024-08-12 18:12:00+00:00,pullback_long_late_8346db7cf1cc,1,market,0.0,1,1,4,32,32850.0
570285,570286,570286,570286,closed,timeout,20047.0,20058.75,20047.25,20058.5,20043.0,20079.0,11.75,11.25,10.75,215.0,10.0,0.5,1.0,1.0,0.25,2024-08-12 18:13:00+00:00,2024-08-12 18:13:00+00:00,2024-08-12 18:14:00+00:00,2024-08-12 18:14:00+00:00,pullback_long_late_8346db7cf1cc,1,market,0.0,1,1,4,32,33065.0
571653,571654,571654,571654,closed,timeout,20500.0,20500.75,20500.25,20500.5,20496.0,20532.0,0.75,0.25,-0.25,-5.0,10.0,0.5,1.0,1.0,1.75,2024-08-13 18:16:00+00:00,2024-08-13 18:16:00+00:00,2024-08-13 18:17:00+00:00,2024-08-13 18:17:00+00:00,pullback_long_late_8346db7cf1cc,1,market,0.0,1,1,4,32,33060.0
571681,571682,571682,571682,closed,timeout,20506.75,20506.5,20507.0,20506.25,20502.75,20538.75,-0.25,-0.75,-1.25,-25.0,10.0,0.5,1.0,1.0,2.0,2024-08-13 18:44:00+00:00,2024-08-13 18:44:00+00:00,2024-08-13 18:45:00+00:00,2024-08-13 18:45:00+00:00,pullback_long_late_8346db7cf1cc,1,market,0.0,1,1,4,32,33035.0
571737,571738,571738,571738,closed,stop,20493.25,20489.25,20493.5,20489.0,20489.25,20525.25,-4.0,-4.5,-5.0,-100.0,10.0,0.5,1.0,1.0,5.5,2024-08-13 19:40:00+00:00,2024-08-13 19:40:00+00:00,2024-08-13 19:41:00+00:00,2024-08-13 19:41:00+00:00,pullback_long_late_8346db7cf1cc,1,market,0.0,1,1,4,32,32935.0
571738,571739,571739,571739,closed,stop,20500.0,20496.0,20500.25,20495.75,20496.0,20532.0,-4.0,-4.5,-5.0,-100.0,10.0,0.5,1.0,1.0,5.0,2024-08-13 19:41:00+00:00,2024-08-13 19:41:00+00:00,2024-08-13 19:42:00+00:00,2024-08-13 19:42:00+00:00,pullback_long_late_8346db7cf1cc,1,market,0.0,1,1,4,32,32835.0
571749,571750,571750,571750,closed,stop,20529.0,20525.0,20529.25,20524.75,20525.0,20561.0,-4.0,-4.5,-5.0,-100.0,10.0,0.5,1.0,1.0,8.75,2024-08-13 19:52:00+00:00,2024-08-13 19:52:00+00:00,2024-08-13 19:53:00+00:00,2024-08-13 19:53:00+00:00,pullback_long_late_8346db7cf1cc,1,market,0.0,1,1,4,32,32735.0
571753,571754,571754,571754,closed,stop,20521.75,20517.75,20522.0,20517.5,20517.75,20553.75,-4.0,-4.5,-5.0,-100.0,10.0,0.5,1.0,1.0,4.25,2024-08-13 19:56:00+00:00,2024-08-13 19:56:00+00:00,2024-08-13 19:57:00+00:00,2024-08-13 19:57:00+00:00,pullback_long_late_8346db7cf1cc,1,market,0.0,1,1,4,32,32635.0
571754,571755,571755,571755,closed,stop,20527.0,20523.0,20527.25,20522.75,20523.0,20559.0,-4.0,-4.5,-5.0,-100.0,10.0,0.5,1.0,1.0,7.75,2024-08-13 19:57:00+00:00,2024-08-13 19:57:00+00:00,2024-08-13 19:58:00+00:00,2024-08-13 19:58:00+00:00,pullback_long_late_8346db7cf1cc,1,market,0.0,1,1,4,32,32535.0
573036,573037,573037,573037,closed,timeout,20518.0,20517.75,20518.25,20517.5,20514.0,20550.0,-0.25,-0.75,-1.25,-25.0,10.0,0.5,1.0,1.0,4.0,2024-08-14 18:34:00+00:00,2024-08-14 18:34:00+00:00,2024-08-14 18:35:00+00:00,2024-08-14 18:35:00+00:00,pullback_long_late_8346db7cf1cc,1,market,0.0,1,1,4,32,32510.0
573040,573041,573041,573041,closed,timeout,20517.0,20521.75,20517.25,20521.5,20513.0,20549.0,4.75,4.25,3.75,75.0,10.0,0.5,1.0,1.0,1.25,2024-08-14 18:38:00+00:00,2024-08-14 18:38:00+00:00,2024-08-14 18:39:00+00:00,2024-08-14 18:39:00+00:00,pullback_long_late_8346db7cf1cc,1,market,0.0,1,1,4,32,32585.0
573066,573067,573067,573067,closed,stop,20533.25,20529.25,20533.5,20529.0,20529.25,20565.25,-4.0,-4.5,-5.0,-100.0,10.0,0.5,1.0,1.0,5.0,2024-08-14 19:04:00+00:00,2024-08-14 19:04:00+00:00,2024-08-14 19:05:00+00:00,2024-08-14 19:05:00+00:00,pullback_long_late_8346db7cf1cc,1,market,0.0,1,1,4,32,32485.0
573068,573069,573069,573069,closed,timeout,20536.5,20537.25,20536.75,20537.0,20532.5,20568.5,0.75,0.25,-0.25,-5.0,10.0,0.5,1.0,1.0,3.0,2024-08-14 19:06:00+00:00,2024-08-14 19:06:00+00:00,2024-08-14 19:07:00+00:00,2024-08-14 19:07:00+00:00,pullback_long_late_8346db7cf1cc,1,market,0.0,1,1,4,32,32480.0
573114,573115,573115,573115,closed,stop,20528.0,20524.0,20528.25,20523.75,20524.0,20560.0,-4.0,-4.5,-5.0,-100.0,10.0,0.5,1.0,1.0,6.0,2024-08-14 19:52:00+00:00,2024-08-14 19:52:00+00:00,2024-08-14 19:53:00+00:00,2024-08-14 19:53:00+00:00,pullback_long_late_8346db7cf1cc,1,market,0.0,1,1,4,32,32380.0
573121,573122,573122,573122,closed,stop,20565.5,20561.5,20565.75,20561.25,20561.5,20597.5,-4.0,-4.5,-5.0,-100.0,10.0,0.5,1.0,1.0,25.25,2024-08-14 19:59:00+00:00,2024-08-14 19:59:00+00:00,2024-08-14 20:00:00+00:00,2024-08-14 20:00:00+00:00,pullback_long_late_8346db7cf1cc,1,market,0.0,1,1,4,32,32280.0
574379,574380,574380,574380,closed,stop,21020.5,21016.5,21020.75,21016.25,21016.5,21052.5,-4.0,-4.5,-5.0,-100.0,10.0,0.5,1.0,1.0,5.75,2024-08-15 18:12:00+00:00,2024-08-15 18:12:00+00:00,2024-08-15 18:13:00+00:00,2024-08-15 18:13:00+00:00,pullback_long_late_8346db7cf1cc,1,market,0.0,1,1,4,32,32180.0
574381,574382,574382,574382,closed,stop,21017.5,21013.5,21017.75,21013.25,21013.5,21049.5,-4.0,-4.5,-5.0,-100.0,10.0,0.5,1.0,1.0,14.0,2024-08-15 18:14:00+00:00,2024-08-15 18:14:00+00:00,2024-08-15 18:15:00+00:00,2024-08-15 18:15:00+00:00,pullback_long_late_8346db7cf1cc,1,market,0.0,1,1,4,32,32080.0
574466,574467,574467,574467,closed,stop,21026.25,21022.25,21026.5,21022.0,21022.25,21058.25,-4.0,-4.5,-5.0,-100.0,10.0,0.5,1.0,1.0,7.5,2024-08-15 19:39:00+00:00,2024-08-15 19:39:00+00:00,2024-08-15 19:40:00+00:00,2024-08-15 19:40:00+00:00,pullback_long_late_8346db7cf1cc,1,market,0.0,1,1,4,32,31980.0
574475,574476,574476,574476,closed,stop,21018.25,21014.25,21018.5,21014.0,21014.25,21050.25,-4.0,-4.5,-5.0,-100.0,10.0,0.5,1.0,1.0,8.75,2024-08-15 19:48:00+00:00,2024-08-15 19:48:00+00:00,2024-08-15 19:49:00+00:00,2024-08-15 19:49:00+00:00,pullback_long_late_8346db7cf1cc,1,market,0.0,1,1,4,32,31880.0
575767,575768,575768,575768,closed,timeout,21048.75,21048.0,21049.0,21047.75,21044.75,21080.75,-0.75,-1.25,-1.75,-35.0,10.0,0.5,1.0,1.0,3.0,2024-08-16 18:35:00+00:00,2024-08-16 18:35:00+00:00,2024-08-16 18:36:00+00:00,2024-08-16 18:36:00+00:00,pullback_long_late_8346db7cf1cc,1,market,0.0,1,1,4,32,31845.0
575799,575800,575800,575800,closed,stop,21054.25,21050.25,21054.5,21050.0,21050.25,21086.25,-4.0,-4.5,-5.0,-100.0,10.0,0.5,1.0,1.0,10.0,2024-08-16 19:07:00+00:00,2024-08-16 19:07:00+00:00,2024-08-16 19:08:00+00:00,2024-08-16 19:08:00+00:00,pullback_long_late_8346db7cf1cc,1,market,0.0,1,1,4,32,31745.0
575804,575805,575805,575805,closed,timeout,21043.0,21040.75,21043.25,21040.5,21039.0,21075.0,-2.25,-2.75,-3.25,-65.0,10.0,0.5,1.0,1.0,2.75,2024-08-16 19:12:00+00:00,2024-08-16 19:12:00+00:00,2024-08-16 19:13:00+00:00,2024-08-16 19:13:00+00:00,pullback_long_late_8346db7cf1cc,1,market,0.0,1,1,4,32,31680.0
577109,577110,577110,577110,closed,timeout,21162.25,21158.75,21162.5,21158.5,21158.25,21194.25,-3.5,-4.0,-4.5,-90.0,10.0,0.5,1.0,1.0,4.0,2024-08-19 18:13:00+00:00,2024-08-19 18:13:00+00:00,2024-08-19 18:14:00+00:00,2024-08-19 18:14:00+00:00,pullback_long_late_8346db7cf1cc,1,market,0.0,1,1,4,32,31590.0
577111,577112,577112,577112,closed,timeout,21160.25,21160.5,21160.5,21160.25,21156.25,21192.25,0.25,-0.25,-0.75,-15.0,10.0,0.5,1.0,1.0,0.75,2024-08-19 18:15:00+00:00,2024-08-19 18:15:00+00:00,2024-08-19 18:16:00+00:00,2024-08-19 18:16:00+00:00,pullback_long_late_8346db7cf1cc,1,market,0.0,1,1,4,32,31575.0
577114,577115,577115,577115,closed,timeout,21159.5,21158.0,21159.75,21157.75,21155.5,21191.5,-1.5,-2.0,-2.5,-50.0,10.0,0.5,1.0,1.0,3.0,2024-08-19 18:18:00+00:00,2024-08-19 18:18:00+00:00,2024-08-19 18:19:00+00:00,2024-08-19 18:19:00+00:00,pullback_long_late_8346db7cf1cc,1,market,0.0,1,1,4,32,31525.0
577133,577134,577134,577134,closed,stop,21184.25,21180.25,21184.5,21180.0,21180.25,21216.25,-4.0,-4.5,-5.0,-100.0,10.0,0.5,1.0,1.0,6.5,2024-08-19 18:37:00+00:00,2024-08-19 18:37:00+00:00,2024-08-19 18:38:00+00:00,2024-08-19 18:38:00+00:00,pullback_long_late_8346db7cf1cc,1,market,0.0,1,1,4,32,31425.0
577135,577136,577136,577136,closed,timeout,21182.0,21183.0,21182.25,21182.75,21178.0,21214.0,1.0,0.5,0.0,0.0,10.0,0.5,1.0,1.0,0.75,2024-08-19 18:39:00+00:00,2024-08-19 18:39:00+00:00,2024-08-19 18:40:00+00:00,2024-08-19 18:40:00+00:00,pullback_long_late_8346db7cf1cc,1,market,0.0,1,1,4,32,31425.0
577136,577137,577137,577137,closed,timeout,21182.75,21199.75,21183.0,21199.5,21178.75,21214.75,17.0,16.5,16.0,320.0,10.0,0.5,1.0,1.0,0.75,2024-08-19 18:40:00+00:00,2024-08-19 18:40:00+00:00,2024-08-19 18:41:00+00:00,2024-08-19 18:41:00+00:00,pullback_long_late_8346db7cf1cc,1,market,0.0,1,1,4,32,31745.0
577151,577152,577152,577152,closed,stop,21213.25,21209.25,21213.5,21209.0,21209.25,21245.25,-4.0,-4.5,-5.0,-100.0,10.0,0.5,1.0,1.0,5.75,2024-08-19 18:55:00+00:00,2024-08-19 18:55:00+00:00,2024-08-19 18:56:00+00:00,2024-08-19 18:56:00+00:00,pullback_long_late_8346db7cf1cc,1,market,0.0,1,1,4,32,31645.0
577184,577185,577185,577185,closed,timeout,21213.0,21215.75,21213.25,21215.5,21209.0,21245.0,2.75,2.25,1.75,35.0,10.0,0.5,1.0,1.0,1.25,2024-08-19 19:28:00+00:00,2024-08-19 19:28:00+00:00,2024-08-19 19:29:00+00:00,2024-08-19 19:29:00+00:00,pullback_long_late_8346db7cf1cc,1,market,0.0,1,1,4,32,31680.0
577192,577193,577193,577193,closed,stop,21216.0,21212.0,21216.25,21211.75,21212.0,21248.0,-4.0,-4.5,-5.0,-100.0,10.0,0.5,1.0,1.0,6.0,2024-08-19 19:36:00+00:00,2024-08-19 19:36:00+00:00,2024-08-19 19:37:00+00:00,2024-08-19 19:37:00+00:00,pullback_long_late_8346db7cf1cc,1,market,0.0,1,1,4,32,31580.0
577197,577198,577198,577198,closed,stop,21211.75,21207.75,21212.0,21207.5,21207.75,21243.75,-4.0,-4.5,-5.0,-100.0,10.0,0.5,1.0,1.0,5.5,2024-08-19 19:41:00+00:00,2024-08-19 19:41:00+00:00,2024-08-19 19:42:00+00:00,2024-08-19 19:42:00+00:00,pullback_long_late_8346db7cf1cc,1,market,0.0,1,1,4,32,31480.0
578492,578493,578493,578493,closed,timeout,21285.25,21284.0,21285.5,21283.75,21281.25,21317.25,-1.25,-1.75,-2.25,-45.0,10.0,0.5,1.0,1.0,3.25,2024-08-20 18:31:00+00:00,2024-08-20 18:31:00+00:00,2024-08-20 18:32:00+00:00,2024-08-20 18:32:00+00:00,pullback_long_late_8346db7cf1cc,1,market,0.0,1,1,4,32,31435.0
578494,578495,578495,578495,closed,timeout,21289.25,21290.0,21289.5,21289.75,21285.25,21321.25,0.75,0.25,-0.25,-5.0,10.0,0.5,1.0,1.0,2.25,2024-08-20 18:33:00+00:00,2024-08-20 18:33:00+00:00,2024-08-20 18:34:00+00:00,2024-08-20 18:34:00+00:00,pullback_long_late_8346db7cf1cc,1,market,0.0,1,1,4,32,31430.0
579829,579830,579830,579830,closed,stop,21337.5,21333.5,21337.75,21333.25,21333.5,21369.5,-4.0,-4.5,-5.0,-100.0,10.0,0.5,1.0,1.0,7.25,2024-08-21 18:04:00+00:00,2024-08-21 18:04:00+00:00,2024-08-21 18:05:00+00:00,2024-08-21 18:05:00+00:00,pullback_long_late_8346db7cf1cc,1,market,0.0,1,1,4,32,31330.0
579832,579833,579833,579833,closed,stop,21333.0,21329.0,21333.25,21328.75,21329.0,21365.0,-4.0,-4.5,-5.0,-100.0,10.0,0.5,1.0,1.0,5.5,2024-08-21 18:07:00+00:00,2024-08-21 18:07:00+00:00,2024-08-21 18:08:00+00:00,2024-08-21 18:08:00+00:00,pullback_long_late_8346db7cf1cc,1,market,0.0,1,1,4,32,31230.0
579836,579837,579837,579837,closed,stop,21335.5,21331.5,21335.75,21331.25,21331.5,21367.5,-4.0,-4.5,-5.0,-100.0,10.0,0.5,1.0,1.0,6.5,2024-08-21 18:11:00+00:00,2024-08-21 18:11:00+00:00,2024-08-21 18:12:00+00:00,2024-08-21 18:12:00+00:00,pullback_long_late_8346db7cf1cc,1,market,0.0,1,1,4,32,31130.0
579862,579863,579863,579863,closed,timeout,21356.5,21355.5,21356.75,21355.25,21352.5,21388.5,-1.0,-1.5,-2.0,-40.0,10.0,0.5,1.0,1.0,3.0,2024-08-21 18:37:00+00:00,2024-08-21 18:37:00+00:00,2024-08-21 18:38:00+00:00,2024-08-21 18:38:00+00:00,pullback_long_late_8346db7cf1cc,1,market,0.0,1,1,4,32,31090.0
579928,579929,579929,579929,closed,stop,21300.25,21296.25,21300.5,21296.0,21296.25,21332.25,-4.0,-4.5,-5.0,-100.0,10.0,0.5,1.0,1.0,13.0,2024-08-21 19:43:00+00:00,2024-08-21 19:43:00+00:00,2024-08-21 19:44:00+00:00,2024-08-21 19:44:00+00:00,pullback_long_late_8346db7cf1cc,1,market,0.0,1,1,4,32,30990.0
579930,579931,579931,579931,closed,timeout,21296.25,21293.75,21296.5,21293.5,21292.25,21328.25,-2.5,-3.0,-3.5,-70.0,10.0,0.5,1.0,1.0,3.25,2024-08-21 19:45:00+00:00,2024-08-21 19:45:00+00:00,2024-08-21 19:46:00+00:00,2024-08-21 19:46:00+00:00,pullback_long_late_8346db7cf1cc,1,market,0.0,1,1,4,32,30920.0
579937,579938,579938,579938,closed,timeout,21323.0,21329.0,21323.25,21328.75,21319.0,21355.0,6.0,5.5,5.0,100.0,10.0,0.5,1.0,1.0,3.5,2024-08-21 19:52:00+00:00,2024-08-21 19:52:00+00:00,2024-08-21 19:53:00+00:00,2024-08-21 19:53:00+00:00,pullback_long_late_8346db7cf1cc,1,market,0.0,1,1,4,32,31020.0
579943,579944,579944,579944,closed,stop,21345.5,21341.5,21345.75,21341.25,21341.5,21377.5,-4.0,-4.5,-5.0,-100.0,10.0,0.5,1.0,1.0,6.75,2024-08-21 19:58:00+00:00,2024-08-21 19:58:00+00:00,2024-08-21 19:59:00+00:00,2024-08-21 19:59:00+00:00,pullback_long_late_8346db7cf1cc,1,market,0.0,1,1,4,32,30920.0
581214,581215,581215,581215,closed,stop,21075.0,21071.0,21075.25,21070.75,21071.0,21107.0,-4.0,-4.5,-5.0,-100.0,10.0,0.5,1.0,1.0,6.75,2024-08-22 18:24:00+00:00,2024-08-22 18:24:00+00:00,2024-08-22 18:25:00+00:00,2024-08-22 18:25:00+00:00,pullback_long_late_8346db7cf1cc,1,market,0.0,1,1,4,32,30820.0
581223,581224,581224,581224,closed,timeout,21084.25,21087.75,21084.5,21087.5,21080.25,21116.25,3.5,3.0,2.5,50.0,10.0,0.5,1.0,1.0,3.5,2024-08-22 18:33:00+00:00,2024-08-22 18:33:00+00:00,2024-08-22 18:34:00+00:00,2024-08-22 18:34:00+00:00,pullback_long_late_8346db7cf1cc,1,market,0.0,1,1,4,32,30870.0
581224,581225,581225,581225,closed,stop,21088.0,21084.0,21088.25,21083.75,21084.0,21120.0,-4.0,-4.5,-5.0,-100.0,10.0,0.5,1.0,1.0,14.25,2024-08-22 18:34:00+00:00,2024-08-22 18:34:00+00:00,2024-08-22 18:35:00+00:00,2024-08-22 18:35:00+00:00,pullback_long_late_8346db7cf1cc,1,market,0.0,1,1,4,32,30770.0
581228,581229,581229,581229,closed,stop,21079.5,21075.5,21079.75,21075.25,21075.5,21111.5,-4.0,-4.5,-5.0,-100.0,10.0,0.5,1.0,1.0,5.5,2024-08-22 18:38:00+00:00,2024-08-22 18:38:00+00:00,2024-08-22 18:39:00+00:00,2024-08-22 18:39:00+00:00,pullback_long_late_8346db7cf1cc,1,market,0.0,1,1,4,32,30670.0
581229,581230,581230,581230,closed,stop,21082.25,21078.25,21082.5,21078.0,21078.25,21114.25,-4.0,-4.5,-5.0,-100.0,10.0,0.5,1.0,1.0,6.5,2024-08-22 18:39:00+00:00,2024-08-22 18:39:00+00:00,2024-08-22 18:40:00+00:00,2024-08-22 18:40:00+00:00,pullback_long_late_8346db7cf1cc,1,market,0.0,1,1,4,32,30570.0
582568,582569,582569,582569,closed,timeout,21182.25,21186.5,21182.5,21186.25,21178.25,21214.25,4.25,3.75,3.25,65.0,10.0,0.5,1.0,1.0,2.25,2024-08-23 18:13:00+00:00,2024-08-23 18:13:00+00:00,2024-08-23 18:14:00+00:00,2024-08-23 18:14:00+00:00,pullback_long_late_8346db7cf1cc,1,market,0.0,1,1,4,32,30635.0
582574,582575,582575,582575,closed,stop,21184.25,21180.25,21184.5,21180.0,21180.25,21216.25,-4.0,-4.5,-5.0,-100.0,10.0,0.5,1.0,1.0,5.25,2024-08-23 18:19:00+00:00,2024-08-23 18:19:00+00:00,2024-08-23 18:20:00+00:00,2024-08-23 18:20:00+00:00,pullback_long_late_8346db7cf1cc,1,market,0.0,1,1,4,32,30535.0
582599,582600,582600,582600,closed,stop,21191.25,21187.25,21191.5,21187.0,21187.25,21223.25,-4.0,-4.5,-5.0,-100.0,10.0,0.5,1.0,1.0,4.75,2024-08-23 18:44:00+00:00,2024-08-23 18:44:00+00:00,2024-08-23 18:45:00+00:00,2024-08-23 18:45:00+00:00,pullback_long_late_8346db7cf1cc,1,market,0.0,1,1,4,32,30435.0
582630,582631,582631,582631,closed,stop,21211.5,21207.5,21211.75,21207.25,21207.5,21243.5,-4.0,-4.5,-5.0,-100.0,10.0,0.5,1.0,1.0,9.75,2024-08-23 19:15:00+00:00,2024-08-23 19:15:00+00:00,2024-08-23 19:16:00+00:00,2024-08-23 19:16:00+00:00,pullback_long_late_8346db7cf1cc,1,market,0.0,1,1,4,32,30335.0
582633,582634,582634,582634,closed,timeout,21206.25,21210.5,21206.5,21210.25,21202.25,21238.25,4.25,3.75,3.25,65.0,10.0,0.5,1.0,1.0,2.75,2024-08-23 19:18:00+00:00,2024-08-23 19:18:00+00:00,2024-08-23 19:19:00+00:00,2024-08-23 19:19:00+00:00,pullback_long_late_8346db7cf1cc,1,market,0.0,1,1,4,32,30400.0
582634,582635,582635,582635,closed,timeout,21210.25,21217.0,21210.5,21216.75,21206.25,21242.25,6.75,6.25,5.75,115.0,10.0,0.5,1.0,1.0,1.0,2024-08-23 19:19:00+00:00,2024-08-23 19:19:00+00:00,2024-08-23 19:20:00+00:00,2024-08-23 19:20:00+00:00,pullback_long_late_8346db7cf1cc,1,market,0.0,1,1,4,32,30515.0
582639,582640,582640,582640,closed,timeout,21216.0,21226.25,21216.25,21226.0,21212.0,21248.0,10.25,9.75,9.25,185.0,10.0,0.5,1.0,1.0,1.75,2024-08-23 19:24:00+00:00,2024-08-23 19:24:00+00:00,2024-08-23 19:25:00+00:00,2024-08-23 19:25:00+00:00,pullback_long_late_8346db7cf1cc,1,market,0.0,1,1,4,32,30700.0
582648,582649,582649,582649,closed,stop,21223.5,21219.5,21223.75,21219.25,21219.5,21255.5,-4.0,-4.5,-5.0,-100.0,10.0,0.5,1.0,1.0,4.75,2024-08-23 19:33:00+00:00,2024-08-23 19:33:00+00:00,2024-08-23 19:34:00+00:00,2024-08-23 19:34:00+00:00,pullback_long_late_8346db7cf1cc,1,market,0.0,1,1,4,32,30600.0
582672,582673,582673,582673,closed,stop,21227.0,21223.0,21227.25,21222.75,21223.0,21259.0,-4.0,-4.5,-5.0,-100.0,10.0,0.5,1.0,1.0,10.0,2024-08-23 19:57:00+00:00,2024-08-23 19:57:00+00:00,2024-08-23 19:58:00+00:00,2024-08-23 19:58:00+00:00,pullback_long_late_8346db7cf1cc,1,market,0.0,1,1,4,32,30500.0
582674,582675,582675,582675,closed,stop,21226.5,21222.5,21226.75,21222.25,21222.5,21258.5,-4.0,-4.5,-5.0,-100.0,10.0,0.5,1.0,1.0,9.25,2024-08-23 19:59:00+00:00,2024-08-23 19:59:00+00:00,2024-08-23 20:00:00+00:00,2024-08-23 20:00:00+00:00,pullback_long_late_8346db7cf1cc,1,market,0.0,1,1,4,32,30400.0
583957,583958,583958,583958,closed,stop,21032.25,21028.25,21032.5,21028.0,21028.25,21064.25,-4.0,-4.5,-5.0,-100.0,10.0,0.5,1.0,1.0,8.75,2024-08-26 18:38:00+00:00,2024-08-26 18:38:00+00:00,2024-08-26 18:39:00+00:00,2024-08-26 18:39:00+00:00,pullback_long_late_8346db7cf1cc,1,market,0.0,1,1,4,32,30300.0
583959,583960,583960,583960,closed,timeout,21032.5,21044.0,21032.75,21043.75,21028.5,21064.5,11.5,11.0,10.5,210.0,10.0,0.5,1.0,1.0,1.25,2024-08-26 18:40:00+00:00,2024-08-26 18:40:00+00:00,2024-08-26 18:41:00+00:00,2024-08-26 18:41:00+00:00,pullback_long_late_8346db7cf1cc,1,market,0.0,1,1,4,32,30510.0
583968,583969,583969,583969,closed,stop,21041.0,21037.0,21041.25,21036.75,21037.0,21073.0,-4.0,-4.5,-5.0,-100.0,10.0,0.5,1.0,1.0,5.75,2024-08-26 18:49:00+00:00,2024-08-26 18:49:00+00:00,2024-08-26 18:50:00+00:00,2024-08-26 18:50:00+00:00,pullback_long_late_8346db7cf1cc,1,market,0.0,1,1,4,32,30410.0
583979,583980,583980,583980,closed,stop,21048.5,21044.5,21048.75,21044.25,21044.5,21080.5,-4.0,-4.5,-5.0,-100.0,10.0,0.5,1.0,1.0,8.75,2024-08-26 19:00:00+00:00,2024-08-26 19:00:00+00:00,2024-08-26 19:01:00+00:00,2024-08-26 19:01:00+00:00,pullback_long_late_8346db7cf1cc,1,market,0.0,1,1,4,32,30310.0
585291,585292,585292,585292,closed,stop,21119.25,21115.25,21119.5,21115.0,21115.25,21151.25,-4.0,-4.5,-5.0,-100.0,10.0,0.5,1.0,1.0,7.75,2024-08-27 18:07:00+00:00,2024-08-27 18:07:00+00:00,2024-08-27 18:08:00+00:00,2024-08-27 18:08:00+00:00,pullback_long_late_8346db7cf1cc,1,market,0.0,1,1,4,32,30210.0
586676,586677,586677,586677,closed,timeout,20761.75,20762.5,20762.0,20762.25,20757.75,20793.75,0.75,0.25,-0.25,-5.0,10.0,0.5,1.0,1.0,2.5,2024-08-28 18:27:00+00:00,2024-08-28 18:27:00+00:00,2024-08-28 18:28:00+00:00,2024-08-28 18:28:00+00:00,pullback_long_late_8346db7cf1cc,1,market,0.0,1,1,4,32,30205.0
586719,586720,586720,586720,closed,timeout,20858.5,20862.25,20858.75,20862.0,20854.5,20890.5,3.75,3.25,2.75,55.0,10.0,0.5,1.0,1.0,2.75,2024-08-28 19:10:00+00:00,2024-08-28 19:10:00+00:00,2024-08-28 19:11:00+00:00,2024-08-28 19:11:00+00:00,pullback_long_late_8346db7cf1cc,1,market,0.0,1,1,4,32,30260.0
586720,586721,586721,586721,closed,timeout,20861.75,20861.0,20862.0,20860.75,20857.75,20893.75,-0.75,-1.25,-1.75,-35.0,10.0,0.5,1.0,1.0,4.0,2024-08-28 19:11:00+00:00,2024-08-28 19:11:00+00:00,2024-08-28 19:12:00+00:00,2024-08-28 19:12:00+00:00,pullback_long_late_8346db7cf1cc,1,market,0.0,1,1,4,32,30225.0
586724,586725,586725,586725,closed,timeout,20854.25,20873.0,20854.5,20872.75,20850.25,20886.25,18.75,18.25,17.75,355.0,10.0,0.5,1.0,1.0,0.75,2024-08-28 19:15:00+00:00,2024-08-28 19:15:00+00:00,2024-08-28 19:16:00+00:00,2024-08-28 19:16:00+00:00,pullback_long_late_8346db7cf1cc,1,market,0.0,1,1,4,32,30580.0
586747,586748,586748,586748,closed,stop,20889.25,20885.25,20889.5,20885.0,20885.25,20921.25,-4.0,-4.5,-5.0,-100.0,10.0,0.5,1.0,1.0,13.0,2024-08-28 19:38:00+00:00,2024-08-28 19:38:00+00:00,2024-08-28 19:39:00+00:00,2024-08-28 19:39:00+00:00,pullback_long_late_8346db7cf1cc,1,market,0.0,1,1,4,32,30480.0
588107,588108,588108,588108,closed,timeout,20848.5,20853.0,20848.75,20852.75,20844.5,20880.5,4.5,4.0,3.5,70.0,10.0,0.5,1.0,1.0,3.75,2024-08-29 19:33:00+00:00,2024-08-29 19:33:00+00:00,2024-08-29 19:34:00+00:00,2024-08-29 19:34:00+00:00,pullback_long_late_8346db7cf1cc,1,market,0.0,1,1,4,32,30550.0
588108,588109,588109,588109,closed,stop,20853.0,20849.0,20853.25,20848.75,20849.0,20885.0,-4.0,-4.5,-5.0,-100.0,10.0,0.5,1.0,1.0,14.75,2024-08-29 19:34:00+00:00,2024-08-29 19:34:00+00:00,2024-08-29 19:35:00+00:00,2024-08-29 19:35:00+00:00,pullback_long_late_8346db7cf1cc,1,market,0.0,1,1,4,32,30450.0
588110,588111,588111,588111,closed,timeout,20843.75,20852.75,20844.0,20852.5,20839.75,20875.75,9.0,8.5,8.0,160.0,10.0,0.5,1.0,1.0,0.25,2024-08-29 19:36:00+00:00,2024-08-29 19:36:00+00:00,2024-08-29 19:37:00+00:00,2024-08-29 19:37:00+00:00,pullback_long_late_8346db7cf1cc,1,market,0.0,1,1,4,32,30610.0
588118,588119,588119,588119,closed,stop,20871.5,20867.5,20871.75,20867.25,20867.5,20903.5,-4.0,-4.5,-5.0,-100.0,10.0,0.5,1.0,1.0,22.25,2024-08-29 19:44:00+00:00,2024-08-29 19:44:00+00:00,2024-08-29 19:45:00+00:00,2024-08-29 19:45:00+00:00,pullback_long_late_8346db7cf1cc,1,market,0.0,1,1,4,32,30510.0
589399,589400,589400,589400,closed,timeout,20905.0,20908.5,20905.25,20908.25,20901.0,20937.0,3.5,3.0,2.5,50.0,10.0,0.5,1.0,1.0,1.25,2024-08-30 18:20:00+00:00,2024-08-30 18:20:00+00:00,2024-08-30 18:21:00+00:00,2024-08-30 18:21:00+00:00,pullback_long_late_8346db7cf1cc,1,market,0.0,1,1,4,32,30560.0
589410,589411,589411,589411,closed,stop,20914.0,20910.0,20914.25,20909.75,20910.0,20946.0,-4.0,-4.5,-5.0,-100.0,10.0,0.5,1.0,1.0,7.25,2024-08-30 18:31:00+00:00,2024-08-30 18:31:00+00:00,2024-08-30 18:32:00+00:00,2024-08-30 18:32:00+00:00,pullback_long_late_8346db7cf1cc,1,market,0.0,1,1,4,32,30460.0
589412,589413,589413,589413,closed,timeout,20917.25,20920.25,20917.5,20920.0,20913.25,20949.25,3.0,2.5,2.0,40.0,10.0,0.5,1.0,1.0,1.5,2024-08-30 18:33:00+00:00,2024-08-30 18:33:00+00:00,2024-08-30 18:34:00+00:00,2024-08-30 18:34:00+00:00,pullback_long_late_8346db7cf1cc,1,market,0.0,1,1,4,32,30500.0
589425,589426,589426,589426,closed,timeout,20942.0,20944.0,20942.25,20943.75,20938.0,20974.0,2.0,1.5,1.0,20.0,10.0,0.5,1.0,1.0,1.0,2024-08-30 18:46:00+00:00,2024-08-30 18:46:00+00:00,2024-08-30 18:47:00+00:00,2024-08-30 18:47:00+00:00,pullback_long_late_8346db7cf1cc,1,market,0.0,1,1,4,32,30520.0
589426,589427,589427,589427,closed,stop,20943.75,20939.75,20944.0,20939.5,20939.75,20975.75,-4.0,-4.5,-5.0,-100.0,10.0,0.5,1.0,1.0,5.25,2024-08-30 18:47:00+00:00,2024-08-30 18:47:00+00:00,2024-08-30 18:48:00+00:00,2024-08-30 18:48:00+00:00,pullback_long_late_8346db7cf1cc,1,market,0.0,1,1,4,32,30420.0
589438,589439,589439,589439,closed,timeout,20955.25,20957.0,20955.5,20956.75,20951.25,20987.25,1.75,1.25,0.75,15.0,10.0,0.5,1.0,1.0,2.25,2024-08-30 18:59:00+00:00,2024-08-30 18:59:00+00:00,2024-08-30 19:00:00+00:00,2024-08-30 19:00:00+00:00,pullback_long_late_8346db7cf1cc,1,market,0.0,1,1,4,32,30435.0
589477,589478,589478,589478,closed,timeout,20968.75,20970.5,20969.0,20970.25,20964.75,21000.75,1.75,1.25,0.75,15.0,10.0,0.5,1.0,1.0,1.75,2024-08-30 19:38:00+00:00,2024-08-30 19:38:00+00:00,2024-08-30 19:39:00+00:00,2024-08-30 19:39:00+00:00,pullback_long_late_8346db7cf1cc,1,market,0.0,1,1,4,32,30450.0
591922,591923,591923,591923,closed,stop,20494.5,20490.5,20494.75,20490.25,20490.5,20526.5,-4.0,-4.5,-5.0,-100.0,10.0,0.5,1.0,1.0,10.5,2024-09-03 18:39:00+00:00,2024-09-03 18:39:00+00:00,2024-09-03 18:40:00+00:00,2024-09-03 18:40:00+00:00,pullback_long_late_8346db7cf1cc,1,market,0.0,1,1,4,32,30350.0
593346,593347,593347,593347,closed,timeout,20391.5,20400.0,20391.75,20399.75,20387.5,20423.5,8.5,8.0,7.5,150.0,10.0,0.5,1.0,1.0,0.25,2024-09-04 19:38:00+00:00,2024-09-04 19:38:00+00:00,2024-09-04 19:39:00+00:00,2024-09-04 19:39:00+00:00,pullback_long_late_8346db7cf1cc,1,market,0.0,1,1,4,32,30500.0
593352,593353,593353,593353,closed,stop,20416.75,20412.75,20417.0,20412.5,20412.75,20448.75,-4.0,-4.5,-5.0,-100.0,10.0,0.5,1.0,1.0,6.0,2024-09-04 19:44:00+00:00,2024-09-04 19:44:00+00:00,2024-09-04 19:45:00+00:00,2024-09-04 19:45:00+00:00,pullback_long_late_8346db7cf1cc,1,market,0.0,1,1,4,32,30400.0
593357,593358,593358,593358,closed,stop,20412.0,20408.0,20412.25,20407.75,20408.0,20444.0,-4.0,-4.5,-5.0,-100.0,10.0,0.5,1.0,1.0,5.5,2024-09-04 19:49:00+00:00,2024-09-04 19:49:00+00:00,2024-09-04 19:50:00+00:00,2024-09-04 19:50:00+00:00,pullback_long_late_8346db7cf1cc,1,market,0.0,1,1,4,32,30300.0
593366,593367,593367,593367,closed,stop,20420.25,20416.25,20420.5,20416.0,20416.25,20452.25,-4.0,-4.5,-5.0,-100.0,10.0,0.5,1.0,1.0,5.25,2024-09-04 19:58:00+00:00,2024-09-04 19:58:00+00:00,2024-09-04 19:59:00+00:00,2024-09-04 19:59:00+00:00,pullback_long_late_8346db7cf1cc,1,market,0.0,1,1,4,32,30200.0
593367,593368,593368,593368,closed,stop,20425.75,20421.75,20426.0,20421.5,20421.75,20457.75,-4.0,-4.5,-5.0,-100.0,10.0,0.5,1.0,1.0,36.25,2024-09-04 19:59:00+00:00,2024-09-04 19:59:00+00:00,2024-09-04 20:00:00+00:00,2024-09-04 20:00:00+00:00,pullback_long_late_8346db7cf1cc,1,market,0.0,1,1,4,32,30100.0
594617,594618,594618,594618,closed,stop,20440.25,20436.25,20440.5,20436.0,20436.25,20472.25,-4.0,-4.5,-5.0,-100.0,10.0,0.5,1.0,1.0,6.0,2024-09-05 18:04:00+00:00,2024-09-05 18:04:00+00:00,2024-09-05 18:05:00+00:00,2024-09-05 18:05:00+00:00,pullback_long_late_8346db7cf1cc,1,market,0.0,1,1,4,32,30000.0
594630,594631,594631,594631,closed,timeout,20443.0,20449.75,20443.25,20449.5,20439.0,20475.0,6.75,6.25,5.75,115.0,10.0,0.5,1.0,1.0,0.75,2024-09-05 18:17:00+00:00,2024-09-05 18:17:00+00:00,2024-09-05 18:18:00+00:00,2024-09-05 18:18:00+00:00,pullback_long_late_8346db7cf1cc,1,market,0.0,1,1,4,32,30115.0
594667,594668,594668,594668,closed,stop,20449.5,20445.5,20449.75,20445.25,20445.5,20481.5,-4.0,-4.5,-5.0,-100.0,10.0,0.5,1.0,1.0,10.75,2024-09-05 18:54:00+00:00,2024-09-05 18:54:00+00:00,2024-09-05 18:55:00+00:00,2024-09-05 18:55:00+00:00,pullback_long_late_8346db7cf1cc,1,market,0.0,1,1,4,32,30015.0
594710,594711,594711,594711,closed,stop,20425.0,20421.0,20425.25,20420.75,20421.0,20457.0,-4.0,-4.5,-5.0,-100.0,10.0,0.5,1.0,1.0,11.25,2024-09-05 19:37:00+00:00,2024-09-05 19:37:00+00:00,2024-09-05 19:38:00+00:00,2024-09-05 19:38:00+00:00,pullback_long_late_8346db7cf1cc,1,market,0.0,1,1,4,32,29915.0
595979,595980,595980,595980,closed,stop,19918.5,19914.5,19918.75,19914.25,19914.5,19950.5,-4.0,-4.5,-5.0,-100.0,10.0,0.5,1.0,1.0,21.25,2024-09-06 18:01:00+00:00,2024-09-06 18:01:00+00:00,2024-09-06 18:02:00+00:00,2024-09-06 18:02:00+00:00,pullback_long_late_8346db7cf1cc,1,market,0.0,1,1,4,32,29815.0
596025,596026,596026,596026,closed,stop,19893.5,19889.5,19893.75,19889.25,19889.5,19925.5,-4.0,-4.5,-5.0,-100.0,10.0,0.5,1.0,1.0,4.25,2024-09-06 18:47:00+00:00,2024-09-06 18:47:00+00:00,2024-09-06 18:48:00+00:00,2024-09-06 18:48:00+00:00,pullback_long_late_8346db7cf1cc,1,market,0.0,1,1,4,32,29715.0
596026,596027,596027,596027,closed,stop,19896.5,19892.5,19896.75,19892.25,19892.5,19928.5,-4.0,-4.5,-5.0,-100.0,10.0,0.5,1.0,1.0,6.75,2024-09-06 18:48:00+00:00,2024-09-06 18:48:00+00:00,2024-09-06 18:49:00+00:00,2024-09-06 18:49:00+00:00,pullback_long_late_8346db7cf1cc,1,market,0.0,1,1,4,32,29615.0
596028,596029,596029,596029,closed,stop,19902.0,19898.0,19902.25,19897.75,19898.0,19934.0,-4.0,-4.5,-5.0,-100.0,10.0,0.5,1.0,1.0,14.0,2024-09-06 18:50:00+00:00,2024-09-06 18:50:00+00:00,2024-09-06 18:51:00+00:00,2024-09-06 18:51:00+00:00,pullback_long_late_8346db7cf1cc,1,market,0.0,1,1,4,32,29515.0
596046,596047,596047,596047,closed,timeout,19941.75,19940.5,19942.0,19940.25,19937.75,19973.75,-1.25,-1.75,-2.25,-45.0,10.0,0.5,1.0,1.0,2.75,2024-09-06 19:08:00+00:00,2024-09-06 19:08:00+00:00,2024-09-06 19:09:00+00:00,2024-09-06 19:09:00+00:00,pullback_long_late_8346db7cf1cc,1,market,0.0,1,1,4,32,29470.0
596048,596049,596049,596049,closed,timeout,19942.5,19943.0,19942.75,19942.75,19938.5,19974.5,0.5,0.0,-0.5,-10.0,10.0,0.5,1.0,1.0,2.5,2024-09-06 19:10:00+00:00,2024-09-06 19:10:00+00:00,2024-09-06 19:11:00+00:00,2024-09-06 19:11:00+00:00,pullback_long_late_8346db7cf1cc,1,market,0.0,1,1,4,32,29460.0
596053,596054,596054,596054,closed,timeout,19934.5,19942.5,19934.75,19942.25,19930.5,19966.5,8.0,7.5,7.0,140.0,10.0,0.5,1.0,1.0,1.0,2024-09-06 19:15:00+00:00,2024-09-06 19:15:00+00:00,2024-09-06 19:16:00+00:00,2024-09-06 19:16:00+00:00,pullback_long_late_8346db7cf1cc,1,market,0.0,1,1,4,32,29600.0
596054,596055,596055,596055,closed,stop,19942.5,19938.5,19942.75,19938.25,19938.5,19974.5,-4.0,-4.5,-5.0,-100.0,10.0,0.5,1.0,1.0,7.0,2024-09-06 19:16:00+00:00,2024-09-06 19:16:00+00:00,2024-09-06 19:17:00+00:00,2024-09-06 19:17:00+00:00,pullback_long_late_8346db7cf1cc,1,market,0.0,1,1,4,32,29500.0
596059,596060,596060,596060,closed,timeout,19939.0,19947.0,19939.25,19946.75,19935.0,19971.0,8.0,7.5,7.0,140.0,10.0,0.5,1.0,1.0,2.75,2024-09-06 19:21:00+00:00,2024-09-06 19:21:00+00:00,2024-09-06 19:22:00+00:00,2024-09-06 19:22:00+00:00,pullback_long_late_8346db7cf1cc,1,market,0.0,1,1,4,32,29640.0
597401,597402,597402,597402,closed,timeout,20037.25,20035.0,20037.5,20034.75,20033.25,20069.25,-2.25,-2.75,-3.25,-65.0,10.0,0.5,1.0,1.0,2.5,2024-09-09 18:58:00+00:00,2024-09-09 18:58:00+00:00,2024-09-09 18:59:00+00:00,2024-09-09 18:59:00+00:00,pullback_long_late_8346db7cf1cc,1,market,0.0,1,1,4,32,29575.0
597439,597440,597440,597440,closed,stop,20084.5,20080.5,20084.75,20080.25,20080.5,20116.5,-4.0,-4.5,-5.0,-100.0,10.0,0.5,1.0,1.0,4.5,2024-09-09 19:36:00+00:00,2024-09-09 19:36:00+00:00,2024-09-09 19:37:00+00:00,2024-09-09 19:37:00+00:00,pullback_long_late_8346db7cf1cc,1,market,0.0,1,1,4,32,29475.0
597443,597444,597444,597444,closed,timeout,20079.5,20095.0,20079.75,20094.75,20075.5,20111.5,15.5,15.0,14.5,290.0,10.0,0.5,1.0,1.0,0.75,2024-09-09 19:40:00+00:00,2024-09-09 19:40:00+00:00,2024-09-09 19:41:00+00:00,2024-09-09 19:41:00+00:00,pullback_long_late_8346db7cf1cc,1,market,0.0,1,1,4,32,29765.0
597448,597449,597449,597449,closed,stop,20091.0,20087.0,20091.25,20086.75,20087.0,20123.0,-4.0,-4.5,-5.0,-100.0,10.0,0.5,1.0,1.0,16.0,2024-09-09 19:45:00+00:00,2024-09-09 19:45:00+00:00,2024-09-09 19:46:00+00:00,2024-09-09 19:46:00+00:00,pullback_long_late_8346db7cf1cc,1,market,0.0,1,1,4,32,29665.0
597450,597451,597451,597451,closed,timeout,20087.25,20092.75,20087.5,20092.5,20083.25,20119.25,5.5,5.0,4.5,90.0,10.0,0.5,1.0,1.0,1.25,2024-09-09 19:47:00+00:00,2024-09-09 19:47:00+00:00,2024-09-09 19:48:00+00:00,2024-09-09 19:48:00+00:00,pullback_long_late_8346db7cf1cc,1,market,0.0,1,1,4,32,29755.0
597451,597452,597452,597452,closed,stop,20093.25,20089.25,20093.5,20089.0,20089.25,20125.25,-4.0,-4.5,-5.0,-100.0,10.0,0.5,1.0,1.0,9.25,2024-09-09 19:48:00+00:00,2024-09-09 19:48:00+00:00,2024-09-09 19:49:00+00:00,2024-09-09 19:49:00+00:00,pullback_long_late_8346db7cf1cc,1,market,0.0,1,1,4,32,29655.0
598708,598709,598709,598709,closed,timeout,20220.25,20234.75,20220.5,20234.5,20216.25,20252.25,14.5,14.0,13.5,270.0,10.0,0.5,1.0,1.0,0.25,2024-09-10 18:00:00+00:00,2024-09-10 18:00:00+00:00,2024-09-10 18:01:00+00:00,2024-09-10 18:01:00+00:00,pullback_long_late_8346db7cf1cc,1,market,0.0,1,1,4,32,29925.0
598716,598717,598717,598717,closed,timeout,20250.75,20252.5,20251.0,20252.25,20246.75,20282.75,1.75,1.25,0.75,15.0,10.0,0.5,1.0,1.0,1.0,2024-09-10 18:08:00+00:00,2024-09-10 18:08:00+00:00,2024-09-10 18:09:00+00:00,2024-09-10 18:09:00+00:00,pullback_long_late_8346db7cf1cc,1,market,0.0,1,1,4,32,29940.0
598727,598728,598728,598728,closed,stop,20265.0,20261.0,20265.25,20260.75,20261.0,20297.0,-4.0,-4.5,-5.0,-100.0,10.0,0.5,1.0,1.0,5.75,2024-09-10 18:19:00+00:00,2024-09-10 18:19:00+00:00,2024-09-10 18:20:00+00:00,2024-09-10 18:20:00+00:00,pullback_long_late_8346db7cf1cc,1,market,0.0,1,1,4,32,29840.0
598729,598730,598730,598730,closed,stop,20262.25,20258.25,20262.5,20258.0,20258.25,20294.25,-4.0,-4.5,-5.0,-100.0,10.0,0.5,1.0,1.0,8.5,2024-09-10 18:21:00+00:00,2024-09-10 18:21:00+00:00,2024-09-10 18:22:00+00:00,2024-09-10 18:22:00+00:00,pullback_long_late_8346db7cf1cc,1,market,0.0,1,1,4,32,29740.0
598753,598754,598754,598754,closed,timeout,20270.0,20270.75,20270.25,20270.5,20266.0,20302.0,0.75,0.25,-0.25,-5.0,10.0,0.5,1.0,1.0,1.75,2024-09-10 18:45:00+00:00,2024-09-10 18:45:00+00:00,2024-09-10 18:46:00+00:00,2024-09-10 18:46:00+00:00,pullback_long_late_8346db7cf1cc,1,market,0.0,1,1,4,32,29735.0
598787,598788,598788,598788,closed,timeout,20271.5,20270.0,20271.75,20269.75,20267.5,20303.5,-1.5,-2.0,-2.5,-50.0,10.0,0.5,1.0,1.0,3.75,2024-09-10 19:19:00+00:00,2024-09-10 19:19:00+00:00,2024-09-10 19:20:00+00:00,2024-09-10 19:20:00+00:00,pullback_long_late_8346db7cf1cc,1,market,0.0,1,1,4,32,29685.0
598792,598793,598793,598793,closed,timeout,20273.75,20274.25,20274.0,20274.0,20269.75,20305.75,0.5,0.0,-0.5,-10.0,10.0,0.5,1.0,1.0,1.75,2024-09-10 19:24:00+00:00,2024-09-10 19:24:00+00:00,2024-09-10 19:25:00+00:00,2024-09-10 19:25:00+00:00,pullback_long_late_8346db7cf1cc,1,market,0.0,1,1,4,32,29675.0
598809,598810,598810,598810,closed,stop,20287.5,20283.5,20287.75,20283.25,20283.5,20319.5,-4.0,-4.5,-5.0,-100.0,10.0,0.5,1.0,1.0,9.5,2024-09-10 19:41:00+00:00,2024-09-10 19:41:00+00:00,2024-09-10 19:42:00+00:00,2024-09-10 19:42:00+00:00,pullback_long_late_8346db7cf1cc,1,market,0.0,1,1,4,32,29575.0
600073,600074,600074,600074,closed,stop,20473.0,20469.0,20473.25,20468.75,20469.0,20505.0,-4.0,-4.5,-5.0,-100.0,10.0,0.5,1.0,1.0,4.25,2024-09-11 18:00:00+00:00,2024-09-11 18:00:00+00:00,2024-09-11 18:01:00+00:00,2024-09-11 18:01:00+00:00,pullback_long_late_8346db7cf1cc,1,market,0.0,1,1,4,32,29475.0
600095,600096,600096,600096,closed,timeout,20488.0,20491.75,20488.25,20491.5,20484.0,20520.0,3.75,3.25,2.75,55.0,10.0,0.5,1.0,1.0,2.75,2024-09-11 18:22:00+00:00,2024-09-11 18:22:00+00:00,2024-09-11 18:23:00+00:00,2024-09-11 18:23:00+00:00,pullback_long_late_8346db7cf1cc,1,market,0.0,1,1,4,32,29530.0
600107,600108,600108,600108,closed,timeout,20563.75,20564.0,20564.0,20563.75,20559.75,20595.75,0.25,-0.25,-0.75,-15.0,10.0,0.5,1.0,1.0,2.75,2024-09-11 18:34:00+00:00,2024-09-11 18:34:00+00:00,2024-09-11 18:35:00+00:00,2024-09-11 18:35:00+00:00,pullback_long_late_8346db7cf1cc,1,market,0.0,1,1,4,32,29515.0
600121,600122,600122,600122,closed,timeout,20570.0,20580.5,20570.25,20580.25,20566.0,20602.0,10.5,10.0,9.5,190.0,10.0,0.5,1.0,1.0,2.0,2024-09-11 18:48:00+00:00,2024-09-11 18:48:00+00:00,2024-09-11 18:49:00+00:00,2024-09-11 18:49:00+00:00,pullback_long_late_8346db7cf1cc,1,market,0.0,1,1,4,32,29705.0
600122,600123,600123,600123,closed,stop,20580.5,20576.5,20580.75,20576.25,20576.5,20612.5,-4.0,-4.5,-5.0,-100.0,10.0,0.5,1.0,1.0,9.5,2024-09-11 18:49:00+00:00,2024-09-11 18:49:00+00:00,2024-09-11 18:50:00+00:00,2024-09-11 18:50:00+00:00,pullback_long_late_8346db7cf1cc,1,market,0.0,1,1,4,32,29605.0
600152,600153,600153,600153,closed,stop,20600.75,20596.75,20601.0,20596.5,20596.75,20632.75,-4.0,-4.5,-5.0,-100.0,10.0,0.5,1.0,1.0,5.0,2024-09-11 19:19:00+00:00,2024-09-11 19:19:00+00:00,2024-09-11 19:20:00+00:00,2024-09-11 19:20:00+00:00,pullback_long_late_8346db7cf1cc,1,market,0.0,1,1,4,32,29505.0
600153,600154,600154,600154,closed,stop,20605.0,20601.0,20605.25,20600.75,20601.0,20637.0,-4.0,-4.5,-5.0,-100.0,10.0,0.5,1.0,1.0,5.75,2024-09-11 19:20:00+00:00,2024-09-11 19:20:00+00:00,2024-09-11 19:21:00+00:00,2024-09-11 19:21:00+00:00,pullback_long_late_8346db7cf1cc,1,market,0.0,1,1,4,32,29405.0
600154,600155,600155,600155,closed,stop,20612.5,20608.5,20612.75,20608.25,20608.5,20644.5,-4.0,-4.5,-5.0,-100.0,10.0,0.5,1.0,1.0,10.75,2024-09-11 19:21:00+00:00,2024-09-11 19:21:00+00:00,2024-09-11 19:22:00+00:00,2024-09-11 19:22:00+00:00,pullback_long_late_8346db7cf1cc,1,market,0.0,1,1,4,32,29305.0
600167,600168,600168,600168,closed,timeout,20630.75,20640.0,20631.0,20639.75,20626.75,20662.75,9.25,8.75,8.25,165.0,10.0,0.5,1.0,1.0,0.25,2024-09-11 19:34:00+00:00,2024-09-11 19:34:00+00:00,2024-09-11 19:35:00+00:00,2024-09-11 19:35:00+00:00,pullback_long_late_8346db7cf1cc,1,market,0.0,1,1,4,32,29470.0
600172,600173,600173,600173,closed,stop,20629.25,20625.25,20629.5,20625.0,20625.25,20661.25,-4.0,-4.5,-5.0,-100.0,10.0,0.5,1.0,1.0,9.5,2024-09-11 19:39:00+00:00,2024-09-11 19:39:00+00:00,2024-09-11 19:40:00+00:00,2024-09-11 19:40:00+00:00,pullback_long_late_8346db7cf1cc,1,market,0.0,1,1,4,32,29370.0
600174,600175,600175,600175,closed,stop,20631.25,20627.25,20631.5,20627.0,20627.25,20663.25,-4.0,-4.5,-5.0,-100.0,10.0,0.5,1.0,1.0,21.25,2024-09-11 19:41:00+00:00,2024-09-11 19:41:00+00:00,2024-09-11 19:42:00+00:00,2024-09-11 19:42:00+00:00,pullback_long_late_8346db7cf1cc,1,market,0.0,1,1,4,32,29270.0
601473,601474,601474,601474,closed,timeout,20899.75,20906.5,20900.0,20906.25,20895.75,20931.75,6.75,6.25,5.75,115.0,10.0,0.5,1.0,1.0,2.0,2024-09-12 18:35:00+00:00,2024-09-12 18:35:00+00:00,2024-09-12 18:36:00+00:00,2024-09-12 18:36:00+00:00,pullback_long_late_8346db7cf1cc,1,market,0.0,1,1,4,32,29385.0
601474,601475,601475,601475,closed,timeout,20906.75,20910.5,20907.0,20910.25,20902.75,20938.75,3.75,3.25,2.75,55.0,10.0,0.5,1.0,1.0,2.25,2024-09-12 18:36:00+00:00,2024-09-12 18:36:00+00:00,2024-09-12 18:37:00+00:00,2024-09-12 18:37:00+00:00,pullback_long_late_8346db7cf1cc,1,market,0.0,1,1,4,32,29440.0
601511,601512,601512,601512,closed,stop,20889.0,20885.0,20889.25,20884.75,20885.0,20921.0,-4.0,-4.5,-5.0,-100.0,10.0,0.5,1.0,1.0,6.5,2024-09-12 19:13:00+00:00,2024-09-12 19:13:00+00:00,2024-09-12 19:14:00+00:00,2024-09-12 19:14:00+00:00,pullback_long_late_8346db7cf1cc,1,market,0.0,1,1,4,32,29340.0
601514,601515,601515,601515,closed,stop,20888.25,20884.25,20888.5,20884.0,20884.25,20920.25,-4.0,-4.5,-5.0,-100.0,10.0,0.5,1.0,1.0,9.5,2024-09-12 19:16:00+00:00,2024-09-12 19:16:00+00:00,2024-09-12 19:17:00+00:00,2024-09-12 19:17:00+00:00,pullback_long_late_8346db7cf1cc,1,market,0.0,1,1,4,32,29240.0
602848,602849,602849,602849,closed,stop,20957.5,20953.5,20957.75,20953.25,20953.5,20989.5,-4.0,-4.5,-5.0,-100.0,10.0,0.5,1.0,1.0,10.25,2024-09-13 18:46:00+00:00,2024-09-13 18:46:00+00:00,2024-09-13 18:47:00+00:00,2024-09-13 18:47:00+00:00,pullback_long_late_8346db7cf1cc,1,market,0.0,1,1,4,32,29140.0
602885,602886,602886,602886,closed,timeout,20954.0,20958.0,20954.25,20957.75,20950.0,20986.0,4.0,3.5,3.0,60.0,10.0,0.5,1.0,1.0,0.25,2024-09-13 19:23:00+00:00,2024-09-13 19:23:00+00:00,2024-09-13 19:24:00+00:00,2024-09-13 19:24:00+00:00,pullback_long_late_8346db7cf1cc,1,market,0.0,1,1,4,32,29200.0
602891,602892,602892,602892,closed,timeout,20957.25,20961.75,20957.5,20961.5,20953.25,20989.25,4.5,4.0,3.5,70.0,10.0,0.5,1.0,1.0,0.75,2024-09-13 19:29:00+00:00,2024-09-13 19:29:00+00:00,2024-09-13 19:30:00+00:00,2024-09-13 19:30:00+00:00,pullback_long_late_8346db7cf1cc,1,market,0.0,1,1,4,32,29270.0
602892,602893,602893,602893,closed,stop,20962.5,20958.5,20962.75,20958.25,20958.5,20994.5,-4.0,-4.5,-5.0,-100.0,10.0,0.5,1.0,1.0,5.0,2024-09-13 19:30:00+00:00,2024-09-13 19:30:00+00:00,2024-09-13 19:31:00+00:00,2024-09-13 19:31:00+00:00,pullback_long_late_8346db7cf1cc,1,market,0.0,1,1,4,32,29170.0
602900,602901,602901,602901,closed,stop,20960.5,20956.5,20960.75,20956.25,20956.5,20992.5,-4.0,-4.5,-5.0,-100.0,10.0,0.5,1.0,1.0,8.75,2024-09-13 19:38:00+00:00,2024-09-13 19:38:00+00:00,2024-09-13 19:39:00+00:00,2024-09-13 19:39:00+00:00,pullback_long_late_8346db7cf1cc,1,market,0.0,1,1,4,32,29070.0
604162,604163,604163,604163,closed,stop,20856.5,20852.5,20856.75,20852.25,20852.5,20888.5,-4.0,-4.5,-5.0,-100.0,10.0,0.5,1.0,1.0,5.25,2024-09-16 18:03:00+00:00,2024-09-16 18:03:00+00:00,2024-09-16 18:04:00+00:00,2024-09-16 18:04:00+00:00,pullback_long_late_8346db7cf1cc,1,market,0.0,1,1,4,32,28970.0
604186,604187,604187,604187,closed,timeout,20856.25,20865.5,20856.5,20865.25,20852.25,20888.25,9.25,8.75,8.25,165.0,10.0,0.5,1.0,1.0,0.25,2024-09-16 18:27:00+00:00,2024-09-16 18:27:00+00:00,2024-09-16 18:28:00+00:00,2024-09-16 18:28:00+00:00,pullback_long_late_8346db7cf1cc,1,market,0.0,1,1,4,32,29135.0
604199,604200,604200,604200,closed,stop,20856.0,20852.0,20856.25,20851.75,20852.0,20888.0,-4.0,-4.5,-5.0,-100.0,10.0,0.5,1.0,1.0,14.25,2024-09-16 18:40:00+00:00,2024-09-16 18:40:00+00:00,2024-09-16 18:41:00+00:00,2024-09-16 18:41:00+00:00,pullback_long_late_8346db7cf1cc,1,market,0.0,1,1,4,32,29035.0
604225,604226,604226,604226,closed,timeout,20859.25,20860.25,20859.5,20860.0,20855.25,20891.25,1.0,0.5,0.0,0.0,10.0,0.5,1.0,1.0,2.5,2024-09-16 19:06:00+00:00,2024-09-16 19:06:00+00:00,2024-09-16 19:07:00+00:00,2024-09-16 19:07:00+00:00,pullback_long_late_8346db7cf1cc,1,market,0.0,1,1,4,32,29035.0
604270,604271,604271,604271,closed,stop,20875.5,20871.5,20875.75,20871.25,20871.5,20907.5,-4.0,-4.5,-5.0,-100.0,10.0,0.5,1.0,1.0,13.5,2024-09-16 19:51:00+00:00,2024-09-16 19:51:00+00:00,2024-09-16 19:52:00+00:00,2024-09-16 19:52:00+00:00,pullback_long_late_8346db7cf1cc,1,market,0.0,1,1,4,32,28935.0
604272,604273,604273,604273,closed,timeout,20868.75,20873.0,20869.0,20872.75,20864.75,20900.75,4.25,3.75,3.25,65.0,10.0,0.5,1.0,1.0,3.75,2024-09-16 19:53:00+00:00,2024-09-16 19:53:00+00:00,2024-09-16 19:54:00+00:00,2024-09-16 19:54:00+00:00,pullback_long_late_8346db7cf1cc,1,market,0.0,1,1,4,32,29000.0
605536,605537,605537,605537,closed,stop,20871.75,20867.75,20872.0,20867.5,20867.75,20903.75,-4.0,-4.5,-5.0,-100.0,10.0,0.5,1.0,1.0,10.5,2024-09-17 18:12:00+00:00,2024-09-17 18:12:00+00:00,2024-09-17 18:13:00+00:00,2024-09-17 18:13:00+00:00,pullback_long_late_8346db7cf1cc,1,market,0.0,1,1,4,32,28900.0
605643,605644,605644,605644,closed,stop,20871.5,20867.5,20871.75,20867.25,20867.5,20903.5,-4.0,-4.5,-5.0,-100.0,10.0,0.5,1.0,1.0,8.75,2024-09-17 19:59:00+00:00,2024-09-17 19:59:00+00:00,2024-09-17 20:00:00+00:00,2024-09-17 20:00:00+00:00,pullback_long_late_8346db7cf1cc,1,market,0.0,1,1,4,32,28800.0
606894,606895,606895,606895,closed,stop,21019.0,21015.0,21019.25,21014.75,21015.0,21051.0,-4.0,-4.5,-5.0,-100.0,10.0,0.5,1.0,1.0,12.5,2024-09-18 18:06:00+00:00,2024-09-18 18:06:00+00:00,2024-09-18 18:07:00+00:00,2024-09-18 18:07:00+00:00,pullback_long_late_8346db7cf1cc,1,market,0.0,1,1,4,32,28700.0
606904,606905,606905,606905,closed,stop,20949.75,20945.75,20950.0,20945.5,20945.75,20981.75,-4.0,-4.5,-5.0,-100.0,10.0,0.5,1.0,1.0,8.25,2024-09-18 18:16:00+00:00,2024-09-18 18:16:00+00:00,2024-09-18 18:17:00+00:00,2024-09-18 18:17:00+00:00,pullback_long_late_8346db7cf1cc,1,market,0.0,1,1,4,32,28600.0
606905,606906,606906,606906,closed,stop,20963.75,20959.75,20964.0,20959.5,20959.75,20995.75,-4.0,-4.5,-5.0,-100.0,10.0,0.5,1.0,1.0,9.5,2024-09-18 18:17:00+00:00,2024-09-18 18:17:00+00:00,2024-09-18 18:18:00+00:00,2024-09-18 18:18:00+00:00,pullback_long_late_8346db7cf1cc,1,market,0.0,1,1,4,32,28500.0
609673,609674,609674,609674,closed,timeout,21191.0,21197.5,21191.25,21197.25,21187.0,21223.0,6.5,6.0,5.5,110.0,10.0,0.5,1.0,1.0,1.25,2024-09-20 18:58:00+00:00,2024-09-20 18:58:00+00:00,2024-09-20 18:59:00+00:00,2024-09-20 18:59:00+00:00,pullback_long_late_8346db7cf1cc,1,market,0.0,1,1,4,32,28610.0
609684,609685,609685,609685,closed,timeout,21190.0,21195.0,21190.25,21194.75,21186.0,21222.0,5.0,4.5,4.0,80.0,10.0,0.5,1.0,1.0,1.25,2024-09-20 19:09:00+00:00,2024-09-20 19:09:00+00:00,2024-09-20 19:10:00+00:00,2024-09-20 19:10:00+00:00,pullback_long_late_8346db7cf1cc,1,market,0.0,1,1,4,32,28690.0
609685,609686,609686,609686,closed,timeout,21194.5,21198.0,21194.75,21197.75,21190.5,21226.5,3.5,3.0,2.5,50.0,10.0,0.5,1.0,1.0,0.5,2024-09-20 19:10:00+00:00,2024-09-20 19:10:00+00:00,2024-09-20 19:11:00+00:00,2024-09-20 19:11:00+00:00,pullback_long_late_8346db7cf1cc,1,market,0.0,1,1,4,32,28740.0
609686,609687,609687,609687,closed,timeout,21198.25,21201.0,21198.5,21200.75,21194.25,21230.25,2.75,2.25,1.75,35.0,10.0,0.5,1.0,1.0,1.25,2024-09-20 19:11:00+00:00,2024-09-20 19:11:00+00:00,2024-09-20 19:12:00+00:00,2024-09-20 19:12:00+00:00,pullback_long_late_8346db7cf1cc,1,market,0.0,1,1,4,32,28775.0
609699,609700,609700,609700,closed,stop,21220.75,21216.75,21221.0,21216.5,21216.75,21252.75,-4.0,-4.5,-5.0,-100.0,10.0,0.5,1.0,1.0,9.75,2024-09-20 19:24:00+00:00,2024-09-20 19:24:00+00:00,2024-09-20 19:25:00+00:00,2024-09-20 19:25:00+00:00,pullback_long_late_8346db7cf1cc,1,market,0.0,1,1,4,32,28675.0
609701,609702,609702,609702,closed,stop,21227.25,21223.25,21227.5,21223.0,21223.25,21259.25,-4.0,-4.5,-5.0,-100.0,10.0,0.5,1.0,1.0,7.5,2024-09-20 19:26:00+00:00,2024-09-20 19:26:00+00:00,2024-09-20 19:27:00+00:00,2024-09-20 19:27:00+00:00,pullback_long_late_8346db7cf1cc,1,market,0.0,1,1,4,32,28575.0
609717,609718,609718,609718,closed,timeout,21268.75,21273.0,21269.0,21272.75,21264.75,21300.75,4.25,3.75,3.25,65.0,10.0,0.5,1.0,1.0,2.5,2024-09-20 19:42:00+00:00,2024-09-20 19:42:00+00:00,2024-09-20 19:43:00+00:00,2024-09-20 19:43:00+00:00,pullback_long_late_8346db7cf1cc,1,market,0.0,1,1,4,32,28640.0
609718,609719,609719,609719,closed,stop,21272.75,21268.75,21273.0,21268.5,21268.75,21304.75,-4.0,-4.5,-5.0,-100.0,10.0,0.5,1.0,1.0,8.0,2024-09-20 19:43:00+00:00,2024-09-20 19:43:00+00:00,2024-09-20 19:44:00+00:00,2024-09-20 19:44:00+00:00,pullback_long_late_8346db7cf1cc,1,market,0.0,1,1,4,32,28540.0
610980,610981,610981,610981,closed,timeout,21271.25,21271.0,21271.5,21270.75,21267.25,21303.25,-0.25,-0.75,-1.25,-25.0,10.0,0.5,1.0,1.0,2.75,2024-09-23 18:00:00+00:00,2024-09-23 18:00:00+00:00,2024-09-23 18:01:00+00:00,2024-09-23 18:01:00+00:00,pullback_long_late_8346db7cf1cc,1,market,0.0,1,1,4,32,28515.0
610987,610988,610988,610988,closed,timeout,21267.5,21271.0,21267.75,21270.75,21263.5,21299.5,3.5,3.0,2.5,50.0,10.0,0.5,1.0,1.0,2.25,2024-09-23 18:07:00+00:00,2024-09-23 18:07:00+00:00,2024-09-23 18:08:00+00:00,2024-09-23 18:08:00+00:00,pullback_long_late_8346db7cf1cc,1,market,0.0,1,1,4,32,28565.0
611074,611075,611075,611075,closed,timeout,21273.25,21276.25,21273.5,21276.0,21269.25,21305.25,3.0,2.5,2.0,40.0,10.0,0.5,1.0,1.0,1.25,2024-09-23 19:34:00+00:00,2024-09-23 19:34:00+00:00,2024-09-23 19:35:00+00:00,2024-09-23 19:35:00+00:00,pullback_long_late_8346db7cf1cc,1,market,0.0,1,1,4,32,28605.0
611077,611078,611078,611078,closed,timeout,21274.25,21275.5,21274.5,21275.25,21270.25,21306.25,1.25,0.75,0.25,5.0,10.0,0.5,1.0,1.0,0.25,2024-09-23 19:37:00+00:00,2024-09-23 19:37:00+00:00,2024-09-23 19:38:00+00:00,2024-09-23 19:38:00+00:00,pullback_long_late_8346db7cf1cc,1,market,0.0,1,1,4,32,28610.0
612416,612417,612417,612417,closed,stop,21355.75,21351.75,21356.0,21351.5,21351.75,21387.75,-4.0,-4.5,-5.0,-100.0,10.0,0.5,1.0,1.0,10.5,2024-09-24 19:11:00+00:00,2024-09-24 19:11:00+00:00,2024-09-24 19:12:00+00:00,2024-09-24 19:12:00+00:00,pullback_long_late_8346db7cf1cc,1,market,0.0,1,1,4,32,28510.0
612451,612452,612452,612452,closed,stop,21364.5,21360.5,21364.75,21360.25,21360.5,21396.5,-4.0,-4.5,-5.0,-100.0,10.0,0.5,1.0,1.0,4.5,2024-09-24 19:46:00+00:00,2024-09-24 19:46:00+00:00,2024-09-24 19:47:00+00:00,2024-09-24 19:47:00+00:00,pullback_long_late_8346db7cf1cc,1,market,0.0,1,1,4,32,28410.0
612457,612458,612458,612458,closed,stop,21366.25,21362.25,21366.5,21362.0,21362.25,21398.25,-4.0,-4.5,-5.0,-100.0,10.0,0.5,1.0,1.0,6.0,2024-09-24 19:52:00+00:00,2024-09-24 19:52:00+00:00,2024-09-24 19:53:00+00:00,2024-09-24 19:53:00+00:00,pullback_long_late_8346db7cf1cc,1,market,0.0,1,1,4,32,28310.0
613717,613718,613718,613718,closed,stop,21393.25,21389.25,21393.5,21389.0,21389.25,21425.25,-4.0,-4.5,-5.0,-100.0,10.0,0.5,1.0,1.0,7.75,2024-09-25 18:07:00+00:00,2024-09-25 18:07:00+00:00,2024-09-25 18:08:00+00:00,2024-09-25 18:08:00+00:00,pullback_long_late_8346db7cf1cc,1,market,0.0,1,1,4,32,28210.0
613720,613721,613721,613721,closed,stop,21376.75,21372.75,21377.0,21372.5,21372.75,21408.75,-4.0,-4.5,-5.0,-100.0,10.0,0.5,1.0,1.0,5.75,2024-09-25 18:10:00+00:00,2024-09-25 18:10:00+00:00,2024-09-25 18:11:00+00:00,2024-09-25 18:11:00+00:00,pullback_long_late_8346db7cf1cc,1,market,0.0,1,1,4,32,28110.0
613745,613746,613746,613746,closed,timeout,21389.25,21388.5,21389.5,21388.25,21385.25,21421.25,-0.75,-1.25,-1.75,-35.0,10.0,0.5,1.0,1.0,3.75,2024-09-25 18:35:00+00:00,2024-09-25 18:35:00+00:00,2024-09-25 18:36:00+00:00,2024-09-25 18:36:00+00:00,pullback_long_late_8346db7cf1cc,1,market,0.0,1,1,4,32,28075.0
613747,613748,613748,613748,closed,timeout,21389.75,21393.5,21390.0,21393.25,21385.75,21421.75,3.75,3.25,2.75,55.0,10.0,0.5,1.0,1.0,0.75,2024-09-25 18:37:00+00:00,2024-09-25 18:37:00+00:00,2024-09-25 18:38:00+00:00,2024-09-25 18:38:00+00:00,pullback_long_late_8346db7cf1cc,1,market,0.0,1,1,4,32,28130.0
613751,613752,613752,613752,closed,stop,21390.0,21386.0,21390.25,21385.75,21386.0,21422.0,-4.0,-4.5,-5.0,-100.0,10.0,0.5,1.0,1.0,5.25,2024-09-25 18:41:00+00:00,2024-09-25 18:41:00+00:00,2024-09-25 18:42:00+00:00,2024-09-25 18:42:00+00:00,pullback_long_late_8346db7cf1cc,1,market,0.0,1,1,4,32,28030.0
613753,613754,613754,613754,closed,timeout,21392.0,21390.25,21392.25,21390.0,21388.0,21424.0,-1.75,-2.25,-2.75,-55.0,10.0,0.5,1.0,1.0,2.5,2024-09-25 18:43:00+00:00,2024-09-25 18:43:00+00:00,2024-09-25 18:44:00+00:00,2024-09-25 18:44:00+00:00,pullback_long_late_8346db7cf1cc,1,market,0.0,1,1,4,32,27975.0
613764,613765,613765,613765,closed,timeout,21393.25,21395.0,21393.5,21394.75,21389.25,21425.25,1.75,1.25,0.75,15.0,10.0,0.5,1.0,1.0,1.5,2024-09-25 18:54:00+00:00,2024-09-25 18:54:00+00:00,2024-09-25 18:55:00+00:00,2024-09-25 18:55:00+00:00,pullback_long_late_8346db7cf1cc,1,market,0.0,1,1,4,32,27990.0
613822,613823,613823,613823,closed,stop,21388.75,21384.75,21389.0,21384.5,21384.75,21420.75,-4.0,-4.5,-5.0,-100.0,10.0,0.5,1.0,1.0,10.5,2024-09-25 19:52:00+00:00,2024-09-25 19:52:00+00:00,2024-09-25 19:53:00+00:00,2024-09-25 19:53:00+00:00,pullback_long_late_8346db7cf1cc,1,market,0.0,1,1,4,32,27890.0
615076,615077,615077,615077,closed,timeout,21480.5,21478.75,21480.75,21478.5,21476.5,21512.5,-1.75,-2.25,-2.75,-55.0,10.0,0.5,1.0,1.0,3.0,2024-09-26 18:01:00+00:00,2024-09-26 18:01:00+00:00,2024-09-26 18:02:00+00:00,2024-09-26 18:02:00+00:00,pullback_long_late_8346db7cf1cc,1,market,0.0,1,1,4,32,27835.0
615096,615097,615097,615097,closed,timeout,21525.75,21527.0,21526.0,21526.75,21521.75,21557.75,1.25,0.75,0.25,5.0,10.0,0.5,1.0,1.0,1.5,2024-09-26 18:21:00+00:00,2024-09-26 18:21:00+00:00,2024-09-26 18:22:00+00:00,2024-09-26 18:22:00+00:00,pullback_long_late_8346db7cf1cc,1,market,0.0,1,1,4,32,27840.0
615098,615099,615099,615099,closed,stop,21532.25,21528.25,21532.5,21528.0,21528.25,21564.25,-4.0,-4.5,-5.0,-100.0,10.0,0.5,1.0,1.0,7.25,2024-09-26 18:23:00+00:00,2024-09-26 18:23:00+00:00,2024-09-26 18:24:00+00:00,2024-09-26 18:24:00+00:00,pullback_long_late_8346db7cf1cc,1,market,0.0,1,1,4,32,27740.0
615140,615141,615141,615141,closed,timeout,21533.0,21535.25,21533.25,21535.0,21529.0,21565.0,2.25,1.75,1.25,25.0,10.0,0.5,1.0,1.0,3.5,2024-09-26 19:05:00+00:00,2024-09-26 19:05:00+00:00,2024-09-26 19:06:00+00:00,2024-09-26 19:06:00+00:00,pullback_long_late_8346db7cf1cc,1,market,0.0,1,1,4,32,27765.0
615155,615156,615156,615156,closed,timeout,21552.25,21555.0,21552.5,21554.75,21548.25,21584.25,2.75,2.25,1.75,35.0,10.0,0.5,1.0,1.0,1.75,2024-09-26 19:20:00+00:00,2024-09-26 19:20:00+00:00,2024-09-26 19:21:00+00:00,2024-09-26 19:21:00+00:00,pullback_long_late_8346db7cf1cc,1,market,0.0,1,1,4,32,27800.0
616495,616496,616496,616496,closed,timeout,21432.75,21437.0,21433.0,21436.75,21428.75,21464.75,4.25,3.75,3.25,65.0,10.0,0.5,1.0,1.0,1.75,2024-09-27 18:55:00+00:00,2024-09-27 18:55:00+00:00,2024-09-27 18:56:00+00:00,2024-09-27 18:56:00+00:00,pullback_long_late_8346db7cf1cc,1,market,0.0,1,1,4,32,27865.0
617808,617809,617809,617809,closed,stop,21404.25,21400.25,21404.5,21400.0,21400.25,21436.25,-4.0,-4.5,-5.0,-100.0,10.0,0.5,1.0,1.0,7.0,2024-09-30 18:03:00+00:00,2024-09-30 18:03:00+00:00,2024-09-30 18:04:00+00:00,2024-09-30 18:04:00+00:00,pullback_long_late_8346db7cf1cc,1,market,0.0,1,1,4,32,27765.0
617814,617815,617815,617815,closed,timeout,21391.5,21392.25,21391.75,21392.0,21387.5,21423.5,0.75,0.25,-0.25,-5.0,10.0,0.5,1.0,1.0,2.25,2024-09-30 18:09:00+00:00,2024-09-30 18:09:00+00:00,2024-09-30 18:10:00+00:00,2024-09-30 18:10:00+00:00,pullback_long_late_8346db7cf1cc,1,market,0.0,1,1,4,32,27760.0
617850,617851,617851,617851,closed,timeout,21354.75,21365.75,21355.0,21365.5,21350.75,21386.75,11.0,10.5,10.0,200.0,10.0,0.5,1.0,1.0,0.75,2024-09-30 18:45:00+00:00,2024-09-30 18:45:00+00:00,2024-09-30 18:46:00+00:00,2024-09-30 18:46:00+00:00,pullback_long_late_8346db7cf1cc,1,market,0.0,1,1,4,32,27960.0
617856,617857,617857,617857,closed,stop,21360.5,21356.5,21360.75,21356.25,21356.5,21392.5,-4.0,-4.5,-5.0,-100.0,10.0,0.5,1.0,1.0,12.0,2024-09-30 18:51:00+00:00,2024-09-30 18:51:00+00:00,2024-09-30 18:52:00+00:00,2024-09-30 18:52:00+00:00,pullback_long_late_8346db7cf1cc,1,market,0.0,1,1,4,32,27860.0
617859,617860,617860,617860,closed,timeout,21358.25,21368.75,21358.5,21368.5,21354.25,21390.25,10.5,10.0,9.5,190.0,10.0,0.5,1.0,1.0,0.75,2024-09-30 18:54:00+00:00,2024-09-30 18:54:00+00:00,2024-09-30 18:55:00+00:00,2024-09-30 18:55:00+00:00,pullback_long_late_8346db7cf1cc,1,market,0.0,1,1,4,32,28050.0
617887,617888,617888,617888,closed,stop,21350.5,21346.5,21350.75,21346.25,21346.5,21382.5,-4.0,-4.5,-5.0,-100.0,10.0,0.5,1.0,1.0,6.0,2024-09-30 19:22:00+00:00,2024-09-30 19:22:00+00:00,2024-09-30 19:23:00+00:00,2024-09-30 19:23:00+00:00,pullback_long_late_8346db7cf1cc,1,market,0.0,1,1,4,32,27950.0
617902,617903,617903,617903,closed,stop,21348.25,21344.25,21348.5,21344.0,21344.25,21380.25,-4.0,-4.5,-5.0,-100.0,10.0,0.5,1.0,1.0,4.5,2024-09-30 19:37:00+00:00,2024-09-30 19:37:00+00:00,2024-09-30 19:38:00+00:00,2024-09-30 19:38:00+00:00,pullback_long_late_8346db7cf1cc,1,market,0.0,1,1,4,32,27850.0
617912,617913,617913,617913,closed,stop,21394.5,21390.5,21394.75,21390.25,21390.5,21426.5,-4.0,-4.5,-5.0,-100.0,10.0,0.5,1.0,1.0,7.75,2024-09-30 19:47:00+00:00,2024-09-30 19:47:00+00:00,2024-09-30 19:48:00+00:00,2024-09-30 19:48:00+00:00,pullback_long_late_8346db7cf1cc,1,market,0.0,1,1,4,32,27750.0
619174,619175,619175,619175,closed,timeout,21211.5,21217.0,21211.75,21216.75,21207.5,21243.5,5.5,5.0,4.5,90.0,10.0,0.5,1.0,1.0,2.0,2024-10-01 18:04:00+00:00,2024-10-01 18:04:00+00:00,2024-10-01 18:05:00+00:00,2024-10-01 18:05:00+00:00,pullback_long_late_8346db7cf1cc,1,market,0.0,1,1,4,32,27840.0
619175,619176,619176,619176,closed,timeout,21217.25,21227.75,21217.5,21227.5,21213.25,21249.25,10.5,10.0,9.5,190.0,10.0,0.5,1.0,1.0,0.25,2024-10-01 18:05:00+00:00,2024-10-01 18:05:00+00:00,2024-10-01 18:06:00+00:00,2024-10-01 18:06:00+00:00,pullback_long_late_8346db7cf1cc,1,market,0.0,1,1,4,32,28030.0
619179,619180,619180,619180,closed,timeout,21216.75,21224.0,21217.0,21223.75,21212.75,21248.75,7.25,6.75,6.25,125.0,10.0,0.5,1.0,1.0,0.25,2024-10-01 18:09:00+00:00,2024-10-01 18:09:00+00:00,2024-10-01 18:10:00+00:00,2024-10-01 18:10:00+00:00,pullback_long_late_8346db7cf1cc,1,market,0.0,1,1,4,32,28155.0
619180,619181,619181,619181,closed,stop,21223.75,21219.75,21224.0,21219.5,21219.75,21255.75,-4.0,-4.5,-5.0,-100.0,10.0,0.5,1.0,1.0,9.0,2024-10-01 18:10:00+00:00,2024-10-01 18:10:00+00:00,2024-10-01 18:11:00+00:00,2024-10-01 18:11:00+00:00,pullback_long_late_8346db7cf1cc,1,market,0.0,1,1,4,32,28055.0
619191,619192,619192,619192,closed,stop,21249.0,21245.0,21249.25,21244.75,21245.0,21281.0,-4.0,-4.5,-5.0,-100.0,10.0,0.5,1.0,1.0,8.5,2024-10-01 18:21:00+00:00,2024-10-01 18:21:00+00:00,2024-10-01 18:22:00+00:00,2024-10-01 18:22:00+00:00,pullback_long_late_8346db7cf1cc,1,market,0.0,1,1,4,32,27955.0
619195,619196,619196,619196,closed,stop,21240.75,21236.75,21241.0,21236.5,21236.75,21272.75,-4.0,-4.5,-5.0,-100.0,10.0,0.5,1.0,1.0,5.25,2024-10-01 18:25:00+00:00,2024-10-01 18:25:00+00:00,2024-10-01 18:26:00+00:00,2024-10-01 18:26:00+00:00,pullback_long_late_8346db7cf1cc,1,market,0.0,1,1,4,32,27855.0
620542,620543,620543,620543,closed,stop,21248.5,21244.5,21248.75,21244.25,21244.5,21280.5,-4.0,-4.5,-5.0,-100.0,10.0,0.5,1.0,1.0,5.75,2024-10-02 18:07:00+00:00,2024-10-02 18:07:00+00:00,2024-10-02 18:08:00+00:00,2024-10-02 18:08:00+00:00,pullback_long_late_8346db7cf1cc,1,market,0.0,1,1,4,32,27755.0
620549,620550,620550,620550,closed,stop,21247.75,21243.75,21248.0,21243.5,21243.75,21279.75,-4.0,-4.5,-5.0,-100.0,10.0,0.5,1.0,1.0,7.75,2024-10-02 18:14:00+00:00,2024-10-02 18:14:00+00:00,2024-10-02 18:15:00+00:00,2024-10-02 18:15:00+00:00,pullback_long_late_8346db7cf1cc,1,market,0.0,1,1,4,32,27655.0
620610,620611,620611,620611,closed,timeout,21233.0,21232.75,21233.25,21232.5,21229.0,21265.0,-0.25,-0.75,-1.25,-25.0,10.0,0.5,1.0,1.0,2.5,2024-10-02 19:15:00+00:00,2024-10-02 19:15:00+00:00,2024-10-02 19:16:00+00:00,2024-10-02 19:16:00+00:00,pullback_long_late_8346db7cf1cc,1,market,0.0,1,1,4,32,27630.0
620614,620615,620615,620615,closed,timeout,21231.0,21234.25,21231.25,21234.0,21227.0,21263.0,3.25,2.75,2.25,45.0,10.0,0.5,1.0,1.0,0.75,2024-10-02 19:19:00+00:00,2024-10-02 19:19:00+00:00,2024-10-02 19:20:00+00:00,2024-10-02 19:20:00+00:00,pullback_long_late_8346db7cf1cc,1,market,0.0,1,1,4,32,27675.0
620619,620620,620620,620620,closed,stop,21240.25,21236.25,21240.5,21236.0,21236.25,21272.25,-4.0,-4.5,-5.0,-100.0,10.0,0.5,1.0,1.0,5.0,2024-10-02 19:24:00+00:00,2024-10-02 19:24:00+00:00,2024-10-02 19:25:00+00:00,2024-10-02 19:25:00+00:00,pullback_long_late_8346db7cf1cc,1,market,0.0,1,1,4,32,27575.0
620623,620624,620624,620624,closed,timeout,21240.75,21245.0,21241.0,21244.75,21236.75,21272.75,4.25,3.75,3.25,65.0,10.0,0.5,1.0,1.0,1.25,2024-10-02 19:28:00+00:00,2024-10-02 19:28:00+00:00,2024-10-02 19:29:00+00:00,2024-10-02 19:29:00+00:00,pullback_long_late_8346db7cf1cc,1,market,0.0,1,1,4,32,27640.0
620631,620632,620632,620632,closed,stop,21242.5,21238.5,21242.75,21238.25,21238.5,21274.5,-4.0,-4.5,-5.0,-100.0,10.0,0.5,1.0,1.0,6.25,2024-10-02 19:36:00+00:00,2024-10-02 19:36:00+00:00,2024-10-02 19:37:00+00:00,2024-10-02 19:37:00+00:00,pullback_long_late_8346db7cf1cc,1,market,0.0,1,1,4,32,27540.0
621904,621905,621905,621905,closed,timeout,21159.5,21158.25,21159.75,21158.0,21155.5,21191.5,-1.25,-1.75,-2.25,-45.0,10.0,0.5,1.0,1.0,3.0,2024-10-03 18:04:00+00:00,2024-10-03 18:04:00+00:00,2024-10-03 18:05:00+00:00,2024-10-03 18:05:00+00:00,pullback_long_late_8346db7cf1cc,1,market,0.0,1,1,4,32,27495.0
621911,621912,621912,621912,closed,stop,21162.25,21158.25,21162.5,21158.0,21158.25,21194.25,-4.0,-4.5,-5.0,-100.0,10.0,0.5,1.0,1.0,5.0,2024-10-03 18:11:00+00:00,2024-10-03 18:11:00+00:00,2024-10-03 18:12:00+00:00,2024-10-03 18:12:00+00:00,pullback_long_late_8346db7cf1cc,1,market,0.0,1,1,4,32,27395.0
621956,621957,621957,621957,closed,timeout,21157.75,21155.0,21158.0,21154.75,21153.75,21189.75,-2.75,-3.25,-3.75,-75.0,10.0,0.5,1.0,1.0,3.75,2024-10-03 18:56:00+00:00,2024-10-03 18:56:00+00:00,2024-10-03 18:57:00+00:00,2024-10-03 18:57:00+00:00,pullback_long_late_8346db7cf1cc,1,market,0.0,1,1,4,32,27320.0
622014,622015,622015,622015,closed,timeout,21154.5,21169.0,21154.75,21168.75,21150.5,21186.5,14.5,14.0,13.5,270.0,10.0,0.5,1.0,1.0,0.5,2024-10-03 19:54:00+00:00,2024-10-03 19:54:00+00:00,2024-10-03 19:55:00+00:00,2024-10-03 19:55:00+00:00,pullback_long_late_8346db7cf1cc,1,market,0.0,1,1,4,32,27590.0
622015,622016,622016,622016,closed,timeout,21169.0,21168.25,21169.25,21168.0,21165.0,21201.0,-0.75,-1.25,-1.75,-35.0,10.0,0.5,1.0,1.0,2.5,2024-10-03 19:55:00+00:00,2024-10-03 19:55:00+00:00,2024-10-03 19:56:00+00:00,2024-10-03 19:56:00+00:00,pullback_long_late_8346db7cf1cc,1,market,0.0,1,1,4,32,27555.0
623290,623291,623291,623291,closed,timeout,21334.75,21337.5,21335.0,21337.25,21330.75,21366.75,2.75,2.25,1.75,35.0,10.0,0.5,1.0,1.0,0.25,2024-10-04 18:25:00+00:00,2024-10-04 18:25:00+00:00,2024-10-04 18:26:00+00:00,2024-10-04 18:26:00+00:00,pullback_long_late_8346db7cf1cc,1,market,0.0,1,1,4,32,27590.0
623306,623307,623307,623307,closed,timeout,21344.0,21348.25,21344.25,21348.0,21340.0,21376.0,4.25,3.75,3.25,65.0,10.0,0.5,1.0,1.0,0.5,2024-10-04 18:41:00+00:00,2024-10-04 18:41:00+00:00,2024-10-04 18:42:00+00:00,2024-10-04 18:42:00+00:00,pullback_long_late_8346db7cf1cc,1,market,0.0,1,1,4,32,27655.0
623321,623322,623322,623322,closed,timeout,21355.5,21352.25,21355.75,21352.0,21351.5,21387.5,-3.25,-3.75,-4.25,-85.0,10.0,0.5,1.0,1.0,4.0,2024-10-04 18:56:00+00:00,2024-10-04 18:56:00+00:00,2024-10-04 18:57:00+00:00,2024-10-04 18:57:00+00:00,pullback_long_late_8346db7cf1cc,1,market,0.0,1,1,4,32,27570.0
623323,623324,623324,623324,closed,timeout,21361.25,21365.75,21361.5,21365.5,21357.25,21393.25,4.5,4.0,3.5,70.0,10.0,0.5,1.0,1.0,0.5,2024-10-04 18:58:00+00:00,2024-10-04 18:58:00+00:00,2024-10-04 18:59:00+00:00,2024-10-04 18:59:00+00:00,pullback_long_late_8346db7cf1cc,1,market,0.0,1,1,4,32,27640.0
623333,623334,623334,623334,closed,timeout,21366.5,21368.0,21366.75,21367.75,21362.5,21398.5,1.5,1.0,0.5,10.0,10.0,0.5,1.0,1.0,3.5,2024-10-04 19:08:00+00:00,2024-10-04 19:08:00+00:00,2024-10-04 19:09:00+00:00,2024-10-04 19:09:00+00:00,pullback_long_late_8346db7cf1cc,1,market,0.0,1,1,4,32,27650.0
623339,623340,623340,623340,closed,timeout,21365.0,21362.5,21365.25,21362.25,21361.0,21397.0,-2.5,-3.0,-3.5,-70.0,10.0,0.5,1.0,1.0,4.0,2024-10-04 19:14:00+00:00,2024-10-04 19:14:00+00:00,2024-10-04 19:15:00+00:00,2024-10-04 19:15:00+00:00,pullback_long_late_8346db7cf1cc,1,market,0.0,1,1,4,32,27580.0
623342,623343,623343,623343,closed,timeout,21363.25,21361.75,21363.5,21361.5,21359.25,21395.25,-1.5,-2.0,-2.5,-50.0,10.0,0.5,1.0,1.0,1.75,2024-10-04 19:17:00+00:00,2024-10-04 19:17:00+00:00,2024-10-04 19:18:00+00:00,2024-10-04 19:18:00+00:00,pullback_long_late_8346db7cf1cc,1,market,0.0,1,1,4,32,27530.0
623353,623354,623354,623354,closed,timeout,21387.25,21393.0,21387.5,21392.75,21383.25,21419.25,5.75,5.25,4.75,95.0,10.0,0.5,1.0,1.0,1.25,2024-10-04 19:28:00+00:00,2024-10-04 19:28:00+00:00,2024-10-04 19:29:00+00:00,2024-10-04 19:29:00+00:00,pullback_long_late_8346db7cf1cc,1,market,0.0,1,1,4,32,27625.0
623373,623374,623374,623374,closed,timeout,21408.0,21409.25,21408.25,21409.0,21404.0,21440.0,1.25,0.75,0.25,5.0,10.0,0.5,1.0,1.0,0.5,2024-10-04 19:48:00+00:00,2024-10-04 19:48:00+00:00,2024-10-04 19:49:00+00:00,2024-10-04 19:49:00+00:00,pullback_long_late_8346db7cf1cc,1,market,0.0,1,1,4,32,27630.0
624657,624658,624658,624658,closed,stop,21317.75,21313.75,21318.0,21313.5,21313.75,21349.75,-4.0,-4.5,-5.0,-100.0,10.0,0.5,1.0,1.0,8.75,2024-10-07 18:27:00+00:00,2024-10-07 18:27:00+00:00,2024-10-07 18:28:00+00:00,2024-10-07 18:28:00+00:00,pullback_long_late_8346db7cf1cc,1,market,0.0,1,1,4,32,27530.0
624710,624711,624711,624711,closed,timeout,21197.0,21199.75,21197.25,21199.5,21193.0,21229.0,2.75,2.25,1.75,35.0,10.0,0.5,1.0,1.0,1.75,2024-10-07 19:20:00+00:00,2024-10-07 19:20:00+00:00,2024-10-07 19:21:00+00:00,2024-10-07 19:21:00+00:00,pullback_long_late_8346db7cf1cc,1,market,0.0,1,1,4,32,27565.0
624711,624712,624712,624712,closed,stop,21199.5,21195.5,21199.75,21195.25,21195.5,21231.5,-4.0,-4.5,-5.0,-100.0,10.0,0.5,1.0,1.0,4.25,2024-10-07 19:21:00+00:00,2024-10-07 19:21:00+00:00,2024-10-07 19:22:00+00:00,2024-10-07 19:22:00+00:00,pullback_long_late_8346db7cf1cc,1,market,0.0,1,1,4,32,27465.0
626006,626007,626007,626007,closed,timeout,21436.5,21437.5,21436.75,21437.25,21432.5,21468.5,1.0,0.5,0.0,0.0,10.0,0.5,1.0,1.0,0.75,2024-10-08 18:11:00+00:00,2024-10-08 18:11:00+00:00,2024-10-08 18:12:00+00:00,2024-10-08 18:12:00+00:00,pullback_long_late_8346db7cf1cc,1,market,0.0,1,1,4,32,27465.0
626010,626011,626011,626011,closed,timeout,21436.5,21436.25,21436.75,21436.0,21432.5,21468.5,-0.25,-0.75,-1.25,-25.0,10.0,0.5,1.0,1.0,1.0,2024-10-08 18:15:00+00:00,2024-10-08 18:15:00+00:00,2024-10-08 18:16:00+00:00,2024-10-08 18:16:00+00:00,pullback_long_late_8346db7cf1cc,1,market,0.0,1,1,4,32,27440.0
626014,626015,626015,626015,closed,timeout,21435.0,21432.5,21435.25,21432.25,21431.0,21467.0,-2.5,-3.0,-3.5,-70.0,10.0,0.5,1.0,1.0,2.75,2024-10-08 18:19:00+00:00,2024-10-08 18:19:00+00:00,2024-10-08 18:20:00+00:00,2024-10-08 18:20:00+00:00,pullback_long_late_8346db7cf1cc,1,market,0.0,1,1,4,32,27370.0
626035,626036,626036,626036,closed,stop,21457.25,21453.25,21457.5,21453.0,21453.25,21489.25,-4.0,-4.5,-5.0,-100.0,10.0,0.5,1.0,1.0,5.0,2024-10-08 18:40:00+00:00,2024-10-08 18:40:00+00:00,2024-10-08 18:41:00+00:00,2024-10-08 18:41:00+00:00,pullback_long_late_8346db7cf1cc,1,market,0.0,1,1,4,32,27270.0
626039,626040,626040,626040,closed,timeout,21449.75,21449.0,21450.0,21448.75,21445.75,21481.75,-0.75,-1.25,-1.75,-35.0,10.0,0.5,1.0,1.0,3.5,2024-10-08 18:44:00+00:00,2024-10-08 18:44:00+00:00,2024-10-08 18:45:00+00:00,2024-10-08 18:45:00+00:00,pullback_long_late_8346db7cf1cc,1,market,0.0,1,1,4,32,27235.0
626042,626043,626043,626043,closed,timeout,21452.25,21453.0,21452.5,21452.75,21448.25,21484.25,0.75,0.25,-0.25,-5.0,10.0,0.5,1.0,1.0,2.75,2024-10-08 18:47:00+00:00,2024-10-08 18:47:00+00:00,2024-10-08 18:48:00+00:00,2024-10-08 18:48:00+00:00,pullback_long_late_8346db7cf1cc,1,market,0.0,1,1,4,32,27230.0
626060,626061,626061,626061,closed,timeout,21463.25,21468.75,21463.5,21468.5,21459.25,21495.25,5.5,5.0,4.5,90.0,10.0,0.5,1.0,1.0,1.5,2024-10-08 19:05:00+00:00,2024-10-08 19:05:00+00:00,2024-10-08 19:06:00+00:00,2024-10-08 19:06:00+00:00,pullback_long_late_8346db7cf1cc,1,market,0.0,1,1,4,32,27320.0
626061,626062,626062,626062,closed,timeout,21468.75,21470.5,21469.0,21470.25,21464.75,21500.75,1.75,1.25,0.75,15.0,10.0,0.5,1.0,1.0,2.5,2024-10-08 19:06:00+00:00,2024-10-08 19:06:00+00:00,2024-10-08 19:07:00+00:00,2024-10-08 19:07:00+00:00,pullback_long_late_8346db7cf1cc,1,market,0.0,1,1,4,32,27335.0
626086,626087,626087,626087,closed,timeout,21488.5,21491.0,21488.75,21490.75,21484.5,21520.5,2.5,2.0,1.5,30.0,10.0,0.5,1.0,1.0,0.75,2024-10-08 19:31:00+00:00,2024-10-08 19:31:00+00:00,2024-10-08 19:32:00+00:00,2024-10-08 19:32:00+00:00,pullback_long_late_8346db7cf1cc,1,market,0.0,1,1,4,32,27365.0
626091,626092,626092,626092,closed,timeout,21505.5,21509.25,21505.75,21509.0,21501.5,21537.5,3.75,3.25,2.75,55.0,10.0,0.5,1.0,1.0,2.5,2024-10-08 19:36:00+00:00,2024-10-08 19:36:00+00:00,2024-10-08 19:37:00+00:00,2024-10-08 19:37:00+00:00,pullback_long_late_8346db7cf1cc,1,market,0.0,1,1,4,32,27420.0
626098,626099,626099,626099,closed,stop,21509.75,21505.75,21510.0,21505.5,21505.75,21541.75,-4.0,-4.5,-5.0,-100.0,10.0,0.5,1.0,1.0,7.75,2024-10-08 19:43:00+00:00,2024-10-08 19:43:00+00:00,2024-10-08 19:44:00+00:00,2024-10-08 19:44:00+00:00,pullback_long_late_8346db7cf1cc,1,market,0.0,1,1,4,32,27320.0
626101,626102,626102,626102,closed,stop,21504.25,21500.25,21504.5,21500.0,21500.25,21536.25,-4.0,-4.5,-5.0,-100.0,10.0,0.5,1.0,1.0,6.25,2024-10-08 19:46:00+00:00,2024-10-08 19:46:00+00:00,2024-10-08 19:47:00+00:00,2024-10-08 19:47:00+00:00,pullback_long_late_8346db7cf1cc,1,market,0.0,1,1,4,32,27220.0
627398,627399,627399,627399,closed,stop,21629.0,21625.0,21629.25,21624.75,21625.0,21661.0,-4.0,-4.5,-5.0,-100.0,10.0,0.5,1.0,1.0,4.5,2024-10-09 18:38:00+00:00,2024-10-09 18:38:00+00:00,2024-10-09 18:39:00+00:00,2024-10-09 18:39:00+00:00,pullback_long_late_8346db7cf1cc,1,market,0.0,1,1,4,32,27120.0
627416,627417,627417,627417,closed,stop,21633.0,21629.0,21633.25,21628.75,21629.0,21665.0,-4.0,-4.5,-5.0,-100.0,10.0,0.5,1.0,1.0,7.0,2024-10-09 18:56:00+00:00,2024-10-09 18:56:00+00:00,2024-10-09 18:57:00+00:00,2024-10-09 18:57:00+00:00,pullback_long_late_8346db7cf1cc,1,market,0.0,1,1,4,32,27020.0
627443,627444,627444,627444,closed,stop,21639.25,21635.25,21639.5,21635.0,21635.25,21671.25,-4.0,-4.5,-5.0,-100.0,10.0,0.5,1.0,1.0,7.0,2024-10-09 19:23:00+00:00,2024-10-09 19:23:00+00:00,2024-10-09 19:24:00+00:00,2024-10-09 19:24:00+00:00,pullback_long_late_8346db7cf1cc,1,market,0.0,1,1,4,32,26920.0
627451,627452,627452,627452,closed,timeout,21633.0,21640.5,21633.25,21640.25,21629.0,21665.0,7.5,7.0,6.5,130.0,10.0,0.5,1.0,1.0,2.5,2024-10-09 19:31:00+00:00,2024-10-09 19:31:00+00:00,2024-10-09 19:32:00+00:00,2024-10-09 19:32:00+00:00,pullback_long_late_8346db7cf1cc,1,market,0.0,1,1,4,32,27050.0
627457,627458,627458,627458,closed,stop,21664.5,21660.5,21664.75,21660.25,21660.5,21696.5,-4.0,-4.5,-5.0,-100.0,10.0,0.5,1.0,1.0,6.75,2024-10-09 19:37:00+00:00,2024-10-09 19:37:00+00:00,2024-10-09 19:38:00+00:00,2024-10-09 19:38:00+00:00,pullback_long_late_8346db7cf1cc,1,market,0.0,1,1,4,32,26950.0
627475,627476,627476,627476,closed,stop,21671.75,21667.75,21672.0,21667.5,21667.75,21703.75,-4.0,-4.5,-5.0,-100.0,10.0,0.5,1.0,1.0,6.75,2024-10-09 19:55:00+00:00,2024-10-09 19:55:00+00:00,2024-10-09 19:56:00+00:00,2024-10-09 19:56:00+00:00,pullback_long_late_8346db7cf1cc,1,market,0.0,1,1,4,32,26850.0
628739,628740,628740,628740,closed,timeout,21615.5,21617.25,21615.75,21617.0,21611.5,21647.5,1.75,1.25,0.75,15.0,10.0,0.5,1.0,1.0,0.5,2024-10-10 18:14:00+00:00,2024-10-10 18:14:00+00:00,2024-10-10 18:15:00+00:00,2024-10-10 18:15:00+00:00,pullback_long_late_8346db7cf1cc,1,market,0.0,1,1,4,32,26865.0
628785,628786,628786,628786,closed,stop,21617.0,21613.0,21617.25,21612.75,21613.0,21649.0,-4.0,-4.5,-5.0,-100.0,10.0,0.5,1.0,1.0,6.0,2024-10-10 19:00:00+00:00,2024-10-10 19:00:00+00:00,2024-10-10 19:01:00+00:00,2024-10-10 19:01:00+00:00,pullback_long_late_8346db7cf1cc,1,market,0.0,1,1,4,32,26765.0
628813,628814,628814,628814,closed,timeout,21612.25,21613.5,21612.5,21613.25,21608.25,21644.25,1.25,0.75,0.25,5.0,10.0,0.5,1.0,1.0,2.25,2024-10-10 19:28:00+00:00,2024-10-10 19:28:00+00:00,2024-10-10 19:29:00+00:00,2024-10-10 19:29:00+00:00,pullback_long_late_8346db7cf1cc,1,market,0.0,1,1,4,32,26770.0
628842,628843,628843,628843,closed,stop,21633.25,21629.25,21633.5,21629.0,21629.25,21665.25,-4.0,-4.5,-5.0,-100.0,10.0,0.5,1.0,1.0,5.0,2024-10-10 19:57:00+00:00,2024-10-10 19:57:00+00:00,2024-10-10 19:58:00+00:00,2024-10-10 19:58:00+00:00,pullback_long_late_8346db7cf1cc,1,market,0.0,1,1,4,32,26670.0
630105,630106,630106,630106,closed,timeout,21659.0,21661.25,21659.25,21661.0,21655.0,21691.0,2.25,1.75,1.25,25.0,10.0,0.5,1.0,1.0,2.25,2024-10-11 18:15:00+00:00,2024-10-11 18:15:00+00:00,2024-10-11 18:16:00+00:00,2024-10-11 18:16:00+00:00,pullback_long_late_8346db7cf1cc,1,market,0.0,1,1,4,32,26695.0
630112,630113,630113,630113,closed,timeout,21669.25,21668.25,21669.5,21668.0,21665.25,21701.25,-1.0,-1.5,-2.0,-40.0,10.0,0.5,1.0,1.0,3.5,2024-10-11 18:22:00+00:00,2024-10-11 18:22:00+00:00,2024-10-11 18:23:00+00:00,2024-10-11 18:23:00+00:00,pullback_long_late_8346db7cf1cc,1,market,0.0,1,1,4,32,26655.0
630117,630118,630118,630118,closed,timeout,21662.0,21660.0,21662.25,21659.75,21658.0,21694.0,-2.0,-2.5,-3.0,-60.0,10.0,0.5,1.0,1.0,2.25,2024-10-11 18:27:00+00:00,2024-10-11 18:27:00+00:00,2024-10-11 18:28:00+00:00,2024-10-11 18:28:00+00:00,pullback_long_late_8346db7cf1cc,1,market,0.0,1,1,4,32,26595.0
630121,630122,630122,630122,closed,timeout,21659.0,21658.5,21659.25,21658.25,21655.0,21691.0,-0.5,-1.0,-1.5,-30.0,10.0,0.5,1.0,1.0,1.75,2024-10-11 18:31:00+00:00,2024-10-11 18:31:00+00:00,2024-10-11 18:32:00+00:00,2024-10-11 18:32:00+00:00,pullback_long_late_8346db7cf1cc,1,market,0.0,1,1,4,32,26565.0
630156,630157,630157,630157,closed,timeout,21668.25,21670.75,21668.5,21670.5,21664.25,21700.25,2.5,2.0,1.5,30.0,10.0,0.5,1.0,1.0,2.75,2024-10-11 19:06:00+00:00,2024-10-11 19:06:00+00:00,2024-10-11 19:07:00+00:00,2024-10-11 19:07:00+00:00,pullback_long_late_8346db7cf1cc,1,market,0.0,1,1,4,32,26595.0
630161,630162,630162,630162,closed,timeout,21679.25,21684.25,21679.5,21684.0,21675.25,21711.25,5.0,4.5,4.0,80.0,10.0,0.5,1.0,1.0,1.0,2024-10-11 19:11:00+00:00,2024-10-11 19:11:00+00:00,2024-10-11 19:12:00+00:00,2024-10-11 19:12:00+00:00,pullback_long_late_8346db7cf1cc,1,market,0.0,1,1,4,32,26675.0
630162,630163,630163,630163,closed,stop,21684.75,21680.75,21685.0,21680.5,21680.75,21716.75,-4.0,-4.5,-5.0,-100.0,10.0,0.5,1.0,1.0,6.0,2024-10-11 19:12:00+00:00,2024-10-11 19:12:00+00:00,2024-10-11 19:13:00+00:00,2024-10-11 19:13:00+00:00,pullback_long_late_8346db7cf1cc,1,market,0.0,1,1,4,32,26575.0
630165,630166,630166,630166,closed,timeout,21684.75,21687.25,21685.0,21687.0,21680.75,21716.75,2.5,2.0,1.5,30.0,10.0,0.5,1.0,1.0,1.25,2024-10-11 19:15:00+00:00,2024-10-11 19:15:00+00:00,2024-10-11 19:16:00+00:00,2024-10-11 19:16:00+00:00,pullback_long_late_8346db7cf1cc,1,market,0.0,1,1,4,32,26605.0
630169,630170,630170,630170,closed,timeout,21684.25,21682.75,21684.5,21682.5,21680.25,21716.25,-1.5,-2.0,-2.5,-50.0,10.0,0.5,1.0,1.0,2.25,2024-10-11 19:19:00+00:00,2024-10-11 19:19:00+00:00,2024-10-11 19:20:00+00:00,2024-10-11 19:20:00+00:00,pullback_long_late_8346db7cf1cc,1,market,0.0,1,1,4,32,26555.0
630172,630173,630173,630173,closed,stop,21682.0,21678.0,21682.25,21677.75,21678.0,21714.0,-4.0,-4.5,-5.0,-100.0,10.0,0.5,1.0,1.0,5.75,2024-10-11 19:22:00+00:00,2024-10-11 19:22:00+00:00,2024-10-11 19:23:00+00:00,2024-10-11 19:23:00+00:00,pullback_long_late_8346db7cf1cc,1,market,0.0,1,1,4,32,26455.0
630175,630176,630176,630176,closed,timeout,21680.75,21685.25,21681.0,21685.0,21676.75,21712.75,4.5,4.0,3.5,70.0,10.0,0.5,1.0,1.0,3.75,2024-10-11 19:25:00+00:00,2024-10-11 19:25:00+00:00,2024-10-11 19:26:00+00:00,2024-10-11 19:26:00+00:00,pullback_long_late_8346db7cf1cc,1,market,0.0,1,1,4,32,26525.0
631474,631475,631475,631475,closed,timeout,21816.0,21820.75,21816.25,21820.5,21812.0,21848.0,4.75,4.25,3.75,75.0,10.0,0.5,1.0,1.0,0.25,2024-10-14 18:19:00+00:00,2024-10-14 18:19:00+00:00,2024-10-14 18:20:00+00:00,2024-10-14 18:20:00+00:00,pullback_long_late_8346db7cf1cc,1,market,0.0,1,1,4,32,26600.0
631493,631494,631494,631494,closed,timeout,21823.75,21826.0,21824.0,21825.75,21819.75,21855.75,2.25,1.75,1.25,25.0,10.0,0.5,1.0,1.0,3.0,2024-10-14 18:38:00+00:00,2024-10-14 18:38:00+00:00,2024-10-14 18:39:00+00:00,2024-10-14 18:39:00+00:00,pullback_long_late_8346db7cf1cc,1,market,0.0,1,1,4,32,26625.0
631501,631502,631502,631502,closed,timeout,21833.0,21834.75,21833.25,21834.5,21829.0,21865.0,1.75,1.25,0.75,15.0,10.0,0.5,1.0,1.0,3.5,2024-10-14 18:46:00+00:00,2024-10-14 18:46:00+00:00,2024-10-14 18:47:00+00:00,2024-10-14 18:47:00+00:00,pullback_long_late_8346db7cf1cc,1,market,0.0,1,1,4,32,26640.0
631502,631503,631503,631503,closed,stop,21835.0,21831.0,21835.25,21830.75,21831.0,21867.0,-4.0,-4.5,-5.0,-100.0,10.0,0.5,1.0,1.0,5.0,2024-10-14 18:47:00+00:00,2024-10-14 18:47:00+00:00,2024-10-14 18:48:00+00:00,2024-10-14 18:48:00+00:00,pullback_long_late_8346db7cf1cc,1,market,0.0,1,1,4,32,26540.0
631510,631511,631511,631511,closed,timeout,21828.25,21830.5,21828.5,21830.25,21824.25,21860.25,2.25,1.75,1.25,25.0,10.0,0.5,1.0,1.0,1.25,2024-10-14 18:55:00+00:00,2024-10-14 18:55:00+00:00,2024-10-14 18:56:00+00:00,2024-10-14 18:56:00+00:00,pullback_long_late_8346db7cf1cc,1,market,0.0,1,1,4,32,26565.0
631548,631549,631549,631549,closed,timeout,21831.25,21836.25,21831.5,21836.0,21827.25,21863.25,5.0,4.5,4.0,80.0,10.0,0.5,1.0,1.0,0.5,2024-10-14 19:33:00+00:00,2024-10-14 19:33:00+00:00,2024-10-14 19:34:00+00:00,2024-10-14 19:34:00+00:00,pullback_long_late_8346db7cf1cc,1,market,0.0,1,1,4,32,26645.0
631563,631564,631564,631564,closed,timeout,21850.25,21855.75,21850.5,21855.5,21846.25,21882.25,5.5,5.0,4.5,90.0,10.0,0.5,1.0,1.0,1.25,2024-10-14 19:48:00+00:00,2024-10-14 19:48:00+00:00,2024-10-14 19:49:00+00:00,2024-10-14 19:49:00+00:00,pullback_long_late_8346db7cf1cc,1,market,0.0,1,1,4,32,26735.0
632906,632907,632907,632907,closed,stop,21507.25,21503.25,21507.5,21503.0,21503.25,21539.25,-4.0,-4.5,-5.0,-100.0,10.0,0.5,1.0,1.0,11.0,2024-10-15 19:26:00+00:00,2024-10-15 19:26:00+00:00,2024-10-15 19:27:00+00:00,2024-10-15 19:27:00+00:00,pullback_long_late_8346db7cf1cc,1,market,0.0,1,1,4,32,26635.0
632937,632938,632938,632938,closed,stop,21525.5,21521.5,21525.75,21521.25,21521.5,21557.5,-4.0,-4.5,-5.0,-100.0,10.0,0.5,1.0,1.0,9.25,2024-10-15 19:57:00+00:00,2024-10-15 19:57:00+00:00,2024-10-15 19:58:00+00:00,2024-10-15 19:58:00+00:00,pullback_long_late_8346db7cf1cc,1,market,0.0,1,1,4,32,26535.0
632939,632940,632940,632940,closed,timeout,21527.25,21542.5,21527.5,21542.25,21523.25,21559.25,15.25,14.75,14.25,285.0,10.0,0.5,1.0,1.0,0.5,2024-10-15 19:59:00+00:00,2024-10-15 19:59:00+00:00,2024-10-15 20:00:00+00:00,2024-10-15 20:00:00+00:00,pullback_long_late_8346db7cf1cc,1,market,0.0,1,1,4,32,26820.0
634187,634188,634188,634188,closed,stop,21532.75,21528.75,21533.0,21528.5,21528.75,21564.75,-4.0,-4.5,-5.0,-100.0,10.0,0.5,1.0,1.0,4.75,2024-10-16 18:02:00+00:00,2024-10-16 18:02:00+00:00,2024-10-16 18:03:00+00:00,2024-10-16 18:03:00+00:00,pullback_long_late_8346db7cf1cc,1,market,0.0,1,1,4,32,26720.0
634213,634214,634214,634214,closed,timeout,21561.5,21564.0,21561.75,21563.75,21557.5,21593.5,2.5,2.0,1.5,30.0,10.0,0.5,1.0,1.0,2.5,2024-10-16 18:28:00+00:00,2024-10-16 18:28:00+00:00,2024-10-16 18:29:00+00:00,2024-10-16 18:29:00+00:00,pullback_long_late_8346db7cf1cc,1,market,0.0,1,1,4,32,26750.0
634214,634215,634215,634215,closed,timeout,21564.75,21568.25,21565.0,21568.0,21560.75,21596.75,3.5,3.0,2.5,50.0,10.0,0.5,1.0,1.0,1.0,2024-10-16 18:29:00+00:00,2024-10-16 18:29:00+00:00,2024-10-16 18:30:00+00:00,2024-10-16 18:30:00+00:00,pullback_long_late_8346db7cf1cc,1,market,0.0,1,1,4,32,26800.0
634215,634216,634216,634216,closed,stop,21568.5,21564.5,21568.75,21564.25,21564.5,21600.5,-4.0,-4.5,-5.0,-100.0,10.0,0.5,1.0,1.0,4.75,2024-10-16 18:30:00+00:00,2024-10-16 18:30:00+00:00,2024-10-16 18:31:00+00:00,2024-10-16 18:31:00+00:00,pullback_long_late_8346db7cf1cc,1,market,0.0,1,1,4,32,26700.0
634221,634222,634222,634222,closed,stop,21560.25,21556.25,21560.5,21556.0,21556.25,21592.25,-4.0,-4.5,-5.0,-100.0,10.0,0.5,1.0,1.0,5.25,2024-10-16 18:36:00+00:00,2024-10-16 18:36:00+00:00,2024-10-16 18:37:00+00:00,2024-10-16 18:37:00+00:00,pullback_long_late_8346db7cf1cc,1,market,0.0,1,1,4,32,26600.0
634225,634226,634226,634226,closed,timeout,21555.5,21554.75,21555.75,21554.5,21551.5,21587.5,-0.75,-1.25,-1.75,-35.0,10.0,0.5,1.0,1.0,3.75,2024-10-16 18:40:00+00:00,2024-10-16 18:40:00+00:00,2024-10-16 18:41:00+00:00,2024-10-16 18:41:00+00:00,pullback_long_late_8346db7cf1cc,1,market,0.0,1,1,4,32,26565.0
635593,635594,635594,635594,closed,timeout,21590.0,21591.0,21590.25,21590.75,21586.0,21622.0,1.0,0.5,0.0,0.0,10.0,0.5,1.0,1.0,0.75,2024-10-17 18:44:00+00:00,2024-10-17 18:44:00+00:00,2024-10-17 18:45:00+00:00,2024-10-17 18:45:00+00:00,pullback_long_late_8346db7cf1cc,1,market,0.0,1,1,4,32,26565.0
635606,635607,635607,635607,closed,timeout,21615.75,21621.0,21616.0,21620.75,21611.75,21647.75,5.25,4.75,4.25,85.0,10.0,0.5,1.0,1.0,1.25,2024-10-17 18:57:00+00:00,2024-10-17 18:57:00+00:00,2024-10-17 18:58:00+00:00,2024-10-17 18:58:00+00:00,pullback_long_late_8346db7cf1cc,1,market,0.0,1,1,4,32,26650.0
635615,635616,635616,635616,closed,timeout,21607.0,21610.0,21607.25,21609.75,21603.0,21639.0,3.0,2.5,2.0,40.0,10.0,0.5,1.0,1.0,0.25,2024-10-17 19:06:00+00:00,2024-10-17 19:06:00+00:00,2024-10-17 19:07:00+00:00,2024-10-17 19:07:00+00:00,pullback_long_late_8346db7cf1cc,1,market,0.0,1,1,4,32,26690.0
635616,635617,635617,635617,closed,timeout,21610.0,21614.0,21610.25,21613.75,21606.0,21642.0,4.0,3.5,3.0,60.0,10.0,0.5,1.0,1.0,2.25,2024-10-17 19:07:00+00:00,2024-10-17 19:07:00+00:00,2024-10-17 19:08:00+00:00,2024-10-17 19:08:00+00:00,pullback_long_late_8346db7cf1cc,1,market,0.0,1,1,4,32,26750.0
636940,636941,636941,636941,closed,timeout,21700.0,21703.75,21700.25,21703.5,21696.0,21732.0,3.75,3.25,2.75,55.0,10.0,0.5,1.0,1.0,0.5,2024-10-18 18:26:00+00:00,2024-10-18 18:26:00+00:00,2024-10-18 18:27:00+00:00,2024-10-18 18:27:00+00:00,pullback_long_late_8346db7cf1cc,1,market,0.0,1,1,4,32,26805.0
638279,638280,638280,638280,closed,timeout,21690.0,21688.0,21690.25,21687.75,21686.0,21722.0,-2.0,-2.5,-3.0,-60.0,10.0,0.5,1.0,1.0,2.5,2024-10-21 18:00:00+00:00,2024-10-21 18:00:00+00:00,2024-10-21 18:01:00+00:00,2024-10-21 18:01:00+00:00,pullback_long_late_8346db7cf1cc,1,market,0.0,1,1,4,32,26745.0
638283,638284,638284,638284,closed,timeout,21690.5,21688.25,21690.75,21688.0,21686.5,21722.5,-2.25,-2.75,-3.25,-65.0,10.0,0.5,1.0,1.0,3.25,2024-10-21 18:04:00+00:00,2024-10-21 18:04:00+00:00,2024-10-21 18:05:00+00:00,2024-10-21 18:05:00+00:00,pullback_long_late_8346db7cf1cc,1,market,0.0,1,1,4,32,26680.0
638364,638365,638365,638365,closed,timeout,21678.75,21680.5,21679.0,21680.25,21674.75,21710.75,1.75,1.25,0.75,15.0,10.0,0.5,1.0,1.0,2.25,2024-10-21 19:25:00+00:00,2024-10-21 19:25:00+00:00,2024-10-21 19:26:00+00:00,2024-10-21 19:26:00+00:00,pullback_long_late_8346db7cf1cc,1,market,0.0,1,1,4,32,26695.0
638365,638366,638366,638366,closed,timeout,21680.5,21686.25,21680.75,21686.0,21676.5,21712.5,5.75,5.25,4.75,95.0,10.0,0.5,1.0,1.0,0.75,2024-10-21 19:26:00+00:00,2024-10-21 19:26:00+00:00,2024-10-21 19:27:00+00:00,2024-10-21 19:27:00+00:00,pullback_long_late_8346db7cf1cc,1,market,0.0,1,1,4,32,26790.0
638392,638393,638393,638393,closed,timeout,21683.5,21691.0,21683.75,21690.75,21679.5,21715.5,7.5,7.0,6.5,130.0,10.0,0.5,1.0,1.0,2.0,2024-10-21 19:53:00+00:00,2024-10-21 19:53:00+00:00,2024-10-21 19:54:00+00:00,2024-10-21 19:54:00+00:00,pullback_long_late_8346db7cf1cc,1,market,0.0,1,1,4,32,26920.0
638396,638397,638397,638397,closed,stop,21706.5,21702.5,21706.75,21702.25,21702.5,21738.5,-4.0,-4.5,-5.0,-100.0,10.0,0.5,1.0,1.0,7.75,2024-10-21 19:57:00+00:00,2024-10-21 19:57:00+00:00,2024-10-21 19:58:00+00:00,2024-10-21 19:58:00+00:00,pullback_long_late_8346db7cf1cc,1,market,0.0,1,1,4,32,26820.0
639728,639729,639729,639729,closed,timeout,21738.25,21741.5,21738.5,21741.25,21734.25,21770.25,3.25,2.75,2.25,45.0,10.0,0.5,1.0,1.0,0.75,2024-10-22 19:25:00+00:00,2024-10-22 19:25:00+00:00,2024-10-22 19:26:00+00:00,2024-10-22 19:26:00+00:00,pullback_long_late_8346db7cf1cc,1,market,0.0,1,1,4,32,26865.0
639729,639730,639730,639730,closed,timeout,21741.5,21740.0,21741.75,21739.75,21737.5,21773.5,-1.5,-2.0,-2.5,-50.0,10.0,0.5,1.0,1.0,3.0,2024-10-22 19:26:00+00:00,2024-10-22 19:26:00+00:00,2024-10-22 19:27:00+00:00,2024-10-22 19:27:00+00:00,pullback_long_late_8346db7cf1cc,1,market,0.0,1,1,4,32,26815.0
639747,639748,639748,639748,closed,timeout,21746.25,21746.75,21746.5,21746.5,21742.25,21778.25,0.5,0.0,-0.5,-10.0,10.0,0.5,1.0,1.0,2.5,2024-10-22 19:44:00+00:00,2024-10-22 19:44:00+00:00,2024-10-22 19:45:00+00:00,2024-10-22 19:45:00+00:00,pullback_long_late_8346db7cf1cc,1,market,0.0,1,1,4,32,26805.0
641040,641041,641041,641041,closed,timeout,21326.25,21335.25,21326.5,21335.0,21322.25,21358.25,9.0,8.5,8.0,160.0,10.0,0.5,1.0,1.0,1.5,2024-10-23 18:32:00+00:00,2024-10-23 18:32:00+00:00,2024-10-23 18:33:00+00:00,2024-10-23 18:33:00+00:00,pullback_long_late_8346db7cf1cc,1,market,0.0,1,1,4,32,26965.0
641060,641061,641061,641061,closed,timeout,21379.25,21377.0,21379.5,21376.75,21375.25,21411.25,-2.25,-2.75,-3.25,-65.0,10.0,0.5,1.0,1.0,3.5,2024-10-23 18:52:00+00:00,2024-10-23 18:52:00+00:00,2024-10-23 18:53:00+00:00,2024-10-23 18:53:00+00:00,pullback_long_late_8346db7cf1cc,1,market,0.0,1,1,4,32,26900.0
641064,641065,641065,641065,closed,stop,21373.75,21369.75,21374.0,21369.5,21369.75,21405.75,-4.0,-4.5,-5.0,-100.0,10.0,0.5,1.0,1.0,6.5,2024-10-23 18:56:00+00:00,2024-10-23 18:56:00+00:00,2024-10-23 18:57:00+00:00,2024-10-23 18:57:00+00:00,pullback_long_late_8346db7cf1cc,1,market,0.0,1,1,4,32,26800.0
641103,641104,641104,641104,closed,timeout,21382.5,21388.75,21382.75,21388.5,21378.5,21414.5,6.25,5.75,5.25,105.0,10.0,0.5,1.0,1.0,1.5,2024-10-23 19:35:00+00:00,2024-10-23 19:35:00+00:00,2024-10-23 19:36:00+00:00,2024-10-23 19:36:00+00:00,pullback_long_late_8346db7cf1cc,1,market,0.0,1,1,4,32,26905.0
641111,641112,641112,641112,closed,timeout,21407.0,21416.25,21407.25,21416.0,21403.0,21439.0,9.25,8.75,8.25,165.0,10.0,0.5,1.0,1.0,3.0,2024-10-23 19:43:00+00:00,2024-10-23 19:43:00+00:00,2024-10-23 19:44:00+00:00,2024-10-23 19:44:00+00:00,pullback_long_late_8346db7cf1cc,1,market,0.0,1,1,4,32,27070.0
641118,641119,641119,641119,closed,timeout,21405.5,21422.0,21405.75,21421.75,21401.5,21437.5,16.5,16.0,15.5,310.0,10.0,0.5,1.0,1.0,0.25,2024-10-23 19:50:00+00:00,2024-10-23 19:50:00+00:00,2024-10-23 19:51:00+00:00,2024-10-23 19:51:00+00:00,pullback_long_late_8346db7cf1cc,1,market,0.0,1,1,4,32,27380.0
641121,641122,641122,641122,closed,timeout,21410.75,21412.25,21411.0,21412.0,21406.75,21442.75,1.5,1.0,0.5,10.0,10.0,0.5,1.0,1.0,0.75,2024-10-23 19:53:00+00:00,2024-10-23 19:53:00+00:00,2024-10-23 19:54:00+00:00,2024-10-23 19:54:00+00:00,pullback_long_late_8346db7cf1cc,1,market,0.0,1,1,4,32,27390.0
641124,641125,641125,641125,closed,timeout,21409.75,21414.25,21410.0,21414.0,21405.75,21441.75,4.5,4.0,3.5,70.0,10.0,0.5,1.0,1.0,0.75,2024-10-23 19:56:00+00:00,2024-10-23 19:56:00+00:00,2024-10-23 19:57:00+00:00,2024-10-23 19:57:00+00:00,pullback_long_late_8346db7cf1cc,1,market,0.0,1,1,4,32,27460.0
641125,641126,641126,641126,closed,stop,21414.25,21410.25,21414.5,21410.0,21410.25,21446.25,-4.0,-4.5,-5.0,-100.0,10.0,0.5,1.0,1.0,6.5,2024-10-23 19:57:00+00:00,2024-10-23 19:57:00+00:00,2024-10-23 19:58:00+00:00,2024-10-23 19:58:00+00:00,pullback_long_late_8346db7cf1cc,1,market,0.0,1,1,4,32,27360.0
642452,642453,642453,642453,closed,timeout,21577.75,21584.0,21578.0,21583.75,21573.75,21609.75,6.25,5.75,5.25,105.0,10.0,0.5,1.0,1.0,0.75,2024-10-24 19:19:00+00:00,2024-10-24 19:19:00+00:00,2024-10-24 19:20:00+00:00,2024-10-24 19:20:00+00:00,pullback_long_late_8346db7cf1cc,1,market,0.0,1,1,4,32,27465.0
642453,642454,642454,642454,closed,timeout,21584.0,21584.25,21584.25,21584.0,21580.0,21616.0,0.25,-0.25,-0.75,-15.0,10.0,0.5,1.0,1.0,1.0,2024-10-24 19:20:00+00:00,2024-10-24 19:20:00+00:00,2024-10-24 19:21:00+00:00,2024-10-24 19:21:00+00:00,pullback_long_late_8346db7cf1cc,1,market,0.0,1,1,4,32,27450.0
642458,642459,642459,642459,closed,timeout,21585.5,21590.0,21585.75,21589.75,21581.5,21617.5,4.5,4.0,3.5,70.0,10.0,0.5,1.0,1.0,0.75,2024-10-24 19:25:00+00:00,2024-10-24 19:25:00+00:00,2024-10-24 19:26:00+00:00,2024-10-24 19:26:00+00:00,pullback_long_late_8346db7cf1cc,1,market,0.0,1,1,4,32,27520.0
642461,642462,642462,642462,closed,timeout,21588.0,21585.25,21588.25,21585.0,21584.0,21620.0,-2.75,-3.25,-3.75,-75.0,10.0,0.5,1.0,1.0,3.5,2024-10-24 19:28:00+00:00,2024-10-24 19:28:00+00:00,2024-10-24 19:29:00+00:00,2024-10-24 19:29:00+00:00,pullback_long_late_8346db7cf1cc,1,market,0.0,1,1,4,32,27445.0
642463,642464,642464,642464,closed,stop,21587.5,21583.5,21587.75,21583.25,21583.5,21619.5,-4.0,-4.5,-5.0,-100.0,10.0,0.5,1.0,1.0,4.75,2024-10-24 19:30:00+00:00,2024-10-24 19:30:00+00:00,2024-10-24 19:31:00+00:00,2024-10-24 19:31:00+00:00,pullback_long_late_8346db7cf1cc,1,market,0.0,1,1,4,32,27345.0
642468,642469,642469,642469,closed,stop,21599.5,21595.5,21599.75,21595.25,21595.5,21631.5,-4.0,-4.5,-5.0,-100.0,10.0,0.5,1.0,1.0,9.0,2024-10-24 19:35:00+00:00,2024-10-24 19:35:00+00:00,2024-10-24 19:36:00+00:00,2024-10-24 19:36:00+00:00,pullback_long_late_8346db7cf1cc,1,market,0.0,1,1,4,32,27245.0
642470,642471,642471,642471,closed,timeout,21596.25,21598.5,21596.5,21598.25,21592.25,21628.25,2.25,1.75,1.25,25.0,10.0,0.5,1.0,1.0,3.75,2024-10-24 19:37:00+00:00,2024-10-24 19:37:00+00:00,2024-10-24 19:38:00+00:00,2024-10-24 19:38:00+00:00,pullback_long_late_8346db7cf1cc,1,market,0.0,1,1,4,32,27270.0
642471,642472,642472,642472,closed,stop,21599.0,21595.0,21599.25,21594.75,21595.0,21631.0,-4.0,-4.5,-5.0,-100.0,10.0,0.5,1.0,1.0,6.5,2024-10-24 19:38:00+00:00,2024-10-24 19:38:00+00:00,2024-10-24 19:39:00+00:00,2024-10-24 19:39:00+00:00,pullback_long_late_8346db7cf1cc,1,market,0.0,1,1,4,32,27170.0
643743,643744,643744,643744,closed,stop,21713.5,21709.5,21713.75,21709.25,21709.5,21745.5,-4.0,-4.5,-5.0,-100.0,10.0,0.5,1.0,1.0,17.75,2024-10-25 18:05:00+00:00,2024-10-25 18:05:00+00:00,2024-10-25 18:06:00+00:00,2024-10-25 18:06:00+00:00,pullback_long_late_8346db7cf1cc,1,market,0.0,1,1,4,32,27070.0
643771,643772,643772,643772,closed,stop,21720.0,21716.0,21720.25,21715.75,21716.0,21752.0,-4.0,-4.5,-5.0,-100.0,10.0,0.5,1.0,1.0,9.75,2024-10-25 18:33:00+00:00,2024-10-25 18:33:00+00:00,2024-10-25 18:34:00+00:00,2024-10-25 18:34:00+00:00,pullback_long_late_8346db7cf1cc,1,market,0.0,1,1,4,32,26970.0
643772,643773,643773,643773,closed,timeout,21726.0,21727.75,21726.25,21727.5,21722.0,21758.0,1.75,1.25,0.75,15.0,10.0,0.5,1.0,1.0,1.5,2024-10-25 18:34:00+00:00,2024-10-25 18:34:00+00:00,2024-10-25 18:35:00+00:00,2024-10-25 18:35:00+00:00,pullback_long_late_8346db7cf1cc,1,market,0.0,1,1,4,32,26985.0
643782,643783,643783,643783,closed,stop,21731.75,21727.75,21732.0,21727.5,21727.75,21763.75,-4.0,-4.5,-5.0,-100.0,10.0,0.5,1.0,1.0,5.25,2024-10-25 18:44:00+00:00,2024-10-25 18:44:00+00:00,2024-10-25 18:45:00+00:00,2024-10-25 18:45:00+00:00,pullback_long_late_8346db7cf1cc,1,market,0.0,1,1,4,32,26885.0
643793,643794,643794,643794,closed,stop,21740.5,21736.5,21740.75,21736.25,21736.5,21772.5,-4.0,-4.5,-5.0,-100.0,10.0,0.5,1.0,1.0,6.0,2024-10-25 18:55:00+00:00,2024-10-25 18:55:00+00:00,2024-10-25 18:56:00+00:00,2024-10-25 18:56:00+00:00,pullback_long_late_8346db7cf1cc,1,market,0.0,1,1,4,32,26785.0
643801,643802,643802,643802,closed,timeout,21738.0,21737.5,21738.25,21737.25,21734.0,21770.0,-0.5,-1.0,-1.5,-30.0,10.0,0.5,1.0,1.0,2.5,2024-10-25 19:03:00+00:00,2024-10-25 19:03:00+00:00,2024-10-25 19:04:00+00:00,2024-10-25 19:04:00+00:00,pullback_long_late_8346db7cf1cc,1,market,0.0,1,1,4,32,26755.0
645198,645199,645199,645199,closed,stop,21730.75,21726.75,21731.0,21726.5,21726.75,21762.75,-4.0,-4.5,-5.0,-100.0,10.0,0.5,1.0,1.0,4.5,2024-10-28 19:35:00+00:00,2024-10-28 19:35:00+00:00,2024-10-28 19:36:00+00:00,2024-10-28 19:36:00+00:00,pullback_long_late_8346db7cf1cc,1,market,0.0,1,1,4,32,26655.0
645203,645204,645204,645204,closed,timeout,21722.5,21725.75,21722.75,21725.5,21718.5,21754.5,3.25,2.75,2.25,45.0,10.0,0.5,1.0,1.0,1.0,2024-10-28 19:40:00+00:00,2024-10-28 19:40:00+00:00,2024-10-28 19:41:00+00:00,2024-10-28 19:41:00+00:00,pullback_long_late_8346db7cf1cc,1,market,0.0,1,1,4,32,26700.0
645204,645205,645205,645205,closed,timeout,21725.75,21726.0,21726.0,21725.75,21721.75,21757.75,0.25,-0.25,-0.75,-15.0,10.0,0.5,1.0,1.0,2.0,2024-10-28 19:41:00+00:00,2024-10-28 19:41:00+00:00,2024-10-28 19:42:00+00:00,2024-10-28 19:42:00+00:00,pullback_long_late_8346db7cf1cc,1,market,0.0,1,1,4,32,26685.0
646495,646496,646496,646496,closed,timeout,21881.5,21886.25,21881.75,21886.0,21877.5,21913.5,4.75,4.25,3.75,75.0,10.0,0.5,1.0,1.0,2.25,2024-10-29 18:27:00+00:00,2024-10-29 18:27:00+00:00,2024-10-29 18:28:00+00:00,2024-10-29 18:28:00+00:00,pullback_long_late_8346db7cf1cc,1,market,0.0,1,1,4,32,26760.0
646496,646497,646497,646497,closed,timeout,21886.5,21891.25,21886.75,21891.0,21882.5,21918.5,4.75,4.25,3.75,75.0,10.0,0.5,1.0,1.0,1.5,2024-10-29 18:28:00+00:00,2024-10-29 18:28:00+00:00,2024-10-29 18:29:00+00:00,2024-10-29 18:29:00+00:00,pullback_long_late_8346db7cf1cc,1,market,0.0,1,1,4,32,26835.0
646507,646508,646508,646508,closed,timeout,21898.25,21903.5,21898.5,21903.25,21894.25,21930.25,5.25,4.75,4.25,85.0,10.0,0.5,1.0,1.0,1.0,2024-10-29 18:39:00+00:00,2024-10-29 18:39:00+00:00,2024-10-29 18:40:00+00:00,2024-10-29 18:40:00+00:00,pullback_long_late_8346db7cf1cc,1,market,0.0,1,1,4,32,26920.0
646540,646541,646541,646541,closed,stop,21910.5,21906.5,21910.75,21906.25,21906.5,21942.5,-4.0,-4.5,-5.0,-100.0,10.0,0.5,1.0,1.0,5.0,2024-10-29 19:12:00+00:00,2024-10-29 19:12:00+00:00,2024-10-29 19:13:00+00:00,2024-10-29 19:13:00+00:00,pullback_long_late_8346db7cf1cc,1,market,0.0,1,1,4,32,26820.0
646561,646562,646562,646562,closed,timeout,21939.0,21939.25,21939.25,21939.0,21935.0,21971.0,0.25,-0.25,-0.75,-15.0,10.0,0.5,1.0,1.0,1.75,2024-10-29 19:33:00+00:00,2024-10-29 19:33:00+00:00,2024-10-29 19:34:00+00:00,2024-10-29 19:34:00+00:00,pullback_long_late_8346db7cf1cc,1,market,0.0,1,1,4,32,26805.0
647834,647835,647835,647835,closed,stop,21782.25,21778.25,21782.5,21778.0,21778.25,21814.25,-4.0,-4.5,-5.0,-100.0,10.0,0.5,1.0,1.0,8.5,2024-10-30 18:01:00+00:00,2024-10-30 18:01:00+00:00,2024-10-30 18:02:00+00:00,2024-10-30 18:02:00+00:00,pullback_long_late_8346db7cf1cc,1,market,0.0,1,1,4,32,26705.0
647879,647880,647880,647880,closed,stop,21817.0,21813.0,21817.25,21812.75,21813.0,21849.0,-4.0,-4.5,-5.0,-100.0,10.0,0.5,1.0,1.0,7.25,2024-10-30 18:46:00+00:00,2024-10-30 18:46:00+00:00,2024-10-30 18:47:00+00:00,2024-10-30 18:47:00+00:00,pullback_long_late_8346db7cf1cc,1,market,0.0,1,1,4,32,26605.0
647883,647884,647884,647884,closed,timeout,21814.25,21816.75,21814.5,21816.5,21810.25,21846.25,2.5,2.0,1.5,30.0,10.0,0.5,1.0,1.0,0.75,2024-10-30 18:50:00+00:00,2024-10-30 18:50:00+00:00,2024-10-30 18:51:00+00:00,2024-10-30 18:51:00+00:00,pullback_long_late_8346db7cf1cc,1,market,0.0,1,1,4,32,26635.0
649263,649264,649264,649264,closed,timeout,21254.25,21262.5,21254.5,21262.25,21250.25,21286.25,8.25,7.75,7.25,145.0,10.0,0.5,1.0,1.0,0.25,2024-10-31 19:05:00+00:00,2024-10-31 19:05:00+00:00,2024-10-31 19:06:00+00:00,2024-10-31 19:06:00+00:00,pullback_long_late_8346db7cf1cc,1,market,0.0,1,1,4,32,26780.0
649271,649272,649272,649272,closed,timeout,21267.0,21268.75,21267.25,21268.5,21263.0,21299.0,1.75,1.25,0.75,15.0,10.0,0.5,1.0,1.0,4.0,2024-10-31 19:13:00+00:00,2024-10-31 19:13:00+00:00,2024-10-31 19:14:00+00:00,2024-10-31 19:14:00+00:00,pullback_long_late_8346db7cf1cc,1,market,0.0,1,1,4,32,26795.0
649282,649283,649283,649283,closed,stop,21293.25,21289.25,21293.5,21289.0,21289.25,21325.25,-4.0,-4.5,-5.0,-100.0,10.0,0.5,1.0,1.0,7.5,2024-10-31 19:24:00+00:00,2024-10-31 19:24:00+00:00,2024-10-31 19:25:00+00:00,2024-10-31 19:25:00+00:00,pullback_long_late_8346db7cf1cc,1,market,0.0,1,1,4,32,26695.0
649285,649286,649286,649286,closed,stop,21288.75,21284.75,21289.0,21284.5,21284.75,21320.75,-4.0,-4.5,-5.0,-100.0,10.0,0.5,1.0,1.0,7.0,2024-10-31 19:27:00+00:00,2024-10-31 19:27:00+00:00,2024-10-31 19:28:00+00:00,2024-10-31 19:28:00+00:00,pullback_long_late_8346db7cf1cc,1,market,0.0,1,1,4,32,26595.0
650595,650596,650596,650596,closed,timeout,21355.0,21362.25,21355.25,21362.0,21351.0,21387.0,7.25,6.75,6.25,125.0,10.0,0.5,1.0,1.0,0.25,2024-11-01 18:32:00+00:00,2024-11-01 18:32:00+00:00,2024-11-01 18:33:00+00:00,2024-11-01 18:33:00+00:00,pullback_long_late_8346db7cf1cc,1,market,0.0,1,1,4,32,26720.0
650614,650615,650615,650615,closed,timeout,21366.5,21369.5,21366.75,21369.25,21362.5,21398.5,3.0,2.5,2.0,40.0,10.0,0.5,1.0,1.0,0.25,2024-11-01 18:51:00+00:00,2024-11-01 18:51:00+00:00,2024-11-01 18:52:00+00:00,2024-11-01 18:52:00+00:00,pullback_long_late_8346db7cf1cc,1,market,0.0,1,1,4,32,26760.0
650640,650641,650641,650641,closed,timeout,21388.0,21389.25,21388.25,21389.0,21384.0,21420.0,1.25,0.75,0.25,5.0,10.0,0.5,1.0,1.0,2.0,2024-11-01 19:17:00+00:00,2024-11-01 19:17:00+00:00,2024-11-01 19:18:00+00:00,2024-11-01 19:18:00+00:00,pullback_long_late_8346db7cf1cc,1,market,0.0,1,1,4,32,26765.0
650643,650644,650644,650644,closed,stop,21394.5,21390.5,21394.75,21390.25,21390.5,21426.5,-4.0,-4.5,-5.0,-100.0,10.0,0.5,1.0,1.0,10.25,2024-11-01 19:20:00+00:00,2024-11-01 19:20:00+00:00,2024-11-01 19:21:00+00:00,2024-11-01 19:21:00+00:00,pullback_long_late_8346db7cf1cc,1,market,0.0,1,1,4,32,26665.0
650646,650647,650647,650647,closed,stop,21390.25,21386.25,21390.5,21386.0,21386.25,21422.25,-4.0,-4.5,-5.0,-100.0,10.0,0.5,1.0,1.0,8.0,2024-11-01 19:23:00+00:00,2024-11-01 19:23:00+00:00,2024-11-01 19:24:00+00:00,2024-11-01 19:24:00+00:00,pullback_long_late_8346db7cf1cc,1,market,0.0,1,1,4,32,26565.0
653329,653330,653330,653330,closed,timeout,21522.25,21520.75,21522.5,21520.5,21518.25,21554.25,-1.5,-2.0,-2.5,-50.0,10.0,0.5,1.0,1.0,4.0,2024-11-05 19:36:00+00:00,2024-11-05 19:36:00+00:00,2024-11-05 19:37:00+00:00,2024-11-05 19:37:00+00:00,pullback_long_late_8346db7cf1cc,1,market,0.0,1,1,4,32,26515.0
653367,653368,653368,653368,closed,timeout,21523.0,21522.75,21523.25,21522.5,21519.0,21555.0,-0.25,-0.75,-1.25,-25.0,10.0,0.5,1.0,1.0,3.0,2024-11-05 20:14:00+00:00,2024-11-05 20:14:00+00:00,2024-11-05 20:15:00+00:00,2024-11-05 20:15:00+00:00,pullback_long_late_8346db7cf1cc,1,market,0.0,1,1,4,32,26490.0
653370,653371,653371,653371,closed,stop,21524.5,21520.5,21524.75,21520.25,21520.5,21556.5,-4.0,-4.5,-5.0,-100.0,10.0,0.5,1.0,1.0,7.0,2024-11-05 20:17:00+00:00,2024-11-05 20:17:00+00:00,2024-11-05 20:18:00+00:00,2024-11-05 20:18:00+00:00,pullback_long_late_8346db7cf1cc,1,market,0.0,1,1,4,32,26390.0
653375,653376,653376,653376,closed,stop,21524.75,21520.75,21525.0,21520.5,21520.75,21556.75,-4.0,-4.5,-5.0,-100.0,10.0,0.5,1.0,1.0,6.25,2024-11-05 20:22:00+00:00,2024-11-05 20:22:00+00:00,2024-11-05 20:23:00+00:00,2024-11-05 20:23:00+00:00,pullback_long_late_8346db7cf1cc,1,market,0.0,1,1,4,32,26290.0
653380,653381,653381,653381,closed,timeout,21516.25,21518.25,21516.5,21518.0,21512.25,21548.25,2.0,1.5,1.0,20.0,10.0,0.5,1.0,1.0,3.0,2024-11-05 20:27:00+00:00,2024-11-05 20:27:00+00:00,2024-11-05 20:28:00+00:00,2024-11-05 20:28:00+00:00,pullback_long_late_8346db7cf1cc,1,market,0.0,1,1,4,32,26310.0
654678,654679,654679,654679,closed,timeout,22075.75,22078.25,22076.0,22078.0,22071.75,22107.75,2.5,2.0,1.5,30.0,10.0,0.5,1.0,1.0,0.75,2024-11-06 19:20:00+00:00,2024-11-06 19:20:00+00:00,2024-11-06 19:21:00+00:00,2024-11-06 19:21:00+00:00,pullback_long_late_8346db7cf1cc,1,market,0.0,1,1,4,32,26340.0
654683,654684,654684,654684,closed,timeout,22075.0,22081.25,22075.25,22081.0,22071.0,22107.0,6.25,5.75,5.25,105.0,10.0,0.5,1.0,1.0,0.5,2024-11-06 19:25:00+00:00,2024-11-06 19:25:00+00:00,2024-11-06 19:26:00+00:00,2024-11-06 19:26:00+00:00,pullback_long_late_8346db7cf1cc,1,market,0.0,1,1,4,32,26445.0
654692,654693,654693,654693,closed,stop,22086.25,22082.25,22086.5,22082.0,22082.25,22118.25,-4.0,-4.5,-5.0,-100.0,10.0,0.5,1.0,1.0,7.25,2024-11-06 19:34:00+00:00,2024-11-06 19:34:00+00:00,2024-11-06 19:35:00+00:00,2024-11-06 19:35:00+00:00,pullback_long_late_8346db7cf1cc,1,market,0.0,1,1,4,32,26345.0
654695,654696,654696,654696,closed,timeout,22083.25,22083.5,22083.5,22083.25,22079.25,22115.25,0.25,-0.25,-0.75,-15.0,10.0,0.5,1.0,1.0,1.0,2024-11-06 19:37:00+00:00,2024-11-06 19:37:00+00:00,2024-11-06 19:38:00+00:00,2024-11-06 19:38:00+00:00,pullback_long_late_8346db7cf1cc,1,market,0.0,1,1,4,32,26330.0
654737,654738,654738,654738,closed,timeout,22109.5,22109.25,22109.75,22109.0,22105.5,22141.5,-0.25,-0.75,-1.25,-25.0,10.0,0.5,1.0,1.0,3.25,2024-11-06 20:19:00+00:00,2024-11-06 20:19:00+00:00,2024-11-06 20:20:00+00:00,2024-11-06 20:20:00+00:00,pullback_long_late_8346db7cf1cc,1,market,0.0,1,1,4,32,26305.0
654739,654740,654740,654740,closed,stop,22111.25,22107.25,22111.5,22107.0,22107.25,22143.25,-4.0,-4.5,-5.0,-100.0,10.0,0.5,1.0,1.0,16.5,2024-11-06 20:21:00+00:00,2024-11-06 20:21:00+00:00,2024-11-06 20:22:00+00:00,2024-11-06 20:22:00+00:00,pullback_long_late_8346db7cf1cc,1,market,0.0,1,1,4,32,26205.0
654741,654742,654742,654742,closed,stop,22100.25,22096.25,22100.5,22096.0,22096.25,22132.25,-4.0,-4.5,-5.0,-100.0,10.0,0.5,1.0,1.0,10.0,2024-11-06 20:23:00+00:00,2024-11-06 20:23:00+00:00,2024-11-06 20:24:00+00:00,2024-11-06 20:24:00+00:00,pullback_long_late_8346db7cf1cc,1,market,0.0,1,1,4,32,26105.0
654744,654745,654745,654745,closed,stop,22102.75,22098.75,22103.0,22098.5,22098.75,22134.75,-4.0,-4.5,-5.0,-100.0,10.0,0.5,1.0,1.0,4.5,2024-11-06 20:26:00+00:00,2024-11-06 20:26:00+00:00,2024-11-06 20:27:00+00:00,2024-11-06 20:27:00+00:00,pullback_long_late_8346db7cf1cc,1,market,0.0,1,1,4,32,26005.0
656025,656026,656026,656026,closed,stop,22378.0,22374.0,22378.25,22373.75,22374.0,22410.0,-4.0,-4.5,-5.0,-100.0,10.0,0.5,1.0,1.0,7.25,2024-11-07 19:02:00+00:00,2024-11-07 19:02:00+00:00,2024-11-07 19:03:00+00:00,2024-11-07 19:03:00+00:00,pullback_long_late_8346db7cf1cc,1,market,0.0,1,1,4,32,25905.0
656029,656030,656030,656030,closed,stop,22380.75,22376.75,22381.0,22376.5,22376.75,22412.75,-4.0,-4.5,-5.0,-100.0,10.0,0.5,1.0,1.0,9.0,2024-11-07 19:06:00+00:00,2024-11-07 19:06:00+00:00,2024-11-07 19:07:00+00:00,2024-11-07 19:07:00+00:00,pullback_long_late_8346db7cf1cc,1,market,0.0,1,1,4,32,25805.0
656085,656086,656086,656086,closed,stop,22422.5,22418.5,22422.75,22418.25,22418.5,22454.5,-4.0,-4.5,-5.0,-100.0,10.0,0.5,1.0,1.0,4.5,2024-11-07 20:02:00+00:00,2024-11-07 20:02:00+00:00,2024-11-07 20:03:00+00:00,2024-11-07 20:03:00+00:00,pullback_long_late_8346db7cf1cc,1,market,0.0,1,1,4,32,25705.0
656091,656092,656092,656092,closed,stop,22428.0,22424.0,22428.25,22423.75,22424.0,22460.0,-4.0,-4.5,-5.0,-100.0,10.0,0.5,1.0,1.0,10.75,2024-11-07 20:08:00+00:00,2024-11-07 20:08:00+00:00,2024-11-07 20:09:00+00:00,2024-11-07 20:09:00+00:00,pullback_long_late_8346db7cf1cc,1,market,0.0,1,1,4,32,25605.0
656097,656098,656098,656098,closed,timeout,22424.75,22433.75,22425.0,22433.5,22420.75,22456.75,9.0,8.5,8.0,160.0,10.0,0.5,1.0,1.0,1.5,2024-11-07 20:14:00+00:00,2024-11-07 20:14:00+00:00,2024-11-07 20:15:00+00:00,2024-11-07 20:15:00+00:00,pullback_long_late_8346db7cf1cc,1,market,0.0,1,1,4,32,25765.0
657403,657404,657404,657404,closed,timeout,22448.75,22450.75,22449.0,22450.5,22444.75,22480.75,2.0,1.5,1.0,20.0,10.0,0.5,1.0,1.0,3.25,2024-11-08 19:15:00+00:00,2024-11-08 19:15:00+00:00,2024-11-08 19:16:00+00:00,2024-11-08 19:16:00+00:00,pullback_long_late_8346db7cf1cc,1,market,0.0,1,1,4,32,25785.0
657426,657427,657427,657427,closed,timeout,22453.25,22453.5,22453.5,22453.25,22449.25,22485.25,0.25,-0.25,-0.75,-15.0,10.0,0.5,1.0,1.0,1.75,2024-11-08 19:38:00+00:00,2024-11-08 19:38:00+00:00,2024-11-08 19:39:00+00:00,2024-11-08 19:39:00+00:00,pullback_long_late_8346db7cf1cc,1,market,0.0,1,1,4,32,25770.0
658753,658754,658754,658754,closed,stop,22378.0,22374.0,22378.25,22373.75,22374.0,22410.0,-4.0,-4.5,-5.0,-100.0,10.0,0.5,1.0,1.0,6.25,2024-11-11 19:00:00+00:00,2024-11-11 19:00:00+00:00,2024-11-11 19:01:00+00:00,2024-11-11 19:01:00+00:00,pullback_long_late_8346db7cf1cc,1,market,0.0,1,1,4,32,25670.0
658755,658756,658756,658756,closed,timeout,22374.0,22374.5,22374.25,22374.25,22370.0,22406.0,0.5,0.0,-0.5,-10.0,10.0,0.5,1.0,1.0,2.25,2024-11-11 19:02:00+00:00,2024-11-11 19:02:00+00:00,2024-11-11 19:03:00+00:00,2024-11-11 19:03:00+00:00,pullback_long_late_8346db7cf1cc,1,market,0.0,1,1,4,32,25660.0
658802,658803,658803,658803,closed,timeout,22371.25,22373.75,22371.5,22373.5,22367.25,22403.25,2.5,2.0,1.5,30.0,10.0,0.5,1.0,1.0,0.25,2024-11-11 19:49:00+00:00,2024-11-11 19:49:00+00:00,2024-11-11 19:50:00+00:00,2024-11-11 19:50:00+00:00,pullback_long_late_8346db7cf1cc,1,market,0.0,1,1,4,32,25690.0
658826,658827,658827,658827,closed,timeout,22388.0,22391.5,22388.25,22391.25,22384.0,22420.0,3.5,3.0,2.5,50.0,10.0,0.5,1.0,1.0,0.5,2024-11-11 20:13:00+00:00,2024-11-11 20:13:00+00:00,2024-11-11 20:14:00+00:00,2024-11-11 20:14:00+00:00,pullback_long_late_8346db7cf1cc,1,market,0.0,1,1,4,32,25740.0
658827,658828,658828,658828,closed,timeout,22392.0,22393.25,22392.25,22393.0,22388.0,22424.0,1.25,0.75,0.25,5.0,10.0,0.5,1.0,1.0,1.0,2024-11-11 20:14:00+00:00,2024-11-11 20:14:00+00:00,2024-11-11 20:15:00+00:00,2024-11-11 20:15:00+00:00,pullback_long_late_8346db7cf1cc,1,market,0.0,1,1,4,32,25745.0
660119,660120,660120,660120,closed,timeout,22381.75,22380.25,22382.0,22380.0,22377.75,22413.75,-1.5,-2.0,-2.5,-50.0,10.0,0.5,1.0,1.0,3.0,2024-11-12 19:01:00+00:00,2024-11-12 19:01:00+00:00,2024-11-12 19:02:00+00:00,2024-11-12 19:02:00+00:00,pullback_long_late_8346db7cf1cc,1,market,0.0,1,1,4,32,25695.0
660121,660122,660122,660122,closed,stop,22382.5,22378.5,22382.75,22378.25,22378.5,22414.5,-4.0,-4.5,-5.0,-100.0,10.0,0.5,1.0,1.0,8.5,2024-11-12 19:03:00+00:00,2024-11-12 19:03:00+00:00,2024-11-12 19:04:00+00:00,2024-11-12 19:04:00+00:00,pullback_long_late_8346db7cf1cc,1,market,0.0,1,1,4,32,25595.0
660128,660129,660129,660129,closed,stop,22383.0,22379.0,22383.25,22378.75,22379.0,22415.0,-4.0,-4.5,-5.0,-100.0,10.0,0.5,1.0,1.0,9.25,2024-11-12 19:10:00+00:00,2024-11-12 19:10:00+00:00,2024-11-12 19:11:00+00:00,2024-11-12 19:11:00+00:00,pullback_long_late_8346db7cf1cc,1,market,0.0,1,1,4,32,25495.0
660144,660145,660145,660145,closed,stop,22399.5,22395.5,22399.75,22395.25,22395.5,22431.5,-4.0,-4.5,-5.0,-100.0,10.0,0.5,1.0,1.0,14.25,2024-11-12 19:26:00+00:00,2024-11-12 19:26:00+00:00,2024-11-12 19:27:00+00:00,2024-11-12 19:27:00+00:00,pullback_long_late_8346db7cf1cc,1,market,0.0,1,1,4,32,25395.0
660150,660151,660151,660151,closed,timeout,22391.75,22392.75,22392.0,22392.5,22387.75,22423.75,1.0,0.5,0.0,0.0,10.0,0.5,1.0,1.0,2.5,2024-11-12 19:32:00+00:00,2024-11-12 19:32:00+00:00,2024-11-12 19:33:00+00:00,2024-11-12 19:33:00+00:00,pullback_long_late_8346db7cf1cc,1,market,0.0,1,1,4,32,25395.0
660159,660160,660160,660160,closed,timeout,22400.5,22402.25,22400.75,22402.0,22396.5,22432.5,1.75,1.25,0.75,15.0,10.0,0.5,1.0,1.0,0.25,2024-11-12 19:41:00+00:00,2024-11-12 19:41:00+00:00,2024-11-12 19:42:00+00:00,2024-11-12 19:42:00+00:00,pullback_long_late_8346db7cf1cc,1,market,0.0,1,1,4,32,25410.0
660160,660161,660161,660161,closed,timeout,22402.25,22402.5,22402.5,22402.25,22398.25,22434.25,0.25,-0.25,-0.75,-15.0,10.0,0.5,1.0,1.0,3.75,2024-11-12 19:42:00+00:00,2024-11-12 19:42:00+00:00,2024-11-12 19:43:00+00:00,2024-11-12 19:43:00+00:00,pullback_long_late_8346db7cf1cc,1,market,0.0,1,1,4,32,25395.0
660165,660166,660166,660166,closed,timeout,22398.5,22398.0,22398.75,22397.75,22394.5,22430.5,-0.5,-1.0,-1.5,-30.0,10.0,0.5,1.0,1.0,2.0,2024-11-12 19:47:00+00:00,2024-11-12 19:47:00+00:00,2024-11-12 19:48:00+00:00,2024-11-12 19:48:00+00:00,pullback_long_late_8346db7cf1cc,1,market,0.0,1,1,4,32,25365.0
660222,660223,660223,660223,closed,timeout,22397.0,22400.0,22397.25,22399.75,22393.0,22429.0,3.0,2.5,2.0,40.0,10.0,0.5,1.0,1.0,3.25,2024-11-12 20:44:00+00:00,2024-11-12 20:44:00+00:00,2024-11-12 20:45:00+00:00,2024-11-12 20:45:00+00:00,pullback_long_late_8346db7cf1cc,1,market,0.0,1,1,4,32,25405.0
660227,660228,660228,660228,closed,timeout,22394.75,22394.75,22395.0,22394.5,22390.75,22426.75,0.0,-0.5,-1.0,-20.0,10.0,0.5,1.0,1.0,3.25,2024-11-12 20:49:00+00:00,2024-11-12 20:49:00+00:00,2024-11-12 20:50:00+00:00,2024-11-12 20:50:00+00:00,pullback_long_late_8346db7cf1cc,1,market,0.0,1,1,4,32,25385.0
661488,661489,661489,661489,closed,stop,22441.0,22437.0,22441.25,22436.75,22437.0,22473.0,-4.0,-4.5,-5.0,-100.0,10.0,0.5,1.0,1.0,13.0,2024-11-13 19:05:00+00:00,2024-11-13 19:05:00+00:00,2024-11-13 19:06:00+00:00,2024-11-13 19:06:00+00:00,pullback_long_late_8346db7cf1cc,1,market,0.0,1,1,4,32,25285.0
661582,661583,661583,661583,closed,timeout,22409.25,22406.25,22409.5,22406.0,22405.25,22441.25,-3.0,-3.5,-4.0,-80.0,10.0,0.5,1.0,1.0,3.75,2024-11-13 20:39:00+00:00,2024-11-13 20:39:00+00:00,2024-11-13 20:40:00+00:00,2024-11-13 20:40:00+00:00,pullback_long_late_8346db7cf1cc,1,market,0.0,1,1,4,32,25205.0
661593,661594,661594,661594,closed,stop,22390.0,22386.0,22390.25,22385.75,22386.0,22422.0,-4.0,-4.5,-5.0,-100.0,10.0,0.5,1.0,1.0,25.5,2024-11-13 20:50:00+00:00,2024-11-13 20:50:00+00:00,2024-11-13 20:51:00+00:00,2024-11-13 20:51:00+00:00,pullback_long_late_8346db7cf1cc,1,market,0.0,1,1,4,32,25105.0
662865,662866,662866,662866,closed,stop,22259.5,22255.5,22259.75,22255.25,22255.5,22291.5,-4.0,-4.5,-5.0,-100.0,10.0,0.5,1.0,1.0,10.0,2024-11-14 19:17:00+00:00,2024-11-14 19:17:00+00:00,2024-11-14 19:18:00+00:00,2024-11-14 19:18:00+00:00,pullback_long_late_8346db7cf1cc,1,market,0.0,1,1,4,32,25005.0
662884,662885,662885,662885,closed,stop,22268.25,22264.25,22268.5,22264.0,22264.25,22300.25,-4.0,-4.5,-5.0,-100.0,10.0,0.5,1.0,1.0,6.75,2024-11-14 19:36:00+00:00,2024-11-14 19:36:00+00:00,2024-11-14 19:37:00+00:00,2024-11-14 19:37:00+00:00,pullback_long_late_8346db7cf1cc,1,market,0.0,1,1,4,32,24905.0
662886,662887,662887,662887,closed,timeout,22267.0,22270.5,22267.25,22270.25,22263.0,22299.0,3.5,3.0,2.5,50.0,10.0,0.5,1.0,1.0,3.25,2024-11-14 19:38:00+00:00,2024-11-14 19:38:00+00:00,2024-11-14 19:39:00+00:00,2024-11-14 19:39:00+00:00,pullback_long_late_8346db7cf1cc,1,market,0.0,1,1,4,32,24955.0
662893,662894,662894,662894,closed,stop,22269.5,22265.5,22269.75,22265.25,22265.5,22301.5,-4.0,-4.5,-5.0,-100.0,10.0,0.5,1.0,1.0,7.0,2024-11-14 19:45:00+00:00,2024-11-14 19:45:00+00:00,2024-11-14 19:46:00+00:00,2024-11-14 19:46:00+00:00,pullback_long_late_8346db7cf1cc,1,market,0.0,1,1,4,32,24855.0
664221,664222,664222,664222,closed,timeout,21639.0,21651.5,21639.25,21651.25,21635.0,21671.0,12.5,12.0,11.5,230.0,10.0,0.5,1.0,1.0,0.25,2024-11-15 19:08:00+00:00,2024-11-15 19:08:00+00:00,2024-11-15 19:09:00+00:00,2024-11-15 19:09:00+00:00,pullback_long_late_8346db7cf1cc,1,market,0.0,1,1,4,32,25085.0
664226,664227,664227,664227,closed,stop,21644.75,21640.75,21645.0,21640.5,21640.75,21676.75,-4.0,-4.5,-5.0,-100.0,10.0,0.5,1.0,1.0,17.75,2024-11-15 19:13:00+00:00,2024-11-15 19:13:00+00:00,2024-11-15 19:14:00+00:00,2024-11-15 19:14:00+00:00,pullback_long_late_8346db7cf1cc,1,market,0.0,1,1,4,32,24985.0
664229,664230,664230,664230,closed,stop,21636.5,21632.5,21636.75,21632.25,21632.5,21668.5,-4.0,-4.5,-5.0,-100.0,10.0,0.5,1.0,1.0,5.75,2024-11-15 19:16:00+00:00,2024-11-15 19:16:00+00:00,2024-11-15 19:17:00+00:00,2024-11-15 19:17:00+00:00,pullback_long_late_8346db7cf1cc,1,market,0.0,1,1,4,32,24885.0
664231,664232,664232,664232,closed,stop,21644.75,21640.75,21645.0,21640.5,21640.75,21676.75,-4.0,-4.5,-5.0,-100.0,10.0,0.5,1.0,1.0,9.75,2024-11-15 19:18:00+00:00,2024-11-15 19:18:00+00:00,2024-11-15 19:19:00+00:00,2024-11-15 19:19:00+00:00,pullback_long_late_8346db7cf1cc,1,market,0.0,1,1,4,32,24785.0
664264,664265,664265,664265,closed,stop,21678.25,21674.25,21678.5,21674.0,21674.25,21710.25,-4.0,-4.5,-5.0,-100.0,10.0,0.5,1.0,1.0,19.0,2024-11-15 19:51:00+00:00,2024-11-15 19:51:00+00:00,2024-11-15 19:52:00+00:00,2024-11-15 19:52:00+00:00,pullback_long_late_8346db7cf1cc,1,market,0.0,1,1,4,32,24685.0
664269,664270,664270,664270,closed,timeout,21650.0,21653.75,21650.25,21653.5,21646.0,21682.0,3.75,3.25,2.75,55.0,10.0,0.5,1.0,1.0,2.5,2024-11-15 19:56:00+00:00,2024-11-15 19:56:00+00:00,2024-11-15 19:57:00+00:00,2024-11-15 19:57:00+00:00,pullback_long_late_8346db7cf1cc,1,market,0.0,1,1,4,32,24740.0
664270,664271,664271,664271,closed,stop,21654.0,21650.0,21654.25,21649.75,21650.0,21686.0,-4.0,-4.5,-5.0,-100.0,10.0,0.5,1.0,1.0,8.5,2024-11-15 19:57:00+00:00,2024-11-15 19:57:00+00:00,2024-11-15 19:58:00+00:00,2024-11-15 19:58:00+00:00,pullback_long_late_8346db7cf1cc,1,market,0.0,1,1,4,32,24640.0
664272,664273,664273,664273,closed,stop,21657.5,21653.5,21657.75,21653.25,21653.5,21689.5,-4.0,-4.5,-5.0,-100.0,10.0,0.5,1.0,1.0,4.25,2024-11-15 19:59:00+00:00,2024-11-15 19:59:00+00:00,2024-11-15 20:00:00+00:00,2024-11-15 20:00:00+00:00,pullback_long_late_8346db7cf1cc,1,market,0.0,1,1,4,32,24540.0
664300,664301,664301,664301,closed,stop,21685.25,21681.25,21685.5,21681.0,21681.25,21717.25,-4.0,-4.5,-5.0,-100.0,10.0,0.5,1.0,1.0,6.5,2024-11-15 20:27:00+00:00,2024-11-15 20:27:00+00:00,2024-11-15 20:28:00+00:00,2024-11-15 20:28:00+00:00,pullback_long_late_8346db7cf1cc,1,market,0.0,1,1,4,32,24440.0
664302,664303,664303,664303,closed,stop,21682.25,21678.25,21682.5,21678.0,21678.25,21714.25,-4.0,-4.5,-5.0,-100.0,10.0,0.5,1.0,1.0,5.0,2024-11-15 20:29:00+00:00,2024-11-15 20:29:00+00:00,2024-11-15 20:30:00+00:00,2024-11-15 20:30:00+00:00,pullback_long_late_8346db7cf1cc,1,market,0.0,1,1,4,32,24340.0
665581,665582,665582,665582,closed,stop,21850.0,21846.0,21850.25,21845.75,21846.0,21882.0,-4.0,-4.5,-5.0,-100.0,10.0,0.5,1.0,1.0,4.75,2024-11-18 19:03:00+00:00,2024-11-18 19:03:00+00:00,2024-11-18 19:04:00+00:00,2024-11-18 19:04:00+00:00,pullback_long_late_8346db7cf1cc,1,market,0.0,1,1,4,32,24240.0
665583,665584,665584,665584,closed,stop,21848.75,21844.75,21849.0,21844.5,21844.75,21880.75,-4.0,-4.5,-5.0,-100.0,10.0,0.5,1.0,1.0,5.5,2024-11-18 19:05:00+00:00,2024-11-18 19:05:00+00:00,2024-11-18 19:06:00+00:00,2024-11-18 19:06:00+00:00,pullback_long_late_8346db7cf1cc,1,market,0.0,1,1,4,32,24140.0
665590,665591,665591,665591,closed,timeout,21828.0,21829.5,21828.25,21829.25,21824.0,21860.0,1.5,1.0,0.5,10.0,10.0,0.5,1.0,1.0,1.75,2024-11-18 19:12:00+00:00,2024-11-18 19:12:00+00:00,2024-11-18 19:13:00+00:00,2024-11-18 19:13:00+00:00,pullback_long_late_8346db7cf1cc,1,market,0.0,1,1,4,32,24150.0
665635,665636,665636,665636,closed,timeout,21835.25,21836.0,21835.5,21835.75,21831.25,21867.25,0.75,0.25,-0.25,-5.0,10.0,0.5,1.0,1.0,1.0,2024-11-18 19:57:00+00:00,2024-11-18 19:57:00+00:00,2024-11-18 19:58:00+00:00,2024-11-18 19:58:00+00:00,pullback_long_late_8346db7cf1cc,1,market,0.0,1,1,4,32,24145.0
665656,665657,665657,665657,closed,timeout,21844.75,21845.75,21845.0,21845.5,21840.75,21876.75,1.0,0.5,0.0,0.0,10.0,0.5,1.0,1.0,3.75,2024-11-18 20:18:00+00:00,2024-11-18 20:18:00+00:00,2024-11-18 20:19:00+00:00,2024-11-18 20:19:00+00:00,pullback_long_late_8346db7cf1cc,1,market,0.0,1,1,4,32,24145.0
666950,666951,666951,666951,closed,timeout,21978.75,21978.5,21979.0,21978.25,21974.75,22010.75,-0.25,-0.75,-1.25,-25.0,10.0,0.5,1.0,1.0,3.75,2024-11-19 19:07:00+00:00,2024-11-19 19:07:00+00:00,2024-11-19 19:08:00+00:00,2024-11-19 19:08:00+00:00,pullback_long_late_8346db7cf1cc,1,market,0.0,1,1,4,32,24120.0
667004,667005,667005,667005,closed,stop,21940.75,21936.75,21941.0,21936.5,21936.75,21972.75,-4.0,-4.5,-5.0,-100.0,10.0,0.5,1.0,1.0,10.25,2024-11-19 20:01:00+00:00,2024-11-19 20:01:00+00:00,2024-11-19 20:02:00+00:00,2024-11-19 20:02:00+00:00,pullback_long_late_8346db7cf1cc,1,market,0.0,1,1,4,32,24020.0
667006,667007,667007,667007,closed,stop,21933.0,21929.0,21933.25,21928.75,21929.0,21965.0,-4.0,-4.5,-5.0,-100.0,10.0,0.5,1.0,1.0,7.25,2024-11-19 20:03:00+00:00,2024-11-19 20:03:00+00:00,2024-11-19 20:04:00+00:00,2024-11-19 20:04:00+00:00,pullback_long_late_8346db7cf1cc,1,market,0.0,1,1,4,32,23920.0
667009,667010,667010,667010,closed,timeout,21934.5,21941.5,21934.75,21941.25,21930.5,21966.5,7.0,6.5,6.0,120.0,10.0,0.5,1.0,1.0,1.75,2024-11-19 20:06:00+00:00,2024-11-19 20:06:00+00:00,2024-11-19 20:07:00+00:00,2024-11-19 20:07:00+00:00,pullback_long_late_8346db7cf1cc,1,market,0.0,1,1,4,32,24040.0
667027,667028,667028,667028,closed,stop,21946.75,21942.75,21947.0,21942.5,21942.75,21978.75,-4.0,-4.5,-5.0,-100.0,10.0,0.5,1.0,1.0,10.5,2024-11-19 20:24:00+00:00,2024-11-19 20:24:00+00:00,2024-11-19 20:25:00+00:00,2024-11-19 20:25:00+00:00,pullback_long_late_8346db7cf1cc,1,market,0.0,1,1,4,32,23940.0
667029,667030,667030,667030,closed,timeout,21945.0,21949.25,21945.25,21949.0,21941.0,21977.0,4.25,3.75,3.25,65.0,10.0,0.5,1.0,1.0,0.75,2024-11-19 20:26:00+00:00,2024-11-19 20:26:00+00:00,2024-11-19 20:27:00+00:00,2024-11-19 20:27:00+00:00,pullback_long_late_8346db7cf1cc,1,market,0.0,1,1,4,32,24005.0
667039,667040,667040,667040,closed,timeout,21949.25,21953.5,21949.5,21953.25,21945.25,21981.25,4.25,3.75,3.25,65.0,10.0,0.5,1.0,1.0,0.75,2024-11-19 20:36:00+00:00,2024-11-19 20:36:00+00:00,2024-11-19 20:37:00+00:00,2024-11-19 20:37:00+00:00,pullback_long_late_8346db7cf1cc,1,market,0.0,1,1,4,32,24070.0
667046,667047,667047,667047,closed,timeout,21952.25,21957.25,21952.5,21957.0,21948.25,21984.25,5.0,4.5,4.0,80.0,10.0,0.5,1.0,1.0,0.25,2024-11-19 20:43:00+00:00,2024-11-19 20:43:00+00:00,2024-11-19 20:44:00+00:00,2024-11-19 20:44:00+00:00,pullback_long_late_8346db7cf1cc,1,market,0.0,1,1,4,32,24150.0
667050,667051,667051,667051,closed,timeout,21955.0,21968.25,21955.25,21968.0,21951.0,21987.0,13.25,12.75,12.25,245.0,10.0,0.5,1.0,1.0,0.5,2024-11-19 20:47:00+00:00,2024-11-19 20:47:00+00:00,2024-11-19 20:48:00+00:00,2024-11-19 20:48:00+00:00,pullback_long_late_8346db7cf1cc,1,market,0.0,1,1,4,32,24395.0
667056,667057,667057,667057,closed,stop,21974.0,21970.0,21974.25,21969.75,21970.0,22006.0,-4.0,-4.5,-5.0,-100.0,10.0,0.5,1.0,1.0,11.5,2024-11-19 20:53:00+00:00,2024-11-19 20:53:00+00:00,2024-11-19 20:54:00+00:00,2024-11-19 20:54:00+00:00,pullback_long_late_8346db7cf1cc,1,market,0.0,1,1,4,32,24295.0
667059,667060,667060,667060,closed,stop,21964.75,21960.75,21965.0,21960.5,21960.75,21996.75,-4.0,-4.5,-5.0,-100.0,10.0,0.5,1.0,1.0,13.0,2024-11-19 20:56:00+00:00,2024-11-19 20:56:00+00:00,2024-11-19 20:57:00+00:00,2024-11-19 20:57:00+00:00,pullback_long_late_8346db7cf1cc,1,market,0.0,1,1,4,32,24195.0
668356,668357,668357,668357,closed,timeout,21819.0,21823.75,21819.25,21823.5,21815.0,21851.0,4.75,4.25,3.75,75.0,10.0,0.5,1.0,1.0,1.5,2024-11-20 19:48:00+00:00,2024-11-20 19:48:00+00:00,2024-11-20 19:49:00+00:00,2024-11-20 19:49:00+00:00,pullback_long_late_8346db7cf1cc,1,market,0.0,1,1,4,32,24270.0
668361,668362,668362,668362,closed,stop,21815.25,21811.25,21815.5,21811.0,21811.25,21847.25,-4.0,-4.5,-5.0,-100.0,10.0,0.5,1.0,1.0,11.75,2024-11-20 19:53:00+00:00,2024-11-20 19:53:00+00:00,2024-11-20 19:54:00+00:00,2024-11-20 19:54:00+00:00,pullback_long_late_8346db7cf1cc,1,market,0.0,1,1,4,32,24170.0
668363,668364,668364,668364,closed,stop,21806.25,21802.25,21806.5,21802.0,21802.25,21838.25,-4.0,-4.5,-5.0,-100.0,10.0,0.5,1.0,1.0,5.0,2024-11-20 19:55:00+00:00,2024-11-20 19:55:00+00:00,2024-11-20 19:56:00+00:00,2024-11-20 19:56:00+00:00,pullback_long_late_8346db7cf1cc,1,market,0.0,1,1,4,32,24070.0
668366,668367,668367,668367,closed,timeout,21806.0,21805.75,21806.25,21805.5,21802.0,21838.0,-0.25,-0.75,-1.25,-25.0,10.0,0.5,1.0,1.0,3.75,2024-11-20 19:58:00+00:00,2024-11-20 19:58:00+00:00,2024-11-20 19:59:00+00:00,2024-11-20 19:59:00+00:00,pullback_long_late_8346db7cf1cc,1,market,0.0,1,1,4,32,24045.0
668413,668414,668414,668414,closed,stop,21909.5,21905.5,21909.75,21905.25,21905.5,21941.5,-4.0,-4.5,-5.0,-100.0,10.0,0.5,1.0,1.0,8.0,2024-11-20 20:45:00+00:00,2024-11-20 20:45:00+00:00,2024-11-20 20:46:00+00:00,2024-11-20 20:46:00+00:00,pullback_long_late_8346db7cf1cc,1,market,0.0,1,1,4,32,23945.0
668415,668416,668416,668416,closed,timeout,21914.75,21925.5,21915.0,21925.25,21910.75,21946.75,10.75,10.25,9.75,195.0,10.0,0.5,1.0,1.0,3.0,2024-11-20 20:47:00+00:00,2024-11-20 20:47:00+00:00,2024-11-20 20:48:00+00:00,2024-11-20 20:48:00+00:00,pullback_long_late_8346db7cf1cc,1,market,0.0,1,1,4,32,24140.0
668422,668423,668423,668423,closed,stop,21935.0,21931.0,21935.25,21930.75,21931.0,21967.0,-4.0,-4.5,-5.0,-100.0,10.0,0.5,1.0,1.0,10.5,2024-11-20 20:54:00+00:00,2024-11-20 20:54:00+00:00,2024-11-20 20:55:00+00:00,2024-11-20 20:55:00+00:00,pullback_long_late_8346db7cf1cc,1,market,0.0,1,1,4,32,24040.0
669673,669674,669674,669674,closed,timeout,22054.75,22053.5,22055.0,22053.25,22050.75,22086.75,-1.25,-1.75,-2.25,-45.0,10.0,0.5,1.0,1.0,3.75,2024-11-21 19:00:00+00:00,2024-11-21 19:00:00+00:00,2024-11-21 19:01:00+00:00,2024-11-21 19:01:00+00:00,pullback_long_late_8346db7cf1cc,1,market,0.0,1,1,4,32,23995.0
669706,669707,669707,669707,closed,timeout,22031.75,22036.5,22032.0,22036.25,22027.75,22063.75,4.75,4.25,3.75,75.0,10.0,0.5,1.0,1.0,0.75,2024-11-21 19:33:00+00:00,2024-11-21 19:33:00+00:00,2024-11-21 19:34:00+00:00,2024-11-21 19:34:00+00:00,pullback_long_late_8346db7cf1cc,1,market,0.0,1,1,4,32,24070.0
669718,669719,669719,669719,closed,stop,22047.5,22043.5,22047.75,22043.25,22043.5,22079.5,-4.0,-4.5,-5.0,-100.0,10.0,0.5,1.0,1.0,12.75,2024-11-21 19:45:00+00:00,2024-11-21 19:45:00+00:00,2024-11-21 19:46:00+00:00,2024-11-21 19:46:00+00:00,pullback_long_late_8346db7cf1cc,1,market,0.0,1,1,4,32,23970.0
669739,669740,669740,669740,closed,timeout,22056.0,22060.0,22056.25,22059.75,22052.0,22088.0,4.0,3.5,3.0,60.0,10.0,0.5,1.0,1.0,0.5,2024-11-21 20:06:00+00:00,2024-11-21 20:06:00+00:00,2024-11-21 20:07:00+00:00,2024-11-21 20:07:00+00:00,pullback_long_late_8346db7cf1cc,1,market,0.0,1,1,4,32,24030.0
669753,669754,669754,669754,closed,stop,22071.25,22067.25,22071.5,22067.0,22067.25,22103.25,-4.0,-4.5,-5.0,-100.0,10.0,0.5,1.0,1.0,8.0,2024-11-21 20:20:00+00:00,2024-11-21 20:20:00+00:00,2024-11-21 20:21:00+00:00,2024-11-21 20:21:00+00:00,pullback_long_late_8346db7cf1cc,1,market,0.0,1,1,4,32,23930.0
669755,669756,669756,669756,closed,timeout,22070.25,22072.25,22070.5,22072.0,22066.25,22102.25,2.0,1.5,1.0,20.0,10.0,0.5,1.0,1.0,2.25,2024-11-21 20:22:00+00:00,2024-11-21 20:22:00+00:00,2024-11-21 20:23:00+00:00,2024-11-21 20:23:00+00:00,pullback_long_late_8346db7cf1cc,1,market,0.0,1,1,4,32,23950.0
669756,669757,669757,669757,closed,stop,22072.0,22068.0,22072.25,22067.75,22068.0,22104.0,-4.0,-4.5,-5.0,-100.0,10.0,0.5,1.0,1.0,6.0,2024-11-21 20:23:00+00:00,2024-11-21 20:23:00+00:00,2024-11-21 20:24:00+00:00,2024-11-21 20:24:00+00:00,pullback_long_late_8346db7cf1cc,1,market,0.0,1,1,4,32,23850.0
671041,671042,671042,671042,closed,stop,22041.75,22037.75,22042.0,22037.5,22037.75,22073.75,-4.0,-4.5,-5.0,-100.0,10.0,0.5,1.0,1.0,5.0,2024-11-22 19:03:00+00:00,2024-11-22 19:03:00+00:00,2024-11-22 19:04:00+00:00,2024-11-22 19:04:00+00:00,pullback_long_late_8346db7cf1cc,1,market,0.0,1,1,4,32,23750.0
671081,671082,671082,671082,closed,stop,22035.0,22031.0,22035.25,22030.75,22031.0,22067.0,-4.0,-4.5,-5.0,-100.0,10.0,0.5,1.0,1.0,10.5,2024-11-22 19:43:00+00:00,2024-11-22 19:43:00+00:00,2024-11-22 19:44:00+00:00,2024-11-22 19:44:00+00:00,pullback_long_late_8346db7cf1cc,1,market,0.0,1,1,4,32,23650.0
671083,671084,671084,671084,closed,timeout,22028.25,22030.0,22028.5,22029.75,22024.25,22060.25,1.75,1.25,0.75,15.0,10.0,0.5,1.0,1.0,1.0,2024-11-22 19:45:00+00:00,2024-11-22 19:45:00+00:00,2024-11-22 19:46:00+00:00,2024-11-22 19:46:00+00:00,pullback_long_late_8346db7cf1cc,1,market,0.0,1,1,4,32,23665.0
671084,671085,671085,671085,closed,timeout,22029.25,22028.5,22029.5,22028.25,22025.25,22061.25,-0.75,-1.25,-1.75,-35.0,10.0,0.5,1.0,1.0,3.5,2024-11-22 19:46:00+00:00,2024-11-22 19:46:00+00:00,2024-11-22 19:47:00+00:00,2024-11-22 19:47:00+00:00,pullback_long_late_8346db7cf1cc,1,market,0.0,1,1,4,32,23630.0
671129,671130,671130,671130,closed,stop,22023.0,22019.0,22023.25,22018.75,22019.0,22055.0,-4.0,-4.5,-5.0,-100.0,10.0,0.5,1.0,1.0,4.25,2024-11-22 20:31:00+00:00,2024-11-22 20:31:00+00:00,2024-11-22 20:32:00+00:00,2024-11-22 20:32:00+00:00,pullback_long_late_8346db7cf1cc,1,market,0.0,1,1,4,32,23530.0
671156,671157,671157,671157,closed,timeout,22052.75,22057.5,22053.0,22057.25,22048.75,22084.75,4.75,4.25,3.75,75.0,10.0,0.5,1.0,1.0,3.0,2024-11-22 20:58:00+00:00,2024-11-22 20:58:00+00:00,2024-11-22 20:59:00+00:00,2024-11-22 20:59:00+00:00,pullback_long_late_8346db7cf1cc,1,market,0.0,1,1,4,32,23605.0
671157,671158,671158,671158,closed,stop,22057.25,22053.25,22057.5,22053.0,22053.25,22089.25,-4.0,-4.5,-5.0,-100.0,10.0,0.5,1.0,1.0,14.0,2024-11-22 20:59:00+00:00,2024-11-22 20:59:00+00:00,2024-11-22 21:00:00+00:00,2024-11-22 21:00:00+00:00,pullback_long_late_8346db7cf1cc,1,market,0.0,1,1,4,32,23505.0
672462,672463,672463,672463,closed,stop,22059.5,22055.5,22059.75,22055.25,22055.5,22091.5,-4.0,-4.5,-5.0,-100.0,10.0,0.5,1.0,1.0,14.25,2024-11-25 20:00:00+00:00,2024-11-25 20:00:00+00:00,2024-11-25 20:01:00+00:00,2024-11-25 20:01:00+00:00,pullback_long_late_8346db7cf1cc,1,market,0.0,1,1,4,32,23405.0
672511,672512,672512,672512,closed,stop,22060.5,22056.5,22060.75,22056.25,22056.5,22092.5,-4.0,-4.5,-5.0,-100.0,10.0,0.5,1.0,1.0,5.25,2024-11-25 20:49:00+00:00,2024-11-25 20:49:00+00:00,2024-11-25 20:50:00+00:00,2024-11-25 20:50:00+00:00,pullback_long_late_8346db7cf1cc,1,market,0.0,1,1,4,32,23305.0
673812,673813,673813,673813,closed,timeout,22127.75,22125.25,22128.0,22125.0,22123.75,22159.75,-2.5,-3.0,-3.5,-70.0,10.0,0.5,1.0,1.0,4.0,2024-11-26 19:45:00+00:00,2024-11-26 19:45:00+00:00,2024-11-26 19:46:00+00:00,2024-11-26 19:46:00+00:00,pullback_long_late_8346db7cf1cc,1,market,0.0,1,1,4,32,23235.0
673814,673815,673815,673815,closed,timeout,22127.75,22130.0,22128.0,22129.75,22123.75,22159.75,2.25,1.75,1.25,25.0,10.0,0.5,1.0,1.0,3.0,2024-11-26 19:47:00+00:00,2024-11-26 19:47:00+00:00,2024-11-26 19:48:00+00:00,2024-11-26 19:48:00+00:00,pullback_long_late_8346db7cf1cc,1,market,0.0,1,1,4,32,23260.0
673815,673816,673816,673816,closed,stop,22130.0,22126.0,22130.25,22125.75,22126.0,22162.0,-4.0,-4.5,-5.0,-100.0,10.0,0.5,1.0,1.0,4.75,2024-11-26 19:48:00+00:00,2024-11-26 19:48:00+00:00,2024-11-26 19:49:00+00:00,2024-11-26 19:49:00+00:00,pullback_long_late_8346db7cf1cc,1,market,0.0,1,1,4,32,23160.0
673820,673821,673821,673821,closed,stop,22132.75,22128.75,22133.0,22128.5,22128.75,22164.75,-4.0,-4.5,-5.0,-100.0,10.0,0.5,1.0,1.0,8.0,2024-11-26 19:53:00+00:00,2024-11-26 19:53:00+00:00,2024-11-26 19:54:00+00:00,2024-11-26 19:54:00+00:00,pullback_long_late_8346db7cf1cc,1,market,0.0,1,1,4,32,23060.0
673846,673847,673847,673847,closed,stop,22146.75,22142.75,22147.0,22142.5,22142.75,22178.75,-4.0,-4.5,-5.0,-100.0,10.0,0.5,1.0,1.0,8.0,2024-11-26 20:19:00+00:00,2024-11-26 20:19:00+00:00,2024-11-26 20:20:00+00:00,2024-11-26 20:20:00+00:00,pullback_long_late_8346db7cf1cc,1,market,0.0,1,1,4,32,22960.0
673877,673878,673878,673878,closed,stop,22183.5,22179.5,22183.75,22179.25,22179.5,22215.5,-4.0,-4.5,-5.0,-100.0,10.0,0.5,1.0,1.0,7.25,2024-11-26 20:50:00+00:00,2024-11-26 20:50:00+00:00,2024-11-26 20:51:00+00:00,2024-11-26 20:51:00+00:00,pullback_long_late_8346db7cf1cc,1,market,0.0,1,1,4,32,22860.0
673879,673880,673880,673880,closed,timeout,22182.25,22189.25,22182.5,22189.0,22178.25,22214.25,7.0,6.5,6.0,120.0,10.0,0.5,1.0,1.0,2.25,2024-11-26 20:52:00+00:00,2024-11-26 20:52:00+00:00,2024-11-26 20:53:00+00:00,2024-11-26 20:53:00+00:00,pullback_long_late_8346db7cf1cc,1,market,0.0,1,1,4,32,22980.0
673880,673881,673881,673881,closed,timeout,22189.5,22192.0,22189.75,22191.75,22185.5,22221.5,2.5,2.0,1.5,30.0,10.0,0.5,1.0,1.0,1.25,2024-11-26 20:53:00+00:00,2024-11-26 20:53:00+00:00,2024-11-26 20:54:00+00:00,2024-11-26 20:54:00+00:00,pullback_long_late_8346db7cf1cc,1,market,0.0,1,1,4,32,23010.0
675136,675137,675137,675137,closed,timeout,22003.75,22006.25,22004.0,22006.0,21999.75,22035.75,2.5,2.0,1.5,30.0,10.0,0.5,1.0,1.0,0.75,2024-11-27 19:04:00+00:00,2024-11-27 19:04:00+00:00,2024-11-27 19:05:00+00:00,2024-11-27 19:05:00+00:00,pullback_long_late_8346db7cf1cc,1,market,0.0,1,1,4,32,23040.0
675137,675138,675138,675138,closed,timeout,22006.25,22005.25,22006.5,22005.0,22002.25,22038.25,-1.0,-1.5,-2.0,-40.0,10.0,0.5,1.0,1.0,4.0,2024-11-27 19:05:00+00:00,2024-11-27 19:05:00+00:00,2024-11-27 19:06:00+00:00,2024-11-27 19:06:00+00:00,pullback_long_late_8346db7cf1cc,1,market,0.0,1,1,4,32,23000.0
675208,675209,675209,675209,closed,timeout,22017.75,22016.5,22018.0,22016.25,22013.75,22049.75,-1.25,-1.75,-2.25,-45.0,10.0,0.5,1.0,1.0,4.0,2024-11-27 20:16:00+00:00,2024-11-27 20:16:00+00:00,2024-11-27 20:17:00+00:00,2024-11-27 20:17:00+00:00,pullback_long_late_8346db7cf1cc,1,market,0.0,1,1,4,32,22955.0
678812,678813,678813,678813,closed,timeout,22399.25,22398.5,22399.5,22398.25,22395.25,22431.25,-0.75,-1.25,-1.75,-35.0,10.0,0.5,1.0,1.0,2.0,2024-12-02 19:35:00+00:00,2024-12-02 19:35:00+00:00,2024-12-02 19:36:00+00:00,2024-12-02 19:36:00+00:00,pullback_long_late_8346db7cf1cc,1,market,0.0,1,1,4,32,22920.0
678828,678829,678829,678829,closed,timeout,22402.5,22407.25,22402.75,22407.0,22398.5,22434.5,4.75,4.25,3.75,75.0,10.0,0.5,1.0,1.0,1.0,2024-12-02 19:51:00+00:00,2024-12-02 19:51:00+00:00,2024-12-02 19:52:00+00:00,2024-12-02 19:52:00+00:00,pullback_long_late_8346db7cf1cc,1,market,0.0,1,1,4,32,22995.0
678844,678845,678845,678845,closed,stop,22410.0,22406.0,22410.25,22405.75,22406.0,22442.0,-4.0,-4.5,-5.0,-100.0,10.0,0.5,1.0,1.0,4.25,2024-12-02 20:07:00+00:00,2024-12-02 20:07:00+00:00,2024-12-02 20:08:00+00:00,2024-12-02 20:08:00+00:00,pullback_long_late_8346db7cf1cc,1,market,0.0,1,1,4,32,22895.0
678859,678860,678860,678860,closed,timeout,22420.75,22421.5,22421.0,22421.25,22416.75,22452.75,0.75,0.25,-0.25,-5.0,10.0,0.5,1.0,1.0,2.0,2024-12-02 20:22:00+00:00,2024-12-02 20:22:00+00:00,2024-12-02 20:23:00+00:00,2024-12-02 20:23:00+00:00,pullback_long_late_8346db7cf1cc,1,market,0.0,1,1,4,32,22890.0
678869,678870,678870,678870,closed,timeout,22432.25,22434.25,22432.5,22434.0,22428.25,22464.25,2.0,1.5,1.0,20.0,10.0,0.5,1.0,1.0,1.25,2024-12-02 20:32:00+00:00,2024-12-02 20:32:00+00:00,2024-12-02 20:33:00+00:00,2024-12-02 20:33:00+00:00,pullback_long_late_8346db7cf1cc,1,market,0.0,1,1,4,32,22910.0
678877,678878,678878,678878,closed,stop,22435.0,22431.0,22435.25,22430.75,22431.0,22467.0,-4.0,-4.5,-5.0,-100.0,10.0,0.5,1.0,1.0,5.5,2024-12-02 20:40:00+00:00,2024-12-02 20:40:00+00:00,2024-12-02 20:41:00+00:00,2024-12-02 20:41:00+00:00,pullback_long_late_8346db7cf1cc,1,market,0.0,1,1,4,32,22810.0
678880,678881,678881,678881,closed,stop,22430.0,22426.0,22430.25,22425.75,22426.0,22462.0,-4.0,-4.5,-5.0,-100.0,10.0,0.5,1.0,1.0,11.0,2024-12-02 20:43:00+00:00,2024-12-02 20:43:00+00:00,2024-12-02 20:44:00+00:00,2024-12-02 20:44:00+00:00,pullback_long_late_8346db7cf1cc,1,market,0.0,1,1,4,32,22710.0
680145,680146,680146,680146,closed,timeout,22425.25,22428.25,22425.5,22428.0,22421.25,22457.25,3.0,2.5,2.0,40.0,10.0,0.5,1.0,1.0,1.5,2024-12-03 19:03:00+00:00,2024-12-03 19:03:00+00:00,2024-12-03 19:04:00+00:00,2024-12-03 19:04:00+00:00,pullback_long_late_8346db7cf1cc,1,market,0.0,1,1,4,32,22750.0
680146,680147,680147,680147,closed,stop,22428.0,22424.0,22428.25,22423.75,22424.0,22460.0,-4.0,-4.5,-5.0,-100.0,10.0,0.5,1.0,1.0,6.5,2024-12-03 19:04:00+00:00,2024-12-03 19:04:00+00:00,2024-12-03 19:05:00+00:00,2024-12-03 19:05:00+00:00,pullback_long_late_8346db7cf1cc,1,market,0.0,1,1,4,32,22650.0
680149,680150,680150,680150,closed,stop,22427.0,22423.0,22427.25,22422.75,22423.0,22459.0,-4.0,-4.5,-5.0,-100.0,10.0,0.5,1.0,1.0,5.25,2024-12-03 19:07:00+00:00,2024-12-03 19:07:00+00:00,2024-12-03 19:08:00+00:00,2024-12-03 19:08:00+00:00,pullback_long_late_8346db7cf1cc,1,market,0.0,1,1,4,32,22550.0
680151,680152,680152,680152,closed,timeout,22427.0,22431.5,22427.25,22431.25,22423.0,22459.0,4.5,4.0,3.5,70.0,10.0,0.5,1.0,1.0,0.75,2024-12-03 19:09:00+00:00,2024-12-03 19:09:00+00:00,2024-12-03 19:10:00+00:00,2024-12-03 19:10:00+00:00,pullback_long_late_8346db7cf1cc,1,market,0.0,1,1,4,32,22620.0
680168,680169,680169,680169,closed,stop,22430.5,22426.5,22430.75,22426.25,22426.5,22462.5,-4.0,-4.5,-5.0,-100.0,10.0,0.5,1.0,1.0,4.5,2024-12-03 19:26:00+00:00,2024-12-03 19:26:00+00:00,2024-12-03 19:27:00+00:00,2024-12-03 19:27:00+00:00,pullback_long_late_8346db7cf1cc,1,market,0.0,1,1,4,32,22520.0
680180,680181,680181,680181,closed,timeout,22438.5,22440.25,22438.75,22440.0,22434.5,22470.5,1.75,1.25,0.75,15.0,10.0,0.5,1.0,1.0,0.5,2024-12-03 19:38:00+00:00,2024-12-03 19:38:00+00:00,2024-12-03 19:39:00+00:00,2024-12-03 19:39:00+00:00,pullback_long_late_8346db7cf1cc,1,market,0.0,1,1,4,32,22535.0
680186,680187,680187,680187,closed,stop,22442.0,22438.0,22442.25,22437.75,22438.0,22474.0,-4.0,-4.5,-5.0,-100.0,10.0,0.5,1.0,1.0,4.5,2024-12-03 19:44:00+00:00,2024-12-03 19:44:00+00:00,2024-12-03 19:45:00+00:00,2024-12-03 19:45:00+00:00,pullback_long_late_8346db7cf1cc,1,market,0.0,1,1,4,32,22435.0
680188,680189,680189,680189,closed,stop,22439.75,22435.75,22440.0,22435.5,22435.75,22471.75,-4.0,-4.5,-5.0,-100.0,10.0,0.5,1.0,1.0,4.5,2024-12-03 19:46:00+00:00,2024-12-03 19:46:00+00:00,2024-12-03 19:47:00+00:00,2024-12-03 19:47:00+00:00,pullback_long_late_8346db7cf1cc,1,market,0.0,1,1,4,32,22335.0
680204,680205,680205,680205,closed,timeout,22456.75,22455.75,22457.0,22455.5,22452.75,22488.75,-1.0,-1.5,-2.0,-40.0,10.0,0.5,1.0,1.0,1.5,2024-12-03 20:02:00+00:00,2024-12-03 20:02:00+00:00,2024-12-03 20:03:00+00:00,2024-12-03 20:03:00+00:00,pullback_long_late_8346db7cf1cc,1,market,0.0,1,1,4,32,22295.0
680209,680210,680210,680210,closed,timeout,22452.0,22453.25,22452.25,22453.0,22448.0,22484.0,1.25,0.75,0.25,5.0,10.0,0.5,1.0,1.0,2.0,2024-12-03 20:07:00+00:00,2024-12-03 20:07:00+00:00,2024-12-03 20:08:00+00:00,2024-12-03 20:08:00+00:00,pullback_long_late_8346db7cf1cc,1,market,0.0,1,1,4,32,22300.0
680210,680211,680211,680211,closed,timeout,22453.75,22457.5,22454.0,22457.25,22449.75,22485.75,3.75,3.25,2.75,55.0,10.0,0.5,1.0,1.0,0.5,2024-12-03 20:08:00+00:00,2024-12-03 20:08:00+00:00,2024-12-03 20:09:00+00:00,2024-12-03 20:09:00+00:00,pullback_long_late_8346db7cf1cc,1,market,0.0,1,1,4,32,22355.0
681507,681508,681508,681508,closed,timeout,22679.5,22680.5,22679.75,22680.25,22675.5,22711.5,1.0,0.5,0.0,0.0,10.0,0.5,1.0,1.0,3.25,2024-12-04 19:01:00+00:00,2024-12-04 19:01:00+00:00,2024-12-04 19:02:00+00:00,2024-12-04 19:02:00+00:00,pullback_long_late_8346db7cf1cc,1,market,0.0,1,1,4,32,22355.0
681510,681511,681511,681511,closed,timeout,22682.5,22684.75,22682.75,22684.5,22678.5,22714.5,2.25,1.75,1.25,25.0,10.0,0.5,1.0,1.0,1.75,2024-12-04 19:04:00+00:00,2024-12-04 19:04:00+00:00,2024-12-04 19:05:00+00:00,2024-12-04 19:05:00+00:00,pullback_long_late_8346db7cf1cc,1,market,0.0,1,1,4,32,22380.0
681513,681514,681514,681514,closed,stop,22684.25,22680.25,22684.5,22680.0,22680.25,22716.25,-4.0,-4.5,-5.0,-100.0,10.0,0.5,1.0,1.0,4.25,2024-12-04 19:07:00+00:00,2024-12-04 19:07:00+00:00,2024-12-04 19:08:00+00:00,2024-12-04 19:08:00+00:00,pullback_long_late_8346db7cf1cc,1,market,0.0,1,1,4,32,22280.0
681528,681529,681529,681529,closed,stop,22698.75,22694.75,22699.0,22694.5,22694.75,22730.75,-4.0,-4.5,-5.0,-100.0,10.0,0.5,1.0,1.0,7.0,2024-12-04 19:22:00+00:00,2024-12-04 19:22:00+00:00,2024-12-04 19:23:00+00:00,2024-12-04 19:23:00+00:00,pullback_long_late_8346db7cf1cc,1,market,0.0,1,1,4,32,22180.0
681535,681536,681536,681536,closed,timeout,22702.0,22704.25,22702.25,22704.0,22698.0,22734.0,2.25,1.75,1.25,25.0,10.0,0.5,1.0,1.0,1.5,2024-12-04 19:29:00+00:00,2024-12-04 19:29:00+00:00,2024-12-04 19:30:00+00:00,2024-12-04 19:30:00+00:00,pullback_long_late_8346db7cf1cc,1,market,0.0,1,1,4,32,22205.0
681543,681544,681544,681544,closed,timeout,22709.25,22710.75,22709.5,22710.5,22705.25,22741.25,1.5,1.0,0.5,10.0,10.0,0.5,1.0,1.0,1.25,2024-12-04 19:37:00+00:00,2024-12-04 19:37:00+00:00,2024-12-04 19:38:00+00:00,2024-12-04 19:38:00+00:00,pullback_long_late_8346db7cf1cc,1,market,0.0,1,1,4,32,22215.0
681544,681545,681545,681545,closed,stop,22711.5,22707.5,22711.75,22707.25,22707.5,22743.5,-4.0,-4.5,-5.0,-100.0,10.0,0.5,1.0,1.0,4.25,2024-12-04 19:38:00+00:00,2024-12-04 19:38:00+00:00,2024-12-04 19:39:00+00:00,2024-12-04 19:39:00+00:00,pullback_long_late_8346db7cf1cc,1,market,0.0,1,1,4,32,22115.0
681551,681552,681552,681552,closed,stop,22710.75,22706.75,22711.0,22706.5,22706.75,22742.75,-4.0,-4.5,-5.0,-100.0,10.0,0.5,1.0,1.0,5.25,2024-12-04 19:45:00+00:00,2024-12-04 19:45:00+00:00,2024-12-04 19:46:00+00:00,2024-12-04 19:46:00+00:00,pullback_long_late_8346db7cf1cc,1,market,0.0,1,1,4,32,22015.0
681555,681556,681556,681556,closed,timeout,22709.0,22711.0,22709.25,22710.75,22705.0,22741.0,2.0,1.5,1.0,20.0,10.0,0.5,1.0,1.0,1.5,2024-12-04 19:49:00+00:00,2024-12-04 19:49:00+00:00,2024-12-04 19:50:00+00:00,2024-12-04 19:50:00+00:00,pullback_long_late_8346db7cf1cc,1,market,0.0,1,1,4,32,22035.0
681559,681560,681560,681560,closed,stop,22713.5,22709.5,22713.75,22709.25,22709.5,22745.5,-4.0,-4.5,-5.0,-100.0,10.0,0.5,1.0,1.0,6.5,2024-12-04 19:53:00+00:00,2024-12-04 19:53:00+00:00,2024-12-04 19:54:00+00:00,2024-12-04 19:54:00+00:00,pullback_long_late_8346db7cf1cc,1,market,0.0,1,1,4,32,21935.0
681581,681582,681582,681582,closed,timeout,22716.75,22718.0,22717.0,22717.75,22712.75,22748.75,1.25,0.75,0.25,5.0,10.0,0.5,1.0,1.0,1.0,2024-12-04 20:15:00+00:00,2024-12-04 20:15:00+00:00,2024-12-04 20:16:00+00:00,2024-12-04 20:16:00+00:00,pullback_long_late_8346db7cf1cc,1,market,0.0,1,1,4,32,21940.0
681592,681593,681593,681593,closed,timeout,22719.75,22720.75,22720.0,22720.5,22715.75,22751.75,1.0,0.5,0.0,0.0,10.0,0.5,1.0,1.0,1.5,2024-12-04 20:26:00+00:00,2024-12-04 20:26:00+00:00,2024-12-04 20:27:00+00:00,2024-12-04 20:27:00+00:00,pullback_long_late_8346db7cf1cc,1,market,0.0,1,1,4,32,21940.0
681593,681594,681594,681594,closed,timeout,22720.75,22720.25,22721.0,22720.0,22716.75,22752.75,-0.5,-1.0,-1.5,-30.0,10.0,0.5,1.0,1.0,1.5,2024-12-04 20:27:00+00:00,2024-12-04 20:27:00+00:00,2024-12-04 20:28:00+00:00,2024-12-04 20:28:00+00:00,pullback_long_late_8346db7cf1cc,1,market,0.0,1,1,4,32,21910.0
681614,681615,681615,681615,closed,timeout,22734.25,22735.5,22734.5,22735.25,22730.25,22766.25,1.25,0.75,0.25,5.0,10.0,0.5,1.0,1.0,0.25,2024-12-04 20:48:00+00:00,2024-12-04 20:48:00+00:00,2024-12-04 20:49:00+00:00,2024-12-04 20:49:00+00:00,pullback_long_late_8346db7cf1cc,1,market,0.0,1,1,4,32,21915.0
681615,681616,681616,681616,closed,timeout,22736.0,22737.25,22736.25,22737.0,22732.0,22768.0,1.25,0.75,0.25,5.0,10.0,0.5,1.0,1.0,3.75,2024-12-04 20:49:00+00:00,2024-12-04 20:49:00+00:00,2024-12-04 20:50:00+00:00,2024-12-04 20:50:00+00:00,pullback_long_late_8346db7cf1cc,1,market,0.0,1,1,4,32,21920.0
681621,681622,681622,681622,closed,timeout,22739.0,22740.5,22739.25,22740.25,22735.0,22771.0,1.5,1.0,0.5,10.0,10.0,0.5,1.0,1.0,3.25,2024-12-04 20:55:00+00:00,2024-12-04 20:55:00+00:00,2024-12-04 20:56:00+00:00,2024-12-04 20:56:00+00:00,pullback_long_late_8346db7cf1cc,1,market,0.0,1,1,4,32,21930.0
681622,681623,681623,681623,closed,stop,22740.5,22736.5,22740.75,22736.25,22736.5,22772.5,-4.0,-4.5,-5.0,-100.0,10.0,0.5,1.0,1.0,4.25,2024-12-04 20:56:00+00:00,2024-12-04 20:56:00+00:00,2024-12-04 20:57:00+00:00,2024-12-04 20:57:00+00:00,pullback_long_late_8346db7cf1cc,1,market,0.0,1,1,4,32,21830.0
681624,681625,681625,681625,closed,stop,22742.25,22738.25,22742.5,22738.0,22738.25,22774.25,-4.0,-4.5,-5.0,-100.0,10.0,0.5,1.0,1.0,7.25,2024-12-04 20:58:00+00:00,2024-12-04 20:58:00+00:00,2024-12-04 20:59:00+00:00,2024-12-04 20:59:00+00:00,pullback_long_late_8346db7cf1cc,1,market,0.0,1,1,4,32,21730.0
682896,682897,682897,682897,closed,timeout,22710.25,22707.75,22710.5,22707.5,22706.25,22742.25,-2.5,-3.0,-3.5,-70.0,10.0,0.5,1.0,1.0,3.25,2024-12-05 19:25:00+00:00,2024-12-05 19:25:00+00:00,2024-12-05 19:26:00+00:00,2024-12-05 19:26:00+00:00,pullback_long_late_8346db7cf1cc,1,market,0.0,1,1,4,32,21660.0
682982,682983,682983,682983,closed,timeout,22685.75,22685.75,22686.0,22685.5,22681.75,22717.75,0.0,-0.5,-1.0,-20.0,10.0,0.5,1.0,1.0,3.75,2024-12-05 20:51:00+00:00,2024-12-05 20:51:00+00:00,2024-12-05 20:52:00+00:00,2024-12-05 20:52:00+00:00,pullback_long_late_8346db7cf1cc,1,market,0.0,1,1,4,32,21640.0
684286,684287,684287,684287,closed,timeout,22838.25,22842.0,22838.5,22841.75,22834.25,22870.25,3.75,3.25,2.75,55.0,10.0,0.5,1.0,1.0,1.25,2024-12-06 19:50:00+00:00,2024-12-06 19:50:00+00:00,2024-12-06 19:51:00+00:00,2024-12-06 19:51:00+00:00,pullback_long_late_8346db7cf1cc,1,market,0.0,1,1,4,32,21695.0
684295,684296,684296,684296,closed,stop,22839.75,22835.75,22840.0,22835.5,22835.75,22871.75,-4.0,-4.5,-5.0,-100.0,10.0,0.5,1.0,1.0,7.0,2024-12-06 19:59:00+00:00,2024-12-06 19:59:00+00:00,2024-12-06 20:00:00+00:00,2024-12-06 20:00:00+00:00,pullback_long_late_8346db7cf1cc,1,market,0.0,1,1,4,32,21595.0
684299,684300,684300,684300,closed,timeout,22831.5,22831.5,22831.75,22831.25,22827.5,22863.5,0.0,-0.5,-1.0,-20.0,10.0,0.5,1.0,1.0,0.75,2024-12-06 20:03:00+00:00,2024-12-06 20:03:00+00:00,2024-12-06 20:04:00+00:00,2024-12-06 20:04:00+00:00,pullback_long_late_8346db7cf1cc,1,market,0.0,1,1,4,32,21575.0
684314,684315,684315,684315,closed,timeout,22841.5,22846.5,22841.75,22846.25,22837.5,22873.5,5.0,4.5,4.0,80.0,10.0,0.5,1.0,1.0,0.75,2024-12-06 20:18:00+00:00,2024-12-06 20:18:00+00:00,2024-12-06 20:19:00+00:00,2024-12-06 20:19:00+00:00,pullback_long_late_8346db7cf1cc,1,market,0.0,1,1,4,32,21655.0
684321,684322,684322,684322,closed,stop,22847.5,22843.5,22847.75,22843.25,22843.5,22879.5,-4.0,-4.5,-5.0,-100.0,10.0,0.5,1.0,1.0,7.25,2024-12-06 20:25:00+00:00,2024-12-06 20:25:00+00:00,2024-12-06 20:26:00+00:00,2024-12-06 20:26:00+00:00,pullback_long_late_8346db7cf1cc,1,market,0.0,1,1,4,32,21555.0
684323,684324,684324,684324,closed,stop,22843.25,22839.25,22843.5,22839.0,22839.25,22875.25,-4.0,-4.5,-5.0,-100.0,10.0,0.5,1.0,1.0,4.25,2024-12-06 20:27:00+00:00,2024-12-06 20:27:00+00:00,2024-12-06 20:28:00+00:00,2024-12-06 20:28:00+00:00,pullback_long_late_8346db7cf1cc,1,market,0.0,1,1,4,32,21455.0
684326,684327,684327,684327,closed,stop,22846.0,22842.0,22846.25,22841.75,22842.0,22878.0,-4.0,-4.5,-5.0,-100.0,10.0,0.5,1.0,1.0,4.25,2024-12-06 20:30:00+00:00,2024-12-06 20:30:00+00:00,2024-12-06 20:31:00+00:00,2024-12-06 20:31:00+00:00,pullback_long_late_8346db7cf1cc,1,market,0.0,1,1,4,32,21355.0
684343,684344,684344,684344,closed,stop,22849.75,22845.75,22850.0,22845.5,22845.75,22881.75,-4.0,-4.5,-5.0,-100.0,10.0,0.5,1.0,1.0,5.25,2024-12-06 20:47:00+00:00,2024-12-06 20:47:00+00:00,2024-12-06 20:48:00+00:00,2024-12-06 20:48:00+00:00,pullback_long_late_8346db7cf1cc,1,market,0.0,1,1,4,32,21255.0
685708,685709,685709,685709,closed,stop,22650.25,22646.25,22650.5,22646.0,22646.25,22682.25,-4.0,-4.5,-5.0,-100.0,10.0,0.5,1.0,1.0,9.0,2024-12-09 20:47:00+00:00,2024-12-09 20:47:00+00:00,2024-12-09 20:48:00+00:00,2024-12-09 20:48:00+00:00,pullback_long_late_8346db7cf1cc,1,market,0.0,1,1,4,32,21155.0
685710,685711,685711,685711,closed,timeout,22652.0,22658.25,22652.25,22658.0,22648.0,22684.0,6.25,5.75,5.25,105.0,10.0,0.5,1.0,1.0,1.5,2024-12-09 20:49:00+00:00,2024-12-09 20:49:00+00:00,2024-12-09 20:50:00+00:00,2024-12-09 20:50:00+00:00,pullback_long_late_8346db7cf1cc,1,market,0.0,1,1,4,32,21260.0
685720,685721,685721,685721,closed,timeout,22668.5,22684.25,22668.75,22684.0,22664.5,22700.5,15.75,15.25,14.75,295.0,10.0,0.5,1.0,1.0,1.25,2024-12-09 20:59:00+00:00,2024-12-09 20:59:00+00:00,2024-12-09 21:00:00+00:00,2024-12-09 21:00:00+00:00,pullback_long_late_8346db7cf1cc,1,market,0.0,1,1,4,32,21555.0
686995,686996,686996,686996,closed,timeout,22650.0,22650.0,22650.25,22649.75,22646.0,22682.0,0.0,-0.5,-1.0,-20.0,10.0,0.5,1.0,1.0,1.75,2024-12-10 19:29:00+00:00,2024-12-10 19:29:00+00:00,2024-12-10 19:30:00+00:00,2024-12-10 19:30:00+00:00,pullback_long_late_8346db7cf1cc,1,market,0.0,1,1,4,32,21535.0
687075,687076,687076,687076,closed,stop,22587.5,22583.5,22587.75,22583.25,22583.5,22619.5,-4.0,-4.5,-5.0,-100.0,10.0,0.5,1.0,1.0,4.25,2024-12-10 20:49:00+00:00,2024-12-10 20:49:00+00:00,2024-12-10 20:50:00+00:00,2024-12-10 20:50:00+00:00,pullback_long_late_8346db7cf1cc,1,market,0.0,1,1,4,32,21435.0
688397,688398,688398,688398,closed,timeout,23003.25,23005.25,23003.5,23005.0,22999.25,23035.25,2.0,1.5,1.0,20.0,10.0,0.5,1.0,1.0,1.25,2024-12-11 20:06:00+00:00,2024-12-11 20:06:00+00:00,2024-12-11 20:07:00+00:00,2024-12-11 20:07:00+00:00,pullback_long_late_8346db7cf1cc,1,market,0.0,1,1,4,32,21455.0
688401,688402,688402,688402,closed,stop,23005.25,23001.25,23005.5,23001.0,23001.25,23037.25,-4.0,-4.5,-5.0,-100.0,10.0,0.5,1.0,1.0,4.5,2024-12-11 20:10:00+00:00,2024-12-11 20:10:00+00:00,2024-12-11 20:11:00+00:00,2024-12-11 20:11:00+00:00,pullback_long_late_8346db7cf1cc,1,market,0.0,1,1,4,32,21355.0
688414,688415,688415,688415,closed,timeout,23011.0,23015.25,23011.25,23015.0,23007.0,23043.0,4.25,3.75,3.25,65.0,10.0,0.5,1.0,1.0,1.25,2024-12-11 20:23:00+00:00,2024-12-11 20:23:00+00:00,2024-12-11 20:24:00+00:00,2024-12-11 20:24:00+00:00,pullback_long_late_8346db7cf1cc,1,market,0.0,1,1,4,32,21420.0
688417,688418,688418,688418,closed,timeout,23012.0,23014.5,23012.25,23014.25,23008.0,23044.0,2.5,2.0,1.5,30.0,10.0,0.5,1.0,1.0,0.75,2024-12-11 20:26:00+00:00,2024-12-11 20:26:00+00:00,2024-12-11 20:27:00+00:00,2024-12-11 20:27:00+00:00,pullback_long_late_8346db7cf1cc,1,market,0.0,1,1,4,32,21450.0
688423,688424,688424,688424,closed,timeout,23011.5,23010.75,23011.75,23010.5,23007.5,23043.5,-0.75,-1.25,-1.75,-35.0,10.0,0.5,1.0,1.0,1.5,2024-12-11 20:32:00+00:00,2024-12-11 20:32:00+00:00,2024-12-11 20:33:00+00:00,2024-12-11 20:33:00+00:00,pullback_long_late_8346db7cf1cc,1,market,0.0,1,1,4,32,21415.0
689740,689741,689741,689741,closed,timeout,22885.25,22890.0,22885.5,22889.75,22881.25,22917.25,4.75,4.25,3.75,75.0,10.0,0.5,1.0,1.0,1.25,2024-12-12 19:45:00+00:00,2024-12-12 19:45:00+00:00,2024-12-12 19:46:00+00:00,2024-12-12 19:46:00+00:00,pullback_long_late_8346db7cf1cc,1,market,0.0,1,1,4,32,21490.0
689746,689747,689747,689747,closed,stop,22888.0,22884.0,22888.25,22883.75,22884.0,22920.0,-4.0,-4.5,-5.0,-100.0,10.0,0.5,1.0,1.0,8.0,2024-12-12 19:51:00+00:00,2024-12-12 19:51:00+00:00,2024-12-12 19:52:00+00:00,2024-12-12 19:52:00+00:00,pullback_long_late_8346db7cf1cc,1,market,0.0,1,1,4,32,21390.0
689748,689749,689749,689749,closed,timeout,22884.0,22882.75,22884.25,22882.5,22880.0,22916.0,-1.25,-1.75,-2.25,-45.0,10.0,0.5,1.0,1.0,2.0,2024-12-12 19:53:00+00:00,2024-12-12 19:53:00+00:00,2024-12-12 19:54:00+00:00,2024-12-12 19:54:00+00:00,pullback_long_late_8346db7cf1cc,1,market,0.0,1,1,4,32,21345.0
691066,691067,691067,691067,closed,timeout,22968.0,22969.5,22968.25,22969.25,22964.0,23000.0,1.5,1.0,0.5,10.0,10.0,0.5,1.0,1.0,1.25,2024-12-13 19:06:00+00:00,2024-12-13 19:06:00+00:00,2024-12-13 19:07:00+00:00,2024-12-13 19:07:00+00:00,pullback_long_late_8346db7cf1cc,1,market,0.0,1,1,4,32,21355.0
691077,691078,691078,691078,closed,timeout,22978.25,22978.0,22978.5,22977.75,22974.25,23010.25,-0.25,-0.75,-1.25,-25.0,10.0,0.5,1.0,1.0,2.25,2024-12-13 19:17:00+00:00,2024-12-13 19:17:00+00:00,2024-12-13 19:18:00+00:00,2024-12-13 19:18:00+00:00,pullback_long_late_8346db7cf1cc,1,market,0.0,1,1,4,32,21330.0
691094,691095,691095,691095,closed,timeout,23009.75,23008.0,23010.0,23007.75,23005.75,23041.75,-1.75,-2.25,-2.75,-55.0,10.0,0.5,1.0,1.0,2.5,2024-12-13 19:34:00+00:00,2024-12-13 19:34:00+00:00,2024-12-13 19:35:00+00:00,2024-12-13 19:35:00+00:00,pullback_long_late_8346db7cf1cc,1,market,0.0,1,1,4,32,21275.0
691099,691100,691100,691100,closed,stop,23006.25,23002.25,23006.5,23002.0,23002.25,23038.25,-4.0,-4.5,-5.0,-100.0,10.0,0.5,1.0,1.0,5.75,2024-12-13 19:39:00+00:00,2024-12-13 19:39:00+00:00,2024-12-13 19:40:00+00:00,2024-12-13 19:40:00+00:00,pullback_long_late_8346db7cf1cc,1,market,0.0,1,1,4,32,21175.0
691101,691102,691102,691102,closed,timeout,23005.25,23008.75,23005.5,23008.5,23001.25,23037.25,3.5,3.0,2.5,50.0,10.0,0.5,1.0,1.0,1.25,2024-12-13 19:41:00+00:00,2024-12-13 19:41:00+00:00,2024-12-13 19:42:00+00:00,2024-12-13 19:42:00+00:00,pullback_long_late_8346db7cf1cc,1,market,0.0,1,1,4,32,21225.0
691166,691167,691167,691167,closed,timeout,23001.25,23009.5,23001.5,23009.25,22997.25,23033.25,8.25,7.75,7.25,145.0,10.0,0.5,1.0,1.0,0.25,2024-12-13 20:46:00+00:00,2024-12-13 20:46:00+00:00,2024-12-13 20:47:00+00:00,2024-12-13 20:47:00+00:00,pullback_long_late_8346db7cf1cc,1,market,0.0,1,1,4,32,21370.0
692444,692445,692445,692445,closed,timeout,23340.25,23343.0,23340.5,23342.75,23336.25,23372.25,2.75,2.25,1.75,35.0,10.0,0.5,1.0,1.0,2.5,2024-12-16 19:24:00+00:00,2024-12-16 19:24:00+00:00,2024-12-16 19:25:00+00:00,2024-12-16 19:25:00+00:00,pullback_long_late_8346db7cf1cc,1,market,0.0,1,1,4,32,21405.0
692445,692446,692446,692446,closed,timeout,23343.25,23341.75,23343.5,23341.5,23339.25,23375.25,-1.5,-2.0,-2.5,-50.0,10.0,0.5,1.0,1.0,3.5,2024-12-16 19:25:00+00:00,2024-12-16 19:25:00+00:00,2024-12-16 19:26:00+00:00,2024-12-16 19:26:00+00:00,pullback_long_late_8346db7cf1cc,1,market,0.0,1,1,4,32,21355.0
692449,692450,692450,692450,closed,stop,23337.5,23333.5,23337.75,23333.25,23333.5,23369.5,-4.0,-4.5,-5.0,-100.0,10.0,0.5,1.0,1.0,4.25,2024-12-16 19:29:00+00:00,2024-12-16 19:29:00+00:00,2024-12-16 19:30:00+00:00,2024-12-16 19:30:00+00:00,pullback_long_late_8346db7cf1cc,1,market,0.0,1,1,4,32,21255.0
692452,692453,692453,692453,closed,timeout,23334.25,23333.0,23334.5,23332.75,23330.25,23366.25,-1.25,-1.75,-2.25,-45.0,10.0,0.5,1.0,1.0,3.75,2024-12-16 19:32:00+00:00,2024-12-16 19:32:00+00:00,2024-12-16 19:33:00+00:00,2024-12-16 19:33:00+00:00,pullback_long_late_8346db7cf1cc,1,market,0.0,1,1,4,32,21210.0
693887,693888,693888,693888,closed,timeout,23210.25,23218.5,23210.5,23218.25,23206.25,23242.25,8.25,7.75,7.25,145.0,10.0,0.5,1.0,1.0,0.25,2024-12-17 20:44:00+00:00,2024-12-17 20:44:00+00:00,2024-12-17 20:45:00+00:00,2024-12-17 20:45:00+00:00,pullback_long_late_8346db7cf1cc,1,market,0.0,1,1,4,32,21355.0
693892,693893,693893,693893,closed,stop,23213.0,23209.0,23213.25,23208.75,23209.0,23245.0,-4.0,-4.5,-5.0,-100.0,10.0,0.5,1.0,1.0,6.25,2024-12-17 20:49:00+00:00,2024-12-17 20:49:00+00:00,2024-12-17 20:50:00+00:00,2024-12-17 20:50:00+00:00,pullback_long_late_8346db7cf1cc,1,market,0.0,1,1,4,32,21255.0
693894,693895,693895,693895,closed,stop,23217.5,23213.5,23217.75,23213.25,23213.5,23249.5,-4.0,-4.5,-5.0,-100.0,10.0,0.5,1.0,1.0,5.5,2024-12-17 20:51:00+00:00,2024-12-17 20:51:00+00:00,2024-12-17 20:52:00+00:00,2024-12-17 20:52:00+00:00,pullback_long_late_8346db7cf1cc,1,market,0.0,1,1,4,32,21155.0
696600,696601,696601,696601,closed,stop,22423.5,22419.5,22423.75,22419.25,22419.5,22455.5,-4.0,-4.5,-5.0,-100.0,10.0,0.5,1.0,1.0,18.75,2024-12-19 20:27:00+00:00,2024-12-19 20:27:00+00:00,2024-12-19 20:28:00+00:00,2024-12-19 20:28:00+00:00,pullback_long_late_8346db7cf1cc,1,market,0.0,1,1,4,32,21055.0
696604,696605,696605,696605,closed,stop,22417.75,22413.75,22418.0,22413.5,22413.75,22449.75,-4.0,-4.5,-5.0,-100.0,10.0,0.5,1.0,1.0,19.25,2024-12-19 20:31:00+00:00,2024-12-19 20:31:00+00:00,2024-12-19 20:32:00+00:00,2024-12-19 20:32:00+00:00,pullback_long_late_8346db7cf1cc,1,market,0.0,1,1,4,32,20955.0
697901,697902,697902,697902,closed,stop,22597.25,22593.25,22597.5,22593.0,22593.25,22629.25,-4.0,-4.5,-5.0,-100.0,10.0,0.5,1.0,1.0,5.0,2024-12-20 19:23:00+00:00,2024-12-20 19:23:00+00:00,2024-12-20 19:24:00+00:00,2024-12-20 19:24:00+00:00,pullback_long_late_8346db7cf1cc,1,market,0.0,1,1,4,32,20855.0
697902,697903,697903,697903,closed,stop,22605.5,22601.5,22605.75,22601.25,22601.5,22637.5,-4.0,-4.5,-5.0,-100.0,10.0,0.5,1.0,1.0,5.25,2024-12-20 19:24:00+00:00,2024-12-20 19:24:00+00:00,2024-12-20 19:25:00+00:00,2024-12-20 19:25:00+00:00,pullback_long_late_8346db7cf1cc,1,market,0.0,1,1,4,32,20755.0
697920,697921,697921,697921,closed,stop,22641.5,22637.5,22641.75,22637.25,22637.5,22673.5,-4.0,-4.5,-5.0,-100.0,10.0,0.5,1.0,1.0,6.25,2024-12-20 19:42:00+00:00,2024-12-20 19:42:00+00:00,2024-12-20 19:43:00+00:00,2024-12-20 19:43:00+00:00,pullback_long_late_8346db7cf1cc,1,market,0.0,1,1,4,32,20655.0
699253,699254,699254,699254,closed,stop,22669.5,22665.5,22669.75,22665.25,22665.5,22701.5,-4.0,-4.5,-5.0,-100.0,10.0,0.5,1.0,1.0,8.0,2024-12-23 19:10:00+00:00,2024-12-23 19:10:00+00:00,2024-12-23 19:11:00+00:00,2024-12-23 19:11:00+00:00,pullback_long_late_8346db7cf1cc,1,market,0.0,1,1,4,32,20555.0
699256,699257,699257,699257,closed,timeout,22668.0,22669.0,22668.25,22668.75,22664.0,22700.0,1.0,0.5,0.0,0.0,10.0,0.5,1.0,1.0,3.25,2024-12-23 19:13:00+00:00,2024-12-23 19:13:00+00:00,2024-12-23 19:14:00+00:00,2024-12-23 19:14:00+00:00,pullback_long_late_8346db7cf1cc,1,market,0.0,1,1,4,32,20555.0
699265,699266,699266,699266,closed,stop,22679.0,22675.0,22679.25,22674.75,22675.0,22711.0,-4.0,-4.5,-5.0,-100.0,10.0,0.5,1.0,1.0,4.75,2024-12-23 19:22:00+00:00,2024-12-23 19:22:00+00:00,2024-12-23 19:23:00+00:00,2024-12-23 19:23:00+00:00,pullback_long_late_8346db7cf1cc,1,market,0.0,1,1,4,32,20455.0
699336,699337,699337,699337,closed,timeout,22627.25,22632.25,22627.5,22632.0,22623.25,22659.25,5.0,4.5,4.0,80.0,10.0,0.5,1.0,1.0,2.5,2024-12-23 20:33:00+00:00,2024-12-23 20:33:00+00:00,2024-12-23 20:34:00+00:00,2024-12-23 20:34:00+00:00,pullback_long_late_8346db7cf1cc,1,market,0.0,1,1,4,32,20535.0
699344,699345,699345,699345,closed,timeout,22631.25,22648.25,22631.5,22648.0,22627.25,22663.25,17.0,16.5,16.0,320.0,10.0,0.5,1.0,1.0,0.5,2024-12-23 20:41:00+00:00,2024-12-23 20:41:00+00:00,2024-12-23 20:42:00+00:00,2024-12-23 20:42:00+00:00,pullback_long_late_8346db7cf1cc,1,market,0.0,1,1,4,32,20855.0
701783,701784,701784,701784,closed,timeout,22918.5,22916.5,22918.75,22916.25,22914.5,22950.5,-2.0,-2.5,-3.0,-60.0,10.0,0.5,1.0,1.0,3.5,2024-12-26 19:36:00+00:00,2024-12-26 19:36:00+00:00,2024-12-26 19:37:00+00:00,2024-12-26 19:37:00+00:00,pullback_long_late_8346db7cf1cc,1,market,0.0,1,1,4,32,20795.0
701798,701799,701799,701799,closed,timeout,22949.0,22950.75,22949.25,22950.5,22945.0,22981.0,1.75,1.25,0.75,15.0,10.0,0.5,1.0,1.0,4.0,2024-12-26 19:51:00+00:00,2024-12-26 19:51:00+00:00,2024-12-26 19:52:00+00:00,2024-12-26 19:52:00+00:00,pullback_long_late_8346db7cf1cc,1,market,0.0,1,1,4,32,20810.0
701799,701800,701800,701800,closed,stop,22950.5,22946.5,22950.75,22946.25,22946.5,22982.5,-4.0,-4.5,-5.0,-100.0,10.0,0.5,1.0,1.0,5.75,2024-12-26 19:52:00+00:00,2024-12-26 19:52:00+00:00,2024-12-26 19:53:00+00:00,2024-12-26 19:53:00+00:00,pullback_long_late_8346db7cf1cc,1,market,0.0,1,1,4,32,20710.0
701801,701802,701802,701802,closed,timeout,22949.0,22952.0,22949.25,22951.75,22945.0,22981.0,3.0,2.5,2.0,40.0,10.0,0.5,1.0,1.0,0.5,2024-12-26 19:54:00+00:00,2024-12-26 19:54:00+00:00,2024-12-26 19:55:00+00:00,2024-12-26 19:55:00+00:00,pullback_long_late_8346db7cf1cc,1,market,0.0,1,1,4,32,20750.0
701811,701812,701812,701812,closed,timeout,22959.0,22960.75,22959.25,22960.5,22955.0,22991.0,1.75,1.25,0.75,15.0,10.0,0.5,1.0,1.0,3.0,2024-12-26 20:04:00+00:00,2024-12-26 20:04:00+00:00,2024-12-26 20:05:00+00:00,2024-12-26 20:05:00+00:00,pullback_long_late_8346db7cf1cc,1,market,0.0,1,1,4,32,20765.0
701815,701816,701816,701816,closed,timeout,22962.75,22965.75,22963.0,22965.5,22958.75,22994.75,3.0,2.5,2.0,40.0,10.0,0.5,1.0,1.0,2.5,2024-12-26 20:08:00+00:00,2024-12-26 20:08:00+00:00,2024-12-26 20:09:00+00:00,2024-12-26 20:09:00+00:00,pullback_long_late_8346db7cf1cc,1,market,0.0,1,1,4,32,20805.0
701820,701821,701821,701821,closed,stop,22957.75,22953.75,22958.0,22953.5,22953.75,22989.75,-4.0,-4.5,-5.0,-100.0,10.0,0.5,1.0,1.0,8.5,2024-12-26 20:13:00+00:00,2024-12-26 20:13:00+00:00,2024-12-26 20:14:00+00:00,2024-12-26 20:14:00+00:00,pullback_long_late_8346db7cf1cc,1,market,0.0,1,1,4,32,20705.0
701846,701847,701847,701847,closed,stop,22960.75,22956.75,22961.0,22956.5,22956.75,22992.75,-4.0,-4.5,-5.0,-100.0,10.0,0.5,1.0,1.0,5.0,2024-12-26 20:39:00+00:00,2024-12-26 20:39:00+00:00,2024-12-26 20:40:00+00:00,2024-12-26 20:40:00+00:00,pullback_long_late_8346db7cf1cc,1,market,0.0,1,1,4,32,20605.0
703116,703117,703117,703117,closed,stop,22576.25,22572.25,22576.5,22572.0,22572.25,22608.25,-4.0,-4.5,-5.0,-100.0,10.0,0.5,1.0,1.0,7.75,2024-12-27 19:04:00+00:00,2024-12-27 19:04:00+00:00,2024-12-27 19:05:00+00:00,2024-12-27 19:05:00+00:00,pullback_long_late_8346db7cf1cc,1,market,0.0,1,1,4,32,20505.0
703123,703124,703124,703124,closed,stop,22588.5,22584.5,22588.75,22584.25,22584.5,22620.5,-4.0,-4.5,-5.0,-100.0,10.0,0.5,1.0,1.0,12.25,2024-12-27 19:11:00+00:00,2024-12-27 19:11:00+00:00,2024-12-27 19:12:00+00:00,2024-12-27 19:12:00+00:00,pullback_long_late_8346db7cf1cc,1,market,0.0,1,1,4,32,20405.0
703125,703126,703126,703126,closed,stop,22582.5,22578.5,22582.75,22578.25,22578.5,22614.5,-4.0,-4.5,-5.0,-100.0,10.0,0.5,1.0,1.0,12.75,2024-12-27 19:13:00+00:00,2024-12-27 19:13:00+00:00,2024-12-27 19:14:00+00:00,2024-12-27 19:14:00+00:00,pullback_long_late_8346db7cf1cc,1,market,0.0,1,1,4,32,20305.0
703156,703157,703157,703157,closed,stop,22596.5,22592.5,22596.75,22592.25,22592.5,22628.5,-4.0,-4.5,-5.0,-100.0,10.0,0.5,1.0,1.0,4.75,2024-12-27 19:44:00+00:00,2024-12-27 19:44:00+00:00,2024-12-27 19:45:00+00:00,2024-12-27 19:45:00+00:00,pullback_long_late_8346db7cf1cc,1,market,0.0,1,1,4,32,20205.0
703164,703165,703165,703165,closed,stop,22599.75,22595.75,22600.0,22595.5,22595.75,22631.75,-4.0,-4.5,-5.0,-100.0,10.0,0.5,1.0,1.0,4.25,2024-12-27 19:52:00+00:00,2024-12-27 19:52:00+00:00,2024-12-27 19:53:00+00:00,2024-12-27 19:53:00+00:00,pullback_long_late_8346db7cf1cc,1,market,0.0,1,1,4,32,20105.0
703172,703173,703173,703173,closed,stop,22617.5,22613.5,22617.75,22613.25,22613.5,22649.5,-4.0,-4.5,-5.0,-100.0,10.0,0.5,1.0,1.0,11.25,2024-12-27 20:00:00+00:00,2024-12-27 20:00:00+00:00,2024-12-27 20:01:00+00:00,2024-12-27 20:01:00+00:00,pullback_long_late_8346db7cf1cc,1,market,0.0,1,1,4,32,20005.0
703230,703231,703231,703231,closed,stop,22603.5,22599.5,22603.75,22599.25,22599.5,22635.5,-4.0,-4.5,-5.0,-100.0,10.0,0.5,1.0,1.0,7.0,2024-12-27 20:58:00+00:00,2024-12-27 20:58:00+00:00,2024-12-27 20:59:00+00:00,2024-12-27 20:59:00+00:00,pullback_long_late_8346db7cf1cc,1,market,0.0,1,1,4,32,19905.0
704523,704524,704524,704524,closed,timeout,22429.75,22435.5,22430.0,22435.25,22425.75,22461.75,5.75,5.25,4.75,95.0,10.0,0.5,1.0,1.0,2.0,2024-12-30 19:46:00+00:00,2024-12-30 19:46:00+00:00,2024-12-30 19:47:00+00:00,2024-12-30 19:47:00+00:00,pullback_long_late_8346db7cf1cc,1,market,0.0,1,1,4,32,20000.0
704524,704525,704525,704525,closed,timeout,22435.5,22443.0,22435.75,22442.75,22431.5,22467.5,7.5,7.0,6.5,130.0,10.0,0.5,1.0,1.0,2.75,2024-12-30 19:47:00+00:00,2024-12-30 19:47:00+00:00,2024-12-30 19:48:00+00:00,2024-12-30 19:48:00+00:00,pullback_long_late_8346db7cf1cc,1,market,0.0,1,1,4,32,20130.0
704533,704534,704534,704534,closed,stop,22442.0,22438.0,22442.25,22437.75,22438.0,22474.0,-4.0,-4.5,-5.0,-100.0,10.0,0.5,1.0,1.0,9.0,2024-12-30 19:56:00+00:00,2024-12-30 19:56:00+00:00,2024-12-30 19:57:00+00:00,2024-12-30 19:57:00+00:00,pullback_long_late_8346db7cf1cc,1,market,0.0,1,1,4,32,20030.0
704540,704541,704541,704541,closed,stop,22442.75,22438.75,22443.0,22438.5,22438.75,22474.75,-4.0,-4.5,-5.0,-100.0,10.0,0.5,1.0,1.0,16.5,2024-12-30 20:03:00+00:00,2024-12-30 20:03:00+00:00,2024-12-30 20:04:00+00:00,2024-12-30 20:04:00+00:00,pullback_long_late_8346db7cf1cc,1,market,0.0,1,1,4,32,19930.0
705854,705855,705855,705855,closed,timeout,22173.5,22178.75,22173.75,22178.5,22169.5,22205.5,5.25,4.75,4.25,85.0,10.0,0.5,1.0,1.0,2.0,2024-12-31 19:12:00+00:00,2024-12-31 19:12:00+00:00,2024-12-31 19:13:00+00:00,2024-12-31 19:13:00+00:00,pullback_long_late_8346db7cf1cc,1,market,0.0,1,1,4,32,20015.0
705912,705913,705913,705913,closed,stop,22180.5,22176.5,22180.75,22176.25,22176.5,22212.5,-4.0,-4.5,-5.0,-100.0,10.0,0.5,1.0,1.0,14.5,2024-12-31 20:10:00+00:00,2024-12-31 20:10:00+00:00,2024-12-31 20:11:00+00:00,2024-12-31 20:11:00+00:00,pullback_long_late_8346db7cf1cc,1,market,0.0,1,1,4,32,19915.0
705931,705932,705932,705932,closed,timeout,22206.75,22220.75,22207.0,22220.5,22202.75,22238.75,14.0,13.5,13.0,260.0,10.0,0.5,1.0,1.0,2.0,2024-12-31 20:29:00+00:00,2024-12-31 20:29:00+00:00,2024-12-31 20:30:00+00:00,2024-12-31 20:30:00+00:00,pullback_long_late_8346db7cf1cc,1,market,0.0,1,1,4,32,20175.0
705937,705938,705938,705938,closed,stop,22198.0,22194.0,22198.25,22193.75,22194.0,22230.0,-4.0,-4.5,-5.0,-100.0,10.0,0.5,1.0,1.0,6.25,2024-12-31 20:35:00+00:00,2024-12-31 20:35:00+00:00,2024-12-31 20:36:00+00:00,2024-12-31 20:36:00+00:00,pullback_long_late_8346db7cf1cc,1,market,0.0,1,1,4,32,20075.0
