detection_index,entry_index,exit_index,termination_index,status,reason,reference_entry,exit_reference_price,entry_price,exit_price,stop_price,target_price,gross_points,fill_pnl_points,net_points,net_dollars,fees_dollars,slippage_points,holding_bars,holding_minutes,mae_points,detection_timestamp,entry_timestamp,exit_timestamp,expiry_timestamp,pattern_id,direction,entry_kind,entry_offset_points,horizon,pending_bars,stop_points,target_points,balance_after_dollars
355848,355849,355864,355864,closed,target,18688.75,18708.75,18689.0,18708.5,18676.75,18708.75,20.0,19.5,19.0,380.0,10.0,0.5,16.0,16.0,4.5,2024-01-02 16:15:00+00:00,2024-01-02 16:15:00+00:00,2024-01-02 16:31:00+00:00,2024-01-02 17:00:00+00:00,pullback_long_midday_e357dc47fc29,1,market,0.0,45,1,12,20,50380.0
355875,355876,355880,355880,closed,target,18705.75,18725.75,18706.0,18725.5,18693.75,18725.75,20.0,19.5,19.0,380.0,10.0,0.5,5.0,5.0,0.75,2024-01-02 16:42:00+00:00,2024-01-02 16:42:00+00:00,2024-01-02 16:47:00+00:00,2024-01-02 17:27:00+00:00,pullback_long_midday_e357dc47fc29,1,market,0.0,45,1,12,20,50760.0
355887,355888,355911,355911,closed,stop,18718.0,18706.0,18718.25,18705.75,18706.0,18738.0,-12.0,-12.5,-13.0,-260.0,10.0,0.5,24.0,24.0,23.75,2024-01-02 16:54:00+00:00,2024-01-02 16:54:00+00:00,2024-01-02 17:18:00+00:00,2024-01-02 17:39:00+00:00,pullback_long_midday_e357dc47fc29,1,market,0.0,45,1,12,20,50500.0
355984,355985,356003,356003,closed,stop,18676.75,18664.75,18677.0,18664.5,18664.75,18696.75,-12.0,-12.5,-13.0,-260.0,10.0,0.5,19.0,19.0,12.75,2024-01-02 18:31:00+00:00,2024-01-02 18:31:00+00:00,2024-01-02 18:50:00+00:00,2024-01-02 19:16:00+00:00,pullback_long_midday_e357dc47fc29,1,market,0.0,45,1,12,20,50240.0
357207,357208,357221,357221,closed,stop,18540.5,18528.5,18540.75,18528.25,18528.5,18560.5,-12.0,-12.5,-13.0,-260.0,10.0,0.5,14.0,14.0,14.25,2024-01-03 16:09:00+00:00,2024-01-03 16:09:00+00:00,2024-01-03 16:23:00+00:00,2024-01-03 16:54:00+00:00,pullback_long_midday_e357dc47fc29,1,market,0.0,45,1,12,20,49980.0
357291,357292,357317,357317,closed,target,18517.75,18537.75,18518.0,18537.5,18505.75,18537.75,20.0,19.5,19.0,380.0,10.0,0.5,26.0,26.0,2.75,2024-01-03 17:33:00+00:00,2024-01-03 17:33:00+00:00,2024-01-03 17:59:00+00:00,2024-01-03 18:18:00+00:00,pullback_long_midday_e357dc47fc29,1,market,0.0,45,1,12,20,50360.0
357318,357319,357339,357339,closed,stop,18541.5,18529.5,18541.75,18529.25,18529.5,18561.5,-12.0,-12.5,-13.0,-260.0,10.0,0.5,21.0,21.0,12.75,2024-01-03 18:00:00+00:00,2024-01-03 18:00:00+00:00,2024-01-03 18:21:00+00:00,2024-01-03 18:45:00+00:00,pullback_long_midday_e357dc47fc29,1,market,0.0,45,1,12,20,50100.0
357374,357375,357379,357379,closed,stop,18522.5,18510.5,18522.75,18510.25,18510.5,18542.5,-12.0,-12.5,-13.0,-260.0,10.0,0.5,5.0,5.0,20.75,2024-01-03 18:56:00+00:00,2024-01-03 18:56:00+00:00,2024-01-03 19:01:00+00:00,2024-01-03 19:41:00+00:00,pullback_long_midday_e357dc47fc29,1,market,0.0,45,1,12,20,49840.0
358563,358564,358573,358573,closed,target,18466.5,18486.5,18466.75,18486.25,18454.5,18486.5,20.0,19.5,19.0,380.0,10.0,0.5,10.0,10.0,0.25,2024-01-04 16:00:00+00:00,2024-01-04 16:00:00+00:00,2024-01-04 16:10:00+00:00,2024-01-04 16:45:00+00:00,pullback_long_midday_e357dc47fc29,1,market,0.0,45,1,12,20,50220.0
358584,358585,358593,358593,closed,stop,18518.0,18506.0,18518.25,18505.75,18506.0,18538.0,-12.0,-12.5,-13.0,-260.0,10.0,0.5,9.0,9.0,16.25,2024-01-04 16:21:00+00:00,2024-01-04 16:21:00+00:00,2024-01-04 16:30:00+00:00,2024-01-04 17:06:00+00:00,pullback_long_midday_e357dc47fc29,1,market,0.0,45,1,12,20,49960.0
358692,358693,358696,358696,closed,stop,18447.5,18435.5,18447.75,18435.25,18435.5,18467.5,-12.0,-12.5,-13.0,-260.0,10.0,0.5,4.0,4.0,13.0,2024-01-04 18:09:00+00:00,2024-01-04 18:09:00+00:00,2024-01-04 18:13:00+00:00,2024-01-04 18:54:00+00:00,pullback_long_midday_e357dc47fc29,1,market,0.0,45,1,12,20,49700.0
358700,358701,358720,358720,closed,target,18446.0,18466.0,18446.25,18465.75,18434.0,18466.0,20.0,19.5,19.0,380.0,10.0,0.5,20.0,20.0,4.0,2024-01-04 18:17:00+00:00,2024-01-04 18:17:00+00:00,2024-01-04 18:37:00+00:00,2024-01-04 19:02:00+00:00,pullback_long_midday_e357dc47fc29,1,market,0.0,45,1,12,20,50080.0
358723,358724,358740,358740,closed,stop,18457.75,18445.75,18458.0,18445.5,18445.75,18477.75,-12.0,-12.5,-13.0,-260.0,10.0,0.5,17.0,17.0,15.5,2024-01-04 18:40:00+00:00,2024-01-04 18:40:00+00:00,2024-01-04 18:57:00+00:00,2024-01-04 19:25:00+00:00,pullback_long_midday_e357dc47fc29,1,market,0.0,45,1,12,20,49820.0
360039,360040,360051,360051,closed,stop,18412.25,18400.25,18412.5,18400.0,18400.25,18432.25,-12.0,-12.5,-13.0,-260.0,10.0,0.5,12.0,12.0,21.0,2024-01-05 17:51:00+00:00,2024-01-05 17:51:00+00:00,2024-01-05 18:03:00+00:00,2024-01-05 18:36:00+00:00,pullback_long_midday_e357dc47fc29,1,market,0.0,45,1,12,20,49560.0
360083,360084,360119,360119,closed,target,18427.0,18447.0,18427.25,18446.75,18415.0,18447.0,20.0,19.5,19.0,380.0,10.0,0.5,36.0,36.0,4.5,2024-01-05 18:35:00+00:00,2024-01-05 18:35:00+00:00,2024-01-05 19:11:00+00:00,2024-01-05 19:20:00+00:00,pullback_long_midday_e357dc47fc29,1,market,0.0,45,1,12,20,49940.0
361297,361298,361305,361305,closed,stop,18599.5,18587.5,18599.75,18587.25,18587.5,18619.5,-12.0,-12.5,-13.0,-260.0,10.0,0.5,8.0,8.0,13.75,2024-01-08 16:04:00+00:00,2024-01-08 16:04:00+00:00,2024-01-08 16:12:00+00:00,2024-01-08 16:49:00+00:00,pullback_long_midday_e357dc47fc29,1,market,0.0,45,1,12,20,49680.0
361331,361332,361354,361354,closed,target,18601.75,18621.75,18602.0,18621.5,18589.75,18621.75,20.0,19.5,19.0,380.0,10.0,0.5,23.0,23.0,11.0,2024-01-08 16:38:00+00:00,2024-01-08 16:38:00+00:00,2024-01-08 17:01:00+00:00,2024-01-08 17:23:00+00:00,pullback_long_midday_e357dc47fc29,1,market,0.0,45,1,12,20,50060.0
361356,361357,361392,361392,closed,target,18624.5,18644.5,18624.75,18644.25,18612.5,18644.5,20.0,19.5,19.0,380.0,10.0,0.5,36.0,36.0,9.0,2024-01-08 17:03:00+00:00,2024-01-08 17:03:00+00:00,2024-01-08 17:39:00+00:00,2024-01-08 17:48:00+00:00,pullback_long_midday_e357dc47fc29,1,market,0.0,45,1,12,20,50440.0
361399,361400,361444,361444,closed,timeout,18649.0,18655.5,18649.25,18655.25,18637.0,18669.0,6.5,6.0,5.5,110.0,10.0,0.5,45.0,45.0,6.25,2024-01-08 17:46:00+00:00,2024-01-08 17:46:00+00:00,2024-01-08 18:31:00+00:00,2024-01-08 18:31:00+00:00,pullback_long_midday_e357dc47fc29,1,market,0.0,45,1,12,20,50550.0
361465,361466,361484,361484,closed,target,18669.75,18689.75,18670.0,18689.5,18657.75,18689.75,20.0,19.5,19.0,380.0,10.0,0.5,19.0,19.0,1.0,2024-01-08 18:52:00+00:00,2024-01-08 18:52:00+00:00,2024-01-08 19:11:00+00:00,2024-01-08 19:37:00+00:00,pullback_long_midday_e357dc47fc29,1,market,0.0,45,1,12,20,50930.0
362670,362671,362674,362674,closed,target,18698.25,18718.25,18698.5,18718.0,18686.25,18718.25,20.0,19.5,19.0,380.0,10.0,0.5,4.0,4.0,2.5,2024-01-09 16:13:00+00:00,2024-01-09 16:13:00+00:00,2024-01-09 16:17:00+00:00,2024-01-09 16:58:00+00:00,pullback_long_midday_e357dc47fc29,1,market,0.0,45,1,12,20,51310.0
362676,362677,362708,362708,closed,target,18718.75,18738.75,18719.0,18738.5,18706.75,18738.75,20.0,19.5,19.0,380.0,10.0,0.5,32.0,32.0,4.25,2024-01-09 16:19:00+00:00,2024-01-09 16:19:00+00:00,2024-01-09 16:51:00+00:00,2024-01-09 17:04:00+00:00,pullback_long_midday_e357dc47fc29,1,market,0.0,45,1,12,20,51690.0
362720,362721,362765,362765,closed,timeout,18766.5,18771.25,18766.75,18771.0,18754.5,18786.5,4.75,4.25,3.75,75.0,10.0,0.5,45.0,45.0,11.5,2024-01-09 17:03:00+00:00,2024-01-09 17:03:00+00:00,2024-01-09 17:48:00+00:00,2024-01-09 17:48:00+00:00,pullback_long_midday_e357dc47fc29,1,market,0.0,45,1,12,20,51765.0
362774,362775,362780,362780,closed,target,18783.75,18803.75,18784.0,18803.5,18771.75,18803.75,20.0,19.5,19.0,380.0,10.0,0.5,6.0,6.0,1.5,2024-01-09 17:57:00+00:00,2024-01-09 17:57:00+00:00,2024-01-09 18:03:00+00:00,2024-01-09 18:42:00+00:00,pullback_long_midday_e357dc47fc29,1,market,0.0,45,1,12,20,52145.0
362781,362782,362784,362784,closed,stop,18804.25,18792.25,18804.5,18792.0,18792.25,18824.25,-12.0,-12.5,-13.0,-260.0,10.0,0.5,3.0,3.0,24.25,2024-01-09 18:04:00+00:00,2024-01-09 18:04:00+00:00,2024-01-09 18:07:00+00:00,2024-01-09 18:49:00+00:00,pullback_long_midday_e357dc47fc29,1,market,0.0,45,1,12,20,51885.0
362785,362786,362803,362803,closed,stop,18783.25,18771.25,18783.5,18771.0,18771.25,18803.25,-12.0,-12.5,-13.0,-260.0,10.0,0.5,18.0,18.0,14.25,2024-01-09 18:08:00+00:00,2024-01-09 18:08:00+00:00,2024-01-09 18:26:00+00:00,2024-01-09 18:53:00+00:00,pullback_long_midday_e357dc47fc29,1,market,0.0,45,1,12,20,51625.0
364027,364028,364033,364033,closed,stop,18833.5,18821.5,18833.75,18821.25,18821.5,18853.5,-12.0,-12.5,-13.0,-260.0,10.0,0.5,6.0,6.0,13.25,2024-01-10 16:05:00+00:00,2024-01-10 16:05:00+00:00,2024-01-10 16:11:00+00:00,2024-01-10 16:50:00+00:00,pullback_long_midday_e357dc47fc29,1,market,0.0,45,1,12,20,51365.0
364058,364059,364096,364096,closed,target,18807.5,18827.5,18807.75,18827.25,18795.5,18827.5,20.0,19.5,19.0,380.0,10.0,0.5,38.0,38.0,7.75,2024-01-10 16:36:00+00:00,2024-01-10 16:36:00+00:00,2024-01-10 17:14:00+00:00,2024-01-10 17:21:00+00:00,pullback_long_midday_e357dc47fc29,1,market,0.0,45,1,12,20,51745.0
364101,364102,364139,364139,closed,target,18830.5,18850.5,18830.75,18850.25,18818.5,18850.5,20.0,19.5,19.0,380.0,10.0,0.5,38.0,38.0,9.5,2024-01-10 17:19:00+00:00,2024-01-10 17:19:00+00:00,2024-01-10 17:57:00+00:00,2024-01-10 18:04:00+00:00,pullback_long_midday_e357dc47fc29,1,market,0.0,45,1,12,20,52125.0
364145,364146,364147,364147,closed,target,18851.0,18871.0,18851.25,18870.75,18839.0,18871.0,20.0,19.5,19.0,380.0,10.0,0.5,2.0,2.0,4.0,2024-01-10 18:03:00+00:00,2024-01-10 18:03:00+00:00,2024-01-10 18:05:00+00:00,2024-01-10 18:48:00+00:00,pullback_long_midday_e357dc47fc29,1,market,0.0,45,1,12,20,52505.0
364149,364150,364151,364151,closed,stop,18859.5,18847.5,18859.75,18847.25,18847.5,18879.5,-12.0,-12.5,-13.0,-260.0,10.0,0.5,2.0,2.0,12.25,2024-01-10 18:07:00+00:00,2024-01-10 18:07:00+00:00,2024-01-10 18:09:00+00:00,2024-01-10 18:52:00+00:00,pullback_long_midday_e357dc47fc29,1,market,0.0,45,1,12,20,52245.0
364173,364174,364204,364204,closed,target,18849.75,18869.75,18850.0,18869.5,18837.75,18869.75,20.0,19.5,19.0,380.0,10.0,0.5,31.0,31.0,3.0,2024-01-10 18:31:00+00:00,2024-01-10 18:31:00+00:00,2024-01-10 19:02:00+00:00,2024-01-10 19:16:00+00:00,pullback_long_midday_e357dc47fc29,1,market,0.0,45,1,12,20,52625.0
365465,365466,365467,365467,closed,stop,18751.5,18739.5,18751.75,18739.25,18739.5,18771.5,-12.0,-12.5,-13.0,-260.0,10.0,0.5,2.0,2.0,19.5,2024-01-11 17:18:00+00:00,2024-01-11 17:18:00+00:00,2024-01-11 17:20:00+00:00,2024-01-11 18:03:00+00:00,pullback_long_midday_e357dc47fc29,1,market,0.0,45,1,12,20,52365.0
365468,365469,365470,365470,closed,stop,18746.75,18734.75,18747.0,18734.5,18734.75,18766.75,-12.0,-12.5,-13.0,-260.0,10.0,0.5,2.0,2.0,22.25,2024-01-11 17:21:00+00:00,2024-01-11 17:21:00+00:00,2024-01-11 17:23:00+00:00,2024-01-11 18:06:00+00:00,pullback_long_midday_e357dc47fc29,1,market,0.0,45,1,12,20,52105.0
365492,365493,365499,365499,closed,target,18769.25,18789.25,18769.5,18789.0,18757.25,18789.25,20.0,19.5,19.0,380.0,10.0,0.5,7.0,7.0,1.0,2024-01-11 17:45:00+00:00,2024-01-11 17:45:00+00:00,2024-01-11 17:52:00+00:00,2024-01-11 18:30:00+00:00,pullback_long_midday_e357dc47fc29,1,market,0.0,45,1,12,20,52485.0
365503,365504,365504,365504,closed,stop,18791.5,18779.5,18791.75,18779.25,18779.5,18811.5,-12.0,-12.5,-13.0,-260.0,10.0,0.5,1.0,1.0,12.75,2024-01-11 17:56:00+00:00,2024-01-11 17:56:00+00:00,2024-01-11 17:57:00+00:00,2024-01-11 18:41:00+00:00,pullback_long_midday_e357dc47fc29,1,market,0.0,45,1,12,20,52225.0
365506,365507,365510,365510,closed,target,18783.0,18803.0,18783.25,18802.75,18771.0,18803.0,20.0,19.5,19.0,380.0,10.0,0.5,4.0,4.0,7.5,2024-01-11 17:59:00+00:00,2024-01-11 17:59:00+00:00,2024-01-11 18:03:00+00:00,2024-01-11 18:44:00+00:00,pullback_long_midday_e357dc47fc29,1,market,0.0,45,1,12,20,52605.0
365512,365513,365523,365523,closed,target,18807.5,18827.5,18807.75,18827.25,18795.5,18827.5,20.0,19.5,19.0,380.0,10.0,0.5,11.0,11.0,10.25,2024-01-11 18:05:00+00:00,2024-01-11 18:05:00+00:00,2024-01-11 18:16:00+00:00,2024-01-11 18:50:00+00:00,pullback_long_midday_e357dc47fc29,1,market,0.0,45,1,12,20,52985.0
365527,365528,365561,365561,closed,target,18826.25,18846.25,18826.5,18846.0,18814.25,18846.25,20.0,19.5,19.0,380.0,10.0,0.5,34.0,34.0,7.75,2024-01-11 18:20:00+00:00,2024-01-11 18:20:00+00:00,2024-01-11 18:54:00+00:00,2024-01-11 19:05:00+00:00,pullback_long_midday_e357dc47fc29,1,market,0.0,45,1,12,20,53365.0
366776,366777,366789,366789,closed,stop,18920.0,18908.0,18920.25,18907.75,18908.0,18940.0,-12.0,-12.5,-13.0,-260.0,10.0,0.5,13.0,13.0,16.5,2024-01-12 16:24:00+00:00,2024-01-12 16:24:00+00:00,2024-01-12 16:37:00+00:00,2024-01-12 17:09:00+00:00,pullback_long_midday_e357dc47fc29,1,market,0.0,45,1,12,20,53105.0
366828,366829,366838,366838,closed,stop,18884.25,18872.25,18884.5,18872.0,18872.25,18904.25,-12.0,-12.5,-13.0,-260.0,10.0,0.5,10.0,10.0,14.5,2024-01-12 17:16:00+00:00,2024-01-12 17:16:00+00:00,2024-01-12 17:26:00+00:00,2024-01-12 18:01:00+00:00,pullback_long_midday_e357dc47fc29,1,market,0.0,45,1,12,20,52845.0
366842,366843,366850,366850,closed,stop,18885.25,18873.25,18885.5,18873.0,18873.25,18905.25,-12.0,-12.5,-13.0,-260.0,10.0,0.5,8.0,8.0,14.5,2024-01-12 17:30:00+00:00,2024-01-12 17:30:00+00:00,2024-01-12 17:38:00+00:00,2024-01-12 18:15:00+00:00,pullback_long_midday_e357dc47fc29,1,market,0.0,45,1,12,20,52585.0
366872,366873,366895,366895,closed,target,18895.0,18915.0,18895.25,18914.75,18883.0,18915.0,20.0,19.5,19.0,380.0,10.0,0.5,23.0,23.0,0.5,2024-01-12 18:00:00+00:00,2024-01-12 18:00:00+00:00,2024-01-12 18:23:00+00:00,2024-01-12 18:45:00+00:00,pullback_long_midday_e357dc47fc29,1,market,0.0,45,1,12,20,52965.0
366898,366899,366943,366943,closed,timeout,18910.5,18925.75,18910.75,18925.5,18898.5,18930.5,15.25,14.75,14.25,285.0,10.0,0.5,45.0,45.0,6.0,2024-01-12 18:26:00+00:00,2024-01-12 18:26:00+00:00,2024-01-12 19:11:00+00:00,2024-01-12 19:11:00+00:00,pullback_long_midday_e357dc47fc29,1,market,0.0,45,1,12,20,53250.0
368121,368122,368140,368140,closed,stop,18915.25,18903.25,18915.5,18903.0,18903.25,18935.25,-12.0,-12.5,-13.0,-260.0,10.0,0.5,19.0,19.0,12.25,2024-01-15 16:04:00+00:00,2024-01-15 16:04:00+00:00,2024-01-15 16:23:00+00:00,2024-01-15 16:49:00+00:00,pullback_long_midday_e357dc47fc29,1,market,0.0,45,1,12,20,52990.0
368160,368161,368173,368173,closed,stop,18914.5,18902.5,18914.75,18902.25,18902.5,18934.5,-12.0,-12.5,-13.0,-260.0,10.0,0.5,13.0,13.0,12.5,2024-01-15 16:43:00+00:00,2024-01-15 16:43:00+00:00,2024-01-15 16:56:00+00:00,2024-01-15 17:28:00+00:00,pullback_long_midday_e357dc47fc29,1,market,0.0,45,1,12,20,52730.0
369284,369285,369287,369287,closed,stop,18955.25,18943.25,18955.5,18943.0,18943.25,18975.25,-12.0,-12.5,-13.0,-260.0,10.0,0.5,3.0,3.0,20.5,2024-01-16 16:27:00+00:00,2024-01-16 16:27:00+00:00,2024-01-16 16:30:00+00:00,2024-01-16 17:12:00+00:00,pullback_long_midday_e357dc47fc29,1,market,0.0,45,1,12,20,52470.0
369288,369289,369296,369296,closed,stop,18949.0,18937.0,18949.25,18936.75,18937.0,18969.0,-12.0,-12.5,-13.0,-260.0,10.0,0.5,8.0,8.0,27.75,2024-01-16 16:31:00+00:00,2024-01-16 16:31:00+00:00,2024-01-16 16:39:00+00:00,2024-01-16 17:16:00+00:00,pullback_long_midday_e357dc47fc29,1,market,0.0,45,1,12,20,52210.0
369402,369403,369408,369408,closed,target,18866.25,18886.25,18866.5,18886.0,18854.25,18886.25,20.0,19.5,19.0,380.0,10.0,0.5,6.0,6.0,9.0,2024-01-16 18:25:00+00:00,2024-01-16 18:25:00+00:00,2024-01-16 18:31:00+00:00,2024-01-16 19:10:00+00:00,pullback_long_midday_e357dc47fc29,1,market,0.0,45,1,12,20,52590.0
370633,370634,370645,370645,closed,target,18744.0,18764.0,18744.25,18763.75,18732.0,18764.0,20.0,19.5,19.0,380.0,10.0,0.5,12.0,12.0,11.75,2024-01-17 16:11:00+00:00,2024-01-17 16:11:00+00:00,2024-01-17 16:23:00+00:00,2024-01-17 16:56:00+00:00,pullback_long_midday_e357dc47fc29,1,market,0.0,45,1,12,20,52970.0
370651,370652,370673,370673,closed,stop,18764.25,18752.25,18764.5,18752.0,18752.25,18784.25,-12.0,-12.5,-13.0,-260.0,10.0,0.5,22.0,22.0,12.25,2024-01-17 16:29:00+00:00,2024-01-17 16:29:00+00:00,2024-01-17 16:51:00+00:00,2024-01-17 17:14:00+00:00,pullback_long_midday_e357dc47fc29,1,market,0.0,45,1,12,20,52710.0
372011,372012,372020,372020,closed,target,19020.75,19040.75,19021.0,19040.5,19008.75,19040.75,20.0,19.5,19.0,380.0,10.0,0.5,9.0,9.0,11.75,2024-01-18 16:24:00+00:00,2024-01-18 16:24:00+00:00,2024-01-18 16:33:00+00:00,2024-01-18 17:09:00+00:00,pullback_long_midday_e357dc47fc29,1,market,0.0,45,1,12,20,53090.0
372021,372022,372029,372029,closed,stop,19036.25,19024.25,19036.5,19024.0,19024.25,19056.25,-12.0,-12.5,-13.0,-260.0,10.0,0.5,8.0,8.0,12.75,2024-01-18 16:34:00+00:00,2024-01-18 16:34:00+00:00,2024-01-18 16:42:00+00:00,2024-01-18 17:19:00+00:00,pullback_long_midday_e357dc47fc29,1,market,0.0,45,1,12,20,52830.0
372029,372030,372032,372032,closed,stop,19028.25,19016.25,19028.5,19016.0,19016.25,19048.25,-12.0,-12.5,-13.0,-260.0,10.0,0.5,3.0,3.0,16.75,2024-01-18 16:42:00+00:00,2024-01-18 16:42:00+00:00,2024-01-18 16:45:00+00:00,2024-01-18 17:27:00+00:00,pullback_long_midday_e357dc47fc29,1,market,0.0,45,1,12,20,52570.0
372103,372104,372104,372104,closed,stop,18948.75,18936.75,18949.0,18936.5,18936.75,18968.75,-12.0,-12.5,-13.0,-260.0,10.0,0.5,1.0,1.0,13.5,2024-01-18 17:56:00+00:00,2024-01-18 17:56:00+00:00,2024-01-18 17:57:00+00:00,2024-01-18 18:41:00+00:00,pullback_long_midday_e357dc47fc29,1,market,0.0,45,1,12,20,52310.0
372155,372156,372171,372171,closed,target,18952.5,18972.5,18952.75,18972.25,18940.5,18972.5,20.0,19.5,19.0,380.0,10.0,0.5,16.0,16.0,2.5,2024-01-18 18:48:00+00:00,2024-01-18 18:48:00+00:00,2024-01-18 19:04:00+00:00,2024-01-18 19:33:00+00:00,pullback_long_midday_e357dc47fc29,1,market,0.0,45,1,12,20,52690.0
373368,373369,373387,373387,closed,stop,19199.75,19187.75,19200.0,19187.5,19187.75,19219.75,-12.0,-12.5,-13.0,-260.0,10.0,0.5,19.0,19.0,13.75,2024-01-19 16:16:00+00:00,2024-01-19 16:16:00+00:00,2024-01-19 16:35:00+00:00,2024-01-19 17:01:00+00:00,pullback_long_midday_e357dc47fc29,1,market,0.0,45,1,12,20,52430.0
373409,373410,373424,373424,closed,stop,19196.25,19184.25,19196.5,19184.0,19184.25,19216.25,-12.0,-12.5,-13.0,-260.0,10.0,0.5,15.0,15.0,18.75,2024-01-19 16:57:00+00:00,2024-01-19 16:57:00+00:00,2024-01-19 17:12:00+00:00,2024-01-19 17:42:00+00:00,pullback_long_midday_e357dc47fc29,1,market,0.0,45,1,12,20,52170.0
373442,373443,373445,373445,closed,target,19229.5,19249.5,19229.75,19249.25,19217.5,19249.5,20.0,19.5,19.0,380.0,10.0,0.5,3.0,3.0,3.25,2024-01-19 17:30:00+00:00,2024-01-19 17:30:00+00:00,2024-01-19 17:33:00+00:00,2024-01-19 18:15:00+00:00,pullback_long_midday_e357dc47fc29,1,market,0.0,45,1,12,20,52550.0
373447,373448,373467,373467,closed,target,19240.25,19260.25,19240.5,19260.0,19228.25,19260.25,20.0,19.5,19.0,380.0,10.0,0.5,20.0,20.0,5.0,2024-01-19 17:35:00+00:00,2024-01-19 17:35:00+00:00,2024-01-19 17:55:00+00:00,2024-01-19 18:20:00+00:00,pullback_long_midday_e357dc47fc29,1,market,0.0,45,1,12,20,52930.0
373469,373470,373476,373476,closed,stop,19263.25,19251.25,19263.5,19251.0,19251.25,19283.25,-12.0,-12.5,-13.0,-260.0,10.0,0.5,7.0,7.0,14.5,2024-01-19 17:57:00+00:00,2024-01-19 17:57:00+00:00,2024-01-19 18:04:00+00:00,2024-01-19 18:42:00+00:00,pullback_long_midday_e357dc47fc29,1,market,0.0,45,1,12,20,52670.0
373477,373478,373486,373486,closed,target,19257.0,19277.0,19257.25,19276.75,19245.0,19277.0,20.0,19.5,19.0,380.0,10.0,0.5,9.0,9.0,1.5,2024-01-19 18:05:00+00:00,2024-01-19 18:05:00+00:00,2024-01-19 18:14:00+00:00,2024-01-19 18:50:00+00:00,pullback_long_midday_e357dc47fc29,1,market,0.0,45,1,12,20,53050.0
373493,373494,373509,373509,closed,target,19291.0,19311.0,19291.25,19310.75,19279.0,19311.0,20.0,19.5,19.0,380.0,10.0,0.5,16.0,16.0,4.75,2024-01-19 18:21:00+00:00,2024-01-19 18:21:00+00:00,2024-01-19 18:37:00+00:00,2024-01-19 19:06:00+00:00,pullback_long_midday_e357dc47fc29,1,market,0.0,45,1,12,20,53430.0
373522,373523,373536,373536,closed,target,19320.75,19340.75,19321.0,19340.5,19308.75,19340.75,20.0,19.5,19.0,380.0,10.0,0.5,14.0,14.0,8.5,2024-01-19 18:50:00+00:00,2024-01-19 18:50:00+00:00,2024-01-19 19:04:00+00:00,2024-01-19 19:35:00+00:00,pullback_long_midday_e357dc47fc29,1,market,0.0,45,1,12,20,53810.0
374779,374780,374783,374783,closed,stop,19448.0,19436.0,19448.25,19435.75,19436.0,19468.0,-12.0,-12.5,-13.0,-260.0,10.0,0.5,4.0,4.0,16.75,2024-01-22 17:02:00+00:00,2024-01-22 17:02:00+00:00,2024-01-22 17:06:00+00:00,2024-01-22 17:47:00+00:00,pullback_long_midday_e357dc47fc29,1,market,0.0,45,1,12,20,53550.0
376093,376094,376097,376097,closed,stop,19412.25,19400.25,19412.5,19400.0,19400.25,19432.25,-12.0,-12.5,-13.0,-260.0,10.0,0.5,4.0,4.0,17.75,2024-01-23 16:11:00+00:00,2024-01-23 16:11:00+00:00,2024-01-23 16:15:00+00:00,2024-01-23 16:56:00+00:00,pullback_long_midday_e357dc47fc29,1,market,0.0,45,1,12,20,53290.0
376133,376134,376178,376178,closed,timeout,19391.25,19385.5,19391.5,19385.25,19379.25,19411.25,-5.75,-6.25,-6.75,-135.0,10.0,0.5,45.0,45.0,8.5,2024-01-23 16:51:00+00:00,2024-01-23 16:51:00+00:00,2024-01-23 17:36:00+00:00,2024-01-23 17:36:00+00:00,pullback_long_midday_e357dc47fc29,1,market,0.0,45,1,12,20,53155.0
376205,376206,376208,376208,closed,stop,19428.0,19416.0,19428.25,19415.75,19416.0,19448.0,-12.0,-12.5,-13.0,-260.0,10.0,0.5,3.0,3.0,12.75,2024-01-23 18:03:00+00:00,2024-01-23 18:03:00+00:00,2024-01-23 18:06:00+00:00,2024-01-23 18:48:00+00:00,pullback_long_midday_e357dc47fc29,1,market,0.0,45,1,12,20,52895.0
376209,376210,376235,376235,closed,stop,19420.75,19408.75,19421.0,19408.5,19408.75,19440.75,-12.0,-12.5,-13.0,-260.0,10.0,0.5,26.0,26.0,15.25,2024-01-23 18:07:00+00:00,2024-01-23 18:07:00+00:00,2024-01-23 18:33:00+00:00,2024-01-23 18:52:00+00:00,pullback_long_midday_e357dc47fc29,1,market,0.0,45,1,12,20,52635.0
376260,376261,376305,376305,closed,timeout,19417.5,19422.75,19417.75,19422.5,19405.5,19437.5,5.25,4.75,4.25,85.0,10.0,0.5,45.0,45.0,12.0,2024-01-23 18:58:00+00:00,2024-01-23 18:58:00+00:00,2024-01-23 19:43:00+00:00,2024-01-23 19:43:00+00:00,pullback_long_midday_e357dc47fc29,1,market,0.0,45,1,12,20,52720.0
377475,377476,377478,377478,closed,stop,19656.75,19644.75,19657.0,19644.5,19644.75,19676.75,-12.0,-12.5,-13.0,-260.0,10.0,0.5,3.0,3.0,14.0,2024-01-24 16:28:00+00:00,2024-01-24 16:28:00+00:00,2024-01-24 16:31:00+00:00,2024-01-24 17:13:00+00:00,pullback_long_midday_e357dc47fc29,1,market,0.0,45,1,12,20,52460.0
377483,377484,377498,377498,closed,target,19651.75,19671.75,19652.0,19671.5,19639.75,19671.75,20.0,19.5,19.0,380.0,10.0,0.5,15.0,15.0,8.0,2024-01-24 16:36:00+00:00,2024-01-24 16:36:00+00:00,2024-01-24 16:51:00+00:00,2024-01-24 17:21:00+00:00,pullback_long_midday_e357dc47fc29,1,market,0.0,45,1,12,20,52840.0
377511,377512,377518,377518,closed,target,19687.5,19707.5,19687.75,19707.25,19675.5,19707.5,20.0,19.5,19.0,380.0,10.0,0.5,7.0,7.0,4.75,2024-01-24 17:04:00+00:00,2024-01-24 17:04:00+00:00,2024-01-24 17:11:00+00:00,2024-01-24 17:49:00+00:00,pullback_long_midday_e357dc47fc29,1,market,0.0,45,1,12,20,53220.0
377546,377547,377569,377569,closed,stop,19717.0,19705.0,19717.25,19704.75,19705.0,19737.0,-12.0,-12.5,-13.0,-260.0,10.0,0.5,23.0,23.0,19.5,2024-01-24 17:39:00+00:00,2024-01-24 17:39:00+00:00,2024-01-24 18:02:00+00:00,2024-01-24 18:24:00+00:00,pullback_long_midday_e357dc47fc29,1,market,0.0,45,1,12,20,52960.0
378834,378835,378855,378855,closed,stop,19663.0,19651.0,19663.25,19650.75,19651.0,19683.0,-12.0,-12.5,-13.0,-260.0,10.0,0.5,21.0,21.0,19.25,2024-01-25 16:22:00+00:00,2024-01-25 16:22:00+00:00,2024-01-25 16:43:00+00:00,2024-01-25 17:07:00+00:00,pullback_long_midday_e357dc47fc29,1,market,0.0,45,1,12,20,52700.0
378945,378946,378947,378947,closed,stop,19609.75,19597.75,19610.0,19597.5,19597.75,19629.75,-12.0,-12.5,-13.0,-260.0,10.0,0.5,2.0,2.0,12.5,2024-01-25 18:13:00+00:00,2024-01-25 18:13:00+00:00,2024-01-25 18:15:00+00:00,2024-01-25 18:58:00+00:00,pullback_long_midday_e357dc47fc29,1,market,0.0,45,1,12,20,52440.0
380209,380210,380215,380215,closed,stop,19556.25,19544.25,19556.5,19544.0,19544.25,19576.25,-12.0,-12.5,-13.0,-260.0,10.0,0.5,6.0,6.0,23.0,2024-01-26 16:32:00+00:00,2024-01-26 16:32:00+00:00,2024-01-26 16:38:00+00:00,2024-01-26 17:17:00+00:00,pullback_long_midday_e357dc47fc29,1,market,0.0,45,1,12,20,52180.0
380332,380333,380338,380338,closed,stop,19485.75,19473.75,19486.0,19473.5,19473.75,19505.75,-12.0,-12.5,-13.0,-260.0,10.0,0.5,6.0,6.0,19.25,2024-01-26 18:35:00+00:00,2024-01-26 18:35:00+00:00,2024-01-26 18:41:00+00:00,2024-01-26 19:20:00+00:00,pullback_long_midday_e357dc47fc29,1,market,0.0,45,1,12,20,51920.0
381566,381567,381573,381573,closed,target,19483.5,19503.5,19483.75,19503.25,19471.5,19503.5,20.0,19.5,19.0,380.0,10.0,0.5,7.0,7.0,1.25,2024-01-29 16:24:00+00:00,2024-01-29 16:24:00+00:00,2024-01-29 16:31:00+00:00,2024-01-29 17:09:00+00:00,pullback_long_midday_e357dc47fc29,1,market,0.0,45,1,12,20,52300.0
381579,381580,381603,381603,closed,target,19503.75,19523.75,19504.0,19523.5,19491.75,19523.75,20.0,19.5,19.0,380.0,10.0,0.5,24.0,24.0,7.5,2024-01-29 16:37:00+00:00,2024-01-29 16:37:00+00:00,2024-01-29 17:01:00+00:00,2024-01-29 17:22:00+00:00,pullback_long_midday_e357dc47fc29,1,market,0.0,45,1,12,20,52680.0
381605,381606,381627,381627,closed,target,19520.75,19540.75,19521.0,19540.5,19508.75,19540.75,20.0,19.5,19.0,380.0,10.0,0.5,22.0,22.0,3.5,2024-01-29 17:03:00+00:00,2024-01-29 17:03:00+00:00,2024-01-29 17:25:00+00:00,2024-01-29 17:48:00+00:00,pullback_long_midday_e357dc47fc29,1,market,0.0,45,1,12,20,53060.0
381628,381629,381649,381649,closed,stop,19541.0,19529.0,19541.25,19528.75,19529.0,19561.0,-12.0,-12.5,-13.0,-260.0,10.0,0.5,21.0,21.0,18.5,2024-01-29 17:26:00+00:00,2024-01-29 17:26:00+00:00,2024-01-29 17:47:00+00:00,2024-01-29 18:11:00+00:00,pullback_long_midday_e357dc47fc29,1,market,0.0,45,1,12,20,52800.0
381698,381699,381719,381719,closed,stop,19538.25,19526.25,19538.5,19526.0,19526.25,19558.25,-12.0,-12.5,-13.0,-260.0,10.0,0.5,21.0,21.0,12.25,2024-01-29 18:36:00+00:00,2024-01-29 18:36:00+00:00,2024-01-29 18:57:00+00:00,2024-01-29 19:21:00+00:00,pullback_long_midday_e357dc47fc29,1,market,0.0,45,1,12,20,52540.0
382912,382913,382916,382916,closed,stop,19579.25,19567.25,19579.5,19567.0,19567.25,19599.25,-12.0,-12.5,-13.0,-260.0,10.0,0.5,4.0,4.0,13.0,2024-01-30 16:06:00+00:00,2024-01-30 16:06:00+00:00,2024-01-30 16:10:00+00:00,2024-01-30 16:51:00+00:00,pullback_long_midday_e357dc47fc29,1,market,0.0,45,1,12,20,52280.0
382921,382922,382966,382966,closed,timeout,19576.0,19581.25,19576.25,19581.0,19564.0,19596.0,5.25,4.75,4.25,85.0,10.0,0.5,45.0,45.0,7.0,2024-01-30 16:15:00+00:00,2024-01-30 16:15:00+00:00,2024-01-30 17:00:00+00:00,2024-01-30 17:00:00+00:00,pullback_long_midday_e357dc47fc29,1,market,0.0,45,1,12,20,52365.0
383046,383047,383076,383076,closed,stop,19525.75,19513.75,19526.0,19513.5,19513.75,19545.75,-12.0,-12.5,-13.0,-260.0,10.0,0.5,30.0,30.0,12.25,2024-01-30 18:20:00+00:00,2024-01-30 18:20:00+00:00,2024-01-30 18:50:00+00:00,2024-01-30 19:05:00+00:00,pullback_long_midday_e357dc47fc29,1,market,0.0,45,1,12,20,52105.0
384280,384281,384287,384287,closed,target,19263.5,19283.5,19263.75,19283.25,19251.5,19283.5,20.0,19.5,19.0,380.0,10.0,0.5,7.0,7.0,4.75,2024-01-31 16:09:00+00:00,2024-01-31 16:09:00+00:00,2024-01-31 16:16:00+00:00,2024-01-31 16:54:00+00:00,pullback_long_midday_e357dc47fc29,1,market,0.0,45,1,12,20,52485.0
384299,384300,384334,384334,closed,target,19272.25,19292.25,19272.5,19292.0,19260.25,19292.25,20.0,19.5,19.0,380.0,10.0,0.5,35.0,35.0,11.75,2024-01-31 16:28:00+00:00,2024-01-31 16:28:00+00:00,2024-01-31 17:03:00+00:00,2024-01-31 17:13:00+00:00,pullback_long_midday_e357dc47fc29,1,market,0.0,45,1,12,20,52865.0
384352,384353,384369,384369,closed,stop,19292.75,19280.75,19293.0,19280.5,19280.75,19312.75,-12.0,-12.5,-13.0,-260.0,10.0,0.5,17.0,17.0,18.5,2024-01-31 17:21:00+00:00,2024-01-31 17:21:00+00:00,2024-01-31 17:38:00+00:00,2024-01-31 18:06:00+00:00,pullback_long_midday_e357dc47fc29,1,market,0.0,45,1,12,20,52605.0
384386,384387,384393,384393,closed,target,19298.0,19318.0,19298.25,19317.75,19286.0,19318.0,20.0,19.5,19.0,380.0,10.0,0.5,7.0,7.0,3.5,2024-01-31 17:55:00+00:00,2024-01-31 17:55:00+00:00,2024-01-31 18:02:00+00:00,2024-01-31 18:40:00+00:00,pullback_long_midday_e357dc47fc29,1,market,0.0,45,1,12,20,52985.0
384403,384404,384408,384408,closed,target,19323.5,19343.5,19323.75,19343.25,19311.5,19343.5,20.0,19.5,19.0,380.0,10.0,0.5,5.0,5.0,1.25,2024-01-31 18:12:00+00:00,2024-01-31 18:12:00+00:00,2024-01-31 18:17:00+00:00,2024-01-31 18:57:00+00:00,pullback_long_midday_e357dc47fc29,1,market,0.0,45,1,12,20,53365.0
385673,385674,385677,385677,closed,target,19244.75,19264.75,19245.0,19264.5,19232.75,19264.75,20.0,19.5,19.0,380.0,10.0,0.5,4.0,4.0,4.25,2024-02-01 16:37:00+00:00,2024-02-01 16:37:00+00:00,2024-02-01 16:41:00+00:00,2024-02-01 17:22:00+00:00,pullback_long_midday_e357dc47fc29,1,market,0.0,45,1,12,20,53745.0
385680,385681,385698,385698,closed,target,19259.25,19279.25,19259.5,19279.0,19247.25,19279.25,20.0,19.5,19.0,380.0,10.0,0.5,18.0,18.0,11.0,2024-02-01 16:44:00+00:00,2024-02-01 16:44:00+00:00,2024-02-01 17:02:00+00:00,2024-02-01 17:29:00+00:00,pullback_long_midday_e357dc47fc29,1,market,0.0,45,1,12,20,54125.0
385712,385713,385714,385714,closed,stop,19325.0,19313.0,19325.25,19312.75,19313.0,19345.0,-12.0,-12.5,-13.0,-260.0,10.0,0.5,2.0,2.0,16.5,2024-02-01 17:16:00+00:00,2024-02-01 17:16:00+00:00,2024-02-01 17:18:00+00:00,2024-02-01 18:01:00+00:00,pullback_long_midday_e357dc47fc29,1,market,0.0,45,1,12,20,53865.0
385717,385718,385719,385719,closed,stop,19310.0,19298.0,19310.25,19297.75,19298.0,19330.0,-12.0,-12.5,-13.0,-260.0,10.0,0.5,2.0,2.0,14.5,2024-02-01 17:21:00+00:00,2024-02-01 17:21:00+00:00,2024-02-01 17:23:00+00:00,2024-02-01 18:06:00+00:00,pullback_long_midday_e357dc47fc29,1,market,0.0,45,1,12,20,53605.0
385721,385722,385724,385724,closed,stop,19304.5,19292.5,19304.75,19292.25,19292.5,19324.5,-12.0,-12.5,-13.0,-260.0,10.0,0.5,3.0,3.0,14.75,2024-02-01 17:25:00+00:00,2024-02-01 17:25:00+00:00,2024-02-01 17:28:00+00:00,2024-02-01 18:10:00+00:00,pullback_long_midday_e357dc47fc29,1,market,0.0,45,1,12,20,53345.0
385756,385757,385758,385758,closed,stop,19324.75,19312.75,19325.0,19312.5,19312.75,19344.75,-12.0,-12.5,-13.0,-260.0,10.0,0.5,2.0,2.0,19.0,2024-02-01 18:00:00+00:00,2024-02-01 18:00:00+00:00,2024-02-01 18:02:00+00:00,2024-02-01 18:45:00+00:00,pullback_long_midday_e357dc47fc29,1,market,0.0,45,1,12,20,53085.0
385781,385782,385788,385788,closed,target,19313.5,19333.5,19313.75,19333.25,19301.5,19333.5,20.0,19.5,19.0,380.0,10.0,0.5,7.0,7.0,7.25,2024-02-01 18:25:00+00:00,2024-02-01 18:25:00+00:00,2024-02-01 18:32:00+00:00,2024-02-01 19:10:00+00:00,pullback_long_midday_e357dc47fc29,1,market,0.0,45,1,12,20,53465.0
387002,387003,387003,387003,closed,stop,19584.75,19572.75,19585.0,19572.5,19572.75,19604.75,-12.0,-12.5,-13.0,-260.0,10.0,0.5,1.0,1.0,21.25,2024-02-02 16:01:00+00:00,2024-02-02 16:01:00+00:00,2024-02-02 16:02:00+00:00,2024-02-02 16:46:00+00:00,pullback_long_midday_e357dc47fc29,1,market,0.0,45,1,12,20,53205.0
387023,387024,387030,387030,closed,target,19580.75,19600.75,19581.0,19600.5,19568.75,19600.75,20.0,19.5,19.0,380.0,10.0,0.5,7.0,7.0,4.75,2024-02-02 16:22:00+00:00,2024-02-02 16:22:00+00:00,2024-02-02 16:29:00+00:00,2024-02-02 17:07:00+00:00,pullback_long_midday_e357dc47fc29,1,market,0.0,45,1,12,20,53585.0
387034,387035,387044,387044,closed,target,19619.0,19639.0,19619.25,19638.75,19607.0,19639.0,20.0,19.5,19.0,380.0,10.0,0.5,10.0,10.0,4.5,2024-02-02 16:33:00+00:00,2024-02-02 16:33:00+00:00,2024-02-02 16:43:00+00:00,2024-02-02 17:18:00+00:00,pullback_long_midday_e357dc47fc29,1,market,0.0,45,1,12,20,53965.0
387061,387062,387082,387082,closed,target,19644.0,19664.0,19644.25,19663.75,19632.0,19664.0,20.0,19.5,19.0,380.0,10.0,0.5,21.0,21.0,10.25,2024-02-02 17:00:00+00:00,2024-02-02 17:00:00+00:00,2024-02-02 17:21:00+00:00,2024-02-02 17:45:00+00:00,pullback_long_midday_e357dc47fc29,1,market,0.0,45,1,12,20,54345.0
387132,387133,387148,387148,closed,stop,19667.25,19655.25,19667.5,19655.0,19655.25,19687.25,-12.0,-12.5,-13.0,-260.0,10.0,0.5,16.0,16.0,36.75,2024-02-02 18:11:00+00:00,2024-02-02 18:11:00+00:00,2024-02-02 18:27:00+00:00,2024-02-02 18:56:00+00:00,pullback_long_midday_e357dc47fc29,1,market,0.0,45,1,12,20,54085.0
387171,387172,387184,387184,closed,target,19663.0,19683.0,19663.25,19682.75,19651.0,19683.0,20.0,19.5,19.0,380.0,10.0,0.5,13.0,13.0,6.25,2024-02-02 18:50:00+00:00,2024-02-02 18:50:00+00:00,2024-02-02 19:03:00+00:00,2024-02-02 19:35:00+00:00,pullback_long_midday_e357dc47fc29,1,market,0.0,45,1,12,20,54465.0
388372,388373,388374,388374,closed,target,19536.25,19556.25,19536.5,19556.0,19524.25,19556.25,20.0,19.5,19.0,380.0,10.0,0.5,2.0,2.0,2.25,2024-02-05 16:06:00+00:00,2024-02-05 16:06:00+00:00,2024-02-05 16:08:00+00:00,2024-02-05 16:51:00+00:00,pullback_long_midday_e357dc47fc29,1,market,0.0,45,1,12,20,54845.0
388390,388391,388401,388401,closed,target,19560.5,19580.5,19560.75,19580.25,19548.5,19580.5,20.0,19.5,19.0,380.0,10.0,0.5,11.0,11.0,10.25,2024-02-05 16:24:00+00:00,2024-02-05 16:24:00+00:00,2024-02-05 16:35:00+00:00,2024-02-05 17:09:00+00:00,pullback_long_midday_e357dc47fc29,1,market,0.0,45,1,12,20,55225.0
388411,388412,388415,388415,closed,target,19569.5,19589.5,19569.75,19589.25,19557.5,19589.5,20.0,19.5,19.0,380.0,10.0,0.5,4.0,4.0,0.25,2024-02-05 16:45:00+00:00,2024-02-05 16:45:00+00:00,2024-02-05 16:49:00+00:00,2024-02-05 17:30:00+00:00,pullback_long_midday_e357dc47fc29,1,market,0.0,45,1,12,20,55605.0
388442,388443,388458,388458,closed,target,19619.25,19639.25,19619.5,19639.0,19607.25,19639.25,20.0,19.5,19.0,380.0,10.0,0.5,16.0,16.0,10.25,2024-02-05 17:16:00+00:00,2024-02-05 17:16:00+00:00,2024-02-05 17:32:00+00:00,2024-02-05 18:01:00+00:00,pullback_long_midday_e357dc47fc29,1,market,0.0,45,1,12,20,55985.0
388466,388467,388473,388473,closed,stop,19657.0,19645.0,19657.25,19644.75,19645.0,19677.0,-12.0,-12.5,-13.0,-260.0,10.0,0.5,7.0,7.0,13.25,2024-02-05 17:40:00+00:00,2024-02-05 17:40:00+00:00,2024-02-05 17:47:00+00:00,2024-02-05 18:25:00+00:00,pullback_long_midday_e357dc47fc29,1,market,0.0,45,1,12,20,55725.0
388474,388475,388478,388478,closed,stop,19646.5,19634.5,19646.75,19634.25,19634.5,19666.5,-12.0,-12.5,-13.0,-260.0,10.0,0.5,4.0,4.0,12.5,2024-02-05 17:48:00+00:00,2024-02-05 17:48:00+00:00,2024-02-05 17:52:00+00:00,2024-02-05 18:33:00+00:00,pullback_long_midday_e357dc47fc29,1,market,0.0,45,1,12,20,55465.0
388506,388507,388509,388509,closed,stop,19647.75,19635.75,19648.0,19635.5,19635.75,19667.75,-12.0,-12.5,-13.0,-260.0,10.0,0.5,3.0,3.0,13.75,2024-02-05 18:20:00+00:00,2024-02-05 18:20:00+00:00,2024-02-05 18:23:00+00:00,2024-02-05 19:05:00+00:00,pullback_long_midday_e357dc47fc29,1,market,0.0,45,1,12,20,55205.0
389742,389743,389744,389744,closed,stop,19592.0,19580.0,19592.25,19579.75,19580.0,19612.0,-12.0,-12.5,-13.0,-260.0,10.0,0.5,2.0,2.0,14.5,2024-02-06 16:11:00+00:00,2024-02-06 16:11:00+00:00,2024-02-06 16:13:00+00:00,2024-02-06 16:56:00+00:00,pullback_long_midday_e357dc47fc29,1,market,0.0,45,1,12,20,54945.0
389755,389756,389768,389768,closed,stop,19586.75,19574.75,19587.0,19574.5,19574.75,19606.75,-12.0,-12.5,-13.0,-260.0,10.0,0.5,13.0,13.0,14.5,2024-02-06 16:24:00+00:00,2024-02-06 16:24:00+00:00,2024-02-06 16:37:00+00:00,2024-02-06 17:09:00+00:00,pullback_long_midday_e357dc47fc29,1,market,0.0,45,1,12,20,54685.0
389769,389770,389772,389772,closed,stop,19585.75,19573.75,19586.0,19573.5,19573.75,19605.75,-12.0,-12.5,-13.0,-260.0,10.0,0.5,3.0,3.0,15.75,2024-02-06 16:38:00+00:00,2024-02-06 16:38:00+00:00,2024-02-06 16:41:00+00:00,2024-02-06 17:23:00+00:00,pullback_long_midday_e357dc47fc29,1,market,0.0,45,1,12,20,54425.0
389825,389826,389833,389833,closed,target,19531.75,19551.75,19532.0,19551.5,19519.75,19551.75,20.0,19.5,19.0,380.0,10.0,0.5,8.0,8.0,2.25,2024-02-06 17:34:00+00:00,2024-02-06 17:34:00+00:00,2024-02-06 17:42:00+00:00,2024-02-06 18:19:00+00:00,pullback_long_midday_e357dc47fc29,1,market,0.0,45,1,12,20,54805.0
389843,389844,389884,389884,closed,target,19540.25,19560.25,19540.5,19560.0,19528.25,19560.25,20.0,19.5,19.0,380.0,10.0,0.5,41.0,41.0,11.5,2024-02-06 17:52:00+00:00,2024-02-06 17:52:00+00:00,2024-02-06 18:33:00+00:00,2024-02-06 18:37:00+00:00,pullback_long_midday_e357dc47fc29,1,market,0.0,45,1,12,20,55185.0
389894,389895,389917,389917,closed,stop,19563.0,19551.0,19563.25,19550.75,19551.0,19583.0,-12.0,-12.5,-13.0,-260.0,10.0,0.5,23.0,23.0,12.75,2024-02-06 18:43:00+00:00,2024-02-06 18:43:00+00:00,2024-02-06 19:06:00+00:00,2024-02-06 19:28:00+00:00,pullback_long_midday_e357dc47fc29,1,market,0.0,45,1,12,20,54925.0
391154,391155,391167,391167,closed,stop,19789.5,19777.5,19789.75,19777.25,19777.5,19809.5,-12.0,-12.5,-13.0,-260.0,10.0,0.5,13.0,13.0,12.25,2024-02-07 16:58:00+00:00,2024-02-07 16:58:00+00:00,2024-02-07 17:11:00+00:00,2024-02-07 17:43:00+00:00,pullback_long_midday_e357dc47fc29,1,market,0.0,45,1,12,20,54665.0
391214,391215,391218,391218,closed,target,19754.5,19774.5,19754.75,19774.25,19742.5,19774.5,20.0,19.5,19.0,380.0,10.0,0.5,4.0,4.0,11.5,2024-02-07 17:58:00+00:00,2024-02-07 17:58:00+00:00,2024-02-07 18:02:00+00:00,2024-02-07 18:43:00+00:00,pullback_long_midday_e357dc47fc29,1,market,0.0,45,1,12,20,55045.0
391220,391221,391221,391221,closed,stop,19757.0,19745.0,19757.25,19744.75,19745.0,19777.0,-12.0,-12.5,-13.0,-260.0,10.0,0.5,1.0,1.0,28.0,2024-02-07 18:04:00+00:00,2024-02-07 18:04:00+00:00,2024-02-07 18:05:00+00:00,2024-02-07 18:49:00+00:00,pullback_long_midday_e357dc47fc29,1,market,0.0,45,1,12,20,54785.0
391253,391254,391258,391258,closed,stop,19791.5,19779.5,19791.75,19779.25,19779.5,19811.5,-12.0,-12.5,-13.0,-260.0,10.0,0.5,5.0,5.0,21.25,2024-02-07 18:37:00+00:00,2024-02-07 18:37:00+00:00,2024-02-07 18:42:00+00:00,2024-02-07 19:22:00+00:00,pullback_long_midday_e357dc47fc29,1,market,0.0,45,1,12,20,54525.0
391260,391261,391305,391305,closed,timeout,19784.25,19783.25,19784.5,19783.0,19772.25,19804.25,-1.0,-1.5,-2.0,-40.0,10.0,0.5,45.0,45.0,8.75,2024-02-07 18:44:00+00:00,2024-02-07 18:44:00+00:00,2024-02-07 19:29:00+00:00,2024-02-07 19:29:00+00:00,pullback_long_midday_e357dc47fc29,1,market,0.0,45,1,12,20,54485.0
392466,392467,392488,392488,closed,stop,19823.0,19811.0,19823.25,19810.75,19811.0,19843.0,-12.0,-12.5,-13.0,-260.0,10.0,0.5,22.0,22.0,17.25,2024-02-08 16:05:00+00:00,2024-02-08 16:05:00+00:00,2024-02-08 16:27:00+00:00,2024-02-08 16:50:00+00:00,pullback_long_midday_e357dc47fc29,1,market,0.0,45,1,12,20,54225.0
392525,392526,392527,392527,closed,stop,19825.5,19813.5,19825.75,19813.25,19813.5,19845.5,-12.0,-12.5,-13.0,-260.0,10.0,0.5,2.0,2.0,14.0,2024-02-08 17:04:00+00:00,2024-02-08 17:04:00+00:00,2024-02-08 17:06:00+00:00,2024-02-08 17:49:00+00:00,pullback_long_midday_e357dc47fc29,1,market,0.0,45,1,12,20,53965.0
392588,392589,392590,392590,closed,stop,19822.5,19810.5,19822.75,19810.25,19810.5,19842.5,-12.0,-12.5,-13.0,-260.0,10.0,0.5,2.0,2.0,12.25,2024-02-08 18:07:00+00:00,2024-02-08 18:07:00+00:00,2024-02-08 18:09:00+00:00,2024-02-08 18:52:00+00:00,pullback_long_midday_e357dc47fc29,1,market,0.0,45,1,12,20,53705.0
392599,392600,392619,392619,closed,target,19808.25,19828.25,19808.5,19828.0,19796.25,19828.25,20.0,19.5,19.0,380.0,10.0,0.5,20.0,20.0,3.75,2024-02-08 18:18:00+00:00,2024-02-08 18:18:00+00:00,2024-02-08 18:38:00+00:00,2024-02-08 19:03:00+00:00,pullback_long_midday_e357dc47fc29,1,market,0.0,45,1,12,20,54085.0
392621,392622,392625,392625,closed,stop,19829.5,19817.5,19829.75,19817.25,19817.5,19849.5,-12.0,-12.5,-13.0,-260.0,10.0,0.5,4.0,4.0,13.5,2024-02-08 18:40:00+00:00,2024-02-08 18:40:00+00:00,2024-02-08 18:44:00+00:00,2024-02-08 19:25:00+00:00,pullback_long_midday_e357dc47fc29,1,market,0.0,45,1,12,20,53825.0
393880,393881,393891,393891,closed,stop,19935.75,19923.75,19936.0,19923.5,19923.75,19955.75,-12.0,-12.5,-13.0,-260.0,10.0,0.5,11.0,11.0,15.25,2024-02-09 16:55:00+00:00,2024-02-09 16:55:00+00:00,2024-02-09 17:06:00+00:00,2024-02-09 17:40:00+00:00,pullback_long_midday_e357dc47fc29,1,market,0.0,45,1,12,20,53565.0
393920,393921,393938,393938,closed,target,19944.0,19964.0,19944.25,19963.75,19932.0,19964.0,20.0,19.5,19.0,380.0,10.0,0.5,18.0,18.0,10.0,2024-02-09 17:35:00+00:00,2024-02-09 17:35:00+00:00,2024-02-09 17:53:00+00:00,2024-02-09 18:20:00+00:00,pullback_long_midday_e357dc47fc29,1,market,0.0,45,1,12,20,53945.0
393942,393943,393980,393980,closed,target,19965.25,19985.25,19965.5,19985.0,19953.25,19985.25,20.0,19.5,19.0,380.0,10.0,0.5,38.0,38.0,5.25,2024-02-09 17:57:00+00:00,2024-02-09 17:57:00+00:00,2024-02-09 18:35:00+00:00,2024-02-09 18:42:00+00:00,pullback_long_midday_e357dc47fc29,1,market,0.0,45,1,12,20,54325.0
393982,393983,393999,393999,closed,stop,19982.25,19970.25,19982.5,19970.0,19970.25,20002.25,-12.0,-12.5,-13.0,-260.0,10.0,0.5,17.0,17.0,14.75,2024-02-09 18:37:00+00:00,2024-02-09 18:37:00+00:00,2024-02-09 18:54:00+00:00,2024-02-09 19:22:00+00:00,pullback_long_midday_e357dc47fc29,1,market,0.0,45,1,12,20,54065.0
395187,395188,395208,395208,closed,target,20010.75,20030.75,20011.0,20030.5,19998.75,20030.75,20.0,19.5,19.0,380.0,10.0,0.5,21.0,21.0,6.5,2024-02-12 16:04:00+00:00,2024-02-12 16:04:00+00:00,2024-02-12 16:25:00+00:00,2024-02-12 16:49:00+00:00,pullback_long_midday_e357dc47fc29,1,market,0.0,45,1,12,20,54445.0
395228,395229,395232,395232,closed,stop,20047.75,20035.75,20048.0,20035.5,20035.75,20067.75,-12.0,-12.5,-13.0,-260.0,10.0,0.5,4.0,4.0,19.25,2024-02-12 16:45:00+00:00,2024-02-12 16:45:00+00:00,2024-02-12 16:49:00+00:00,2024-02-12 17:30:00+00:00,pullback_long_midday_e357dc47fc29,1,market,0.0,45,1,12,20,54185.0
395290,395291,395299,395299,closed,target,20019.25,20039.25,20019.5,20039.0,20007.25,20039.25,20.0,19.5,19.0,380.0,10.0,0.5,9.0,9.0,2.25,2024-02-12 17:47:00+00:00,2024-02-12 17:47:00+00:00,2024-02-12 17:56:00+00:00,2024-02-12 18:32:00+00:00,pullback_long_midday_e357dc47fc29,1,market,0.0,45,1,12,20,54565.0
395306,395307,395313,395313,closed,stop,20044.5,20032.5,20044.75,20032.25,20032.5,20064.5,-12.0,-12.5,-13.0,-260.0,10.0,0.5,7.0,7.0,13.0,2024-02-12 18:03:00+00:00,2024-02-12 18:03:00+00:00,2024-02-12 18:10:00+00:00,2024-02-12 18:48:00+00:00,pullback_long_midday_e357dc47fc29,1,market,0.0,45,1,12,20,54305.0
395314,395315,395326,395326,closed,stop,20041.5,20029.5,20041.75,20029.25,20029.5,20061.5,-12.0,-12.5,-13.0,-260.0,10.0,0.5,12.0,12.0,16.25,2024-02-12 18:11:00+00:00,2024-02-12 18:11:00+00:00,2024-02-12 18:23:00+00:00,2024-02-12 18:56:00+00:00,pullback_long_midday_e357dc47fc29,1,market,0.0,45,1,12,20,54045.0
396568,396569,396573,396573,closed,target,19682.75,19702.75,19683.0,19702.5,19670.75,19702.75,20.0,19.5,19.0,380.0,10.0,0.5,5.0,5.0,3.5,2024-02-13 16:20:00+00:00,2024-02-13 16:20:00+00:00,2024-02-13 16:25:00+00:00,2024-02-13 17:05:00+00:00,pullback_long_midday_e357dc47fc29,1,market,0.0,45,1,12,20,54425.0
396687,396688,396689,396689,closed,stop,19630.75,19618.75,19631.0,19618.5,19618.75,19650.75,-12.0,-12.5,-13.0,-260.0,10.0,0.5,2.0,2.0,18.75,2024-02-13 18:19:00+00:00,2024-02-13 18:19:00+00:00,2024-02-13 18:21:00+00:00,2024-02-13 19:04:00+00:00,pullback_long_midday_e357dc47fc29,1,market,0.0,45,1,12,20,54165.0
397943,397944,397957,397957,closed,stop,19693.5,19681.5,19693.75,19681.25,19681.5,19713.5,-12.0,-12.5,-13.0,-260.0,10.0,0.5,14.0,14.0,30.0,2024-02-14 16:30:00+00:00,2024-02-14 16:30:00+00:00,2024-02-14 16:44:00+00:00,2024-02-14 17:15:00+00:00,pullback_long_midday_e357dc47fc29,1,market,0.0,45,1,12,20,53905.0
397995,397996,398002,398002,closed,target,19673.75,19693.75,19674.0,19693.5,19661.75,19693.75,20.0,19.5,19.0,380.0,10.0,0.5,7.0,7.0,5.75,2024-02-14 17:22:00+00:00,2024-02-14 17:22:00+00:00,2024-02-14 17:29:00+00:00,2024-02-14 18:07:00+00:00,pullback_long_midday_e357dc47fc29,1,market,0.0,45,1,12,20,54285.0
398011,398012,398038,398038,closed,target,19709.75,19729.75,19710.0,19729.5,19697.75,19729.75,20.0,19.5,19.0,380.0,10.0,0.5,27.0,27.0,8.75,2024-02-14 17:38:00+00:00,2024-02-14 17:38:00+00:00,2024-02-14 18:05:00+00:00,2024-02-14 18:23:00+00:00,pullback_long_midday_e357dc47fc29,1,market,0.0,45,1,12,20,54665.0
398040,398041,398043,398043,closed,stop,19725.25,19713.25,19725.5,19713.0,19713.25,19745.25,-12.0,-12.5,-13.0,-260.0,10.0,0.5,3.0,3.0,18.25,2024-02-14 18:07:00+00:00,2024-02-14 18:07:00+00:00,2024-02-14 18:10:00+00:00,2024-02-14 18:52:00+00:00,pullback_long_midday_e357dc47fc29,1,market,0.0,45,1,12,20,54405.0
398079,398080,398090,398090,closed,stop,19737.25,19725.25,19737.5,19725.0,19725.25,19757.25,-12.0,-12.5,-13.0,-260.0,10.0,0.5,11.0,11.0,28.5,2024-02-14 18:46:00+00:00,2024-02-14 18:46:00+00:00,2024-02-14 18:57:00+00:00,2024-02-14 19:31:00+00:00,pullback_long_midday_e357dc47fc29,1,market,0.0,45,1,12,20,54145.0
399311,399312,399330,399330,closed,stop,19775.5,19763.5,19775.75,19763.25,19763.5,19795.5,-12.0,-12.5,-13.0,-260.0,10.0,0.5,19.0,19.0,13.75,2024-02-15 16:33:00+00:00,2024-02-15 16:33:00+00:00,2024-02-15 16:52:00+00:00,2024-02-15 17:18:00+00:00,pullback_long_midday_e357dc47fc29,1,market,0.0,45,1,12,20,53885.0
399356,399357,399367,399367,closed,target,19792.0,19812.0,19792.25,19811.75,19780.0,19812.0,20.0,19.5,19.0,380.0,10.0,0.5,11.0,11.0,0.75,2024-02-15 17:18:00+00:00,2024-02-15 17:18:00+00:00,2024-02-15 17:29:00+00:00,2024-02-15 18:03:00+00:00,pullback_long_midday_e357dc47fc29,1,market,0.0,45,1,12,20,54265.0
399373,399374,399388,399388,closed,stop,19811.5,19799.5,19811.75,19799.25,19799.5,19831.5,-12.0,-12.5,-13.0,-260.0,10.0,0.5,15.0,15.0,12.25,2024-02-15 17:35:00+00:00,2024-02-15 17:35:00+00:00,2024-02-15 17:50:00+00:00,2024-02-15 18:20:00+00:00,pullback_long_midday_e357dc47fc29,1,market,0.0,45,1,12,20,54005.0
399420,399421,399422,399422,closed,stop,19857.5,19845.5,19857.75,19845.25,19845.5,19877.5,-12.0,-12.5,-13.0,-260.0,10.0,0.5,2.0,2.0,13.0,2024-02-15 18:22:00+00:00,2024-02-15 18:22:00+00:00,2024-02-15 18:24:00+00:00,2024-02-15 19:07:00+00:00,pullback_long_midday_e357dc47fc29,1,market,0.0,45,1,12,20,53745.0
399422,399423,399443,399443,closed,stop,19855.75,19843.75,19856.0,19843.5,19843.75,19875.75,-12.0,-12.5,-13.0,-260.0,10.0,0.5,21.0,21.0,15.5,2024-02-15 18:24:00+00:00,2024-02-15 18:24:00+00:00,2024-02-15 18:45:00+00:00,2024-02-15 19:09:00+00:00,pullback_long_midday_e357dc47fc29,1,market,0.0,45,1,12,20,53485.0
400652,400653,400656,400656,closed,target,19772.75,19792.75,19773.0,19792.5,19760.75,19792.75,20.0,19.5,19.0,380.0,10.0,0.5,4.0,4.0,1.5,2024-02-16 16:09:00+00:00,2024-02-16 16:09:00+00:00,2024-02-16 16:13:00+00:00,2024-02-16 16:54:00+00:00,pullback_long_midday_e357dc47fc29,1,market,0.0,45,1,12,20,53865.0
400671,400672,400679,400679,closed,stop,19807.75,19795.75,19808.0,19795.5,19795.75,19827.75,-12.0,-12.5,-13.0,-260.0,10.0,0.5,8.0,8.0,13.75,2024-02-16 16:28:00+00:00,2024-02-16 16:28:00+00:00,2024-02-16 16:36:00+00:00,2024-02-16 17:13:00+00:00,pullback_long_midday_e357dc47fc29,1,market,0.0,45,1,12,20,53605.0
400705,400706,400709,400709,closed,stop,19823.5,19811.5,19823.75,19811.25,19811.5,19843.5,-12.0,-12.5,-13.0,-260.0,10.0,0.5,4.0,4.0,13.5,2024-02-16 17:02:00+00:00,2024-02-16 17:02:00+00:00,2024-02-16 17:06:00+00:00,2024-02-16 17:47:00+00:00,pullback_long_midday_e357dc47fc29,1,market,0.0,45,1,12,20,53345.0
400740,400741,400741,400741,closed,stop,19813.0,19801.0,19813.25,19800.75,19801.0,19833.0,-12.0,-12.5,-13.0,-260.0,10.0,0.5,1.0,1.0,16.0,2024-02-16 17:37:00+00:00,2024-02-16 17:37:00+00:00,2024-02-16 17:38:00+00:00,2024-02-16 18:22:00+00:00,pullback_long_midday_e357dc47fc29,1,market,0.0,45,1,12,20,53085.0
400814,400815,400824,400824,closed,target,19804.5,19824.5,19804.75,19824.25,19792.5,19824.5,20.0,19.5,19.0,380.0,10.0,0.5,10.0,10.0,2.5,2024-02-16 18:51:00+00:00,2024-02-16 18:51:00+00:00,2024-02-16 19:01:00+00:00,2024-02-16 19:36:00+00:00,pullback_long_midday_e357dc47fc29,1,market,0.0,45,1,12,20,53465.0
402015,402016,402060,402060,closed,timeout,19724.25,19719.75,19724.5,19719.5,19712.25,19744.25,-4.5,-5.0,-5.5,-110.0,10.0,0.5,45.0,45.0,10.75,2024-02-19 16:07:00+00:00,2024-02-19 16:07:00+00:00,2024-02-19 16:52:00+00:00,2024-02-19 16:52:00+00:00,pullback_long_midday_e357dc47fc29,1,market,0.0,45,1,12,20,53355.0
402078,402079,402123,402123,closed,timeout,19723.5,19735.5,19723.75,19735.25,19711.5,19743.5,12.0,11.5,11.0,220.0,10.0,0.5,45.0,45.0,1.25,2024-02-19 17:10:00+00:00,2024-02-19 17:10:00+00:00,2024-02-19 17:55:00+00:00,2024-02-19 17:55:00+00:00,pullback_long_midday_e357dc47fc29,1,market,0.0,45,1,12,20,53575.0
403160,403161,403163,403163,closed,stop,19514.0,19502.0,19514.25,19501.75,19502.0,19534.0,-12.0,-12.5,-13.0,-260.0,10.0,0.5,3.0,3.0,15.5,2024-02-20 16:12:00+00:00,2024-02-20 16:12:00+00:00,2024-02-20 16:15:00+00:00,2024-02-20 16:57:00+00:00,pullback_long_midday_e357dc47fc29,1,market,0.0,45,1,12,20,53315.0
403163,403164,403180,403180,closed,stop,19506.25,19494.25,19506.5,19494.0,19494.25,19526.25,-12.0,-12.5,-13.0,-260.0,10.0,0.5,17.0,17.0,17.0,2024-02-20 16:15:00+00:00,2024-02-20 16:15:00+00:00,2024-02-20 16:32:00+00:00,2024-02-20 17:00:00+00:00,pullback_long_midday_e357dc47fc29,1,market,0.0,45,1,12,20,53055.0
403266,403267,403272,403272,closed,stop,19447.25,19435.25,19447.5,19435.0,19435.25,19467.25,-12.0,-12.5,-13.0,-260.0,10.0,0.5,6.0,6.0,14.75,2024-02-20 17:58:00+00:00,2024-02-20 17:58:00+00:00,2024-02-20 18:04:00+00:00,2024-02-20 18:43:00+00:00,pullback_long_midday_e357dc47fc29,1,market,0.0,45,1,12,20,52795.0
403317,403318,403319,403319,closed,stop,19459.0,19447.0,19459.25,19446.75,19447.0,19479.0,-12.0,-12.5,-13.0,-260.0,10.0,0.5,2.0,2.0,12.5,2024-02-20 18:49:00+00:00,2024-02-20 18:49:00+00:00,2024-02-20 18:51:00+00:00,2024-02-20 19:34:00+00:00,pullback_long_midday_e357dc47fc29,1,market,0.0,45,1,12,20,52535.0
404517,404518,404519,404519,closed,stop,19423.5,19411.5,19423.75,19411.25,19411.5,19443.5,-12.0,-12.5,-13.0,-260.0,10.0,0.5,2.0,2.0,14.75,2024-02-21 16:04:00+00:00,2024-02-21 16:04:00+00:00,2024-02-21 16:06:00+00:00,2024-02-21 16:49:00+00:00,pullback_long_midday_e357dc47fc29,1,market,0.0,45,1,12,20,52275.0
404520,404521,404523,404523,closed,target,19424.25,19444.25,19424.5,19444.0,19412.25,19444.25,20.0,19.5,19.0,380.0,10.0,0.5,3.0,3.0,0.25,2024-02-21 16:07:00+00:00,2024-02-21 16:07:00+00:00,2024-02-21 16:10:00+00:00,2024-02-21 16:52:00+00:00,pullback_long_midday_e357dc47fc29,1,market,0.0,45,1,12,20,52655.0
404533,404534,404541,404541,closed,stop,19447.75,19435.75,19448.0,19435.5,19435.75,19467.75,-12.0,-12.5,-13.0,-260.0,10.0,0.5,8.0,8.0,18.0,2024-02-21 16:20:00+00:00,2024-02-21 16:20:00+00:00,2024-02-21 16:28:00+00:00,2024-02-21 17:05:00+00:00,pullback_long_midday_e357dc47fc29,1,market,0.0,45,1,12,20,52395.0
404657,404658,404661,404661,closed,stop,19413.5,19401.5,19413.75,19401.25,19401.5,19433.5,-12.0,-12.5,-13.0,-260.0,10.0,0.5,4.0,4.0,15.0,2024-02-21 18:24:00+00:00,2024-02-21 18:24:00+00:00,2024-02-21 18:28:00+00:00,2024-02-21 19:09:00+00:00,pullback_long_midday_e357dc47fc29,1,market,0.0,45,1,12,20,52135.0
405888,405889,405890,405890,closed,target,19871.25,19891.25,19871.5,19891.0,19859.25,19891.25,20.0,19.5,19.0,380.0,10.0,0.5,2.0,2.0,1.25,2024-02-22 16:10:00+00:00,2024-02-22 16:10:00+00:00,2024-02-22 16:12:00+00:00,2024-02-22 16:55:00+00:00,pullback_long_midday_e357dc47fc29,1,market,0.0,45,1,12,20,52515.0
405900,405901,405927,405927,closed,stop,19905.0,19893.0,19905.25,19892.75,19893.0,19925.0,-12.0,-12.5,-13.0,-260.0,10.0,0.5,27.0,27.0,20.0,2024-02-22 16:22:00+00:00,2024-02-22 16:22:00+00:00,2024-02-22 16:49:00+00:00,2024-02-22 17:07:00+00:00,pullback_long_midday_e357dc47fc29,1,market,0.0,45,1,12,20,52255.0
405955,405956,405962,405962,closed,target,19907.5,19927.5,19907.75,19927.25,19895.5,19927.5,20.0,19.5,19.0,380.0,10.0,0.5,7.0,7.0,1.75,2024-02-22 17:17:00+00:00,2024-02-22 17:17:00+00:00,2024-02-22 17:24:00+00:00,2024-02-22 18:02:00+00:00,pullback_long_midday_e357dc47fc29,1,market,0.0,45,1,12,20,52635.0
405965,405966,405980,405980,closed,stop,19927.75,19915.75,19928.0,19915.5,19915.75,19947.75,-12.0,-12.5,-13.0,-260.0,10.0,0.5,15.0,15.0,14.75,2024-02-22 17:27:00+00:00,2024-02-22 17:27:00+00:00,2024-02-22 17:42:00+00:00,2024-02-22 18:12:00+00:00,pullback_long_midday_e357dc47fc29,1,market,0.0,45,1,12,20,52375.0
406011,406012,406032,406032,closed,target,19953.25,19973.25,19953.5,19973.0,19941.25,19973.25,20.0,19.5,19.0,380.0,10.0,0.5,21.0,21.0,8.5,2024-02-22 18:13:00+00:00,2024-02-22 18:13:00+00:00,2024-02-22 18:34:00+00:00,2024-02-22 18:58:00+00:00,pullback_long_midday_e357dc47fc29,1,market,0.0,45,1,12,20,52755.0
407287,407288,407299,407299,closed,target,19948.25,19968.25,19948.5,19968.0,19936.25,19968.25,20.0,19.5,19.0,380.0,10.0,0.5,12.0,12.0,11.25,2024-02-23 16:44:00+00:00,2024-02-23 16:44:00+00:00,2024-02-23 16:56:00+00:00,2024-02-23 17:29:00+00:00,pullback_long_midday_e357dc47fc29,1,market,0.0,45,1,12,20,53135.0
407308,407309,407320,407320,closed,stop,19986.0,19974.0,19986.25,19973.75,19974.0,20006.0,-12.0,-12.5,-13.0,-260.0,10.0,0.5,12.0,12.0,16.75,2024-02-23 17:05:00+00:00,2024-02-23 17:05:00+00:00,2024-02-23 17:17:00+00:00,2024-02-23 17:50:00+00:00,pullback_long_midday_e357dc47fc29,1,market,0.0,45,1,12,20,52875.0
407358,407359,407383,407383,closed,target,19978.75,19998.75,19979.0,19998.5,19966.75,19998.75,20.0,19.5,19.0,380.0,10.0,0.5,25.0,25.0,10.5,2024-02-23 17:55:00+00:00,2024-02-23 17:55:00+00:00,2024-02-23 18:20:00+00:00,2024-02-23 18:40:00+00:00,pullback_long_midday_e357dc47fc29,1,market,0.0,45,1,12,20,53255.0
407390,407391,407395,407395,closed,stop,19996.5,19984.5,19996.75,19984.25,19984.5,20016.5,-12.0,-12.5,-13.0,-260.0,10.0,0.5,5.0,5.0,19.5,2024-02-23 18:27:00+00:00,2024-02-23 18:27:00+00:00,2024-02-23 18:32:00+00:00,2024-02-23 19:12:00+00:00,pullback_long_midday_e357dc47fc29,1,market,0.0,45,1,12,20,52995.0
408652,408653,408660,408660,closed,target,19976.75,19996.75,19977.0,19996.5,19964.75,19996.75,20.0,19.5,19.0,380.0,10.0,0.5,8.0,8.0,0.25,2024-02-26 16:44:00+00:00,2024-02-26 16:44:00+00:00,2024-02-26 16:52:00+00:00,2024-02-26 17:29:00+00:00,pullback_long_midday_e357dc47fc29,1,market,0.0,45,1,12,20,53375.0
408665,408666,408669,408669,closed,stop,19994.75,19982.75,19995.0,19982.5,19982.75,20014.75,-12.0,-12.5,-13.0,-260.0,10.0,0.5,4.0,4.0,23.25,2024-02-26 16:57:00+00:00,2024-02-26 16:57:00+00:00,2024-02-26 17:01:00+00:00,2024-02-26 17:42:00+00:00,pullback_long_midday_e357dc47fc29,1,market,0.0,45,1,12,20,53115.0
408697,408698,408707,408707,closed,stop,19991.0,19979.0,19991.25,19978.75,19979.0,20011.0,-12.0,-12.5,-13.0,-260.0,10.0,0.5,10.0,10.0,14.0,2024-02-26 17:29:00+00:00,2024-02-26 17:29:00+00:00,2024-02-26 17:39:00+00:00,2024-02-26 18:14:00+00:00,pullback_long_midday_e357dc47fc29,1,market,0.0,45,1,12,20,52855.0
408745,408746,408748,408748,closed,stop,19979.25,19967.25,19979.5,19967.0,19967.25,19999.25,-12.0,-12.5,-13.0,-260.0,10.0,0.5,3.0,3.0,24.25,2024-02-26 18:17:00+00:00,2024-02-26 18:17:00+00:00,2024-02-26 18:20:00+00:00,2024-02-26 19:02:00+00:00,pullback_long_midday_e357dc47fc29,1,market,0.0,45,1,12,20,52595.0
409977,409978,409979,409979,closed,stop,19950.5,19938.5,19950.75,19938.25,19938.5,19970.5,-12.0,-12.5,-13.0,-260.0,10.0,0.5,2.0,2.0,15.5,2024-02-27 16:04:00+00:00,2024-02-27 16:04:00+00:00,2024-02-27 16:06:00+00:00,2024-02-27 16:49:00+00:00,pullback_long_midday_e357dc47fc29,1,market,0.0,45,1,12,20,52335.0
410033,410034,410051,410051,closed,stop,19942.0,19930.0,19942.25,19929.75,19930.0,19962.0,-12.0,-12.5,-13.0,-260.0,10.0,0.5,18.0,18.0,15.25,2024-02-27 17:00:00+00:00,2024-02-27 17:00:00+00:00,2024-02-27 17:18:00+00:00,2024-02-27 17:45:00+00:00,pullback_long_midday_e357dc47fc29,1,market,0.0,45,1,12,20,52075.0
410114,410115,410124,410124,closed,stop,19891.75,19879.75,19892.0,19879.5,19879.75,19911.75,-12.0,-12.5,-13.0,-260.0,10.0,0.5,10.0,10.0,14.25,2024-02-27 18:21:00+00:00,2024-02-27 18:21:00+00:00,2024-02-27 18:31:00+00:00,2024-02-27 19:06:00+00:00,pullback_long_midday_e357dc47fc29,1,market,0.0,45,1,12,20,51815.0
410146,410147,410154,410154,closed,target,19895.5,19915.5,19895.75,19915.25,19883.5,19915.5,20.0,19.5,19.0,380.0,10.0,0.5,8.0,8.0,4.5,2024-02-27 18:53:00+00:00,2024-02-27 18:53:00+00:00,2024-02-27 19:01:00+00:00,2024-02-27 19:38:00+00:00,pullback_long_midday_e357dc47fc29,1,market,0.0,45,1,12,20,52195.0
411343,411344,411352,411352,closed,stop,19892.25,19880.25,19892.5,19880.0,19880.25,19912.25,-12.0,-12.5,-13.0,-260.0,10.0,0.5,9.0,9.0,14.0,2024-02-28 16:05:00+00:00,2024-02-28 16:05:00+00:00,2024-02-28 16:14:00+00:00,2024-02-28 16:50:00+00:00,pullback_long_midday_e357dc47fc29,1,market,0.0,45,1,12,20,51935.0
411353,411354,411359,411359,closed,target,19884.25,19904.25,19884.5,19904.0,19872.25,19904.25,20.0,19.5,19.0,380.0,10.0,0.5,6.0,6.0,0.75,2024-02-28 16:15:00+00:00,2024-02-28 16:15:00+00:00,2024-02-28 16:21:00+00:00,2024-02-28 17:00:00+00:00,pullback_long_midday_e357dc47fc29,1,market,0.0,45,1,12,20,52315.0
411365,411366,411401,411401,closed,stop,19900.5,19888.5,19900.75,19888.25,19888.5,19920.5,-12.0,-12.5,-13.0,-260.0,10.0,0.5,36.0,36.0,12.25,2024-02-28 16:27:00+00:00,2024-02-28 16:27:00+00:00,2024-02-28 17:03:00+00:00,2024-02-28 17:12:00+00:00,pullback_long_midday_e357dc47fc29,1,market,0.0,45,1,12,20,52055.0
411452,411453,411459,411459,closed,stop,19859.75,19847.75,19860.0,19847.5,19847.75,19879.75,-12.0,-12.5,-13.0,-260.0,10.0,0.5,7.0,7.0,12.75,2024-02-28 17:54:00+00:00,2024-02-28 17:54:00+00:00,2024-02-28 18:01:00+00:00,2024-02-28 18:39:00+00:00,pullback_long_midday_e357dc47fc29,1,market,0.0,45,1,12,20,51795.0
411460,411461,411464,411464,closed,stop,19858.75,19846.75,19859.0,19846.5,19846.75,19878.75,-12.0,-12.5,-13.0,-260.0,10.0,0.5,4.0,4.0,15.0,2024-02-28 18:02:00+00:00,2024-02-28 18:02:00+00:00,2024-02-28 18:06:00+00:00,2024-02-28 18:47:00+00:00,pullback_long_midday_e357dc47fc29,1,market,0.0,45,1,12,20,51535.0
411479,411480,411489,411489,closed,target,19867.75,19887.75,19868.0,19887.5,19855.75,19887.75,20.0,19.5,19.0,380.0,10.0,0.5,10.0,10.0,0.25,2024-02-28 18:21:00+00:00,2024-02-28 18:21:00+00:00,2024-02-28 18:31:00+00:00,2024-02-28 19:06:00+00:00,pullback_long_midday_e357dc47fc29,1,market,0.0,45,1,12,20,51915.0
411490,411491,411511,411511,closed,stop,19886.25,19874.25,19886.5,19874.0,19874.25,19906.25,-12.0,-12.5,-13.0,-260.0,10.0,0.5,21.0,21.0,12.25,2024-02-28 18:32:00+00:00,2024-02-28 18:32:00+00:00,2024-02-28 18:53:00+00:00,2024-02-28 19:17:00+00:00,pullback_long_midday_e357dc47fc29,1,market,0.0,45,1,12,20,51655.0
412728,412729,412730,412730,closed,stop,19941.0,19929.0,19941.25,19928.75,19929.0,19961.0,-12.0,-12.5,-13.0,-260.0,10.0,0.5,2.0,2.0,13.25,2024-02-29 16:25:00+00:00,2024-02-29 16:25:00+00:00,2024-02-29 16:27:00+00:00,2024-02-29 17:10:00+00:00,pullback_long_midday_e357dc47fc29,1,market,0.0,45,1,12,20,51395.0
412773,412774,412793,412793,closed,stop,19928.0,19916.0,19928.25,19915.75,19916.0,19948.0,-12.0,-12.5,-13.0,-260.0,10.0,0.5,20.0,20.0,18.0,2024-02-29 17:10:00+00:00,2024-02-29 17:10:00+00:00,2024-02-29 17:30:00+00:00,2024-02-29 17:55:00+00:00,pullback_long_midday_e357dc47fc29,1,market,0.0,45,1,12,20,51135.0
412838,412839,412847,412847,closed,stop,19980.25,19968.25,19980.5,19968.0,19968.25,20000.25,-12.0,-12.5,-13.0,-260.0,10.0,0.5,9.0,9.0,13.0,2024-02-29 18:15:00+00:00,2024-02-29 18:15:00+00:00,2024-02-29 18:24:00+00:00,2024-02-29 19:00:00+00:00,pullback_long_midday_e357dc47fc29,1,market,0.0,45,1,12,20,50875.0
412853,412854,412862,412862,closed,stop,19987.0,19975.0,19987.25,19974.75,19975.0,20007.0,-12.0,-12.5,-13.0,-260.0,10.0,0.5,9.0,9.0,13.75,2024-02-29 18:30:00+00:00,2024-02-29 18:30:00+00:00,2024-02-29 18:39:00+00:00,2024-02-29 19:15:00+00:00,pullback_long_midday_e357dc47fc29,1,market,0.0,45,1,12,20,50615.0
414069,414070,414073,414073,closed,target,20136.0,20156.0,20136.25,20155.75,20124.0,20156.0,20.0,19.5,19.0,380.0,10.0,0.5,4.0,4.0,0.75,2024-03-01 16:01:00+00:00,2024-03-01 16:01:00+00:00,2024-03-01 16:05:00+00:00,2024-03-01 16:46:00+00:00,pullback_long_midday_e357dc47fc29,1,market,0.0,45,1,12,20,50995.0
414079,414080,414081,414081,closed,stop,20171.5,20159.5,20171.75,20159.25,20159.5,20191.5,-12.0,-12.5,-13.0,-260.0,10.0,0.5,2.0,2.0,12.75,2024-03-01 16:11:00+00:00,2024-03-01 16:11:00+00:00,2024-03-01 16:13:00+00:00,2024-03-01 16:56:00+00:00,pullback_long_midday_e357dc47fc29,1,market,0.0,45,1,12,20,50735.0
414084,414085,414104,414104,closed,stop,20167.5,20155.5,20167.75,20155.25,20155.5,20187.5,-12.0,-12.5,-13.0,-260.0,10.0,0.5,20.0,20.0,17.75,2024-03-01 16:16:00+00:00,2024-03-01 16:16:00+00:00,2024-03-01 16:36:00+00:00,2024-03-01 17:01:00+00:00,pullback_long_midday_e357dc47fc29,1,market,0.0,45,1,12,20,50475.0
414125,414126,414129,414129,closed,stop,20185.5,20173.5,20185.75,20173.25,20173.5,20205.5,-12.0,-12.5,-13.0,-260.0,10.0,0.5,4.0,4.0,13.25,2024-03-01 16:57:00+00:00,2024-03-01 16:57:00+00:00,2024-03-01 17:01:00+00:00,2024-03-01 17:42:00+00:00,pullback_long_midday_e357dc47fc29,1,market,0.0,45,1,12,20,50215.0
414161,414162,414179,414179,closed,target,20206.0,20226.0,20206.25,20225.75,20194.0,20226.0,20.0,19.5,19.0,380.0,10.0,0.5,18.0,18.0,3.0,2024-03-01 17:33:00+00:00,2024-03-01 17:33:00+00:00,2024-03-01 17:51:00+00:00,2024-03-01 18:18:00+00:00,pullback_long_midday_e357dc47fc29,1,market,0.0,45,1,12,20,50595.0
414189,414190,414200,414200,closed,target,20229.5,20249.5,20229.75,20249.25,20217.5,20249.5,20.0,19.5,19.0,380.0,10.0,0.5,11.0,11.0,8.5,2024-03-01 18:01:00+00:00,2024-03-01 18:01:00+00:00,2024-03-01 18:12:00+00:00,2024-03-01 18:46:00+00:00,pullback_long_midday_e357dc47fc29,1,market,0.0,45,1,12,20,50975.0
414204,414205,414227,414227,closed,target,20247.75,20267.75,20248.0,20267.5,20235.75,20267.75,20.0,19.5,19.0,380.0,10.0,0.5,23.0,23.0,7.0,2024-03-01 18:16:00+00:00,2024-03-01 18:16:00+00:00,2024-03-01 18:39:00+00:00,2024-03-01 19:01:00+00:00,pullback_long_midday_e357dc47fc29,1,market,0.0,45,1,12,20,51355.0
414234,414235,414253,414253,closed,target,20281.5,20301.5,20281.75,20301.25,20269.5,20301.5,20.0,19.5,19.0,380.0,10.0,0.5,19.0,19.0,6.75,2024-03-01 18:46:00+00:00,2024-03-01 18:46:00+00:00,2024-03-01 19:05:00+00:00,2024-03-01 19:31:00+00:00,pullback_long_midday_e357dc47fc29,1,market,0.0,45,1,12,20,51735.0
415498,415499,415538,415538,closed,stop,20249.25,20237.25,20249.5,20237.0,20237.25,20269.25,-12.0,-12.5,-13.0,-260.0,10.0,0.5,40.0,40.0,13.0,2024-03-04 17:05:00+00:00,2024-03-04 17:05:00+00:00,2024-03-04 17:45:00+00:00,2024-03-04 17:50:00+00:00,pullback_long_midday_e357dc47fc29,1,market,0.0,45,1,12,20,51475.0
416808,416809,416809,416809,closed,stop,19883.5,19871.5,19883.75,19871.25,19871.5,19903.5,-12.0,-12.5,-13.0,-260.0,10.0,0.5,1.0,1.0,12.5,2024-03-05 16:10:00+00:00,2024-03-05 16:10:00+00:00,2024-03-05 16:11:00+00:00,2024-03-05 16:55:00+00:00,pullback_long_midday_e357dc47fc29,1,market,0.0,45,1,12,20,51215.0
416827,416828,416831,416831,closed,stop,19900.25,19888.25,19900.5,19888.0,19888.25,19920.25,-12.0,-12.5,-13.0,-260.0,10.0,0.5,4.0,4.0,13.5,2024-03-05 16:29:00+00:00,2024-03-05 16:29:00+00:00,2024-03-05 16:33:00+00:00,2024-03-05 17:14:00+00:00,pullback_long_midday_e357dc47fc29,1,market,0.0,45,1,12,20,50955.0
416833,416834,416835,416835,closed,stop,19889.25,19877.25,19889.5,19877.0,19877.25,19909.25,-12.0,-12.5,-13.0,-260.0,10.0,0.5,2.0,2.0,12.75,2024-03-05 16:35:00+00:00,2024-03-05 16:35:00+00:00,2024-03-05 16:37:00+00:00,2024-03-05 17:20:00+00:00,pullback_long_midday_e357dc47fc29,1,market,0.0,45,1,12,20,50695.0
416862,416863,416883,416883,closed,target,19883.5,19903.5,19883.75,19903.25,19871.5,19903.5,20.0,19.5,19.0,380.0,10.0,0.5,21.0,21.0,4.0,2024-03-05 17:04:00+00:00,2024-03-05 17:04:00+00:00,2024-03-05 17:25:00+00:00,2024-03-05 17:49:00+00:00,pullback_long_midday_e357dc47fc29,1,market,0.0,45,1,12,20,51075.0
416897,416898,416900,416900,closed,stop,19894.0,19882.0,19894.25,19881.75,19882.0,19914.0,-12.0,-12.5,-13.0,-260.0,10.0,0.5,3.0,3.0,12.75,2024-03-05 17:39:00+00:00,2024-03-05 17:39:00+00:00,2024-03-05 17:42:00+00:00,2024-03-05 18:24:00+00:00,pullback_long_midday_e357dc47fc29,1,market,0.0,45,1,12,20,50815.0
416917,416918,416919,416919,closed,stop,19903.25,19891.25,19903.5,19891.0,19891.25,19923.25,-12.0,-12.5,-13.0,-260.0,10.0,0.5,2.0,2.0,20.25,2024-03-05 17:59:00+00:00,2024-03-05 17:59:00+00:00,2024-03-05 18:01:00+00:00,2024-03-05 18:44:00+00:00,pullback_long_midday_e357dc47fc29,1,market,0.0,45,1,12,20,50555.0
418169,418170,418196,418196,closed,stop,20031.5,20019.5,20031.75,20019.25,20019.5,20051.5,-12.0,-12.5,-13.0,-260.0,10.0,0.5,27.0,27.0,14.5,2024-03-06 16:06:00+00:00,2024-03-06 16:06:00+00:00,2024-03-06 16:33:00+00:00,2024-03-06 16:51:00+00:00,pullback_long_midday_e357dc47fc29,1,market,0.0,45,1,12,20,50295.0
418224,418225,418233,418233,closed,target,20065.25,20085.25,20065.5,20085.0,20053.25,20085.25,20.0,19.5,19.0,380.0,10.0,0.5,9.0,9.0,3.25,2024-03-06 17:01:00+00:00,2024-03-06 17:01:00+00:00,2024-03-06 17:10:00+00:00,2024-03-06 17:46:00+00:00,pullback_long_midday_e357dc47fc29,1,market,0.0,45,1,12,20,50675.0
418240,418241,418243,418243,closed,stop,20099.25,20087.25,20099.5,20087.0,20087.25,20119.25,-12.0,-12.5,-13.0,-260.0,10.0,0.5,3.0,3.0,12.5,2024-03-06 17:17:00+00:00,2024-03-06 17:17:00+00:00,2024-03-06 17:20:00+00:00,2024-03-06 18:02:00+00:00,pullback_long_midday_e357dc47fc29,1,market,0.0,45,1,12,20,50415.0
418245,418246,418256,418256,closed,target,20094.0,20114.0,20094.25,20113.75,20082.0,20114.0,20.0,19.5,19.0,380.0,10.0,0.5,11.0,11.0,11.0,2024-03-06 17:22:00+00:00,2024-03-06 17:22:00+00:00,2024-03-06 17:33:00+00:00,2024-03-06 18:07:00+00:00,pullback_long_midday_e357dc47fc29,1,market,0.0,45,1,12,20,50795.0
418302,418303,418308,418308,closed,target,20079.0,20099.0,20079.25,20098.75,20067.0,20099.0,20.0,19.5,19.0,380.0,10.0,0.5,6.0,6.0,1.0,2024-03-06 18:19:00+00:00,2024-03-06 18:19:00+00:00,2024-03-06 18:25:00+00:00,2024-03-06 19:04:00+00:00,pullback_long_midday_e357dc47fc29,1,market,0.0,45,1,12,20,51175.0
418312,418313,418316,418316,closed,stop,20092.25,20080.25,20092.5,20080.0,20080.25,20112.25,-12.0,-12.5,-13.0,-260.0,10.0,0.5,4.0,4.0,20.5,2024-03-06 18:29:00+00:00,2024-03-06 18:29:00+00:00,2024-03-06 18:33:00+00:00,2024-03-06 19:14:00+00:00,pullback_long_midday_e357dc47fc29,1,market,0.0,45,1,12,20,50915.0
419544,419545,419547,419547,closed,stop,20208.5,20196.5,20208.75,20196.25,20196.5,20228.5,-12.0,-12.5,-13.0,-260.0,10.0,0.5,3.0,3.0,13.25,2024-03-07 16:16:00+00:00,2024-03-07 16:16:00+00:00,2024-03-07 16:19:00+00:00,2024-03-07 17:01:00+00:00,pullback_long_midday_e357dc47fc29,1,market,0.0,45,1,12,20,50655.0
419547,419548,419553,419553,closed,target,20202.75,20222.75,20203.0,20222.5,20190.75,20222.75,20.0,19.5,19.0,380.0,10.0,0.5,6.0,6.0,2.5,2024-03-07 16:19:00+00:00,2024-03-07 16:19:00+00:00,2024-03-07 16:25:00+00:00,2024-03-07 17:04:00+00:00,pullback_long_midday_e357dc47fc29,1,market,0.0,45,1,12,20,51035.0
419579,419580,419589,419589,closed,target,20229.0,20249.0,20229.25,20248.75,20217.0,20249.0,20.0,19.5,19.0,380.0,10.0,0.5,10.0,10.0,8.75,2024-03-07 16:51:00+00:00,2024-03-07 16:51:00+00:00,2024-03-07 17:01:00+00:00,2024-03-07 17:36:00+00:00,pullback_long_midday_e357dc47fc29,1,market,0.0,45,1,12,20,51415.0
419592,419593,419600,419600,closed,target,20239.0,20259.0,20239.25,20258.75,20227.0,20259.0,20.0,19.5,19.0,380.0,10.0,0.5,8.0,8.0,0.75,2024-03-07 17:04:00+00:00,2024-03-07 17:04:00+00:00,2024-03-07 17:12:00+00:00,2024-03-07 17:49:00+00:00,pullback_long_midday_e357dc47fc29,1,market,0.0,45,1,12,20,51795.0
419601,419602,419612,419612,closed,stop,20256.5,20244.5,20256.75,20244.25,20244.5,20276.5,-12.0,-12.5,-13.0,-260.0,10.0,0.5,11.0,11.0,12.75,2024-03-07 17:13:00+00:00,2024-03-07 17:13:00+00:00,2024-03-07 17:24:00+00:00,2024-03-07 17:58:00+00:00,pullback_long_midday_e357dc47fc29,1,market,0.0,45,1,12,20,51535.0
419613,419614,419619,419619,closed,stop,20255.0,20243.0,20255.25,20242.75,20243.0,20275.0,-12.0,-12.5,-13.0,-260.0,10.0,0.5,6.0,6.0,16.0,2024-03-07 17:25:00+00:00,2024-03-07 17:25:00+00:00,2024-03-07 17:31:00+00:00,2024-03-07 18:10:00+00:00,pullback_long_midday_e357dc47fc29,1,market,0.0,45,1,12,20,51275.0
419675,419676,419686,419686,closed,target,20261.75,20281.75,20262.0,20281.5,20249.75,20281.75,20.0,19.5,19.0,380.0,10.0,0.5,11.0,11.0,3.0,2024-03-07 18:27:00+00:00,2024-03-07 18:27:00+00:00,2024-03-07 18:38:00+00:00,2024-03-07 19:12:00+00:00,pullback_long_midday_e357dc47fc29,1,market,0.0,45,1,12,20,51655.0
419692,419693,419737,419737,closed,timeout,20281.75,20280.5,20282.0,20280.25,20269.75,20301.75,-1.25,-1.75,-2.25,-45.0,10.0,0.5,45.0,45.0,8.25,2024-03-07 18:44:00+00:00,2024-03-07 18:44:00+00:00,2024-03-07 19:29:00+00:00,2024-03-07 19:29:00+00:00,pullback_long_midday_e357dc47fc29,1,market,0.0,45,1,12,20,51610.0
420992,420993,420994,420994,closed,stop,20121.0,20109.0,20121.25,20108.75,20109.0,20141.0,-12.0,-12.5,-13.0,-260.0,10.0,0.5,2.0,2.0,12.5,2024-03-08 17:39:00+00:00,2024-03-08 17:39:00+00:00,2024-03-08 17:41:00+00:00,2024-03-08 18:24:00+00:00,pullback_long_midday_e357dc47fc29,1,market,0.0,45,1,12,20,51350.0
420998,420999,420999,420999,closed,stop,20110.0,20098.0,20110.25,20097.75,20098.0,20130.0,-12.0,-12.5,-13.0,-260.0,10.0,0.5,1.0,1.0,19.75,2024-03-08 17:45:00+00:00,2024-03-08 17:45:00+00:00,2024-03-08 17:46:00+00:00,2024-03-08 18:30:00+00:00,pullback_long_midday_e357dc47fc29,1,market,0.0,45,1,12,20,51090.0
422261,422262,422262,422262,closed,stop,19942.5,19930.5,19942.75,19930.25,19930.5,19962.5,-12.0,-12.5,-13.0,-260.0,10.0,0.5,1.0,1.0,12.75,2024-03-11 15:03:00+00:00,2024-03-11 15:03:00+00:00,2024-03-11 15:04:00+00:00,2024-03-11 15:48:00+00:00,pullback_long_midday_e357dc47fc29,1,market,0.0,45,1,12,20,50830.0
422264,422265,422266,422266,closed,stop,19949.5,19937.5,19949.75,19937.25,19937.5,19969.5,-12.0,-12.5,-13.0,-260.0,10.0,0.5,2.0,2.0,30.25,2024-03-11 15:06:00+00:00,2024-03-11 15:06:00+00:00,2024-03-11 15:08:00+00:00,2024-03-11 15:51:00+00:00,pullback_long_midday_e357dc47fc29,1,market,0.0,45,1,12,20,50570.0
422314,422315,422322,422322,closed,stop,19923.0,19911.0,19923.25,19910.75,19911.0,19943.0,-12.0,-12.5,-13.0,-260.0,10.0,0.5,8.0,8.0,18.0,2024-03-11 15:56:00+00:00,2024-03-11 15:56:00+00:00,2024-03-11 16:04:00+00:00,2024-03-11 16:41:00+00:00,pullback_long_midday_e357dc47fc29,1,market,0.0,45,1,12,20,50310.0
422349,422350,422358,422358,closed,stop,19920.25,19908.25,19920.5,19908.0,19908.25,19940.25,-12.0,-12.5,-13.0,-260.0,10.0,0.5,9.0,9.0,13.75,2024-03-11 16:31:00+00:00,2024-03-11 16:31:00+00:00,2024-03-11 16:40:00+00:00,2024-03-11 17:16:00+00:00,pullback_long_midday_e357dc47fc29,1,market,0.0,45,1,12,20,50050.0
422414,422415,422415,422415,closed,stop,19932.5,19920.5,19932.75,19920.25,19920.5,19952.5,-12.0,-12.5,-13.0,-260.0,10.0,0.5,1.0,1.0,15.5,2024-03-11 17:36:00+00:00,2024-03-11 17:36:00+00:00,2024-03-11 17:37:00+00:00,2024-03-11 18:21:00+00:00,pullback_long_midday_e357dc47fc29,1,market,0.0,45,1,12,20,49790.0
423623,423624,423628,423628,closed,stop,20113.5,20101.5,20113.75,20101.25,20101.5,20133.5,-12.0,-12.5,-13.0,-260.0,10.0,0.5,5.0,5.0,15.75,2024-03-12 15:00:00+00:00,2024-03-12 15:00:00+00:00,2024-03-12 15:05:00+00:00,2024-03-12 15:45:00+00:00,pullback_long_midday_e357dc47fc29,1,market,0.0,45,1,12,20,49530.0
423657,423658,423659,423659,closed,stop,20135.0,20123.0,20135.25,20122.75,20123.0,20155.0,-12.0,-12.5,-13.0,-260.0,10.0,0.5,2.0,2.0,13.0,2024-03-12 15:34:00+00:00,2024-03-12 15:34:00+00:00,2024-03-12 15:36:00+00:00,2024-03-12 16:19:00+00:00,pullback_long_midday_e357dc47fc29,1,market,0.0,45,1,12,20,49270.0
423774,423775,423807,423807,closed,target,20085.25,20105.25,20085.5,20105.0,20073.25,20105.25,20.0,19.5,19.0,380.0,10.0,0.5,33.0,33.0,10.75,2024-03-12 17:31:00+00:00,2024-03-12 17:31:00+00:00,2024-03-12 18:04:00+00:00,2024-03-12 18:16:00+00:00,pullback_long_midday_e357dc47fc29,1,market,0.0,45,1,12,20,49650.0
425005,425006,425016,425016,closed,stop,20041.25,20029.25,20041.5,20029.0,20029.25,20061.25,-12.0,-12.5,-13.0,-260.0,10.0,0.5,11.0,11.0,16.75,2024-03-13 15:17:00+00:00,2024-03-13 15:17:00+00:00,2024-03-13 15:28:00+00:00,2024-03-13 16:02:00+00:00,pullback_long_midday_e357dc47fc29,1,market,0.0,45,1,12,20,49390.0
425060,425061,425092,425092,closed,target,20024.5,20044.5,20024.75,20044.25,20012.5,20044.5,20.0,19.5,19.0,380.0,10.0,0.5,32.0,32.0,11.75,2024-03-13 16:12:00+00:00,2024-03-13 16:12:00+00:00,2024-03-13 16:44:00+00:00,2024-03-13 16:57:00+00:00,pullback_long_midday_e357dc47fc29,1,market,0.0,45,1,12,20,49770.0
425096,425097,425110,425110,closed,target,20046.5,20066.5,20046.75,20066.25,20034.5,20066.5,20.0,19.5,19.0,380.0,10.0,0.5,14.0,14.0,7.75,2024-03-13 16:48:00+00:00,2024-03-13 16:48:00+00:00,2024-03-13 17:02:00+00:00,2024-03-13 17:33:00+00:00,pullback_long_midday_e357dc47fc29,1,market,0.0,45,1,12,20,50150.0
425111,425112,425113,425113,closed,stop,20067.5,20055.5,20067.75,20055.25,20055.5,20087.5,-12.0,-12.5,-13.0,-260.0,10.0,0.5,2.0,2.0,14.75,2024-03-13 17:03:00+00:00,2024-03-13 17:03:00+00:00,2024-03-13 17:05:00+00:00,2024-03-13 17:48:00+00:00,pullback_long_midday_e357dc47fc29,1,market,0.0,45,1,12,20,49890.0
425114,425115,425117,425117,closed,target,20060.5,20080.5,20060.75,20080.25,20048.5,20080.5,20.0,19.5,19.0,380.0,10.0,0.5,3.0,3.0,1.0,2024-03-13 17:06:00+00:00,2024-03-13 17:06:00+00:00,2024-03-13 17:09:00+00:00,2024-03-13 17:51:00+00:00,pullback_long_midday_e357dc47fc29,1,market,0.0,45,1,12,20,50270.0
425145,425146,425152,425152,closed,stop,20077.25,20065.25,20077.5,20065.0,20065.25,20097.25,-12.0,-12.5,-13.0,-260.0,10.0,0.5,7.0,7.0,13.75,2024-03-13 17:37:00+00:00,2024-03-13 17:37:00+00:00,2024-03-13 17:44:00+00:00,2024-03-13 18:22:00+00:00,pullback_long_midday_e357dc47fc29,1,market,0.0,45,1,12,20,50010.0
425167,425168,425169,425169,closed,stop,20087.0,20075.0,20087.25,20074.75,20075.0,20107.0,-12.0,-12.5,-13.0,-260.0,10.0,0.5,2.0,2.0,13.25,2024-03-13 17:59:00+00:00,2024-03-13 17:59:00+00:00,2024-03-13 18:01:00+00:00,2024-03-13 18:44:00+00:00,pullback_long_midday_e357dc47fc29,1,market,0.0,45,1,12,20,49750.0
426369,426370,426371,426371,closed,stop,20017.0,20005.0,20017.25,20004.75,20005.0,20037.0,-12.0,-12.5,-13.0,-260.0,10.0,0.5,2.0,2.0,21.0,2024-03-14 15:16:00+00:00,2024-03-14 15:16:00+00:00,2024-03-14 15:18:00+00:00,2024-03-14 16:01:00+00:00,pullback_long_midday_e357dc47fc29,1,market,0.0,45,1,12,20,49490.0
426372,426373,426373,426373,closed,stop,20006.5,19994.5,20006.75,19994.25,19994.5,20026.5,-12.0,-12.5,-13.0,-260.0,10.0,0.5,1.0,1.0,14.0,2024-03-14 15:19:00+00:00,2024-03-14 15:19:00+00:00,2024-03-14 15:20:00+00:00,2024-03-14 16:04:00+00:00,pullback_long_midday_e357dc47fc29,1,market,0.0,45,1,12,20,49230.0
426395,426396,426398,426398,closed,stop,19985.5,19973.5,19985.75,19973.25,19973.5,20005.5,-12.0,-12.5,-13.0,-260.0,10.0,0.5,3.0,3.0,13.25,2024-03-14 15:42:00+00:00,2024-03-14 15:42:00+00:00,2024-03-14 15:45:00+00:00,2024-03-14 16:27:00+00:00,pullback_long_midday_e357dc47fc29,1,market,0.0,45,1,12,20,48970.0
426399,426400,426401,426401,closed,stop,19993.5,19981.5,19993.75,19981.25,19981.5,20013.5,-12.0,-12.5,-13.0,-260.0,10.0,0.5,2.0,2.0,13.75,2024-03-14 15:46:00+00:00,2024-03-14 15:46:00+00:00,2024-03-14 15:48:00+00:00,2024-03-14 16:31:00+00:00,pullback_long_midday_e357dc47fc29,1,market,0.0,45,1,12,20,48710.0
426404,426405,426405,426405,closed,stop,19988.75,19976.75,19989.0,19976.5,19976.75,20008.75,-12.0,-12.5,-13.0,-260.0,10.0,0.5,1.0,1.0,13.0,2024-03-14 15:51:00+00:00,2024-03-14 15:51:00+00:00,2024-03-14 15:52:00+00:00,2024-03-14 16:36:00+00:00,pullback_long_midday_e357dc47fc29,1,market,0.0,45,1,12,20,48450.0
426406,426407,426415,426415,closed,target,19986.25,20006.25,19986.5,20006.0,19974.25,20006.25,20.0,19.5,19.0,380.0,10.0,0.5,9.0,9.0,8.75,2024-03-14 15:53:00+00:00,2024-03-14 15:53:00+00:00,2024-03-14 16:02:00+00:00,2024-03-14 16:38:00+00:00,pullback_long_midday_e357dc47fc29,1,market,0.0,45,1,12,20,48830.0
426455,426456,426458,426458,closed,stop,19978.0,19966.0,19978.25,19965.75,19966.0,19998.0,-12.0,-12.5,-13.0,-260.0,10.0,0.5,3.0,3.0,15.25,2024-03-14 16:42:00+00:00,2024-03-14 16:42:00+00:00,2024-03-14 16:45:00+00:00,2024-03-14 17:27:00+00:00,pullback_long_midday_e357dc47fc29,1,market,0.0,45,1,12,20,48570.0
426515,426516,426525,426525,closed,target,19937.0,19957.0,19937.25,19956.75,19925.0,19957.0,20.0,19.5,19.0,380.0,10.0,0.5,10.0,10.0,10.0,2024-03-14 17:42:00+00:00,2024-03-14 17:42:00+00:00,2024-03-14 17:52:00+00:00,2024-03-14 18:27:00+00:00,pullback_long_midday_e357dc47fc29,1,market,0.0,45,1,12,20,48950.0
427815,427816,427829,427829,closed,stop,19741.75,19729.75,19742.0,19729.5,19729.75,19761.75,-12.0,-12.5,-13.0,-260.0,10.0,0.5,14.0,14.0,15.25,2024-03-15 16:37:00+00:00,2024-03-15 16:37:00+00:00,2024-03-15 16:51:00+00:00,2024-03-15 17:22:00+00:00,pullback_long_midday_e357dc47fc29,1,market,0.0,45,1,12,20,48690.0
427854,427855,427863,427863,closed,target,19738.0,19758.0,19738.25,19757.75,19726.0,19758.0,20.0,19.5,19.0,380.0,10.0,0.5,9.0,9.0,5.75,2024-03-15 17:16:00+00:00,2024-03-15 17:16:00+00:00,2024-03-15 17:25:00+00:00,2024-03-15 18:01:00+00:00,pullback_long_midday_e357dc47fc29,1,market,0.0,45,1,12,20,49070.0
427867,427868,427888,427888,closed,stop,19747.5,19735.5,19747.75,19735.25,19735.5,19767.5,-12.0,-12.5,-13.0,-260.0,10.0,0.5,21.0,21.0,16.75,2024-03-15 17:29:00+00:00,2024-03-15 17:29:00+00:00,2024-03-15 17:50:00+00:00,2024-03-15 18:14:00+00:00,pullback_long_midday_e357dc47fc29,1,market,0.0,45,1,12,20,48810.0
429163,429164,429170,429170,closed,stop,19998.75,19986.75,19999.0,19986.5,19986.75,20018.75,-12.0,-12.5,-13.0,-260.0,10.0,0.5,7.0,7.0,16.25,2024-03-18 16:20:00+00:00,2024-03-18 16:20:00+00:00,2024-03-18 16:27:00+00:00,2024-03-18 17:05:00+00:00,pullback_long_midday_e357dc47fc29,1,market,0.0,45,1,12,20,48550.0
429231,429232,429239,429239,closed,stop,19976.0,19964.0,19976.25,19963.75,19964.0,19996.0,-12.0,-12.5,-13.0,-260.0,10.0,0.5,8.0,8.0,13.75,2024-03-18 17:28:00+00:00,2024-03-18 17:28:00+00:00,2024-03-18 17:36:00+00:00,2024-03-18 18:13:00+00:00,pullback_long_midday_e357dc47fc29,1,market,0.0,45,1,12,20,48290.0
430496,430497,430503,430503,closed,stop,19843.25,19831.25,19843.5,19831.0,19831.25,19863.25,-12.0,-12.5,-13.0,-260.0,10.0,0.5,7.0,7.0,17.0,2024-03-19 15:48:00+00:00,2024-03-19 15:48:00+00:00,2024-03-19 15:55:00+00:00,2024-03-19 16:33:00+00:00,pullback_long_midday_e357dc47fc29,1,market,0.0,45,1,12,20,48030.0
430521,430522,430526,430526,closed,target,19849.5,19869.5,19849.75,19869.25,19837.5,19869.5,20.0,19.5,19.0,380.0,10.0,0.5,5.0,5.0,8.25,2024-03-19 16:13:00+00:00,2024-03-19 16:13:00+00:00,2024-03-19 16:18:00+00:00,2024-03-19 16:58:00+00:00,pullback_long_midday_e357dc47fc29,1,market,0.0,45,1,12,20,48410.0
430540,430541,430551,430551,closed,target,19905.25,19925.25,19905.5,19925.0,19893.25,19925.25,20.0,19.5,19.0,380.0,10.0,0.5,11.0,11.0,6.75,2024-03-19 16:32:00+00:00,2024-03-19 16:32:00+00:00,2024-03-19 16:43:00+00:00,2024-03-19 17:17:00+00:00,pullback_long_midday_e357dc47fc29,1,market,0.0,45,1,12,20,48790.0
430558,430559,430561,430561,closed,target,19940.0,19960.0,19940.25,19959.75,19928.0,19960.0,20.0,19.5,19.0,380.0,10.0,0.5,3.0,3.0,0.5,2024-03-19 16:50:00+00:00,2024-03-19 16:50:00+00:00,2024-03-19 16:53:00+00:00,2024-03-19 17:35:00+00:00,pullback_long_midday_e357dc47fc29,1,market,0.0,45,1,12,20,49170.0
430563,430564,430566,430566,closed,stop,19953.5,19941.5,19953.75,19941.25,19941.5,19973.5,-12.0,-12.5,-13.0,-260.0,10.0,0.5,3.0,3.0,15.5,2024-03-19 16:55:00+00:00,2024-03-19 16:55:00+00:00,2024-03-19 16:58:00+00:00,2024-03-19 17:40:00+00:00,pullback_long_midday_e357dc47fc29,1,market,0.0,45,1,12,20,48910.0
430569,430570,430570,430570,closed,target,19947.5,19967.5,19947.75,19967.25,19935.5,19967.5,20.0,19.5,19.0,380.0,10.0,0.5,1.0,1.0,0.25,2024-03-19 17:01:00+00:00,2024-03-19 17:01:00+00:00,2024-03-19 17:02:00+00:00,2024-03-19 17:46:00+00:00,pullback_long_midday_e357dc47fc29,1,market,0.0,45,1,12,20,49290.0
430606,430607,430622,430622,closed,stop,19955.5,19943.5,19955.75,19943.25,19943.5,19975.5,-12.0,-12.5,-13.0,-260.0,10.0,0.5,16.0,16.0,15.25,2024-03-19 17:38:00+00:00,2024-03-19 17:38:00+00:00,2024-03-19 17:54:00+00:00,2024-03-19 18:23:00+00:00,pullback_long_midday_e357dc47fc29,1,market,0.0,45,1,12,20,49030.0
431823,431824,431859,431859,closed,stop,19972.25,19960.25,19972.5,19960.0,19960.25,19992.25,-12.0,-12.5,-13.0,-260.0,10.0,0.5,36.0,36.0,16.5,2024-03-20 15:10:00+00:00,2024-03-20 15:10:00+00:00,2024-03-20 15:46:00+00:00,2024-03-20 15:55:00+00:00,pullback_long_midday_e357dc47fc29,1,market,0.0,45,1,12,20,48770.0
431872,431873,431882,431882,closed,stop,19974.0,19962.0,19974.25,19961.75,19962.0,19994.0,-12.0,-12.5,-13.0,-260.0,10.0,0.5,10.0,10.0,15.25,2024-03-20 15:59:00+00:00,2024-03-20 15:59:00+00:00,2024-03-20 16:09:00+00:00,2024-03-20 16:44:00+00:00,pullback_long_midday_e357dc47fc29,1,market,0.0,45,1,12,20,48510.0
431883,431884,431887,431887,closed,stop,19966.75,19954.75,19967.0,19954.5,19954.75,19986.75,-12.0,-12.5,-13.0,-260.0,10.0,0.5,4.0,4.0,14.0,2024-03-20 16:10:00+00:00,2024-03-20 16:10:00+00:00,2024-03-20 16:14:00+00:00,2024-03-20 16:55:00+00:00,pullback_long_midday_e357dc47fc29,1,market,0.0,45,1,12,20,48250.0
431908,431909,431933,431933,closed,target,19961.5,19981.5,19961.75,19981.25,19949.5,19981.5,20.0,19.5,19.0,380.0,10.0,0.5,25.0,25.0,0.5,2024-03-20 16:35:00+00:00,2024-03-20 16:35:00+00:00,2024-03-20 17:00:00+00:00,2024-03-20 17:20:00+00:00,pullback_long_midday_e357dc47fc29,1,market,0.0,45,1,12,20,48630.0
433179,433180,433182,433182,closed,stop,20346.5,20334.5,20346.75,20334.25,20334.5,20366.5,-12.0,-12.5,-13.0,-260.0,10.0,0.5,3.0,3.0,18.75,2024-03-21 15:01:00+00:00,2024-03-21 15:01:00+00:00,2024-03-21 15:04:00+00:00,2024-03-21 15:46:00+00:00,pullback_long_midday_e357dc47fc29,1,market,0.0,45,1,12,20,48370.0
433234,433235,433239,433239,closed,stop,20382.0,20370.0,20382.25,20369.75,20370.0,20402.0,-12.0,-12.5,-13.0,-260.0,10.0,0.5,5.0,5.0,13.5,2024-03-21 15:56:00+00:00,2024-03-21 15:56:00+00:00,2024-03-21 16:01:00+00:00,2024-03-21 16:41:00+00:00,pullback_long_midday_e357dc47fc29,1,market,0.0,45,1,12,20,48110.0
433257,433258,433276,433276,closed,stop,20389.25,20377.25,20389.5,20377.0,20377.25,20409.25,-12.0,-12.5,-13.0,-260.0,10.0,0.5,19.0,19.0,13.5,2024-03-21 16:19:00+00:00,2024-03-21 16:19:00+00:00,2024-03-21 16:38:00+00:00,2024-03-21 17:04:00+00:00,pullback_long_midday_e357dc47fc29,1,market,0.0,45,1,12,20,47850.0
434563,434564,434575,434575,closed,target,20233.5,20253.5,20233.75,20253.25,20221.5,20253.5,20.0,19.5,19.0,380.0,10.0,0.5,12.0,12.0,4.75,2024-03-22 15:20:00+00:00,2024-03-22 15:20:00+00:00,2024-03-22 15:32:00+00:00,2024-03-22 16:05:00+00:00,pullback_long_midday_e357dc47fc29,1,market,0.0,45,1,12,20,48230.0
434581,434582,434583,434583,closed,stop,20244.75,20232.75,20245.0,20232.5,20232.75,20264.75,-12.0,-12.5,-13.0,-260.0,10.0,0.5,2.0,2.0,13.75,2024-03-22 15:38:00+00:00,2024-03-22 15:38:00+00:00,2024-03-22 15:40:00+00:00,2024-03-22 16:23:00+00:00,pullback_long_midday_e357dc47fc29,1,market,0.0,45,1,12,20,47970.0
434610,434611,434619,434619,closed,stop,20247.75,20235.75,20248.0,20235.5,20235.75,20267.75,-12.0,-12.5,-13.0,-260.0,10.0,0.5,9.0,9.0,16.25,2024-03-22 16:07:00+00:00,2024-03-22 16:07:00+00:00,2024-03-22 16:16:00+00:00,2024-03-22 16:52:00+00:00,pullback_long_midday_e357dc47fc29,1,market,0.0,45,1,12,20,47710.0
434661,434662,434676,434676,closed,target,20271.75,20291.75,20272.0,20291.5,20259.75,20291.75,20.0,19.5,19.0,380.0,10.0,0.5,15.0,15.0,2.5,2024-03-22 16:58:00+00:00,2024-03-22 16:58:00+00:00,2024-03-22 17:13:00+00:00,2024-03-22 17:43:00+00:00,pullback_long_midday_e357dc47fc29,1,market,0.0,45,1,12,20,48090.0
434707,434708,434715,434715,closed,target,20290.75,20310.75,20291.0,20310.5,20278.75,20310.75,20.0,19.5,19.0,380.0,10.0,0.5,8.0,8.0,1.25,2024-03-22 17:44:00+00:00,2024-03-22 17:44:00+00:00,2024-03-22 17:52:00+00:00,2024-03-22 18:29:00+00:00,pullback_long_midday_e357dc47fc29,1,market,0.0,45,1,12,20,48470.0
435921,435922,435928,435928,closed,stop,20226.0,20214.0,20226.25,20213.75,20214.0,20246.0,-12.0,-12.5,-13.0,-260.0,10.0,0.5,7.0,7.0,12.5,2024-03-25 15:13:00+00:00,2024-03-25 15:13:00+00:00,2024-03-25 15:20:00+00:00,2024-03-25 15:58:00+00:00,pullback_long_midday_e357dc47fc29,1,market,0.0,45,1,12,20,48210.0
435928,435929,435932,435932,closed,stop,20227.0,20215.0,20227.25,20214.75,20215.0,20247.0,-12.0,-12.5,-13.0,-260.0,10.0,0.5,4.0,4.0,13.5,2024-03-25 15:20:00+00:00,2024-03-25 15:20:00+00:00,2024-03-25 15:24:00+00:00,2024-03-25 16:05:00+00:00,pullback_long_midday_e357dc47fc29,1,market,0.0,45,1,12,20,47950.0
435951,435952,435972,435972,closed,stop,20234.5,20222.5,20234.75,20222.25,20222.5,20254.5,-12.0,-12.5,-13.0,-260.0,10.0,0.5,21.0,21.0,18.75,2024-03-25 15:43:00+00:00,2024-03-25 15:43:00+00:00,2024-03-25 16:04:00+00:00,2024-03-25 16:28:00+00:00,pullback_long_midday_e357dc47fc29,1,market,0.0,45,1,12,20,47690.0
435993,435994,435999,435999,closed,stop,20224.0,20212.0,20224.25,20211.75,20212.0,20244.0,-12.0,-12.5,-13.0,-260.0,10.0,0.5,6.0,6.0,13.0,2024-03-25 16:25:00+00:00,2024-03-25 16:25:00+00:00,2024-03-25 16:31:00+00:00,2024-03-25 17:10:00+00:00,pullback_long_midday_e357dc47fc29,1,market,0.0,45,1,12,20,47430.0
436026,436027,436036,436036,closed,stop,20228.75,20216.75,20229.0,20216.5,20216.75,20248.75,-12.0,-12.5,-13.0,-260.0,10.0,0.5,10.0,10.0,12.75,2024-03-25 16:58:00+00:00,2024-03-25 16:58:00+00:00,2024-03-25 17:08:00+00:00,2024-03-25 17:43:00+00:00,pullback_long_midday_e357dc47fc29,1,market,0.0,45,1,12,20,47170.0
436047,436048,436092,436092,closed,timeout,20232.25,20243.25,20232.5,20243.0,20220.25,20252.25,11.0,10.5,10.0,200.0,10.0,0.5,45.0,45.0,6.75,2024-03-25 17:19:00+00:00,2024-03-25 17:19:00+00:00,2024-03-25 18:04:00+00:00,2024-03-25 18:04:00+00:00,pullback_long_midday_e357dc47fc29,1,market,0.0,45,1,12,20,47370.0
437279,437280,437297,437297,closed,target,20252.25,20272.25,20252.5,20272.0,20240.25,20272.25,20.0,19.5,19.0,380.0,10.0,0.5,18.0,18.0,1.5,2024-03-26 15:06:00+00:00,2024-03-26 15:06:00+00:00,2024-03-26 15:24:00+00:00,2024-03-26 15:51:00+00:00,pullback_long_midday_e357dc47fc29,1,market,0.0,45,1,12,20,47750.0
437341,437342,437350,437350,closed,stop,20272.0,20260.0,20272.25,20259.75,20260.0,20292.0,-12.0,-12.5,-13.0,-260.0,10.0,0.5,9.0,9.0,12.5,2024-03-26 16:08:00+00:00,2024-03-26 16:08:00+00:00,2024-03-26 16:17:00+00:00,2024-03-26 16:53:00+00:00,pullback_long_midday_e357dc47fc29,1,market,0.0,45,1,12,20,47490.0
437432,437433,437439,437439,closed,stop,20244.0,20232.0,20244.25,20231.75,20232.0,20264.0,-12.0,-12.5,-13.0,-260.0,10.0,0.5,7.0,7.0,19.5,2024-03-26 17:39:00+00:00,2024-03-26 17:39:00+00:00,2024-03-26 17:46:00+00:00,2024-03-26 18:24:00+00:00,pullback_long_midday_e357dc47fc29,1,market,0.0,45,1,12,20,47230.0
438661,438662,438664,438664,closed,stop,20114.5,20102.5,20114.75,20102.25,20102.5,20134.5,-12.0,-12.5,-13.0,-260.0,10.0,0.5,3.0,3.0,13.5,2024-03-27 15:23:00+00:00,2024-03-27 15:23:00+00:00,2024-03-27 15:26:00+00:00,2024-03-27 16:08:00+00:00,pullback_long_midday_e357dc47fc29,1,market,0.0,45,1,12,20,46970.0
438687,438688,438692,438692,closed,stop,20115.5,20103.5,20115.75,20103.25,20103.5,20135.5,-12.0,-12.5,-13.0,-260.0,10.0,0.5,5.0,5.0,15.0,2024-03-27 15:49:00+00:00,2024-03-27 15:49:00+00:00,2024-03-27 15:54:00+00:00,2024-03-27 16:34:00+00:00,pullback_long_midday_e357dc47fc29,1,market,0.0,45,1,12,20,46710.0
438721,438722,438731,438731,closed,target,20122.0,20142.0,20122.25,20141.75,20110.0,20142.0,20.0,19.5,19.0,380.0,10.0,0.5,10.0,10.0,3.75,2024-03-27 16:23:00+00:00,2024-03-27 16:23:00+00:00,2024-03-27 16:33:00+00:00,2024-03-27 17:08:00+00:00,pullback_long_midday_e357dc47fc29,1,market,0.0,45,1,12,20,47090.0
438744,438745,438764,438764,closed,stop,20135.5,20123.5,20135.75,20123.25,20123.5,20155.5,-12.0,-12.5,-13.0,-260.0,10.0,0.5,20.0,20.0,14.25,2024-03-27 16:46:00+00:00,2024-03-27 16:46:00+00:00,2024-03-27 17:06:00+00:00,2024-03-27 17:31:00+00:00,pullback_long_midday_e357dc47fc29,1,market,0.0,45,1,12,20,46830.0
438788,438789,438829,438829,closed,stop,20121.25,20109.25,20121.5,20109.0,20109.25,20141.25,-12.0,-12.5,-13.0,-260.0,10.0,0.5,41.0,41.0,13.0,2024-03-27 17:30:00+00:00,2024-03-27 17:30:00+00:00,2024-03-27 18:11:00+00:00,2024-03-27 18:15:00+00:00,pullback_long_midday_e357dc47fc29,1,market,0.0,45,1,12,20,46570.0
440105,440106,440121,440121,closed,stop,20178.5,20166.5,20178.75,20166.25,20166.5,20198.5,-12.0,-12.5,-13.0,-260.0,10.0,0.5,16.0,16.0,12.25,2024-03-28 16:43:00+00:00,2024-03-28 16:43:00+00:00,2024-03-28 16:59:00+00:00,2024-03-28 17:28:00+00:00,pullback_long_midday_e357dc47fc29,1,market,0.0,45,1,12,20,46310.0
440165,440166,440184,440184,closed,stop,20165.0,20153.0,20165.25,20152.75,20153.0,20185.0,-12.0,-12.5,-13.0,-260.0,10.0,0.5,19.0,19.0,22.75,2024-03-28 17:43:00+00:00,2024-03-28 17:43:00+00:00,2024-03-28 18:02:00+00:00,2024-03-28 18:28:00+00:00,pullback_long_midday_e357dc47fc29,1,market,0.0,45,1,12,20,46050.0
441403,441404,441406,441406,closed,stop,20161.25,20149.25,20161.5,20149.0,20149.25,20181.25,-12.0,-12.5,-13.0,-260.0,10.0,0.5,3.0,3.0,13.5,2024-04-01 15:36:00+00:00,2024-04-01 15:36:00+00:00,2024-04-01 15:39:00+00:00,2024-04-01 16:21:00+00:00,pullback_long_midday_e357dc47fc29,1,market,0.0,45,1,12,20,45790.0
441409,441410,441420,441420,closed,stop,20150.5,20138.5,20150.75,20138.25,20138.5,20170.5,-12.0,-12.5,-13.0,-260.0,10.0,0.5,11.0,11.0,17.0,2024-04-01 15:42:00+00:00,2024-04-01 15:42:00+00:00,2024-04-01 15:53:00+00:00,2024-04-01 16:27:00+00:00,pullback_long_midday_e357dc47fc29,1,market,0.0,45,1,12,20,45530.0
441439,441440,441464,441464,closed,target,20160.75,20180.75,20161.0,20180.5,20148.75,20180.75,20.0,19.5,19.0,380.0,10.0,0.5,25.0,25.0,3.75,2024-04-01 16:12:00+00:00,2024-04-01 16:12:00+00:00,2024-04-01 16:37:00+00:00,2024-04-01 16:57:00+00:00,pullback_long_midday_e357dc47fc29,1,market,0.0,45,1,12,20,45910.0
441467,441468,441488,441488,closed,stop,20171.75,20159.75,20172.0,20159.5,20159.75,20191.75,-12.0,-12.5,-13.0,-260.0,10.0,0.5,21.0,21.0,14.0,2024-04-01 16:40:00+00:00,2024-04-01 16:40:00+00:00,2024-04-01 17:01:00+00:00,2024-04-01 17:25:00+00:00,pullback_long_midday_e357dc47fc29,1,market,0.0,45,1,12,20,45650.0
441528,441529,441570,441570,closed,target,20144.75,20164.75,20145.0,20164.5,20132.75,20164.75,20.0,19.5,19.0,380.0,10.0,0.5,42.0,42.0,8.0,2024-04-01 17:41:00+00:00,2024-04-01 17:41:00+00:00,2024-04-01 18:23:00+00:00,2024-04-01 18:26:00+00:00,pullback_long_midday_e357dc47fc29,1,market,0.0,45,1,12,20,46030.0
442839,442840,442852,442852,closed,target,19962.5,19982.5,19962.75,19982.25,19950.5,19982.5,20.0,19.5,19.0,380.0,10.0,0.5,13.0,13.0,7.25,2024-04-02 16:47:00+00:00,2024-04-02 16:47:00+00:00,2024-04-02 17:00:00+00:00,2024-04-02 17:32:00+00:00,pullback_long_midday_e357dc47fc29,1,market,0.0,45,1,12,20,46410.0
442907,442908,442952,442952,closed,timeout,19975.75,19970.25,19976.0,19970.0,19963.75,19995.75,-5.5,-6.0,-6.5,-130.0,10.0,0.5,45.0,45.0,8.75,2024-04-02 17:55:00+00:00,2024-04-02 17:55:00+00:00,2024-04-02 18:40:00+00:00,2024-04-02 18:40:00+00:00,pullback_long_midday_e357dc47fc29,1,market,0.0,45,1,12,20,46280.0
444102,444103,444147,444147,closed,timeout,20125.5,20126.5,20125.75,20126.25,20113.5,20145.5,1.0,0.5,0.0,0.0,10.0,0.5,45.0,45.0,4.5,2024-04-03 15:05:00+00:00,2024-04-03 15:05:00+00:00,2024-04-03 15:50:00+00:00,2024-04-03 15:50:00+00:00,pullback_long_midday_e357dc47fc29,1,market,0.0,45,1,12,20,46280.0
444218,444219,444220,444220,closed,stop,20115.75,20103.75,20116.0,20103.5,20103.75,20135.75,-12.0,-12.5,-13.0,-260.0,10.0,0.5,2.0,2.0,15.25,2024-04-03 17:01:00+00:00,2024-04-03 17:01:00+00:00,2024-04-03 17:03:00+00:00,2024-04-03 17:46:00+00:00,pullback_long_midday_e357dc47fc29,1,market,0.0,45,1,12,20,46020.0
445473,445474,445475,445475,closed,stop,20195.25,20183.25,20195.5,20183.0,20183.25,20215.25,-12.0,-12.5,-13.0,-260.0,10.0,0.5,2.0,2.0,17.5,2024-04-04 15:11:00+00:00,2024-04-04 15:11:00+00:00,2024-04-04 15:13:00+00:00,2024-04-04 15:56:00+00:00,pullback_long_midday_e357dc47fc29,1,market,0.0,45,1,12,20,45760.0
445498,445499,445513,445513,closed,target,20199.0,20219.0,20199.25,20218.75,20187.0,20219.0,20.0,19.5,19.0,380.0,10.0,0.5,15.0,15.0,4.0,2024-04-04 15:36:00+00:00,2024-04-04 15:36:00+00:00,2024-04-04 15:51:00+00:00,2024-04-04 16:21:00+00:00,pullback_long_midday_e357dc47fc29,1,market,0.0,45,1,12,20,46140.0
445536,445537,445581,445581,closed,timeout,20246.25,20247.75,20246.5,20247.5,20234.25,20266.25,1.5,1.0,0.5,10.0,10.0,0.5,45.0,45.0,6.25,2024-04-04 16:14:00+00:00,2024-04-04 16:14:00+00:00,2024-04-04 16:59:00+00:00,2024-04-04 16:59:00+00:00,pullback_long_midday_e357dc47fc29,1,market,0.0,45,1,12,20,46150.0
446836,446837,446840,446840,closed,stop,19984.0,19972.0,19984.25,19971.75,19972.0,20004.0,-12.0,-12.5,-13.0,-260.0,10.0,0.5,4.0,4.0,18.0,2024-04-05 15:09:00+00:00,2024-04-05 15:09:00+00:00,2024-04-05 15:13:00+00:00,2024-04-05 15:54:00+00:00,pullback_long_midday_e357dc47fc29,1,market,0.0,45,1,12,20,45890.0
446891,446892,446894,446894,closed,stop,20059.25,20047.25,20059.5,20047.0,20047.25,20079.25,-12.0,-12.5,-13.0,-260.0,10.0,0.5,3.0,3.0,13.0,2024-04-05 16:04:00+00:00,2024-04-05 16:04:00+00:00,2024-04-05 16:07:00+00:00,2024-04-05 16:49:00+00:00,pullback_long_midday_e357dc47fc29,1,market,0.0,45,1,12,20,45630.0
446901,446902,446919,446919,closed,stop,20055.25,20043.25,20055.5,20043.0,20043.25,20075.25,-12.0,-12.5,-13.0,-260.0,10.0,0.5,18.0,18.0,19.75,2024-04-05 16:14:00+00:00,2024-04-05 16:14:00+00:00,2024-04-05 16:32:00+00:00,2024-04-05 16:59:00+00:00,pullback_long_midday_e357dc47fc29,1,market,0.0,45,1,12,20,45370.0
446952,446953,446955,446955,closed,stop,20079.0,20067.0,20079.25,20066.75,20067.0,20099.0,-12.0,-12.5,-13.0,-260.0,10.0,0.5,3.0,3.0,25.75,2024-04-05 17:05:00+00:00,2024-04-05 17:05:00+00:00,2024-04-05 17:08:00+00:00,2024-04-05 17:50:00+00:00,pullback_long_midday_e357dc47fc29,1,market,0.0,45,1,12,20,45110.0
446985,446986,446987,446987,closed,stop,20070.25,20058.25,20070.5,20058.0,20058.25,20090.25,-12.0,-12.5,-13.0,-260.0,10.0,0.5,2.0,2.0,16.25,2024-04-05 17:38:00+00:00,2024-04-05 17:38:00+00:00,2024-04-05 17:40:00+00:00,2024-04-05 18:23:00+00:00,pullback_long_midday_e357dc47fc29,1,market,0.0,45,1,12,20,44850.0
448192,448193,448195,448195,closed,stop,20058.25,20046.25,20058.5,20046.0,20046.25,20078.25,-12.0,-12.5,-13.0,-260.0,10.0,0.5,3.0,3.0,39.75,2024-04-08 15:00:00+00:00,2024-04-08 15:00:00+00:00,2024-04-08 15:03:00+00:00,2024-04-08 15:45:00+00:00,pullback_long_midday_e357dc47fc29,1,market,0.0,45,1,12,20,44590.0
448291,448292,448336,448336,closed,timeout,19991.25,19994.75,19991.5,19994.5,19979.25,20011.25,3.5,3.0,2.5,50.0,10.0,0.5,45.0,45.0,9.5,2024-04-08 16:39:00+00:00,2024-04-08 16:39:00+00:00,2024-04-08 17:24:00+00:00,2024-04-08 17:24:00+00:00,pullback_long_midday_e357dc47fc29,1,market,0.0,45,1,12,20,44640.0
449562,449563,449565,449565,closed,target,19910.0,19930.0,19910.25,19929.75,19898.0,19930.0,20.0,19.5,19.0,380.0,10.0,0.5,3.0,3.0,4.0,2024-04-09 15:05:00+00:00,2024-04-09 15:05:00+00:00,2024-04-09 15:08:00+00:00,2024-04-09 15:50:00+00:00,pullback_long_midday_e357dc47fc29,1,market,0.0,45,1,12,20,45020.0
449568,449569,449569,449569,closed,stop,19929.5,19917.5,19929.75,19917.25,19917.5,19949.5,-12.0,-12.5,-13.0,-260.0,10.0,0.5,1.0,1.0,14.0,2024-04-09 15:11:00+00:00,2024-04-09 15:11:00+00:00,2024-04-09 15:12:00+00:00,2024-04-09 15:56:00+00:00,pullback_long_midday_e357dc47fc29,1,market,0.0,45,1,12,20,44760.0
449573,449574,449575,449575,closed,target,19922.75,19942.75,19923.0,19942.5,19910.75,19942.75,20.0,19.5,19.0,380.0,10.0,0.5,2.0,2.0,0.5,2024-04-09 15:16:00+00:00,2024-04-09 15:16:00+00:00,2024-04-09 15:18:00+00:00,2024-04-09 16:01:00+00:00,pullback_long_midday_e357dc47fc29,1,market,0.0,45,1,12,20,45140.0
449580,449581,449582,449582,closed,stop,19934.25,19922.25,19934.5,19922.0,19922.25,19954.25,-12.0,-12.5,-13.0,-260.0,10.0,0.5,2.0,2.0,14.25,2024-04-09 15:23:00+00:00,2024-04-09 15:23:00+00:00,2024-04-09 15:25:00+00:00,2024-04-09 16:08:00+00:00,pullback_long_midday_e357dc47fc29,1,market,0.0,45,1,12,20,44880.0
449582,449583,449584,449584,closed,stop,19934.5,19922.5,19934.75,19922.25,19922.5,19954.5,-12.0,-12.5,-13.0,-260.0,10.0,0.5,2.0,2.0,12.5,2024-04-09 15:25:00+00:00,2024-04-09 15:25:00+00:00,2024-04-09 15:27:00+00:00,2024-04-09 16:10:00+00:00,pullback_long_midday_e357dc47fc29,1,market,0.0,45,1,12,20,44620.0
449612,449613,449630,449630,closed,target,19958.75,19978.75,19959.0,19978.5,19946.75,19978.75,20.0,19.5,19.0,380.0,10.0,0.5,18.0,18.0,9.75,2024-04-09 15:55:00+00:00,2024-04-09 15:55:00+00:00,2024-04-09 16:13:00+00:00,2024-04-09 16:40:00+00:00,pullback_long_midday_e357dc47fc29,1,market,0.0,45,1,12,20,45000.0
449649,449650,449671,449671,closed,stop,19982.25,19970.25,19982.5,19970.0,19970.25,20002.25,-12.0,-12.5,-13.0,-260.0,10.0,0.5,22.0,22.0,22.75,2024-04-09 16:32:00+00:00,2024-04-09 16:32:00+00:00,2024-04-09 16:54:00+00:00,2024-04-09 17:17:00+00:00,pullback_long_midday_e357dc47fc29,1,market,0.0,45,1,12,20,44740.0
449691,449692,449693,449693,closed,stop,19977.25,19965.25,19977.5,19965.0,19965.25,19997.25,-12.0,-12.5,-13.0,-260.0,10.0,0.5,2.0,2.0,13.0,2024-04-09 17:14:00+00:00,2024-04-09 17:14:00+00:00,2024-04-09 17:16:00+00:00,2024-04-09 17:59:00+00:00,pullback_long_midday_e357dc47fc29,1,market,0.0,45,1,12,20,44480.0
449696,449697,449720,449720,closed,stop,19971.75,19959.75,19972.0,19959.5,19959.75,19991.75,-12.0,-12.5,-13.0,-260.0,10.0,0.5,24.0,24.0,16.0,2024-04-09 17:19:00+00:00,2024-04-09 17:19:00+00:00,2024-04-09 17:43:00+00:00,2024-04-09 18:04:00+00:00,pullback_long_midday_e357dc47fc29,1,market,0.0,45,1,12,20,44220.0
450956,450957,450959,450959,closed,stop,19855.5,19843.5,19855.75,19843.25,19843.5,19875.5,-12.0,-12.5,-13.0,-260.0,10.0,0.5,3.0,3.0,19.25,2024-04-10 15:35:00+00:00,2024-04-10 15:35:00+00:00,2024-04-10 15:38:00+00:00,2024-04-10 16:20:00+00:00,pullback_long_midday_e357dc47fc29,1,market,0.0,45,1,12,20,43960.0
450989,450990,450993,450993,closed,stop,19846.0,19834.0,19846.25,19833.75,19834.0,19866.0,-12.0,-12.5,-13.0,-260.0,10.0,0.5,4.0,4.0,13.75,2024-04-10 16:08:00+00:00,2024-04-10 16:08:00+00:00,2024-04-10 16:12:00+00:00,2024-04-10 16:53:00+00:00,pullback_long_midday_e357dc47fc29,1,market,0.0,45,1,12,20,43700.0
450993,450994,450994,450994,closed,stop,19841.25,19829.25,19841.5,19829.0,19829.25,19861.25,-12.0,-12.5,-13.0,-260.0,10.0,0.5,1.0,1.0,12.5,2024-04-10 16:12:00+00:00,2024-04-10 16:12:00+00:00,2024-04-10 16:13:00+00:00,2024-04-10 16:57:00+00:00,pullback_long_midday_e357dc47fc29,1,market,0.0,45,1,12,20,43440.0
451014,451015,451018,451018,closed,target,19846.25,19866.25,19846.5,19866.0,19834.25,19866.25,20.0,19.5,19.0,380.0,10.0,0.5,4.0,4.0,1.0,2024-04-10 16:33:00+00:00,2024-04-10 16:33:00+00:00,2024-04-10 16:37:00+00:00,2024-04-10 17:18:00+00:00,pullback_long_midday_e357dc47fc29,1,market,0.0,45,1,12,20,43820.0
451023,451024,451035,451035,closed,target,19853.25,19873.25,19853.5,19873.0,19841.25,19873.25,20.0,19.5,19.0,380.0,10.0,0.5,12.0,12.0,11.25,2024-04-10 16:42:00+00:00,2024-04-10 16:42:00+00:00,2024-04-10 16:54:00+00:00,2024-04-10 17:27:00+00:00,pullback_long_midday_e357dc47fc29,1,market,0.0,45,1,12,20,44200.0
451042,451043,451043,451043,closed,stop,19890.25,19878.25,19890.5,19878.0,19878.25,19910.25,-12.0,-12.5,-13.0,-260.0,10.0,0.5,1.0,1.0,36.25,2024-04-10 17:01:00+00:00,2024-04-10 17:01:00+00:00,2024-04-10 17:02:00+00:00,2024-04-10 17:46:00+00:00,pullback_long_midday_e357dc47fc29,1,market,0.0,45,1,12,20,43940.0
451072,451073,451073,451073,closed,stop,19878.5,19866.5,19878.75,19866.25,19866.5,19898.5,-12.0,-12.5,-13.0,-260.0,10.0,0.5,1.0,1.0,26.0,2024-04-10 17:31:00+00:00,2024-04-10 17:31:00+00:00,2024-04-10 17:32:00+00:00,2024-04-10 18:16:00+00:00,pullback_long_midday_e357dc47fc29,1,market,0.0,45,1,12,20,43680.0
452307,452308,452313,452313,closed,stop,19953.5,19941.5,19953.75,19941.25,19941.5,19973.5,-12.0,-12.5,-13.0,-260.0,10.0,0.5,6.0,6.0,12.75,2024-04-11 15:21:00+00:00,2024-04-11 15:21:00+00:00,2024-04-11 15:27:00+00:00,2024-04-11 16:06:00+00:00,pullback_long_midday_e357dc47fc29,1,market,0.0,45,1,12,20,43420.0
452333,452334,452343,452343,closed,target,19960.75,19980.75,19961.0,19980.5,19948.75,19980.75,20.0,19.5,19.0,380.0,10.0,0.5,10.0,10.0,2.0,2024-04-11 15:47:00+00:00,2024-04-11 15:47:00+00:00,2024-04-11 15:57:00+00:00,2024-04-11 16:32:00+00:00,pullback_long_midday_e357dc47fc29,1,market,0.0,45,1,12,20,43800.0
452351,452352,452356,452356,closed,stop,20006.25,19994.25,20006.5,19994.0,19994.25,20026.25,-12.0,-12.5,-13.0,-260.0,10.0,0.5,5.0,5.0,13.75,2024-04-11 16:05:00+00:00,2024-04-11 16:05:00+00:00,2024-04-11 16:10:00+00:00,2024-04-11 16:50:00+00:00,pullback_long_midday_e357dc47fc29,1,market,0.0,45,1,12,20,43540.0
452357,452358,452377,452377,closed,stop,19997.5,19985.5,19997.75,19985.25,19985.5,20017.5,-12.0,-12.5,-13.0,-260.0,10.0,0.5,20.0,20.0,16.25,2024-04-11 16:11:00+00:00,2024-04-11 16:11:00+00:00,2024-04-11 16:31:00+00:00,2024-04-11 16:56:00+00:00,pullback_long_midday_e357dc47fc29,1,market,0.0,45,1,12,20,43280.0
452405,452406,452408,452408,closed,stop,20009.0,19997.0,20009.25,19996.75,19997.0,20029.0,-12.0,-12.5,-13.0,-260.0,10.0,0.5,3.0,3.0,25.75,2024-04-11 16:59:00+00:00,2024-04-11 16:59:00+00:00,2024-04-11 17:02:00+00:00,2024-04-11 17:44:00+00:00,pullback_long_midday_e357dc47fc29,1,market,0.0,45,1,12,20,43020.0
452408,452409,452410,452410,closed,target,20007.25,20027.25,20007.5,20027.0,19995.25,20027.25,20.0,19.5,19.0,380.0,10.0,0.5,2.0,2.0,11.5,2024-04-11 17:02:00+00:00,2024-04-11 17:02:00+00:00,2024-04-11 17:04:00+00:00,2024-04-11 17:47:00+00:00,pullback_long_midday_e357dc47fc29,1,market,0.0,45,1,12,20,43400.0
452430,452431,452448,452448,closed,stop,20101.25,20089.25,20101.5,20089.0,20089.25,20121.25,-12.0,-12.5,-13.0,-260.0,10.0,0.5,18.0,18.0,13.25,2024-04-11 17:24:00+00:00,2024-04-11 17:24:00+00:00,2024-04-11 17:42:00+00:00,2024-04-11 18:09:00+00:00,pullback_long_midday_e357dc47fc29,1,market,0.0,45,1,12,20,43140.0
452456,452457,452469,452469,closed,target,20125.75,20145.75,20126.0,20145.5,20113.75,20145.75,20.0,19.5,19.0,380.0,10.0,0.5,13.0,13.0,9.0,2024-04-11 17:50:00+00:00,2024-04-11 17:50:00+00:00,2024-04-11 18:03:00+00:00,2024-04-11 18:35:00+00:00,pullback_long_midday_e357dc47fc29,1,market,0.0,45,1,12,20,43520.0
453675,453676,453680,453680,closed,target,19932.75,19952.75,19933.0,19952.5,19920.75,19952.75,20.0,19.5,19.0,380.0,10.0,0.5,5.0,5.0,5.0,2024-04-12 15:25:00+00:00,2024-04-12 15:25:00+00:00,2024-04-12 15:30:00+00:00,2024-04-12 16:10:00+00:00,pullback_long_midday_e357dc47fc29,1,market,0.0,45,1,12,20,43900.0
453691,453692,453692,453692,closed,stop,19962.0,19950.0,19962.25,19949.75,19950.0,19982.0,-12.0,-12.5,-13.0,-260.0,10.0,0.5,1.0,1.0,13.25,2024-04-12 15:41:00+00:00,2024-04-12 15:41:00+00:00,2024-04-12 15:42:00+00:00,2024-04-12 16:26:00+00:00,pullback_long_midday_e357dc47fc29,1,market,0.0,45,1,12,20,43640.0
453694,453695,453698,453698,closed,target,19953.5,19973.5,19953.75,19973.25,19941.5,19973.5,20.0,19.5,19.0,380.0,10.0,0.5,4.0,4.0,2.0,2024-04-12 15:44:00+00:00,2024-04-12 15:44:00+00:00,2024-04-12 15:48:00+00:00,2024-04-12 16:29:00+00:00,pullback_long_midday_e357dc47fc29,1,market,0.0,45,1,12,20,44020.0
453816,453817,453818,453818,closed,target,19855.25,19875.25,19855.5,19875.0,19843.25,19875.25,20.0,19.5,19.0,380.0,10.0,0.5,2.0,2.0,4.0,2024-04-12 17:46:00+00:00,2024-04-12 17:46:00+00:00,2024-04-12 17:48:00+00:00,2024-04-12 18:31:00+00:00,pullback_long_midday_e357dc47fc29,1,market,0.0,45,1,12,20,44400.0
453824,453825,453830,453830,closed,stop,19866.0,19854.0,19866.25,19853.75,19854.0,19886.0,-12.0,-12.5,-13.0,-260.0,10.0,0.5,6.0,6.0,13.5,2024-04-12 17:54:00+00:00,2024-04-12 17:54:00+00:00,2024-04-12 18:00:00+00:00,2024-04-12 18:39:00+00:00,pullback_long_midday_e357dc47fc29,1,market,0.0,45,1,12,20,44140.0
455053,455054,455057,455057,closed,stop,19906.0,19894.0,19906.25,19893.75,19894.0,19926.0,-12.0,-12.5,-13.0,-260.0,10.0,0.5,4.0,4.0,15.75,2024-04-15 15:38:00+00:00,2024-04-15 15:38:00+00:00,2024-04-15 15:42:00+00:00,2024-04-15 16:23:00+00:00,pullback_long_midday_e357dc47fc29,1,market,0.0,45,1,12,20,43880.0
455059,455060,455068,455068,closed,target,19883.0,19903.0,19883.25,19902.75,19871.0,19903.0,20.0,19.5,19.0,380.0,10.0,0.5,9.0,9.0,9.25,2024-04-15 15:44:00+00:00,2024-04-15 15:44:00+00:00,2024-04-15 15:53:00+00:00,2024-04-15 16:29:00+00:00,pullback_long_midday_e357dc47fc29,1,market,0.0,45,1,12,20,44260.0
455084,455085,455092,455092,closed,stop,19908.75,19896.75,19909.0,19896.5,19896.75,19928.75,-12.0,-12.5,-13.0,-260.0,10.0,0.5,8.0,8.0,14.75,2024-04-15 16:09:00+00:00,2024-04-15 16:09:00+00:00,2024-04-15 16:17:00+00:00,2024-04-15 16:54:00+00:00,pullback_long_midday_e357dc47fc29,1,market,0.0,45,1,12,20,44000.0
456383,456384,456387,456387,closed,target,19560.0,19580.0,19560.25,19579.75,19548.0,19580.0,20.0,19.5,19.0,380.0,10.0,0.5,4.0,4.0,1.0,2024-04-16 15:03:00+00:00,2024-04-16 15:03:00+00:00,2024-04-16 15:07:00+00:00,2024-04-16 15:48:00+00:00,pullback_long_midday_e357dc47fc29,1,market,0.0,45,1,12,20,44380.0
456393,456394,456394,456394,closed,stop,19584.25,19572.25,19584.5,19572.0,19572.25,19604.25,-12.0,-12.5,-13.0,-260.0,10.0,0.5,1.0,1.0,14.25,2024-04-16 15:13:00+00:00,2024-04-16 15:13:00+00:00,2024-04-16 15:14:00+00:00,2024-04-16 15:58:00+00:00,pullback_long_midday_e357dc47fc29,1,market,0.0,45,1,12,20,44120.0
456397,456398,456404,456404,closed,target,19582.25,19602.25,19582.5,19602.0,19570.25,19602.25,20.0,19.5,19.0,380.0,10.0,0.5,7.0,7.0,11.25,2024-04-16 15:17:00+00:00,2024-04-16 15:17:00+00:00,2024-04-16 15:24:00+00:00,2024-04-16 16:02:00+00:00,pullback_long_midday_e357dc47fc29,1,market,0.0,45,1,12,20,44500.0
456415,456416,456418,456418,closed,stop,19595.75,19583.75,19596.0,19583.5,19583.75,19615.75,-12.0,-12.5,-13.0,-260.0,10.0,0.5,3.0,3.0,12.25,2024-04-16 15:35:00+00:00,2024-04-16 15:35:00+00:00,2024-04-16 15:38:00+00:00,2024-04-16 16:20:00+00:00,pullback_long_midday_e357dc47fc29,1,market,0.0,45,1,12,20,44240.0
456419,456420,456420,456420,closed,stop,19591.25,19579.25,19591.5,19579.0,19579.25,19611.25,-12.0,-12.5,-13.0,-260.0,10.0,0.5,1.0,1.0,14.0,2024-04-16 15:39:00+00:00,2024-04-16 15:39:00+00:00,2024-04-16 15:40:00+00:00,2024-04-16 16:24:00+00:00,pullback_long_midday_e357dc47fc29,1,market,0.0,45,1,12,20,43980.0
456493,456494,456495,456495,closed,stop,19618.0,19606.0,19618.25,19605.75,19606.0,19638.0,-12.0,-12.5,-13.0,-260.0,10.0,0.5,2.0,2.0,13.75,2024-04-16 16:53:00+00:00,2024-04-16 16:53:00+00:00,2024-04-16 16:55:00+00:00,2024-04-16 17:38:00+00:00,pullback_long_midday_e357dc47fc29,1,market,0.0,45,1,12,20,43720.0
456527,456528,456530,456530,closed,stop,19614.5,19602.5,19614.75,19602.25,19602.5,19634.5,-12.0,-12.5,-13.0,-260.0,10.0,0.5,3.0,3.0,30.75,2024-04-16 17:27:00+00:00,2024-04-16 17:27:00+00:00,2024-04-16 17:30:00+00:00,2024-04-16 18:12:00+00:00,pullback_long_midday_e357dc47fc29,1,market,0.0,45,1,12,20,43460.0
456551,456552,456552,456552,closed,stop,19567.5,19555.5,19567.75,19555.25,19555.5,19587.5,-12.0,-12.5,-13.0,-260.0,10.0,0.5,1.0,1.0,21.0,2024-04-16 17:51:00+00:00,2024-04-16 17:51:00+00:00,2024-04-16 17:52:00+00:00,2024-04-16 18:36:00+00:00,pullback_long_midday_e357dc47fc29,1,market,0.0,45,1,12,20,43200.0
457761,457762,457765,457765,closed,stop,19495.75,19483.75,19496.0,19483.5,19483.75,19515.75,-12.0,-12.5,-13.0,-260.0,10.0,0.5,4.0,4.0,23.25,2024-04-17 15:16:00+00:00,2024-04-17 15:16:00+00:00,2024-04-17 15:20:00+00:00,2024-04-17 16:01:00+00:00,pullback_long_midday_e357dc47fc29,1,market,0.0,45,1,12,20,42940.0
457880,457881,457882,457882,closed,target,19378.25,19398.25,19378.5,19398.0,19366.25,19398.25,20.0,19.5,19.0,380.0,10.0,0.5,2.0,2.0,2.25,2024-04-17 17:15:00+00:00,2024-04-17 17:15:00+00:00,2024-04-17 17:17:00+00:00,2024-04-17 18:00:00+00:00,pullback_long_midday_e357dc47fc29,1,market,0.0,45,1,12,20,43320.0
457884,457885,457887,457887,closed,target,19384.5,19404.5,19384.75,19404.25,19372.5,19404.5,20.0,19.5,19.0,380.0,10.0,0.5,3.0,3.0,1.75,2024-04-17 17:19:00+00:00,2024-04-17 17:19:00+00:00,2024-04-17 17:22:00+00:00,2024-04-17 18:04:00+00:00,pullback_long_midday_e357dc47fc29,1,market,0.0,45,1,12,20,43700.0
457888,457889,457890,457890,closed,stop,19396.0,19384.0,19396.25,19383.75,19384.0,19416.0,-12.0,-12.5,-13.0,-260.0,10.0,0.5,2.0,2.0,15.0,2024-04-17 17:23:00+00:00,2024-04-17 17:23:00+00:00,2024-04-17 17:25:00+00:00,2024-04-17 18:08:00+00:00,pullback_long_midday_e357dc47fc29,1,market,0.0,45,1,12,20,43440.0
457910,457911,457911,457911,closed,stop,19409.5,19397.5,19409.75,19397.25,19397.5,19429.5,-12.0,-12.5,-13.0,-260.0,10.0,0.5,1.0,1.0,15.75,2024-04-17 17:45:00+00:00,2024-04-17 17:45:00+00:00,2024-04-17 17:46:00+00:00,2024-04-17 18:30:00+00:00,pullback_long_midday_e357dc47fc29,1,market,0.0,45,1,12,20,43180.0
457920,457921,457937,457937,closed,stop,19424.25,19412.25,19424.5,19412.0,19412.25,19444.25,-12.0,-12.5,-13.0,-260.0,10.0,0.5,17.0,17.0,23.0,2024-04-17 17:55:00+00:00,2024-04-17 17:55:00+00:00,2024-04-17 18:12:00+00:00,2024-04-17 18:40:00+00:00,pullback_long_midday_e357dc47fc29,1,market,0.0,45,1,12,20,42920.0
459110,459111,459115,459115,closed,stop,19405.5,19393.5,19405.75,19393.25,19393.5,19425.5,-12.0,-12.5,-13.0,-260.0,10.0,0.5,5.0,5.0,18.5,2024-04-18 15:00:00+00:00,2024-04-18 15:00:00+00:00,2024-04-18 15:05:00+00:00,2024-04-18 15:45:00+00:00,pullback_long_midday_e357dc47fc29,1,market,0.0,45,1,12,20,42660.0
459125,459126,459128,459128,closed,target,19415.25,19435.25,19415.5,19435.0,19403.25,19435.25,20.0,19.5,19.0,380.0,10.0,0.5,3.0,3.0,2.75,2024-04-18 15:15:00+00:00,2024-04-18 15:15:00+00:00,2024-04-18 15:18:00+00:00,2024-04-18 16:00:00+00:00,pullback_long_midday_e357dc47fc29,1,market,0.0,45,1,12,20,43040.0
459131,459132,459139,459139,closed,stop,19428.75,19416.75,19429.0,19416.5,19416.75,19448.75,-12.0,-12.5,-13.0,-260.0,10.0,0.5,8.0,8.0,17.25,2024-04-18 15:21:00+00:00,2024-04-18 15:21:00+00:00,2024-04-18 15:29:00+00:00,2024-04-18 16:06:00+00:00,pullback_long_midday_e357dc47fc29,1,market,0.0,45,1,12,20,42780.0
460584,460585,460586,460586,closed,target,18935.25,18955.25,18935.5,18955.0,18923.25,18955.25,20.0,19.5,19.0,380.0,10.0,0.5,2.0,2.0,2.5,2024-04-19 16:49:00+00:00,2024-04-19 16:49:00+00:00,2024-04-19 16:51:00+00:00,2024-04-19 17:34:00+00:00,pullback_long_midday_e357dc47fc29,1,market,0.0,45,1,12,20,43160.0
460591,460592,460596,460596,closed,target,18961.5,18981.5,18961.75,18981.25,18949.5,18981.5,20.0,19.5,19.0,380.0,10.0,0.5,5.0,5.0,6.5,2024-04-19 16:56:00+00:00,2024-04-19 16:56:00+00:00,2024-04-19 17:01:00+00:00,2024-04-19 17:41:00+00:00,pullback_long_midday_e357dc47fc29,1,market,0.0,45,1,12,20,43540.0
460598,460599,460613,460613,closed,target,18979.25,18999.25,18979.5,18999.0,18967.25,18999.25,20.0,19.5,19.0,380.0,10.0,0.5,15.0,15.0,9.75,2024-04-19 17:03:00+00:00,2024-04-19 17:03:00+00:00,2024-04-19 17:18:00+00:00,2024-04-19 17:48:00+00:00,pullback_long_midday_e357dc47fc29,1,market,0.0,45,1,12,20,43920.0
460654,460655,460656,460656,closed,stop,18989.0,18977.0,18989.25,18976.75,18977.0,19009.0,-12.0,-12.5,-13.0,-260.0,10.0,0.5,2.0,2.0,32.75,2024-04-19 17:59:00+00:00,2024-04-19 17:59:00+00:00,2024-04-19 18:01:00+00:00,2024-04-19 18:44:00+00:00,pullback_long_midday_e357dc47fc29,1,market,0.0,45,1,12,20,43660.0
461887,461888,461894,461894,closed,target,18913.0,18933.0,18913.25,18932.75,18901.0,18933.0,20.0,19.5,19.0,380.0,10.0,0.5,7.0,7.0,8.0,2024-04-22 15:47:00+00:00,2024-04-22 15:47:00+00:00,2024-04-22 15:54:00+00:00,2024-04-22 16:32:00+00:00,pullback_long_midday_e357dc47fc29,1,market,0.0,45,1,12,20,44040.0
461899,461900,461901,461901,closed,target,18935.75,18955.75,18936.0,18955.5,18923.75,18955.75,20.0,19.5,19.0,380.0,10.0,0.5,2.0,2.0,1.75,2024-04-22 15:59:00+00:00,2024-04-22 15:59:00+00:00,2024-04-22 16:01:00+00:00,2024-04-22 16:44:00+00:00,pullback_long_midday_e357dc47fc29,1,market,0.0,45,1,12,20,44420.0
461903,461904,461916,461916,closed,target,18944.75,18964.75,18945.0,18964.5,18932.75,18964.75,20.0,19.5,19.0,380.0,10.0,0.5,13.0,13.0,5.0,2024-04-22 16:03:00+00:00,2024-04-22 16:03:00+00:00,2024-04-22 16:16:00+00:00,2024-04-22 16:48:00+00:00,pullback_long_midday_e357dc47fc29,1,market,0.0,45,1,12,20,44800.0
461921,461922,461925,461925,closed,stop,18970.5,18958.5,18970.75,18958.25,18958.5,18990.5,-12.0,-12.5,-13.0,-260.0,10.0,0.5,4.0,4.0,19.75,2024-04-22 16:21:00+00:00,2024-04-22 16:21:00+00:00,2024-04-22 16:25:00+00:00,2024-04-22 17:06:00+00:00,pullback_long_midday_e357dc47fc29,1,market,0.0,45,1,12,20,44540.0
461953,461954,461964,461964,closed,target,18957.75,18977.75,18958.0,18977.5,18945.75,18977.75,20.0,19.5,19.0,380.0,10.0,0.5,11.0,11.0,6.75,2024-04-22 16:53:00+00:00,2024-04-22 16:53:00+00:00,2024-04-22 17:04:00+00:00,2024-04-22 17:38:00+00:00,pullback_long_midday_e357dc47fc29,1,market,0.0,45,1,12,20,44920.0
461977,461978,461987,461987,closed,target,19002.0,19022.0,19002.25,19021.75,18990.0,19022.0,20.0,19.5,19.0,380.0,10.0,0.5,10.0,10.0,4.5,2024-04-22 17:17:00+00:00,2024-04-22 17:17:00+00:00,2024-04-22 17:27:00+00:00,2024-04-22 18:02:00+00:00,pullback_long_midday_e357dc47fc29,1,market,0.0,45,1,12,20,45300.0
461999,462000,462009,462009,closed,target,19044.5,19064.5,19044.75,19064.25,19032.5,19064.5,20.0,19.5,19.0,380.0,10.0,0.5,10.0,10.0,4.75,2024-04-22 17:39:00+00:00,2024-04-22 17:39:00+00:00,2024-04-22 17:49:00+00:00,2024-04-22 18:24:00+00:00,pullback_long_midday_e357dc47fc29,1,market,0.0,45,1,12,20,45680.0
462018,462019,462026,462026,closed,stop,19090.25,19078.25,19090.5,19078.0,19078.25,19110.25,-12.0,-12.5,-13.0,-260.0,10.0,0.5,8.0,8.0,13.0,2024-04-22 17:58:00+00:00,2024-04-22 17:58:00+00:00,2024-04-22 18:06:00+00:00,2024-04-22 18:43:00+00:00,pullback_long_midday_e357dc47fc29,1,market,0.0,45,1,12,20,45420.0
463237,463238,463238,463238,closed,stop,19292.75,19280.75,19293.0,19280.5,19280.75,19312.75,-12.0,-12.5,-13.0,-260.0,10.0,0.5,1.0,1.0,23.75,2024-04-23 15:32:00+00:00,2024-04-23 15:32:00+00:00,2024-04-23 15:33:00+00:00,2024-04-23 16:17:00+00:00,pullback_long_midday_e357dc47fc29,1,market,0.0,45,1,12,20,45160.0
463241,463242,463243,463243,closed,stop,19289.0,19277.0,19289.25,19276.75,19277.0,19309.0,-12.0,-12.5,-13.0,-260.0,10.0,0.5,2.0,2.0,14.5,2024-04-23 15:36:00+00:00,2024-04-23 15:36:00+00:00,2024-04-23 15:38:00+00:00,2024-04-23 16:21:00+00:00,pullback_long_midday_e357dc47fc29,1,market,0.0,45,1,12,20,44900.0
463244,463245,463247,463247,closed,stop,19288.0,19276.0,19288.25,19275.75,19276.0,19308.0,-12.0,-12.5,-13.0,-260.0,10.0,0.5,3.0,3.0,13.25,2024-04-23 15:39:00+00:00,2024-04-23 15:39:00+00:00,2024-04-23 15:42:00+00:00,2024-04-23 16:24:00+00:00,pullback_long_midday_e357dc47fc29,1,market,0.0,45,1,12,20,44640.0
463285,463286,463321,463321,closed,stop,19295.75,19283.75,19296.0,19283.5,19283.75,19315.75,-12.0,-12.5,-13.0,-260.0,10.0,0.5,36.0,36.0,23.75,2024-04-23 16:20:00+00:00,2024-04-23 16:20:00+00:00,2024-04-23 16:56:00+00:00,2024-04-23 17:05:00+00:00,pullback_long_midday_e357dc47fc29,1,market,0.0,45,1,12,20,44380.0
463360,463361,463369,463369,closed,target,19291.0,19311.0,19291.25,19310.75,19279.0,19311.0,20.0,19.5,19.0,380.0,10.0,0.5,9.0,9.0,5.75,2024-04-23 17:35:00+00:00,2024-04-23 17:35:00+00:00,2024-04-23 17:44:00+00:00,2024-04-23 18:20:00+00:00,pullback_long_midday_e357dc47fc29,1,market,0.0,45,1,12,20,44760.0
463372,463373,463382,463382,closed,target,19313.75,19333.75,19314.0,19333.5,19301.75,19333.75,20.0,19.5,19.0,380.0,10.0,0.5,10.0,10.0,1.5,2024-04-23 17:47:00+00:00,2024-04-23 17:47:00+00:00,2024-04-23 17:57:00+00:00,2024-04-23 18:32:00+00:00,pullback_long_midday_e357dc47fc29,1,market,0.0,45,1,12,20,45140.0
464608,464609,464613,464613,closed,stop,19364.5,19352.5,19364.75,19352.25,19352.5,19384.5,-12.0,-12.5,-13.0,-260.0,10.0,0.5,5.0,5.0,13.25,2024-04-24 15:38:00+00:00,2024-04-24 15:38:00+00:00,2024-04-24 15:43:00+00:00,2024-04-24 16:23:00+00:00,pullback_long_midday_e357dc47fc29,1,market,0.0,45,1,12,20,44880.0
464687,464688,464690,464690,closed,target,19297.75,19317.75,19298.0,19317.5,19285.75,19317.75,20.0,19.5,19.0,380.0,10.0,0.5,3.0,3.0,0.75,2024-04-24 16:57:00+00:00,2024-04-24 16:57:00+00:00,2024-04-24 17:00:00+00:00,2024-04-24 17:42:00+00:00,pullback_long_midday_e357dc47fc29,1,market,0.0,45,1,12,20,45260.0
464694,464695,464710,464710,closed,target,19310.5,19330.5,19310.75,19330.25,19298.5,19330.5,20.0,19.5,19.0,380.0,10.0,0.5,16.0,16.0,7.75,2024-04-24 17:04:00+00:00,2024-04-24 17:04:00+00:00,2024-04-24 17:20:00+00:00,2024-04-24 17:49:00+00:00,pullback_long_midday_e357dc47fc29,1,market,0.0,45,1,12,20,45640.0
464712,464713,464716,464716,closed,target,19326.0,19346.0,19326.25,19345.75,19314.0,19346.0,20.0,19.5,19.0,380.0,10.0,0.5,4.0,4.0,1.5,2024-04-24 17:22:00+00:00,2024-04-24 17:22:00+00:00,2024-04-24 17:26:00+00:00,2024-04-24 18:07:00+00:00,pullback_long_midday_e357dc47fc29,1,market,0.0,45,1,12,20,46020.0
464725,464726,464729,464729,closed,target,19359.5,19379.5,19359.75,19379.25,19347.5,19379.5,20.0,19.5,19.0,380.0,10.0,0.5,4.0,4.0,6.25,2024-04-24 17:35:00+00:00,2024-04-24 17:35:00+00:00,2024-04-24 17:39:00+00:00,2024-04-24 18:20:00+00:00,pullback_long_midday_e357dc47fc29,1,market,0.0,45,1,12,20,46400.0
464731,464732,464738,464738,closed,target,19371.75,19391.75,19372.0,19391.5,19359.75,19391.75,20.0,19.5,19.0,380.0,10.0,0.5,7.0,7.0,0.25,2024-04-24 17:41:00+00:00,2024-04-24 17:41:00+00:00,2024-04-24 17:48:00+00:00,2024-04-24 18:26:00+00:00,pullback_long_midday_e357dc47fc29,1,market,0.0,45,1,12,20,46780.0
464742,464743,464756,464756,closed,stop,19382.75,19370.75,19383.0,19370.5,19370.75,19402.75,-12.0,-12.5,-13.0,-260.0,10.0,0.5,14.0,14.0,23.25,2024-04-24 17:52:00+00:00,2024-04-24 17:52:00+00:00,2024-04-24 18:06:00+00:00,2024-04-24 18:37:00+00:00,pullback_long_midday_e357dc47fc29,1,market,0.0,45,1,12,20,46520.0
465945,465946,465952,465952,closed,stop,19075.25,19063.25,19075.5,19063.0,19063.25,19095.25,-12.0,-12.5,-13.0,-260.0,10.0,0.5,7.0,7.0,20.25,2024-04-25 15:10:00+00:00,2024-04-25 15:10:00+00:00,2024-04-25 15:17:00+00:00,2024-04-25 15:55:00+00:00,pullback_long_midday_e357dc47fc29,1,market,0.0,45,1,12,20,46260.0
465955,465956,465964,465964,closed,target,19064.75,19084.75,19065.0,19084.5,19052.75,19084.75,20.0,19.5,19.0,380.0,10.0,0.5,9.0,9.0,5.25,2024-04-25 15:20:00+00:00,2024-04-25 15:20:00+00:00,2024-04-25 15:29:00+00:00,2024-04-25 16:05:00+00:00,pullback_long_midday_e357dc47fc29,1,market,0.0,45,1,12,20,46640.0
465989,465990,465990,465990,closed,target,19073.0,19093.0,19073.25,19092.75,19061.0,19093.0,20.0,19.5,19.0,380.0,10.0,0.5,1.0,1.0,0.25,2024-04-25 15:54:00+00:00,2024-04-25 15:54:00+00:00,2024-04-25 15:55:00+00:00,2024-04-25 16:39:00+00:00,pullback_long_midday_e357dc47fc29,1,market,0.0,45,1,12,20,47020.0
466007,466008,466014,466014,closed,target,19110.5,19130.5,19110.75,19130.25,19098.5,19130.5,20.0,19.5,19.0,380.0,10.0,0.5,7.0,7.0,10.5,2024-04-25 16:12:00+00:00,2024-04-25 16:12:00+00:00,2024-04-25 16:19:00+00:00,2024-04-25 16:57:00+00:00,pullback_long_midday_e357dc47fc29,1,market,0.0,45,1,12,20,47400.0
466016,466017,466017,466017,closed,target,19131.25,19151.25,19131.5,19151.0,19119.25,19151.25,20.0,19.5,19.0,380.0,10.0,0.5,1.0,1.0,0.5,2024-04-25 16:21:00+00:00,2024-04-25 16:21:00+00:00,2024-04-25 16:22:00+00:00,2024-04-25 17:06:00+00:00,pullback_long_midday_e357dc47fc29,1,market,0.0,45,1,12,20,47780.0
466027,466028,466042,466042,closed,target,19147.5,19167.5,19147.75,19167.25,19135.5,19167.5,20.0,19.5,19.0,380.0,10.0,0.5,15.0,15.0,9.75,2024-04-25 16:32:00+00:00,2024-04-25 16:32:00+00:00,2024-04-25 16:47:00+00:00,2024-04-25 17:17:00+00:00,pullback_long_midday_e357dc47fc29,1,market,0.0,45,1,12,20,48160.0
466058,466059,466060,466060,closed,target,19190.0,19210.0,19190.25,19209.75,19178.0,19210.0,20.0,19.5,19.0,380.0,10.0,0.5,2.0,2.0,0.25,2024-04-25 17:03:00+00:00,2024-04-25 17:03:00+00:00,2024-04-25 17:05:00+00:00,2024-04-25 17:48:00+00:00,pullback_long_midday_e357dc47fc29,1,market,0.0,45,1,12,20,48540.0
466061,466062,466063,466063,closed,stop,19202.0,19190.0,19202.25,19189.75,19190.0,19222.0,-12.0,-12.5,-13.0,-260.0,10.0,0.5,2.0,2.0,19.5,2024-04-25 17:06:00+00:00,2024-04-25 17:06:00+00:00,2024-04-25 17:08:00+00:00,2024-04-25 17:51:00+00:00,pullback_long_midday_e357dc47fc29,1,market,0.0,45,1,12,20,48280.0
466101,466102,466104,466104,closed,target,19233.25,19253.25,19233.5,19253.0,19221.25,19253.25,20.0,19.5,19.0,380.0,10.0,0.5,3.0,3.0,2.0,2024-04-25 17:46:00+00:00,2024-04-25 17:46:00+00:00,2024-04-25 17:49:00+00:00,2024-04-25 18:31:00+00:00,pullback_long_midday_e357dc47fc29,1,market,0.0,45,1,12,20,48660.0
466106,466107,466129,466129,closed,target,19255.0,19275.0,19255.25,19274.75,19243.0,19275.0,20.0,19.5,19.0,380.0,10.0,0.5,23.0,23.0,9.75,2024-04-25 17:51:00+00:00,2024-04-25 17:51:00+00:00,2024-04-25 18:14:00+00:00,2024-04-25 18:36:00+00:00,pullback_long_midday_e357dc47fc29,1,market,0.0,45,1,12,20,49040.0
467308,467309,467310,467310,closed,stop,19564.5,19552.5,19564.75,19552.25,19552.5,19584.5,-12.0,-12.5,-13.0,-260.0,10.0,0.5,2.0,2.0,12.75,2024-04-26 15:08:00+00:00,2024-04-26 15:08:00+00:00,2024-04-26 15:10:00+00:00,2024-04-26 15:53:00+00:00,pullback_long_midday_e357dc47fc29,1,market,0.0,45,1,12,20,48780.0
467332,467333,467334,467334,closed,stop,19534.75,19522.75,19535.0,19522.5,19522.75,19554.75,-12.0,-12.5,-13.0,-260.0,10.0,0.5,2.0,2.0,14.75,2024-04-26 15:32:00+00:00,2024-04-26 15:32:00+00:00,2024-04-26 15:34:00+00:00,2024-04-26 16:17:00+00:00,pullback_long_midday_e357dc47fc29,1,market,0.0,45,1,12,20,48520.0
467348,467349,467354,467354,closed,stop,19555.75,19543.75,19556.0,19543.5,19543.75,19575.75,-12.0,-12.5,-13.0,-260.0,10.0,0.5,6.0,6.0,20.0,2024-04-26 15:48:00+00:00,2024-04-26 15:48:00+00:00,2024-04-26 15:54:00+00:00,2024-04-26 16:33:00+00:00,pullback_long_midday_e357dc47fc29,1,market,0.0,45,1,12,20,48260.0
467359,467360,467361,467361,closed,stop,19546.75,19534.75,19547.0,19534.5,19534.75,19566.75,-12.0,-12.5,-13.0,-260.0,10.0,0.5,2.0,2.0,26.5,2024-04-26 15:59:00+00:00,2024-04-26 15:59:00+00:00,2024-04-26 16:01:00+00:00,2024-04-26 16:44:00+00:00,pullback_long_midday_e357dc47fc29,1,market,0.0,45,1,12,20,48000.0
467388,467389,467400,467400,closed,target,19540.25,19560.25,19540.5,19560.0,19528.25,19560.25,20.0,19.5,19.0,380.0,10.0,0.5,12.0,12.0,11.0,2024-04-26 16:28:00+00:00,2024-04-26 16:28:00+00:00,2024-04-26 16:40:00+00:00,2024-04-26 17:13:00+00:00,pullback_long_midday_e357dc47fc29,1,market,0.0,45,1,12,20,48380.0
467405,467406,467421,467421,closed,target,19557.0,19577.0,19557.25,19576.75,19545.0,19577.0,20.0,19.5,19.0,380.0,10.0,0.5,16.0,16.0,2.75,2024-04-26 16:45:00+00:00,2024-04-26 16:45:00+00:00,2024-04-26 17:01:00+00:00,2024-04-26 17:30:00+00:00,pullback_long_midday_e357dc47fc29,1,market,0.0,45,1,12,20,48760.0
467423,467424,467462,467462,closed,stop,19576.0,19564.0,19576.25,19563.75,19564.0,19596.0,-12.0,-12.5,-13.0,-260.0,10.0,0.5,39.0,39.0,20.75,2024-04-26 17:03:00+00:00,2024-04-26 17:03:00+00:00,2024-04-26 17:42:00+00:00,2024-04-26 17:48:00+00:00,pullback_long_midday_e357dc47fc29,1,market,0.0,45,1,12,20,48500.0
468691,468692,468696,468696,closed,stop,19573.5,19561.5,19573.75,19561.25,19561.5,19593.5,-12.0,-12.5,-13.0,-260.0,10.0,0.5,5.0,5.0,13.75,2024-04-29 15:26:00+00:00,2024-04-29 15:26:00+00:00,2024-04-29 15:31:00+00:00,2024-04-29 16:11:00+00:00,pullback_long_midday_e357dc47fc29,1,market,0.0,45,1,12,20,48240.0
468745,468746,468767,468767,closed,stop,19593.75,19581.75,19594.0,19581.5,19581.75,19613.75,-12.0,-12.5,-13.0,-260.0,10.0,0.5,22.0,22.0,16.25,2024-04-29 16:20:00+00:00,2024-04-29 16:20:00+00:00,2024-04-29 16:42:00+00:00,2024-04-29 17:05:00+00:00,pullback_long_midday_e357dc47fc29,1,market,0.0,45,1,12,20,47980.0
468771,468772,468778,468778,closed,stop,19599.0,19587.0,19599.25,19586.75,19587.0,19619.0,-12.0,-12.5,-13.0,-260.0,10.0,0.5,7.0,7.0,13.25,2024-04-29 16:46:00+00:00,2024-04-29 16:46:00+00:00,2024-04-29 16:53:00+00:00,2024-04-29 17:31:00+00:00,pullback_long_midday_e357dc47fc29,1,market,0.0,45,1,12,20,47720.0
468818,468819,468846,468846,closed,stop,19614.5,19602.5,19614.75,19602.25,19602.5,19634.5,-12.0,-12.5,-13.0,-260.0,10.0,0.5,28.0,28.0,25.5,2024-04-29 17:33:00+00:00,2024-04-29 17:33:00+00:00,2024-04-29 18:01:00+00:00,2024-04-29 18:18:00+00:00,pullback_long_midday_e357dc47fc29,1,market,0.0,45,1,12,20,47460.0
470093,470094,470096,470096,closed,stop,19451.0,19439.0,19451.25,19438.75,19439.0,19471.0,-12.0,-12.5,-13.0,-260.0,10.0,0.5,3.0,3.0,17.0,2024-04-30 16:03:00+00:00,2024-04-30 16:03:00+00:00,2024-04-30 16:06:00+00:00,2024-04-30 16:48:00+00:00,pullback_long_midday_e357dc47fc29,1,market,0.0,45,1,12,20,47200.0
470116,470117,470121,470121,closed,stop,19461.75,19449.75,19462.0,19449.5,19449.75,19481.75,-12.0,-12.5,-13.0,-260.0,10.0,0.5,5.0,5.0,21.0,2024-04-30 16:26:00+00:00,2024-04-30 16:26:00+00:00,2024-04-30 16:31:00+00:00,2024-04-30 17:11:00+00:00,pullback_long_midday_e357dc47fc29,1,market,0.0,45,1,12,20,46940.0
470157,470158,470160,470160,closed,stop,19405.5,19393.5,19405.75,19393.25,19393.5,19425.5,-12.0,-12.5,-13.0,-260.0,10.0,0.5,3.0,3.0,12.5,2024-04-30 17:07:00+00:00,2024-04-30 17:07:00+00:00,2024-04-30 17:10:00+00:00,2024-04-30 17:52:00+00:00,pullback_long_midday_e357dc47fc29,1,market,0.0,45,1,12,20,46680.0
470199,470200,470202,470202,closed,target,19402.75,19422.75,19403.0,19422.5,19390.75,19422.75,20.0,19.5,19.0,380.0,10.0,0.5,3.0,3.0,1.0,2024-04-30 17:49:00+00:00,2024-04-30 17:49:00+00:00,2024-04-30 17:52:00+00:00,2024-04-30 18:34:00+00:00,pullback_long_midday_e357dc47fc29,1,market,0.0,45,1,12,20,47060.0
471442,471443,471443,471443,closed,stop,19170.5,19158.5,19170.75,19158.25,19158.5,19190.5,-12.0,-12.5,-13.0,-260.0,10.0,0.5,1.0,1.0,15.25,2024-05-01 15:47:00+00:00,2024-05-01 15:47:00+00:00,2024-05-01 15:48:00+00:00,2024-05-01 16:32:00+00:00,pullback_long_midday_e357dc47fc29,1,market,0.0,45,1,12,20,46800.0
471478,471479,471490,471490,closed,stop,19148.5,19136.5,19148.75,19136.25,19136.5,19168.5,-12.0,-12.5,-13.0,-260.0,10.0,0.5,12.0,12.0,15.25,2024-05-01 16:23:00+00:00,2024-05-01 16:23:00+00:00,2024-05-01 16:35:00+00:00,2024-05-01 17:08:00+00:00,pullback_long_midday_e357dc47fc29,1,market,0.0,45,1,12,20,46540.0
471543,471544,471552,471552,closed,target,19137.5,19157.5,19137.75,19157.25,19125.5,19157.5,20.0,19.5,19.0,380.0,10.0,0.5,9.0,9.0,2.75,2024-05-01 17:28:00+00:00,2024-05-01 17:28:00+00:00,2024-05-01 17:37:00+00:00,2024-05-01 18:13:00+00:00,pullback_long_midday_e357dc47fc29,1,market,0.0,45,1,12,20,46920.0
471561,471562,471569,471569,closed,target,19143.25,19163.25,19143.5,19163.0,19131.25,19163.25,20.0,19.5,19.0,380.0,10.0,0.5,8.0,8.0,0.75,2024-05-01 17:46:00+00:00,2024-05-01 17:46:00+00:00,2024-05-01 17:54:00+00:00,2024-05-01 18:31:00+00:00,pullback_long_midday_e357dc47fc29,1,market,0.0,45,1,12,20,47300.0
472766,472767,472768,472768,closed,target,19225.5,19245.5,19225.75,19245.25,19213.5,19245.5,20.0,19.5,19.0,380.0,10.0,0.5,2.0,2.0,4.25,2024-05-02 15:07:00+00:00,2024-05-02 15:07:00+00:00,2024-05-02 15:09:00+00:00,2024-05-02 15:52:00+00:00,pullback_long_midday_e357dc47fc29,1,market,0.0,45,1,12,20,47680.0
472773,472774,472782,472782,closed,stop,19247.25,19235.25,19247.5,19235.0,19235.25,19267.25,-12.0,-12.5,-13.0,-260.0,10.0,0.5,9.0,9.0,19.5,2024-05-02 15:14:00+00:00,2024-05-02 15:14:00+00:00,2024-05-02 15:23:00+00:00,2024-05-02 15:59:00+00:00,pullback_long_midday_e357dc47fc29,1,market,0.0,45,1,12,20,47420.0
472826,472827,472829,472829,closed,stop,19248.0,19236.0,19248.25,19235.75,19236.0,19268.0,-12.0,-12.5,-13.0,-260.0,10.0,0.5,3.0,3.0,18.75,2024-05-02 16:07:00+00:00,2024-05-02 16:07:00+00:00,2024-05-02 16:10:00+00:00,2024-05-02 16:52:00+00:00,pullback_long_midday_e357dc47fc29,1,market,0.0,45,1,12,20,47160.0
472876,472877,472884,472884,closed,target,19218.25,19238.25,19218.5,19238.0,19206.25,19238.25,20.0,19.5,19.0,380.0,10.0,0.5,8.0,8.0,11.25,2024-05-02 16:57:00+00:00,2024-05-02 16:57:00+00:00,2024-05-02 17:05:00+00:00,2024-05-02 17:42:00+00:00,pullback_long_midday_e357dc47fc29,1,market,0.0,45,1,12,20,47540.0
472891,472892,472893,472893,closed,target,19254.5,19274.5,19254.75,19274.25,19242.5,19274.5,20.0,19.5,19.0,380.0,10.0,0.5,2.0,2.0,2.0,2024-05-02 17:12:00+00:00,2024-05-02 17:12:00+00:00,2024-05-02 17:14:00+00:00,2024-05-02 17:57:00+00:00,pullback_long_midday_e357dc47fc29,1,market,0.0,45,1,12,20,47920.0
472917,472918,472921,472921,closed,stop,19288.25,19276.25,19288.5,19276.0,19276.25,19308.25,-12.0,-12.5,-13.0,-260.0,10.0,0.5,4.0,4.0,18.25,2024-05-02 17:38:00+00:00,2024-05-02 17:38:00+00:00,2024-05-02 17:42:00+00:00,2024-05-02 18:23:00+00:00,pullback_long_midday_e357dc47fc29,1,market,0.0,45,1,12,20,47660.0
472923,472924,472946,472946,closed,target,19285.0,19305.0,19285.25,19304.75,19273.0,19305.0,20.0,19.5,19.0,380.0,10.0,0.5,23.0,23.0,10.0,2024-05-02 17:44:00+00:00,2024-05-02 17:44:00+00:00,2024-05-02 18:07:00+00:00,2024-05-02 18:29:00+00:00,pullback_long_midday_e357dc47fc29,1,market,0.0,45,1,12,20,48040.0
474164,474165,474182,474182,closed,target,19675.25,19695.25,19675.5,19695.0,19663.25,19695.25,20.0,19.5,19.0,380.0,10.0,0.5,18.0,18.0,10.25,2024-05-03 15:40:00+00:00,2024-05-03 15:40:00+00:00,2024-05-03 15:58:00+00:00,2024-05-03 16:25:00+00:00,pullback_long_midday_e357dc47fc29,1,market,0.0,45,1,12,20,48420.0
474261,474262,474276,474276,closed,stop,19690.5,19678.5,19690.75,19678.25,19678.5,19710.5,-12.0,-12.5,-13.0,-260.0,10.0,0.5,15.0,15.0,17.0,2024-05-03 17:17:00+00:00,2024-05-03 17:17:00+00:00,2024-05-03 17:32:00+00:00,2024-05-03 18:02:00+00:00,pullback_long_midday_e357dc47fc29,1,market,0.0,45,1,12,20,48160.0
475523,475524,475536,475536,closed,target,19793.0,19813.0,19793.25,19812.75,19781.0,19813.0,20.0,19.5,19.0,380.0,10.0,0.5,13.0,13.0,0.25,2024-05-06 15:34:00+00:00,2024-05-06 15:34:00+00:00,2024-05-06 15:47:00+00:00,2024-05-06 16:19:00+00:00,pullback_long_midday_e357dc47fc29,1,market,0.0,45,1,12,20,48540.0
475539,475540,475550,475550,closed,stop,19808.75,19796.75,19809.0,19796.5,19796.75,19828.75,-12.0,-12.5,-13.0,-260.0,10.0,0.5,11.0,11.0,12.75,2024-05-06 15:50:00+00:00,2024-05-06 15:50:00+00:00,2024-05-06 16:01:00+00:00,2024-05-06 16:35:00+00:00,pullback_long_midday_e357dc47fc29,1,market,0.0,45,1,12,20,48280.0
475598,475599,475602,475602,closed,stop,19800.5,19788.5,19800.75,19788.25,19788.5,19820.5,-12.0,-12.5,-13.0,-260.0,10.0,0.5,4.0,4.0,13.75,2024-05-06 16:49:00+00:00,2024-05-06 16:49:00+00:00,2024-05-06 16:53:00+00:00,2024-05-06 17:34:00+00:00,pullback_long_midday_e357dc47fc29,1,market,0.0,45,1,12,20,48020.0
475623,475624,475654,475654,closed,target,19796.75,19816.75,19797.0,19816.5,19784.75,19816.75,20.0,19.5,19.0,380.0,10.0,0.5,31.0,31.0,10.25,2024-05-06 17:14:00+00:00,2024-05-06 17:14:00+00:00,2024-05-06 17:45:00+00:00,2024-05-06 17:59:00+00:00,pullback_long_midday_e357dc47fc29,1,market,0.0,45,1,12,20,48400.0
475660,475661,475696,475696,closed,target,19819.5,19839.5,19819.75,19839.25,19807.5,19839.5,20.0,19.5,19.0,380.0,10.0,0.5,36.0,36.0,2.5,2024-05-06 17:51:00+00:00,2024-05-06 17:51:00+00:00,2024-05-06 18:27:00+00:00,2024-05-06 18:36:00+00:00,pullback_long_midday_e357dc47fc29,1,market,0.0,45,1,12,20,48780.0
476859,476860,476886,476886,closed,stop,19945.5,19933.5,19945.75,19933.25,19933.5,19965.5,-12.0,-12.5,-13.0,-260.0,10.0,0.5,27.0,27.0,16.0,2024-05-07 15:07:00+00:00,2024-05-07 15:07:00+00:00,2024-05-07 15:34:00+00:00,2024-05-07 15:52:00+00:00,pullback_long_midday_e357dc47fc29,1,market,0.0,45,1,12,20,48520.0
476905,476906,476947,476947,closed,stop,19948.5,19936.5,19948.75,19936.25,19936.5,19968.5,-12.0,-12.5,-13.0,-260.0,10.0,0.5,42.0,42.0,16.5,2024-05-07 15:53:00+00:00,2024-05-07 15:53:00+00:00,2024-05-07 16:35:00+00:00,2024-05-07 16:38:00+00:00,pullback_long_midday_e357dc47fc29,1,market,0.0,45,1,12,20,48260.0
476988,476989,477005,477005,closed,target,19938.75,19958.75,19939.0,19958.5,19926.75,19958.75,20.0,19.5,19.0,380.0,10.0,0.5,17.0,17.0,10.5,2024-05-07 17:16:00+00:00,2024-05-07 17:16:00+00:00,2024-05-07 17:33:00+00:00,2024-05-07 18:01:00+00:00,pullback_long_midday_e357dc47fc29,1,market,0.0,45,1,12,20,48640.0
477008,477009,477013,477013,closed,stop,19947.5,19935.5,19947.75,19935.25,19935.5,19967.5,-12.0,-12.5,-13.0,-260.0,10.0,0.5,5.0,5.0,14.0,2024-05-07 17:36:00+00:00,2024-05-07 17:36:00+00:00,2024-05-07 17:41:00+00:00,2024-05-07 18:21:00+00:00,pullback_long_midday_e357dc47fc29,1,market,0.0,45,1,12,20,48380.0
478217,478218,478221,478221,closed,stop,19917.0,19905.0,19917.25,19904.75,19905.0,19937.0,-12.0,-12.5,-13.0,-260.0,10.0,0.5,4.0,4.0,13.0,2024-05-08 15:01:00+00:00,2024-05-08 15:01:00+00:00,2024-05-08 15:05:00+00:00,2024-05-08 15:46:00+00:00,pullback_long_midday_e357dc47fc29,1,market,0.0,45,1,12,20,48120.0
478253,478254,478260,478260,closed,stop,19882.25,19870.25,19882.5,19870.0,19870.25,19902.25,-12.0,-12.5,-13.0,-260.0,10.0,0.5,7.0,7.0,12.25,2024-05-08 15:37:00+00:00,2024-05-08 15:37:00+00:00,2024-05-08 15:44:00+00:00,2024-05-08 16:22:00+00:00,pullback_long_midday_e357dc47fc29,1,market,0.0,45,1,12,20,47860.0
478309,478310,478312,478312,closed,stop,19875.25,19863.25,19875.5,19863.0,19863.25,19895.25,-12.0,-12.5,-13.0,-260.0,10.0,0.5,3.0,3.0,26.75,2024-05-08 16:33:00+00:00,2024-05-08 16:33:00+00:00,2024-05-08 16:36:00+00:00,2024-05-08 17:18:00+00:00,pullback_long_midday_e357dc47fc29,1,market,0.0,45,1,12,20,47600.0
478383,478384,478411,478411,closed,target,19862.5,19882.5,19862.75,19882.25,19850.5,19882.5,20.0,19.5,19.0,380.0,10.0,0.5,28.0,28.0,7.5,2024-05-08 17:47:00+00:00,2024-05-08 17:47:00+00:00,2024-05-08 18:15:00+00:00,2024-05-08 18:32:00+00:00,pullback_long_midday_e357dc47fc29,1,market,0.0,45,1,12,20,47980.0
479580,479581,479611,479611,closed,target,19909.0,19929.0,19909.25,19928.75,19897.0,19929.0,20.0,19.5,19.0,380.0,10.0,0.5,31.0,31.0,5.25,2024-05-09 15:01:00+00:00,2024-05-09 15:01:00+00:00,2024-05-09 15:32:00+00:00,2024-05-09 15:46:00+00:00,pullback_long_midday_e357dc47fc29,1,market,0.0,45,1,12,20,48360.0
479612,479613,479619,479619,closed,stop,19924.25,19912.25,19924.5,19912.0,19912.25,19944.25,-12.0,-12.5,-13.0,-260.0,10.0,0.5,7.0,7.0,15.75,2024-05-09 15:33:00+00:00,2024-05-09 15:33:00+00:00,2024-05-09 15:40:00+00:00,2024-05-09 16:18:00+00:00,pullback_long_midday_e357dc47fc29,1,market,0.0,45,1,12,20,48100.0
479660,479661,479674,479674,closed,stop,19887.75,19875.75,19888.0,19875.5,19875.75,19907.75,-12.0,-12.5,-13.0,-260.0,10.0,0.5,14.0,14.0,13.5,2024-05-09 16:21:00+00:00,2024-05-09 16:21:00+00:00,2024-05-09 16:35:00+00:00,2024-05-09 17:06:00+00:00,pullback_long_midday_e357dc47fc29,1,market,0.0,45,1,12,20,47840.0
479689,479690,479704,479704,closed,target,19905.0,19925.0,19905.25,19924.75,19893.0,19925.0,20.0,19.5,19.0,380.0,10.0,0.5,15.0,15.0,11.5,2024-05-09 16:50:00+00:00,2024-05-09 16:50:00+00:00,2024-05-09 17:05:00+00:00,2024-05-09 17:35:00+00:00,pullback_long_midday_e357dc47fc29,1,market,0.0,45,1,12,20,48220.0
479706,479707,479716,479716,closed,stop,19921.0,19909.0,19921.25,19908.75,19909.0,19941.0,-12.0,-12.5,-13.0,-260.0,10.0,0.5,10.0,10.0,13.75,2024-05-09 17:07:00+00:00,2024-05-09 17:07:00+00:00,2024-05-09 17:17:00+00:00,2024-05-09 17:52:00+00:00,pullback_long_midday_e357dc47fc29,1,market,0.0,45,1,12,20,47960.0
479742,479743,479760,479760,closed,stop,19908.0,19896.0,19908.25,19895.75,19896.0,19928.0,-12.0,-12.5,-13.0,-260.0,10.0,0.5,18.0,18.0,16.25,2024-05-09 17:43:00+00:00,2024-05-09 17:43:00+00:00,2024-05-09 18:01:00+00:00,2024-05-09 18:28:00+00:00,pullback_long_midday_e357dc47fc29,1,market,0.0,45,1,12,20,47700.0
480964,480965,480982,480982,closed,stop,19922.5,19910.5,19922.75,19910.25,19910.5,19942.5,-12.0,-12.5,-13.0,-260.0,10.0,0.5,18.0,18.0,18.5,2024-05-10 15:20:00+00:00,2024-05-10 15:20:00+00:00,2024-05-10 15:38:00+00:00,2024-05-10 16:05:00+00:00,pullback_long_midday_e357dc47fc29,1,market,0.0,45,1,12,20,47440.0
481010,481011,481020,481020,closed,target,19911.25,19931.25,19911.5,19931.0,19899.25,19931.25,20.0,19.5,19.0,380.0,10.0,0.5,10.0,10.0,9.0,2024-05-10 16:06:00+00:00,2024-05-10 16:06:00+00:00,2024-05-10 16:16:00+00:00,2024-05-10 16:51:00+00:00,pullback_long_midday_e357dc47fc29,1,market,0.0,45,1,12,20,47820.0
481026,481027,481061,481061,closed,target,19925.25,19945.25,19925.5,19945.0,19913.25,19945.25,20.0,19.5,19.0,380.0,10.0,0.5,35.0,35.0,10.75,2024-05-10 16:22:00+00:00,2024-05-10 16:22:00+00:00,2024-05-10 16:57:00+00:00,2024-05-10 17:07:00+00:00,pullback_long_midday_e357dc47fc29,1,market,0.0,45,1,12,20,48200.0
481065,481066,481067,481067,closed,stop,19940.0,19928.0,19940.25,19927.75,19928.0,19960.0,-12.0,-12.5,-13.0,-260.0,10.0,0.5,2.0,2.0,12.25,2024-05-10 17:01:00+00:00,2024-05-10 17:01:00+00:00,2024-05-10 17:03:00+00:00,2024-05-10 17:46:00+00:00,pullback_long_midday_e357dc47fc29,1,market,0.0,45,1,12,20,47940.0
481069,481070,481073,481073,closed,stop,19932.5,19920.5,19932.75,19920.25,19920.5,19952.5,-12.0,-12.5,-13.0,-260.0,10.0,0.5,4.0,4.0,15.75,2024-05-10 17:05:00+00:00,2024-05-10 17:05:00+00:00,2024-05-10 17:09:00+00:00,2024-05-10 17:50:00+00:00,pullback_long_midday_e357dc47fc29,1,market,0.0,45,1,12,20,47680.0
481118,481119,481134,481134,closed,target,19930.75,19950.75,19931.0,19950.5,19918.75,19950.75,20.0,19.5,19.0,380.0,10.0,0.5,16.0,16.0,0.75,2024-05-10 17:54:00+00:00,2024-05-10 17:54:00+00:00,2024-05-10 18:10:00+00:00,2024-05-10 18:39:00+00:00,pullback_long_midday_e357dc47fc29,1,market,0.0,45,1,12,20,48060.0
482333,482334,482339,482339,closed,stop,19984.25,19972.25,19984.5,19972.0,19972.25,20004.25,-12.0,-12.5,-13.0,-260.0,10.0,0.5,6.0,6.0,17.25,2024-05-13 15:24:00+00:00,2024-05-13 15:24:00+00:00,2024-05-13 15:30:00+00:00,2024-05-13 16:09:00+00:00,pullback_long_midday_e357dc47fc29,1,market,0.0,45,1,12,20,47800.0
482368,482369,482413,482413,closed,timeout,19987.0,19996.25,19987.25,19996.0,19975.0,20007.0,9.25,8.75,8.25,165.0,10.0,0.5,45.0,45.0,2.5,2024-05-13 15:59:00+00:00,2024-05-13 15:59:00+00:00,2024-05-13 16:44:00+00:00,2024-05-13 16:44:00+00:00,pullback_long_midday_e357dc47fc29,1,market,0.0,45,1,12,20,47965.0
482457,482458,482468,482468,closed,stop,19985.0,19973.0,19985.25,19972.75,19973.0,20005.0,-12.0,-12.5,-13.0,-260.0,10.0,0.5,11.0,11.0,13.0,2024-05-13 17:28:00+00:00,2024-05-13 17:28:00+00:00,2024-05-13 17:39:00+00:00,2024-05-13 18:13:00+00:00,pullback_long_midday_e357dc47fc29,1,market,0.0,45,1,12,20,47705.0
483677,483678,483691,483691,closed,target,20033.75,20053.75,20034.0,20053.5,20021.75,20053.75,20.0,19.5,19.0,380.0,10.0,0.5,14.0,14.0,8.25,2024-05-14 15:03:00+00:00,2024-05-14 15:03:00+00:00,2024-05-14 15:17:00+00:00,2024-05-14 15:48:00+00:00,pullback_long_midday_e357dc47fc29,1,market,0.0,45,1,12,20,48085.0
483695,483696,483707,483707,closed,stop,20043.0,20031.0,20043.25,20030.75,20031.0,20063.0,-12.0,-12.5,-13.0,-260.0,10.0,0.5,12.0,12.0,17.5,2024-05-14 15:21:00+00:00,2024-05-14 15:21:00+00:00,2024-05-14 15:33:00+00:00,2024-05-14 16:06:00+00:00,pullback_long_midday_e357dc47fc29,1,market,0.0,45,1,12,20,47825.0
483740,483741,483757,483757,closed,stop,20012.5,20000.5,20012.75,20000.25,20000.5,20032.5,-12.0,-12.5,-13.0,-260.0,10.0,0.5,17.0,17.0,13.5,2024-05-14 16:06:00+00:00,2024-05-14 16:06:00+00:00,2024-05-14 16:23:00+00:00,2024-05-14 16:51:00+00:00,pullback_long_midday_e357dc47fc29,1,market,0.0,45,1,12,20,47565.0
483797,483798,483801,483801,closed,stop,20007.5,19995.5,20007.75,19995.25,19995.5,20027.5,-12.0,-12.5,-13.0,-260.0,10.0,0.5,4.0,4.0,14.0,2024-05-14 17:03:00+00:00,2024-05-14 17:03:00+00:00,2024-05-14 17:07:00+00:00,2024-05-14 17:48:00+00:00,pullback_long_midday_e357dc47fc29,1,market,0.0,45,1,12,20,47305.0
483830,483831,483863,483863,closed,target,20018.5,20038.5,20018.75,20038.25,20006.5,20038.5,20.0,19.5,19.0,380.0,10.0,0.5,33.0,33.0,3.75,2024-05-14 17:36:00+00:00,2024-05-14 17:36:00+00:00,2024-05-14 18:09:00+00:00,2024-05-14 18:21:00+00:00,pullback_long_midday_e357dc47fc29,1,market,0.0,45,1,12,20,47685.0
485045,485046,485048,485048,closed,target,20269.25,20289.25,20269.5,20289.0,20257.25,20289.25,20.0,19.5,19.0,380.0,10.0,0.5,3.0,3.0,2.5,2024-05-15 15:06:00+00:00,2024-05-15 15:06:00+00:00,2024-05-15 15:09:00+00:00,2024-05-15 15:51:00+00:00,pullback_long_midday_e357dc47fc29,1,market,0.0,45,1,12,20,48065.0
485061,485062,485065,485065,closed,stop,20291.5,20279.5,20291.75,20279.25,20279.5,20311.5,-12.0,-12.5,-13.0,-260.0,10.0,0.5,4.0,4.0,14.5,2024-05-15 15:22:00+00:00,2024-05-15 15:22:00+00:00,2024-05-15 15:26:00+00:00,2024-05-15 16:07:00+00:00,pullback_long_midday_e357dc47fc29,1,market,0.0,45,1,12,20,47805.0
485098,485099,485100,485100,closed,stop,20292.75,20280.75,20293.0,20280.5,20280.75,20312.75,-12.0,-12.5,-13.0,-260.0,10.0,0.5,2.0,2.0,22.0,2024-05-15 15:59:00+00:00,2024-05-15 15:59:00+00:00,2024-05-15 16:01:00+00:00,2024-05-15 16:44:00+00:00,pullback_long_midday_e357dc47fc29,1,market,0.0,45,1,12,20,47545.0
485136,485137,485166,485166,closed,target,20312.75,20332.75,20313.0,20332.5,20300.75,20332.75,20.0,19.5,19.0,380.0,10.0,0.5,30.0,30.0,10.5,2024-05-15 16:37:00+00:00,2024-05-15 16:37:00+00:00,2024-05-15 17:07:00+00:00,2024-05-15 17:22:00+00:00,pullback_long_midday_e357dc47fc29,1,market,0.0,45,1,12,20,47925.0
485176,485177,485185,485185,closed,stop,20344.25,20332.25,20344.5,20332.0,20332.25,20364.25,-12.0,-12.5,-13.0,-260.0,10.0,0.5,9.0,9.0,15.75,2024-05-15 17:17:00+00:00,2024-05-15 17:17:00+00:00,2024-05-15 17:26:00+00:00,2024-05-15 18:02:00+00:00,pullback_long_midday_e357dc47fc29,1,market,0.0,45,1,12,20,47665.0
485192,485193,485213,485213,closed,target,20347.5,20367.5,20347.75,20367.25,20335.5,20367.5,20.0,19.5,19.0,380.0,10.0,0.5,21.0,21.0,4.25,2024-05-15 17:33:00+00:00,2024-05-15 17:33:00+00:00,2024-05-15 17:54:00+00:00,2024-05-15 18:18:00+00:00,pullback_long_midday_e357dc47fc29,1,market,0.0,45,1,12,20,48045.0
486412,486413,486418,486418,closed,stop,20448.5,20436.5,20448.75,20436.25,20436.5,20468.5,-12.0,-12.5,-13.0,-260.0,10.0,0.5,6.0,6.0,20.5,2024-05-16 15:08:00+00:00,2024-05-16 15:08:00+00:00,2024-05-16 15:14:00+00:00,2024-05-16 15:53:00+00:00,pullback_long_midday_e357dc47fc29,1,market,0.0,45,1,12,20,47785.0
486526,486527,486546,486546,closed,stop,20424.0,20412.0,20424.25,20411.75,20412.0,20444.0,-12.0,-12.5,-13.0,-260.0,10.0,0.5,20.0,20.0,36.5,2024-05-16 17:02:00+00:00,2024-05-16 17:02:00+00:00,2024-05-16 17:22:00+00:00,2024-05-16 17:47:00+00:00,pullback_long_midday_e357dc47fc29,1,market,0.0,45,1,12,20,47525.0
487794,487795,487802,487802,closed,stop,20345.25,20333.25,20345.5,20333.0,20333.25,20365.25,-12.0,-12.5,-13.0,-260.0,10.0,0.5,8.0,8.0,13.25,2024-05-17 15:26:00+00:00,2024-05-17 15:26:00+00:00,2024-05-17 15:34:00+00:00,2024-05-17 16:11:00+00:00,pullback_long_midday_e357dc47fc29,1,market,0.0,45,1,12,20,47265.0
487837,487838,487851,487851,closed,stop,20340.25,20328.25,20340.5,20328.0,20328.25,20360.25,-12.0,-12.5,-13.0,-260.0,10.0,0.5,14.0,14.0,12.5,2024-05-17 16:09:00+00:00,2024-05-17 16:09:00+00:00,2024-05-17 16:23:00+00:00,2024-05-17 16:54:00+00:00,pullback_long_midday_e357dc47fc29,1,market,0.0,45,1,12,20,47005.0
487892,487893,487905,487905,closed,stop,20331.5,20319.5,20331.75,20319.25,20319.5,20351.5,-12.0,-12.5,-13.0,-260.0,10.0,0.5,13.0,13.0,14.5,2024-05-17 17:04:00+00:00,2024-05-17 17:04:00+00:00,2024-05-17 17:17:00+00:00,2024-05-17 17:49:00+00:00,pullback_long_midday_e357dc47fc29,1,market,0.0,45,1,12,20,46745.0
487937,487938,487949,487949,closed,stop,20317.25,20305.25,20317.5,20305.0,20305.25,20337.25,-12.0,-12.5,-13.0,-260.0,10.0,0.5,12.0,12.0,17.5,2024-05-17 17:49:00+00:00,2024-05-17 17:49:00+00:00,2024-05-17 18:01:00+00:00,2024-05-17 18:34:00+00:00,pullback_long_midday_e357dc47fc29,1,market,0.0,45,1,12,20,46485.0
489171,489172,489176,489176,closed,stop,20453.0,20441.0,20453.25,20440.75,20441.0,20473.0,-12.0,-12.5,-13.0,-260.0,10.0,0.5,5.0,5.0,15.25,2024-05-20 15:38:00+00:00,2024-05-20 15:38:00+00:00,2024-05-20 15:43:00+00:00,2024-05-20 16:23:00+00:00,pullback_long_midday_e357dc47fc29,1,market,0.0,45,1,12,20,46225.0
489202,489203,489236,489236,closed,target,20446.75,20466.75,20447.0,20466.5,20434.75,20466.75,20.0,19.5,19.0,380.0,10.0,0.5,34.0,34.0,12.0,2024-05-20 16:09:00+00:00,2024-05-20 16:09:00+00:00,2024-05-20 16:43:00+00:00,2024-05-20 16:54:00+00:00,pullback_long_midday_e357dc47fc29,1,market,0.0,45,1,12,20,46605.0
489256,489257,489273,489273,closed,stop,20483.5,20471.5,20483.75,20471.25,20471.5,20503.5,-12.0,-12.5,-13.0,-260.0,10.0,0.5,17.0,17.0,13.0,2024-05-20 17:03:00+00:00,2024-05-20 17:03:00+00:00,2024-05-20 17:20:00+00:00,2024-05-20 17:48:00+00:00,pullback_long_midday_e357dc47fc29,1,market,0.0,45,1,12,20,46345.0
490505,490506,490540,490540,closed,stop,20448.25,20436.25,20448.5,20436.0,20436.25,20468.25,-12.0,-12.5,-13.0,-260.0,10.0,0.5,35.0,35.0,14.5,2024-05-21 15:09:00+00:00,2024-05-21 15:09:00+00:00,2024-05-21 15:44:00+00:00,2024-05-21 15:54:00+00:00,pullback_long_midday_e357dc47fc29,1,market,0.0,45,1,12,20,46085.0
490572,490573,490594,490594,closed,stop,20458.0,20446.0,20458.25,20445.75,20446.0,20478.0,-12.0,-12.5,-13.0,-260.0,10.0,0.5,22.0,22.0,12.25,2024-05-21 16:16:00+00:00,2024-05-21 16:16:00+00:00,2024-05-21 16:38:00+00:00,2024-05-21 17:01:00+00:00,pullback_long_midday_e357dc47fc29,1,market,0.0,45,1,12,20,45825.0
490651,490652,490677,490677,closed,target,20450.25,20470.25,20450.5,20470.0,20438.25,20470.25,20.0,19.5,19.0,380.0,10.0,0.5,26.0,26.0,0.25,2024-05-21 17:35:00+00:00,2024-05-21 17:35:00+00:00,2024-05-21 18:01:00+00:00,2024-05-21 18:20:00+00:00,pullback_long_midday_e357dc47fc29,1,market,0.0,45,1,12,20,46205.0
491873,491874,491912,491912,closed,stop,20528.75,20516.75,20529.0,20516.5,20516.75,20548.75,-12.0,-12.5,-13.0,-260.0,10.0,0.5,39.0,39.0,35.25,2024-05-22 15:12:00+00:00,2024-05-22 15:12:00+00:00,2024-05-22 15:51:00+00:00,2024-05-22 15:57:00+00:00,pullback_long_midday_e357dc47fc29,1,market,0.0,45,1,12,20,45945.0
491936,491937,491953,491953,closed,stop,20523.25,20511.25,20523.5,20511.0,20511.25,20543.25,-12.0,-12.5,-13.0,-260.0,10.0,0.5,17.0,17.0,17.0,2024-05-22 16:15:00+00:00,2024-05-22 16:15:00+00:00,2024-05-22 16:32:00+00:00,2024-05-22 17:00:00+00:00,pullback_long_midday_e357dc47fc29,1,market,0.0,45,1,12,20,45685.0
492003,492004,492015,492015,closed,stop,20513.0,20501.0,20513.25,20500.75,20501.0,20533.0,-12.0,-12.5,-13.0,-260.0,10.0,0.5,12.0,12.0,14.0,2024-05-22 17:22:00+00:00,2024-05-22 17:22:00+00:00,2024-05-22 17:34:00+00:00,2024-05-22 18:07:00+00:00,pullback_long_midday_e357dc47fc29,1,market,0.0,45,1,12,20,45425.0
493241,493242,493258,493258,closed,target,20575.5,20595.5,20575.75,20595.25,20563.5,20595.5,20.0,19.5,19.0,380.0,10.0,0.5,17.0,17.0,8.5,2024-05-23 15:15:00+00:00,2024-05-23 15:15:00+00:00,2024-05-23 15:32:00+00:00,2024-05-23 16:00:00+00:00,pullback_long_midday_e357dc47fc29,1,market,0.0,45,1,12,20,45805.0
493271,493272,493294,493294,closed,stop,20610.5,20598.5,20610.75,20598.25,20598.5,20630.5,-12.0,-12.5,-13.0,-260.0,10.0,0.5,23.0,23.0,16.75,2024-05-23 15:45:00+00:00,2024-05-23 15:45:00+00:00,2024-05-23 16:08:00+00:00,2024-05-23 16:30:00+00:00,pullback_long_midday_e357dc47fc29,1,market,0.0,45,1,12,20,45545.0
493318,493319,493328,493328,closed,stop,20618.5,20606.5,20618.75,20606.25,20606.5,20638.5,-12.0,-12.5,-13.0,-260.0,10.0,0.5,10.0,10.0,20.25,2024-05-23 16:32:00+00:00,2024-05-23 16:32:00+00:00,2024-05-23 16:42:00+00:00,2024-05-23 17:17:00+00:00,pullback_long_midday_e357dc47fc29,1,market,0.0,45,1,12,20,45285.0
494622,494623,494627,494627,closed,stop,20599.25,20587.25,20599.5,20587.0,20587.25,20619.25,-12.0,-12.5,-13.0,-260.0,10.0,0.5,5.0,5.0,14.5,2024-05-24 15:31:00+00:00,2024-05-24 15:31:00+00:00,2024-05-24 15:36:00+00:00,2024-05-24 16:16:00+00:00,pullback_long_midday_e357dc47fc29,1,market,0.0,45,1,12,20,45025.0
494671,494672,494688,494688,closed,stop,20603.5,20591.5,20603.75,20591.25,20591.5,20623.5,-12.0,-12.5,-13.0,-260.0,10.0,0.5,17.0,17.0,17.5,2024-05-24 16:20:00+00:00,2024-05-24 16:20:00+00:00,2024-05-24 16:37:00+00:00,2024-05-24 17:05:00+00:00,pullback_long_midday_e357dc47fc29,1,market,0.0,45,1,12,20,44765.0
495962,495963,496005,496005,closed,target,20609.25,20629.25,20609.5,20629.0,20597.25,20629.25,20.0,19.5,19.0,380.0,10.0,0.5,43.0,43.0,4.0,2024-05-27 15:06:00+00:00,2024-05-27 15:06:00+00:00,2024-05-27 15:49:00+00:00,2024-05-27 15:51:00+00:00,pullback_long_midday_e357dc47fc29,1,market,0.0,45,1,12,20,45145.0
496009,496010,496054,496054,closed,timeout,20633.0,20636.75,20633.25,20636.5,20621.0,20653.0,3.75,3.25,2.75,55.0,10.0,0.5,45.0,45.0,6.0,2024-05-27 15:53:00+00:00,2024-05-27 15:53:00+00:00,2024-05-27 16:38:00+00:00,2024-05-27 16:38:00+00:00,pullback_long_midday_e357dc47fc29,1,market,0.0,45,1,12,20,45200.0
497133,497134,497166,497166,closed,stop,20617.75,20605.75,20618.0,20605.5,20605.75,20637.75,-12.0,-12.5,-13.0,-260.0,10.0,0.5,33.0,33.0,12.5,2024-05-28 15:37:00+00:00,2024-05-28 15:37:00+00:00,2024-05-28 16:10:00+00:00,2024-05-28 16:22:00+00:00,pullback_long_midday_e357dc47fc29,1,market,0.0,45,1,12,20,44940.0
497208,497209,497213,497213,closed,stop,20632.0,20620.0,20632.25,20619.75,20620.0,20652.0,-12.0,-12.5,-13.0,-260.0,10.0,0.5,5.0,5.0,16.0,2024-05-28 16:52:00+00:00,2024-05-28 16:52:00+00:00,2024-05-28 16:57:00+00:00,2024-05-28 17:37:00+00:00,pullback_long_midday_e357dc47fc29,1,market,0.0,45,1,12,20,44680.0
497242,497243,497267,497267,closed,stop,20619.25,20607.25,20619.5,20607.0,20607.25,20639.25,-12.0,-12.5,-13.0,-260.0,10.0,0.5,25.0,25.0,23.5,2024-05-28 17:26:00+00:00,2024-05-28 17:26:00+00:00,2024-05-28 17:51:00+00:00,2024-05-28 18:11:00+00:00,pullback_long_midday_e357dc47fc29,1,market,0.0,45,1,12,20,44420.0
498525,498526,498532,498532,closed,stop,20539.5,20527.5,20539.75,20527.25,20527.5,20559.5,-12.0,-12.5,-13.0,-260.0,10.0,0.5,7.0,7.0,21.25,2024-05-29 16:04:00+00:00,2024-05-29 16:04:00+00:00,2024-05-29 16:11:00+00:00,2024-05-29 16:49:00+00:00,pullback_long_midday_e357dc47fc29,1,market,0.0,45,1,12,20,44160.0
498567,498568,498583,498583,closed,stop,20555.25,20543.25,20555.5,20543.0,20543.25,20575.25,-12.0,-12.5,-13.0,-260.0,10.0,0.5,16.0,16.0,16.0,2024-05-29 16:46:00+00:00,2024-05-29 16:46:00+00:00,2024-05-29 17:02:00+00:00,2024-05-29 17:31:00+00:00,pullback_long_midday_e357dc47fc29,1,market,0.0,45,1,12,20,43900.0
499850,499851,499857,499857,closed,target,20353.75,20373.75,20354.0,20373.5,20341.75,20373.75,20.0,19.5,19.0,380.0,10.0,0.5,7.0,7.0,3.75,2024-05-30 15:24:00+00:00,2024-05-30 15:24:00+00:00,2024-05-30 15:31:00+00:00,2024-05-30 16:09:00+00:00,pullback_long_midday_e357dc47fc29,1,market,0.0,45,1,12,20,44280.0
499864,499865,499886,499886,closed,stop,20377.25,20365.25,20377.5,20365.0,20365.25,20397.25,-12.0,-12.5,-13.0,-260.0,10.0,0.5,22.0,22.0,16.5,2024-05-30 15:38:00+00:00,2024-05-30 15:38:00+00:00,2024-05-30 16:00:00+00:00,2024-05-30 16:23:00+00:00,pullback_long_midday_e357dc47fc29,1,market,0.0,45,1,12,20,44020.0
499952,499953,499958,499958,closed,target,20394.5,20414.5,20394.75,20414.25,20382.5,20414.5,20.0,19.5,19.0,380.0,10.0,0.5,6.0,6.0,3.5,2024-05-30 17:06:00+00:00,2024-05-30 17:06:00+00:00,2024-05-30 17:12:00+00:00,2024-05-30 17:51:00+00:00,pullback_long_midday_e357dc47fc29,1,market,0.0,45,1,12,20,44400.0
499961,499962,499966,499966,closed,stop,20413.25,20401.25,20413.5,20401.0,20401.25,20433.25,-12.0,-12.5,-13.0,-260.0,10.0,0.5,5.0,5.0,17.5,2024-05-30 17:15:00+00:00,2024-05-30 17:15:00+00:00,2024-05-30 17:20:00+00:00,2024-05-30 18:00:00+00:00,pullback_long_midday_e357dc47fc29,1,market,0.0,45,1,12,20,44140.0
499967,499968,499989,499989,closed,target,20400.5,20420.5,20400.75,20420.25,20388.5,20420.5,20.0,19.5,19.0,380.0,10.0,0.5,22.0,22.0,2.5,2024-05-30 17:21:00+00:00,2024-05-30 17:21:00+00:00,2024-05-30 17:43:00+00:00,2024-05-30 18:06:00+00:00,pullback_long_midday_e357dc47fc29,1,market,0.0,45,1,12,20,44520.0
499992,499993,499995,499995,closed,stop,20415.0,20403.0,20415.25,20402.75,20403.0,20435.0,-12.0,-12.5,-13.0,-260.0,10.0,0.5,3.0,3.0,17.75,2024-05-30 17:46:00+00:00,2024-05-30 17:46:00+00:00,2024-05-30 17:49:00+00:00,2024-05-30 18:31:00+00:00,pullback_long_midday_e357dc47fc29,1,market,0.0,45,1,12,20,44260.0
501300,501301,501301,501301,closed,stop,19983.5,19971.5,19983.75,19971.25,19971.5,20003.5,-12.0,-12.5,-13.0,-260.0,10.0,0.5,1.0,1.0,15.0,2024-05-31 16:49:00+00:00,2024-05-31 16:49:00+00:00,2024-05-31 16:50:00+00:00,2024-05-31 17:34:00+00:00,pullback_long_midday_e357dc47fc29,1,market,0.0,45,1,12,20,44000.0
501303,501304,501312,501312,closed,target,19975.75,19995.75,19976.0,19995.5,19963.75,19995.75,20.0,19.5,19.0,380.0,10.0,0.5,9.0,9.0,2.75,2024-05-31 16:52:00+00:00,2024-05-31 16:52:00+00:00,2024-05-31 17:01:00+00:00,2024-05-31 17:37:00+00:00,pullback_long_midday_e357dc47fc29,1,market,0.0,45,1,12,20,44380.0
501318,501319,501328,501328,closed,target,20004.25,20024.25,20004.5,20024.0,19992.25,20024.25,20.0,19.5,19.0,380.0,10.0,0.5,10.0,10.0,9.5,2024-05-31 17:07:00+00:00,2024-05-31 17:07:00+00:00,2024-05-31 17:17:00+00:00,2024-05-31 17:52:00+00:00,pullback_long_midday_e357dc47fc29,1,market,0.0,45,1,12,20,44760.0
501349,501350,501354,501354,closed,stop,20045.0,20033.0,20045.25,20032.75,20033.0,20065.0,-12.0,-12.5,-13.0,-260.0,10.0,0.5,5.0,5.0,18.25,2024-05-31 17:38:00+00:00,2024-05-31 17:38:00+00:00,2024-05-31 17:43:00+00:00,2024-05-31 18:23:00+00:00,pullback_long_midday_e357dc47fc29,1,market,0.0,45,1,12,20,44500.0
502572,502573,502577,502577,closed,target,20288.5,20308.5,20288.75,20308.25,20276.5,20308.5,20.0,19.5,19.0,380.0,10.0,0.5,5.0,5.0,8.75,2024-06-03 15:16:00+00:00,2024-06-03 15:16:00+00:00,2024-06-03 15:21:00+00:00,2024-06-03 16:01:00+00:00,pullback_long_midday_e357dc47fc29,1,market,0.0,45,1,12,20,44880.0
502585,502586,502591,502591,closed,stop,20311.0,20299.0,20311.25,20298.75,20299.0,20331.0,-12.0,-12.5,-13.0,-260.0,10.0,0.5,6.0,6.0,13.0,2024-06-03 15:29:00+00:00,2024-06-03 15:29:00+00:00,2024-06-03 15:35:00+00:00,2024-06-03 16:14:00+00:00,pullback_long_midday_e357dc47fc29,1,market,0.0,45,1,12,20,44620.0
502671,502672,502676,502676,closed,stop,20192.75,20180.75,20193.0,20180.5,20180.75,20212.75,-12.0,-12.5,-13.0,-260.0,10.0,0.5,5.0,5.0,18.75,2024-06-03 16:55:00+00:00,2024-06-03 16:55:00+00:00,2024-06-03 17:00:00+00:00,2024-06-03 17:40:00+00:00,pullback_long_midday_e357dc47fc29,1,market,0.0,45,1,12,20,44360.0
502729,502730,502732,502732,closed,stop,20254.75,20242.75,20255.0,20242.5,20242.75,20274.75,-12.0,-12.5,-13.0,-260.0,10.0,0.5,3.0,3.0,12.25,2024-06-03 17:53:00+00:00,2024-06-03 17:53:00+00:00,2024-06-03 17:56:00+00:00,2024-06-03 18:38:00+00:00,pullback_long_midday_e357dc47fc29,1,market,0.0,45,1,12,20,44100.0
503941,503942,503944,503944,closed,target,20311.25,20331.25,20311.5,20331.0,20299.25,20331.25,20.0,19.5,19.0,380.0,10.0,0.5,3.0,3.0,1.75,2024-06-04 15:20:00+00:00,2024-06-04 15:20:00+00:00,2024-06-04 15:23:00+00:00,2024-06-04 16:05:00+00:00,pullback_long_midday_e357dc47fc29,1,market,0.0,45,1,12,20,44480.0
504014,504015,504018,504018,closed,stop,20298.25,20286.25,20298.5,20286.0,20286.25,20318.25,-12.0,-12.5,-13.0,-260.0,10.0,0.5,4.0,4.0,12.75,2024-06-04 16:33:00+00:00,2024-06-04 16:33:00+00:00,2024-06-04 16:37:00+00:00,2024-06-04 17:18:00+00:00,pullback_long_midday_e357dc47fc29,1,market,0.0,45,1,12,20,44220.0
504037,504038,504044,504044,closed,stop,20326.0,20314.0,20326.25,20313.75,20314.0,20346.0,-12.0,-12.5,-13.0,-260.0,10.0,0.5,7.0,7.0,17.5,2024-06-04 16:56:00+00:00,2024-06-04 16:56:00+00:00,2024-06-04 17:03:00+00:00,2024-06-04 17:41:00+00:00,pullback_long_midday_e357dc47fc29,1,market,0.0,45,1,12,20,43960.0
504068,504069,504070,504070,closed,target,20308.25,20328.25,20308.5,20328.0,20296.25,20328.25,20.0,19.5,19.0,380.0,10.0,0.5,2.0,2.0,2.0,2024-06-04 17:27:00+00:00,2024-06-04 17:27:00+00:00,2024-06-04 17:29:00+00:00,2024-06-04 18:12:00+00:00,pullback_long_midday_e357dc47fc29,1,market,0.0,45,1,12,20,44340.0
504070,504071,504075,504075,closed,stop,20327.75,20315.75,20328.0,20315.5,20315.75,20347.75,-12.0,-12.5,-13.0,-260.0,10.0,0.5,5.0,5.0,17.25,2024-06-04 17:29:00+00:00,2024-06-04 17:29:00+00:00,2024-06-04 17:34:00+00:00,2024-06-04 18:14:00+00:00,pullback_long_midday_e357dc47fc29,1,market,0.0,45,1,12,20,44080.0
504087,504088,504109,504109,closed,target,20320.5,20340.5,20320.75,20340.25,20308.5,20340.5,20.0,19.5,19.0,380.0,10.0,0.5,22.0,22.0,8.5,2024-06-04 17:46:00+00:00,2024-06-04 17:46:00+00:00,2024-06-04 18:08:00+00:00,2024-06-04 18:31:00+00:00,pullback_long_midday_e357dc47fc29,1,market,0.0,45,1,12,20,44460.0
505297,505298,505301,505301,closed,target,20634.25,20654.25,20634.5,20654.0,20622.25,20654.25,20.0,19.5,19.0,380.0,10.0,0.5,4.0,4.0,4.75,2024-06-05 15:11:00+00:00,2024-06-05 15:11:00+00:00,2024-06-05 15:15:00+00:00,2024-06-05 15:56:00+00:00,pullback_long_midday_e357dc47fc29,1,market,0.0,45,1,12,20,44840.0
505308,505309,505313,505313,closed,stop,20660.0,20648.0,20660.25,20647.75,20648.0,20680.0,-12.0,-12.5,-13.0,-260.0,10.0,0.5,5.0,5.0,16.25,2024-06-05 15:22:00+00:00,2024-06-05 15:22:00+00:00,2024-06-05 15:27:00+00:00,2024-06-05 16:07:00+00:00,pullback_long_midday_e357dc47fc29,1,market,0.0,45,1,12,20,44580.0
505314,505315,505329,505329,closed,target,20657.0,20677.0,20657.25,20676.75,20645.0,20677.0,20.0,19.5,19.0,380.0,10.0,0.5,15.0,15.0,3.5,2024-06-05 15:28:00+00:00,2024-06-05 15:28:00+00:00,2024-06-05 15:43:00+00:00,2024-06-05 16:13:00+00:00,pullback_long_midday_e357dc47fc29,1,market,0.0,45,1,12,20,44960.0
505335,505336,505337,505337,closed,stop,20669.25,20657.25,20669.5,20657.0,20657.25,20689.25,-12.0,-12.5,-13.0,-260.0,10.0,0.5,2.0,2.0,15.0,2024-06-05 15:49:00+00:00,2024-06-05 15:49:00+00:00,2024-06-05 15:51:00+00:00,2024-06-05 16:34:00+00:00,pullback_long_midday_e357dc47fc29,1,market,0.0,45,1,12,20,44700.0
505388,505389,505403,505403,closed,target,20681.0,20701.0,20681.25,20700.75,20669.0,20701.0,20.0,19.5,19.0,380.0,10.0,0.5,15.0,15.0,6.0,2024-06-05 16:42:00+00:00,2024-06-05 16:42:00+00:00,2024-06-05 16:57:00+00:00,2024-06-05 17:27:00+00:00,pullback_long_midday_e357dc47fc29,1,market,0.0,45,1,12,20,45080.0
505404,505405,505427,505427,closed,stop,20698.0,20686.0,20698.25,20685.75,20686.0,20718.0,-12.0,-12.5,-13.0,-260.0,10.0,0.5,23.0,23.0,24.5,2024-06-05 16:58:00+00:00,2024-06-05 16:58:00+00:00,2024-06-05 17:21:00+00:00,2024-06-05 17:43:00+00:00,pullback_long_midday_e357dc47fc29,1,market,0.0,45,1,12,20,44820.0
505450,505451,505495,505495,closed,timeout,20705.5,20714.0,20705.75,20713.75,20693.5,20725.5,8.5,8.0,7.5,150.0,10.0,0.5,45.0,45.0,7.75,2024-06-05 17:44:00+00:00,2024-06-05 17:44:00+00:00,2024-06-05 18:29:00+00:00,2024-06-05 18:29:00+00:00,pullback_long_midday_e357dc47fc29,1,market,0.0,45,1,12,20,44970.0
506779,506780,506781,506781,closed,stop,20763.75,20751.75,20764.0,20751.5,20751.75,20783.75,-12.0,-12.5,-13.0,-260.0,10.0,0.5,2.0,2.0,12.5,2024-06-06 17:08:00+00:00,2024-06-06 17:08:00+00:00,2024-06-06 17:10:00+00:00,2024-06-06 17:53:00+00:00,pullback_long_midday_e357dc47fc29,1,market,0.0,45,1,12,20,44710.0
506782,506783,506808,506808,closed,target,20759.25,20779.25,20759.5,20779.0,20747.25,20779.25,20.0,19.5,19.0,380.0,10.0,0.5,26.0,26.0,5.5,2024-06-06 17:11:00+00:00,2024-06-06 17:11:00+00:00,2024-06-06 17:37:00+00:00,2024-06-06 17:56:00+00:00,pullback_long_midday_e357dc47fc29,1,market,0.0,45,1,12,20,45090.0
508054,508055,508060,508060,closed,stop,20762.0,20750.0,20762.25,20749.75,20750.0,20782.0,-12.0,-12.5,-13.0,-260.0,10.0,0.5,6.0,6.0,12.5,2024-06-07 15:39:00+00:00,2024-06-07 15:39:00+00:00,2024-06-07 15:45:00+00:00,2024-06-07 16:24:00+00:00,pullback_long_midday_e357dc47fc29,1,market,0.0,45,1,12,20,44830.0
508074,508075,508100,508100,closed,target,20775.75,20795.75,20776.0,20795.5,20763.75,20795.75,20.0,19.5,19.0,380.0,10.0,0.5,26.0,26.0,11.25,2024-06-07 15:59:00+00:00,2024-06-07 15:59:00+00:00,2024-06-07 16:25:00+00:00,2024-06-07 16:44:00+00:00,pullback_long_midday_e357dc47fc29,1,market,0.0,45,1,12,20,45210.0
508139,508140,508159,508159,closed,target,20816.0,20836.0,20816.25,20835.75,20804.0,20836.0,20.0,19.5,19.0,380.0,10.0,0.5,20.0,20.0,8.75,2024-06-07 17:04:00+00:00,2024-06-07 17:04:00+00:00,2024-06-07 17:24:00+00:00,2024-06-07 17:49:00+00:00,pullback_long_midday_e357dc47fc29,1,market,0.0,45,1,12,20,45590.0
508193,508194,508195,508195,closed,stop,20828.25,20816.25,20828.5,20816.0,20816.25,20848.25,-12.0,-12.5,-13.0,-260.0,10.0,0.5,2.0,2.0,20.25,2024-06-07 17:58:00+00:00,2024-06-07 17:58:00+00:00,2024-06-07 18:00:00+00:00,2024-06-07 18:43:00+00:00,pullback_long_midday_e357dc47fc29,1,market,0.0,45,1,12,20,45330.0
509383,509384,509407,509407,closed,target,20763.25,20783.25,20763.5,20783.0,20751.25,20783.25,20.0,19.5,19.0,380.0,10.0,0.5,24.0,24.0,7.5,2024-06-10 15:04:00+00:00,2024-06-10 15:04:00+00:00,2024-06-10 15:28:00+00:00,2024-06-10 15:49:00+00:00,pullback_long_midday_e357dc47fc29,1,market,0.0,45,1,12,20,45710.0
509408,509409,509433,509433,closed,target,20781.0,20801.0,20781.25,20800.75,20769.0,20801.0,20.0,19.5,19.0,380.0,10.0,0.5,25.0,25.0,3.5,2024-06-10 15:29:00+00:00,2024-06-10 15:29:00+00:00,2024-06-10 15:54:00+00:00,2024-06-10 16:14:00+00:00,pullback_long_midday_e357dc47fc29,1,market,0.0,45,1,12,20,46090.0
509460,509461,509464,509464,closed,stop,20811.5,20799.5,20811.75,20799.25,20799.5,20831.5,-12.0,-12.5,-13.0,-260.0,10.0,0.5,4.0,4.0,16.0,2024-06-10 16:21:00+00:00,2024-06-10 16:21:00+00:00,2024-06-10 16:25:00+00:00,2024-06-10 17:06:00+00:00,pullback_long_midday_e357dc47fc29,1,market,0.0,45,1,12,20,45830.0
509466,509467,509500,509500,closed,stop,20797.5,20785.5,20797.75,20785.25,20785.5,20817.5,-12.0,-12.5,-13.0,-260.0,10.0,0.5,34.0,34.0,17.25,2024-06-10 16:27:00+00:00,2024-06-10 16:27:00+00:00,2024-06-10 17:01:00+00:00,2024-06-10 17:12:00+00:00,pullback_long_midday_e357dc47fc29,1,market,0.0,45,1,12,20,45570.0
509552,509553,509561,509561,closed,stop,20800.0,20788.0,20800.25,20787.75,20788.0,20820.0,-12.0,-12.5,-13.0,-260.0,10.0,0.5,9.0,9.0,13.0,2024-06-10 17:53:00+00:00,2024-06-10 17:53:00+00:00,2024-06-10 18:02:00+00:00,2024-06-10 18:38:00+00:00,pullback_long_midday_e357dc47fc29,1,market,0.0,45,1,12,20,45310.0
510750,510751,510754,510754,closed,stop,20810.75,20798.75,20811.0,20798.5,20798.75,20830.75,-12.0,-12.5,-13.0,-260.0,10.0,0.5,4.0,4.0,12.75,2024-06-11 15:06:00+00:00,2024-06-11 15:06:00+00:00,2024-06-11 15:10:00+00:00,2024-06-11 15:51:00+00:00,pullback_long_midday_e357dc47fc29,1,market,0.0,45,1,12,20,45050.0
510781,510782,510786,510786,closed,stop,20807.0,20795.0,20807.25,20794.75,20795.0,20827.0,-12.0,-12.5,-13.0,-260.0,10.0,0.5,5.0,5.0,14.0,2024-06-11 15:37:00+00:00,2024-06-11 15:37:00+00:00,2024-06-11 15:42:00+00:00,2024-06-11 16:22:00+00:00,pullback_long_midday_e357dc47fc29,1,market,0.0,45,1,12,20,44790.0
510845,510846,510866,510866,closed,stop,20795.75,20783.75,20796.0,20783.5,20783.75,20815.75,-12.0,-12.5,-13.0,-260.0,10.0,0.5,21.0,21.0,15.75,2024-06-11 16:41:00+00:00,2024-06-11 16:41:00+00:00,2024-06-11 17:02:00+00:00,2024-06-11 17:26:00+00:00,pullback_long_midday_e357dc47fc29,1,market,0.0,45,1,12,20,44530.0
510875,510876,510887,510887,closed,stop,20822.25,20810.25,20822.5,20810.0,20810.25,20842.25,-12.0,-12.5,-13.0,-260.0,10.0,0.5,12.0,12.0,19.0,2024-06-11 17:11:00+00:00,2024-06-11 17:11:00+00:00,2024-06-11 17:23:00+00:00,2024-06-11 17:56:00+00:00,pullback_long_midday_e357dc47fc29,1,market,0.0,45,1,12,20,44270.0
510908,510909,510919,510919,closed,target,20834.5,20854.5,20834.75,20854.25,20822.5,20854.5,20.0,19.5,19.0,380.0,10.0,0.5,11.0,11.0,3.25,2024-06-11 17:44:00+00:00,2024-06-11 17:44:00+00:00,2024-06-11 17:55:00+00:00,2024-06-11 18:29:00+00:00,pullback_long_midday_e357dc47fc29,1,market,0.0,45,1,12,20,44650.0
512126,512127,512131,512131,closed,target,21203.5,21223.5,21203.75,21223.25,21191.5,21223.5,20.0,19.5,19.0,380.0,10.0,0.5,5.0,5.0,5.5,2024-06-12 15:17:00+00:00,2024-06-12 15:17:00+00:00,2024-06-12 15:22:00+00:00,2024-06-12 16:02:00+00:00,pullback_long_midday_e357dc47fc29,1,market,0.0,45,1,12,20,45030.0
512139,512140,512145,512145,closed,stop,21227.5,21215.5,21227.75,21215.25,21215.5,21247.5,-12.0,-12.5,-13.0,-260.0,10.0,0.5,6.0,6.0,13.0,2024-06-12 15:30:00+00:00,2024-06-12 15:30:00+00:00,2024-06-12 15:36:00+00:00,2024-06-12 16:15:00+00:00,pullback_long_midday_e357dc47fc29,1,market,0.0,45,1,12,20,44770.0
512146,512147,512155,512155,closed,stop,21221.75,21209.75,21222.0,21209.5,21209.75,21241.75,-12.0,-12.5,-13.0,-260.0,10.0,0.5,9.0,9.0,15.5,2024-06-12 15:37:00+00:00,2024-06-12 15:37:00+00:00,2024-06-12 15:46:00+00:00,2024-06-12 16:22:00+00:00,pullback_long_midday_e357dc47fc29,1,market,0.0,45,1,12,20,44510.0
512227,512228,512247,512247,closed,target,21201.5,21221.5,21201.75,21221.25,21189.5,21221.5,20.0,19.5,19.0,380.0,10.0,0.5,20.0,20.0,2.75,2024-06-12 16:58:00+00:00,2024-06-12 16:58:00+00:00,2024-06-12 17:18:00+00:00,2024-06-12 17:43:00+00:00,pullback_long_midday_e357dc47fc29,1,market,0.0,45,1,12,20,44890.0
512254,512255,512260,512260,closed,stop,21224.25,21212.25,21224.5,21212.0,21212.25,21244.25,-12.0,-12.5,-13.0,-260.0,10.0,0.5,6.0,6.0,20.0,2024-06-12 17:25:00+00:00,2024-06-12 17:25:00+00:00,2024-06-12 17:31:00+00:00,2024-06-12 18:10:00+00:00,pullback_long_midday_e357dc47fc29,1,market,0.0,45,1,12,20,44630.0
512284,512285,512290,512290,closed,stop,21208.5,21196.5,21208.75,21196.25,21196.5,21228.5,-12.0,-12.5,-13.0,-260.0,10.0,0.5,6.0,6.0,66.5,2024-06-12 17:55:00+00:00,2024-06-12 17:55:00+00:00,2024-06-12 18:01:00+00:00,2024-06-12 18:40:00+00:00,pullback_long_midday_e357dc47fc29,1,market,0.0,45,1,12,20,44370.0
513513,513514,513535,513535,closed,stop,21287.0,21275.0,21287.25,21274.75,21275.0,21307.0,-12.0,-12.5,-13.0,-260.0,10.0,0.5,22.0,22.0,21.75,2024-06-13 15:39:00+00:00,2024-06-13 15:39:00+00:00,2024-06-13 16:01:00+00:00,2024-06-13 16:24:00+00:00,pullback_long_midday_e357dc47fc29,1,market,0.0,45,1,12,20,44110.0
513584,513585,513587,513587,closed,target,21216.0,21236.0,21216.25,21235.75,21204.0,21236.0,20.0,19.5,19.0,380.0,10.0,0.5,3.0,3.0,3.5,2024-06-13 16:50:00+00:00,2024-06-13 16:50:00+00:00,2024-06-13 16:53:00+00:00,2024-06-13 17:35:00+00:00,pullback_long_midday_e357dc47fc29,1,market,0.0,45,1,12,20,44490.0
513600,513601,513622,513622,closed,target,21250.75,21270.75,21251.0,21270.5,21238.75,21270.75,20.0,19.5,19.0,380.0,10.0,0.5,22.0,22.0,4.5,2024-06-13 17:06:00+00:00,2024-06-13 17:06:00+00:00,2024-06-13 17:28:00+00:00,2024-06-13 17:51:00+00:00,pullback_long_midday_e357dc47fc29,1,market,0.0,45,1,12,20,44870.0
513645,513646,513653,513653,closed,stop,21271.25,21259.25,21271.5,21259.0,21259.25,21291.25,-12.0,-12.5,-13.0,-260.0,10.0,0.5,8.0,8.0,14.25,2024-06-13 17:51:00+00:00,2024-06-13 17:51:00+00:00,2024-06-13 17:59:00+00:00,2024-06-13 18:36:00+00:00,pullback_long_midday_e357dc47fc29,1,market,0.0,45,1,12,20,44610.0
514842,514843,514848,514848,closed,stop,21314.5,21302.5,21314.75,21302.25,21302.5,21334.5,-12.0,-12.5,-13.0,-260.0,10.0,0.5,6.0,6.0,14.5,2024-06-14 15:03:00+00:00,2024-06-14 15:03:00+00:00,2024-06-14 15:09:00+00:00,2024-06-14 15:48:00+00:00,pullback_long_midday_e357dc47fc29,1,market,0.0,45,1,12,20,44350.0
514906,514907,514912,514912,closed,target,21314.0,21334.0,21314.25,21333.75,21302.0,21334.0,20.0,19.5,19.0,380.0,10.0,0.5,6.0,6.0,5.25,2024-06-14 16:07:00+00:00,2024-06-14 16:07:00+00:00,2024-06-14 16:13:00+00:00,2024-06-14 16:52:00+00:00,pullback_long_midday_e357dc47fc29,1,market,0.0,45,1,12,20,44730.0
514920,514921,514926,514926,closed,stop,21320.25,21308.25,21320.5,21308.0,21308.25,21340.25,-12.0,-12.5,-13.0,-260.0,10.0,0.5,6.0,6.0,17.5,2024-06-14 16:21:00+00:00,2024-06-14 16:21:00+00:00,2024-06-14 16:27:00+00:00,2024-06-14 17:06:00+00:00,pullback_long_midday_e357dc47fc29,1,market,0.0,45,1,12,20,44470.0
514949,514950,514969,514969,closed,target,21320.0,21340.0,21320.25,21339.75,21308.0,21340.0,20.0,19.5,19.0,380.0,10.0,0.5,20.0,20.0,9.25,2024-06-14 16:50:00+00:00,2024-06-14 16:50:00+00:00,2024-06-14 17:10:00+00:00,2024-06-14 17:35:00+00:00,pullback_long_midday_e357dc47fc29,1,market,0.0,45,1,12,20,44850.0
514980,514981,514984,514984,closed,stop,21356.0,21344.0,21356.25,21343.75,21344.0,21376.0,-12.0,-12.5,-13.0,-260.0,10.0,0.5,4.0,4.0,12.25,2024-06-14 17:21:00+00:00,2024-06-14 17:21:00+00:00,2024-06-14 17:25:00+00:00,2024-06-14 18:06:00+00:00,pullback_long_midday_e357dc47fc29,1,market,0.0,45,1,12,20,44590.0
514986,514987,515020,515020,closed,stop,21350.0,21338.0,21350.25,21337.75,21338.0,21370.0,-12.0,-12.5,-13.0,-260.0,10.0,0.5,34.0,34.0,13.25,2024-06-14 17:27:00+00:00,2024-06-14 17:27:00+00:00,2024-06-14 18:01:00+00:00,2024-06-14 18:12:00+00:00,pullback_long_midday_e357dc47fc29,1,market,0.0,45,1,12,20,44330.0
516216,516217,516250,516250,closed,target,21436.0,21456.0,21436.25,21455.75,21424.0,21456.0,20.0,19.5,19.0,380.0,10.0,0.5,34.0,34.0,1.25,2024-06-17 15:14:00+00:00,2024-06-17 15:14:00+00:00,2024-06-17 15:48:00+00:00,2024-06-17 15:59:00+00:00,pullback_long_midday_e357dc47fc29,1,market,0.0,45,1,12,20,44710.0
516265,516266,516287,516287,closed,target,21451.25,21471.25,21451.5,21471.0,21439.25,21471.25,20.0,19.5,19.0,380.0,10.0,0.5,22.0,22.0,11.25,2024-06-17 16:03:00+00:00,2024-06-17 16:03:00+00:00,2024-06-17 16:25:00+00:00,2024-06-17 16:48:00+00:00,pullback_long_midday_e357dc47fc29,1,market,0.0,45,1,12,20,45090.0
516297,516298,516309,516309,closed,target,21513.75,21533.75,21514.0,21533.5,21501.75,21533.75,20.0,19.5,19.0,380.0,10.0,0.5,12.0,12.0,3.0,2024-06-17 16:35:00+00:00,2024-06-17 16:35:00+00:00,2024-06-17 16:47:00+00:00,2024-06-17 17:20:00+00:00,pullback_long_midday_e357dc47fc29,1,market,0.0,45,1,12,20,45470.0
516314,516315,516318,516318,closed,stop,21544.0,21532.0,21544.25,21531.75,21532.0,21564.0,-12.0,-12.5,-13.0,-260.0,10.0,0.5,4.0,4.0,14.25,2024-06-17 16:52:00+00:00,2024-06-17 16:52:00+00:00,2024-06-17 16:56:00+00:00,2024-06-17 17:37:00+00:00,pullback_long_midday_e357dc47fc29,1,market,0.0,45,1,12,20,45210.0
516320,516321,516322,516322,closed,stop,21540.5,21528.5,21540.75,21528.25,21528.5,21560.5,-12.0,-12.5,-13.0,-260.0,10.0,0.5,2.0,2.0,13.5,2024-06-17 16:58:00+00:00,2024-06-17 16:58:00+00:00,2024-06-17 17:00:00+00:00,2024-06-17 17:43:00+00:00,pullback_long_midday_e357dc47fc29,1,market,0.0,45,1,12,20,44950.0
516323,516324,516338,516338,closed,target,21537.5,21557.5,21537.75,21557.25,21525.5,21557.5,20.0,19.5,19.0,380.0,10.0,0.5,15.0,15.0,4.0,2024-06-17 17:01:00+00:00,2024-06-17 17:01:00+00:00,2024-06-17 17:16:00+00:00,2024-06-17 17:46:00+00:00,pullback_long_midday_e357dc47fc29,1,market,0.0,45,1,12,20,45330.0
516347,516348,516355,516355,closed,target,21590.5,21610.5,21590.75,21610.25,21578.5,21610.5,20.0,19.5,19.0,380.0,10.0,0.5,8.0,8.0,6.0,2024-06-17 17:25:00+00:00,2024-06-17 17:25:00+00:00,2024-06-17 17:33:00+00:00,2024-06-17 18:10:00+00:00,pullback_long_midday_e357dc47fc29,1,market,0.0,45,1,12,20,45710.0
516365,516366,516376,516376,closed,target,21635.5,21655.5,21635.75,21655.25,21623.5,21655.5,20.0,19.5,19.0,380.0,10.0,0.5,11.0,11.0,10.25,2024-06-17 17:43:00+00:00,2024-06-17 17:43:00+00:00,2024-06-17 17:54:00+00:00,2024-06-17 18:28:00+00:00,pullback_long_midday_e357dc47fc29,1,market,0.0,45,1,12,20,46090.0
516379,516380,516385,516385,closed,target,21666.5,21686.5,21666.75,21686.25,21654.5,21686.5,20.0,19.5,19.0,380.0,10.0,0.5,6.0,6.0,4.25,2024-06-17 17:57:00+00:00,2024-06-17 17:57:00+00:00,2024-06-17 18:03:00+00:00,2024-06-17 18:42:00+00:00,pullback_long_midday_e357dc47fc29,1,market,0.0,45,1,12,20,46470.0
517597,517598,517613,517613,closed,target,21589.5,21609.5,21589.75,21609.25,21577.5,21609.5,20.0,19.5,19.0,380.0,10.0,0.5,16.0,16.0,5.25,2024-06-18 15:30:00+00:00,2024-06-18 15:30:00+00:00,2024-06-18 15:46:00+00:00,2024-06-18 16:15:00+00:00,pullback_long_midday_e357dc47fc29,1,market,0.0,45,1,12,20,46850.0
517620,517621,517628,517628,closed,target,21603.5,21623.5,21603.75,21623.25,21591.5,21623.5,20.0,19.5,19.0,380.0,10.0,0.5,8.0,8.0,2.75,2024-06-18 15:53:00+00:00,2024-06-18 15:53:00+00:00,2024-06-18 16:01:00+00:00,2024-06-18 16:38:00+00:00,pullback_long_midday_e357dc47fc29,1,market,0.0,45,1,12,20,47230.0
517630,517631,517641,517641,closed,stop,21623.0,21611.0,21623.25,21610.75,21611.0,21643.0,-12.0,-12.5,-13.0,-260.0,10.0,0.5,11.0,11.0,17.5,2024-06-18 16:03:00+00:00,2024-06-18 16:03:00+00:00,2024-06-18 16:14:00+00:00,2024-06-18 16:48:00+00:00,pullback_long_midday_e357dc47fc29,1,market,0.0,45,1,12,20,46970.0
517643,517644,517655,517655,closed,stop,21614.5,21602.5,21614.75,21602.25,21602.5,21634.5,-12.0,-12.5,-13.0,-260.0,10.0,0.5,12.0,12.0,12.25,2024-06-18 16:16:00+00:00,2024-06-18 16:16:00+00:00,2024-06-18 16:28:00+00:00,2024-06-18 17:01:00+00:00,pullback_long_midday_e357dc47fc29,1,market,0.0,45,1,12,20,46710.0
517671,517672,517673,517673,closed,stop,21613.5,21601.5,21613.75,21601.25,21601.5,21633.5,-12.0,-12.5,-13.0,-260.0,10.0,0.5,2.0,2.0,12.25,2024-06-18 16:44:00+00:00,2024-06-18 16:44:00+00:00,2024-06-18 16:46:00+00:00,2024-06-18 17:29:00+00:00,pullback_long_midday_e357dc47fc29,1,market,0.0,45,1,12,20,46450.0
517692,517693,517726,517726,closed,target,21630.75,21650.75,21631.0,21650.5,21618.75,21650.75,20.0,19.5,19.0,380.0,10.0,0.5,34.0,34.0,12.0,2024-06-18 17:05:00+00:00,2024-06-18 17:05:00+00:00,2024-06-18 17:39:00+00:00,2024-06-18 17:50:00+00:00,pullback_long_midday_e357dc47fc29,1,market,0.0,45,1,12,20,46830.0
517728,517729,517747,517747,closed,stop,21647.25,21635.25,21647.5,21635.0,21635.25,21667.25,-12.0,-12.5,-13.0,-260.0,10.0,0.5,19.0,19.0,16.75,2024-06-18 17:41:00+00:00,2024-06-18 17:41:00+00:00,2024-06-18 18:00:00+00:00,2024-06-18 18:26:00+00:00,pullback_long_midday_e357dc47fc29,1,market,0.0,45,1,12,20,46570.0
518932,518933,518977,518977,closed,timeout,21670.25,21678.0,21670.5,21677.75,21658.25,21690.25,7.75,7.25,6.75,135.0,10.0,0.5,45.0,45.0,1.5,2024-06-19 15:00:00+00:00,2024-06-19 15:00:00+00:00,2024-06-19 15:45:00+00:00,2024-06-19 15:45:00+00:00,pullback_long_midday_e357dc47fc29,1,market,0.0,45,1,12,20,46705.0
520078,520079,520092,520092,closed,stop,21644.25,21632.25,21644.5,21632.0,21632.25,21664.25,-12.0,-12.5,-13.0,-260.0,10.0,0.5,14.0,14.0,19.25,2024-06-20 15:06:00+00:00,2024-06-20 15:06:00+00:00,2024-06-20 15:20:00+00:00,2024-06-20 15:51:00+00:00,pullback_long_midday_e357dc47fc29,1,market,0.0,45,1,12,20,46445.0
520189,520190,520191,520191,closed,stop,21508.75,21496.75,21509.0,21496.5,21496.75,21528.75,-12.0,-12.5,-13.0,-260.0,10.0,0.5,2.0,2.0,15.0,2024-06-20 16:57:00+00:00,2024-06-20 16:57:00+00:00,2024-06-20 16:59:00+00:00,2024-06-20 17:42:00+00:00,pullback_long_midday_e357dc47fc29,1,market,0.0,45,1,12,20,46185.0
520245,520246,520249,520249,closed,target,21443.25,21463.25,21443.5,21463.0,21431.25,21463.25,20.0,19.5,19.0,380.0,10.0,0.5,4.0,4.0,5.5,2024-06-20 17:53:00+00:00,2024-06-20 17:53:00+00:00,2024-06-20 17:57:00+00:00,2024-06-20 18:38:00+00:00,pullback_long_midday_e357dc47fc29,1,market,0.0,45,1,12,20,46565.0
521446,521447,521449,521449,closed,stop,21446.25,21434.25,21446.5,21434.0,21434.25,21466.25,-12.0,-12.5,-13.0,-260.0,10.0,0.5,3.0,3.0,12.5,2024-06-21 15:09:00+00:00,2024-06-21 15:09:00+00:00,2024-06-21 15:12:00+00:00,2024-06-21 15:54:00+00:00,pullback_long_midday_e357dc47fc29,1,market,0.0,45,1,12,20,46305.0
521454,521455,521457,521457,closed,target,21444.0,21464.0,21444.25,21463.75,21432.0,21464.0,20.0,19.5,19.0,380.0,10.0,0.5,3.0,3.0,4.75,2024-06-21 15:17:00+00:00,2024-06-21 15:17:00+00:00,2024-06-21 15:20:00+00:00,2024-06-21 16:02:00+00:00,pullback_long_midday_e357dc47fc29,1,market,0.0,45,1,12,20,46685.0
521495,521496,521507,521507,closed,stop,21489.75,21477.75,21490.0,21477.5,21477.75,21509.75,-12.0,-12.5,-13.0,-260.0,10.0,0.5,12.0,12.0,13.0,2024-06-21 15:58:00+00:00,2024-06-21 15:58:00+00:00,2024-06-21 16:10:00+00:00,2024-06-21 16:43:00+00:00,pullback_long_midday_e357dc47fc29,1,market,0.0,45,1,12,20,46425.0
522802,522803,522808,522808,closed,stop,21337.25,21325.25,21337.5,21325.0,21325.25,21357.25,-12.0,-12.5,-13.0,-260.0,10.0,0.5,6.0,6.0,12.5,2024-06-24 15:03:00+00:00,2024-06-24 15:03:00+00:00,2024-06-24 15:09:00+00:00,2024-06-24 15:48:00+00:00,pullback_long_midday_e357dc47fc29,1,market,0.0,45,1,12,20,46165.0
522809,522810,522814,522814,closed,target,21331.75,21351.75,21332.0,21351.5,21319.75,21351.75,20.0,19.5,19.0,380.0,10.0,0.5,5.0,5.0,3.5,2024-06-24 15:10:00+00:00,2024-06-24 15:10:00+00:00,2024-06-24 15:15:00+00:00,2024-06-24 15:55:00+00:00,pullback_long_midday_e357dc47fc29,1,market,0.0,45,1,12,20,46545.0
522816,522817,522824,522824,closed,stop,21345.75,21333.75,21346.0,21333.5,21333.75,21365.75,-12.0,-12.5,-13.0,-260.0,10.0,0.5,8.0,8.0,22.75,2024-06-24 15:17:00+00:00,2024-06-24 15:17:00+00:00,2024-06-24 15:25:00+00:00,2024-06-24 16:02:00+00:00,pullback_long_midday_e357dc47fc29,1,market,0.0,45,1,12,20,46285.0
522894,522895,522901,522901,closed,stop,21336.0,21324.0,21336.25,21323.75,21324.0,21356.0,-12.0,-12.5,-13.0,-260.0,10.0,0.5,7.0,7.0,19.25,2024-06-24 16:35:00+00:00,2024-06-24 16:35:00+00:00,2024-06-24 16:42:00+00:00,2024-06-24 17:20:00+00:00,pullback_long_midday_e357dc47fc29,1,market,0.0,45,1,12,20,46025.0
522974,522975,522976,522976,closed,target,21243.5,21263.5,21243.75,21263.25,21231.5,21263.5,20.0,19.5,19.0,380.0,10.0,0.5,2.0,2.0,1.25,2024-06-24 17:55:00+00:00,2024-06-24 17:55:00+00:00,2024-06-24 17:57:00+00:00,2024-06-24 18:40:00+00:00,pullback_long_midday_e357dc47fc29,1,market,0.0,45,1,12,20,46405.0
524175,524176,524179,524179,closed,target,21327.0,21347.0,21327.25,21346.75,21315.0,21347.0,20.0,19.5,19.0,380.0,10.0,0.5,4.0,4.0,0.5,2024-06-25 15:11:00+00:00,2024-06-25 15:11:00+00:00,2024-06-25 15:15:00+00:00,2024-06-25 15:56:00+00:00,pullback_long_midday_e357dc47fc29,1,market,0.0,45,1,12,20,46785.0
524185,524186,524189,524189,closed,stop,21371.5,21359.5,21371.75,21359.25,21359.5,21391.5,-12.0,-12.5,-13.0,-260.0,10.0,0.5,4.0,4.0,14.5,2024-06-25 15:21:00+00:00,2024-06-25 15:21:00+00:00,2024-06-25 15:25:00+00:00,2024-06-25 16:06:00+00:00,pullback_long_midday_e357dc47fc29,1,market,0.0,45,1,12,20,46525.0
524189,524190,524191,524191,closed,stop,21368.5,21356.5,21368.75,21356.25,21356.5,21388.5,-12.0,-12.5,-13.0,-260.0,10.0,0.5,2.0,2.0,13.25,2024-06-25 15:25:00+00:00,2024-06-25 15:25:00+00:00,2024-06-25 15:27:00+00:00,2024-06-25 16:10:00+00:00,pullback_long_midday_e357dc47fc29,1,market,0.0,45,1,12,20,46265.0
524193,524194,524219,524219,closed,target,21361.25,21381.25,21361.5,21381.0,21349.25,21381.25,20.0,19.5,19.0,380.0,10.0,0.5,26.0,26.0,1.75,2024-06-25 15:29:00+00:00,2024-06-25 15:29:00+00:00,2024-06-25 15:55:00+00:00,2024-06-25 16:14:00+00:00,pullback_long_midday_e357dc47fc29,1,market,0.0,45,1,12,20,46645.0
524229,524230,524235,524235,closed,stop,21385.0,21373.0,21385.25,21372.75,21373.0,21405.0,-12.0,-12.5,-13.0,-260.0,10.0,0.5,6.0,6.0,13.0,2024-06-25 16:05:00+00:00,2024-06-25 16:05:00+00:00,2024-06-25 16:11:00+00:00,2024-06-25 16:50:00+00:00,pullback_long_midday_e357dc47fc29,1,market,0.0,45,1,12,20,46385.0
524310,524311,524325,524325,closed,target,21318.75,21338.75,21319.0,21338.5,21306.75,21338.75,20.0,19.5,19.0,380.0,10.0,0.5,15.0,15.0,6.5,2024-06-25 17:26:00+00:00,2024-06-25 17:26:00+00:00,2024-06-25 17:41:00+00:00,2024-06-25 18:11:00+00:00,pullback_long_midday_e357dc47fc29,1,market,0.0,45,1,12,20,46765.0
524338,524339,524355,524355,closed,target,21353.75,21373.75,21354.0,21373.5,21341.75,21373.75,20.0,19.5,19.0,380.0,10.0,0.5,17.0,17.0,7.75,2024-06-25 17:54:00+00:00,2024-06-25 17:54:00+00:00,2024-06-25 18:11:00+00:00,2024-06-25 18:39:00+00:00,pullback_long_midday_e357dc47fc29,1,market,0.0,45,1,12,20,47145.0
525589,525590,525590,525590,closed,stop,21452.0,21440.0,21452.25,21439.75,21440.0,21472.0,-12.0,-12.5,-13.0,-260.0,10.0,0.5,1.0,1.0,13.25,2024-06-26 16:00:00+00:00,2024-06-26 16:00:00+00:00,2024-06-26 16:01:00+00:00,2024-06-26 16:45:00+00:00,pullback_long_midday_e357dc47fc29,1,market,0.0,45,1,12,20,46885.0
525592,525593,525595,525595,closed,stop,21446.75,21434.75,21447.0,21434.5,21434.75,21466.75,-12.0,-12.5,-13.0,-260.0,10.0,0.5,3.0,3.0,22.0,2024-06-26 16:03:00+00:00,2024-06-26 16:03:00+00:00,2024-06-26 16:06:00+00:00,2024-06-26 16:48:00+00:00,pullback_long_midday_e357dc47fc29,1,market,0.0,45,1,12,20,46625.0
525597,525598,525603,525603,closed,stop,21441.25,21429.25,21441.5,21429.0,21429.25,21461.25,-12.0,-12.5,-13.0,-260.0,10.0,0.5,6.0,6.0,14.25,2024-06-26 16:08:00+00:00,2024-06-26 16:08:00+00:00,2024-06-26 16:14:00+00:00,2024-06-26 16:53:00+00:00,pullback_long_midday_e357dc47fc29,1,market,0.0,45,1,12,20,46365.0
525659,525660,525662,525662,closed,target,21396.25,21416.25,21396.5,21416.0,21384.25,21416.25,20.0,19.5,19.0,380.0,10.0,0.5,3.0,3.0,0.5,2024-06-26 17:10:00+00:00,2024-06-26 17:10:00+00:00,2024-06-26 17:13:00+00:00,2024-06-26 17:55:00+00:00,pullback_long_midday_e357dc47fc29,1,market,0.0,45,1,12,20,46745.0
525693,525694,525708,525708,closed,target,21398.5,21418.5,21398.75,21418.25,21386.5,21418.5,20.0,19.5,19.0,380.0,10.0,0.5,15.0,15.0,4.0,2024-06-26 17:44:00+00:00,2024-06-26 17:44:00+00:00,2024-06-26 17:59:00+00:00,2024-06-26 18:29:00+00:00,pullback_long_midday_e357dc47fc29,1,market,0.0,45,1,12,20,47125.0
526905,526906,526913,526913,closed,stop,21461.25,21449.25,21461.5,21449.0,21449.25,21481.25,-12.0,-12.5,-13.0,-260.0,10.0,0.5,8.0,8.0,12.5,2024-06-27 15:11:00+00:00,2024-06-27 15:11:00+00:00,2024-06-27 15:19:00+00:00,2024-06-27 15:56:00+00:00,pullback_long_midday_e357dc47fc29,1,market,0.0,45,1,12,20,46865.0
526975,526976,526989,526989,closed,target,21458.0,21478.0,21458.25,21477.75,21446.0,21478.0,20.0,19.5,19.0,380.0,10.0,0.5,14.0,14.0,4.25,2024-06-27 16:21:00+00:00,2024-06-27 16:21:00+00:00,2024-06-27 16:35:00+00:00,2024-06-27 17:06:00+00:00,pullback_long_midday_e357dc47fc29,1,market,0.0,45,1,12,20,47245.0
526998,526999,527014,527014,closed,stop,21475.0,21463.0,21475.25,21462.75,21463.0,21495.0,-12.0,-12.5,-13.0,-260.0,10.0,0.5,16.0,16.0,15.75,2024-06-27 16:44:00+00:00,2024-06-27 16:44:00+00:00,2024-06-27 17:00:00+00:00,2024-06-27 17:29:00+00:00,pullback_long_midday_e357dc47fc29,1,market,0.0,45,1,12,20,46985.0
527048,527049,527056,527056,closed,target,21478.75,21498.75,21479.0,21498.5,21466.75,21498.75,20.0,19.5,19.0,380.0,10.0,0.5,8.0,8.0,2.25,2024-06-27 17:34:00+00:00,2024-06-27 17:34:00+00:00,2024-06-27 17:42:00+00:00,2024-06-27 18:19:00+00:00,pullback_long_midday_e357dc47fc29,1,market,0.0,45,1,12,20,47365.0
527060,527061,527073,527073,closed,stop,21487.5,21475.5,21487.75,21475.25,21475.5,21507.5,-12.0,-12.5,-13.0,-260.0,10.0,0.5,13.0,13.0,16.25,2024-06-27 17:46:00+00:00,2024-06-27 17:46:00+00:00,2024-06-27 17:59:00+00:00,2024-06-27 18:31:00+00:00,pullback_long_midday_e357dc47fc29,1,market,0.0,45,1,12,20,47105.0
528298,528299,528303,528303,closed,stop,21545.5,21533.5,21545.75,21533.25,21533.5,21565.5,-12.0,-12.5,-13.0,-260.0,10.0,0.5,5.0,5.0,21.75,2024-06-28 15:39:00+00:00,2024-06-28 15:39:00+00:00,2024-06-28 15:44:00+00:00,2024-06-28 16:24:00+00:00,pullback_long_midday_e357dc47fc29,1,market,0.0,45,1,12,20,46845.0
528306,528307,528324,528324,closed,stop,21540.0,21528.0,21540.25,21527.75,21528.0,21560.0,-12.0,-12.5,-13.0,-260.0,10.0,0.5,18.0,18.0,15.25,2024-06-28 15:47:00+00:00,2024-06-28 15:47:00+00:00,2024-06-28 16:05:00+00:00,2024-06-28 16:32:00+00:00,pullback_long_midday_e357dc47fc29,1,market,0.0,45,1,12,20,46585.0
528382,528383,528387,528387,closed,target,21461.75,21481.75,21462.0,21481.5,21449.75,21481.75,20.0,19.5,19.0,380.0,10.0,0.5,5.0,5.0,9.0,2024-06-28 17:03:00+00:00,2024-06-28 17:03:00+00:00,2024-06-28 17:08:00+00:00,2024-06-28 17:48:00+00:00,pullback_long_midday_e357dc47fc29,1,market,0.0,45,1,12,20,46965.0
528407,528408,528408,528408,closed,stop,21501.25,21489.25,21501.5,21489.0,21489.25,21521.25,-12.0,-12.5,-13.0,-260.0,10.0,0.5,1.0,1.0,15.25,2024-06-28 17:28:00+00:00,2024-06-28 17:28:00+00:00,2024-06-28 17:29:00+00:00,2024-06-28 18:13:00+00:00,pullback_long_midday_e357dc47fc29,1,market,0.0,45,1,12,20,46705.0
529649,529650,529652,529652,closed,target,21354.5,21374.5,21354.75,21374.25,21342.5,21374.5,20.0,19.5,19.0,380.0,10.0,0.5,3.0,3.0,1.0,2024-07-01 15:25:00+00:00,2024-07-01 15:25:00+00:00,2024-07-01 15:28:00+00:00,2024-07-01 16:10:00+00:00,pullback_long_midday_e357dc47fc29,1,market,0.0,45,1,12,20,47085.0
529665,529666,529669,529669,closed,stop,21378.75,21366.75,21379.0,21366.5,21366.75,21398.75,-12.0,-12.5,-13.0,-260.0,10.0,0.5,4.0,4.0,18.0,2024-07-01 15:41:00+00:00,2024-07-01 15:41:00+00:00,2024-07-01 15:45:00+00:00,2024-07-01 16:26:00+00:00,pullback_long_midday_e357dc47fc29,1,market,0.0,45,1,12,20,46825.0
529670,529671,529676,529676,closed,target,21373.75,21393.75,21374.0,21393.5,21361.75,21393.75,20.0,19.5,19.0,380.0,10.0,0.5,6.0,6.0,6.5,2024-07-01 15:46:00+00:00,2024-07-01 15:46:00+00:00,2024-07-01 15:52:00+00:00,2024-07-01 16:31:00+00:00,pullback_long_midday_e357dc47fc29,1,market,0.0,45,1,12,20,47205.0
529690,529691,529693,529693,closed,target,21404.5,21424.5,21404.75,21424.25,21392.5,21424.5,20.0,19.5,19.0,380.0,10.0,0.5,3.0,3.0,2.25,2024-07-01 16:06:00+00:00,2024-07-01 16:06:00+00:00,2024-07-01 16:09:00+00:00,2024-07-01 16:51:00+00:00,pullback_long_midday_e357dc47fc29,1,market,0.0,45,1,12,20,47585.0
529696,529697,529702,529702,closed,target,21431.25,21451.25,21431.5,21451.0,21419.25,21451.25,20.0,19.5,19.0,380.0,10.0,0.5,6.0,6.0,0.75,2024-07-01 16:12:00+00:00,2024-07-01 16:12:00+00:00,2024-07-01 16:18:00+00:00,2024-07-01 16:57:00+00:00,pullback_long_midday_e357dc47fc29,1,market,0.0,45,1,12,20,47965.0
529706,529707,529708,529708,closed,stop,21446.5,21434.5,21446.75,21434.25,21434.5,21466.5,-12.0,-12.5,-13.0,-260.0,10.0,0.5,2.0,2.0,12.5,2024-07-01 16:22:00+00:00,2024-07-01 16:22:00+00:00,2024-07-01 16:24:00+00:00,2024-07-01 17:07:00+00:00,pullback_long_midday_e357dc47fc29,1,market,0.0,45,1,12,20,47705.0
529709,529710,529748,529748,closed,stop,21441.25,21429.25,21441.5,21429.0,21429.25,21461.25,-12.0,-12.5,-13.0,-260.0,10.0,0.5,39.0,39.0,14.75,2024-07-01 16:25:00+00:00,2024-07-01 16:25:00+00:00,2024-07-01 17:04:00+00:00,2024-07-01 17:10:00+00:00,pullback_long_midday_e357dc47fc29,1,market,0.0,45,1,12,20,47445.0
530991,530992,531004,531004,closed,stop,21550.75,21538.75,21551.0,21538.5,21538.75,21570.75,-12.0,-12.5,-13.0,-260.0,10.0,0.5,13.0,13.0,15.0,2024-07-02 15:02:00+00:00,2024-07-02 15:02:00+00:00,2024-07-02 15:15:00+00:00,2024-07-02 15:47:00+00:00,pullback_long_midday_e357dc47fc29,1,market,0.0,45,1,12,20,47185.0
531025,531026,531030,531030,closed,target,21565.75,21585.75,21566.0,21585.5,21553.75,21585.75,20.0,19.5,19.0,380.0,10.0,0.5,5.0,5.0,0.25,2024-07-02 15:36:00+00:00,2024-07-02 15:36:00+00:00,2024-07-02 15:41:00+00:00,2024-07-02 16:21:00+00:00,pullback_long_midday_e357dc47fc29,1,market,0.0,45,1,12,20,47565.0
531032,531033,531034,531034,closed,stop,21583.25,21571.25,21583.5,21571.0,21571.25,21603.25,-12.0,-12.5,-13.0,-260.0,10.0,0.5,2.0,2.0,13.5,2024-07-02 15:43:00+00:00,2024-07-02 15:43:00+00:00,2024-07-02 15:45:00+00:00,2024-07-02 16:28:00+00:00,pullback_long_midday_e357dc47fc29,1,market,0.0,45,1,12,20,47305.0
531037,531038,531044,531044,closed,stop,21574.0,21562.0,21574.25,21561.75,21562.0,21594.0,-12.0,-12.5,-13.0,-260.0,10.0,0.5,7.0,7.0,15.25,2024-07-02 15:48:00+00:00,2024-07-02 15:48:00+00:00,2024-07-02 15:55:00+00:00,2024-07-02 16:33:00+00:00,pullback_long_midday_e357dc47fc29,1,market,0.0,45,1,12,20,47045.0
531090,531091,531106,531106,closed,target,21539.0,21559.0,21539.25,21558.75,21527.0,21559.0,20.0,19.5,19.0,380.0,10.0,0.5,16.0,16.0,3.25,2024-07-02 16:41:00+00:00,2024-07-02 16:41:00+00:00,2024-07-02 16:57:00+00:00,2024-07-02 17:26:00+00:00,pullback_long_midday_e357dc47fc29,1,market,0.0,45,1,12,20,47425.0
531128,531129,531148,531148,closed,stop,21613.5,21601.5,21613.75,21601.25,21601.5,21633.5,-12.0,-12.5,-13.0,-260.0,10.0,0.5,20.0,20.0,18.0,2024-07-02 17:19:00+00:00,2024-07-02 17:19:00+00:00,2024-07-02 17:39:00+00:00,2024-07-02 18:04:00+00:00,pullback_long_midday_e357dc47fc29,1,market,0.0,45,1,12,20,47165.0
532356,532357,532357,532357,closed,stop,21748.75,21736.75,21749.0,21736.5,21736.75,21768.75,-12.0,-12.5,-13.0,-260.0,10.0,0.5,1.0,1.0,12.75,2024-07-03 15:02:00+00:00,2024-07-03 15:02:00+00:00,2024-07-03 15:03:00+00:00,2024-07-03 15:47:00+00:00,pullback_long_midday_e357dc47fc29,1,market,0.0,45,1,12,20,46905.0
532378,532379,532387,532387,closed,stop,21780.75,21768.75,21781.0,21768.5,21768.75,21800.75,-12.0,-12.5,-13.0,-260.0,10.0,0.5,9.0,9.0,13.25,2024-07-03 15:24:00+00:00,2024-07-03 15:24:00+00:00,2024-07-03 15:33:00+00:00,2024-07-03 16:09:00+00:00,pullback_long_midday_e357dc47fc29,1,market,0.0,45,1,12,20,46645.0
532421,532422,532434,532434,closed,target,21825.0,21845.0,21825.25,21844.75,21813.0,21845.0,20.0,19.5,19.0,380.0,10.0,0.5,13.0,13.0,5.5,2024-07-03 16:07:00+00:00,2024-07-03 16:07:00+00:00,2024-07-03 16:20:00+00:00,2024-07-03 16:52:00+00:00,pullback_long_midday_e357dc47fc29,1,market,0.0,45,1,12,20,47025.0
533516,533517,533561,533561,closed,timeout,21818.25,21811.5,21818.5,21811.25,21806.25,21838.25,-6.75,-7.25,-7.75,-155.0,10.0,0.5,45.0,45.0,8.5,2024-07-04 15:25:00+00:00,2024-07-04 15:25:00+00:00,2024-07-04 16:10:00+00:00,2024-07-04 16:10:00+00:00,pullback_long_midday_e357dc47fc29,1,market,0.0,45,1,12,20,46870.0
534654,534655,534666,534666,closed,target,21987.5,22007.5,21987.75,22007.25,21975.5,22007.5,20.0,19.5,19.0,380.0,10.0,0.5,12.0,12.0,7.5,2024-07-05 15:24:00+00:00,2024-07-05 15:24:00+00:00,2024-07-05 15:36:00+00:00,2024-07-05 16:09:00+00:00,pullback_long_midday_e357dc47fc29,1,market,0.0,45,1,12,20,47250.0
534685,534686,534696,534696,closed,stop,22033.5,22021.5,22033.75,22021.25,22021.5,22053.5,-12.0,-12.5,-13.0,-260.0,10.0,0.5,11.0,11.0,12.25,2024-07-05 15:55:00+00:00,2024-07-05 15:55:00+00:00,2024-07-05 16:06:00+00:00,2024-07-05 16:40:00+00:00,pullback_long_midday_e357dc47fc29,1,market,0.0,45,1,12,20,46990.0
534715,534716,534724,534724,closed,stop,22045.25,22033.25,22045.5,22033.0,22033.25,22065.25,-12.0,-12.5,-13.0,-260.0,10.0,0.5,9.0,9.0,13.25,2024-07-05 16:25:00+00:00,2024-07-05 16:25:00+00:00,2024-07-05 16:34:00+00:00,2024-07-05 17:10:00+00:00,pullback_long_midday_e357dc47fc29,1,market,0.0,45,1,12,20,46730.0
534805,534806,534812,534812,closed,stop,22063.5,22051.5,22063.75,22051.25,22051.5,22083.5,-12.0,-12.5,-13.0,-260.0,10.0,0.5,7.0,7.0,18.75,2024-07-05 17:55:00+00:00,2024-07-05 17:55:00+00:00,2024-07-05 18:02:00+00:00,2024-07-05 18:40:00+00:00,pullback_long_midday_e357dc47fc29,1,market,0.0,45,1,12,20,46470.0
536001,536002,536016,536016,closed,target,22054.5,22074.5,22054.75,22074.25,22042.5,22074.5,20.0,19.5,19.0,380.0,10.0,0.5,15.0,15.0,3.75,2024-07-08 15:06:00+00:00,2024-07-08 15:06:00+00:00,2024-07-08 15:21:00+00:00,2024-07-08 15:51:00+00:00,pullback_long_midday_e357dc47fc29,1,market,0.0,45,1,12,20,46850.0
536023,536024,536034,536034,closed,stop,22086.75,22074.75,22087.0,22074.5,22074.75,22106.75,-12.0,-12.5,-13.0,-260.0,10.0,0.5,11.0,11.0,18.75,2024-07-08 15:28:00+00:00,2024-07-08 15:28:00+00:00,2024-07-08 15:39:00+00:00,2024-07-08 16:13:00+00:00,pullback_long_midday_e357dc47fc29,1,market,0.0,45,1,12,20,46590.0
536053,536054,536059,536059,closed,stop,22097.5,22085.5,22097.75,22085.25,22085.5,22117.5,-12.0,-12.5,-13.0,-260.0,10.0,0.5,6.0,6.0,19.25,2024-07-08 15:58:00+00:00,2024-07-08 15:58:00+00:00,2024-07-08 16:04:00+00:00,2024-07-08 16:43:00+00:00,pullback_long_midday_e357dc47fc29,1,market,0.0,45,1,12,20,46330.0
536119,536120,536146,536146,closed,target,22064.25,22084.25,22064.5,22084.0,22052.25,22084.25,20.0,19.5,19.0,380.0,10.0,0.5,27.0,27.0,4.5,2024-07-08 17:04:00+00:00,2024-07-08 17:04:00+00:00,2024-07-08 17:31:00+00:00,2024-07-08 17:49:00+00:00,pullback_long_midday_e357dc47fc29,1,market,0.0,45,1,12,20,46710.0
536162,536163,536165,536165,closed,stop,22093.5,22081.5,22093.75,22081.25,22081.5,22113.5,-12.0,-12.5,-13.0,-260.0,10.0,0.5,3.0,3.0,12.25,2024-07-08 17:47:00+00:00,2024-07-08 17:47:00+00:00,2024-07-08 17:50:00+00:00,2024-07-08 18:32:00+00:00,pullback_long_midday_e357dc47fc29,1,market,0.0,45,1,12,20,46450.0
537425,537426,537454,537454,closed,stop,22134.25,22122.25,22134.5,22122.0,22122.25,22154.25,-12.0,-12.5,-13.0,-260.0,10.0,0.5,29.0,29.0,13.5,2024-07-09 16:06:00+00:00,2024-07-09 16:06:00+00:00,2024-07-09 16:35:00+00:00,2024-07-09 16:51:00+00:00,pullback_long_midday_e357dc47fc29,1,market,0.0,45,1,12,20,46190.0
537486,537487,537495,537495,closed,stop,22114.5,22102.5,22114.75,22102.25,22102.5,22134.5,-12.0,-12.5,-13.0,-260.0,10.0,0.5,9.0,9.0,14.0,2024-07-09 17:07:00+00:00,2024-07-09 17:07:00+00:00,2024-07-09 17:16:00+00:00,2024-07-09 17:52:00+00:00,pullback_long_midday_e357dc47fc29,1,market,0.0,45,1,12,20,45930.0
537528,537529,537560,537560,closed,target,22079.5,22099.5,22079.75,22099.25,22067.5,22099.5,20.0,19.5,19.0,380.0,10.0,0.5,32.0,32.0,5.0,2024-07-09 17:49:00+00:00,2024-07-09 17:49:00+00:00,2024-07-09 18:21:00+00:00,2024-07-09 18:34:00+00:00,pullback_long_midday_e357dc47fc29,1,market,0.0,45,1,12,20,46310.0
538756,538757,538765,538765,closed,stop,22195.75,22183.75,22196.0,22183.5,22183.75,22215.75,-12.0,-12.5,-13.0,-260.0,10.0,0.5,9.0,9.0,13.5,2024-07-10 15:32:00+00:00,2024-07-10 15:32:00+00:00,2024-07-10 15:41:00+00:00,2024-07-10 16:17:00+00:00,pullback_long_midday_e357dc47fc29,1,market,0.0,45,1,12,20,46050.0
538786,538787,538800,538800,closed,target,22194.75,22214.75,22195.0,22214.5,22182.75,22214.75,20.0,19.5,19.0,380.0,10.0,0.5,14.0,14.0,0.5,2024-07-10 16:02:00+00:00,2024-07-10 16:02:00+00:00,2024-07-10 16:16:00+00:00,2024-07-10 16:47:00+00:00,pullback_long_midday_e357dc47fc29,1,market,0.0,45,1,12,20,46430.0
538803,538804,538807,538807,closed,target,22214.5,22234.5,22214.75,22234.25,22202.5,22234.5,20.0,19.5,19.0,380.0,10.0,0.5,4.0,4.0,4.5,2024-07-10 16:19:00+00:00,2024-07-10 16:19:00+00:00,2024-07-10 16:23:00+00:00,2024-07-10 17:04:00+00:00,pullback_long_midday_e357dc47fc29,1,market,0.0,45,1,12,20,46810.0
538820,538821,538830,538830,closed,target,22253.25,22273.25,22253.5,22273.0,22241.25,22273.25,20.0,19.5,19.0,380.0,10.0,0.5,10.0,10.0,2.5,2024-07-10 16:36:00+00:00,2024-07-10 16:36:00+00:00,2024-07-10 16:46:00+00:00,2024-07-10 17:21:00+00:00,pullback_long_midday_e357dc47fc29,1,market,0.0,45,1,12,20,47190.0
538833,538834,538835,538835,closed,stop,22269.75,22257.75,22270.0,22257.5,22257.75,22289.75,-12.0,-12.5,-13.0,-260.0,10.0,0.5,2.0,2.0,13.0,2024-07-10 16:49:00+00:00,2024-07-10 16:49:00+00:00,2024-07-10 16:51:00+00:00,2024-07-10 17:34:00+00:00,pullback_long_midday_e357dc47fc29,1,market,0.0,45,1,12,20,46930.0
538835,538836,538849,538849,closed,target,22268.25,22288.25,22268.5,22288.0,22256.25,22288.25,20.0,19.5,19.0,380.0,10.0,0.5,14.0,14.0,9.25,2024-07-10 16:51:00+00:00,2024-07-10 16:51:00+00:00,2024-07-10 17:05:00+00:00,2024-07-10 17:36:00+00:00,pullback_long_midday_e357dc47fc29,1,market,0.0,45,1,12,20,47310.0
538855,538856,538857,538857,closed,stop,22292.25,22280.25,22292.5,22280.0,22280.25,22312.25,-12.0,-12.5,-13.0,-260.0,10.0,0.5,2.0,2.0,12.25,2024-07-10 17:11:00+00:00,2024-07-10 17:11:00+00:00,2024-07-10 17:13:00+00:00,2024-07-10 17:56:00+00:00,pullback_long_midday_e357dc47fc29,1,market,0.0,45,1,12,20,47050.0
538858,538859,538869,538869,closed,stop,22288.5,22276.5,22288.75,22276.25,22276.5,22308.5,-12.0,-12.5,-13.0,-260.0,10.0,0.5,11.0,11.0,12.75,2024-07-10 17:14:00+00:00,2024-07-10 17:14:00+00:00,2024-07-10 17:25:00+00:00,2024-07-10 17:59:00+00:00,pullback_long_midday_e357dc47fc29,1,market,0.0,45,1,12,20,46790.0
538877,538878,538897,538897,closed,target,22290.25,22310.25,22290.5,22310.0,22278.25,22310.25,20.0,19.5,19.0,380.0,10.0,0.5,20.0,20.0,4.75,2024-07-10 17:33:00+00:00,2024-07-10 17:33:00+00:00,2024-07-10 17:53:00+00:00,2024-07-10 18:18:00+00:00,pullback_long_midday_e357dc47fc29,1,market,0.0,45,1,12,20,47170.0
538900,538901,538925,538925,closed,stop,22308.75,22296.75,22309.0,22296.5,22296.75,22328.75,-12.0,-12.5,-13.0,-260.0,10.0,0.5,25.0,25.0,15.0,2024-07-10 17:56:00+00:00,2024-07-10 17:56:00+00:00,2024-07-10 18:21:00+00:00,2024-07-10 18:41:00+00:00,pullback_long_midday_e357dc47fc29,1,market,0.0,45,1,12,20,46910.0
540190,540191,540193,540193,closed,stop,21959.75,21947.75,21960.0,21947.5,21947.75,21979.75,-12.0,-12.5,-13.0,-260.0,10.0,0.5,3.0,3.0,15.0,2024-07-11 16:41:00+00:00,2024-07-11 16:41:00+00:00,2024-07-11 16:44:00+00:00,2024-07-11 17:26:00+00:00,pullback_long_midday_e357dc47fc29,1,market,0.0,45,1,12,20,46650.0
540194,540195,540195,540195,closed,stop,21948.75,21936.75,21949.0,21936.5,21936.75,21968.75,-12.0,-12.5,-13.0,-260.0,10.0,0.5,1.0,1.0,20.75,2024-07-11 16:45:00+00:00,2024-07-11 16:45:00+00:00,2024-07-11 16:46:00+00:00,2024-07-11 17:30:00+00:00,pullback_long_midday_e357dc47fc29,1,market,0.0,45,1,12,20,46390.0
540236,540237,540238,540238,closed,target,21890.0,21910.0,21890.25,21909.75,21878.0,21910.0,20.0,19.5,19.0,380.0,10.0,0.5,2.0,2.0,1.75,2024-07-11 17:27:00+00:00,2024-07-11 17:27:00+00:00,2024-07-11 17:29:00+00:00,2024-07-11 18:12:00+00:00,pullback_long_midday_e357dc47fc29,1,market,0.0,45,1,12,20,46770.0
540242,540243,540247,540247,closed,stop,21891.25,21879.25,21891.5,21879.0,21879.25,21911.25,-12.0,-12.5,-13.0,-260.0,10.0,0.5,5.0,5.0,13.5,2024-07-11 17:33:00+00:00,2024-07-11 17:33:00+00:00,2024-07-11 17:38:00+00:00,2024-07-11 18:18:00+00:00,pullback_long_midday_e357dc47fc29,1,market,0.0,45,1,12,20,46510.0
541457,541458,541459,541459,closed,stop,22076.75,22064.75,22077.0,22064.5,22064.75,22096.75,-12.0,-12.5,-13.0,-260.0,10.0,0.5,2.0,2.0,12.75,2024-07-12 15:03:00+00:00,2024-07-12 15:03:00+00:00,2024-07-12 15:05:00+00:00,2024-07-12 15:48:00+00:00,pullback_long_midday_e357dc47fc29,1,market,0.0,45,1,12,20,46250.0
541501,541502,541506,541506,closed,stop,22094.0,22082.0,22094.25,22081.75,22082.0,22114.0,-12.0,-12.5,-13.0,-260.0,10.0,0.5,5.0,5.0,21.75,2024-07-12 15:47:00+00:00,2024-07-12 15:47:00+00:00,2024-07-12 15:52:00+00:00,2024-07-12 16:32:00+00:00,pullback_long_midday_e357dc47fc29,1,market,0.0,45,1,12,20,45990.0
541545,541546,541548,541548,closed,stop,22025.5,22013.5,22025.75,22013.25,22013.5,22045.5,-12.0,-12.5,-13.0,-260.0,10.0,0.5,3.0,3.0,19.5,2024-07-12 16:31:00+00:00,2024-07-12 16:31:00+00:00,2024-07-12 16:34:00+00:00,2024-07-12 17:16:00+00:00,pullback_long_midday_e357dc47fc29,1,market,0.0,45,1,12,20,45730.0
541549,541550,541551,541551,closed,target,22015.5,22035.5,22015.75,22035.25,22003.5,22035.5,20.0,19.5,19.0,380.0,10.0,0.5,2.0,2.0,0.75,2024-07-12 16:35:00+00:00,2024-07-12 16:35:00+00:00,2024-07-12 16:37:00+00:00,2024-07-12 17:20:00+00:00,pullback_long_midday_e357dc47fc29,1,market,0.0,45,1,12,20,46110.0
541553,541554,541560,541560,closed,stop,22036.0,22024.0,22036.25,22023.75,22024.0,22056.0,-12.0,-12.5,-13.0,-260.0,10.0,0.5,7.0,7.0,14.25,2024-07-12 16:39:00+00:00,2024-07-12 16:39:00+00:00,2024-07-12 16:46:00+00:00,2024-07-12 17:24:00+00:00,pullback_long_midday_e357dc47fc29,1,market,0.0,45,1,12,20,45850.0
541590,541591,541607,541607,closed,target,22084.25,22104.25,22084.5,22104.0,22072.25,22104.25,20.0,19.5,19.0,380.0,10.0,0.5,17.0,17.0,9.75,2024-07-12 17:16:00+00:00,2024-07-12 17:16:00+00:00,2024-07-12 17:33:00+00:00,2024-07-12 18:01:00+00:00,pullback_long_midday_e357dc47fc29,1,market,0.0,45,1,12,20,46230.0
542919,542920,542922,542922,closed,target,22090.25,22110.25,22090.5,22110.0,22078.25,22110.25,20.0,19.5,19.0,380.0,10.0,0.5,3.0,3.0,11.75,2024-07-15 16:40:00+00:00,2024-07-15 16:40:00+00:00,2024-07-15 16:43:00+00:00,2024-07-15 17:25:00+00:00,pullback_long_midday_e357dc47fc29,1,market,0.0,45,1,12,20,46610.0
542961,542962,542963,542963,closed,target,22051.5,22071.5,22051.75,22071.25,22039.5,22071.5,20.0,19.5,19.0,380.0,10.0,0.5,2.0,2.0,1.25,2024-07-15 17:22:00+00:00,2024-07-15 17:22:00+00:00,2024-07-15 17:24:00+00:00,2024-07-15 18:07:00+00:00,pullback_long_midday_e357dc47fc29,1,market,0.0,45,1,12,20,46990.0
544201,544202,544205,544205,closed,stop,22006.5,21994.5,22006.75,21994.25,21994.5,22026.5,-12.0,-12.5,-13.0,-260.0,10.0,0.5,4.0,4.0,18.75,2024-07-16 15:17:00+00:00,2024-07-16 15:17:00+00:00,2024-07-16 15:21:00+00:00,2024-07-16 16:02:00+00:00,pullback_long_midday_e357dc47fc29,1,market,0.0,45,1,12,20,46730.0
544207,544208,544214,544214,closed,stop,21998.0,21986.0,21998.25,21985.75,21986.0,22018.0,-12.0,-12.5,-13.0,-260.0,10.0,0.5,7.0,7.0,16.0,2024-07-16 15:23:00+00:00,2024-07-16 15:23:00+00:00,2024-07-16 15:30:00+00:00,2024-07-16 16:08:00+00:00,pullback_long_midday_e357dc47fc29,1,market,0.0,45,1,12,20,46470.0
544241,544242,544243,544243,closed,stop,21994.5,21982.5,21994.75,21982.25,21982.5,22014.5,-12.0,-12.5,-13.0,-260.0,10.0,0.5,2.0,2.0,16.25,2024-07-16 15:57:00+00:00,2024-07-16 15:57:00+00:00,2024-07-16 15:59:00+00:00,2024-07-16 16:42:00+00:00,pullback_long_midday_e357dc47fc29,1,market,0.0,45,1,12,20,46210.0
544307,544308,544310,544310,closed,stop,21973.5,21961.5,21973.75,21961.25,21961.5,21993.5,-12.0,-12.5,-13.0,-260.0,10.0,0.5,3.0,3.0,24.0,2024-07-16 17:03:00+00:00,2024-07-16 17:03:00+00:00,2024-07-16 17:06:00+00:00,2024-07-16 17:48:00+00:00,pullback_long_midday_e357dc47fc29,1,market,0.0,45,1,12,20,45950.0
544311,544312,544319,544319,closed,stop,21960.0,21948.0,21960.25,21947.75,21948.0,21980.0,-12.0,-12.5,-13.0,-260.0,10.0,0.5,8.0,8.0,13.25,2024-07-16 17:07:00+00:00,2024-07-16 17:07:00+00:00,2024-07-16 17:15:00+00:00,2024-07-16 17:52:00+00:00,pullback_long_midday_e357dc47fc29,1,market,0.0,45,1,12,20,45690.0
545677,545678,545679,545679,closed,stop,21475.25,21463.25,21475.5,21463.0,21463.25,21495.25,-12.0,-12.5,-13.0,-260.0,10.0,0.5,2.0,2.0,21.0,2024-07-17 17:08:00+00:00,2024-07-17 17:08:00+00:00,2024-07-17 17:10:00+00:00,2024-07-17 17:53:00+00:00,pullback_long_midday_e357dc47fc29,1,market,0.0,45,1,12,20,45430.0
545706,545707,545709,545709,closed,stop,21506.5,21494.5,21506.75,21494.25,21494.5,21526.5,-12.0,-12.5,-13.0,-260.0,10.0,0.5,3.0,3.0,19.75,2024-07-17 17:37:00+00:00,2024-07-17 17:37:00+00:00,2024-07-17 17:40:00+00:00,2024-07-17 18:22:00+00:00,pullback_long_midday_e357dc47fc29,1,market,0.0,45,1,12,20,45170.0
545716,545717,545720,545720,closed,stop,21479.75,21467.75,21480.0,21467.5,21467.75,21499.75,-12.0,-12.5,-13.0,-260.0,10.0,0.5,4.0,4.0,14.75,2024-07-17 17:47:00+00:00,2024-07-17 17:47:00+00:00,2024-07-17 17:51:00+00:00,2024-07-17 18:32:00+00:00,pullback_long_midday_e357dc47fc29,1,market,0.0,45,1,12,20,44910.0
546916,546917,546917,546917,closed,stop,21434.75,21422.75,21435.0,21422.5,21422.75,21454.75,-12.0,-12.5,-13.0,-260.0,10.0,0.5,1.0,1.0,14.75,2024-07-18 15:02:00+00:00,2024-07-18 15:02:00+00:00,2024-07-18 15:03:00+00:00,2024-07-18 15:47:00+00:00,pullback_long_midday_e357dc47fc29,1,market,0.0,45,1,12,20,44650.0
547000,547001,547003,547003,closed,target,21255.5,21275.5,21255.75,21275.25,21243.5,21275.5,20.0,19.5,19.0,380.0,10.0,0.5,3.0,3.0,4.75,2024-07-18 16:26:00+00:00,2024-07-18 16:26:00+00:00,2024-07-18 16:29:00+00:00,2024-07-18 17:11:00+00:00,pullback_long_midday_e357dc47fc29,1,market,0.0,45,1,12,20,45030.0
547017,547018,547024,547024,closed,stop,21317.75,21305.75,21318.0,21305.5,21305.75,21337.75,-12.0,-12.5,-13.0,-260.0,10.0,0.5,7.0,7.0,18.75,2024-07-18 16:43:00+00:00,2024-07-18 16:43:00+00:00,2024-07-18 16:50:00+00:00,2024-07-18 17:28:00+00:00,pullback_long_midday_e357dc47fc29,1,market,0.0,45,1,12,20,44770.0
547025,547026,547032,547032,closed,target,21306.5,21326.5,21306.75,21326.25,21294.5,21326.5,20.0,19.5,19.0,380.0,10.0,0.5,7.0,7.0,8.75,2024-07-18 16:51:00+00:00,2024-07-18 16:51:00+00:00,2024-07-18 16:58:00+00:00,2024-07-18 17:36:00+00:00,pullback_long_midday_e357dc47fc29,1,market,0.0,45,1,12,20,45150.0
547062,547063,547064,547064,closed,stop,21343.25,21331.25,21343.5,21331.0,21331.25,21363.25,-12.0,-12.5,-13.0,-260.0,10.0,0.5,2.0,2.0,18.25,2024-07-18 17:28:00+00:00,2024-07-18 17:28:00+00:00,2024-07-18 17:30:00+00:00,2024-07-18 18:13:00+00:00,pullback_long_midday_e357dc47fc29,1,market,0.0,45,1,12,20,44890.0
547065,547066,547069,547069,closed,stop,21348.25,21336.25,21348.5,21336.0,21336.25,21368.25,-12.0,-12.5,-13.0,-260.0,10.0,0.5,4.0,4.0,16.5,2024-07-18 17:31:00+00:00,2024-07-18 17:31:00+00:00,2024-07-18 17:35:00+00:00,2024-07-18 18:16:00+00:00,pullback_long_midday_e357dc47fc29,1,market,0.0,45,1,12,20,44630.0
547083,547084,547085,547085,closed,stop,21353.25,21341.25,21353.5,21341.0,21341.25,21373.25,-12.0,-12.5,-13.0,-260.0,10.0,0.5,2.0,2.0,23.0,2024-07-18 17:49:00+00:00,2024-07-18 17:49:00+00:00,2024-07-18 17:51:00+00:00,2024-07-18 18:34:00+00:00,pullback_long_midday_e357dc47fc29,1,market,0.0,45,1,12,20,44370.0
548335,548336,548336,548336,closed,stop,21240.5,21228.5,21240.75,21228.25,21228.5,21260.5,-12.0,-12.5,-13.0,-260.0,10.0,0.5,1.0,1.0,23.25,2024-07-19 16:06:00+00:00,2024-07-19 16:06:00+00:00,2024-07-19 16:07:00+00:00,2024-07-19 16:51:00+00:00,pullback_long_midday_e357dc47fc29,1,market,0.0,45,1,12,20,44110.0
548337,548338,548338,548338,closed,target,21223.0,21243.0,21223.25,21242.75,21211.0,21243.0,20.0,19.5,19.0,380.0,10.0,0.5,1.0,1.0,1.75,2024-07-19 16:08:00+00:00,2024-07-19 16:08:00+00:00,2024-07-19 16:09:00+00:00,2024-07-19 16:53:00+00:00,pullback_long_midday_e357dc47fc29,1,market,0.0,45,1,12,20,44490.0
548341,548342,548343,548343,closed,stop,21236.0,21224.0,21236.25,21223.75,21224.0,21256.0,-12.0,-12.5,-13.0,-260.0,10.0,0.5,2.0,2.0,17.25,2024-07-19 16:12:00+00:00,2024-07-19 16:12:00+00:00,2024-07-19 16:14:00+00:00,2024-07-19 16:57:00+00:00,pullback_long_midday_e357dc47fc29,1,market,0.0,45,1,12,20,44230.0
548344,548345,548347,548347,closed,stop,21234.5,21222.5,21234.75,21222.25,21222.5,21254.5,-12.0,-12.5,-13.0,-260.0,10.0,0.5,3.0,3.0,13.25,2024-07-19 16:15:00+00:00,2024-07-19 16:15:00+00:00,2024-07-19 16:18:00+00:00,2024-07-19 17:00:00+00:00,pullback_long_midday_e357dc47fc29,1,market,0.0,45,1,12,20,43970.0
548431,548432,548432,548432,closed,stop,21129.75,21117.75,21130.0,21117.5,21117.75,21149.75,-12.0,-12.5,-13.0,-260.0,10.0,0.5,1.0,1.0,26.25,2024-07-19 17:42:00+00:00,2024-07-19 17:42:00+00:00,2024-07-19 17:43:00+00:00,2024-07-19 18:27:00+00:00,pullback_long_midday_e357dc47fc29,1,market,0.0,45,1,12,20,43710.0
549691,549692,549699,549699,closed,stop,21293.25,21281.25,21293.5,21281.0,21281.25,21313.25,-12.0,-12.5,-13.0,-260.0,10.0,0.5,8.0,8.0,14.0,2024-07-22 15:57:00+00:00,2024-07-22 15:57:00+00:00,2024-07-22 16:05:00+00:00,2024-07-22 16:42:00+00:00,pullback_long_midday_e357dc47fc29,1,market,0.0,45,1,12,20,43450.0
549701,549702,549703,549703,closed,target,21287.0,21307.0,21287.25,21306.75,21275.0,21307.0,20.0,19.5,19.0,380.0,10.0,0.5,2.0,2.0,8.0,2024-07-22 16:07:00+00:00,2024-07-22 16:07:00+00:00,2024-07-22 16:09:00+00:00,2024-07-22 16:52:00+00:00,pullback_long_midday_e357dc47fc29,1,market,0.0,45,1,12,20,43830.0
549754,549755,549760,549760,closed,target,21394.5,21414.5,21394.75,21414.25,21382.5,21414.5,20.0,19.5,19.0,380.0,10.0,0.5,6.0,6.0,4.25,2024-07-22 17:00:00+00:00,2024-07-22 17:00:00+00:00,2024-07-22 17:06:00+00:00,2024-07-22 17:45:00+00:00,pullback_long_midday_e357dc47fc29,1,market,0.0,45,1,12,20,44210.0
549767,549768,549786,549786,closed,target,21413.75,21433.75,21414.0,21433.5,21401.75,21433.75,20.0,19.5,19.0,380.0,10.0,0.5,19.0,19.0,12.0,2024-07-22 17:13:00+00:00,2024-07-22 17:13:00+00:00,2024-07-22 17:32:00+00:00,2024-07-22 17:58:00+00:00,pullback_long_midday_e357dc47fc29,1,market,0.0,45,1,12,20,44590.0
549795,549796,549803,549803,closed,target,21428.5,21448.5,21428.75,21448.25,21416.5,21448.5,20.0,19.5,19.0,380.0,10.0,0.5,8.0,8.0,9.75,2024-07-22 17:41:00+00:00,2024-07-22 17:41:00+00:00,2024-07-22 17:49:00+00:00,2024-07-22 18:26:00+00:00,pullback_long_midday_e357dc47fc29,1,market,0.0,45,1,12,20,44970.0
551021,551022,551022,551022,closed,stop,21511.75,21499.75,21512.0,21499.5,21499.75,21531.75,-12.0,-12.5,-13.0,-260.0,10.0,0.5,1.0,1.0,13.75,2024-07-23 15:22:00+00:00,2024-07-23 15:22:00+00:00,2024-07-23 15:23:00+00:00,2024-07-23 16:07:00+00:00,pullback_long_midday_e357dc47fc29,1,market,0.0,45,1,12,20,44710.0
551024,551025,551025,551025,closed,stop,21503.25,21491.25,21503.5,21491.0,21491.25,21523.25,-12.0,-12.5,-13.0,-260.0,10.0,0.5,1.0,1.0,12.5,2024-07-23 15:25:00+00:00,2024-07-23 15:25:00+00:00,2024-07-23 15:26:00+00:00,2024-07-23 16:10:00+00:00,pullback_long_midday_e357dc47fc29,1,market,0.0,45,1,12,20,44450.0
551027,551028,551043,551043,closed,stop,21495.75,21483.75,21496.0,21483.5,21483.75,21515.75,-12.0,-12.5,-13.0,-260.0,10.0,0.5,16.0,16.0,14.25,2024-07-23 15:28:00+00:00,2024-07-23 15:28:00+00:00,2024-07-23 15:44:00+00:00,2024-07-23 16:13:00+00:00,pullback_long_midday_e357dc47fc29,1,market,0.0,45,1,12,20,44190.0
551151,551152,551154,551154,closed,stop,21393.5,21381.5,21393.75,21381.25,21381.5,21413.5,-12.0,-12.5,-13.0,-260.0,10.0,0.5,3.0,3.0,16.5,2024-07-23 17:32:00+00:00,2024-07-23 17:32:00+00:00,2024-07-23 17:35:00+00:00,2024-07-23 18:17:00+00:00,pullback_long_midday_e357dc47fc29,1,market,0.0,45,1,12,20,43930.0
551155,551156,551159,551159,closed,stop,21395.75,21383.75,21396.0,21383.5,21383.75,21415.75,-12.0,-12.5,-13.0,-260.0,10.0,0.5,4.0,4.0,13.75,2024-07-23 17:36:00+00:00,2024-07-23 17:36:00+00:00,2024-07-23 17:40:00+00:00,2024-07-23 18:21:00+00:00,pullback_long_midday_e357dc47fc29,1,market,0.0,45,1,12,20,43670.0
552451,552452,552453,552453,closed,stop,20778.0,20766.0,20778.25,20765.75,20766.0,20798.0,-12.0,-12.5,-13.0,-260.0,10.0,0.5,2.0,2.0,17.5,2024-07-24 16:27:00+00:00,2024-07-24 16:27:00+00:00,2024-07-24 16:29:00+00:00,2024-07-24 17:12:00+00:00,pullback_long_midday_e357dc47fc29,1,market,0.0,45,1,12,20,43410.0
552499,552500,552506,552506,closed,target,20788.0,20808.0,20788.25,20807.75,20776.0,20808.0,20.0,19.5,19.0,380.0,10.0,0.5,7.0,7.0,8.25,2024-07-24 17:15:00+00:00,2024-07-24 17:15:00+00:00,2024-07-24 17:22:00+00:00,2024-07-24 18:00:00+00:00,pullback_long_midday_e357dc47fc29,1,market,0.0,45,1,12,20,43790.0
553794,553795,553798,553798,closed,target,20667.5,20687.5,20667.75,20687.25,20655.5,20687.5,20.0,19.5,19.0,380.0,10.0,0.5,4.0,4.0,3.25,2024-07-25 16:10:00+00:00,2024-07-25 16:10:00+00:00,2024-07-25 16:14:00+00:00,2024-07-25 16:55:00+00:00,pullback_long_midday_e357dc47fc29,1,market,0.0,45,1,12,20,44170.0
553811,553812,553813,553813,closed,stop,20768.5,20756.5,20768.75,20756.25,20756.5,20788.5,-12.0,-12.5,-13.0,-260.0,10.0,0.5,2.0,2.0,17.0,2024-07-25 16:27:00+00:00,2024-07-25 16:27:00+00:00,2024-07-25 16:29:00+00:00,2024-07-25 17:12:00+00:00,pullback_long_midday_e357dc47fc29,1,market,0.0,45,1,12,20,43910.0
553814,553815,553815,553815,closed,stop,20775.0,20763.0,20775.25,20762.75,20763.0,20795.0,-12.0,-12.5,-13.0,-260.0,10.0,0.5,1.0,1.0,16.5,2024-07-25 16:30:00+00:00,2024-07-25 16:30:00+00:00,2024-07-25 16:31:00+00:00,2024-07-25 17:15:00+00:00,pullback_long_midday_e357dc47fc29,1,market,0.0,45,1,12,20,43650.0
553816,553817,553817,553817,closed,target,20766.25,20786.25,20766.5,20786.0,20754.25,20786.25,20.0,19.5,19.0,380.0,10.0,0.5,1.0,1.0,8.75,2024-07-25 16:32:00+00:00,2024-07-25 16:32:00+00:00,2024-07-25 16:33:00+00:00,2024-07-25 17:17:00+00:00,pullback_long_midday_e357dc47fc29,1,market,0.0,45,1,12,20,44030.0
553821,553822,553822,553822,closed,stop,20775.5,20763.5,20775.75,20763.25,20763.5,20795.5,-12.0,-12.5,-13.0,-260.0,10.0,0.5,1.0,1.0,18.5,2024-07-25 16:37:00+00:00,2024-07-25 16:37:00+00:00,2024-07-25 16:38:00+00:00,2024-07-25 17:22:00+00:00,pullback_long_midday_e357dc47fc29,1,market,0.0,45,1,12,20,43770.0
553825,553826,553832,553832,closed,stop,20777.75,20765.75,20778.0,20765.5,20765.75,20797.75,-12.0,-12.5,-13.0,-260.0,10.0,0.5,7.0,7.0,20.25,2024-07-25 16:41:00+00:00,2024-07-25 16:41:00+00:00,2024-07-25 16:48:00+00:00,2024-07-25 17:26:00+00:00,pullback_long_midday_e357dc47fc29,1,market,0.0,45,1,12,20,43510.0
553857,553858,553858,553858,closed,stop,20801.75,20789.75,20802.0,20789.5,20789.75,20821.75,-12.0,-12.5,-13.0,-260.0,10.0,0.5,1.0,1.0,22.0,2024-07-25 17:13:00+00:00,2024-07-25 17:13:00+00:00,2024-07-25 17:14:00+00:00,2024-07-25 17:58:00+00:00,pullback_long_midday_e357dc47fc29,1,market,0.0,45,1,12,20,43250.0
553889,553890,553890,553890,closed,stop,20717.5,20705.5,20717.75,20705.25,20705.5,20737.5,-12.0,-12.5,-13.0,-260.0,10.0,0.5,1.0,1.0,23.25,2024-07-25 17:45:00+00:00,2024-07-25 17:45:00+00:00,2024-07-25 17:46:00+00:00,2024-07-25 18:30:00+00:00,pullback_long_midday_e357dc47fc29,1,market,0.0,45,1,12,20,42990.0
553893,553894,553895,553895,closed,stop,20713.5,20701.5,20713.75,20701.25,20701.5,20733.5,-12.0,-12.5,-13.0,-260.0,10.0,0.5,2.0,2.0,22.0,2024-07-25 17:49:00+00:00,2024-07-25 17:49:00+00:00,2024-07-25 17:51:00+00:00,2024-07-25 18:34:00+00:00,pullback_long_midday_e357dc47fc29,1,market,0.0,45,1,12,20,42730.0
555103,555104,555105,555105,closed,stop,20566.25,20554.25,20566.5,20554.0,20554.25,20586.25,-12.0,-12.5,-13.0,-260.0,10.0,0.5,2.0,2.0,31.5,2024-07-26 15:14:00+00:00,2024-07-26 15:14:00+00:00,2024-07-26 15:16:00+00:00,2024-07-26 15:59:00+00:00,pullback_long_midday_e357dc47fc29,1,market,0.0,45,1,12,20,42470.0
555107,555108,555109,555109,closed,stop,20550.5,20538.5,20550.75,20538.25,20538.5,20570.5,-12.0,-12.5,-13.0,-260.0,10.0,0.5,2.0,2.0,17.5,2024-07-26 15:18:00+00:00,2024-07-26 15:18:00+00:00,2024-07-26 15:20:00+00:00,2024-07-26 16:03:00+00:00,pullback_long_midday_e357dc47fc29,1,market,0.0,45,1,12,20,42210.0
555132,555133,555135,555135,closed,target,20582.5,20602.5,20582.75,20602.25,20570.5,20602.5,20.0,19.5,19.0,380.0,10.0,0.5,3.0,3.0,8.5,2024-07-26 15:43:00+00:00,2024-07-26 15:43:00+00:00,2024-07-26 15:46:00+00:00,2024-07-26 16:28:00+00:00,pullback_long_midday_e357dc47fc29,1,market,0.0,45,1,12,20,42590.0
555143,555144,555146,555146,closed,stop,20613.75,20601.75,20614.0,20601.5,20601.75,20633.75,-12.0,-12.5,-13.0,-260.0,10.0,0.5,3.0,3.0,17.75,2024-07-26 15:54:00+00:00,2024-07-26 15:54:00+00:00,2024-07-26 15:57:00+00:00,2024-07-26 16:39:00+00:00,pullback_long_midday_e357dc47fc29,1,market,0.0,45,1,12,20,42330.0
555164,555165,555175,555175,closed,target,20645.0,20665.0,20645.25,20664.75,20633.0,20665.0,20.0,19.5,19.0,380.0,10.0,0.5,11.0,11.0,9.75,2024-07-26 16:15:00+00:00,2024-07-26 16:15:00+00:00,2024-07-26 16:26:00+00:00,2024-07-26 17:00:00+00:00,pullback_long_midday_e357dc47fc29,1,market,0.0,45,1,12,20,42710.0
555187,555188,555192,555192,closed,target,20675.25,20695.25,20675.5,20695.0,20663.25,20695.25,20.0,19.5,19.0,380.0,10.0,0.5,5.0,5.0,10.5,2024-07-26 16:38:00+00:00,2024-07-26 16:38:00+00:00,2024-07-26 16:43:00+00:00,2024-07-26 17:23:00+00:00,pullback_long_midday_e357dc47fc29,1,market,0.0,45,1,12,20,43090.0
555199,555200,555210,555210,closed,target,20702.25,20722.25,20702.5,20722.0,20690.25,20722.25,20.0,19.5,19.0,380.0,10.0,0.5,11.0,11.0,5.75,2024-07-26 16:50:00+00:00,2024-07-26 16:50:00+00:00,2024-07-26 17:01:00+00:00,2024-07-26 17:35:00+00:00,pullback_long_midday_e357dc47fc29,1,market,0.0,45,1,12,20,43470.0
555241,555242,555243,555243,closed,stop,20723.25,20711.25,20723.5,20711.0,20711.25,20743.25,-12.0,-12.5,-13.0,-260.0,10.0,0.5,2.0,2.0,14.25,2024-07-26 17:32:00+00:00,2024-07-26 17:32:00+00:00,2024-07-26 17:34:00+00:00,2024-07-26 18:17:00+00:00,pullback_long_midday_e357dc47fc29,1,market,0.0,45,1,12,20,43210.0
556560,556561,556564,556564,closed,stop,20755.5,20743.5,20755.75,20743.25,20743.5,20775.5,-12.0,-12.5,-13.0,-260.0,10.0,0.5,4.0,4.0,14.5,2024-07-29 16:47:00+00:00,2024-07-29 16:47:00+00:00,2024-07-29 16:51:00+00:00,2024-07-29 17:32:00+00:00,pullback_long_midday_e357dc47fc29,1,market,0.0,45,1,12,20,42950.0
556626,556627,556628,556628,closed,stop,20711.0,20699.0,20711.25,20698.75,20699.0,20731.0,-12.0,-12.5,-13.0,-260.0,10.0,0.5,2.0,2.0,21.0,2024-07-29 17:53:00+00:00,2024-07-29 17:53:00+00:00,2024-07-29 17:55:00+00:00,2024-07-29 18:38:00+00:00,pullback_long_midday_e357dc47fc29,1,market,0.0,45,1,12,20,42690.0
557966,557967,557974,557974,closed,target,20330.25,20350.25,20330.5,20350.0,20318.25,20350.25,20.0,19.5,19.0,380.0,10.0,0.5,8.0,8.0,9.75,2024-07-30 17:29:00+00:00,2024-07-30 17:29:00+00:00,2024-07-30 17:37:00+00:00,2024-07-30 18:14:00+00:00,pullback_long_midday_e357dc47fc29,1,market,0.0,45,1,12,20,43070.0
557980,557981,557984,557984,closed,target,20358.25,20378.25,20358.5,20378.0,20346.25,20378.25,20.0,19.5,19.0,380.0,10.0,0.5,4.0,4.0,5.75,2024-07-30 17:43:00+00:00,2024-07-30 17:43:00+00:00,2024-07-30 17:47:00+00:00,2024-07-30 18:28:00+00:00,pullback_long_midday_e357dc47fc29,1,market,0.0,45,1,12,20,43450.0
557993,557994,557995,557995,closed,stop,20368.5,20356.5,20368.75,20356.25,20356.5,20388.5,-12.0,-12.5,-13.0,-260.0,10.0,0.5,2.0,2.0,12.25,2024-07-30 17:56:00+00:00,2024-07-30 17:56:00+00:00,2024-07-30 17:58:00+00:00,2024-07-30 18:41:00+00:00,pullback_long_midday_e357dc47fc29,1,market,0.0,45,1,12,20,43190.0
559192,559193,559198,559198,closed,target,20898.75,20918.75,20899.0,20918.5,20886.75,20918.75,20.0,19.5,19.0,380.0,10.0,0.5,6.0,6.0,9.5,2024-07-31 15:10:00+00:00,2024-07-31 15:10:00+00:00,2024-07-31 15:16:00+00:00,2024-07-31 15:55:00+00:00,pullback_long_midday_e357dc47fc29,1,market,0.0,45,1,12,20,43570.0
559200,559201,559206,559206,closed,stop,20910.75,20898.75,20911.0,20898.5,20898.75,20930.75,-12.0,-12.5,-13.0,-260.0,10.0,0.5,6.0,6.0,18.5,2024-07-31 15:18:00+00:00,2024-07-31 15:18:00+00:00,2024-07-31 15:24:00+00:00,2024-07-31 16:03:00+00:00,pullback_long_midday_e357dc47fc29,1,market,0.0,45,1,12,20,43310.0
559217,559218,559218,559218,closed,stop,20938.75,20926.75,20939.0,20926.5,20926.75,20958.75,-12.0,-12.5,-13.0,-260.0,10.0,0.5,1.0,1.0,20.0,2024-07-31 15:35:00+00:00,2024-07-31 15:35:00+00:00,2024-07-31 15:36:00+00:00,2024-07-31 16:20:00+00:00,pullback_long_midday_e357dc47fc29,1,market,0.0,45,1,12,20,43050.0
559265,559266,559267,559267,closed,stop,20912.0,20900.0,20912.25,20899.75,20900.0,20932.0,-12.0,-12.5,-13.0,-260.0,10.0,0.5,2.0,2.0,18.0,2024-07-31 16:23:00+00:00,2024-07-31 16:23:00+00:00,2024-07-31 16:25:00+00:00,2024-07-31 17:08:00+00:00,pullback_long_midday_e357dc47fc29,1,market,0.0,45,1,12,20,42790.0
559325,559326,559327,559327,closed,stop,20900.75,20888.75,20901.0,20888.5,20888.75,20920.75,-12.0,-12.5,-13.0,-260.0,10.0,0.5,2.0,2.0,21.75,2024-07-31 17:23:00+00:00,2024-07-31 17:23:00+00:00,2024-07-31 17:25:00+00:00,2024-07-31 18:08:00+00:00,pullback_long_midday_e357dc47fc29,1,market,0.0,45,1,12,20,42530.0
561940,561941,561941,561941,closed,target,19916.5,19936.5,19916.75,19936.25,19904.5,19936.5,20.0,19.5,19.0,380.0,10.0,0.5,1.0,1.0,7.75,2024-08-02 15:28:00+00:00,2024-08-02 15:28:00+00:00,2024-08-02 15:29:00+00:00,2024-08-02 16:13:00+00:00,pullback_long_midday_e357dc47fc29,1,market,0.0,45,1,12,20,42910.0
561941,561942,561942,561942,closed,stop,19926.25,19914.25,19926.5,19914.0,19914.25,19946.25,-12.0,-12.5,-13.0,-260.0,10.0,0.5,1.0,1.0,20.75,2024-08-02 15:29:00+00:00,2024-08-02 15:29:00+00:00,2024-08-02 15:30:00+00:00,2024-08-02 16:14:00+00:00,pullback_long_midday_e357dc47fc29,1,market,0.0,45,1,12,20,42650.0
561953,561954,561954,561954,closed,target,19996.75,20016.75,19997.0,20016.5,19984.75,20016.75,20.0,19.5,19.0,380.0,10.0,0.5,1.0,1.0,0.25,2024-08-02 15:41:00+00:00,2024-08-02 15:41:00+00:00,2024-08-02 15:42:00+00:00,2024-08-02 16:26:00+00:00,pullback_long_midday_e357dc47fc29,1,market,0.0,45,1,12,20,43030.0
561962,561963,561963,561963,closed,stop,20004.5,19992.5,20004.75,19992.25,19992.5,20024.5,-12.0,-12.5,-13.0,-260.0,10.0,0.5,1.0,1.0,14.0,2024-08-02 15:50:00+00:00,2024-08-02 15:50:00+00:00,2024-08-02 15:51:00+00:00,2024-08-02 16:35:00+00:00,pullback_long_midday_e357dc47fc29,1,market,0.0,45,1,12,20,42770.0
561965,561966,-1,561967,unresolved,unexpected_gap,20016.5,,20016.75,,20004.5,20036.5,,,,,,,,,9.5,2024-08-02 15:53:00+00:00,2024-08-02 15:53:00+00:00,,2024-08-02 16:38:00+00:00,pullback_long_midday_e357dc47fc29,1,market,0.0,45,1,12,20,
563350,563351,563351,563351,closed,target,19626.0,19646.0,19626.25,19645.75,19614.0,19646.0,20.0,19.5,19.0,380.0,10.0,0.5,1.0,1.0,1.0,2024-08-05 16:23:00+00:00,2024-08-05 16:23:00+00:00,2024-08-05 16:24:00+00:00,2024-08-05 17:08:00+00:00,pullback_long_midday_e357dc47fc29,1,market,0.0,45,1,12,20,
563402,563403,563403,563403,closed,target,19515.25,19535.25,19515.5,19535.0,19503.25,19535.25,20.0,19.5,19.0,380.0,10.0,0.5,1.0,1.0,3.0,2024-08-05 17:15:00+00:00,2024-08-05 17:15:00+00:00,2024-08-05 17:16:00+00:00,2024-08-05 18:00:00+00:00,pullback_long_midday_e357dc47fc29,1,market,0.0,45,1,12,20,
563406,563407,563409,563409,closed,target,19542.5,19562.5,19542.75,19562.25,19530.5,19562.5,20.0,19.5,19.0,380.0,10.0,0.5,3.0,3.0,11.25,2024-08-05 17:19:00+00:00,2024-08-05 17:19:00+00:00,2024-08-05 17:22:00+00:00,2024-08-05 18:04:00+00:00,pullback_long_midday_e357dc47fc29,1,market,0.0,45,1,12,20,
563413,563414,563414,563414,closed,target,19557.75,19577.75,19558.0,19577.5,19545.75,19577.75,20.0,19.5,19.0,380.0,10.0,0.5,1.0,1.0,4.75,2024-08-05 17:26:00+00:00,2024-08-05 17:26:00+00:00,2024-08-05 17:27:00+00:00,2024-08-05 18:11:00+00:00,pullback_long_midday_e357dc47fc29,1,market,0.0,45,1,12,20,
563421,563422,563423,563423,closed,stop,19554.0,19542.0,19554.25,19541.75,19542.0,19574.0,-12.0,-12.5,-13.0,-260.0,10.0,0.5,2.0,2.0,22.75,2024-08-05 17:34:00+00:00,2024-08-05 17:34:00+00:00,2024-08-05 17:36:00+00:00,2024-08-05 18:19:00+00:00,pullback_long_midday_e357dc47fc29,1,market,0.0,45,1,12,20,
564632,564633,564634,564634,closed,target,19734.75,19754.75,19735.0,19754.5,19722.75,19754.75,20.0,19.5,19.0,380.0,10.0,0.5,2.0,2.0,7.25,2024-08-06 15:00:00+00:00,2024-08-06 15:00:00+00:00,2024-08-06 15:02:00+00:00,2024-08-06 15:45:00+00:00,pullback_long_midday_e357dc47fc29,1,market,0.0,45,1,12,20,
564688,564689,564691,564691,closed,stop,19767.75,19755.75,19768.0,19755.5,19755.75,19787.75,-12.0,-12.5,-13.0,-260.0,10.0,0.5,3.0,3.0,14.5,2024-08-06 15:56:00+00:00,2024-08-06 15:56:00+00:00,2024-08-06 15:59:00+00:00,2024-08-06 16:41:00+00:00,pullback_long_midday_e357dc47fc29,1,market,0.0,45,1,12,20,
564699,564700,564700,564700,closed,stop,19786.75,19774.75,19787.0,19774.5,19774.75,19806.75,-12.0,-12.5,-13.0,-260.0,10.0,0.5,1.0,1.0,22.5,2024-08-06 16:07:00+00:00,2024-08-06 16:07:00+00:00,2024-08-06 16:08:00+00:00,2024-08-06 16:52:00+00:00,pullback_long_midday_e357dc47fc29,1,market,0.0,45,1,12,20,
564703,564704,564705,564705,closed,target,19772.5,19792.5,19772.75,19792.25,19760.5,19792.5,20.0,19.5,19.0,380.0,10.0,0.5,2.0,2.0,3.5,2024-08-06 16:11:00+00:00,2024-08-06 16:11:00+00:00,2024-08-06 16:13:00+00:00,2024-08-06 16:56:00+00:00,pullback_long_midday_e357dc47fc29,1,market,0.0,45,1,12,20,
564754,564755,564763,564763,closed,stop,19864.25,19852.25,19864.5,19852.0,19852.25,19884.25,-12.0,-12.5,-13.0,-260.0,10.0,0.5,9.0,9.0,13.75,2024-08-06 17:02:00+00:00,2024-08-06 17:02:00+00:00,2024-08-06 17:11:00+00:00,2024-08-06 17:47:00+00:00,pullback_long_midday_e357dc47fc29,1,market,0.0,45,1,12,20,
564794,564795,564795,564795,closed,stop,19859.25,19847.25,19859.5,19847.0,19847.25,19879.25,-12.0,-12.5,-13.0,-260.0,10.0,0.5,1.0,1.0,18.0,2024-08-06 17:42:00+00:00,2024-08-06 17:42:00+00:00,2024-08-06 17:43:00+00:00,2024-08-06 18:27:00+00:00,pullback_long_midday_e357dc47fc29,1,market,0.0,45,1,12,20,
566000,566001,566001,566001,closed,target,19940.75,19960.75,19941.0,19960.5,19928.75,19960.75,20.0,19.5,19.0,380.0,10.0,0.5,1.0,1.0,1.75,2024-08-07 15:03:00+00:00,2024-08-07 15:03:00+00:00,2024-08-07 15:04:00+00:00,2024-08-07 15:48:00+00:00,pullback_long_midday_e357dc47fc29,1,market,0.0,45,1,12,20,
566084,566085,566086,566086,closed,target,19813.25,19833.25,19813.5,19833.0,19801.25,19833.25,20.0,19.5,19.0,380.0,10.0,0.5,2.0,2.0,7.75,2024-08-07 16:27:00+00:00,2024-08-07 16:27:00+00:00,2024-08-07 16:29:00+00:00,2024-08-07 17:12:00+00:00,pullback_long_midday_e357dc47fc29,1,market,0.0,45,1,12,20,
566096,566097,566098,566098,closed,stop,19806.25,19794.25,19806.5,19794.0,19794.25,19826.25,-12.0,-12.5,-13.0,-260.0,10.0,0.5,2.0,2.0,15.25,2024-08-07 16:39:00+00:00,2024-08-07 16:39:00+00:00,2024-08-07 16:41:00+00:00,2024-08-07 17:24:00+00:00,pullback_long_midday_e357dc47fc29,1,market,0.0,45,1,12,20,
567367,567368,567368,567368,closed,stop,19834.25,19822.25,19834.5,19822.0,19822.25,19854.25,-12.0,-12.5,-13.0,-260.0,10.0,0.5,1.0,1.0,14.5,2024-08-08 15:05:00+00:00,2024-08-08 15:05:00+00:00,2024-08-08 15:06:00+00:00,2024-08-08 15:50:00+00:00,pullback_long_midday_e357dc47fc29,1,market,0.0,45,1,12,20,
567393,567394,567394,567394,closed,target,19826.0,19846.0,19826.25,19845.75,19814.0,19846.0,20.0,19.5,19.0,380.0,10.0,0.5,1.0,1.0,4.25,2024-08-08 15:31:00+00:00,2024-08-08 15:31:00+00:00,2024-08-08 15:32:00+00:00,2024-08-08 16:16:00+00:00,pullback_long_midday_e357dc47fc29,1,market,0.0,45,1,12,20,
567397,567398,567399,567399,closed,stop,19834.0,19822.0,19834.25,19821.75,19822.0,19854.0,-12.0,-12.5,-13.0,-260.0,10.0,0.5,2.0,2.0,12.5,2024-08-08 15:35:00+00:00,2024-08-08 15:35:00+00:00,2024-08-08 15:37:00+00:00,2024-08-08 16:20:00+00:00,pullback_long_midday_e357dc47fc29,1,market,0.0,45,1,12,20,
567404,567405,567412,567412,closed,stop,19810.25,19798.25,19810.5,19798.0,19798.25,19830.25,-12.0,-12.5,-13.0,-260.0,10.0,0.5,8.0,8.0,23.75,2024-08-08 15:42:00+00:00,2024-08-08 15:42:00+00:00,2024-08-08 15:50:00+00:00,2024-08-08 16:27:00+00:00,pullback_long_midday_e357dc47fc29,1,market,0.0,45,1,12,20,
567425,567426,567427,567427,closed,target,19845.75,19865.75,19846.0,19865.5,19833.75,19865.75,20.0,19.5,19.0,380.0,10.0,0.5,2.0,2.0,0.5,2024-08-08 16:03:00+00:00,2024-08-08 16:03:00+00:00,2024-08-08 16:05:00+00:00,2024-08-08 16:48:00+00:00,pullback_long_midday_e357dc47fc29,1,market,0.0,45,1,12,20,
567437,567438,567440,567440,closed,stop,19877.0,19865.0,19877.25,19864.75,19865.0,19897.0,-12.0,-12.5,-13.0,-260.0,10.0,0.5,3.0,3.0,17.0,2024-08-08 16:15:00+00:00,2024-08-08 16:15:00+00:00,2024-08-08 16:18:00+00:00,2024-08-08 17:00:00+00:00,pullback_long_midday_e357dc47fc29,1,market,0.0,45,1,12,20,
567440,567441,567444,567444,closed,target,19869.75,19889.75,19870.0,19889.5,19857.75,19889.75,20.0,19.5,19.0,380.0,10.0,0.5,4.0,4.0,4.25,2024-08-08 16:18:00+00:00,2024-08-08 16:18:00+00:00,2024-08-08 16:22:00+00:00,2024-08-08 17:03:00+00:00,pullback_long_midday_e357dc47fc29,1,market,0.0,45,1,12,20,
567446,567447,567449,567449,closed,stop,19882.75,19870.75,19883.0,19870.5,19870.75,19902.75,-12.0,-12.5,-13.0,-260.0,10.0,0.5,3.0,3.0,17.5,2024-08-08 16:24:00+00:00,2024-08-08 16:24:00+00:00,2024-08-08 16:27:00+00:00,2024-08-08 17:09:00+00:00,pullback_long_midday_e357dc47fc29,1,market,0.0,45,1,12,20,
567482,567483,567485,567485,closed,stop,19840.5,19828.5,19840.75,19828.25,19828.5,19860.5,-12.0,-12.5,-13.0,-260.0,10.0,0.5,3.0,3.0,41.75,2024-08-08 17:00:00+00:00,2024-08-08 17:00:00+00:00,2024-08-08 17:03:00+00:00,2024-08-08 17:45:00+00:00,pullback_long_midday_e357dc47fc29,1,market,0.0,45,1,12,20,
567528,567529,567534,567534,closed,target,19943.25,19963.25,19943.5,19963.0,19931.25,19963.25,20.0,19.5,19.0,380.0,10.0,0.5,6.0,6.0,2.5,2024-08-08 17:46:00+00:00,2024-08-08 17:46:00+00:00,2024-08-08 17:52:00+00:00,2024-08-08 18:31:00+00:00,pullback_long_midday_e357dc47fc29,1,market,0.0,45,1,12,20,
567539,567540,567541,567541,closed,stop,19947.5,19935.5,19947.75,19935.25,19935.5,19967.5,-12.0,-12.5,-13.0,-260.0,10.0,0.5,2.0,2.0,13.0,2024-08-08 17:57:00+00:00,2024-08-08 17:57:00+00:00,2024-08-08 17:59:00+00:00,2024-08-08 18:42:00+00:00,pullback_long_midday_e357dc47fc29,1,market,0.0,45,1,12,20,
568728,568729,568729,568729,closed,stop,19975.75,19963.75,19976.0,19963.5,19963.75,19995.75,-12.0,-12.5,-13.0,-260.0,10.0,0.5,1.0,1.0,16.25,2024-08-09 15:01:00+00:00,2024-08-09 15:01:00+00:00,2024-08-09 15:02:00+00:00,2024-08-09 15:46:00+00:00,pullback_long_midday_e357dc47fc29,1,market,0.0,45,1,12,20,
568730,568731,568732,568732,closed,target,19971.0,19991.0,19971.25,19990.75,19959.0,19991.0,20.0,19.5,19.0,380.0,10.0,0.5,2.0,2.0,2.5,2024-08-09 15:03:00+00:00,2024-08-09 15:03:00+00:00,2024-08-09 15:05:00+00:00,2024-08-09 15:48:00+00:00,pullback_long_midday_e357dc47fc29,1,market,0.0,45,1,12,20,
568823,568824,568837,568837,closed,target,19930.25,19950.25,19930.5,19950.0,19918.25,19950.25,20.0,19.5,19.0,380.0,10.0,0.5,14.0,14.0,8.5,2024-08-09 16:36:00+00:00,2024-08-09 16:36:00+00:00,2024-08-09 16:50:00+00:00,2024-08-09 17:21:00+00:00,pullback_long_midday_e357dc47fc29,1,market,0.0,45,1,12,20,
568844,568845,568850,568850,closed,target,19952.5,19972.5,19952.75,19972.25,19940.5,19972.5,20.0,19.5,19.0,380.0,10.0,0.5,6.0,6.0,10.0,2024-08-09 16:57:00+00:00,2024-08-09 16:57:00+00:00,2024-08-09 17:03:00+00:00,2024-08-09 17:42:00+00:00,pullback_long_midday_e357dc47fc29,1,market,0.0,45,1,12,20,
568855,568856,568858,568858,closed,target,19970.25,19990.25,19970.5,19990.0,19958.25,19990.25,20.0,19.5,19.0,380.0,10.0,0.5,3.0,3.0,3.25,2024-08-09 17:08:00+00:00,2024-08-09 17:08:00+00:00,2024-08-09 17:11:00+00:00,2024-08-09 17:53:00+00:00,pullback_long_midday_e357dc47fc29,1,market,0.0,45,1,12,20,
568867,568868,568877,568877,closed,target,20052.5,20072.5,20052.75,20072.25,20040.5,20072.5,20.0,19.5,19.0,380.0,10.0,0.5,10.0,10.0,12.0,2024-08-09 17:20:00+00:00,2024-08-09 17:20:00+00:00,2024-08-09 17:30:00+00:00,2024-08-09 18:05:00+00:00,pullback_long_midday_e357dc47fc29,1,market,0.0,45,1,12,20,
568881,568882,568889,568889,closed,stop,20086.25,20074.25,20086.5,20074.0,20074.25,20106.25,-12.0,-12.5,-13.0,-260.0,10.0,0.5,8.0,8.0,21.25,2024-08-09 17:34:00+00:00,2024-08-09 17:34:00+00:00,2024-08-09 17:42:00+00:00,2024-08-09 18:19:00+00:00,pullback_long_midday_e357dc47fc29,1,market,0.0,45,1,12,20,
568891,568892,568896,568896,closed,stop,20072.25,20060.25,20072.5,20060.0,20060.25,20092.25,-12.0,-12.5,-13.0,-260.0,10.0,0.5,5.0,5.0,17.25,2024-08-09 17:44:00+00:00,2024-08-09 17:44:00+00:00,2024-08-09 17:49:00+00:00,2024-08-09 18:29:00+00:00,pullback_long_midday_e357dc47fc29,1,market,0.0,45,1,12,20,
570103,570104,570108,570108,closed,stop,20181.0,20169.0,20181.25,20168.75,20169.0,20201.0,-12.0,-12.5,-13.0,-260.0,10.0,0.5,5.0,5.0,14.25,2024-08-12 15:11:00+00:00,2024-08-12 15:11:00+00:00,2024-08-12 15:16:00+00:00,2024-08-12 15:56:00+00:00,pullback_long_midday_e357dc47fc29,1,market,0.0,45,1,12,20,
570109,570110,570113,570113,closed,stop,20183.5,20171.5,20183.75,20171.25,20171.5,20203.5,-12.0,-12.5,-13.0,-260.0,10.0,0.5,4.0,4.0,15.5,2024-08-12 15:17:00+00:00,2024-08-12 15:17:00+00:00,2024-08-12 15:21:00+00:00,2024-08-12 16:02:00+00:00,pullback_long_midday_e357dc47fc29,1,market,0.0,45,1,12,20,
570114,570115,570115,570115,closed,stop,20178.0,20166.0,20178.25,20165.75,20166.0,20198.0,-12.0,-12.5,-13.0,-260.0,10.0,0.5,1.0,1.0,65.0,2024-08-12 15:22:00+00:00,2024-08-12 15:22:00+00:00,2024-08-12 15:23:00+00:00,2024-08-12 16:07:00+00:00,pullback_long_midday_e357dc47fc29,1,market,0.0,45,1,12,20,
570160,570161,570168,570168,closed,stop,20132.5,20120.5,20132.75,20120.25,20120.5,20152.5,-12.0,-12.5,-13.0,-260.0,10.0,0.5,8.0,8.0,14.0,2024-08-12 16:08:00+00:00,2024-08-12 16:08:00+00:00,2024-08-12 16:16:00+00:00,2024-08-12 16:53:00+00:00,pullback_long_midday_e357dc47fc29,1,market,0.0,45,1,12,20,
570196,570197,570203,570203,closed,stop,20132.25,20120.25,20132.5,20120.0,20120.25,20152.25,-12.0,-12.5,-13.0,-260.0,10.0,0.5,7.0,7.0,19.5,2024-08-12 16:44:00+00:00,2024-08-12 16:44:00+00:00,2024-08-12 16:51:00+00:00,2024-08-12 17:29:00+00:00,pullback_long_midday_e357dc47fc29,1,market,0.0,45,1,12,20,
570237,570238,570238,570238,closed,stop,20109.75,20097.75,20110.0,20097.5,20097.75,20129.75,-12.0,-12.5,-13.0,-260.0,10.0,0.5,1.0,1.0,28.0,2024-08-12 17:25:00+00:00,2024-08-12 17:25:00+00:00,2024-08-12 17:26:00+00:00,2024-08-12 18:10:00+00:00,pullback_long_midday_e357dc47fc29,1,market,0.0,45,1,12,20,
570240,570241,570251,570251,closed,stop,20091.75,20079.75,20092.0,20079.5,20079.75,20111.75,-12.0,-12.5,-13.0,-260.0,10.0,0.5,11.0,11.0,24.25,2024-08-12 17:28:00+00:00,2024-08-12 17:28:00+00:00,2024-08-12 17:39:00+00:00,2024-08-12 18:13:00+00:00,pullback_long_midday_e357dc47fc29,1,market,0.0,45,1,12,20,
571460,571461,571463,571463,closed,target,20374.0,20394.0,20374.25,20393.75,20362.0,20394.0,20.0,19.5,19.0,380.0,10.0,0.5,3.0,3.0,3.75,2024-08-13 15:03:00+00:00,2024-08-13 15:03:00+00:00,2024-08-13 15:06:00+00:00,2024-08-13 15:48:00+00:00,pullback_long_midday_e357dc47fc29,1,market,0.0,45,1,12,20,
571469,571470,571486,571486,closed,target,20388.25,20408.25,20388.5,20408.0,20376.25,20408.25,20.0,19.5,19.0,380.0,10.0,0.5,17.0,17.0,3.5,2024-08-13 15:12:00+00:00,2024-08-13 15:12:00+00:00,2024-08-13 15:29:00+00:00,2024-08-13 15:57:00+00:00,pullback_long_midday_e357dc47fc29,1,market,0.0,45,1,12,20,
571488,571489,571489,571489,closed,stop,20405.25,20393.25,20405.5,20393.0,20393.25,20425.25,-12.0,-12.5,-13.0,-260.0,10.0,0.5,1.0,1.0,13.5,2024-08-13 15:31:00+00:00,2024-08-13 15:31:00+00:00,2024-08-13 15:32:00+00:00,2024-08-13 16:16:00+00:00,pullback_long_midday_e357dc47fc29,1,market,0.0,45,1,12,20,
571491,571492,571508,571508,closed,target,20399.5,20419.5,20399.75,20419.25,20387.5,20419.5,20.0,19.5,19.0,380.0,10.0,0.5,17.0,17.0,7.0,2024-08-13 15:34:00+00:00,2024-08-13 15:34:00+00:00,2024-08-13 15:51:00+00:00,2024-08-13 16:19:00+00:00,pullback_long_midday_e357dc47fc29,1,market,0.0,45,1,12,20,
571510,571511,571518,571518,closed,stop,20414.25,20402.25,20414.5,20402.0,20402.25,20434.25,-12.0,-12.5,-13.0,-260.0,10.0,0.5,8.0,8.0,15.5,2024-08-13 15:53:00+00:00,2024-08-13 15:53:00+00:00,2024-08-13 16:01:00+00:00,2024-08-13 16:38:00+00:00,pullback_long_midday_e357dc47fc29,1,market,0.0,45,1,12,20,
571530,571531,571538,571538,closed,target,20427.5,20447.5,20427.75,20447.25,20415.5,20447.5,20.0,19.5,19.0,380.0,10.0,0.5,8.0,8.0,6.0,2024-08-13 16:13:00+00:00,2024-08-13 16:13:00+00:00,2024-08-13 16:21:00+00:00,2024-08-13 16:58:00+00:00,pullback_long_midday_e357dc47fc29,1,market,0.0,45,1,12,20,
571544,571545,571546,571546,closed,stop,20454.0,20442.0,20454.25,20441.75,20442.0,20474.0,-12.0,-12.5,-13.0,-260.0,10.0,0.5,2.0,2.0,14.75,2024-08-13 16:27:00+00:00,2024-08-13 16:27:00+00:00,2024-08-13 16:29:00+00:00,2024-08-13 17:12:00+00:00,pullback_long_midday_e357dc47fc29,1,market,0.0,45,1,12,20,
571547,571548,571548,571548,closed,stop,20445.0,20433.0,20445.25,20432.75,20433.0,20465.0,-12.0,-12.5,-13.0,-260.0,10.0,0.5,1.0,1.0,15.75,2024-08-13 16:30:00+00:00,2024-08-13 16:30:00+00:00,2024-08-13 16:31:00+00:00,2024-08-13 17:15:00+00:00,pullback_long_midday_e357dc47fc29,1,market,0.0,45,1,12,20,
571549,571550,571560,571560,closed,target,20440.0,20460.0,20440.25,20459.75,20428.0,20460.0,20.0,19.5,19.0,380.0,10.0,0.5,11.0,11.0,12.0,2024-08-13 16:32:00+00:00,2024-08-13 16:32:00+00:00,2024-08-13 16:43:00+00:00,2024-08-13 17:17:00+00:00,pullback_long_midday_e357dc47fc29,1,market,0.0,45,1,12,20,
571571,571572,571587,571587,closed,target,20494.5,20514.5,20494.75,20514.25,20482.5,20514.5,20.0,19.5,19.0,380.0,10.0,0.5,16.0,16.0,5.0,2024-08-13 16:54:00+00:00,2024-08-13 16:54:00+00:00,2024-08-13 17:10:00+00:00,2024-08-13 17:39:00+00:00,pullback_long_midday_e357dc47fc29,1,market,0.0,45,1,12,20,
571596,571597,571602,571602,closed,stop,20510.75,20498.75,20511.0,20498.5,20498.75,20530.75,-12.0,-12.5,-13.0,-260.0,10.0,0.5,6.0,6.0,12.5,2024-08-13 17:19:00+00:00,2024-08-13 17:19:00+00:00,2024-08-13 17:25:00+00:00,2024-08-13 18:04:00+00:00,pullback_long_midday_e357dc47fc29,1,market,0.0,45,1,12,20,
572833,572834,572849,572849,closed,target,20508.25,20528.25,20508.5,20528.0,20496.25,20528.25,20.0,19.5,19.0,380.0,10.0,0.5,16.0,16.0,1.0,2024-08-14 15:11:00+00:00,2024-08-14 15:11:00+00:00,2024-08-14 15:27:00+00:00,2024-08-14 15:56:00+00:00,pullback_long_midday_e357dc47fc29,1,market,0.0,45,1,12,20,
572861,572862,572864,572864,closed,target,20566.5,20586.5,20566.75,20586.25,20554.5,20586.5,20.0,19.5,19.0,380.0,10.0,0.5,3.0,3.0,1.0,2024-08-14 15:39:00+00:00,2024-08-14 15:39:00+00:00,2024-08-14 15:42:00+00:00,2024-08-14 16:24:00+00:00,pullback_long_midday_e357dc47fc29,1,market,0.0,45,1,12,20,
572868,572869,572874,572874,closed,target,20573.0,20593.0,20573.25,20592.75,20561.0,20593.0,20.0,19.5,19.0,380.0,10.0,0.5,6.0,6.0,1.5,2024-08-14 15:46:00+00:00,2024-08-14 15:46:00+00:00,2024-08-14 15:52:00+00:00,2024-08-14 16:31:00+00:00,pullback_long_midday_e357dc47fc29,1,market,0.0,45,1,12,20,
572884,572885,572886,572886,closed,stop,20627.0,20615.0,20627.25,20614.75,20615.0,20647.0,-12.0,-12.5,-13.0,-260.0,10.0,0.5,2.0,2.0,16.25,2024-08-14 16:02:00+00:00,2024-08-14 16:02:00+00:00,2024-08-14 16:04:00+00:00,2024-08-14 16:47:00+00:00,pullback_long_midday_e357dc47fc29,1,market,0.0,45,1,12,20,
572887,572888,572892,572892,closed,stop,20620.5,20608.5,20620.75,20608.25,20608.5,20640.5,-12.0,-12.5,-13.0,-260.0,10.0,0.5,5.0,5.0,15.5,2024-08-14 16:05:00+00:00,2024-08-14 16:05:00+00:00,2024-08-14 16:10:00+00:00,2024-08-14 16:50:00+00:00,pullback_long_midday_e357dc47fc29,1,market,0.0,45,1,12,20,
572955,572956,572974,572974,closed,target,20505.75,20525.75,20506.0,20525.5,20493.75,20525.75,20.0,19.5,19.0,380.0,10.0,0.5,19.0,19.0,11.5,2024-08-14 17:13:00+00:00,2024-08-14 17:13:00+00:00,2024-08-14 17:32:00+00:00,2024-08-14 17:58:00+00:00,pullback_long_midday_e357dc47fc29,1,market,0.0,45,1,12,20,
572978,572979,572980,572980,closed,stop,20525.5,20513.5,20525.75,20513.25,20513.5,20545.5,-12.0,-12.5,-13.0,-260.0,10.0,0.5,2.0,2.0,21.25,2024-08-14 17:36:00+00:00,2024-08-14 17:36:00+00:00,2024-08-14 17:38:00+00:00,2024-08-14 18:21:00+00:00,pullback_long_midday_e357dc47fc29,1,market,0.0,45,1,12,20,
574207,574208,574217,574217,closed,stop,20949.75,20937.75,20950.0,20937.5,20937.75,20969.75,-12.0,-12.5,-13.0,-260.0,10.0,0.5,10.0,10.0,19.25,2024-08-15 15:20:00+00:00,2024-08-15 15:20:00+00:00,2024-08-15 15:30:00+00:00,2024-08-15 16:05:00+00:00,pullback_long_midday_e357dc47fc29,1,market,0.0,45,1,12,20,
574232,574233,574247,574247,closed,stop,20974.0,20962.0,20974.25,20961.75,20962.0,20994.0,-12.0,-12.5,-13.0,-260.0,10.0,0.5,15.0,15.0,15.5,2024-08-15 15:45:00+00:00,2024-08-15 15:45:00+00:00,2024-08-15 16:00:00+00:00,2024-08-15 16:30:00+00:00,pullback_long_midday_e357dc47fc29,1,market,0.0,45,1,12,20,
574248,574249,574265,574265,closed,target,20966.25,20986.25,20966.5,20986.0,20954.25,20986.25,20.0,19.5,19.0,380.0,10.0,0.5,17.0,17.0,7.75,2024-08-15 16:01:00+00:00,2024-08-15 16:01:00+00:00,2024-08-15 16:18:00+00:00,2024-08-15 16:46:00+00:00,pullback_long_midday_e357dc47fc29,1,market,0.0,45,1,12,20,
574276,574277,574281,574281,closed,stop,20996.5,20984.5,20996.75,20984.25,20984.5,21016.5,-12.0,-12.5,-13.0,-260.0,10.0,0.5,5.0,5.0,15.25,2024-08-15 16:29:00+00:00,2024-08-15 16:29:00+00:00,2024-08-15 16:34:00+00:00,2024-08-15 17:14:00+00:00,pullback_long_midday_e357dc47fc29,1,market,0.0,45,1,12,20,
574282,574283,574288,574288,closed,stop,20989.75,20977.75,20990.0,20977.5,20977.75,21009.75,-12.0,-12.5,-13.0,-260.0,10.0,0.5,6.0,6.0,12.25,2024-08-15 16:35:00+00:00,2024-08-15 16:35:00+00:00,2024-08-15 16:41:00+00:00,2024-08-15 17:20:00+00:00,pullback_long_midday_e357dc47fc29,1,market,0.0,45,1,12,20,
574329,574330,574344,574344,closed,target,20970.75,20990.75,20971.0,20990.5,20958.75,20990.75,20.0,19.5,19.0,380.0,10.0,0.5,15.0,15.0,5.25,2024-08-15 17:22:00+00:00,2024-08-15 17:22:00+00:00,2024-08-15 17:37:00+00:00,2024-08-15 18:07:00+00:00,pullback_long_midday_e357dc47fc29,1,market,0.0,45,1,12,20,
574357,574358,574402,574402,closed,timeout,21008.75,21015.5,21009.0,21015.25,20996.75,21028.75,6.75,6.25,5.75,115.0,10.0,0.5,45.0,45.0,10.75,2024-08-15 17:50:00+00:00,2024-08-15 17:50:00+00:00,2024-08-15 18:35:00+00:00,2024-08-15 18:35:00+00:00,pullback_long_midday_e357dc47fc29,1,market,0.0,45,1,12,20,
575604,575605,575607,575607,closed,target,20991.0,21011.0,20991.25,21010.75,20979.0,21011.0,20.0,19.5,19.0,380.0,10.0,0.5,3.0,3.0,2.25,2024-08-16 15:52:00+00:00,2024-08-16 15:52:00+00:00,2024-08-16 15:55:00+00:00,2024-08-16 16:37:00+00:00,pullback_long_midday_e357dc47fc29,1,market,0.0,45,1,12,20,
575634,575635,575646,575646,closed,target,21040.75,21060.75,21041.0,21060.5,21028.75,21060.75,20.0,19.5,19.0,380.0,10.0,0.5,12.0,12.0,5.75,2024-08-16 16:22:00+00:00,2024-08-16 16:22:00+00:00,2024-08-16 16:34:00+00:00,2024-08-16 17:07:00+00:00,pullback_long_midday_e357dc47fc29,1,market,0.0,45,1,12,20,
575652,575653,575655,575655,closed,stop,21064.0,21052.0,21064.25,21051.75,21052.0,21084.0,-12.0,-12.5,-13.0,-260.0,10.0,0.5,3.0,3.0,12.25,2024-08-16 16:40:00+00:00,2024-08-16 16:40:00+00:00,2024-08-16 16:43:00+00:00,2024-08-16 17:25:00+00:00,pullback_long_midday_e357dc47fc29,1,market,0.0,45,1,12,20,
575656,575657,575670,575670,closed,target,21057.25,21077.25,21057.5,21077.0,21045.25,21077.25,20.0,19.5,19.0,380.0,10.0,0.5,14.0,14.0,10.75,2024-08-16 16:44:00+00:00,2024-08-16 16:44:00+00:00,2024-08-16 16:58:00+00:00,2024-08-16 17:29:00+00:00,pullback_long_midday_e357dc47fc29,1,market,0.0,45,1,12,20,
575676,575677,575679,575679,closed,stop,21075.5,21063.5,21075.75,21063.25,21063.5,21095.5,-12.0,-12.5,-13.0,-260.0,10.0,0.5,3.0,3.0,14.0,2024-08-16 17:04:00+00:00,2024-08-16 17:04:00+00:00,2024-08-16 17:07:00+00:00,2024-08-16 17:49:00+00:00,pullback_long_midday_e357dc47fc29,1,market,0.0,45,1,12,20,
575703,575704,575723,575723,closed,stop,21072.75,21060.75,21073.0,21060.5,21060.75,21092.75,-12.0,-12.5,-13.0,-260.0,10.0,0.5,20.0,20.0,36.5,2024-08-16 17:31:00+00:00,2024-08-16 17:31:00+00:00,2024-08-16 17:51:00+00:00,2024-08-16 18:16:00+00:00,pullback_long_midday_e357dc47fc29,1,market,0.0,45,1,12,20,
576916,576917,576926,576926,closed,target,21088.0,21108.0,21088.25,21107.75,21076.0,21108.0,20.0,19.5,19.0,380.0,10.0,0.5,10.0,10.0,5.25,2024-08-19 15:00:00+00:00,2024-08-19 15:00:00+00:00,2024-08-19 15:10:00+00:00,2024-08-19 15:45:00+00:00,pullback_long_midday_e357dc47fc29,1,market,0.0,45,1,12,20,
576959,576960,576969,576969,closed,target,21091.25,21111.25,21091.5,21111.0,21079.25,21111.25,20.0,19.5,19.0,380.0,10.0,0.5,10.0,10.0,4.25,2024-08-19 15:43:00+00:00,2024-08-19 15:43:00+00:00,2024-08-19 15:53:00+00:00,2024-08-19 16:28:00+00:00,pullback_long_midday_e357dc47fc29,1,market,0.0,45,1,12,20,
577002,577003,577011,577011,closed,stop,21092.0,21080.0,21092.25,21079.75,21080.0,21112.0,-12.0,-12.5,-13.0,-260.0,10.0,0.5,9.0,9.0,13.5,2024-08-19 16:26:00+00:00,2024-08-19 16:26:00+00:00,2024-08-19 16:35:00+00:00,2024-08-19 17:11:00+00:00,pullback_long_midday_e357dc47fc29,1,market,0.0,45,1,12,20,
577023,577024,577028,577028,closed,target,21103.5,21123.5,21103.75,21123.25,21091.5,21123.5,20.0,19.5,19.0,380.0,10.0,0.5,5.0,5.0,1.5,2024-08-19 16:47:00+00:00,2024-08-19 16:47:00+00:00,2024-08-19 16:52:00+00:00,2024-08-19 17:32:00+00:00,pullback_long_midday_e357dc47fc29,1,market,0.0,45,1,12,20,
577044,577045,577048,577048,closed,stop,21128.75,21116.75,21129.0,21116.5,21116.75,21148.75,-12.0,-12.5,-13.0,-260.0,10.0,0.5,4.0,4.0,12.25,2024-08-19 17:08:00+00:00,2024-08-19 17:08:00+00:00,2024-08-19 17:12:00+00:00,2024-08-19 17:53:00+00:00,pullback_long_midday_e357dc47fc29,1,market,0.0,45,1,12,20,
577069,577070,577092,577092,closed,target,21130.0,21150.0,21130.25,21149.75,21118.0,21150.0,20.0,19.5,19.0,380.0,10.0,0.5,23.0,23.0,1.25,2024-08-19 17:33:00+00:00,2024-08-19 17:33:00+00:00,2024-08-19 17:56:00+00:00,2024-08-19 18:18:00+00:00,pullback_long_midday_e357dc47fc29,1,market,0.0,45,1,12,20,
578305,578306,578310,578310,closed,stop,21243.0,21231.0,21243.25,21230.75,21231.0,21263.0,-12.0,-12.5,-13.0,-260.0,10.0,0.5,5.0,5.0,24.5,2024-08-20 15:24:00+00:00,2024-08-20 15:24:00+00:00,2024-08-20 15:29:00+00:00,2024-08-20 16:09:00+00:00,pullback_long_midday_e357dc47fc29,1,market,0.0,45,1,12,20,
578312,578313,578318,578318,closed,target,21230.25,21250.25,21230.5,21250.0,21218.25,21250.25,20.0,19.5,19.0,380.0,10.0,0.5,6.0,6.0,2.25,2024-08-20 15:31:00+00:00,2024-08-20 15:31:00+00:00,2024-08-20 15:37:00+00:00,2024-08-20 16:16:00+00:00,pullback_long_midday_e357dc47fc29,1,market,0.0,45,1,12,20,
578344,578345,578346,578346,closed,stop,21284.5,21272.5,21284.75,21272.25,21272.5,21304.5,-12.0,-12.5,-13.0,-260.0,10.0,0.5,2.0,2.0,13.25,2024-08-20 16:03:00+00:00,2024-08-20 16:03:00+00:00,2024-08-20 16:05:00+00:00,2024-08-20 16:48:00+00:00,pullback_long_midday_e357dc47fc29,1,market,0.0,45,1,12,20,
578346,578347,578354,578354,closed,stop,21279.75,21267.75,21280.0,21267.5,21267.75,21299.75,-12.0,-12.5,-13.0,-260.0,10.0,0.5,8.0,8.0,16.25,2024-08-20 16:05:00+00:00,2024-08-20 16:05:00+00:00,2024-08-20 16:13:00+00:00,2024-08-20 16:50:00+00:00,pullback_long_midday_e357dc47fc29,1,market,0.0,45,1,12,20,
578355,578356,578357,578357,closed,stop,21269.0,21257.0,21269.25,21256.75,21257.0,21289.0,-12.0,-12.5,-13.0,-260.0,10.0,0.5,2.0,2.0,17.75,2024-08-20 16:14:00+00:00,2024-08-20 16:14:00+00:00,2024-08-20 16:16:00+00:00,2024-08-20 16:59:00+00:00,pullback_long_midday_e357dc47fc29,1,market,0.0,45,1,12,20,
578436,578437,578438,578438,closed,stop,21223.25,21211.25,21223.5,21211.0,21211.25,21243.25,-12.0,-12.5,-13.0,-260.0,10.0,0.5,2.0,2.0,16.0,2024-08-20 17:35:00+00:00,2024-08-20 17:35:00+00:00,2024-08-20 17:37:00+00:00,2024-08-20 18:20:00+00:00,pullback_long_midday_e357dc47fc29,1,market,0.0,45,1,12,20,
578444,578445,578464,578464,closed,target,21227.5,21247.5,21227.75,21247.25,21215.5,21247.5,20.0,19.5,19.0,380.0,10.0,0.5,20.0,20.0,0.25,2024-08-20 17:43:00+00:00,2024-08-20 17:43:00+00:00,2024-08-20 18:03:00+00:00,2024-08-20 18:28:00+00:00,pullback_long_midday_e357dc47fc29,1,market,0.0,45,1,12,20,
579666,579667,579668,579668,closed,stop,21310.25,21298.25,21310.5,21298.0,21298.25,21330.25,-12.0,-12.5,-13.0,-260.0,10.0,0.5,2.0,2.0,12.25,2024-08-21 15:21:00+00:00,2024-08-21 15:21:00+00:00,2024-08-21 15:23:00+00:00,2024-08-21 16:06:00+00:00,pullback_long_midday_e357dc47fc29,1,market,0.0,45,1,12,20,
579735,579736,579749,579749,closed,target,21274.0,21294.0,21274.25,21293.75,21262.0,21294.0,20.0,19.5,19.0,380.0,10.0,0.5,14.0,14.0,4.5,2024-08-21 16:30:00+00:00,2024-08-21 16:30:00+00:00,2024-08-21 16:44:00+00:00,2024-08-21 17:15:00+00:00,pullback_long_midday_e357dc47fc29,1,market,0.0,45,1,12,20,
579767,579768,579773,579773,closed,stop,21306.75,21294.75,21307.0,21294.5,21294.75,21326.75,-12.0,-12.5,-13.0,-260.0,10.0,0.5,6.0,6.0,12.5,2024-08-21 17:02:00+00:00,2024-08-21 17:02:00+00:00,2024-08-21 17:08:00+00:00,2024-08-21 17:47:00+00:00,pullback_long_midday_e357dc47fc29,1,market,0.0,45,1,12,20,
579776,579777,579786,579786,closed,stop,21299.75,21287.75,21300.0,21287.5,21287.75,21319.75,-12.0,-12.5,-13.0,-260.0,10.0,0.5,10.0,10.0,12.5,2024-08-21 17:11:00+00:00,2024-08-21 17:11:00+00:00,2024-08-21 17:21:00+00:00,2024-08-21 17:56:00+00:00,pullback_long_midday_e357dc47fc29,1,market,0.0,45,1,12,20,
579823,579824,579826,579826,closed,target,21324.0,21344.0,21324.25,21343.75,21312.0,21344.0,20.0,19.5,19.0,380.0,10.0,0.5,3.0,3.0,3.25,2024-08-21 17:58:00+00:00,2024-08-21 17:58:00+00:00,2024-08-21 18:01:00+00:00,2024-08-21 18:43:00+00:00,pullback_long_midday_e357dc47fc29,1,market,0.0,45,1,12,20,
581087,581088,581091,581091,closed,target,21177.0,21197.0,21177.25,21196.75,21165.0,21197.0,20.0,19.5,19.0,380.0,10.0,0.5,4.0,4.0,11.75,2024-08-22 16:17:00+00:00,2024-08-22 16:17:00+00:00,2024-08-22 16:21:00+00:00,2024-08-22 17:02:00+00:00,pullback_long_midday_e357dc47fc29,1,market,0.0,45,1,12,20,
581100,581101,581119,581119,closed,stop,21247.25,21235.25,21247.5,21235.0,21235.25,21267.25,-12.0,-12.5,-13.0,-260.0,10.0,0.5,19.0,19.0,25.5,2024-08-22 16:30:00+00:00,2024-08-22 16:30:00+00:00,2024-08-22 16:49:00+00:00,2024-08-22 17:15:00+00:00,pullback_long_midday_e357dc47fc29,1,market,0.0,45,1,12,20,
581148,581149,581162,581162,closed,stop,21148.75,21136.75,21149.0,21136.5,21136.75,21168.75,-12.0,-12.5,-13.0,-260.0,10.0,0.5,14.0,14.0,67.5,2024-08-22 17:18:00+00:00,2024-08-22 17:18:00+00:00,2024-08-22 17:32:00+00:00,2024-08-22 18:03:00+00:00,pullback_long_midday_e357dc47fc29,1,market,0.0,45,1,12,20,
582387,582388,582389,582389,closed,target,21119.75,21139.75,21120.0,21139.5,21107.75,21139.75,20.0,19.5,19.0,380.0,10.0,0.5,2.0,2.0,2.75,2024-08-23 15:12:00+00:00,2024-08-23 15:12:00+00:00,2024-08-23 15:14:00+00:00,2024-08-23 15:57:00+00:00,pullback_long_midday_e357dc47fc29,1,market,0.0,45,1,12,20,
582389,582390,582390,582390,closed,target,21155.25,21175.25,21155.5,21175.0,21143.25,21175.25,20.0,19.5,19.0,380.0,10.0,0.5,1.0,1.0,1.75,2024-08-23 15:14:00+00:00,2024-08-23 15:14:00+00:00,2024-08-23 15:15:00+00:00,2024-08-23 15:59:00+00:00,pullback_long_midday_e357dc47fc29,1,market,0.0,45,1,12,20,
582398,582399,582403,582403,closed,stop,21214.0,21202.0,21214.25,21201.75,21202.0,21234.0,-12.0,-12.5,-13.0,-260.0,10.0,0.5,5.0,5.0,36.0,2024-08-23 15:23:00+00:00,2024-08-23 15:23:00+00:00,2024-08-23 15:28:00+00:00,2024-08-23 16:08:00+00:00,pullback_long_midday_e357dc47fc29,1,market,0.0,45,1,12,20,
582404,582405,582415,582415,closed,target,21203.5,21223.5,21203.75,21223.25,21191.5,21223.5,20.0,19.5,19.0,380.0,10.0,0.5,11.0,11.0,9.0,2024-08-23 15:29:00+00:00,2024-08-23 15:29:00+00:00,2024-08-23 15:40:00+00:00,2024-08-23 16:14:00+00:00,pullback_long_midday_e357dc47fc29,1,market,0.0,45,1,12,20,
582498,582499,582500,582500,closed,stop,21118.75,21106.75,21119.0,21106.5,21106.75,21138.75,-12.0,-12.5,-13.0,-260.0,10.0,0.5,2.0,2.0,12.5,2024-08-23 17:03:00+00:00,2024-08-23 17:03:00+00:00,2024-08-23 17:05:00+00:00,2024-08-23 17:48:00+00:00,pullback_long_midday_e357dc47fc29,1,market,0.0,45,1,12,20,
582508,582509,582512,582512,closed,target,21111.0,21131.0,21111.25,21130.75,21099.0,21131.0,20.0,19.5,19.0,380.0,10.0,0.5,4.0,4.0,4.75,2024-08-23 17:13:00+00:00,2024-08-23 17:13:00+00:00,2024-08-23 17:17:00+00:00,2024-08-23 17:58:00+00:00,pullback_long_midday_e357dc47fc29,1,market,0.0,45,1,12,20,
582516,582517,582521,582521,closed,target,21130.0,21150.0,21130.25,21149.75,21118.0,21150.0,20.0,19.5,19.0,380.0,10.0,0.5,5.0,5.0,8.75,2024-08-23 17:21:00+00:00,2024-08-23 17:21:00+00:00,2024-08-23 17:26:00+00:00,2024-08-23 18:06:00+00:00,pullback_long_midday_e357dc47fc29,1,market,0.0,45,1,12,20,
582531,582532,582539,582539,closed,target,21166.75,21186.75,21167.0,21186.5,21154.75,21186.75,20.0,19.5,19.0,380.0,10.0,0.5,8.0,8.0,7.75,2024-08-23 17:36:00+00:00,2024-08-23 17:36:00+00:00,2024-08-23 17:44:00+00:00,2024-08-23 18:21:00+00:00,pullback_long_midday_e357dc47fc29,1,market,0.0,45,1,12,20,
582543,582544,582548,582548,closed,stop,21177.75,21165.75,21178.0,21165.5,21165.75,21197.75,-12.0,-12.5,-13.0,-260.0,10.0,0.5,5.0,5.0,18.75,2024-08-23 17:48:00+00:00,2024-08-23 17:48:00+00:00,2024-08-23 17:53:00+00:00,2024-08-23 18:33:00+00:00,pullback_long_midday_e357dc47fc29,1,market,0.0,45,1,12,20,
583748,583749,583756,583756,closed,stop,21029.75,21017.75,21030.0,21017.5,21017.75,21049.75,-12.0,-12.5,-13.0,-260.0,10.0,0.5,8.0,8.0,14.75,2024-08-26 15:09:00+00:00,2024-08-26 15:09:00+00:00,2024-08-26 15:17:00+00:00,2024-08-26 15:54:00+00:00,pullback_long_midday_e357dc47fc29,1,market,0.0,45,1,12,20,
583833,583834,583845,583845,closed,target,21054.75,21074.75,21055.0,21074.5,21042.75,21074.75,20.0,19.5,19.0,380.0,10.0,0.5,12.0,12.0,5.75,2024-08-26 16:34:00+00:00,2024-08-26 16:34:00+00:00,2024-08-26 16:46:00+00:00,2024-08-26 17:19:00+00:00,pullback_long_midday_e357dc47fc29,1,market,0.0,45,1,12,20,
583847,583848,583853,583853,closed,stop,21065.5,21053.5,21065.75,21053.25,21053.5,21085.5,-12.0,-12.5,-13.0,-260.0,10.0,0.5,6.0,6.0,28.5,2024-08-26 16:48:00+00:00,2024-08-26 16:48:00+00:00,2024-08-26 16:54:00+00:00,2024-08-26 17:33:00+00:00,pullback_long_midday_e357dc47fc29,1,market,0.0,45,1,12,20,
585120,585121,585123,585123,closed,stop,21112.25,21100.25,21112.5,21100.0,21100.25,21132.25,-12.0,-12.5,-13.0,-260.0,10.0,0.5,3.0,3.0,43.5,2024-08-27 15:16:00+00:00,2024-08-27 15:16:00+00:00,2024-08-27 15:19:00+00:00,2024-08-27 16:01:00+00:00,pullback_long_midday_e357dc47fc29,1,market,0.0,45,1,12,20,
585174,585175,585178,585178,closed,target,21044.5,21064.5,21044.75,21064.25,21032.5,21064.5,20.0,19.5,19.0,380.0,10.0,0.5,4.0,4.0,4.25,2024-08-27 16:10:00+00:00,2024-08-27 16:10:00+00:00,2024-08-27 16:14:00+00:00,2024-08-27 16:55:00+00:00,pullback_long_midday_e357dc47fc29,1,market,0.0,45,1,12,20,
585188,585189,585196,585196,closed,stop,21058.25,21046.25,21058.5,21046.0,21046.25,21078.25,-12.0,-12.5,-13.0,-260.0,10.0,0.5,8.0,8.0,12.5,2024-08-27 16:24:00+00:00,2024-08-27 16:24:00+00:00,2024-08-27 16:32:00+00:00,2024-08-27 17:09:00+00:00,pullback_long_midday_e357dc47fc29,1,market,0.0,45,1,12,20,
585227,585228,585237,585237,closed,target,21059.0,21079.0,21059.25,21078.75,21047.0,21079.0,20.0,19.5,19.0,380.0,10.0,0.5,10.0,10.0,8.25,2024-08-27 17:03:00+00:00,2024-08-27 17:03:00+00:00,2024-08-27 17:13:00+00:00,2024-08-27 17:48:00+00:00,pullback_long_midday_e357dc47fc29,1,market,0.0,45,1,12,20,
585249,585250,585252,585252,closed,target,21074.0,21094.0,21074.25,21093.75,21062.0,21094.0,20.0,19.5,19.0,380.0,10.0,0.5,3.0,3.0,0.5,2024-08-27 17:25:00+00:00,2024-08-27 17:25:00+00:00,2024-08-27 17:28:00+00:00,2024-08-27 18:10:00+00:00,pullback_long_midday_e357dc47fc29,1,market,0.0,45,1,12,20,
585260,585261,585263,585263,closed,stop,21107.25,21095.25,21107.5,21095.0,21095.25,21127.25,-12.0,-12.5,-13.0,-260.0,10.0,0.5,3.0,3.0,18.25,2024-08-27 17:36:00+00:00,2024-08-27 17:36:00+00:00,2024-08-27 17:39:00+00:00,2024-08-27 18:21:00+00:00,pullback_long_midday_e357dc47fc29,1,market,0.0,45,1,12,20,
585264,585265,585266,585266,closed,stop,21094.75,21082.75,21095.0,21082.5,21082.75,21114.75,-12.0,-12.5,-13.0,-260.0,10.0,0.5,2.0,2.0,22.25,2024-08-27 17:40:00+00:00,2024-08-27 17:40:00+00:00,2024-08-27 17:42:00+00:00,2024-08-27 18:25:00+00:00,pullback_long_midday_e357dc47fc29,1,market,0.0,45,1,12,20,
585267,585268,585277,585277,closed,target,21096.5,21116.5,21096.75,21116.25,21084.5,21116.5,20.0,19.5,19.0,380.0,10.0,0.5,10.0,10.0,6.0,2024-08-27 17:43:00+00:00,2024-08-27 17:43:00+00:00,2024-08-27 17:53:00+00:00,2024-08-27 18:28:00+00:00,pullback_long_midday_e357dc47fc29,1,market,0.0,45,1,12,20,
586508,586509,586510,586510,closed,stop,20832.5,20820.5,20832.75,20820.25,20820.5,20852.5,-12.0,-12.5,-13.0,-260.0,10.0,0.5,2.0,2.0,14.75,2024-08-28 15:39:00+00:00,2024-08-28 15:39:00+00:00,2024-08-28 15:41:00+00:00,2024-08-28 16:24:00+00:00,pullback_long_midday_e357dc47fc29,1,market,0.0,45,1,12,20,
586512,586513,586513,586513,closed,stop,20830.75,20818.75,20831.0,20818.5,20818.75,20850.75,-12.0,-12.5,-13.0,-260.0,10.0,0.5,1.0,1.0,18.0,2024-08-28 15:43:00+00:00,2024-08-28 15:43:00+00:00,2024-08-28 15:44:00+00:00,2024-08-28 16:28:00+00:00,pullback_long_midday_e357dc47fc29,1,market,0.0,45,1,12,20,
586514,586515,586520,586520,closed,target,20829.25,20849.25,20829.5,20849.0,20817.25,20849.25,20.0,19.5,19.0,380.0,10.0,0.5,6.0,6.0,1.5,2024-08-28 15:45:00+00:00,2024-08-28 15:45:00+00:00,2024-08-28 15:51:00+00:00,2024-08-28 16:30:00+00:00,pullback_long_midday_e357dc47fc29,1,market,0.0,45,1,12,20,
586524,586525,586526,586526,closed,stop,20854.0,20842.0,20854.25,20841.75,20842.0,20874.0,-12.0,-12.5,-13.0,-260.0,10.0,0.5,2.0,2.0,14.25,2024-08-28 15:55:00+00:00,2024-08-28 15:55:00+00:00,2024-08-28 15:57:00+00:00,2024-08-28 16:40:00+00:00,pullback_long_midday_e357dc47fc29,1,market,0.0,45,1,12,20,
586527,586528,586531,586531,closed,target,20850.75,20870.75,20851.0,20870.5,20838.75,20870.75,20.0,19.5,19.0,380.0,10.0,0.5,4.0,4.0,1.25,2024-08-28 15:58:00+00:00,2024-08-28 15:58:00+00:00,2024-08-28 16:02:00+00:00,2024-08-28 16:43:00+00:00,pullback_long_midday_e357dc47fc29,1,market,0.0,45,1,12,20,
586537,586538,586541,586541,closed,stop,20855.75,20843.75,20856.0,20843.5,20843.75,20875.75,-12.0,-12.5,-13.0,-260.0,10.0,0.5,4.0,4.0,12.25,2024-08-28 16:08:00+00:00,2024-08-28 16:08:00+00:00,2024-08-28 16:12:00+00:00,2024-08-28 16:53:00+00:00,pullback_long_midday_e357dc47fc29,1,market,0.0,45,1,12,20,
586566,586567,586581,586581,closed,target,20860.0,20880.0,20860.25,20879.75,20848.0,20880.0,20.0,19.5,19.0,380.0,10.0,0.5,15.0,15.0,8.75,2024-08-28 16:37:00+00:00,2024-08-28 16:37:00+00:00,2024-08-28 16:52:00+00:00,2024-08-28 17:22:00+00:00,pullback_long_midday_e357dc47fc29,1,market,0.0,45,1,12,20,
586593,586594,586603,586603,closed,stop,20891.75,20879.75,20892.0,20879.5,20879.75,20911.75,-12.0,-12.5,-13.0,-260.0,10.0,0.5,10.0,10.0,14.75,2024-08-28 17:04:00+00:00,2024-08-28 17:04:00+00:00,2024-08-28 17:14:00+00:00,2024-08-28 17:49:00+00:00,pullback_long_midday_e357dc47fc29,1,market,0.0,45,1,12,20,
587837,587838,587839,587839,closed,stop,21087.75,21075.75,21088.0,21075.5,21075.75,21107.75,-12.0,-12.5,-13.0,-260.0,10.0,0.5,2.0,2.0,21.25,2024-08-29 15:03:00+00:00,2024-08-29 15:03:00+00:00,2024-08-29 15:05:00+00:00,2024-08-29 15:48:00+00:00,pullback_long_midday_e357dc47fc29,1,market,0.0,45,1,12,20,
587877,587878,587879,587879,closed,stop,21074.75,21062.75,21075.0,21062.5,21062.75,21094.75,-12.0,-12.5,-13.0,-260.0,10.0,0.5,2.0,2.0,25.5,2024-08-29 15:43:00+00:00,2024-08-29 15:43:00+00:00,2024-08-29 15:45:00+00:00,2024-08-29 16:28:00+00:00,pullback_long_midday_e357dc47fc29,1,market,0.0,45,1,12,20,
587915,587916,587927,587927,closed,target,21091.0,21111.0,21091.25,21110.75,21079.0,21111.0,20.0,19.5,19.0,380.0,10.0,0.5,12.0,12.0,5.5,2024-08-29 16:21:00+00:00,2024-08-29 16:21:00+00:00,2024-08-29 16:33:00+00:00,2024-08-29 17:06:00+00:00,pullback_long_midday_e357dc47fc29,1,market,0.0,45,1,12,20,
587934,587935,587941,587941,closed,stop,21110.25,21098.25,21110.5,21098.0,21098.25,21130.25,-12.0,-12.5,-13.0,-260.0,10.0,0.5,7.0,7.0,12.5,2024-08-29 16:40:00+00:00,2024-08-29 16:40:00+00:00,2024-08-29 16:47:00+00:00,2024-08-29 17:25:00+00:00,pullback_long_midday_e357dc47fc29,1,market,0.0,45,1,12,20,
587941,587942,587944,587944,closed,stop,21105.5,21093.5,21105.75,21093.25,21093.5,21125.5,-12.0,-12.5,-13.0,-260.0,10.0,0.5,3.0,3.0,13.75,2024-08-29 16:47:00+00:00,2024-08-29 16:47:00+00:00,2024-08-29 16:50:00+00:00,2024-08-29 17:32:00+00:00,pullback_long_midday_e357dc47fc29,1,market,0.0,45,1,12,20,
587986,587987,587989,587989,closed,stop,21057.75,21045.75,21058.0,21045.5,21045.75,21077.75,-12.0,-12.5,-13.0,-260.0,10.0,0.5,3.0,3.0,13.0,2024-08-29 17:32:00+00:00,2024-08-29 17:32:00+00:00,2024-08-29 17:35:00+00:00,2024-08-29 18:17:00+00:00,pullback_long_midday_e357dc47fc29,1,market,0.0,45,1,12,20,
589280,589281,589281,589281,closed,stop,20892.5,20880.5,20892.75,20880.25,20880.5,20912.5,-12.0,-12.5,-13.0,-260.0,10.0,0.5,1.0,1.0,13.5,2024-08-30 16:21:00+00:00,2024-08-30 16:21:00+00:00,2024-08-30 16:22:00+00:00,2024-08-30 17:06:00+00:00,pullback_long_midday_e357dc47fc29,1,market,0.0,45,1,12,20,
589318,589319,589323,589323,closed,target,20894.0,20914.0,20894.25,20913.75,20882.0,20914.0,20.0,19.5,19.0,380.0,10.0,0.5,5.0,5.0,2.75,2024-08-30 16:59:00+00:00,2024-08-30 16:59:00+00:00,2024-08-30 17:04:00+00:00,2024-08-30 17:44:00+00:00,pullback_long_midday_e357dc47fc29,1,market,0.0,45,1,12,20,
589327,589328,589339,589339,closed,stop,20905.25,20893.25,20905.5,20893.0,20893.25,20925.25,-12.0,-12.5,-13.0,-260.0,10.0,0.5,12.0,12.0,16.75,2024-08-30 17:08:00+00:00,2024-08-30 17:08:00+00:00,2024-08-30 17:20:00+00:00,2024-08-30 17:53:00+00:00,pullback_long_midday_e357dc47fc29,1,market,0.0,45,1,12,20,
590565,590566,590594,590594,closed,stop,21091.75,21079.75,21092.0,21079.5,21079.75,21111.75,-12.0,-12.5,-13.0,-260.0,10.0,0.5,29.0,29.0,12.75,2024-09-02 15:01:00+00:00,2024-09-02 15:01:00+00:00,2024-09-02 15:30:00+00:00,2024-09-02 15:46:00+00:00,pullback_long_midday_e357dc47fc29,1,market,0.0,45,1,12,20,
590625,590626,590670,590670,closed,timeout,21086.0,21084.5,21086.25,21084.25,21074.0,21106.0,-1.5,-2.0,-2.5,-50.0,10.0,0.5,45.0,45.0,10.0,2024-09-02 16:01:00+00:00,2024-09-02 16:01:00+00:00,2024-09-02 16:46:00+00:00,2024-09-02 16:46:00+00:00,pullback_long_midday_e357dc47fc29,1,market,0.0,45,1,12,20,
591715,591716,591719,591719,closed,target,20637.5,20657.5,20637.75,20657.25,20625.5,20657.5,20.0,19.5,19.0,380.0,10.0,0.5,4.0,4.0,1.25,2024-09-03 15:12:00+00:00,2024-09-03 15:12:00+00:00,2024-09-03 15:16:00+00:00,2024-09-03 15:57:00+00:00,pullback_long_midday_e357dc47fc29,1,market,0.0,45,1,12,20,
591723,591724,591728,591728,closed,stop,20639.0,20627.0,20639.25,20626.75,20627.0,20659.0,-12.0,-12.5,-13.0,-260.0,10.0,0.5,5.0,5.0,16.0,2024-09-03 15:20:00+00:00,2024-09-03 15:20:00+00:00,2024-09-03 15:25:00+00:00,2024-09-03 16:05:00+00:00,pullback_long_midday_e357dc47fc29,1,market,0.0,45,1,12,20,
591785,591786,591787,591787,closed,stop,20620.25,20608.25,20620.5,20608.0,20608.25,20640.25,-12.0,-12.5,-13.0,-260.0,10.0,0.5,2.0,2.0,21.75,2024-09-03 16:22:00+00:00,2024-09-03 16:22:00+00:00,2024-09-03 16:24:00+00:00,2024-09-03 17:07:00+00:00,pullback_long_midday_e357dc47fc29,1,market,0.0,45,1,12,20,
593079,593080,593082,593082,closed,stop,20512.5,20500.5,20512.75,20500.25,20500.5,20532.5,-12.0,-12.5,-13.0,-260.0,10.0,0.5,3.0,3.0,13.75,2024-09-04 15:11:00+00:00,2024-09-04 15:11:00+00:00,2024-09-04 15:14:00+00:00,2024-09-04 15:56:00+00:00,pullback_long_midday_e357dc47fc29,1,market,0.0,45,1,12,20,
593130,593131,593131,593131,closed,stop,20442.0,20430.0,20442.25,20429.75,20430.0,20462.0,-12.0,-12.5,-13.0,-260.0,10.0,0.5,1.0,1.0,17.25,2024-09-04 16:02:00+00:00,2024-09-04 16:02:00+00:00,2024-09-04 16:03:00+00:00,2024-09-04 16:47:00+00:00,pullback_long_midday_e357dc47fc29,1,market,0.0,45,1,12,20,
593132,593133,593133,593133,closed,stop,20437.25,20425.25,20437.5,20425.0,20425.25,20457.25,-12.0,-12.5,-13.0,-260.0,10.0,0.5,1.0,1.0,22.75,2024-09-04 16:04:00+00:00,2024-09-04 16:04:00+00:00,2024-09-04 16:05:00+00:00,2024-09-04 16:49:00+00:00,pullback_long_midday_e357dc47fc29,1,market,0.0,45,1,12,20,
593158,593159,593159,593159,closed,target,20479.5,20499.5,20479.75,20499.25,20467.5,20499.5,20.0,19.5,19.0,380.0,10.0,0.5,1.0,1.0,2.75,2024-09-04 16:30:00+00:00,2024-09-04 16:30:00+00:00,2024-09-04 16:31:00+00:00,2024-09-04 17:15:00+00:00,pullback_long_midday_e357dc47fc29,1,market,0.0,45,1,12,20,
593197,593198,593203,593203,closed,stop,20485.0,20473.0,20485.25,20472.75,20473.0,20505.0,-12.0,-12.5,-13.0,-260.0,10.0,0.5,6.0,6.0,21.0,2024-09-04 17:09:00+00:00,2024-09-04 17:09:00+00:00,2024-09-04 17:15:00+00:00,2024-09-04 17:54:00+00:00,pullback_long_midday_e357dc47fc29,1,market,0.0,45,1,12,20,
594485,594486,594487,594487,closed,stop,20325.0,20313.0,20325.25,20312.75,20313.0,20345.0,-12.0,-12.5,-13.0,-260.0,10.0,0.5,2.0,2.0,15.0,2024-09-05 15:52:00+00:00,2024-09-05 15:52:00+00:00,2024-09-05 15:54:00+00:00,2024-09-05 16:37:00+00:00,pullback_long_midday_e357dc47fc29,1,market,0.0,45,1,12,20,
594512,594513,594516,594516,closed,target,20320.75,20340.75,20321.0,20340.5,20308.75,20340.75,20.0,19.5,19.0,380.0,10.0,0.5,4.0,4.0,3.5,2024-09-05 16:19:00+00:00,2024-09-05 16:19:00+00:00,2024-09-05 16:23:00+00:00,2024-09-05 17:04:00+00:00,pullback_long_midday_e357dc47fc29,1,market,0.0,45,1,12,20,
594529,594530,594536,594536,closed,target,20373.25,20393.25,20373.5,20393.0,20361.25,20393.25,20.0,19.5,19.0,380.0,10.0,0.5,7.0,7.0,11.25,2024-09-05 16:36:00+00:00,2024-09-05 16:36:00+00:00,2024-09-05 16:43:00+00:00,2024-09-05 17:21:00+00:00,pullback_long_midday_e357dc47fc29,1,market,0.0,45,1,12,20,
594594,594595,594598,594598,closed,target,20378.75,20398.75,20379.0,20398.5,20366.75,20398.75,20.0,19.5,19.0,380.0,10.0,0.5,4.0,4.0,1.25,2024-09-05 17:41:00+00:00,2024-09-05 17:41:00+00:00,2024-09-05 17:45:00+00:00,2024-09-05 18:26:00+00:00,pullback_long_midday_e357dc47fc29,1,market,0.0,45,1,12,20,
594603,594604,594604,594604,closed,stop,20440.25,20428.25,20440.5,20428.0,20428.25,20460.25,-12.0,-12.5,-13.0,-260.0,10.0,0.5,1.0,1.0,16.5,2024-09-05 17:50:00+00:00,2024-09-05 17:50:00+00:00,2024-09-05 17:51:00+00:00,2024-09-05 18:35:00+00:00,pullback_long_midday_e357dc47fc29,1,market,0.0,45,1,12,20,
594609,594610,594614,594614,closed,target,20430.5,20450.5,20430.75,20450.25,20418.5,20450.5,20.0,19.5,19.0,380.0,10.0,0.5,5.0,5.0,7.0,2024-09-05 17:56:00+00:00,2024-09-05 17:56:00+00:00,2024-09-05 18:01:00+00:00,2024-09-05 18:41:00+00:00,pullback_long_midday_e357dc47fc29,1,market,0.0,45,1,12,20,
595871,595872,595873,595873,closed,stop,19914.5,19902.5,19914.75,19902.25,19902.5,19934.5,-12.0,-12.5,-13.0,-260.0,10.0,0.5,2.0,2.0,12.5,2024-09-06 16:13:00+00:00,2024-09-06 16:13:00+00:00,2024-09-06 16:15:00+00:00,2024-09-06 16:58:00+00:00,pullback_long_midday_e357dc47fc29,1,market,0.0,45,1,12,20,
595936,595937,595941,595941,closed,target,19945.0,19965.0,19945.25,19964.75,19933.0,19965.0,20.0,19.5,19.0,380.0,10.0,0.5,5.0,5.0,9.0,2024-09-06 17:18:00+00:00,2024-09-06 17:18:00+00:00,2024-09-06 17:23:00+00:00,2024-09-06 18:03:00+00:00,pullback_long_midday_e357dc47fc29,1,market,0.0,45,1,12,20,
597210,597211,597212,597212,closed,target,20026.75,20046.75,20027.0,20046.5,20014.75,20046.75,20.0,19.5,19.0,380.0,10.0,0.5,2.0,2.0,0.25,2024-09-09 15:47:00+00:00,2024-09-09 15:47:00+00:00,2024-09-09 15:49:00+00:00,2024-09-09 16:32:00+00:00,pullback_long_midday_e357dc47fc29,1,market,0.0,45,1,12,20,
597217,597218,597220,597220,closed,target,20044.75,20064.75,20045.0,20064.5,20032.75,20064.75,20.0,19.5,19.0,380.0,10.0,0.5,3.0,3.0,0.75,2024-09-09 15:54:00+00:00,2024-09-09 15:54:00+00:00,2024-09-09 15:57:00+00:00,2024-09-09 16:39:00+00:00,pullback_long_midday_e357dc47fc29,1,market,0.0,45,1,12,20,
597231,597232,597244,597244,closed,target,20079.0,20099.0,20079.25,20098.75,20067.0,20099.0,20.0,19.5,19.0,380.0,10.0,0.5,13.0,13.0,10.25,2024-09-09 16:08:00+00:00,2024-09-09 16:08:00+00:00,2024-09-09 16:21:00+00:00,2024-09-09 16:53:00+00:00,pullback_long_midday_e357dc47fc29,1,market,0.0,45,1,12,20,
597263,597264,597266,597266,closed,target,20109.5,20129.5,20109.75,20129.25,20097.5,20129.5,20.0,19.5,19.0,380.0,10.0,0.5,3.0,3.0,2.25,2024-09-09 16:40:00+00:00,2024-09-09 16:40:00+00:00,2024-09-09 16:43:00+00:00,2024-09-09 17:25:00+00:00,pullback_long_midday_e357dc47fc29,1,market,0.0,45,1,12,20,
597268,597269,597278,597278,closed,target,20129.0,20149.0,20129.25,20148.75,20117.0,20149.0,20.0,19.5,19.0,380.0,10.0,0.5,10.0,10.0,0.75,2024-09-09 16:45:00+00:00,2024-09-09 16:45:00+00:00,2024-09-09 16:55:00+00:00,2024-09-09 17:30:00+00:00,pullback_long_midday_e357dc47fc29,1,market,0.0,45,1,12,20,
597282,597283,597287,597287,closed,stop,20146.75,20134.75,20147.0,20134.5,20134.75,20166.75,-12.0,-12.5,-13.0,-260.0,10.0,0.5,5.0,5.0,15.5,2024-09-09 16:59:00+00:00,2024-09-09 16:59:00+00:00,2024-09-09 17:04:00+00:00,2024-09-09 17:44:00+00:00,pullback_long_midday_e357dc47fc29,1,market,0.0,45,1,12,20,
597288,597289,597315,597315,closed,stop,20144.5,20132.5,20144.75,20132.25,20132.5,20164.5,-12.0,-12.5,-13.0,-260.0,10.0,0.5,27.0,27.0,27.5,2024-09-09 17:05:00+00:00,2024-09-09 17:05:00+00:00,2024-09-09 17:32:00+00:00,2024-09-09 17:50:00+00:00,pullback_long_midday_e357dc47fc29,1,market,0.0,45,1,12,20,
598543,598544,598544,598544,closed,target,20175.0,20195.0,20175.25,20194.75,20163.0,20195.0,20.0,19.5,19.0,380.0,10.0,0.5,1.0,1.0,1.75,2024-09-10 15:15:00+00:00,2024-09-10 15:15:00+00:00,2024-09-10 15:16:00+00:00,2024-09-10 16:00:00+00:00,pullback_long_midday_e357dc47fc29,1,market,0.0,45,1,12,20,
598564,598565,598565,598565,closed,stop,20204.5,20192.5,20204.75,20192.25,20192.5,20224.5,-12.0,-12.5,-13.0,-260.0,10.0,0.5,1.0,1.0,20.0,2024-09-10 15:36:00+00:00,2024-09-10 15:36:00+00:00,2024-09-10 15:37:00+00:00,2024-09-10 16:21:00+00:00,pullback_long_midday_e357dc47fc29,1,market,0.0,45,1,12,20,
598617,598618,598627,598627,closed,target,20073.0,20093.0,20073.25,20092.75,20061.0,20093.0,20.0,19.5,19.0,380.0,10.0,0.5,10.0,10.0,5.5,2024-09-10 16:29:00+00:00,2024-09-10 16:29:00+00:00,2024-09-10 16:39:00+00:00,2024-09-10 17:14:00+00:00,pullback_long_midday_e357dc47fc29,1,market,0.0,45,1,12,20,
598647,598648,598648,598648,closed,stop,20136.75,20124.75,20137.0,20124.5,20124.75,20156.75,-12.0,-12.5,-13.0,-260.0,10.0,0.5,1.0,1.0,17.5,2024-09-10 16:59:00+00:00,2024-09-10 16:59:00+00:00,2024-09-10 17:00:00+00:00,2024-09-10 17:44:00+00:00,pullback_long_midday_e357dc47fc29,1,market,0.0,45,1,12,20,
598649,598650,598656,598656,closed,target,20125.5,20145.5,20125.75,20145.25,20113.5,20145.5,20.0,19.5,19.0,380.0,10.0,0.5,7.0,7.0,8.0,2024-09-10 17:01:00+00:00,2024-09-10 17:01:00+00:00,2024-09-10 17:08:00+00:00,2024-09-10 17:46:00+00:00,pullback_long_midday_e357dc47fc29,1,market,0.0,45,1,12,20,
598676,598677,598678,598678,closed,stop,20189.25,20177.25,20189.5,20177.0,20177.25,20209.25,-12.0,-12.5,-13.0,-260.0,10.0,0.5,2.0,2.0,14.25,2024-09-10 17:28:00+00:00,2024-09-10 17:28:00+00:00,2024-09-10 17:30:00+00:00,2024-09-10 18:13:00+00:00,pullback_long_midday_e357dc47fc29,1,market,0.0,45,1,12,20,
598679,598680,598689,598689,closed,target,20184.0,20204.0,20184.25,20203.75,20172.0,20204.0,20.0,19.5,19.0,380.0,10.0,0.5,10.0,10.0,9.5,2024-09-10 17:31:00+00:00,2024-09-10 17:31:00+00:00,2024-09-10 17:41:00+00:00,2024-09-10 18:16:00+00:00,pullback_long_midday_e357dc47fc29,1,market,0.0,45,1,12,20,
598695,598696,598704,598704,closed,target,20207.0,20227.0,20207.25,20226.75,20195.0,20227.0,20.0,19.5,19.0,380.0,10.0,0.5,9.0,9.0,8.5,2024-09-10 17:47:00+00:00,2024-09-10 17:47:00+00:00,2024-09-10 17:56:00+00:00,2024-09-10 18:32:00+00:00,pullback_long_midday_e357dc47fc29,1,market,0.0,45,1,12,20,
598707,598708,598709,598709,closed,target,20216.75,20236.75,20217.0,20236.5,20204.75,20236.75,20.0,19.5,19.0,380.0,10.0,0.5,2.0,2.0,2.0,2024-09-10 17:59:00+00:00,2024-09-10 17:59:00+00:00,2024-09-10 18:01:00+00:00,2024-09-10 18:44:00+00:00,pullback_long_midday_e357dc47fc29,1,market,0.0,45,1,12,20,
599905,599906,599907,599907,closed,target,20082.75,20102.75,20083.0,20102.5,20070.75,20102.75,20.0,19.5,19.0,380.0,10.0,0.5,2.0,2.0,4.25,2024-09-11 15:12:00+00:00,2024-09-11 15:12:00+00:00,2024-09-11 15:14:00+00:00,2024-09-11 15:57:00+00:00,pullback_long_midday_e357dc47fc29,1,market,0.0,45,1,12,20,
599917,599918,599918,599918,closed,stop,20103.25,20091.25,20103.5,20091.0,20091.25,20123.25,-12.0,-12.5,-13.0,-260.0,10.0,0.5,1.0,1.0,14.0,2024-09-11 15:24:00+00:00,2024-09-11 15:24:00+00:00,2024-09-11 15:25:00+00:00,2024-09-11 16:09:00+00:00,pullback_long_midday_e357dc47fc29,1,market,0.0,45,1,12,20,
599919,599920,599920,599920,closed,target,20107.25,20127.25,20107.5,20127.0,20095.25,20127.25,20.0,19.5,19.0,380.0,10.0,0.5,1.0,1.0,1.5,2024-09-11 15:26:00+00:00,2024-09-11 15:26:00+00:00,2024-09-11 15:27:00+00:00,2024-09-11 16:11:00+00:00,pullback_long_midday_e357dc47fc29,1,market,0.0,45,1,12,20,
599922,599923,599926,599926,closed,target,20118.5,20138.5,20118.75,20138.25,20106.5,20138.5,20.0,19.5,19.0,380.0,10.0,0.5,4.0,4.0,7.0,2024-09-11 15:29:00+00:00,2024-09-11 15:29:00+00:00,2024-09-11 15:33:00+00:00,2024-09-11 16:14:00+00:00,pullback_long_midday_e357dc47fc29,1,market,0.0,45,1,12,20,
599942,599943,599944,599944,closed,stop,20240.75,20228.75,20241.0,20228.5,20228.75,20260.75,-12.0,-12.5,-13.0,-260.0,10.0,0.5,2.0,2.0,19.75,2024-09-11 15:49:00+00:00,2024-09-11 15:49:00+00:00,2024-09-11 15:51:00+00:00,2024-09-11 16:34:00+00:00,pullback_long_midday_e357dc47fc29,1,market,0.0,45,1,12,20,
599951,599952,599952,599952,closed,target,20178.25,20198.25,20178.5,20198.0,20166.25,20198.25,20.0,19.5,19.0,380.0,10.0,0.5,1.0,1.0,0.25,2024-09-11 15:58:00+00:00,2024-09-11 15:58:00+00:00,2024-09-11 15:59:00+00:00,2024-09-11 16:43:00+00:00,pullback_long_midday_e357dc47fc29,1,market,0.0,45,1,12,20,
599952,599953,599953,599953,closed,target,20206.25,20226.25,20206.5,20226.0,20194.25,20226.25,20.0,19.5,19.0,380.0,10.0,0.5,1.0,1.0,0.75,2024-09-11 15:59:00+00:00,2024-09-11 15:59:00+00:00,2024-09-11 16:00:00+00:00,2024-09-11 16:44:00+00:00,pullback_long_midday_e357dc47fc29,1,market,0.0,45,1,12,20,
599962,599963,599963,599963,closed,stop,20309.25,20297.25,20309.5,20297.0,20297.25,20329.25,-12.0,-12.5,-13.0,-260.0,10.0,0.5,1.0,1.0,37.0,2024-09-11 16:09:00+00:00,2024-09-11 16:09:00+00:00,2024-09-11 16:10:00+00:00,2024-09-11 16:54:00+00:00,pullback_long_midday_e357dc47fc29,1,market,0.0,45,1,12,20,
599964,599965,599967,599967,closed,stop,20290.5,20278.5,20290.75,20278.25,20278.5,20310.5,-12.0,-12.5,-13.0,-260.0,10.0,0.5,3.0,3.0,14.25,2024-09-11 16:11:00+00:00,2024-09-11 16:11:00+00:00,2024-09-11 16:14:00+00:00,2024-09-11 16:56:00+00:00,pullback_long_midday_e357dc47fc29,1,market,0.0,45,1,12,20,
599971,599972,599974,599974,closed,target,20307.75,20327.75,20308.0,20327.5,20295.75,20327.75,20.0,19.5,19.0,380.0,10.0,0.5,3.0,3.0,7.0,2024-09-11 16:18:00+00:00,2024-09-11 16:18:00+00:00,2024-09-11 16:21:00+00:00,2024-09-11 17:03:00+00:00,pullback_long_midday_e357dc47fc29,1,market,0.0,45,1,12,20,
599978,599979,599983,599983,closed,target,20322.5,20342.5,20322.75,20342.25,20310.5,20342.5,20.0,19.5,19.0,380.0,10.0,0.5,5.0,5.0,7.5,2024-09-11 16:25:00+00:00,2024-09-11 16:25:00+00:00,2024-09-11 16:30:00+00:00,2024-09-11 17:10:00+00:00,pullback_long_midday_e357dc47fc29,1,market,0.0,45,1,12,20,
600024,600025,600034,600034,closed,stop,20401.5,20389.5,20401.75,20389.25,20389.5,20421.5,-12.0,-12.5,-13.0,-260.0,10.0,0.5,10.0,10.0,25.0,2024-09-11 17:11:00+00:00,2024-09-11 17:11:00+00:00,2024-09-11 17:21:00+00:00,2024-09-11 17:56:00+00:00,pullback_long_midday_e357dc47fc29,1,market,0.0,45,1,12,20,
600035,600036,600042,600042,closed,target,20398.5,20418.5,20398.75,20418.25,20386.5,20418.5,20.0,19.5,19.0,380.0,10.0,0.5,7.0,7.0,11.75,2024-09-11 17:22:00+00:00,2024-09-11 17:22:00+00:00,2024-09-11 17:29:00+00:00,2024-09-11 18:07:00+00:00,pullback_long_midday_e357dc47fc29,1,market,0.0,45,1,12,20,
600047,600048,600056,600056,closed,target,20424.75,20444.75,20425.0,20444.5,20412.75,20444.75,20.0,19.5,19.0,380.0,10.0,0.5,9.0,9.0,7.5,2024-09-11 17:34:00+00:00,2024-09-11 17:34:00+00:00,2024-09-11 17:43:00+00:00,2024-09-11 18:19:00+00:00,pullback_long_midday_e357dc47fc29,1,market,0.0,45,1,12,20,
600072,600073,600078,600078,closed,target,20465.75,20485.75,20466.0,20485.5,20453.75,20485.75,20.0,19.5,19.0,380.0,10.0,0.5,6.0,6.0,4.0,2024-09-11 17:59:00+00:00,2024-09-11 17:59:00+00:00,2024-09-11 18:05:00+00:00,2024-09-11 18:44:00+00:00,pullback_long_midday_e357dc47fc29,1,market,0.0,45,1,12,20,
601278,601279,601279,601279,closed,stop,20769.25,20757.25,20769.5,20757.0,20757.25,20789.25,-12.0,-12.5,-13.0,-260.0,10.0,0.5,1.0,1.0,12.75,2024-09-12 15:20:00+00:00,2024-09-12 15:20:00+00:00,2024-09-12 15:21:00+00:00,2024-09-12 16:05:00+00:00,pullback_long_midday_e357dc47fc29,1,market,0.0,45,1,12,20,
601327,601328,601334,601334,closed,target,20719.75,20739.75,20720.0,20739.5,20707.75,20739.75,20.0,19.5,19.0,380.0,10.0,0.5,7.0,7.0,1.5,2024-09-12 16:09:00+00:00,2024-09-12 16:09:00+00:00,2024-09-12 16:16:00+00:00,2024-09-12 16:54:00+00:00,pullback_long_midday_e357dc47fc29,1,market,0.0,45,1,12,20,
601347,601348,601355,601355,closed,stop,20747.0,20735.0,20747.25,20734.75,20735.0,20767.0,-12.0,-12.5,-13.0,-260.0,10.0,0.5,8.0,8.0,18.75,2024-09-12 16:29:00+00:00,2024-09-12 16:29:00+00:00,2024-09-12 16:37:00+00:00,2024-09-12 17:14:00+00:00,pullback_long_midday_e357dc47fc29,1,market,0.0,45,1,12,20,
601356,601357,601358,601358,closed,stop,20745.5,20733.5,20745.75,20733.25,20733.5,20765.5,-12.0,-12.5,-13.0,-260.0,10.0,0.5,2.0,2.0,21.25,2024-09-12 16:38:00+00:00,2024-09-12 16:38:00+00:00,2024-09-12 16:40:00+00:00,2024-09-12 17:23:00+00:00,pullback_long_midday_e357dc47fc29,1,market,0.0,45,1,12,20,
601380,601381,601396,601396,closed,target,20813.25,20833.25,20813.5,20833.0,20801.25,20833.25,20.0,19.5,19.0,380.0,10.0,0.5,16.0,16.0,8.25,2024-09-12 17:02:00+00:00,2024-09-12 17:02:00+00:00,2024-09-12 17:18:00+00:00,2024-09-12 17:47:00+00:00,pullback_long_midday_e357dc47fc29,1,market,0.0,45,1,12,20,
601400,601401,601403,601403,closed,target,20827.75,20847.75,20828.0,20847.5,20815.75,20847.75,20.0,19.5,19.0,380.0,10.0,0.5,3.0,3.0,1.5,2024-09-12 17:22:00+00:00,2024-09-12 17:22:00+00:00,2024-09-12 17:25:00+00:00,2024-09-12 18:07:00+00:00,pullback_long_midday_e357dc47fc29,1,market,0.0,45,1,12,20,
601413,601414,601417,601417,closed,target,20841.5,20861.5,20841.75,20861.25,20829.5,20861.5,20.0,19.5,19.0,380.0,10.0,0.5,4.0,4.0,4.0,2024-09-12 17:35:00+00:00,2024-09-12 17:35:00+00:00,2024-09-12 17:39:00+00:00,2024-09-12 18:20:00+00:00,pullback_long_midday_e357dc47fc29,1,market,0.0,45,1,12,20,
601436,601437,601448,601448,closed,stop,20892.25,20880.25,20892.5,20880.0,20880.25,20912.25,-12.0,-12.5,-13.0,-260.0,10.0,0.5,12.0,12.0,17.5,2024-09-12 17:58:00+00:00,2024-09-12 17:58:00+00:00,2024-09-12 18:10:00+00:00,2024-09-12 18:43:00+00:00,pullback_long_midday_e357dc47fc29,1,market,0.0,45,1,12,20,
602622,602623,602636,602636,closed,target,20945.25,20965.25,20945.5,20965.0,20933.25,20965.25,20.0,19.5,19.0,380.0,10.0,0.5,14.0,14.0,8.5,2024-09-13 15:00:00+00:00,2024-09-13 15:00:00+00:00,2024-09-13 15:14:00+00:00,2024-09-13 15:45:00+00:00,pullback_long_midday_e357dc47fc29,1,market,0.0,45,1,12,20,
602641,602642,602646,602646,closed,stop,20956.25,20944.25,20956.5,20944.0,20944.25,20976.25,-12.0,-12.5,-13.0,-260.0,10.0,0.5,5.0,5.0,15.25,2024-09-13 15:19:00+00:00,2024-09-13 15:19:00+00:00,2024-09-13 15:24:00+00:00,2024-09-13 16:04:00+00:00,pullback_long_midday_e357dc47fc29,1,market,0.0,45,1,12,20,
602753,602754,602774,602774,closed,target,20985.0,21005.0,20985.25,21004.75,20973.0,21005.0,20.0,19.5,19.0,380.0,10.0,0.5,21.0,21.0,10.75,2024-09-13 17:11:00+00:00,2024-09-13 17:11:00+00:00,2024-09-13 17:32:00+00:00,2024-09-13 17:56:00+00:00,pullback_long_midday_e357dc47fc29,1,market,0.0,45,1,12,20,
602798,602799,602801,602801,closed,stop,21002.0,20990.0,21002.25,20989.75,20990.0,21022.0,-12.0,-12.5,-13.0,-260.0,10.0,0.5,3.0,3.0,13.0,2024-09-13 17:56:00+00:00,2024-09-13 17:56:00+00:00,2024-09-13 17:59:00+00:00,2024-09-13 18:41:00+00:00,pullback_long_midday_e357dc47fc29,1,market,0.0,45,1,12,20,
604001,604002,604004,604004,closed,target,20814.5,20834.5,20814.75,20834.25,20802.5,20834.5,20.0,19.5,19.0,380.0,10.0,0.5,3.0,3.0,3.25,2024-09-16 15:22:00+00:00,2024-09-16 15:22:00+00:00,2024-09-16 15:25:00+00:00,2024-09-16 16:07:00+00:00,pullback_long_midday_e357dc47fc29,1,market,0.0,45,1,12,20,
604007,604008,604010,604010,closed,stop,20822.0,20810.0,20822.25,20809.75,20810.0,20842.0,-12.0,-12.5,-13.0,-260.0,10.0,0.5,3.0,3.0,13.25,2024-09-16 15:28:00+00:00,2024-09-16 15:28:00+00:00,2024-09-16 15:31:00+00:00,2024-09-16 16:13:00+00:00,pullback_long_midday_e357dc47fc29,1,market,0.0,45,1,12,20,
604010,604011,604016,604016,closed,stop,20814.75,20802.75,20815.0,20802.5,20802.75,20834.75,-12.0,-12.5,-13.0,-260.0,10.0,0.5,6.0,6.0,17.5,2024-09-16 15:31:00+00:00,2024-09-16 15:31:00+00:00,2024-09-16 15:37:00+00:00,2024-09-16 16:16:00+00:00,pullback_long_midday_e357dc47fc29,1,market,0.0,45,1,12,20,
604045,604046,604052,604052,closed,stop,20793.0,20781.0,20793.25,20780.75,20781.0,20813.0,-12.0,-12.5,-13.0,-260.0,10.0,0.5,7.0,7.0,21.0,2024-09-16 16:06:00+00:00,2024-09-16 16:06:00+00:00,2024-09-16 16:13:00+00:00,2024-09-16 16:51:00+00:00,pullback_long_midday_e357dc47fc29,1,market,0.0,45,1,12,20,
604080,604081,604083,604083,closed,stop,20785.25,20773.25,20785.5,20773.0,20773.25,20805.25,-12.0,-12.5,-13.0,-260.0,10.0,0.5,3.0,3.0,13.0,2024-09-16 16:41:00+00:00,2024-09-16 16:41:00+00:00,2024-09-16 16:44:00+00:00,2024-09-16 17:26:00+00:00,pullback_long_midday_e357dc47fc29,1,market,0.0,45,1,12,20,
604105,604106,604118,604118,closed,stop,20813.25,20801.25,20813.5,20801.0,20801.25,20833.25,-12.0,-12.5,-13.0,-260.0,10.0,0.5,13.0,13.0,17.0,2024-09-16 17:06:00+00:00,2024-09-16 17:06:00+00:00,2024-09-16 17:19:00+00:00,2024-09-16 17:51:00+00:00,pullback_long_midday_e357dc47fc29,1,market,0.0,45,1,12,20,
604142,604143,604165,604165,closed,stop,20847.0,20835.0,20847.25,20834.75,20835.0,20867.0,-12.0,-12.5,-13.0,-260.0,10.0,0.5,23.0,23.0,12.75,2024-09-16 17:43:00+00:00,2024-09-16 17:43:00+00:00,2024-09-16 18:06:00+00:00,2024-09-16 18:28:00+00:00,pullback_long_midday_e357dc47fc29,1,market,0.0,45,1,12,20,
605369,605370,605371,605371,closed,stop,20987.75,20975.75,20988.0,20975.5,20975.75,21007.75,-12.0,-12.5,-13.0,-260.0,10.0,0.5,2.0,2.0,13.0,2024-09-17 15:25:00+00:00,2024-09-17 15:25:00+00:00,2024-09-17 15:27:00+00:00,2024-09-17 16:10:00+00:00,pullback_long_midday_e357dc47fc29,1,market,0.0,45,1,12,20,
605403,605404,605413,605413,closed,stop,20970.75,20958.75,20971.0,20958.5,20958.75,20990.75,-12.0,-12.5,-13.0,-260.0,10.0,0.5,10.0,10.0,14.25,2024-09-17 15:59:00+00:00,2024-09-17 15:59:00+00:00,2024-09-17 16:09:00+00:00,2024-09-17 16:44:00+00:00,pullback_long_midday_e357dc47fc29,1,market,0.0,45,1,12,20,
605477,605478,605478,605478,closed,stop,20832.75,20820.75,20833.0,20820.5,20820.75,20852.75,-12.0,-12.5,-13.0,-260.0,10.0,0.5,1.0,1.0,12.5,2024-09-17 17:13:00+00:00,2024-09-17 17:13:00+00:00,2024-09-17 17:14:00+00:00,2024-09-17 17:58:00+00:00,pullback_long_midday_e357dc47fc29,1,market,0.0,45,1,12,20,
605500,605501,605505,605505,closed,stop,20861.5,20849.5,20861.75,20849.25,20849.5,20881.5,-12.0,-12.5,-13.0,-260.0,10.0,0.5,5.0,5.0,29.5,2024-09-17 17:36:00+00:00,2024-09-17 17:36:00+00:00,2024-09-17 17:41:00+00:00,2024-09-17 18:21:00+00:00,pullback_long_midday_e357dc47fc29,1,market,0.0,45,1,12,20,
606805,606806,606809,606809,closed,stop,20865.0,20853.0,20865.25,20852.75,20853.0,20885.0,-12.0,-12.5,-13.0,-260.0,10.0,0.5,4.0,4.0,14.0,2024-09-18 16:37:00+00:00,2024-09-18 16:37:00+00:00,2024-09-18 16:41:00+00:00,2024-09-18 17:22:00+00:00,pullback_long_midday_e357dc47fc29,1,market,0.0,45,1,12,20,
606810,606811,606819,606819,closed,target,20860.0,20880.0,20860.25,20879.75,20848.0,20880.0,20.0,19.5,19.0,380.0,10.0,0.5,9.0,9.0,0.75,2024-09-18 16:42:00+00:00,2024-09-18 16:42:00+00:00,2024-09-18 16:51:00+00:00,2024-09-18 17:27:00+00:00,pullback_long_midday_e357dc47fc29,1,market,0.0,45,1,12,20,
606833,606834,606844,606844,closed,stop,20900.75,20888.75,20901.0,20888.5,20888.75,20920.75,-12.0,-12.5,-13.0,-260.0,10.0,0.5,11.0,11.0,16.5,2024-09-18 17:05:00+00:00,2024-09-18 17:05:00+00:00,2024-09-18 17:16:00+00:00,2024-09-18 17:50:00+00:00,pullback_long_midday_e357dc47fc29,1,market,0.0,45,1,12,20,
606877,606878,606878,606878,closed,stop,20901.25,20889.25,20901.5,20889.0,20889.25,20921.25,-12.0,-12.5,-13.0,-260.0,10.0,0.5,1.0,1.0,13.25,2024-09-18 17:49:00+00:00,2024-09-18 17:49:00+00:00,2024-09-18 17:50:00+00:00,2024-09-18 18:34:00+00:00,pullback_long_midday_e357dc47fc29,1,market,0.0,45,1,12,20,
608108,608109,608116,608116,closed,target,21326.0,21346.0,21326.25,21345.75,21314.0,21346.0,20.0,19.5,19.0,380.0,10.0,0.5,8.0,8.0,4.0,2024-09-19 15:35:00+00:00,2024-09-19 15:35:00+00:00,2024-09-19 15:43:00+00:00,2024-09-19 16:20:00+00:00,pullback_long_midday_e357dc47fc29,1,market,0.0,45,1,12,20,
608149,608150,608153,608153,closed,target,21324.25,21344.25,21324.5,21344.0,21312.25,21344.25,20.0,19.5,19.0,380.0,10.0,0.5,4.0,4.0,3.75,2024-09-19 16:16:00+00:00,2024-09-19 16:16:00+00:00,2024-09-19 16:20:00+00:00,2024-09-19 17:01:00+00:00,pullback_long_midday_e357dc47fc29,1,market,0.0,45,1,12,20,
608166,608167,608191,608191,closed,stop,21358.0,21346.0,21358.25,21345.75,21346.0,21378.0,-12.0,-12.5,-13.0,-260.0,10.0,0.5,25.0,25.0,14.0,2024-09-19 16:33:00+00:00,2024-09-19 16:33:00+00:00,2024-09-19 16:58:00+00:00,2024-09-19 17:18:00+00:00,pullback_long_midday_e357dc47fc29,1,market,0.0,45,1,12,20,
608213,608214,608216,608216,closed,stop,21366.5,21354.5,21366.75,21354.25,21354.5,21386.5,-12.0,-12.5,-13.0,-260.0,10.0,0.5,3.0,3.0,16.75,2024-09-19 17:20:00+00:00,2024-09-19 17:20:00+00:00,2024-09-19 17:23:00+00:00,2024-09-19 18:05:00+00:00,pullback_long_midday_e357dc47fc29,1,market,0.0,45,1,12,20,
608222,608223,608235,608235,closed,target,21357.5,21377.5,21357.75,21377.25,21345.5,21377.5,20.0,19.5,19.0,380.0,10.0,0.5,13.0,13.0,4.75,2024-09-19 17:29:00+00:00,2024-09-19 17:29:00+00:00,2024-09-19 17:42:00+00:00,2024-09-19 18:14:00+00:00,pullback_long_midday_e357dc47fc29,1,market,0.0,45,1,12,20,
608247,-1,-1,608248,unresolved,unexpected_gap,,,,,,,,,,,,,,,,2024-09-19 17:54:00+00:00,,,2024-09-19 18:39:00+00:00,pullback_long_midday_e357dc47fc29,1,market,0.0,45,1,12,20,
609482,609483,609488,609488,closed,stop,21172.5,21160.5,21172.75,21160.25,21160.5,21192.5,-12.0,-12.5,-13.0,-260.0,10.0,0.5,6.0,6.0,22.25,2024-09-20 15:47:00+00:00,2024-09-20 15:47:00+00:00,2024-09-20 15:53:00+00:00,2024-09-20 16:32:00+00:00,pullback_long_midday_e357dc47fc29,1,market,0.0,45,1,12,20,
609494,609495,609505,609505,closed,target,21177.25,21197.25,21177.5,21197.0,21165.25,21197.25,20.0,19.5,19.0,380.0,10.0,0.5,11.0,11.0,11.75,2024-09-20 15:59:00+00:00,2024-09-20 15:59:00+00:00,2024-09-20 16:10:00+00:00,2024-09-20 16:44:00+00:00,pullback_long_midday_e357dc47fc29,1,market,0.0,45,1,12,20,
609509,609510,609514,609514,closed,stop,21190.0,21178.0,21190.25,21177.75,21178.0,21210.0,-12.0,-12.5,-13.0,-260.0,10.0,0.5,5.0,5.0,12.75,2024-09-20 16:14:00+00:00,2024-09-20 16:14:00+00:00,2024-09-20 16:19:00+00:00,2024-09-20 16:59:00+00:00,pullback_long_midday_e357dc47fc29,1,market,0.0,45,1,12,20,
609528,609529,609546,609546,closed,target,21211.0,21231.0,21211.25,21230.75,21199.0,21231.0,20.0,19.5,19.0,380.0,10.0,0.5,18.0,18.0,11.25,2024-09-20 16:33:00+00:00,2024-09-20 16:33:00+00:00,2024-09-20 16:51:00+00:00,2024-09-20 17:18:00+00:00,pullback_long_midday_e357dc47fc29,1,market,0.0,45,1,12,20,
609551,609552,609558,609558,closed,stop,21223.0,21211.0,21223.25,21210.75,21211.0,21243.0,-12.0,-12.5,-13.0,-260.0,10.0,0.5,7.0,7.0,15.5,2024-09-20 16:56:00+00:00,2024-09-20 16:56:00+00:00,2024-09-20 17:03:00+00:00,2024-09-20 17:41:00+00:00,pullback_long_midday_e357dc47fc29,1,market,0.0,45,1,12,20,
610851,610852,610860,610860,closed,stop,21308.5,21296.5,21308.75,21296.25,21296.5,21328.5,-12.0,-12.5,-13.0,-260.0,10.0,0.5,9.0,9.0,16.75,2024-09-23 15:51:00+00:00,2024-09-23 15:51:00+00:00,2024-09-23 16:00:00+00:00,2024-09-23 16:36:00+00:00,pullback_long_midday_e357dc47fc29,1,market,0.0,45,1,12,20,
610943,610944,610944,610944,closed,stop,21250.0,21238.0,21250.25,21237.75,21238.0,21270.0,-12.0,-12.5,-13.0,-260.0,10.0,0.5,1.0,1.0,15.75,2024-09-23 17:23:00+00:00,2024-09-23 17:23:00+00:00,2024-09-23 17:24:00+00:00,2024-09-23 18:08:00+00:00,pullback_long_midday_e357dc47fc29,1,market,0.0,45,1,12,20,
610966,610967,610977,610977,closed,target,21253.5,21273.5,21253.75,21273.25,21241.5,21273.5,20.0,19.5,19.0,380.0,10.0,0.5,11.0,11.0,3.0,2024-09-23 17:46:00+00:00,2024-09-23 17:46:00+00:00,2024-09-23 17:57:00+00:00,2024-09-23 18:31:00+00:00,pullback_long_midday_e357dc47fc29,1,market,0.0,45,1,12,20,
610978,610979,610986,610986,closed,stop,21271.25,21259.25,21271.5,21259.0,21259.25,21291.25,-12.0,-12.5,-13.0,-260.0,10.0,0.5,8.0,8.0,16.75,2024-09-23 17:58:00+00:00,2024-09-23 17:58:00+00:00,2024-09-23 18:06:00+00:00,2024-09-23 18:43:00+00:00,pullback_long_midday_e357dc47fc29,1,market,0.0,45,1,12,20,
612169,612170,612177,612177,closed,target,21273.0,21293.0,21273.25,21292.75,21261.0,21293.0,20.0,19.5,19.0,380.0,10.0,0.5,8.0,8.0,2.0,2024-09-24 15:04:00+00:00,2024-09-24 15:04:00+00:00,2024-09-24 15:12:00+00:00,2024-09-24 15:49:00+00:00,pullback_long_midday_e357dc47fc29,1,market,0.0,45,1,12,20,
612185,612186,612197,612197,closed,target,21304.0,21324.0,21304.25,21323.75,21292.0,21324.0,20.0,19.5,19.0,380.0,10.0,0.5,12.0,12.0,9.25,2024-09-24 15:20:00+00:00,2024-09-24 15:20:00+00:00,2024-09-24 15:32:00+00:00,2024-09-24 16:05:00+00:00,pullback_long_midday_e357dc47fc29,1,market,0.0,45,1,12,20,
612201,612202,612203,612203,closed,stop,21324.5,21312.5,21324.75,21312.25,21312.5,21344.5,-12.0,-12.5,-13.0,-260.0,10.0,0.5,2.0,2.0,13.5,2024-09-24 15:36:00+00:00,2024-09-24 15:36:00+00:00,2024-09-24 15:38:00+00:00,2024-09-24 16:21:00+00:00,pullback_long_midday_e357dc47fc29,1,market,0.0,45,1,12,20,
612204,612205,612209,612209,closed,target,21316.0,21336.0,21316.25,21335.75,21304.0,21336.0,20.0,19.5,19.0,380.0,10.0,0.5,5.0,5.0,1.0,2024-09-24 15:39:00+00:00,2024-09-24 15:39:00+00:00,2024-09-24 15:44:00+00:00,2024-09-24 16:24:00+00:00,pullback_long_midday_e357dc47fc29,1,market,0.0,45,1,12,20,
612214,612215,612218,612218,closed,target,21350.75,21370.75,21351.0,21370.5,21338.75,21370.75,20.0,19.5,19.0,380.0,10.0,0.5,4.0,4.0,1.25,2024-09-24 15:49:00+00:00,2024-09-24 15:49:00+00:00,2024-09-24 15:53:00+00:00,2024-09-24 16:34:00+00:00,pullback_long_midday_e357dc47fc29,1,market,0.0,45,1,12,20,
612226,612227,612250,612250,closed,stop,21394.0,21382.0,21394.25,21381.75,21382.0,21414.0,-12.0,-12.5,-13.0,-260.0,10.0,0.5,24.0,24.0,17.0,2024-09-24 16:01:00+00:00,2024-09-24 16:01:00+00:00,2024-09-24 16:25:00+00:00,2024-09-24 16:46:00+00:00,pullback_long_midday_e357dc47fc29,1,market,0.0,45,1,12,20,
612310,612311,612345,612345,closed,stop,21375.5,21363.5,21375.75,21363.25,21363.5,21395.5,-12.0,-12.5,-13.0,-260.0,10.0,0.5,35.0,35.0,15.5,2024-09-24 17:25:00+00:00,2024-09-24 17:25:00+00:00,2024-09-24 18:00:00+00:00,2024-09-24 18:10:00+00:00,pullback_long_midday_e357dc47fc29,1,market,0.0,45,1,12,20,
613620,613621,613623,613623,closed,stop,21407.75,21395.75,21408.0,21395.5,21395.75,21427.75,-12.0,-12.5,-13.0,-260.0,10.0,0.5,3.0,3.0,16.0,2024-09-25 16:30:00+00:00,2024-09-25 16:30:00+00:00,2024-09-25 16:33:00+00:00,2024-09-25 17:15:00+00:00,pullback_long_midday_e357dc47fc29,1,market,0.0,45,1,12,20,
613625,613626,613634,613634,closed,stop,21404.5,21392.5,21404.75,21392.25,21392.5,21424.5,-12.0,-12.5,-13.0,-260.0,10.0,0.5,9.0,9.0,13.75,2024-09-25 16:35:00+00:00,2024-09-25 16:35:00+00:00,2024-09-25 16:44:00+00:00,2024-09-25 17:20:00+00:00,pullback_long_midday_e357dc47fc29,1,market,0.0,45,1,12,20,
614911,614912,614915,614915,closed,stop,21461.25,21449.25,21461.5,21449.0,21449.25,21481.25,-12.0,-12.5,-13.0,-260.0,10.0,0.5,4.0,4.0,29.0,2024-09-26 15:16:00+00:00,2024-09-26 15:16:00+00:00,2024-09-26 15:20:00+00:00,2024-09-26 16:01:00+00:00,pullback_long_midday_e357dc47fc29,1,market,0.0,45,1,12,20,
614916,614917,614919,614919,closed,stop,21450.0,21438.0,21450.25,21437.75,21438.0,21470.0,-12.0,-12.5,-13.0,-260.0,10.0,0.5,3.0,3.0,12.75,2024-09-26 15:21:00+00:00,2024-09-26 15:21:00+00:00,2024-09-26 15:24:00+00:00,2024-09-26 16:06:00+00:00,pullback_long_midday_e357dc47fc29,1,market,0.0,45,1,12,20,
614943,614944,614945,614945,closed,stop,21477.5,21465.5,21477.75,21465.25,21465.5,21497.5,-12.0,-12.5,-13.0,-260.0,10.0,0.5,2.0,2.0,13.25,2024-09-26 15:48:00+00:00,2024-09-26 15:48:00+00:00,2024-09-26 15:50:00+00:00,2024-09-26 16:33:00+00:00,pullback_long_midday_e357dc47fc29,1,market,0.0,45,1,12,20,
614946,614947,614950,614950,closed,target,21477.0,21497.0,21477.25,21496.75,21465.0,21497.0,20.0,19.5,19.0,380.0,10.0,0.5,4.0,4.0,4.75,2024-09-26 15:51:00+00:00,2024-09-26 15:51:00+00:00,2024-09-26 15:55:00+00:00,2024-09-26 16:36:00+00:00,pullback_long_midday_e357dc47fc29,1,market,0.0,45,1,12,20,
615049,615050,615060,615060,closed,target,21457.75,21477.75,21458.0,21477.5,21445.75,21477.75,20.0,19.5,19.0,380.0,10.0,0.5,11.0,11.0,4.5,2024-09-26 17:34:00+00:00,2024-09-26 17:34:00+00:00,2024-09-26 17:45:00+00:00,2024-09-26 18:19:00+00:00,pullback_long_midday_e357dc47fc29,1,market,0.0,45,1,12,20,
615068,615069,615087,615087,closed,target,21475.25,21495.25,21475.5,21495.0,21463.25,21495.25,20.0,19.5,19.0,380.0,10.0,0.5,19.0,19.0,6.25,2024-09-26 17:53:00+00:00,2024-09-26 17:53:00+00:00,2024-09-26 18:12:00+00:00,2024-09-26 18:38:00+00:00,pullback_long_midday_e357dc47fc29,1,market,0.0,45,1,12,20,
616307,616308,616310,616310,closed,stop,21469.25,21457.25,21469.5,21457.0,21457.25,21489.25,-12.0,-12.5,-13.0,-260.0,10.0,0.5,3.0,3.0,21.5,2024-09-27 15:47:00+00:00,2024-09-27 15:47:00+00:00,2024-09-27 15:50:00+00:00,2024-09-27 16:32:00+00:00,pullback_long_midday_e357dc47fc29,1,market,0.0,45,1,12,20,
616354,616355,616382,616382,closed,target,21453.5,21473.5,21453.75,21473.25,21441.5,21473.5,20.0,19.5,19.0,380.0,10.0,0.5,28.0,28.0,7.5,2024-09-27 16:34:00+00:00,2024-09-27 16:34:00+00:00,2024-09-27 17:02:00+00:00,2024-09-27 17:19:00+00:00,pullback_long_midday_e357dc47fc29,1,market,0.0,45,1,12,20,
617632,617633,617634,617634,closed,stop,21397.0,21385.0,21397.25,21384.75,21385.0,21417.0,-12.0,-12.5,-13.0,-260.0,10.0,0.5,2.0,2.0,15.75,2024-09-30 15:07:00+00:00,2024-09-30 15:07:00+00:00,2024-09-30 15:09:00+00:00,2024-09-30 15:52:00+00:00,pullback_long_midday_e357dc47fc29,1,market,0.0,45,1,12,20,
617637,617638,617643,617643,closed,target,21390.75,21410.75,21391.0,21410.5,21378.75,21410.75,20.0,19.5,19.0,380.0,10.0,0.5,6.0,6.0,10.25,2024-09-30 15:12:00+00:00,2024-09-30 15:12:00+00:00,2024-09-30 15:18:00+00:00,2024-09-30 15:57:00+00:00,pullback_long_midday_e357dc47fc29,1,market,0.0,45,1,12,20,
617646,617647,617655,617655,closed,target,21403.5,21423.5,21403.75,21423.25,21391.5,21423.5,20.0,19.5,19.0,380.0,10.0,0.5,9.0,9.0,4.25,2024-09-30 15:21:00+00:00,2024-09-30 15:21:00+00:00,2024-09-30 15:30:00+00:00,2024-09-30 16:06:00+00:00,pullback_long_midday_e357dc47fc29,1,market,0.0,45,1,12,20,
617699,617700,617701,617701,closed,target,21427.75,21447.75,21428.0,21447.5,21415.75,21447.75,20.0,19.5,19.0,380.0,10.0,0.5,2.0,2.0,0.25,2024-09-30 16:14:00+00:00,2024-09-30 16:14:00+00:00,2024-09-30 16:16:00+00:00,2024-09-30 16:59:00+00:00,pullback_long_midday_e357dc47fc29,1,market,0.0,45,1,12,20,
617707,617708,617716,617716,closed,stop,21440.5,21428.5,21440.75,21428.25,21428.5,21460.5,-12.0,-12.5,-13.0,-260.0,10.0,0.5,9.0,9.0,13.25,2024-09-30 16:22:00+00:00,2024-09-30 16:22:00+00:00,2024-09-30 16:31:00+00:00,2024-09-30 17:07:00+00:00,pullback_long_midday_e357dc47fc29,1,market,0.0,45,1,12,20,
617803,617804,617813,617813,closed,stop,21393.25,21381.25,21393.5,21381.0,21381.25,21413.25,-12.0,-12.5,-13.0,-260.0,10.0,0.5,10.0,10.0,19.75,2024-09-30 17:58:00+00:00,2024-09-30 17:58:00+00:00,2024-09-30 18:08:00+00:00,2024-09-30 18:43:00+00:00,pullback_long_midday_e357dc47fc29,1,market,0.0,45,1,12,20,
619038,619039,619042,619042,closed,target,21134.75,21154.75,21135.0,21154.5,21122.75,21154.75,20.0,19.5,19.0,380.0,10.0,0.5,4.0,4.0,4.0,2024-10-01 15:48:00+00:00,2024-10-01 15:48:00+00:00,2024-10-01 15:52:00+00:00,2024-10-01 16:33:00+00:00,pullback_long_midday_e357dc47fc29,1,market,0.0,45,1,12,20,
619048,619049,619050,619050,closed,stop,21142.75,21130.75,21143.0,21130.5,21130.75,21162.75,-12.0,-12.5,-13.0,-260.0,10.0,0.5,2.0,2.0,24.0,2024-10-01 15:58:00+00:00,2024-10-01 15:58:00+00:00,2024-10-01 16:00:00+00:00,2024-10-01 16:43:00+00:00,pullback_long_midday_e357dc47fc29,1,market,0.0,45,1,12,20,
619066,619067,619075,619075,closed,stop,21156.5,21144.5,21156.75,21144.25,21144.5,21176.5,-12.0,-12.5,-13.0,-260.0,10.0,0.5,9.0,9.0,15.5,2024-10-01 16:16:00+00:00,2024-10-01 16:16:00+00:00,2024-10-01 16:25:00+00:00,2024-10-01 17:01:00+00:00,pullback_long_midday_e357dc47fc29,1,market,0.0,45,1,12,20,
619144,619145,619146,619146,closed,stop,21103.5,21091.5,21103.75,21091.25,21091.5,21123.5,-12.0,-12.5,-13.0,-260.0,10.0,0.5,2.0,2.0,14.75,2024-10-01 17:34:00+00:00,2024-10-01 17:34:00+00:00,2024-10-01 17:36:00+00:00,2024-10-01 18:19:00+00:00,pullback_long_midday_e357dc47fc29,1,market,0.0,45,1,12,20,
619149,619150,619154,619154,closed,target,21092.5,21112.5,21092.75,21112.25,21080.5,21112.5,20.0,19.5,19.0,380.0,10.0,0.5,5.0,5.0,9.25,2024-10-01 17:39:00+00:00,2024-10-01 17:39:00+00:00,2024-10-01 17:44:00+00:00,2024-10-01 18:24:00+00:00,pullback_long_midday_e357dc47fc29,1,market,0.0,45,1,12,20,
619161,619162,619165,619165,closed,target,21128.0,21148.0,21128.25,21147.75,21116.0,21148.0,20.0,19.5,19.0,380.0,10.0,0.5,4.0,4.0,5.0,2024-10-01 17:51:00+00:00,2024-10-01 17:51:00+00:00,2024-10-01 17:55:00+00:00,2024-10-01 18:36:00+00:00,pullback_long_midday_e357dc47fc29,1,market,0.0,45,1,12,20,
620379,620380,620382,620382,closed,stop,21256.0,21244.0,21256.25,21243.75,21244.0,21276.0,-12.0,-12.5,-13.0,-260.0,10.0,0.5,3.0,3.0,18.75,2024-10-02 15:24:00+00:00,2024-10-02 15:24:00+00:00,2024-10-02 15:27:00+00:00,2024-10-02 16:09:00+00:00,pullback_long_midday_e357dc47fc29,1,market,0.0,45,1,12,20,
620384,620385,620386,620386,closed,target,21247.0,21267.0,21247.25,21266.75,21235.0,21267.0,20.0,19.5,19.0,380.0,10.0,0.5,2.0,2.0,3.5,2024-10-02 15:29:00+00:00,2024-10-02 15:29:00+00:00,2024-10-02 15:31:00+00:00,2024-10-02 16:14:00+00:00,pullback_long_midday_e357dc47fc29,1,market,0.0,45,1,12,20,
620432,620433,620433,620433,closed,stop,21273.0,21261.0,21273.25,21260.75,21261.0,21293.0,-12.0,-12.5,-13.0,-260.0,10.0,0.5,1.0,1.0,12.5,2024-10-02 16:17:00+00:00,2024-10-02 16:17:00+00:00,2024-10-02 16:18:00+00:00,2024-10-02 17:02:00+00:00,pullback_long_midday_e357dc47fc29,1,market,0.0,45,1,12,20,
620507,620508,620509,620509,closed,stop,21200.0,21188.0,21200.25,21187.75,21188.0,21220.0,-12.0,-12.5,-13.0,-260.0,10.0,0.5,2.0,2.0,21.5,2024-10-02 17:32:00+00:00,2024-10-02 17:32:00+00:00,2024-10-02 17:34:00+00:00,2024-10-02 18:17:00+00:00,pullback_long_midday_e357dc47fc29,1,market,0.0,45,1,12,20,
620521,620522,620524,620524,closed,target,21199.75,21219.75,21200.0,21219.5,21187.75,21219.75,20.0,19.5,19.0,380.0,10.0,0.5,3.0,3.0,1.75,2024-10-02 17:46:00+00:00,2024-10-02 17:46:00+00:00,2024-10-02 17:49:00+00:00,2024-10-02 18:31:00+00:00,pullback_long_midday_e357dc47fc29,1,market,0.0,45,1,12,20,
621741,621742,621744,621744,closed,target,21179.25,21199.25,21179.5,21199.0,21167.25,21199.25,20.0,19.5,19.0,380.0,10.0,0.5,3.0,3.0,8.25,2024-10-03 15:21:00+00:00,2024-10-03 15:21:00+00:00,2024-10-03 15:24:00+00:00,2024-10-03 16:06:00+00:00,pullback_long_midday_e357dc47fc29,1,market,0.0,45,1,12,20,
621750,621751,621751,621751,closed,target,21190.75,21210.75,21191.0,21210.5,21178.75,21210.75,20.0,19.5,19.0,380.0,10.0,0.5,1.0,1.0,3.0,2024-10-03 15:30:00+00:00,2024-10-03 15:30:00+00:00,2024-10-03 15:31:00+00:00,2024-10-03 16:15:00+00:00,pullback_long_midday_e357dc47fc29,1,market,0.0,45,1,12,20,
621764,621765,621772,621772,closed,target,21226.75,21246.75,21227.0,21246.5,21214.75,21246.75,20.0,19.5,19.0,380.0,10.0,0.5,8.0,8.0,1.75,2024-10-03 15:44:00+00:00,2024-10-03 15:44:00+00:00,2024-10-03 15:52:00+00:00,2024-10-03 16:29:00+00:00,pullback_long_midday_e357dc47fc29,1,market,0.0,45,1,12,20,
621776,621777,621777,621777,closed,stop,21250.0,21238.0,21250.25,21237.75,21238.0,21270.0,-12.0,-12.5,-13.0,-260.0,10.0,0.5,1.0,1.0,13.0,2024-10-03 15:56:00+00:00,2024-10-03 15:56:00+00:00,2024-10-03 15:57:00+00:00,2024-10-03 16:41:00+00:00,pullback_long_midday_e357dc47fc29,1,market,0.0,45,1,12,20,
621805,621806,621810,621810,closed,stop,21243.25,21231.25,21243.5,21231.0,21231.25,21263.25,-12.0,-12.5,-13.0,-260.0,10.0,0.5,5.0,5.0,15.25,2024-10-03 16:25:00+00:00,2024-10-03 16:25:00+00:00,2024-10-03 16:30:00+00:00,2024-10-03 17:10:00+00:00,pullback_long_midday_e357dc47fc29,1,market,0.0,45,1,12,20,
621871,621872,621880,621880,closed,stop,21158.5,21146.5,21158.75,21146.25,21146.5,21178.5,-12.0,-12.5,-13.0,-260.0,10.0,0.5,9.0,9.0,15.5,2024-10-03 17:31:00+00:00,2024-10-03 17:31:00+00:00,2024-10-03 17:40:00+00:00,2024-10-03 18:16:00+00:00,pullback_long_midday_e357dc47fc29,1,market,0.0,45,1,12,20,
621881,621882,621882,621882,closed,stop,21152.0,21140.0,21152.25,21139.75,21140.0,21172.0,-12.0,-12.5,-13.0,-260.0,10.0,0.5,1.0,1.0,23.25,2024-10-03 17:41:00+00:00,2024-10-03 17:41:00+00:00,2024-10-03 17:42:00+00:00,2024-10-03 18:26:00+00:00,pullback_long_midday_e357dc47fc29,1,market,0.0,45,1,12,20,
623096,623097,623099,623099,closed,stop,21340.75,21328.75,21341.0,21328.5,21328.75,21360.75,-12.0,-12.5,-13.0,-260.0,10.0,0.5,3.0,3.0,35.75,2024-10-04 15:11:00+00:00,2024-10-04 15:11:00+00:00,2024-10-04 15:14:00+00:00,2024-10-04 15:56:00+00:00,pullback_long_midday_e357dc47fc29,1,market,0.0,45,1,12,20,
623103,623104,623106,623106,closed,stop,21317.5,21305.5,21317.75,21305.25,21305.5,21337.5,-12.0,-12.5,-13.0,-260.0,10.0,0.5,3.0,3.0,34.75,2024-10-04 15:18:00+00:00,2024-10-04 15:18:00+00:00,2024-10-04 15:21:00+00:00,2024-10-04 16:03:00+00:00,pullback_long_midday_e357dc47fc29,1,market,0.0,45,1,12,20,
623136,623137,623138,623138,closed,target,21259.5,21279.5,21259.75,21279.25,21247.5,21279.5,20.0,19.5,19.0,380.0,10.0,0.5,2.0,2.0,2.5,2024-10-04 15:51:00+00:00,2024-10-04 15:51:00+00:00,2024-10-04 15:53:00+00:00,2024-10-04 16:36:00+00:00,pullback_long_midday_e357dc47fc29,1,market,0.0,45,1,12,20,
623156,623157,623171,623171,closed,stop,21296.75,21284.75,21297.0,21284.5,21284.75,21316.75,-12.0,-12.5,-13.0,-260.0,10.0,0.5,15.0,15.0,16.5,2024-10-04 16:11:00+00:00,2024-10-04 16:11:00+00:00,2024-10-04 16:26:00+00:00,2024-10-04 16:56:00+00:00,pullback_long_midday_e357dc47fc29,1,market,0.0,45,1,12,20,
623198,623199,623208,623208,closed,stop,21354.75,21342.75,21355.0,21342.5,21342.75,21374.75,-12.0,-12.5,-13.0,-260.0,10.0,0.5,10.0,10.0,18.0,2024-10-04 16:53:00+00:00,2024-10-04 16:53:00+00:00,2024-10-04 17:03:00+00:00,2024-10-04 17:38:00+00:00,pullback_long_midday_e357dc47fc29,1,market,0.0,45,1,12,20,
623228,623229,623230,623230,closed,stop,21361.0,21349.0,21361.25,21348.75,21349.0,21381.0,-12.0,-12.5,-13.0,-260.0,10.0,0.5,2.0,2.0,12.5,2024-10-04 17:23:00+00:00,2024-10-04 17:23:00+00:00,2024-10-04 17:25:00+00:00,2024-10-04 18:08:00+00:00,pullback_long_midday_e357dc47fc29,1,market,0.0,45,1,12,20,
623231,623232,623235,623235,closed,stop,21355.75,21343.75,21356.0,21343.5,21343.75,21375.75,-12.0,-12.5,-13.0,-260.0,10.0,0.5,4.0,4.0,15.75,2024-10-04 17:26:00+00:00,2024-10-04 17:26:00+00:00,2024-10-04 17:30:00+00:00,2024-10-04 18:11:00+00:00,pullback_long_midday_e357dc47fc29,1,market,0.0,45,1,12,20,
624473,624474,624485,624485,closed,target,21352.5,21372.5,21352.75,21372.25,21340.5,21372.5,20.0,19.5,19.0,380.0,10.0,0.5,12.0,12.0,6.75,2024-10-07 15:23:00+00:00,2024-10-07 15:23:00+00:00,2024-10-07 15:35:00+00:00,2024-10-07 16:08:00+00:00,pullback_long_midday_e357dc47fc29,1,market,0.0,45,1,12,20,
624540,624541,624542,624542,closed,stop,21352.5,21340.5,21352.75,21340.25,21340.5,21372.5,-12.0,-12.5,-13.0,-260.0,10.0,0.5,2.0,2.0,16.75,2024-10-07 16:30:00+00:00,2024-10-07 16:30:00+00:00,2024-10-07 16:32:00+00:00,2024-10-07 17:15:00+00:00,pullback_long_midday_e357dc47fc29,1,market,0.0,45,1,12,20,
624544,624545,624553,624553,closed,stop,21344.0,21332.0,21344.25,21331.75,21332.0,21364.0,-12.0,-12.5,-13.0,-260.0,10.0,0.5,9.0,9.0,12.75,2024-10-07 16:34:00+00:00,2024-10-07 16:34:00+00:00,2024-10-07 16:43:00+00:00,2024-10-07 17:19:00+00:00,pullback_long_midday_e357dc47fc29,1,market,0.0,45,1,12,20,
624578,624579,624594,624594,closed,stop,21347.5,21335.5,21347.75,21335.25,21335.5,21367.5,-12.0,-12.5,-13.0,-260.0,10.0,0.5,16.0,16.0,21.5,2024-10-07 17:08:00+00:00,2024-10-07 17:08:00+00:00,2024-10-07 17:24:00+00:00,2024-10-07 17:53:00+00:00,pullback_long_midday_e357dc47fc29,1,market,0.0,45,1,12,20,
625854,625855,625867,625867,closed,target,21428.5,21448.5,21428.75,21448.25,21416.5,21448.5,20.0,19.5,19.0,380.0,10.0,0.5,13.0,13.0,2.25,2024-10-08 15:39:00+00:00,2024-10-08 15:39:00+00:00,2024-10-08 15:52:00+00:00,2024-10-08 16:24:00+00:00,pullback_long_midday_e357dc47fc29,1,market,0.0,45,1,12,20,
625874,625875,625877,625877,closed,stop,21449.75,21437.75,21450.0,21437.5,21437.75,21469.75,-12.0,-12.5,-13.0,-260.0,10.0,0.5,3.0,3.0,33.5,2024-10-08 15:59:00+00:00,2024-10-08 15:59:00+00:00,2024-10-08 16:02:00+00:00,2024-10-08 16:44:00+00:00,pullback_long_midday_e357dc47fc29,1,market,0.0,45,1,12,20,
625902,625903,625925,625925,closed,stop,21427.0,21415.0,21427.25,21414.75,21415.0,21447.0,-12.0,-12.5,-13.0,-260.0,10.0,0.5,23.0,23.0,15.0,2024-10-08 16:27:00+00:00,2024-10-08 16:27:00+00:00,2024-10-08 16:50:00+00:00,2024-10-08 17:12:00+00:00,pullback_long_midday_e357dc47fc29,1,market,0.0,45,1,12,20,
625967,625968,625971,625971,closed,target,21394.0,21414.0,21394.25,21413.75,21382.0,21414.0,20.0,19.5,19.0,380.0,10.0,0.5,4.0,4.0,3.5,2024-10-08 17:32:00+00:00,2024-10-08 17:32:00+00:00,2024-10-08 17:36:00+00:00,2024-10-08 18:17:00+00:00,pullback_long_midday_e357dc47fc29,1,market,0.0,45,1,12,20,
625974,625975,625981,625981,closed,stop,21408.75,21396.75,21409.0,21396.5,21396.75,21428.75,-12.0,-12.5,-13.0,-260.0,10.0,0.5,7.0,7.0,12.75,2024-10-08 17:39:00+00:00,2024-10-08 17:39:00+00:00,2024-10-08 17:46:00+00:00,2024-10-08 18:24:00+00:00,pullback_long_midday_e357dc47fc29,1,market,0.0,45,1,12,20,
627197,627198,627212,627212,closed,target,21582.25,21602.25,21582.5,21602.0,21570.25,21602.25,20.0,19.5,19.0,380.0,10.0,0.5,15.0,15.0,5.25,2024-10-09 15:17:00+00:00,2024-10-09 15:17:00+00:00,2024-10-09 15:32:00+00:00,2024-10-09 16:02:00+00:00,pullback_long_midday_e357dc47fc29,1,market,0.0,45,1,12,20,
627214,627215,627222,627222,closed,target,21596.5,21616.5,21596.75,21616.25,21584.5,21616.5,20.0,19.5,19.0,380.0,10.0,0.5,8.0,8.0,3.5,2024-10-09 15:34:00+00:00,2024-10-09 15:34:00+00:00,2024-10-09 15:42:00+00:00,2024-10-09 16:19:00+00:00,pullback_long_midday_e357dc47fc29,1,market,0.0,45,1,12,20,
627226,627227,627233,627233,closed,target,21612.25,21632.25,21612.5,21632.0,21600.25,21632.25,20.0,19.5,19.0,380.0,10.0,0.5,7.0,7.0,4.25,2024-10-09 15:46:00+00:00,2024-10-09 15:46:00+00:00,2024-10-09 15:53:00+00:00,2024-10-09 16:31:00+00:00,pullback_long_midday_e357dc47fc29,1,market,0.0,45,1,12,20,
627278,627279,627294,627294,closed,stop,21609.25,21597.25,21609.5,21597.0,21597.25,21629.25,-12.0,-12.5,-13.0,-260.0,10.0,0.5,16.0,16.0,18.25,2024-10-09 16:38:00+00:00,2024-10-09 16:38:00+00:00,2024-10-09 16:54:00+00:00,2024-10-09 17:23:00+00:00,pullback_long_midday_e357dc47fc29,1,market,0.0,45,1,12,20,
627321,627322,627353,627353,closed,stop,21609.75,21597.75,21610.0,21597.5,21597.75,21629.75,-12.0,-12.5,-13.0,-260.0,10.0,0.5,32.0,32.0,19.0,2024-10-09 17:21:00+00:00,2024-10-09 17:21:00+00:00,2024-10-09 17:53:00+00:00,2024-10-09 18:06:00+00:00,pullback_long_midday_e357dc47fc29,1,market,0.0,45,1,12,20,
628567,628568,628582,628582,closed,target,21620.25,21640.25,21620.5,21640.0,21608.25,21640.25,20.0,19.5,19.0,380.0,10.0,0.5,15.0,15.0,4.5,2024-10-10 15:22:00+00:00,2024-10-10 15:22:00+00:00,2024-10-10 15:37:00+00:00,2024-10-10 16:07:00+00:00,pullback_long_midday_e357dc47fc29,1,market,0.0,45,1,12,20,
628588,628589,628603,628603,closed,target,21640.0,21660.0,21640.25,21659.75,21628.0,21660.0,20.0,19.5,19.0,380.0,10.0,0.5,15.0,15.0,4.0,2024-10-10 15:43:00+00:00,2024-10-10 15:43:00+00:00,2024-10-10 15:58:00+00:00,2024-10-10 16:28:00+00:00,pullback_long_midday_e357dc47fc29,1,market,0.0,45,1,12,20,
628609,628610,628622,628622,closed,target,21680.5,21700.5,21680.75,21700.25,21668.5,21700.5,20.0,19.5,19.0,380.0,10.0,0.5,13.0,13.0,8.0,2024-10-10 16:04:00+00:00,2024-10-10 16:04:00+00:00,2024-10-10 16:17:00+00:00,2024-10-10 16:49:00+00:00,pullback_long_midday_e357dc47fc29,1,market,0.0,45,1,12,20,
628625,628626,628631,628631,closed,stop,21697.0,21685.0,21697.25,21684.75,21685.0,21717.0,-12.0,-12.5,-13.0,-260.0,10.0,0.5,6.0,6.0,17.0,2024-10-10 16:20:00+00:00,2024-10-10 16:20:00+00:00,2024-10-10 16:26:00+00:00,2024-10-10 17:05:00+00:00,pullback_long_midday_e357dc47fc29,1,market,0.0,45,1,12,20,
628690,628691,628706,628706,closed,stop,21662.0,21650.0,21662.25,21649.75,21650.0,21682.0,-12.0,-12.5,-13.0,-260.0,10.0,0.5,16.0,16.0,15.25,2024-10-10 17:25:00+00:00,2024-10-10 17:25:00+00:00,2024-10-10 17:41:00+00:00,2024-10-10 18:10:00+00:00,pullback_long_midday_e357dc47fc29,1,market,0.0,45,1,12,20,
629921,629922,629924,629924,closed,stop,21651.0,21639.0,21651.25,21638.75,21639.0,21671.0,-12.0,-12.5,-13.0,-260.0,10.0,0.5,3.0,3.0,14.25,2024-10-11 15:11:00+00:00,2024-10-11 15:11:00+00:00,2024-10-11 15:14:00+00:00,2024-10-11 15:56:00+00:00,pullback_long_midday_e357dc47fc29,1,market,0.0,45,1,12,20,
629950,629951,629965,629965,closed,target,21634.0,21654.0,21634.25,21653.75,21622.0,21654.0,20.0,19.5,19.0,380.0,10.0,0.5,15.0,15.0,10.0,2024-10-11 15:40:00+00:00,2024-10-11 15:40:00+00:00,2024-10-11 15:55:00+00:00,2024-10-11 16:25:00+00:00,pullback_long_midday_e357dc47fc29,1,market,0.0,45,1,12,20,
629972,629973,629984,629984,closed,stop,21661.0,21649.0,21661.25,21648.75,21649.0,21681.0,-12.0,-12.5,-13.0,-260.0,10.0,0.5,12.0,12.0,18.5,2024-10-11 16:02:00+00:00,2024-10-11 16:02:00+00:00,2024-10-11 16:14:00+00:00,2024-10-11 16:47:00+00:00,pullback_long_midday_e357dc47fc29,1,market,0.0,45,1,12,20,
630045,630046,630062,630062,closed,target,21626.25,21646.25,21626.5,21646.0,21614.25,21646.25,20.0,19.5,19.0,380.0,10.0,0.5,17.0,17.0,11.25,2024-10-11 17:15:00+00:00,2024-10-11 17:15:00+00:00,2024-10-11 17:32:00+00:00,2024-10-11 18:00:00+00:00,pullback_long_midday_e357dc47fc29,1,market,0.0,45,1,12,20,
630068,630069,630101,630101,closed,target,21634.75,21654.75,21635.0,21654.5,21622.75,21654.75,20.0,19.5,19.0,380.0,10.0,0.5,33.0,33.0,6.25,2024-10-11 17:38:00+00:00,2024-10-11 17:38:00+00:00,2024-10-11 18:11:00+00:00,2024-10-11 18:23:00+00:00,pullback_long_midday_e357dc47fc29,1,market,0.0,45,1,12,20,
631332,631333,631340,631340,closed,target,21774.75,21794.75,21775.0,21794.5,21762.75,21794.75,20.0,19.5,19.0,380.0,10.0,0.5,8.0,8.0,3.25,2024-10-14 15:57:00+00:00,2024-10-14 15:57:00+00:00,2024-10-14 16:05:00+00:00,2024-10-14 16:42:00+00:00,pullback_long_midday_e357dc47fc29,1,market,0.0,45,1,12,20,
631345,631346,631352,631352,closed,stop,21793.5,21781.5,21793.75,21781.25,21781.5,21813.5,-12.0,-12.5,-13.0,-260.0,10.0,0.5,7.0,7.0,17.75,2024-10-14 16:10:00+00:00,2024-10-14 16:10:00+00:00,2024-10-14 16:17:00+00:00,2024-10-14 16:55:00+00:00,pullback_long_midday_e357dc47fc29,1,market,0.0,45,1,12,20,
631363,631364,631408,631408,closed,timeout,21802.5,21797.25,21802.75,21797.0,21790.5,21822.5,-5.25,-5.75,-6.25,-125.0,10.0,0.5,45.0,45.0,7.5,2024-10-14 16:28:00+00:00,2024-10-14 16:28:00+00:00,2024-10-14 17:13:00+00:00,2024-10-14 17:13:00+00:00,pullback_long_midday_e357dc47fc29,1,market,0.0,45,1,12,20,
631438,631439,631456,631456,closed,stop,21808.5,21796.5,21808.75,21796.25,21796.5,21828.5,-12.0,-12.5,-13.0,-260.0,10.0,0.5,18.0,18.0,14.25,2024-10-14 17:43:00+00:00,2024-10-14 17:43:00+00:00,2024-10-14 18:01:00+00:00,2024-10-14 18:28:00+00:00,pullback_long_midday_e357dc47fc29,1,market,0.0,45,1,12,20,
632642,632643,632643,632643,closed,target,21597.5,21617.5,21597.75,21617.25,21585.5,21617.5,20.0,19.5,19.0,380.0,10.0,0.5,1.0,1.0,3.5,2024-10-15 15:02:00+00:00,2024-10-15 15:02:00+00:00,2024-10-15 15:03:00+00:00,2024-10-15 15:47:00+00:00,pullback_long_midday_e357dc47fc29,1,market,0.0,45,1,12,20,
632643,632644,632644,632644,closed,stop,21616.0,21604.0,21616.25,21603.75,21604.0,21636.0,-12.0,-12.5,-13.0,-260.0,10.0,0.5,1.0,1.0,19.5,2024-10-15 15:03:00+00:00,2024-10-15 15:03:00+00:00,2024-10-15 15:04:00+00:00,2024-10-15 15:48:00+00:00,pullback_long_midday_e357dc47fc29,1,market,0.0,45,1,12,20,
632726,632727,632729,632729,closed,stop,21590.75,21578.75,21591.0,21578.5,21578.75,21610.75,-12.0,-12.5,-13.0,-260.0,10.0,0.5,3.0,3.0,17.0,2024-10-15 16:26:00+00:00,2024-10-15 16:26:00+00:00,2024-10-15 16:29:00+00:00,2024-10-15 17:11:00+00:00,pullback_long_midday_e357dc47fc29,1,market,0.0,45,1,12,20,
632811,632812,632813,632813,closed,stop,21579.75,21567.75,21580.0,21567.5,21567.75,21599.75,-12.0,-12.5,-13.0,-260.0,10.0,0.5,2.0,2.0,16.0,2024-10-15 17:51:00+00:00,2024-10-15 17:51:00+00:00,2024-10-15 17:53:00+00:00,2024-10-15 18:36:00+00:00,pullback_long_midday_e357dc47fc29,1,market,0.0,45,1,12,20,
632815,632816,632817,632817,closed,stop,21571.0,21559.0,21571.25,21558.75,21559.0,21591.0,-12.0,-12.5,-13.0,-260.0,10.0,0.5,2.0,2.0,15.75,2024-10-15 17:55:00+00:00,2024-10-15 17:55:00+00:00,2024-10-15 17:57:00+00:00,2024-10-15 18:40:00+00:00,pullback_long_midday_e357dc47fc29,1,market,0.0,45,1,12,20,
634010,634011,634013,634013,closed,stop,21475.25,21463.25,21475.5,21463.0,21463.25,21495.25,-12.0,-12.5,-13.0,-260.0,10.0,0.5,3.0,3.0,13.25,2024-10-16 15:05:00+00:00,2024-10-16 15:05:00+00:00,2024-10-16 15:08:00+00:00,2024-10-16 15:50:00+00:00,pullback_long_midday_e357dc47fc29,1,market,0.0,45,1,12,20,
634021,634022,634028,634028,closed,stop,21510.25,21498.25,21510.5,21498.0,21498.25,21530.25,-12.0,-12.5,-13.0,-260.0,10.0,0.5,7.0,7.0,22.25,2024-10-16 15:16:00+00:00,2024-10-16 15:16:00+00:00,2024-10-16 15:23:00+00:00,2024-10-16 16:01:00+00:00,pullback_long_midday_e357dc47fc29,1,market,0.0,45,1,12,20,
634029,634030,634043,634043,closed,target,21493.25,21513.25,21493.5,21513.0,21481.25,21513.25,20.0,19.5,19.0,380.0,10.0,0.5,14.0,14.0,2.0,2024-10-16 15:24:00+00:00,2024-10-16 15:24:00+00:00,2024-10-16 15:38:00+00:00,2024-10-16 16:09:00+00:00,pullback_long_midday_e357dc47fc29,1,market,0.0,45,1,12,20,
634095,634096,634121,634121,closed,target,21502.25,21522.25,21502.5,21522.0,21490.25,21522.25,20.0,19.5,19.0,380.0,10.0,0.5,26.0,26.0,10.5,2024-10-16 16:30:00+00:00,2024-10-16 16:30:00+00:00,2024-10-16 16:56:00+00:00,2024-10-16 17:15:00+00:00,pullback_long_midday_e357dc47fc29,1,market,0.0,45,1,12,20,
634129,634130,634133,634133,closed,stop,21536.25,21524.25,21536.5,21524.0,21524.25,21556.25,-12.0,-12.5,-13.0,-260.0,10.0,0.5,4.0,4.0,13.25,2024-10-16 17:04:00+00:00,2024-10-16 17:04:00+00:00,2024-10-16 17:08:00+00:00,2024-10-16 17:49:00+00:00,pullback_long_midday_e357dc47fc29,1,market,0.0,45,1,12,20,
634135,634136,634144,634144,closed,stop,21523.25,21511.25,21523.5,21511.0,21511.25,21543.25,-12.0,-12.5,-13.0,-260.0,10.0,0.5,9.0,9.0,13.5,2024-10-16 17:10:00+00:00,2024-10-16 17:10:00+00:00,2024-10-16 17:19:00+00:00,2024-10-16 17:55:00+00:00,pullback_long_midday_e357dc47fc29,1,market,0.0,45,1,12,20,
634167,634168,634172,634172,closed,target,21514.0,21534.0,21514.25,21533.75,21502.0,21534.0,20.0,19.5,19.0,380.0,10.0,0.5,5.0,5.0,1.25,2024-10-16 17:42:00+00:00,2024-10-16 17:42:00+00:00,2024-10-16 17:47:00+00:00,2024-10-16 18:27:00+00:00,pullback_long_midday_e357dc47fc29,1,market,0.0,45,1,12,20,
634181,634182,634194,634194,closed,stop,21531.0,21519.0,21531.25,21518.75,21519.0,21551.0,-12.0,-12.5,-13.0,-260.0,10.0,0.5,13.0,13.0,15.25,2024-10-16 17:56:00+00:00,2024-10-16 17:56:00+00:00,2024-10-16 18:09:00+00:00,2024-10-16 18:41:00+00:00,pullback_long_midday_e357dc47fc29,1,market,0.0,45,1,12,20,
635391,635392,635397,635397,closed,target,21624.25,21644.25,21624.5,21644.0,21612.25,21644.25,20.0,19.5,19.0,380.0,10.0,0.5,6.0,6.0,2.25,2024-10-17 15:22:00+00:00,2024-10-17 15:22:00+00:00,2024-10-17 15:28:00+00:00,2024-10-17 16:07:00+00:00,pullback_long_midday_e357dc47fc29,1,market,0.0,45,1,12,20,
635402,635403,635408,635408,closed,target,21650.75,21670.75,21651.0,21670.5,21638.75,21670.75,20.0,19.5,19.0,380.0,10.0,0.5,6.0,6.0,8.0,2024-10-17 15:33:00+00:00,2024-10-17 15:33:00+00:00,2024-10-17 15:39:00+00:00,2024-10-17 16:18:00+00:00,pullback_long_midday_e357dc47fc29,1,market,0.0,45,1,12,20,
635418,635419,635426,635426,closed,target,21665.0,21685.0,21665.25,21684.75,21653.0,21685.0,20.0,19.5,19.0,380.0,10.0,0.5,8.0,8.0,6.25,2024-10-17 15:49:00+00:00,2024-10-17 15:49:00+00:00,2024-10-17 15:57:00+00:00,2024-10-17 16:34:00+00:00,pullback_long_midday_e357dc47fc29,1,market,0.0,45,1,12,20,
635436,635437,635438,635438,closed,stop,21712.75,21700.75,21713.0,21700.5,21700.75,21732.75,-12.0,-12.5,-13.0,-260.0,10.0,0.5,2.0,2.0,17.5,2024-10-17 16:07:00+00:00,2024-10-17 16:07:00+00:00,2024-10-17 16:09:00+00:00,2024-10-17 16:52:00+00:00,pullback_long_midday_e357dc47fc29,1,market,0.0,45,1,12,20,
635439,635440,635442,635442,closed,stop,21699.5,21687.5,21699.75,21687.25,21687.5,21719.5,-12.0,-12.5,-13.0,-260.0,10.0,0.5,3.0,3.0,15.25,2024-10-17 16:10:00+00:00,2024-10-17 16:10:00+00:00,2024-10-17 16:13:00+00:00,2024-10-17 16:55:00+00:00,pullback_long_midday_e357dc47fc29,1,market,0.0,45,1,12,20,
635444,635445,635456,635456,closed,stop,21692.75,21680.75,21693.0,21680.5,21680.75,21712.75,-12.0,-12.5,-13.0,-260.0,10.0,0.5,12.0,12.0,21.25,2024-10-17 16:15:00+00:00,2024-10-17 16:15:00+00:00,2024-10-17 16:27:00+00:00,2024-10-17 17:00:00+00:00,pullback_long_midday_e357dc47fc29,1,market,0.0,45,1,12,20,
635484,635485,635488,635488,closed,stop,21679.5,21667.5,21679.75,21667.25,21667.5,21699.5,-12.0,-12.5,-13.0,-260.0,10.0,0.5,4.0,4.0,27.0,2024-10-17 16:55:00+00:00,2024-10-17 16:55:00+00:00,2024-10-17 16:59:00+00:00,2024-10-17 17:40:00+00:00,pullback_long_midday_e357dc47fc29,1,market,0.0,45,1,12,20,
635510,635511,635515,635515,closed,stop,21677.0,21665.0,21677.25,21664.75,21665.0,21697.0,-12.0,-12.5,-13.0,-260.0,10.0,0.5,5.0,5.0,12.25,2024-10-17 17:21:00+00:00,2024-10-17 17:21:00+00:00,2024-10-17 17:26:00+00:00,2024-10-17 18:06:00+00:00,pullback_long_midday_e357dc47fc29,1,market,0.0,45,1,12,20,
635544,635545,635546,635546,closed,stop,21684.25,21672.25,21684.5,21672.0,21672.25,21704.25,-12.0,-12.5,-13.0,-260.0,10.0,0.5,2.0,2.0,12.25,2024-10-17 17:55:00+00:00,2024-10-17 17:55:00+00:00,2024-10-17 17:57:00+00:00,2024-10-17 18:40:00+00:00,pullback_long_midday_e357dc47fc29,1,market,0.0,45,1,12,20,
636758,636759,636766,636766,closed,target,21700.25,21720.25,21700.5,21720.0,21688.25,21720.25,20.0,19.5,19.0,380.0,10.0,0.5,8.0,8.0,7.25,2024-10-18 15:24:00+00:00,2024-10-18 15:24:00+00:00,2024-10-18 15:32:00+00:00,2024-10-18 16:09:00+00:00,pullback_long_midday_e357dc47fc29,1,market,0.0,45,1,12,20,
636834,636835,636845,636845,closed,target,21673.75,21693.75,21674.0,21693.5,21661.75,21693.75,20.0,19.5,19.0,380.0,10.0,0.5,11.0,11.0,1.5,2024-10-18 16:40:00+00:00,2024-10-18 16:40:00+00:00,2024-10-18 16:51:00+00:00,2024-10-18 17:25:00+00:00,pullback_long_midday_e357dc47fc29,1,market,0.0,45,1,12,20,
636855,636856,636857,636857,closed,stop,21699.5,21687.5,21699.75,21687.25,21687.5,21719.5,-12.0,-12.5,-13.0,-260.0,10.0,0.5,2.0,2.0,12.75,2024-10-18 17:01:00+00:00,2024-10-18 17:01:00+00:00,2024-10-18 17:03:00+00:00,2024-10-18 17:46:00+00:00,pullback_long_midday_e357dc47fc29,1,market,0.0,45,1,12,20,
636858,636859,636863,636863,closed,target,21695.75,21715.75,21696.0,21715.5,21683.75,21715.75,20.0,19.5,19.0,380.0,10.0,0.5,5.0,5.0,1.5,2024-10-18 17:04:00+00:00,2024-10-18 17:04:00+00:00,2024-10-18 17:09:00+00:00,2024-10-18 17:49:00+00:00,pullback_long_midday_e357dc47fc29,1,market,0.0,45,1,12,20,
636865,636866,636871,636871,closed,stop,21716.0,21704.0,21716.25,21703.75,21704.0,21736.0,-12.0,-12.5,-13.0,-260.0,10.0,0.5,6.0,6.0,15.5,2024-10-18 17:11:00+00:00,2024-10-18 17:11:00+00:00,2024-10-18 17:17:00+00:00,2024-10-18 17:56:00+00:00,pullback_long_midday_e357dc47fc29,1,market,0.0,45,1,12,20,
636879,636880,636882,636882,closed,stop,21704.5,21692.5,21704.75,21692.25,21692.5,21724.5,-12.0,-12.5,-13.0,-260.0,10.0,0.5,3.0,3.0,19.25,2024-10-18 17:25:00+00:00,2024-10-18 17:25:00+00:00,2024-10-18 17:28:00+00:00,2024-10-18 18:10:00+00:00,pullback_long_midday_e357dc47fc29,1,market,0.0,45,1,12,20,
636906,636907,636909,636909,closed,stop,21696.5,21684.5,21696.75,21684.25,21684.5,21716.5,-12.0,-12.5,-13.0,-260.0,10.0,0.5,3.0,3.0,13.5,2024-10-18 17:52:00+00:00,2024-10-18 17:52:00+00:00,2024-10-18 17:55:00+00:00,2024-10-18 18:37:00+00:00,pullback_long_midday_e357dc47fc29,1,market,0.0,45,1,12,20,
638138,638139,638139,638139,closed,target,21578.0,21598.0,21578.25,21597.75,21566.0,21598.0,20.0,19.5,19.0,380.0,10.0,0.5,1.0,1.0,0.75,2024-10-21 15:39:00+00:00,2024-10-21 15:39:00+00:00,2024-10-21 15:40:00+00:00,2024-10-21 16:24:00+00:00,pullback_long_midday_e357dc47fc29,1,market,0.0,45,1,12,20,
638144,638145,638148,638148,closed,target,21606.75,21626.75,21607.0,21626.5,21594.75,21626.75,20.0,19.5,19.0,380.0,10.0,0.5,4.0,4.0,1.75,2024-10-21 15:45:00+00:00,2024-10-21 15:45:00+00:00,2024-10-21 15:49:00+00:00,2024-10-21 16:30:00+00:00,pullback_long_midday_e357dc47fc29,1,market,0.0,45,1,12,20,
638168,638169,638171,638171,closed,stop,21653.75,21641.75,21654.0,21641.5,21641.75,21673.75,-12.0,-12.5,-13.0,-260.0,10.0,0.5,3.0,3.0,18.0,2024-10-21 16:09:00+00:00,2024-10-21 16:09:00+00:00,2024-10-21 16:12:00+00:00,2024-10-21 16:54:00+00:00,pullback_long_midday_e357dc47fc29,1,market,0.0,45,1,12,20,
638174,638175,638187,638187,closed,stop,21648.0,21636.0,21648.25,21635.75,21636.0,21668.0,-12.0,-12.5,-13.0,-260.0,10.0,0.5,13.0,13.0,13.25,2024-10-21 16:15:00+00:00,2024-10-21 16:15:00+00:00,2024-10-21 16:28:00+00:00,2024-10-21 17:00:00+00:00,pullback_long_midday_e357dc47fc29,1,market,0.0,45,1,12,20,
638213,638214,638220,638220,closed,target,21656.5,21676.5,21656.75,21676.25,21644.5,21676.5,20.0,19.5,19.0,380.0,10.0,0.5,7.0,7.0,0.25,2024-10-21 16:54:00+00:00,2024-10-21 16:54:00+00:00,2024-10-21 17:01:00+00:00,2024-10-21 17:39:00+00:00,pullback_long_midday_e357dc47fc29,1,market,0.0,45,1,12,20,
638225,638226,638238,638238,closed,stop,21670.25,21658.25,21670.5,21658.0,21658.25,21690.25,-12.0,-12.5,-13.0,-260.0,10.0,0.5,13.0,13.0,13.75,2024-10-21 17:06:00+00:00,2024-10-21 17:06:00+00:00,2024-10-21 17:19:00+00:00,2024-10-21 17:51:00+00:00,pullback_long_midday_e357dc47fc29,1,market,0.0,45,1,12,20,
638261,638262,638303,638303,closed,stop,21679.75,21667.75,21680.0,21667.5,21667.75,21699.75,-12.0,-12.5,-13.0,-260.0,10.0,0.5,42.0,42.0,14.75,2024-10-21 17:42:00+00:00,2024-10-21 17:42:00+00:00,2024-10-21 18:24:00+00:00,2024-10-21 18:27:00+00:00,pullback_long_midday_e357dc47fc29,1,market,0.0,45,1,12,20,
639470,639471,639473,639473,closed,stop,21696.25,21684.25,21696.5,21684.0,21684.25,21716.25,-12.0,-12.5,-13.0,-260.0,10.0,0.5,3.0,3.0,14.75,2024-10-22 15:07:00+00:00,2024-10-22 15:07:00+00:00,2024-10-22 15:10:00+00:00,2024-10-22 15:52:00+00:00,pullback_long_midday_e357dc47fc29,1,market,0.0,45,1,12,20,
639510,639511,639515,639515,closed,stop,21679.0,21667.0,21679.25,21666.75,21667.0,21699.0,-12.0,-12.5,-13.0,-260.0,10.0,0.5,5.0,5.0,14.5,2024-10-22 15:47:00+00:00,2024-10-22 15:47:00+00:00,2024-10-22 15:52:00+00:00,2024-10-22 16:32:00+00:00,pullback_long_midday_e357dc47fc29,1,market,0.0,45,1,12,20,
639592,639593,639596,639596,closed,stop,21693.0,21681.0,21693.25,21680.75,21681.0,21713.0,-12.0,-12.5,-13.0,-260.0,10.0,0.5,4.0,4.0,15.0,2024-10-22 17:09:00+00:00,2024-10-22 17:09:00+00:00,2024-10-22 17:13:00+00:00,2024-10-22 17:54:00+00:00,pullback_long_midday_e357dc47fc29,1,market,0.0,45,1,12,20,
639613,639614,639619,639619,closed,target,21701.5,21721.5,21701.75,21721.25,21689.5,21721.5,20.0,19.5,19.0,380.0,10.0,0.5,6.0,6.0,2.5,2024-10-22 17:30:00+00:00,2024-10-22 17:30:00+00:00,2024-10-22 17:36:00+00:00,2024-10-22 18:15:00+00:00,pullback_long_midday_e357dc47fc29,1,market,0.0,45,1,12,20,
639629,639630,639635,639635,closed,target,21737.25,21757.25,21737.5,21757.0,21725.25,21757.25,20.0,19.5,19.0,380.0,10.0,0.5,6.0,6.0,1.0,2024-10-22 17:46:00+00:00,2024-10-22 17:46:00+00:00,2024-10-22 17:52:00+00:00,2024-10-22 18:31:00+00:00,pullback_long_midday_e357dc47fc29,1,market,0.0,45,1,12,20,
639637,639638,639645,639645,closed,target,21757.0,21777.0,21757.25,21776.75,21745.0,21777.0,20.0,19.5,19.0,380.0,10.0,0.5,8.0,8.0,2.0,2024-10-22 17:54:00+00:00,2024-10-22 17:54:00+00:00,2024-10-22 18:02:00+00:00,2024-10-22 18:39:00+00:00,pullback_long_midday_e357dc47fc29,1,market,0.0,45,1,12,20,
640879,640880,640883,640883,closed,stop,21544.75,21532.75,21545.0,21532.5,21532.75,21564.75,-12.0,-12.5,-13.0,-260.0,10.0,0.5,4.0,4.0,26.0,2024-10-23 15:51:00+00:00,2024-10-23 15:51:00+00:00,2024-10-23 15:55:00+00:00,2024-10-23 16:36:00+00:00,pullback_long_midday_e357dc47fc29,1,market,0.0,45,1,12,20,
640886,640887,640890,640890,closed,stop,21547.5,21535.5,21547.75,21535.25,21535.5,21567.5,-12.0,-12.5,-13.0,-260.0,10.0,0.5,4.0,4.0,14.25,2024-10-23 15:58:00+00:00,2024-10-23 15:58:00+00:00,2024-10-23 16:02:00+00:00,2024-10-23 16:43:00+00:00,pullback_long_midday_e357dc47fc29,1,market,0.0,45,1,12,20,
640941,640942,640942,640942,closed,stop,21457.25,21445.25,21457.5,21445.0,21445.25,21477.25,-12.0,-12.5,-13.0,-260.0,10.0,0.5,1.0,1.0,16.25,2024-10-23 16:53:00+00:00,2024-10-23 16:53:00+00:00,2024-10-23 16:54:00+00:00,2024-10-23 17:38:00+00:00,pullback_long_midday_e357dc47fc29,1,market,0.0,45,1,12,20,
642220,642221,642230,642230,closed,stop,21541.0,21529.0,21541.25,21528.75,21529.0,21561.0,-12.0,-12.5,-13.0,-260.0,10.0,0.5,10.0,10.0,14.5,2024-10-24 15:27:00+00:00,2024-10-24 15:27:00+00:00,2024-10-24 15:37:00+00:00,2024-10-24 16:12:00+00:00,pullback_long_midday_e357dc47fc29,1,market,0.0,45,1,12,20,
642263,642264,642265,642265,closed,stop,21490.75,21478.75,21491.0,21478.5,21478.75,21510.75,-12.0,-12.5,-13.0,-260.0,10.0,0.5,2.0,2.0,18.5,2024-10-24 16:10:00+00:00,2024-10-24 16:10:00+00:00,2024-10-24 16:12:00+00:00,2024-10-24 16:55:00+00:00,pullback_long_midday_e357dc47fc29,1,market,0.0,45,1,12,20,
642291,642292,642303,642303,closed,target,21539.25,21559.25,21539.5,21559.0,21527.25,21559.25,20.0,19.5,19.0,380.0,10.0,0.5,12.0,12.0,6.75,2024-10-24 16:38:00+00:00,2024-10-24 16:38:00+00:00,2024-10-24 16:50:00+00:00,2024-10-24 17:23:00+00:00,pullback_long_midday_e357dc47fc29,1,market,0.0,45,1,12,20,
642309,642310,642318,642318,closed,target,21556.25,21576.25,21556.5,21576.0,21544.25,21576.25,20.0,19.5,19.0,380.0,10.0,0.5,9.0,9.0,9.25,2024-10-24 16:56:00+00:00,2024-10-24 16:56:00+00:00,2024-10-24 17:05:00+00:00,2024-10-24 17:41:00+00:00,pullback_long_midday_e357dc47fc29,1,market,0.0,45,1,12,20,
642320,642321,642323,642323,closed,stop,21577.75,21565.75,21578.0,21565.5,21565.75,21597.75,-12.0,-12.5,-13.0,-260.0,10.0,0.5,3.0,3.0,16.25,2024-10-24 17:07:00+00:00,2024-10-24 17:07:00+00:00,2024-10-24 17:10:00+00:00,2024-10-24 17:52:00+00:00,pullback_long_midday_e357dc47fc29,1,market,0.0,45,1,12,20,
642324,642325,642330,642330,closed,stop,21576.25,21564.25,21576.5,21564.0,21564.25,21596.25,-12.0,-12.5,-13.0,-260.0,10.0,0.5,6.0,6.0,14.5,2024-10-24 17:11:00+00:00,2024-10-24 17:11:00+00:00,2024-10-24 17:17:00+00:00,2024-10-24 17:56:00+00:00,pullback_long_midday_e357dc47fc29,1,market,0.0,45,1,12,20,
642333,642334,642338,642338,closed,stop,21566.75,21554.75,21567.0,21554.5,21554.75,21586.75,-12.0,-12.5,-13.0,-260.0,10.0,0.5,5.0,5.0,18.0,2024-10-24 17:20:00+00:00,2024-10-24 17:20:00+00:00,2024-10-24 17:25:00+00:00,2024-10-24 18:05:00+00:00,pullback_long_midday_e357dc47fc29,1,market,0.0,45,1,12,20,
643633,643634,643643,643643,closed,target,21835.25,21855.25,21835.5,21855.0,21823.25,21855.25,20.0,19.5,19.0,380.0,10.0,0.5,10.0,10.0,6.5,2024-10-25 16:15:00+00:00,2024-10-25 16:15:00+00:00,2024-10-25 16:25:00+00:00,2024-10-25 17:00:00+00:00,pullback_long_midday_e357dc47fc29,1,market,0.0,45,1,12,20,
643653,643654,643654,643654,closed,stop,21848.25,21836.25,21848.5,21836.0,21836.25,21868.25,-12.0,-12.5,-13.0,-260.0,10.0,0.5,1.0,1.0,13.5,2024-10-25 16:35:00+00:00,2024-10-25 16:35:00+00:00,2024-10-25 16:36:00+00:00,2024-10-25 17:20:00+00:00,pullback_long_midday_e357dc47fc29,1,market,0.0,45,1,12,20,
643655,643656,643659,643659,closed,stop,21851.75,21839.75,21852.0,21839.5,21839.75,21871.75,-12.0,-12.5,-13.0,-260.0,10.0,0.5,4.0,4.0,14.75,2024-10-25 16:37:00+00:00,2024-10-25 16:37:00+00:00,2024-10-25 16:41:00+00:00,2024-10-25 17:22:00+00:00,pullback_long_midday_e357dc47fc29,1,market,0.0,45,1,12,20,
644945,644946,644947,644947,closed,stop,21762.25,21750.25,21762.5,21750.0,21750.25,21782.25,-12.0,-12.5,-13.0,-260.0,10.0,0.5,2.0,2.0,14.25,2024-10-28 15:22:00+00:00,2024-10-28 15:22:00+00:00,2024-10-28 15:24:00+00:00,2024-10-28 16:07:00+00:00,pullback_long_midday_e357dc47fc29,1,market,0.0,45,1,12,20,
645002,645003,645005,645005,closed,target,21746.0,21766.0,21746.25,21765.75,21734.0,21766.0,20.0,19.5,19.0,380.0,10.0,0.5,3.0,3.0,0.75,2024-10-28 16:19:00+00:00,2024-10-28 16:19:00+00:00,2024-10-28 16:22:00+00:00,2024-10-28 17:04:00+00:00,pullback_long_midday_e357dc47fc29,1,market,0.0,45,1,12,20,
645011,645012,645015,645015,closed,stop,21757.25,21745.25,21757.5,21745.0,21745.25,21777.25,-12.0,-12.5,-13.0,-260.0,10.0,0.5,4.0,4.0,15.75,2024-10-28 16:28:00+00:00,2024-10-28 16:28:00+00:00,2024-10-28 16:32:00+00:00,2024-10-28 17:13:00+00:00,pullback_long_midday_e357dc47fc29,1,market,0.0,45,1,12,20,
645044,645045,645046,645046,closed,stop,21732.75,21720.75,21733.0,21720.5,21720.75,21752.75,-12.0,-12.5,-13.0,-260.0,10.0,0.5,2.0,2.0,15.5,2024-10-28 17:01:00+00:00,2024-10-28 17:01:00+00:00,2024-10-28 17:03:00+00:00,2024-10-28 17:46:00+00:00,pullback_long_midday_e357dc47fc29,1,market,0.0,45,1,12,20,
645074,645075,645119,645119,closed,timeout,21740.0,21733.25,21740.25,21733.0,21728.0,21760.0,-6.75,-7.25,-7.75,-155.0,10.0,0.5,45.0,45.0,10.0,2024-10-28 17:31:00+00:00,2024-10-28 17:31:00+00:00,2024-10-28 18:16:00+00:00,2024-10-28 18:16:00+00:00,pullback_long_midday_e357dc47fc29,1,market,0.0,45,1,12,20,
646319,646320,646323,646323,closed,stop,21800.0,21788.0,21800.25,21787.75,21788.0,21820.0,-12.0,-12.5,-13.0,-260.0,10.0,0.5,4.0,4.0,14.0,2024-10-29 15:31:00+00:00,2024-10-29 15:31:00+00:00,2024-10-29 15:35:00+00:00,2024-10-29 16:16:00+00:00,pullback_long_midday_e357dc47fc29,1,market,0.0,45,1,12,20,
646335,646336,646342,646342,closed,stop,21811.25,21799.25,21811.5,21799.0,21799.25,21831.25,-12.0,-12.5,-13.0,-260.0,10.0,0.5,7.0,7.0,20.75,2024-10-29 15:47:00+00:00,2024-10-29 15:47:00+00:00,2024-10-29 15:54:00+00:00,2024-10-29 16:32:00+00:00,pullback_long_midday_e357dc47fc29,1,market,0.0,45,1,12,20,
646343,646344,646347,646347,closed,target,21799.5,21819.5,21799.75,21819.25,21787.5,21819.5,20.0,19.5,19.0,380.0,10.0,0.5,4.0,4.0,1.75,2024-10-29 15:55:00+00:00,2024-10-29 15:55:00+00:00,2024-10-29 15:59:00+00:00,2024-10-29 16:40:00+00:00,pullback_long_midday_e357dc47fc29,1,market,0.0,45,1,12,20,
646353,646354,646367,646367,closed,target,21817.75,21837.75,21818.0,21837.5,21805.75,21837.75,20.0,19.5,19.0,380.0,10.0,0.5,14.0,14.0,9.0,2024-10-29 16:05:00+00:00,2024-10-29 16:05:00+00:00,2024-10-29 16:19:00+00:00,2024-10-29 16:50:00+00:00,pullback_long_midday_e357dc47fc29,1,market,0.0,45,1,12,20,
646371,646372,646377,646377,closed,stop,21830.25,21818.25,21830.5,21818.0,21818.25,21850.25,-12.0,-12.5,-13.0,-260.0,10.0,0.5,6.0,6.0,18.25,2024-10-29 16:23:00+00:00,2024-10-29 16:23:00+00:00,2024-10-29 16:29:00+00:00,2024-10-29 17:08:00+00:00,pullback_long_midday_e357dc47fc29,1,market,0.0,45,1,12,20,
646402,646403,646405,646405,closed,stop,21846.0,21834.0,21846.25,21833.75,21834.0,21866.0,-12.0,-12.5,-13.0,-260.0,10.0,0.5,3.0,3.0,12.75,2024-10-29 16:54:00+00:00,2024-10-29 16:54:00+00:00,2024-10-29 16:57:00+00:00,2024-10-29 17:39:00+00:00,pullback_long_midday_e357dc47fc29,1,market,0.0,45,1,12,20,
646406,646407,646411,646411,closed,target,21840.25,21860.25,21840.5,21860.0,21828.25,21860.25,20.0,19.5,19.0,380.0,10.0,0.5,5.0,5.0,5.0,2024-10-29 16:58:00+00:00,2024-10-29 16:58:00+00:00,2024-10-29 17:03:00+00:00,2024-10-29 17:43:00+00:00,pullback_long_midday_e357dc47fc29,1,market,0.0,45,1,12,20,
646415,646416,646430,646430,closed,stop,21875.0,21863.0,21875.25,21862.75,21863.0,21895.0,-12.0,-12.5,-13.0,-260.0,10.0,0.5,15.0,15.0,16.5,2024-10-29 17:07:00+00:00,2024-10-29 17:07:00+00:00,2024-10-29 17:22:00+00:00,2024-10-29 17:52:00+00:00,pullback_long_midday_e357dc47fc29,1,market,0.0,45,1,12,20,
646456,646457,646492,646492,closed,target,21867.75,21887.75,21868.0,21887.5,21855.75,21887.75,20.0,19.5,19.0,380.0,10.0,0.5,36.0,36.0,10.0,2024-10-29 17:48:00+00:00,2024-10-29 17:48:00+00:00,2024-10-29 18:24:00+00:00,2024-10-29 18:33:00+00:00,pullback_long_midday_e357dc47fc29,1,market,0.0,45,1,12,20,
647690,647691,647694,647694,closed,target,21846.75,21866.75,21847.0,21866.5,21834.75,21866.75,20.0,19.5,19.0,380.0,10.0,0.5,4.0,4.0,8.25,2024-10-30 15:37:00+00:00,2024-10-30 15:37:00+00:00,2024-10-30 15:41:00+00:00,2024-10-30 16:22:00+00:00,pullback_long_midday_e357dc47fc29,1,market,0.0,45,1,12,20,
647696,647697,647704,647704,closed,target,21861.0,21881.0,21861.25,21880.75,21849.0,21881.0,20.0,19.5,19.0,380.0,10.0,0.5,8.0,8.0,0.75,2024-10-30 15:43:00+00:00,2024-10-30 15:43:00+00:00,2024-10-30 15:51:00+00:00,2024-10-30 16:28:00+00:00,pullback_long_midday_e357dc47fc29,1,market,0.0,45,1,12,20,
647707,647708,647714,647714,closed,stop,21876.75,21864.75,21877.0,21864.5,21864.75,21896.75,-12.0,-12.5,-13.0,-260.0,10.0,0.5,7.0,7.0,14.5,2024-10-30 15:54:00+00:00,2024-10-30 15:54:00+00:00,2024-10-30 16:01:00+00:00,2024-10-30 16:39:00+00:00,pullback_long_midday_e357dc47fc29,1,market,0.0,45,1,12,20,
647715,647716,647723,647723,closed,stop,21869.0,21857.0,21869.25,21856.75,21857.0,21889.0,-12.0,-12.5,-13.0,-260.0,10.0,0.5,8.0,8.0,13.0,2024-10-30 16:02:00+00:00,2024-10-30 16:02:00+00:00,2024-10-30 16:10:00+00:00,2024-10-30 16:47:00+00:00,pullback_long_midday_e357dc47fc29,1,market,0.0,45,1,12,20,
647771,647772,647775,647775,closed,stop,21848.25,21836.25,21848.5,21836.0,21836.25,21868.25,-12.0,-12.5,-13.0,-260.0,10.0,0.5,4.0,4.0,13.75,2024-10-30 16:58:00+00:00,2024-10-30 16:58:00+00:00,2024-10-30 17:02:00+00:00,2024-10-30 17:43:00+00:00,pullback_long_midday_e357dc47fc29,1,market,0.0,45,1,12,20,
649054,649055,649058,649058,closed,stop,21271.0,21259.0,21271.25,21258.75,21259.0,21291.0,-12.0,-12.5,-13.0,-260.0,10.0,0.5,4.0,4.0,12.75,2024-10-31 15:36:00+00:00,2024-10-31 15:36:00+00:00,2024-10-31 15:40:00+00:00,2024-10-31 16:21:00+00:00,pullback_long_midday_e357dc47fc29,1,market,0.0,45,1,12,20,
649091,649092,649097,649097,closed,target,21273.5,21293.5,21273.75,21293.25,21261.5,21293.5,20.0,19.5,19.0,380.0,10.0,0.5,6.0,6.0,2.25,2024-10-31 16:13:00+00:00,2024-10-31 16:13:00+00:00,2024-10-31 16:19:00+00:00,2024-10-31 16:58:00+00:00,pullback_long_midday_e357dc47fc29,1,market,0.0,45,1,12,20,
649139,649140,649149,649149,closed,target,21290.5,21310.5,21290.75,21310.25,21278.5,21310.5,20.0,19.5,19.0,380.0,10.0,0.5,10.0,10.0,3.0,2024-10-31 17:01:00+00:00,2024-10-31 17:01:00+00:00,2024-10-31 17:11:00+00:00,2024-10-31 17:46:00+00:00,pullback_long_midday_e357dc47fc29,1,market,0.0,45,1,12,20,
650394,650395,650397,650397,closed,target,21431.25,21451.25,21431.5,21451.0,21419.25,21451.25,20.0,19.5,19.0,380.0,10.0,0.5,3.0,3.0,5.5,2024-11-01 15:11:00+00:00,2024-11-01 15:11:00+00:00,2024-11-01 15:14:00+00:00,2024-11-01 15:56:00+00:00,pullback_long_midday_e357dc47fc29,1,market,0.0,45,1,12,20,
650403,650404,650404,650404,closed,stop,21458.0,21446.0,21458.25,21445.75,21446.0,21478.0,-12.0,-12.5,-13.0,-260.0,10.0,0.5,1.0,1.0,15.25,2024-11-01 15:20:00+00:00,2024-11-01 15:20:00+00:00,2024-11-01 15:21:00+00:00,2024-11-01 16:05:00+00:00,pullback_long_midday_e357dc47fc29,1,market,0.0,45,1,12,20,
650406,650407,650411,650411,closed,target,21452.75,21472.75,21453.0,21472.5,21440.75,21472.75,20.0,19.5,19.0,380.0,10.0,0.5,5.0,5.0,0.5,2024-11-01 15:23:00+00:00,2024-11-01 15:23:00+00:00,2024-11-01 15:28:00+00:00,2024-11-01 16:08:00+00:00,pullback_long_midday_e357dc47fc29,1,market,0.0,45,1,12,20,
650417,650418,650420,650420,closed,stop,21463.75,21451.75,21464.0,21451.5,21451.75,21483.75,-12.0,-12.5,-13.0,-260.0,10.0,0.5,3.0,3.0,18.0,2024-11-01 15:34:00+00:00,2024-11-01 15:34:00+00:00,2024-11-01 15:37:00+00:00,2024-11-01 16:19:00+00:00,pullback_long_midday_e357dc47fc29,1,market,0.0,45,1,12,20,
650463,650464,650464,650464,closed,stop,21442.75,21430.75,21443.0,21430.5,21430.75,21462.75,-12.0,-12.5,-13.0,-260.0,10.0,0.5,1.0,1.0,13.25,2024-11-01 16:20:00+00:00,2024-11-01 16:20:00+00:00,2024-11-01 16:21:00+00:00,2024-11-01 17:05:00+00:00,pullback_long_midday_e357dc47fc29,1,market,0.0,45,1,12,20,
650482,650483,650486,650486,closed,stop,21442.75,21430.75,21443.0,21430.5,21430.75,21462.75,-12.0,-12.5,-13.0,-260.0,10.0,0.5,4.0,4.0,24.75,2024-11-01 16:39:00+00:00,2024-11-01 16:39:00+00:00,2024-11-01 16:43:00+00:00,2024-11-01 17:24:00+00:00,pullback_long_midday_e357dc47fc29,1,market,0.0,45,1,12,20,
651755,651756,651760,651760,closed,target,21395.5,21415.5,21395.75,21415.25,21383.5,21415.5,20.0,19.5,19.0,380.0,10.0,0.5,5.0,5.0,2.25,2024-11-04 16:07:00+00:00,2024-11-04 16:07:00+00:00,2024-11-04 16:12:00+00:00,2024-11-04 16:52:00+00:00,pullback_long_midday_e357dc47fc29,1,market,0.0,45,1,12,20,
651842,651843,651844,651844,closed,target,21312.0,21332.0,21312.25,21331.75,21300.0,21332.0,20.0,19.5,19.0,380.0,10.0,0.5,2.0,2.0,5.0,2024-11-04 17:34:00+00:00,2024-11-04 17:34:00+00:00,2024-11-04 17:36:00+00:00,2024-11-04 18:19:00+00:00,pullback_long_midday_e357dc47fc29,1,market,0.0,45,1,12,20,
651846,651847,651848,651848,closed,stop,21325.75,21313.75,21326.0,21313.5,21313.75,21345.75,-12.0,-12.5,-13.0,-260.0,10.0,0.5,2.0,2.0,14.25,2024-11-04 17:38:00+00:00,2024-11-04 17:38:00+00:00,2024-11-04 17:40:00+00:00,2024-11-04 18:23:00+00:00,pullback_long_midday_e357dc47fc29,1,market,0.0,45,1,12,20,
651851,651852,651855,651855,closed,target,21310.25,21330.25,21310.5,21330.0,21298.25,21330.25,20.0,19.5,19.0,380.0,10.0,0.5,4.0,4.0,0.25,2024-11-04 17:43:00+00:00,2024-11-04 17:43:00+00:00,2024-11-04 17:47:00+00:00,2024-11-04 18:28:00+00:00,pullback_long_midday_e357dc47fc29,1,market,0.0,45,1,12,20,
651861,651862,651869,651869,closed,stop,21334.75,21322.75,21335.0,21322.5,21322.75,21354.75,-12.0,-12.5,-13.0,-260.0,10.0,0.5,8.0,8.0,14.75,2024-11-04 17:53:00+00:00,2024-11-04 17:53:00+00:00,2024-11-04 18:01:00+00:00,2024-11-04 18:38:00+00:00,pullback_long_midday_e357dc47fc29,1,market,0.0,45,1,12,20,
651890,651891,651893,651893,closed,target,21342.5,21362.5,21342.75,21362.25,21330.5,21362.5,20.0,19.5,19.0,380.0,10.0,0.5,3.0,3.0,1.5,2024-11-04 18:22:00+00:00,2024-11-04 18:22:00+00:00,2024-11-04 18:25:00+00:00,2024-11-04 19:07:00+00:00,pullback_long_midday_e357dc47fc29,1,market,0.0,45,1,12,20,
651898,651899,651910,651910,closed,target,21334.75,21354.75,21335.0,21354.5,21322.75,21354.75,20.0,19.5,19.0,380.0,10.0,0.5,12.0,12.0,8.75,2024-11-04 18:30:00+00:00,2024-11-04 18:30:00+00:00,2024-11-04 18:42:00+00:00,2024-11-04 19:15:00+00:00,pullback_long_midday_e357dc47fc29,1,market,0.0,45,1,12,20,
651918,651919,651924,651924,closed,stop,21365.25,21353.25,21365.5,21353.0,21353.25,21385.25,-12.0,-12.5,-13.0,-260.0,10.0,0.5,6.0,6.0,15.25,2024-11-04 18:50:00+00:00,2024-11-04 18:50:00+00:00,2024-11-04 18:56:00+00:00,2024-11-04 19:35:00+00:00,pullback_long_midday_e357dc47fc29,1,market,0.0,45,1,12,20,
653128,653129,653138,653138,closed,target,21490.75,21510.75,21491.0,21510.5,21478.75,21510.75,20.0,19.5,19.0,380.0,10.0,0.5,10.0,10.0,6.25,2024-11-05 16:15:00+00:00,2024-11-05 16:15:00+00:00,2024-11-05 16:25:00+00:00,2024-11-05 17:00:00+00:00,pullback_long_midday_e357dc47fc29,1,market,0.0,45,1,12,20,
653152,653153,653155,653155,closed,stop,21523.75,21511.75,21524.0,21511.5,21511.75,21543.75,-12.0,-12.5,-13.0,-260.0,10.0,0.5,3.0,3.0,16.0,2024-11-05 16:39:00+00:00,2024-11-05 16:39:00+00:00,2024-11-05 16:42:00+00:00,2024-11-05 17:24:00+00:00,pullback_long_midday_e357dc47fc29,1,market,0.0,45,1,12,20,
653160,653161,653168,653168,closed,target,21513.5,21533.5,21513.75,21533.25,21501.5,21533.5,20.0,19.5,19.0,380.0,10.0,0.5,8.0,8.0,7.0,2024-11-05 16:47:00+00:00,2024-11-05 16:47:00+00:00,2024-11-05 16:55:00+00:00,2024-11-05 17:32:00+00:00,pullback_long_midday_e357dc47fc29,1,market,0.0,45,1,12,20,
653172,653173,653177,653177,closed,stop,21539.75,21527.75,21540.0,21527.5,21527.75,21559.75,-12.0,-12.5,-13.0,-260.0,10.0,0.5,5.0,5.0,14.5,2024-11-05 16:59:00+00:00,2024-11-05 16:59:00+00:00,2024-11-05 17:04:00+00:00,2024-11-05 17:44:00+00:00,pullback_long_midday_e357dc47fc29,1,market,0.0,45,1,12,20,
653177,653178,653188,653188,closed,target,21536.5,21556.5,21536.75,21556.25,21524.5,21556.5,20.0,19.5,19.0,380.0,10.0,0.5,11.0,11.0,8.75,2024-11-05 17:04:00+00:00,2024-11-05 17:04:00+00:00,2024-11-05 17:15:00+00:00,2024-11-05 17:49:00+00:00,pullback_long_midday_e357dc47fc29,1,market,0.0,45,1,12,20,
653196,653197,653203,653203,closed,stop,21565.5,21553.5,21565.75,21553.25,21553.5,21585.5,-12.0,-12.5,-13.0,-260.0,10.0,0.5,7.0,7.0,20.75,2024-11-05 17:23:00+00:00,2024-11-05 17:23:00+00:00,2024-11-05 17:30:00+00:00,2024-11-05 18:08:00+00:00,pullback_long_midday_e357dc47fc29,1,market,0.0,45,1,12,20,
653204,653205,653247,653247,closed,stop,21551.25,21539.25,21551.5,21539.0,21539.25,21571.25,-12.0,-12.5,-13.0,-260.0,10.0,0.5,43.0,43.0,12.25,2024-11-05 17:31:00+00:00,2024-11-05 17:31:00+00:00,2024-11-05 18:14:00+00:00,2024-11-05 18:16:00+00:00,pullback_long_midday_e357dc47fc29,1,market,0.0,45,1,12,20,
653292,653293,653305,653305,closed,target,21508.25,21528.25,21508.5,21528.0,21496.25,21528.25,20.0,19.5,19.0,380.0,10.0,0.5,13.0,13.0,4.75,2024-11-05 18:59:00+00:00,2024-11-05 18:59:00+00:00,2024-11-05 19:12:00+00:00,2024-11-05 19:44:00+00:00,pullback_long_midday_e357dc47fc29,1,market,0.0,45,1,12,20,
654498,654499,654499,654499,closed,stop,21952.5,21940.5,21952.75,21940.25,21940.5,21972.5,-12.0,-12.5,-13.0,-260.0,10.0,0.5,1.0,1.0,17.25,2024-11-06 16:20:00+00:00,2024-11-06 16:20:00+00:00,2024-11-06 16:21:00+00:00,2024-11-06 17:05:00+00:00,pullback_long_midday_e357dc47fc29,1,market,0.0,45,1,12,20,
654502,654503,654505,654505,closed,target,21943.75,21963.75,21944.0,21963.5,21931.75,21963.75,20.0,19.5,19.0,380.0,10.0,0.5,3.0,3.0,0.5,2024-11-06 16:24:00+00:00,2024-11-06 16:24:00+00:00,2024-11-06 16:27:00+00:00,2024-11-06 17:09:00+00:00,pullback_long_midday_e357dc47fc29,1,market,0.0,45,1,12,20,
654591,654592,654601,654601,closed,target,22012.5,22032.5,22012.75,22032.25,22000.5,22032.5,20.0,19.5,19.0,380.0,10.0,0.5,10.0,10.0,4.5,2024-11-06 17:53:00+00:00,2024-11-06 17:53:00+00:00,2024-11-06 18:03:00+00:00,2024-11-06 18:38:00+00:00,pullback_long_midday_e357dc47fc29,1,market,0.0,45,1,12,20,
654606,654607,654609,654609,closed,target,22026.75,22046.75,22027.0,22046.5,22014.75,22046.75,20.0,19.5,19.0,380.0,10.0,0.5,3.0,3.0,0.25,2024-11-06 18:08:00+00:00,2024-11-06 18:08:00+00:00,2024-11-06 18:11:00+00:00,2024-11-06 18:53:00+00:00,pullback_long_midday_e357dc47fc29,1,market,0.0,45,1,12,20,
654617,654618,654621,654621,closed,stop,22043.75,22031.75,22044.0,22031.5,22031.75,22063.75,-12.0,-12.5,-13.0,-260.0,10.0,0.5,4.0,4.0,16.75,2024-11-06 18:19:00+00:00,2024-11-06 18:19:00+00:00,2024-11-06 18:23:00+00:00,2024-11-06 19:04:00+00:00,pullback_long_midday_e357dc47fc29,1,market,0.0,45,1,12,20,
654623,654624,654628,654628,closed,target,22038.25,22058.25,22038.5,22058.0,22026.25,22058.25,20.0,19.5,19.0,380.0,10.0,0.5,5.0,5.0,4.0,2024-11-06 18:25:00+00:00,2024-11-06 18:25:00+00:00,2024-11-06 18:30:00+00:00,2024-11-06 19:10:00+00:00,pullback_long_midday_e357dc47fc29,1,market,0.0,45,1,12,20,
654633,654634,654652,654652,closed,stop,22059.0,22047.0,22059.25,22046.75,22047.0,22079.0,-12.0,-12.5,-13.0,-260.0,10.0,0.5,19.0,19.0,15.5,2024-11-06 18:35:00+00:00,2024-11-06 18:35:00+00:00,2024-11-06 18:54:00+00:00,2024-11-06 19:20:00+00:00,pullback_long_midday_e357dc47fc29,1,market,0.0,45,1,12,20,
655843,655844,655847,655847,closed,stop,22358.75,22346.75,22359.0,22346.5,22346.75,22378.75,-12.0,-12.5,-13.0,-260.0,10.0,0.5,4.0,4.0,23.25,2024-11-07 16:00:00+00:00,2024-11-07 16:00:00+00:00,2024-11-07 16:04:00+00:00,2024-11-07 16:45:00+00:00,pullback_long_midday_e357dc47fc29,1,market,0.0,45,1,12,20,
655848,655849,655849,655849,closed,stop,22347.5,22335.5,22347.75,22335.25,22335.5,22367.5,-12.0,-12.5,-13.0,-260.0,10.0,0.5,1.0,1.0,15.75,2024-11-07 16:05:00+00:00,2024-11-07 16:05:00+00:00,2024-11-07 16:06:00+00:00,2024-11-07 16:50:00+00:00,pullback_long_midday_e357dc47fc29,1,market,0.0,45,1,12,20,
655880,655881,655893,655893,closed,target,22360.75,22380.75,22361.0,22380.5,22348.75,22380.75,20.0,19.5,19.0,380.0,10.0,0.5,13.0,13.0,3.0,2024-11-07 16:37:00+00:00,2024-11-07 16:37:00+00:00,2024-11-07 16:50:00+00:00,2024-11-07 17:22:00+00:00,pullback_long_midday_e357dc47fc29,1,market,0.0,45,1,12,20,
655932,655933,655939,655939,closed,stop,22373.5,22361.5,22373.75,22361.25,22361.5,22393.5,-12.0,-12.5,-13.0,-260.0,10.0,0.5,7.0,7.0,12.25,2024-11-07 17:29:00+00:00,2024-11-07 17:29:00+00:00,2024-11-07 17:36:00+00:00,2024-11-07 18:14:00+00:00,pullback_long_midday_e357dc47fc29,1,market,0.0,45,1,12,20,
655958,655959,655972,655972,closed,stop,22385.75,22373.75,22386.0,22373.5,22373.75,22405.75,-12.0,-12.5,-13.0,-260.0,10.0,0.5,14.0,14.0,18.5,2024-11-07 17:55:00+00:00,2024-11-07 17:55:00+00:00,2024-11-07 18:09:00+00:00,2024-11-07 18:40:00+00:00,pullback_long_midday_e357dc47fc29,1,market,0.0,45,1,12,20,
655992,655993,655994,655994,closed,stop,22376.5,22364.5,22376.75,22364.25,22364.5,22396.5,-12.0,-12.5,-13.0,-260.0,10.0,0.5,2.0,2.0,20.0,2024-11-07 18:29:00+00:00,2024-11-07 18:29:00+00:00,2024-11-07 18:31:00+00:00,2024-11-07 19:14:00+00:00,pullback_long_midday_e357dc47fc29,1,market,0.0,45,1,12,20,
657231,657232,657259,657259,closed,target,22399.0,22419.0,22399.25,22418.75,22387.0,22419.0,20.0,19.5,19.0,380.0,10.0,0.5,28.0,28.0,6.0,2024-11-08 16:23:00+00:00,2024-11-08 16:23:00+00:00,2024-11-08 16:51:00+00:00,2024-11-08 17:08:00+00:00,pullback_long_midday_e357dc47fc29,1,market,0.0,45,1,12,20,
657269,657270,657273,657273,closed,stop,22420.25,22408.25,22420.5,22408.0,22408.25,22440.25,-12.0,-12.5,-13.0,-260.0,10.0,0.5,4.0,4.0,15.75,2024-11-08 17:01:00+00:00,2024-11-08 17:01:00+00:00,2024-11-08 17:05:00+00:00,2024-11-08 17:46:00+00:00,pullback_long_midday_e357dc47fc29,1,market,0.0,45,1,12,20,
657313,657314,657344,657344,closed,target,22414.0,22434.0,22414.25,22433.75,22402.0,22434.0,20.0,19.5,19.0,380.0,10.0,0.5,31.0,31.0,2.0,2024-11-08 17:45:00+00:00,2024-11-08 17:45:00+00:00,2024-11-08 18:16:00+00:00,2024-11-08 18:30:00+00:00,pullback_long_midday_e357dc47fc29,1,market,0.0,45,1,12,20,
657349,657350,657364,657364,closed,target,22426.25,22446.25,22426.5,22446.0,22414.25,22446.25,20.0,19.5,19.0,380.0,10.0,0.5,15.0,15.0,8.5,2024-11-08 18:21:00+00:00,2024-11-08 18:21:00+00:00,2024-11-08 18:36:00+00:00,2024-11-08 19:06:00+00:00,pullback_long_midday_e357dc47fc29,1,market,0.0,45,1,12,20,
657372,657373,657379,657379,closed,stop,22455.5,22443.5,22455.75,22443.25,22443.5,22475.5,-12.0,-12.5,-13.0,-260.0,10.0,0.5,7.0,7.0,13.5,2024-11-08 18:44:00+00:00,2024-11-08 18:44:00+00:00,2024-11-08 18:51:00+00:00,2024-11-08 19:29:00+00:00,pullback_long_midday_e357dc47fc29,1,market,0.0,45,1,12,20,
658581,658582,658587,658587,closed,stop,22419.0,22407.0,22419.25,22406.75,22407.0,22439.0,-12.0,-12.5,-13.0,-260.0,10.0,0.5,6.0,6.0,12.5,2024-11-11 16:08:00+00:00,2024-11-11 16:08:00+00:00,2024-11-11 16:14:00+00:00,2024-11-11 16:53:00+00:00,pullback_long_midday_e357dc47fc29,1,market,0.0,45,1,12,20,
658737,658738,658744,658744,closed,target,22360.0,22380.0,22360.25,22379.75,22348.0,22380.0,20.0,19.5,19.0,380.0,10.0,0.5,7.0,7.0,4.25,2024-11-11 18:44:00+00:00,2024-11-11 18:44:00+00:00,2024-11-11 18:51:00+00:00,2024-11-11 19:29:00+00:00,pullback_long_midday_e357dc47fc29,1,market,0.0,45,1,12,20,
658750,658751,658758,658758,closed,stop,22379.75,22367.75,22380.0,22367.5,22367.75,22399.75,-12.0,-12.5,-13.0,-260.0,10.0,0.5,8.0,8.0,12.5,2024-11-11 18:57:00+00:00,2024-11-11 18:57:00+00:00,2024-11-11 19:05:00+00:00,2024-11-11 19:42:00+00:00,pullback_long_midday_e357dc47fc29,1,market,0.0,45,1,12,20,
660037,660038,660040,660040,closed,stop,22357.25,22345.25,22357.5,22345.0,22345.25,22377.25,-12.0,-12.5,-13.0,-260.0,10.0,0.5,3.0,3.0,12.25,2024-11-12 17:39:00+00:00,2024-11-12 17:39:00+00:00,2024-11-12 17:42:00+00:00,2024-11-12 18:24:00+00:00,pullback_long_midday_e357dc47fc29,1,market,0.0,45,1,12,20,
660080,660081,660081,660081,closed,stop,22321.25,22309.25,22321.5,22309.0,22309.25,22341.25,-12.0,-12.5,-13.0,-260.0,10.0,0.5,1.0,1.0,22.5,2024-11-12 18:22:00+00:00,2024-11-12 18:22:00+00:00,2024-11-12 18:23:00+00:00,2024-11-12 19:07:00+00:00,pullback_long_midday_e357dc47fc29,1,market,0.0,45,1,12,20,
660082,660083,660090,660090,closed,target,22313.5,22333.5,22313.75,22333.25,22301.5,22333.5,20.0,19.5,19.0,380.0,10.0,0.5,8.0,8.0,8.0,2024-11-12 18:24:00+00:00,2024-11-12 18:24:00+00:00,2024-11-12 18:32:00+00:00,2024-11-12 19:09:00+00:00,pullback_long_midday_e357dc47fc29,1,market,0.0,45,1,12,20,
660101,660102,660113,660113,closed,target,22350.25,22370.25,22350.5,22370.0,22338.25,22370.25,20.0,19.5,19.0,380.0,10.0,0.5,12.0,12.0,0.75,2024-11-12 18:43:00+00:00,2024-11-12 18:43:00+00:00,2024-11-12 18:55:00+00:00,2024-11-12 19:28:00+00:00,pullback_long_midday_e357dc47fc29,1,market,0.0,45,1,12,20,
661325,661326,661326,661326,closed,stop,22335.5,22323.5,22335.75,22323.25,22323.5,22355.5,-12.0,-12.5,-13.0,-260.0,10.0,0.5,1.0,1.0,16.0,2024-11-13 16:22:00+00:00,2024-11-13 16:22:00+00:00,2024-11-13 16:23:00+00:00,2024-11-13 17:07:00+00:00,pullback_long_midday_e357dc47fc29,1,market,0.0,45,1,12,20,
661327,661328,661331,661331,closed,target,22325.75,22345.75,22326.0,22345.5,22313.75,22345.75,20.0,19.5,19.0,380.0,10.0,0.5,4.0,4.0,3.75,2024-11-13 16:24:00+00:00,2024-11-13 16:24:00+00:00,2024-11-13 16:28:00+00:00,2024-11-13 17:09:00+00:00,pullback_long_midday_e357dc47fc29,1,market,0.0,45,1,12,20,
661340,661341,661342,661342,closed,stop,22358.0,22346.0,22358.25,22345.75,22346.0,22378.0,-12.0,-12.5,-13.0,-260.0,10.0,0.5,2.0,2.0,14.75,2024-11-13 16:37:00+00:00,2024-11-13 16:37:00+00:00,2024-11-13 16:39:00+00:00,2024-11-13 17:22:00+00:00,pullback_long_midday_e357dc47fc29,1,market,0.0,45,1,12,20,
661357,661358,661360,661360,closed,stop,22365.25,22353.25,22365.5,22353.0,22353.25,22385.25,-12.0,-12.5,-13.0,-260.0,10.0,0.5,3.0,3.0,12.5,2024-11-13 16:54:00+00:00,2024-11-13 16:54:00+00:00,2024-11-13 16:57:00+00:00,2024-11-13 17:39:00+00:00,pullback_long_midday_e357dc47fc29,1,market,0.0,45,1,12,20,
661362,661363,661372,661372,closed,target,22363.5,22383.5,22363.75,22383.25,22351.5,22383.5,20.0,19.5,19.0,380.0,10.0,0.5,10.0,10.0,8.0,2024-11-13 16:59:00+00:00,2024-11-13 16:59:00+00:00,2024-11-13 17:09:00+00:00,2024-11-13 17:44:00+00:00,pullback_long_midday_e357dc47fc29,1,market,0.0,45,1,12,20,
661374,661375,661380,661380,closed,target,22388.0,22408.0,22388.25,22407.75,22376.0,22408.0,20.0,19.5,19.0,380.0,10.0,0.5,6.0,6.0,6.25,2024-11-13 17:11:00+00:00,2024-11-13 17:11:00+00:00,2024-11-13 17:17:00+00:00,2024-11-13 17:56:00+00:00,pullback_long_midday_e357dc47fc29,1,market,0.0,45,1,12,20,
661388,661389,661405,661405,closed,target,22378.25,22398.25,22378.5,22398.0,22366.25,22398.25,20.0,19.5,19.0,380.0,10.0,0.5,17.0,17.0,2.25,2024-11-13 17:25:00+00:00,2024-11-13 17:25:00+00:00,2024-11-13 17:42:00+00:00,2024-11-13 18:10:00+00:00,pullback_long_midday_e357dc47fc29,1,market,0.0,45,1,12,20,
661425,661426,661436,661436,closed,stop,22427.25,22415.25,22427.5,22415.0,22415.25,22447.25,-12.0,-12.5,-13.0,-260.0,10.0,0.5,11.0,11.0,15.0,2024-11-13 18:02:00+00:00,2024-11-13 18:02:00+00:00,2024-11-13 18:13:00+00:00,2024-11-13 18:47:00+00:00,pullback_long_midday_e357dc47fc29,1,market,0.0,45,1,12,20,
661436,661437,661442,661442,closed,stop,22420.5,22408.5,22420.75,22408.25,22408.5,22440.5,-12.0,-12.5,-13.0,-260.0,10.0,0.5,6.0,6.0,13.75,2024-11-13 18:13:00+00:00,2024-11-13 18:13:00+00:00,2024-11-13 18:19:00+00:00,2024-11-13 18:58:00+00:00,pullback_long_midday_e357dc47fc29,1,market,0.0,45,1,12,20,
661458,661459,661464,661464,closed,stop,22431.5,22419.5,22431.75,22419.25,22419.5,22451.5,-12.0,-12.5,-13.0,-260.0,10.0,0.5,6.0,6.0,13.5,2024-11-13 18:35:00+00:00,2024-11-13 18:35:00+00:00,2024-11-13 18:41:00+00:00,2024-11-13 19:20:00+00:00,pullback_long_midday_e357dc47fc29,1,market,0.0,45,1,12,20,
661465,661466,661470,661470,closed,target,22427.0,22447.0,22427.25,22446.75,22415.0,22447.0,20.0,19.5,19.0,380.0,10.0,0.5,5.0,5.0,3.0,2024-11-13 18:42:00+00:00,2024-11-13 18:42:00+00:00,2024-11-13 18:47:00+00:00,2024-11-13 19:27:00+00:00,pullback_long_midday_e357dc47fc29,1,market,0.0,45,1,12,20,
662714,662715,662715,662715,closed,stop,22330.5,22318.5,22330.75,22318.25,22318.5,22350.5,-12.0,-12.5,-13.0,-260.0,10.0,0.5,1.0,1.0,23.75,2024-11-14 16:46:00+00:00,2024-11-14 16:46:00+00:00,2024-11-14 16:47:00+00:00,2024-11-14 17:31:00+00:00,pullback_long_midday_e357dc47fc29,1,market,0.0,45,1,12,20,
662781,662782,662782,662782,closed,target,22251.0,22271.0,22251.25,22270.75,22239.0,22271.0,20.0,19.5,19.0,380.0,10.0,0.5,1.0,1.0,0.25,2024-11-14 17:53:00+00:00,2024-11-14 17:53:00+00:00,2024-11-14 17:54:00+00:00,2024-11-14 18:38:00+00:00,pullback_long_midday_e357dc47fc29,1,market,0.0,45,1,12,20,
662802,662803,662821,662821,closed,stop,22299.25,22287.25,22299.5,22287.0,22287.25,22319.25,-12.0,-12.5,-13.0,-260.0,10.0,0.5,19.0,19.0,20.25,2024-11-14 18:14:00+00:00,2024-11-14 18:14:00+00:00,2024-11-14 18:33:00+00:00,2024-11-14 18:59:00+00:00,pullback_long_midday_e357dc47fc29,1,market,0.0,45,1,12,20,
664067,664068,664068,664068,closed,stop,21783.0,21771.0,21783.25,21770.75,21771.0,21803.0,-12.0,-12.5,-13.0,-260.0,10.0,0.5,1.0,1.0,16.25,2024-11-15 16:34:00+00:00,2024-11-15 16:34:00+00:00,2024-11-15 16:35:00+00:00,2024-11-15 17:19:00+00:00,pullback_long_midday_e357dc47fc29,1,market,0.0,45,1,12,20,
664127,664128,664136,664136,closed,stop,21690.75,21678.75,21691.0,21678.5,21678.75,21710.75,-12.0,-12.5,-13.0,-260.0,10.0,0.5,9.0,9.0,15.5,2024-11-15 17:34:00+00:00,2024-11-15 17:34:00+00:00,2024-11-15 17:43:00+00:00,2024-11-15 18:19:00+00:00,pullback_long_midday_e357dc47fc29,1,market,0.0,45,1,12,20,
664166,664167,664169,664169,closed,stop,21671.0,21659.0,21671.25,21658.75,21659.0,21691.0,-12.0,-12.5,-13.0,-260.0,10.0,0.5,3.0,3.0,13.75,2024-11-15 18:13:00+00:00,2024-11-15 18:13:00+00:00,2024-11-15 18:16:00+00:00,2024-11-15 18:58:00+00:00,pullback_long_midday_e357dc47fc29,1,market,0.0,45,1,12,20,
665398,665399,665412,665412,closed,target,21879.0,21899.0,21879.25,21898.75,21867.0,21899.0,20.0,19.5,19.0,380.0,10.0,0.5,14.0,14.0,6.0,2024-11-18 16:00:00+00:00,2024-11-18 16:00:00+00:00,2024-11-18 16:14:00+00:00,2024-11-18 16:45:00+00:00,pullback_long_midday_e357dc47fc29,1,market,0.0,45,1,12,20,
665416,665417,665437,665437,closed,target,21897.5,21917.5,21897.75,21917.25,21885.5,21917.5,20.0,19.5,19.0,380.0,10.0,0.5,21.0,21.0,7.5,2024-11-18 16:18:00+00:00,2024-11-18 16:18:00+00:00,2024-11-18 16:39:00+00:00,2024-11-18 17:03:00+00:00,pullback_long_midday_e357dc47fc29,1,market,0.0,45,1,12,20,
665442,665443,665444,665444,closed,stop,21917.75,21905.75,21918.0,21905.5,21905.75,21937.75,-12.0,-12.5,-13.0,-260.0,10.0,0.5,2.0,2.0,12.75,2024-11-18 16:44:00+00:00,2024-11-18 16:44:00+00:00,2024-11-18 16:46:00+00:00,2024-11-18 17:29:00+00:00,pullback_long_midday_e357dc47fc29,1,market,0.0,45,1,12,20,
665490,665491,665496,665496,closed,stop,21857.25,21845.25,21857.5,21845.0,21845.25,21877.25,-12.0,-12.5,-13.0,-260.0,10.0,0.5,6.0,6.0,12.5,2024-11-18 17:32:00+00:00,2024-11-18 17:32:00+00:00,2024-11-18 17:38:00+00:00,2024-11-18 18:17:00+00:00,pullback_long_midday_e357dc47fc29,1,market,0.0,45,1,12,20,
665496,665497,665503,665503,closed,stop,21848.5,21836.5,21848.75,21836.25,21836.5,21868.5,-12.0,-12.5,-13.0,-260.0,10.0,0.5,7.0,7.0,26.5,2024-11-18 17:38:00+00:00,2024-11-18 17:38:00+00:00,2024-11-18 17:45:00+00:00,2024-11-18 18:23:00+00:00,pullback_long_midday_e357dc47fc29,1,market,0.0,45,1,12,20,
665525,665526,665542,665542,closed,stop,21856.25,21844.25,21856.5,21844.0,21844.25,21876.25,-12.0,-12.5,-13.0,-260.0,10.0,0.5,17.0,17.0,15.5,2024-11-18 18:07:00+00:00,2024-11-18 18:07:00+00:00,2024-11-18 18:24:00+00:00,2024-11-18 18:52:00+00:00,pullback_long_midday_e357dc47fc29,1,market,0.0,45,1,12,20,
666764,666765,666769,666769,closed,target,21840.0,21860.0,21840.25,21859.75,21828.0,21860.0,20.0,19.5,19.0,380.0,10.0,0.5,5.0,5.0,1.75,2024-11-19 16:01:00+00:00,2024-11-19 16:01:00+00:00,2024-11-19 16:06:00+00:00,2024-11-19 16:46:00+00:00,pullback_long_midday_e357dc47fc29,1,market,0.0,45,1,12,20,
666774,666775,666781,666781,closed,target,21855.25,21875.25,21855.5,21875.0,21843.25,21875.25,20.0,19.5,19.0,380.0,10.0,0.5,7.0,7.0,8.0,2024-11-19 16:11:00+00:00,2024-11-19 16:11:00+00:00,2024-11-19 16:18:00+00:00,2024-11-19 16:56:00+00:00,pullback_long_midday_e357dc47fc29,1,market,0.0,45,1,12,20,
666786,666787,666800,666800,closed,target,21870.0,21890.0,21870.25,21889.75,21858.0,21890.0,20.0,19.5,19.0,380.0,10.0,0.5,14.0,14.0,9.75,2024-11-19 16:23:00+00:00,2024-11-19 16:23:00+00:00,2024-11-19 16:37:00+00:00,2024-11-19 17:08:00+00:00,pullback_long_midday_e357dc47fc29,1,market,0.0,45,1,12,20,
666804,666805,666814,666814,closed,stop,21889.75,21877.75,21890.0,21877.5,21877.75,21909.75,-12.0,-12.5,-13.0,-260.0,10.0,0.5,10.0,10.0,30.5,2024-11-19 16:41:00+00:00,2024-11-19 16:41:00+00:00,2024-11-19 16:51:00+00:00,2024-11-19 17:26:00+00:00,pullback_long_midday_e357dc47fc29,1,market,0.0,45,1,12,20,
666861,666862,666871,666871,closed,stop,21895.75,21883.75,21896.0,21883.5,21883.75,21915.75,-12.0,-12.5,-13.0,-260.0,10.0,0.5,10.0,10.0,12.75,2024-11-19 17:38:00+00:00,2024-11-19 17:38:00+00:00,2024-11-19 17:48:00+00:00,2024-11-19 18:23:00+00:00,pullback_long_midday_e357dc47fc29,1,market,0.0,45,1,12,20,
666896,666897,666918,666918,closed,target,21910.5,21930.5,21910.75,21930.25,21898.5,21930.5,20.0,19.5,19.0,380.0,10.0,0.5,22.0,22.0,0.75,2024-11-19 18:13:00+00:00,2024-11-19 18:13:00+00:00,2024-11-19 18:35:00+00:00,2024-11-19 18:58:00+00:00,pullback_long_midday_e357dc47fc29,1,market,0.0,45,1,12,20,
666939,666940,666960,666960,closed,stop,21983.75,21971.75,21984.0,21971.5,21971.75,22003.75,-12.0,-12.5,-13.0,-260.0,10.0,0.5,21.0,21.0,16.75,2024-11-19 18:56:00+00:00,2024-11-19 18:56:00+00:00,2024-11-19 19:17:00+00:00,2024-11-19 19:41:00+00:00,pullback_long_midday_e357dc47fc29,1,market,0.0,45,1,12,20,
668131,668132,668132,668132,closed,stop,21834.0,21822.0,21834.25,21821.75,21822.0,21854.0,-12.0,-12.5,-13.0,-260.0,10.0,0.5,1.0,1.0,12.5,2024-11-20 16:03:00+00:00,2024-11-20 16:03:00+00:00,2024-11-20 16:04:00+00:00,2024-11-20 16:48:00+00:00,pullback_long_midday_e357dc47fc29,1,market,0.0,45,1,12,20,
668133,668134,668135,668135,closed,stop,21828.75,21816.75,21829.0,21816.5,21816.75,21848.75,-12.0,-12.5,-13.0,-260.0,10.0,0.5,2.0,2.0,22.5,2024-11-20 16:05:00+00:00,2024-11-20 16:05:00+00:00,2024-11-20 16:07:00+00:00,2024-11-20 16:50:00+00:00,pullback_long_midday_e357dc47fc29,1,market,0.0,45,1,12,20,
668189,668190,668192,668192,closed,stop,21896.0,21884.0,21896.25,21883.75,21884.0,21916.0,-12.0,-12.5,-13.0,-260.0,10.0,0.5,3.0,3.0,21.25,2024-11-20 17:01:00+00:00,2024-11-20 17:01:00+00:00,2024-11-20 17:04:00+00:00,2024-11-20 17:46:00+00:00,pullback_long_midday_e357dc47fc29,1,market,0.0,45,1,12,20,
668193,668194,668196,668196,closed,stop,21880.0,21868.0,21880.25,21867.75,21868.0,21900.0,-12.0,-12.5,-13.0,-260.0,10.0,0.5,3.0,3.0,26.75,2024-11-20 17:05:00+00:00,2024-11-20 17:05:00+00:00,2024-11-20 17:08:00+00:00,2024-11-20 17:50:00+00:00,pullback_long_midday_e357dc47fc29,1,market,0.0,45,1,12,20,
668235,668236,668242,668242,closed,stop,21844.0,21832.0,21844.25,21831.75,21832.0,21864.0,-12.0,-12.5,-13.0,-260.0,10.0,0.5,7.0,7.0,12.25,2024-11-20 17:47:00+00:00,2024-11-20 17:47:00+00:00,2024-11-20 17:54:00+00:00,2024-11-20 18:32:00+00:00,pullback_long_midday_e357dc47fc29,1,market,0.0,45,1,12,20,
669497,669498,669499,669499,closed,stop,21918.75,21906.75,21919.0,21906.5,21906.75,21938.75,-12.0,-12.5,-13.0,-260.0,10.0,0.5,2.0,2.0,14.0,2024-11-21 16:04:00+00:00,2024-11-21 16:04:00+00:00,2024-11-21 16:06:00+00:00,2024-11-21 16:49:00+00:00,pullback_long_midday_e357dc47fc29,1,market,0.0,45,1,12,20,
669500,669501,669502,669502,closed,stop,21923.5,21911.5,21923.75,21911.25,21911.5,21943.5,-12.0,-12.5,-13.0,-260.0,10.0,0.5,2.0,2.0,14.0,2024-11-21 16:07:00+00:00,2024-11-21 16:07:00+00:00,2024-11-21 16:09:00+00:00,2024-11-21 16:52:00+00:00,pullback_long_midday_e357dc47fc29,1,market,0.0,45,1,12,20,
669505,669506,669508,669508,closed,target,21905.5,21925.5,21905.75,21925.25,21893.5,21925.5,20.0,19.5,19.0,380.0,10.0,0.5,3.0,3.0,6.75,2024-11-21 16:12:00+00:00,2024-11-21 16:12:00+00:00,2024-11-21 16:15:00+00:00,2024-11-21 16:57:00+00:00,pullback_long_midday_e357dc47fc29,1,market,0.0,45,1,12,20,
669531,669532,669533,669533,closed,stop,21943.0,21931.0,21943.25,21930.75,21931.0,21963.0,-12.0,-12.5,-13.0,-260.0,10.0,0.5,2.0,2.0,16.0,2024-11-21 16:38:00+00:00,2024-11-21 16:38:00+00:00,2024-11-21 16:40:00+00:00,2024-11-21 17:23:00+00:00,pullback_long_midday_e357dc47fc29,1,market,0.0,45,1,12,20,
669534,669535,669540,669540,closed,stop,21943.0,21931.0,21943.25,21930.75,21931.0,21963.0,-12.0,-12.5,-13.0,-260.0,10.0,0.5,6.0,6.0,20.25,2024-11-21 16:41:00+00:00,2024-11-21 16:41:00+00:00,2024-11-21 16:47:00+00:00,2024-11-21 17:26:00+00:00,pullback_long_midday_e357dc47fc29,1,market,0.0,45,1,12,20,
669568,669569,669572,669572,closed,target,21938.0,21958.0,21938.25,21957.75,21926.0,21958.0,20.0,19.5,19.0,380.0,10.0,0.5,4.0,4.0,1.5,2024-11-21 17:15:00+00:00,2024-11-21 17:15:00+00:00,2024-11-21 17:19:00+00:00,2024-11-21 18:00:00+00:00,pullback_long_midday_e357dc47fc29,1,market,0.0,45,1,12,20,
669588,669589,669597,669597,closed,target,22008.0,22028.0,22008.25,22027.75,21996.0,22028.0,20.0,19.5,19.0,380.0,10.0,0.5,9.0,9.0,10.5,2024-11-21 17:35:00+00:00,2024-11-21 17:35:00+00:00,2024-11-21 17:44:00+00:00,2024-11-21 18:20:00+00:00,pullback_long_midday_e357dc47fc29,1,market,0.0,45,1,12,20,
669605,669606,669607,669607,closed,stop,22028.75,22016.75,22029.0,22016.5,22016.75,22048.75,-12.0,-12.5,-13.0,-260.0,10.0,0.5,2.0,2.0,13.75,2024-11-21 17:52:00+00:00,2024-11-21 17:52:00+00:00,2024-11-21 17:54:00+00:00,2024-11-21 18:37:00+00:00,pullback_long_midday_e357dc47fc29,1,market,0.0,45,1,12,20,
669653,669654,669655,669655,closed,stop,22036.0,22024.0,22036.25,22023.75,22024.0,22056.0,-12.0,-12.5,-13.0,-260.0,10.0,0.5,2.0,2.0,13.75,2024-11-21 18:40:00+00:00,2024-11-21 18:40:00+00:00,2024-11-21 18:42:00+00:00,2024-11-21 19:25:00+00:00,pullback_long_midday_e357dc47fc29,1,market,0.0,45,1,12,20,
670920,670921,670931,670931,closed,target,22006.0,22026.0,22006.25,22025.75,21994.0,22026.0,20.0,19.5,19.0,380.0,10.0,0.5,11.0,11.0,3.5,2024-11-22 17:02:00+00:00,2024-11-22 17:02:00+00:00,2024-11-22 17:13:00+00:00,2024-11-22 17:47:00+00:00,pullback_long_midday_e357dc47fc29,1,market,0.0,45,1,12,20,
670972,670973,670990,670990,closed,target,22049.75,22069.75,22050.0,22069.5,22037.75,22069.75,20.0,19.5,19.0,380.0,10.0,0.5,18.0,18.0,10.5,2024-11-22 17:54:00+00:00,2024-11-22 17:54:00+00:00,2024-11-22 18:12:00+00:00,2024-11-22 18:39:00+00:00,pullback_long_midday_e357dc47fc29,1,market,0.0,45,1,12,20,
670993,670994,671007,671007,closed,stop,22063.5,22051.5,22063.75,22051.25,22051.5,22083.5,-12.0,-12.5,-13.0,-260.0,10.0,0.5,14.0,14.0,12.5,2024-11-22 18:15:00+00:00,2024-11-22 18:15:00+00:00,2024-11-22 18:29:00+00:00,2024-11-22 19:00:00+00:00,pullback_long_midday_e357dc47fc29,1,market,0.0,45,1,12,20,
672240,672241,672242,672242,closed,target,22111.75,22131.75,22112.0,22131.5,22099.75,22131.75,20.0,19.5,19.0,380.0,10.0,0.5,2.0,2.0,0.25,2024-11-25 16:18:00+00:00,2024-11-25 16:18:00+00:00,2024-11-25 16:20:00+00:00,2024-11-25 17:03:00+00:00,pullback_long_midday_e357dc47fc29,1,market,0.0,45,1,12,20,
672247,672248,672254,672254,closed,target,22133.25,22153.25,22133.5,22153.0,22121.25,22153.25,20.0,19.5,19.0,380.0,10.0,0.5,7.0,7.0,2.5,2024-11-25 16:25:00+00:00,2024-11-25 16:25:00+00:00,2024-11-25 16:32:00+00:00,2024-11-25 17:10:00+00:00,pullback_long_midday_e357dc47fc29,1,market,0.0,45,1,12,20,
672349,672350,672356,672356,closed,target,22060.5,22080.5,22060.75,22080.25,22048.5,22080.5,20.0,19.5,19.0,380.0,10.0,0.5,7.0,7.0,0.5,2024-11-25 18:07:00+00:00,2024-11-25 18:07:00+00:00,2024-11-25 18:14:00+00:00,2024-11-25 18:52:00+00:00,pullback_long_midday_e357dc47fc29,1,market,0.0,45,1,12,20,
673695,673696,673720,673720,closed,stop,22165.0,22153.0,22165.25,22152.75,22153.0,22185.0,-12.0,-12.5,-13.0,-260.0,10.0,0.5,25.0,25.0,15.0,2024-11-26 17:48:00+00:00,2024-11-26 17:48:00+00:00,2024-11-26 18:13:00+00:00,2024-11-26 18:33:00+00:00,pullback_long_midday_e357dc47fc29,1,market,0.0,45,1,12,20,
673746,673747,673778,673778,closed,stop,22162.25,22150.25,22162.5,22150.0,22150.25,22182.25,-12.0,-12.5,-13.0,-260.0,10.0,0.5,32.0,32.0,13.0,2024-11-26 18:39:00+00:00,2024-11-26 18:39:00+00:00,2024-11-26 19:11:00+00:00,2024-11-26 19:24:00+00:00,pullback_long_midday_e357dc47fc29,1,market,0.0,45,1,12,20,
674998,674999,674999,674999,closed,stop,21926.75,21914.75,21927.0,21914.5,21914.75,21946.75,-12.0,-12.5,-13.0,-260.0,10.0,0.5,1.0,1.0,16.75,2024-11-27 16:46:00+00:00,2024-11-27 16:46:00+00:00,2024-11-27 16:47:00+00:00,2024-11-27 17:31:00+00:00,pullback_long_midday_e357dc47fc29,1,market,0.0,45,1,12,20,
675036,675037,675060,675060,closed,target,21913.5,21933.5,21913.75,21933.25,21901.5,21933.5,20.0,19.5,19.0,380.0,10.0,0.5,24.0,24.0,11.25,2024-11-27 17:24:00+00:00,2024-11-27 17:24:00+00:00,2024-11-27 17:48:00+00:00,2024-11-27 18:09:00+00:00,pullback_long_midday_e357dc47fc29,1,market,0.0,45,1,12,20,
675070,675071,675083,675083,closed,target,21937.25,21957.25,21937.5,21957.0,21925.25,21957.25,20.0,19.5,19.0,380.0,10.0,0.5,13.0,13.0,4.0,2024-11-27 17:58:00+00:00,2024-11-27 17:58:00+00:00,2024-11-27 18:11:00+00:00,2024-11-27 18:43:00+00:00,pullback_long_midday_e357dc47fc29,1,market,0.0,45,1,12,20,
675091,675092,675100,675100,closed,stop,21979.5,21967.5,21979.75,21967.25,21967.5,21999.5,-12.0,-12.5,-13.0,-260.0,10.0,0.5,9.0,9.0,19.75,2024-11-27 18:19:00+00:00,2024-11-27 18:19:00+00:00,2024-11-27 18:28:00+00:00,2024-11-27 19:04:00+00:00,pullback_long_midday_e357dc47fc29,1,market,0.0,45,1,12,20,
675101,675102,675107,675107,closed,target,21964.75,21984.75,21965.0,21984.5,21952.75,21984.75,20.0,19.5,19.0,380.0,10.0,0.5,6.0,6.0,2.0,2024-11-27 18:29:00+00:00,2024-11-27 18:29:00+00:00,2024-11-27 18:35:00+00:00,2024-11-27 19:14:00+00:00,pullback_long_midday_e357dc47fc29,1,market,0.0,45,1,12,20,
675117,675118,675129,675129,closed,target,21994.0,22014.0,21994.25,22013.75,21982.0,22014.0,20.0,19.5,19.0,380.0,10.0,0.5,12.0,12.0,4.0,2024-11-27 18:45:00+00:00,2024-11-27 18:45:00+00:00,2024-11-27 18:57:00+00:00,2024-11-27 19:30:00+00:00,pullback_long_midday_e357dc47fc29,1,market,0.0,45,1,12,20,
676317,676318,676352,676352,closed,stop,22096.0,22084.0,22096.25,22083.75,22084.0,22116.0,-12.0,-12.5,-13.0,-260.0,10.0,0.5,35.0,35.0,13.25,2024-11-28 16:00:00+00:00,2024-11-28 16:00:00+00:00,2024-11-28 16:35:00+00:00,2024-11-28 16:45:00+00:00,pullback_long_midday_e357dc47fc29,1,market,0.0,45,1,12,20,
677465,677466,677469,677469,closed,target,22163.0,22183.0,22163.25,22182.75,22151.0,22183.0,20.0,19.5,19.0,380.0,10.0,0.5,4.0,4.0,3.25,2024-11-29 16:08:00+00:00,2024-11-29 16:08:00+00:00,2024-11-29 16:12:00+00:00,2024-11-29 16:53:00+00:00,pullback_long_midday_e357dc47fc29,1,market,0.0,45,1,12,20,
677479,677480,677492,677492,closed,stop,22186.5,22174.5,22186.75,22174.25,22174.5,22206.5,-12.0,-12.5,-13.0,-260.0,10.0,0.5,13.0,13.0,12.5,2024-11-29 16:22:00+00:00,2024-11-29 16:22:00+00:00,2024-11-29 16:35:00+00:00,2024-11-29 17:07:00+00:00,pullback_long_midday_e357dc47fc29,1,market,0.0,45,1,12,20,
677516,677517,677518,677518,closed,stop,22197.25,22185.25,22197.5,22185.0,22185.25,22217.25,-12.0,-12.5,-13.0,-260.0,10.0,0.5,2.0,2.0,12.25,2024-11-29 16:59:00+00:00,2024-11-29 16:59:00+00:00,2024-11-29 17:01:00+00:00,2024-11-29 17:44:00+00:00,pullback_long_midday_e357dc47fc29,1,market,0.0,45,1,12,20,
678610,678611,678620,678620,closed,stop,22387.0,22375.0,22387.25,22374.75,22375.0,22407.0,-12.0,-12.5,-13.0,-260.0,10.0,0.5,10.0,10.0,14.75,2024-12-02 16:13:00+00:00,2024-12-02 16:13:00+00:00,2024-12-02 16:23:00+00:00,2024-12-02 16:58:00+00:00,pullback_long_midday_e357dc47fc29,1,market,0.0,45,1,12,20,
678623,678624,678634,678634,closed,target,22375.75,22395.75,22376.0,22395.5,22363.75,22395.75,20.0,19.5,19.0,380.0,10.0,0.5,11.0,11.0,1.25,2024-12-02 16:26:00+00:00,2024-12-02 16:26:00+00:00,2024-12-02 16:37:00+00:00,2024-12-02 17:11:00+00:00,pullback_long_midday_e357dc47fc29,1,market,0.0,45,1,12,20,
678654,678655,678660,678660,closed,target,22421.0,22441.0,22421.25,22440.75,22409.0,22441.0,20.0,19.5,19.0,380.0,10.0,0.5,6.0,6.0,1.0,2024-12-02 16:57:00+00:00,2024-12-02 16:57:00+00:00,2024-12-02 17:03:00+00:00,2024-12-02 17:42:00+00:00,pullback_long_midday_e357dc47fc29,1,market,0.0,45,1,12,20,
678665,678666,678686,678686,closed,stop,22444.25,22432.25,22444.5,22432.0,22432.25,22464.25,-12.0,-12.5,-13.0,-260.0,10.0,0.5,21.0,21.0,16.5,2024-12-02 17:08:00+00:00,2024-12-02 17:08:00+00:00,2024-12-02 17:29:00+00:00,2024-12-02 17:53:00+00:00,pullback_long_midday_e357dc47fc29,1,market,0.0,45,1,12,20,
678772,678773,678779,678779,closed,stop,22412.75,22400.75,22413.0,22400.5,22400.75,22432.75,-12.0,-12.5,-13.0,-260.0,10.0,0.5,7.0,7.0,12.25,2024-12-02 18:55:00+00:00,2024-12-02 18:55:00+00:00,2024-12-02 19:02:00+00:00,2024-12-02 19:40:00+00:00,pullback_long_midday_e357dc47fc29,1,market,0.0,45,1,12,20,
679967,679968,679989,679989,closed,target,22419.75,22439.75,22420.0,22439.5,22407.75,22439.75,20.0,19.5,19.0,380.0,10.0,0.5,22.0,22.0,8.5,2024-12-03 16:05:00+00:00,2024-12-03 16:05:00+00:00,2024-12-03 16:27:00+00:00,2024-12-03 16:50:00+00:00,pullback_long_midday_e357dc47fc29,1,market,0.0,45,1,12,20,
680024,680025,680028,680028,closed,stop,22415.5,22403.5,22415.75,22403.25,22403.5,22435.5,-12.0,-12.5,-13.0,-260.0,10.0,0.5,4.0,4.0,14.5,2024-12-03 17:02:00+00:00,2024-12-03 17:02:00+00:00,2024-12-03 17:06:00+00:00,2024-12-03 17:47:00+00:00,pullback_long_midday_e357dc47fc29,1,market,0.0,45,1,12,20,
681333,681334,681337,681337,closed,stop,22688.75,22676.75,22689.0,22676.5,22676.75,22708.75,-12.0,-12.5,-13.0,-260.0,10.0,0.5,4.0,4.0,13.5,2024-12-04 16:07:00+00:00,2024-12-04 16:07:00+00:00,2024-12-04 16:11:00+00:00,2024-12-04 16:52:00+00:00,pullback_long_midday_e357dc47fc29,1,market,0.0,45,1,12,20,
681339,681340,681343,681343,closed,stop,22682.75,22670.75,22683.0,22670.5,22670.75,22702.75,-12.0,-12.5,-13.0,-260.0,10.0,0.5,4.0,4.0,13.0,2024-12-04 16:13:00+00:00,2024-12-04 16:13:00+00:00,2024-12-04 16:17:00+00:00,2024-12-04 16:58:00+00:00,pullback_long_midday_e357dc47fc29,1,market,0.0,45,1,12,20,
681391,681392,681408,681408,closed,stop,22674.5,22662.5,22674.75,22662.25,22662.5,22694.5,-12.0,-12.5,-13.0,-260.0,10.0,0.5,17.0,17.0,15.5,2024-12-04 17:05:00+00:00,2024-12-04 17:05:00+00:00,2024-12-04 17:22:00+00:00,2024-12-04 17:50:00+00:00,pullback_long_midday_e357dc47fc29,1,market,0.0,45,1,12,20,
681448,681449,681473,681473,closed,stop,22680.0,22668.0,22680.25,22667.75,22668.0,22700.0,-12.0,-12.5,-13.0,-260.0,10.0,0.5,25.0,25.0,15.25,2024-12-04 18:02:00+00:00,2024-12-04 18:02:00+00:00,2024-12-04 18:27:00+00:00,2024-12-04 18:47:00+00:00,pullback_long_midday_e357dc47fc29,1,market,0.0,45,1,12,20,
682722,682723,682730,682730,closed,stop,22731.0,22719.0,22731.25,22718.75,22719.0,22751.0,-12.0,-12.5,-13.0,-260.0,10.0,0.5,8.0,8.0,13.25,2024-12-05 16:31:00+00:00,2024-12-05 16:31:00+00:00,2024-12-05 16:39:00+00:00,2024-12-05 17:16:00+00:00,pullback_long_midday_e357dc47fc29,1,market,0.0,45,1,12,20,
682770,682771,682815,682815,closed,stop,22757.5,22745.5,22757.75,22745.25,22745.5,22777.5,-12.0,-12.5,-13.0,-260.0,10.0,0.5,45.0,45.0,14.75,2024-12-05 17:19:00+00:00,2024-12-05 17:19:00+00:00,2024-12-05 18:04:00+00:00,2024-12-05 18:04:00+00:00,pullback_long_midday_e357dc47fc29,1,market,0.0,45,1,12,20,
682859,682860,682863,682863,closed,stop,22711.5,22699.5,22711.75,22699.25,22699.5,22731.5,-12.0,-12.5,-13.0,-260.0,10.0,0.5,4.0,4.0,18.75,2024-12-05 18:48:00+00:00,2024-12-05 18:48:00+00:00,2024-12-05 18:52:00+00:00,2024-12-05 19:33:00+00:00,pullback_long_midday_e357dc47fc29,1,market,0.0,45,1,12,20,
684098,684099,684102,684102,closed,stop,22830.75,22818.75,22831.0,22818.5,22818.75,22850.75,-12.0,-12.5,-13.0,-260.0,10.0,0.5,4.0,4.0,15.5,2024-12-06 16:42:00+00:00,2024-12-06 16:42:00+00:00,2024-12-06 16:46:00+00:00,2024-12-06 17:27:00+00:00,pullback_long_midday_e357dc47fc29,1,market,0.0,45,1,12,20,
684204,684205,684208,684208,closed,stop,22861.25,22849.25,22861.5,22849.0,22849.25,22881.25,-12.0,-12.5,-13.0,-260.0,10.0,0.5,4.0,4.0,14.5,2024-12-06 18:28:00+00:00,2024-12-06 18:28:00+00:00,2024-12-06 18:32:00+00:00,2024-12-06 19:13:00+00:00,pullback_long_midday_e357dc47fc29,1,market,0.0,45,1,12,20,
685451,685452,685464,685464,closed,stop,22704.25,22692.25,22704.5,22692.0,22692.25,22724.25,-12.0,-12.5,-13.0,-260.0,10.0,0.5,13.0,13.0,15.0,2024-12-09 16:30:00+00:00,2024-12-09 16:30:00+00:00,2024-12-09 16:43:00+00:00,2024-12-09 17:15:00+00:00,pullback_long_midday_e357dc47fc29,1,market,0.0,45,1,12,20,
685483,685484,685487,685487,closed,stop,22706.75,22694.75,22707.0,22694.5,22694.75,22726.75,-12.0,-12.5,-13.0,-260.0,10.0,0.5,4.0,4.0,17.5,2024-12-09 17:02:00+00:00,2024-12-09 17:02:00+00:00,2024-12-09 17:06:00+00:00,2024-12-09 17:47:00+00:00,pullback_long_midday_e357dc47fc29,1,market,0.0,45,1,12,20,
685489,685490,685500,685500,closed,stop,22699.5,22687.5,22699.75,22687.25,22687.5,22719.5,-12.0,-12.5,-13.0,-260.0,10.0,0.5,11.0,11.0,13.25,2024-12-09 17:08:00+00:00,2024-12-09 17:08:00+00:00,2024-12-09 17:19:00+00:00,2024-12-09 17:53:00+00:00,pullback_long_midday_e357dc47fc29,1,market,0.0,45,1,12,20,
685524,685525,685539,685539,closed,stop,22705.5,22693.5,22705.75,22693.25,22693.5,22725.5,-12.0,-12.5,-13.0,-260.0,10.0,0.5,15.0,15.0,17.75,2024-12-09 17:43:00+00:00,2024-12-09 17:43:00+00:00,2024-12-09 17:58:00+00:00,2024-12-09 18:28:00+00:00,pullback_long_midday_e357dc47fc29,1,market,0.0,45,1,12,20,
685573,685574,685587,685587,closed,target,22718.75,22738.75,22719.0,22738.5,22706.75,22738.75,20.0,19.5,19.0,380.0,10.0,0.5,14.0,14.0,7.0,2024-12-09 18:32:00+00:00,2024-12-09 18:32:00+00:00,2024-12-09 18:46:00+00:00,2024-12-09 19:17:00+00:00,pullback_long_midday_e357dc47fc29,1,market,0.0,45,1,12,20,
685594,685595,685597,685597,closed,stop,22738.5,22726.5,22738.75,22726.25,22726.5,22758.5,-12.0,-12.5,-13.0,-260.0,10.0,0.5,3.0,3.0,15.75,2024-12-09 18:53:00+00:00,2024-12-09 18:53:00+00:00,2024-12-09 18:56:00+00:00,2024-12-09 19:38:00+00:00,pullback_long_midday_e357dc47fc29,1,market,0.0,45,1,12,20,
686849,686850,686859,686859,closed,stop,22678.75,22666.75,22679.0,22666.5,22666.75,22698.75,-12.0,-12.5,-13.0,-260.0,10.0,0.5,10.0,10.0,16.75,2024-12-10 17:03:00+00:00,2024-12-10 17:03:00+00:00,2024-12-10 17:13:00+00:00,2024-12-10 17:48:00+00:00,pullback_long_midday_e357dc47fc29,1,market,0.0,45,1,12,20,
686888,686889,686898,686898,closed,stop,22688.75,22676.75,22689.0,22676.5,22676.75,22708.75,-12.0,-12.5,-13.0,-260.0,10.0,0.5,10.0,10.0,13.25,2024-12-10 17:42:00+00:00,2024-12-10 17:42:00+00:00,2024-12-10 17:52:00+00:00,2024-12-10 18:27:00+00:00,pullback_long_midday_e357dc47fc29,1,market,0.0,45,1,12,20,
686939,686940,686954,686954,closed,stop,22673.75,22661.75,22674.0,22661.5,22661.75,22693.75,-12.0,-12.5,-13.0,-260.0,10.0,0.5,15.0,15.0,12.75,2024-12-10 18:33:00+00:00,2024-12-10 18:33:00+00:00,2024-12-10 18:48:00+00:00,2024-12-10 19:18:00+00:00,pullback_long_midday_e357dc47fc29,1,market,0.0,45,1,12,20,
688160,688161,688166,688166,closed,target,22920.0,22940.0,22920.25,22939.75,22908.0,22940.0,20.0,19.5,19.0,380.0,10.0,0.5,6.0,6.0,3.25,2024-12-11 16:09:00+00:00,2024-12-11 16:09:00+00:00,2024-12-11 16:15:00+00:00,2024-12-11 16:54:00+00:00,pullback_long_midday_e357dc47fc29,1,market,0.0,45,1,12,20,
688169,688170,688178,688178,closed,target,22932.25,22952.25,22932.5,22952.0,22920.25,22952.25,20.0,19.5,19.0,380.0,10.0,0.5,9.0,9.0,6.0,2024-12-11 16:18:00+00:00,2024-12-11 16:18:00+00:00,2024-12-11 16:27:00+00:00,2024-12-11 17:03:00+00:00,pullback_long_midday_e357dc47fc29,1,market,0.0,45,1,12,20,
688193,688194,688199,688199,closed,stop,22959.5,22947.5,22959.75,22947.25,22947.5,22979.5,-12.0,-12.5,-13.0,-260.0,10.0,0.5,6.0,6.0,12.5,2024-12-11 16:42:00+00:00,2024-12-11 16:42:00+00:00,2024-12-11 16:48:00+00:00,2024-12-11 17:27:00+00:00,pullback_long_midday_e357dc47fc29,1,market,0.0,45,1,12,20,
688226,688227,688243,688243,closed,stop,22978.75,22966.75,22979.0,22966.5,22966.75,22998.75,-12.0,-12.5,-13.0,-260.0,10.0,0.5,17.0,17.0,20.0,2024-12-11 17:15:00+00:00,2024-12-11 17:15:00+00:00,2024-12-11 17:32:00+00:00,2024-12-11 18:00:00+00:00,pullback_long_midday_e357dc47fc29,1,market,0.0,45,1,12,20,
688288,688289,688302,688302,closed,target,22982.5,23002.5,22982.75,23002.25,22970.5,23002.5,20.0,19.5,19.0,380.0,10.0,0.5,14.0,14.0,0.25,2024-12-11 18:17:00+00:00,2024-12-11 18:17:00+00:00,2024-12-11 18:31:00+00:00,2024-12-11 19:02:00+00:00,pullback_long_midday_e357dc47fc29,1,market,0.0,45,1,12,20,
688306,688307,688326,688326,closed,stop,23003.25,22991.25,23003.5,22991.0,22991.25,23023.25,-12.0,-12.5,-13.0,-260.0,10.0,0.5,20.0,20.0,15.25,2024-12-11 18:35:00+00:00,2024-12-11 18:35:00+00:00,2024-12-11 18:55:00+00:00,2024-12-11 19:20:00+00:00,pullback_long_midday_e357dc47fc29,1,market,0.0,45,1,12,20,
689526,689527,689530,689530,closed,stop,22929.25,22917.25,22929.5,22917.0,22917.25,22949.25,-12.0,-12.5,-13.0,-260.0,10.0,0.5,4.0,4.0,12.25,2024-12-12 16:11:00+00:00,2024-12-12 16:11:00+00:00,2024-12-12 16:15:00+00:00,2024-12-12 16:56:00+00:00,pullback_long_midday_e357dc47fc29,1,market,0.0,45,1,12,20,
689533,689534,689537,689537,closed,stop,22927.25,22915.25,22927.5,22915.0,22915.25,22947.25,-12.0,-12.5,-13.0,-260.0,10.0,0.5,4.0,4.0,17.5,2024-12-12 16:18:00+00:00,2024-12-12 16:18:00+00:00,2024-12-12 16:22:00+00:00,2024-12-12 17:03:00+00:00,pullback_long_midday_e357dc47fc29,1,market,0.0,45,1,12,20,
689596,689597,689600,689600,closed,stop,22913.5,22901.5,22913.75,22901.25,22901.5,22933.5,-12.0,-12.5,-13.0,-260.0,10.0,0.5,4.0,4.0,13.5,2024-12-12 17:21:00+00:00,2024-12-12 17:21:00+00:00,2024-12-12 17:25:00+00:00,2024-12-12 18:06:00+00:00,pullback_long_midday_e357dc47fc29,1,market,0.0,45,1,12,20,
689628,689629,689635,689635,closed,target,22917.25,22937.25,22917.5,22937.0,22905.25,22937.25,20.0,19.5,19.0,380.0,10.0,0.5,7.0,7.0,5.25,2024-12-12 17:53:00+00:00,2024-12-12 17:53:00+00:00,2024-12-12 18:00:00+00:00,2024-12-12 18:38:00+00:00,pullback_long_midday_e357dc47fc29,1,market,0.0,45,1,12,20,
689640,689641,689644,689644,closed,stop,22925.75,22913.75,22926.0,22913.5,22913.75,22945.75,-12.0,-12.5,-13.0,-260.0,10.0,0.5,4.0,4.0,14.0,2024-12-12 18:05:00+00:00,2024-12-12 18:05:00+00:00,2024-12-12 18:09:00+00:00,2024-12-12 18:50:00+00:00,pullback_long_midday_e357dc47fc29,1,market,0.0,45,1,12,20,
689646,689647,689647,689647,closed,stop,22928.5,22916.5,22928.75,22916.25,22916.5,22948.5,-12.0,-12.5,-13.0,-260.0,10.0,0.5,1.0,1.0,12.75,2024-12-12 18:11:00+00:00,2024-12-12 18:11:00+00:00,2024-12-12 18:12:00+00:00,2024-12-12 18:56:00+00:00,pullback_long_midday_e357dc47fc29,1,market,0.0,45,1,12,20,
689648,689649,689671,689671,closed,stop,22926.75,22914.75,22927.0,22914.5,22914.75,22946.75,-12.0,-12.5,-13.0,-260.0,10.0,0.5,23.0,23.0,18.25,2024-12-12 18:13:00+00:00,2024-12-12 18:13:00+00:00,2024-12-12 18:36:00+00:00,2024-12-12 18:58:00+00:00,pullback_long_midday_e357dc47fc29,1,market,0.0,45,1,12,20,
690903,690904,690905,690905,closed,stop,22917.25,22905.25,22917.5,22905.0,22905.25,22937.25,-12.0,-12.5,-13.0,-260.0,10.0,0.5,2.0,2.0,12.75,2024-12-13 16:23:00+00:00,2024-12-13 16:23:00+00:00,2024-12-13 16:25:00+00:00,2024-12-13 17:08:00+00:00,pullback_long_midday_e357dc47fc29,1,market,0.0,45,1,12,20,
690905,690906,690906,690906,closed,stop,22924.75,22912.75,22925.0,22912.5,22912.75,22944.75,-12.0,-12.5,-13.0,-260.0,10.0,0.5,1.0,1.0,18.25,2024-12-13 16:25:00+00:00,2024-12-13 16:25:00+00:00,2024-12-13 16:26:00+00:00,2024-12-13 17:10:00+00:00,pullback_long_midday_e357dc47fc29,1,market,0.0,45,1,12,20,
690908,690909,690912,690912,closed,target,22901.25,22921.25,22901.5,22921.0,22889.25,22921.25,20.0,19.5,19.0,380.0,10.0,0.5,4.0,4.0,7.5,2024-12-13 16:28:00+00:00,2024-12-13 16:28:00+00:00,2024-12-13 16:32:00+00:00,2024-12-13 17:13:00+00:00,pullback_long_midday_e357dc47fc29,1,market,0.0,45,1,12,20,
690957,690958,690963,690963,closed,stop,22916.0,22904.0,22916.25,22903.75,22904.0,22936.0,-12.0,-12.5,-13.0,-260.0,10.0,0.5,6.0,6.0,15.25,2024-12-13 17:17:00+00:00,2024-12-13 17:17:00+00:00,2024-12-13 17:23:00+00:00,2024-12-13 18:02:00+00:00,pullback_long_midday_e357dc47fc29,1,market,0.0,45,1,12,20,
691025,691026,691029,691029,closed,target,22916.25,22936.25,22916.5,22936.0,22904.25,22936.25,20.0,19.5,19.0,380.0,10.0,0.5,4.0,4.0,6.5,2024-12-13 18:25:00+00:00,2024-12-13 18:25:00+00:00,2024-12-13 18:29:00+00:00,2024-12-13 19:10:00+00:00,pullback_long_midday_e357dc47fc29,1,market,0.0,45,1,12,20,
691035,691036,691048,691048,closed,target,22933.75,22953.75,22934.0,22953.5,22921.75,22953.75,20.0,19.5,19.0,380.0,10.0,0.5,13.0,13.0,4.5,2024-12-13 18:35:00+00:00,2024-12-13 18:35:00+00:00,2024-12-13 18:48:00+00:00,2024-12-13 19:20:00+00:00,pullback_long_midday_e357dc47fc29,1,market,0.0,45,1,12,20,
691052,691053,691082,691082,closed,target,22965.5,22985.5,22965.75,22985.25,22953.5,22985.5,20.0,19.5,19.0,380.0,10.0,0.5,30.0,30.0,9.5,2024-12-13 18:52:00+00:00,2024-12-13 18:52:00+00:00,2024-12-13 19:22:00+00:00,2024-12-13 19:37:00+00:00,pullback_long_midday_e357dc47fc29,1,market,0.0,45,1,12,20,
692254,692255,692276,692276,closed,stop,23236.5,23224.5,23236.75,23224.25,23224.5,23256.5,-12.0,-12.5,-13.0,-260.0,10.0,0.5,22.0,22.0,15.25,2024-12-16 16:14:00+00:00,2024-12-16 16:14:00+00:00,2024-12-16 16:36:00+00:00,2024-12-16 16:59:00+00:00,pullback_long_midday_e357dc47fc29,1,market,0.0,45,1,12,20,
692305,692306,692334,692334,closed,target,23255.25,23275.25,23255.5,23275.0,23243.25,23275.25,20.0,19.5,19.0,380.0,10.0,0.5,29.0,29.0,11.25,2024-12-16 17:05:00+00:00,2024-12-16 17:05:00+00:00,2024-12-16 17:34:00+00:00,2024-12-16 17:50:00+00:00,pullback_long_midday_e357dc47fc29,1,market,0.0,45,1,12,20,
692336,692337,692360,692360,closed,target,23272.75,23292.75,23273.0,23292.5,23260.75,23292.75,20.0,19.5,19.0,380.0,10.0,0.5,24.0,24.0,3.75,2024-12-16 17:36:00+00:00,2024-12-16 17:36:00+00:00,2024-12-16 18:00:00+00:00,2024-12-16 18:21:00+00:00,pullback_long_midday_e357dc47fc29,1,market,0.0,45,1,12,20,
692371,692372,692383,692383,closed,target,23304.0,23324.0,23304.25,23323.75,23292.0,23324.0,20.0,19.5,19.0,380.0,10.0,0.5,12.0,12.0,2.0,2024-12-16 18:11:00+00:00,2024-12-16 18:11:00+00:00,2024-12-16 18:23:00+00:00,2024-12-16 18:56:00+00:00,pullback_long_midday_e357dc47fc29,1,market,0.0,45,1,12,20,
692394,692395,692421,692421,closed,stop,23325.5,23313.5,23325.75,23313.25,23313.5,23345.5,-12.0,-12.5,-13.0,-260.0,10.0,0.5,27.0,27.0,13.75,2024-12-16 18:34:00+00:00,2024-12-16 18:34:00+00:00,2024-12-16 19:01:00+00:00,2024-12-16 19:19:00+00:00,pullback_long_midday_e357dc47fc29,1,market,0.0,45,1,12,20,
693625,693626,693626,693626,closed,stop,23248.75,23236.75,23249.0,23236.5,23236.75,23268.75,-12.0,-12.5,-13.0,-260.0,10.0,0.5,1.0,1.0,12.5,2024-12-17 16:22:00+00:00,2024-12-17 16:22:00+00:00,2024-12-17 16:23:00+00:00,2024-12-17 17:07:00+00:00,pullback_long_midday_e357dc47fc29,1,market,0.0,45,1,12,20,
693627,693628,693631,693631,closed,target,23243.5,23263.5,23243.75,23263.25,23231.5,23263.5,20.0,19.5,19.0,380.0,10.0,0.5,4.0,4.0,0.25,2024-12-17 16:24:00+00:00,2024-12-17 16:24:00+00:00,2024-12-17 16:28:00+00:00,2024-12-17 17:09:00+00:00,pullback_long_midday_e357dc47fc29,1,market,0.0,45,1,12,20,
693654,693655,693656,693656,closed,stop,23283.5,23271.5,23283.75,23271.25,23271.5,23303.5,-12.0,-12.5,-13.0,-260.0,10.0,0.5,2.0,2.0,17.75,2024-12-17 16:51:00+00:00,2024-12-17 16:51:00+00:00,2024-12-17 16:53:00+00:00,2024-12-17 17:36:00+00:00,pullback_long_midday_e357dc47fc29,1,market,0.0,45,1,12,20,
693696,693697,693701,693701,closed,target,23241.0,23261.0,23241.25,23260.75,23229.0,23261.0,20.0,19.5,19.0,380.0,10.0,0.5,5.0,5.0,1.0,2024-12-17 17:33:00+00:00,2024-12-17 17:33:00+00:00,2024-12-17 17:38:00+00:00,2024-12-17 18:18:00+00:00,pullback_long_midday_e357dc47fc29,1,market,0.0,45,1,12,20,
693712,693713,693716,693716,closed,stop,23261.0,23249.0,23261.25,23248.75,23249.0,23281.0,-12.0,-12.5,-13.0,-260.0,10.0,0.5,4.0,4.0,15.75,2024-12-17 17:49:00+00:00,2024-12-17 17:49:00+00:00,2024-12-17 17:53:00+00:00,2024-12-17 18:34:00+00:00,pullback_long_midday_e357dc47fc29,1,market,0.0,45,1,12,20,
694969,694970,694980,694980,closed,stop,23238.0,23226.0,23238.25,23225.75,23226.0,23258.0,-12.0,-12.5,-13.0,-260.0,10.0,0.5,11.0,11.0,14.75,2024-12-18 16:01:00+00:00,2024-12-18 16:01:00+00:00,2024-12-18 16:12:00+00:00,2024-12-18 16:46:00+00:00,pullback_long_midday_e357dc47fc29,1,market,0.0,45,1,12,20,
695019,695020,695025,695025,closed,stop,23231.5,23219.5,23231.75,23219.25,23219.5,23251.5,-12.0,-12.5,-13.0,-260.0,10.0,0.5,6.0,6.0,13.75,2024-12-18 16:51:00+00:00,2024-12-18 16:51:00+00:00,2024-12-18 16:57:00+00:00,2024-12-18 17:36:00+00:00,pullback_long_midday_e357dc47fc29,1,market,0.0,45,1,12,20,
695051,695052,695058,695058,closed,stop,23227.5,23215.5,23227.75,23215.25,23215.5,23247.5,-12.0,-12.5,-13.0,-260.0,10.0,0.5,7.0,7.0,17.25,2024-12-18 17:23:00+00:00,2024-12-18 17:23:00+00:00,2024-12-18 17:30:00+00:00,2024-12-18 18:08:00+00:00,pullback_long_midday_e357dc47fc29,1,market,0.0,45,1,12,20,
696364,696365,696367,696367,closed,stop,22518.5,22506.5,22518.75,22506.25,22506.5,22538.5,-12.0,-12.5,-13.0,-260.0,10.0,0.5,3.0,3.0,17.75,2024-12-19 16:31:00+00:00,2024-12-19 16:31:00+00:00,2024-12-19 16:34:00+00:00,2024-12-19 17:16:00+00:00,pullback_long_midday_e357dc47fc29,1,market,0.0,45,1,12,20,
696370,696371,696371,696371,closed,target,22517.0,22537.0,22517.25,22536.75,22505.0,22537.0,20.0,19.5,19.0,380.0,10.0,0.5,1.0,1.0,3.75,2024-12-19 16:37:00+00:00,2024-12-19 16:37:00+00:00,2024-12-19 16:38:00+00:00,2024-12-19 17:22:00+00:00,pullback_long_midday_e357dc47fc29,1,market,0.0,45,1,12,20,
696442,696443,696443,696443,closed,stop,22384.0,22372.0,22384.25,22371.75,22372.0,22404.0,-12.0,-12.5,-13.0,-260.0,10.0,0.5,1.0,1.0,14.0,2024-12-19 17:49:00+00:00,2024-12-19 17:49:00+00:00,2024-12-19 17:50:00+00:00,2024-12-19 18:34:00+00:00,pullback_long_midday_e357dc47fc29,1,market,0.0,45,1,12,20,
696486,696487,696488,696488,closed,stop,22438.5,22426.5,22438.75,22426.25,22426.5,22458.5,-12.0,-12.5,-13.0,-260.0,10.0,0.5,2.0,2.0,15.0,2024-12-19 18:33:00+00:00,2024-12-19 18:33:00+00:00,2024-12-19 18:35:00+00:00,2024-12-19 19:18:00+00:00,pullback_long_midday_e357dc47fc29,1,market,0.0,45,1,12,20,
696489,696490,696494,696494,closed,target,22435.5,22455.5,22435.75,22455.25,22423.5,22455.5,20.0,19.5,19.0,380.0,10.0,0.5,5.0,5.0,8.25,2024-12-19 18:36:00+00:00,2024-12-19 18:36:00+00:00,2024-12-19 18:41:00+00:00,2024-12-19 19:21:00+00:00,pullback_long_midday_e357dc47fc29,1,market,0.0,45,1,12,20,
696499,696500,696506,696506,closed,target,22442.0,22462.0,22442.25,22461.75,22430.0,22462.0,20.0,19.5,19.0,380.0,10.0,0.5,7.0,7.0,4.25,2024-12-19 18:46:00+00:00,2024-12-19 18:46:00+00:00,2024-12-19 18:53:00+00:00,2024-12-19 19:31:00+00:00,pullback_long_midday_e357dc47fc29,1,market,0.0,45,1,12,20,
696509,696510,696511,696511,closed,target,22449.25,22469.25,22449.5,22469.0,22437.25,22469.25,20.0,19.5,19.0,380.0,10.0,0.5,2.0,2.0,3.0,2024-12-19 18:56:00+00:00,2024-12-19 18:56:00+00:00,2024-12-19 18:58:00+00:00,2024-12-19 19:41:00+00:00,pullback_long_midday_e357dc47fc29,1,market,0.0,45,1,12,20,
697709,697710,697711,697711,closed,target,22514.5,22534.5,22514.75,22534.25,22502.5,22534.5,20.0,19.5,19.0,380.0,10.0,0.5,2.0,2.0,3.75,2024-12-20 16:11:00+00:00,2024-12-20 16:11:00+00:00,2024-12-20 16:13:00+00:00,2024-12-20 16:56:00+00:00,pullback_long_midday_e357dc47fc29,1,market,0.0,45,1,12,20,
697728,697729,697730,697730,closed,target,22578.25,22598.25,22578.5,22598.0,22566.25,22598.25,20.0,19.5,19.0,380.0,10.0,0.5,2.0,2.0,4.5,2024-12-20 16:30:00+00:00,2024-12-20 16:30:00+00:00,2024-12-20 16:32:00+00:00,2024-12-20 17:15:00+00:00,pullback_long_midday_e357dc47fc29,1,market,0.0,45,1,12,20,
697747,697748,697751,697751,closed,stop,22664.25,22652.25,22664.5,22652.0,22652.25,22684.25,-12.0,-12.5,-13.0,-260.0,10.0,0.5,4.0,4.0,46.0,2024-12-20 16:49:00+00:00,2024-12-20 16:49:00+00:00,2024-12-20 16:53:00+00:00,2024-12-20 17:34:00+00:00,pullback_long_midday_e357dc47fc29,1,market,0.0,45,1,12,20,
697752,697753,697753,697753,closed,stop,22636.0,22624.0,22636.25,22623.75,22624.0,22656.0,-12.0,-12.5,-13.0,-260.0,10.0,0.5,1.0,1.0,16.5,2024-12-20 16:54:00+00:00,2024-12-20 16:54:00+00:00,2024-12-20 16:55:00+00:00,2024-12-20 17:39:00+00:00,pullback_long_midday_e357dc47fc29,1,market,0.0,45,1,12,20,
697754,697755,697755,697755,closed,target,22640.5,22660.5,22640.75,22660.25,22628.5,22660.5,20.0,19.5,19.0,380.0,10.0,0.5,1.0,1.0,0.25,2024-12-20 16:56:00+00:00,2024-12-20 16:56:00+00:00,2024-12-20 16:57:00+00:00,2024-12-20 17:41:00+00:00,pullback_long_midday_e357dc47fc29,1,market,0.0,45,1,12,20,
697773,697774,697785,697785,closed,target,22681.0,22701.0,22681.25,22700.75,22669.0,22701.0,20.0,19.5,19.0,380.0,10.0,0.5,12.0,12.0,9.25,2024-12-20 17:15:00+00:00,2024-12-20 17:15:00+00:00,2024-12-20 17:27:00+00:00,2024-12-20 18:00:00+00:00,pullback_long_midday_e357dc47fc29,1,market,0.0,45,1,12,20,
699078,699079,699083,699083,closed,target,22518.75,22538.75,22519.0,22538.5,22506.75,22538.75,20.0,19.5,19.0,380.0,10.0,0.5,5.0,5.0,5.25,2024-12-23 16:15:00+00:00,2024-12-23 16:15:00+00:00,2024-12-23 16:20:00+00:00,2024-12-23 17:00:00+00:00,pullback_long_midday_e357dc47fc29,1,market,0.0,45,1,12,20,
699085,699086,699095,699095,closed,stop,22535.0,22523.0,22535.25,22522.75,22523.0,22555.0,-12.0,-12.5,-13.0,-260.0,10.0,0.5,10.0,10.0,19.25,2024-12-23 16:22:00+00:00,2024-12-23 16:22:00+00:00,2024-12-23 16:32:00+00:00,2024-12-23 17:07:00+00:00,pullback_long_midday_e357dc47fc29,1,market,0.0,45,1,12,20,
699096,699097,699097,699097,closed,stop,22532.5,22520.5,22532.75,22520.25,22520.5,22552.5,-12.0,-12.5,-13.0,-260.0,10.0,0.5,1.0,1.0,17.0,2024-12-23 16:33:00+00:00,2024-12-23 16:33:00+00:00,2024-12-23 16:34:00+00:00,2024-12-23 17:18:00+00:00,pullback_long_midday_e357dc47fc29,1,market,0.0,45,1,12,20,
699118,699119,699124,699124,closed,target,22593.0,22613.0,22593.25,22612.75,22581.0,22613.0,20.0,19.5,19.0,380.0,10.0,0.5,6.0,6.0,9.75,2024-12-23 16:55:00+00:00,2024-12-23 16:55:00+00:00,2024-12-23 17:01:00+00:00,2024-12-23 17:40:00+00:00,pullback_long_midday_e357dc47fc29,1,market,0.0,45,1,12,20,
699162,699163,699172,699172,closed,target,22597.75,22617.75,22598.0,22617.5,22585.75,22617.75,20.0,19.5,19.0,380.0,10.0,0.5,10.0,10.0,4.0,2024-12-23 17:39:00+00:00,2024-12-23 17:39:00+00:00,2024-12-23 17:49:00+00:00,2024-12-23 18:24:00+00:00,pullback_long_midday_e357dc47fc29,1,market,0.0,45,1,12,20,
699175,699176,699184,699184,closed,stop,22614.25,22602.25,22614.5,22602.0,22602.25,22634.25,-12.0,-12.5,-13.0,-260.0,10.0,0.5,9.0,9.0,17.25,2024-12-23 17:52:00+00:00,2024-12-23 17:52:00+00:00,2024-12-23 18:01:00+00:00,2024-12-23 18:37:00+00:00,pullback_long_midday_e357dc47fc29,1,market,0.0,45,1,12,20,
699184,699185,699191,699191,closed,target,22614.25,22634.25,22614.5,22634.0,22602.25,22634.25,20.0,19.5,19.0,380.0,10.0,0.5,7.0,7.0,6.0,2024-12-23 18:01:00+00:00,2024-12-23 18:01:00+00:00,2024-12-23 18:08:00+00:00,2024-12-23 18:46:00+00:00,pullback_long_midday_e357dc47fc29,1,market,0.0,45,1,12,20,
699194,699195,699201,699201,closed,stop,22636.0,22624.0,22636.25,22623.75,22624.0,22656.0,-12.0,-12.5,-13.0,-260.0,10.0,0.5,7.0,7.0,26.0,2024-12-23 18:11:00+00:00,2024-12-23 18:11:00+00:00,2024-12-23 18:18:00+00:00,2024-12-23 18:56:00+00:00,pullback_long_midday_e357dc47fc29,1,market,0.0,45,1,12,20,
699202,699203,699215,699215,closed,target,22625.0,22645.0,22625.25,22644.75,22613.0,22645.0,20.0,19.5,19.0,380.0,10.0,0.5,13.0,13.0,11.75,2024-12-23 18:19:00+00:00,2024-12-23 18:19:00+00:00,2024-12-23 18:32:00+00:00,2024-12-23 19:04:00+00:00,pullback_long_midday_e357dc47fc29,1,market,0.0,45,1,12,20,
699228,699229,699232,699232,closed,stop,22653.5,22641.5,22653.75,22641.25,22641.5,22673.5,-12.0,-12.5,-13.0,-260.0,10.0,0.5,4.0,4.0,12.75,2024-12-23 18:45:00+00:00,2024-12-23 18:45:00+00:00,2024-12-23 18:49:00+00:00,2024-12-23 19:30:00+00:00,pullback_long_midday_e357dc47fc29,1,market,0.0,45,1,12,20,
699233,699234,699244,699244,closed,target,22648.5,22668.5,22648.75,22668.25,22636.5,22668.5,20.0,19.5,19.0,380.0,10.0,0.5,11.0,11.0,6.0,2024-12-23 18:50:00+00:00,2024-12-23 18:50:00+00:00,2024-12-23 19:01:00+00:00,2024-12-23 19:35:00+00:00,pullback_long_midday_e357dc47fc29,1,market,0.0,45,1,12,20,
701569,701570,701592,701592,closed,stop,22917.0,22905.0,22917.25,22904.75,22905.0,22937.0,-12.0,-12.5,-13.0,-260.0,10.0,0.5,23.0,23.0,15.75,2024-12-26 16:02:00+00:00,2024-12-26 16:02:00+00:00,2024-12-26 16:25:00+00:00,2024-12-26 16:47:00+00:00,pullback_long_midday_e357dc47fc29,1,market,0.0,45,1,12,20,
701615,701616,701619,701619,closed,stop,22942.25,22930.25,22942.5,22930.0,22930.25,22962.25,-12.0,-12.5,-13.0,-260.0,10.0,0.5,4.0,4.0,15.25,2024-12-26 16:48:00+00:00,2024-12-26 16:48:00+00:00,2024-12-26 16:52:00+00:00,2024-12-26 17:33:00+00:00,pullback_long_midday_e357dc47fc29,1,market,0.0,45,1,12,20,
701650,701651,701653,701653,closed,stop,22967.25,22955.25,22967.5,22955.0,22955.25,22987.25,-12.0,-12.5,-13.0,-260.0,10.0,0.5,3.0,3.0,14.5,2024-12-26 17:23:00+00:00,2024-12-26 17:23:00+00:00,2024-12-26 17:26:00+00:00,2024-12-26 18:08:00+00:00,pullback_long_midday_e357dc47fc29,1,market,0.0,45,1,12,20,
701712,701713,701722,701722,closed,stop,22941.75,22929.75,22942.0,22929.5,22929.75,22961.75,-12.0,-12.5,-13.0,-260.0,10.0,0.5,10.0,10.0,21.5,2024-12-26 18:25:00+00:00,2024-12-26 18:25:00+00:00,2024-12-26 18:35:00+00:00,2024-12-26 19:10:00+00:00,pullback_long_midday_e357dc47fc29,1,market,0.0,45,1,12,20,
702933,702934,702934,702934,closed,stop,22512.75,22500.75,22513.0,22500.5,22500.75,22532.75,-12.0,-12.5,-13.0,-260.0,10.0,0.5,1.0,1.0,15.75,2024-12-27 16:01:00+00:00,2024-12-27 16:01:00+00:00,2024-12-27 16:02:00+00:00,2024-12-27 16:46:00+00:00,pullback_long_midday_e357dc47fc29,1,market,0.0,45,1,12,20,
703033,703034,703034,703034,closed,target,22438.5,22458.5,22438.75,22458.25,22426.5,22458.5,20.0,19.5,19.0,380.0,10.0,0.5,1.0,1.0,1.0,2024-12-27 17:41:00+00:00,2024-12-27 17:41:00+00:00,2024-12-27 17:42:00+00:00,2024-12-27 18:26:00+00:00,pullback_long_midday_e357dc47fc29,1,market,0.0,45,1,12,20,
703061,703062,703065,703065,closed,target,22476.5,22496.5,22476.75,22496.25,22464.5,22496.5,20.0,19.5,19.0,380.0,10.0,0.5,4.0,4.0,1.75,2024-12-27 18:09:00+00:00,2024-12-27 18:09:00+00:00,2024-12-27 18:13:00+00:00,2024-12-27 18:54:00+00:00,pullback_long_midday_e357dc47fc29,1,market,0.0,45,1,12,20,
703080,703081,703087,703087,closed,target,22497.75,22517.75,22498.0,22517.5,22485.75,22517.75,20.0,19.5,19.0,380.0,10.0,0.5,7.0,7.0,7.75,2024-12-27 18:28:00+00:00,2024-12-27 18:28:00+00:00,2024-12-27 18:35:00+00:00,2024-12-27 19:13:00+00:00,pullback_long_midday_e357dc47fc29,1,market,0.0,45,1,12,20,
703101,703102,703104,703104,closed,target,22539.0,22559.0,22539.25,22558.75,22527.0,22559.0,20.0,19.5,19.0,380.0,10.0,0.5,3.0,3.0,8.25,2024-12-27 18:49:00+00:00,2024-12-27 18:49:00+00:00,2024-12-27 18:52:00+00:00,2024-12-27 19:34:00+00:00,pullback_long_midday_e357dc47fc29,1,market,0.0,45,1,12,20,
704312,704313,704314,704314,closed,target,22276.5,22296.5,22276.75,22296.25,22264.5,22296.5,20.0,19.5,19.0,380.0,10.0,0.5,2.0,2.0,3.75,2024-12-30 16:15:00+00:00,2024-12-30 16:15:00+00:00,2024-12-30 16:17:00+00:00,2024-12-30 17:00:00+00:00,pullback_long_midday_e357dc47fc29,1,market,0.0,45,1,12,20,
704325,704326,704326,704326,closed,stop,22302.25,22290.25,22302.5,22290.0,22290.25,22322.25,-12.0,-12.5,-13.0,-260.0,10.0,0.5,1.0,1.0,12.25,2024-12-30 16:28:00+00:00,2024-12-30 16:28:00+00:00,2024-12-30 16:29:00+00:00,2024-12-30 17:13:00+00:00,pullback_long_midday_e357dc47fc29,1,market,0.0,45,1,12,20,
704348,704349,704354,704354,closed,target,22351.25,22371.25,22351.5,22371.0,22339.25,22371.25,20.0,19.5,19.0,380.0,10.0,0.5,6.0,6.0,8.5,2024-12-30 16:51:00+00:00,2024-12-30 16:51:00+00:00,2024-12-30 16:57:00+00:00,2024-12-30 17:36:00+00:00,pullback_long_midday_e357dc47fc29,1,market,0.0,45,1,12,20,
704365,704366,704368,704368,closed,target,22377.5,22397.5,22377.75,22397.25,22365.5,22397.5,20.0,19.5,19.0,380.0,10.0,0.5,3.0,3.0,3.25,2024-12-30 17:08:00+00:00,2024-12-30 17:08:00+00:00,2024-12-30 17:11:00+00:00,2024-12-30 17:53:00+00:00,pullback_long_midday_e357dc47fc29,1,market,0.0,45,1,12,20,
704373,704374,704379,704379,closed,target,22390.75,22410.75,22391.0,22410.5,22378.75,22410.75,20.0,19.5,19.0,380.0,10.0,0.5,6.0,6.0,5.25,2024-12-30 17:16:00+00:00,2024-12-30 17:16:00+00:00,2024-12-30 17:22:00+00:00,2024-12-30 18:01:00+00:00,pullback_long_midday_e357dc47fc29,1,market,0.0,45,1,12,20,
704395,704396,704402,704402,closed,target,22431.0,22451.0,22431.25,22450.75,22419.0,22451.0,20.0,19.5,19.0,380.0,10.0,0.5,7.0,7.0,8.5,2024-12-30 17:38:00+00:00,2024-12-30 17:38:00+00:00,2024-12-30 17:45:00+00:00,2024-12-30 18:23:00+00:00,pullback_long_midday_e357dc47fc29,1,market,0.0,45,1,12,20,
704438,704439,704441,704441,closed,stop,22455.25,22443.25,22455.5,22443.0,22443.25,22475.25,-12.0,-12.5,-13.0,-260.0,10.0,0.5,3.0,3.0,26.25,2024-12-30 18:21:00+00:00,2024-12-30 18:21:00+00:00,2024-12-30 18:24:00+00:00,2024-12-30 19:06:00+00:00,pullback_long_midday_e357dc47fc29,1,market,0.0,45,1,12,20,
704470,704471,704471,704471,closed,stop,22463.75,22451.75,22464.0,22451.5,22451.75,22483.75,-12.0,-12.5,-13.0,-260.0,10.0,0.5,1.0,1.0,17.0,2024-12-30 18:53:00+00:00,2024-12-30 18:53:00+00:00,2024-12-30 18:54:00+00:00,2024-12-30 19:38:00+00:00,pullback_long_midday_e357dc47fc29,1,market,0.0,45,1,12,20,
705710,705711,705711,705711,closed,target,22245.75,22265.75,22246.0,22265.5,22233.75,22265.75,20.0,19.5,19.0,380.0,10.0,0.5,1.0,1.0,4.25,2024-12-31 16:48:00+00:00,2024-12-31 16:48:00+00:00,2024-12-31 16:49:00+00:00,2024-12-31 17:33:00+00:00,pullback_long_midday_e357dc47fc29,1,market,0.0,45,1,12,20,
705719,705720,705722,705722,closed,stop,22243.0,22231.0,22243.25,22230.75,22231.0,22263.0,-12.0,-12.5,-13.0,-260.0,10.0,0.5,3.0,3.0,13.25,2024-12-31 16:57:00+00:00,2024-12-31 16:57:00+00:00,2024-12-31 17:00:00+00:00,2024-12-31 17:42:00+00:00,pullback_long_midday_e357dc47fc29,1,market,0.0,45,1,12,20,
705722,705723,705723,705723,closed,stop,22241.75,22229.75,22242.0,22229.5,22229.75,22261.75,-12.0,-12.5,-13.0,-260.0,10.0,0.5,1.0,1.0,13.5,2024-12-31 17:00:00+00:00,2024-12-31 17:00:00+00:00,2024-12-31 17:01:00+00:00,2024-12-31 17:45:00+00:00,pullback_long_midday_e357dc47fc29,1,market,0.0,45,1,12,20,
705784,705785,705790,705790,closed,target,22210.5,22230.5,22210.75,22230.25,22198.5,22230.5,20.0,19.5,19.0,380.0,10.0,0.5,6.0,6.0,8.75,2024-12-31 18:02:00+00:00,2024-12-31 18:02:00+00:00,2024-12-31 18:08:00+00:00,2024-12-31 18:47:00+00:00,pullback_long_midday_e357dc47fc29,1,market,0.0,45,1,12,20,
705795,705796,705796,705796,closed,stop,22218.75,22206.75,22219.0,22206.5,22206.75,22238.75,-12.0,-12.5,-13.0,-260.0,10.0,0.5,1.0,1.0,28.25,2024-12-31 18:13:00+00:00,2024-12-31 18:13:00+00:00,2024-12-31 18:14:00+00:00,2024-12-31 18:58:00+00:00,pullback_long_midday_e357dc47fc29,1,market,0.0,45,1,12,20,
705799,705800,705800,705800,closed,stop,22211.5,22199.5,22211.75,22199.25,22199.5,22231.5,-12.0,-12.5,-13.0,-260.0,10.0,0.5,1.0,1.0,15.75,2024-12-31 18:17:00+00:00,2024-12-31 18:17:00+00:00,2024-12-31 18:18:00+00:00,2024-12-31 19:02:00+00:00,pullback_long_midday_e357dc47fc29,1,market,0.0,45,1,12,20,
