detection_index,entry_index,exit_index,termination_index,status,reason,reference_entry,exit_reference_price,entry_price,exit_price,stop_price,target_price,gross_points,fill_pnl_points,net_points,net_dollars,fees_dollars,slippage_points,holding_bars,holding_minutes,mae_points,detection_timestamp,entry_timestamp,exit_timestamp,expiry_timestamp,pattern_id,direction,entry_kind,entry_offset_points,horizon,pending_bars,stop_points,target_points,balance_after_dollars
355291,355292,355294,355294,closed,stop,18945.5,18949.5,18945.25,18949.75,18949.5,18933.5,-4.0,-4.5,-5.0,-100.0,10.0,0.5,3.0,3.0,5.0,2024-01-02 06:58:00+00:00,2024-01-02 06:58:00+00:00,2024-01-02 07:01:00+00:00,2024-01-02 07:13:00+00:00,trajectory_1163dafd9e9d_13_47316a2592d4,-1,market,0.0,15,1,4,12,49900.0
355418,355419,355425,355425,closed,target,18956.75,18944.75,18956.5,18945.0,18960.75,18944.75,12.0,11.5,11.0,220.0,10.0,0.5,7.0,7.0,1.75,2024-01-02 09:05:00+00:00,2024-01-02 09:05:00+00:00,2024-01-02 09:12:00+00:00,2024-01-02 09:20:00+00:00,trajectory_1163dafd9e9d_13_47316a2592d4,-1,market,0.0,15,1,4,12,50120.0
355525,355526,355532,355532,closed,target,18922.75,18910.75,18922.5,18911.0,18926.75,18910.75,12.0,11.5,11.0,220.0,10.0,0.5,7.0,7.0,2.0,2024-01-02 10:52:00+00:00,2024-01-02 10:52:00+00:00,2024-01-02 10:59:00+00:00,2024-01-02 11:07:00+00:00,trajectory_1163dafd9e9d_13_47316a2592d4,-1,market,0.0,15,1,4,12,50340.0
355540,355541,355542,355542,closed,target,18900.5,18888.5,18900.25,18888.75,18904.5,18888.5,12.0,11.5,11.0,220.0,10.0,0.5,2.0,2.0,2.25,2024-01-02 11:07:00+00:00,2024-01-02 11:07:00+00:00,2024-01-02 11:09:00+00:00,2024-01-02 11:22:00+00:00,trajectory_1163dafd9e9d_13_47316a2592d4,-1,market,0.0,15,1,4,12,50560.0
355542,355543,355544,355544,closed,stop,18888.5,18892.5,18888.25,18892.75,18892.5,18876.5,-4.0,-4.5,-5.0,-100.0,10.0,0.5,2.0,2.0,4.25,2024-01-02 11:09:00+00:00,2024-01-02 11:09:00+00:00,2024-01-02 11:11:00+00:00,2024-01-02 11:24:00+00:00,trajectory_1163dafd9e9d_13_47316a2592d4,-1,market,0.0,15,1,4,12,50460.0
355600,355601,355601,355601,closed,stop,18789.25,18793.25,18789.0,18793.5,18793.25,18777.25,-4.0,-4.5,-5.0,-100.0,10.0,0.5,1.0,1.0,9.25,2024-01-02 12:07:00+00:00,2024-01-02 12:07:00+00:00,2024-01-02 12:08:00+00:00,2024-01-02 12:22:00+00:00,trajectory_1163dafd9e9d_13_47316a2592d4,-1,market,0.0,15,1,4,12,50360.0
355644,355645,355651,355651,closed,target,18778.25,18766.25,18778.0,18766.5,18782.25,18766.25,12.0,11.5,11.0,220.0,10.0,0.5,7.0,7.0,3.0,2024-01-02 12:51:00+00:00,2024-01-02 12:51:00+00:00,2024-01-02 12:58:00+00:00,2024-01-02 13:06:00+00:00,trajectory_1163dafd9e9d_13_47316a2592d4,-1,market,0.0,15,1,4,12,50580.0
355911,355912,355913,355913,closed,stop,18701.25,18705.25,18701.0,18705.5,18705.25,18689.25,-4.0,-4.5,-5.0,-100.0,10.0,0.5,2.0,2.0,4.5,2024-01-02 17:18:00+00:00,2024-01-02 17:18:00+00:00,2024-01-02 17:20:00+00:00,2024-01-02 17:33:00+00:00,trajectory_1163dafd9e9d_13_47316a2592d4,-1,market,0.0,15,1,4,12,50480.0
355942,355943,355944,355944,closed,stop,18689.25,18693.25,18689.0,18693.5,18693.25,18677.25,-4.0,-4.5,-5.0,-100.0,10.0,0.5,2.0,2.0,4.5,2024-01-02 17:49:00+00:00,2024-01-02 17:49:00+00:00,2024-01-02 17:51:00+00:00,2024-01-02 18:04:00+00:00,trajectory_1163dafd9e9d_13_47316a2592d4,-1,market,0.0,15,1,4,12,50380.0
356515,356516,356530,356530,closed,timeout,18638.25,18636.25,18638.0,18636.5,18642.25,18626.25,2.0,1.5,1.0,20.0,10.0,0.5,15.0,15.0,1.0,2024-01-03 04:37:00+00:00,2024-01-03 04:37:00+00:00,2024-01-03 04:52:00+00:00,2024-01-03 04:52:00+00:00,trajectory_1163dafd9e9d_13_47316a2592d4,-1,market,0.0,15,1,4,12,50400.0
356929,356930,356931,356931,closed,stop,18579.0,18583.0,18578.75,18583.25,18583.0,18567.0,-4.0,-4.5,-5.0,-100.0,10.0,0.5,2.0,2.0,6.0,2024-01-03 11:31:00+00:00,2024-01-03 11:31:00+00:00,2024-01-03 11:33:00+00:00,2024-01-03 11:46:00+00:00,trajectory_1163dafd9e9d_13_47316a2592d4,-1,market,0.0,15,1,4,12,50300.0
356982,356983,356983,356983,closed,stop,18556.0,18560.0,18555.75,18560.25,18560.0,18544.0,-4.0,-4.5,-5.0,-100.0,10.0,0.5,1.0,1.0,4.25,2024-01-03 12:24:00+00:00,2024-01-03 12:24:00+00:00,2024-01-03 12:25:00+00:00,2024-01-03 12:39:00+00:00,trajectory_1163dafd9e9d_13_47316a2592d4,-1,market,0.0,15,1,4,12,50200.0
357604,357605,357619,357619,closed,timeout,18483.5,18479.5,18483.25,18479.75,18487.5,18471.5,4.0,3.5,3.0,60.0,10.0,0.5,15.0,15.0,1.75,2024-01-04 00:01:00+00:00,2024-01-04 00:01:00+00:00,2024-01-04 00:16:00+00:00,2024-01-04 00:16:00+00:00,trajectory_1163dafd9e9d_13_47316a2592d4,-1,market,0.0,15,1,4,12,50260.0
357892,357893,357907,357907,closed,timeout,18489.75,18491.75,18489.5,18492.0,18493.75,18477.75,-2.0,-2.5,-3.0,-60.0,10.0,0.5,15.0,15.0,4.0,2024-01-04 04:49:00+00:00,2024-01-04 04:49:00+00:00,2024-01-04 05:04:00+00:00,2024-01-04 05:04:00+00:00,trajectory_1163dafd9e9d_13_47316a2592d4,-1,market,0.0,15,1,4,12,50200.0
358251,358252,358258,358258,closed,stop,18497.0,18501.0,18496.75,18501.25,18501.0,18485.0,-4.0,-4.5,-5.0,-100.0,10.0,0.5,7.0,7.0,4.75,2024-01-04 10:48:00+00:00,2024-01-04 10:48:00+00:00,2024-01-04 10:55:00+00:00,2024-01-04 11:03:00+00:00,trajectory_1163dafd9e9d_13_47316a2592d4,-1,market,0.0,15,1,4,12,50100.0
358302,358303,358317,358317,closed,timeout,18490.75,18490.0,18490.5,18490.25,18494.75,18478.75,0.75,0.25,-0.25,-5.0,10.0,0.5,15.0,15.0,1.75,2024-01-04 11:39:00+00:00,2024-01-04 11:39:00+00:00,2024-01-04 11:54:00+00:00,2024-01-04 11:54:00+00:00,trajectory_1163dafd9e9d_13_47316a2592d4,-1,market,0.0,15,1,4,12,50095.0
358326,358327,358327,358327,closed,stop,18457.25,18461.25,18457.0,18461.5,18461.25,18445.25,-4.0,-4.5,-5.0,-100.0,10.0,0.5,1.0,1.0,4.75,2024-01-04 12:03:00+00:00,2024-01-04 12:03:00+00:00,2024-01-04 12:04:00+00:00,2024-01-04 12:18:00+00:00,trajectory_1163dafd9e9d_13_47316a2592d4,-1,market,0.0,15,1,4,12,49995.0
358669,358670,358670,358670,closed,stop,18426.5,18430.5,18426.25,18430.75,18430.5,18414.5,-4.0,-4.5,-5.0,-100.0,10.0,0.5,1.0,1.0,8.0,2024-01-04 17:46:00+00:00,2024-01-04 17:46:00+00:00,2024-01-04 17:47:00+00:00,2024-01-04 18:01:00+00:00,trajectory_1163dafd9e9d_13_47316a2592d4,-1,market,0.0,15,1,4,12,49895.0
358854,358855,358855,358855,closed,stop,18399.75,18403.75,18399.5,18404.0,18403.75,18387.75,-4.0,-4.5,-5.0,-100.0,10.0,0.5,1.0,1.0,6.5,2024-01-04 20:51:00+00:00,2024-01-04 20:51:00+00:00,2024-01-04 20:52:00+00:00,2024-01-04 21:06:00+00:00,trajectory_1163dafd9e9d_13_47316a2592d4,-1,market,0.0,15,1,4,12,49795.0
359052,359053,359066,359066,closed,stop,18397.25,18401.25,18397.0,18401.5,18401.25,18385.25,-4.0,-4.5,-5.0,-100.0,10.0,0.5,14.0,14.0,5.0,2024-01-05 01:24:00+00:00,2024-01-05 01:24:00+00:00,2024-01-05 01:38:00+00:00,2024-01-05 01:39:00+00:00,trajectory_1163dafd9e9d_13_47316a2592d4,-1,market,0.0,15,1,4,12,49695.0
359186,359187,359201,359201,closed,timeout,18390.5,18389.0,18390.25,18389.25,18394.5,18378.5,1.5,1.0,0.5,10.0,10.0,0.5,15.0,15.0,1.5,2024-01-05 03:38:00+00:00,2024-01-05 03:38:00+00:00,2024-01-05 03:53:00+00:00,2024-01-05 03:53:00+00:00,trajectory_1163dafd9e9d_13_47316a2592d4,-1,market,0.0,15,1,4,12,49705.0
359253,359254,359268,359268,closed,timeout,18393.0,18383.5,18392.75,18383.75,18397.0,18381.0,9.5,9.0,8.5,170.0,10.0,0.5,15.0,15.0,0.25,2024-01-05 04:45:00+00:00,2024-01-05 04:45:00+00:00,2024-01-05 05:00:00+00:00,2024-01-05 05:00:00+00:00,trajectory_1163dafd9e9d_13_47316a2592d4,-1,market,0.0,15,1,4,12,49875.0
359289,359290,359304,359304,closed,timeout,18375.75,18372.25,18375.5,18372.5,18379.75,18363.75,3.5,3.0,2.5,50.0,10.0,0.5,15.0,15.0,1.0,2024-01-05 05:21:00+00:00,2024-01-05 05:21:00+00:00,2024-01-05 05:36:00+00:00,2024-01-05 05:36:00+00:00,trajectory_1163dafd9e9d_13_47316a2592d4,-1,market,0.0,15,1,4,12,49925.0
359365,359366,359366,359366,closed,stop,18348.0,18352.0,18347.75,18352.25,18352.0,18336.0,-4.0,-4.5,-5.0,-100.0,10.0,0.5,1.0,1.0,5.25,2024-01-05 06:37:00+00:00,2024-01-05 06:37:00+00:00,2024-01-05 06:38:00+00:00,2024-01-05 06:52:00+00:00,trajectory_1163dafd9e9d_13_47316a2592d4,-1,market,0.0,15,1,4,12,49825.0
359514,359515,359516,359516,closed,stop,18334.75,18338.75,18334.5,18339.0,18338.75,18322.75,-4.0,-4.5,-5.0,-100.0,10.0,0.5,2.0,2.0,5.75,2024-01-05 09:06:00+00:00,2024-01-05 09:06:00+00:00,2024-01-05 09:08:00+00:00,2024-01-05 09:21:00+00:00,trajectory_1163dafd9e9d_13_47316a2592d4,-1,market,0.0,15,1,4,12,49725.0
359594,359595,359609,359609,closed,timeout,18325.25,18320.25,18325.0,18320.5,18329.25,18313.25,5.0,4.5,4.0,80.0,10.0,0.5,15.0,15.0,3.5,2024-01-05 10:26:00+00:00,2024-01-05 10:26:00+00:00,2024-01-05 10:41:00+00:00,2024-01-05 10:41:00+00:00,trajectory_1163dafd9e9d_13_47316a2592d4,-1,market,0.0,15,1,4,12,49805.0
359779,359780,359780,359780,closed,stop,18305.25,18309.25,18305.0,18309.5,18309.25,18293.25,-4.0,-4.5,-5.0,-100.0,10.0,0.5,1.0,1.0,7.75,2024-01-05 13:31:00+00:00,2024-01-05 13:31:00+00:00,2024-01-05 13:32:00+00:00,2024-01-05 13:46:00+00:00,trajectory_1163dafd9e9d_13_47316a2592d4,-1,market,0.0,15,1,4,12,49705.0
359780,359781,359781,359781,closed,stop,18279.0,18283.0,18278.75,18283.25,18283.0,18267.0,-4.0,-4.5,-5.0,-100.0,10.0,0.5,1.0,1.0,25.5,2024-01-05 13:32:00+00:00,2024-01-05 13:32:00+00:00,2024-01-05 13:33:00+00:00,2024-01-05 13:47:00+00:00,trajectory_1163dafd9e9d_13_47316a2592d4,-1,market,0.0,15,1,4,12,49605.0
359997,359998,359998,359998,closed,target,18416.5,18404.5,18416.25,18404.75,18420.5,18404.5,12.0,11.5,11.0,220.0,10.0,0.5,1.0,1.0,0.25,2024-01-05 17:09:00+00:00,2024-01-05 17:09:00+00:00,2024-01-05 17:10:00+00:00,2024-01-05 17:24:00+00:00,trajectory_1163dafd9e9d_13_47316a2592d4,-1,market,0.0,15,1,4,12,49825.0
360444,360445,360450,360450,closed,target,18422.5,18410.5,18422.25,18410.75,18426.5,18410.5,12.0,11.5,11.0,220.0,10.0,0.5,6.0,6.0,4.0,2024-01-08 01:51:00+00:00,2024-01-08 01:51:00+00:00,2024-01-08 01:57:00+00:00,2024-01-08 02:06:00+00:00,trajectory_1163dafd9e9d_13_47316a2592d4,-1,market,0.0,15,1,4,12,50045.0
360549,360550,360564,360564,closed,timeout,18384.25,18382.75,18384.0,18383.0,18388.25,18372.25,1.5,1.0,0.5,10.0,10.0,0.5,15.0,15.0,3.75,2024-01-08 03:36:00+00:00,2024-01-08 03:36:00+00:00,2024-01-08 03:51:00+00:00,2024-01-08 03:51:00+00:00,trajectory_1163dafd9e9d_13_47316a2592d4,-1,market,0.0,15,1,4,12,50055.0
360725,360726,360727,360727,closed,stop,18378.75,18382.75,18378.5,18383.0,18382.75,18366.75,-4.0,-4.5,-5.0,-100.0,10.0,0.5,2.0,2.0,8.0,2024-01-08 06:32:00+00:00,2024-01-08 06:32:00+00:00,2024-01-08 06:34:00+00:00,2024-01-08 06:47:00+00:00,trajectory_1163dafd9e9d_13_47316a2592d4,-1,market,0.0,15,1,4,12,49955.0
360898,360899,360899,360899,closed,stop,18349.25,18353.25,18349.0,18353.5,18353.25,18337.25,-4.0,-4.5,-5.0,-100.0,10.0,0.5,1.0,1.0,6.5,2024-01-08 09:25:00+00:00,2024-01-08 09:25:00+00:00,2024-01-08 09:26:00+00:00,2024-01-08 09:40:00+00:00,trajectory_1163dafd9e9d_13_47316a2592d4,-1,market,0.0,15,1,4,12,49855.0
361961,361962,361973,361973,closed,stop,18719.25,18723.25,18719.0,18723.5,18723.25,18707.25,-4.0,-4.5,-5.0,-100.0,10.0,0.5,12.0,12.0,4.75,2024-01-09 04:23:00+00:00,2024-01-09 04:23:00+00:00,2024-01-09 04:35:00+00:00,2024-01-09 04:38:00+00:00,trajectory_1163dafd9e9d_13_47316a2592d4,-1,market,0.0,15,1,4,12,49755.0
362118,362119,362124,362124,closed,stop,18717.25,18721.25,18717.0,18721.5,18721.25,18705.25,-4.0,-4.5,-5.0,-100.0,10.0,0.5,6.0,6.0,4.25,2024-01-09 07:01:00+00:00,2024-01-09 07:01:00+00:00,2024-01-09 07:07:00+00:00,2024-01-09 07:16:00+00:00,trajectory_1163dafd9e9d_13_47316a2592d4,-1,market,0.0,15,1,4,12,49655.0
362178,362179,362180,362180,closed,stop,18702.5,18706.5,18702.25,18706.75,18706.5,18690.5,-4.0,-4.5,-5.0,-100.0,10.0,0.5,2.0,2.0,4.25,2024-01-09 08:01:00+00:00,2024-01-09 08:01:00+00:00,2024-01-09 08:03:00+00:00,2024-01-09 08:16:00+00:00,trajectory_1163dafd9e9d_13_47316a2592d4,-1,market,0.0,15,1,4,12,49555.0
362248,362249,362250,362250,closed,stop,18667.0,18671.0,18666.75,18671.25,18671.0,18655.0,-4.0,-4.5,-5.0,-100.0,10.0,0.5,2.0,2.0,5.25,2024-01-09 09:11:00+00:00,2024-01-09 09:11:00+00:00,2024-01-09 09:13:00+00:00,2024-01-09 09:26:00+00:00,trajectory_1163dafd9e9d_13_47316a2592d4,-1,market,0.0,15,1,4,12,49455.0
362510,362511,362511,362511,closed,stop,18626.5,18630.5,18626.25,18630.75,18630.5,18614.5,-4.0,-4.5,-5.0,-100.0,10.0,0.5,1.0,1.0,6.75,2024-01-09 13:33:00+00:00,2024-01-09 13:33:00+00:00,2024-01-09 13:34:00+00:00,2024-01-09 13:48:00+00:00,trajectory_1163dafd9e9d_13_47316a2592d4,-1,market,0.0,15,1,4,12,49355.0
362808,362809,362809,362809,closed,stop,18748.5,18752.5,18748.25,18752.75,18752.5,18736.5,-4.0,-4.5,-5.0,-100.0,10.0,0.5,1.0,1.0,14.25,2024-01-09 18:31:00+00:00,2024-01-09 18:31:00+00:00,2024-01-09 18:32:00+00:00,2024-01-09 18:46:00+00:00,trajectory_1163dafd9e9d_13_47316a2592d4,-1,market,0.0,15,1,4,12,49255.0
362851,362852,362852,362852,closed,stop,18775.75,18779.75,18775.5,18780.0,18779.75,18763.75,-4.0,-4.5,-5.0,-100.0,10.0,0.5,1.0,1.0,5.75,2024-01-09 19:14:00+00:00,2024-01-09 19:14:00+00:00,2024-01-09 19:15:00+00:00,2024-01-09 19:29:00+00:00,trajectory_1163dafd9e9d_13_47316a2592d4,-1,market,0.0,15,1,4,12,49155.0
363451,363452,363453,363453,closed,stop,18762.75,18766.75,18762.5,18767.0,18766.75,18750.75,-4.0,-4.5,-5.0,-100.0,10.0,0.5,2.0,2.0,4.25,2024-01-10 06:29:00+00:00,2024-01-10 06:29:00+00:00,2024-01-10 06:31:00+00:00,2024-01-10 06:44:00+00:00,trajectory_1163dafd9e9d_13_47316a2592d4,-1,market,0.0,15,1,4,12,49055.0
363472,363473,363487,363487,closed,timeout,18757.75,18757.0,18757.5,18757.25,18761.75,18745.75,0.75,0.25,-0.25,-5.0,10.0,0.5,15.0,15.0,3.25,2024-01-10 06:50:00+00:00,2024-01-10 06:50:00+00:00,2024-01-10 07:05:00+00:00,2024-01-10 07:05:00+00:00,trajectory_1163dafd9e9d_13_47316a2592d4,-1,market,0.0,15,1,4,12,49050.0
364751,364752,364766,364766,closed,timeout,18938.5,18937.5,18938.25,18937.75,18942.5,18926.5,1.0,0.5,0.0,0.0,10.0,0.5,15.0,15.0,3.25,2024-01-11 05:24:00+00:00,2024-01-11 05:24:00+00:00,2024-01-11 05:39:00+00:00,2024-01-11 05:39:00+00:00,trajectory_1163dafd9e9d_13_47316a2592d4,-1,market,0.0,15,1,4,12,49050.0
364998,364999,365002,365002,closed,stop,18945.0,18949.0,18944.75,18949.25,18949.0,18933.0,-4.0,-4.5,-5.0,-100.0,10.0,0.5,4.0,4.0,5.25,2024-01-11 09:31:00+00:00,2024-01-11 09:31:00+00:00,2024-01-11 09:35:00+00:00,2024-01-11 09:46:00+00:00,trajectory_1163dafd9e9d_13_47316a2592d4,-1,market,0.0,15,1,4,12,48950.0
365238,365239,365239,365239,closed,target,18897.25,18885.25,18897.0,18885.5,18901.25,18885.25,12.0,11.5,11.0,220.0,10.0,0.5,1.0,1.0,3.5,2024-01-11 13:31:00+00:00,2024-01-11 13:31:00+00:00,2024-01-11 13:32:00+00:00,2024-01-11 13:46:00+00:00,trajectory_1163dafd9e9d_13_47316a2592d4,-1,market,0.0,15,1,4,12,49170.0
365239,365240,365240,365240,closed,stop,18846.5,18850.5,18846.25,18850.75,18850.5,18834.5,-4.0,-4.5,-5.0,-100.0,10.0,0.5,1.0,1.0,23.0,2024-01-11 13:32:00+00:00,2024-01-11 13:32:00+00:00,2024-01-11 13:33:00+00:00,2024-01-11 13:47:00+00:00,trajectory_1163dafd9e9d_13_47316a2592d4,-1,market,0.0,15,1,4,12,49070.0
365401,365402,365402,365402,closed,target,18749.5,18737.5,18749.25,18737.75,18753.5,18737.5,12.0,11.5,11.0,220.0,10.0,0.5,1.0,1.0,2.75,2024-01-11 16:14:00+00:00,2024-01-11 16:14:00+00:00,2024-01-11 16:15:00+00:00,2024-01-11 16:29:00+00:00,trajectory_1163dafd9e9d_13_47316a2592d4,-1,market,0.0,15,1,4,12,49290.0
366037,366038,366052,366052,closed,timeout,18891.75,18886.75,18891.5,18887.0,18895.75,18879.75,5.0,4.5,4.0,80.0,10.0,0.5,15.0,15.0,2.75,2024-01-12 04:05:00+00:00,2024-01-12 04:05:00+00:00,2024-01-12 04:20:00+00:00,2024-01-12 04:20:00+00:00,trajectory_1163dafd9e9d_13_47316a2592d4,-1,market,0.0,15,1,4,12,49370.0
366217,366218,366218,366218,closed,stop,18884.0,18888.0,18883.75,18888.25,18888.0,18872.0,-4.0,-4.5,-5.0,-100.0,10.0,0.5,1.0,1.0,6.75,2024-01-12 07:05:00+00:00,2024-01-12 07:05:00+00:00,2024-01-12 07:06:00+00:00,2024-01-12 07:20:00+00:00,trajectory_1163dafd9e9d_13_47316a2592d4,-1,market,0.0,15,1,4,12,49270.0
366500,366501,366501,366501,closed,target,18828.0,18816.0,18827.75,18816.25,18832.0,18816.0,12.0,11.5,11.0,220.0,10.0,0.5,1.0,1.0,2.0,2024-01-12 11:48:00+00:00,2024-01-12 11:48:00+00:00,2024-01-12 11:49:00+00:00,2024-01-12 12:03:00+00:00,trajectory_1163dafd9e9d_13_47316a2592d4,-1,market,0.0,15,1,4,12,49490.0
366501,366502,366502,366502,closed,stop,18810.5,18814.5,18810.25,18814.75,18814.5,18798.5,-4.0,-4.5,-5.0,-100.0,10.0,0.5,1.0,1.0,7.75,2024-01-12 11:49:00+00:00,2024-01-12 11:49:00+00:00,2024-01-12 11:50:00+00:00,2024-01-12 12:04:00+00:00,trajectory_1163dafd9e9d_13_47316a2592d4,-1,market,0.0,15,1,4,12,49390.0
366692,366693,366693,366693,closed,target,18927.5,18915.5,18927.25,18915.75,18931.5,18915.5,12.0,11.5,11.0,220.0,10.0,0.5,1.0,1.0,2.25,2024-01-12 15:00:00+00:00,2024-01-12 15:00:00+00:00,2024-01-12 15:01:00+00:00,2024-01-12 15:15:00+00:00,trajectory_1163dafd9e9d_13_47316a2592d4,-1,market,0.0,15,1,4,12,49610.0
366693,366694,366694,366694,closed,stop,18905.0,18909.0,18904.75,18909.25,18909.0,18893.0,-4.0,-4.5,-5.0,-100.0,10.0,0.5,1.0,1.0,9.0,2024-01-12 15:01:00+00:00,2024-01-12 15:01:00+00:00,2024-01-12 15:02:00+00:00,2024-01-12 15:16:00+00:00,trajectory_1163dafd9e9d_13_47316a2592d4,-1,market,0.0,15,1,4,12,49510.0
366790,366791,366791,366791,closed,stop,18881.5,18885.5,18881.25,18885.75,18885.5,18869.5,-4.0,-4.5,-5.0,-100.0,10.0,0.5,1.0,1.0,6.0,2024-01-12 16:38:00+00:00,2024-01-12 16:38:00+00:00,2024-01-12 16:39:00+00:00,2024-01-12 16:53:00+00:00,trajectory_1163dafd9e9d_13_47316a2592d4,-1,market,0.0,15,1,4,12,49410.0
366955,366956,366956,366956,closed,stop,18910.75,18914.75,18910.5,18915.0,18914.75,18898.75,-4.0,-4.5,-5.0,-100.0,10.0,0.5,1.0,1.0,8.5,2024-01-12 19:23:00+00:00,2024-01-12 19:23:00+00:00,2024-01-12 19:24:00+00:00,2024-01-12 19:38:00+00:00,trajectory_1163dafd9e9d_13_47316a2592d4,-1,market,0.0,15,1,4,12,49310.0
368002,368003,368011,368011,closed,stop,18889.25,18893.25,18889.0,18893.5,18893.25,18877.25,-4.0,-4.5,-5.0,-100.0,10.0,0.5,9.0,9.0,5.25,2024-01-15 14:05:00+00:00,2024-01-15 14:05:00+00:00,2024-01-15 14:14:00+00:00,2024-01-15 14:20:00+00:00,trajectory_1163dafd9e9d_13_47316a2592d4,-1,market,0.0,15,1,4,12,49210.0
368178,368179,368180,368180,closed,stop,18898.5,18902.5,18898.25,18902.75,18902.5,18886.5,-4.0,-4.5,-5.0,-100.0,10.0,0.5,2.0,2.0,5.0,2024-01-15 17:01:00+00:00,2024-01-15 17:01:00+00:00,2024-01-15 17:03:00+00:00,2024-01-15 17:16:00+00:00,trajectory_1163dafd9e9d_13_47316a2592d4,-1,market,0.0,15,1,4,12,49110.0
368298,368299,368313,368313,closed,stop,18865.75,18869.75,18865.5,18870.0,18869.75,18853.75,-4.0,-4.5,-5.0,-100.0,10.0,0.5,15.0,15.0,4.5,2024-01-16 00:01:00+00:00,2024-01-16 00:01:00+00:00,2024-01-16 00:16:00+00:00,2024-01-16 00:16:00+00:00,trajectory_1163dafd9e9d_13_47316a2592d4,-1,market,0.0,15,1,4,12,49010.0
368340,368341,368354,368354,closed,target,18847.75,18835.75,18847.5,18836.0,18851.75,18835.75,12.0,11.5,11.0,220.0,10.0,0.5,14.0,14.0,3.75,2024-01-16 00:43:00+00:00,2024-01-16 00:43:00+00:00,2024-01-16 00:57:00+00:00,2024-01-16 00:58:00+00:00,trajectory_1163dafd9e9d_13_47316a2592d4,-1,market,0.0,15,1,4,12,49230.0
368515,368516,368517,368517,closed,stop,18827.75,18831.75,18827.5,18832.0,18831.75,18815.75,-4.0,-4.5,-5.0,-100.0,10.0,0.5,2.0,2.0,4.75,2024-01-16 03:38:00+00:00,2024-01-16 03:38:00+00:00,2024-01-16 03:40:00+00:00,2024-01-16 03:53:00+00:00,trajectory_1163dafd9e9d_13_47316a2592d4,-1,market,0.0,15,1,4,12,49130.0
368654,368655,368661,368661,closed,target,18819.75,18807.75,18819.5,18808.0,18823.75,18807.75,12.0,11.5,11.0,220.0,10.0,0.5,7.0,7.0,2.75,2024-01-16 05:57:00+00:00,2024-01-16 05:57:00+00:00,2024-01-16 06:04:00+00:00,2024-01-16 06:12:00+00:00,trajectory_1163dafd9e9d_13_47316a2592d4,-1,market,0.0,15,1,4,12,49350.0
368778,368779,368779,368779,closed,target,18809.75,18797.75,18809.5,18798.0,18813.75,18797.75,12.0,11.5,11.0,220.0,10.0,0.5,1.0,1.0,0.75,2024-01-16 08:01:00+00:00,2024-01-16 08:01:00+00:00,2024-01-16 08:02:00+00:00,2024-01-16 08:16:00+00:00,trajectory_1163dafd9e9d_13_47316a2592d4,-1,market,0.0,15,1,4,12,49570.0
368779,368780,368781,368781,closed,target,18790.75,18778.75,18790.5,18779.0,18794.75,18778.75,12.0,11.5,11.0,220.0,10.0,0.5,2.0,2.0,2.5,2024-01-16 08:02:00+00:00,2024-01-16 08:02:00+00:00,2024-01-16 08:04:00+00:00,2024-01-16 08:17:00+00:00,trajectory_1163dafd9e9d_13_47316a2592d4,-1,market,0.0,15,1,4,12,49790.0
368781,368782,368783,368783,closed,stop,18769.0,18773.0,18768.75,18773.25,18773.0,18757.0,-4.0,-4.5,-5.0,-100.0,10.0,0.5,2.0,2.0,7.5,2024-01-16 08:04:00+00:00,2024-01-16 08:04:00+00:00,2024-01-16 08:06:00+00:00,2024-01-16 08:19:00+00:00,trajectory_1163dafd9e9d_13_47316a2592d4,-1,market,0.0,15,1,4,12,49690.0
369258,369259,369259,369259,closed,stop,18918.75,18922.75,18918.5,18923.0,18922.75,18906.75,-4.0,-4.5,-5.0,-100.0,10.0,0.5,1.0,1.0,4.25,2024-01-16 16:01:00+00:00,2024-01-16 16:01:00+00:00,2024-01-16 16:02:00+00:00,2024-01-16 16:16:00+00:00,trajectory_1163dafd9e9d_13_47316a2592d4,-1,market,0.0,15,1,4,12,49590.0
369259,369260,369260,369260,closed,stop,18903.5,18907.5,18903.25,18907.75,18907.5,18891.5,-4.0,-4.5,-5.0,-100.0,10.0,0.5,1.0,1.0,31.5,2024-01-16 16:02:00+00:00,2024-01-16 16:02:00+00:00,2024-01-16 16:03:00+00:00,2024-01-16 16:17:00+00:00,trajectory_1163dafd9e9d_13_47316a2592d4,-1,market,0.0,15,1,4,12,49490.0
369705,369706,369713,369713,closed,stop,18897.75,18901.75,18897.5,18902.0,18901.75,18885.75,-4.0,-4.5,-5.0,-100.0,10.0,0.5,8.0,8.0,5.25,2024-01-17 00:43:00+00:00,2024-01-17 00:43:00+00:00,2024-01-17 00:51:00+00:00,2024-01-17 00:58:00+00:00,trajectory_1163dafd9e9d_13_47316a2592d4,-1,market,0.0,15,1,4,12,49390.0
369766,369767,369781,369781,closed,timeout,18889.25,18891.5,18889.0,18891.75,18893.25,18877.25,-2.25,-2.75,-3.25,-65.0,10.0,0.5,15.0,15.0,3.25,2024-01-17 01:44:00+00:00,2024-01-17 01:44:00+00:00,2024-01-17 01:59:00+00:00,2024-01-17 01:59:00+00:00,trajectory_1163dafd9e9d_13_47316a2592d4,-1,market,0.0,15,1,4,12,49325.0
369895,369896,369910,369910,closed,timeout,18855.5,18852.25,18855.25,18852.5,18859.5,18843.5,3.25,2.75,2.25,45.0,10.0,0.5,15.0,15.0,3.25,2024-01-17 03:53:00+00:00,2024-01-17 03:53:00+00:00,2024-01-17 04:08:00+00:00,2024-01-17 04:08:00+00:00,trajectory_1163dafd9e9d_13_47316a2592d4,-1,market,0.0,15,1,4,12,49370.0
370016,370017,370031,370031,closed,timeout,18835.0,18826.5,18834.75,18826.75,18839.0,18823.0,8.5,8.0,7.5,150.0,10.0,0.5,15.0,15.0,4.0,2024-01-17 05:54:00+00:00,2024-01-17 05:54:00+00:00,2024-01-17 06:09:00+00:00,2024-01-17 06:09:00+00:00,trajectory_1163dafd9e9d_13_47316a2592d4,-1,market,0.0,15,1,4,12,49520.0
370032,370033,370033,370033,closed,target,18811.25,18799.25,18811.0,18799.5,18815.25,18799.25,12.0,11.5,11.0,220.0,10.0,0.5,1.0,1.0,0.75,2024-01-17 06:10:00+00:00,2024-01-17 06:10:00+00:00,2024-01-17 06:11:00+00:00,2024-01-17 06:25:00+00:00,trajectory_1163dafd9e9d_13_47316a2592d4,-1,market,0.0,15,1,4,12,49740.0
370033,370034,370034,370034,closed,stop,18788.5,18792.5,18788.25,18792.75,18792.5,18776.5,-4.0,-4.5,-5.0,-100.0,10.0,0.5,1.0,1.0,4.75,2024-01-17 06:11:00+00:00,2024-01-17 06:11:00+00:00,2024-01-17 06:12:00+00:00,2024-01-17 06:26:00+00:00,trajectory_1163dafd9e9d_13_47316a2592d4,-1,market,0.0,15,1,4,12,49640.0
370473,370474,370474,370474,closed,stop,18785.25,18789.25,18785.0,18789.5,18789.25,18773.25,-4.0,-4.5,-5.0,-100.0,10.0,0.5,1.0,1.0,10.5,2024-01-17 13:31:00+00:00,2024-01-17 13:31:00+00:00,2024-01-17 13:32:00+00:00,2024-01-17 13:46:00+00:00,trajectory_1163dafd9e9d_13_47316a2592d4,-1,market,0.0,15,1,4,12,49540.0
370534,370535,370535,370535,closed,target,18736.25,18724.25,18736.0,18724.5,18740.25,18724.25,12.0,11.5,11.0,220.0,10.0,0.5,1.0,1.0,2.5,2024-01-17 14:32:00+00:00,2024-01-17 14:32:00+00:00,2024-01-17 14:33:00+00:00,2024-01-17 14:47:00+00:00,trajectory_1163dafd9e9d_13_47316a2592d4,-1,market,0.0,15,1,4,12,49760.0
370535,370536,370536,370536,closed,stop,18714.25,18718.25,18714.0,18718.5,18718.25,18702.25,-4.0,-4.5,-5.0,-100.0,10.0,0.5,1.0,1.0,10.75,2024-01-17 14:33:00+00:00,2024-01-17 14:33:00+00:00,2024-01-17 14:34:00+00:00,2024-01-17 14:48:00+00:00,trajectory_1163dafd9e9d_13_47316a2592d4,-1,market,0.0,15,1,4,12,49660.0
371120,371121,371135,371135,closed,timeout,18796.0,18787.25,18795.75,18787.5,18800.0,18784.0,8.75,8.25,7.75,155.0,10.0,0.5,15.0,15.0,2.5,2024-01-18 01:33:00+00:00,2024-01-18 01:33:00+00:00,2024-01-18 01:48:00+00:00,2024-01-18 01:48:00+00:00,trajectory_1163dafd9e9d_13_47316a2592d4,-1,market,0.0,15,1,4,12,49815.0
371312,371313,371314,371314,closed,stop,18782.5,18786.5,18782.25,18786.75,18786.5,18770.5,-4.0,-4.5,-5.0,-100.0,10.0,0.5,2.0,2.0,4.5,2024-01-18 04:45:00+00:00,2024-01-18 04:45:00+00:00,2024-01-18 04:47:00+00:00,2024-01-18 05:00:00+00:00,trajectory_1163dafd9e9d_13_47316a2592d4,-1,market,0.0,15,1,4,12,49715.0
371838,371839,371839,371839,closed,stop,18941.75,18945.75,18941.5,18946.0,18945.75,18929.75,-4.0,-4.5,-5.0,-100.0,10.0,0.5,1.0,1.0,11.0,2024-01-18 13:31:00+00:00,2024-01-18 13:31:00+00:00,2024-01-18 13:32:00+00:00,2024-01-18 13:46:00+00:00,trajectory_1163dafd9e9d_13_47316a2592d4,-1,market,0.0,15,1,4,12,49615.0
372730,372731,372745,372745,closed,timeout,19099.25,19096.0,19099.0,19096.25,19103.25,19087.25,3.25,2.75,2.25,45.0,10.0,0.5,15.0,15.0,1.75,2024-01-19 05:38:00+00:00,2024-01-19 05:38:00+00:00,2024-01-19 05:53:00+00:00,2024-01-19 05:53:00+00:00,trajectory_1163dafd9e9d_13_47316a2592d4,-1,market,0.0,15,1,4,12,49660.0
372782,372783,372785,372785,closed,stop,19096.0,19100.0,19095.75,19100.25,19100.0,19084.0,-4.0,-4.5,-5.0,-100.0,10.0,0.5,3.0,3.0,5.75,2024-01-19 06:30:00+00:00,2024-01-19 06:30:00+00:00,2024-01-19 06:33:00+00:00,2024-01-19 06:45:00+00:00,trajectory_1163dafd9e9d_13_47316a2592d4,-1,market,0.0,15,1,4,12,49560.0
373262,373263,373263,373263,closed,stop,19132.0,19136.0,19131.75,19136.25,19136.0,19120.0,-4.0,-4.5,-5.0,-100.0,10.0,0.5,1.0,1.0,10.25,2024-01-19 14:30:00+00:00,2024-01-19 14:30:00+00:00,2024-01-19 14:31:00+00:00,2024-01-19 14:45:00+00:00,trajectory_1163dafd9e9d_13_47316a2592d4,-1,market,0.0,15,1,4,12,49460.0
374214,374215,374218,374218,closed,stop,19478.75,19482.75,19478.5,19483.0,19482.75,19466.75,-4.0,-4.5,-5.0,-100.0,10.0,0.5,4.0,4.0,6.0,2024-01-22 07:37:00+00:00,2024-01-22 07:37:00+00:00,2024-01-22 07:41:00+00:00,2024-01-22 07:52:00+00:00,trajectory_1163dafd9e9d_13_47316a2592d4,-1,market,0.0,15,1,4,12,49360.0
374570,374571,374579,374579,closed,target,19480.0,19468.0,19479.75,19468.25,19484.0,19468.0,12.0,11.5,11.0,220.0,10.0,0.5,9.0,9.0,3.5,2024-01-22 13:33:00+00:00,2024-01-22 13:33:00+00:00,2024-01-22 13:42:00+00:00,2024-01-22 13:48:00+00:00,trajectory_1163dafd9e9d_13_47316a2592d4,-1,market,0.0,15,1,4,12,49580.0
375343,375344,375358,375358,closed,timeout,19416.75,19410.0,19416.5,19410.25,19420.75,19404.75,6.75,6.25,5.75,115.0,10.0,0.5,15.0,15.0,2.0,2024-01-23 03:41:00+00:00,2024-01-23 03:41:00+00:00,2024-01-23 03:56:00+00:00,2024-01-23 03:56:00+00:00,trajectory_1163dafd9e9d_13_47316a2592d4,-1,market,0.0,15,1,4,12,49695.0
375577,375578,375582,375582,closed,stop,19416.25,19420.25,19416.0,19420.5,19420.25,19404.25,-4.0,-4.5,-5.0,-100.0,10.0,0.5,5.0,5.0,7.0,2024-01-23 07:35:00+00:00,2024-01-23 07:35:00+00:00,2024-01-23 07:40:00+00:00,2024-01-23 07:50:00+00:00,trajectory_1163dafd9e9d_13_47316a2592d4,-1,market,0.0,15,1,4,12,49595.0
375643,375644,375645,375645,closed,stop,19367.5,19371.5,19367.25,19371.75,19371.5,19355.5,-4.0,-4.5,-5.0,-100.0,10.0,0.5,2.0,2.0,10.25,2024-01-23 08:41:00+00:00,2024-01-23 08:41:00+00:00,2024-01-23 08:43:00+00:00,2024-01-23 08:56:00+00:00,trajectory_1163dafd9e9d_13_47316a2592d4,-1,market,0.0,15,1,4,12,49495.0
375994,375995,375995,375995,closed,target,19396.25,19384.25,19396.0,19384.5,19400.25,19384.25,12.0,11.5,11.0,220.0,10.0,0.5,1.0,1.0,1.25,2024-01-23 14:32:00+00:00,2024-01-23 14:32:00+00:00,2024-01-23 14:33:00+00:00,2024-01-23 14:47:00+00:00,trajectory_1163dafd9e9d_13_47316a2592d4,-1,market,0.0,15,1,4,12,49715.0
375995,375996,375996,375996,closed,stop,19371.25,19375.25,19371.0,19375.5,19375.25,19359.25,-4.0,-4.5,-5.0,-100.0,10.0,0.5,1.0,1.0,14.5,2024-01-23 14:33:00+00:00,2024-01-23 14:33:00+00:00,2024-01-23 14:34:00+00:00,2024-01-23 14:48:00+00:00,trajectory_1163dafd9e9d_13_47316a2592d4,-1,market,0.0,15,1,4,12,49615.0
377323,377324,377324,377324,closed,stop,19597.75,19601.75,19597.5,19602.0,19601.75,19585.75,-4.0,-4.5,-5.0,-100.0,10.0,0.5,1.0,1.0,4.25,2024-01-24 13:56:00+00:00,2024-01-24 13:56:00+00:00,2024-01-24 13:57:00+00:00,2024-01-24 14:11:00+00:00,trajectory_1163dafd9e9d_13_47316a2592d4,-1,market,0.0,15,1,4,12,49515.0
377359,377360,377360,377360,closed,stop,19606.25,19610.25,19606.0,19610.5,19610.25,19594.25,-4.0,-4.5,-5.0,-100.0,10.0,0.5,1.0,1.0,9.0,2024-01-24 14:32:00+00:00,2024-01-24 14:32:00+00:00,2024-01-24 14:33:00+00:00,2024-01-24 14:47:00+00:00,trajectory_1163dafd9e9d_13_47316a2592d4,-1,market,0.0,15,1,4,12,49415.0
377569,377570,377570,377570,closed,stop,19700.0,19704.0,19699.75,19704.25,19704.0,19688.0,-4.0,-4.5,-5.0,-100.0,10.0,0.5,1.0,1.0,5.0,2024-01-24 18:02:00+00:00,2024-01-24 18:02:00+00:00,2024-01-24 18:03:00+00:00,2024-01-24 18:17:00+00:00,trajectory_1163dafd9e9d_13_47316a2592d4,-1,market,0.0,15,1,4,12,49315.0
377607,377608,377608,377608,closed,stop,19652.25,19656.25,19652.0,19656.5,19656.25,19640.25,-4.0,-4.5,-5.0,-100.0,10.0,0.5,1.0,1.0,6.0,2024-01-24 18:40:00+00:00,2024-01-24 18:40:00+00:00,2024-01-24 18:41:00+00:00,2024-01-24 18:55:00+00:00,trajectory_1163dafd9e9d_13_47316a2592d4,-1,market,0.0,15,1,4,12,49215.0
377649,377650,377650,377650,closed,stop,19584.5,19588.5,19584.25,19588.75,19588.5,19572.5,-4.0,-4.5,-5.0,-100.0,10.0,0.5,1.0,1.0,16.75,2024-01-24 19:22:00+00:00,2024-01-24 19:22:00+00:00,2024-01-24 19:23:00+00:00,2024-01-24 19:37:00+00:00,trajectory_1163dafd9e9d_13_47316a2592d4,-1,market,0.0,15,1,4,12,49115.0
378336,378337,378338,378338,closed,target,19561.0,19549.0,19560.75,19549.25,19565.0,19549.0,12.0,11.5,11.0,220.0,10.0,0.5,2.0,2.0,0.25,2024-01-25 08:04:00+00:00,2024-01-25 08:04:00+00:00,2024-01-25 08:06:00+00:00,2024-01-25 08:19:00+00:00,trajectory_1163dafd9e9d_13_47316a2592d4,-1,market,0.0,15,1,4,12,49335.0
378338,378339,378340,378340,closed,stop,19549.0,19553.0,19548.75,19553.25,19553.0,19537.0,-4.0,-4.5,-5.0,-100.0,10.0,0.5,2.0,2.0,5.0,2024-01-25 08:06:00+00:00,2024-01-25 08:06:00+00:00,2024-01-25 08:08:00+00:00,2024-01-25 08:21:00+00:00,trajectory_1163dafd9e9d_13_47316a2592d4,-1,market,0.0,15,1,4,12,49235.0
378723,378724,378724,378724,closed,stop,19629.75,19633.75,19629.5,19634.0,19633.75,19617.75,-4.0,-4.5,-5.0,-100.0,10.0,0.5,1.0,1.0,9.0,2024-01-25 14:31:00+00:00,2024-01-25 14:31:00+00:00,2024-01-25 14:32:00+00:00,2024-01-25 14:46:00+00:00,trajectory_1163dafd9e9d_13_47316a2592d4,-1,market,0.0,15,1,4,12,49135.0
378788,378789,378789,378789,closed,stop,19629.0,19633.0,19628.75,19633.25,19633.0,19617.0,-4.0,-4.5,-5.0,-100.0,10.0,0.5,1.0,1.0,7.75,2024-01-25 15:36:00+00:00,2024-01-25 15:36:00+00:00,2024-01-25 15:37:00+00:00,2024-01-25 15:51:00+00:00,trajectory_1163dafd9e9d_13_47316a2592d4,-1,market,0.0,15,1,4,12,49035.0
379278,379279,379279,379279,closed,stop,19462.0,19466.0,19461.75,19466.25,19466.0,19450.0,-4.0,-4.5,-5.0,-100.0,10.0,0.5,1.0,1.0,4.25,2024-01-26 01:01:00+00:00,2024-01-26 01:01:00+00:00,2024-01-26 01:02:00+00:00,2024-01-26 01:16:00+00:00,trajectory_1163dafd9e9d_13_47316a2592d4,-1,market,0.0,15,1,4,12,48935.0
379279,379280,379280,379280,closed,stop,19454.5,19458.5,19454.25,19458.75,19458.5,19442.5,-4.0,-4.5,-5.0,-100.0,10.0,0.5,1.0,1.0,6.25,2024-01-26 01:02:00+00:00,2024-01-26 01:02:00+00:00,2024-01-26 01:03:00+00:00,2024-01-26 01:17:00+00:00,trajectory_1163dafd9e9d_13_47316a2592d4,-1,market,0.0,15,1,4,12,48835.0
379460,379461,379475,379475,closed,timeout,19453.5,19453.0,19453.25,19453.25,19457.5,19441.5,0.5,-0.0,-0.5,-10.0,10.0,0.5,15.0,15.0,4.0,2024-01-26 04:03:00+00:00,2024-01-26 04:03:00+00:00,2024-01-26 04:18:00+00:00,2024-01-26 04:18:00+00:00,trajectory_1163dafd9e9d_13_47316a2592d4,-1,market,0.0,15,1,4,12,48825.0
379575,379576,379586,379586,closed,target,19449.75,19437.75,19449.5,19438.0,19453.75,19437.75,12.0,11.5,11.0,220.0,10.0,0.5,11.0,11.0,1.25,2024-01-26 05:58:00+00:00,2024-01-26 05:58:00+00:00,2024-01-26 06:09:00+00:00,2024-01-26 06:13:00+00:00,trajectory_1163dafd9e9d_13_47316a2592d4,-1,market,0.0,15,1,4,12,49045.0
379869,379870,379870,379870,closed,stop,19468.5,19472.5,19468.25,19472.75,19472.5,19456.5,-4.0,-4.5,-5.0,-100.0,10.0,0.5,1.0,1.0,5.75,2024-01-26 10:52:00+00:00,2024-01-26 10:52:00+00:00,2024-01-26 10:53:00+00:00,2024-01-26 11:07:00+00:00,trajectory_1163dafd9e9d_13_47316a2592d4,-1,market,0.0,15,1,4,12,48945.0
382034,382035,382035,382035,closed,stop,19648.25,19652.25,19648.0,19652.5,19652.25,19636.25,-4.0,-4.5,-5.0,-100.0,10.0,0.5,1.0,1.0,5.5,2024-01-30 01:27:00+00:00,2024-01-30 01:27:00+00:00,2024-01-30 01:28:00+00:00,2024-01-30 01:42:00+00:00,trajectory_1163dafd9e9d_13_47316a2592d4,-1,market,0.0,15,1,4,12,48845.0
382327,382328,382342,382342,closed,timeout,19649.0,19649.25,19648.75,19649.5,19653.0,19637.0,-0.25,-0.75,-1.25,-25.0,10.0,0.5,15.0,15.0,3.75,2024-01-30 06:21:00+00:00,2024-01-30 06:21:00+00:00,2024-01-30 06:36:00+00:00,2024-01-30 06:36:00+00:00,trajectory_1163dafd9e9d_13_47316a2592d4,-1,market,0.0,15,1,4,12,48820.0
382368,382369,382377,382377,closed,target,19640.25,19628.25,19640.0,19628.5,19644.25,19628.25,12.0,11.5,11.0,220.0,10.0,0.5,9.0,9.0,0.5,2024-01-30 07:02:00+00:00,2024-01-30 07:02:00+00:00,2024-01-30 07:11:00+00:00,2024-01-30 07:17:00+00:00,trajectory_1163dafd9e9d_13_47316a2592d4,-1,market,0.0,15,1,4,12,49040.0
382847,382848,382848,382848,closed,target,19586.25,19574.25,19586.0,19574.5,19590.25,19574.25,12.0,11.5,11.0,220.0,10.0,0.5,1.0,1.0,0.25,2024-01-30 15:01:00+00:00,2024-01-30 15:01:00+00:00,2024-01-30 15:02:00+00:00,2024-01-30 15:16:00+00:00,trajectory_1163dafd9e9d_13_47316a2592d4,-1,market,0.0,15,1,4,12,49260.0
382848,382849,382849,382849,closed,stop,19563.75,19567.75,19563.5,19568.0,19567.75,19551.75,-4.0,-4.5,-5.0,-100.0,10.0,0.5,1.0,1.0,19.0,2024-01-30 15:02:00+00:00,2024-01-30 15:02:00+00:00,2024-01-30 15:03:00+00:00,2024-01-30 15:17:00+00:00,trajectory_1163dafd9e9d_13_47316a2592d4,-1,market,0.0,15,1,4,12,49160.0
382982,382983,382983,382983,closed,stop,19559.75,19563.75,19559.5,19564.0,19563.75,19547.75,-4.0,-4.5,-5.0,-100.0,10.0,0.5,1.0,1.0,6.5,2024-01-30 17:16:00+00:00,2024-01-30 17:16:00+00:00,2024-01-30 17:17:00+00:00,2024-01-30 17:31:00+00:00,trajectory_1163dafd9e9d_13_47316a2592d4,-1,market,0.0,15,1,4,12,49060.0
383706,383707,383707,383707,closed,stop,19384.5,19388.5,19384.25,19388.75,19388.5,19372.5,-4.0,-4.5,-5.0,-100.0,10.0,0.5,1.0,1.0,5.0,2024-01-31 06:35:00+00:00,2024-01-31 06:35:00+00:00,2024-01-31 06:36:00+00:00,2024-01-31 06:50:00+00:00,trajectory_1163dafd9e9d_13_47316a2592d4,-1,market,0.0,15,1,4,12,48960.0
383868,383869,383870,383870,closed,target,19333.75,19321.75,19333.5,19322.0,19337.75,19321.75,12.0,11.5,11.0,220.0,10.0,0.5,2.0,2.0,4.0,2024-01-31 09:17:00+00:00,2024-01-31 09:17:00+00:00,2024-01-31 09:19:00+00:00,2024-01-31 09:32:00+00:00,trajectory_1163dafd9e9d_13_47316a2592d4,-1,market,0.0,15,1,4,12,49180.0
383973,383974,383977,383977,closed,stop,19283.0,19287.0,19282.75,19287.25,19287.0,19271.0,-4.0,-4.5,-5.0,-100.0,10.0,0.5,4.0,4.0,7.5,2024-01-31 11:02:00+00:00,2024-01-31 11:02:00+00:00,2024-01-31 11:06:00+00:00,2024-01-31 11:17:00+00:00,trajectory_1163dafd9e9d_13_47316a2592d4,-1,market,0.0,15,1,4,12,49080.0
384452,384453,384453,384453,closed,stop,19286.0,19290.0,19285.75,19290.25,19290.0,19274.0,-4.0,-4.5,-5.0,-100.0,10.0,0.5,1.0,1.0,5.5,2024-01-31 19:01:00+00:00,2024-01-31 19:01:00+00:00,2024-01-31 19:02:00+00:00,2024-01-31 19:16:00+00:00,trajectory_1163dafd9e9d_13_47316a2592d4,-1,market,0.0,15,1,4,12,48980.0
384892,384893,384894,384894,closed,target,19243.5,19231.5,19243.25,19231.75,19247.5,19231.5,12.0,11.5,11.0,220.0,10.0,0.5,2.0,2.0,0.25,2024-02-01 03:36:00+00:00,2024-02-01 03:36:00+00:00,2024-02-01 03:38:00+00:00,2024-02-01 03:51:00+00:00,trajectory_1163dafd9e9d_13_47316a2592d4,-1,market,0.0,15,1,4,12,49200.0
385092,385093,385093,385093,closed,stop,19212.75,19216.75,19212.5,19217.0,19216.75,19200.75,-4.0,-4.5,-5.0,-100.0,10.0,0.5,1.0,1.0,7.25,2024-02-01 06:56:00+00:00,2024-02-01 06:56:00+00:00,2024-02-01 06:57:00+00:00,2024-02-01 07:11:00+00:00,trajectory_1163dafd9e9d_13_47316a2592d4,-1,market,0.0,15,1,4,12,49100.0
385473,385474,385475,385475,closed,stop,19245.75,19249.75,19245.5,19250.0,19249.75,19233.75,-4.0,-4.5,-5.0,-100.0,10.0,0.5,2.0,2.0,8.5,2024-02-01 13:17:00+00:00,2024-02-01 13:17:00+00:00,2024-02-01 13:19:00+00:00,2024-02-01 13:32:00+00:00,trajectory_1163dafd9e9d_13_47316a2592d4,-1,market,0.0,15,1,4,12,49000.0
385794,385795,385795,385795,closed,target,19295.25,19283.25,19295.0,19283.5,19299.25,19283.25,12.0,11.5,11.0,220.0,10.0,0.5,1.0,1.0,3.0,2024-02-01 18:38:00+00:00,2024-02-01 18:38:00+00:00,2024-02-01 18:39:00+00:00,2024-02-01 18:53:00+00:00,trajectory_1163dafd9e9d_13_47316a2592d4,-1,market,0.0,15,1,4,12,49220.0
386402,386403,386417,386417,closed,timeout,19547.0,19540.5,19546.75,19540.75,19551.0,19535.0,6.5,6.0,5.5,110.0,10.0,0.5,15.0,15.0,4.0,2024-02-02 06:01:00+00:00,2024-02-02 06:01:00+00:00,2024-02-02 06:16:00+00:00,2024-02-02 06:16:00+00:00,trajectory_1163dafd9e9d_13_47316a2592d4,-1,market,0.0,15,1,4,12,49330.0
386417,386418,386419,386419,closed,stop,19540.0,19544.0,19539.75,19544.25,19544.0,19528.0,-4.0,-4.5,-5.0,-100.0,10.0,0.5,2.0,2.0,5.5,2024-02-02 06:16:00+00:00,2024-02-02 06:16:00+00:00,2024-02-02 06:18:00+00:00,2024-02-02 06:31:00+00:00,trajectory_1163dafd9e9d_13_47316a2592d4,-1,market,0.0,15,1,4,12,49230.0
386463,386464,386465,386465,closed,stop,19537.5,19541.5,19537.25,19541.75,19541.5,19525.5,-4.0,-4.5,-5.0,-100.0,10.0,0.5,2.0,2.0,5.75,2024-02-02 07:02:00+00:00,2024-02-02 07:02:00+00:00,2024-02-02 07:04:00+00:00,2024-02-02 07:17:00+00:00,trajectory_1163dafd9e9d_13_47316a2592d4,-1,market,0.0,15,1,4,12,49130.0
386767,386768,386773,386773,closed,stop,19547.75,19551.75,19547.5,19552.0,19551.75,19535.75,-4.0,-4.5,-5.0,-100.0,10.0,0.5,6.0,6.0,4.75,2024-02-02 12:06:00+00:00,2024-02-02 12:06:00+00:00,2024-02-02 12:12:00+00:00,2024-02-02 12:21:00+00:00,trajectory_1163dafd9e9d_13_47316a2592d4,-1,market,0.0,15,1,4,12,49030.0
386852,386853,386853,386853,closed,stop,19468.25,19472.25,19468.0,19472.5,19472.25,19456.25,-4.0,-4.5,-5.0,-100.0,10.0,0.5,1.0,1.0,17.75,2024-02-02 13:31:00+00:00,2024-02-02 13:31:00+00:00,2024-02-02 13:32:00+00:00,2024-02-02 13:46:00+00:00,trajectory_1163dafd9e9d_13_47316a2592d4,-1,market,0.0,15,1,4,12,48930.0
386878,386879,386881,386881,closed,stop,19434.0,19438.0,19433.75,19438.25,19438.0,19422.0,-4.0,-4.5,-5.0,-100.0,10.0,0.5,3.0,3.0,5.5,2024-02-02 13:57:00+00:00,2024-02-02 13:57:00+00:00,2024-02-02 14:00:00+00:00,2024-02-02 14:12:00+00:00,trajectory_1163dafd9e9d_13_47316a2592d4,-1,market,0.0,15,1,4,12,48830.0
387105,387106,387106,387106,closed,target,19661.75,19649.75,19661.5,19650.0,19665.75,19649.75,12.0,11.5,11.0,220.0,10.0,0.5,1.0,1.0,1.75,2024-02-02 17:44:00+00:00,2024-02-02 17:44:00+00:00,2024-02-02 17:45:00+00:00,2024-02-02 17:59:00+00:00,trajectory_1163dafd9e9d_13_47316a2592d4,-1,market,0.0,15,1,4,12,49050.0
387106,387107,387108,387108,closed,target,19624.25,19612.25,19624.0,19612.5,19628.25,19612.25,12.0,11.5,11.0,220.0,10.0,0.5,2.0,2.0,4.0,2024-02-02 17:45:00+00:00,2024-02-02 17:45:00+00:00,2024-02-02 17:47:00+00:00,2024-02-02 18:00:00+00:00,trajectory_1163dafd9e9d_13_47316a2592d4,-1,market,0.0,15,1,4,12,49270.0
387265,387266,387266,387266,closed,stop,19680.5,19684.5,19680.25,19684.75,19684.5,19668.5,-4.0,-4.5,-5.0,-100.0,10.0,0.5,1.0,1.0,6.25,2024-02-02 20:24:00+00:00,2024-02-02 20:24:00+00:00,2024-02-02 20:25:00+00:00,2024-02-02 20:39:00+00:00,trajectory_1163dafd9e9d_13_47316a2592d4,-1,market,0.0,15,1,4,12,49170.0
387407,387408,387408,387408,closed,target,19640.75,19628.75,19640.5,19629.0,19644.75,19628.75,12.0,11.5,11.0,220.0,10.0,0.5,1.0,1.0,0.5,2024-02-05 00:01:00+00:00,2024-02-05 00:01:00+00:00,2024-02-05 00:02:00+00:00,2024-02-05 00:16:00+00:00,trajectory_1163dafd9e9d_13_47316a2592d4,-1,market,0.0,15,1,4,12,49390.0
387408,387409,387409,387409,closed,stop,19633.25,19637.25,19633.0,19637.5,19637.25,19621.25,-4.0,-4.5,-5.0,-100.0,10.0,0.5,1.0,1.0,15.0,2024-02-05 00:02:00+00:00,2024-02-05 00:02:00+00:00,2024-02-05 00:03:00+00:00,2024-02-05 00:17:00+00:00,trajectory_1163dafd9e9d_13_47316a2592d4,-1,market,0.0,15,1,4,12,49290.0
387452,387453,387453,387453,closed,stop,19613.0,19617.0,19612.75,19617.25,19617.0,19601.0,-4.0,-4.5,-5.0,-100.0,10.0,0.5,1.0,1.0,6.5,2024-02-05 00:46:00+00:00,2024-02-05 00:46:00+00:00,2024-02-05 00:47:00+00:00,2024-02-05 01:01:00+00:00,trajectory_1163dafd9e9d_13_47316a2592d4,-1,market,0.0,15,1,4,12,49190.0
387712,387713,387714,387714,closed,stop,19621.25,19625.25,19621.0,19625.5,19625.25,19609.25,-4.0,-4.5,-5.0,-100.0,10.0,0.5,2.0,2.0,4.25,2024-02-05 05:06:00+00:00,2024-02-05 05:06:00+00:00,2024-02-05 05:08:00+00:00,2024-02-05 05:21:00+00:00,trajectory_1163dafd9e9d_13_47316a2592d4,-1,market,0.0,15,1,4,12,49090.0
387966,387967,387975,387975,closed,target,19645.75,19633.75,19645.5,19634.0,19649.75,19633.75,12.0,11.5,11.0,220.0,10.0,0.5,9.0,9.0,1.25,2024-02-05 09:20:00+00:00,2024-02-05 09:20:00+00:00,2024-02-05 09:29:00+00:00,2024-02-05 09:35:00+00:00,trajectory_1163dafd9e9d_13_47316a2592d4,-1,market,0.0,15,1,4,12,49310.0
388096,388097,388097,388097,closed,stop,19654.25,19658.25,19654.0,19658.5,19658.25,19642.25,-4.0,-4.5,-5.0,-100.0,10.0,0.5,1.0,1.0,6.0,2024-02-05 11:30:00+00:00,2024-02-05 11:30:00+00:00,2024-02-05 11:31:00+00:00,2024-02-05 11:45:00+00:00,trajectory_1163dafd9e9d_13_47316a2592d4,-1,market,0.0,15,1,4,12,49210.0
388614,388615,388615,388615,closed,stop,19643.5,19647.5,19643.25,19647.75,19647.5,19631.5,-4.0,-4.5,-5.0,-100.0,10.0,0.5,1.0,1.0,5.75,2024-02-05 20:08:00+00:00,2024-02-05 20:08:00+00:00,2024-02-05 20:09:00+00:00,2024-02-05 20:23:00+00:00,trajectory_1163dafd9e9d_13_47316a2592d4,-1,market,0.0,15,1,4,12,49110.0
389445,389446,389446,389446,closed,stop,19668.75,19672.75,19668.5,19673.0,19672.75,19656.75,-4.0,-4.5,-5.0,-100.0,10.0,0.5,1.0,1.0,4.25,2024-02-06 11:14:00+00:00,2024-02-06 11:14:00+00:00,2024-02-06 11:15:00+00:00,2024-02-06 11:29:00+00:00,trajectory_1163dafd9e9d_13_47316a2592d4,-1,market,0.0,15,1,4,12,49010.0
389466,389467,389468,389468,closed,target,19645.5,19633.5,19645.25,19633.75,19649.5,19633.5,12.0,11.5,11.0,220.0,10.0,0.5,2.0,2.0,2.25,2024-02-06 11:35:00+00:00,2024-02-06 11:35:00+00:00,2024-02-06 11:37:00+00:00,2024-02-06 11:50:00+00:00,trajectory_1163dafd9e9d_13_47316a2592d4,-1,market,0.0,15,1,4,12,49230.0
389920,389921,389921,389921,closed,stop,19528.0,19532.0,19527.75,19532.25,19532.0,19516.0,-4.0,-4.5,-5.0,-100.0,10.0,0.5,1.0,1.0,5.25,2024-02-06 19:09:00+00:00,2024-02-06 19:09:00+00:00,2024-02-06 19:10:00+00:00,2024-02-06 19:24:00+00:00,trajectory_1163dafd9e9d_13_47316a2592d4,-1,market,0.0,15,1,4,12,49130.0
390250,390251,390265,390265,closed,timeout,19635.0,19630.5,19634.75,19630.75,19639.0,19623.0,4.5,4.0,3.5,70.0,10.0,0.5,15.0,15.0,0.25,2024-02-07 01:54:00+00:00,2024-02-07 01:54:00+00:00,2024-02-07 02:09:00+00:00,2024-02-07 02:09:00+00:00,trajectory_1163dafd9e9d_13_47316a2592d4,-1,market,0.0,15,1,4,12,49200.0
390469,390470,390483,390483,closed,stop,19598.25,19602.25,19598.0,19602.5,19602.25,19586.25,-4.0,-4.5,-5.0,-100.0,10.0,0.5,14.0,14.0,4.75,2024-02-07 05:33:00+00:00,2024-02-07 05:33:00+00:00,2024-02-07 05:47:00+00:00,2024-02-07 05:48:00+00:00,trajectory_1163dafd9e9d_13_47316a2592d4,-1,market,0.0,15,1,4,12,49100.0
390525,390526,390527,390527,closed,target,19588.0,19576.0,19587.75,19576.25,19592.0,19576.0,12.0,11.5,11.0,220.0,10.0,0.5,2.0,2.0,0.75,2024-02-07 06:29:00+00:00,2024-02-07 06:29:00+00:00,2024-02-07 06:31:00+00:00,2024-02-07 06:44:00+00:00,trajectory_1163dafd9e9d_13_47316a2592d4,-1,market,0.0,15,1,4,12,49320.0
390527,390528,390529,390529,closed,stop,19574.25,19578.25,19574.0,19578.5,19578.25,19562.25,-4.0,-4.5,-5.0,-100.0,10.0,0.5,2.0,2.0,6.0,2024-02-07 06:31:00+00:00,2024-02-07 06:31:00+00:00,2024-02-07 06:33:00+00:00,2024-02-07 06:46:00+00:00,trajectory_1163dafd9e9d_13_47316a2592d4,-1,market,0.0,15,1,4,12,49220.0
392186,392187,392191,392191,closed,target,19757.75,19745.75,19757.5,19746.0,19761.75,19745.75,12.0,11.5,11.0,220.0,10.0,0.5,5.0,5.0,1.5,2024-02-08 11:25:00+00:00,2024-02-08 11:25:00+00:00,2024-02-08 11:30:00+00:00,2024-02-08 11:40:00+00:00,trajectory_1163dafd9e9d_13_47316a2592d4,-1,market,0.0,15,1,4,12,49440.0
392568,392569,392569,392569,closed,stop,19797.75,19801.75,19797.5,19802.0,19801.75,19785.75,-4.0,-4.5,-5.0,-100.0,10.0,0.5,1.0,1.0,5.75,2024-02-08 17:47:00+00:00,2024-02-08 17:47:00+00:00,2024-02-08 17:48:00+00:00,2024-02-08 18:02:00+00:00,trajectory_1163dafd9e9d_13_47316a2592d4,-1,market,0.0,15,1,4,12,49340.0
393420,393421,393421,393421,closed,stop,19830.5,19834.5,19830.25,19834.75,19834.5,19818.5,-4.0,-4.5,-5.0,-100.0,10.0,0.5,1.0,1.0,4.5,2024-02-09 09:15:00+00:00,2024-02-09 09:15:00+00:00,2024-02-09 09:16:00+00:00,2024-02-09 09:30:00+00:00,trajectory_1163dafd9e9d_13_47316a2592d4,-1,market,0.0,15,1,4,12,49240.0
393526,393527,393527,393527,closed,stop,19846.0,19850.0,19845.75,19850.25,19850.0,19834.0,-4.0,-4.5,-5.0,-100.0,10.0,0.5,1.0,1.0,4.75,2024-02-09 11:01:00+00:00,2024-02-09 11:01:00+00:00,2024-02-09 11:02:00+00:00,2024-02-09 11:16:00+00:00,trajectory_1163dafd9e9d_13_47316a2592d4,-1,market,0.0,15,1,4,12,49140.0
393736,393737,393737,393737,closed,stop,19835.75,19839.75,19835.5,19840.0,19839.75,19823.75,-4.0,-4.5,-5.0,-100.0,10.0,0.5,1.0,1.0,13.5,2024-02-09 14:31:00+00:00,2024-02-09 14:31:00+00:00,2024-02-09 14:32:00+00:00,2024-02-09 14:46:00+00:00,trajectory_1163dafd9e9d_13_47316a2592d4,-1,market,0.0,15,1,4,12,49040.0
394067,394068,394081,394081,closed,stop,19983.75,19987.75,19983.5,19988.0,19987.75,19971.75,-4.0,-4.5,-5.0,-100.0,10.0,0.5,14.0,14.0,7.5,2024-02-09 20:02:00+00:00,2024-02-09 20:02:00+00:00,2024-02-09 20:16:00+00:00,2024-02-09 20:17:00+00:00,trajectory_1163dafd9e9d_13_47316a2592d4,-1,market,0.0,15,1,4,12,48940.0
394947,394948,394949,394949,closed,stop,19979.5,19983.5,19979.25,19983.75,19983.5,19967.5,-4.0,-4.5,-5.0,-100.0,10.0,0.5,2.0,2.0,5.5,2024-02-12 12:04:00+00:00,2024-02-12 12:04:00+00:00,2024-02-12 12:06:00+00:00,2024-02-12 12:19:00+00:00,trajectory_1163dafd9e9d_13_47316a2592d4,-1,market,0.0,15,1,4,12,48840.0
395095,395096,395096,395096,closed,stop,19954.75,19958.75,19954.5,19959.0,19958.75,19942.75,-4.0,-4.5,-5.0,-100.0,10.0,0.5,1.0,1.0,14.25,2024-02-12 14:32:00+00:00,2024-02-12 14:32:00+00:00,2024-02-12 14:33:00+00:00,2024-02-12 14:47:00+00:00,trajectory_1163dafd9e9d_13_47316a2592d4,-1,market,0.0,15,1,4,12,48740.0
395267,395268,395268,395268,closed,stop,20013.0,20017.0,20012.75,20017.25,20017.0,20001.0,-4.0,-4.5,-5.0,-100.0,10.0,0.5,1.0,1.0,5.75,2024-02-12 17:24:00+00:00,2024-02-12 17:24:00+00:00,2024-02-12 17:25:00+00:00,2024-02-12 17:39:00+00:00,trajectory_1163dafd9e9d_13_47316a2592d4,-1,market,0.0,15,1,4,12,48640.0
395327,395328,395328,395328,closed,stop,20014.5,20018.5,20014.25,20018.75,20018.5,20002.5,-4.0,-4.5,-5.0,-100.0,10.0,0.5,1.0,1.0,4.75,2024-02-12 18:24:00+00:00,2024-02-12 18:24:00+00:00,2024-02-12 18:25:00+00:00,2024-02-12 18:39:00+00:00,trajectory_1163dafd9e9d_13_47316a2592d4,-1,market,0.0,15,1,4,12,48540.0
395802,395803,395810,395810,closed,stop,19866.25,19870.25,19866.0,19870.5,19870.25,19854.25,-4.0,-4.5,-5.0,-100.0,10.0,0.5,8.0,8.0,4.5,2024-02-13 03:34:00+00:00,2024-02-13 03:34:00+00:00,2024-02-13 03:42:00+00:00,2024-02-13 03:49:00+00:00,trajectory_1163dafd9e9d_13_47316a2592d4,-1,market,0.0,15,1,4,12,48440.0
395869,395870,395871,395871,closed,stop,19865.25,19869.25,19865.0,19869.5,19869.25,19853.25,-4.0,-4.5,-5.0,-100.0,10.0,0.5,2.0,2.0,4.75,2024-02-13 04:41:00+00:00,2024-02-13 04:41:00+00:00,2024-02-13 04:43:00+00:00,2024-02-13 04:56:00+00:00,trajectory_1163dafd9e9d_13_47316a2592d4,-1,market,0.0,15,1,4,12,48340.0
396114,396115,396115,396115,closed,stop,19842.25,19846.25,19842.0,19846.5,19846.25,19830.25,-4.0,-4.5,-5.0,-100.0,10.0,0.5,1.0,1.0,4.5,2024-02-13 08:46:00+00:00,2024-02-13 08:46:00+00:00,2024-02-13 08:47:00+00:00,2024-02-13 09:01:00+00:00,trajectory_1163dafd9e9d_13_47316a2592d4,-1,market,0.0,15,1,4,12,48240.0
396311,396312,396316,396316,closed,stop,19758.0,19762.0,19757.75,19762.25,19762.0,19746.0,-4.0,-4.5,-5.0,-100.0,10.0,0.5,5.0,5.0,4.5,2024-02-13 12:03:00+00:00,2024-02-13 12:03:00+00:00,2024-02-13 12:08:00+00:00,2024-02-13 12:18:00+00:00,trajectory_1163dafd9e9d_13_47316a2592d4,-1,market,0.0,15,1,4,12,48140.0
396399,396400,396400,396400,closed,stop,19672.5,19676.5,19672.25,19676.75,19676.5,19660.5,-4.0,-4.5,-5.0,-100.0,10.0,0.5,1.0,1.0,7.5,2024-02-13 13:31:00+00:00,2024-02-13 13:31:00+00:00,2024-02-13 13:32:00+00:00,2024-02-13 13:46:00+00:00,trajectory_1163dafd9e9d_13_47316a2592d4,-1,market,0.0,15,1,4,12,48040.0
396401,396402,396402,396402,closed,stop,19621.0,19625.0,19620.75,19625.25,19625.0,19609.0,-4.0,-4.5,-5.0,-100.0,10.0,0.5,1.0,1.0,21.5,2024-02-13 13:33:00+00:00,2024-02-13 13:33:00+00:00,2024-02-13 13:34:00+00:00,2024-02-13 13:48:00+00:00,trajectory_1163dafd9e9d_13_47316a2592d4,-1,market,0.0,15,1,4,12,47940.0
396978,396979,396985,396985,closed,stop,19619.0,19623.0,19618.75,19623.25,19623.0,19607.0,-4.0,-4.5,-5.0,-100.0,10.0,0.5,7.0,7.0,6.5,2024-02-14 00:25:00+00:00,2024-02-14 00:25:00+00:00,2024-02-14 00:32:00+00:00,2024-02-14 00:40:00+00:00,trajectory_1163dafd9e9d_13_47316a2592d4,-1,market,0.0,15,1,4,12,47840.0
397029,397030,397044,397044,closed,timeout,19618.25,19616.75,19618.0,19617.0,19622.25,19606.25,1.5,1.0,0.5,10.0,10.0,0.5,15.0,15.0,3.0,2024-02-14 01:16:00+00:00,2024-02-14 01:16:00+00:00,2024-02-14 01:31:00+00:00,2024-02-14 01:31:00+00:00,trajectory_1163dafd9e9d_13_47316a2592d4,-1,market,0.0,15,1,4,12,47850.0
397374,397375,397375,397375,closed,stop,19638.75,19642.75,19638.5,19643.0,19642.75,19626.75,-4.0,-4.5,-5.0,-100.0,10.0,0.5,1.0,1.0,9.0,2024-02-14 07:01:00+00:00,2024-02-14 07:01:00+00:00,2024-02-14 07:02:00+00:00,2024-02-14 07:16:00+00:00,trajectory_1163dafd9e9d_13_47316a2592d4,-1,market,0.0,15,1,4,12,47750.0
397650,397651,397654,397654,closed,stop,19704.0,19708.0,19703.75,19708.25,19708.0,19692.0,-4.0,-4.5,-5.0,-100.0,10.0,0.5,4.0,4.0,5.0,2024-02-14 11:37:00+00:00,2024-02-14 11:37:00+00:00,2024-02-14 11:41:00+00:00,2024-02-14 11:52:00+00:00,trajectory_1163dafd9e9d_13_47316a2592d4,-1,market,0.0,15,1,4,12,47650.0
397750,397751,397759,397759,closed,target,19735.5,19723.5,19735.25,19723.75,19739.5,19723.5,12.0,11.5,11.0,220.0,10.0,0.5,9.0,9.0,2.0,2024-02-14 13:17:00+00:00,2024-02-14 13:17:00+00:00,2024-02-14 13:26:00+00:00,2024-02-14 13:32:00+00:00,trajectory_1163dafd9e9d_13_47316a2592d4,-1,market,0.0,15,1,4,12,47870.0
397957,397958,397958,397958,closed,stop,19666.75,19670.75,19666.5,19671.0,19670.75,19654.75,-4.0,-4.5,-5.0,-100.0,10.0,0.5,1.0,1.0,12.25,2024-02-14 16:44:00+00:00,2024-02-14 16:44:00+00:00,2024-02-14 16:45:00+00:00,2024-02-14 16:59:00+00:00,trajectory_1163dafd9e9d_13_47316a2592d4,-1,market,0.0,15,1,4,12,47770.0
398090,398091,398091,398091,closed,stop,19715.75,19719.75,19715.5,19720.0,19719.75,19703.75,-4.0,-4.5,-5.0,-100.0,10.0,0.5,1.0,1.0,7.5,2024-02-14 18:57:00+00:00,2024-02-14 18:57:00+00:00,2024-02-14 18:58:00+00:00,2024-02-14 19:12:00+00:00,trajectory_1163dafd9e9d_13_47316a2592d4,-1,market,0.0,15,1,4,12,47670.0
398099,398100,398100,398100,closed,stop,19683.25,19687.25,19683.0,19687.5,19687.25,19671.25,-4.0,-4.5,-5.0,-100.0,10.0,0.5,1.0,1.0,9.75,2024-02-14 19:06:00+00:00,2024-02-14 19:06:00+00:00,2024-02-14 19:07:00+00:00,2024-02-14 19:21:00+00:00,trajectory_1163dafd9e9d_13_47316a2592d4,-1,market,0.0,15,1,4,12,47570.0
398387,398388,398397,398397,closed,target,19800.25,19788.25,19800.0,19788.5,19804.25,19788.25,12.0,11.5,11.0,220.0,10.0,0.5,10.0,10.0,1.75,2024-02-15 01:09:00+00:00,2024-02-15 01:09:00+00:00,2024-02-15 01:19:00+00:00,2024-02-15 01:24:00+00:00,trajectory_1163dafd9e9d_13_47316a2592d4,-1,market,0.0,15,1,4,12,47790.0
398560,398561,398575,398575,closed,timeout,19810.0,19810.75,19809.75,19811.0,19814.0,19798.0,-0.75,-1.25,-1.75,-35.0,10.0,0.5,15.0,15.0,3.0,2024-02-15 04:02:00+00:00,2024-02-15 04:02:00+00:00,2024-02-15 04:17:00+00:00,2024-02-15 04:17:00+00:00,trajectory_1163dafd9e9d_13_47316a2592d4,-1,market,0.0,15,1,4,12,47755.0
398865,398866,398867,398867,closed,stop,19842.0,19846.0,19841.75,19846.25,19846.0,19830.0,-4.0,-4.5,-5.0,-100.0,10.0,0.5,2.0,2.0,4.5,2024-02-15 09:07:00+00:00,2024-02-15 09:07:00+00:00,2024-02-15 09:09:00+00:00,2024-02-15 09:22:00+00:00,trajectory_1163dafd9e9d_13_47316a2592d4,-1,market,0.0,15,1,4,12,47655.0
399061,399062,399063,399063,closed,stop,19844.25,19848.25,19844.0,19848.5,19848.25,19832.25,-4.0,-4.5,-5.0,-100.0,10.0,0.5,2.0,2.0,5.75,2024-02-15 12:23:00+00:00,2024-02-15 12:23:00+00:00,2024-02-15 12:25:00+00:00,2024-02-15 12:38:00+00:00,trajectory_1163dafd9e9d_13_47316a2592d4,-1,market,0.0,15,1,4,12,47555.0
399688,399689,399691,399691,closed,stop,19888.75,19892.75,19888.5,19893.0,19892.75,19876.75,-4.0,-4.5,-5.0,-100.0,10.0,0.5,3.0,3.0,4.5,2024-02-16 00:05:00+00:00,2024-02-16 00:05:00+00:00,2024-02-16 00:08:00+00:00,2024-02-16 00:20:00+00:00,trajectory_1163dafd9e9d_13_47316a2592d4,-1,market,0.0,15,1,4,12,47455.0
399736,399737,399743,399743,closed,stop,19870.0,19874.0,19869.75,19874.25,19874.0,19858.0,-4.0,-4.5,-5.0,-100.0,10.0,0.5,7.0,7.0,5.0,2024-02-16 00:53:00+00:00,2024-02-16 00:53:00+00:00,2024-02-16 01:00:00+00:00,2024-02-16 01:08:00+00:00,trajectory_1163dafd9e9d_13_47316a2592d4,-1,market,0.0,15,1,4,12,47355.0
400036,400037,400047,400047,closed,stop,19875.0,19879.0,19874.75,19879.25,19879.0,19863.0,-4.0,-4.5,-5.0,-100.0,10.0,0.5,11.0,11.0,5.0,2024-02-16 05:53:00+00:00,2024-02-16 05:53:00+00:00,2024-02-16 06:04:00+00:00,2024-02-16 06:08:00+00:00,trajectory_1163dafd9e9d_13_47316a2592d4,-1,market,0.0,15,1,4,12,47255.0
400494,400495,400495,400495,closed,target,19889.0,19877.0,19888.75,19877.25,19893.0,19877.0,12.0,11.5,11.0,220.0,10.0,0.5,1.0,1.0,1.0,2024-02-16 13:31:00+00:00,2024-02-16 13:31:00+00:00,2024-02-16 13:32:00+00:00,2024-02-16 13:46:00+00:00,trajectory_1163dafd9e9d_13_47316a2592d4,-1,market,0.0,15,1,4,12,47475.0
400556,400557,400557,400557,closed,stop,19830.0,19834.0,19829.75,19834.25,19834.0,19818.0,-4.0,-4.5,-5.0,-100.0,10.0,0.5,1.0,1.0,16.5,2024-02-16 14:33:00+00:00,2024-02-16 14:33:00+00:00,2024-02-16 14:34:00+00:00,2024-02-16 14:48:00+00:00,trajectory_1163dafd9e9d_13_47316a2592d4,-1,market,0.0,15,1,4,12,47375.0
400578,400579,400579,400579,closed,stop,19717.25,19721.25,19717.0,19721.5,19721.25,19705.25,-4.0,-4.5,-5.0,-100.0,10.0,0.5,1.0,1.0,4.75,2024-02-16 14:55:00+00:00,2024-02-16 14:55:00+00:00,2024-02-16 14:56:00+00:00,2024-02-16 15:10:00+00:00,trajectory_1163dafd9e9d_13_47316a2592d4,-1,market,0.0,15,1,4,12,47275.0
400869,400870,400870,400870,closed,target,19781.25,19769.25,19781.0,19769.5,19785.25,19769.25,12.0,11.5,11.0,220.0,10.0,0.5,1.0,1.0,0.5,2024-02-16 19:46:00+00:00,2024-02-16 19:46:00+00:00,2024-02-16 19:47:00+00:00,2024-02-16 20:01:00+00:00,trajectory_1163dafd9e9d_13_47316a2592d4,-1,market,0.0,15,1,4,12,47495.0
400871,400872,400872,400872,closed,stop,19731.5,19735.5,19731.25,19735.75,19735.5,19719.5,-4.0,-4.5,-5.0,-100.0,10.0,0.5,1.0,1.0,17.5,2024-02-16 19:48:00+00:00,2024-02-16 19:48:00+00:00,2024-02-16 19:49:00+00:00,2024-02-16 20:03:00+00:00,trajectory_1163dafd9e9d_13_47316a2592d4,-1,market,0.0,15,1,4,12,47395.0
401132,401133,401141,401141,closed,target,19723.25,19711.25,19723.0,19711.5,19727.25,19711.25,12.0,11.5,11.0,220.0,10.0,0.5,9.0,9.0,1.5,2024-02-19 01:24:00+00:00,2024-02-19 01:24:00+00:00,2024-02-19 01:33:00+00:00,2024-02-19 01:39:00+00:00,trajectory_1163dafd9e9d_13_47316a2592d4,-1,market,0.0,15,1,4,12,47615.0
401141,401142,401150,401150,closed,target,19706.25,19694.25,19706.0,19694.5,19710.25,19694.25,12.0,11.5,11.0,220.0,10.0,0.5,9.0,9.0,3.0,2024-02-19 01:33:00+00:00,2024-02-19 01:33:00+00:00,2024-02-19 01:42:00+00:00,2024-02-19 01:48:00+00:00,trajectory_1163dafd9e9d_13_47316a2592d4,-1,market,0.0,15,1,4,12,47835.0
401225,401226,401231,401231,closed,stop,19709.25,19713.25,19709.0,19713.5,19713.25,19697.25,-4.0,-4.5,-5.0,-100.0,10.0,0.5,6.0,6.0,7.5,2024-02-19 02:57:00+00:00,2024-02-19 02:57:00+00:00,2024-02-19 03:03:00+00:00,2024-02-19 03:12:00+00:00,trajectory_1163dafd9e9d_13_47316a2592d4,-1,market,0.0,15,1,4,12,47735.0
401476,401477,401480,401480,closed,stop,19712.75,19716.75,19712.5,19717.0,19716.75,19700.75,-4.0,-4.5,-5.0,-100.0,10.0,0.5,4.0,4.0,5.0,2024-02-19 07:08:00+00:00,2024-02-19 07:08:00+00:00,2024-02-19 07:12:00+00:00,2024-02-19 07:23:00+00:00,trajectory_1163dafd9e9d_13_47316a2592d4,-1,market,0.0,15,1,4,12,47635.0
401553,401554,401556,401556,closed,stop,19686.25,19690.25,19686.0,19690.5,19690.25,19674.25,-4.0,-4.5,-5.0,-100.0,10.0,0.5,3.0,3.0,11.0,2024-02-19 08:25:00+00:00,2024-02-19 08:25:00+00:00,2024-02-19 08:28:00+00:00,2024-02-19 08:40:00+00:00,trajectory_1163dafd9e9d_13_47316a2592d4,-1,market,0.0,15,1,4,12,47535.0
401670,401671,401685,401685,closed,timeout,19716.0,19713.5,19715.75,19713.75,19720.0,19704.0,2.5,2.0,1.5,30.0,10.0,0.5,15.0,15.0,4.0,2024-02-19 10:22:00+00:00,2024-02-19 10:22:00+00:00,2024-02-19 10:37:00+00:00,2024-02-19 10:37:00+00:00,trajectory_1163dafd9e9d_13_47316a2592d4,-1,market,0.0,15,1,4,12,47565.0
401758,401759,401760,401760,closed,stop,19699.0,19703.0,19698.75,19703.25,19703.0,19687.0,-4.0,-4.5,-5.0,-100.0,10.0,0.5,2.0,2.0,5.75,2024-02-19 11:50:00+00:00,2024-02-19 11:50:00+00:00,2024-02-19 11:52:00+00:00,2024-02-19 12:05:00+00:00,trajectory_1163dafd9e9d_13_47316a2592d4,-1,market,0.0,15,1,4,12,47465.0
402212,402213,402217,402217,closed,stop,19666.5,19670.5,19666.25,19670.75,19670.5,19654.5,-4.0,-4.5,-5.0,-100.0,10.0,0.5,5.0,5.0,4.75,2024-02-20 00:24:00+00:00,2024-02-20 00:24:00+00:00,2024-02-20 00:29:00+00:00,2024-02-20 00:39:00+00:00,trajectory_1163dafd9e9d_13_47316a2592d4,-1,market,0.0,15,1,4,12,47365.0
402294,402295,402301,402301,closed,target,19651.75,19639.75,19651.5,19640.0,19655.75,19639.75,12.0,11.5,11.0,220.0,10.0,0.5,7.0,7.0,0.75,2024-02-20 01:46:00+00:00,2024-02-20 01:46:00+00:00,2024-02-20 01:53:00+00:00,2024-02-20 02:01:00+00:00,trajectory_1163dafd9e9d_13_47316a2592d4,-1,market,0.0,15,1,4,12,47585.0
402308,402309,402309,402309,closed,target,19623.25,19611.25,19623.0,19611.5,19627.25,19611.25,12.0,11.5,11.0,220.0,10.0,0.5,1.0,1.0,0.75,2024-02-20 02:00:00+00:00,2024-02-20 02:00:00+00:00,2024-02-20 02:01:00+00:00,2024-02-20 02:15:00+00:00,trajectory_1163dafd9e9d_13_47316a2592d4,-1,market,0.0,15,1,4,12,47805.0
402309,402310,402310,402310,closed,stop,19613.75,19617.75,19613.5,19618.0,19617.75,19601.75,-4.0,-4.5,-5.0,-100.0,10.0,0.5,1.0,1.0,6.5,2024-02-20 02:01:00+00:00,2024-02-20 02:01:00+00:00,2024-02-20 02:02:00+00:00,2024-02-20 02:16:00+00:00,trajectory_1163dafd9e9d_13_47316a2592d4,-1,market,0.0,15,1,4,12,47705.0
402599,402600,402601,402601,closed,stop,19636.25,19640.25,19636.0,19640.5,19640.25,19624.25,-4.0,-4.5,-5.0,-100.0,10.0,0.5,2.0,2.0,6.75,2024-02-20 06:51:00+00:00,2024-02-20 06:51:00+00:00,2024-02-20 06:53:00+00:00,2024-02-20 07:06:00+00:00,trajectory_1163dafd9e9d_13_47316a2592d4,-1,market,0.0,15,1,4,12,47605.0
402690,402691,402694,402694,closed,target,19590.0,19578.0,19589.75,19578.25,19594.0,19578.0,12.0,11.5,11.0,220.0,10.0,0.5,4.0,4.0,2.25,2024-02-20 08:22:00+00:00,2024-02-20 08:22:00+00:00,2024-02-20 08:26:00+00:00,2024-02-20 08:37:00+00:00,trajectory_1163dafd9e9d_13_47316a2592d4,-1,market,0.0,15,1,4,12,47825.0
402789,402790,402794,402794,closed,target,19593.25,19581.25,19593.0,19581.5,19597.25,19581.25,12.0,11.5,11.0,220.0,10.0,0.5,5.0,5.0,3.5,2024-02-20 10:01:00+00:00,2024-02-20 10:01:00+00:00,2024-02-20 10:06:00+00:00,2024-02-20 10:16:00+00:00,trajectory_1163dafd9e9d_13_47316a2592d4,-1,market,0.0,15,1,4,12,48045.0
403422,403423,403423,403423,closed,stop,19478.25,19482.25,19478.0,19482.5,19482.25,19466.25,-4.0,-4.5,-5.0,-100.0,10.0,0.5,1.0,1.0,9.25,2024-02-20 20:34:00+00:00,2024-02-20 20:34:00+00:00,2024-02-20 20:35:00+00:00,2024-02-20 20:49:00+00:00,trajectory_1163dafd9e9d_13_47316a2592d4,-1,market,0.0,15,1,4,12,47945.0
403614,403615,403617,403617,closed,stop,19492.5,19496.5,19492.25,19496.75,19496.5,19480.5,-4.0,-4.5,-5.0,-100.0,10.0,0.5,3.0,3.0,4.25,2024-02-21 01:01:00+00:00,2024-02-21 01:01:00+00:00,2024-02-21 01:04:00+00:00,2024-02-21 01:16:00+00:00,trajectory_1163dafd9e9d_13_47316a2592d4,-1,market,0.0,15,1,4,12,47845.0
403710,403711,403715,403715,closed,stop,19490.75,19494.75,19490.5,19495.0,19494.75,19478.75,-4.0,-4.5,-5.0,-100.0,10.0,0.5,5.0,5.0,8.25,2024-02-21 02:37:00+00:00,2024-02-21 02:37:00+00:00,2024-02-21 02:42:00+00:00,2024-02-21 02:52:00+00:00,trajectory_1163dafd9e9d_13_47316a2592d4,-1,market,0.0,15,1,4,12,47745.0
403875,403876,403883,403883,closed,stop,19489.75,19493.75,19489.5,19494.0,19493.75,19477.75,-4.0,-4.5,-5.0,-100.0,10.0,0.5,8.0,8.0,4.25,2024-02-21 05:22:00+00:00,2024-02-21 05:22:00+00:00,2024-02-21 05:30:00+00:00,2024-02-21 05:37:00+00:00,trajectory_1163dafd9e9d_13_47316a2592d4,-1,market,0.0,15,1,4,12,47645.0
404035,404036,404039,404039,closed,stop,19510.75,19514.75,19510.5,19515.0,19514.75,19498.75,-4.0,-4.5,-5.0,-100.0,10.0,0.5,4.0,4.0,7.5,2024-02-21 08:02:00+00:00,2024-02-21 08:02:00+00:00,2024-02-21 08:06:00+00:00,2024-02-21 08:17:00+00:00,trajectory_1163dafd9e9d_13_47316a2592d4,-1,market,0.0,15,1,4,12,47545.0
404226,404227,404230,404230,closed,stop,19464.0,19468.0,19463.75,19468.25,19468.0,19452.0,-4.0,-4.5,-5.0,-100.0,10.0,0.5,4.0,4.0,9.0,2024-02-21 11:13:00+00:00,2024-02-21 11:13:00+00:00,2024-02-21 11:17:00+00:00,2024-02-21 11:28:00+00:00,trajectory_1163dafd9e9d_13_47316a2592d4,-1,market,0.0,15,1,4,12,47445.0
404279,404280,404282,404282,closed,stop,19443.25,19447.25,19443.0,19447.5,19447.25,19431.25,-4.0,-4.5,-5.0,-100.0,10.0,0.5,3.0,3.0,9.25,2024-02-21 12:06:00+00:00,2024-02-21 12:06:00+00:00,2024-02-21 12:09:00+00:00,2024-02-21 12:21:00+00:00,trajectory_1163dafd9e9d_13_47316a2592d4,-1,market,0.0,15,1,4,12,47345.0
404579,404580,404580,404580,closed,stop,19404.0,19408.0,19403.75,19408.25,19408.0,19392.0,-4.0,-4.5,-5.0,-100.0,10.0,0.5,1.0,1.0,6.75,2024-02-21 17:06:00+00:00,2024-02-21 17:06:00+00:00,2024-02-21 17:07:00+00:00,2024-02-21 17:21:00+00:00,trajectory_1163dafd9e9d_13_47316a2592d4,-1,market,0.0,15,1,4,12,47245.0
404635,404636,404636,404636,closed,target,19395.5,19383.5,19395.25,19383.75,19399.5,19383.5,12.0,11.5,11.0,220.0,10.0,0.5,1.0,1.0,3.75,2024-02-21 18:02:00+00:00,2024-02-21 18:02:00+00:00,2024-02-21 18:03:00+00:00,2024-02-21 18:17:00+00:00,trajectory_1163dafd9e9d_13_47316a2592d4,-1,market,0.0,15,1,4,12,47465.0
404636,404637,404637,404637,closed,stop,19372.75,19376.75,19372.5,19377.0,19376.75,19360.75,-4.0,-4.5,-5.0,-100.0,10.0,0.5,1.0,1.0,19.25,2024-02-21 18:03:00+00:00,2024-02-21 18:03:00+00:00,2024-02-21 18:04:00+00:00,2024-02-21 18:18:00+00:00,trajectory_1163dafd9e9d_13_47316a2592d4,-1,market,0.0,15,1,4,12,47365.0
405461,405462,405462,405462,closed,target,19818.5,19806.5,19818.25,19806.75,19822.5,19806.5,12.0,11.5,11.0,220.0,10.0,0.5,1.0,1.0,1.75,2024-02-22 09:03:00+00:00,2024-02-22 09:03:00+00:00,2024-02-22 09:04:00+00:00,2024-02-22 09:18:00+00:00,trajectory_1163dafd9e9d_13_47316a2592d4,-1,market,0.0,15,1,4,12,47585.0
405462,405463,405463,405463,closed,stop,19811.0,19815.0,19810.75,19815.25,19815.0,19799.0,-4.0,-4.5,-5.0,-100.0,10.0,0.5,1.0,1.0,9.25,2024-02-22 09:04:00+00:00,2024-02-22 09:04:00+00:00,2024-02-22 09:05:00+00:00,2024-02-22 09:19:00+00:00,trajectory_1163dafd9e9d_13_47316a2592d4,-1,market,0.0,15,1,4,12,47485.0
405864,405865,405865,405865,closed,stop,19852.5,19856.5,19852.25,19856.75,19856.5,19840.5,-4.0,-4.5,-5.0,-100.0,10.0,0.5,1.0,1.0,8.0,2024-02-22 15:46:00+00:00,2024-02-22 15:46:00+00:00,2024-02-22 15:47:00+00:00,2024-02-22 16:01:00+00:00,trajectory_1163dafd9e9d_13_47316a2592d4,-1,market,0.0,15,1,4,12,47385.0
406115,406116,406116,406116,closed,stop,19982.75,19986.75,19982.5,19987.0,19986.75,19970.75,-4.0,-4.5,-5.0,-100.0,10.0,0.5,1.0,1.0,6.0,2024-02-22 19:57:00+00:00,2024-02-22 19:57:00+00:00,2024-02-22 19:58:00+00:00,2024-02-22 20:12:00+00:00,trajectory_1163dafd9e9d_13_47316a2592d4,-1,market,0.0,15,1,4,12,47285.0
406286,406287,406301,406301,closed,timeout,19975.5,19970.5,19975.25,19970.75,19979.5,19963.5,5.0,4.5,4.0,80.0,10.0,0.5,15.0,15.0,2.0,2024-02-23 00:03:00+00:00,2024-02-23 00:03:00+00:00,2024-02-23 00:18:00+00:00,2024-02-23 00:18:00+00:00,trajectory_1163dafd9e9d_13_47316a2592d4,-1,market,0.0,15,1,4,12,47365.0
406319,406320,406320,406320,closed,stop,19961.0,19965.0,19960.75,19965.25,19965.0,19949.0,-4.0,-4.5,-5.0,-100.0,10.0,0.5,1.0,1.0,9.0,2024-02-23 00:36:00+00:00,2024-02-23 00:36:00+00:00,2024-02-23 00:37:00+00:00,2024-02-23 00:51:00+00:00,trajectory_1163dafd9e9d_13_47316a2592d4,-1,market,0.0,15,1,4,12,47265.0
406706,406707,406707,406707,closed,stop,19971.25,19975.25,19971.0,19975.5,19975.25,19959.25,-4.0,-4.5,-5.0,-100.0,10.0,0.5,1.0,1.0,6.5,2024-02-23 07:03:00+00:00,2024-02-23 07:03:00+00:00,2024-02-23 07:04:00+00:00,2024-02-23 07:18:00+00:00,trajectory_1163dafd9e9d_13_47316a2592d4,-1,market,0.0,15,1,4,12,47165.0
406764,406765,406765,406765,closed,stop,19977.75,19981.75,19977.5,19982.0,19981.75,19965.75,-4.0,-4.5,-5.0,-100.0,10.0,0.5,1.0,1.0,5.0,2024-02-23 08:01:00+00:00,2024-02-23 08:01:00+00:00,2024-02-23 08:02:00+00:00,2024-02-23 08:16:00+00:00,trajectory_1163dafd9e9d_13_47316a2592d4,-1,market,0.0,15,1,4,12,47065.0
406850,406851,406856,406856,closed,stop,19945.0,19949.0,19944.75,19949.25,19949.0,19933.0,-4.0,-4.5,-5.0,-100.0,10.0,0.5,6.0,6.0,4.75,2024-02-23 09:27:00+00:00,2024-02-23 09:27:00+00:00,2024-02-23 09:33:00+00:00,2024-02-23 09:42:00+00:00,trajectory_1163dafd9e9d_13_47316a2592d4,-1,market,0.0,15,1,4,12,46965.0
407248,407249,407249,407249,closed,stop,19905.75,19909.75,19905.5,19910.0,19909.75,19893.75,-4.0,-4.5,-5.0,-100.0,10.0,0.5,1.0,1.0,7.25,2024-02-23 16:05:00+00:00,2024-02-23 16:05:00+00:00,2024-02-23 16:06:00+00:00,2024-02-23 16:20:00+00:00,trajectory_1163dafd9e9d_13_47316a2592d4,-1,market,0.0,15,1,4,12,46865.0
407650,407651,407651,407651,closed,target,19917.5,19905.5,19917.25,19905.75,19921.5,19905.5,12.0,11.5,11.0,220.0,10.0,0.5,1.0,1.0,0.25,2024-02-26 00:02:00+00:00,2024-02-26 00:02:00+00:00,2024-02-26 00:03:00+00:00,2024-02-26 00:17:00+00:00,trajectory_1163dafd9e9d_13_47316a2592d4,-1,market,0.0,15,1,4,12,47085.0
407651,407652,407652,407652,closed,stop,19901.0,19905.0,19900.75,19905.25,19905.0,19889.0,-4.0,-4.5,-5.0,-100.0,10.0,0.5,1.0,1.0,5.25,2024-02-26 00:03:00+00:00,2024-02-26 00:03:00+00:00,2024-02-26 00:04:00+00:00,2024-02-26 00:18:00+00:00,trajectory_1163dafd9e9d_13_47316a2592d4,-1,market,0.0,15,1,4,12,46985.0
407691,407692,407692,407692,closed,stop,19892.25,19896.25,19892.0,19896.5,19896.25,19880.25,-4.0,-4.5,-5.0,-100.0,10.0,0.5,1.0,1.0,4.75,2024-02-26 00:43:00+00:00,2024-02-26 00:43:00+00:00,2024-02-26 00:44:00+00:00,2024-02-26 00:58:00+00:00,trajectory_1163dafd9e9d_13_47316a2592d4,-1,market,0.0,15,1,4,12,46885.0
407696,407697,407697,407697,closed,stop,19881.0,19885.0,19880.75,19885.25,19885.0,19869.0,-4.0,-4.5,-5.0,-100.0,10.0,0.5,1.0,1.0,4.5,2024-02-26 00:48:00+00:00,2024-02-26 00:48:00+00:00,2024-02-26 00:49:00+00:00,2024-02-26 01:03:00+00:00,trajectory_1163dafd9e9d_13_47316a2592d4,-1,market,0.0,15,1,4,12,46785.0
407915,407916,407920,407920,closed,stop,19882.25,19886.25,19882.0,19886.5,19886.25,19870.25,-4.0,-4.5,-5.0,-100.0,10.0,0.5,5.0,5.0,4.5,2024-02-26 04:27:00+00:00,2024-02-26 04:27:00+00:00,2024-02-26 04:32:00+00:00,2024-02-26 04:42:00+00:00,trajectory_1163dafd9e9d_13_47316a2592d4,-1,market,0.0,15,1,4,12,46685.0
408043,408044,408045,408045,closed,stop,19883.75,19887.75,19883.5,19888.0,19887.75,19871.75,-4.0,-4.5,-5.0,-100.0,10.0,0.5,2.0,2.0,5.25,2024-02-26 06:35:00+00:00,2024-02-26 06:35:00+00:00,2024-02-26 06:37:00+00:00,2024-02-26 06:50:00+00:00,trajectory_1163dafd9e9d_13_47316a2592d4,-1,market,0.0,15,1,4,12,46585.0
408358,408359,408369,408369,closed,stop,19929.75,19933.75,19929.5,19934.0,19933.75,19917.75,-4.0,-4.5,-5.0,-100.0,10.0,0.5,11.0,11.0,4.5,2024-02-26 11:50:00+00:00,2024-02-26 11:50:00+00:00,2024-02-26 12:01:00+00:00,2024-02-26 12:05:00+00:00,trajectory_1163dafd9e9d_13_47316a2592d4,-1,market,0.0,15,1,4,12,46485.0
408748,408749,408750,408750,closed,stop,19957.0,19961.0,19956.75,19961.25,19961.0,19945.0,-4.0,-4.5,-5.0,-100.0,10.0,0.5,2.0,2.0,5.0,2024-02-26 18:20:00+00:00,2024-02-26 18:20:00+00:00,2024-02-26 18:22:00+00:00,2024-02-26 18:35:00+00:00,trajectory_1163dafd9e9d_13_47316a2592d4,-1,market,0.0,15,1,4,12,46385.0
408755,408756,408756,408756,closed,stop,19938.0,19942.0,19937.75,19942.25,19942.0,19926.0,-4.0,-4.5,-5.0,-100.0,10.0,0.5,1.0,1.0,9.75,2024-02-26 18:27:00+00:00,2024-02-26 18:27:00+00:00,2024-02-26 18:28:00+00:00,2024-02-26 18:42:00+00:00,trajectory_1163dafd9e9d_13_47316a2592d4,-1,market,0.0,15,1,4,12,46285.0
409018,409019,409020,409020,closed,target,19896.0,19884.0,19895.75,19884.25,19900.0,19884.0,12.0,11.5,11.0,220.0,10.0,0.5,2.0,2.0,0.5,2024-02-27 00:05:00+00:00,2024-02-27 00:05:00+00:00,2024-02-27 00:07:00+00:00,2024-02-27 00:20:00+00:00,trajectory_1163dafd9e9d_13_47316a2592d4,-1,market,0.0,15,1,4,12,46505.0
409150,409151,409165,409165,closed,timeout,19899.5,19892.75,19899.25,19893.0,19903.5,19887.5,6.75,6.25,5.75,115.0,10.0,0.5,15.0,15.0,1.0,2024-02-27 02:17:00+00:00,2024-02-27 02:17:00+00:00,2024-02-27 02:32:00+00:00,2024-02-27 02:32:00+00:00,trajectory_1163dafd9e9d_13_47316a2592d4,-1,market,0.0,15,1,4,12,46620.0
409314,409315,409320,409320,closed,stop,19892.75,19896.75,19892.5,19897.0,19896.75,19880.75,-4.0,-4.5,-5.0,-100.0,10.0,0.5,6.0,6.0,5.5,2024-02-27 05:01:00+00:00,2024-02-27 05:01:00+00:00,2024-02-27 05:07:00+00:00,2024-02-27 05:16:00+00:00,trajectory_1163dafd9e9d_13_47316a2592d4,-1,market,0.0,15,1,4,12,46520.0
409327,409328,409328,409328,closed,stop,19892.0,19896.0,19891.75,19896.25,19896.0,19880.0,-4.0,-4.5,-5.0,-100.0,10.0,0.5,1.0,1.0,6.75,2024-02-27 05:14:00+00:00,2024-02-27 05:14:00+00:00,2024-02-27 05:15:00+00:00,2024-02-27 05:29:00+00:00,trajectory_1163dafd9e9d_13_47316a2592d4,-1,market,0.0,15,1,4,12,46420.0
409354,409355,409355,409355,closed,stop,19873.25,19877.25,19873.0,19877.5,19877.25,19861.25,-4.0,-4.5,-5.0,-100.0,10.0,0.5,1.0,1.0,4.25,2024-02-27 05:41:00+00:00,2024-02-27 05:41:00+00:00,2024-02-27 05:42:00+00:00,2024-02-27 05:56:00+00:00,trajectory_1163dafd9e9d_13_47316a2592d4,-1,market,0.0,15,1,4,12,46320.0
409811,409812,409818,409818,closed,stop,19935.75,19939.75,19935.5,19940.0,19939.75,19923.75,-4.0,-4.5,-5.0,-100.0,10.0,0.5,7.0,7.0,4.75,2024-02-27 13:18:00+00:00,2024-02-27 13:18:00+00:00,2024-02-27 13:25:00+00:00,2024-02-27 13:33:00+00:00,trajectory_1163dafd9e9d_13_47316a2592d4,-1,market,0.0,15,1,4,12,46220.0
410056,410057,410057,410057,closed,stop,19911.0,19915.0,19910.75,19915.25,19915.0,19899.0,-4.0,-4.5,-5.0,-100.0,10.0,0.5,1.0,1.0,7.0,2024-02-27 17:23:00+00:00,2024-02-27 17:23:00+00:00,2024-02-27 17:24:00+00:00,2024-02-27 17:38:00+00:00,trajectory_1163dafd9e9d_13_47316a2592d4,-1,market,0.0,15,1,4,12,46120.0
410439,410440,410442,410442,closed,stop,19938.75,19942.75,19938.5,19943.0,19942.75,19926.75,-4.0,-4.5,-5.0,-100.0,10.0,0.5,3.0,3.0,5.0,2024-02-28 01:01:00+00:00,2024-02-28 01:01:00+00:00,2024-02-28 01:04:00+00:00,2024-02-28 01:16:00+00:00,trajectory_1163dafd9e9d_13_47316a2592d4,-1,market,0.0,15,1,4,12,46020.0
410702,410703,410717,410717,closed,timeout,19941.75,19935.25,19941.5,19935.5,19945.75,19929.75,6.5,6.0,5.5,110.0,10.0,0.5,15.0,15.0,2.0,2024-02-28 05:24:00+00:00,2024-02-28 05:24:00+00:00,2024-02-28 05:39:00+00:00,2024-02-28 05:39:00+00:00,trajectory_1163dafd9e9d_13_47316a2592d4,-1,market,0.0,15,1,4,12,46130.0
410761,410762,410769,410769,closed,stop,19926.75,19930.75,19926.5,19931.0,19930.75,19914.75,-4.0,-4.5,-5.0,-100.0,10.0,0.5,8.0,8.0,4.75,2024-02-28 06:23:00+00:00,2024-02-28 06:23:00+00:00,2024-02-28 06:31:00+00:00,2024-02-28 06:38:00+00:00,trajectory_1163dafd9e9d_13_47316a2592d4,-1,market,0.0,15,1,4,12,46030.0
410827,410828,410842,410842,closed,timeout,19920.0,19911.75,19919.75,19912.0,19924.0,19908.0,8.25,7.75,7.25,145.0,10.0,0.5,15.0,15.0,4.0,2024-02-28 07:29:00+00:00,2024-02-28 07:29:00+00:00,2024-02-28 07:44:00+00:00,2024-02-28 07:44:00+00:00,trajectory_1163dafd9e9d_13_47316a2592d4,-1,market,0.0,15,1,4,12,46175.0
410946,410947,410949,410949,closed,target,19874.75,19862.75,19874.5,19863.0,19878.75,19862.75,12.0,11.5,11.0,220.0,10.0,0.5,3.0,3.0,3.25,2024-02-28 09:28:00+00:00,2024-02-28 09:28:00+00:00,2024-02-28 09:31:00+00:00,2024-02-28 09:43:00+00:00,trajectory_1163dafd9e9d_13_47316a2592d4,-1,market,0.0,15,1,4,12,46395.0
410960,410961,410961,410961,closed,stop,19838.5,19842.5,19838.25,19842.75,19842.5,19826.5,-4.0,-4.5,-5.0,-100.0,10.0,0.5,1.0,1.0,10.5,2024-02-28 09:42:00+00:00,2024-02-28 09:42:00+00:00,2024-02-28 09:43:00+00:00,2024-02-28 09:57:00+00:00,trajectory_1163dafd9e9d_13_47316a2592d4,-1,market,0.0,15,1,4,12,46295.0
412119,412120,412122,412122,closed,stop,19852.25,19856.25,19852.0,19856.5,19856.25,19840.25,-4.0,-4.5,-5.0,-100.0,10.0,0.5,3.0,3.0,4.25,2024-02-29 06:16:00+00:00,2024-02-29 06:16:00+00:00,2024-02-29 06:19:00+00:00,2024-02-29 06:31:00+00:00,trajectory_1163dafd9e9d_13_47316a2592d4,-1,market,0.0,15,1,4,12,46195.0
412148,412149,412154,412154,closed,stop,19846.0,19850.0,19845.75,19850.25,19850.0,19834.0,-4.0,-4.5,-5.0,-100.0,10.0,0.5,6.0,6.0,4.25,2024-02-29 06:45:00+00:00,2024-02-29 06:45:00+00:00,2024-02-29 06:51:00+00:00,2024-02-29 07:00:00+00:00,trajectory_1163dafd9e9d_13_47316a2592d4,-1,market,0.0,15,1,4,12,46095.0
412234,412235,412235,412235,closed,target,19783.5,19771.5,19783.25,19771.75,19787.5,19771.5,12.0,11.5,11.0,220.0,10.0,0.5,1.0,1.0,1.5,2024-02-29 08:11:00+00:00,2024-02-29 08:11:00+00:00,2024-02-29 08:12:00+00:00,2024-02-29 08:26:00+00:00,trajectory_1163dafd9e9d_13_47316a2592d4,-1,market,0.0,15,1,4,12,46315.0
412654,412655,412655,412655,closed,stop,19953.0,19957.0,19952.75,19957.25,19957.0,19941.0,-4.0,-4.5,-5.0,-100.0,10.0,0.5,1.0,1.0,4.5,2024-02-29 15:11:00+00:00,2024-02-29 15:11:00+00:00,2024-02-29 15:12:00+00:00,2024-02-29 15:26:00+00:00,trajectory_1163dafd9e9d_13_47316a2592d4,-1,market,0.0,15,1,4,12,46215.0
412742,412743,412743,412743,closed,target,19876.75,19864.75,19876.5,19865.0,19880.75,19864.75,12.0,11.5,11.0,220.0,10.0,0.5,1.0,1.0,0.25,2024-02-29 16:39:00+00:00,2024-02-29 16:39:00+00:00,2024-02-29 16:40:00+00:00,2024-02-29 16:54:00+00:00,trajectory_1163dafd9e9d_13_47316a2592d4,-1,market,0.0,15,1,4,12,46435.0
413721,413722,413722,413722,closed,target,20047.75,20035.75,20047.5,20036.0,20051.75,20035.75,12.0,11.5,11.0,220.0,10.0,0.5,1.0,1.0,0.75,2024-03-01 10:13:00+00:00,2024-03-01 10:13:00+00:00,2024-03-01 10:14:00+00:00,2024-03-01 10:28:00+00:00,trajectory_1163dafd9e9d_13_47316a2592d4,-1,market,0.0,15,1,4,12,46655.0
413722,413723,413724,413724,closed,target,20035.0,20023.0,20034.75,20023.25,20039.0,20023.0,12.0,11.5,11.0,220.0,10.0,0.5,2.0,2.0,0.75,2024-03-01 10:14:00+00:00,2024-03-01 10:14:00+00:00,2024-03-01 10:16:00+00:00,2024-03-01 10:29:00+00:00,trajectory_1163dafd9e9d_13_47316a2592d4,-1,market,0.0,15,1,4,12,46875.0
413724,413725,413725,413725,closed,stop,20016.5,20020.5,20016.25,20020.75,20020.5,20004.5,-4.0,-4.5,-5.0,-100.0,10.0,0.5,1.0,1.0,5.75,2024-03-01 10:16:00+00:00,2024-03-01 10:16:00+00:00,2024-03-01 10:17:00+00:00,2024-03-01 10:31:00+00:00,trajectory_1163dafd9e9d_13_47316a2592d4,-1,market,0.0,15,1,4,12,46775.0
414475,414476,414476,414476,closed,stop,20273.75,20277.75,20273.5,20278.0,20277.75,20261.75,-4.0,-4.5,-5.0,-100.0,10.0,0.5,1.0,1.0,4.75,2024-03-04 00:02:00+00:00,2024-03-04 00:02:00+00:00,2024-03-04 00:03:00+00:00,2024-03-04 00:17:00+00:00,trajectory_1163dafd9e9d_13_47316a2592d4,-1,market,0.0,15,1,4,12,46675.0
414834,414835,414837,414837,closed,stop,20285.5,20289.5,20285.25,20289.75,20289.5,20273.5,-4.0,-4.5,-5.0,-100.0,10.0,0.5,3.0,3.0,4.75,2024-03-04 06:01:00+00:00,2024-03-04 06:01:00+00:00,2024-03-04 06:04:00+00:00,2024-03-04 06:16:00+00:00,trajectory_1163dafd9e9d_13_47316a2592d4,-1,market,0.0,15,1,4,12,46575.0
415072,415073,415077,415077,closed,stop,20272.75,20276.75,20272.5,20277.0,20276.75,20260.75,-4.0,-4.5,-5.0,-100.0,10.0,0.5,5.0,5.0,4.25,2024-03-04 09:59:00+00:00,2024-03-04 09:59:00+00:00,2024-03-04 10:04:00+00:00,2024-03-04 10:14:00+00:00,trajectory_1163dafd9e9d_13_47316a2592d4,-1,market,0.0,15,1,4,12,46475.0
415344,415345,415345,415345,closed,stop,20256.25,20260.25,20256.0,20260.5,20260.25,20244.25,-4.0,-4.5,-5.0,-100.0,10.0,0.5,1.0,1.0,8.75,2024-03-04 14:31:00+00:00,2024-03-04 14:31:00+00:00,2024-03-04 14:32:00+00:00,2024-03-04 14:46:00+00:00,trajectory_1163dafd9e9d_13_47316a2592d4,-1,market,0.0,15,1,4,12,46375.0
415703,415704,415704,415704,closed,stop,20262.25,20266.25,20262.0,20266.5,20266.25,20250.25,-4.0,-4.5,-5.0,-100.0,10.0,0.5,1.0,1.0,7.5,2024-03-04 20:30:00+00:00,2024-03-04 20:30:00+00:00,2024-03-04 20:31:00+00:00,2024-03-04 20:45:00+00:00,trajectory_1163dafd9e9d_13_47316a2592d4,-1,market,0.0,15,1,4,12,46275.0
416009,416010,416020,416020,closed,stop,20132.75,20136.75,20132.5,20137.0,20136.75,20120.75,-4.0,-4.5,-5.0,-100.0,10.0,0.5,11.0,11.0,5.0,2024-03-05 02:51:00+00:00,2024-03-05 02:51:00+00:00,2024-03-05 03:02:00+00:00,2024-03-05 03:06:00+00:00,trajectory_1163dafd9e9d_13_47316a2592d4,-1,market,0.0,15,1,4,12,46175.0
416377,416378,416378,416378,closed,stop,20079.5,20083.5,20079.25,20083.75,20083.5,20067.5,-4.0,-4.5,-5.0,-100.0,10.0,0.5,1.0,1.0,10.5,2024-03-05 08:59:00+00:00,2024-03-05 08:59:00+00:00,2024-03-05 09:00:00+00:00,2024-03-05 09:14:00+00:00,trajectory_1163dafd9e9d_13_47316a2592d4,-1,market,0.0,15,1,4,12,46075.0
416711,416712,416712,416712,closed,target,20033.5,20021.5,20033.25,20021.75,20037.5,20021.5,12.0,11.5,11.0,220.0,10.0,0.5,1.0,1.0,3.75,2024-03-05 14:33:00+00:00,2024-03-05 14:33:00+00:00,2024-03-05 14:34:00+00:00,2024-03-05 14:48:00+00:00,trajectory_1163dafd9e9d_13_47316a2592d4,-1,market,0.0,15,1,4,12,46295.0
416842,416843,416843,416843,closed,stop,19853.25,19857.25,19853.0,19857.5,19857.25,19841.25,-4.0,-4.5,-5.0,-100.0,10.0,0.5,1.0,1.0,13.75,2024-03-05 16:44:00+00:00,2024-03-05 16:44:00+00:00,2024-03-05 16:45:00+00:00,2024-03-05 16:59:00+00:00,trajectory_1163dafd9e9d_13_47316a2592d4,-1,market,0.0,15,1,4,12,46195.0
417252,417253,417267,417267,closed,timeout,19887.25,19890.75,19887.0,19891.0,19891.25,19875.25,-3.5,-4.0,-4.5,-90.0,10.0,0.5,15.0,15.0,4.0,2024-03-06 00:49:00+00:00,2024-03-06 00:49:00+00:00,2024-03-06 01:04:00+00:00,2024-03-06 01:04:00+00:00,trajectory_1163dafd9e9d_13_47316a2592d4,-1,market,0.0,15,1,4,12,46105.0
417570,417571,417583,417583,closed,stop,19913.75,19917.75,19913.5,19918.0,19917.75,19901.75,-4.0,-4.5,-5.0,-100.0,10.0,0.5,13.0,13.0,6.25,2024-03-06 06:07:00+00:00,2024-03-06 06:07:00+00:00,2024-03-06 06:20:00+00:00,2024-03-06 06:22:00+00:00,trajectory_1163dafd9e9d_13_47316a2592d4,-1,market,0.0,15,1,4,12,46005.0
417625,417626,417626,417626,closed,stop,19913.5,19917.5,19913.25,19917.75,19917.5,19901.5,-4.0,-4.5,-5.0,-100.0,10.0,0.5,1.0,1.0,5.25,2024-03-06 07:02:00+00:00,2024-03-06 07:02:00+00:00,2024-03-06 07:03:00+00:00,2024-03-06 07:17:00+00:00,trajectory_1163dafd9e9d_13_47316a2592d4,-1,market,0.0,15,1,4,12,45905.0
418316,418317,418317,418317,closed,target,20073.25,20061.25,20073.0,20061.5,20077.25,20061.25,12.0,11.5,11.0,220.0,10.0,0.5,1.0,1.0,0.75,2024-03-06 18:33:00+00:00,2024-03-06 18:33:00+00:00,2024-03-06 18:34:00+00:00,2024-03-06 18:48:00+00:00,trajectory_1163dafd9e9d_13_47316a2592d4,-1,market,0.0,15,1,4,12,46125.0
418317,418318,418318,418318,closed,stop,20023.25,20027.25,20023.0,20027.5,20027.25,20011.25,-4.0,-4.5,-5.0,-100.0,10.0,0.5,1.0,1.0,22.25,2024-03-06 18:34:00+00:00,2024-03-06 18:34:00+00:00,2024-03-06 18:35:00+00:00,2024-03-06 18:49:00+00:00,trajectory_1163dafd9e9d_13_47316a2592d4,-1,market,0.0,15,1,4,12,46025.0
418615,418616,418618,418618,closed,stop,19922.25,19926.25,19922.0,19926.5,19926.25,19910.25,-4.0,-4.5,-5.0,-100.0,10.0,0.5,3.0,3.0,4.25,2024-03-07 00:47:00+00:00,2024-03-07 00:47:00+00:00,2024-03-07 00:50:00+00:00,2024-03-07 01:02:00+00:00,trajectory_1163dafd9e9d_13_47316a2592d4,-1,market,0.0,15,1,4,12,45925.0
418634,418635,418635,418635,closed,stop,19899.5,19903.5,19899.25,19903.75,19903.5,19887.5,-4.0,-4.5,-5.0,-100.0,10.0,0.5,1.0,1.0,9.0,2024-03-07 01:06:00+00:00,2024-03-07 01:06:00+00:00,2024-03-07 01:07:00+00:00,2024-03-07 01:21:00+00:00,trajectory_1163dafd9e9d_13_47316a2592d4,-1,market,0.0,15,1,4,12,45825.0
418973,418974,418981,418981,closed,target,19917.25,19905.25,19917.0,19905.5,19921.25,19905.25,12.0,11.5,11.0,220.0,10.0,0.5,8.0,8.0,2.0,2024-03-07 06:45:00+00:00,2024-03-07 06:45:00+00:00,2024-03-07 06:53:00+00:00,2024-03-07 07:00:00+00:00,trajectory_1163dafd9e9d_13_47316a2592d4,-1,market,0.0,15,1,4,12,46045.0
419059,419060,419063,419063,closed,stop,19867.25,19871.25,19867.0,19871.5,19871.25,19855.25,-4.0,-4.5,-5.0,-100.0,10.0,0.5,4.0,4.0,8.25,2024-03-07 08:11:00+00:00,2024-03-07 08:11:00+00:00,2024-03-07 08:15:00+00:00,2024-03-07 08:26:00+00:00,trajectory_1163dafd9e9d_13_47316a2592d4,-1,market,0.0,15,1,4,12,45945.0
419766,419767,419767,419767,closed,target,20277.5,20265.5,20277.25,20265.75,20281.5,20265.5,12.0,11.5,11.0,220.0,10.0,0.5,1.0,1.0,0.75,2024-03-07 19:58:00+00:00,2024-03-07 19:58:00+00:00,2024-03-07 19:59:00+00:00,2024-03-07 20:13:00+00:00,trajectory_1163dafd9e9d_13_47316a2592d4,-1,market,0.0,15,1,4,12,46165.0
419767,419768,419769,419769,closed,target,20270.0,20258.0,20269.75,20258.25,20274.0,20258.0,12.0,11.5,11.0,220.0,10.0,0.5,2.0,2.0,1.25,2024-03-07 19:59:00+00:00,2024-03-07 19:59:00+00:00,2024-03-07 20:01:00+00:00,2024-03-07 20:14:00+00:00,trajectory_1163dafd9e9d_13_47316a2592d4,-1,market,0.0,15,1,4,12,46385.0
419769,419770,419770,419770,closed,stop,20242.5,20246.5,20242.25,20246.75,20246.5,20230.5,-4.0,-4.5,-5.0,-100.0,10.0,0.5,1.0,1.0,7.75,2024-03-07 20:01:00+00:00,2024-03-07 20:01:00+00:00,2024-03-07 20:02:00+00:00,2024-03-07 20:16:00+00:00,trajectory_1163dafd9e9d_13_47316a2592d4,-1,market,0.0,15,1,4,12,46285.0
420204,420205,420205,420205,closed,stop,20229.5,20233.5,20229.25,20233.75,20233.5,20217.5,-4.0,-4.5,-5.0,-100.0,10.0,0.5,1.0,1.0,6.0,2024-03-08 04:31:00+00:00,2024-03-08 04:31:00+00:00,2024-03-08 04:32:00+00:00,2024-03-08 04:46:00+00:00,trajectory_1163dafd9e9d_13_47316a2592d4,-1,market,0.0,15,1,4,12,46185.0
420356,420357,420358,420358,closed,stop,20214.0,20218.0,20213.75,20218.25,20218.0,20202.0,-4.0,-4.5,-5.0,-100.0,10.0,0.5,2.0,2.0,6.0,2024-03-08 07:03:00+00:00,2024-03-08 07:03:00+00:00,2024-03-08 07:05:00+00:00,2024-03-08 07:18:00+00:00,trajectory_1163dafd9e9d_13_47316a2592d4,-1,market,0.0,15,1,4,12,46085.0
420540,420541,420541,420541,closed,stop,20260.25,20264.25,20260.0,20264.5,20264.25,20248.25,-4.0,-4.5,-5.0,-100.0,10.0,0.5,1.0,1.0,7.75,2024-03-08 10:07:00+00:00,2024-03-08 10:07:00+00:00,2024-03-08 10:08:00+00:00,2024-03-08 10:22:00+00:00,trajectory_1163dafd9e9d_13_47316a2592d4,-1,market,0.0,15,1,4,12,45985.0
420620,420621,420629,420629,closed,target,20249.25,20237.25,20249.0,20237.5,20253.25,20237.25,12.0,11.5,11.0,220.0,10.0,0.5,9.0,9.0,1.75,2024-03-08 11:27:00+00:00,2024-03-08 11:27:00+00:00,2024-03-08 11:36:00+00:00,2024-03-08 11:42:00+00:00,trajectory_1163dafd9e9d_13_47316a2592d4,-1,market,0.0,15,1,4,12,46205.0
420673,420674,420674,420674,closed,target,20218.75,20206.75,20218.5,20207.0,20222.75,20206.75,12.0,11.5,11.0,220.0,10.0,0.5,1.0,1.0,3.0,2024-03-08 12:20:00+00:00,2024-03-08 12:20:00+00:00,2024-03-08 12:21:00+00:00,2024-03-08 12:35:00+00:00,trajectory_1163dafd9e9d_13_47316a2592d4,-1,market,0.0,15,1,4,12,46425.0
421594,421595,421599,421599,closed,target,19942.5,19930.5,19942.25,19930.75,19946.5,19930.5,12.0,11.5,11.0,220.0,10.0,0.5,5.0,5.0,1.0,2024-03-11 03:56:00+00:00,2024-03-11 03:56:00+00:00,2024-03-11 04:01:00+00:00,2024-03-11 04:11:00+00:00,trajectory_1163dafd9e9d_13_47316a2592d4,-1,market,0.0,15,1,4,12,46645.0
421599,421600,421601,421601,closed,stop,19922.25,19926.25,19922.0,19926.5,19926.25,19910.25,-4.0,-4.5,-5.0,-100.0,10.0,0.5,2.0,2.0,4.5,2024-03-11 04:01:00+00:00,2024-03-11 04:01:00+00:00,2024-03-11 04:03:00+00:00,2024-03-11 04:16:00+00:00,trajectory_1163dafd9e9d_13_47316a2592d4,-1,market,0.0,15,1,4,12,46545.0
421843,421844,421845,421845,closed,stop,19942.5,19946.5,19942.25,19946.75,19946.5,19930.5,-4.0,-4.5,-5.0,-100.0,10.0,0.5,2.0,2.0,13.75,2024-03-11 08:05:00+00:00,2024-03-11 08:05:00+00:00,2024-03-11 08:07:00+00:00,2024-03-11 08:20:00+00:00,trajectory_1163dafd9e9d_13_47316a2592d4,-1,market,0.0,15,1,4,12,46445.0
421980,421981,421983,421983,closed,target,19952.5,19940.5,19952.25,19940.75,19956.5,19940.5,12.0,11.5,11.0,220.0,10.0,0.5,3.0,3.0,1.5,2024-03-11 10:22:00+00:00,2024-03-11 10:22:00+00:00,2024-03-11 10:25:00+00:00,2024-03-11 10:37:00+00:00,trajectory_1163dafd9e9d_13_47316a2592d4,-1,market,0.0,15,1,4,12,46665.0
422170,422171,422171,422171,closed,stop,19879.5,19883.5,19879.25,19883.75,19883.5,19867.5,-4.0,-4.5,-5.0,-100.0,10.0,0.5,1.0,1.0,5.75,2024-03-11 13:32:00+00:00,2024-03-11 13:32:00+00:00,2024-03-11 13:33:00+00:00,2024-03-11 13:47:00+00:00,trajectory_1163dafd9e9d_13_47316a2592d4,-1,market,0.0,15,1,4,12,46565.0
423234,423235,423235,423235,closed,stop,19972.75,19976.75,19972.5,19977.0,19976.75,19960.75,-4.0,-4.5,-5.0,-100.0,10.0,0.5,1.0,1.0,17.25,2024-03-12 08:31:00+00:00,2024-03-12 08:31:00+00:00,2024-03-12 08:32:00+00:00,2024-03-12 08:46:00+00:00,trajectory_1163dafd9e9d_13_47316a2592d4,-1,market,0.0,15,1,4,12,46465.0
423474,423475,423475,423475,closed,stop,19939.0,19943.0,19938.75,19943.25,19943.0,19927.0,-4.0,-4.5,-5.0,-100.0,10.0,0.5,1.0,1.0,43.25,2024-03-12 12:31:00+00:00,2024-03-12 12:31:00+00:00,2024-03-12 12:32:00+00:00,2024-03-12 12:46:00+00:00,trajectory_1163dafd9e9d_13_47316a2592d4,-1,market,0.0,15,1,4,12,46365.0
423538,423539,423539,423539,closed,stop,19959.25,19963.25,19959.0,19963.5,19963.25,19947.25,-4.0,-4.5,-5.0,-100.0,10.0,0.5,1.0,1.0,13.0,2024-03-12 13:35:00+00:00,2024-03-12 13:35:00+00:00,2024-03-12 13:36:00+00:00,2024-03-12 13:50:00+00:00,trajectory_1163dafd9e9d_13_47316a2592d4,-1,market,0.0,15,1,4,12,46265.0
424130,424131,424136,424136,closed,stop,20155.25,20159.25,20155.0,20159.5,20159.25,20143.25,-4.0,-4.5,-5.0,-100.0,10.0,0.5,6.0,6.0,6.0,2024-03-13 00:42:00+00:00,2024-03-13 00:42:00+00:00,2024-03-13 00:48:00+00:00,2024-03-13 00:57:00+00:00,trajectory_1163dafd9e9d_13_47316a2592d4,-1,market,0.0,15,1,4,12,46165.0
424899,424900,424900,424900,closed,target,20103.75,20091.75,20103.5,20092.0,20107.75,20091.75,12.0,11.5,11.0,220.0,10.0,0.5,1.0,1.0,1.0,2024-03-13 13:31:00+00:00,2024-03-13 13:31:00+00:00,2024-03-13 13:32:00+00:00,2024-03-13 13:46:00+00:00,trajectory_1163dafd9e9d_13_47316a2592d4,-1,market,0.0,15,1,4,12,46385.0
424900,424901,424901,424901,closed,stop,20085.25,20089.25,20085.0,20089.5,20089.25,20073.25,-4.0,-4.5,-5.0,-100.0,10.0,0.5,1.0,1.0,6.5,2024-03-13 13:32:00+00:00,2024-03-13 13:32:00+00:00,2024-03-13 13:33:00+00:00,2024-03-13 13:47:00+00:00,trajectory_1163dafd9e9d_13_47316a2592d4,-1,market,0.0,15,1,4,12,46285.0
425256,425257,425257,425257,closed,target,20027.75,20015.75,20027.5,20016.0,20031.75,20015.75,12.0,11.5,11.0,220.0,10.0,0.5,1.0,1.0,0.25,2024-03-13 19:28:00+00:00,2024-03-13 19:28:00+00:00,2024-03-13 19:29:00+00:00,2024-03-13 19:43:00+00:00,trajectory_1163dafd9e9d_13_47316a2592d4,-1,market,0.0,15,1,4,12,46505.0
425257,425258,425258,425258,closed,stop,19995.5,19999.5,19995.25,19999.75,19999.5,19983.5,-4.0,-4.5,-5.0,-100.0,10.0,0.5,1.0,1.0,15.5,2024-03-13 19:29:00+00:00,2024-03-13 19:29:00+00:00,2024-03-13 19:30:00+00:00,2024-03-13 19:44:00+00:00,trajectory_1163dafd9e9d_13_47316a2592d4,-1,market,0.0,15,1,4,12,46405.0
425454,425455,425469,425469,closed,timeout,20062.0,20055.25,20061.75,20055.5,20066.0,20050.0,6.75,6.25,5.75,115.0,10.0,0.5,15.0,15.0,2.0,2024-03-14 00:01:00+00:00,2024-03-14 00:01:00+00:00,2024-03-14 00:16:00+00:00,2024-03-14 00:16:00+00:00,trajectory_1163dafd9e9d_13_47316a2592d4,-1,market,0.0,15,1,4,12,46520.0
425527,425528,425530,425530,closed,stop,20055.75,20059.75,20055.5,20060.0,20059.75,20043.75,-4.0,-4.5,-5.0,-100.0,10.0,0.5,3.0,3.0,5.0,2024-03-14 01:14:00+00:00,2024-03-14 01:14:00+00:00,2024-03-14 01:17:00+00:00,2024-03-14 01:29:00+00:00,trajectory_1163dafd9e9d_13_47316a2592d4,-1,market,0.0,15,1,4,12,46420.0
425633,425634,425648,425648,closed,timeout,20065.5,20066.25,20065.25,20066.5,20069.5,20053.5,-0.75,-1.25,-1.75,-35.0,10.0,0.5,15.0,15.0,3.25,2024-03-14 03:00:00+00:00,2024-03-14 03:00:00+00:00,2024-03-14 03:15:00+00:00,2024-03-14 03:15:00+00:00,trajectory_1163dafd9e9d_13_47316a2592d4,-1,market,0.0,15,1,4,12,46385.0
426204,426205,426205,426205,closed,stop,20068.75,20072.75,20068.5,20073.0,20072.75,20056.75,-4.0,-4.5,-5.0,-100.0,10.0,0.5,1.0,1.0,10.75,2024-03-14 12:31:00+00:00,2024-03-14 12:31:00+00:00,2024-03-14 12:32:00+00:00,2024-03-14 12:46:00+00:00,trajectory_1163dafd9e9d_13_47316a2592d4,-1,market,0.0,15,1,4,12,46285.0
426205,426206,426206,426206,closed,target,20060.5,20048.5,20060.25,20048.75,20064.5,20048.5,12.0,11.5,11.0,220.0,10.0,0.5,1.0,1.0,1.5,2024-03-14 12:32:00+00:00,2024-03-14 12:32:00+00:00,2024-03-14 12:33:00+00:00,2024-03-14 12:47:00+00:00,trajectory_1163dafd9e9d_13_47316a2592d4,-1,market,0.0,15,1,4,12,46505.0
426770,426771,426785,426785,closed,timeout,19929.75,19930.5,19929.5,19930.75,19933.75,19917.75,-0.75,-1.25,-1.75,-35.0,10.0,0.5,15.0,15.0,3.5,2024-03-14 23:12:00+00:00,2024-03-14 23:12:00+00:00,2024-03-14 23:27:00+00:00,2024-03-14 23:27:00+00:00,trajectory_1163dafd9e9d_13_47316a2592d4,-1,market,0.0,15,1,4,12,46470.0
426938,426939,426948,426948,closed,target,19939.0,19927.0,19938.75,19927.25,19943.0,19927.0,12.0,11.5,11.0,220.0,10.0,0.5,10.0,10.0,0.25,2024-03-15 02:00:00+00:00,2024-03-15 02:00:00+00:00,2024-03-15 02:10:00+00:00,2024-03-15 02:15:00+00:00,trajectory_1163dafd9e9d_13_47316a2592d4,-1,market,0.0,15,1,4,12,46690.0
427063,427064,427067,427067,closed,stop,19932.0,19936.0,19931.75,19936.25,19936.0,19920.0,-4.0,-4.5,-5.0,-100.0,10.0,0.5,4.0,4.0,4.75,2024-03-15 04:05:00+00:00,2024-03-15 04:05:00+00:00,2024-03-15 04:09:00+00:00,2024-03-15 04:20:00+00:00,trajectory_1163dafd9e9d_13_47316a2592d4,-1,market,0.0,15,1,4,12,46590.0
427097,427098,427099,427099,closed,stop,19916.5,19920.5,19916.25,19920.75,19920.5,19904.5,-4.0,-4.5,-5.0,-100.0,10.0,0.5,2.0,2.0,5.0,2024-03-15 04:39:00+00:00,2024-03-15 04:39:00+00:00,2024-03-15 04:41:00+00:00,2024-03-15 04:54:00+00:00,trajectory_1163dafd9e9d_13_47316a2592d4,-1,market,0.0,15,1,4,12,46490.0
427293,427294,427297,427297,closed,target,19916.5,19904.5,19916.25,19904.75,19920.5,19904.5,12.0,11.5,11.0,220.0,10.0,0.5,4.0,4.0,0.25,2024-03-15 07:55:00+00:00,2024-03-15 07:55:00+00:00,2024-03-15 07:59:00+00:00,2024-03-15 08:10:00+00:00,trajectory_1163dafd9e9d_13_47316a2592d4,-1,market,0.0,15,1,4,12,46710.0
427626,427627,427627,427627,closed,stop,19854.75,19858.75,19854.5,19859.0,19858.75,19842.75,-4.0,-4.5,-5.0,-100.0,10.0,0.5,1.0,1.0,5.0,2024-03-15 13:28:00+00:00,2024-03-15 13:28:00+00:00,2024-03-15 13:29:00+00:00,2024-03-15 13:43:00+00:00,trajectory_1163dafd9e9d_13_47316a2592d4,-1,market,0.0,15,1,4,12,46610.0
428189,428190,428190,428190,closed,stop,19758.75,19762.75,19758.5,19763.0,19762.75,19746.75,-4.0,-4.5,-5.0,-100.0,10.0,0.5,1.0,1.0,6.5,2024-03-18 00:06:00+00:00,2024-03-18 00:06:00+00:00,2024-03-18 00:07:00+00:00,2024-03-18 00:21:00+00:00,trajectory_1163dafd9e9d_13_47316a2592d4,-1,market,0.0,15,1,4,12,46510.0
429194,429195,429195,429195,closed,stop,19959.75,19963.75,19959.5,19964.0,19963.75,19947.75,-4.0,-4.5,-5.0,-100.0,10.0,0.5,1.0,1.0,8.75,2024-03-18 16:51:00+00:00,2024-03-18 16:51:00+00:00,2024-03-18 16:52:00+00:00,2024-03-18 17:06:00+00:00,trajectory_1163dafd9e9d_13_47316a2592d4,-1,market,0.0,15,1,4,12,46410.0
429306,429307,429307,429307,closed,stop,19956.25,19960.25,19956.0,19960.5,19960.25,19944.25,-4.0,-4.5,-5.0,-100.0,10.0,0.5,1.0,1.0,11.5,2024-03-18 18:43:00+00:00,2024-03-18 18:43:00+00:00,2024-03-18 18:44:00+00:00,2024-03-18 18:58:00+00:00,trajectory_1163dafd9e9d_13_47316a2592d4,-1,market,0.0,15,1,4,12,46310.0
429595,429596,429599,429599,closed,stop,19860.0,19864.0,19859.75,19864.25,19864.0,19848.0,-4.0,-4.5,-5.0,-100.0,10.0,0.5,4.0,4.0,5.0,2024-03-19 00:47:00+00:00,2024-03-19 00:47:00+00:00,2024-03-19 00:51:00+00:00,2024-03-19 01:02:00+00:00,trajectory_1163dafd9e9d_13_47316a2592d4,-1,market,0.0,15,1,4,12,46210.0
429880,429881,429881,429881,closed,stop,19872.5,19876.5,19872.25,19876.75,19876.5,19860.5,-4.0,-4.5,-5.0,-100.0,10.0,0.5,1.0,1.0,4.25,2024-03-19 05:32:00+00:00,2024-03-19 05:32:00+00:00,2024-03-19 05:33:00+00:00,2024-03-19 05:47:00+00:00,trajectory_1163dafd9e9d_13_47316a2592d4,-1,market,0.0,15,1,4,12,46110.0
429970,429971,429971,429971,closed,stop,19870.25,19874.25,19870.0,19874.5,19874.25,19858.25,-4.0,-4.5,-5.0,-100.0,10.0,0.5,1.0,1.0,4.5,2024-03-19 07:02:00+00:00,2024-03-19 07:02:00+00:00,2024-03-19 07:03:00+00:00,2024-03-19 07:17:00+00:00,trajectory_1163dafd9e9d_13_47316a2592d4,-1,market,0.0,15,1,4,12,46010.0
430035,430036,430036,430036,closed,stop,19861.5,19865.5,19861.25,19865.75,19865.5,19849.5,-4.0,-4.5,-5.0,-100.0,10.0,0.5,1.0,1.0,8.25,2024-03-19 08:07:00+00:00,2024-03-19 08:07:00+00:00,2024-03-19 08:08:00+00:00,2024-03-19 08:22:00+00:00,trajectory_1163dafd9e9d_13_47316a2592d4,-1,market,0.0,15,1,4,12,45910.0
430094,430095,430098,430098,closed,stop,19897.5,19901.5,19897.25,19901.75,19901.5,19885.5,-4.0,-4.5,-5.0,-100.0,10.0,0.5,4.0,4.0,4.25,2024-03-19 09:06:00+00:00,2024-03-19 09:06:00+00:00,2024-03-19 09:10:00+00:00,2024-03-19 09:21:00+00:00,trajectory_1163dafd9e9d_13_47316a2592d4,-1,market,0.0,15,1,4,12,45810.0
430124,430125,430125,430125,closed,stop,19884.25,19888.25,19884.0,19888.5,19888.25,19872.25,-4.0,-4.5,-5.0,-100.0,10.0,0.5,1.0,1.0,8.5,2024-03-19 09:36:00+00:00,2024-03-19 09:36:00+00:00,2024-03-19 09:37:00+00:00,2024-03-19 09:51:00+00:00,trajectory_1163dafd9e9d_13_47316a2592d4,-1,market,0.0,15,1,4,12,45710.0
430201,430202,430206,430206,closed,stop,19871.25,19875.25,19871.0,19875.5,19875.25,19859.25,-4.0,-4.5,-5.0,-100.0,10.0,0.5,5.0,5.0,4.5,2024-03-19 10:53:00+00:00,2024-03-19 10:53:00+00:00,2024-03-19 10:58:00+00:00,2024-03-19 11:08:00+00:00,trajectory_1163dafd9e9d_13_47316a2592d4,-1,market,0.0,15,1,4,12,45610.0
430360,430361,430361,430361,closed,stop,19810.25,19814.25,19810.0,19814.5,19814.25,19798.25,-4.0,-4.5,-5.0,-100.0,10.0,0.5,1.0,1.0,23.5,2024-03-19 13:32:00+00:00,2024-03-19 13:32:00+00:00,2024-03-19 13:33:00+00:00,2024-03-19 13:47:00+00:00,trajectory_1163dafd9e9d_13_47316a2592d4,-1,market,0.0,15,1,4,12,45510.0
430684,430685,430685,430685,closed,stop,19949.75,19953.75,19949.5,19954.0,19953.75,19937.75,-4.0,-4.5,-5.0,-100.0,10.0,0.5,1.0,1.0,8.0,2024-03-19 18:56:00+00:00,2024-03-19 18:56:00+00:00,2024-03-19 18:57:00+00:00,2024-03-19 19:11:00+00:00,trajectory_1163dafd9e9d_13_47316a2592d4,-1,market,0.0,15,1,4,12,45410.0
430938,430939,430952,430952,closed,stop,19945.75,19949.75,19945.5,19950.0,19949.75,19933.75,-4.0,-4.5,-5.0,-100.0,10.0,0.5,14.0,14.0,6.25,2024-03-20 00:25:00+00:00,2024-03-20 00:25:00+00:00,2024-03-20 00:39:00+00:00,2024-03-20 00:40:00+00:00,trajectory_1163dafd9e9d_13_47316a2592d4,-1,market,0.0,15,1,4,12,45310.0
430987,430988,430995,430995,closed,stop,19938.25,19942.25,19938.0,19942.5,19942.25,19926.25,-4.0,-4.5,-5.0,-100.0,10.0,0.5,8.0,8.0,5.0,2024-03-20 01:14:00+00:00,2024-03-20 01:14:00+00:00,2024-03-20 01:22:00+00:00,2024-03-20 01:29:00+00:00,trajectory_1163dafd9e9d_13_47316a2592d4,-1,market,0.0,15,1,4,12,45210.0
431007,431008,431022,431022,closed,timeout,19933.0,19926.0,19932.75,19926.25,19937.0,19921.0,7.0,6.5,6.0,120.0,10.0,0.5,15.0,15.0,1.0,2024-03-20 01:34:00+00:00,2024-03-20 01:34:00+00:00,2024-03-20 01:49:00+00:00,2024-03-20 01:49:00+00:00,trajectory_1163dafd9e9d_13_47316a2592d4,-1,market,0.0,15,1,4,12,45330.0
431395,431396,431397,431397,closed,stop,19950.25,19954.25,19950.0,19954.5,19954.25,19938.25,-4.0,-4.5,-5.0,-100.0,10.0,0.5,2.0,2.0,5.5,2024-03-20 08:02:00+00:00,2024-03-20 08:02:00+00:00,2024-03-20 08:04:00+00:00,2024-03-20 08:17:00+00:00,trajectory_1163dafd9e9d_13_47316a2592d4,-1,market,0.0,15,1,4,12,45230.0
432824,432825,432826,432826,closed,stop,20292.75,20296.75,20292.5,20297.0,20296.75,20280.75,-4.0,-4.5,-5.0,-100.0,10.0,0.5,2.0,2.0,6.5,2024-03-21 09:06:00+00:00,2024-03-21 09:06:00+00:00,2024-03-21 09:08:00+00:00,2024-03-21 09:21:00+00:00,trajectory_1163dafd9e9d_13_47316a2592d4,-1,market,0.0,15,1,4,12,45130.0
433149,433150,433150,433150,closed,stop,20328.5,20332.5,20328.25,20332.75,20332.5,20316.5,-4.0,-4.5,-5.0,-100.0,10.0,0.5,1.0,1.0,7.75,2024-03-21 14:31:00+00:00,2024-03-21 14:31:00+00:00,2024-03-21 14:32:00+00:00,2024-03-21 14:46:00+00:00,trajectory_1163dafd9e9d_13_47316a2592d4,-1,market,0.0,15,1,4,12,45030.0
433300,433301,433301,433301,closed,target,20368.0,20356.0,20367.75,20356.25,20372.0,20356.0,12.0,11.5,11.0,220.0,10.0,0.5,1.0,1.0,0.5,2024-03-21 17:02:00+00:00,2024-03-21 17:02:00+00:00,2024-03-21 17:03:00+00:00,2024-03-21 17:17:00+00:00,trajectory_1163dafd9e9d_13_47316a2592d4,-1,market,0.0,15,1,4,12,45250.0
433347,433348,433348,433348,closed,stop,20330.0,20334.0,20329.75,20334.25,20334.0,20318.0,-4.0,-4.5,-5.0,-100.0,10.0,0.5,1.0,1.0,6.0,2024-03-21 17:49:00+00:00,2024-03-21 17:49:00+00:00,2024-03-21 17:50:00+00:00,2024-03-21 18:04:00+00:00,trajectory_1163dafd9e9d_13_47316a2592d4,-1,market,0.0,15,1,4,12,45150.0
433394,433395,433396,433396,closed,stop,20266.75,20270.75,20266.5,20271.0,20270.75,20254.75,-4.0,-4.5,-5.0,-100.0,10.0,0.5,2.0,2.0,6.25,2024-03-21 18:36:00+00:00,2024-03-21 18:36:00+00:00,2024-03-21 18:38:00+00:00,2024-03-21 18:51:00+00:00,trajectory_1163dafd9e9d_13_47316a2592d4,-1,market,0.0,15,1,4,12,45050.0
433740,433741,433755,433755,closed,timeout,20272.25,20267.5,20272.0,20267.75,20276.25,20260.25,4.75,4.25,3.75,75.0,10.0,0.5,15.0,15.0,4.0,2024-03-22 01:37:00+00:00,2024-03-22 01:37:00+00:00,2024-03-22 01:52:00+00:00,2024-03-22 01:52:00+00:00,trajectory_1163dafd9e9d_13_47316a2592d4,-1,market,0.0,15,1,4,12,45125.0
433800,433801,433801,433801,closed,stop,20233.75,20237.75,20233.5,20238.0,20237.75,20221.75,-4.0,-4.5,-5.0,-100.0,10.0,0.5,1.0,1.0,5.0,2024-03-22 02:37:00+00:00,2024-03-22 02:37:00+00:00,2024-03-22 02:38:00+00:00,2024-03-22 02:52:00+00:00,trajectory_1163dafd9e9d_13_47316a2592d4,-1,market,0.0,15,1,4,12,45025.0
434065,434066,434067,434067,closed,stop,20249.5,20253.5,20249.25,20253.75,20253.5,20237.5,-4.0,-4.5,-5.0,-100.0,10.0,0.5,2.0,2.0,6.0,2024-03-22 07:02:00+00:00,2024-03-22 07:02:00+00:00,2024-03-22 07:04:00+00:00,2024-03-22 07:17:00+00:00,trajectory_1163dafd9e9d_13_47316a2592d4,-1,market,0.0,15,1,4,12,44925.0
434258,434259,434260,434260,closed,stop,20270.75,20274.75,20270.5,20275.0,20274.75,20258.75,-4.0,-4.5,-5.0,-100.0,10.0,0.5,2.0,2.0,4.75,2024-03-22 10:15:00+00:00,2024-03-22 10:15:00+00:00,2024-03-22 10:17:00+00:00,2024-03-22 10:30:00+00:00,trajectory_1163dafd9e9d_13_47316a2592d4,-1,market,0.0,15,1,4,12,44825.0
435146,435147,435161,435161,closed,timeout,20268.0,20266.25,20267.75,20266.5,20272.0,20256.0,1.75,1.25,0.75,15.0,10.0,0.5,15.0,15.0,2.25,2024-03-25 02:18:00+00:00,2024-03-25 02:18:00+00:00,2024-03-25 02:33:00+00:00,2024-03-25 02:33:00+00:00,trajectory_1163dafd9e9d_13_47316a2592d4,-1,market,0.0,15,1,4,12,44840.0
435272,435273,435274,435274,closed,stop,20259.75,20263.75,20259.5,20264.0,20263.75,20247.75,-4.0,-4.5,-5.0,-100.0,10.0,0.5,2.0,2.0,5.75,2024-03-25 04:24:00+00:00,2024-03-25 04:24:00+00:00,2024-03-25 04:26:00+00:00,2024-03-25 04:39:00+00:00,trajectory_1163dafd9e9d_13_47316a2592d4,-1,market,0.0,15,1,4,12,44740.0
435310,435311,435312,435312,closed,stop,20258.25,20262.25,20258.0,20262.5,20262.25,20246.25,-4.0,-4.5,-5.0,-100.0,10.0,0.5,2.0,2.0,4.75,2024-03-25 05:02:00+00:00,2024-03-25 05:02:00+00:00,2024-03-25 05:04:00+00:00,2024-03-25 05:17:00+00:00,trajectory_1163dafd9e9d_13_47316a2592d4,-1,market,0.0,15,1,4,12,44640.0
435327,435328,435331,435331,closed,stop,20251.25,20255.25,20251.0,20255.5,20255.25,20239.25,-4.0,-4.5,-5.0,-100.0,10.0,0.5,4.0,4.0,6.0,2024-03-25 05:19:00+00:00,2024-03-25 05:19:00+00:00,2024-03-25 05:23:00+00:00,2024-03-25 05:34:00+00:00,trajectory_1163dafd9e9d_13_47316a2592d4,-1,market,0.0,15,1,4,12,44540.0
435370,435371,435385,435385,closed,target,20243.0,20231.0,20242.75,20231.25,20247.0,20231.0,12.0,11.5,11.0,220.0,10.0,0.5,15.0,15.0,1.25,2024-03-25 06:02:00+00:00,2024-03-25 06:02:00+00:00,2024-03-25 06:17:00+00:00,2024-03-25 06:17:00+00:00,trajectory_1163dafd9e9d_13_47316a2592d4,-1,market,0.0,15,1,4,12,44760.0
435604,435605,435611,435611,closed,stop,20217.25,20221.25,20217.0,20221.5,20221.25,20205.25,-4.0,-4.5,-5.0,-100.0,10.0,0.5,7.0,7.0,5.25,2024-03-25 09:56:00+00:00,2024-03-25 09:56:00+00:00,2024-03-25 10:03:00+00:00,2024-03-25 10:11:00+00:00,trajectory_1163dafd9e9d_13_47316a2592d4,-1,market,0.0,15,1,4,12,44660.0
435669,435670,435670,435670,closed,stop,20180.0,20184.0,20179.75,20184.25,20184.0,20168.0,-4.0,-4.5,-5.0,-100.0,10.0,0.5,1.0,1.0,6.75,2024-03-25 11:01:00+00:00,2024-03-25 11:01:00+00:00,2024-03-25 11:02:00+00:00,2024-03-25 11:16:00+00:00,trajectory_1163dafd9e9d_13_47316a2592d4,-1,market,0.0,15,1,4,12,44560.0
436326,436327,436329,436329,closed,stop,20222.0,20226.0,20221.75,20226.25,20226.0,20210.0,-4.0,-4.5,-5.0,-100.0,10.0,0.5,3.0,3.0,4.25,2024-03-25 23:13:00+00:00,2024-03-25 23:13:00+00:00,2024-03-25 23:16:00+00:00,2024-03-25 23:28:00+00:00,trajectory_1163dafd9e9d_13_47316a2592d4,-1,market,0.0,15,1,4,12,44460.0
436594,436595,436609,436609,closed,timeout,20220.0,20218.0,20219.75,20218.25,20224.0,20208.0,2.0,1.5,1.0,20.0,10.0,0.5,15.0,15.0,1.75,2024-03-26 03:41:00+00:00,2024-03-26 03:41:00+00:00,2024-03-26 03:56:00+00:00,2024-03-26 03:56:00+00:00,trajectory_1163dafd9e9d_13_47316a2592d4,-1,market,0.0,15,1,4,12,44480.0
436840,436841,436848,436848,closed,target,20272.5,20260.5,20272.25,20260.75,20276.5,20260.5,12.0,11.5,11.0,220.0,10.0,0.5,8.0,8.0,2.5,2024-03-26 07:47:00+00:00,2024-03-26 07:47:00+00:00,2024-03-26 07:55:00+00:00,2024-03-26 08:02:00+00:00,trajectory_1163dafd9e9d_13_47316a2592d4,-1,market,0.0,15,1,4,12,44700.0
437543,437544,437544,437544,closed,target,20205.5,20193.5,20205.25,20193.75,20209.5,20193.5,12.0,11.5,11.0,220.0,10.0,0.5,1.0,1.0,2.25,2024-03-26 19:30:00+00:00,2024-03-26 19:30:00+00:00,2024-03-26 19:31:00+00:00,2024-03-26 19:45:00+00:00,trajectory_1163dafd9e9d_13_47316a2592d4,-1,market,0.0,15,1,4,12,44920.0
438551,438552,438552,438552,closed,target,20229.75,20217.75,20229.5,20218.0,20233.75,20217.75,12.0,11.5,11.0,220.0,10.0,0.5,1.0,1.0,4.0,2024-03-27 13:33:00+00:00,2024-03-27 13:33:00+00:00,2024-03-27 13:34:00+00:00,2024-03-27 13:48:00+00:00,trajectory_1163dafd9e9d_13_47316a2592d4,-1,market,0.0,15,1,4,12,45140.0
438552,438553,438553,438553,closed,stop,20216.5,20220.5,20216.25,20220.75,20220.5,20204.5,-4.0,-4.5,-5.0,-100.0,10.0,0.5,1.0,1.0,8.75,2024-03-27 13:34:00+00:00,2024-03-27 13:34:00+00:00,2024-03-27 13:35:00+00:00,2024-03-27 13:49:00+00:00,trajectory_1163dafd9e9d_13_47316a2592d4,-1,market,0.0,15,1,4,12,45040.0
439094,439095,439103,439103,closed,stop,20171.0,20175.0,20170.75,20175.25,20175.0,20159.0,-4.0,-4.5,-5.0,-100.0,10.0,0.5,9.0,9.0,4.5,2024-03-27 23:52:00+00:00,2024-03-27 23:52:00+00:00,2024-03-28 00:01:00+00:00,2024-03-28 00:07:00+00:00,trajectory_1163dafd9e9d_13_47316a2592d4,-1,market,0.0,15,1,4,12,44940.0
439168,439169,439170,439170,closed,stop,20187.0,20191.0,20186.75,20191.25,20191.0,20175.0,-4.0,-4.5,-5.0,-100.0,10.0,0.5,2.0,2.0,4.25,2024-03-28 01:06:00+00:00,2024-03-28 01:06:00+00:00,2024-03-28 01:08:00+00:00,2024-03-28 01:21:00+00:00,trajectory_1163dafd9e9d_13_47316a2592d4,-1,market,0.0,15,1,4,12,44840.0
439588,439589,439589,439589,closed,stop,20185.75,20189.75,20185.5,20190.0,20189.75,20173.75,-4.0,-4.5,-5.0,-100.0,10.0,0.5,1.0,1.0,5.75,2024-03-28 08:06:00+00:00,2024-03-28 08:06:00+00:00,2024-03-28 08:07:00+00:00,2024-03-28 08:21:00+00:00,trajectory_1163dafd9e9d_13_47316a2592d4,-1,market,0.0,15,1,4,12,44740.0
439794,439795,439809,439809,closed,timeout,20174.25,20172.0,20174.0,20172.25,20178.25,20162.25,2.25,1.75,1.25,25.0,10.0,0.5,15.0,15.0,3.75,2024-03-28 11:32:00+00:00,2024-03-28 11:32:00+00:00,2024-03-28 11:47:00+00:00,2024-03-28 11:47:00+00:00,trajectory_1163dafd9e9d_13_47316a2592d4,-1,market,0.0,15,1,4,12,44765.0
439914,439915,439917,439917,closed,stop,20163.0,20167.0,20162.75,20167.25,20167.0,20151.0,-4.0,-4.5,-5.0,-100.0,10.0,0.5,3.0,3.0,10.5,2024-03-28 13:32:00+00:00,2024-03-28 13:32:00+00:00,2024-03-28 13:35:00+00:00,2024-03-28 13:47:00+00:00,trajectory_1163dafd9e9d_13_47316a2592d4,-1,market,0.0,15,1,4,12,44665.0
440069,440070,440071,440071,closed,stop,20178.75,20182.75,20178.5,20183.0,20182.75,20166.75,-4.0,-4.5,-5.0,-100.0,10.0,0.5,2.0,2.0,4.25,2024-03-28 16:07:00+00:00,2024-03-28 16:07:00+00:00,2024-03-28 16:09:00+00:00,2024-03-28 16:22:00+00:00,trajectory_1163dafd9e9d_13_47316a2592d4,-1,market,0.0,15,1,4,12,44565.0
440184,440185,440185,440185,closed,stop,20147.75,20151.75,20147.5,20152.0,20151.75,20135.75,-4.0,-4.5,-5.0,-100.0,10.0,0.5,1.0,1.0,6.75,2024-03-28 18:02:00+00:00,2024-03-28 18:02:00+00:00,2024-03-28 18:03:00+00:00,2024-03-28 18:17:00+00:00,trajectory_1163dafd9e9d_13_47316a2592d4,-1,market,0.0,15,1,4,12,44465.0
440302,440303,440303,440303,closed,stop,20156.75,20160.75,20156.5,20161.0,20160.75,20144.75,-4.0,-4.5,-5.0,-100.0,10.0,0.5,1.0,1.0,6.75,2024-03-28 20:00:00+00:00,2024-03-28 20:00:00+00:00,2024-03-28 20:01:00+00:00,2024-03-28 20:15:00+00:00,trajectory_1163dafd9e9d_13_47316a2592d4,-1,market,0.0,15,1,4,12,44365.0
440954,440955,440958,440958,closed,target,20266.5,20254.5,20266.25,20254.75,20270.5,20254.5,12.0,11.5,11.0,220.0,10.0,0.5,4.0,4.0,1.75,2024-04-01 08:07:00+00:00,2024-04-01 08:07:00+00:00,2024-04-01 08:11:00+00:00,2024-04-01 08:22:00+00:00,trajectory_1163dafd9e9d_13_47316a2592d4,-1,market,0.0,15,1,4,12,44585.0
441130,441131,441145,441145,closed,timeout,20259.25,20249.5,20259.0,20249.75,20263.25,20247.25,9.75,9.25,8.75,175.0,10.0,0.5,15.0,15.0,1.75,2024-04-01 11:03:00+00:00,2024-04-01 11:03:00+00:00,2024-04-01 11:18:00+00:00,2024-04-01 11:18:00+00:00,trajectory_1163dafd9e9d_13_47316a2592d4,-1,market,0.0,15,1,4,12,44760.0
441147,441148,441153,441153,closed,target,20240.75,20228.75,20240.5,20229.0,20244.75,20228.75,12.0,11.5,11.0,220.0,10.0,0.5,6.0,6.0,0.5,2024-04-01 11:20:00+00:00,2024-04-01 11:20:00+00:00,2024-04-01 11:26:00+00:00,2024-04-01 11:35:00+00:00,trajectory_1163dafd9e9d_13_47316a2592d4,-1,market,0.0,15,1,4,12,44980.0
441193,441194,441195,441195,closed,target,20220.25,20208.25,20220.0,20208.5,20224.25,20208.25,12.0,11.5,11.0,220.0,10.0,0.5,2.0,2.0,1.75,2024-04-01 12:06:00+00:00,2024-04-01 12:06:00+00:00,2024-04-01 12:08:00+00:00,2024-04-01 12:21:00+00:00,trajectory_1163dafd9e9d_13_47316a2592d4,-1,market,0.0,15,1,4,12,45200.0
441195,441196,441196,441196,closed,stop,20202.75,20206.75,20202.5,20207.0,20206.75,20190.75,-4.0,-4.5,-5.0,-100.0,10.0,0.5,1.0,1.0,6.5,2024-04-01 12:08:00+00:00,2024-04-01 12:08:00+00:00,2024-04-01 12:09:00+00:00,2024-04-01 12:23:00+00:00,trajectory_1163dafd9e9d_13_47316a2592d4,-1,market,0.0,15,1,4,12,45100.0
441263,441264,441267,441267,closed,stop,20180.5,20184.5,20180.25,20184.75,20184.5,20168.5,-4.0,-4.5,-5.0,-100.0,10.0,0.5,4.0,4.0,4.25,2024-04-01 13:16:00+00:00,2024-04-01 13:16:00+00:00,2024-04-01 13:20:00+00:00,2024-04-01 13:31:00+00:00,trajectory_1163dafd9e9d_13_47316a2592d4,-1,market,0.0,15,1,4,12,45000.0
441326,441327,441327,441327,closed,target,20232.0,20220.0,20231.75,20220.25,20236.0,20220.0,12.0,11.5,11.0,220.0,10.0,0.5,1.0,1.0,1.25,2024-04-01 14:19:00+00:00,2024-04-01 14:19:00+00:00,2024-04-01 14:20:00+00:00,2024-04-01 14:34:00+00:00,trajectory_1163dafd9e9d_13_47316a2592d4,-1,market,0.0,15,1,4,12,45220.0
441834,441835,441835,441835,closed,stop,20157.5,20161.5,20157.25,20161.75,20161.5,20145.5,-4.0,-4.5,-5.0,-100.0,10.0,0.5,1.0,1.0,4.5,2024-04-02 00:02:00+00:00,2024-04-02 00:02:00+00:00,2024-04-02 00:03:00+00:00,2024-04-02 00:17:00+00:00,trajectory_1163dafd9e9d_13_47316a2592d4,-1,market,0.0,15,1,4,12,45120.0
442135,442136,442150,442150,closed,timeout,20165.5,20158.5,20165.25,20158.75,20169.5,20153.5,7.0,6.5,6.0,120.0,10.0,0.5,15.0,15.0,2.0,2024-04-02 05:03:00+00:00,2024-04-02 05:03:00+00:00,2024-04-02 05:18:00+00:00,2024-04-02 05:18:00+00:00,trajectory_1163dafd9e9d_13_47316a2592d4,-1,market,0.0,15,1,4,12,45240.0
442152,442153,442154,442154,closed,stop,20151.5,20155.5,20151.25,20155.75,20155.5,20139.5,-4.0,-4.5,-5.0,-100.0,10.0,0.5,2.0,2.0,6.0,2024-04-02 05:20:00+00:00,2024-04-02 05:20:00+00:00,2024-04-02 05:22:00+00:00,2024-04-02 05:35:00+00:00,trajectory_1163dafd9e9d_13_47316a2592d4,-1,market,0.0,15,1,4,12,45140.0
442472,442473,442477,442477,closed,stop,20123.25,20127.25,20123.0,20127.5,20127.25,20111.25,-4.0,-4.5,-5.0,-100.0,10.0,0.5,5.0,5.0,6.25,2024-04-02 10:40:00+00:00,2024-04-02 10:40:00+00:00,2024-04-02 10:45:00+00:00,2024-04-02 10:55:00+00:00,trajectory_1163dafd9e9d_13_47316a2592d4,-1,market,0.0,15,1,4,12,45040.0
443205,443206,443206,443206,closed,stop,20008.5,20012.5,20008.25,20012.75,20012.5,19996.5,-4.0,-4.5,-5.0,-100.0,10.0,0.5,1.0,1.0,4.25,2024-04-03 00:08:00+00:00,2024-04-03 00:08:00+00:00,2024-04-03 00:09:00+00:00,2024-04-03 00:23:00+00:00,trajectory_1163dafd9e9d_13_47316a2592d4,-1,market,0.0,15,1,4,12,44940.0
443264,443265,443266,443266,closed,stop,19987.75,19991.75,19987.5,19992.0,19991.75,19975.75,-4.0,-4.5,-5.0,-100.0,10.0,0.5,2.0,2.0,7.75,2024-04-03 01:07:00+00:00,2024-04-03 01:07:00+00:00,2024-04-03 01:09:00+00:00,2024-04-03 01:22:00+00:00,trajectory_1163dafd9e9d_13_47316a2592d4,-1,market,0.0,15,1,4,12,44840.0
443371,443372,443373,443373,closed,stop,19987.75,19991.75,19987.5,19992.0,19991.75,19975.75,-4.0,-4.5,-5.0,-100.0,10.0,0.5,2.0,2.0,5.5,2024-04-03 02:54:00+00:00,2024-04-03 02:54:00+00:00,2024-04-03 02:56:00+00:00,2024-04-03 03:09:00+00:00,trajectory_1163dafd9e9d_13_47316a2592d4,-1,market,0.0,15,1,4,12,44740.0
443536,443537,443538,443538,closed,stop,19978.0,19982.0,19977.75,19982.25,19982.0,19966.0,-4.0,-4.5,-5.0,-100.0,10.0,0.5,2.0,2.0,4.75,2024-04-03 05:39:00+00:00,2024-04-03 05:39:00+00:00,2024-04-03 05:41:00+00:00,2024-04-03 05:54:00+00:00,trajectory_1163dafd9e9d_13_47316a2592d4,-1,market,0.0,15,1,4,12,44640.0
443623,443624,443627,443627,closed,stop,19965.25,19969.25,19965.0,19969.5,19969.25,19953.25,-4.0,-4.5,-5.0,-100.0,10.0,0.5,4.0,4.0,6.5,2024-04-03 07:06:00+00:00,2024-04-03 07:06:00+00:00,2024-04-03 07:10:00+00:00,2024-04-03 07:21:00+00:00,trajectory_1163dafd9e9d_13_47316a2592d4,-1,market,0.0,15,1,4,12,44540.0
444195,444196,444196,444196,closed,target,20098.75,20086.75,20098.5,20087.0,20102.75,20086.75,12.0,11.5,11.0,220.0,10.0,0.5,1.0,1.0,3.25,2024-04-03 16:38:00+00:00,2024-04-03 16:38:00+00:00,2024-04-03 16:39:00+00:00,2024-04-03 16:53:00+00:00,trajectory_1163dafd9e9d_13_47316a2592d4,-1,market,0.0,15,1,4,12,44760.0
444196,444197,444197,444197,closed,stop,20068.75,20072.75,20068.5,20073.0,20072.75,20056.75,-4.0,-4.5,-5.0,-100.0,10.0,0.5,1.0,1.0,13.75,2024-04-03 16:39:00+00:00,2024-04-03 16:39:00+00:00,2024-04-03 16:40:00+00:00,2024-04-03 16:54:00+00:00,trajectory_1163dafd9e9d_13_47316a2592d4,-1,market,0.0,15,1,4,12,44660.0
444352,444353,444353,444353,closed,target,20038.75,20026.75,20038.5,20027.0,20042.75,20026.75,12.0,11.5,11.0,220.0,10.0,0.5,1.0,1.0,0.25,2024-04-03 19:15:00+00:00,2024-04-03 19:15:00+00:00,2024-04-03 19:16:00+00:00,2024-04-03 19:30:00+00:00,trajectory_1163dafd9e9d_13_47316a2592d4,-1,market,0.0,15,1,4,12,44880.0
444353,444354,444354,444354,closed,stop,20032.25,20036.25,20032.0,20036.5,20036.25,20020.25,-4.0,-4.5,-5.0,-100.0,10.0,0.5,1.0,1.0,11.25,2024-04-03 19:16:00+00:00,2024-04-03 19:16:00+00:00,2024-04-03 19:17:00+00:00,2024-04-03 19:31:00+00:00,trajectory_1163dafd9e9d_13_47316a2592d4,-1,market,0.0,15,1,4,12,44780.0
444667,444668,444670,444670,closed,stop,20131.25,20135.25,20131.0,20135.5,20135.25,20119.25,-4.0,-4.5,-5.0,-100.0,10.0,0.5,3.0,3.0,7.5,2024-04-04 01:45:00+00:00,2024-04-04 01:45:00+00:00,2024-04-04 01:48:00+00:00,2024-04-04 02:00:00+00:00,trajectory_1163dafd9e9d_13_47316a2592d4,-1,market,0.0,15,1,4,12,44680.0
444885,444886,444900,444900,closed,timeout,20131.75,20129.75,20131.5,20130.0,20135.75,20119.75,2.0,1.5,1.0,20.0,10.0,0.5,15.0,15.0,2.25,2024-04-04 05:23:00+00:00,2024-04-04 05:23:00+00:00,2024-04-04 05:38:00+00:00,2024-04-04 05:38:00+00:00,trajectory_1163dafd9e9d_13_47316a2592d4,-1,market,0.0,15,1,4,12,44700.0
444923,444924,444935,444935,closed,stop,20118.75,20122.75,20118.5,20123.0,20122.75,20106.75,-4.0,-4.5,-5.0,-100.0,10.0,0.5,12.0,12.0,7.5,2024-04-04 06:01:00+00:00,2024-04-04 06:01:00+00:00,2024-04-04 06:13:00+00:00,2024-04-04 06:16:00+00:00,trajectory_1163dafd9e9d_13_47316a2592d4,-1,market,0.0,15,1,4,12,44600.0
445641,445642,445642,445642,closed,stop,20188.75,20192.75,20188.5,20193.0,20192.75,20176.75,-4.0,-4.5,-5.0,-100.0,10.0,0.5,1.0,1.0,5.25,2024-04-04 17:59:00+00:00,2024-04-04 17:59:00+00:00,2024-04-04 18:00:00+00:00,2024-04-04 18:14:00+00:00,trajectory_1163dafd9e9d_13_47316a2592d4,-1,market,0.0,15,1,4,12,44500.0
445653,445654,445654,445654,closed,stop,20123.0,20127.0,20122.75,20127.25,20127.0,20111.0,-4.0,-4.5,-5.0,-100.0,10.0,0.5,1.0,1.0,13.0,2024-04-04 18:11:00+00:00,2024-04-04 18:11:00+00:00,2024-04-04 18:12:00+00:00,2024-04-04 18:26:00+00:00,trajectory_1163dafd9e9d_13_47316a2592d4,-1,market,0.0,15,1,4,12,44400.0
445673,445674,445674,445674,closed,stop,19982.0,19986.0,19981.75,19986.25,19986.0,19970.0,-4.0,-4.5,-5.0,-100.0,10.0,0.5,1.0,1.0,19.0,2024-04-04 18:31:00+00:00,2024-04-04 18:31:00+00:00,2024-04-04 18:32:00+00:00,2024-04-04 18:46:00+00:00,trajectory_1163dafd9e9d_13_47316a2592d4,-1,market,0.0,15,1,4,12,44300.0
445964,445965,445965,445965,closed,target,19771.5,19759.5,19771.25,19759.75,19775.5,19759.5,12.0,11.5,11.0,220.0,10.0,0.5,1.0,1.0,3.5,2024-04-05 00:37:00+00:00,2024-04-05 00:37:00+00:00,2024-04-05 00:38:00+00:00,2024-04-05 00:52:00+00:00,trajectory_1163dafd9e9d_13_47316a2592d4,-1,market,0.0,15,1,4,12,44520.0
445965,445966,445966,445966,closed,stop,19753.0,19757.0,19752.75,19757.25,19757.0,19741.0,-4.0,-4.5,-5.0,-100.0,10.0,0.5,1.0,1.0,15.25,2024-04-05 00:38:00+00:00,2024-04-05 00:38:00+00:00,2024-04-05 00:39:00+00:00,2024-04-05 00:53:00+00:00,trajectory_1163dafd9e9d_13_47316a2592d4,-1,market,0.0,15,1,4,12,44420.0
446014,446015,446015,446015,closed,stop,19768.5,19772.5,19768.25,19772.75,19772.5,19756.5,-4.0,-4.5,-5.0,-100.0,10.0,0.5,1.0,1.0,4.75,2024-04-05 01:27:00+00:00,2024-04-05 01:27:00+00:00,2024-04-05 01:28:00+00:00,2024-04-05 01:42:00+00:00,trajectory_1163dafd9e9d_13_47316a2592d4,-1,market,0.0,15,1,4,12,44320.0
446260,446261,446261,446261,closed,stop,19794.5,19798.5,19794.25,19798.75,19798.5,19782.5,-4.0,-4.5,-5.0,-100.0,10.0,0.5,1.0,1.0,4.5,2024-04-05 05:33:00+00:00,2024-04-05 05:33:00+00:00,2024-04-05 05:34:00+00:00,2024-04-05 05:48:00+00:00,trajectory_1163dafd9e9d_13_47316a2592d4,-1,market,0.0,15,1,4,12,44220.0
446678,446679,446679,446679,closed,stop,19802.75,19806.75,19802.5,19807.0,19806.75,19790.75,-4.0,-4.5,-5.0,-100.0,10.0,0.5,1.0,1.0,14.5,2024-04-05 12:31:00+00:00,2024-04-05 12:31:00+00:00,2024-04-05 12:32:00+00:00,2024-04-05 12:46:00+00:00,trajectory_1163dafd9e9d_13_47316a2592d4,-1,market,0.0,15,1,4,12,44120.0
447005,447006,447006,447006,closed,stop,19982.75,19986.75,19982.5,19987.0,19986.75,19970.75,-4.0,-4.5,-5.0,-100.0,10.0,0.5,1.0,1.0,10.5,2024-04-05 17:58:00+00:00,2024-04-05 17:58:00+00:00,2024-04-05 17:59:00+00:00,2024-04-05 18:13:00+00:00,trajectory_1163dafd9e9d_13_47316a2592d4,-1,market,0.0,15,1,4,12,44020.0
447322,447323,447324,447324,closed,stop,19979.5,19983.5,19979.25,19983.75,19983.5,19967.5,-4.0,-4.5,-5.0,-100.0,10.0,0.5,2.0,2.0,6.0,2024-04-08 00:30:00+00:00,2024-04-08 00:30:00+00:00,2024-04-08 00:32:00+00:00,2024-04-08 00:45:00+00:00,trajectory_1163dafd9e9d_13_47316a2592d4,-1,market,0.0,15,1,4,12,43920.0
447489,447490,447502,447502,closed,target,20001.5,19989.5,20001.25,19989.75,20005.5,19989.5,12.0,11.5,11.0,220.0,10.0,0.5,13.0,13.0,2.0,2024-04-08 03:17:00+00:00,2024-04-08 03:17:00+00:00,2024-04-08 03:30:00+00:00,2024-04-08 03:32:00+00:00,trajectory_1163dafd9e9d_13_47316a2592d4,-1,market,0.0,15,1,4,12,44140.0
447502,447503,447508,447508,closed,target,19985.5,19973.5,19985.25,19973.75,19989.5,19973.5,12.0,11.5,11.0,220.0,10.0,0.5,6.0,6.0,4.0,2024-04-08 03:30:00+00:00,2024-04-08 03:30:00+00:00,2024-04-08 03:36:00+00:00,2024-04-08 03:45:00+00:00,trajectory_1163dafd9e9d_13_47316a2592d4,-1,market,0.0,15,1,4,12,44360.0
447508,447509,447509,447509,closed,stop,19970.25,19974.25,19970.0,19974.5,19974.25,19958.25,-4.0,-4.5,-5.0,-100.0,10.0,0.5,1.0,1.0,4.25,2024-04-08 03:36:00+00:00,2024-04-08 03:36:00+00:00,2024-04-08 03:37:00+00:00,2024-04-08 03:51:00+00:00,trajectory_1163dafd9e9d_13_47316a2592d4,-1,market,0.0,15,1,4,12,44260.0
447668,447669,447678,447678,closed,stop,19984.25,19988.25,19984.0,19988.5,19988.25,19972.25,-4.0,-4.5,-5.0,-100.0,10.0,0.5,10.0,10.0,5.5,2024-04-08 06:16:00+00:00,2024-04-08 06:16:00+00:00,2024-04-08 06:26:00+00:00,2024-04-08 06:31:00+00:00,trajectory_1163dafd9e9d_13_47316a2592d4,-1,market,0.0,15,1,4,12,44160.0
447796,447797,447797,447797,closed,stop,19948.5,19952.5,19948.25,19952.75,19952.5,19936.5,-4.0,-4.5,-5.0,-100.0,10.0,0.5,1.0,1.0,9.0,2024-04-08 08:24:00+00:00,2024-04-08 08:24:00+00:00,2024-04-08 08:25:00+00:00,2024-04-08 08:39:00+00:00,trajectory_1163dafd9e9d_13_47316a2592d4,-1,market,0.0,15,1,4,12,44060.0
448103,448104,448104,448104,closed,stop,20012.5,20016.5,20012.25,20016.75,20016.5,20000.5,-4.0,-4.5,-5.0,-100.0,10.0,0.5,1.0,1.0,15.5,2024-04-08 13:31:00+00:00,2024-04-08 13:31:00+00:00,2024-04-08 13:32:00+00:00,2024-04-08 13:46:00+00:00,trajectory_1163dafd9e9d_13_47316a2592d4,-1,market,0.0,15,1,4,12,43960.0
448195,448196,448196,448196,closed,stop,20025.5,20029.5,20025.25,20029.75,20029.5,20013.5,-4.0,-4.5,-5.0,-100.0,10.0,0.5,1.0,1.0,12.5,2024-04-08 15:03:00+00:00,2024-04-08 15:03:00+00:00,2024-04-08 15:04:00+00:00,2024-04-08 15:18:00+00:00,trajectory_1163dafd9e9d_13_47316a2592d4,-1,market,0.0,15,1,4,12,43860.0
448229,448230,448231,448231,closed,stop,19997.0,20001.0,19996.75,20001.25,20001.0,19985.0,-4.0,-4.5,-5.0,-100.0,10.0,0.5,2.0,2.0,7.25,2024-04-08 15:37:00+00:00,2024-04-08 15:37:00+00:00,2024-04-08 15:39:00+00:00,2024-04-08 15:52:00+00:00,trajectory_1163dafd9e9d_13_47316a2592d4,-1,market,0.0,15,1,4,12,43760.0
448641,448642,448643,448643,closed,stop,20000.25,20004.25,20000.0,20004.5,20004.25,19988.25,-4.0,-4.5,-5.0,-100.0,10.0,0.5,2.0,2.0,5.0,2024-04-08 23:44:00+00:00,2024-04-08 23:44:00+00:00,2024-04-08 23:46:00+00:00,2024-04-08 23:59:00+00:00,trajectory_1163dafd9e9d_13_47316a2592d4,-1,market,0.0,15,1,4,12,43660.0
449114,449115,449122,449122,closed,target,19999.75,19987.75,19999.5,19988.0,20003.75,19987.75,12.0,11.5,11.0,220.0,10.0,0.5,8.0,8.0,2.25,2024-04-09 07:37:00+00:00,2024-04-09 07:37:00+00:00,2024-04-09 07:45:00+00:00,2024-04-09 07:52:00+00:00,trajectory_1163dafd9e9d_13_47316a2592d4,-1,market,0.0,15,1,4,12,43880.0
449288,449289,449289,449289,closed,target,19978.0,19966.0,19977.75,19966.25,19982.0,19966.0,12.0,11.5,11.0,220.0,10.0,0.5,1.0,1.0,2.0,2024-04-09 10:31:00+00:00,2024-04-09 10:31:00+00:00,2024-04-09 10:32:00+00:00,2024-04-09 10:46:00+00:00,trajectory_1163dafd9e9d_13_47316a2592d4,-1,market,0.0,15,1,4,12,44100.0
449289,449290,449290,449290,closed,stop,19968.25,19972.25,19968.0,19972.5,19972.25,19956.25,-4.0,-4.5,-5.0,-100.0,10.0,0.5,1.0,1.0,6.25,2024-04-09 10:32:00+00:00,2024-04-09 10:32:00+00:00,2024-04-09 10:33:00+00:00,2024-04-09 10:47:00+00:00,trajectory_1163dafd9e9d_13_47316a2592d4,-1,market,0.0,15,1,4,12,44000.0
449525,449526,449526,449526,closed,target,20005.0,19993.0,20004.75,19993.25,20009.0,19993.0,12.0,11.5,11.0,220.0,10.0,0.5,1.0,1.0,2.0,2024-04-09 14:28:00+00:00,2024-04-09 14:28:00+00:00,2024-04-09 14:29:00+00:00,2024-04-09 14:43:00+00:00,trajectory_1163dafd9e9d_13_47316a2592d4,-1,market,0.0,15,1,4,12,44220.0
449528,449529,449529,449529,closed,target,19938.75,19926.75,19938.5,19927.0,19942.75,19926.75,12.0,11.5,11.0,220.0,10.0,0.5,1.0,1.0,3.75,2024-04-09 14:31:00+00:00,2024-04-09 14:31:00+00:00,2024-04-09 14:32:00+00:00,2024-04-09 14:46:00+00:00,trajectory_1163dafd9e9d_13_47316a2592d4,-1,market,0.0,15,1,4,12,44440.0
450566,450567,450567,450567,closed,stop,20081.75,20085.75,20081.5,20086.0,20085.75,20069.75,-4.0,-4.5,-5.0,-100.0,10.0,0.5,1.0,1.0,6.5,2024-04-10 09:05:00+00:00,2024-04-10 09:05:00+00:00,2024-04-10 09:06:00+00:00,2024-04-10 09:20:00+00:00,trajectory_1163dafd9e9d_13_47316a2592d4,-1,market,0.0,15,1,4,12,44340.0
450622,450623,450623,450623,closed,stop,20037.5,20041.5,20037.25,20041.75,20041.5,20025.5,-4.0,-4.5,-5.0,-100.0,10.0,0.5,1.0,1.0,4.5,2024-04-10 10:01:00+00:00,2024-04-10 10:01:00+00:00,2024-04-10 10:02:00+00:00,2024-04-10 10:16:00+00:00,trajectory_1163dafd9e9d_13_47316a2592d4,-1,market,0.0,15,1,4,12,44240.0
450772,450773,450773,450773,closed,target,19861.25,19849.25,19861.0,19849.5,19865.25,19849.25,12.0,11.5,11.0,220.0,10.0,0.5,1.0,1.0,4.0,2024-04-10 12:31:00+00:00,2024-04-10 12:31:00+00:00,2024-04-10 12:32:00+00:00,2024-04-10 12:46:00+00:00,trajectory_1163dafd9e9d_13_47316a2592d4,-1,market,0.0,15,1,4,12,44460.0
450773,450774,450774,450774,closed,stop,19810.0,19814.0,19809.75,19814.25,19814.0,19798.0,-4.0,-4.5,-5.0,-100.0,10.0,0.5,1.0,1.0,29.0,2024-04-10 12:32:00+00:00,2024-04-10 12:32:00+00:00,2024-04-10 12:33:00+00:00,2024-04-10 12:47:00+00:00,trajectory_1163dafd9e9d_13_47316a2592d4,-1,market,0.0,15,1,4,12,44360.0
451328,451329,451329,451329,closed,stop,19855.5,19859.5,19855.25,19859.75,19859.5,19843.5,-4.0,-4.5,-5.0,-100.0,10.0,0.5,1.0,1.0,5.5,2024-04-10 23:02:00+00:00,2024-04-10 23:02:00+00:00,2024-04-10 23:03:00+00:00,2024-04-10 23:17:00+00:00,trajectory_1163dafd9e9d_13_47316a2592d4,-1,market,0.0,15,1,4,12,44260.0
451465,451466,451471,451471,closed,target,19861.0,19849.0,19860.75,19849.25,19865.0,19849.0,12.0,11.5,11.0,220.0,10.0,0.5,6.0,6.0,0.5,2024-04-11 01:19:00+00:00,2024-04-11 01:19:00+00:00,2024-04-11 01:25:00+00:00,2024-04-11 01:34:00+00:00,trajectory_1163dafd9e9d_13_47316a2592d4,-1,market,0.0,15,1,4,12,44480.0
452198,452199,452199,452199,closed,stop,19926.0,19930.0,19925.75,19930.25,19930.0,19914.0,-4.0,-4.5,-5.0,-100.0,10.0,0.5,1.0,1.0,18.5,2024-04-11 13:32:00+00:00,2024-04-11 13:32:00+00:00,2024-04-11 13:33:00+00:00,2024-04-11 13:47:00+00:00,trajectory_1163dafd9e9d_13_47316a2592d4,-1,market,0.0,15,1,4,12,44380.0
452721,452722,452736,452736,closed,timeout,20187.5,20187.25,20187.25,20187.5,20191.5,20175.5,0.25,-0.25,-0.75,-15.0,10.0,0.5,15.0,15.0,2.25,2024-04-11 23:30:00+00:00,2024-04-11 23:30:00+00:00,2024-04-11 23:45:00+00:00,2024-04-11 23:45:00+00:00,trajectory_1163dafd9e9d_13_47316a2592d4,-1,market,0.0,15,1,4,12,44365.0
452739,452740,452740,452740,closed,target,20179.0,20167.0,20178.75,20167.25,20183.0,20167.0,12.0,11.5,11.0,220.0,10.0,0.5,1.0,1.0,1.0,2024-04-11 23:48:00+00:00,2024-04-11 23:48:00+00:00,2024-04-11 23:49:00+00:00,2024-04-12 00:03:00+00:00,trajectory_1163dafd9e9d_13_47316a2592d4,-1,market,0.0,15,1,4,12,44585.0
452740,452741,452741,452741,closed,stop,20171.5,20175.5,20171.25,20175.75,20175.5,20159.5,-4.0,-4.5,-5.0,-100.0,10.0,0.5,1.0,1.0,5.5,2024-04-11 23:49:00+00:00,2024-04-11 23:49:00+00:00,2024-04-11 23:50:00+00:00,2024-04-12 00:04:00+00:00,trajectory_1163dafd9e9d_13_47316a2592d4,-1,market,0.0,15,1,4,12,44485.0
453351,453352,453352,453352,closed,stop,20101.0,20105.0,20100.75,20105.25,20105.0,20089.0,-4.0,-4.5,-5.0,-100.0,10.0,0.5,1.0,1.0,4.5,2024-04-12 10:01:00+00:00,2024-04-12 10:01:00+00:00,2024-04-12 10:02:00+00:00,2024-04-12 10:16:00+00:00,trajectory_1163dafd9e9d_13_47316a2592d4,-1,market,0.0,15,1,4,12,44385.0
453401,453402,453402,453402,closed,stop,20066.0,20070.0,20065.75,20070.25,20070.0,20054.0,-4.0,-4.5,-5.0,-100.0,10.0,0.5,1.0,1.0,8.5,2024-04-12 10:51:00+00:00,2024-04-12 10:51:00+00:00,2024-04-12 10:52:00+00:00,2024-04-12 11:06:00+00:00,trajectory_1163dafd9e9d_13_47316a2592d4,-1,market,0.0,15,1,4,12,44285.0
454135,454136,454136,454136,closed,stop,19893.0,19897.0,19892.75,19897.25,19897.0,19881.0,-4.0,-4.5,-5.0,-100.0,10.0,0.5,1.0,1.0,8.25,2024-04-15 00:20:00+00:00,2024-04-15 00:20:00+00:00,2024-04-15 00:21:00+00:00,2024-04-15 00:35:00+00:00,trajectory_1163dafd9e9d_13_47316a2592d4,-1,market,0.0,15,1,4,12,44185.0
454297,454298,454300,454300,closed,stop,19908.0,19912.0,19907.75,19912.25,19912.0,19896.0,-4.0,-4.5,-5.0,-100.0,10.0,0.5,3.0,3.0,5.5,2024-04-15 03:02:00+00:00,2024-04-15 03:02:00+00:00,2024-04-15 03:05:00+00:00,2024-04-15 03:17:00+00:00,trajectory_1163dafd9e9d_13_47316a2592d4,-1,market,0.0,15,1,4,12,44085.0
454866,454867,454867,454867,closed,stop,19971.75,19975.75,19971.5,19976.0,19975.75,19959.75,-4.0,-4.5,-5.0,-100.0,10.0,0.5,1.0,1.0,6.0,2024-04-15 12:31:00+00:00,2024-04-15 12:31:00+00:00,2024-04-15 12:32:00+00:00,2024-04-15 12:46:00+00:00,trajectory_1163dafd9e9d_13_47316a2592d4,-1,market,0.0,15,1,4,12,43985.0
454926,454927,454927,454927,closed,stop,20003.0,20007.0,20002.75,20007.25,20007.0,19991.0,-4.0,-4.5,-5.0,-100.0,10.0,0.5,1.0,1.0,6.25,2024-04-15 13:31:00+00:00,2024-04-15 13:31:00+00:00,2024-04-15 13:32:00+00:00,2024-04-15 13:46:00+00:00,trajectory_1163dafd9e9d_13_47316a2592d4,-1,market,0.0,15,1,4,12,43885.0
455154,455155,455155,455155,closed,target,19760.5,19748.5,19760.25,19748.75,19764.5,19748.5,12.0,11.5,11.0,220.0,10.0,0.5,1.0,1.0,3.0,2024-04-15 17:19:00+00:00,2024-04-15 17:19:00+00:00,2024-04-15 17:20:00+00:00,2024-04-15 17:34:00+00:00,trajectory_1163dafd9e9d_13_47316a2592d4,-1,market,0.0,15,1,4,12,44105.0
455422,455423,455426,455426,closed,stop,19565.75,19569.75,19565.5,19570.0,19569.75,19553.75,-4.0,-4.5,-5.0,-100.0,10.0,0.5,4.0,4.0,4.5,2024-04-15 23:02:00+00:00,2024-04-15 23:02:00+00:00,2024-04-15 23:06:00+00:00,2024-04-15 23:17:00+00:00,trajectory_1163dafd9e9d_13_47316a2592d4,-1,market,0.0,15,1,4,12,44005.0
455436,455437,455438,455438,closed,target,19553.25,19541.25,19553.0,19541.5,19557.25,19541.25,12.0,11.5,11.0,220.0,10.0,0.5,2.0,2.0,2.75,2024-04-15 23:16:00+00:00,2024-04-15 23:16:00+00:00,2024-04-15 23:18:00+00:00,2024-04-15 23:31:00+00:00,trajectory_1163dafd9e9d_13_47316a2592d4,-1,market,0.0,15,1,4,12,44225.0
455548,455549,455562,455562,closed,stop,19561.0,19565.0,19560.75,19565.25,19565.0,19549.0,-4.0,-4.5,-5.0,-100.0,10.0,0.5,14.0,14.0,5.0,2024-04-16 01:08:00+00:00,2024-04-16 01:08:00+00:00,2024-04-16 01:22:00+00:00,2024-04-16 01:23:00+00:00,trajectory_1163dafd9e9d_13_47316a2592d4,-1,market,0.0,15,1,4,12,44125.0
455605,455606,455606,455606,closed,stop,19555.25,19559.25,19555.0,19559.5,19559.25,19543.25,-4.0,-4.5,-5.0,-100.0,10.0,0.5,1.0,1.0,7.5,2024-04-16 02:05:00+00:00,2024-04-16 02:05:00+00:00,2024-04-16 02:06:00+00:00,2024-04-16 02:20:00+00:00,trajectory_1163dafd9e9d_13_47316a2592d4,-1,market,0.0,15,1,4,12,44025.0
455630,455631,455631,455631,closed,stop,19514.75,19518.75,19514.5,19519.0,19518.75,19502.75,-4.0,-4.5,-5.0,-100.0,10.0,0.5,1.0,1.0,10.75,2024-04-16 02:30:00+00:00,2024-04-16 02:30:00+00:00,2024-04-16 02:31:00+00:00,2024-04-16 02:45:00+00:00,trajectory_1163dafd9e9d_13_47316a2592d4,-1,market,0.0,15,1,4,12,43925.0
455639,455640,455640,455640,closed,stop,19492.5,19496.5,19492.25,19496.75,19496.5,19480.5,-4.0,-4.5,-5.0,-100.0,10.0,0.5,1.0,1.0,13.5,2024-04-16 02:39:00+00:00,2024-04-16 02:39:00+00:00,2024-04-16 02:40:00+00:00,2024-04-16 02:54:00+00:00,trajectory_1163dafd9e9d_13_47316a2592d4,-1,market,0.0,15,1,4,12,43825.0
455754,455755,455755,455755,closed,stop,19517.75,19521.75,19517.5,19522.0,19521.75,19505.75,-4.0,-4.5,-5.0,-100.0,10.0,0.5,1.0,1.0,4.75,2024-04-16 04:34:00+00:00,2024-04-16 04:34:00+00:00,2024-04-16 04:35:00+00:00,2024-04-16 04:49:00+00:00,trajectory_1163dafd9e9d_13_47316a2592d4,-1,market,0.0,15,1,4,12,43725.0
456208,456209,456209,456209,closed,stop,19569.25,19573.25,19569.0,19573.5,19573.25,19557.25,-4.0,-4.5,-5.0,-100.0,10.0,0.5,1.0,1.0,8.25,2024-04-16 12:08:00+00:00,2024-04-16 12:08:00+00:00,2024-04-16 12:09:00+00:00,2024-04-16 12:23:00+00:00,trajectory_1163dafd9e9d_13_47316a2592d4,-1,market,0.0,15,1,4,12,43625.0
456531,456532,456532,456532,closed,stop,19541.25,19545.25,19541.0,19545.5,19545.25,19529.25,-4.0,-4.5,-5.0,-100.0,10.0,0.5,1.0,1.0,26.25,2024-04-16 17:31:00+00:00,2024-04-16 17:31:00+00:00,2024-04-16 17:32:00+00:00,2024-04-16 17:46:00+00:00,trajectory_1163dafd9e9d_13_47316a2592d4,-1,market,0.0,15,1,4,12,43525.0
456655,456656,456656,456656,closed,stop,19585.75,19589.75,19585.5,19590.0,19589.75,19573.75,-4.0,-4.5,-5.0,-100.0,10.0,0.5,1.0,1.0,14.25,2024-04-16 19:35:00+00:00,2024-04-16 19:35:00+00:00,2024-04-16 19:36:00+00:00,2024-04-16 19:50:00+00:00,trajectory_1163dafd9e9d_13_47316a2592d4,-1,market,0.0,15,1,4,12,43425.0
456859,456860,456861,456861,closed,stop,19603.5,19607.5,19603.25,19607.75,19607.5,19591.5,-4.0,-4.5,-5.0,-100.0,10.0,0.5,2.0,2.0,5.5,2024-04-17 00:14:00+00:00,2024-04-17 00:14:00+00:00,2024-04-17 00:16:00+00:00,2024-04-17 00:29:00+00:00,trajectory_1163dafd9e9d_13_47316a2592d4,-1,market,0.0,15,1,4,12,43325.0
457146,457147,457149,457149,closed,stop,19609.0,19613.0,19608.75,19613.25,19613.0,19597.0,-4.0,-4.5,-5.0,-100.0,10.0,0.5,3.0,3.0,7.0,2024-04-17 05:01:00+00:00,2024-04-17 05:01:00+00:00,2024-04-17 05:04:00+00:00,2024-04-17 05:16:00+00:00,trajectory_1163dafd9e9d_13_47316a2592d4,-1,market,0.0,15,1,4,12,43225.0
457199,457200,457200,457200,closed,target,19552.0,19540.0,19551.75,19540.25,19556.0,19540.0,12.0,11.5,11.0,220.0,10.0,0.5,1.0,1.0,2.0,2024-04-17 05:54:00+00:00,2024-04-17 05:54:00+00:00,2024-04-17 05:55:00+00:00,2024-04-17 06:09:00+00:00,trajectory_1163dafd9e9d_13_47316a2592d4,-1,market,0.0,15,1,4,12,43445.0
457207,457208,457208,457208,closed,stop,19515.0,19519.0,19514.75,19519.25,19519.0,19503.0,-4.0,-4.5,-5.0,-100.0,10.0,0.5,1.0,1.0,8.0,2024-04-17 06:02:00+00:00,2024-04-17 06:02:00+00:00,2024-04-17 06:03:00+00:00,2024-04-17 06:17:00+00:00,trajectory_1163dafd9e9d_13_47316a2592d4,-1,market,0.0,15,1,4,12,43345.0
457386,457387,457387,457387,closed,target,19588.75,19576.75,19588.5,19577.0,19592.75,19576.75,12.0,11.5,11.0,220.0,10.0,0.5,1.0,1.0,1.0,2024-04-17 09:01:00+00:00,2024-04-17 09:01:00+00:00,2024-04-17 09:02:00+00:00,2024-04-17 09:16:00+00:00,trajectory_1163dafd9e9d_13_47316a2592d4,-1,market,0.0,15,1,4,12,43565.0
457656,457657,457657,457657,closed,stop,19625.0,19629.0,19624.75,19629.25,19629.0,19613.0,-4.0,-4.5,-5.0,-100.0,10.0,0.5,1.0,1.0,21.75,2024-04-17 13:31:00+00:00,2024-04-17 13:31:00+00:00,2024-04-17 13:32:00+00:00,2024-04-17 13:46:00+00:00,trajectory_1163dafd9e9d_13_47316a2592d4,-1,market,0.0,15,1,4,12,43465.0
458174,458175,458176,458176,closed,stop,19368.25,19372.25,19368.0,19372.5,19372.25,19356.25,-4.0,-4.5,-5.0,-100.0,10.0,0.5,2.0,2.0,4.75,2024-04-17 23:24:00+00:00,2024-04-17 23:24:00+00:00,2024-04-17 23:26:00+00:00,2024-04-17 23:39:00+00:00,trajectory_1163dafd9e9d_13_47316a2592d4,-1,market,0.0,15,1,4,12,43365.0
458264,458265,458266,458266,closed,stop,19379.75,19383.75,19379.5,19384.0,19383.75,19367.75,-4.0,-4.5,-5.0,-100.0,10.0,0.5,2.0,2.0,5.5,2024-04-18 00:54:00+00:00,2024-04-18 00:54:00+00:00,2024-04-18 00:56:00+00:00,2024-04-18 01:09:00+00:00,trajectory_1163dafd9e9d_13_47316a2592d4,-1,market,0.0,15,1,4,12,43265.0
458773,458774,458774,458774,closed,stop,19397.75,19401.75,19397.5,19402.0,19401.75,19385.75,-4.0,-4.5,-5.0,-100.0,10.0,0.5,1.0,1.0,6.75,2024-04-18 09:23:00+00:00,2024-04-18 09:23:00+00:00,2024-04-18 09:24:00+00:00,2024-04-18 09:38:00+00:00,trajectory_1163dafd9e9d_13_47316a2592d4,-1,market,0.0,15,1,4,12,43165.0
459022,459023,459023,459023,closed,target,19337.25,19325.25,19337.0,19325.5,19341.25,19325.25,12.0,11.5,11.0,220.0,10.0,0.5,1.0,1.0,3.25,2024-04-18 13:32:00+00:00,2024-04-18 13:32:00+00:00,2024-04-18 13:33:00+00:00,2024-04-18 13:47:00+00:00,trajectory_1163dafd9e9d_13_47316a2592d4,-1,market,0.0,15,1,4,12,43385.0
459205,459206,459206,459206,closed,stop,19340.5,19344.5,19340.25,19344.75,19344.5,19328.5,-4.0,-4.5,-5.0,-100.0,10.0,0.5,1.0,1.0,19.0,2024-04-18 16:35:00+00:00,2024-04-18 16:35:00+00:00,2024-04-18 16:36:00+00:00,2024-04-18 16:50:00+00:00,trajectory_1163dafd9e9d_13_47316a2592d4,-1,market,0.0,15,1,4,12,43285.0
459568,459569,459569,459569,closed,stop,19182.75,19186.75,19182.5,19187.0,19186.75,19170.75,-4.0,-4.5,-5.0,-100.0,10.0,0.5,1.0,1.0,7.75,2024-04-18 23:53:00+00:00,2024-04-18 23:53:00+00:00,2024-04-18 23:54:00+00:00,2024-04-19 00:08:00+00:00,trajectory_1163dafd9e9d_13_47316a2592d4,-1,market,0.0,15,1,4,12,43185.0
459633,459634,459637,459637,closed,stop,19129.5,19133.5,19129.25,19133.75,19133.5,19117.5,-4.0,-4.5,-5.0,-100.0,10.0,0.5,4.0,4.0,10.0,2024-04-19 00:58:00+00:00,2024-04-19 00:58:00+00:00,2024-04-19 01:02:00+00:00,2024-04-19 01:13:00+00:00,trajectory_1163dafd9e9d_13_47316a2592d4,-1,market,0.0,15,1,4,12,43085.0
459640,459641,459641,459641,closed,stop,19102.5,19106.5,19102.25,19106.75,19106.5,19090.5,-4.0,-4.5,-5.0,-100.0,10.0,0.5,1.0,1.0,16.25,2024-04-19 01:05:00+00:00,2024-04-19 01:05:00+00:00,2024-04-19 01:06:00+00:00,2024-04-19 01:20:00+00:00,trajectory_1163dafd9e9d_13_47316a2592d4,-1,market,0.0,15,1,4,12,42985.0
459666,459667,459667,459667,closed,stop,18988.25,18992.25,18988.0,18992.5,18992.25,18976.25,-4.0,-4.5,-5.0,-100.0,10.0,0.5,1.0,1.0,24.5,2024-04-19 01:31:00+00:00,2024-04-19 01:31:00+00:00,2024-04-19 01:32:00+00:00,2024-04-19 01:46:00+00:00,trajectory_1163dafd9e9d_13_47316a2592d4,-1,market,0.0,15,1,4,12,42885.0
460980,460981,460981,460981,closed,target,18926.0,18914.0,18925.75,18914.25,18930.0,18914.0,12.0,11.5,11.0,220.0,10.0,0.5,1.0,1.0,0.25,2024-04-22 00:40:00+00:00,2024-04-22 00:40:00+00:00,2024-04-22 00:41:00+00:00,2024-04-22 00:55:00+00:00,trajectory_1163dafd9e9d_13_47316a2592d4,-1,market,0.0,15,1,4,12,43105.0
460981,460982,460982,460982,closed,stop,18915.75,18919.75,18915.5,18920.0,18919.75,18903.75,-4.0,-4.5,-5.0,-100.0,10.0,0.5,1.0,1.0,10.0,2024-04-22 00:41:00+00:00,2024-04-22 00:41:00+00:00,2024-04-22 00:42:00+00:00,2024-04-22 00:56:00+00:00,trajectory_1163dafd9e9d_13_47316a2592d4,-1,market,0.0,15,1,4,12,43005.0
461571,461572,461583,461583,closed,target,18990.25,18978.25,18990.0,18978.5,18994.25,18978.25,12.0,11.5,11.0,220.0,10.0,0.5,12.0,12.0,0.5,2024-04-22 10:31:00+00:00,2024-04-22 10:31:00+00:00,2024-04-22 10:43:00+00:00,2024-04-22 10:46:00+00:00,trajectory_1163dafd9e9d_13_47316a2592d4,-1,market,0.0,15,1,4,12,43225.0
462115,462116,462116,462116,closed,stop,19046.75,19050.75,19046.5,19051.0,19050.75,19034.75,-4.0,-4.5,-5.0,-100.0,10.0,0.5,1.0,1.0,4.5,2024-04-22 19:35:00+00:00,2024-04-22 19:35:00+00:00,2024-04-22 19:36:00+00:00,2024-04-22 19:50:00+00:00,trajectory_1163dafd9e9d_13_47316a2592d4,-1,market,0.0,15,1,4,12,43125.0
462259,462260,462260,462260,closed,stop,18984.75,18988.75,18984.5,18989.0,18988.75,18972.75,-4.0,-4.5,-5.0,-100.0,10.0,0.5,1.0,1.0,11.5,2024-04-22 23:14:00+00:00,2024-04-22 23:14:00+00:00,2024-04-22 23:15:00+00:00,2024-04-22 23:29:00+00:00,trajectory_1163dafd9e9d_13_47316a2592d4,-1,market,0.0,15,1,4,12,43025.0
462577,462578,462592,462592,closed,timeout,19022.75,19024.25,19022.5,19024.5,19026.75,19010.75,-1.5,-2.0,-2.5,-50.0,10.0,0.5,15.0,15.0,3.75,2024-04-23 04:32:00+00:00,2024-04-23 04:32:00+00:00,2024-04-23 04:47:00+00:00,2024-04-23 04:47:00+00:00,trajectory_1163dafd9e9d_13_47316a2592d4,-1,market,0.0,15,1,4,12,42975.0
462819,462820,462821,462821,closed,stop,19069.25,19073.25,19069.0,19073.5,19073.25,19057.25,-4.0,-4.5,-5.0,-100.0,10.0,0.5,2.0,2.0,6.25,2024-04-23 08:34:00+00:00,2024-04-23 08:34:00+00:00,2024-04-23 08:36:00+00:00,2024-04-23 08:49:00+00:00,trajectory_1163dafd9e9d_13_47316a2592d4,-1,market,0.0,15,1,4,12,42875.0
463398,463399,463399,463399,closed,stop,19316.75,19320.75,19316.5,19321.0,19320.75,19304.75,-4.0,-4.5,-5.0,-100.0,10.0,0.5,1.0,1.0,10.5,2024-04-23 18:13:00+00:00,2024-04-23 18:13:00+00:00,2024-04-23 18:14:00+00:00,2024-04-23 18:28:00+00:00,trajectory_1163dafd9e9d_13_47316a2592d4,-1,market,0.0,15,1,4,12,42775.0
463762,463763,463764,463764,closed,stop,19404.0,19408.0,19403.75,19408.25,19408.0,19392.0,-4.0,-4.5,-5.0,-100.0,10.0,0.5,2.0,2.0,5.75,2024-04-24 01:32:00+00:00,2024-04-24 01:32:00+00:00,2024-04-24 01:34:00+00:00,2024-04-24 01:47:00+00:00,trajectory_1163dafd9e9d_13_47316a2592d4,-1,market,0.0,15,1,4,12,42675.0
464037,464038,464038,464038,closed,stop,19418.5,19422.5,19418.25,19422.75,19422.5,19406.5,-4.0,-4.5,-5.0,-100.0,10.0,0.5,1.0,1.0,5.0,2024-04-24 06:07:00+00:00,2024-04-24 06:07:00+00:00,2024-04-24 06:08:00+00:00,2024-04-24 06:22:00+00:00,trajectory_1163dafd9e9d_13_47316a2592d4,-1,market,0.0,15,1,4,12,42575.0
464507,464508,464508,464508,closed,stop,19410.5,19414.5,19410.25,19414.75,19414.5,19398.5,-4.0,-4.5,-5.0,-100.0,10.0,0.5,1.0,1.0,17.25,2024-04-24 13:57:00+00:00,2024-04-24 13:57:00+00:00,2024-04-24 13:58:00+00:00,2024-04-24 14:12:00+00:00,trajectory_1163dafd9e9d_13_47316a2592d4,-1,market,0.0,15,1,4,12,42475.0
464614,464615,464615,464615,closed,target,19333.25,19321.25,19333.0,19321.5,19337.25,19321.25,12.0,11.5,11.0,220.0,10.0,0.5,1.0,1.0,0.25,2024-04-24 15:44:00+00:00,2024-04-24 15:44:00+00:00,2024-04-24 15:45:00+00:00,2024-04-24 15:59:00+00:00,trajectory_1163dafd9e9d_13_47316a2592d4,-1,market,0.0,15,1,4,12,42695.0
465026,465027,465033,465033,closed,stop,19150.75,19154.75,19150.5,19155.0,19154.75,19138.75,-4.0,-4.5,-5.0,-100.0,10.0,0.5,7.0,7.0,4.25,2024-04-24 23:51:00+00:00,2024-04-24 23:51:00+00:00,2024-04-24 23:58:00+00:00,2024-04-25 00:06:00+00:00,trajectory_1163dafd9e9d_13_47316a2592d4,-1,market,0.0,15,1,4,12,42595.0
465323,465324,465338,465338,closed,timeout,19146.75,19145.75,19146.5,19146.0,19150.75,19134.75,1.0,0.5,0.0,0.0,10.0,0.5,15.0,15.0,2.5,2024-04-25 04:48:00+00:00,2024-04-25 04:48:00+00:00,2024-04-25 05:03:00+00:00,2024-04-25 05:03:00+00:00,trajectory_1163dafd9e9d_13_47316a2592d4,-1,market,0.0,15,1,4,12,42595.0
465340,465341,465341,465341,closed,stop,19137.0,19141.0,19136.75,19141.25,19141.0,19125.0,-4.0,-4.5,-5.0,-100.0,10.0,0.5,1.0,1.0,6.75,2024-04-25 05:05:00+00:00,2024-04-25 05:05:00+00:00,2024-04-25 05:06:00+00:00,2024-04-25 05:20:00+00:00,trajectory_1163dafd9e9d_13_47316a2592d4,-1,market,0.0,15,1,4,12,42495.0
465391,465392,465392,465392,closed,stop,19111.75,19115.75,19111.5,19116.0,19115.75,19099.75,-4.0,-4.5,-5.0,-100.0,10.0,0.5,1.0,1.0,6.25,2024-04-25 05:56:00+00:00,2024-04-25 05:56:00+00:00,2024-04-25 05:57:00+00:00,2024-04-25 06:11:00+00:00,trajectory_1163dafd9e9d_13_47316a2592d4,-1,market,0.0,15,1,4,12,42395.0
465421,465422,465427,465427,closed,target,19115.5,19103.5,19115.25,19103.75,19119.5,19103.5,12.0,11.5,11.0,220.0,10.0,0.5,6.0,6.0,2.75,2024-04-25 06:26:00+00:00,2024-04-25 06:26:00+00:00,2024-04-25 06:32:00+00:00,2024-04-25 06:41:00+00:00,trajectory_1163dafd9e9d_13_47316a2592d4,-1,market,0.0,15,1,4,12,42615.0
465427,465428,465428,465428,closed,stop,19102.75,19106.75,19102.5,19107.0,19106.75,19090.75,-4.0,-4.5,-5.0,-100.0,10.0,0.5,1.0,1.0,6.25,2024-04-25 06:32:00+00:00,2024-04-25 06:32:00+00:00,2024-04-25 06:33:00+00:00,2024-04-25 06:47:00+00:00,trajectory_1163dafd9e9d_13_47316a2592d4,-1,market,0.0,15,1,4,12,42515.0
465786,465787,465787,465787,closed,stop,19123.0,19127.0,19122.75,19127.25,19127.0,19111.0,-4.0,-4.5,-5.0,-100.0,10.0,0.5,1.0,1.0,16.75,2024-04-25 12:31:00+00:00,2024-04-25 12:31:00+00:00,2024-04-25 12:32:00+00:00,2024-04-25 12:46:00+00:00,trajectory_1163dafd9e9d_13_47316a2592d4,-1,market,0.0,15,1,4,12,42415.0
465847,465848,465848,465848,closed,stop,19018.25,19022.25,19018.0,19022.5,19022.25,19006.25,-4.0,-4.5,-5.0,-100.0,10.0,0.5,1.0,1.0,7.5,2024-04-25 13:32:00+00:00,2024-04-25 13:32:00+00:00,2024-04-25 13:33:00+00:00,2024-04-25 13:47:00+00:00,trajectory_1163dafd9e9d_13_47316a2592d4,-1,market,0.0,15,1,4,12,42315.0
466145,466146,466146,466146,closed,stop,19206.0,19210.0,19205.75,19210.25,19210.0,19194.0,-4.0,-4.5,-5.0,-100.0,10.0,0.5,1.0,1.0,25.5,2024-04-25 18:30:00+00:00,2024-04-25 18:30:00+00:00,2024-04-25 18:31:00+00:00,2024-04-25 18:45:00+00:00,trajectory_1163dafd9e9d_13_47316a2592d4,-1,market,0.0,15,1,4,12,42215.0
466352,466353,466354,466354,closed,stop,19448.75,19452.75,19448.5,19453.0,19452.75,19436.75,-4.0,-4.5,-5.0,-100.0,10.0,0.5,2.0,2.0,4.25,2024-04-25 23:12:00+00:00,2024-04-25 23:12:00+00:00,2024-04-25 23:14:00+00:00,2024-04-25 23:27:00+00:00,trajectory_1163dafd9e9d_13_47316a2592d4,-1,market,0.0,15,1,4,12,42115.0
466565,466566,466573,466573,closed,stop,19453.5,19457.5,19453.25,19457.75,19457.5,19441.5,-4.0,-4.5,-5.0,-100.0,10.0,0.5,8.0,8.0,4.5,2024-04-26 02:45:00+00:00,2024-04-26 02:45:00+00:00,2024-04-26 02:53:00+00:00,2024-04-26 03:00:00+00:00,trajectory_1163dafd9e9d_13_47316a2592d4,-1,market,0.0,15,1,4,12,42015.0
466821,466822,466827,466827,closed,target,19458.0,19446.0,19457.75,19446.25,19462.0,19446.0,12.0,11.5,11.0,220.0,10.0,0.5,6.0,6.0,1.0,2024-04-26 07:01:00+00:00,2024-04-26 07:01:00+00:00,2024-04-26 07:07:00+00:00,2024-04-26 07:16:00+00:00,trajectory_1163dafd9e9d_13_47316a2592d4,-1,market,0.0,15,1,4,12,42235.0
466827,466828,466832,466832,closed,stop,19439.75,19443.75,19439.5,19444.0,19443.75,19427.75,-4.0,-4.5,-5.0,-100.0,10.0,0.5,5.0,5.0,5.0,2024-04-26 07:07:00+00:00,2024-04-26 07:07:00+00:00,2024-04-26 07:12:00+00:00,2024-04-26 07:22:00+00:00,trajectory_1163dafd9e9d_13_47316a2592d4,-1,market,0.0,15,1,4,12,42135.0
466872,466873,466873,466873,closed,stop,19445.0,19449.0,19444.75,19449.25,19449.0,19433.0,-4.0,-4.5,-5.0,-100.0,10.0,0.5,1.0,1.0,12.0,2024-04-26 07:52:00+00:00,2024-04-26 07:52:00+00:00,2024-04-26 07:53:00+00:00,2024-04-26 08:07:00+00:00,trajectory_1163dafd9e9d_13_47316a2592d4,-1,market,0.0,15,1,4,12,42035.0
467056,467057,467060,467060,closed,stop,19415.5,19419.5,19415.25,19419.75,19419.5,19403.5,-4.0,-4.5,-5.0,-100.0,10.0,0.5,4.0,4.0,8.0,2024-04-26 10:56:00+00:00,2024-04-26 10:56:00+00:00,2024-04-26 11:00:00+00:00,2024-04-26 11:11:00+00:00,trajectory_1163dafd9e9d_13_47316a2592d4,-1,market,0.0,15,1,4,12,41935.0
467209,467210,467210,467210,closed,stop,19381.25,19385.25,19381.0,19385.5,19385.25,19369.25,-4.0,-4.5,-5.0,-100.0,10.0,0.5,1.0,1.0,13.5,2024-04-26 13:29:00+00:00,2024-04-26 13:29:00+00:00,2024-04-26 13:30:00+00:00,2024-04-26 13:44:00+00:00,trajectory_1163dafd9e9d_13_47316a2592d4,-1,market,0.0,15,1,4,12,41835.0
467312,467313,467313,467313,closed,target,19521.25,19509.25,19521.0,19509.5,19525.25,19509.25,12.0,11.5,11.0,220.0,10.0,0.5,1.0,1.0,3.75,2024-04-26 15:12:00+00:00,2024-04-26 15:12:00+00:00,2024-04-26 15:13:00+00:00,2024-04-26 15:27:00+00:00,trajectory_1163dafd9e9d_13_47316a2592d4,-1,market,0.0,15,1,4,12,42055.0
468128,468129,468129,468129,closed,stop,19601.0,19605.0,19600.75,19605.25,19605.0,19589.0,-4.0,-4.5,-5.0,-100.0,10.0,0.5,1.0,1.0,4.25,2024-04-29 06:03:00+00:00,2024-04-29 06:03:00+00:00,2024-04-29 06:04:00+00:00,2024-04-29 06:18:00+00:00,trajectory_1163dafd9e9d_13_47316a2592d4,-1,market,0.0,15,1,4,12,41955.0
468152,468153,468153,468153,closed,stop,19592.5,19596.5,19592.25,19596.75,19596.5,19580.5,-4.0,-4.5,-5.0,-100.0,10.0,0.5,1.0,1.0,5.75,2024-04-29 06:27:00+00:00,2024-04-29 06:27:00+00:00,2024-04-29 06:28:00+00:00,2024-04-29 06:42:00+00:00,trajectory_1163dafd9e9d_13_47316a2592d4,-1,market,0.0,15,1,4,12,41855.0
468177,468178,468178,468178,closed,stop,19583.75,19587.75,19583.5,19588.0,19587.75,19571.75,-4.0,-4.5,-5.0,-100.0,10.0,0.5,1.0,1.0,4.5,2024-04-29 06:52:00+00:00,2024-04-29 06:52:00+00:00,2024-04-29 06:53:00+00:00,2024-04-29 07:07:00+00:00,trajectory_1163dafd9e9d_13_47316a2592d4,-1,market,0.0,15,1,4,12,41755.0
468231,468232,468233,468233,closed,stop,19577.75,19581.75,19577.5,19582.0,19581.75,19565.75,-4.0,-4.5,-5.0,-100.0,10.0,0.5,2.0,2.0,5.75,2024-04-29 07:46:00+00:00,2024-04-29 07:46:00+00:00,2024-04-29 07:48:00+00:00,2024-04-29 08:01:00+00:00,trajectory_1163dafd9e9d_13_47316a2592d4,-1,market,0.0,15,1,4,12,41655.0
468878,468879,468880,468880,closed,target,19553.0,19541.0,19552.75,19541.25,19557.0,19541.0,12.0,11.5,11.0,220.0,10.0,0.5,2.0,2.0,3.5,2024-04-29 18:33:00+00:00,2024-04-29 18:33:00+00:00,2024-04-29 18:35:00+00:00,2024-04-29 18:48:00+00:00,trajectory_1163dafd9e9d_13_47316a2592d4,-1,market,0.0,15,1,4,12,41875.0
468906,468907,468907,468907,closed,stop,19546.0,19550.0,19545.75,19550.25,19550.0,19534.0,-4.0,-4.5,-5.0,-100.0,10.0,0.5,1.0,1.0,11.0,2024-04-29 19:01:00+00:00,2024-04-29 19:01:00+00:00,2024-04-29 19:02:00+00:00,2024-04-29 19:16:00+00:00,trajectory_1163dafd9e9d_13_47316a2592d4,-1,market,0.0,15,1,4,12,41775.0
468909,468910,468910,468910,closed,stop,19510.5,19514.5,19510.25,19514.75,19514.5,19498.5,-4.0,-4.5,-5.0,-100.0,10.0,0.5,1.0,1.0,7.0,2024-04-29 19:04:00+00:00,2024-04-29 19:04:00+00:00,2024-04-29 19:05:00+00:00,2024-04-29 19:19:00+00:00,trajectory_1163dafd9e9d_13_47316a2592d4,-1,market,0.0,15,1,4,12,41675.0
469134,469135,469136,469136,closed,stop,19593.25,19597.25,19593.0,19597.5,19597.25,19581.25,-4.0,-4.5,-5.0,-100.0,10.0,0.5,2.0,2.0,4.5,2024-04-30 00:04:00+00:00,2024-04-30 00:04:00+00:00,2024-04-30 00:06:00+00:00,2024-04-30 00:19:00+00:00,trajectory_1163dafd9e9d_13_47316a2592d4,-1,market,0.0,15,1,4,12,41575.0
469468,469469,469477,469477,closed,stop,19572.75,19576.75,19572.5,19577.0,19576.75,19560.75,-4.0,-4.5,-5.0,-100.0,10.0,0.5,9.0,9.0,4.75,2024-04-30 05:38:00+00:00,2024-04-30 05:38:00+00:00,2024-04-30 05:47:00+00:00,2024-04-30 05:53:00+00:00,trajectory_1163dafd9e9d_13_47316a2592d4,-1,market,0.0,15,1,4,12,41475.0
469556,469557,469571,469571,closed,target,19588.5,19576.5,19588.25,19576.75,19592.5,19576.5,12.0,11.5,11.0,220.0,10.0,0.5,15.0,15.0,2.5,2024-04-30 07:06:00+00:00,2024-04-30 07:06:00+00:00,2024-04-30 07:21:00+00:00,2024-04-30 07:21:00+00:00,trajectory_1163dafd9e9d_13_47316a2592d4,-1,market,0.0,15,1,4,12,41695.0
469881,469882,469882,469882,closed,stop,19502.75,19506.75,19502.5,19507.0,19506.75,19490.75,-4.0,-4.5,-5.0,-100.0,10.0,0.5,1.0,1.0,8.25,2024-04-30 12:31:00+00:00,2024-04-30 12:31:00+00:00,2024-04-30 12:32:00+00:00,2024-04-30 12:46:00+00:00,trajectory_1163dafd9e9d_13_47316a2592d4,-1,market,0.0,15,1,4,12,41595.0
470121,470122,470123,470123,closed,target,19441.75,19429.75,19441.5,19430.0,19445.75,19429.75,12.0,11.5,11.0,220.0,10.0,0.5,2.0,2.0,3.0,2024-04-30 16:31:00+00:00,2024-04-30 16:31:00+00:00,2024-04-30 16:33:00+00:00,2024-04-30 16:46:00+00:00,trajectory_1163dafd9e9d_13_47316a2592d4,-1,market,0.0,15,1,4,12,41815.0
470125,470126,470126,470126,closed,stop,19406.5,19410.5,19406.25,19410.75,19410.5,19394.5,-4.0,-4.5,-5.0,-100.0,10.0,0.5,1.0,1.0,13.75,2024-04-30 16:35:00+00:00,2024-04-30 16:35:00+00:00,2024-04-30 16:36:00+00:00,2024-04-30 16:50:00+00:00,trajectory_1163dafd9e9d_13_47316a2592d4,-1,market,0.0,15,1,4,12,41715.0
470261,470262,470262,470262,closed,stop,19370.0,19374.0,19369.75,19374.25,19374.0,19358.0,-4.0,-4.5,-5.0,-100.0,10.0,0.5,1.0,1.0,10.5,2024-04-30 18:51:00+00:00,2024-04-30 18:51:00+00:00,2024-04-30 18:52:00+00:00,2024-04-30 19:06:00+00:00,trajectory_1163dafd9e9d_13_47316a2592d4,-1,market,0.0,15,1,4,12,41615.0
470326,470327,470327,470327,closed,stop,19286.75,19290.75,19286.5,19291.0,19290.75,19274.75,-4.0,-4.5,-5.0,-100.0,10.0,0.5,1.0,1.0,15.0,2024-04-30 19:56:00+00:00,2024-04-30 19:56:00+00:00,2024-04-30 19:57:00+00:00,2024-04-30 20:11:00+00:00,trajectory_1163dafd9e9d_13_47316a2592d4,-1,market,0.0,15,1,4,12,41515.0
470581,470582,470582,470582,closed,stop,19197.75,19201.75,19197.5,19202.0,19201.75,19185.75,-4.0,-4.5,-5.0,-100.0,10.0,0.5,1.0,1.0,4.75,2024-05-01 01:26:00+00:00,2024-05-01 01:26:00+00:00,2024-05-01 01:27:00+00:00,2024-05-01 01:41:00+00:00,trajectory_1163dafd9e9d_13_47316a2592d4,-1,market,0.0,15,1,4,12,41415.0
470837,470838,470842,470842,closed,stop,19201.5,19205.5,19201.25,19205.75,19205.5,19189.5,-4.0,-4.5,-5.0,-100.0,10.0,0.5,5.0,5.0,5.25,2024-05-01 05:42:00+00:00,2024-05-01 05:42:00+00:00,2024-05-01 05:47:00+00:00,2024-05-01 05:57:00+00:00,trajectory_1163dafd9e9d_13_47316a2592d4,-1,market,0.0,15,1,4,12,41315.0
470863,470864,470869,470869,closed,stop,19191.0,19195.0,19190.75,19195.25,19195.0,19179.0,-4.0,-4.5,-5.0,-100.0,10.0,0.5,6.0,6.0,8.5,2024-05-01 06:08:00+00:00,2024-05-01 06:08:00+00:00,2024-05-01 06:14:00+00:00,2024-05-01 06:23:00+00:00,trajectory_1163dafd9e9d_13_47316a2592d4,-1,market,0.0,15,1,4,12,41215.0
470887,470888,470890,470890,closed,stop,19169.75,19173.75,19169.5,19174.0,19173.75,19157.75,-4.0,-4.5,-5.0,-100.0,10.0,0.5,3.0,3.0,9.5,2024-05-01 06:32:00+00:00,2024-05-01 06:32:00+00:00,2024-05-01 06:35:00+00:00,2024-05-01 06:47:00+00:00,trajectory_1163dafd9e9d_13_47316a2592d4,-1,market,0.0,15,1,4,12,41115.0
470964,470965,470967,470967,closed,stop,19153.0,19157.0,19152.75,19157.25,19157.0,19141.0,-4.0,-4.5,-5.0,-100.0,10.0,0.5,3.0,3.0,4.5,2024-05-01 07:49:00+00:00,2024-05-01 07:49:00+00:00,2024-05-01 07:52:00+00:00,2024-05-01 08:04:00+00:00,trajectory_1163dafd9e9d_13_47316a2592d4,-1,market,0.0,15,1,4,12,41015.0
471044,471045,471045,471045,closed,target,19134.0,19122.0,19133.75,19122.25,19138.0,19122.0,12.0,11.5,11.0,220.0,10.0,0.5,1.0,1.0,0.5,2024-05-01 09:09:00+00:00,2024-05-01 09:09:00+00:00,2024-05-01 09:10:00+00:00,2024-05-01 09:24:00+00:00,trajectory_1163dafd9e9d_13_47316a2592d4,-1,market,0.0,15,1,4,12,41235.0
471125,471126,471126,471126,closed,stop,19108.0,19112.0,19107.75,19112.25,19112.0,19096.0,-4.0,-4.5,-5.0,-100.0,10.0,0.5,1.0,1.0,7.5,2024-05-01 10:30:00+00:00,2024-05-01 10:30:00+00:00,2024-05-01 10:31:00+00:00,2024-05-01 10:45:00+00:00,trajectory_1163dafd9e9d_13_47316a2592d4,-1,market,0.0,15,1,4,12,41135.0
471307,471308,471308,471308,closed,stop,19180.75,19184.75,19180.5,19185.0,19184.75,19168.75,-4.0,-4.5,-5.0,-100.0,10.0,0.5,1.0,1.0,9.75,2024-05-01 13:32:00+00:00,2024-05-01 13:32:00+00:00,2024-05-01 13:33:00+00:00,2024-05-01 13:47:00+00:00,trajectory_1163dafd9e9d_13_47316a2592d4,-1,market,0.0,15,1,4,12,41035.0
471456,471457,471457,471457,closed,stop,19094.75,19098.75,19094.5,19099.0,19098.75,19082.75,-4.0,-4.5,-5.0,-100.0,10.0,0.5,1.0,1.0,7.5,2024-05-01 16:01:00+00:00,2024-05-01 16:01:00+00:00,2024-05-01 16:02:00+00:00,2024-05-01 16:16:00+00:00,trajectory_1163dafd9e9d_13_47316a2592d4,-1,market,0.0,15,1,4,12,40935.0
471921,471922,471922,471922,closed,stop,19223.5,19227.5,19223.25,19227.75,19227.5,19211.5,-4.0,-4.5,-5.0,-100.0,10.0,0.5,1.0,1.0,4.75,2024-05-02 01:01:00+00:00,2024-05-02 01:01:00+00:00,2024-05-02 01:02:00+00:00,2024-05-02 01:16:00+00:00,trajectory_1163dafd9e9d_13_47316a2592d4,-1,market,0.0,15,1,4,12,40835.0
471951,471952,471964,471964,closed,stop,19223.75,19227.75,19223.5,19228.0,19227.75,19211.75,-4.0,-4.5,-5.0,-100.0,10.0,0.5,13.0,13.0,4.5,2024-05-02 01:31:00+00:00,2024-05-02 01:31:00+00:00,2024-05-02 01:44:00+00:00,2024-05-02 01:46:00+00:00,trajectory_1163dafd9e9d_13_47316a2592d4,-1,market,0.0,15,1,4,12,40735.0
472671,472672,472672,472672,closed,stop,19251.75,19255.75,19251.5,19256.0,19255.75,19239.75,-4.0,-4.5,-5.0,-100.0,10.0,0.5,1.0,1.0,10.5,2024-05-02 13:32:00+00:00,2024-05-02 13:32:00+00:00,2024-05-02 13:33:00+00:00,2024-05-02 13:47:00+00:00,trajectory_1163dafd9e9d_13_47316a2592d4,-1,market,0.0,15,1,4,12,40635.0
472701,472702,472702,472702,closed,stop,19146.0,19150.0,19145.75,19150.25,19150.0,19134.0,-4.0,-4.5,-5.0,-100.0,10.0,0.5,1.0,1.0,4.25,2024-05-02 14:02:00+00:00,2024-05-02 14:02:00+00:00,2024-05-02 14:03:00+00:00,2024-05-02 14:17:00+00:00,trajectory_1163dafd9e9d_13_47316a2592d4,-1,market,0.0,15,1,4,12,40535.0
473499,473500,473514,473514,closed,timeout,19448.5,19449.75,19448.25,19450.0,19452.5,19436.5,-1.25,-1.75,-2.25,-45.0,10.0,0.5,15.0,15.0,3.0,2024-05-03 04:35:00+00:00,2024-05-03 04:35:00+00:00,2024-05-03 04:50:00+00:00,2024-05-03 04:50:00+00:00,trajectory_1163dafd9e9d_13_47316a2592d4,-1,market,0.0,15,1,4,12,40490.0
473587,473588,473597,473597,closed,stop,19441.5,19445.5,19441.25,19445.75,19445.5,19429.5,-4.0,-4.5,-5.0,-100.0,10.0,0.5,10.0,10.0,7.5,2024-05-03 06:03:00+00:00,2024-05-03 06:03:00+00:00,2024-05-03 06:13:00+00:00,2024-05-03 06:18:00+00:00,trajectory_1163dafd9e9d_13_47316a2592d4,-1,market,0.0,15,1,4,12,40390.0
473646,473647,473647,473647,closed,stop,19420.75,19424.75,19420.5,19425.0,19424.75,19408.75,-4.0,-4.5,-5.0,-100.0,10.0,0.5,1.0,1.0,4.5,2024-05-03 07:02:00+00:00,2024-05-03 07:02:00+00:00,2024-05-03 07:03:00+00:00,2024-05-03 07:17:00+00:00,trajectory_1163dafd9e9d_13_47316a2592d4,-1,market,0.0,15,1,4,12,40290.0
473974,473975,473975,473975,closed,stop,19451.25,19455.25,19451.0,19455.5,19455.25,19439.25,-4.0,-4.5,-5.0,-100.0,10.0,0.5,1.0,1.0,149.25,2024-05-03 12:30:00+00:00,2024-05-03 12:30:00+00:00,2024-05-03 12:31:00+00:00,2024-05-03 12:45:00+00:00,trajectory_1163dafd9e9d_13_47316a2592d4,-1,market,0.0,15,1,4,12,40190.0
474531,474532,474541,474541,closed,stop,19722.5,19726.5,19722.25,19726.75,19726.5,19710.5,-4.0,-4.5,-5.0,-100.0,10.0,0.5,10.0,10.0,5.25,2024-05-05 23:02:00+00:00,2024-05-05 23:02:00+00:00,2024-05-05 23:12:00+00:00,2024-05-05 23:17:00+00:00,trajectory_1163dafd9e9d_13_47316a2592d4,-1,market,0.0,15,1,4,12,40090.0
474545,474546,474560,474560,closed,timeout,19716.25,19719.0,19716.0,19719.25,19720.25,19704.25,-2.75,-3.25,-3.75,-75.0,10.0,0.5,15.0,15.0,3.5,2024-05-05 23:16:00+00:00,2024-05-05 23:16:00+00:00,2024-05-05 23:31:00+00:00,2024-05-05 23:31:00+00:00,trajectory_1163dafd9e9d_13_47316a2592d4,-1,market,0.0,15,1,4,12,40015.0
474567,474568,474569,474569,closed,stop,19713.0,19717.0,19712.75,19717.25,19717.0,19701.0,-4.0,-4.5,-5.0,-100.0,10.0,0.5,2.0,2.0,4.25,2024-05-05 23:38:00+00:00,2024-05-05 23:38:00+00:00,2024-05-05 23:40:00+00:00,2024-05-05 23:53:00+00:00,trajectory_1163dafd9e9d_13_47316a2592d4,-1,market,0.0,15,1,4,12,39915.0
474573,474574,474586,474586,closed,target,19709.5,19697.5,19709.25,19697.75,19713.5,19697.5,12.0,11.5,11.0,220.0,10.0,0.5,13.0,13.0,0.25,2024-05-05 23:44:00+00:00,2024-05-05 23:44:00+00:00,2024-05-05 23:57:00+00:00,2024-05-05 23:59:00+00:00,trajectory_1163dafd9e9d_13_47316a2592d4,-1,market,0.0,15,1,4,12,40135.0
474697,474698,474703,474703,closed,stop,19695.0,19699.0,19694.75,19699.25,19699.0,19683.0,-4.0,-4.5,-5.0,-100.0,10.0,0.5,6.0,6.0,4.75,2024-05-06 01:48:00+00:00,2024-05-06 01:48:00+00:00,2024-05-06 01:54:00+00:00,2024-05-06 02:03:00+00:00,trajectory_1163dafd9e9d_13_47316a2592d4,-1,market,0.0,15,1,4,12,40035.0
474915,474916,474921,474921,closed,stop,19679.75,19683.75,19679.5,19684.0,19683.75,19667.75,-4.0,-4.5,-5.0,-100.0,10.0,0.5,6.0,6.0,5.5,2024-05-06 05:26:00+00:00,2024-05-06 05:26:00+00:00,2024-05-06 05:32:00+00:00,2024-05-06 05:41:00+00:00,trajectory_1163dafd9e9d_13_47316a2592d4,-1,market,0.0,15,1,4,12,39935.0
475060,475061,475075,475075,closed,timeout,19702.0,19702.5,19701.75,19702.75,19706.0,19690.0,-0.5,-1.0,-1.5,-30.0,10.0,0.5,15.0,15.0,3.75,2024-05-06 07:51:00+00:00,2024-05-06 07:51:00+00:00,2024-05-06 08:06:00+00:00,2024-05-06 08:06:00+00:00,trajectory_1163dafd9e9d_13_47316a2592d4,-1,market,0.0,15,1,4,12,39905.0
475400,475401,475401,475401,closed,stop,19744.75,19748.75,19744.5,19749.0,19748.75,19732.75,-4.0,-4.5,-5.0,-100.0,10.0,0.5,1.0,1.0,8.75,2024-05-06 13:31:00+00:00,2024-05-06 13:31:00+00:00,2024-05-06 13:32:00+00:00,2024-05-06 13:46:00+00:00,trajectory_1163dafd9e9d_13_47316a2592d4,-1,market,0.0,15,1,4,12,39805.0
475570,475571,475574,475574,closed,stop,19769.25,19773.25,19769.0,19773.5,19773.25,19757.25,-4.0,-4.5,-5.0,-100.0,10.0,0.5,4.0,4.0,7.25,2024-05-06 16:21:00+00:00,2024-05-06 16:21:00+00:00,2024-05-06 16:25:00+00:00,2024-05-06 16:36:00+00:00,trajectory_1163dafd9e9d_13_47316a2592d4,-1,market,0.0,15,1,4,12,39705.0
475987,475988,475990,475990,closed,stop,19867.5,19871.5,19867.25,19871.75,19871.5,19855.5,-4.0,-4.5,-5.0,-100.0,10.0,0.5,3.0,3.0,5.25,2024-05-07 00:33:00+00:00,2024-05-07 00:33:00+00:00,2024-05-07 00:36:00+00:00,2024-05-07 00:48:00+00:00,trajectory_1163dafd9e9d_13_47316a2592d4,-1,market,0.0,15,1,4,12,39605.0
477022,477023,477023,477023,closed,stop,19895.25,19899.25,19895.0,19899.5,19899.25,19883.25,-4.0,-4.5,-5.0,-100.0,10.0,0.5,1.0,1.0,20.25,2024-05-07 17:50:00+00:00,2024-05-07 17:50:00+00:00,2024-05-07 17:51:00+00:00,2024-05-07 18:05:00+00:00,trajectory_1163dafd9e9d_13_47316a2592d4,-1,market,0.0,15,1,4,12,39505.0
477917,477918,477919,477919,closed,stop,19879.0,19883.0,19878.75,19883.25,19883.0,19867.0,-4.0,-4.5,-5.0,-100.0,10.0,0.5,2.0,2.0,4.25,2024-05-08 10:01:00+00:00,2024-05-08 10:01:00+00:00,2024-05-08 10:03:00+00:00,2024-05-08 10:16:00+00:00,trajectory_1163dafd9e9d_13_47316a2592d4,-1,market,0.0,15,1,4,12,39405.0
478051,478052,478055,478055,closed,target,19810.0,19798.0,19809.75,19798.25,19814.0,19798.0,12.0,11.5,11.0,220.0,10.0,0.5,4.0,4.0,2.0,2024-05-08 12:15:00+00:00,2024-05-08 12:15:00+00:00,2024-05-08 12:19:00+00:00,2024-05-08 12:30:00+00:00,trajectory_1163dafd9e9d_13_47316a2592d4,-1,market,0.0,15,1,4,12,39625.0
478312,478313,478313,478313,closed,stop,19854.5,19858.5,19854.25,19858.75,19858.5,19842.5,-4.0,-4.5,-5.0,-100.0,10.0,0.5,1.0,1.0,8.0,2024-05-08 16:36:00+00:00,2024-05-08 16:36:00+00:00,2024-05-08 16:37:00+00:00,2024-05-08 16:51:00+00:00,trajectory_1163dafd9e9d_13_47316a2592d4,-1,market,0.0,15,1,4,12,39525.0
478338,478339,478339,478339,closed,stop,19846.0,19850.0,19845.75,19850.25,19850.0,19834.0,-4.0,-4.5,-5.0,-100.0,10.0,0.5,1.0,1.0,17.5,2024-05-08 17:02:00+00:00,2024-05-08 17:02:00+00:00,2024-05-08 17:03:00+00:00,2024-05-08 17:17:00+00:00,trajectory_1163dafd9e9d_13_47316a2592d4,-1,market,0.0,15,1,4,12,39425.0
478750,478751,478765,478765,closed,timeout,19855.75,19851.25,19855.5,19851.5,19859.75,19843.75,4.5,4.0,3.5,70.0,10.0,0.5,15.0,15.0,3.75,2024-05-09 01:10:00+00:00,2024-05-09 01:10:00+00:00,2024-05-09 01:25:00+00:00,2024-05-09 01:25:00+00:00,trajectory_1163dafd9e9d_13_47316a2592d4,-1,market,0.0,15,1,4,12,39495.0
479041,479042,479051,479051,closed,stop,19838.75,19842.75,19838.5,19843.0,19842.75,19826.75,-4.0,-4.5,-5.0,-100.0,10.0,0.5,10.0,10.0,6.0,2024-05-09 06:02:00+00:00,2024-05-09 06:02:00+00:00,2024-05-09 06:12:00+00:00,2024-05-09 06:17:00+00:00,trajectory_1163dafd9e9d_13_47316a2592d4,-1,market,0.0,15,1,4,12,39395.0
479238,479239,479240,479240,closed,stop,19803.25,19807.25,19803.0,19807.5,19807.25,19791.25,-4.0,-4.5,-5.0,-100.0,10.0,0.5,2.0,2.0,9.75,2024-05-09 09:19:00+00:00,2024-05-09 09:19:00+00:00,2024-05-09 09:21:00+00:00,2024-05-09 09:34:00+00:00,trajectory_1163dafd9e9d_13_47316a2592d4,-1,market,0.0,15,1,4,12,39295.0
479323,479324,479338,479338,closed,timeout,19836.0,19828.0,19835.75,19828.25,19840.0,19824.0,8.0,7.5,7.0,140.0,10.0,0.5,15.0,15.0,4.0,2024-05-09 10:44:00+00:00,2024-05-09 10:44:00+00:00,2024-05-09 10:59:00+00:00,2024-05-09 10:59:00+00:00,trajectory_1163dafd9e9d_13_47316a2592d4,-1,market,0.0,15,1,4,12,39435.0
479401,479402,479403,479403,closed,stop,19840.0,19844.0,19839.75,19844.25,19844.0,19828.0,-4.0,-4.5,-5.0,-100.0,10.0,0.5,2.0,2.0,5.0,2024-05-09 12:02:00+00:00,2024-05-09 12:02:00+00:00,2024-05-09 12:04:00+00:00,2024-05-09 12:17:00+00:00,trajectory_1163dafd9e9d_13_47316a2592d4,-1,market,0.0,15,1,4,12,39335.0
479720,479721,479721,479721,closed,stop,19891.5,19895.5,19891.25,19895.75,19895.5,19879.5,-4.0,-4.5,-5.0,-100.0,10.0,0.5,1.0,1.0,9.75,2024-05-09 17:21:00+00:00,2024-05-09 17:21:00+00:00,2024-05-09 17:22:00+00:00,2024-05-09 17:36:00+00:00,trajectory_1163dafd9e9d_13_47316a2592d4,-1,market,0.0,15,1,4,12,39235.0
480855,480856,480856,480856,closed,stop,19952.5,19956.5,19952.25,19956.75,19956.5,19940.5,-4.0,-4.5,-5.0,-100.0,10.0,0.5,1.0,1.0,25.5,2024-05-10 13:31:00+00:00,2024-05-10 13:31:00+00:00,2024-05-10 13:32:00+00:00,2024-05-10 13:46:00+00:00,trajectory_1163dafd9e9d_13_47316a2592d4,-1,market,0.0,15,1,4,12,39135.0
480885,480886,480886,480886,closed,stop,20001.5,20005.5,20001.25,20005.75,20005.5,19989.5,-4.0,-4.5,-5.0,-100.0,10.0,0.5,1.0,1.0,5.75,2024-05-10 14:01:00+00:00,2024-05-10 14:01:00+00:00,2024-05-10 14:02:00+00:00,2024-05-10 14:16:00+00:00,trajectory_1163dafd9e9d_13_47316a2592d4,-1,market,0.0,15,1,4,12,39035.0
480886,480887,480887,480887,closed,stop,19987.25,19991.25,19987.0,19991.5,19991.25,19975.25,-4.0,-4.5,-5.0,-100.0,10.0,0.5,1.0,1.0,9.5,2024-05-10 14:02:00+00:00,2024-05-10 14:02:00+00:00,2024-05-10 14:03:00+00:00,2024-05-10 14:17:00+00:00,trajectory_1163dafd9e9d_13_47316a2592d4,-1,market,0.0,15,1,4,12,38935.0
480938,480939,480939,480939,closed,target,19900.5,19888.5,19900.25,19888.75,19904.5,19888.5,12.0,11.5,11.0,220.0,10.0,0.5,1.0,1.0,1.0,2024-05-10 14:54:00+00:00,2024-05-10 14:54:00+00:00,2024-05-10 14:55:00+00:00,2024-05-10 15:09:00+00:00,trajectory_1163dafd9e9d_13_47316a2592d4,-1,market,0.0,15,1,4,12,39155.0
481350,481351,481354,481354,closed,stop,19937.0,19941.0,19936.75,19941.25,19941.0,19925.0,-4.0,-4.5,-5.0,-100.0,10.0,0.5,4.0,4.0,5.5,2024-05-12 23:01:00+00:00,2024-05-12 23:01:00+00:00,2024-05-12 23:05:00+00:00,2024-05-12 23:16:00+00:00,trajectory_1163dafd9e9d_13_47316a2592d4,-1,market,0.0,15,1,4,12,39055.0
481417,481418,481419,481419,closed,stop,19934.25,19938.75,19934.0,19939.0,19938.25,19922.25,-4.5,-5.0,-5.5,-110.0,10.0,0.5,2.0,2.0,7.5,2024-05-13 00:08:00+00:00,2024-05-13 00:08:00+00:00,2024-05-13 00:10:00+00:00,2024-05-13 00:23:00+00:00,trajectory_1163dafd9e9d_13_47316a2592d4,-1,market,0.0,15,1,4,12,38945.0
482192,482193,482193,482193,closed,stop,20005.75,20009.75,20005.5,20010.0,20009.75,19993.75,-4.0,-4.5,-5.0,-100.0,10.0,0.5,1.0,1.0,5.5,2024-05-13 13:03:00+00:00,2024-05-13 13:03:00+00:00,2024-05-13 13:04:00+00:00,2024-05-13 13:18:00+00:00,trajectory_1163dafd9e9d_13_47316a2592d4,-1,market,0.0,15,1,4,12,38845.0
482224,482225,482225,482225,closed,stop,19985.75,19989.75,19985.5,19990.0,19989.75,19973.75,-4.0,-4.5,-5.0,-100.0,10.0,0.5,1.0,1.0,14.25,2024-05-13 13:35:00+00:00,2024-05-13 13:35:00+00:00,2024-05-13 13:36:00+00:00,2024-05-13 13:50:00+00:00,trajectory_1163dafd9e9d_13_47316a2592d4,-1,market,0.0,15,1,4,12,38745.0
482436,482437,482437,482437,closed,target,19957.0,19945.0,19956.75,19945.25,19961.0,19945.0,12.0,11.5,11.0,220.0,10.0,0.5,1.0,1.0,0.25,2024-05-13 17:07:00+00:00,2024-05-13 17:07:00+00:00,2024-05-13 17:08:00+00:00,2024-05-13 17:22:00+00:00,trajectory_1163dafd9e9d_13_47316a2592d4,-1,market,0.0,15,1,4,12,38965.0
482824,482825,482830,482830,closed,stop,19968.5,19972.5,19968.25,19972.75,19972.5,19956.5,-4.0,-4.5,-5.0,-100.0,10.0,0.5,6.0,6.0,4.25,2024-05-14 00:50:00+00:00,2024-05-14 00:50:00+00:00,2024-05-14 00:56:00+00:00,2024-05-14 01:05:00+00:00,trajectory_1163dafd9e9d_13_47316a2592d4,-1,market,0.0,15,1,4,12,38865.0
482979,482980,482994,482994,closed,timeout,19959.0,19960.5,19958.75,19960.75,19963.0,19947.0,-1.5,-2.0,-2.5,-50.0,10.0,0.5,15.0,15.0,2.0,2024-05-14 03:25:00+00:00,2024-05-14 03:25:00+00:00,2024-05-14 03:40:00+00:00,2024-05-14 03:40:00+00:00,trajectory_1163dafd9e9d_13_47316a2592d4,-1,market,0.0,15,1,4,12,38815.0
483465,483466,483469,483469,closed,stop,19975.0,19979.0,19974.75,19979.25,19979.0,19963.0,-4.0,-4.5,-5.0,-100.0,10.0,0.5,4.0,4.0,5.0,2024-05-14 11:31:00+00:00,2024-05-14 11:31:00+00:00,2024-05-14 11:35:00+00:00,2024-05-14 11:46:00+00:00,trajectory_1163dafd9e9d_13_47316a2592d4,-1,market,0.0,15,1,4,12,38715.0
483525,483526,483526,483526,closed,stop,19914.5,19918.5,19914.25,19918.75,19918.5,19902.5,-4.0,-4.5,-5.0,-100.0,10.0,0.5,1.0,1.0,10.0,2024-05-14 12:31:00+00:00,2024-05-14 12:31:00+00:00,2024-05-14 12:32:00+00:00,2024-05-14 12:46:00+00:00,trajectory_1163dafd9e9d_13_47316a2592d4,-1,market,0.0,15,1,4,12,38615.0
484105,484106,484120,484120,closed,timeout,20112.0,20109.75,20111.75,20110.0,20116.0,20100.0,2.25,1.75,1.25,25.0,10.0,0.5,15.0,15.0,1.25,2024-05-14 23:26:00+00:00,2024-05-14 23:26:00+00:00,2024-05-14 23:41:00+00:00,2024-05-14 23:41:00+00:00,trajectory_1163dafd9e9d_13_47316a2592d4,-1,market,0.0,15,1,4,12,38640.0
484177,484178,484192,484192,closed,timeout,20103.0,20103.0,20102.75,20103.25,20107.0,20091.0,-0.0,-0.5,-1.0,-20.0,10.0,0.5,15.0,15.0,2.0,2024-05-15 00:38:00+00:00,2024-05-15 00:38:00+00:00,2024-05-15 00:53:00+00:00,2024-05-15 00:53:00+00:00,trajectory_1163dafd9e9d_13_47316a2592d4,-1,market,0.0,15,1,4,12,38620.0
484410,484411,484425,484425,closed,timeout,20108.75,20107.25,20108.5,20107.5,20112.75,20096.75,1.5,1.0,0.5,10.0,10.0,0.5,15.0,15.0,2.0,2024-05-15 04:31:00+00:00,2024-05-15 04:31:00+00:00,2024-05-15 04:46:00+00:00,2024-05-15 04:46:00+00:00,trajectory_1163dafd9e9d_13_47316a2592d4,-1,market,0.0,15,1,4,12,38630.0
484440,484441,484446,484446,closed,stop,20101.0,20105.0,20100.75,20105.25,20105.0,20089.0,-4.0,-4.5,-5.0,-100.0,10.0,0.5,6.0,6.0,5.5,2024-05-15 05:01:00+00:00,2024-05-15 05:01:00+00:00,2024-05-15 05:07:00+00:00,2024-05-15 05:16:00+00:00,trajectory_1163dafd9e9d_13_47316a2592d4,-1,market,0.0,15,1,4,12,38530.0
484502,484503,484503,484503,closed,stop,20099.0,20103.0,20098.75,20103.25,20103.0,20087.0,-4.0,-4.5,-5.0,-100.0,10.0,0.5,1.0,1.0,6.0,2024-05-15 06:03:00+00:00,2024-05-15 06:03:00+00:00,2024-05-15 06:04:00+00:00,2024-05-15 06:18:00+00:00,trajectory_1163dafd9e9d_13_47316a2592d4,-1,market,0.0,15,1,4,12,38430.0
484560,484561,484562,484562,closed,stop,20103.25,20107.25,20103.0,20107.5,20107.25,20091.25,-4.0,-4.5,-5.0,-100.0,10.0,0.5,2.0,2.0,4.25,2024-05-15 07:01:00+00:00,2024-05-15 07:01:00+00:00,2024-05-15 07:03:00+00:00,2024-05-15 07:16:00+00:00,trajectory_1163dafd9e9d_13_47316a2592d4,-1,market,0.0,15,1,4,12,38330.0
485640,485641,485644,485644,closed,stop,20409.0,20413.0,20408.75,20413.25,20413.0,20397.0,-4.0,-4.5,-5.0,-100.0,10.0,0.5,4.0,4.0,6.5,2024-05-16 02:16:00+00:00,2024-05-16 02:16:00+00:00,2024-05-16 02:20:00+00:00,2024-05-16 02:31:00+00:00,trajectory_1163dafd9e9d_13_47316a2592d4,-1,market,0.0,15,1,4,12,38230.0
485865,485866,485880,485880,closed,timeout,20410.25,20409.0,20410.0,20409.25,20414.25,20398.25,1.25,0.75,0.25,5.0,10.0,0.5,15.0,15.0,0.5,2024-05-16 06:01:00+00:00,2024-05-16 06:01:00+00:00,2024-05-16 06:16:00+00:00,2024-05-16 06:16:00+00:00,trajectory_1163dafd9e9d_13_47316a2592d4,-1,market,0.0,15,1,4,12,38235.0
485998,485999,485999,485999,closed,stop,20407.5,20411.5,20407.25,20411.75,20411.5,20395.5,-4.0,-4.5,-5.0,-100.0,10.0,0.5,1.0,1.0,4.75,2024-05-16 08:14:00+00:00,2024-05-16 08:14:00+00:00,2024-05-16 08:15:00+00:00,2024-05-16 08:29:00+00:00,trajectory_1163dafd9e9d_13_47316a2592d4,-1,market,0.0,15,1,4,12,38135.0
486255,486256,486256,486256,closed,stop,20401.0,20405.0,20400.75,20405.25,20405.0,20389.0,-4.0,-4.5,-5.0,-100.0,10.0,0.5,1.0,1.0,9.75,2024-05-16 12:31:00+00:00,2024-05-16 12:31:00+00:00,2024-05-16 12:32:00+00:00,2024-05-16 12:46:00+00:00,trajectory_1163dafd9e9d_13_47316a2592d4,-1,market,0.0,15,1,4,12,38035.0
486466,486467,486468,486468,closed,stop,20419.0,20423.0,20418.75,20423.25,20423.0,20407.0,-4.0,-4.5,-5.0,-100.0,10.0,0.5,2.0,2.0,4.5,2024-05-16 16:02:00+00:00,2024-05-16 16:02:00+00:00,2024-05-16 16:04:00+00:00,2024-05-16 16:17:00+00:00,trajectory_1163dafd9e9d_13_47316a2592d4,-1,market,0.0,15,1,4,12,37935.0
486546,486547,486547,486547,closed,target,20387.75,20375.75,20387.5,20376.0,20391.75,20375.75,12.0,11.5,11.0,220.0,10.0,0.5,1.0,1.0,0.5,2024-05-16 17:22:00+00:00,2024-05-16 17:22:00+00:00,2024-05-16 17:23:00+00:00,2024-05-16 17:37:00+00:00,trajectory_1163dafd9e9d_13_47316a2592d4,-1,market,0.0,15,1,4,12,38155.0
487197,487198,487206,487206,closed,stop,20350.0,20354.0,20349.75,20354.25,20354.0,20338.0,-4.0,-4.5,-5.0,-100.0,10.0,0.5,9.0,9.0,4.5,2024-05-17 05:29:00+00:00,2024-05-17 05:29:00+00:00,2024-05-17 05:38:00+00:00,2024-05-17 05:44:00+00:00,trajectory_1163dafd9e9d_13_47316a2592d4,-1,market,0.0,15,1,4,12,38055.0
487674,487675,487675,487675,closed,stop,20353.0,20357.0,20352.75,20357.25,20357.0,20341.0,-4.0,-4.5,-5.0,-100.0,10.0,0.5,1.0,1.0,6.0,2024-05-17 13:26:00+00:00,2024-05-17 13:26:00+00:00,2024-05-17 13:27:00+00:00,2024-05-17 13:41:00+00:00,trajectory_1163dafd9e9d_13_47316a2592d4,-1,market,0.0,15,1,4,12,37955.0
487678,487679,487679,487679,closed,stop,20345.5,20349.5,20345.25,20349.75,20349.5,20333.5,-4.0,-4.5,-5.0,-100.0,10.0,0.5,1.0,1.0,13.0,2024-05-17 13:30:00+00:00,2024-05-17 13:30:00+00:00,2024-05-17 13:31:00+00:00,2024-05-17 13:45:00+00:00,trajectory_1163dafd9e9d_13_47316a2592d4,-1,market,0.0,15,1,4,12,37855.0
487908,487909,487909,487909,closed,stop,20308.25,20312.25,20308.0,20312.5,20312.25,20296.25,-4.0,-4.5,-5.0,-100.0,10.0,0.5,1.0,1.0,5.25,2024-05-17 17:20:00+00:00,2024-05-17 17:20:00+00:00,2024-05-17 17:21:00+00:00,2024-05-17 17:35:00+00:00,trajectory_1163dafd9e9d_13_47316a2592d4,-1,market,0.0,15,1,4,12,37755.0
488239,488240,488246,488246,closed,stop,20353.25,20357.25,20353.0,20357.5,20357.25,20341.25,-4.0,-4.5,-5.0,-100.0,10.0,0.5,7.0,7.0,4.25,2024-05-20 00:06:00+00:00,2024-05-20 00:06:00+00:00,2024-05-20 00:13:00+00:00,2024-05-20 00:21:00+00:00,trajectory_1163dafd9e9d_13_47316a2592d4,-1,market,0.0,15,1,4,12,37655.0
488359,488360,488367,488367,closed,stop,20353.75,20357.75,20353.5,20358.0,20357.75,20341.75,-4.0,-4.5,-5.0,-100.0,10.0,0.5,8.0,8.0,4.25,2024-05-20 02:06:00+00:00,2024-05-20 02:06:00+00:00,2024-05-20 02:14:00+00:00,2024-05-20 02:21:00+00:00,trajectory_1163dafd9e9d_13_47316a2592d4,-1,market,0.0,15,1,4,12,37555.0
488594,488595,488609,488609,closed,timeout,20366.25,20367.0,20366.0,20367.25,20370.25,20354.25,-0.75,-1.25,-1.75,-35.0,10.0,0.5,15.0,15.0,1.25,2024-05-20 06:01:00+00:00,2024-05-20 06:01:00+00:00,2024-05-20 06:16:00+00:00,2024-05-20 06:16:00+00:00,trajectory_1163dafd9e9d_13_47316a2592d4,-1,market,0.0,15,1,4,12,37520.0
488679,488680,488683,488683,closed,stop,20354.5,20358.5,20354.25,20358.75,20358.5,20342.5,-4.0,-4.5,-5.0,-100.0,10.0,0.5,4.0,4.0,4.5,2024-05-20 07:26:00+00:00,2024-05-20 07:26:00+00:00,2024-05-20 07:30:00+00:00,2024-05-20 07:41:00+00:00,trajectory_1163dafd9e9d_13_47316a2592d4,-1,market,0.0,15,1,4,12,37420.0
488976,488977,488991,488991,closed,timeout,20367.5,20356.75,20367.25,20357.0,20371.5,20355.5,10.75,10.25,9.75,195.0,10.0,0.5,15.0,15.0,2.0,2024-05-20 12:23:00+00:00,2024-05-20 12:23:00+00:00,2024-05-20 12:38:00+00:00,2024-05-20 12:38:00+00:00,trajectory_1163dafd9e9d_13_47316a2592d4,-1,market,0.0,15,1,4,12,37615.0
488996,488997,489001,489001,closed,stop,20340.75,20344.75,20340.5,20345.0,20344.75,20328.75,-4.0,-4.5,-5.0,-100.0,10.0,0.5,5.0,5.0,6.75,2024-05-20 12:43:00+00:00,2024-05-20 12:43:00+00:00,2024-05-20 12:48:00+00:00,2024-05-20 12:58:00+00:00,trajectory_1163dafd9e9d_13_47316a2592d4,-1,market,0.0,15,1,4,12,37515.0
489281,489282,489296,489296,closed,timeout,20444.75,20434.75,20444.5,20435.0,20448.75,20432.75,10.0,9.5,9.0,180.0,10.0,0.5,15.0,15.0,4.0,2024-05-20 17:28:00+00:00,2024-05-20 17:28:00+00:00,2024-05-20 17:43:00+00:00,2024-05-20 17:43:00+00:00,trajectory_1163dafd9e9d_13_47316a2592d4,-1,market,0.0,15,1,4,12,37695.0
489322,489323,489323,489323,closed,stop,20415.5,20419.5,20415.25,20419.75,20419.5,20403.5,-4.0,-4.5,-5.0,-100.0,10.0,0.5,1.0,1.0,12.0,2024-05-20 18:09:00+00:00,2024-05-20 18:09:00+00:00,2024-05-20 18:10:00+00:00,2024-05-20 18:24:00+00:00,trajectory_1163dafd9e9d_13_47316a2592d4,-1,market,0.0,15,1,4,12,37595.0
489688,489689,489692,489692,closed,stop,20438.75,20442.75,20438.5,20443.0,20442.75,20426.75,-4.0,-4.5,-5.0,-100.0,10.0,0.5,4.0,4.0,4.75,2024-05-21 01:32:00+00:00,2024-05-21 01:32:00+00:00,2024-05-21 01:36:00+00:00,2024-05-21 01:47:00+00:00,trajectory_1163dafd9e9d_13_47316a2592d4,-1,market,0.0,15,1,4,12,37495.0
489713,489714,489728,489728,closed,timeout,20439.5,20440.75,20439.25,20441.0,20443.5,20427.5,-1.25,-1.75,-2.25,-45.0,10.0,0.5,15.0,15.0,3.25,2024-05-21 01:57:00+00:00,2024-05-21 01:57:00+00:00,2024-05-21 02:12:00+00:00,2024-05-21 02:12:00+00:00,trajectory_1163dafd9e9d_13_47316a2592d4,-1,market,0.0,15,1,4,12,37450.0
490377,490378,490379,490379,closed,stop,20401.75,20405.75,20401.5,20406.0,20405.75,20389.75,-4.0,-4.5,-5.0,-100.0,10.0,0.5,2.0,2.0,4.5,2024-05-21 13:01:00+00:00,2024-05-21 13:01:00+00:00,2024-05-21 13:03:00+00:00,2024-05-21 13:16:00+00:00,trajectory_1163dafd9e9d_13_47316a2592d4,-1,market,0.0,15,1,4,12,37350.0
491323,491324,491328,491328,closed,target,20508.25,20496.25,20508.0,20496.5,20512.25,20496.25,12.0,11.5,11.0,220.0,10.0,0.5,5.0,5.0,1.0,2024-05-22 06:02:00+00:00,2024-05-22 06:02:00+00:00,2024-05-22 06:07:00+00:00,2024-05-22 06:17:00+00:00,trajectory_1163dafd9e9d_13_47316a2592d4,-1,market,0.0,15,1,4,12,37570.0
491594,491595,491597,491597,closed,stop,20450.75,20454.75,20450.5,20455.0,20454.75,20438.75,-4.0,-4.5,-5.0,-100.0,10.0,0.5,3.0,3.0,6.75,2024-05-22 10:33:00+00:00,2024-05-22 10:33:00+00:00,2024-05-22 10:36:00+00:00,2024-05-22 10:48:00+00:00,trajectory_1163dafd9e9d_13_47316a2592d4,-1,market,0.0,15,1,4,12,37470.0
491912,491913,491914,491914,closed,stop,20505.5,20509.5,20505.25,20509.75,20509.5,20493.5,-4.0,-4.5,-5.0,-100.0,10.0,0.5,2.0,2.0,7.5,2024-05-22 15:51:00+00:00,2024-05-22 15:51:00+00:00,2024-05-22 15:53:00+00:00,2024-05-22 16:06:00+00:00,trajectory_1163dafd9e9d_13_47316a2592d4,-1,market,0.0,15,1,4,12,37370.0
492018,492019,492019,492019,closed,target,20486.5,20474.5,20486.25,20474.75,20490.5,20474.5,12.0,11.5,11.0,220.0,10.0,0.5,1.0,1.0,0.5,2024-05-22 17:37:00+00:00,2024-05-22 17:37:00+00:00,2024-05-22 17:38:00+00:00,2024-05-22 17:52:00+00:00,trajectory_1163dafd9e9d_13_47316a2592d4,-1,market,0.0,15,1,4,12,37590.0
492019,492020,492020,492020,closed,stop,20469.0,20473.0,20468.75,20473.25,20473.0,20457.0,-4.0,-4.5,-5.0,-100.0,10.0,0.5,1.0,1.0,7.5,2024-05-22 17:38:00+00:00,2024-05-22 17:38:00+00:00,2024-05-22 17:39:00+00:00,2024-05-22 17:53:00+00:00,trajectory_1163dafd9e9d_13_47316a2592d4,-1,market,0.0,15,1,4,12,37490.0
492044,492045,492045,492045,closed,target,20421.5,20409.5,20421.25,20409.75,20425.5,20409.5,12.0,11.5,11.0,220.0,10.0,0.5,1.0,1.0,0.25,2024-05-22 18:03:00+00:00,2024-05-22 18:03:00+00:00,2024-05-22 18:04:00+00:00,2024-05-22 18:18:00+00:00,trajectory_1163dafd9e9d_13_47316a2592d4,-1,market,0.0,15,1,4,12,37710.0
492063,492064,492064,492064,closed,stop,20398.75,20402.75,20398.5,20403.0,20402.75,20386.75,-4.0,-4.5,-5.0,-100.0,10.0,0.5,1.0,1.0,17.0,2024-05-22 18:22:00+00:00,2024-05-22 18:22:00+00:00,2024-05-22 18:23:00+00:00,2024-05-22 18:37:00+00:00,trajectory_1163dafd9e9d_13_47316a2592d4,-1,market,0.0,15,1,4,12,37610.0
492121,492122,492122,492122,closed,stop,20396.5,20400.5,20396.25,20400.75,20400.5,20384.5,-4.0,-4.5,-5.0,-100.0,10.0,0.5,1.0,1.0,20.75,2024-05-22 19:20:00+00:00,2024-05-22 19:20:00+00:00,2024-05-22 19:21:00+00:00,2024-05-22 19:35:00+00:00,trajectory_1163dafd9e9d_13_47316a2592d4,-1,market,0.0,15,1,4,12,37510.0
492714,492715,492717,492717,closed,stop,20631.5,20635.5,20631.25,20635.75,20635.5,20619.5,-4.0,-4.5,-5.0,-100.0,10.0,0.5,3.0,3.0,4.75,2024-05-23 06:28:00+00:00,2024-05-23 06:28:00+00:00,2024-05-23 06:31:00+00:00,2024-05-23 06:43:00+00:00,trajectory_1163dafd9e9d_13_47316a2592d4,-1,market,0.0,15,1,4,12,37410.0
493133,493134,493135,493135,closed,stop,20670.75,20674.75,20670.5,20675.0,20674.75,20658.75,-4.0,-4.5,-5.0,-100.0,10.0,0.5,2.0,2.0,5.0,2024-05-23 13:27:00+00:00,2024-05-23 13:27:00+00:00,2024-05-23 13:29:00+00:00,2024-05-23 13:42:00+00:00,trajectory_1163dafd9e9d_13_47316a2592d4,-1,market,0.0,15,1,4,12,37310.0
493138,493139,493139,493139,closed,target,20640.75,20628.75,20640.5,20629.0,20644.75,20628.75,12.0,11.5,11.0,220.0,10.0,0.5,1.0,1.0,2.0,2024-05-23 13:32:00+00:00,2024-05-23 13:32:00+00:00,2024-05-23 13:33:00+00:00,2024-05-23 13:47:00+00:00,trajectory_1163dafd9e9d_13_47316a2592d4,-1,market,0.0,15,1,4,12,37530.0
493334,493335,493340,493340,closed,target,20568.25,20556.25,20568.0,20556.5,20572.25,20556.25,12.0,11.5,11.0,220.0,10.0,0.5,6.0,6.0,2.0,2024-05-23 16:48:00+00:00,2024-05-23 16:48:00+00:00,2024-05-23 16:54:00+00:00,2024-05-23 17:03:00+00:00,trajectory_1163dafd9e9d_13_47316a2592d4,-1,market,0.0,15,1,4,12,37750.0
493384,493385,493386,493386,closed,target,20484.5,20472.5,20484.25,20472.75,20488.5,20472.5,12.0,11.5,11.0,220.0,10.0,0.5,2.0,2.0,1.75,2024-05-23 17:38:00+00:00,2024-05-23 17:38:00+00:00,2024-05-23 17:40:00+00:00,2024-05-23 17:53:00+00:00,trajectory_1163dafd9e9d_13_47316a2592d4,-1,market,0.0,15,1,4,12,37970.0
493674,493675,493689,493689,closed,timeout,20398.25,20389.0,20398.0,20389.25,20402.25,20386.25,9.25,8.75,8.25,165.0,10.0,0.5,15.0,15.0,3.0,2024-05-23 23:43:00+00:00,2024-05-23 23:43:00+00:00,2024-05-23 23:58:00+00:00,2024-05-23 23:58:00+00:00,trajectory_1163dafd9e9d_13_47316a2592d4,-1,market,0.0,15,1,4,12,38135.0
493689,493690,493691,493691,closed,stop,20388.75,20392.75,20388.5,20393.0,20392.75,20376.75,-4.0,-4.5,-5.0,-100.0,10.0,0.5,2.0,2.0,6.25,2024-05-23 23:58:00+00:00,2024-05-23 23:58:00+00:00,2024-05-24 00:00:00+00:00,2024-05-24 00:13:00+00:00,trajectory_1163dafd9e9d_13_47316a2592d4,-1,market,0.0,15,1,4,12,38035.0
493921,493922,493936,493936,closed,timeout,20405.25,20407.25,20405.0,20407.5,20409.25,20393.25,-2.0,-2.5,-3.0,-60.0,10.0,0.5,15.0,15.0,2.75,2024-05-24 03:50:00+00:00,2024-05-24 03:50:00+00:00,2024-05-24 04:05:00+00:00,2024-05-24 04:05:00+00:00,trajectory_1163dafd9e9d_13_47316a2592d4,-1,market,0.0,15,1,4,12,37975.0
494053,494054,494056,494056,closed,stop,20395.5,20399.5,20395.25,20399.75,20399.5,20383.5,-4.0,-4.5,-5.0,-100.0,10.0,0.5,3.0,3.0,4.75,2024-05-24 06:02:00+00:00,2024-05-24 06:02:00+00:00,2024-05-24 06:05:00+00:00,2024-05-24 06:17:00+00:00,trajectory_1163dafd9e9d_13_47316a2592d4,-1,market,0.0,15,1,4,12,37875.0
494257,494258,494264,494264,closed,stop,20425.25,20429.25,20425.0,20429.5,20429.25,20413.25,-4.0,-4.5,-5.0,-100.0,10.0,0.5,7.0,7.0,4.25,2024-05-24 09:26:00+00:00,2024-05-24 09:26:00+00:00,2024-05-24 09:33:00+00:00,2024-05-24 09:41:00+00:00,trajectory_1163dafd9e9d_13_47316a2592d4,-1,market,0.0,15,1,4,12,37775.0
494834,494835,494835,494835,closed,stop,20547.0,20551.0,20546.75,20551.25,20551.0,20535.0,-4.0,-4.5,-5.0,-100.0,10.0,0.5,1.0,1.0,11.0,2024-05-24 19:03:00+00:00,2024-05-24 19:03:00+00:00,2024-05-24 19:04:00+00:00,2024-05-24 19:18:00+00:00,trajectory_1163dafd9e9d_13_47316a2592d4,-1,market,0.0,15,1,4,12,37675.0
494997,494998,495012,495012,closed,timeout,20561.25,20554.75,20561.0,20555.0,20565.25,20549.25,6.5,6.0,5.5,110.0,10.0,0.5,15.0,15.0,0.25,2024-05-26 23:01:00+00:00,2024-05-26 23:01:00+00:00,2024-05-26 23:16:00+00:00,2024-05-26 23:16:00+00:00,trajectory_1163dafd9e9d_13_47316a2592d4,-1,market,0.0,15,1,4,12,37785.0
495208,495209,495214,495214,closed,stop,20536.0,20540.0,20535.75,20540.25,20540.0,20524.0,-4.0,-4.5,-5.0,-100.0,10.0,0.5,6.0,6.0,4.25,2024-05-27 02:32:00+00:00,2024-05-27 02:32:00+00:00,2024-05-27 02:38:00+00:00,2024-05-27 02:47:00+00:00,trajectory_1163dafd9e9d_13_47316a2592d4,-1,market,0.0,15,1,4,12,37685.0
495477,495478,495481,495481,closed,stop,20570.5,20574.5,20570.25,20574.75,20574.5,20558.5,-4.0,-4.5,-5.0,-100.0,10.0,0.5,4.0,4.0,5.75,2024-05-27 07:01:00+00:00,2024-05-27 07:01:00+00:00,2024-05-27 07:05:00+00:00,2024-05-27 07:16:00+00:00,trajectory_1163dafd9e9d_13_47316a2592d4,-1,market,0.0,15,1,4,12,37585.0
495675,495676,495683,495683,closed,stop,20564.0,20568.0,20563.75,20568.25,20568.0,20552.0,-4.0,-4.5,-5.0,-100.0,10.0,0.5,8.0,8.0,5.0,2024-05-27 10:19:00+00:00,2024-05-27 10:19:00+00:00,2024-05-27 10:27:00+00:00,2024-05-27 10:34:00+00:00,trajectory_1163dafd9e9d_13_47316a2592d4,-1,market,0.0,15,1,4,12,37485.0
496163,496164,496170,496170,closed,stop,20606.25,20610.25,20606.0,20610.5,20610.25,20594.25,-4.0,-4.5,-5.0,-100.0,10.0,0.5,7.0,7.0,4.75,2024-05-27 23:27:00+00:00,2024-05-27 23:27:00+00:00,2024-05-27 23:34:00+00:00,2024-05-27 23:42:00+00:00,trajectory_1163dafd9e9d_13_47316a2592d4,-1,market,0.0,15,1,4,12,37385.0
496183,496184,496198,496198,closed,timeout,20603.25,20597.25,20603.0,20597.5,20607.25,20591.25,6.0,5.5,5.0,100.0,10.0,0.5,15.0,15.0,3.5,2024-05-27 23:47:00+00:00,2024-05-27 23:47:00+00:00,2024-05-28 00:02:00+00:00,2024-05-28 00:02:00+00:00,trajectory_1163dafd9e9d_13_47316a2592d4,-1,market,0.0,15,1,4,12,37485.0
496529,496530,496540,496540,closed,stop,20612.0,20616.0,20611.75,20616.25,20616.0,20600.0,-4.0,-4.5,-5.0,-100.0,10.0,0.5,11.0,11.0,6.0,2024-05-28 05:33:00+00:00,2024-05-28 05:33:00+00:00,2024-05-28 05:44:00+00:00,2024-05-28 05:48:00+00:00,trajectory_1163dafd9e9d_13_47316a2592d4,-1,market,0.0,15,1,4,12,37385.0
496557,496558,496572,496572,closed,timeout,20609.0,20610.5,20608.75,20610.75,20613.0,20597.0,-1.5,-2.0,-2.5,-50.0,10.0,0.5,15.0,15.0,2.75,2024-05-28 06:01:00+00:00,2024-05-28 06:01:00+00:00,2024-05-28 06:16:00+00:00,2024-05-28 06:16:00+00:00,trajectory_1163dafd9e9d_13_47316a2592d4,-1,market,0.0,15,1,4,12,37335.0
496631,496632,496639,496639,closed,stop,20611.75,20615.75,20611.5,20616.0,20615.75,20599.75,-4.0,-4.5,-5.0,-100.0,10.0,0.5,8.0,8.0,5.0,2024-05-28 07:15:00+00:00,2024-05-28 07:15:00+00:00,2024-05-28 07:23:00+00:00,2024-05-28 07:30:00+00:00,trajectory_1163dafd9e9d_13_47316a2592d4,-1,market,0.0,15,1,4,12,37235.0
496818,496819,496825,496825,closed,target,20630.25,20618.25,20630.0,20618.5,20634.25,20618.25,12.0,11.5,11.0,220.0,10.0,0.5,7.0,7.0,0.25,2024-05-28 10:22:00+00:00,2024-05-28 10:22:00+00:00,2024-05-28 10:29:00+00:00,2024-05-28 10:37:00+00:00,trajectory_1163dafd9e9d_13_47316a2592d4,-1,market,0.0,15,1,4,12,37455.0
497263,497264,497264,497264,closed,stop,20615.25,20619.25,20615.0,20619.5,20619.25,20603.25,-4.0,-4.5,-5.0,-100.0,10.0,0.5,1.0,1.0,5.75,2024-05-28 17:47:00+00:00,2024-05-28 17:47:00+00:00,2024-05-28 17:48:00+00:00,2024-05-28 18:02:00+00:00,trajectory_1163dafd9e9d_13_47316a2592d4,-1,market,0.0,15,1,4,12,37355.0
497267,497268,497268,497268,closed,stop,20596.5,20600.5,20596.25,20600.75,20600.5,20584.5,-4.0,-4.5,-5.0,-100.0,10.0,0.5,1.0,1.0,4.75,2024-05-28 17:51:00+00:00,2024-05-28 17:51:00+00:00,2024-05-28 17:52:00+00:00,2024-05-28 18:06:00+00:00,trajectory_1163dafd9e9d_13_47316a2592d4,-1,market,0.0,15,1,4,12,37255.0
497553,497554,497568,497568,closed,timeout,20631.5,20624.5,20631.25,20624.75,20635.5,20619.5,7.0,6.5,6.0,120.0,10.0,0.5,15.0,15.0,2.0,2024-05-28 23:52:00+00:00,2024-05-28 23:52:00+00:00,2024-05-29 00:07:00+00:00,2024-05-29 00:07:00+00:00,trajectory_1163dafd9e9d_13_47316a2592d4,-1,market,0.0,15,1,4,12,37375.0
497603,497604,497609,497609,closed,stop,20601.25,20605.25,20601.0,20605.5,20605.25,20589.25,-4.0,-4.5,-5.0,-100.0,10.0,0.5,6.0,6.0,5.25,2024-05-29 00:42:00+00:00,2024-05-29 00:42:00+00:00,2024-05-29 00:48:00+00:00,2024-05-29 00:57:00+00:00,trajectory_1163dafd9e9d_13_47316a2592d4,-1,market,0.0,15,1,4,12,37275.0
497724,497725,497739,497739,closed,timeout,20593.75,20587.5,20593.5,20587.75,20597.75,20581.75,6.25,5.75,5.25,105.0,10.0,0.5,15.0,15.0,3.0,2024-05-29 02:43:00+00:00,2024-05-29 02:43:00+00:00,2024-05-29 02:58:00+00:00,2024-05-29 02:58:00+00:00,trajectory_1163dafd9e9d_13_47316a2592d4,-1,market,0.0,15,1,4,12,37380.0
497888,497889,497893,497893,closed,target,20578.5,20566.5,20578.25,20566.75,20582.5,20566.5,12.0,11.5,11.0,220.0,10.0,0.5,5.0,5.0,1.5,2024-05-29 05:27:00+00:00,2024-05-29 05:27:00+00:00,2024-05-29 05:32:00+00:00,2024-05-29 05:42:00+00:00,trajectory_1163dafd9e9d_13_47316a2592d4,-1,market,0.0,15,1,4,12,37600.0
497893,497894,497894,497894,closed,stop,20561.25,20565.25,20561.0,20565.5,20565.25,20549.25,-4.0,-4.5,-5.0,-100.0,10.0,0.5,1.0,1.0,5.25,2024-05-29 05:32:00+00:00,2024-05-29 05:32:00+00:00,2024-05-29 05:33:00+00:00,2024-05-29 05:47:00+00:00,trajectory_1163dafd9e9d_13_47316a2592d4,-1,market,0.0,15,1,4,12,37500.0
497922,497923,497923,497923,closed,stop,20547.5,20551.5,20547.25,20551.75,20551.5,20535.5,-4.0,-4.5,-5.0,-100.0,10.0,0.5,1.0,1.0,6.5,2024-05-29 06:01:00+00:00,2024-05-29 06:01:00+00:00,2024-05-29 06:02:00+00:00,2024-05-29 06:16:00+00:00,trajectory_1163dafd9e9d_13_47316a2592d4,-1,market,0.0,15,1,4,12,37400.0
498013,498014,498027,498027,closed,stop,20549.5,20553.5,20549.25,20553.75,20553.5,20537.5,-4.0,-4.5,-5.0,-100.0,10.0,0.5,14.0,14.0,6.0,2024-05-29 07:32:00+00:00,2024-05-29 07:32:00+00:00,2024-05-29 07:46:00+00:00,2024-05-29 07:47:00+00:00,trajectory_1163dafd9e9d_13_47316a2592d4,-1,market,0.0,15,1,4,12,37300.0
498235,498236,498238,498238,closed,stop,20499.5,20503.5,20499.25,20503.75,20503.5,20487.5,-4.0,-4.5,-5.0,-100.0,10.0,0.5,3.0,3.0,6.75,2024-05-29 11:14:00+00:00,2024-05-29 11:14:00+00:00,2024-05-29 11:17:00+00:00,2024-05-29 11:29:00+00:00,trajectory_1163dafd9e9d_13_47316a2592d4,-1,market,0.0,15,1,4,12,37200.0
498313,498314,498315,498315,closed,stop,20492.5,20496.5,20492.25,20496.75,20496.5,20480.5,-4.0,-4.5,-5.0,-100.0,10.0,0.5,2.0,2.0,5.75,2024-05-29 12:32:00+00:00,2024-05-29 12:32:00+00:00,2024-05-29 12:34:00+00:00,2024-05-29 12:47:00+00:00,trajectory_1163dafd9e9d_13_47316a2592d4,-1,market,0.0,15,1,4,12,37100.0
498583,498584,498584,498584,closed,stop,20547.25,20551.25,20547.0,20551.5,20551.25,20535.25,-4.0,-4.5,-5.0,-100.0,10.0,0.5,1.0,1.0,4.5,2024-05-29 17:02:00+00:00,2024-05-29 17:02:00+00:00,2024-05-29 17:03:00+00:00,2024-05-29 17:17:00+00:00,trajectory_1163dafd9e9d_13_47316a2592d4,-1,market,0.0,15,1,4,12,37000.0
498753,498754,498756,498756,closed,target,20495.0,20483.0,20494.75,20483.25,20499.0,20483.0,12.0,11.5,11.0,220.0,10.0,0.5,3.0,3.0,3.25,2024-05-29 19:52:00+00:00,2024-05-29 19:52:00+00:00,2024-05-29 19:55:00+00:00,2024-05-29 20:07:00+00:00,trajectory_1163dafd9e9d_13_47316a2592d4,-1,market,0.0,15,1,4,12,37220.0
498873,498874,498877,498877,closed,stop,20412.25,20416.25,20412.0,20416.5,20416.25,20400.25,-4.0,-4.5,-5.0,-100.0,10.0,0.5,4.0,4.0,4.25,2024-05-29 23:07:00+00:00,2024-05-29 23:07:00+00:00,2024-05-29 23:11:00+00:00,2024-05-29 23:22:00+00:00,trajectory_1163dafd9e9d_13_47316a2592d4,-1,market,0.0,15,1,4,12,37120.0
499202,499203,499203,499203,closed,stop,20370.75,20374.75,20370.5,20375.0,20374.75,20358.75,-4.0,-4.5,-5.0,-100.0,10.0,0.5,1.0,1.0,4.25,2024-05-30 04:36:00+00:00,2024-05-30 04:36:00+00:00,2024-05-30 04:37:00+00:00,2024-05-30 04:51:00+00:00,trajectory_1163dafd9e9d_13_47316a2592d4,-1,market,0.0,15,1,4,12,37020.0
499737,499738,499738,499738,closed,stop,20439.0,20443.0,20438.75,20443.25,20443.0,20427.0,-4.0,-4.5,-5.0,-100.0,10.0,0.5,1.0,1.0,13.5,2024-05-30 13:31:00+00:00,2024-05-30 13:31:00+00:00,2024-05-30 13:32:00+00:00,2024-05-30 13:46:00+00:00,trajectory_1163dafd9e9d_13_47316a2592d4,-1,market,0.0,15,1,4,12,36920.0
499741,499742,499742,499742,closed,stop,20411.5,20415.5,20411.25,20415.75,20415.5,20399.5,-4.0,-4.5,-5.0,-100.0,10.0,0.5,1.0,1.0,8.25,2024-05-30 13:35:00+00:00,2024-05-30 13:35:00+00:00,2024-05-30 13:36:00+00:00,2024-05-30 13:50:00+00:00,trajectory_1163dafd9e9d_13_47316a2592d4,-1,market,0.0,15,1,4,12,36820.0
500091,500092,500092,500092,closed,stop,20310.75,20314.75,20310.5,20315.0,20314.75,20298.75,-4.0,-4.5,-5.0,-100.0,10.0,0.5,1.0,1.0,16.0,2024-05-30 19:25:00+00:00,2024-05-30 19:25:00+00:00,2024-05-30 19:26:00+00:00,2024-05-30 19:40:00+00:00,trajectory_1163dafd9e9d_13_47316a2592d4,-1,market,0.0,15,1,4,12,36720.0
500304,500305,500305,500305,closed,target,20230.5,20218.5,20230.25,20218.75,20234.5,20218.5,12.0,11.5,11.0,220.0,10.0,0.5,1.0,1.0,1.5,2024-05-31 00:13:00+00:00,2024-05-31 00:13:00+00:00,2024-05-31 00:14:00+00:00,2024-05-31 00:28:00+00:00,trajectory_1163dafd9e9d_13_47316a2592d4,-1,market,0.0,15,1,4,12,36940.0
500305,500306,500306,500306,closed,stop,20217.25,20221.25,20217.0,20221.5,20221.25,20205.25,-4.0,-4.5,-5.0,-100.0,10.0,0.5,1.0,1.0,5.75,2024-05-31 00:14:00+00:00,2024-05-31 00:14:00+00:00,2024-05-31 00:15:00+00:00,2024-05-31 00:29:00+00:00,trajectory_1163dafd9e9d_13_47316a2592d4,-1,market,0.0,15,1,4,12,36840.0
500459,500460,500461,500461,closed,stop,20227.25,20231.25,20227.0,20231.5,20231.25,20215.25,-4.0,-4.5,-5.0,-100.0,10.0,0.5,2.0,2.0,5.75,2024-05-31 02:48:00+00:00,2024-05-31 02:48:00+00:00,2024-05-31 02:50:00+00:00,2024-05-31 03:03:00+00:00,trajectory_1163dafd9e9d_13_47316a2592d4,-1,market,0.0,15,1,4,12,36740.0
500618,500619,500623,500623,closed,stop,20247.5,20251.5,20247.25,20251.75,20251.5,20235.5,-4.0,-4.5,-5.0,-100.0,10.0,0.5,5.0,5.0,5.0,2024-05-31 05:27:00+00:00,2024-05-31 05:27:00+00:00,2024-05-31 05:32:00+00:00,2024-05-31 05:42:00+00:00,trajectory_1163dafd9e9d_13_47316a2592d4,-1,market,0.0,15,1,4,12,36640.0
500832,500833,500847,500847,closed,timeout,20230.0,20229.5,20229.75,20229.75,20234.0,20218.0,0.5,-0.0,-0.5,-10.0,10.0,0.5,15.0,15.0,4.0,2024-05-31 09:01:00+00:00,2024-05-31 09:01:00+00:00,2024-05-31 09:16:00+00:00,2024-05-31 09:16:00+00:00,trajectory_1163dafd9e9d_13_47316a2592d4,-1,market,0.0,15,1,4,12,36630.0
500943,500944,500947,500947,closed,stop,20189.25,20193.25,20189.0,20193.5,20193.25,20177.25,-4.0,-4.5,-5.0,-100.0,10.0,0.5,4.0,4.0,4.25,2024-05-31 10:52:00+00:00,2024-05-31 10:52:00+00:00,2024-05-31 10:56:00+00:00,2024-05-31 11:07:00+00:00,trajectory_1163dafd9e9d_13_47316a2592d4,-1,market,0.0,15,1,4,12,36530.0
501100,501101,501101,501101,closed,stop,20295.75,20299.75,20295.5,20300.0,20299.75,20283.75,-4.0,-4.5,-5.0,-100.0,10.0,0.5,1.0,1.0,7.25,2024-05-31 13:29:00+00:00,2024-05-31 13:29:00+00:00,2024-05-31 13:30:00+00:00,2024-05-31 13:44:00+00:00,trajectory_1163dafd9e9d_13_47316a2592d4,-1,market,0.0,15,1,4,12,36430.0
502411,502412,502412,502412,closed,stop,20374.0,20378.0,20373.75,20378.25,20378.0,20362.0,-4.0,-4.5,-5.0,-100.0,10.0,0.5,1.0,1.0,5.25,2024-06-03 12:35:00+00:00,2024-06-03 12:35:00+00:00,2024-06-03 12:36:00+00:00,2024-06-03 12:50:00+00:00,trajectory_1163dafd9e9d_13_47316a2592d4,-1,market,0.0,15,1,4,12,36330.0
502488,502489,502489,502489,closed,target,20382.75,20370.75,20382.5,20371.0,20386.75,20370.75,12.0,11.5,11.0,220.0,10.0,0.5,1.0,1.0,0.5,2024-06-03 13:52:00+00:00,2024-06-03 13:52:00+00:00,2024-06-03 13:53:00+00:00,2024-06-03 14:07:00+00:00,trajectory_1163dafd9e9d_13_47316a2592d4,-1,market,0.0,15,1,4,12,36550.0
502629,502630,502630,502630,closed,target,20230.0,20218.0,20229.75,20218.25,20234.0,20218.0,12.0,11.5,11.0,220.0,10.0,0.5,1.0,1.0,1.25,2024-06-03 16:13:00+00:00,2024-06-03 16:13:00+00:00,2024-06-03 16:14:00+00:00,2024-06-03 16:28:00+00:00,trajectory_1163dafd9e9d_13_47316a2592d4,-1,market,0.0,15,1,4,12,36770.0
503229,503230,503230,503230,closed,stop,20334.5,20338.5,20334.25,20338.75,20338.5,20322.5,-4.0,-4.5,-5.0,-100.0,10.0,0.5,1.0,1.0,5.0,2024-06-04 03:28:00+00:00,2024-06-04 03:28:00+00:00,2024-06-04 03:29:00+00:00,2024-06-04 03:43:00+00:00,trajectory_1163dafd9e9d_13_47316a2592d4,-1,market,0.0,15,1,4,12,36670.0
503444,503445,503445,503445,closed,stop,20280.25,20284.25,20280.0,20284.5,20284.25,20268.25,-4.0,-4.5,-5.0,-100.0,10.0,0.5,1.0,1.0,5.25,2024-06-04 07:03:00+00:00,2024-06-04 07:03:00+00:00,2024-06-04 07:04:00+00:00,2024-06-04 07:18:00+00:00,trajectory_1163dafd9e9d_13_47316a2592d4,-1,market,0.0,15,1,4,12,36570.0
503453,503454,503454,503454,closed,stop,20265.75,20269.75,20265.5,20270.0,20269.75,20253.75,-4.0,-4.5,-5.0,-100.0,10.0,0.5,1.0,1.0,4.75,2024-06-04 07:12:00+00:00,2024-06-04 07:12:00+00:00,2024-06-04 07:13:00+00:00,2024-06-04 07:27:00+00:00,trajectory_1163dafd9e9d_13_47316a2592d4,-1,market,0.0,15,1,4,12,36470.0
503505,503506,503506,503506,closed,target,20289.0,20277.0,20288.75,20277.25,20293.0,20277.0,12.0,11.5,11.0,220.0,10.0,0.5,1.0,1.0,0.25,2024-06-04 08:04:00+00:00,2024-06-04 08:04:00+00:00,2024-06-04 08:05:00+00:00,2024-06-04 08:19:00+00:00,trajectory_1163dafd9e9d_13_47316a2592d4,-1,market,0.0,15,1,4,12,36690.0
503536,503537,503537,503537,closed,stop,20255.5,20259.5,20255.25,20259.75,20259.5,20243.5,-4.0,-4.5,-5.0,-100.0,10.0,0.5,1.0,1.0,5.75,2024-06-04 08:35:00+00:00,2024-06-04 08:35:00+00:00,2024-06-04 08:36:00+00:00,2024-06-04 08:50:00+00:00,trajectory_1163dafd9e9d_13_47316a2592d4,-1,market,0.0,15,1,4,12,36590.0
503566,503567,503567,503567,closed,stop,20205.75,20209.75,20205.5,20210.0,20209.75,20193.75,-4.0,-4.5,-5.0,-100.0,10.0,0.5,1.0,1.0,13.0,2024-06-04 09:05:00+00:00,2024-06-04 09:05:00+00:00,2024-06-04 09:06:00+00:00,2024-06-04 09:20:00+00:00,trajectory_1163dafd9e9d_13_47316a2592d4,-1,market,0.0,15,1,4,12,36490.0
503651,503652,503652,503652,closed,stop,20240.5,20244.5,20240.25,20244.75,20244.5,20228.5,-4.0,-4.5,-5.0,-100.0,10.0,0.5,1.0,1.0,9.5,2024-06-04 10:30:00+00:00,2024-06-04 10:30:00+00:00,2024-06-04 10:31:00+00:00,2024-06-04 10:45:00+00:00,trajectory_1163dafd9e9d_13_47316a2592d4,-1,market,0.0,15,1,4,12,36390.0
503746,503747,503747,503747,closed,stop,20261.75,20265.75,20261.5,20266.0,20265.75,20249.75,-4.0,-4.5,-5.0,-100.0,10.0,0.5,1.0,1.0,9.75,2024-06-04 12:05:00+00:00,2024-06-04 12:05:00+00:00,2024-06-04 12:06:00+00:00,2024-06-04 12:20:00+00:00,trajectory_1163dafd9e9d_13_47316a2592d4,-1,market,0.0,15,1,4,12,36290.0
503836,503837,503837,503837,closed,target,20288.5,20276.5,20288.25,20276.75,20292.5,20276.5,12.0,11.5,11.0,220.0,10.0,0.5,1.0,1.0,4.0,2024-06-04 13:35:00+00:00,2024-06-04 13:35:00+00:00,2024-06-04 13:36:00+00:00,2024-06-04 13:50:00+00:00,trajectory_1163dafd9e9d_13_47316a2592d4,-1,market,0.0,15,1,4,12,36510.0
504441,504442,504442,504442,closed,stop,20421.25,20425.25,20421.0,20425.5,20425.25,20409.25,-4.0,-4.5,-5.0,-100.0,10.0,0.5,1.0,1.0,5.75,2024-06-05 00:55:00+00:00,2024-06-05 00:55:00+00:00,2024-06-05 00:56:00+00:00,2024-06-05 01:10:00+00:00,trajectory_1163dafd9e9d_13_47316a2592d4,-1,market,0.0,15,1,4,12,36410.0
504467,504468,504482,504482,closed,timeout,20415.75,20414.25,20415.5,20414.5,20419.75,20403.75,1.5,1.0,0.5,10.0,10.0,0.5,15.0,15.0,3.75,2024-06-05 01:21:00+00:00,2024-06-05 01:21:00+00:00,2024-06-05 01:36:00+00:00,2024-06-05 01:36:00+00:00,trajectory_1163dafd9e9d_13_47316a2592d4,-1,market,0.0,15,1,4,12,36420.0
504738,504739,504744,504744,closed,stop,20442.0,20446.0,20441.75,20446.25,20446.0,20430.0,-4.0,-4.5,-5.0,-100.0,10.0,0.5,6.0,6.0,4.75,2024-06-05 05:52:00+00:00,2024-06-05 05:52:00+00:00,2024-06-05 05:58:00+00:00,2024-06-05 06:07:00+00:00,trajectory_1163dafd9e9d_13_47316a2592d4,-1,market,0.0,15,1,4,12,36320.0
504791,504792,504806,504806,closed,timeout,20422.0,20422.0,20421.75,20422.25,20426.0,20410.0,-0.0,-0.5,-1.0,-20.0,10.0,0.5,15.0,15.0,3.0,2024-06-05 06:45:00+00:00,2024-06-05 06:45:00+00:00,2024-06-05 07:00:00+00:00,2024-06-05 07:00:00+00:00,trajectory_1163dafd9e9d_13_47316a2592d4,-1,market,0.0,15,1,4,12,36300.0
504813,504814,504820,504820,closed,stop,20404.5,20408.5,20404.25,20408.75,20408.5,20392.5,-4.0,-4.5,-5.0,-100.0,10.0,0.5,7.0,7.0,4.25,2024-06-05 07:07:00+00:00,2024-06-05 07:07:00+00:00,2024-06-05 07:14:00+00:00,2024-06-05 07:22:00+00:00,trajectory_1163dafd9e9d_13_47316a2592d4,-1,market,0.0,15,1,4,12,36200.0
505125,505126,505126,505126,closed,stop,20486.5,20490.5,20486.25,20490.75,20490.5,20474.5,-4.0,-4.5,-5.0,-100.0,10.0,0.5,1.0,1.0,4.25,2024-06-05 12:19:00+00:00,2024-06-05 12:19:00+00:00,2024-06-05 12:20:00+00:00,2024-06-05 12:34:00+00:00,trajectory_1163dafd9e9d_13_47316a2592d4,-1,market,0.0,15,1,4,12,36100.0
505197,505198,505198,505198,closed,stop,20519.25,20523.25,20519.0,20523.5,20523.25,20507.25,-4.0,-4.5,-5.0,-100.0,10.0,0.5,1.0,1.0,14.0,2024-06-05 13:31:00+00:00,2024-06-05 13:31:00+00:00,2024-06-05 13:32:00+00:00,2024-06-05 13:46:00+00:00,trajectory_1163dafd9e9d_13_47316a2592d4,-1,market,0.0,15,1,4,12,36000.0
505426,505427,505427,505427,closed,target,20690.5,20678.5,20690.25,20678.75,20694.5,20678.5,12.0,11.5,11.0,220.0,10.0,0.5,1.0,1.0,3.0,2024-06-05 17:20:00+00:00,2024-06-05 17:20:00+00:00,2024-06-05 17:21:00+00:00,2024-06-05 17:35:00+00:00,trajectory_1163dafd9e9d_13_47316a2592d4,-1,market,0.0,15,1,4,12,36220.0
505427,505428,505428,505428,closed,stop,20676.0,20680.0,20675.75,20680.25,20680.0,20664.0,-4.0,-4.5,-5.0,-100.0,10.0,0.5,1.0,1.0,6.25,2024-06-05 17:21:00+00:00,2024-06-05 17:21:00+00:00,2024-06-05 17:22:00+00:00,2024-06-05 17:36:00+00:00,trajectory_1163dafd9e9d_13_47316a2592d4,-1,market,0.0,15,1,4,12,36120.0
505766,505767,505767,505767,closed,stop,20770.25,20774.25,20770.0,20774.5,20774.25,20758.25,-4.0,-4.5,-5.0,-100.0,10.0,0.5,1.0,1.0,4.25,2024-06-06 00:15:00+00:00,2024-06-06 00:15:00+00:00,2024-06-06 00:16:00+00:00,2024-06-06 00:30:00+00:00,trajectory_1163dafd9e9d_13_47316a2592d4,-1,market,0.0,15,1,4,12,36020.0
505974,505975,505981,505981,closed,stop,20797.5,20801.5,20797.25,20801.75,20801.5,20785.5,-4.0,-4.5,-5.0,-100.0,10.0,0.5,7.0,7.0,4.25,2024-06-06 03:43:00+00:00,2024-06-06 03:43:00+00:00,2024-06-06 03:50:00+00:00,2024-06-06 03:58:00+00:00,trajectory_1163dafd9e9d_13_47316a2592d4,-1,market,0.0,15,1,4,12,35920.0
506053,506054,506063,506063,closed,stop,20787.5,20791.5,20787.25,20791.75,20791.5,20775.5,-4.0,-4.5,-5.0,-100.0,10.0,0.5,10.0,10.0,5.0,2024-06-06 05:02:00+00:00,2024-06-06 05:02:00+00:00,2024-06-06 05:12:00+00:00,2024-06-06 05:17:00+00:00,trajectory_1163dafd9e9d_13_47316a2592d4,-1,market,0.0,15,1,4,12,35820.0
506728,506729,506729,506729,closed,stop,20735.5,20739.5,20735.25,20739.75,20739.5,20723.5,-4.0,-4.5,-5.0,-100.0,10.0,0.5,1.0,1.0,12.75,2024-06-06 16:17:00+00:00,2024-06-06 16:17:00+00:00,2024-06-06 16:18:00+00:00,2024-06-06 16:32:00+00:00,trajectory_1163dafd9e9d_13_47316a2592d4,-1,market,0.0,15,1,4,12,35720.0
506837,506838,506838,506838,closed,stop,20738.0,20742.0,20737.75,20742.25,20742.0,20726.0,-4.0,-4.5,-5.0,-100.0,10.0,0.5,1.0,1.0,10.5,2024-06-06 18:06:00+00:00,2024-06-06 18:06:00+00:00,2024-06-06 18:07:00+00:00,2024-06-06 18:21:00+00:00,trajectory_1163dafd9e9d_13_47316a2592d4,-1,market,0.0,15,1,4,12,35620.0
507059,507060,507074,507074,closed,timeout,20768.5,20770.5,20768.25,20770.75,20772.5,20756.5,-2.0,-2.5,-3.0,-60.0,10.0,0.5,15.0,15.0,3.75,2024-06-06 23:03:00+00:00,2024-06-06 23:03:00+00:00,2024-06-06 23:18:00+00:00,2024-06-06 23:18:00+00:00,trajectory_1163dafd9e9d_13_47316a2592d4,-1,market,0.0,15,1,4,12,35560.0
507123,507124,507124,507124,closed,stop,20762.0,20766.0,20761.75,20766.25,20766.0,20750.0,-4.0,-4.5,-5.0,-100.0,10.0,0.5,1.0,1.0,6.0,2024-06-07 00:07:00+00:00,2024-06-07 00:07:00+00:00,2024-06-07 00:08:00+00:00,2024-06-07 00:22:00+00:00,trajectory_1163dafd9e9d_13_47316a2592d4,-1,market,0.0,15,1,4,12,35460.0
507197,507198,507206,507206,closed,stop,20768.5,20772.5,20768.25,20772.75,20772.5,20756.5,-4.0,-4.5,-5.0,-100.0,10.0,0.5,9.0,9.0,6.5,2024-06-07 01:21:00+00:00,2024-06-07 01:21:00+00:00,2024-06-07 01:30:00+00:00,2024-06-07 01:36:00+00:00,trajectory_1163dafd9e9d_13_47316a2592d4,-1,market,0.0,15,1,4,12,35360.0
507649,507650,507657,507657,closed,stop,20770.0,20774.0,20769.75,20774.25,20774.0,20758.0,-4.0,-4.5,-5.0,-100.0,10.0,0.5,8.0,8.0,6.5,2024-06-07 08:54:00+00:00,2024-06-07 08:54:00+00:00,2024-06-07 09:02:00+00:00,2024-06-07 09:09:00+00:00,trajectory_1163dafd9e9d_13_47316a2592d4,-1,market,0.0,15,1,4,12,35260.0
507761,507762,507763,507763,closed,stop,20758.25,20762.25,20758.0,20762.5,20762.25,20746.25,-4.0,-4.5,-5.0,-100.0,10.0,0.5,2.0,2.0,4.75,2024-06-07 10:46:00+00:00,2024-06-07 10:46:00+00:00,2024-06-07 10:48:00+00:00,2024-06-07 11:01:00+00:00,trajectory_1163dafd9e9d_13_47316a2592d4,-1,market,0.0,15,1,4,12,35160.0
507866,507867,507867,507867,closed,stop,20703.0,20707.0,20702.75,20707.25,20707.0,20691.0,-4.0,-4.5,-5.0,-100.0,10.0,0.5,1.0,1.0,31.5,2024-06-07 12:31:00+00:00,2024-06-07 12:31:00+00:00,2024-06-07 12:32:00+00:00,2024-06-07 12:46:00+00:00,trajectory_1163dafd9e9d_13_47316a2592d4,-1,market,0.0,15,1,4,12,35060.0
508196,508197,508197,508197,closed,target,20779.0,20767.0,20778.75,20767.25,20783.0,20767.0,12.0,11.5,11.0,220.0,10.0,0.5,1.0,1.0,0.25,2024-06-07 18:01:00+00:00,2024-06-07 18:01:00+00:00,2024-06-07 18:02:00+00:00,2024-06-07 18:16:00+00:00,trajectory_1163dafd9e9d_13_47316a2592d4,-1,market,0.0,15,1,4,12,35280.0
508432,508433,508434,508434,closed,stop,20722.75,20726.75,20722.5,20727.0,20726.75,20710.75,-4.0,-4.5,-5.0,-100.0,10.0,0.5,2.0,2.0,8.25,2024-06-09 23:12:00+00:00,2024-06-09 23:12:00+00:00,2024-06-09 23:14:00+00:00,2024-06-09 23:27:00+00:00,trajectory_1163dafd9e9d_13_47316a2592d4,-1,market,0.0,15,1,4,12,35180.0
508463,508464,508464,508464,closed,stop,20718.75,20722.75,20718.5,20723.0,20722.75,20706.75,-4.0,-4.5,-5.0,-100.0,10.0,0.5,1.0,1.0,5.5,2024-06-09 23:43:00+00:00,2024-06-09 23:43:00+00:00,2024-06-09 23:44:00+00:00,2024-06-09 23:58:00+00:00,trajectory_1163dafd9e9d_13_47316a2592d4,-1,market,0.0,15,1,4,12,35080.0
508841,508842,508846,508846,closed,target,20726.75,20714.75,20726.5,20715.0,20730.75,20714.75,12.0,11.5,11.0,220.0,10.0,0.5,5.0,5.0,0.5,2024-06-10 06:02:00+00:00,2024-06-10 06:02:00+00:00,2024-06-10 06:07:00+00:00,2024-06-10 06:17:00+00:00,trajectory_1163dafd9e9d_13_47316a2592d4,-1,market,0.0,15,1,4,12,35300.0
508898,508899,508899,508899,closed,stop,20698.75,20702.75,20698.5,20703.0,20702.75,20686.75,-4.0,-4.5,-5.0,-100.0,10.0,0.5,1.0,1.0,4.25,2024-06-10 06:59:00+00:00,2024-06-10 06:59:00+00:00,2024-06-10 07:00:00+00:00,2024-06-10 07:14:00+00:00,trajectory_1163dafd9e9d_13_47316a2592d4,-1,market,0.0,15,1,4,12,35200.0
509041,509042,509049,509049,closed,stop,20679.0,20683.0,20678.75,20683.25,20683.0,20667.0,-4.0,-4.5,-5.0,-100.0,10.0,0.5,8.0,8.0,5.0,2024-06-10 09:22:00+00:00,2024-06-10 09:22:00+00:00,2024-06-10 09:30:00+00:00,2024-06-10 09:37:00+00:00,trajectory_1163dafd9e9d_13_47316a2592d4,-1,market,0.0,15,1,4,12,35100.0
509500,509501,509501,509501,closed,stop,20785.75,20789.75,20785.5,20790.0,20789.75,20773.75,-4.0,-4.5,-5.0,-100.0,10.0,0.5,1.0,1.0,5.0,2024-06-10 17:01:00+00:00,2024-06-10 17:01:00+00:00,2024-06-10 17:02:00+00:00,2024-06-10 17:16:00+00:00,trajectory_1163dafd9e9d_13_47316a2592d4,-1,market,0.0,15,1,4,12,35000.0
509569,509570,509570,509570,closed,stop,20772.0,20776.0,20771.75,20776.25,20776.0,20760.0,-4.0,-4.5,-5.0,-100.0,10.0,0.5,1.0,1.0,6.75,2024-06-10 18:10:00+00:00,2024-06-10 18:10:00+00:00,2024-06-10 18:11:00+00:00,2024-06-10 18:25:00+00:00,trajectory_1163dafd9e9d_13_47316a2592d4,-1,market,0.0,15,1,4,12,34900.0
510062,510063,510068,510068,closed,stop,20775.0,20779.0,20774.75,20779.25,20779.0,20763.0,-4.0,-4.5,-5.0,-100.0,10.0,0.5,6.0,6.0,4.25,2024-06-11 03:38:00+00:00,2024-06-11 03:38:00+00:00,2024-06-11 03:44:00+00:00,2024-06-11 03:53:00+00:00,trajectory_1163dafd9e9d_13_47316a2592d4,-1,market,0.0,15,1,4,12,34800.0
510247,510248,510251,510251,closed,stop,20793.0,20797.0,20792.75,20797.25,20797.0,20781.0,-4.0,-4.5,-5.0,-100.0,10.0,0.5,4.0,4.0,4.5,2024-06-11 06:43:00+00:00,2024-06-11 06:43:00+00:00,2024-06-11 06:47:00+00:00,2024-06-11 06:58:00+00:00,trajectory_1163dafd9e9d_13_47316a2592d4,-1,market,0.0,15,1,4,12,34700.0
510373,510374,510374,510374,closed,stop,20761.0,20765.0,20760.75,20765.25,20765.0,20749.0,-4.0,-4.5,-5.0,-100.0,10.0,0.5,1.0,1.0,5.5,2024-06-11 08:49:00+00:00,2024-06-11 08:49:00+00:00,2024-06-11 08:50:00+00:00,2024-06-11 09:04:00+00:00,trajectory_1163dafd9e9d_13_47316a2592d4,-1,market,0.0,15,1,4,12,34600.0
510514,510515,510515,510515,closed,stop,20725.75,20729.75,20725.5,20730.0,20729.75,20713.75,-4.0,-4.5,-5.0,-100.0,10.0,0.5,1.0,1.0,10.0,2024-06-11 11:10:00+00:00,2024-06-11 11:10:00+00:00,2024-06-11 11:11:00+00:00,2024-06-11 11:25:00+00:00,trajectory_1163dafd9e9d_13_47316a2592d4,-1,market,0.0,15,1,4,12,34500.0
510672,510673,510673,510673,closed,stop,20707.25,20711.25,20707.0,20711.5,20711.25,20695.25,-4.0,-4.5,-5.0,-100.0,10.0,0.5,1.0,1.0,13.0,2024-06-11 13:48:00+00:00,2024-06-11 13:48:00+00:00,2024-06-11 13:49:00+00:00,2024-06-11 14:03:00+00:00,trajectory_1163dafd9e9d_13_47316a2592d4,-1,market,0.0,15,1,4,12,34400.0
510788,510789,510789,510789,closed,stop,20773.25,20777.25,20773.0,20777.5,20777.25,20761.25,-4.0,-4.5,-5.0,-100.0,10.0,0.5,1.0,1.0,9.25,2024-06-11 15:44:00+00:00,2024-06-11 15:44:00+00:00,2024-06-11 15:45:00+00:00,2024-06-11 15:59:00+00:00,trajectory_1163dafd9e9d_13_47316a2592d4,-1,market,0.0,15,1,4,12,34300.0
511198,511199,511204,511204,closed,stop,20947.75,20951.75,20947.5,20952.0,20951.75,20935.75,-4.0,-4.5,-5.0,-100.0,10.0,0.5,6.0,6.0,4.25,2024-06-11 23:49:00+00:00,2024-06-11 23:49:00+00:00,2024-06-11 23:55:00+00:00,2024-06-12 00:04:00+00:00,trajectory_1163dafd9e9d_13_47316a2592d4,-1,market,0.0,15,1,4,12,34200.0
511480,511481,511495,511495,closed,timeout,20952.5,20953.5,20952.25,20953.75,20956.5,20940.5,-1.0,-1.5,-2.0,-40.0,10.0,0.5,15.0,15.0,1.5,2024-06-12 04:31:00+00:00,2024-06-12 04:31:00+00:00,2024-06-12 04:46:00+00:00,2024-06-12 04:46:00+00:00,trajectory_1163dafd9e9d_13_47316a2592d4,-1,market,0.0,15,1,4,12,34160.0
511536,511537,511542,511542,closed,stop,20949.0,20953.0,20948.75,20953.25,20953.0,20937.0,-4.0,-4.5,-5.0,-100.0,10.0,0.5,6.0,6.0,5.25,2024-06-12 05:27:00+00:00,2024-06-12 05:27:00+00:00,2024-06-12 05:33:00+00:00,2024-06-12 05:42:00+00:00,trajectory_1163dafd9e9d_13_47316a2592d4,-1,market,0.0,15,1,4,12,34060.0
512020,512021,512021,512021,closed,stop,21074.25,21078.25,21074.0,21078.5,21078.25,21062.25,-4.0,-4.5,-5.0,-100.0,10.0,0.5,1.0,1.0,26.75,2024-06-12 13:31:00+00:00,2024-06-12 13:31:00+00:00,2024-06-12 13:32:00+00:00,2024-06-12 13:46:00+00:00,trajectory_1163dafd9e9d_13_47316a2592d4,-1,market,0.0,15,1,4,12,33960.0
512260,512261,512262,512262,closed,target,21208.25,21196.25,21208.0,21196.5,21212.25,21196.25,12.0,11.5,11.0,220.0,10.0,0.5,2.0,2.0,1.25,2024-06-12 17:31:00+00:00,2024-06-12 17:31:00+00:00,2024-06-12 17:33:00+00:00,2024-06-12 17:46:00+00:00,trajectory_1163dafd9e9d_13_47316a2592d4,-1,market,0.0,15,1,4,12,34180.0
512262,512263,512263,512263,closed,stop,21188.0,21192.0,21187.75,21192.25,21192.0,21176.0,-4.0,-4.5,-5.0,-100.0,10.0,0.5,1.0,1.0,8.25,2024-06-12 17:33:00+00:00,2024-06-12 17:33:00+00:00,2024-06-12 17:34:00+00:00,2024-06-12 17:48:00+00:00,trajectory_1163dafd9e9d_13_47316a2592d4,-1,market,0.0,15,1,4,12,34080.0
512290,512291,512291,512291,closed,stop,21180.25,21184.25,21180.0,21184.5,21184.25,21168.25,-4.0,-4.5,-5.0,-100.0,10.0,0.5,1.0,1.0,17.75,2024-06-12 18:01:00+00:00,2024-06-12 18:01:00+00:00,2024-06-12 18:02:00+00:00,2024-06-12 18:16:00+00:00,trajectory_1163dafd9e9d_13_47316a2592d4,-1,market,0.0,15,1,4,12,33980.0
512520,512521,512523,512523,closed,stop,21277.75,21281.75,21277.5,21282.0,21281.75,21265.75,-4.0,-4.5,-5.0,-100.0,10.0,0.5,3.0,3.0,6.5,2024-06-12 23:06:00+00:00,2024-06-12 23:06:00+00:00,2024-06-12 23:09:00+00:00,2024-06-12 23:21:00+00:00,trajectory_1163dafd9e9d_13_47316a2592d4,-1,market,0.0,15,1,4,12,33880.0
512891,512892,512906,512906,closed,timeout,21317.75,21316.0,21317.5,21316.25,21321.75,21305.75,1.75,1.25,0.75,15.0,10.0,0.5,15.0,15.0,0.75,2024-06-13 05:17:00+00:00,2024-06-13 05:17:00+00:00,2024-06-13 05:32:00+00:00,2024-06-13 05:32:00+00:00,trajectory_1163dafd9e9d_13_47316a2592d4,-1,market,0.0,15,1,4,12,33895.0
513032,513033,513038,513038,closed,stop,21333.25,21337.25,21333.0,21337.5,21337.25,21321.25,-4.0,-4.5,-5.0,-100.0,10.0,0.5,6.0,6.0,5.5,2024-06-13 07:38:00+00:00,2024-06-13 07:38:00+00:00,2024-06-13 07:44:00+00:00,2024-06-13 07:53:00+00:00,trajectory_1163dafd9e9d_13_47316a2592d4,-1,market,0.0,15,1,4,12,33795.0
513225,513226,513226,513226,closed,stop,21293.25,21297.25,21293.0,21297.5,21297.25,21281.25,-4.0,-4.5,-5.0,-100.0,10.0,0.5,1.0,1.0,6.25,2024-06-13 10:51:00+00:00,2024-06-13 10:51:00+00:00,2024-06-13 10:52:00+00:00,2024-06-13 11:06:00+00:00,trajectory_1163dafd9e9d_13_47316a2592d4,-1,market,0.0,15,1,4,12,33695.0
513774,513775,513775,513775,closed,stop,21286.25,21290.25,21286.0,21290.5,21290.25,21274.25,-4.0,-4.5,-5.0,-100.0,10.0,0.5,1.0,1.0,11.0,2024-06-13 20:00:00+00:00,2024-06-13 20:00:00+00:00,2024-06-13 20:01:00+00:00,2024-06-13 20:15:00+00:00,trajectory_1163dafd9e9d_13_47316a2592d4,-1,market,0.0,15,1,4,12,33595.0
514486,514487,514487,514487,closed,stop,21293.25,21297.25,21293.0,21297.5,21297.25,21281.25,-4.0,-4.5,-5.0,-100.0,10.0,0.5,1.0,1.0,10.0,2024-06-14 09:07:00+00:00,2024-06-14 09:07:00+00:00,2024-06-14 09:08:00+00:00,2024-06-14 09:22:00+00:00,trajectory_1163dafd9e9d_13_47316a2592d4,-1,market,0.0,15,1,4,12,33495.0
514596,514597,514598,514598,closed,stop,21233.75,21237.75,21233.5,21238.0,21237.75,21221.75,-4.0,-4.5,-5.0,-100.0,10.0,0.5,2.0,2.0,7.75,2024-06-14 10:57:00+00:00,2024-06-14 10:57:00+00:00,2024-06-14 10:59:00+00:00,2024-06-14 11:12:00+00:00,trajectory_1163dafd9e9d_13_47316a2592d4,-1,market,0.0,15,1,4,12,33395.0
515342,515343,515357,515357,closed,timeout,21397.0,21398.25,21396.75,21398.5,21401.0,21385.0,-1.25,-1.75,-2.25,-45.0,10.0,0.5,15.0,15.0,3.25,2024-06-17 00:40:00+00:00,2024-06-17 00:40:00+00:00,2024-06-17 00:55:00+00:00,2024-06-17 00:55:00+00:00,trajectory_1163dafd9e9d_13_47316a2592d4,-1,market,0.0,15,1,4,12,33350.0
515663,515664,515670,515670,closed,target,21385.5,21373.5,21385.25,21373.75,21389.5,21373.5,12.0,11.5,11.0,220.0,10.0,0.5,7.0,7.0,0.25,2024-06-17 06:01:00+00:00,2024-06-17 06:01:00+00:00,2024-06-17 06:08:00+00:00,2024-06-17 06:16:00+00:00,trajectory_1163dafd9e9d_13_47316a2592d4,-1,market,0.0,15,1,4,12,33570.0
515823,515824,515824,515824,closed,stop,21393.25,21397.25,21393.0,21397.5,21397.25,21381.25,-4.0,-4.5,-5.0,-100.0,10.0,0.5,1.0,1.0,6.25,2024-06-17 08:41:00+00:00,2024-06-17 08:41:00+00:00,2024-06-17 08:42:00+00:00,2024-06-17 08:56:00+00:00,trajectory_1163dafd9e9d_13_47316a2592d4,-1,market,0.0,15,1,4,12,33470.0
516054,516055,516055,516055,closed,stop,21396.5,21400.5,21396.25,21400.75,21400.5,21384.5,-4.0,-4.5,-5.0,-100.0,10.0,0.5,1.0,1.0,6.0,2024-06-17 12:32:00+00:00,2024-06-17 12:32:00+00:00,2024-06-17 12:33:00+00:00,2024-06-17 12:47:00+00:00,trajectory_1163dafd9e9d_13_47316a2592d4,-1,market,0.0,15,1,4,12,33370.0
516397,516398,516398,516398,closed,stop,21652.25,21656.25,21652.0,21656.5,21656.25,21640.25,-4.0,-4.5,-5.0,-100.0,10.0,0.5,1.0,1.0,15.0,2024-06-17 18:15:00+00:00,2024-06-17 18:15:00+00:00,2024-06-17 18:16:00+00:00,2024-06-17 18:30:00+00:00,trajectory_1163dafd9e9d_13_47316a2592d4,-1,market,0.0,15,1,4,12,33270.0
516701,516702,516703,516703,closed,stop,21611.0,21615.0,21610.75,21615.25,21615.0,21599.0,-4.0,-4.5,-5.0,-100.0,10.0,0.5,2.0,2.0,4.75,2024-06-18 00:34:00+00:00,2024-06-18 00:34:00+00:00,2024-06-18 00:36:00+00:00,2024-06-18 00:49:00+00:00,trajectory_1163dafd9e9d_13_47316a2592d4,-1,market,0.0,15,1,4,12,33170.0
516735,516736,516750,516750,closed,timeout,21606.0,21603.75,21605.75,21604.0,21610.0,21594.0,2.25,1.75,1.25,25.0,10.0,0.5,15.0,15.0,3.25,2024-06-18 01:08:00+00:00,2024-06-18 01:08:00+00:00,2024-06-18 01:23:00+00:00,2024-06-18 01:23:00+00:00,trajectory_1163dafd9e9d_13_47316a2592d4,-1,market,0.0,15,1,4,12,33195.0
516938,516939,516948,516948,closed,stop,21609.0,21613.0,21608.75,21613.25,21613.0,21597.0,-4.0,-4.5,-5.0,-100.0,10.0,0.5,10.0,10.0,4.75,2024-06-18 04:31:00+00:00,2024-06-18 04:31:00+00:00,2024-06-18 04:41:00+00:00,2024-06-18 04:46:00+00:00,trajectory_1163dafd9e9d_13_47316a2592d4,-1,market,0.0,15,1,4,12,33095.0
516969,516970,516974,516974,closed,stop,21607.0,21611.0,21606.75,21611.25,21611.0,21595.0,-4.0,-4.5,-5.0,-100.0,10.0,0.5,5.0,5.0,4.5,2024-06-18 05:02:00+00:00,2024-06-18 05:02:00+00:00,2024-06-18 05:07:00+00:00,2024-06-18 05:17:00+00:00,trajectory_1163dafd9e9d_13_47316a2592d4,-1,market,0.0,15,1,4,12,32995.0
517340,517341,517341,517341,closed,stop,21648.25,21652.25,21648.0,21652.5,21652.25,21636.25,-4.0,-4.5,-5.0,-100.0,10.0,0.5,1.0,1.0,5.25,2024-06-18 11:13:00+00:00,2024-06-18 11:13:00+00:00,2024-06-18 11:14:00+00:00,2024-06-18 11:28:00+00:00,trajectory_1163dafd9e9d_13_47316a2592d4,-1,market,0.0,15,1,4,12,32895.0
517367,517368,517374,517374,closed,stop,21648.5,21652.5,21648.25,21652.75,21652.5,21636.5,-4.0,-4.5,-5.0,-100.0,10.0,0.5,7.0,7.0,6.0,2024-06-18 11:40:00+00:00,2024-06-18 11:40:00+00:00,2024-06-18 11:47:00+00:00,2024-06-18 11:55:00+00:00,trajectory_1163dafd9e9d_13_47316a2592d4,-1,market,0.0,15,1,4,12,32795.0
517421,517422,517422,517422,closed,stop,21637.25,21641.25,21637.0,21641.5,21641.25,21625.25,-4.0,-4.5,-5.0,-100.0,10.0,0.5,1.0,1.0,13.0,2024-06-18 12:34:00+00:00,2024-06-18 12:34:00+00:00,2024-06-18 12:35:00+00:00,2024-06-18 12:49:00+00:00,trajectory_1163dafd9e9d_13_47316a2592d4,-1,market,0.0,15,1,4,12,32695.0
517749,517750,517751,517751,closed,target,21623.75,21611.75,21623.5,21612.0,21627.75,21611.75,12.0,11.5,11.0,220.0,10.0,0.5,2.0,2.0,4.0,2024-06-18 18:02:00+00:00,2024-06-18 18:02:00+00:00,2024-06-18 18:04:00+00:00,2024-06-18 18:17:00+00:00,trajectory_1163dafd9e9d_13_47316a2592d4,-1,market,0.0,15,1,4,12,32915.0
517974,517975,517989,517989,closed,timeout,21657.5,21657.0,21657.25,21657.25,21661.5,21645.5,0.5,-0.0,-0.5,-10.0,10.0,0.5,15.0,15.0,2.75,2024-06-18 23:02:00+00:00,2024-06-18 23:02:00+00:00,2024-06-18 23:17:00+00:00,2024-06-18 23:17:00+00:00,trajectory_1163dafd9e9d_13_47316a2592d4,-1,market,0.0,15,1,4,12,32905.0
518033,518034,518048,518048,closed,timeout,21654.0,21651.25,21653.75,21651.5,21658.0,21642.0,2.75,2.25,1.75,35.0,10.0,0.5,15.0,15.0,2.0,2024-06-19 00:01:00+00:00,2024-06-19 00:01:00+00:00,2024-06-19 00:16:00+00:00,2024-06-19 00:16:00+00:00,trajectory_1163dafd9e9d_13_47316a2592d4,-1,market,0.0,15,1,4,12,32940.0
518055,518056,518057,518057,closed,stop,21644.0,21648.0,21643.75,21648.25,21648.0,21632.0,-4.0,-4.5,-5.0,-100.0,10.0,0.5,2.0,2.0,4.75,2024-06-19 00:23:00+00:00,2024-06-19 00:23:00+00:00,2024-06-19 00:25:00+00:00,2024-06-19 00:38:00+00:00,trajectory_1163dafd9e9d_13_47316a2592d4,-1,market,0.0,15,1,4,12,32840.0
518228,518229,518243,518243,closed,timeout,21654.5,21656.5,21654.25,21656.75,21658.5,21642.5,-2.0,-2.5,-3.0,-60.0,10.0,0.5,15.0,15.0,2.5,2024-06-19 03:16:00+00:00,2024-06-19 03:16:00+00:00,2024-06-19 03:31:00+00:00,2024-06-19 03:31:00+00:00,trajectory_1163dafd9e9d_13_47316a2592d4,-1,market,0.0,15,1,4,12,32780.0
518306,518307,518321,518321,closed,timeout,21648.25,21648.5,21648.0,21648.75,21652.25,21636.25,-0.25,-0.75,-1.25,-25.0,10.0,0.5,15.0,15.0,2.5,2024-06-19 04:34:00+00:00,2024-06-19 04:34:00+00:00,2024-06-19 04:49:00+00:00,2024-06-19 04:49:00+00:00,trajectory_1163dafd9e9d_13_47316a2592d4,-1,market,0.0,15,1,4,12,32755.0
518473,518474,518476,518476,closed,stop,21659.25,21663.25,21659.0,21663.5,21663.25,21647.25,-4.0,-4.5,-5.0,-100.0,10.0,0.5,3.0,3.0,5.5,2024-06-19 07:21:00+00:00,2024-06-19 07:21:00+00:00,2024-06-19 07:24:00+00:00,2024-06-19 07:36:00+00:00,trajectory_1163dafd9e9d_13_47316a2592d4,-1,market,0.0,15,1,4,12,32655.0
518904,518905,518915,518915,closed,stop,21664.5,21668.5,21664.25,21668.75,21668.5,21652.5,-4.0,-4.5,-5.0,-100.0,10.0,0.5,11.0,11.0,6.25,2024-06-19 14:32:00+00:00,2024-06-19 14:32:00+00:00,2024-06-19 14:43:00+00:00,2024-06-19 14:47:00+00:00,trajectory_1163dafd9e9d_13_47316a2592d4,-1,market,0.0,15,1,4,12,32555.0
519000,519001,519015,519015,closed,timeout,21668.0,21666.75,21667.75,21667.0,21672.0,21656.0,1.25,0.75,0.25,5.0,10.0,0.5,15.0,15.0,4.0,2024-06-19 16:08:00+00:00,2024-06-19 16:08:00+00:00,2024-06-19 16:23:00+00:00,2024-06-19 16:23:00+00:00,trajectory_1163dafd9e9d_13_47316a2592d4,-1,market,0.0,15,1,4,12,32560.0
519534,519535,519542,519542,closed,stop,21750.25,21754.25,21750.0,21754.5,21754.25,21738.25,-4.0,-4.5,-5.0,-100.0,10.0,0.5,8.0,8.0,5.25,2024-06-20 06:02:00+00:00,2024-06-20 06:02:00+00:00,2024-06-20 06:10:00+00:00,2024-06-20 06:17:00+00:00,trajectory_1163dafd9e9d_13_47316a2592d4,-1,market,0.0,15,1,4,12,32460.0
519656,519657,519657,519657,closed,stop,21757.75,21761.75,21757.5,21762.0,21761.75,21745.75,-4.0,-4.5,-5.0,-100.0,10.0,0.5,1.0,1.0,5.75,2024-06-20 08:04:00+00:00,2024-06-20 08:04:00+00:00,2024-06-20 08:05:00+00:00,2024-06-20 08:19:00+00:00,trajectory_1163dafd9e9d_13_47316a2592d4,-1,market,0.0,15,1,4,12,32360.0
519903,519904,519904,519904,closed,stop,21717.5,21721.5,21717.25,21721.75,21721.5,21705.5,-4.0,-4.5,-5.0,-100.0,10.0,0.5,1.0,1.0,7.25,2024-06-20 12:11:00+00:00,2024-06-20 12:11:00+00:00,2024-06-20 12:12:00+00:00,2024-06-20 12:26:00+00:00,trajectory_1163dafd9e9d_13_47316a2592d4,-1,market,0.0,15,1,4,12,32260.0
519984,519985,519985,519985,closed,stop,21654.5,21658.5,21654.25,21658.75,21658.5,21642.5,-4.0,-4.5,-5.0,-100.0,10.0,0.5,1.0,1.0,4.75,2024-06-20 13:32:00+00:00,2024-06-20 13:32:00+00:00,2024-06-20 13:33:00+00:00,2024-06-20 13:47:00+00:00,trajectory_1163dafd9e9d_13_47316a2592d4,-1,market,0.0,15,1,4,12,32160.0
520122,520123,520123,520123,closed,stop,21590.0,21594.0,21589.75,21594.25,21594.0,21578.0,-4.0,-4.5,-5.0,-100.0,10.0,0.5,1.0,1.0,18.25,2024-06-20 15:50:00+00:00,2024-06-20 15:50:00+00:00,2024-06-20 15:51:00+00:00,2024-06-20 16:05:00+00:00,trajectory_1163dafd9e9d_13_47316a2592d4,-1,market,0.0,15,1,4,12,32060.0
520542,520543,520544,520544,closed,stop,21493.0,21497.0,21492.75,21497.25,21497.0,21481.0,-4.0,-4.5,-5.0,-100.0,10.0,0.5,2.0,2.0,4.25,2024-06-21 00:05:00+00:00,2024-06-21 00:05:00+00:00,2024-06-21 00:07:00+00:00,2024-06-21 00:20:00+00:00,trajectory_1163dafd9e9d_13_47316a2592d4,-1,market,0.0,15,1,4,12,31960.0
520948,520949,520952,520952,closed,stop,21498.75,21502.75,21498.5,21503.0,21502.75,21486.75,-4.0,-4.5,-5.0,-100.0,10.0,0.5,4.0,4.0,4.5,2024-06-21 06:51:00+00:00,2024-06-21 06:51:00+00:00,2024-06-21 06:55:00+00:00,2024-06-21 07:06:00+00:00,trajectory_1163dafd9e9d_13_47316a2592d4,-1,market,0.0,15,1,4,12,31860.0
520989,520990,520990,520990,closed,stop,21444.0,21448.0,21443.75,21448.25,21448.0,21432.0,-4.0,-4.5,-5.0,-100.0,10.0,0.5,1.0,1.0,5.25,2024-06-21 07:32:00+00:00,2024-06-21 07:32:00+00:00,2024-06-21 07:33:00+00:00,2024-06-21 07:47:00+00:00,trajectory_1163dafd9e9d_13_47316a2592d4,-1,market,0.0,15,1,4,12,31760.0
521058,521059,521059,521059,closed,stop,21381.0,21385.0,21380.75,21385.25,21385.0,21369.0,-4.0,-4.5,-5.0,-100.0,10.0,0.5,1.0,1.0,7.5,2024-06-21 08:41:00+00:00,2024-06-21 08:41:00+00:00,2024-06-21 08:42:00+00:00,2024-06-21 08:56:00+00:00,trajectory_1163dafd9e9d_13_47316a2592d4,-1,market,0.0,15,1,4,12,31660.0
521348,521349,521349,521349,closed,stop,21426.25,21430.25,21426.0,21430.5,21430.25,21414.25,-4.0,-4.5,-5.0,-100.0,10.0,0.5,1.0,1.0,12.5,2024-06-21 13:31:00+00:00,2024-06-21 13:31:00+00:00,2024-06-21 13:32:00+00:00,2024-06-21 13:46:00+00:00,trajectory_1163dafd9e9d_13_47316a2592d4,-1,market,0.0,15,1,4,12,31560.0
521956,521957,521968,521968,closed,target,21441.0,21429.0,21440.75,21429.25,21445.0,21429.0,12.0,11.5,11.0,220.0,10.0,0.5,12.0,12.0,3.75,2024-06-24 00:57:00+00:00,2024-06-24 00:57:00+00:00,2024-06-24 01:09:00+00:00,2024-06-24 01:12:00+00:00,trajectory_1163dafd9e9d_13_47316a2592d4,-1,market,0.0,15,1,4,12,31780.0
521968,521969,521973,521973,closed,target,21423.0,21411.0,21422.75,21411.25,21427.0,21411.0,12.0,11.5,11.0,220.0,10.0,0.5,5.0,5.0,3.0,2024-06-24 01:09:00+00:00,2024-06-24 01:09:00+00:00,2024-06-24 01:14:00+00:00,2024-06-24 01:24:00+00:00,trajectory_1163dafd9e9d_13_47316a2592d4,-1,market,0.0,15,1,4,12,32000.0
521973,521974,521974,521974,closed,target,21402.0,21390.0,21401.75,21390.25,21406.0,21390.0,12.0,11.5,11.0,220.0,10.0,0.5,1.0,1.0,3.25,2024-06-24 01:14:00+00:00,2024-06-24 01:14:00+00:00,2024-06-24 01:15:00+00:00,2024-06-24 01:29:00+00:00,trajectory_1163dafd9e9d_13_47316a2592d4,-1,market,0.0,15,1,4,12,32220.0
521974,521975,521975,521975,closed,target,21394.25,21382.25,21394.0,21382.5,21398.25,21382.25,12.0,11.5,11.0,220.0,10.0,0.5,1.0,1.0,1.75,2024-06-24 01:15:00+00:00,2024-06-24 01:15:00+00:00,2024-06-24 01:16:00+00:00,2024-06-24 01:30:00+00:00,trajectory_1163dafd9e9d_13_47316a2592d4,-1,market,0.0,15,1,4,12,32440.0
521975,521976,521976,521976,closed,target,21373.0,21361.0,21372.75,21361.25,21377.0,21361.0,12.0,11.5,11.0,220.0,10.0,0.5,1.0,1.0,1.75,2024-06-24 01:16:00+00:00,2024-06-24 01:16:00+00:00,2024-06-24 01:17:00+00:00,2024-06-24 01:31:00+00:00,trajectory_1163dafd9e9d_13_47316a2592d4,-1,market,0.0,15,1,4,12,32660.0
522612,522613,522614,522614,closed,target,21399.75,21387.75,21399.5,21388.0,21403.75,21387.75,12.0,11.5,11.0,220.0,10.0,0.5,2.0,2.0,0.5,2024-06-24 11:53:00+00:00,2024-06-24 11:53:00+00:00,2024-06-24 11:55:00+00:00,2024-06-24 12:08:00+00:00,trajectory_1163dafd9e9d_13_47316a2592d4,-1,market,0.0,15,1,4,12,32880.0
522614,522615,522616,522616,closed,stop,21388.75,21392.75,21388.5,21393.0,21392.75,21376.75,-4.0,-4.5,-5.0,-100.0,10.0,0.5,2.0,2.0,4.75,2024-06-24 11:55:00+00:00,2024-06-24 11:55:00+00:00,2024-06-24 11:57:00+00:00,2024-06-24 12:10:00+00:00,trajectory_1163dafd9e9d_13_47316a2592d4,-1,market,0.0,15,1,4,12,32780.0
522655,522656,522659,522659,closed,target,21376.5,21364.5,21376.25,21364.75,21380.5,21364.5,12.0,11.5,11.0,220.0,10.0,0.5,4.0,4.0,4.0,2024-06-24 12:36:00+00:00,2024-06-24 12:36:00+00:00,2024-06-24 12:40:00+00:00,2024-06-24 12:51:00+00:00,trajectory_1163dafd9e9d_13_47316a2592d4,-1,market,0.0,15,1,4,12,33000.0
522918,522919,522919,522919,closed,stop,21275.75,21279.75,21275.5,21280.0,21279.75,21263.75,-4.0,-4.5,-5.0,-100.0,10.0,0.5,1.0,1.0,12.0,2024-06-24 16:59:00+00:00,2024-06-24 16:59:00+00:00,2024-06-24 17:00:00+00:00,2024-06-24 17:14:00+00:00,trajectory_1163dafd9e9d_13_47316a2592d4,-1,market,0.0,15,1,4,12,32900.0
522928,522929,522929,522929,closed,stop,21249.5,21253.5,21249.25,21253.75,21253.5,21237.5,-4.0,-4.5,-5.0,-100.0,10.0,0.5,1.0,1.0,6.5,2024-06-24 17:09:00+00:00,2024-06-24 17:09:00+00:00,2024-06-24 17:10:00+00:00,2024-06-24 17:24:00+00:00,trajectory_1163dafd9e9d_13_47316a2592d4,-1,market,0.0,15,1,4,12,32800.0
523321,523322,523336,523336,closed,timeout,21192.75,21187.5,21192.5,21187.75,21196.75,21180.75,5.25,4.75,4.25,85.0,10.0,0.5,15.0,15.0,0.25,2024-06-25 00:57:00+00:00,2024-06-25 00:57:00+00:00,2024-06-25 01:12:00+00:00,2024-06-25 01:12:00+00:00,trajectory_1163dafd9e9d_13_47316a2592d4,-1,market,0.0,15,1,4,12,32885.0
523342,523343,523344,523344,closed,stop,21178.25,21182.25,21178.0,21182.5,21182.25,21166.25,-4.0,-4.5,-5.0,-100.0,10.0,0.5,2.0,2.0,4.5,2024-06-25 01:18:00+00:00,2024-06-25 01:18:00+00:00,2024-06-25 01:20:00+00:00,2024-06-25 01:33:00+00:00,trajectory_1163dafd9e9d_13_47316a2592d4,-1,market,0.0,15,1,4,12,32785.0
523639,523640,523641,523641,closed,stop,21213.0,21217.0,21212.75,21217.25,21217.0,21201.0,-4.0,-4.5,-5.0,-100.0,10.0,0.5,2.0,2.0,5.5,2024-06-25 06:15:00+00:00,2024-06-25 06:15:00+00:00,2024-06-25 06:17:00+00:00,2024-06-25 06:30:00+00:00,trajectory_1163dafd9e9d_13_47316a2592d4,-1,market,0.0,15,1,4,12,32685.0
523690,523691,523691,523691,closed,stop,21193.0,21197.0,21192.75,21197.25,21197.0,21181.0,-4.0,-4.5,-5.0,-100.0,10.0,0.5,1.0,1.0,5.75,2024-06-25 07:06:00+00:00,2024-06-25 07:06:00+00:00,2024-06-25 07:07:00+00:00,2024-06-25 07:21:00+00:00,trajectory_1163dafd9e9d_13_47316a2592d4,-1,market,0.0,15,1,4,12,32585.0
523968,523969,523969,523969,closed,stop,21242.0,21246.0,21241.75,21246.25,21246.0,21230.0,-4.0,-4.5,-5.0,-100.0,10.0,0.5,1.0,1.0,7.75,2024-06-25 11:44:00+00:00,2024-06-25 11:44:00+00:00,2024-06-25 11:45:00+00:00,2024-06-25 11:59:00+00:00,trajectory_1163dafd9e9d_13_47316a2592d4,-1,market,0.0,15,1,4,12,32485.0
524016,524017,524017,524017,closed,stop,21247.75,21251.75,21247.5,21252.0,21251.75,21235.75,-4.0,-4.5,-5.0,-100.0,10.0,0.5,1.0,1.0,4.25,2024-06-25 12:32:00+00:00,2024-06-25 12:32:00+00:00,2024-06-25 12:33:00+00:00,2024-06-25 12:47:00+00:00,trajectory_1163dafd9e9d_13_47316a2592d4,-1,market,0.0,15,1,4,12,32385.0
524393,524394,524394,524394,closed,stop,21353.5,21357.5,21353.25,21357.75,21357.5,21341.5,-4.0,-4.5,-5.0,-100.0,10.0,0.5,1.0,1.0,12.5,2024-06-25 18:49:00+00:00,2024-06-25 18:49:00+00:00,2024-06-25 18:50:00+00:00,2024-06-25 19:04:00+00:00,trajectory_1163dafd9e9d_13_47316a2592d4,-1,market,0.0,15,1,4,12,32285.0
524590,524591,524595,524595,closed,stop,21401.25,21405.25,21401.0,21405.5,21405.25,21389.25,-4.0,-4.5,-5.0,-100.0,10.0,0.5,5.0,5.0,4.25,2024-06-25 23:21:00+00:00,2024-06-25 23:21:00+00:00,2024-06-25 23:26:00+00:00,2024-06-25 23:36:00+00:00,trajectory_1163dafd9e9d_13_47316a2592d4,-1,market,0.0,15,1,4,12,32185.0
524834,524835,524849,524849,closed,timeout,21426.0,21418.5,21425.75,21418.75,21430.0,21414.0,7.5,7.0,6.5,130.0,10.0,0.5,15.0,15.0,1.5,2024-06-26 03:25:00+00:00,2024-06-26 03:25:00+00:00,2024-06-26 03:40:00+00:00,2024-06-26 03:40:00+00:00,trajectory_1163dafd9e9d_13_47316a2592d4,-1,market,0.0,15,1,4,12,32315.0
525498,525499,525499,525499,closed,stop,21389.0,21393.0,21388.75,21393.25,21393.0,21377.0,-4.0,-4.5,-5.0,-100.0,10.0,0.5,1.0,1.0,4.75,2024-06-26 14:29:00+00:00,2024-06-26 14:29:00+00:00,2024-06-26 14:30:00+00:00,2024-06-26 14:44:00+00:00,trajectory_1163dafd9e9d_13_47316a2592d4,-1,market,0.0,15,1,4,12,32215.0
525940,525941,525950,525950,closed,stop,21352.5,21356.5,21352.25,21356.75,21356.5,21340.5,-4.0,-4.5,-5.0,-100.0,10.0,0.5,10.0,10.0,4.75,2024-06-26 23:06:00+00:00,2024-06-26 23:06:00+00:00,2024-06-26 23:16:00+00:00,2024-06-26 23:21:00+00:00,trajectory_1163dafd9e9d_13_47316a2592d4,-1,market,0.0,15,1,4,12,32115.0
526033,526034,526034,526034,closed,target,21335.75,21323.75,21335.5,21324.0,21339.75,21323.75,12.0,11.5,11.0,220.0,10.0,0.5,1.0,1.0,1.25,2024-06-27 00:39:00+00:00,2024-06-27 00:39:00+00:00,2024-06-27 00:40:00+00:00,2024-06-27 00:54:00+00:00,trajectory_1163dafd9e9d_13_47316a2592d4,-1,market,0.0,15,1,4,12,32335.0
526034,526035,526035,526035,closed,stop,21320.75,21324.75,21320.5,21325.0,21324.75,21308.75,-4.0,-4.5,-5.0,-100.0,10.0,0.5,1.0,1.0,5.0,2024-06-27 00:40:00+00:00,2024-06-27 00:40:00+00:00,2024-06-27 00:41:00+00:00,2024-06-27 00:55:00+00:00,trajectory_1163dafd9e9d_13_47316a2592d4,-1,market,0.0,15,1,4,12,32235.0
526456,526457,526457,526457,closed,stop,21392.5,21396.5,21392.25,21396.75,21396.5,21380.5,-4.0,-4.5,-5.0,-100.0,10.0,0.5,1.0,1.0,4.25,2024-06-27 07:42:00+00:00,2024-06-27 07:42:00+00:00,2024-06-27 07:43:00+00:00,2024-06-27 07:57:00+00:00,trajectory_1163dafd9e9d_13_47316a2592d4,-1,market,0.0,15,1,4,12,32135.0
526923,526924,526924,526924,closed,stop,21414.5,21418.5,21414.25,21418.75,21418.5,21402.5,-4.0,-4.5,-5.0,-100.0,10.0,0.5,1.0,1.0,14.0,2024-06-27 15:29:00+00:00,2024-06-27 15:29:00+00:00,2024-06-27 15:30:00+00:00,2024-06-27 15:44:00+00:00,trajectory_1163dafd9e9d_13_47316a2592d4,-1,market,0.0,15,1,4,12,32035.0
527075,527076,527078,527078,closed,target,21445.75,21433.75,21445.5,21434.0,21449.75,21433.75,12.0,11.5,11.0,220.0,10.0,0.5,3.0,3.0,2.75,2024-06-27 18:01:00+00:00,2024-06-27 18:01:00+00:00,2024-06-27 18:04:00+00:00,2024-06-27 18:16:00+00:00,trajectory_1163dafd9e9d_13_47316a2592d4,-1,market,0.0,15,1,4,12,32255.0
527515,527516,527526,527526,closed,stop,21561.0,21565.0,21560.75,21565.25,21565.0,21549.0,-4.0,-4.5,-5.0,-100.0,10.0,0.5,11.0,11.0,5.0,2024-06-28 02:36:00+00:00,2024-06-28 02:36:00+00:00,2024-06-28 02:47:00+00:00,2024-06-28 02:51:00+00:00,trajectory_1163dafd9e9d_13_47316a2592d4,-1,market,0.0,15,1,4,12,32155.0
527583,527584,527598,527598,closed,timeout,21562.25,21564.5,21562.0,21564.75,21566.25,21550.25,-2.25,-2.75,-3.25,-65.0,10.0,0.5,15.0,15.0,3.0,2024-06-28 03:44:00+00:00,2024-06-28 03:44:00+00:00,2024-06-28 03:59:00+00:00,2024-06-28 03:59:00+00:00,trajectory_1163dafd9e9d_13_47316a2592d4,-1,market,0.0,15,1,4,12,32090.0
527606,527607,527611,527611,closed,stop,21550.5,21554.5,21550.25,21554.75,21554.5,21538.5,-4.0,-4.5,-5.0,-100.0,10.0,0.5,5.0,5.0,5.25,2024-06-28 04:07:00+00:00,2024-06-28 04:07:00+00:00,2024-06-28 04:12:00+00:00,2024-06-28 04:22:00+00:00,trajectory_1163dafd9e9d_13_47316a2592d4,-1,market,0.0,15,1,4,12,31990.0
527642,527643,527644,527644,closed,stop,21542.25,21546.25,21542.0,21546.5,21546.25,21530.25,-4.0,-4.5,-5.0,-100.0,10.0,0.5,2.0,2.0,4.5,2024-06-28 04:43:00+00:00,2024-06-28 04:43:00+00:00,2024-06-28 04:45:00+00:00,2024-06-28 04:58:00+00:00,trajectory_1163dafd9e9d_13_47316a2592d4,-1,market,0.0,15,1,4,12,31890.0
527976,527977,527981,527981,closed,stop,21554.25,21558.25,21554.0,21558.5,21558.25,21542.25,-4.0,-4.5,-5.0,-100.0,10.0,0.5,5.0,5.0,5.5,2024-06-28 10:17:00+00:00,2024-06-28 10:17:00+00:00,2024-06-28 10:22:00+00:00,2024-06-28 10:32:00+00:00,trajectory_1163dafd9e9d_13_47316a2592d4,-1,market,0.0,15,1,4,12,31790.0
528462,528463,528463,528463,closed,stop,21446.75,21450.75,21446.5,21451.0,21450.75,21434.75,-4.0,-4.5,-5.0,-100.0,10.0,0.5,1.0,1.0,6.0,2024-06-28 18:23:00+00:00,2024-06-28 18:23:00+00:00,2024-06-28 18:24:00+00:00,2024-06-28 18:38:00+00:00,trajectory_1163dafd9e9d_13_47316a2592d4,-1,market,0.0,15,1,4,12,31690.0
528531,528532,528532,528532,closed,target,21384.75,21372.75,21384.5,21373.0,21388.75,21372.75,12.0,11.5,11.0,220.0,10.0,0.5,1.0,1.0,0.5,2024-06-28 19:32:00+00:00,2024-06-28 19:32:00+00:00,2024-06-28 19:33:00+00:00,2024-06-28 19:47:00+00:00,trajectory_1163dafd9e9d_13_47316a2592d4,-1,market,0.0,15,1,4,12,31910.0
528533,528534,528534,528534,closed,stop,21345.0,21349.0,21344.75,21349.25,21349.0,21333.0,-4.0,-4.5,-5.0,-100.0,10.0,0.5,1.0,1.0,30.25,2024-06-28 19:34:00+00:00,2024-06-28 19:34:00+00:00,2024-06-28 19:35:00+00:00,2024-06-28 19:49:00+00:00,trajectory_1163dafd9e9d_13_47316a2592d4,-1,market,0.0,15,1,4,12,31810.0
528665,528666,528666,528666,closed,stop,21390.75,21394.75,21390.5,21395.0,21394.75,21378.75,-4.0,-4.5,-5.0,-100.0,10.0,0.5,1.0,1.0,8.75,2024-06-30 23:01:00+00:00,2024-06-30 23:01:00+00:00,2024-06-30 23:02:00+00:00,2024-06-30 23:16:00+00:00,trajectory_1163dafd9e9d_13_47316a2592d4,-1,market,0.0,15,1,4,12,31710.0
528715,528716,528716,528716,closed,stop,21384.25,21388.25,21384.0,21388.5,21388.25,21372.25,-4.0,-4.5,-5.0,-100.0,10.0,0.5,1.0,1.0,7.5,2024-06-30 23:51:00+00:00,2024-06-30 23:51:00+00:00,2024-06-30 23:52:00+00:00,2024-07-01 00:06:00+00:00,trajectory_1163dafd9e9d_13_47316a2592d4,-1,market,0.0,15,1,4,12,31610.0
529242,529243,529245,529245,closed,target,21384.25,21372.25,21384.0,21372.5,21388.25,21372.25,12.0,11.5,11.0,220.0,10.0,0.5,3.0,3.0,3.5,2024-07-01 08:38:00+00:00,2024-07-01 08:38:00+00:00,2024-07-01 08:41:00+00:00,2024-07-01 08:53:00+00:00,trajectory_1163dafd9e9d_13_47316a2592d4,-1,market,0.0,15,1,4,12,31830.0
529537,529538,529538,529538,closed,stop,21379.75,21383.75,21379.5,21384.0,21383.75,21367.75,-4.0,-4.5,-5.0,-100.0,10.0,0.5,1.0,1.0,7.25,2024-07-01 13:33:00+00:00,2024-07-01 13:33:00+00:00,2024-07-01 13:34:00+00:00,2024-07-01 13:48:00+00:00,trajectory_1163dafd9e9d_13_47316a2592d4,-1,market,0.0,15,1,4,12,31730.0
529576,529577,529577,529577,closed,stop,21286.5,21290.5,21286.25,21290.75,21290.5,21274.5,-4.0,-4.5,-5.0,-100.0,10.0,0.5,1.0,1.0,9.5,2024-07-01 14:12:00+00:00,2024-07-01 14:12:00+00:00,2024-07-01 14:13:00+00:00,2024-07-01 14:27:00+00:00,trajectory_1163dafd9e9d_13_47316a2592d4,-1,market,0.0,15,1,4,12,31630.0
529891,529892,529892,529892,closed,stop,21419.0,21423.0,21418.75,21423.25,21423.0,21407.0,-4.0,-4.5,-5.0,-100.0,10.0,0.5,1.0,1.0,11.25,2024-07-01 19:27:00+00:00,2024-07-01 19:27:00+00:00,2024-07-01 19:28:00+00:00,2024-07-01 19:42:00+00:00,trajectory_1163dafd9e9d_13_47316a2592d4,-1,market,0.0,15,1,4,12,31530.0
530042,530043,530046,530046,closed,stop,21451.75,21455.75,21451.5,21456.0,21455.75,21439.75,-4.0,-4.5,-5.0,-100.0,10.0,0.5,4.0,4.0,4.75,2024-07-01 23:13:00+00:00,2024-07-01 23:13:00+00:00,2024-07-01 23:17:00+00:00,2024-07-01 23:28:00+00:00,trajectory_1163dafd9e9d_13_47316a2592d4,-1,market,0.0,15,1,4,12,31430.0
530060,530061,530063,530063,closed,stop,21451.25,21455.25,21451.0,21455.5,21455.25,21439.25,-4.0,-4.5,-5.0,-100.0,10.0,0.5,3.0,3.0,4.5,2024-07-01 23:31:00+00:00,2024-07-01 23:31:00+00:00,2024-07-01 23:34:00+00:00,2024-07-01 23:46:00+00:00,trajectory_1163dafd9e9d_13_47316a2592d4,-1,market,0.0,15,1,4,12,31330.0
530108,530109,530112,530112,closed,target,21427.5,21415.5,21427.25,21415.75,21431.5,21415.5,12.0,11.5,11.0,220.0,10.0,0.5,4.0,4.0,2.5,2024-07-02 00:19:00+00:00,2024-07-02 00:19:00+00:00,2024-07-02 00:23:00+00:00,2024-07-02 00:34:00+00:00,trajectory_1163dafd9e9d_13_47316a2592d4,-1,market,0.0,15,1,4,12,31550.0
530132,530133,530134,530134,closed,stop,21405.25,21409.25,21405.0,21409.5,21409.25,21393.25,-4.0,-4.5,-5.0,-100.0,10.0,0.5,2.0,2.0,6.5,2024-07-02 00:43:00+00:00,2024-07-02 00:43:00+00:00,2024-07-02 00:45:00+00:00,2024-07-02 00:58:00+00:00,trajectory_1163dafd9e9d_13_47316a2592d4,-1,market,0.0,15,1,4,12,31450.0
530204,530205,530214,530214,closed,stop,21419.25,21423.25,21419.0,21423.5,21423.25,21407.25,-4.0,-4.5,-5.0,-100.0,10.0,0.5,10.0,10.0,4.25,2024-07-02 01:55:00+00:00,2024-07-02 01:55:00+00:00,2024-07-02 02:05:00+00:00,2024-07-02 02:10:00+00:00,trajectory_1163dafd9e9d_13_47316a2592d4,-1,market,0.0,15,1,4,12,31350.0
530510,530511,530511,530511,closed,target,21410.75,21398.75,21410.5,21399.0,21414.75,21398.75,12.0,11.5,11.0,220.0,10.0,0.5,1.0,1.0,0.5,2024-07-02 07:01:00+00:00,2024-07-02 07:01:00+00:00,2024-07-02 07:02:00+00:00,2024-07-02 07:16:00+00:00,trajectory_1163dafd9e9d_13_47316a2592d4,-1,market,0.0,15,1,4,12,31570.0
530511,530512,530512,530512,closed,stop,21391.75,21395.75,21391.5,21396.0,21395.75,21379.75,-4.0,-4.5,-5.0,-100.0,10.0,0.5,1.0,1.0,9.0,2024-07-02 07:02:00+00:00,2024-07-02 07:02:00+00:00,2024-07-02 07:03:00+00:00,2024-07-02 07:17:00+00:00,trajectory_1163dafd9e9d_13_47316a2592d4,-1,market,0.0,15,1,4,12,31470.0
530763,530764,530764,530764,closed,stop,21362.25,21366.25,21362.0,21366.5,21366.25,21350.25,-4.0,-4.5,-5.0,-100.0,10.0,0.5,1.0,1.0,7.0,2024-07-02 11:14:00+00:00,2024-07-02 11:14:00+00:00,2024-07-02 11:15:00+00:00,2024-07-02 11:29:00+00:00,trajectory_1163dafd9e9d_13_47316a2592d4,-1,market,0.0,15,1,4,12,31370.0
531654,531655,531667,531667,closed,stop,21667.25,21671.25,21667.0,21671.5,21671.25,21655.25,-4.0,-4.5,-5.0,-100.0,10.0,0.5,13.0,13.0,4.5,2024-07-03 03:20:00+00:00,2024-07-03 03:20:00+00:00,2024-07-03 03:33:00+00:00,2024-07-03 03:35:00+00:00,trajectory_1163dafd9e9d_13_47316a2592d4,-1,market,0.0,15,1,4,12,31270.0
531875,531876,531878,531878,closed,stop,21670.75,21674.75,21670.5,21675.0,21674.75,21658.75,-4.0,-4.5,-5.0,-100.0,10.0,0.5,3.0,3.0,5.75,2024-07-03 07:01:00+00:00,2024-07-03 07:01:00+00:00,2024-07-03 07:04:00+00:00,2024-07-03 07:16:00+00:00,trajectory_1163dafd9e9d_13_47316a2592d4,-1,market,0.0,15,1,4,12,31170.0
532295,532296,532296,532296,closed,stop,21680.5,21684.5,21680.25,21684.75,21684.5,21668.5,-4.0,-4.5,-5.0,-100.0,10.0,0.5,1.0,1.0,21.75,2024-07-03 14:01:00+00:00,2024-07-03 14:01:00+00:00,2024-07-03 14:02:00+00:00,2024-07-03 14:16:00+00:00,trajectory_1163dafd9e9d_13_47316a2592d4,-1,market,0.0,15,1,4,12,31070.0
532917,532918,532921,532921,closed,stop,21831.75,21835.75,21831.5,21836.0,21835.75,21819.75,-4.0,-4.5,-5.0,-100.0,10.0,0.5,4.0,4.0,5.0,2024-07-04 05:26:00+00:00,2024-07-04 05:26:00+00:00,2024-07-04 05:30:00+00:00,2024-07-04 05:41:00+00:00,trajectory_1163dafd9e9d_13_47316a2592d4,-1,market,0.0,15,1,4,12,30970.0
533402,533403,533407,533407,closed,target,21834.75,21822.75,21834.5,21823.0,21838.75,21822.75,12.0,11.5,11.0,220.0,10.0,0.5,5.0,5.0,1.25,2024-07-04 13:31:00+00:00,2024-07-04 13:31:00+00:00,2024-07-04 13:36:00+00:00,2024-07-04 13:46:00+00:00,trajectory_1163dafd9e9d_13_47316a2592d4,-1,market,0.0,15,1,4,12,31190.0
533557,533558,533572,533572,closed,timeout,21811.5,21812.75,21811.25,21813.0,21815.5,21799.5,-1.25,-1.75,-2.25,-45.0,10.0,0.5,15.0,15.0,3.5,2024-07-04 16:06:00+00:00,2024-07-04 16:06:00+00:00,2024-07-04 16:21:00+00:00,2024-07-04 16:21:00+00:00,trajectory_1163dafd9e9d_13_47316a2592d4,-1,market,0.0,15,1,4,12,31145.0
535067,535068,535082,535082,closed,timeout,22030.25,22023.75,22030.0,22024.0,22034.25,22018.25,6.5,6.0,5.5,110.0,10.0,0.5,15.0,15.0,2.0,2024-07-07 23:32:00+00:00,2024-07-07 23:32:00+00:00,2024-07-07 23:47:00+00:00,2024-07-07 23:47:00+00:00,trajectory_1163dafd9e9d_13_47316a2592d4,-1,market,0.0,15,1,4,12,31255.0
535906,535907,535907,535907,closed,stop,22061.25,22065.25,22061.0,22065.5,22065.25,22049.25,-4.0,-4.5,-5.0,-100.0,10.0,0.5,1.0,1.0,4.5,2024-07-08 13:31:00+00:00,2024-07-08 13:31:00+00:00,2024-07-08 13:32:00+00:00,2024-07-08 13:46:00+00:00,trajectory_1163dafd9e9d_13_47316a2592d4,-1,market,0.0,15,1,4,12,31155.0
535907,535908,535908,535908,closed,stop,22054.25,22058.25,22054.0,22058.5,22058.25,22042.25,-4.0,-4.5,-5.0,-100.0,10.0,0.5,1.0,1.0,23.75,2024-07-08 13:32:00+00:00,2024-07-08 13:32:00+00:00,2024-07-08 13:33:00+00:00,2024-07-08 13:47:00+00:00,trajectory_1163dafd9e9d_13_47316a2592d4,-1,market,0.0,15,1,4,12,31055.0
536065,536066,536066,536066,closed,stop,22054.5,22058.5,22054.25,22058.75,22058.5,22042.5,-4.0,-4.5,-5.0,-100.0,10.0,0.5,1.0,1.0,11.0,2024-07-08 16:10:00+00:00,2024-07-08 16:10:00+00:00,2024-07-08 16:11:00+00:00,2024-07-08 16:25:00+00:00,trajectory_1163dafd9e9d_13_47316a2592d4,-1,market,0.0,15,1,4,12,30955.0
536218,536219,536219,536219,closed,stop,22052.0,22056.0,22051.75,22056.25,22056.0,22040.0,-4.0,-4.5,-5.0,-100.0,10.0,0.5,1.0,1.0,6.5,2024-07-08 18:43:00+00:00,2024-07-08 18:43:00+00:00,2024-07-08 18:44:00+00:00,2024-07-08 18:58:00+00:00,trajectory_1163dafd9e9d_13_47316a2592d4,-1,market,0.0,15,1,4,12,30855.0
536510,536511,536525,536525,closed,timeout,22164.25,22160.5,22164.0,22160.75,22168.25,22152.25,3.75,3.25,2.75,55.0,10.0,0.5,15.0,15.0,0.75,2024-07-09 00:51:00+00:00,2024-07-09 00:51:00+00:00,2024-07-09 01:06:00+00:00,2024-07-09 01:06:00+00:00,trajectory_1163dafd9e9d_13_47316a2592d4,-1,market,0.0,15,1,4,12,30910.0
536780,536781,536795,536795,closed,timeout,22167.0,22157.5,22166.75,22157.75,22171.0,22155.0,9.5,9.0,8.5,170.0,10.0,0.5,15.0,15.0,0.25,2024-07-09 05:21:00+00:00,2024-07-09 05:21:00+00:00,2024-07-09 05:36:00+00:00,2024-07-09 05:36:00+00:00,trajectory_1163dafd9e9d_13_47316a2592d4,-1,market,0.0,15,1,4,12,31080.0
536821,536822,536836,536836,closed,timeout,22152.25,22152.75,22152.0,22153.0,22156.25,22140.25,-0.5,-1.0,-1.5,-30.0,10.0,0.5,15.0,15.0,3.5,2024-07-09 06:02:00+00:00,2024-07-09 06:02:00+00:00,2024-07-09 06:17:00+00:00,2024-07-09 06:17:00+00:00,trajectory_1163dafd9e9d_13_47316a2592d4,-1,market,0.0,15,1,4,12,31050.0
537132,537133,537134,537134,closed,stop,22166.25,22170.25,22166.0,22170.5,22170.25,22154.25,-4.0,-4.5,-5.0,-100.0,10.0,0.5,2.0,2.0,4.75,2024-07-09 11:13:00+00:00,2024-07-09 11:13:00+00:00,2024-07-09 11:15:00+00:00,2024-07-09 11:28:00+00:00,trajectory_1163dafd9e9d_13_47316a2592d4,-1,market,0.0,15,1,4,12,30950.0
537462,537463,537463,537463,closed,stop,22095.5,22099.5,22095.25,22099.75,22099.5,22083.5,-4.0,-4.5,-5.0,-100.0,10.0,0.5,1.0,1.0,15.25,2024-07-09 16:43:00+00:00,2024-07-09 16:43:00+00:00,2024-07-09 16:44:00+00:00,2024-07-09 16:58:00+00:00,trajectory_1163dafd9e9d_13_47316a2592d4,-1,market,0.0,15,1,4,12,30850.0
537497,537498,537498,537498,closed,target,22080.25,22068.25,22080.0,22068.5,22084.25,22068.25,12.0,11.5,11.0,220.0,10.0,0.5,1.0,1.0,2.25,2024-07-09 17:18:00+00:00,2024-07-09 17:18:00+00:00,2024-07-09 17:19:00+00:00,2024-07-09 17:33:00+00:00,trajectory_1163dafd9e9d_13_47316a2592d4,-1,market,0.0,15,1,4,12,31070.0
538081,538082,538091,538091,closed,stop,22137.0,22141.0,22136.75,22141.25,22141.0,22125.0,-4.0,-4.5,-5.0,-100.0,10.0,0.5,10.0,10.0,5.0,2024-07-10 04:17:00+00:00,2024-07-10 04:17:00+00:00,2024-07-10 04:27:00+00:00,2024-07-10 04:32:00+00:00,trajectory_1163dafd9e9d_13_47316a2592d4,-1,market,0.0,15,1,4,12,30970.0
538487,538488,538490,538490,closed,stop,22164.25,22168.25,22164.0,22168.5,22168.25,22152.25,-4.0,-4.5,-5.0,-100.0,10.0,0.5,3.0,3.0,5.0,2024-07-10 11:03:00+00:00,2024-07-10 11:03:00+00:00,2024-07-10 11:06:00+00:00,2024-07-10 11:18:00+00:00,trajectory_1163dafd9e9d_13_47316a2592d4,-1,market,0.0,15,1,4,12,30870.0
539219,539220,539234,539234,closed,timeout,22303.75,22305.5,22303.5,22305.75,22307.75,22291.75,-1.75,-2.25,-2.75,-55.0,10.0,0.5,15.0,15.0,3.75,2024-07-11 00:30:00+00:00,2024-07-11 00:30:00+00:00,2024-07-11 00:45:00+00:00,2024-07-11 00:45:00+00:00,trajectory_1163dafd9e9d_13_47316a2592d4,-1,market,0.0,15,1,4,12,30815.0
539460,539461,539475,539475,closed,timeout,22311.75,22312.25,22311.5,22312.5,22315.75,22299.75,-0.5,-1.0,-1.5,-30.0,10.0,0.5,15.0,15.0,2.0,2024-07-11 04:31:00+00:00,2024-07-11 04:31:00+00:00,2024-07-11 04:46:00+00:00,2024-07-11 04:46:00+00:00,trajectory_1163dafd9e9d_13_47316a2592d4,-1,market,0.0,15,1,4,12,30785.0
539519,539520,539522,539522,closed,stop,22315.0,22319.0,22314.75,22319.25,22319.0,22303.0,-4.0,-4.5,-5.0,-100.0,10.0,0.5,3.0,3.0,4.25,2024-07-11 05:30:00+00:00,2024-07-11 05:30:00+00:00,2024-07-11 05:33:00+00:00,2024-07-11 05:45:00+00:00,trajectory_1163dafd9e9d_13_47316a2592d4,-1,market,0.0,15,1,4,12,30685.0
539537,539538,539552,539552,closed,timeout,22308.25,22309.0,22308.0,22309.25,22312.25,22296.25,-0.75,-1.25,-1.75,-35.0,10.0,0.5,15.0,15.0,2.75,2024-07-11 05:48:00+00:00,2024-07-11 05:48:00+00:00,2024-07-11 06:03:00+00:00,2024-07-11 06:03:00+00:00,trajectory_1163dafd9e9d_13_47316a2592d4,-1,market,0.0,15,1,4,12,30650.0
540000,540001,540001,540001,closed,stop,22316.25,22320.25,22316.0,22320.5,22320.25,22304.25,-4.0,-4.5,-5.0,-100.0,10.0,0.5,1.0,1.0,10.0,2024-07-11 13:31:00+00:00,2024-07-11 13:31:00+00:00,2024-07-11 13:32:00+00:00,2024-07-11 13:46:00+00:00,trajectory_1163dafd9e9d_13_47316a2592d4,-1,market,0.0,15,1,4,12,30550.0
540197,540198,540198,540198,closed,target,21903.0,21891.0,21902.75,21891.25,21907.0,21891.0,12.0,11.5,11.0,220.0,10.0,0.5,1.0,1.0,2.75,2024-07-11 16:48:00+00:00,2024-07-11 16:48:00+00:00,2024-07-11 16:49:00+00:00,2024-07-11 17:03:00+00:00,trajectory_1163dafd9e9d_13_47316a2592d4,-1,market,0.0,15,1,4,12,30770.0
540542,540543,540543,540543,closed,stop,21866.5,21870.5,21866.25,21870.75,21870.5,21854.5,-4.0,-4.5,-5.0,-100.0,10.0,0.5,1.0,1.0,4.5,2024-07-11 23:48:00+00:00,2024-07-11 23:48:00+00:00,2024-07-11 23:49:00+00:00,2024-07-12 00:03:00+00:00,trajectory_1163dafd9e9d_13_47316a2592d4,-1,market,0.0,15,1,4,12,30670.0
540553,540554,540554,540554,closed,stop,21841.75,21845.75,21841.5,21846.0,21845.75,21829.75,-4.0,-4.5,-5.0,-100.0,10.0,0.5,1.0,1.0,6.0,2024-07-11 23:59:00+00:00,2024-07-11 23:59:00+00:00,2024-07-12 00:00:00+00:00,2024-07-12 00:14:00+00:00,trajectory_1163dafd9e9d_13_47316a2592d4,-1,market,0.0,15,1,4,12,30570.0
540651,540652,540661,540661,closed,stop,21864.0,21868.0,21863.75,21868.25,21868.0,21852.0,-4.0,-4.5,-5.0,-100.0,10.0,0.5,10.0,10.0,6.25,2024-07-12 01:37:00+00:00,2024-07-12 01:37:00+00:00,2024-07-12 01:47:00+00:00,2024-07-12 01:52:00+00:00,trajectory_1163dafd9e9d_13_47316a2592d4,-1,market,0.0,15,1,4,12,30470.0
540754,540755,540769,540769,closed,timeout,21849.25,21850.75,21849.0,21851.0,21853.25,21837.25,-1.5,-2.0,-2.5,-50.0,10.0,0.5,15.0,15.0,1.75,2024-07-12 03:20:00+00:00,2024-07-12 03:20:00+00:00,2024-07-12 03:35:00+00:00,2024-07-12 03:35:00+00:00,trajectory_1163dafd9e9d_13_47316a2592d4,-1,market,0.0,15,1,4,12,30420.0
540845,540846,540849,540849,closed,target,21839.25,21827.25,21839.0,21827.5,21843.25,21827.25,12.0,11.5,11.0,220.0,10.0,0.5,4.0,4.0,0.5,2024-07-12 04:51:00+00:00,2024-07-12 04:51:00+00:00,2024-07-12 04:55:00+00:00,2024-07-12 05:06:00+00:00,trajectory_1163dafd9e9d_13_47316a2592d4,-1,market,0.0,15,1,4,12,30640.0
540849,540850,540851,540851,closed,stop,21825.75,21829.75,21825.5,21830.0,21829.75,21813.75,-4.0,-4.5,-5.0,-100.0,10.0,0.5,2.0,2.0,4.5,2024-07-12 04:55:00+00:00,2024-07-12 04:55:00+00:00,2024-07-12 04:57:00+00:00,2024-07-12 05:10:00+00:00,trajectory_1163dafd9e9d_13_47316a2592d4,-1,market,0.0,15,1,4,12,30540.0
540929,540930,540931,540931,closed,stop,21841.5,21845.5,21841.25,21845.75,21845.5,21829.5,-4.0,-4.5,-5.0,-100.0,10.0,0.5,2.0,2.0,6.75,2024-07-12 06:15:00+00:00,2024-07-12 06:15:00+00:00,2024-07-12 06:17:00+00:00,2024-07-12 06:30:00+00:00,trajectory_1163dafd9e9d_13_47316a2592d4,-1,market,0.0,15,1,4,12,30440.0
541118,541119,541133,541133,closed,timeout,21861.75,21859.0,21861.5,21859.25,21865.75,21849.75,2.75,2.25,1.75,35.0,10.0,0.5,15.0,15.0,3.5,2024-07-12 09:24:00+00:00,2024-07-12 09:24:00+00:00,2024-07-12 09:39:00+00:00,2024-07-12 09:39:00+00:00,trajectory_1163dafd9e9d_13_47316a2592d4,-1,market,0.0,15,1,4,12,30475.0
541305,541306,541306,541306,closed,stop,21838.75,21842.75,21838.5,21843.0,21842.75,21826.75,-4.0,-4.5,-5.0,-100.0,10.0,0.5,1.0,1.0,17.5,2024-07-12 12:31:00+00:00,2024-07-12 12:31:00+00:00,2024-07-12 12:32:00+00:00,2024-07-12 12:46:00+00:00,trajectory_1163dafd9e9d_13_47316a2592d4,-1,market,0.0,15,1,4,12,30375.0
541514,541515,541515,541515,closed,stop,22028.0,22032.0,22027.75,22032.25,22032.0,22016.0,-4.0,-4.5,-5.0,-100.0,10.0,0.5,1.0,1.0,9.25,2024-07-12 16:00:00+00:00,2024-07-12 16:00:00+00:00,2024-07-12 16:01:00+00:00,2024-07-12 16:15:00+00:00,trajectory_1163dafd9e9d_13_47316a2592d4,-1,market,0.0,15,1,4,12,30275.0
541725,541726,541726,541726,closed,target,22083.0,22071.0,22082.75,22071.25,22087.0,22071.0,12.0,11.5,11.0,220.0,10.0,0.5,1.0,1.0,1.25,2024-07-12 19:31:00+00:00,2024-07-12 19:31:00+00:00,2024-07-12 19:32:00+00:00,2024-07-12 19:46:00+00:00,trajectory_1163dafd9e9d_13_47316a2592d4,-1,market,0.0,15,1,4,12,30495.0
541726,541727,541727,541727,closed,stop,22067.75,22071.75,22067.5,22072.0,22071.75,22055.75,-4.0,-4.5,-5.0,-100.0,10.0,0.5,1.0,1.0,6.25,2024-07-12 19:32:00+00:00,2024-07-12 19:32:00+00:00,2024-07-12 19:33:00+00:00,2024-07-12 19:47:00+00:00,trajectory_1163dafd9e9d_13_47316a2592d4,-1,market,0.0,15,1,4,12,30395.0
542283,542284,542285,542285,closed,stop,22032.0,22036.0,22031.75,22036.25,22036.0,22020.0,-4.0,-4.5,-5.0,-100.0,10.0,0.5,2.0,2.0,4.75,2024-07-15 06:04:00+00:00,2024-07-15 06:04:00+00:00,2024-07-15 06:06:00+00:00,2024-07-15 06:19:00+00:00,trajectory_1163dafd9e9d_13_47316a2592d4,-1,market,0.0,15,1,4,12,30295.0
542520,542521,542521,542521,closed,stop,22044.75,22048.75,22044.5,22049.0,22048.75,22032.75,-4.0,-4.5,-5.0,-100.0,10.0,0.5,1.0,1.0,5.5,2024-07-15 10:01:00+00:00,2024-07-15 10:01:00+00:00,2024-07-15 10:02:00+00:00,2024-07-15 10:16:00+00:00,trajectory_1163dafd9e9d_13_47316a2592d4,-1,market,0.0,15,1,4,12,30195.0
542940,542941,542941,542941,closed,stop,22050.0,22054.0,22049.75,22054.25,22054.0,22038.0,-4.0,-4.5,-5.0,-100.0,10.0,0.5,1.0,1.0,5.5,2024-07-15 17:01:00+00:00,2024-07-15 17:01:00+00:00,2024-07-15 17:02:00+00:00,2024-07-15 17:16:00+00:00,trajectory_1163dafd9e9d_13_47316a2592d4,-1,market,0.0,15,1,4,12,30095.0
543270,543271,543285,543285,closed,timeout,22072.25,22067.25,22072.0,22067.5,22076.25,22060.25,5.0,4.5,4.0,80.0,10.0,0.5,15.0,15.0,1.5,2024-07-15 23:46:00+00:00,2024-07-15 23:46:00+00:00,2024-07-16 00:01:00+00:00,2024-07-16 00:01:00+00:00,trajectory_1163dafd9e9d_13_47316a2592d4,-1,market,0.0,15,1,4,12,30175.0
543361,543362,543362,543362,closed,stop,22054.75,22058.75,22054.5,22059.0,22058.75,22042.75,-4.0,-4.5,-5.0,-100.0,10.0,0.5,1.0,1.0,5.5,2024-07-16 01:17:00+00:00,2024-07-16 01:17:00+00:00,2024-07-16 01:18:00+00:00,2024-07-16 01:32:00+00:00,trajectory_1163dafd9e9d_13_47316a2592d4,-1,market,0.0,15,1,4,12,30075.0
543638,543639,543644,543644,closed,stop,22069.75,22073.75,22069.5,22074.0,22073.75,22057.75,-4.0,-4.5,-5.0,-100.0,10.0,0.5,6.0,6.0,4.5,2024-07-16 05:54:00+00:00,2024-07-16 05:54:00+00:00,2024-07-16 06:00:00+00:00,2024-07-16 06:09:00+00:00,trajectory_1163dafd9e9d_13_47316a2592d4,-1,market,0.0,15,1,4,12,29975.0
543855,543856,543856,543856,closed,stop,22018.25,22022.25,22018.0,22022.5,22022.25,22006.25,-4.0,-4.5,-5.0,-100.0,10.0,0.5,1.0,1.0,5.75,2024-07-16 09:31:00+00:00,2024-07-16 09:31:00+00:00,2024-07-16 09:32:00+00:00,2024-07-16 09:46:00+00:00,trajectory_1163dafd9e9d_13_47316a2592d4,-1,market,0.0,15,1,4,12,29875.0
543942,543943,543944,543944,closed,stop,22051.0,22055.0,22050.75,22055.25,22055.0,22039.0,-4.0,-4.5,-5.0,-100.0,10.0,0.5,2.0,2.0,5.25,2024-07-16 10:58:00+00:00,2024-07-16 10:58:00+00:00,2024-07-16 11:00:00+00:00,2024-07-16 11:13:00+00:00,trajectory_1163dafd9e9d_13_47316a2592d4,-1,market,0.0,15,1,4,12,29775.0
544254,544255,544255,544255,closed,stop,21955.75,21959.75,21955.5,21960.0,21959.75,21943.75,-4.0,-4.5,-5.0,-100.0,10.0,0.5,1.0,1.0,12.0,2024-07-16 16:10:00+00:00,2024-07-16 16:10:00+00:00,2024-07-16 16:11:00+00:00,2024-07-16 16:25:00+00:00,trajectory_1163dafd9e9d_13_47316a2592d4,-1,market,0.0,15,1,4,12,29675.0
544593,544594,544608,544608,closed,target,22015.25,22003.25,22015.0,22003.5,22019.25,22003.25,12.0,11.5,11.0,220.0,10.0,0.5,15.0,15.0,2.75,2024-07-16 23:04:00+00:00,2024-07-16 23:04:00+00:00,2024-07-16 23:19:00+00:00,2024-07-16 23:19:00+00:00,trajectory_1163dafd9e9d_13_47316a2592d4,-1,market,0.0,15,1,4,12,29895.0
544874,544875,544880,544880,closed,stop,21968.25,21972.25,21968.0,21972.5,21972.25,21956.25,-4.0,-4.5,-5.0,-100.0,10.0,0.5,6.0,6.0,4.25,2024-07-17 03:45:00+00:00,2024-07-17 03:45:00+00:00,2024-07-17 03:51:00+00:00,2024-07-17 04:00:00+00:00,trajectory_1163dafd9e9d_13_47316a2592d4,-1,market,0.0,15,1,4,12,29795.0
544956,544957,544957,544957,closed,stop,21944.5,21948.5,21944.25,21948.75,21948.5,21932.5,-4.0,-4.5,-5.0,-100.0,10.0,0.5,1.0,1.0,5.5,2024-07-17 05:07:00+00:00,2024-07-17 05:07:00+00:00,2024-07-17 05:08:00+00:00,2024-07-17 05:22:00+00:00,trajectory_1163dafd9e9d_13_47316a2592d4,-1,market,0.0,15,1,4,12,29695.0
545005,545006,545007,545007,closed,stop,21944.25,21948.25,21944.0,21948.5,21948.25,21932.25,-4.0,-4.5,-5.0,-100.0,10.0,0.5,2.0,2.0,5.75,2024-07-17 05:56:00+00:00,2024-07-17 05:56:00+00:00,2024-07-17 05:58:00+00:00,2024-07-17 06:11:00+00:00,trajectory_1163dafd9e9d_13_47316a2592d4,-1,market,0.0,15,1,4,12,29595.0
545027,545028,545029,545029,closed,stop,21892.75,21896.75,21892.5,21897.0,21896.75,21880.75,-4.0,-4.5,-5.0,-100.0,10.0,0.5,2.0,2.0,6.25,2024-07-17 06:18:00+00:00,2024-07-17 06:18:00+00:00,2024-07-17 06:20:00+00:00,2024-07-17 06:33:00+00:00,trajectory_1163dafd9e9d_13_47316a2592d4,-1,market,0.0,15,1,4,12,29495.0
545220,545221,545222,545222,closed,stop,21760.0,21764.0,21759.75,21764.25,21764.0,21748.0,-4.0,-4.5,-5.0,-100.0,10.0,0.5,2.0,2.0,5.0,2024-07-17 09:31:00+00:00,2024-07-17 09:31:00+00:00,2024-07-17 09:33:00+00:00,2024-07-17 09:46:00+00:00,trajectory_1163dafd9e9d_13_47316a2592d4,-1,market,0.0,15,1,4,12,29395.0
546079,546080,546080,546080,closed,stop,21486.5,21490.5,21486.25,21490.75,21490.5,21474.5,-4.0,-4.5,-5.0,-100.0,10.0,0.5,1.0,1.0,6.25,2024-07-18 01:05:00+00:00,2024-07-18 01:05:00+00:00,2024-07-18 01:06:00+00:00,2024-07-18 01:20:00+00:00,trajectory_1163dafd9e9d_13_47316a2592d4,-1,market,0.0,15,1,4,12,29295.0
546214,546215,546216,546216,closed,stop,21482.75,21486.75,21482.5,21487.0,21486.75,21470.75,-4.0,-4.5,-5.0,-100.0,10.0,0.5,2.0,2.0,4.5,2024-07-18 03:20:00+00:00,2024-07-18 03:20:00+00:00,2024-07-18 03:22:00+00:00,2024-07-18 03:35:00+00:00,trajectory_1163dafd9e9d_13_47316a2592d4,-1,market,0.0,15,1,4,12,29195.0
546227,546228,546229,546229,closed,target,21473.0,21461.0,21472.75,21461.25,21477.0,21461.0,12.0,11.5,11.0,220.0,10.0,0.5,2.0,2.0,0.25,2024-07-18 03:33:00+00:00,2024-07-18 03:33:00+00:00,2024-07-18 03:35:00+00:00,2024-07-18 03:48:00+00:00,trajectory_1163dafd9e9d_13_47316a2592d4,-1,market,0.0,15,1,4,12,29415.0
546272,546273,546281,546281,closed,stop,21475.0,21479.0,21474.75,21479.25,21479.0,21463.0,-4.0,-4.5,-5.0,-100.0,10.0,0.5,9.0,9.0,5.75,2024-07-18 04:18:00+00:00,2024-07-18 04:18:00+00:00,2024-07-18 04:27:00+00:00,2024-07-18 04:33:00+00:00,trajectory_1163dafd9e9d_13_47316a2592d4,-1,market,0.0,15,1,4,12,29315.0
546817,546818,546820,546820,closed,stop,21570.0,21574.0,21569.75,21574.25,21574.0,21558.0,-4.0,-4.5,-5.0,-100.0,10.0,0.5,3.0,3.0,11.5,2024-07-18 13:23:00+00:00,2024-07-18 13:23:00+00:00,2024-07-18 13:26:00+00:00,2024-07-18 13:38:00+00:00,trajectory_1163dafd9e9d_13_47316a2592d4,-1,market,0.0,15,1,4,12,29215.0
546825,546826,546826,546826,closed,stop,21558.25,21562.25,21558.0,21562.5,21562.25,21546.25,-4.0,-4.5,-5.0,-100.0,10.0,0.5,1.0,1.0,10.0,2024-07-18 13:31:00+00:00,2024-07-18 13:31:00+00:00,2024-07-18 13:32:00+00:00,2024-07-18 13:46:00+00:00,trajectory_1163dafd9e9d_13_47316a2592d4,-1,market,0.0,15,1,4,12,29115.0
546826,546827,546827,546827,closed,stop,21543.75,21547.75,21543.5,21548.0,21547.75,21531.75,-4.0,-4.5,-5.0,-100.0,10.0,0.5,1.0,1.0,5.25,2024-07-18 13:32:00+00:00,2024-07-18 13:32:00+00:00,2024-07-18 13:33:00+00:00,2024-07-18 13:47:00+00:00,trajectory_1163dafd9e9d_13_47316a2592d4,-1,market,0.0,15,1,4,12,29015.0
546886,546887,546887,546887,closed,stop,21427.0,21431.0,21426.75,21431.25,21431.0,21415.0,-4.0,-4.5,-5.0,-100.0,10.0,0.5,1.0,1.0,4.5,2024-07-18 14:32:00+00:00,2024-07-18 14:32:00+00:00,2024-07-18 14:33:00+00:00,2024-07-18 14:47:00+00:00,trajectory_1163dafd9e9d_13_47316a2592d4,-1,market,0.0,15,1,4,12,28915.0
547695,547696,547700,547700,closed,stop,21386.5,21390.5,21386.25,21390.75,21390.5,21374.5,-4.0,-4.5,-5.0,-100.0,10.0,0.5,5.0,5.0,4.25,2024-07-19 05:16:00+00:00,2024-07-19 05:16:00+00:00,2024-07-19 05:21:00+00:00,2024-07-19 05:31:00+00:00,trajectory_1163dafd9e9d_13_47316a2592d4,-1,market,0.0,15,1,4,12,28815.0
547789,547790,547790,547790,closed,target,21362.5,21350.5,21362.25,21350.75,21366.5,21350.5,12.0,11.5,11.0,220.0,10.0,0.5,1.0,1.0,0.5,2024-07-19 06:50:00+00:00,2024-07-19 06:50:00+00:00,2024-07-19 06:51:00+00:00,2024-07-19 07:05:00+00:00,trajectory_1163dafd9e9d_13_47316a2592d4,-1,market,0.0,15,1,4,12,29035.0
547790,547791,547791,547791,closed,target,21351.0,21339.0,21350.75,21339.25,21355.0,21339.0,12.0,11.5,11.0,220.0,10.0,0.5,1.0,1.0,1.5,2024-07-19 06:51:00+00:00,2024-07-19 06:51:00+00:00,2024-07-19 06:52:00+00:00,2024-07-19 07:06:00+00:00,trajectory_1163dafd9e9d_13_47316a2592d4,-1,market,0.0,15,1,4,12,29255.0
547791,547792,547792,547792,closed,stop,21333.5,21337.5,21333.25,21337.75,21337.5,21321.5,-4.0,-4.5,-5.0,-100.0,10.0,0.5,1.0,1.0,13.5,2024-07-19 06:52:00+00:00,2024-07-19 06:52:00+00:00,2024-07-19 06:53:00+00:00,2024-07-19 07:07:00+00:00,trajectory_1163dafd9e9d_13_47316a2592d4,-1,market,0.0,15,1,4,12,29155.0
547943,547944,547944,547944,closed,stop,21250.75,21254.75,21250.5,21255.0,21254.75,21238.75,-4.0,-4.5,-5.0,-100.0,10.0,0.5,1.0,1.0,6.25,2024-07-19 09:24:00+00:00,2024-07-19 09:24:00+00:00,2024-07-19 09:25:00+00:00,2024-07-19 09:39:00+00:00,trajectory_1163dafd9e9d_13_47316a2592d4,-1,market,0.0,15,1,4,12,29055.0
548185,548186,548186,548186,closed,stop,21316.5,21320.5,21316.25,21320.75,21320.5,21304.5,-4.0,-4.5,-5.0,-100.0,10.0,0.5,1.0,1.0,8.75,2024-07-19 13:26:00+00:00,2024-07-19 13:26:00+00:00,2024-07-19 13:27:00+00:00,2024-07-19 13:41:00+00:00,trajectory_1163dafd9e9d_13_47316a2592d4,-1,market,0.0,15,1,4,12,28955.0
548756,548757,548757,548757,closed,stop,21216.0,21220.0,21215.75,21220.25,21220.0,21204.0,-4.0,-4.5,-5.0,-100.0,10.0,0.5,1.0,1.0,6.75,2024-07-22 00:22:00+00:00,2024-07-22 00:22:00+00:00,2024-07-22 00:23:00+00:00,2024-07-22 00:37:00+00:00,trajectory_1163dafd9e9d_13_47316a2592d4,-1,market,0.0,15,1,4,12,28855.0
548757,548758,548761,548761,closed,stop,21213.75,21217.75,21213.5,21218.0,21217.75,21201.75,-4.0,-4.5,-5.0,-100.0,10.0,0.5,4.0,4.0,11.0,2024-07-22 00:23:00+00:00,2024-07-22 00:23:00+00:00,2024-07-22 00:27:00+00:00,2024-07-22 00:38:00+00:00,trajectory_1163dafd9e9d_13_47316a2592d4,-1,market,0.0,15,1,4,12,28755.0
548804,548805,548805,548805,closed,stop,21213.25,21217.25,21213.0,21217.5,21217.25,21201.25,-4.0,-4.5,-5.0,-100.0,10.0,0.5,1.0,1.0,8.0,2024-07-22 01:10:00+00:00,2024-07-22 01:10:00+00:00,2024-07-22 01:11:00+00:00,2024-07-22 01:25:00+00:00,trajectory_1163dafd9e9d_13_47316a2592d4,-1,market,0.0,15,1,4,12,28655.0
548979,548980,548980,548980,closed,stop,21187.5,21191.5,21187.25,21191.75,21191.5,21175.5,-4.0,-4.5,-5.0,-100.0,10.0,0.5,1.0,1.0,5.25,2024-07-22 04:05:00+00:00,2024-07-22 04:05:00+00:00,2024-07-22 04:06:00+00:00,2024-07-22 04:20:00+00:00,trajectory_1163dafd9e9d_13_47316a2592d4,-1,market,0.0,15,1,4,12,28555.0
548981,548982,548982,548982,closed,stop,21178.5,21182.5,21178.25,21182.75,21182.5,21166.5,-4.0,-4.5,-5.0,-100.0,10.0,0.5,1.0,1.0,4.75,2024-07-22 04:07:00+00:00,2024-07-22 04:07:00+00:00,2024-07-22 04:08:00+00:00,2024-07-22 04:22:00+00:00,trajectory_1163dafd9e9d_13_47316a2592d4,-1,market,0.0,15,1,4,12,28455.0
549096,549097,549099,549099,closed,stop,21204.75,21208.75,21204.5,21209.0,21208.75,21192.75,-4.0,-4.5,-5.0,-100.0,10.0,0.5,3.0,3.0,11.25,2024-07-22 06:02:00+00:00,2024-07-22 06:02:00+00:00,2024-07-22 06:05:00+00:00,2024-07-22 06:17:00+00:00,trajectory_1163dafd9e9d_13_47316a2592d4,-1,market,0.0,15,1,4,12,28355.0
549545,549546,549546,549546,closed,stop,21343.0,21347.0,21342.75,21347.25,21347.0,21331.0,-4.0,-4.5,-5.0,-100.0,10.0,0.5,1.0,1.0,13.0,2024-07-22 13:31:00+00:00,2024-07-22 13:31:00+00:00,2024-07-22 13:32:00+00:00,2024-07-22 13:46:00+00:00,trajectory_1163dafd9e9d_13_47316a2592d4,-1,market,0.0,15,1,4,12,28255.0
549644,549645,549645,549645,closed,stop,21329.0,21333.0,21328.75,21333.25,21333.0,21317.0,-4.0,-4.5,-5.0,-100.0,10.0,0.5,1.0,1.0,22.25,2024-07-22 15:10:00+00:00,2024-07-22 15:10:00+00:00,2024-07-22 15:11:00+00:00,2024-07-22 15:25:00+00:00,trajectory_1163dafd9e9d_13_47316a2592d4,-1,market,0.0,15,1,4,12,28155.0
549875,549876,549876,549876,closed,stop,21429.25,21433.25,21429.0,21433.5,21433.25,21417.25,-4.0,-4.5,-5.0,-100.0,10.0,0.5,1.0,1.0,7.25,2024-07-22 19:01:00+00:00,2024-07-22 19:01:00+00:00,2024-07-22 19:02:00+00:00,2024-07-22 19:16:00+00:00,trajectory_1163dafd9e9d_13_47316a2592d4,-1,market,0.0,15,1,4,12,28055.0
550075,550076,550076,550076,closed,stop,21396.0,21400.0,21395.75,21400.25,21400.0,21384.0,-4.0,-4.5,-5.0,-100.0,10.0,0.5,1.0,1.0,4.25,2024-07-22 23:36:00+00:00,2024-07-22 23:36:00+00:00,2024-07-22 23:37:00+00:00,2024-07-22 23:51:00+00:00,trajectory_1163dafd9e9d_13_47316a2592d4,-1,market,0.0,15,1,4,12,27955.0
550142,550143,550145,550145,closed,target,21371.5,21359.5,21371.25,21359.75,21375.5,21359.5,12.0,11.5,11.0,220.0,10.0,0.5,3.0,3.0,0.25,2024-07-23 00:43:00+00:00,2024-07-23 00:43:00+00:00,2024-07-23 00:46:00+00:00,2024-07-23 00:58:00+00:00,trajectory_1163dafd9e9d_13_47316a2592d4,-1,market,0.0,15,1,4,12,28175.0
550296,550297,550298,550298,closed,stop,21354.75,21358.75,21354.5,21359.0,21358.75,21342.75,-4.0,-4.5,-5.0,-100.0,10.0,0.5,2.0,2.0,5.0,2024-07-23 03:17:00+00:00,2024-07-23 03:17:00+00:00,2024-07-23 03:19:00+00:00,2024-07-23 03:32:00+00:00,trajectory_1163dafd9e9d_13_47316a2592d4,-1,market,0.0,15,1,4,12,28075.0
550448,550449,550449,550449,closed,target,21367.0,21355.0,21366.75,21355.25,21371.0,21355.0,12.0,11.5,11.0,220.0,10.0,0.5,1.0,1.0,0.25,2024-07-23 05:49:00+00:00,2024-07-23 05:49:00+00:00,2024-07-23 05:50:00+00:00,2024-07-23 06:04:00+00:00,trajectory_1163dafd9e9d_13_47316a2592d4,-1,market,0.0,15,1,4,12,28295.0
550449,550450,550452,550452,closed,stop,21360.0,21364.0,21359.75,21364.25,21364.0,21348.0,-4.0,-4.5,-5.0,-100.0,10.0,0.5,3.0,3.0,10.0,2024-07-23 05:50:00+00:00,2024-07-23 05:50:00+00:00,2024-07-23 05:53:00+00:00,2024-07-23 06:05:00+00:00,trajectory_1163dafd9e9d_13_47316a2592d4,-1,market,0.0,15,1,4,12,28195.0
550472,550473,550476,550476,closed,stop,21339.5,21343.5,21339.25,21343.75,21343.5,21327.5,-4.0,-4.5,-5.0,-100.0,10.0,0.5,4.0,4.0,5.25,2024-07-23 06:13:00+00:00,2024-07-23 06:13:00+00:00,2024-07-23 06:17:00+00:00,2024-07-23 06:28:00+00:00,trajectory_1163dafd9e9d_13_47316a2592d4,-1,market,0.0,15,1,4,12,28095.0
550843,550844,550847,550847,closed,stop,21382.25,21386.25,21382.0,21386.5,21386.25,21370.25,-4.0,-4.5,-5.0,-100.0,10.0,0.5,4.0,4.0,5.0,2024-07-23 12:24:00+00:00,2024-07-23 12:24:00+00:00,2024-07-23 12:28:00+00:00,2024-07-23 12:39:00+00:00,trajectory_1163dafd9e9d_13_47316a2592d4,-1,market,0.0,15,1,4,12,27995.0
550892,550893,550893,550893,closed,stop,21384.0,21388.0,21383.75,21388.25,21388.0,21372.0,-4.0,-4.5,-5.0,-100.0,10.0,0.5,1.0,1.0,10.0,2024-07-23 13:13:00+00:00,2024-07-23 13:13:00+00:00,2024-07-23 13:14:00+00:00,2024-07-23 13:28:00+00:00,trajectory_1163dafd9e9d_13_47316a2592d4,-1,market,0.0,15,1,4,12,27895.0
550911,550912,550912,550912,closed,stop,21373.75,21377.75,21373.5,21378.0,21377.75,21361.75,-4.0,-4.5,-5.0,-100.0,10.0,0.5,1.0,1.0,7.25,2024-07-23 13:32:00+00:00,2024-07-23 13:32:00+00:00,2024-07-23 13:33:00+00:00,2024-07-23 13:47:00+00:00,trajectory_1163dafd9e9d_13_47316a2592d4,-1,market,0.0,15,1,4,12,27795.0
551083,551084,551084,551084,closed,stop,21396.25,21400.25,21396.0,21400.5,21400.25,21384.25,-4.0,-4.5,-5.0,-100.0,10.0,0.5,1.0,1.0,4.75,2024-07-23 16:24:00+00:00,2024-07-23 16:24:00+00:00,2024-07-23 16:25:00+00:00,2024-07-23 16:39:00+00:00,trajectory_1163dafd9e9d_13_47316a2592d4,-1,market,0.0,15,1,4,12,27695.0
551206,551207,551207,551207,closed,stop,21390.0,21394.0,21389.75,21394.25,21394.0,21378.0,-4.0,-4.5,-5.0,-100.0,10.0,0.5,1.0,1.0,7.0,2024-07-23 18:27:00+00:00,2024-07-23 18:27:00+00:00,2024-07-23 18:28:00+00:00,2024-07-23 18:42:00+00:00,trajectory_1163dafd9e9d_13_47316a2592d4,-1,market,0.0,15,1,4,12,27595.0
551282,551283,551283,551283,closed,stop,21364.25,21368.25,21364.0,21368.5,21368.25,21352.25,-4.0,-4.5,-5.0,-100.0,10.0,0.5,1.0,1.0,4.75,2024-07-23 19:43:00+00:00,2024-07-23 19:43:00+00:00,2024-07-23 19:44:00+00:00,2024-07-23 19:58:00+00:00,trajectory_1163dafd9e9d_13_47316a2592d4,-1,market,0.0,15,1,4,12,27495.0
551294,551295,551295,551295,closed,stop,21341.5,21345.5,21341.25,21345.75,21345.5,21329.5,-4.0,-4.5,-5.0,-100.0,10.0,0.5,1.0,1.0,13.75,2024-07-23 19:55:00+00:00,2024-07-23 19:55:00+00:00,2024-07-23 19:56:00+00:00,2024-07-23 20:10:00+00:00,trajectory_1163dafd9e9d_13_47316a2592d4,-1,market,0.0,15,1,4,12,27395.0
551668,551669,551678,551678,closed,target,21238.75,21226.75,21238.5,21227.0,21242.75,21226.75,12.0,11.5,11.0,220.0,10.0,0.5,10.0,10.0,3.0,2024-07-24 03:24:00+00:00,2024-07-24 03:24:00+00:00,2024-07-24 03:34:00+00:00,2024-07-24 03:39:00+00:00,trajectory_1163dafd9e9d_13_47316a2592d4,-1,market,0.0,15,1,4,12,27615.0
551718,551719,551722,551722,closed,target,21203.0,21191.0,21202.75,21191.25,21207.0,21191.0,12.0,11.5,11.0,220.0,10.0,0.5,4.0,4.0,3.0,2024-07-24 04:14:00+00:00,2024-07-24 04:14:00+00:00,2024-07-24 04:18:00+00:00,2024-07-24 04:29:00+00:00,trajectory_1163dafd9e9d_13_47316a2592d4,-1,market,0.0,15,1,4,12,27835.0
551725,551726,551740,551740,closed,timeout,21174.5,21172.0,21174.25,21172.25,21178.5,21162.5,2.5,2.0,1.5,30.0,10.0,0.5,15.0,15.0,2.5,2024-07-24 04:21:00+00:00,2024-07-24 04:21:00+00:00,2024-07-24 04:36:00+00:00,2024-07-24 04:36:00+00:00,trajectory_1163dafd9e9d_13_47316a2592d4,-1,market,0.0,15,1,4,12,27865.0
551762,551763,551763,551763,closed,stop,21163.0,21167.0,21162.75,21167.25,21167.0,21151.0,-4.0,-4.5,-5.0,-100.0,10.0,0.5,1.0,1.0,4.5,2024-07-24 04:58:00+00:00,2024-07-24 04:58:00+00:00,2024-07-24 04:59:00+00:00,2024-07-24 05:13:00+00:00,trajectory_1163dafd9e9d_13_47316a2592d4,-1,market,0.0,15,1,4,12,27765.0
551962,551963,551964,551964,closed,stop,21138.75,21142.75,21138.5,21143.0,21142.75,21126.75,-4.0,-4.5,-5.0,-100.0,10.0,0.5,2.0,2.0,6.25,2024-07-24 08:18:00+00:00,2024-07-24 08:18:00+00:00,2024-07-24 08:20:00+00:00,2024-07-24 08:33:00+00:00,trajectory_1163dafd9e9d_13_47316a2592d4,-1,market,0.0,15,1,4,12,27665.0
552279,552280,552280,552280,closed,stop,21015.25,21019.25,21015.0,21019.5,21019.25,21003.25,-4.0,-4.5,-5.0,-100.0,10.0,0.5,1.0,1.0,5.75,2024-07-24 13:35:00+00:00,2024-07-24 13:35:00+00:00,2024-07-24 13:36:00+00:00,2024-07-24 13:50:00+00:00,trajectory_1163dafd9e9d_13_47316a2592d4,-1,market,0.0,15,1,4,12,27565.0
552659,552660,552660,552660,closed,stop,20615.25,20619.25,20615.0,20619.5,20619.25,20603.25,-4.0,-4.5,-5.0,-100.0,10.0,0.5,1.0,1.0,17.75,2024-07-24 19:55:00+00:00,2024-07-24 19:55:00+00:00,2024-07-24 19:56:00+00:00,2024-07-24 20:10:00+00:00,trajectory_1163dafd9e9d_13_47316a2592d4,-1,market,0.0,15,1,4,12,27465.0
552949,552950,552950,552950,closed,stop,20689.75,20693.75,20689.5,20694.0,20693.75,20677.75,-4.0,-4.5,-5.0,-100.0,10.0,0.5,1.0,1.0,8.75,2024-07-25 02:00:00+00:00,2024-07-25 02:00:00+00:00,2024-07-25 02:01:00+00:00,2024-07-25 02:15:00+00:00,trajectory_1163dafd9e9d_13_47316a2592d4,-1,market,0.0,15,1,4,12,27365.0
552977,552978,552978,552978,closed,stop,20691.25,20695.25,20691.0,20695.5,20695.25,20679.25,-4.0,-4.5,-5.0,-100.0,10.0,0.5,1.0,1.0,5.5,2024-07-25 02:28:00+00:00,2024-07-25 02:28:00+00:00,2024-07-25 02:29:00+00:00,2024-07-25 02:43:00+00:00,trajectory_1163dafd9e9d_13_47316a2592d4,-1,market,0.0,15,1,4,12,27265.0
552983,552984,552984,552984,closed,stop,20679.0,20683.0,20678.75,20683.25,20683.0,20667.0,-4.0,-4.5,-5.0,-100.0,10.0,0.5,1.0,1.0,6.0,2024-07-25 02:34:00+00:00,2024-07-25 02:34:00+00:00,2024-07-25 02:35:00+00:00,2024-07-25 02:49:00+00:00,trajectory_1163dafd9e9d_13_47316a2592d4,-1,market,0.0,15,1,4,12,27165.0
553191,553192,553192,553192,closed,target,20642.0,20630.0,20641.75,20630.25,20646.0,20630.0,12.0,11.5,11.0,220.0,10.0,0.5,1.0,1.0,0.75,2024-07-25 06:02:00+00:00,2024-07-25 06:02:00+00:00,2024-07-25 06:03:00+00:00,2024-07-25 06:17:00+00:00,trajectory_1163dafd9e9d_13_47316a2592d4,-1,market,0.0,15,1,4,12,27385.0
553192,553193,553193,553193,closed,stop,20634.75,20638.75,20634.5,20639.0,20638.75,20622.75,-4.0,-4.5,-5.0,-100.0,10.0,0.5,1.0,1.0,8.5,2024-07-25 06:03:00+00:00,2024-07-25 06:03:00+00:00,2024-07-25 06:04:00+00:00,2024-07-25 06:18:00+00:00,trajectory_1163dafd9e9d_13_47316a2592d4,-1,market,0.0,15,1,4,12,27285.0
554531,554532,554536,554536,closed,target,20529.0,20517.0,20528.75,20517.25,20533.0,20517.0,12.0,11.5,11.0,220.0,10.0,0.5,5.0,5.0,1.75,2024-07-26 05:42:00+00:00,2024-07-26 05:42:00+00:00,2024-07-26 05:47:00+00:00,2024-07-26 05:57:00+00:00,trajectory_1163dafd9e9d_13_47316a2592d4,-1,market,0.0,15,1,4,12,27505.0
555000,555001,555001,555001,closed,stop,20567.0,20571.0,20566.75,20571.25,20571.0,20555.0,-4.0,-4.5,-5.0,-100.0,10.0,0.5,1.0,1.0,8.25,2024-07-26 13:31:00+00:00,2024-07-26 13:31:00+00:00,2024-07-26 13:32:00+00:00,2024-07-26 13:46:00+00:00,trajectory_1163dafd9e9d_13_47316a2592d4,-1,market,0.0,15,1,4,12,27405.0
555244,555245,555245,555245,closed,target,20664.75,20652.75,20664.5,20653.0,20668.75,20652.75,12.0,11.5,11.0,220.0,10.0,0.5,1.0,1.0,0.25,2024-07-26 17:35:00+00:00,2024-07-26 17:35:00+00:00,2024-07-26 17:36:00+00:00,2024-07-26 17:50:00+00:00,trajectory_1163dafd9e9d_13_47316a2592d4,-1,market,0.0,15,1,4,12,27625.0
555245,555246,555246,555246,closed,stop,20621.5,20625.5,20621.25,20625.75,20625.5,20609.5,-4.0,-4.5,-5.0,-100.0,10.0,0.5,1.0,1.0,18.5,2024-07-26 17:36:00+00:00,2024-07-26 17:36:00+00:00,2024-07-26 17:37:00+00:00,2024-07-26 17:51:00+00:00,trajectory_1163dafd9e9d_13_47316a2592d4,-1,market,0.0,15,1,4,12,27525.0
555311,555312,555312,555312,closed,stop,20574.25,20578.25,20574.0,20578.5,20578.25,20562.25,-4.0,-4.5,-5.0,-100.0,10.0,0.5,1.0,1.0,9.5,2024-07-26 18:42:00+00:00,2024-07-26 18:42:00+00:00,2024-07-26 18:43:00+00:00,2024-07-26 18:57:00+00:00,trajectory_1163dafd9e9d_13_47316a2592d4,-1,market,0.0,15,1,4,12,27425.0
555825,555826,555827,555827,closed,stop,20731.25,20735.25,20731.0,20735.5,20735.25,20719.25,-4.0,-4.5,-5.0,-100.0,10.0,0.5,2.0,2.0,5.25,2024-07-29 04:31:00+00:00,2024-07-29 04:31:00+00:00,2024-07-29 04:33:00+00:00,2024-07-29 04:46:00+00:00,trajectory_1163dafd9e9d_13_47316a2592d4,-1,market,0.0,15,1,4,12,27325.0
556071,556072,556078,556078,closed,stop,20669.75,20673.75,20669.5,20674.0,20673.75,20657.75,-4.0,-4.5,-5.0,-100.0,10.0,0.5,7.0,7.0,7.5,2024-07-29 08:38:00+00:00,2024-07-29 08:38:00+00:00,2024-07-29 08:45:00+00:00,2024-07-29 08:53:00+00:00,trajectory_1163dafd9e9d_13_47316a2592d4,-1,market,0.0,15,1,4,12,27225.0
556325,556326,556326,556326,closed,stop,20749.25,20753.25,20749.0,20753.5,20753.25,20737.25,-4.0,-4.5,-5.0,-100.0,10.0,0.5,1.0,1.0,10.0,2024-07-29 12:52:00+00:00,2024-07-29 12:52:00+00:00,2024-07-29 12:53:00+00:00,2024-07-29 13:07:00+00:00,trajectory_1163dafd9e9d_13_47316a2592d4,-1,market,0.0,15,1,4,12,27125.0
556364,556365,556365,556365,closed,stop,20688.75,20692.75,20688.5,20693.0,20692.75,20676.75,-4.0,-4.5,-5.0,-100.0,10.0,0.5,1.0,1.0,7.75,2024-07-29 13:31:00+00:00,2024-07-29 13:31:00+00:00,2024-07-29 13:32:00+00:00,2024-07-29 13:46:00+00:00,trajectory_1163dafd9e9d_13_47316a2592d4,-1,market,0.0,15,1,4,12,27025.0
556365,556366,556366,556366,closed,stop,20665.75,20669.75,20665.5,20670.0,20669.75,20653.75,-4.0,-4.5,-5.0,-100.0,10.0,0.5,1.0,1.0,32.25,2024-07-29 13:32:00+00:00,2024-07-29 13:32:00+00:00,2024-07-29 13:33:00+00:00,2024-07-29 13:47:00+00:00,trajectory_1163dafd9e9d_13_47316a2592d4,-1,market,0.0,15,1,4,12,26925.0
556899,556900,556902,556902,closed,target,20585.0,20573.0,20584.75,20573.25,20589.0,20573.0,12.0,11.5,11.0,220.0,10.0,0.5,3.0,3.0,1.25,2024-07-29 23:42:00+00:00,2024-07-29 23:42:00+00:00,2024-07-29 23:45:00+00:00,2024-07-29 23:57:00+00:00,trajectory_1163dafd9e9d_13_47316a2592d4,-1,market,0.0,15,1,4,12,27145.0
557014,557015,557015,557015,closed,stop,20536.5,20540.5,20536.25,20540.75,20540.5,20524.5,-4.0,-4.5,-5.0,-100.0,10.0,0.5,1.0,1.0,8.25,2024-07-30 01:37:00+00:00,2024-07-30 01:37:00+00:00,2024-07-30 01:38:00+00:00,2024-07-30 01:52:00+00:00,trajectory_1163dafd9e9d_13_47316a2592d4,-1,market,0.0,15,1,4,12,27045.0
557073,557074,557074,557074,closed,stop,20517.0,20521.0,20516.75,20521.25,20521.0,20505.0,-4.0,-4.5,-5.0,-100.0,10.0,0.5,1.0,1.0,5.75,2024-07-30 02:36:00+00:00,2024-07-30 02:36:00+00:00,2024-07-30 02:37:00+00:00,2024-07-30 02:51:00+00:00,trajectory_1163dafd9e9d_13_47316a2592d4,-1,market,0.0,15,1,4,12,26945.0
557248,557249,557255,557255,closed,stop,20611.25,20615.25,20611.0,20615.5,20615.25,20599.25,-4.0,-4.5,-5.0,-100.0,10.0,0.5,7.0,7.0,6.25,2024-07-30 05:31:00+00:00,2024-07-30 05:31:00+00:00,2024-07-30 05:38:00+00:00,2024-07-30 05:46:00+00:00,trajectory_1163dafd9e9d_13_47316a2592d4,-1,market,0.0,15,1,4,12,26845.0
557480,557481,557487,557487,closed,target,20679.5,20667.5,20679.25,20667.75,20683.5,20667.5,12.0,11.5,11.0,220.0,10.0,0.5,7.0,7.0,2.5,2024-07-30 09:23:00+00:00,2024-07-30 09:23:00+00:00,2024-07-30 09:30:00+00:00,2024-07-30 09:38:00+00:00,trajectory_1163dafd9e9d_13_47316a2592d4,-1,market,0.0,15,1,4,12,27065.0
557728,557729,557729,557729,closed,stop,20691.25,20695.25,20691.0,20695.5,20695.25,20679.25,-4.0,-4.5,-5.0,-100.0,10.0,0.5,1.0,1.0,37.5,2024-07-30 13:31:00+00:00,2024-07-30 13:31:00+00:00,2024-07-30 13:32:00+00:00,2024-07-30 13:46:00+00:00,trajectory_1163dafd9e9d_13_47316a2592d4,-1,market,0.0,15,1,4,12,26965.0
558305,558306,558306,558306,closed,stop,20452.0,20456.0,20451.75,20456.25,20456.0,20440.0,-4.0,-4.5,-5.0,-100.0,10.0,0.5,1.0,1.0,9.75,2024-07-31 00:23:00+00:00,2024-07-31 00:23:00+00:00,2024-07-31 00:24:00+00:00,2024-07-31 00:38:00+00:00,trajectory_1163dafd9e9d_13_47316a2592d4,-1,market,0.0,15,1,4,12,26865.0
558578,558579,558579,558579,closed,stop,20530.75,20534.75,20530.5,20535.0,20534.75,20518.75,-4.0,-4.5,-5.0,-100.0,10.0,0.5,1.0,1.0,6.75,2024-07-31 04:56:00+00:00,2024-07-31 04:56:00+00:00,2024-07-31 04:57:00+00:00,2024-07-31 05:11:00+00:00,trajectory_1163dafd9e9d_13_47316a2592d4,-1,market,0.0,15,1,4,12,26765.0
558708,558709,558709,558709,closed,stop,20616.5,20620.5,20616.25,20620.75,20620.5,20604.5,-4.0,-4.5,-5.0,-100.0,10.0,0.5,1.0,1.0,8.25,2024-07-31 07:06:00+00:00,2024-07-31 07:06:00+00:00,2024-07-31 07:07:00+00:00,2024-07-31 07:21:00+00:00,trajectory_1163dafd9e9d_13_47316a2592d4,-1,market,0.0,15,1,4,12,26665.0
558872,558873,558873,558873,closed,stop,20628.75,20632.75,20628.5,20633.0,20632.75,20616.75,-4.0,-4.5,-5.0,-100.0,10.0,0.5,1.0,1.0,4.5,2024-07-31 09:50:00+00:00,2024-07-31 09:50:00+00:00,2024-07-31 09:51:00+00:00,2024-07-31 10:05:00+00:00,trajectory_1163dafd9e9d_13_47316a2592d4,-1,market,0.0,15,1,4,12,26565.0
559097,559098,559098,559098,closed,stop,20744.75,20748.75,20744.5,20749.0,20748.75,20732.75,-4.0,-4.5,-5.0,-100.0,10.0,0.5,1.0,1.0,37.0,2024-07-31 13:35:00+00:00,2024-07-31 13:35:00+00:00,2024-07-31 13:36:00+00:00,2024-07-31 13:50:00+00:00,trajectory_1163dafd9e9d_13_47316a2592d4,-1,market,0.0,15,1,4,12,26465.0
559327,559328,559328,559328,closed,target,20880.0,20868.0,20879.75,20868.25,20884.0,20868.0,12.0,11.5,11.0,220.0,10.0,0.5,1.0,1.0,3.75,2024-07-31 17:25:00+00:00,2024-07-31 17:25:00+00:00,2024-07-31 17:26:00+00:00,2024-07-31 17:40:00+00:00,trajectory_1163dafd9e9d_13_47316a2592d4,-1,market,0.0,15,1,4,12,26685.0
559333,559334,559334,559334,closed,target,20834.25,20822.25,20834.0,20822.5,20838.25,20822.25,12.0,11.5,11.0,220.0,10.0,0.5,1.0,1.0,3.5,2024-07-31 17:31:00+00:00,2024-07-31 17:31:00+00:00,2024-07-31 17:32:00+00:00,2024-07-31 17:46:00+00:00,trajectory_1163dafd9e9d_13_47316a2592d4,-1,market,0.0,15,1,4,12,26905.0
559686,559687,559687,559687,closed,stop,21089.75,21093.75,21089.5,21094.0,21093.75,21077.75,-4.0,-4.5,-5.0,-100.0,10.0,0.5,1.0,1.0,13.25,2024-08-01 00:39:00+00:00,2024-08-01 00:39:00+00:00,2024-08-01 00:40:00+00:00,2024-08-01 00:54:00+00:00,trajectory_1163dafd9e9d_13_47316a2592d4,-1,market,0.0,15,1,4,12,26805.0
559706,559707,559709,559709,closed,stop,21079.25,21083.25,21079.0,21083.5,21083.25,21067.25,-4.0,-4.5,-5.0,-100.0,10.0,0.5,3.0,3.0,13.25,2024-08-01 00:59:00+00:00,2024-08-01 00:59:00+00:00,2024-08-01 01:02:00+00:00,2024-08-01 01:14:00+00:00,trajectory_1163dafd9e9d_13_47316a2592d4,-1,market,0.0,15,1,4,12,26705.0
560009,560010,560011,560011,closed,target,21086.75,21074.75,21086.5,21075.0,21090.75,21074.75,12.0,11.5,11.0,220.0,10.0,0.5,2.0,2.0,1.0,2024-08-01 06:02:00+00:00,2024-08-01 06:02:00+00:00,2024-08-01 06:04:00+00:00,2024-08-01 06:17:00+00:00,trajectory_1163dafd9e9d_13_47316a2592d4,-1,market,0.0,15,1,4,12,26925.0
560066,560067,560067,560067,closed,stop,21022.0,21026.0,21021.75,21026.25,21026.0,21010.0,-4.0,-4.5,-5.0,-100.0,10.0,0.5,1.0,1.0,7.25,2024-08-01 06:59:00+00:00,2024-08-01 06:59:00+00:00,2024-08-01 07:00:00+00:00,2024-08-01 07:14:00+00:00,trajectory_1163dafd9e9d_13_47316a2592d4,-1,market,0.0,15,1,4,12,26825.0
560357,560358,560358,560358,closed,target,21035.5,21023.5,21035.25,21023.75,21039.5,21023.5,12.0,11.5,11.0,220.0,10.0,0.5,1.0,1.0,1.25,2024-08-01 11:50:00+00:00,2024-08-01 11:50:00+00:00,2024-08-01 11:51:00+00:00,2024-08-01 12:05:00+00:00,trajectory_1163dafd9e9d_13_47316a2592d4,-1,market,0.0,15,1,4,12,27045.0
560435,560436,560436,560436,closed,stop,20988.75,20992.75,20988.5,20993.0,20992.75,20976.75,-4.0,-4.5,-5.0,-100.0,10.0,0.5,1.0,1.0,11.0,2024-08-01 13:08:00+00:00,2024-08-01 13:08:00+00:00,2024-08-01 13:09:00+00:00,2024-08-01 13:23:00+00:00,trajectory_1163dafd9e9d_13_47316a2592d4,-1,market,0.0,15,1,4,12,26945.0
561099,561100,561101,561101,closed,stop,20307.0,20311.0,20306.75,20311.25,20311.0,20295.0,-4.0,-4.5,-5.0,-100.0,10.0,0.5,2.0,2.0,5.75,2024-08-02 01:27:00+00:00,2024-08-02 01:27:00+00:00,2024-08-02 01:29:00+00:00,2024-08-02 01:42:00+00:00,trajectory_1163dafd9e9d_13_47316a2592d4,-1,market,0.0,15,1,4,12,26845.0
561151,561152,561152,561152,closed,target,20266.25,20254.25,20266.0,20254.5,20270.25,20254.25,12.0,11.5,11.0,220.0,10.0,0.5,1.0,1.0,0.25,2024-08-02 02:19:00+00:00,2024-08-02 02:19:00+00:00,2024-08-02 02:20:00+00:00,2024-08-02 02:34:00+00:00,trajectory_1163dafd9e9d_13_47316a2592d4,-1,market,0.0,15,1,4,12,27065.0
561152,561153,561153,561153,closed,stop,20242.5,20246.5,20242.25,20246.75,20246.5,20230.5,-4.0,-4.5,-5.0,-100.0,10.0,0.5,1.0,1.0,6.25,2024-08-02 02:20:00+00:00,2024-08-02 02:20:00+00:00,2024-08-02 02:21:00+00:00,2024-08-02 02:35:00+00:00,trajectory_1163dafd9e9d_13_47316a2592d4,-1,market,0.0,15,1,4,12,26965.0
561155,561156,561156,561156,closed,stop,20171.0,20175.0,20170.75,20175.25,20175.0,20159.0,-4.0,-4.5,-5.0,-100.0,10.0,0.5,1.0,1.0,26.5,2024-08-02 02:23:00+00:00,2024-08-02 02:23:00+00:00,2024-08-02 02:24:00+00:00,2024-08-02 02:38:00+00:00,trajectory_1163dafd9e9d_13_47316a2592d4,-1,market,0.0,15,1,4,12,26865.0
561157,561158,561158,561158,closed,stop,20139.75,20143.75,20139.5,20144.0,20143.75,20127.75,-4.0,-4.5,-5.0,-100.0,10.0,0.5,1.0,1.0,25.5,2024-08-02 02:25:00+00:00,2024-08-02 02:25:00+00:00,2024-08-02 02:26:00+00:00,2024-08-02 02:40:00+00:00,trajectory_1163dafd9e9d_13_47316a2592d4,-1,market,0.0,15,1,4,12,26765.0
561579,561580,561580,561580,closed,stop,20091.75,20095.75,20091.5,20096.0,20095.75,20079.75,-4.0,-4.5,-5.0,-100.0,10.0,0.5,1.0,1.0,6.75,2024-08-02 09:27:00+00:00,2024-08-02 09:27:00+00:00,2024-08-02 09:28:00+00:00,2024-08-02 09:42:00+00:00,trajectory_1163dafd9e9d_13_47316a2592d4,-1,market,0.0,15,1,4,12,26665.0
561763,561764,561764,561764,closed,stop,20035.5,20039.5,20035.25,20039.75,20039.5,20023.5,-4.0,-4.5,-5.0,-100.0,10.0,0.5,1.0,1.0,5.5,2024-08-02 12:31:00+00:00,2024-08-02 12:31:00+00:00,2024-08-02 12:32:00+00:00,2024-08-02 12:46:00+00:00,trajectory_1163dafd9e9d_13_47316a2592d4,-1,market,0.0,15,1,4,12,26565.0
562342,562343,562343,562343,closed,stop,19672.0,19676.0,19671.75,19676.25,19676.0,19660.0,-4.0,-4.5,-5.0,-100.0,10.0,0.5,1.0,1.0,8.5,2024-08-04 23:33:00+00:00,2024-08-04 23:33:00+00:00,2024-08-04 23:34:00+00:00,2024-08-04 23:48:00+00:00,trajectory_1163dafd9e9d_13_47316a2592d4,-1,market,0.0,15,1,4,12,26465.0
562383,562384,562384,562384,closed,stop,19640.25,19644.25,19640.0,19644.5,19644.25,19628.25,-4.0,-4.5,-5.0,-100.0,10.0,0.5,1.0,1.0,8.0,2024-08-05 00:14:00+00:00,2024-08-05 00:14:00+00:00,2024-08-05 00:15:00+00:00,2024-08-05 00:29:00+00:00,trajectory_1163dafd9e9d_13_47316a2592d4,-1,market,0.0,15,1,4,12,26365.0
562433,562434,562434,562434,closed,stop,19551.75,19555.75,19551.5,19556.0,19555.75,19539.75,-4.0,-4.5,-5.0,-100.0,10.0,0.5,1.0,1.0,11.5,2024-08-05 01:04:00+00:00,2024-08-05 01:04:00+00:00,2024-08-05 01:05:00+00:00,2024-08-05 01:19:00+00:00,trajectory_1163dafd9e9d_13_47316a2592d4,-1,market,0.0,15,1,4,12,26265.0
562703,562704,562704,562704,closed,stop,19195.5,19199.5,19195.25,19199.75,19199.5,19183.5,-4.0,-4.5,-5.0,-100.0,10.0,0.5,1.0,1.0,23.5,2024-08-05 05:34:00+00:00,2024-08-05 05:34:00+00:00,2024-08-05 05:35:00+00:00,2024-08-05 05:49:00+00:00,trajectory_1163dafd9e9d_13_47316a2592d4,-1,market,0.0,15,1,4,12,26165.0
564006,564007,564007,564007,closed,target,19793.25,19781.25,19793.0,19781.5,19797.25,19781.25,12.0,11.5,11.0,220.0,10.0,0.5,1.0,1.0,2.0,2024-08-06 04:34:00+00:00,2024-08-06 04:34:00+00:00,2024-08-06 04:35:00+00:00,2024-08-06 04:49:00+00:00,trajectory_1163dafd9e9d_13_47316a2592d4,-1,market,0.0,15,1,4,12,26385.0
564007,564008,564008,564008,closed,stop,19771.25,19775.25,19771.0,19775.5,19775.25,19759.25,-4.0,-4.5,-5.0,-100.0,10.0,0.5,1.0,1.0,19.75,2024-08-06 04:35:00+00:00,2024-08-06 04:35:00+00:00,2024-08-06 04:36:00+00:00,2024-08-06 04:50:00+00:00,trajectory_1163dafd9e9d_13_47316a2592d4,-1,market,0.0,15,1,4,12,26285.0
564038,564039,564039,564039,closed,target,19712.5,19700.5,19712.25,19700.75,19716.5,19700.5,12.0,11.5,11.0,220.0,10.0,0.5,1.0,1.0,0.25,2024-08-06 05:06:00+00:00,2024-08-06 05:06:00+00:00,2024-08-06 05:07:00+00:00,2024-08-06 05:21:00+00:00,trajectory_1163dafd9e9d_13_47316a2592d4,-1,market,0.0,15,1,4,12,26505.0
564039,564040,564040,564040,closed,target,19698.25,19686.25,19698.0,19686.5,19702.25,19686.25,12.0,11.5,11.0,220.0,10.0,0.5,1.0,1.0,1.0,2024-08-06 05:07:00+00:00,2024-08-06 05:07:00+00:00,2024-08-06 05:08:00+00:00,2024-08-06 05:22:00+00:00,trajectory_1163dafd9e9d_13_47316a2592d4,-1,market,0.0,15,1,4,12,26725.0
564221,564222,564222,564222,closed,target,19632.0,19620.0,19631.75,19620.25,19636.0,19620.0,12.0,11.5,11.0,220.0,10.0,0.5,1.0,1.0,0.75,2024-08-06 08:09:00+00:00,2024-08-06 08:09:00+00:00,2024-08-06 08:10:00+00:00,2024-08-06 08:24:00+00:00,trajectory_1163dafd9e9d_13_47316a2592d4,-1,market,0.0,15,1,4,12,26945.0
564483,564484,564484,564484,closed,stop,19528.75,19532.75,19528.5,19533.0,19532.75,19516.75,-4.0,-4.5,-5.0,-100.0,10.0,0.5,1.0,1.0,6.75,2024-08-06 12:31:00+00:00,2024-08-06 12:31:00+00:00,2024-08-06 12:32:00+00:00,2024-08-06 12:46:00+00:00,trajectory_1163dafd9e9d_13_47316a2592d4,-1,market,0.0,15,1,4,12,26845.0
564871,564872,564872,564872,closed,target,19856.0,19844.0,19855.75,19844.25,19860.0,19844.0,12.0,11.5,11.0,220.0,10.0,0.5,1.0,1.0,0.5,2024-08-06 18:59:00+00:00,2024-08-06 18:59:00+00:00,2024-08-06 19:00:00+00:00,2024-08-06 19:14:00+00:00,trajectory_1163dafd9e9d_13_47316a2592d4,-1,market,0.0,15,1,4,12,27065.0
564872,564873,564873,564873,closed,stop,19819.75,19823.75,19819.5,19824.0,19823.75,19807.75,-4.0,-4.5,-5.0,-100.0,10.0,0.5,1.0,1.0,6.25,2024-08-06 19:00:00+00:00,2024-08-06 19:00:00+00:00,2024-08-06 19:01:00+00:00,2024-08-06 19:15:00+00:00,trajectory_1163dafd9e9d_13_47316a2592d4,-1,market,0.0,15,1,4,12,26965.0
565412,565413,565413,565413,closed,stop,19802.0,19806.0,19801.75,19806.25,19806.0,19790.0,-4.0,-4.5,-5.0,-100.0,10.0,0.5,1.0,1.0,8.5,2024-08-07 05:15:00+00:00,2024-08-07 05:15:00+00:00,2024-08-07 05:16:00+00:00,2024-08-07 05:30:00+00:00,trajectory_1163dafd9e9d_13_47316a2592d4,-1,market,0.0,15,1,4,12,26865.0
565790,565791,565791,565791,closed,stop,19850.75,19854.75,19850.5,19855.0,19854.75,19838.75,-4.0,-4.5,-5.0,-100.0,10.0,0.5,1.0,1.0,10.5,2024-08-07 11:33:00+00:00,2024-08-07 11:33:00+00:00,2024-08-07 11:34:00+00:00,2024-08-07 11:48:00+00:00,trajectory_1163dafd9e9d_13_47316a2592d4,-1,market,0.0,15,1,4,12,26765.0
566042,566043,566043,566043,closed,stop,19822.75,19826.75,19822.5,19827.0,19826.75,19810.75,-4.0,-4.5,-5.0,-100.0,10.0,0.5,1.0,1.0,6.0,2024-08-07 15:45:00+00:00,2024-08-07 15:45:00+00:00,2024-08-07 15:46:00+00:00,2024-08-07 16:00:00+00:00,trajectory_1163dafd9e9d_13_47316a2592d4,-1,market,0.0,15,1,4,12,26665.0
566061,566062,566062,566062,closed,stop,19742.25,19746.25,19742.0,19746.5,19746.25,19730.25,-4.0,-4.5,-5.0,-100.0,10.0,0.5,1.0,1.0,12.5,2024-08-07 16:04:00+00:00,2024-08-07 16:04:00+00:00,2024-08-07 16:05:00+00:00,2024-08-07 16:19:00+00:00,trajectory_1163dafd9e9d_13_47316a2592d4,-1,market,0.0,15,1,4,12,26565.0
566427,566428,566428,566428,closed,target,19278.0,19266.0,19277.75,19266.25,19282.0,19266.0,12.0,11.5,11.0,220.0,10.0,0.5,1.0,1.0,0.75,2024-08-07 23:25:00+00:00,2024-08-07 23:25:00+00:00,2024-08-07 23:26:00+00:00,2024-08-07 23:40:00+00:00,trajectory_1163dafd9e9d_13_47316a2592d4,-1,market,0.0,15,1,4,12,26785.0
566428,566429,566429,566429,closed,stop,19248.5,19252.5,19248.25,19252.75,19252.5,19236.5,-4.0,-4.5,-5.0,-100.0,10.0,0.5,1.0,1.0,13.0,2024-08-07 23:26:00+00:00,2024-08-07 23:26:00+00:00,2024-08-07 23:27:00+00:00,2024-08-07 23:41:00+00:00,trajectory_1163dafd9e9d_13_47316a2592d4,-1,market,0.0,15,1,4,12,26685.0
566698,566699,566699,566699,closed,target,19464.5,19452.5,19464.25,19452.75,19468.5,19452.5,12.0,11.5,11.0,220.0,10.0,0.5,1.0,1.0,0.25,2024-08-08 03:56:00+00:00,2024-08-08 03:56:00+00:00,2024-08-08 03:57:00+00:00,2024-08-08 04:11:00+00:00,trajectory_1163dafd9e9d_13_47316a2592d4,-1,market,0.0,15,1,4,12,26905.0
566730,566731,566731,566731,closed,stop,19424.5,19428.5,19424.25,19428.75,19428.5,19412.5,-4.0,-4.5,-5.0,-100.0,10.0,0.5,1.0,1.0,14.75,2024-08-08 04:28:00+00:00,2024-08-08 04:28:00+00:00,2024-08-08 04:29:00+00:00,2024-08-08 04:43:00+00:00,trajectory_1163dafd9e9d_13_47316a2592d4,-1,market,0.0,15,1,4,12,26805.0
566802,566803,566803,566803,closed,stop,19372.5,19376.5,19372.25,19376.75,19376.5,19360.5,-4.0,-4.5,-5.0,-100.0,10.0,0.5,1.0,1.0,6.75,2024-08-08 05:40:00+00:00,2024-08-08 05:40:00+00:00,2024-08-08 05:41:00+00:00,2024-08-08 05:55:00+00:00,trajectory_1163dafd9e9d_13_47316a2592d4,-1,market,0.0,15,1,4,12,26705.0
567453,567454,567454,567454,closed,target,19840.75,19828.75,19840.5,19829.0,19844.75,19828.75,12.0,11.5,11.0,220.0,10.0,0.5,1.0,1.0,0.25,2024-08-08 16:31:00+00:00,2024-08-08 16:31:00+00:00,2024-08-08 16:32:00+00:00,2024-08-08 16:46:00+00:00,trajectory_1163dafd9e9d_13_47316a2592d4,-1,market,0.0,15,1,4,12,26925.0
567570,567571,567571,567571,closed,stop,19931.75,19935.75,19931.5,19936.0,19935.75,19919.75,-4.0,-4.5,-5.0,-100.0,10.0,0.5,1.0,1.0,19.5,2024-08-08 18:28:00+00:00,2024-08-08 18:28:00+00:00,2024-08-08 18:29:00+00:00,2024-08-08 18:43:00+00:00,trajectory_1163dafd9e9d_13_47316a2592d4,-1,market,0.0,15,1,4,12,26825.0
568099,568100,568103,568103,closed,stop,19986.75,19991.0,19986.5,19991.25,19990.75,19974.75,-4.25,-4.75,-5.25,-105.0,10.0,0.5,4.0,4.0,5.5,2024-08-09 04:32:00+00:00,2024-08-09 04:32:00+00:00,2024-08-09 04:36:00+00:00,2024-08-09 04:47:00+00:00,trajectory_1163dafd9e9d_13_47316a2592d4,-1,market,0.0,15,1,4,12,26720.0
568109,568110,568110,568110,closed,stop,19944.0,19948.0,19943.75,19948.25,19948.0,19932.0,-4.0,-4.5,-5.0,-100.0,10.0,0.5,1.0,1.0,4.75,2024-08-09 04:42:00+00:00,2024-08-09 04:42:00+00:00,2024-08-09 04:43:00+00:00,2024-08-09 04:57:00+00:00,trajectory_1163dafd9e9d_13_47316a2592d4,-1,market,0.0,15,1,4,12,26620.0
568125,568126,568126,568126,closed,stop,19868.0,19872.0,19867.75,19872.25,19872.0,19856.0,-4.0,-4.5,-5.0,-100.0,10.0,0.5,1.0,1.0,15.25,2024-08-09 04:58:00+00:00,2024-08-09 04:58:00+00:00,2024-08-09 04:59:00+00:00,2024-08-09 05:13:00+00:00,trajectory_1163dafd9e9d_13_47316a2592d4,-1,market,0.0,15,1,4,12,26520.0
568514,568515,568515,568515,closed,target,19967.75,19955.75,19967.5,19956.0,19971.75,19955.75,12.0,11.5,11.0,220.0,10.0,0.5,1.0,1.0,4.0,2024-08-09 11:27:00+00:00,2024-08-09 11:27:00+00:00,2024-08-09 11:28:00+00:00,2024-08-09 11:42:00+00:00,trajectory_1163dafd9e9d_13_47316a2592d4,-1,market,0.0,15,1,4,12,26740.0
569409,569410,569410,569410,closed,stop,20051.25,20055.25,20051.0,20055.5,20055.25,20039.25,-4.0,-4.5,-5.0,-100.0,10.0,0.5,1.0,1.0,9.25,2024-08-12 03:37:00+00:00,2024-08-12 03:37:00+00:00,2024-08-12 03:38:00+00:00,2024-08-12 03:52:00+00:00,trajectory_1163dafd9e9d_13_47316a2592d4,-1,market,0.0,15,1,4,12,26640.0
569629,569630,569630,569630,closed,stop,20038.75,20042.75,20038.5,20043.0,20042.75,20026.75,-4.0,-4.5,-5.0,-100.0,10.0,0.5,1.0,1.0,9.75,2024-08-12 07:17:00+00:00,2024-08-12 07:17:00+00:00,2024-08-12 07:18:00+00:00,2024-08-12 07:32:00+00:00,trajectory_1163dafd9e9d_13_47316a2592d4,-1,market,0.0,15,1,4,12,26540.0
569853,569854,569854,569854,closed,stop,20083.25,20087.25,20083.0,20087.5,20087.25,20071.25,-4.0,-4.5,-5.0,-100.0,10.0,0.5,1.0,1.0,5.75,2024-08-12 11:01:00+00:00,2024-08-12 11:01:00+00:00,2024-08-12 11:02:00+00:00,2024-08-12 11:16:00+00:00,trajectory_1163dafd9e9d_13_47316a2592d4,-1,market,0.0,15,1,4,12,26440.0
570001,570002,570002,570002,closed,stop,20072.0,20076.0,20071.75,20076.25,20076.0,20060.0,-4.0,-4.5,-5.0,-100.0,10.0,0.5,1.0,1.0,4.75,2024-08-12 13:29:00+00:00,2024-08-12 13:29:00+00:00,2024-08-12 13:30:00+00:00,2024-08-12 13:44:00+00:00,trajectory_1163dafd9e9d_13_47316a2592d4,-1,market,0.0,15,1,4,12,26340.0
570115,570116,570116,570116,closed,stop,20114.5,20118.5,20114.25,20118.75,20118.5,20102.5,-4.0,-4.5,-5.0,-100.0,10.0,0.5,1.0,1.0,5.25,2024-08-12 15:23:00+00:00,2024-08-12 15:23:00+00:00,2024-08-12 15:24:00+00:00,2024-08-12 15:38:00+00:00,trajectory_1163dafd9e9d_13_47316a2592d4,-1,market,0.0,15,1,4,12,26240.0
570116,570117,570117,570117,closed,stop,20072.5,20076.5,20072.25,20076.75,20076.5,20060.5,-4.0,-4.5,-5.0,-100.0,10.0,0.5,1.0,1.0,12.5,2024-08-12 15:24:00+00:00,2024-08-12 15:24:00+00:00,2024-08-12 15:25:00+00:00,2024-08-12 15:39:00+00:00,trajectory_1163dafd9e9d_13_47316a2592d4,-1,market,0.0,15,1,4,12,26140.0
570117,570118,570118,570118,closed,stop,20022.5,20026.5,20022.25,20026.75,20026.5,20010.5,-4.0,-4.5,-5.0,-100.0,10.0,0.5,1.0,1.0,20.5,2024-08-12 15:25:00+00:00,2024-08-12 15:25:00+00:00,2024-08-12 15:26:00+00:00,2024-08-12 15:40:00+00:00,trajectory_1163dafd9e9d_13_47316a2592d4,-1,market,0.0,15,1,4,12,26040.0
570209,570210,570210,570210,closed,target,20077.75,20065.75,20077.5,20066.0,20081.75,20065.75,12.0,11.5,11.0,220.0,10.0,0.5,1.0,1.0,0.25,2024-08-12 16:57:00+00:00,2024-08-12 16:57:00+00:00,2024-08-12 16:58:00+00:00,2024-08-12 17:12:00+00:00,trajectory_1163dafd9e9d_13_47316a2592d4,-1,market,0.0,15,1,4,12,26260.0
570764,570765,570765,570765,closed,stop,20101.25,20105.25,20101.0,20105.5,20105.25,20089.25,-4.0,-4.5,-5.0,-100.0,10.0,0.5,1.0,1.0,5.5,2024-08-13 03:27:00+00:00,2024-08-13 03:27:00+00:00,2024-08-13 03:28:00+00:00,2024-08-13 03:42:00+00:00,trajectory_1163dafd9e9d_13_47316a2592d4,-1,market,0.0,15,1,4,12,26160.0
571624,571625,571625,571625,closed,stop,20449.0,20453.0,20448.75,20453.25,20453.0,20437.0,-4.0,-4.5,-5.0,-100.0,10.0,0.5,1.0,1.0,16.75,2024-08-13 17:47:00+00:00,2024-08-13 17:47:00+00:00,2024-08-13 17:48:00+00:00,2024-08-13 18:02:00+00:00,trajectory_1163dafd9e9d_13_47316a2592d4,-1,market,0.0,15,1,4,12,26060.0
571703,571704,571704,571704,closed,stop,20486.75,20490.75,20486.5,20491.0,20490.75,20474.75,-4.0,-4.5,-5.0,-100.0,10.0,0.5,1.0,1.0,6.25,2024-08-13 19:06:00+00:00,2024-08-13 19:06:00+00:00,2024-08-13 19:07:00+00:00,2024-08-13 19:21:00+00:00,trajectory_1163dafd9e9d_13_47316a2592d4,-1,market,0.0,15,1,4,12,25960.0
572906,572907,572907,572907,closed,target,20503.75,20491.75,20503.5,20492.0,20507.75,20491.75,12.0,11.5,11.0,220.0,10.0,0.5,1.0,1.0,1.75,2024-08-14 16:24:00+00:00,2024-08-14 16:24:00+00:00,2024-08-14 16:25:00+00:00,2024-08-14 16:39:00+00:00,trajectory_1163dafd9e9d_13_47316a2592d4,-1,market,0.0,15,1,4,12,26180.0
572927,572928,572928,572928,closed,stop,20461.0,20465.0,20460.75,20465.25,20465.0,20449.0,-4.0,-4.5,-5.0,-100.0,10.0,0.5,1.0,1.0,12.5,2024-08-14 16:45:00+00:00,2024-08-14 16:45:00+00:00,2024-08-14 16:46:00+00:00,2024-08-14 17:00:00+00:00,trajectory_1163dafd9e9d_13_47316a2592d4,-1,market,0.0,15,1,4,12,26080.0
573003,573004,573004,573004,closed,stop,20485.25,20489.25,20485.0,20489.5,20489.25,20473.25,-4.0,-4.5,-5.0,-100.0,10.0,0.5,1.0,1.0,11.5,2024-08-14 18:01:00+00:00,2024-08-14 18:01:00+00:00,2024-08-14 18:02:00+00:00,2024-08-14 18:16:00+00:00,trajectory_1163dafd9e9d_13_47316a2592d4,-1,market,0.0,15,1,4,12,25980.0
573077,573078,573078,573078,closed,stop,20478.75,20482.75,20478.5,20483.0,20482.75,20466.75,-4.0,-4.5,-5.0,-100.0,10.0,0.5,1.0,1.0,11.0,2024-08-14 19:15:00+00:00,2024-08-14 19:15:00+00:00,2024-08-14 19:16:00+00:00,2024-08-14 19:30:00+00:00,trajectory_1163dafd9e9d_13_47316a2592d4,-1,market,0.0,15,1,4,12,25880.0
573247,573248,573259,573259,closed,target,20567.0,20555.0,20566.75,20555.25,20571.0,20555.0,12.0,11.5,11.0,220.0,10.0,0.5,12.0,12.0,2.25,2024-08-14 23:20:00+00:00,2024-08-14 23:20:00+00:00,2024-08-14 23:32:00+00:00,2024-08-14 23:35:00+00:00,trajectory_1163dafd9e9d_13_47316a2592d4,-1,market,0.0,15,1,4,12,26100.0
573259,573260,573261,573261,closed,stop,20549.75,20553.75,20549.5,20554.0,20553.75,20537.75,-4.0,-4.5,-5.0,-100.0,10.0,0.5,2.0,2.0,5.5,2024-08-14 23:32:00+00:00,2024-08-14 23:32:00+00:00,2024-08-14 23:34:00+00:00,2024-08-14 23:47:00+00:00,trajectory_1163dafd9e9d_13_47316a2592d4,-1,market,0.0,15,1,4,12,26000.0
573564,573565,573568,573568,closed,stop,20642.75,20646.75,20642.5,20647.0,20646.75,20630.75,-4.0,-4.5,-5.0,-100.0,10.0,0.5,4.0,4.0,4.25,2024-08-15 04:37:00+00:00,2024-08-15 04:37:00+00:00,2024-08-15 04:41:00+00:00,2024-08-15 04:52:00+00:00,trajectory_1163dafd9e9d_13_47316a2592d4,-1,market,0.0,15,1,4,12,25900.0
573591,573592,573596,573596,closed,stop,20633.5,20637.5,20633.25,20637.75,20637.5,20621.5,-4.0,-4.5,-5.0,-100.0,10.0,0.5,5.0,5.0,5.0,2024-08-15 05:04:00+00:00,2024-08-15 05:04:00+00:00,2024-08-15 05:09:00+00:00,2024-08-15 05:19:00+00:00,trajectory_1163dafd9e9d_13_47316a2592d4,-1,market,0.0,15,1,4,12,25800.0
573669,573670,573681,573681,closed,stop,20589.5,20593.5,20589.25,20593.75,20593.5,20577.5,-4.0,-4.5,-5.0,-100.0,10.0,0.5,12.0,12.0,5.75,2024-08-15 06:22:00+00:00,2024-08-15 06:22:00+00:00,2024-08-15 06:34:00+00:00,2024-08-15 06:37:00+00:00,trajectory_1163dafd9e9d_13_47316a2592d4,-1,market,0.0,15,1,4,12,25700.0
573798,573799,573799,573799,closed,stop,20570.25,20574.25,20570.0,20574.5,20574.25,20558.25,-4.0,-4.5,-5.0,-100.0,10.0,0.5,1.0,1.0,8.0,2024-08-15 08:31:00+00:00,2024-08-15 08:31:00+00:00,2024-08-15 08:32:00+00:00,2024-08-15 08:46:00+00:00,trajectory_1163dafd9e9d_13_47316a2592d4,-1,market,0.0,15,1,4,12,25600.0
573802,573803,573803,573803,closed,stop,20559.75,20563.75,20559.5,20564.0,20563.75,20547.75,-4.0,-4.5,-5.0,-100.0,10.0,0.5,1.0,1.0,4.75,2024-08-15 08:35:00+00:00,2024-08-15 08:35:00+00:00,2024-08-15 08:36:00+00:00,2024-08-15 08:50:00+00:00,trajectory_1163dafd9e9d_13_47316a2592d4,-1,market,0.0,15,1,4,12,25500.0
574634,574635,574635,574635,closed,stop,21044.25,21048.25,21044.0,21048.5,21048.25,21032.25,-4.0,-4.5,-5.0,-100.0,10.0,0.5,1.0,1.0,7.5,2024-08-15 23:42:00+00:00,2024-08-15 23:42:00+00:00,2024-08-15 23:43:00+00:00,2024-08-15 23:57:00+00:00,trajectory_1163dafd9e9d_13_47316a2592d4,-1,market,0.0,15,1,4,12,25400.0
574653,574654,574656,574656,closed,stop,21033.0,21037.0,21032.75,21037.25,21037.0,21021.0,-4.0,-4.5,-5.0,-100.0,10.0,0.5,3.0,3.0,11.25,2024-08-16 00:01:00+00:00,2024-08-16 00:01:00+00:00,2024-08-16 00:04:00+00:00,2024-08-16 00:16:00+00:00,trajectory_1163dafd9e9d_13_47316a2592d4,-1,market,0.0,15,1,4,12,25300.0
574688,574689,574689,574689,closed,stop,21017.5,21021.5,21017.25,21021.75,21021.5,21005.5,-4.0,-4.5,-5.0,-100.0,10.0,0.5,1.0,1.0,7.0,2024-08-16 00:36:00+00:00,2024-08-16 00:36:00+00:00,2024-08-16 00:37:00+00:00,2024-08-16 00:51:00+00:00,trajectory_1163dafd9e9d_13_47316a2592d4,-1,market,0.0,15,1,4,12,25200.0
574907,574908,574908,574908,closed,stop,21050.5,21054.5,21050.25,21054.75,21054.5,21038.5,-4.0,-4.5,-5.0,-100.0,10.0,0.5,1.0,1.0,4.25,2024-08-16 04:15:00+00:00,2024-08-16 04:15:00+00:00,2024-08-16 04:16:00+00:00,2024-08-16 04:30:00+00:00,trajectory_1163dafd9e9d_13_47316a2592d4,-1,market,0.0,15,1,4,12,25100.0
575405,575406,575406,575406,closed,stop,20903.5,20907.5,20903.25,20907.75,20907.5,20891.5,-4.0,-4.5,-5.0,-100.0,10.0,0.5,1.0,1.0,7.75,2024-08-16 12:33:00+00:00,2024-08-16 12:33:00+00:00,2024-08-16 12:34:00+00:00,2024-08-16 12:48:00+00:00,trajectory_1163dafd9e9d_13_47316a2592d4,-1,market,0.0,15,1,4,12,25000.0
575463,575464,575464,575464,closed,stop,20899.25,20903.25,20899.0,20903.5,20903.25,20887.25,-4.0,-4.5,-5.0,-100.0,10.0,0.5,1.0,1.0,42.0,2024-08-16 13:31:00+00:00,2024-08-16 13:31:00+00:00,2024-08-16 13:32:00+00:00,2024-08-16 13:46:00+00:00,trajectory_1163dafd9e9d_13_47316a2592d4,-1,market,0.0,15,1,4,12,24900.0
575723,575724,575724,575724,closed,stop,21045.5,21049.5,21045.25,21049.75,21049.5,21033.5,-4.0,-4.5,-5.0,-100.0,10.0,0.5,1.0,1.0,8.0,2024-08-16 17:51:00+00:00,2024-08-16 17:51:00+00:00,2024-08-16 17:52:00+00:00,2024-08-16 18:06:00+00:00,trajectory_1163dafd9e9d_13_47316a2592d4,-1,market,0.0,15,1,4,12,24800.0
576010,576011,576017,576017,closed,stop,21075.5,21079.5,21075.25,21079.75,21079.5,21063.5,-4.0,-4.5,-5.0,-100.0,10.0,0.5,7.0,7.0,6.25,2024-08-18 23:53:00+00:00,2024-08-18 23:53:00+00:00,2024-08-19 00:00:00+00:00,2024-08-19 00:08:00+00:00,trajectory_1163dafd9e9d_13_47316a2592d4,-1,market,0.0,15,1,4,12,24700.0
576296,576297,576300,576300,closed,target,21039.5,21027.5,21039.25,21027.75,21043.5,21027.5,12.0,11.5,11.0,220.0,10.0,0.5,4.0,4.0,4.0,2024-08-19 04:40:00+00:00,2024-08-19 04:40:00+00:00,2024-08-19 04:44:00+00:00,2024-08-19 04:55:00+00:00,trajectory_1163dafd9e9d_13_47316a2592d4,-1,market,0.0,15,1,4,12,24920.0
576500,576501,576501,576501,closed,stop,20988.5,20992.5,20988.25,20992.75,20992.5,20976.5,-4.0,-4.5,-5.0,-100.0,10.0,0.5,1.0,1.0,8.25,2024-08-19 08:04:00+00:00,2024-08-19 08:04:00+00:00,2024-08-19 08:05:00+00:00,2024-08-19 08:19:00+00:00,trajectory_1163dafd9e9d_13_47316a2592d4,-1,market,0.0,15,1,4,12,24820.0
576502,576503,576506,576506,closed,stop,20969.5,20973.5,20969.25,20973.75,20973.5,20957.5,-4.0,-4.5,-5.0,-100.0,10.0,0.5,4.0,4.0,8.75,2024-08-19 08:06:00+00:00,2024-08-19 08:06:00+00:00,2024-08-19 08:10:00+00:00,2024-08-19 08:21:00+00:00,trajectory_1163dafd9e9d_13_47316a2592d4,-1,market,0.0,15,1,4,12,24720.0
576827,576828,576828,576828,closed,stop,21027.0,21031.0,21026.75,21031.25,21031.0,21015.0,-4.0,-4.5,-5.0,-100.0,10.0,0.5,1.0,1.0,14.25,2024-08-19 13:31:00+00:00,2024-08-19 13:31:00+00:00,2024-08-19 13:32:00+00:00,2024-08-19 13:46:00+00:00,trajectory_1163dafd9e9d_13_47316a2592d4,-1,market,0.0,15,1,4,12,24620.0
576874,576875,576875,576875,closed,stop,20982.0,20986.0,20981.75,20986.25,20986.0,20970.0,-4.0,-4.5,-5.0,-100.0,10.0,0.5,1.0,1.0,14.0,2024-08-19 14:18:00+00:00,2024-08-19 14:18:00+00:00,2024-08-19 14:19:00+00:00,2024-08-19 14:33:00+00:00,trajectory_1163dafd9e9d_13_47316a2592d4,-1,market,0.0,15,1,4,12,24520.0
576975,576976,576976,576976,closed,stop,21066.25,21070.25,21066.0,21070.5,21070.25,21054.25,-4.0,-4.5,-5.0,-100.0,10.0,0.5,1.0,1.0,5.75,2024-08-19 15:59:00+00:00,2024-08-19 15:59:00+00:00,2024-08-19 16:00:00+00:00,2024-08-19 16:14:00+00:00,trajectory_1163dafd9e9d_13_47316a2592d4,-1,market,0.0,15,1,4,12,24420.0
577447,577448,577453,577453,closed,stop,21288.0,21292.0,21287.75,21292.25,21292.0,21276.0,-4.0,-4.5,-5.0,-100.0,10.0,0.5,6.0,6.0,7.0,2024-08-20 01:06:00+00:00,2024-08-20 01:06:00+00:00,2024-08-20 01:12:00+00:00,2024-08-20 01:21:00+00:00,trajectory_1163dafd9e9d_13_47316a2592d4,-1,market,0.0,15,1,4,12,24320.0
577582,577583,577584,577584,closed,stop,21319.0,21323.0,21318.75,21323.25,21323.0,21307.0,-4.0,-4.5,-5.0,-100.0,10.0,0.5,2.0,2.0,7.75,2024-08-20 03:21:00+00:00,2024-08-20 03:21:00+00:00,2024-08-20 03:23:00+00:00,2024-08-20 03:36:00+00:00,trajectory_1163dafd9e9d_13_47316a2592d4,-1,market,0.0,15,1,4,12,24220.0
577662,577663,577665,577665,closed,stop,21308.75,21312.75,21308.5,21313.0,21312.75,21296.75,-4.0,-4.5,-5.0,-100.0,10.0,0.5,3.0,3.0,5.25,2024-08-20 04:41:00+00:00,2024-08-20 04:41:00+00:00,2024-08-20 04:44:00+00:00,2024-08-20 04:56:00+00:00,trajectory_1163dafd9e9d_13_47316a2592d4,-1,market,0.0,15,1,4,12,24120.0
578234,578235,578235,578235,closed,stop,21262.75,21266.75,21262.5,21267.0,21266.75,21250.75,-4.0,-4.5,-5.0,-100.0,10.0,0.5,1.0,1.0,11.75,2024-08-20 14:13:00+00:00,2024-08-20 14:13:00+00:00,2024-08-20 14:14:00+00:00,2024-08-20 14:28:00+00:00,trajectory_1163dafd9e9d_13_47316a2592d4,-1,market,0.0,15,1,4,12,24020.0
578402,578403,578403,578403,closed,stop,21185.25,21189.25,21185.0,21189.5,21189.25,21173.25,-4.0,-4.5,-5.0,-100.0,10.0,0.5,1.0,1.0,17.75,2024-08-20 17:01:00+00:00,2024-08-20 17:01:00+00:00,2024-08-20 17:02:00+00:00,2024-08-20 17:16:00+00:00,trajectory_1163dafd9e9d_13_47316a2592d4,-1,market,0.0,15,1,4,12,23920.0
578983,578984,578998,578998,closed,timeout,21265.0,21268.0,21264.75,21268.25,21269.0,21253.0,-3.0,-3.5,-4.0,-80.0,10.0,0.5,15.0,15.0,4.0,2024-08-21 03:58:00+00:00,2024-08-21 03:58:00+00:00,2024-08-21 04:13:00+00:00,2024-08-21 04:13:00+00:00,trajectory_1163dafd9e9d_13_47316a2592d4,-1,market,0.0,15,1,4,12,23840.0
579096,579097,579098,579098,closed,stop,21261.75,21265.75,21261.5,21266.0,21265.75,21249.75,-4.0,-4.5,-5.0,-100.0,10.0,0.5,2.0,2.0,4.25,2024-08-21 05:51:00+00:00,2024-08-21 05:51:00+00:00,2024-08-21 05:53:00+00:00,2024-08-21 06:06:00+00:00,trajectory_1163dafd9e9d_13_47316a2592d4,-1,market,0.0,15,1,4,12,23740.0
579136,579137,579151,579151,closed,timeout,21251.0,21248.75,21250.75,21249.0,21255.0,21239.0,2.25,1.75,1.25,25.0,10.0,0.5,15.0,15.0,3.0,2024-08-21 06:31:00+00:00,2024-08-21 06:31:00+00:00,2024-08-21 06:46:00+00:00,2024-08-21 06:46:00+00:00,trajectory_1163dafd9e9d_13_47316a2592d4,-1,market,0.0,15,1,4,12,23765.0
579166,579167,579167,579167,closed,stop,21235.5,21239.5,21235.25,21239.75,21239.5,21223.5,-4.0,-4.5,-5.0,-100.0,10.0,0.5,1.0,1.0,7.5,2024-08-21 07:01:00+00:00,2024-08-21 07:01:00+00:00,2024-08-21 07:02:00+00:00,2024-08-21 07:16:00+00:00,trajectory_1163dafd9e9d_13_47316a2592d4,-1,market,0.0,15,1,4,12,23665.0
579600,579601,579601,579601,closed,target,21300.25,21288.25,21300.0,21288.5,21304.25,21288.25,12.0,11.5,11.0,220.0,10.0,0.5,1.0,1.0,2.25,2024-08-21 14:15:00+00:00,2024-08-21 14:15:00+00:00,2024-08-21 14:16:00+00:00,2024-08-21 14:30:00+00:00,trajectory_1163dafd9e9d_13_47316a2592d4,-1,market,0.0,15,1,4,12,23885.0
579636,579637,579637,579637,closed,target,21298.75,21286.75,21298.5,21287.0,21302.75,21286.75,12.0,11.5,11.0,220.0,10.0,0.5,1.0,1.0,3.25,2024-08-21 14:51:00+00:00,2024-08-21 14:51:00+00:00,2024-08-21 14:52:00+00:00,2024-08-21 15:06:00+00:00,trajectory_1163dafd9e9d_13_47316a2592d4,-1,market,0.0,15,1,4,12,24105.0
579708,579709,579709,579709,closed,stop,21208.0,21212.0,21207.75,21212.25,21212.0,21196.0,-4.0,-4.5,-5.0,-100.0,10.0,0.5,1.0,1.0,14.75,2024-08-21 16:03:00+00:00,2024-08-21 16:03:00+00:00,2024-08-21 16:04:00+00:00,2024-08-21 16:18:00+00:00,trajectory_1163dafd9e9d_13_47316a2592d4,-1,market,0.0,15,1,4,12,24005.0
579861,579862,579862,579862,closed,stop,21345.0,21349.0,21344.75,21349.25,21349.0,21333.0,-4.0,-4.5,-5.0,-100.0,10.0,0.5,1.0,1.0,11.75,2024-08-21 18:36:00+00:00,2024-08-21 18:36:00+00:00,2024-08-21 18:37:00+00:00,2024-08-21 18:51:00+00:00,trajectory_1163dafd9e9d_13_47316a2592d4,-1,market,0.0,15,1,4,12,23905.0
580231,580232,580241,580241,closed,target,21354.75,21342.75,21354.5,21343.0,21358.75,21342.75,12.0,11.5,11.0,220.0,10.0,0.5,10.0,10.0,0.25,2024-08-22 02:01:00+00:00,2024-08-22 02:01:00+00:00,2024-08-22 02:11:00+00:00,2024-08-22 02:16:00+00:00,trajectory_1163dafd9e9d_13_47316a2592d4,-1,market,0.0,15,1,4,12,24125.0
580248,580249,580261,580261,closed,target,21331.75,21319.75,21331.5,21320.0,21335.75,21319.75,12.0,11.5,11.0,220.0,10.0,0.5,13.0,13.0,2.5,2024-08-22 02:18:00+00:00,2024-08-22 02:18:00+00:00,2024-08-22 02:31:00+00:00,2024-08-22 02:33:00+00:00,trajectory_1163dafd9e9d_13_47316a2592d4,-1,market,0.0,15,1,4,12,24345.0
580297,580298,580309,580309,closed,stop,21309.0,21313.0,21308.75,21313.25,21313.0,21297.0,-4.0,-4.5,-5.0,-100.0,10.0,0.5,12.0,12.0,4.75,2024-08-22 03:07:00+00:00,2024-08-22 03:07:00+00:00,2024-08-22 03:19:00+00:00,2024-08-22 03:22:00+00:00,trajectory_1163dafd9e9d_13_47316a2592d4,-1,market,0.0,15,1,4,12,24245.0
580375,580376,580376,580376,closed,stop,21310.75,21314.75,21310.5,21315.0,21314.75,21298.75,-4.0,-4.5,-5.0,-100.0,10.0,0.5,1.0,1.0,5.5,2024-08-22 04:25:00+00:00,2024-08-22 04:25:00+00:00,2024-08-22 04:26:00+00:00,2024-08-22 04:40:00+00:00,trajectory_1163dafd9e9d_13_47316a2592d4,-1,market,0.0,15,1,4,12,24145.0
581054,581055,581055,581055,closed,stop,21115.0,21119.0,21114.75,21119.25,21119.0,21103.0,-4.0,-4.5,-5.0,-100.0,10.0,0.5,1.0,1.0,13.75,2024-08-22 15:44:00+00:00,2024-08-22 15:44:00+00:00,2024-08-22 15:45:00+00:00,2024-08-22 15:59:00+00:00,trajectory_1163dafd9e9d_13_47316a2592d4,-1,market,0.0,15,1,4,12,24045.0
581162,581163,581163,581163,closed,stop,21083.5,21087.5,21083.25,21087.75,21087.5,21071.5,-4.0,-4.5,-5.0,-100.0,10.0,0.5,1.0,1.0,11.75,2024-08-22 17:32:00+00:00,2024-08-22 17:32:00+00:00,2024-08-22 17:33:00+00:00,2024-08-22 17:47:00+00:00,trajectory_1163dafd9e9d_13_47316a2592d4,-1,market,0.0,15,1,4,12,23945.0
582286,582287,582287,582287,closed,target,21173.25,21161.25,21173.0,21161.5,21177.25,21161.25,12.0,11.5,11.0,220.0,10.0,0.5,1.0,1.0,2.5,2024-08-23 13:31:00+00:00,2024-08-23 13:31:00+00:00,2024-08-23 13:32:00+00:00,2024-08-23 13:46:00+00:00,trajectory_1163dafd9e9d_13_47316a2592d4,-1,market,0.0,15,1,4,12,24165.0
582287,582288,582288,582288,closed,stop,21153.25,21157.25,21153.0,21157.5,21157.25,21141.25,-4.0,-4.5,-5.0,-100.0,10.0,0.5,1.0,1.0,8.25,2024-08-23 13:32:00+00:00,2024-08-23 13:32:00+00:00,2024-08-23 13:33:00+00:00,2024-08-23 13:47:00+00:00,trajectory_1163dafd9e9d_13_47316a2592d4,-1,market,0.0,15,1,4,12,24065.0
582364,582365,582365,582365,closed,stop,21081.25,21085.25,21081.0,21085.5,21085.25,21069.25,-4.0,-4.5,-5.0,-100.0,10.0,0.5,1.0,1.0,42.25,2024-08-23 14:49:00+00:00,2024-08-23 14:49:00+00:00,2024-08-23 14:50:00+00:00,2024-08-23 15:04:00+00:00,trajectory_1163dafd9e9d_13_47316a2592d4,-1,market,0.0,15,1,4,12,23965.0
582478,582479,582479,582479,closed,stop,21042.25,21046.25,21042.0,21046.5,21046.25,21030.25,-4.0,-4.5,-5.0,-100.0,10.0,0.5,1.0,1.0,17.0,2024-08-23 16:43:00+00:00,2024-08-23 16:43:00+00:00,2024-08-23 16:44:00+00:00,2024-08-23 16:58:00+00:00,trajectory_1163dafd9e9d_13_47316a2592d4,-1,market,0.0,15,1,4,12,23865.0
582781,582782,582782,582782,closed,stop,21158.75,21162.75,21158.5,21163.0,21162.75,21146.75,-4.0,-4.5,-5.0,-100.0,10.0,0.5,1.0,1.0,4.5,2024-08-25 23:01:00+00:00,2024-08-25 23:01:00+00:00,2024-08-25 23:02:00+00:00,2024-08-25 23:16:00+00:00,trajectory_1163dafd9e9d_13_47316a2592d4,-1,market,0.0,15,1,4,12,23765.0
582939,582940,582946,582946,closed,stop,21240.5,21244.5,21240.25,21244.75,21244.5,21228.5,-4.0,-4.5,-5.0,-100.0,10.0,0.5,7.0,7.0,6.25,2024-08-26 01:39:00+00:00,2024-08-26 01:39:00+00:00,2024-08-26 01:46:00+00:00,2024-08-26 01:54:00+00:00,trajectory_1163dafd9e9d_13_47316a2592d4,-1,market,0.0,15,1,4,12,23665.0
583056,583057,583058,583058,closed,target,21208.75,21196.75,21208.5,21197.0,21212.75,21196.75,12.0,11.5,11.0,220.0,10.0,0.5,2.0,2.0,2.25,2024-08-26 03:36:00+00:00,2024-08-26 03:36:00+00:00,2024-08-26 03:38:00+00:00,2024-08-26 03:51:00+00:00,trajectory_1163dafd9e9d_13_47316a2592d4,-1,market,0.0,15,1,4,12,23885.0
583058,583059,583068,583068,closed,target,21199.5,21187.5,21199.25,21187.75,21203.5,21187.5,12.0,11.5,11.0,220.0,10.0,0.5,10.0,10.0,1.5,2024-08-26 03:38:00+00:00,2024-08-26 03:38:00+00:00,2024-08-26 03:48:00+00:00,2024-08-26 03:53:00+00:00,trajectory_1163dafd9e9d_13_47316a2592d4,-1,market,0.0,15,1,4,12,24105.0
583470,583471,583473,583473,closed,target,21258.5,21246.5,21258.25,21246.75,21262.5,21246.5,12.0,11.5,11.0,220.0,10.0,0.5,3.0,3.0,1.0,2024-08-26 10:31:00+00:00,2024-08-26 10:31:00+00:00,2024-08-26 10:34:00+00:00,2024-08-26 10:46:00+00:00,trajectory_1163dafd9e9d_13_47316a2592d4,-1,market,0.0,15,1,4,12,24325.0
583545,583546,583546,583546,closed,stop,21183.0,21187.0,21182.75,21187.25,21187.0,21171.0,-4.0,-4.5,-5.0,-100.0,10.0,0.5,1.0,1.0,6.25,2024-08-26 11:46:00+00:00,2024-08-26 11:46:00+00:00,2024-08-26 11:47:00+00:00,2024-08-26 12:01:00+00:00,trajectory_1163dafd9e9d_13_47316a2592d4,-1,market,0.0,15,1,4,12,24225.0
583688,583689,583689,583689,closed,stop,21102.25,21106.25,21102.0,21106.5,21106.25,21090.25,-4.0,-4.5,-5.0,-100.0,10.0,0.5,1.0,1.0,7.0,2024-08-26 14:09:00+00:00,2024-08-26 14:09:00+00:00,2024-08-26 14:10:00+00:00,2024-08-26 14:24:00+00:00,trajectory_1163dafd9e9d_13_47316a2592d4,-1,market,0.0,15,1,4,12,24125.0
583711,583712,583712,583712,closed,target,21011.0,20999.0,21010.75,20999.25,21015.0,20999.0,12.0,11.5,11.0,220.0,10.0,0.5,1.0,1.0,0.75,2024-08-26 14:32:00+00:00,2024-08-26 14:32:00+00:00,2024-08-26 14:33:00+00:00,2024-08-26 14:47:00+00:00,trajectory_1163dafd9e9d_13_47316a2592d4,-1,market,0.0,15,1,4,12,24345.0
583853,583854,583854,583854,closed,stop,21038.25,21042.25,21038.0,21042.5,21042.25,21026.25,-4.0,-4.5,-5.0,-100.0,10.0,0.5,1.0,1.0,12.75,2024-08-26 16:54:00+00:00,2024-08-26 16:54:00+00:00,2024-08-26 16:55:00+00:00,2024-08-26 17:09:00+00:00,trajectory_1163dafd9e9d_13_47316a2592d4,-1,market,0.0,15,1,4,12,24245.0
583899,583900,583900,583900,closed,stop,20989.5,20993.5,20989.25,20993.75,20993.5,20977.5,-4.0,-4.5,-5.0,-100.0,10.0,0.5,1.0,1.0,13.25,2024-08-26 17:40:00+00:00,2024-08-26 17:40:00+00:00,2024-08-26 17:41:00+00:00,2024-08-26 17:55:00+00:00,trajectory_1163dafd9e9d_13_47316a2592d4,-1,market,0.0,15,1,4,12,24145.0
584305,584306,584306,584306,closed,stop,20980.25,20984.25,20980.0,20984.5,20984.25,20968.25,-4.0,-4.5,-5.0,-100.0,10.0,0.5,1.0,1.0,4.75,2024-08-27 01:41:00+00:00,2024-08-27 01:41:00+00:00,2024-08-27 01:42:00+00:00,2024-08-27 01:56:00+00:00,trajectory_1163dafd9e9d_13_47316a2592d4,-1,market,0.0,15,1,4,12,24045.0
584593,584594,584597,584597,closed,stop,21030.5,21034.5,21030.25,21034.75,21034.5,21018.5,-4.0,-4.5,-5.0,-100.0,10.0,0.5,4.0,4.0,6.5,2024-08-27 06:29:00+00:00,2024-08-27 06:29:00+00:00,2024-08-27 06:33:00+00:00,2024-08-27 06:44:00+00:00,trajectory_1163dafd9e9d_13_47316a2592d4,-1,market,0.0,15,1,4,12,23945.0
584642,584643,584643,584643,closed,stop,21020.25,21024.25,21020.0,21024.5,21024.25,21008.25,-4.0,-4.5,-5.0,-100.0,10.0,0.5,1.0,1.0,6.0,2024-08-27 07:18:00+00:00,2024-08-27 07:18:00+00:00,2024-08-27 07:19:00+00:00,2024-08-27 07:33:00+00:00,trajectory_1163dafd9e9d_13_47316a2592d4,-1,market,0.0,15,1,4,12,23845.0
584810,584811,584815,584815,closed,target,21051.75,21039.75,21051.5,21040.0,21055.75,21039.75,12.0,11.5,11.0,220.0,10.0,0.5,5.0,5.0,2.25,2024-08-27 10:06:00+00:00,2024-08-27 10:06:00+00:00,2024-08-27 10:11:00+00:00,2024-08-27 10:21:00+00:00,trajectory_1163dafd9e9d_13_47316a2592d4,-1,market,0.0,15,1,4,12,24065.0
584856,584857,584860,584860,closed,stop,20998.5,21002.5,20998.25,21002.75,21002.5,20986.5,-4.0,-4.5,-5.0,-100.0,10.0,0.5,4.0,4.0,4.25,2024-08-27 10:52:00+00:00,2024-08-27 10:52:00+00:00,2024-08-27 10:56:00+00:00,2024-08-27 11:07:00+00:00,trajectory_1163dafd9e9d_13_47316a2592d4,-1,market,0.0,15,1,4,12,23965.0
584989,584990,584990,584990,closed,stop,20917.25,20921.25,20917.0,20921.5,20921.25,20905.25,-4.0,-4.5,-5.0,-100.0,10.0,0.5,1.0,1.0,12.5,2024-08-27 13:05:00+00:00,2024-08-27 13:05:00+00:00,2024-08-27 13:06:00+00:00,2024-08-27 13:20:00+00:00,trajectory_1163dafd9e9d_13_47316a2592d4,-1,market,0.0,15,1,4,12,23865.0
585138,585139,585139,585139,closed,stop,21020.25,21024.25,21020.0,21024.5,21024.25,21008.25,-4.0,-4.5,-5.0,-100.0,10.0,0.5,1.0,1.0,10.0,2024-08-27 15:34:00+00:00,2024-08-27 15:34:00+00:00,2024-08-27 15:35:00+00:00,2024-08-27 15:49:00+00:00,trajectory_1163dafd9e9d_13_47316a2592d4,-1,market,0.0,15,1,4,12,23765.0
585526,585527,585533,585533,closed,target,21023.25,21011.25,21023.0,21011.5,21027.25,21011.25,12.0,11.5,11.0,220.0,10.0,0.5,7.0,7.0,3.5,2024-08-27 23:17:00+00:00,2024-08-27 23:17:00+00:00,2024-08-27 23:24:00+00:00,2024-08-27 23:32:00+00:00,trajectory_1163dafd9e9d_13_47316a2592d4,-1,market,0.0,15,1,4,12,23985.0
585533,585534,585536,585536,closed,target,21006.5,20994.5,21006.25,20994.75,21010.5,20994.5,12.0,11.5,11.0,220.0,10.0,0.5,3.0,3.0,4.0,2024-08-27 23:24:00+00:00,2024-08-27 23:24:00+00:00,2024-08-27 23:27:00+00:00,2024-08-27 23:39:00+00:00,trajectory_1163dafd9e9d_13_47316a2592d4,-1,market,0.0,15,1,4,12,24205.0
586059,586060,586066,586066,closed,stop,21066.75,21070.75,21066.5,21071.0,21070.75,21054.75,-4.0,-4.5,-5.0,-100.0,10.0,0.5,7.0,7.0,6.25,2024-08-28 08:10:00+00:00,2024-08-28 08:10:00+00:00,2024-08-28 08:17:00+00:00,2024-08-28 08:25:00+00:00,trajectory_1163dafd9e9d_13_47316a2592d4,-1,market,0.0,15,1,4,12,24105.0
586355,586356,586357,586357,closed,target,21065.5,21053.5,21065.25,21053.75,21069.5,21053.5,12.0,11.5,11.0,220.0,10.0,0.5,2.0,2.0,1.25,2024-08-28 13:06:00+00:00,2024-08-28 13:06:00+00:00,2024-08-28 13:08:00+00:00,2024-08-28 13:21:00+00:00,trajectory_1163dafd9e9d_13_47316a2592d4,-1,market,0.0,15,1,4,12,24325.0
586604,586605,586605,586605,closed,stop,20850.0,20854.0,20849.75,20854.25,20854.0,20838.0,-4.0,-4.5,-5.0,-100.0,10.0,0.5,1.0,1.0,12.75,2024-08-28 17:15:00+00:00,2024-08-28 17:15:00+00:00,2024-08-28 17:16:00+00:00,2024-08-28 17:30:00+00:00,trajectory_1163dafd9e9d_13_47316a2592d4,-1,market,0.0,15,1,4,12,24225.0
586647,586648,586649,586649,closed,target,20745.75,20733.75,20745.5,20734.0,20749.75,20733.75,12.0,11.5,11.0,220.0,10.0,0.5,2.0,2.0,2.25,2024-08-28 17:58:00+00:00,2024-08-28 17:58:00+00:00,2024-08-28 18:00:00+00:00,2024-08-28 18:13:00+00:00,trajectory_1163dafd9e9d_13_47316a2592d4,-1,market,0.0,15,1,4,12,24445.0
587947,587948,587948,587948,closed,stop,21066.25,21070.25,21066.0,21070.5,21070.25,21054.25,-4.0,-4.5,-5.0,-100.0,10.0,0.5,1.0,1.0,5.5,2024-08-29 16:53:00+00:00,2024-08-29 16:53:00+00:00,2024-08-29 16:54:00+00:00,2024-08-29 17:08:00+00:00,trajectory_1163dafd9e9d_13_47316a2592d4,-1,market,0.0,15,1,4,12,24345.0
588043,588044,588044,588044,closed,stop,20926.75,20930.75,20926.5,20931.0,20930.75,20914.75,-4.0,-4.5,-5.0,-100.0,10.0,0.5,1.0,1.0,22.5,2024-08-29 18:29:00+00:00,2024-08-29 18:29:00+00:00,2024-08-29 18:30:00+00:00,2024-08-29 18:44:00+00:00,trajectory_1163dafd9e9d_13_47316a2592d4,-1,market,0.0,15,1,4,12,24245.0
588302,588303,588307,588307,closed,target,20848.75,20836.75,20848.5,20837.0,20852.75,20836.75,12.0,11.5,11.0,220.0,10.0,0.5,5.0,5.0,2.5,2024-08-30 00:03:00+00:00,2024-08-30 00:03:00+00:00,2024-08-30 00:08:00+00:00,2024-08-30 00:18:00+00:00,trajectory_1163dafd9e9d_13_47316a2592d4,-1,market,0.0,15,1,4,12,24465.0
588521,588522,588522,588522,closed,stop,20867.75,20871.75,20867.5,20872.0,20871.75,20855.75,-4.0,-4.5,-5.0,-100.0,10.0,0.5,1.0,1.0,7.0,2024-08-30 03:42:00+00:00,2024-08-30 03:42:00+00:00,2024-08-30 03:43:00+00:00,2024-08-30 03:57:00+00:00,trajectory_1163dafd9e9d_13_47316a2592d4,-1,market,0.0,15,1,4,12,24365.0
588659,588660,588660,588660,closed,stop,20889.75,20893.75,20889.5,20894.0,20893.75,20877.75,-4.0,-4.5,-5.0,-100.0,10.0,0.5,1.0,1.0,10.5,2024-08-30 06:00:00+00:00,2024-08-30 06:00:00+00:00,2024-08-30 06:01:00+00:00,2024-08-30 06:15:00+00:00,trajectory_1163dafd9e9d_13_47316a2592d4,-1,market,0.0,15,1,4,12,24265.0
589002,589003,589009,589009,closed,stop,20956.25,20960.25,20956.0,20960.5,20960.25,20944.25,-4.0,-4.5,-5.0,-100.0,10.0,0.5,7.0,7.0,6.25,2024-08-30 11:43:00+00:00,2024-08-30 11:43:00+00:00,2024-08-30 11:50:00+00:00,2024-08-30 11:58:00+00:00,trajectory_1163dafd9e9d_13_47316a2592d4,-1,market,0.0,15,1,4,12,24165.0
589197,589198,589198,589198,closed,stop,20911.5,20915.5,20911.25,20915.75,20915.5,20899.5,-4.0,-4.5,-5.0,-100.0,10.0,0.5,1.0,1.0,7.5,2024-08-30 14:58:00+00:00,2024-08-30 14:58:00+00:00,2024-08-30 14:59:00+00:00,2024-08-30 15:13:00+00:00,trajectory_1163dafd9e9d_13_47316a2592d4,-1,market,0.0,15,1,4,12,24065.0
589260,589261,589262,589262,closed,stop,20857.0,20861.0,20856.75,20861.25,20861.0,20845.0,-4.0,-4.5,-5.0,-100.0,10.0,0.5,2.0,2.0,7.0,2024-08-30 16:01:00+00:00,2024-08-30 16:01:00+00:00,2024-08-30 16:03:00+00:00,2024-08-30 16:16:00+00:00,trajectory_1163dafd9e9d_13_47316a2592d4,-1,market,0.0,15,1,4,12,23965.0
589786,589787,589800,589800,closed,target,21037.0,21025.0,21036.75,21025.25,21041.0,21025.0,12.0,11.5,11.0,220.0,10.0,0.5,14.0,14.0,3.0,2024-09-02 02:02:00+00:00,2024-09-02 02:02:00+00:00,2024-09-02 02:16:00+00:00,2024-09-02 02:17:00+00:00,trajectory_1163dafd9e9d_13_47316a2592d4,-1,market,0.0,15,1,4,12,24185.0
589863,589864,589864,589864,closed,stop,21019.0,21023.0,21018.75,21023.25,21023.0,21007.0,-4.0,-4.5,-5.0,-100.0,10.0,0.5,1.0,1.0,5.5,2024-09-02 03:19:00+00:00,2024-09-02 03:19:00+00:00,2024-09-02 03:20:00+00:00,2024-09-02 03:34:00+00:00,trajectory_1163dafd9e9d_13_47316a2592d4,-1,market,0.0,15,1,4,12,24085.0
589882,589883,589883,589883,closed,stop,21010.0,21014.0,21009.75,21014.25,21014.0,20998.0,-4.0,-4.5,-5.0,-100.0,10.0,0.5,1.0,1.0,8.0,2024-09-02 03:38:00+00:00,2024-09-02 03:38:00+00:00,2024-09-02 03:39:00+00:00,2024-09-02 03:53:00+00:00,trajectory_1163dafd9e9d_13_47316a2592d4,-1,market,0.0,15,1,4,12,23985.0
589915,589916,589919,589919,closed,target,21011.25,20999.25,21011.0,20999.5,21015.25,20999.25,12.0,11.5,11.0,220.0,10.0,0.5,4.0,4.0,0.75,2024-09-02 04:11:00+00:00,2024-09-02 04:11:00+00:00,2024-09-02 04:15:00+00:00,2024-09-02 04:26:00+00:00,trajectory_1163dafd9e9d_13_47316a2592d4,-1,market,0.0,15,1,4,12,24205.0
590072,590073,590075,590075,closed,stop,20993.25,20997.25,20993.0,20997.5,20997.25,20981.25,-4.0,-4.5,-5.0,-100.0,10.0,0.5,3.0,3.0,4.25,2024-09-02 06:48:00+00:00,2024-09-02 06:48:00+00:00,2024-09-02 06:51:00+00:00,2024-09-02 07:03:00+00:00,trajectory_1163dafd9e9d_13_47316a2592d4,-1,market,0.0,15,1,4,12,24105.0
590290,590291,590291,590291,closed,stop,21015.25,21019.25,21015.0,21019.5,21019.25,21003.25,-4.0,-4.5,-5.0,-100.0,10.0,0.5,1.0,1.0,6.5,2024-09-02 10:26:00+00:00,2024-09-02 10:26:00+00:00,2024-09-02 10:27:00+00:00,2024-09-02 10:41:00+00:00,trajectory_1163dafd9e9d_13_47316a2592d4,-1,market,0.0,15,1,4,12,24005.0
590504,590505,590511,590511,closed,target,21052.5,21040.5,21052.25,21040.75,21056.5,21040.5,12.0,11.5,11.0,220.0,10.0,0.5,7.0,7.0,1.25,2024-09-02 14:00:00+00:00,2024-09-02 14:00:00+00:00,2024-09-02 14:07:00+00:00,2024-09-02 14:15:00+00:00,trajectory_1163dafd9e9d_13_47316a2592d4,-1,market,0.0,15,1,4,12,24225.0
590766,590767,590767,590767,closed,stop,21034.5,21038.5,21034.25,21038.75,21038.5,21022.5,-4.0,-4.5,-5.0,-100.0,10.0,0.5,1.0,1.0,4.5,2024-09-02 23:22:00+00:00,2024-09-02 23:22:00+00:00,2024-09-02 23:23:00+00:00,2024-09-02 23:37:00+00:00,trajectory_1163dafd9e9d_13_47316a2592d4,-1,market,0.0,15,1,4,12,24125.0
590767,590768,590768,590768,closed,target,21013.75,21001.75,21013.5,21002.0,21017.75,21001.75,12.0,11.5,11.0,220.0,10.0,0.5,1.0,1.0,3.75,2024-09-02 23:23:00+00:00,2024-09-02 23:23:00+00:00,2024-09-02 23:24:00+00:00,2024-09-02 23:38:00+00:00,trajectory_1163dafd9e9d_13_47316a2592d4,-1,market,0.0,15,1,4,12,24345.0
590786,590787,590787,590787,closed,stop,20984.25,20988.25,20984.0,20988.5,20988.25,20972.25,-4.0,-4.5,-5.0,-100.0,10.0,0.5,1.0,1.0,11.0,2024-09-02 23:42:00+00:00,2024-09-02 23:42:00+00:00,2024-09-02 23:43:00+00:00,2024-09-02 23:57:00+00:00,trajectory_1163dafd9e9d_13_47316a2592d4,-1,market,0.0,15,1,4,12,24245.0
590926,590927,590938,590938,closed,stop,21020.75,21024.75,21020.5,21025.0,21024.75,21008.75,-4.0,-4.5,-5.0,-100.0,10.0,0.5,12.0,12.0,5.25,2024-09-03 02:02:00+00:00,2024-09-03 02:02:00+00:00,2024-09-03 02:14:00+00:00,2024-09-03 02:17:00+00:00,trajectory_1163dafd9e9d_13_47316a2592d4,-1,market,0.0,15,1,4,12,24145.0
590983,590984,590984,590984,closed,stop,20982.25,20986.25,20982.0,20986.5,20986.25,20970.25,-4.0,-4.5,-5.0,-100.0,10.0,0.5,1.0,1.0,6.75,2024-09-03 02:59:00+00:00,2024-09-03 02:59:00+00:00,2024-09-03 03:00:00+00:00,2024-09-03 03:14:00+00:00,trajectory_1163dafd9e9d_13_47316a2592d4,-1,market,0.0,15,1,4,12,24045.0
591166,591167,591167,591167,closed,stop,20976.5,20980.5,20976.25,20980.75,20980.5,20964.5,-4.0,-4.5,-5.0,-100.0,10.0,0.5,1.0,1.0,5.0,2024-09-03 06:03:00+00:00,2024-09-03 06:03:00+00:00,2024-09-03 06:04:00+00:00,2024-09-03 06:18:00+00:00,trajectory_1163dafd9e9d_13_47316a2592d4,-1,market,0.0,15,1,4,12,23945.0
591189,591190,591192,591192,closed,stop,20962.75,20966.75,20962.5,20967.0,20966.75,20950.75,-4.0,-4.5,-5.0,-100.0,10.0,0.5,3.0,3.0,13.75,2024-09-03 06:26:00+00:00,2024-09-03 06:26:00+00:00,2024-09-03 06:29:00+00:00,2024-09-03 06:41:00+00:00,trajectory_1163dafd9e9d_13_47316a2592d4,-1,market,0.0,15,1,4,12,23845.0
591343,591344,591344,591344,closed,stop,20932.0,20936.0,20931.75,20936.25,20936.0,20920.0,-4.0,-4.5,-5.0,-100.0,10.0,0.5,1.0,1.0,7.75,2024-09-03 09:00:00+00:00,2024-09-03 09:00:00+00:00,2024-09-03 09:01:00+00:00,2024-09-03 09:15:00+00:00,trajectory_1163dafd9e9d_13_47316a2592d4,-1,market,0.0,15,1,4,12,23745.0
591355,591356,591357,591357,closed,target,20908.75,20896.75,20908.5,20897.0,20912.75,20896.75,12.0,11.5,11.0,220.0,10.0,0.5,2.0,2.0,0.5,2024-09-03 09:12:00+00:00,2024-09-03 09:12:00+00:00,2024-09-03 09:14:00+00:00,2024-09-03 09:27:00+00:00,trajectory_1163dafd9e9d_13_47316a2592d4,-1,market,0.0,15,1,4,12,23965.0
591470,591471,591472,591472,closed,stop,20897.5,20901.5,20897.25,20901.75,20901.5,20885.5,-4.0,-4.5,-5.0,-100.0,10.0,0.5,2.0,2.0,5.75,2024-09-03 11:07:00+00:00,2024-09-03 11:07:00+00:00,2024-09-03 11:09:00+00:00,2024-09-03 11:22:00+00:00,trajectory_1163dafd9e9d_13_47316a2592d4,-1,market,0.0,15,1,4,12,23865.0
591614,591615,591615,591615,closed,stop,20886.0,20890.0,20885.75,20890.25,20890.0,20874.0,-4.0,-4.5,-5.0,-100.0,10.0,0.5,1.0,1.0,14.5,2024-09-03 13:31:00+00:00,2024-09-03 13:31:00+00:00,2024-09-03 13:32:00+00:00,2024-09-03 13:46:00+00:00,trajectory_1163dafd9e9d_13_47316a2592d4,-1,market,0.0,15,1,4,12,23765.0
591616,591617,591617,591617,closed,stop,20863.25,20867.25,20863.0,20867.5,20867.25,20851.25,-4.0,-4.5,-5.0,-100.0,10.0,0.5,1.0,1.0,13.5,2024-09-03 13:33:00+00:00,2024-09-03 13:33:00+00:00,2024-09-03 13:34:00+00:00,2024-09-03 13:48:00+00:00,trajectory_1163dafd9e9d_13_47316a2592d4,-1,market,0.0,15,1,4,12,23665.0
592207,592208,592208,592208,closed,target,20345.75,20333.75,20345.5,20334.0,20349.75,20333.75,12.0,11.5,11.0,220.0,10.0,0.5,1.0,1.0,0.5,2024-09-04 00:39:00+00:00,2024-09-04 00:39:00+00:00,2024-09-04 00:40:00+00:00,2024-09-04 00:54:00+00:00,trajectory_1163dafd9e9d_13_47316a2592d4,-1,market,0.0,15,1,4,12,23885.0
592226,592227,592227,592227,closed,stop,20289.75,20293.75,20289.5,20294.0,20293.75,20277.75,-4.0,-4.5,-5.0,-100.0,10.0,0.5,1.0,1.0,15.75,2024-09-04 00:58:00+00:00,2024-09-04 00:58:00+00:00,2024-09-04 00:59:00+00:00,2024-09-04 01:13:00+00:00,trajectory_1163dafd9e9d_13_47316a2592d4,-1,market,0.0,15,1,4,12,23785.0
592288,592289,592289,592289,closed,stop,20321.25,20325.25,20321.0,20325.5,20325.25,20309.25,-4.0,-4.5,-5.0,-100.0,10.0,0.5,1.0,1.0,10.75,2024-09-04 02:00:00+00:00,2024-09-04 02:00:00+00:00,2024-09-04 02:01:00+00:00,2024-09-04 02:15:00+00:00,trajectory_1163dafd9e9d_13_47316a2592d4,-1,market,0.0,15,1,4,12,23685.0
592459,592460,592460,592460,closed,stop,20290.5,20294.5,20290.25,20294.75,20294.5,20278.5,-4.0,-4.5,-5.0,-100.0,10.0,0.5,1.0,1.0,12.25,2024-09-04 04:51:00+00:00,2024-09-04 04:51:00+00:00,2024-09-04 04:52:00+00:00,2024-09-04 05:06:00+00:00,trajectory_1163dafd9e9d_13_47316a2592d4,-1,market,0.0,15,1,4,12,23585.0
593009,593010,593010,593010,closed,stop,20286.5,20290.5,20286.25,20290.75,20290.5,20274.5,-4.0,-4.5,-5.0,-100.0,10.0,0.5,1.0,1.0,38.5,2024-09-04 14:01:00+00:00,2024-09-04 14:01:00+00:00,2024-09-04 14:02:00+00:00,2024-09-04 14:16:00+00:00,trajectory_1163dafd9e9d_13_47316a2592d4,-1,market,0.0,15,1,4,12,23485.0
593099,593100,593100,593100,closed,stop,20412.5,20416.5,20412.25,20416.75,20416.5,20400.5,-4.0,-4.5,-5.0,-100.0,10.0,0.5,1.0,1.0,26.5,2024-09-04 15:31:00+00:00,2024-09-04 15:31:00+00:00,2024-09-04 15:32:00+00:00,2024-09-04 15:46:00+00:00,trajectory_1163dafd9e9d_13_47316a2592d4,-1,market,0.0,15,1,4,12,23385.0
593513,593514,593514,593514,closed,stop,20350.25,20354.25,20350.0,20354.5,20354.25,20338.25,-4.0,-4.5,-5.0,-100.0,10.0,0.5,1.0,1.0,7.75,2024-09-04 23:40:00+00:00,2024-09-04 23:40:00+00:00,2024-09-04 23:41:00+00:00,2024-09-04 23:55:00+00:00,trajectory_1163dafd9e9d_13_47316a2592d4,-1,market,0.0,15,1,4,12,23285.0
593662,593663,593663,593663,closed,stop,20394.5,20398.5,20394.25,20398.75,20398.5,20382.5,-4.0,-4.5,-5.0,-100.0,10.0,0.5,1.0,1.0,4.75,2024-09-05 02:09:00+00:00,2024-09-05 02:09:00+00:00,2024-09-05 02:10:00+00:00,2024-09-05 02:24:00+00:00,trajectory_1163dafd9e9d_13_47316a2592d4,-1,market,0.0,15,1,4,12,23185.0
593722,593723,593723,593723,closed,target,20368.75,20356.75,20368.5,20357.0,20372.75,20356.75,12.0,11.5,11.0,220.0,10.0,0.5,1.0,1.0,0.75,2024-09-05 03:09:00+00:00,2024-09-05 03:09:00+00:00,2024-09-05 03:10:00+00:00,2024-09-05 03:24:00+00:00,trajectory_1163dafd9e9d_13_47316a2592d4,-1,market,0.0,15,1,4,12,23405.0
594419,594420,594420,594420,closed,stop,20470.0,20474.0,20469.75,20474.25,20474.0,20458.0,-4.0,-4.5,-5.0,-100.0,10.0,0.5,1.0,1.0,10.25,2024-09-05 14:46:00+00:00,2024-09-05 14:46:00+00:00,2024-09-05 14:47:00+00:00,2024-09-05 15:01:00+00:00,trajectory_1163dafd9e9d_13_47316a2592d4,-1,market,0.0,15,1,4,12,23305.0
594689,594690,594690,594690,closed,stop,20359.5,20363.5,20359.25,20363.75,20363.5,20347.5,-4.0,-4.5,-5.0,-100.0,10.0,0.5,1.0,1.0,6.5,2024-09-05 19:16:00+00:00,2024-09-05 19:16:00+00:00,2024-09-05 19:17:00+00:00,2024-09-05 19:31:00+00:00,trajectory_1163dafd9e9d_13_47316a2592d4,-1,market,0.0,15,1,4,12,23205.0
594960,594961,594961,594961,closed,target,20251.25,20239.25,20251.0,20239.5,20255.25,20239.25,12.0,11.5,11.0,220.0,10.0,0.5,1.0,1.0,1.0,2024-09-06 01:02:00+00:00,2024-09-06 01:02:00+00:00,2024-09-06 01:03:00+00:00,2024-09-06 01:17:00+00:00,trajectory_1163dafd9e9d_13_47316a2592d4,-1,market,0.0,15,1,4,12,23425.0
594961,594962,594962,594962,closed,target,20236.25,20224.25,20236.0,20224.5,20240.25,20224.25,12.0,11.5,11.0,220.0,10.0,0.5,1.0,1.0,0.75,2024-09-06 01:03:00+00:00,2024-09-06 01:03:00+00:00,2024-09-06 01:04:00+00:00,2024-09-06 01:18:00+00:00,trajectory_1163dafd9e9d_13_47316a2592d4,-1,market,0.0,15,1,4,12,23645.0
595333,595334,595335,595335,closed,target,20200.5,20188.5,20200.25,20188.75,20204.5,20188.5,12.0,11.5,11.0,220.0,10.0,0.5,2.0,2.0,0.75,2024-09-06 07:15:00+00:00,2024-09-06 07:15:00+00:00,2024-09-06 07:17:00+00:00,2024-09-06 07:30:00+00:00,trajectory_1163dafd9e9d_13_47316a2592d4,-1,market,0.0,15,1,4,12,23865.0
595648,595649,595649,595649,closed,stop,20205.75,20209.75,20205.5,20210.0,20209.75,20193.75,-4.0,-4.5,-5.0,-100.0,10.0,0.5,1.0,1.0,147.25,2024-09-06 12:30:00+00:00,2024-09-06 12:30:00+00:00,2024-09-06 12:31:00+00:00,2024-09-06 12:45:00+00:00,trajectory_1163dafd9e9d_13_47316a2592d4,-1,market,0.0,15,1,4,12,23765.0
597640,597641,597643,597643,closed,target,20098.25,20086.25,20098.0,20086.5,20102.25,20086.25,12.0,11.5,11.0,220.0,10.0,0.5,3.0,3.0,2.25,2024-09-10 00:12:00+00:00,2024-09-10 00:12:00+00:00,2024-09-10 00:15:00+00:00,2024-09-10 00:27:00+00:00,trajectory_1163dafd9e9d_13_47316a2592d4,-1,market,0.0,15,1,4,12,23985.0
597719,597720,597722,597722,closed,stop,20102.25,20106.25,20102.0,20106.5,20106.25,20090.25,-4.0,-4.5,-5.0,-100.0,10.0,0.5,3.0,3.0,5.0,2024-09-10 01:31:00+00:00,2024-09-10 01:31:00+00:00,2024-09-10 01:34:00+00:00,2024-09-10 01:46:00+00:00,trajectory_1163dafd9e9d_13_47316a2592d4,-1,market,0.0,15,1,4,12,23885.0
597829,597830,597830,597830,closed,stop,20078.25,20082.25,20078.0,20082.5,20082.25,20066.25,-4.0,-4.5,-5.0,-100.0,10.0,0.5,1.0,1.0,11.5,2024-09-10 03:21:00+00:00,2024-09-10 03:21:00+00:00,2024-09-10 03:22:00+00:00,2024-09-10 03:36:00+00:00,trajectory_1163dafd9e9d_13_47316a2592d4,-1,market,0.0,15,1,4,12,23785.0
598143,598144,598144,598144,closed,stop,20077.75,20081.75,20077.5,20082.0,20081.75,20065.75,-4.0,-4.5,-5.0,-100.0,10.0,0.5,1.0,1.0,5.5,2024-09-10 08:35:00+00:00,2024-09-10 08:35:00+00:00,2024-09-10 08:36:00+00:00,2024-09-10 08:50:00+00:00,trajectory_1163dafd9e9d_13_47316a2592d4,-1,market,0.0,15,1,4,12,23685.0
598169,598170,598177,598177,closed,target,20059.25,20047.25,20059.0,20047.5,20063.25,20047.25,12.0,11.5,11.0,220.0,10.0,0.5,8.0,8.0,2.5,2024-09-10 09:01:00+00:00,2024-09-10 09:01:00+00:00,2024-09-10 09:09:00+00:00,2024-09-10 09:16:00+00:00,trajectory_1163dafd9e9d_13_47316a2592d4,-1,market,0.0,15,1,4,12,23905.0
598178,598179,598179,598179,closed,stop,20020.75,20024.75,20020.5,20025.0,20024.75,20008.75,-4.0,-4.5,-5.0,-100.0,10.0,0.5,1.0,1.0,6.0,2024-09-10 09:10:00+00:00,2024-09-10 09:10:00+00:00,2024-09-10 09:11:00+00:00,2024-09-10 09:25:00+00:00,trajectory_1163dafd9e9d_13_47316a2592d4,-1,market,0.0,15,1,4,12,23805.0
598579,598580,598580,598580,closed,stop,20107.0,20111.0,20106.75,20111.25,20111.0,20095.0,-4.0,-4.5,-5.0,-100.0,10.0,0.5,1.0,1.0,7.25,2024-09-10 15:51:00+00:00,2024-09-10 15:51:00+00:00,2024-09-10 15:52:00+00:00,2024-09-10 16:06:00+00:00,trajectory_1163dafd9e9d_13_47316a2592d4,-1,market,0.0,15,1,4,12,23705.0
598977,598978,598988,598988,closed,target,20278.75,20266.75,20278.5,20267.0,20282.75,20266.75,12.0,11.5,11.0,220.0,10.0,0.5,11.0,11.0,0.5,2024-09-10 23:44:00+00:00,2024-09-10 23:44:00+00:00,2024-09-10 23:55:00+00:00,2024-09-10 23:59:00+00:00,trajectory_1163dafd9e9d_13_47316a2592d4,-1,market,0.0,15,1,4,12,23925.0
599087,599088,599088,599088,closed,target,20221.25,20209.25,20221.0,20209.5,20225.25,20209.25,12.0,11.5,11.0,220.0,10.0,0.5,1.0,1.0,0.25,2024-09-11 01:34:00+00:00,2024-09-11 01:34:00+00:00,2024-09-11 01:35:00+00:00,2024-09-11 01:49:00+00:00,trajectory_1163dafd9e9d_13_47316a2592d4,-1,market,0.0,15,1,4,12,24145.0
599088,599089,599089,599089,closed,target,20204.5,20192.5,20204.25,20192.75,20208.5,20192.5,12.0,11.5,11.0,220.0,10.0,0.5,1.0,1.0,0.25,2024-09-11 01:35:00+00:00,2024-09-11 01:35:00+00:00,2024-09-11 01:36:00+00:00,2024-09-11 01:50:00+00:00,trajectory_1163dafd9e9d_13_47316a2592d4,-1,market,0.0,15,1,4,12,24365.0
599177,599178,599184,599184,closed,target,20213.75,20201.75,20213.5,20202.0,20217.75,20201.75,12.0,11.5,11.0,220.0,10.0,0.5,7.0,7.0,3.25,2024-09-11 03:04:00+00:00,2024-09-11 03:04:00+00:00,2024-09-11 03:11:00+00:00,2024-09-11 03:19:00+00:00,trajectory_1163dafd9e9d_13_47316a2592d4,-1,market,0.0,15,1,4,12,24585.0
599744,599745,599745,599745,closed,stop,20185.75,20189.75,20185.5,20190.0,20189.75,20173.75,-4.0,-4.5,-5.0,-100.0,10.0,0.5,1.0,1.0,23.75,2024-09-11 12:31:00+00:00,2024-09-11 12:31:00+00:00,2024-09-11 12:32:00+00:00,2024-09-11 12:46:00+00:00,trajectory_1163dafd9e9d_13_47316a2592d4,-1,market,0.0,15,1,4,12,24485.0
599804,599805,599805,599805,closed,stop,20293.5,20297.5,20293.25,20297.75,20297.5,20281.5,-4.0,-4.5,-5.0,-100.0,10.0,0.5,1.0,1.0,39.75,2024-09-11 13:31:00+00:00,2024-09-11 13:31:00+00:00,2024-09-11 13:32:00+00:00,2024-09-11 13:46:00+00:00,trajectory_1163dafd9e9d_13_47316a2592d4,-1,market,0.0,15,1,4,12,24385.0
599808,599809,599809,599809,closed,stop,20278.5,20282.5,20278.25,20282.75,20282.5,20266.5,-4.0,-4.5,-5.0,-100.0,10.0,0.5,1.0,1.0,22.5,2024-09-11 13:35:00+00:00,2024-09-11 13:35:00+00:00,2024-09-11 13:36:00+00:00,2024-09-11 13:50:00+00:00,trajectory_1163dafd9e9d_13_47316a2592d4,-1,market,0.0,15,1,4,12,24285.0
599848,599849,599849,599849,closed,stop,20129.0,20133.0,20128.75,20133.25,20133.0,20117.0,-4.0,-4.5,-5.0,-100.0,10.0,0.5,1.0,1.0,5.0,2024-09-11 14:15:00+00:00,2024-09-11 14:15:00+00:00,2024-09-11 14:16:00+00:00,2024-09-11 14:30:00+00:00,trajectory_1163dafd9e9d_13_47316a2592d4,-1,market,0.0,15,1,4,12,24185.0
599950,599951,599951,599951,closed,stop,20167.25,20171.25,20167.0,20171.5,20171.25,20155.25,-4.0,-4.5,-5.0,-100.0,10.0,0.5,1.0,1.0,13.5,2024-09-11 15:57:00+00:00,2024-09-11 15:57:00+00:00,2024-09-11 15:58:00+00:00,2024-09-11 16:12:00+00:00,trajectory_1163dafd9e9d_13_47316a2592d4,-1,market,0.0,15,1,4,12,24085.0
600531,600532,600546,600546,closed,timeout,20712.25,20708.25,20712.0,20708.5,20716.25,20700.25,4.0,3.5,3.0,60.0,10.0,0.5,15.0,15.0,3.5,2024-09-12 02:53:00+00:00,2024-09-12 02:53:00+00:00,2024-09-12 03:08:00+00:00,2024-09-12 03:08:00+00:00,trajectory_1163dafd9e9d_13_47316a2592d4,-1,market,0.0,15,1,4,12,24145.0
600651,600652,600652,600652,closed,stop,20741.0,20745.0,20740.75,20745.25,20745.0,20729.0,-4.0,-4.5,-5.0,-100.0,10.0,0.5,1.0,1.0,5.75,2024-09-12 04:53:00+00:00,2024-09-12 04:53:00+00:00,2024-09-12 04:54:00+00:00,2024-09-12 05:08:00+00:00,trajectory_1163dafd9e9d_13_47316a2592d4,-1,market,0.0,15,1,4,12,24045.0
600839,600840,600840,600840,closed,stop,20696.5,20700.5,20696.25,20700.75,20700.5,20684.5,-4.0,-4.5,-5.0,-100.0,10.0,0.5,1.0,1.0,17.75,2024-09-12 08:01:00+00:00,2024-09-12 08:01:00+00:00,2024-09-12 08:02:00+00:00,2024-09-12 08:16:00+00:00,trajectory_1163dafd9e9d_13_47316a2592d4,-1,market,0.0,15,1,4,12,23945.0
601109,601110,601111,601111,closed,target,20719.5,20707.5,20719.25,20707.75,20723.5,20707.5,12.0,11.5,11.0,220.0,10.0,0.5,2.0,2.0,1.25,2024-09-12 12:31:00+00:00,2024-09-12 12:31:00+00:00,2024-09-12 12:33:00+00:00,2024-09-12 12:46:00+00:00,trajectory_1163dafd9e9d_13_47316a2592d4,-1,market,0.0,15,1,4,12,24165.0
601169,601170,601170,601170,closed,stop,20670.0,20674.0,20669.75,20674.25,20674.0,20658.0,-4.0,-4.5,-5.0,-100.0,10.0,0.5,1.0,1.0,4.25,2024-09-12 13:31:00+00:00,2024-09-12 13:31:00+00:00,2024-09-12 13:32:00+00:00,2024-09-12 13:46:00+00:00,trajectory_1163dafd9e9d_13_47316a2592d4,-1,market,0.0,15,1,4,12,24065.0
601170,601171,601171,601171,closed,stop,20646.5,20650.5,20646.25,20650.75,20650.5,20634.5,-4.0,-4.5,-5.0,-100.0,10.0,0.5,1.0,1.0,26.5,2024-09-12 13:32:00+00:00,2024-09-12 13:32:00+00:00,2024-09-12 13:33:00+00:00,2024-09-12 13:47:00+00:00,trajectory_1163dafd9e9d_13_47316a2592d4,-1,market,0.0,15,1,4,12,23965.0
601234,601235,601235,601235,closed,target,20726.0,20714.0,20725.75,20714.25,20730.0,20714.0,12.0,11.5,11.0,220.0,10.0,0.5,1.0,1.0,0.25,2024-09-12 14:36:00+00:00,2024-09-12 14:36:00+00:00,2024-09-12 14:37:00+00:00,2024-09-12 14:51:00+00:00,trajectory_1163dafd9e9d_13_47316a2592d4,-1,market,0.0,15,1,4,12,24185.0
601490,601491,601491,601491,closed,stop,20813.0,20817.0,20812.75,20817.25,20817.0,20801.0,-4.0,-4.5,-5.0,-100.0,10.0,0.5,1.0,1.0,10.75,2024-09-12 18:52:00+00:00,2024-09-12 18:52:00+00:00,2024-09-12 18:53:00+00:00,2024-09-12 19:07:00+00:00,trajectory_1163dafd9e9d_13_47316a2592d4,-1,market,0.0,15,1,4,12,24085.0
602482,602483,602485,602485,closed,target,20864.75,20852.75,20864.5,20853.0,20868.75,20852.75,12.0,11.5,11.0,220.0,10.0,0.5,3.0,3.0,1.5,2024-09-13 12:40:00+00:00,2024-09-13 12:40:00+00:00,2024-09-13 12:43:00+00:00,2024-09-13 12:55:00+00:00,trajectory_1163dafd9e9d_13_47316a2592d4,-1,market,0.0,15,1,4,12,24305.0
602532,602533,602533,602533,closed,stop,20842.25,20846.25,20842.0,20846.5,20846.25,20830.25,-4.0,-4.5,-5.0,-100.0,10.0,0.5,1.0,1.0,16.25,2024-09-13 13:30:00+00:00,2024-09-13 13:30:00+00:00,2024-09-13 13:31:00+00:00,2024-09-13 13:45:00+00:00,trajectory_1163dafd9e9d_13_47316a2592d4,-1,market,0.0,15,1,4,12,24205.0
602803,602804,602804,602804,closed,stop,20948.25,20952.25,20948.0,20952.5,20952.25,20936.25,-4.0,-4.5,-5.0,-100.0,10.0,0.5,1.0,1.0,30.25,2024-09-13 18:01:00+00:00,2024-09-13 18:01:00+00:00,2024-09-13 18:02:00+00:00,2024-09-13 18:16:00+00:00,trajectory_1163dafd9e9d_13_47316a2592d4,-1,market,0.0,15,1,4,12,24105.0
603666,603667,603670,603670,closed,stop,20949.75,20953.75,20949.5,20954.0,20953.75,20937.75,-4.0,-4.5,-5.0,-100.0,10.0,0.5,4.0,4.0,5.0,2024-09-16 09:47:00+00:00,2024-09-16 09:47:00+00:00,2024-09-16 09:51:00+00:00,2024-09-16 10:02:00+00:00,trajectory_1163dafd9e9d_13_47316a2592d4,-1,market,0.0,15,1,4,12,24005.0
603690,603691,603692,603692,closed,stop,20921.75,20925.75,20921.5,20926.0,20925.75,20909.75,-4.0,-4.5,-5.0,-100.0,10.0,0.5,2.0,2.0,10.75,2024-09-16 10:11:00+00:00,2024-09-16 10:11:00+00:00,2024-09-16 10:13:00+00:00,2024-09-16 10:26:00+00:00,trajectory_1163dafd9e9d_13_47316a2592d4,-1,market,0.0,15,1,4,12,23905.0
603706,603707,603707,603707,closed,stop,20904.75,20908.75,20904.5,20909.0,20908.75,20892.75,-4.0,-4.5,-5.0,-100.0,10.0,0.5,1.0,1.0,8.75,2024-09-16 10:27:00+00:00,2024-09-16 10:27:00+00:00,2024-09-16 10:28:00+00:00,2024-09-16 10:42:00+00:00,trajectory_1163dafd9e9d_13_47316a2592d4,-1,market,0.0,15,1,4,12,23805.0
603745,603746,603746,603746,closed,stop,20912.5,20916.5,20912.25,20916.75,20916.5,20900.5,-4.0,-4.5,-5.0,-100.0,10.0,0.5,1.0,1.0,8.5,2024-09-16 11:06:00+00:00,2024-09-16 11:06:00+00:00,2024-09-16 11:07:00+00:00,2024-09-16 11:21:00+00:00,trajectory_1163dafd9e9d_13_47316a2592d4,-1,market,0.0,15,1,4,12,23705.0
603763,603764,603778,603778,closed,timeout,20894.0,20895.0,20893.75,20895.25,20898.0,20882.0,-1.0,-1.5,-2.0,-40.0,10.0,0.5,15.0,15.0,2.5,2024-09-16 11:24:00+00:00,2024-09-16 11:24:00+00:00,2024-09-16 11:39:00+00:00,2024-09-16 11:39:00+00:00,trajectory_1163dafd9e9d_13_47316a2592d4,-1,market,0.0,15,1,4,12,23665.0
603890,603891,603891,603891,closed,stop,20839.5,20843.5,20839.25,20843.75,20843.5,20827.5,-4.0,-4.5,-5.0,-100.0,10.0,0.5,1.0,1.0,20.25,2024-09-16 13:31:00+00:00,2024-09-16 13:31:00+00:00,2024-09-16 13:32:00+00:00,2024-09-16 13:46:00+00:00,trajectory_1163dafd9e9d_13_47316a2592d4,-1,market,0.0,15,1,4,12,23565.0
603892,603893,603893,603893,closed,target,20823.75,20811.75,20823.5,20812.0,20827.75,20811.75,12.0,11.5,11.0,220.0,10.0,0.5,1.0,1.0,0.75,2024-09-16 13:33:00+00:00,2024-09-16 13:33:00+00:00,2024-09-16 13:34:00+00:00,2024-09-16 13:48:00+00:00,trajectory_1163dafd9e9d_13_47316a2592d4,-1,market,0.0,15,1,4,12,23785.0
603893,603894,603894,603894,closed,stop,20785.0,20789.0,20784.75,20789.25,20789.0,20773.0,-4.0,-4.5,-5.0,-100.0,10.0,0.5,1.0,1.0,7.25,2024-09-16 13:34:00+00:00,2024-09-16 13:34:00+00:00,2024-09-16 13:35:00+00:00,2024-09-16 13:49:00+00:00,trajectory_1163dafd9e9d_13_47316a2592d4,-1,market,0.0,15,1,4,12,23685.0
604638,604639,604653,604653,closed,timeout,20845.75,20838.75,20845.5,20839.0,20849.75,20833.75,7.0,6.5,6.0,120.0,10.0,0.5,15.0,15.0,3.25,2024-09-17 03:14:00+00:00,2024-09-17 03:14:00+00:00,2024-09-17 03:29:00+00:00,2024-09-17 03:29:00+00:00,trajectory_1163dafd9e9d_13_47316a2592d4,-1,market,0.0,15,1,4,12,23805.0
605423,605424,605424,605424,closed,stop,20908.5,20912.5,20908.25,20912.75,20912.5,20896.5,-4.0,-4.5,-5.0,-100.0,10.0,0.5,1.0,1.0,6.75,2024-09-17 16:19:00+00:00,2024-09-17 16:19:00+00:00,2024-09-17 16:20:00+00:00,2024-09-17 16:34:00+00:00,trajectory_1163dafd9e9d_13_47316a2592d4,-1,market,0.0,15,1,4,12,23705.0
605573,605574,605574,605574,closed,stop,20822.0,20826.0,20821.75,20826.25,20826.0,20810.0,-4.0,-4.5,-5.0,-100.0,10.0,0.5,1.0,1.0,17.75,2024-09-17 18:49:00+00:00,2024-09-17 18:49:00+00:00,2024-09-17 18:50:00+00:00,2024-09-17 19:04:00+00:00,trajectory_1163dafd9e9d_13_47316a2592d4,-1,market,0.0,15,1,4,12,23605.0
606021,606022,606032,606032,closed,stop,20894.0,20898.0,20893.75,20898.25,20898.0,20882.0,-4.0,-4.5,-5.0,-100.0,10.0,0.5,11.0,11.0,7.25,2024-09-18 03:33:00+00:00,2024-09-18 03:33:00+00:00,2024-09-18 03:44:00+00:00,2024-09-18 03:48:00+00:00,trajectory_1163dafd9e9d_13_47316a2592d4,-1,market,0.0,15,1,4,12,23505.0
606079,606080,606094,606094,closed,timeout,20884.75,20882.75,20884.5,20883.0,20888.75,20872.75,2.0,1.5,1.0,20.0,10.0,0.5,15.0,15.0,0.25,2024-09-18 04:31:00+00:00,2024-09-18 04:31:00+00:00,2024-09-18 04:46:00+00:00,2024-09-18 04:46:00+00:00,trajectory_1163dafd9e9d_13_47316a2592d4,-1,market,0.0,15,1,4,12,23525.0
606106,606107,606107,606107,closed,stop,20871.5,20875.5,20871.25,20875.75,20875.5,20859.5,-4.0,-4.5,-5.0,-100.0,10.0,0.5,1.0,1.0,4.25,2024-09-18 04:58:00+00:00,2024-09-18 04:58:00+00:00,2024-09-18 04:59:00+00:00,2024-09-18 05:13:00+00:00,trajectory_1163dafd9e9d_13_47316a2592d4,-1,market,0.0,15,1,4,12,23425.0
606215,606216,606218,606218,closed,stop,20897.75,20901.75,20897.5,20902.0,20901.75,20885.75,-4.0,-4.5,-5.0,-100.0,10.0,0.5,3.0,3.0,5.75,2024-09-18 06:47:00+00:00,2024-09-18 06:47:00+00:00,2024-09-18 06:50:00+00:00,2024-09-18 07:02:00+00:00,trajectory_1163dafd9e9d_13_47316a2592d4,-1,market,0.0,15,1,4,12,23325.0
606755,606756,606757,606757,closed,stop,20795.0,20799.0,20794.75,20799.25,20799.0,20783.0,-4.0,-4.5,-5.0,-100.0,10.0,0.5,2.0,2.0,7.5,2024-09-18 15:47:00+00:00,2024-09-18 15:47:00+00:00,2024-09-18 15:49:00+00:00,2024-09-18 16:02:00+00:00,trajectory_1163dafd9e9d_13_47316a2592d4,-1,market,0.0,15,1,4,12,23225.0
607136,607137,607138,607138,closed,stop,20846.0,20850.0,20845.75,20850.25,20850.0,20834.0,-4.0,-4.5,-5.0,-100.0,10.0,0.5,2.0,2.0,13.0,2024-09-18 23:23:00+00:00,2024-09-18 23:23:00+00:00,2024-09-18 23:25:00+00:00,2024-09-18 23:38:00+00:00,trajectory_1163dafd9e9d_13_47316a2592d4,-1,market,0.0,15,1,4,12,23125.0
607210,607211,607211,607211,closed,stop,20921.75,20925.75,20921.5,20926.0,20925.75,20909.75,-4.0,-4.5,-5.0,-100.0,10.0,0.5,1.0,1.0,8.0,2024-09-19 00:37:00+00:00,2024-09-19 00:37:00+00:00,2024-09-19 00:38:00+00:00,2024-09-19 00:52:00+00:00,trajectory_1163dafd9e9d_13_47316a2592d4,-1,market,0.0,15,1,4,12,23025.0
607624,607625,607625,607625,closed,stop,21073.75,21077.75,21073.5,21078.0,21077.75,21061.75,-4.0,-4.5,-5.0,-100.0,10.0,0.5,1.0,1.0,9.5,2024-09-19 07:31:00+00:00,2024-09-19 07:31:00+00:00,2024-09-19 07:32:00+00:00,2024-09-19 07:46:00+00:00,trajectory_1163dafd9e9d_13_47316a2592d4,-1,market,0.0,15,1,4,12,22925.0
608361,608362,608362,608362,closed,stop,21285.5,21289.5,21285.25,21289.75,21289.5,21273.5,-4.0,-4.5,-5.0,-100.0,10.0,0.5,1.0,1.0,6.75,2024-09-19 19:51:00+00:00,2024-09-19 19:51:00+00:00,2024-09-19 19:52:00+00:00,2024-09-19 20:06:00+00:00,trajectory_1163dafd9e9d_13_47316a2592d4,-1,market,0.0,15,1,4,12,22825.0
609323,609324,609326,609326,closed,stop,21219.5,21223.5,21219.25,21223.75,21223.5,21207.5,-4.0,-4.5,-5.0,-100.0,10.0,0.5,3.0,3.0,7.5,2024-09-20 13:08:00+00:00,2024-09-20 13:08:00+00:00,2024-09-20 13:11:00+00:00,2024-09-20 13:23:00+00:00,trajectory_1163dafd9e9d_13_47316a2592d4,-1,market,0.0,15,1,4,12,22725.0
609619,609620,609620,609620,closed,stop,21158.0,21162.0,21157.75,21162.25,21162.0,21146.0,-4.0,-4.5,-5.0,-100.0,10.0,0.5,1.0,1.0,8.75,2024-09-20 18:04:00+00:00,2024-09-20 18:04:00+00:00,2024-09-20 18:05:00+00:00,2024-09-20 18:19:00+00:00,trajectory_1163dafd9e9d_13_47316a2592d4,-1,market,0.0,15,1,4,12,22625.0
610203,610204,610215,610215,closed,target,21332.0,21320.0,21331.75,21320.25,21336.0,21320.0,12.0,11.5,11.0,220.0,10.0,0.5,12.0,12.0,2.0,2024-09-23 05:03:00+00:00,2024-09-23 05:03:00+00:00,2024-09-23 05:15:00+00:00,2024-09-23 05:18:00+00:00,trajectory_1163dafd9e9d_13_47316a2592d4,-1,market,0.0,15,1,4,12,22845.0
610261,610262,610262,610262,closed,stop,21293.5,21297.5,21293.25,21297.75,21297.5,21281.5,-4.0,-4.5,-5.0,-100.0,10.0,0.5,1.0,1.0,4.5,2024-09-23 06:01:00+00:00,2024-09-23 06:01:00+00:00,2024-09-23 06:02:00+00:00,2024-09-23 06:16:00+00:00,trajectory_1163dafd9e9d_13_47316a2592d4,-1,market,0.0,15,1,4,12,22745.0
610321,610322,610322,610322,closed,stop,21274.25,21278.25,21274.0,21278.5,21278.25,21262.25,-4.0,-4.5,-5.0,-100.0,10.0,0.5,1.0,1.0,7.0,2024-09-23 07:01:00+00:00,2024-09-23 07:01:00+00:00,2024-09-23 07:02:00+00:00,2024-09-23 07:16:00+00:00,trajectory_1163dafd9e9d_13_47316a2592d4,-1,market,0.0,15,1,4,12,22645.0
610322,610323,610323,610323,closed,target,21268.75,21256.75,21268.5,21257.0,21272.75,21256.75,12.0,11.5,11.0,220.0,10.0,0.5,1.0,1.0,0.75,2024-09-23 07:02:00+00:00,2024-09-23 07:02:00+00:00,2024-09-23 07:03:00+00:00,2024-09-23 07:17:00+00:00,trajectory_1163dafd9e9d_13_47316a2592d4,-1,market,0.0,15,1,4,12,22865.0
610323,610324,610324,610324,closed,stop,21254.25,21258.25,21254.0,21258.5,21258.25,21242.25,-4.0,-4.5,-5.0,-100.0,10.0,0.5,1.0,1.0,7.0,2024-09-23 07:03:00+00:00,2024-09-23 07:03:00+00:00,2024-09-23 07:04:00+00:00,2024-09-23 07:18:00+00:00,trajectory_1163dafd9e9d_13_47316a2592d4,-1,market,0.0,15,1,4,12,22765.0
610336,610337,610337,610337,closed,target,21187.0,21175.0,21186.75,21175.25,21191.0,21175.0,12.0,11.5,11.0,220.0,10.0,0.5,1.0,1.0,0.25,2024-09-23 07:16:00+00:00,2024-09-23 07:16:00+00:00,2024-09-23 07:17:00+00:00,2024-09-23 07:31:00+00:00,trajectory_1163dafd9e9d_13_47316a2592d4,-1,market,0.0,15,1,4,12,22985.0
610713,610714,610714,610714,closed,stop,21240.0,21244.0,21239.75,21244.25,21244.0,21228.0,-4.0,-4.5,-5.0,-100.0,10.0,0.5,1.0,1.0,21.75,2024-09-23 13:33:00+00:00,2024-09-23 13:33:00+00:00,2024-09-23 13:34:00+00:00,2024-09-23 13:48:00+00:00,trajectory_1163dafd9e9d_13_47316a2592d4,-1,market,0.0,15,1,4,12,22885.0
611231,611232,611233,611233,closed,stop,21245.75,21249.75,21245.5,21250.0,21249.75,21233.75,-4.0,-4.5,-5.0,-100.0,10.0,0.5,2.0,2.0,5.75,2024-09-23 23:26:00+00:00,2024-09-23 23:26:00+00:00,2024-09-23 23:28:00+00:00,2024-09-23 23:41:00+00:00,trajectory_1163dafd9e9d_13_47316a2592d4,-1,market,0.0,15,1,4,12,22785.0
611303,611304,611312,611312,closed,stop,21252.5,21256.5,21252.25,21256.75,21256.5,21240.5,-4.0,-4.5,-5.0,-100.0,10.0,0.5,9.0,9.0,4.5,2024-09-24 00:38:00+00:00,2024-09-24 00:38:00+00:00,2024-09-24 00:47:00+00:00,2024-09-24 00:53:00+00:00,trajectory_1163dafd9e9d_13_47316a2592d4,-1,market,0.0,15,1,4,12,22685.0
611375,611376,611376,611376,closed,stop,21253.0,21257.0,21252.75,21257.25,21257.0,21241.0,-4.0,-4.5,-5.0,-100.0,10.0,0.5,1.0,1.0,7.0,2024-09-24 01:50:00+00:00,2024-09-24 01:50:00+00:00,2024-09-24 01:51:00+00:00,2024-09-24 02:05:00+00:00,trajectory_1163dafd9e9d_13_47316a2592d4,-1,market,0.0,15,1,4,12,22585.0
611714,611715,611720,611720,closed,target,21303.75,21291.75,21303.5,21292.0,21307.75,21291.75,12.0,11.5,11.0,220.0,10.0,0.5,6.0,6.0,2.25,2024-09-24 07:29:00+00:00,2024-09-24 07:29:00+00:00,2024-09-24 07:35:00+00:00,2024-09-24 07:44:00+00:00,trajectory_1163dafd9e9d_13_47316a2592d4,-1,market,0.0,15,1,4,12,22805.0
611826,611827,611829,611829,closed,stop,21334.5,21338.5,21334.25,21338.75,21338.5,21322.5,-4.0,-4.5,-5.0,-100.0,10.0,0.5,3.0,3.0,5.5,2024-09-24 09:21:00+00:00,2024-09-24 09:21:00+00:00,2024-09-24 09:24:00+00:00,2024-09-24 09:36:00+00:00,trajectory_1163dafd9e9d_13_47316a2592d4,-1,market,0.0,15,1,4,12,22705.0
611913,611914,611914,611914,closed,stop,21326.25,21330.25,21326.0,21330.5,21330.25,21314.25,-4.0,-4.5,-5.0,-100.0,10.0,0.5,1.0,1.0,11.0,2024-09-24 10:48:00+00:00,2024-09-24 10:48:00+00:00,2024-09-24 10:49:00+00:00,2024-09-24 11:03:00+00:00,trajectory_1163dafd9e9d_13_47316a2592d4,-1,market,0.0,15,1,4,12,22605.0
611929,611930,611930,611930,closed,stop,21272.25,21276.25,21272.0,21276.5,21276.25,21260.25,-4.0,-4.5,-5.0,-100.0,10.0,0.5,1.0,1.0,6.5,2024-09-24 11:04:00+00:00,2024-09-24 11:04:00+00:00,2024-09-24 11:05:00+00:00,2024-09-24 11:19:00+00:00,trajectory_1163dafd9e9d_13_47316a2592d4,-1,market,0.0,15,1,4,12,22505.0
612106,612107,612107,612107,closed,stop,21237.25,21241.25,21237.0,21241.5,21241.25,21225.25,-4.0,-4.5,-5.0,-100.0,10.0,0.5,1.0,1.0,8.5,2024-09-24 14:01:00+00:00,2024-09-24 14:01:00+00:00,2024-09-24 14:02:00+00:00,2024-09-24 14:16:00+00:00,trajectory_1163dafd9e9d_13_47316a2592d4,-1,market,0.0,15,1,4,12,22405.0
612376,612377,612377,612377,closed,stop,21328.0,21332.0,21327.75,21332.25,21332.0,21316.0,-4.0,-4.5,-5.0,-100.0,10.0,0.5,1.0,1.0,8.5,2024-09-24 18:31:00+00:00,2024-09-24 18:31:00+00:00,2024-09-24 18:32:00+00:00,2024-09-24 18:46:00+00:00,trajectory_1163dafd9e9d_13_47316a2592d4,-1,market,0.0,15,1,4,12,22305.0
612706,612707,612707,612707,closed,stop,21333.75,21337.75,21333.5,21338.0,21337.75,21321.75,-4.0,-4.5,-5.0,-100.0,10.0,0.5,1.0,1.0,6.5,2024-09-25 01:16:00+00:00,2024-09-25 01:16:00+00:00,2024-09-25 01:17:00+00:00,2024-09-25 01:31:00+00:00,trajectory_1163dafd9e9d_13_47316a2592d4,-1,market,0.0,15,1,4,12,22205.0
612800,612801,612803,612803,closed,stop,21319.5,21323.5,21319.25,21323.75,21323.5,21307.5,-4.0,-4.5,-5.0,-100.0,10.0,0.5,3.0,3.0,5.5,2024-09-25 02:50:00+00:00,2024-09-25 02:50:00+00:00,2024-09-25 02:53:00+00:00,2024-09-25 03:05:00+00:00,trajectory_1163dafd9e9d_13_47316a2592d4,-1,market,0.0,15,1,4,12,22105.0
612975,612976,612980,612980,closed,target,21302.25,21290.25,21302.0,21290.5,21306.25,21290.25,12.0,11.5,11.0,220.0,10.0,0.5,5.0,5.0,3.5,2024-09-25 05:45:00+00:00,2024-09-25 05:45:00+00:00,2024-09-25 05:50:00+00:00,2024-09-25 06:00:00+00:00,trajectory_1163dafd9e9d_13_47316a2592d4,-1,market,0.0,15,1,4,12,22325.0
613007,613008,613008,613008,closed,stop,21276.75,21280.75,21276.5,21281.0,21280.75,21264.75,-4.0,-4.5,-5.0,-100.0,10.0,0.5,1.0,1.0,6.25,2024-09-25 06:17:00+00:00,2024-09-25 06:17:00+00:00,2024-09-25 06:18:00+00:00,2024-09-25 06:32:00+00:00,trajectory_1163dafd9e9d_13_47316a2592d4,-1,market,0.0,15,1,4,12,22225.0
613651,613652,613652,613652,closed,stop,21355.0,21359.0,21354.75,21359.25,21359.0,21343.0,-4.0,-4.5,-5.0,-100.0,10.0,0.5,1.0,1.0,11.75,2024-09-25 17:01:00+00:00,2024-09-25 17:01:00+00:00,2024-09-25 17:02:00+00:00,2024-09-25 17:16:00+00:00,trajectory_1163dafd9e9d_13_47316a2592d4,-1,market,0.0,15,1,4,12,22125.0
614801,614802,614802,614802,closed,stop,21706.5,21710.5,21706.25,21710.75,21710.5,21694.5,-4.0,-4.5,-5.0,-100.0,10.0,0.5,1.0,1.0,5.25,2024-09-26 13:26:00+00:00,2024-09-26 13:26:00+00:00,2024-09-26 13:27:00+00:00,2024-09-26 13:41:00+00:00,trajectory_1163dafd9e9d_13_47316a2592d4,-1,market,0.0,15,1,4,12,22025.0
614806,614807,614807,614807,closed,stop,21678.25,21682.25,21678.0,21682.5,21682.25,21666.25,-4.0,-4.5,-5.0,-100.0,10.0,0.5,1.0,1.0,7.75,2024-09-26 13:31:00+00:00,2024-09-26 13:31:00+00:00,2024-09-26 13:32:00+00:00,2024-09-26 13:46:00+00:00,trajectory_1163dafd9e9d_13_47316a2592d4,-1,market,0.0,15,1,4,12,21925.0
614891,614892,614892,614892,closed,stop,21412.25,21416.25,21412.0,21416.5,21416.25,21400.25,-4.0,-4.5,-5.0,-100.0,10.0,0.5,1.0,1.0,29.0,2024-09-26 14:56:00+00:00,2024-09-26 14:56:00+00:00,2024-09-26 14:57:00+00:00,2024-09-26 15:11:00+00:00,trajectory_1163dafd9e9d_13_47316a2592d4,-1,market,0.0,15,1,4,12,21825.0
615302,615303,615303,615303,closed,stop,21553.0,21557.0,21552.75,21557.25,21557.0,21541.0,-4.0,-4.5,-5.0,-100.0,10.0,0.5,1.0,1.0,4.5,2024-09-26 23:02:00+00:00,2024-09-26 23:02:00+00:00,2024-09-26 23:03:00+00:00,2024-09-26 23:17:00+00:00,trajectory_1163dafd9e9d_13_47316a2592d4,-1,market,0.0,15,1,4,12,21725.0
615342,615343,615344,615344,closed,stop,21544.25,21548.25,21544.0,21548.5,21548.25,21532.25,-4.0,-4.5,-5.0,-100.0,10.0,0.5,2.0,2.0,5.25,2024-09-26 23:42:00+00:00,2024-09-26 23:42:00+00:00,2024-09-26 23:44:00+00:00,2024-09-26 23:57:00+00:00,trajectory_1163dafd9e9d_13_47316a2592d4,-1,market,0.0,15,1,4,12,21625.0
615346,615347,615360,615360,closed,stop,21539.0,21543.0,21538.75,21543.25,21543.0,21527.0,-4.0,-4.5,-5.0,-100.0,10.0,0.5,14.0,14.0,4.75,2024-09-26 23:46:00+00:00,2024-09-26 23:46:00+00:00,2024-09-27 00:00:00+00:00,2024-09-27 00:01:00+00:00,trajectory_1163dafd9e9d_13_47316a2592d4,-1,market,0.0,15,1,4,12,21525.0
615363,615364,615364,615364,closed,target,21519.5,21507.5,21519.25,21507.75,21523.5,21507.5,12.0,11.5,11.0,220.0,10.0,0.5,1.0,1.0,2.0,2024-09-27 00:03:00+00:00,2024-09-27 00:03:00+00:00,2024-09-27 00:04:00+00:00,2024-09-27 00:18:00+00:00,trajectory_1163dafd9e9d_13_47316a2592d4,-1,market,0.0,15,1,4,12,21745.0
615364,615365,615365,615365,closed,stop,21514.75,21518.75,21514.5,21519.0,21518.75,21502.75,-4.0,-4.5,-5.0,-100.0,10.0,0.5,1.0,1.0,9.0,2024-09-27 00:04:00+00:00,2024-09-27 00:04:00+00:00,2024-09-27 00:05:00+00:00,2024-09-27 00:19:00+00:00,trajectory_1163dafd9e9d_13_47316a2592d4,-1,market,0.0,15,1,4,12,21645.0
615549,615550,615550,615550,closed,stop,21483.5,21487.5,21483.25,21487.75,21487.5,21471.5,-4.0,-4.5,-5.0,-100.0,10.0,0.5,1.0,1.0,6.0,2024-09-27 03:09:00+00:00,2024-09-27 03:09:00+00:00,2024-09-27 03:10:00+00:00,2024-09-27 03:24:00+00:00,trajectory_1163dafd9e9d_13_47316a2592d4,-1,market,0.0,15,1,4,12,21545.0
615688,615689,615689,615689,closed,stop,21519.0,21523.0,21518.75,21523.25,21523.0,21507.0,-4.0,-4.5,-5.0,-100.0,10.0,0.5,1.0,1.0,5.75,2024-09-27 05:28:00+00:00,2024-09-27 05:28:00+00:00,2024-09-27 05:29:00+00:00,2024-09-27 05:43:00+00:00,trajectory_1163dafd9e9d_13_47316a2592d4,-1,market,0.0,15,1,4,12,21445.0
615744,615745,615745,615745,closed,stop,21470.5,21474.5,21470.25,21474.75,21474.5,21458.5,-4.0,-4.5,-5.0,-100.0,10.0,0.5,1.0,1.0,13.5,2024-09-27 06:24:00+00:00,2024-09-27 06:24:00+00:00,2024-09-27 06:25:00+00:00,2024-09-27 06:39:00+00:00,trajectory_1163dafd9e9d_13_47316a2592d4,-1,market,0.0,15,1,4,12,21345.0
616171,616172,616172,616172,closed,stop,21552.75,21556.75,21552.5,21557.0,21556.75,21540.75,-4.0,-4.5,-5.0,-100.0,10.0,0.5,1.0,1.0,6.5,2024-09-27 13:31:00+00:00,2024-09-27 13:31:00+00:00,2024-09-27 13:32:00+00:00,2024-09-27 13:46:00+00:00,trajectory_1163dafd9e9d_13_47316a2592d4,-1,market,0.0,15,1,4,12,21245.0
616467,616468,616468,616468,closed,stop,21424.0,21428.0,21423.75,21428.25,21428.0,21412.0,-4.0,-4.5,-5.0,-100.0,10.0,0.5,1.0,1.0,4.5,2024-09-27 18:27:00+00:00,2024-09-27 18:27:00+00:00,2024-09-27 18:28:00+00:00,2024-09-27 18:42:00+00:00,trajectory_1163dafd9e9d_13_47316a2592d4,-1,market,0.0,15,1,4,12,21145.0
616786,616787,616791,616791,closed,stop,21428.5,21432.5,21428.25,21432.75,21432.5,21416.5,-4.0,-4.5,-5.0,-100.0,10.0,0.5,5.0,5.0,7.5,2024-09-30 01:01:00+00:00,2024-09-30 01:01:00+00:00,2024-09-30 01:06:00+00:00,2024-09-30 01:16:00+00:00,trajectory_1163dafd9e9d_13_47316a2592d4,-1,market,0.0,15,1,4,12,21045.0
616832,616833,616840,616840,closed,stop,21383.0,21387.0,21382.75,21387.25,21387.0,21371.0,-4.0,-4.5,-5.0,-100.0,10.0,0.5,8.0,8.0,9.25,2024-09-30 01:47:00+00:00,2024-09-30 01:47:00+00:00,2024-09-30 01:55:00+00:00,2024-09-30 02:02:00+00:00,trajectory_1163dafd9e9d_13_47316a2592d4,-1,market,0.0,15,1,4,12,20945.0
616856,616857,616857,616857,closed,stop,21363.0,21367.0,21362.75,21367.25,21367.0,21351.0,-4.0,-4.5,-5.0,-100.0,10.0,0.5,1.0,1.0,6.0,2024-09-30 02:11:00+00:00,2024-09-30 02:11:00+00:00,2024-09-30 02:12:00+00:00,2024-09-30 02:26:00+00:00,trajectory_1163dafd9e9d_13_47316a2592d4,-1,market,0.0,15,1,4,12,20845.0
616996,616997,616997,616997,closed,stop,21394.0,21398.0,21393.75,21398.25,21398.0,21382.0,-4.0,-4.5,-5.0,-100.0,10.0,0.5,1.0,1.0,4.75,2024-09-30 04:31:00+00:00,2024-09-30 04:31:00+00:00,2024-09-30 04:32:00+00:00,2024-09-30 04:46:00+00:00,trajectory_1163dafd9e9d_13_47316a2592d4,-1,market,0.0,15,1,4,12,20745.0
617391,617392,617392,617392,closed,stop,21371.5,21375.5,21371.25,21375.75,21375.5,21359.5,-4.0,-4.5,-5.0,-100.0,10.0,0.5,1.0,1.0,4.75,2024-09-30 11:06:00+00:00,2024-09-30 11:06:00+00:00,2024-09-30 11:07:00+00:00,2024-09-30 11:21:00+00:00,trajectory_1163dafd9e9d_13_47316a2592d4,-1,market,0.0,15,1,4,12,20645.0
617424,617425,617425,617425,closed,stop,21340.0,21344.0,21339.75,21344.25,21344.0,21328.0,-4.0,-4.5,-5.0,-100.0,10.0,0.5,1.0,1.0,10.0,2024-09-30 11:39:00+00:00,2024-09-30 11:39:00+00:00,2024-09-30 11:40:00+00:00,2024-09-30 11:54:00+00:00,trajectory_1163dafd9e9d_13_47316a2592d4,-1,market,0.0,15,1,4,12,20545.0
618106,618107,618109,618109,closed,stop,21424.75,21428.75,21424.5,21429.0,21428.75,21412.75,-4.0,-4.5,-5.0,-100.0,10.0,0.5,3.0,3.0,4.5,2024-10-01 00:16:00+00:00,2024-10-01 00:16:00+00:00,2024-10-01 00:19:00+00:00,2024-10-01 00:31:00+00:00,trajectory_1163dafd9e9d_13_47316a2592d4,-1,market,0.0,15,1,4,12,20445.0
618267,618268,618270,618270,closed,stop,21487.0,21491.0,21486.75,21491.25,21491.0,21475.0,-4.0,-4.5,-5.0,-100.0,10.0,0.5,3.0,3.0,5.5,2024-10-01 02:57:00+00:00,2024-10-01 02:57:00+00:00,2024-10-01 03:00:00+00:00,2024-10-01 03:12:00+00:00,trajectory_1163dafd9e9d_13_47316a2592d4,-1,market,0.0,15,1,4,12,20345.0
618345,618346,618358,618358,closed,stop,21466.0,21470.0,21465.75,21470.25,21470.0,21454.0,-4.0,-4.5,-5.0,-100.0,10.0,0.5,13.0,13.0,5.5,2024-10-01 04:15:00+00:00,2024-10-01 04:15:00+00:00,2024-10-01 04:28:00+00:00,2024-10-01 04:30:00+00:00,trajectory_1163dafd9e9d_13_47316a2592d4,-1,market,0.0,15,1,4,12,20245.0
618430,618431,618437,618437,closed,stop,21442.5,21446.5,21442.25,21446.75,21446.5,21430.5,-4.0,-4.5,-5.0,-100.0,10.0,0.5,7.0,7.0,5.5,2024-10-01 05:40:00+00:00,2024-10-01 05:40:00+00:00,2024-10-01 05:47:00+00:00,2024-10-01 05:55:00+00:00,trajectory_1163dafd9e9d_13_47316a2592d4,-1,market,0.0,15,1,4,12,20145.0
618886,618887,618891,618891,closed,target,21457.25,21445.25,21457.0,21445.5,21461.25,21445.25,12.0,11.5,11.0,220.0,10.0,0.5,5.0,5.0,2.75,2024-10-01 13:16:00+00:00,2024-10-01 13:16:00+00:00,2024-10-01 13:21:00+00:00,2024-10-01 13:31:00+00:00,trajectory_1163dafd9e9d_13_47316a2592d4,-1,market,0.0,15,1,4,12,20365.0
618891,618892,618893,618893,closed,stop,21440.25,21444.25,21440.0,21444.5,21444.25,21428.25,-4.0,-4.5,-5.0,-100.0,10.0,0.5,2.0,2.0,8.25,2024-10-01 13:21:00+00:00,2024-10-01 13:21:00+00:00,2024-10-01 13:23:00+00:00,2024-10-01 13:36:00+00:00,trajectory_1163dafd9e9d_13_47316a2592d4,-1,market,0.0,15,1,4,12,20265.0
618903,618904,618904,618904,closed,stop,21398.0,21402.0,21397.75,21402.25,21402.0,21386.0,-4.0,-4.5,-5.0,-100.0,10.0,0.5,1.0,1.0,23.5,2024-10-01 13:33:00+00:00,2024-10-01 13:33:00+00:00,2024-10-01 13:34:00+00:00,2024-10-01 13:48:00+00:00,trajectory_1163dafd9e9d_13_47316a2592d4,-1,market,0.0,15,1,4,12,20165.0
618904,618905,618905,618905,closed,stop,21379.0,21383.0,21378.75,21383.25,21383.0,21367.0,-4.0,-4.5,-5.0,-100.0,10.0,0.5,1.0,1.0,4.25,2024-10-01 13:34:00+00:00,2024-10-01 13:34:00+00:00,2024-10-01 13:35:00+00:00,2024-10-01 13:49:00+00:00,trajectory_1163dafd9e9d_13_47316a2592d4,-1,market,0.0,15,1,4,12,20065.0
618908,618909,618909,618909,closed,stop,21308.5,21312.5,21308.25,21312.75,21312.5,21296.5,-4.0,-4.5,-5.0,-100.0,10.0,0.5,1.0,1.0,13.0,2024-10-01 13:38:00+00:00,2024-10-01 13:38:00+00:00,2024-10-01 13:39:00+00:00,2024-10-01 13:53:00+00:00,trajectory_1163dafd9e9d_13_47316a2592d4,-1,market,0.0,15,1,4,12,19965.0
619083,619084,619084,619084,closed,stop,21100.75,21104.75,21100.5,21105.0,21104.75,21088.75,-4.0,-4.5,-5.0,-100.0,10.0,0.5,1.0,1.0,24.0,2024-10-01 16:33:00+00:00,2024-10-01 16:33:00+00:00,2024-10-01 16:34:00+00:00,2024-10-01 16:48:00+00:00,trajectory_1163dafd9e9d_13_47316a2592d4,-1,market,0.0,15,1,4,12,19865.0
619422,619423,619424,619424,closed,stop,21094.75,21098.75,21094.5,21099.0,21098.75,21082.75,-4.0,-4.5,-5.0,-100.0,10.0,0.5,2.0,2.0,10.25,2024-10-01 23:27:00+00:00,2024-10-01 23:27:00+00:00,2024-10-01 23:29:00+00:00,2024-10-01 23:42:00+00:00,trajectory_1163dafd9e9d_13_47316a2592d4,-1,market,0.0,15,1,4,12,19765.0
619644,619645,619645,619645,closed,stop,21151.5,21155.5,21151.25,21155.75,21155.5,21139.5,-4.0,-4.5,-5.0,-100.0,10.0,0.5,1.0,1.0,5.5,2024-10-02 03:09:00+00:00,2024-10-02 03:09:00+00:00,2024-10-02 03:10:00+00:00,2024-10-02 03:24:00+00:00,trajectory_1163dafd9e9d_13_47316a2592d4,-1,market,0.0,15,1,4,12,19665.0
619727,619728,619730,619730,closed,target,21153.0,21141.0,21152.75,21141.25,21157.0,21141.0,12.0,11.5,11.0,220.0,10.0,0.5,3.0,3.0,4.0,2024-10-02 04:32:00+00:00,2024-10-02 04:32:00+00:00,2024-10-02 04:35:00+00:00,2024-10-02 04:47:00+00:00,trajectory_1163dafd9e9d_13_47316a2592d4,-1,market,0.0,15,1,4,12,19885.0
619862,619863,619864,619864,closed,stop,21102.25,21106.25,21102.0,21106.5,21106.25,21090.25,-4.0,-4.5,-5.0,-100.0,10.0,0.5,2.0,2.0,5.25,2024-10-02 06:47:00+00:00,2024-10-02 06:47:00+00:00,2024-10-02 06:49:00+00:00,2024-10-02 07:02:00+00:00,trajectory_1163dafd9e9d_13_47316a2592d4,-1,market,0.0,15,1,4,12,19785.0
620046,620047,620048,620048,closed,stop,21095.5,21099.5,21095.25,21099.75,21099.5,21083.5,-4.0,-4.5,-5.0,-100.0,10.0,0.5,2.0,2.0,5.5,2024-10-02 09:51:00+00:00,2024-10-02 09:51:00+00:00,2024-10-02 09:53:00+00:00,2024-10-02 10:06:00+00:00,trajectory_1163dafd9e9d_13_47316a2592d4,-1,market,0.0,15,1,4,12,19685.0
620236,620237,620237,620237,closed,stop,21161.5,21165.5,21161.25,21165.75,21165.5,21149.5,-4.0,-4.5,-5.0,-100.0,10.0,0.5,1.0,1.0,14.25,2024-10-02 13:01:00+00:00,2024-10-02 13:01:00+00:00,2024-10-02 13:02:00+00:00,2024-10-02 13:16:00+00:00,trajectory_1163dafd9e9d_13_47316a2592d4,-1,market,0.0,15,1,4,12,19585.0
620763,620764,620765,620765,closed,stop,21233.75,21237.75,21233.5,21238.0,21237.75,21221.75,-4.0,-4.5,-5.0,-100.0,10.0,0.5,2.0,2.0,7.25,2024-10-02 23:03:00+00:00,2024-10-02 23:03:00+00:00,2024-10-02 23:05:00+00:00,2024-10-02 23:18:00+00:00,trajectory_1163dafd9e9d_13_47316a2592d4,-1,market,0.0,15,1,4,12,19485.0
620825,620826,620826,620826,closed,target,21225.5,21213.5,21225.25,21213.75,21229.5,21213.5,12.0,11.5,11.0,220.0,10.0,0.5,1.0,1.0,0.5,2024-10-03 00:05:00+00:00,2024-10-03 00:05:00+00:00,2024-10-03 00:06:00+00:00,2024-10-03 00:20:00+00:00,trajectory_1163dafd9e9d_13_47316a2592d4,-1,market,0.0,15,1,4,12,19705.0
620826,620827,620827,620827,closed,stop,21212.0,21216.0,21211.75,21216.25,21216.0,21200.0,-4.0,-4.5,-5.0,-100.0,10.0,0.5,1.0,1.0,10.75,2024-10-03 00:06:00+00:00,2024-10-03 00:06:00+00:00,2024-10-03 00:07:00+00:00,2024-10-03 00:21:00+00:00,trajectory_1163dafd9e9d_13_47316a2592d4,-1,market,0.0,15,1,4,12,19605.0
620890,620891,620891,620891,closed,stop,21173.5,21177.5,21173.25,21177.75,21177.5,21161.5,-4.0,-4.5,-5.0,-100.0,10.0,0.5,1.0,1.0,11.75,2024-10-03 01:10:00+00:00,2024-10-03 01:10:00+00:00,2024-10-03 01:11:00+00:00,2024-10-03 01:25:00+00:00,trajectory_1163dafd9e9d_13_47316a2592d4,-1,market,0.0,15,1,4,12,19505.0
621037,621038,621041,621041,closed,stop,21146.5,21150.5,21146.25,21150.75,21150.5,21134.5,-4.0,-4.5,-5.0,-100.0,10.0,0.5,4.0,4.0,4.75,2024-10-03 03:37:00+00:00,2024-10-03 03:37:00+00:00,2024-10-03 03:41:00+00:00,2024-10-03 03:52:00+00:00,trajectory_1163dafd9e9d_13_47316a2592d4,-1,market,0.0,15,1,4,12,19405.0
621674,621675,621675,621675,closed,stop,21206.25,21210.25,21206.0,21210.5,21210.25,21194.25,-4.0,-4.5,-5.0,-100.0,10.0,0.5,1.0,1.0,22.25,2024-10-03 14:14:00+00:00,2024-10-03 14:14:00+00:00,2024-10-03 14:15:00+00:00,2024-10-03 14:29:00+00:00,trajectory_1163dafd9e9d_13_47316a2592d4,-1,market,0.0,15,1,4,12,19305.0
621683,621684,621684,621684,closed,stop,21147.0,21151.0,21146.75,21151.25,21151.0,21135.0,-4.0,-4.5,-5.0,-100.0,10.0,0.5,1.0,1.0,29.75,2024-10-03 14:23:00+00:00,2024-10-03 14:23:00+00:00,2024-10-03 14:24:00+00:00,2024-10-03 14:38:00+00:00,trajectory_1163dafd9e9d_13_47316a2592d4,-1,market,0.0,15,1,4,12,19205.0
621923,621924,621924,621924,closed,stop,21132.0,21136.0,21131.75,21136.25,21136.0,21120.0,-4.0,-4.5,-5.0,-100.0,10.0,0.5,1.0,1.0,19.0,2024-10-03 18:23:00+00:00,2024-10-03 18:23:00+00:00,2024-10-03 18:24:00+00:00,2024-10-03 18:38:00+00:00,trajectory_1163dafd9e9d_13_47316a2592d4,-1,market,0.0,15,1,4,12,19105.0
621989,621990,621990,621990,closed,stop,21116.5,21120.5,21116.25,21120.75,21120.5,21104.5,-4.0,-4.5,-5.0,-100.0,10.0,0.5,1.0,1.0,9.5,2024-10-03 19:29:00+00:00,2024-10-03 19:29:00+00:00,2024-10-03 19:30:00+00:00,2024-10-03 19:44:00+00:00,trajectory_1163dafd9e9d_13_47316a2592d4,-1,market,0.0,15,1,4,12,19005.0
622358,622359,622372,622372,closed,target,21238.5,21226.5,21238.25,21226.75,21242.5,21226.5,12.0,11.5,11.0,220.0,10.0,0.5,14.0,14.0,2.75,2024-10-04 02:53:00+00:00,2024-10-04 02:53:00+00:00,2024-10-04 03:07:00+00:00,2024-10-04 03:08:00+00:00,trajectory_1163dafd9e9d_13_47316a2592d4,-1,market,0.0,15,1,4,12,19225.0
622606,622607,622607,622607,closed,stop,21175.0,21179.0,21174.75,21179.25,21179.0,21163.0,-4.0,-4.5,-5.0,-100.0,10.0,0.5,1.0,1.0,7.0,2024-10-04 07:01:00+00:00,2024-10-04 07:01:00+00:00,2024-10-04 07:02:00+00:00,2024-10-04 07:16:00+00:00,trajectory_1163dafd9e9d_13_47316a2592d4,-1,market,0.0,15,1,4,12,19125.0
623243,623244,623244,623244,closed,stop,21296.25,21300.25,21296.0,21300.5,21300.25,21284.25,-4.0,-4.5,-5.0,-100.0,10.0,0.5,1.0,1.0,10.5,2024-10-04 17:38:00+00:00,2024-10-04 17:38:00+00:00,2024-10-04 17:39:00+00:00,2024-10-04 17:53:00+00:00,trajectory_1163dafd9e9d_13_47316a2592d4,-1,market,0.0,15,1,4,12,19025.0
623513,623514,623520,623520,closed,stop,21441.0,21445.0,21440.75,21445.25,21445.0,21429.0,-4.0,-4.5,-5.0,-100.0,10.0,0.5,7.0,7.0,4.5,2024-10-06 23:23:00+00:00,2024-10-06 23:23:00+00:00,2024-10-06 23:30:00+00:00,2024-10-06 23:38:00+00:00,trajectory_1163dafd9e9d_13_47316a2592d4,-1,market,0.0,15,1,4,12,18925.0
623841,623842,623856,623856,closed,timeout,21416.0,21410.75,21415.75,21411.0,21420.0,21404.0,5.25,4.75,4.25,85.0,10.0,0.5,15.0,15.0,2.25,2024-10-07 04:51:00+00:00,2024-10-07 04:51:00+00:00,2024-10-07 05:06:00+00:00,2024-10-07 05:06:00+00:00,trajectory_1163dafd9e9d_13_47316a2592d4,-1,market,0.0,15,1,4,12,19010.0
623942,623943,623943,623943,closed,stop,21371.75,21375.75,21371.5,21376.0,21375.75,21359.75,-4.0,-4.5,-5.0,-100.0,10.0,0.5,1.0,1.0,6.5,2024-10-07 06:32:00+00:00,2024-10-07 06:32:00+00:00,2024-10-07 06:33:00+00:00,2024-10-07 06:47:00+00:00,trajectory_1163dafd9e9d_13_47316a2592d4,-1,market,0.0,15,1,4,12,18910.0
623971,623972,623972,623972,closed,stop,21383.0,21387.0,21382.75,21387.25,21387.0,21371.0,-4.0,-4.5,-5.0,-100.0,10.0,0.5,1.0,1.0,9.75,2024-10-07 07:01:00+00:00,2024-10-07 07:01:00+00:00,2024-10-07 07:02:00+00:00,2024-10-07 07:16:00+00:00,trajectory_1163dafd9e9d_13_47316a2592d4,-1,market,0.0,15,1,4,12,18810.0
624661,624662,624662,624662,closed,stop,21280.5,21284.5,21280.25,21284.75,21284.5,21268.5,-4.0,-4.5,-5.0,-100.0,10.0,0.5,1.0,1.0,8.5,2024-10-07 18:31:00+00:00,2024-10-07 18:31:00+00:00,2024-10-07 18:32:00+00:00,2024-10-07 18:46:00+00:00,trajectory_1163dafd9e9d_13_47316a2592d4,-1,market,0.0,15,1,4,12,18710.0
624992,624993,624993,624993,closed,stop,21171.5,21175.5,21171.25,21175.75,21175.5,21159.5,-4.0,-4.5,-5.0,-100.0,10.0,0.5,1.0,1.0,8.75,2024-10-08 01:17:00+00:00,2024-10-08 01:17:00+00:00,2024-10-08 01:18:00+00:00,2024-10-08 01:32:00+00:00,trajectory_1163dafd9e9d_13_47316a2592d4,-1,market,0.0,15,1,4,12,18610.0
625009,625010,625010,625010,closed,stop,21156.0,21160.0,21155.75,21160.25,21160.0,21144.0,-4.0,-4.5,-5.0,-100.0,10.0,0.5,1.0,1.0,5.75,2024-10-08 01:34:00+00:00,2024-10-08 01:34:00+00:00,2024-10-08 01:35:00+00:00,2024-10-08 01:49:00+00:00,trajectory_1163dafd9e9d_13_47316a2592d4,-1,market,0.0,15,1,4,12,18510.0
625877,625878,625878,625878,closed,stop,21426.75,21430.75,21426.5,21431.0,21430.75,21414.75,-4.0,-4.5,-5.0,-100.0,10.0,0.5,1.0,1.0,8.25,2024-10-08 16:02:00+00:00,2024-10-08 16:02:00+00:00,2024-10-08 16:03:00+00:00,2024-10-08 16:17:00+00:00,trajectory_1163dafd9e9d_13_47316a2592d4,-1,market,0.0,15,1,4,12,18410.0
625941,625942,625942,625942,closed,stop,21389.75,21393.75,21389.5,21394.0,21393.75,21377.75,-4.0,-4.5,-5.0,-100.0,10.0,0.5,1.0,1.0,15.25,2024-10-08 17:06:00+00:00,2024-10-08 17:06:00+00:00,2024-10-08 17:07:00+00:00,2024-10-08 17:21:00+00:00,trajectory_1163dafd9e9d_13_47316a2592d4,-1,market,0.0,15,1,4,12,18310.0
625944,625945,625945,625945,closed,target,21378.5,21366.5,21378.25,21366.75,21382.5,21366.5,12.0,11.5,11.0,220.0,10.0,0.5,1.0,1.0,1.75,2024-10-08 17:09:00+00:00,2024-10-08 17:09:00+00:00,2024-10-08 17:10:00+00:00,2024-10-08 17:24:00+00:00,trajectory_1163dafd9e9d_13_47316a2592d4,-1,market,0.0,15,1,4,12,18530.0
626281,626282,626282,626282,closed,stop,21466.75,21470.75,21466.5,21471.0,21470.75,21454.75,-4.0,-4.5,-5.0,-100.0,10.0,0.5,1.0,1.0,4.5,2024-10-09 00:01:00+00:00,2024-10-09 00:01:00+00:00,2024-10-09 00:02:00+00:00,2024-10-09 00:16:00+00:00,trajectory_1163dafd9e9d_13_47316a2592d4,-1,market,0.0,15,1,4,12,18430.0
626386,626387,626387,626387,closed,stop,21470.25,21474.25,21470.0,21474.5,21474.25,21458.25,-4.0,-4.5,-5.0,-100.0,10.0,0.5,1.0,1.0,5.25,2024-10-09 01:46:00+00:00,2024-10-09 01:46:00+00:00,2024-10-09 01:47:00+00:00,2024-10-09 02:01:00+00:00,trajectory_1163dafd9e9d_13_47316a2592d4,-1,market,0.0,15,1,4,12,18330.0
626519,626520,626520,626520,closed,stop,21433.0,21437.0,21432.75,21437.25,21437.0,21421.0,-4.0,-4.5,-5.0,-100.0,10.0,0.5,1.0,1.0,5.75,2024-10-09 03:59:00+00:00,2024-10-09 03:59:00+00:00,2024-10-09 04:00:00+00:00,2024-10-09 04:14:00+00:00,trajectory_1163dafd9e9d_13_47316a2592d4,-1,market,0.0,15,1,4,12,18230.0
626571,626572,626572,626572,closed,stop,21422.25,21426.25,21422.0,21426.5,21426.25,21410.25,-4.0,-4.5,-5.0,-100.0,10.0,0.5,1.0,1.0,5.0,2024-10-09 04:51:00+00:00,2024-10-09 04:51:00+00:00,2024-10-09 04:52:00+00:00,2024-10-09 05:06:00+00:00,trajectory_1163dafd9e9d_13_47316a2592d4,-1,market,0.0,15,1,4,12,18130.0
626999,627000,627000,627000,closed,stop,21452.75,21456.75,21452.5,21457.0,21456.75,21440.75,-4.0,-4.5,-5.0,-100.0,10.0,0.5,1.0,1.0,5.0,2024-10-09 11:59:00+00:00,2024-10-09 11:59:00+00:00,2024-10-09 12:00:00+00:00,2024-10-09 12:14:00+00:00,trajectory_1163dafd9e9d_13_47316a2592d4,-1,market,0.0,15,1,4,12,18030.0
627092,627093,627093,627093,closed,stop,21465.0,21469.0,21464.75,21469.25,21469.0,21453.0,-4.0,-4.5,-5.0,-100.0,10.0,0.5,1.0,1.0,4.75,2024-10-09 13:32:00+00:00,2024-10-09 13:32:00+00:00,2024-10-09 13:33:00+00:00,2024-10-09 13:47:00+00:00,trajectory_1163dafd9e9d_13_47316a2592d4,-1,market,0.0,15,1,4,12,17930.0
627354,627355,627355,627355,closed,stop,21587.0,21591.0,21586.75,21591.25,21591.0,21575.0,-4.0,-4.5,-5.0,-100.0,10.0,0.5,1.0,1.0,5.5,2024-10-09 17:54:00+00:00,2024-10-09 17:54:00+00:00,2024-10-09 17:55:00+00:00,2024-10-09 18:09:00+00:00,trajectory_1163dafd9e9d_13_47316a2592d4,-1,market,0.0,15,1,4,12,17830.0
627606,627607,627621,627621,closed,timeout,21644.0,21643.25,21643.75,21643.5,21648.0,21632.0,0.75,0.25,-0.25,-5.0,10.0,0.5,15.0,15.0,2.0,2024-10-09 23:21:00+00:00,2024-10-09 23:21:00+00:00,2024-10-09 23:36:00+00:00,2024-10-09 23:36:00+00:00,trajectory_1163dafd9e9d_13_47316a2592d4,-1,market,0.0,15,1,4,12,17825.0
628001,628002,628003,628003,closed,stop,21641.5,21645.5,21641.25,21645.75,21645.5,21629.5,-4.0,-4.5,-5.0,-100.0,10.0,0.5,2.0,2.0,5.25,2024-10-10 05:56:00+00:00,2024-10-10 05:56:00+00:00,2024-10-10 05:58:00+00:00,2024-10-10 06:11:00+00:00,trajectory_1163dafd9e9d_13_47316a2592d4,-1,market,0.0,15,1,4,12,17725.0
628291,628292,628306,628306,closed,timeout,21613.5,21605.5,21613.25,21605.75,21617.5,21601.5,8.0,7.5,7.0,140.0,10.0,0.5,15.0,15.0,3.25,2024-10-10 10:46:00+00:00,2024-10-10 10:46:00+00:00,2024-10-10 11:01:00+00:00,2024-10-10 11:01:00+00:00,trajectory_1163dafd9e9d_13_47316a2592d4,-1,market,0.0,15,1,4,12,17865.0
628386,628387,628387,628387,closed,stop,21631.75,21635.75,21631.5,21636.0,21635.75,21619.75,-4.0,-4.5,-5.0,-100.0,10.0,0.5,1.0,1.0,4.5,2024-10-10 12:21:00+00:00,2024-10-10 12:21:00+00:00,2024-10-10 12:22:00+00:00,2024-10-10 12:36:00+00:00,trajectory_1163dafd9e9d_13_47316a2592d4,-1,market,0.0,15,1,4,12,17765.0
628396,628397,628397,628397,closed,stop,21598.75,21602.75,21598.5,21603.0,21602.75,21586.75,-4.0,-4.5,-5.0,-100.0,10.0,0.5,1.0,1.0,13.5,2024-10-10 12:31:00+00:00,2024-10-10 12:31:00+00:00,2024-10-10 12:32:00+00:00,2024-10-10 12:46:00+00:00,trajectory_1163dafd9e9d_13_47316a2592d4,-1,market,0.0,15,1,4,12,17665.0
628636,628637,628638,628638,closed,stop,21641.75,21645.75,21641.5,21646.0,21645.75,21629.75,-4.0,-4.5,-5.0,-100.0,10.0,0.5,2.0,2.0,16.25,2024-10-10 16:31:00+00:00,2024-10-10 16:31:00+00:00,2024-10-10 16:33:00+00:00,2024-10-10 16:46:00+00:00,trajectory_1163dafd9e9d_13_47316a2592d4,-1,market,0.0,15,1,4,12,17565.0
629173,629174,629179,629179,closed,stop,21640.25,21644.25,21640.0,21644.5,21644.25,21628.25,-4.0,-4.5,-5.0,-100.0,10.0,0.5,6.0,6.0,5.75,2024-10-11 02:43:00+00:00,2024-10-11 02:43:00+00:00,2024-10-11 02:49:00+00:00,2024-10-11 02:58:00+00:00,trajectory_1163dafd9e9d_13_47316a2592d4,-1,market,0.0,15,1,4,12,17465.0
629281,629282,629287,629287,closed,stop,21642.25,21646.25,21642.0,21646.5,21646.25,21630.25,-4.0,-4.5,-5.0,-100.0,10.0,0.5,6.0,6.0,5.0,2024-10-11 04:31:00+00:00,2024-10-11 04:31:00+00:00,2024-10-11 04:37:00+00:00,2024-10-11 04:46:00+00:00,trajectory_1163dafd9e9d_13_47316a2592d4,-1,market,0.0,15,1,4,12,17365.0
629431,629432,629432,629432,closed,stop,21603.5,21607.5,21603.25,21607.75,21607.5,21591.5,-4.0,-4.5,-5.0,-100.0,10.0,0.5,1.0,1.0,7.5,2024-10-11 07:01:00+00:00,2024-10-11 07:01:00+00:00,2024-10-11 07:02:00+00:00,2024-10-11 07:16:00+00:00,trajectory_1163dafd9e9d_13_47316a2592d4,-1,market,0.0,15,1,4,12,17265.0
629446,629447,629447,629447,closed,stop,21593.25,21597.25,21593.0,21597.5,21597.25,21581.25,-4.0,-4.5,-5.0,-100.0,10.0,0.5,1.0,1.0,8.0,2024-10-11 07:16:00+00:00,2024-10-11 07:16:00+00:00,2024-10-11 07:17:00+00:00,2024-10-11 07:31:00+00:00,trajectory_1163dafd9e9d_13_47316a2592d4,-1,market,0.0,15,1,4,12,17165.0
629540,629541,629541,629541,closed,stop,21556.75,21560.75,21556.5,21561.0,21560.75,21544.75,-4.0,-4.5,-5.0,-100.0,10.0,0.5,1.0,1.0,4.75,2024-10-11 08:50:00+00:00,2024-10-11 08:50:00+00:00,2024-10-11 08:51:00+00:00,2024-10-11 09:05:00+00:00,trajectory_1163dafd9e9d_13_47316a2592d4,-1,market,0.0,15,1,4,12,17065.0
629817,629818,629821,629821,closed,target,21546.5,21534.5,21546.25,21534.75,21550.5,21534.5,12.0,11.5,11.0,220.0,10.0,0.5,4.0,4.0,2.75,2024-10-11 13:27:00+00:00,2024-10-11 13:27:00+00:00,2024-10-11 13:31:00+00:00,2024-10-11 13:42:00+00:00,trajectory_1163dafd9e9d_13_47316a2592d4,-1,market,0.0,15,1,4,12,17285.0
629821,629822,629822,629822,closed,stop,21523.0,21527.0,21522.75,21527.25,21527.0,21511.0,-4.0,-4.5,-5.0,-100.0,10.0,0.5,1.0,1.0,17.75,2024-10-11 13:31:00+00:00,2024-10-11 13:31:00+00:00,2024-10-11 13:32:00+00:00,2024-10-11 13:46:00+00:00,trajectory_1163dafd9e9d_13_47316a2592d4,-1,market,0.0,15,1,4,12,17185.0
629898,629899,629899,629899,closed,target,21617.75,21605.75,21617.5,21606.0,21621.75,21605.75,12.0,11.5,11.0,220.0,10.0,0.5,1.0,1.0,1.25,2024-10-11 14:48:00+00:00,2024-10-11 14:48:00+00:00,2024-10-11 14:49:00+00:00,2024-10-11 15:03:00+00:00,trajectory_1163dafd9e9d_13_47316a2592d4,-1,market,0.0,15,1,4,12,17405.0
630129,630130,630130,630130,closed,stop,21625.25,21629.25,21625.0,21629.5,21629.25,21613.25,-4.0,-4.5,-5.0,-100.0,10.0,0.5,1.0,1.0,18.25,2024-10-11 18:39:00+00:00,2024-10-11 18:39:00+00:00,2024-10-11 18:40:00+00:00,2024-10-11 18:54:00+00:00,trajectory_1163dafd9e9d_13_47316a2592d4,-1,market,0.0,15,1,4,12,17305.0
630440,630441,630443,630443,closed,stop,21603.5,21607.5,21603.25,21607.75,21607.5,21591.5,-4.0,-4.5,-5.0,-100.0,10.0,0.5,3.0,3.0,5.0,2024-10-14 01:05:00+00:00,2024-10-14 01:05:00+00:00,2024-10-14 01:08:00+00:00,2024-10-14 01:20:00+00:00,trajectory_1163dafd9e9d_13_47316a2592d4,-1,market,0.0,15,1,4,12,17205.0
631787,631788,631788,631788,closed,target,21804.0,21792.0,21803.75,21792.25,21808.0,21792.0,12.0,11.5,11.0,220.0,10.0,0.5,1.0,1.0,0.5,2024-10-15 00:47:00+00:00,2024-10-15 00:47:00+00:00,2024-10-15 00:48:00+00:00,2024-10-15 01:02:00+00:00,trajectory_1163dafd9e9d_13_47316a2592d4,-1,market,0.0,15,1,4,12,17425.0
631788,631789,631789,631789,closed,stop,21799.5,21803.5,21799.25,21803.75,21803.5,21787.5,-4.0,-4.5,-5.0,-100.0,10.0,0.5,1.0,1.0,8.25,2024-10-15 00:48:00+00:00,2024-10-15 00:48:00+00:00,2024-10-15 00:49:00+00:00,2024-10-15 01:03:00+00:00,trajectory_1163dafd9e9d_13_47316a2592d4,-1,market,0.0,15,1,4,12,17325.0
632071,632072,632086,632086,closed,timeout,21814.75,21813.5,21814.5,21813.75,21818.75,21802.75,1.25,0.75,0.25,5.0,10.0,0.5,15.0,15.0,3.5,2024-10-15 05:31:00+00:00,2024-10-15 05:31:00+00:00,2024-10-15 05:46:00+00:00,2024-10-15 05:46:00+00:00,trajectory_1163dafd9e9d_13_47316a2592d4,-1,market,0.0,15,1,4,12,17330.0
632549,632550,632551,632551,closed,target,21831.5,21819.5,21831.25,21819.75,21835.5,21819.5,12.0,11.5,11.0,220.0,10.0,0.5,2.0,2.0,3.5,2024-10-15 13:29:00+00:00,2024-10-15 13:29:00+00:00,2024-10-15 13:31:00+00:00,2024-10-15 13:44:00+00:00,trajectory_1163dafd9e9d_13_47316a2592d4,-1,market,0.0,15,1,4,12,17550.0
632551,632552,632552,632552,closed,stop,21818.0,21822.0,21817.75,21822.25,21822.0,21806.0,-4.0,-4.5,-5.0,-100.0,10.0,0.5,1.0,1.0,7.25,2024-10-15 13:31:00+00:00,2024-10-15 13:31:00+00:00,2024-10-15 13:32:00+00:00,2024-10-15 13:46:00+00:00,trajectory_1163dafd9e9d_13_47316a2592d4,-1,market,0.0,15,1,4,12,17450.0
632611,632612,632612,632612,closed,stop,21679.5,21683.5,21679.25,21683.75,21683.5,21667.5,-4.0,-4.5,-5.0,-100.0,10.0,0.5,1.0,1.0,9.75,2024-10-15 14:31:00+00:00,2024-10-15 14:31:00+00:00,2024-10-15 14:32:00+00:00,2024-10-15 14:46:00+00:00,trajectory_1163dafd9e9d_13_47316a2592d4,-1,market,0.0,15,1,4,12,17350.0
633414,633415,633419,633419,closed,stop,21577.5,21581.5,21577.25,21581.75,21581.5,21565.5,-4.0,-4.5,-5.0,-100.0,10.0,0.5,5.0,5.0,4.25,2024-10-16 05:09:00+00:00,2024-10-16 05:09:00+00:00,2024-10-16 05:14:00+00:00,2024-10-16 05:24:00+00:00,trajectory_1163dafd9e9d_13_47316a2592d4,-1,market,0.0,15,1,4,12,17250.0
633526,633527,633527,633527,closed,stop,21568.0,21572.0,21567.75,21572.25,21572.0,21556.0,-4.0,-4.5,-5.0,-100.0,10.0,0.5,1.0,1.0,5.75,2024-10-16 07:01:00+00:00,2024-10-16 07:01:00+00:00,2024-10-16 07:02:00+00:00,2024-10-16 07:16:00+00:00,trajectory_1163dafd9e9d_13_47316a2592d4,-1,market,0.0,15,1,4,12,17150.0
633528,633529,633529,633529,closed,stop,21557.5,21561.5,21557.25,21561.75,21561.5,21545.5,-4.0,-4.5,-5.0,-100.0,10.0,0.5,1.0,1.0,4.75,2024-10-16 07:03:00+00:00,2024-10-16 07:03:00+00:00,2024-10-16 07:04:00+00:00,2024-10-16 07:18:00+00:00,trajectory_1163dafd9e9d_13_47316a2592d4,-1,market,0.0,15,1,4,12,17050.0
633917,633918,633918,633918,closed,stop,21502.5,21506.5,21502.25,21506.75,21506.5,21490.5,-4.0,-4.5,-5.0,-100.0,10.0,0.5,1.0,1.0,26.75,2024-10-16 13:32:00+00:00,2024-10-16 13:32:00+00:00,2024-10-16 13:33:00+00:00,2024-10-16 13:47:00+00:00,trajectory_1163dafd9e9d_13_47316a2592d4,-1,market,0.0,15,1,4,12,16950.0
634414,634415,634429,634429,closed,timeout,21522.25,21519.5,21522.0,21519.75,21526.25,21510.25,2.75,2.25,1.75,35.0,10.0,0.5,15.0,15.0,1.75,2024-10-16 23:04:00+00:00,2024-10-16 23:04:00+00:00,2024-10-16 23:19:00+00:00,2024-10-16 23:19:00+00:00,trajectory_1163dafd9e9d_13_47316a2592d4,-1,market,0.0,15,1,4,12,16985.0
634445,634446,634456,634456,closed,stop,21512.25,21516.25,21512.0,21516.5,21516.25,21500.25,-4.0,-4.5,-5.0,-100.0,10.0,0.5,11.0,11.0,6.5,2024-10-16 23:35:00+00:00,2024-10-16 23:35:00+00:00,2024-10-16 23:46:00+00:00,2024-10-16 23:50:00+00:00,trajectory_1163dafd9e9d_13_47316a2592d4,-1,market,0.0,15,1,4,12,16885.0
634472,634473,634475,634475,closed,stop,21504.25,21508.25,21504.0,21508.5,21508.25,21492.25,-4.0,-4.5,-5.0,-100.0,10.0,0.5,3.0,3.0,5.5,2024-10-17 00:02:00+00:00,2024-10-17 00:02:00+00:00,2024-10-17 00:05:00+00:00,2024-10-17 00:17:00+00:00,trajectory_1163dafd9e9d_13_47316a2592d4,-1,market,0.0,15,1,4,12,16785.0
634483,634484,634484,634484,closed,stop,21482.5,21486.5,21482.25,21486.75,21486.5,21470.5,-4.0,-4.5,-5.0,-100.0,10.0,0.5,1.0,1.0,10.5,2024-10-17 00:13:00+00:00,2024-10-17 00:13:00+00:00,2024-10-17 00:14:00+00:00,2024-10-17 00:28:00+00:00,trajectory_1163dafd9e9d_13_47316a2592d4,-1,market,0.0,15,1,4,12,16685.0
634630,634631,634632,634632,closed,stop,21488.25,21492.25,21488.0,21492.5,21492.25,21476.25,-4.0,-4.5,-5.0,-100.0,10.0,0.5,2.0,2.0,6.0,2024-10-17 02:41:00+00:00,2024-10-17 02:41:00+00:00,2024-10-17 02:43:00+00:00,2024-10-17 02:56:00+00:00,trajectory_1163dafd9e9d_13_47316a2592d4,-1,market,0.0,15,1,4,12,16585.0
635216,635217,635217,635217,closed,stop,21710.5,21714.5,21710.25,21714.75,21714.5,21698.5,-4.0,-4.5,-5.0,-100.0,10.0,0.5,1.0,1.0,8.25,2024-10-17 12:27:00+00:00,2024-10-17 12:27:00+00:00,2024-10-17 12:28:00+00:00,2024-10-17 12:42:00+00:00,trajectory_1163dafd9e9d_13_47316a2592d4,-1,market,0.0,15,1,4,12,16485.0
635280,635281,635281,635281,closed,stop,21746.5,21750.5,21746.25,21750.75,21750.5,21734.5,-4.0,-4.5,-5.0,-100.0,10.0,0.5,1.0,1.0,10.75,2024-10-17 13:31:00+00:00,2024-10-17 13:31:00+00:00,2024-10-17 13:32:00+00:00,2024-10-17 13:46:00+00:00,trajectory_1163dafd9e9d_13_47316a2592d4,-1,market,0.0,15,1,4,12,16385.0
635283,635284,635284,635284,closed,target,21706.5,21694.5,21706.25,21694.75,21710.5,21694.5,12.0,11.5,11.0,220.0,10.0,0.5,1.0,1.0,1.0,2024-10-17 13:34:00+00:00,2024-10-17 13:34:00+00:00,2024-10-17 13:35:00+00:00,2024-10-17 13:49:00+00:00,trajectory_1163dafd9e9d_13_47316a2592d4,-1,market,0.0,15,1,4,12,16605.0
635284,635285,635285,635285,closed,target,21679.0,21667.0,21678.75,21667.25,21683.0,21667.0,12.0,11.5,11.0,220.0,10.0,0.5,1.0,1.0,0.25,2024-10-17 13:35:00+00:00,2024-10-17 13:35:00+00:00,2024-10-17 13:36:00+00:00,2024-10-17 13:50:00+00:00,trajectory_1163dafd9e9d_13_47316a2592d4,-1,market,0.0,15,1,4,12,16825.0
635285,635286,635286,635286,closed,target,21640.0,21628.0,21639.75,21628.25,21644.0,21628.0,12.0,11.5,11.0,220.0,10.0,0.5,1.0,1.0,2.75,2024-10-17 13:36:00+00:00,2024-10-17 13:36:00+00:00,2024-10-17 13:37:00+00:00,2024-10-17 13:51:00+00:00,trajectory_1163dafd9e9d_13_47316a2592d4,-1,market,0.0,15,1,4,12,17045.0
635311,635312,635312,635312,closed,stop,21584.75,21588.75,21584.5,21589.0,21588.75,21572.75,-4.0,-4.5,-5.0,-100.0,10.0,0.5,1.0,1.0,5.25,2024-10-17 14:02:00+00:00,2024-10-17 14:02:00+00:00,2024-10-17 14:03:00+00:00,2024-10-17 14:17:00+00:00,trajectory_1163dafd9e9d_13_47316a2592d4,-1,market,0.0,15,1,4,12,16945.0
635463,635464,635464,635464,closed,stop,21647.5,21651.5,21647.25,21651.75,21651.5,21635.5,-4.0,-4.5,-5.0,-100.0,10.0,0.5,1.0,1.0,10.75,2024-10-17 16:34:00+00:00,2024-10-17 16:34:00+00:00,2024-10-17 16:35:00+00:00,2024-10-17 16:49:00+00:00,trajectory_1163dafd9e9d_13_47316a2592d4,-1,market,0.0,15,1,4,12,16845.0
635862,635863,635863,635863,closed,target,21544.5,21532.5,21544.25,21532.75,21548.5,21532.5,12.0,11.5,11.0,220.0,10.0,0.5,1.0,1.0,1.25,2024-10-18 00:28:00+00:00,2024-10-18 00:28:00+00:00,2024-10-18 00:29:00+00:00,2024-10-18 00:43:00+00:00,trajectory_1163dafd9e9d_13_47316a2592d4,-1,market,0.0,15,1,4,12,17065.0
636069,636070,636072,636072,closed,stop,21555.25,21559.25,21555.0,21559.5,21559.25,21543.25,-4.0,-4.5,-5.0,-100.0,10.0,0.5,3.0,3.0,7.25,2024-10-18 03:55:00+00:00,2024-10-18 03:55:00+00:00,2024-10-18 03:58:00+00:00,2024-10-18 04:10:00+00:00,trajectory_1163dafd9e9d_13_47316a2592d4,-1,market,0.0,15,1,4,12,16965.0
636131,636132,636133,636133,closed,stop,21567.0,21571.0,21566.75,21571.25,21571.0,21555.0,-4.0,-4.5,-5.0,-100.0,10.0,0.5,2.0,2.0,4.5,2024-10-18 04:57:00+00:00,2024-10-18 04:57:00+00:00,2024-10-18 04:59:00+00:00,2024-10-18 05:12:00+00:00,trajectory_1163dafd9e9d_13_47316a2592d4,-1,market,0.0,15,1,4,12,16865.0
636640,636641,636642,636642,closed,stop,21666.0,21670.0,21665.75,21670.25,21670.0,21654.0,-4.0,-4.5,-5.0,-100.0,10.0,0.5,2.0,2.0,25.0,2024-10-18 13:26:00+00:00,2024-10-18 13:26:00+00:00,2024-10-18 13:28:00+00:00,2024-10-18 13:41:00+00:00,trajectory_1163dafd9e9d_13_47316a2592d4,-1,market,0.0,15,1,4,12,16765.0
637187,637188,637191,637191,closed,stop,21705.5,21709.5,21705.25,21709.75,21709.5,21693.5,-4.0,-4.5,-5.0,-100.0,10.0,0.5,4.0,4.0,4.5,2024-10-20 23:48:00+00:00,2024-10-20 23:48:00+00:00,2024-10-20 23:52:00+00:00,2024-10-21 00:03:00+00:00,trajectory_1163dafd9e9d_13_47316a2592d4,-1,market,0.0,15,1,4,12,16665.0
637362,637363,637370,637370,closed,target,21695.25,21683.25,21695.0,21683.5,21699.25,21683.25,12.0,11.5,11.0,220.0,10.0,0.5,8.0,8.0,0.25,2024-10-21 02:43:00+00:00,2024-10-21 02:43:00+00:00,2024-10-21 02:51:00+00:00,2024-10-21 02:58:00+00:00,trajectory_1163dafd9e9d_13_47316a2592d4,-1,market,0.0,15,1,4,12,16885.0
637595,637596,637602,637602,closed,target,21642.75,21630.75,21642.5,21631.0,21646.75,21630.75,12.0,11.5,11.0,220.0,10.0,0.5,7.0,7.0,4.0,2024-10-21 06:36:00+00:00,2024-10-21 06:36:00+00:00,2024-10-21 06:43:00+00:00,2024-10-21 06:51:00+00:00,trajectory_1163dafd9e9d_13_47316a2592d4,-1,market,0.0,15,1,4,12,17105.0
637768,637769,637769,637769,closed,stop,21612.25,21616.25,21612.0,21616.5,21616.25,21600.25,-4.0,-4.5,-5.0,-100.0,10.0,0.5,1.0,1.0,9.75,2024-10-21 09:29:00+00:00,2024-10-21 09:29:00+00:00,2024-10-21 09:30:00+00:00,2024-10-21 09:44:00+00:00,trajectory_1163dafd9e9d_13_47316a2592d4,-1,market,0.0,15,1,4,12,17005.0
637771,637772,637773,637773,closed,stop,21599.25,21603.25,21599.0,21603.5,21603.25,21587.25,-4.0,-4.5,-5.0,-100.0,10.0,0.5,2.0,2.0,8.0,2024-10-21 09:32:00+00:00,2024-10-21 09:32:00+00:00,2024-10-21 09:34:00+00:00,2024-10-21 09:47:00+00:00,trajectory_1163dafd9e9d_13_47316a2592d4,-1,market,0.0,15,1,4,12,16905.0
637844,637845,637845,637845,closed,target,21596.5,21584.5,21596.25,21584.75,21600.5,21584.5,12.0,11.5,11.0,220.0,10.0,0.5,1.0,1.0,1.25,2024-10-21 10:45:00+00:00,2024-10-21 10:45:00+00:00,2024-10-21 10:46:00+00:00,2024-10-21 11:00:00+00:00,trajectory_1163dafd9e9d_13_47316a2592d4,-1,market,0.0,15,1,4,12,17125.0
637845,637846,637848,637848,closed,stop,21583.5,21587.5,21583.25,21587.75,21587.5,21571.5,-4.0,-4.5,-5.0,-100.0,10.0,0.5,3.0,3.0,6.0,2024-10-21 10:46:00+00:00,2024-10-21 10:46:00+00:00,2024-10-21 10:49:00+00:00,2024-10-21 11:01:00+00:00,trajectory_1163dafd9e9d_13_47316a2592d4,-1,market,0.0,15,1,4,12,17025.0
638085,638086,638086,638086,closed,stop,21596.0,21600.0,21595.75,21600.25,21600.0,21584.0,-4.0,-4.5,-5.0,-100.0,10.0,0.5,1.0,1.0,20.0,2024-10-21 14:46:00+00:00,2024-10-21 14:46:00+00:00,2024-10-21 14:47:00+00:00,2024-10-21 15:01:00+00:00,trajectory_1163dafd9e9d_13_47316a2592d4,-1,market,0.0,15,1,4,12,16925.0
638565,638566,638573,638573,closed,target,21706.0,21694.0,21705.75,21694.25,21710.0,21694.0,12.0,11.5,11.0,220.0,10.0,0.5,8.0,8.0,3.75,2024-10-22 00:01:00+00:00,2024-10-22 00:01:00+00:00,2024-10-22 00:09:00+00:00,2024-10-22 00:16:00+00:00,trajectory_1163dafd9e9d_13_47316a2592d4,-1,market,0.0,15,1,4,12,17145.0
638581,638582,638582,638582,closed,stop,21682.25,21686.25,21682.0,21686.5,21686.25,21670.25,-4.0,-4.5,-5.0,-100.0,10.0,0.5,1.0,1.0,4.5,2024-10-22 00:17:00+00:00,2024-10-22 00:17:00+00:00,2024-10-22 00:18:00+00:00,2024-10-22 00:32:00+00:00,trajectory_1163dafd9e9d_13_47316a2592d4,-1,market,0.0,15,1,4,12,17045.0
638914,638915,638915,638915,closed,stop,21648.0,21652.0,21647.75,21652.25,21652.0,21636.0,-4.0,-4.5,-5.0,-100.0,10.0,0.5,1.0,1.0,4.5,2024-10-22 05:51:00+00:00,2024-10-22 05:51:00+00:00,2024-10-22 05:52:00+00:00,2024-10-22 06:06:00+00:00,trajectory_1163dafd9e9d_13_47316a2592d4,-1,market,0.0,15,1,4,12,16945.0
638967,638968,638974,638974,closed,stop,21639.0,21643.0,21638.75,21643.25,21643.0,21627.0,-4.0,-4.5,-5.0,-100.0,10.0,0.5,7.0,7.0,5.5,2024-10-22 06:44:00+00:00,2024-10-22 06:44:00+00:00,2024-10-22 06:51:00+00:00,2024-10-22 06:59:00+00:00,trajectory_1163dafd9e9d_13_47316a2592d4,-1,market,0.0,15,1,4,12,16845.0
639076,639077,639078,639078,closed,stop,21639.0,21643.0,21638.75,21643.25,21643.0,21627.0,-4.0,-4.5,-5.0,-100.0,10.0,0.5,2.0,2.0,4.5,2024-10-22 08:33:00+00:00,2024-10-22 08:33:00+00:00,2024-10-22 08:35:00+00:00,2024-10-22 08:48:00+00:00,trajectory_1163dafd9e9d_13_47316a2592d4,-1,market,0.0,15,1,4,12,16745.0
639549,639550,639550,639550,closed,stop,21635.5,21639.5,21635.25,21639.75,21639.5,21623.5,-4.0,-4.5,-5.0,-100.0,10.0,0.5,1.0,1.0,4.75,2024-10-22 16:26:00+00:00,2024-10-22 16:26:00+00:00,2024-10-22 16:27:00+00:00,2024-10-22 16:41:00+00:00,trajectory_1163dafd9e9d_13_47316a2592d4,-1,market,0.0,15,1,4,12,16645.0
640139,640140,640154,640154,closed,timeout,21712.25,21708.75,21712.0,21709.0,21716.25,21700.25,3.5,3.0,2.5,50.0,10.0,0.5,15.0,15.0,3.25,2024-10-23 03:31:00+00:00,2024-10-23 03:31:00+00:00,2024-10-23 03:46:00+00:00,2024-10-23 03:46:00+00:00,trajectory_1163dafd9e9d_13_47316a2592d4,-1,market,0.0,15,1,4,12,16695.0
640453,640454,640454,640454,closed,stop,21690.25,21694.25,21690.0,21694.5,21694.25,21678.25,-4.0,-4.5,-5.0,-100.0,10.0,0.5,1.0,1.0,5.0,2024-10-23 08:45:00+00:00,2024-10-23 08:45:00+00:00,2024-10-23 08:46:00+00:00,2024-10-23 09:00:00+00:00,trajectory_1163dafd9e9d_13_47316a2592d4,-1,market,0.0,15,1,4,12,16595.0
640842,640843,640843,640843,closed,stop,21528.25,21532.25,21528.0,21532.5,21532.25,21516.25,-4.0,-4.5,-5.0,-100.0,10.0,0.5,1.0,1.0,8.0,2024-10-23 15:14:00+00:00,2024-10-23 15:14:00+00:00,2024-10-23 15:15:00+00:00,2024-10-23 15:29:00+00:00,trajectory_1163dafd9e9d_13_47316a2592d4,-1,market,0.0,15,1,4,12,16495.0
642104,642105,642105,642105,closed,stop,21538.0,21542.0,21537.75,21542.25,21542.0,21526.0,-4.0,-4.5,-5.0,-100.0,10.0,0.5,1.0,1.0,12.5,2024-10-24 13:31:00+00:00,2024-10-24 13:31:00+00:00,2024-10-24 13:32:00+00:00,2024-10-24 13:46:00+00:00,trajectory_1163dafd9e9d_13_47316a2592d4,-1,market,0.0,15,1,4,12,16395.0
642105,642106,642106,642106,closed,stop,21513.0,21517.0,21512.75,21517.25,21517.0,21501.0,-4.0,-4.5,-5.0,-100.0,10.0,0.5,1.0,1.0,13.25,2024-10-24 13:32:00+00:00,2024-10-24 13:32:00+00:00,2024-10-24 13:33:00+00:00,2024-10-24 13:47:00+00:00,trajectory_1163dafd9e9d_13_47316a2592d4,-1,market,0.0,15,1,4,12,16295.0
642241,642242,642242,642242,closed,stop,21489.25,21493.25,21489.0,21493.5,21493.25,21477.25,-4.0,-4.5,-5.0,-100.0,10.0,0.5,1.0,1.0,6.75,2024-10-24 15:48:00+00:00,2024-10-24 15:48:00+00:00,2024-10-24 15:49:00+00:00,2024-10-24 16:03:00+00:00,trajectory_1163dafd9e9d_13_47316a2592d4,-1,market,0.0,15,1,4,12,16195.0
642608,642609,642613,642613,closed,stop,21566.25,21570.25,21566.0,21570.5,21570.25,21554.25,-4.0,-4.5,-5.0,-100.0,10.0,0.5,5.0,5.0,5.0,2024-10-24 23:10:00+00:00,2024-10-24 23:10:00+00:00,2024-10-24 23:15:00+00:00,2024-10-24 23:25:00+00:00,trajectory_1163dafd9e9d_13_47316a2592d4,-1,market,0.0,15,1,4,12,16095.0
642629,642630,642630,642630,closed,stop,21563.75,21567.75,21563.5,21568.0,21567.75,21551.75,-4.0,-4.5,-5.0,-100.0,10.0,0.5,1.0,1.0,5.25,2024-10-24 23:31:00+00:00,2024-10-24 23:31:00+00:00,2024-10-24 23:32:00+00:00,2024-10-24 23:46:00+00:00,trajectory_1163dafd9e9d_13_47316a2592d4,-1,market,0.0,15,1,4,12,15995.0
643320,643321,643335,643335,closed,stop,21617.25,21621.25,21617.0,21621.5,21621.25,21605.25,-4.0,-4.5,-5.0,-100.0,10.0,0.5,15.0,15.0,4.75,2024-10-25 11:02:00+00:00,2024-10-25 11:02:00+00:00,2024-10-25 11:17:00+00:00,2024-10-25 11:17:00+00:00,trajectory_1163dafd9e9d_13_47316a2592d4,-1,market,0.0,15,1,4,12,15895.0
643700,643701,643701,643701,closed,stop,21758.0,21762.0,21757.75,21762.25,21762.0,21746.0,-4.0,-4.5,-5.0,-100.0,10.0,0.5,1.0,1.0,12.75,2024-10-25 17:22:00+00:00,2024-10-25 17:22:00+00:00,2024-10-25 17:23:00+00:00,2024-10-25 17:37:00+00:00,trajectory_1163dafd9e9d_13_47316a2592d4,-1,market,0.0,15,1,4,12,15795.0
644834,644835,644835,644835,closed,stop,21782.75,21786.75,21782.5,21787.0,21786.75,21770.75,-4.0,-4.5,-5.0,-100.0,10.0,0.5,1.0,1.0,9.5,2024-10-28 13:31:00+00:00,2024-10-28 13:31:00+00:00,2024-10-28 13:32:00+00:00,2024-10-28 13:46:00+00:00,trajectory_1163dafd9e9d_13_47316a2592d4,-1,market,0.0,15,1,4,12,15695.0
644835,644836,644836,644836,closed,stop,21763.25,21767.25,21763.0,21767.5,21767.25,21751.25,-4.0,-4.5,-5.0,-100.0,10.0,0.5,1.0,1.0,33.75,2024-10-28 13:32:00+00:00,2024-10-28 13:32:00+00:00,2024-10-28 13:33:00+00:00,2024-10-28 13:47:00+00:00,trajectory_1163dafd9e9d_13_47316a2592d4,-1,market,0.0,15,1,4,12,15595.0
644924,644925,644925,644925,closed,stop,21750.5,21754.5,21750.25,21754.75,21754.5,21738.5,-4.0,-4.5,-5.0,-100.0,10.0,0.5,1.0,1.0,11.25,2024-10-28 15:01:00+00:00,2024-10-28 15:01:00+00:00,2024-10-28 15:02:00+00:00,2024-10-28 15:16:00+00:00,trajectory_1163dafd9e9d_13_47316a2592d4,-1,market,0.0,15,1,4,12,15495.0
645219,645220,645220,645220,closed,stop,21687.0,21691.0,21686.75,21691.25,21691.0,21675.0,-4.0,-4.5,-5.0,-100.0,10.0,0.5,1.0,1.0,6.5,2024-10-28 19:56:00+00:00,2024-10-28 19:56:00+00:00,2024-10-28 19:57:00+00:00,2024-10-28 20:11:00+00:00,trajectory_1163dafd9e9d_13_47316a2592d4,-1,market,0.0,15,1,4,12,15395.0
645378,645379,645379,645379,closed,stop,21694.0,21698.0,21693.75,21698.25,21698.0,21682.0,-4.0,-4.5,-5.0,-100.0,10.0,0.5,1.0,1.0,7.75,2024-10-28 23:50:00+00:00,2024-10-28 23:50:00+00:00,2024-10-28 23:51:00+00:00,2024-10-29 00:05:00+00:00,trajectory_1163dafd9e9d_13_47316a2592d4,-1,market,0.0,15,1,4,12,15295.0
645395,645396,645396,645396,closed,stop,21692.25,21696.25,21692.0,21696.5,21696.25,21680.25,-4.0,-4.5,-5.0,-100.0,10.0,0.5,1.0,1.0,4.5,2024-10-29 00:07:00+00:00,2024-10-29 00:07:00+00:00,2024-10-29 00:08:00+00:00,2024-10-29 00:22:00+00:00,trajectory_1163dafd9e9d_13_47316a2592d4,-1,market,0.0,15,1,4,12,15195.0
645397,645398,645401,645401,closed,stop,21683.5,21687.5,21683.25,21687.75,21687.5,21671.5,-4.0,-4.5,-5.0,-100.0,10.0,0.5,4.0,4.0,6.75,2024-10-29 00:09:00+00:00,2024-10-29 00:09:00+00:00,2024-10-29 00:13:00+00:00,2024-10-29 00:24:00+00:00,trajectory_1163dafd9e9d_13_47316a2592d4,-1,market,0.0,15,1,4,12,15095.0
645541,645542,645542,645542,closed,stop,21688.75,21692.75,21688.5,21693.0,21692.75,21676.75,-4.0,-4.5,-5.0,-100.0,10.0,0.5,1.0,1.0,4.25,2024-10-29 02:33:00+00:00,2024-10-29 02:33:00+00:00,2024-10-29 02:34:00+00:00,2024-10-29 02:48:00+00:00,trajectory_1163dafd9e9d_13_47316a2592d4,-1,market,0.0,15,1,4,12,14995.0
645615,645616,645619,645619,closed,stop,21682.5,21686.5,21682.25,21686.75,21686.5,21670.5,-4.0,-4.5,-5.0,-100.0,10.0,0.5,4.0,4.0,5.0,2024-10-29 03:47:00+00:00,2024-10-29 03:47:00+00:00,2024-10-29 03:51:00+00:00,2024-10-29 04:02:00+00:00,trajectory_1163dafd9e9d_13_47316a2592d4,-1,market,0.0,15,1,4,12,14895.0
645623,645624,645629,645629,closed,target,21664.0,21652.0,21663.75,21652.25,21668.0,21652.0,12.0,11.5,11.0,220.0,10.0,0.5,6.0,6.0,3.75,2024-10-29 03:55:00+00:00,2024-10-29 03:55:00+00:00,2024-10-29 04:01:00+00:00,2024-10-29 04:10:00+00:00,trajectory_1163dafd9e9d_13_47316a2592d4,-1,market,0.0,15,1,4,12,15115.0
646049,646050,646050,646050,closed,stop,21696.5,21700.5,21696.25,21700.75,21700.5,21684.5,-4.0,-4.5,-5.0,-100.0,10.0,0.5,1.0,1.0,10.0,2024-10-29 11:01:00+00:00,2024-10-29 11:01:00+00:00,2024-10-29 11:02:00+00:00,2024-10-29 11:16:00+00:00,trajectory_1163dafd9e9d_13_47316a2592d4,-1,market,0.0,15,1,4,12,15015.0
646119,646120,646121,646121,closed,stop,21668.75,21672.75,21668.5,21673.0,21672.75,21656.75,-4.0,-4.5,-5.0,-100.0,10.0,0.5,2.0,2.0,9.25,2024-10-29 12:11:00+00:00,2024-10-29 12:11:00+00:00,2024-10-29 12:13:00+00:00,2024-10-29 12:26:00+00:00,trajectory_1163dafd9e9d_13_47316a2592d4,-1,market,0.0,15,1,4,12,14915.0
646201,646202,646202,646202,closed,target,21653.5,21641.5,21653.25,21641.75,21657.5,21641.5,12.0,11.5,11.0,220.0,10.0,0.5,1.0,1.0,2.0,2024-10-29 13:33:00+00:00,2024-10-29 13:33:00+00:00,2024-10-29 13:34:00+00:00,2024-10-29 13:48:00+00:00,trajectory_1163dafd9e9d_13_47316a2592d4,-1,market,0.0,15,1,4,12,15135.0
646911,646912,646916,646916,closed,stop,21957.0,21961.0,21956.75,21961.25,21961.0,21945.0,-4.0,-4.5,-5.0,-100.0,10.0,0.5,5.0,5.0,4.75,2024-10-30 02:38:00+00:00,2024-10-30 02:38:00+00:00,2024-10-30 02:43:00+00:00,2024-10-30 02:53:00+00:00,trajectory_1163dafd9e9d_13_47316a2592d4,-1,market,0.0,15,1,4,12,15035.0
647103,647104,647109,647109,closed,stop,21905.75,21909.75,21905.5,21910.0,21909.75,21893.75,-4.0,-4.5,-5.0,-100.0,10.0,0.5,6.0,6.0,5.25,2024-10-30 05:50:00+00:00,2024-10-30 05:50:00+00:00,2024-10-30 05:56:00+00:00,2024-10-30 06:05:00+00:00,trajectory_1163dafd9e9d_13_47316a2592d4,-1,market,0.0,15,1,4,12,14935.0
647460,647461,647472,647472,closed,target,21923.0,21911.0,21922.75,21911.25,21927.0,21911.0,12.0,11.5,11.0,220.0,10.0,0.5,12.0,12.0,3.75,2024-10-30 11:47:00+00:00,2024-10-30 11:47:00+00:00,2024-10-30 11:59:00+00:00,2024-10-30 12:02:00+00:00,trajectory_1163dafd9e9d_13_47316a2592d4,-1,market,0.0,15,1,4,12,15155.0
647564,647565,647565,647565,closed,stop,21833.5,21837.5,21833.25,21837.75,21837.5,21821.5,-4.0,-4.5,-5.0,-100.0,10.0,0.5,1.0,1.0,34.0,2024-10-30 13:31:00+00:00,2024-10-30 13:31:00+00:00,2024-10-30 13:32:00+00:00,2024-10-30 13:46:00+00:00,trajectory_1163dafd9e9d_13_47316a2592d4,-1,market,0.0,15,1,4,12,15055.0
647949,647950,647950,647950,closed,stop,21719.25,21723.25,21719.0,21723.5,21723.25,21707.25,-4.0,-4.5,-5.0,-100.0,10.0,0.5,1.0,1.0,20.25,2024-10-30 19:56:00+00:00,2024-10-30 19:56:00+00:00,2024-10-30 19:57:00+00:00,2024-10-30 20:11:00+00:00,trajectory_1163dafd9e9d_13_47316a2592d4,-1,market,0.0,15,1,4,12,14955.0
648119,648120,648126,648126,closed,target,21613.5,21601.5,21613.25,21601.75,21617.5,21601.5,12.0,11.5,11.0,220.0,10.0,0.5,7.0,7.0,3.0,2024-10-31 00:01:00+00:00,2024-10-31 00:01:00+00:00,2024-10-31 00:08:00+00:00,2024-10-31 00:16:00+00:00,trajectory_1163dafd9e9d_13_47316a2592d4,-1,market,0.0,15,1,4,12,15175.0
648260,648261,648262,648262,closed,stop,21628.5,21632.5,21628.25,21632.75,21632.5,21616.5,-4.0,-4.5,-5.0,-100.0,10.0,0.5,2.0,2.0,7.75,2024-10-31 02:22:00+00:00,2024-10-31 02:22:00+00:00,2024-10-31 02:24:00+00:00,2024-10-31 02:37:00+00:00,trajectory_1163dafd9e9d_13_47316a2592d4,-1,market,0.0,15,1,4,12,15075.0
648386,648387,648389,648389,closed,stop,21607.75,21611.75,21607.5,21612.0,21611.75,21595.75,-4.0,-4.5,-5.0,-100.0,10.0,0.5,3.0,3.0,4.75,2024-10-31 04:28:00+00:00,2024-10-31 04:28:00+00:00,2024-10-31 04:31:00+00:00,2024-10-31 04:43:00+00:00,trajectory_1163dafd9e9d_13_47316a2592d4,-1,market,0.0,15,1,4,12,14975.0
648550,648551,648551,648551,closed,target,21518.0,21506.0,21517.75,21506.25,21522.0,21506.0,12.0,11.5,11.0,220.0,10.0,0.5,1.0,1.0,0.25,2024-10-31 07:12:00+00:00,2024-10-31 07:12:00+00:00,2024-10-31 07:13:00+00:00,2024-10-31 07:27:00+00:00,trajectory_1163dafd9e9d_13_47316a2592d4,-1,market,0.0,15,1,4,12,15195.0
648929,648930,648930,648930,closed,stop,21531.0,21535.0,21530.75,21535.25,21535.0,21519.0,-4.0,-4.5,-5.0,-100.0,10.0,0.5,1.0,1.0,9.5,2024-10-31 13:31:00+00:00,2024-10-31 13:31:00+00:00,2024-10-31 13:32:00+00:00,2024-10-31 13:46:00+00:00,trajectory_1163dafd9e9d_13_47316a2592d4,-1,market,0.0,15,1,4,12,15095.0
648930,648931,648931,648931,closed,stop,21498.25,21502.25,21498.0,21502.5,21502.25,21486.25,-4.0,-4.5,-5.0,-100.0,10.0,0.5,1.0,1.0,4.25,2024-10-31 13:32:00+00:00,2024-10-31 13:32:00+00:00,2024-10-31 13:33:00+00:00,2024-10-31 13:47:00+00:00,trajectory_1163dafd9e9d_13_47316a2592d4,-1,market,0.0,15,1,4,12,14995.0
649313,649314,649314,649314,closed,stop,21241.25,21245.25,21241.0,21245.5,21245.25,21229.25,-4.0,-4.5,-5.0,-100.0,10.0,0.5,1.0,1.0,23.75,2024-10-31 19:55:00+00:00,2024-10-31 19:55:00+00:00,2024-10-31 19:56:00+00:00,2024-10-31 20:10:00+00:00,trajectory_1163dafd9e9d_13_47316a2592d4,-1,market,0.0,15,1,4,12,14895.0
649318,649319,649319,649319,closed,stop,21211.75,21215.75,21211.5,21216.0,21215.75,21199.75,-4.0,-4.5,-5.0,-100.0,10.0,0.5,1.0,1.0,24.0,2024-10-31 20:00:00+00:00,2024-10-31 20:00:00+00:00,2024-10-31 20:01:00+00:00,2024-10-31 20:15:00+00:00,trajectory_1163dafd9e9d_13_47316a2592d4,-1,market,0.0,15,1,4,12,14795.0
649484,649485,649485,649485,closed,stop,21253.75,21257.75,21253.5,21258.0,21257.75,21241.75,-4.0,-4.5,-5.0,-100.0,10.0,0.5,1.0,1.0,5.75,2024-11-01 00:01:00+00:00,2024-11-01 00:01:00+00:00,2024-11-01 00:02:00+00:00,2024-11-01 00:16:00+00:00,trajectory_1163dafd9e9d_13_47316a2592d4,-1,market,0.0,15,1,4,12,14695.0
649771,649772,649774,649774,closed,target,21285.25,21273.25,21285.0,21273.5,21289.25,21273.25,12.0,11.5,11.0,220.0,10.0,0.5,3.0,3.0,0.5,2024-11-01 04:48:00+00:00,2024-11-01 04:48:00+00:00,2024-11-01 04:51:00+00:00,2024-11-01 05:03:00+00:00,trajectory_1163dafd9e9d_13_47316a2592d4,-1,market,0.0,15,1,4,12,14915.0
649868,649869,649875,649875,closed,stop,21289.25,21293.25,21289.0,21293.5,21293.25,21277.25,-4.0,-4.5,-5.0,-100.0,10.0,0.5,7.0,7.0,5.75,2024-11-01 06:25:00+00:00,2024-11-01 06:25:00+00:00,2024-11-01 06:32:00+00:00,2024-11-01 06:40:00+00:00,trajectory_1163dafd9e9d_13_47316a2592d4,-1,market,0.0,15,1,4,12,14815.0
649893,649894,649894,649894,closed,stop,21275.75,21279.75,21275.5,21280.0,21279.75,21263.75,-4.0,-4.5,-5.0,-100.0,10.0,0.5,1.0,1.0,7.5,2024-11-01 06:50:00+00:00,2024-11-01 06:50:00+00:00,2024-11-01 06:51:00+00:00,2024-11-01 07:05:00+00:00,trajectory_1163dafd9e9d_13_47316a2592d4,-1,market,0.0,15,1,4,12,14715.0
649896,649897,649897,649897,closed,stop,21264.25,21268.25,21264.0,21268.5,21268.25,21252.25,-4.0,-4.5,-5.0,-100.0,10.0,0.5,1.0,1.0,4.25,2024-11-01 06:53:00+00:00,2024-11-01 06:53:00+00:00,2024-11-01 06:54:00+00:00,2024-11-01 07:08:00+00:00,trajectory_1163dafd9e9d_13_47316a2592d4,-1,market,0.0,15,1,4,12,14615.0
650234,650235,650235,650235,closed,stop,21292.75,21296.75,21292.5,21297.0,21296.75,21280.75,-4.0,-4.5,-5.0,-100.0,10.0,0.5,1.0,1.0,20.25,2024-11-01 12:31:00+00:00,2024-11-01 12:31:00+00:00,2024-11-01 12:32:00+00:00,2024-11-01 12:46:00+00:00,trajectory_1163dafd9e9d_13_47316a2592d4,-1,market,0.0,15,1,4,12,14515.0
650487,650488,650488,650488,closed,stop,21397.0,21401.0,21396.75,21401.25,21401.0,21385.0,-4.0,-4.5,-5.0,-100.0,10.0,0.5,1.0,1.0,6.5,2024-11-01 16:44:00+00:00,2024-11-01 16:44:00+00:00,2024-11-01 16:45:00+00:00,2024-11-01 16:59:00+00:00,trajectory_1163dafd9e9d_13_47316a2592d4,-1,market,0.0,15,1,4,12,14415.0
650674,650675,650675,650675,closed,stop,21329.5,21333.5,21329.25,21333.75,21333.5,21317.5,-4.0,-4.5,-5.0,-100.0,10.0,0.5,1.0,1.0,10.5,2024-11-01 19:51:00+00:00,2024-11-01 19:51:00+00:00,2024-11-01 19:52:00+00:00,2024-11-01 20:06:00+00:00,trajectory_1163dafd9e9d_13_47316a2592d4,-1,market,0.0,15,1,4,12,14315.0
651536,651537,651538,651538,closed,target,21343.5,21331.5,21343.25,21331.75,21347.5,21331.5,12.0,11.5,11.0,220.0,10.0,0.5,2.0,2.0,1.75,2024-11-04 12:28:00+00:00,2024-11-04 12:28:00+00:00,2024-11-04 12:30:00+00:00,2024-11-04 12:43:00+00:00,trajectory_1163dafd9e9d_13_47316a2592d4,-1,market,0.0,15,1,4,12,14535.0
651654,651655,651655,651655,closed,stop,21287.5,21291.5,21287.25,21291.75,21291.5,21275.5,-4.0,-4.5,-5.0,-100.0,10.0,0.5,1.0,1.0,12.75,2024-11-04 14:26:00+00:00,2024-11-04 14:26:00+00:00,2024-11-04 14:27:00+00:00,2024-11-04 14:41:00+00:00,trajectory_1163dafd9e9d_13_47316a2592d4,-1,market,0.0,15,1,4,12,14435.0
651876,651877,651877,651877,closed,stop,21286.0,21290.0,21285.75,21290.25,21290.0,21274.0,-4.0,-4.5,-5.0,-100.0,10.0,0.5,1.0,1.0,6.0,2024-11-04 18:08:00+00:00,2024-11-04 18:08:00+00:00,2024-11-04 18:09:00+00:00,2024-11-04 18:23:00+00:00,trajectory_1163dafd9e9d_13_47316a2592d4,-1,market,0.0,15,1,4,12,14335.0
652215,652216,652221,652221,closed,stop,21263.5,21267.5,21263.25,21267.75,21267.5,21251.5,-4.0,-4.5,-5.0,-100.0,10.0,0.5,6.0,6.0,7.75,2024-11-05 01:02:00+00:00,2024-11-05 01:02:00+00:00,2024-11-05 01:08:00+00:00,2024-11-05 01:17:00+00:00,trajectory_1163dafd9e9d_13_47316a2592d4,-1,market,0.0,15,1,4,12,14235.0
652991,652992,652993,652993,closed,target,21336.25,21324.25,21336.0,21324.5,21340.25,21324.25,12.0,11.5,11.0,220.0,10.0,0.5,2.0,2.0,0.75,2024-11-05 13:58:00+00:00,2024-11-05 13:58:00+00:00,2024-11-05 14:00:00+00:00,2024-11-05 14:13:00+00:00,trajectory_1163dafd9e9d_13_47316a2592d4,-1,market,0.0,15,1,4,12,14455.0
653829,653830,653830,653830,closed,stop,21685.0,21689.0,21684.75,21689.25,21689.0,21673.0,-4.0,-4.5,-5.0,-100.0,10.0,0.5,1.0,1.0,45.25,2024-11-06 05:11:00+00:00,2024-11-06 05:11:00+00:00,2024-11-06 05:12:00+00:00,2024-11-06 05:26:00+00:00,trajectory_1163dafd9e9d_13_47316a2592d4,-1,market,0.0,15,1,4,12,14355.0
655694,655695,655695,655695,closed,stop,22162.5,22166.5,22162.25,22166.75,22166.5,22150.5,-4.0,-4.5,-5.0,-100.0,10.0,0.5,1.0,1.0,4.5,2024-11-07 13:31:00+00:00,2024-11-07 13:31:00+00:00,2024-11-07 13:32:00+00:00,2024-11-07 13:46:00+00:00,trajectory_1163dafd9e9d_13_47316a2592d4,-1,market,0.0,15,1,4,12,14255.0
656489,656490,656498,656498,closed,stop,22421.0,22425.0,22420.75,22425.25,22425.0,22409.0,-4.0,-4.5,-5.0,-100.0,10.0,0.5,9.0,9.0,4.25,2024-11-08 04:01:00+00:00,2024-11-08 04:01:00+00:00,2024-11-08 04:10:00+00:00,2024-11-08 04:16:00+00:00,trajectory_1163dafd9e9d_13_47316a2592d4,-1,market,0.0,15,1,4,12,14155.0
656879,656880,656880,656880,closed,stop,22375.5,22379.5,22375.25,22379.75,22379.5,22363.5,-4.0,-4.5,-5.0,-100.0,10.0,0.5,1.0,1.0,6.75,2024-11-08 10:31:00+00:00,2024-11-08 10:31:00+00:00,2024-11-08 10:32:00+00:00,2024-11-08 10:46:00+00:00,trajectory_1163dafd9e9d_13_47316a2592d4,-1,market,0.0,15,1,4,12,14055.0
658147,658148,658154,658154,closed,stop,22487.75,22491.75,22487.5,22492.0,22491.75,22475.75,-4.0,-4.5,-5.0,-100.0,10.0,0.5,7.0,7.0,7.75,2024-11-11 08:54:00+00:00,2024-11-11 08:54:00+00:00,2024-11-11 09:01:00+00:00,2024-11-11 09:09:00+00:00,trajectory_1163dafd9e9d_13_47316a2592d4,-1,market,0.0,15,1,4,12,13955.0
658486,658487,658487,658487,closed,stop,22459.0,22463.0,22458.75,22463.25,22463.0,22447.0,-4.0,-4.5,-5.0,-100.0,10.0,0.5,1.0,1.0,31.75,2024-11-11 14:33:00+00:00,2024-11-11 14:33:00+00:00,2024-11-11 14:34:00+00:00,2024-11-11 14:48:00+00:00,trajectory_1163dafd9e9d_13_47316a2592d4,-1,market,0.0,15,1,4,12,13855.0
658694,658695,658696,658696,closed,target,22334.75,22322.75,22334.5,22323.0,22338.75,22322.75,12.0,11.5,11.0,220.0,10.0,0.5,2.0,2.0,1.75,2024-11-11 18:01:00+00:00,2024-11-11 18:01:00+00:00,2024-11-11 18:03:00+00:00,2024-11-11 18:16:00+00:00,trajectory_1163dafd9e9d_13_47316a2592d4,-1,market,0.0,15,1,4,12,14075.0
658696,658697,658697,658697,closed,stop,22316.0,22320.0,22315.75,22320.25,22320.0,22304.0,-4.0,-4.5,-5.0,-100.0,10.0,0.5,1.0,1.0,10.0,2024-11-11 18:03:00+00:00,2024-11-11 18:03:00+00:00,2024-11-11 18:04:00+00:00,2024-11-11 18:18:00+00:00,trajectory_1163dafd9e9d_13_47316a2592d4,-1,market,0.0,15,1,4,12,13975.0
659147,659148,659148,659148,closed,target,22410.75,22398.75,22410.5,22399.0,22414.75,22398.75,12.0,11.5,11.0,220.0,10.0,0.5,1.0,1.0,0.25,2024-11-12 02:49:00+00:00,2024-11-12 02:49:00+00:00,2024-11-12 02:50:00+00:00,2024-11-12 03:04:00+00:00,trajectory_1163dafd9e9d_13_47316a2592d4,-1,market,0.0,15,1,4,12,14195.0
659148,659149,659150,659150,closed,target,22402.0,22390.0,22401.75,22390.25,22406.0,22390.0,12.0,11.5,11.0,220.0,10.0,0.5,2.0,2.0,1.5,2024-11-12 02:50:00+00:00,2024-11-12 02:50:00+00:00,2024-11-12 02:52:00+00:00,2024-11-12 03:05:00+00:00,trajectory_1163dafd9e9d_13_47316a2592d4,-1,market,0.0,15,1,4,12,14415.0
659424,659425,659425,659425,closed,target,22394.25,22382.25,22394.0,22382.5,22398.25,22382.25,12.0,11.5,11.0,220.0,10.0,0.5,1.0,1.0,0.25,2024-11-12 07:26:00+00:00,2024-11-12 07:26:00+00:00,2024-11-12 07:27:00+00:00,2024-11-12 07:41:00+00:00,trajectory_1163dafd9e9d_13_47316a2592d4,-1,market,0.0,15,1,4,12,14635.0
659425,659426,659426,659426,closed,stop,22387.0,22391.0,22386.75,22391.25,22391.0,22375.0,-4.0,-4.5,-5.0,-100.0,10.0,0.5,1.0,1.0,4.75,2024-11-12 07:27:00+00:00,2024-11-12 07:27:00+00:00,2024-11-12 07:28:00+00:00,2024-11-12 07:42:00+00:00,trajectory_1163dafd9e9d_13_47316a2592d4,-1,market,0.0,15,1,4,12,14535.0
659683,659684,659684,659684,closed,stop,22374.5,22378.5,22374.25,22378.75,22378.5,22362.5,-4.0,-4.5,-5.0,-100.0,10.0,0.5,1.0,1.0,4.25,2024-11-12 11:45:00+00:00,2024-11-12 11:45:00+00:00,2024-11-12 11:46:00+00:00,2024-11-12 12:00:00+00:00,trajectory_1163dafd9e9d_13_47316a2592d4,-1,market,0.0,15,1,4,12,14435.0
660055,660056,660056,660056,closed,target,22290.25,22278.25,22290.0,22278.5,22294.25,22278.25,12.0,11.5,11.0,220.0,10.0,0.5,1.0,1.0,0.5,2024-11-12 17:57:00+00:00,2024-11-12 17:57:00+00:00,2024-11-12 17:58:00+00:00,2024-11-12 18:12:00+00:00,trajectory_1163dafd9e9d_13_47316a2592d4,-1,market,0.0,15,1,4,12,14655.0
660446,660447,660449,660449,closed,stop,22337.25,22341.25,22337.0,22341.5,22341.25,22325.25,-4.0,-4.5,-5.0,-100.0,10.0,0.5,3.0,3.0,7.0,2024-11-13 01:43:00+00:00,2024-11-13 01:43:00+00:00,2024-11-13 01:46:00+00:00,2024-11-13 01:58:00+00:00,trajectory_1163dafd9e9d_13_47316a2592d4,-1,market,0.0,15,1,4,12,14555.0
660716,660717,660720,660720,closed,target,22313.25,22301.25,22313.0,22301.5,22317.25,22301.25,12.0,11.5,11.0,220.0,10.0,0.5,4.0,4.0,1.25,2024-11-13 06:13:00+00:00,2024-11-13 06:13:00+00:00,2024-11-13 06:17:00+00:00,2024-11-13 06:28:00+00:00,trajectory_1163dafd9e9d_13_47316a2592d4,-1,market,0.0,15,1,4,12,14775.0
661594,661595,661595,661595,closed,stop,22364.5,22368.5,22364.25,22368.75,22368.5,22352.5,-4.0,-4.5,-5.0,-100.0,10.0,0.5,1.0,1.0,5.25,2024-11-13 20:51:00+00:00,2024-11-13 20:51:00+00:00,2024-11-13 20:52:00+00:00,2024-11-13 21:06:00+00:00,trajectory_1163dafd9e9d_13_47316a2592d4,-1,market,0.0,15,1,4,12,14675.0
661717,661718,661727,661727,closed,target,22356.5,22344.5,22356.25,22344.75,22360.5,22344.5,12.0,11.5,11.0,220.0,10.0,0.5,10.0,10.0,1.25,2024-11-14 00:09:00+00:00,2024-11-14 00:09:00+00:00,2024-11-14 00:19:00+00:00,2024-11-14 00:24:00+00:00,trajectory_1163dafd9e9d_13_47316a2592d4,-1,market,0.0,15,1,4,12,14895.0
661772,661773,661773,661773,closed,stop,22334.5,22338.5,22334.25,22338.75,22338.5,22322.5,-4.0,-4.5,-5.0,-100.0,10.0,0.5,1.0,1.0,5.5,2024-11-14 01:04:00+00:00,2024-11-14 01:04:00+00:00,2024-11-14 01:05:00+00:00,2024-11-14 01:19:00+00:00,trajectory_1163dafd9e9d_13_47316a2592d4,-1,market,0.0,15,1,4,12,14795.0
662023,662024,662027,662027,closed,stop,22310.25,22314.25,22310.0,22314.5,22314.25,22298.25,-4.0,-4.5,-5.0,-100.0,10.0,0.5,4.0,4.0,5.0,2024-11-14 05:15:00+00:00,2024-11-14 05:15:00+00:00,2024-11-14 05:19:00+00:00,2024-11-14 05:30:00+00:00,trajectory_1163dafd9e9d_13_47316a2592d4,-1,market,0.0,15,1,4,12,14695.0
662519,662520,662520,662520,closed,stop,22355.0,22359.0,22354.75,22359.25,22359.0,22343.0,-4.0,-4.5,-5.0,-100.0,10.0,0.5,1.0,1.0,4.5,2024-11-14 13:31:00+00:00,2024-11-14 13:31:00+00:00,2024-11-14 13:32:00+00:00,2024-11-14 13:46:00+00:00,trajectory_1163dafd9e9d_13_47316a2592d4,-1,market,0.0,15,1,4,12,14595.0
662520,662521,662521,662521,closed,stop,22332.75,22336.75,22332.5,22337.0,22336.75,22320.75,-4.0,-4.5,-5.0,-100.0,10.0,0.5,1.0,1.0,10.5,2024-11-14 13:32:00+00:00,2024-11-14 13:32:00+00:00,2024-11-14 13:33:00+00:00,2024-11-14 13:47:00+00:00,trajectory_1163dafd9e9d_13_47316a2592d4,-1,market,0.0,15,1,4,12,14495.0
662590,662591,662591,662591,closed,stop,22296.25,22300.25,22296.0,22300.5,22300.25,22284.25,-4.0,-4.5,-5.0,-100.0,10.0,0.5,1.0,1.0,14.25,2024-11-14 14:42:00+00:00,2024-11-14 14:42:00+00:00,2024-11-14 14:43:00+00:00,2024-11-14 14:57:00+00:00,trajectory_1163dafd9e9d_13_47316a2592d4,-1,market,0.0,15,1,4,12,14395.0
662778,662779,662779,662779,closed,stop,22220.0,22224.0,22219.75,22224.25,22224.0,22208.0,-4.0,-4.5,-5.0,-100.0,10.0,0.5,1.0,1.0,38.0,2024-11-14 17:50:00+00:00,2024-11-14 17:50:00+00:00,2024-11-14 17:51:00+00:00,2024-11-14 18:05:00+00:00,trajectory_1163dafd9e9d_13_47316a2592d4,-1,market,0.0,15,1,4,12,14295.0
662909,662910,662910,662910,closed,stop,22239.75,22243.75,22239.5,22244.0,22243.75,22227.75,-4.0,-4.5,-5.0,-100.0,10.0,0.5,1.0,1.0,5.25,2024-11-14 20:01:00+00:00,2024-11-14 20:01:00+00:00,2024-11-14 20:02:00+00:00,2024-11-14 20:16:00+00:00,trajectory_1163dafd9e9d_13_47316a2592d4,-1,market,0.0,15,1,4,12,14195.0
663095,663096,663096,663096,closed,stop,22141.75,22145.75,22141.5,22146.0,22145.75,22129.75,-4.0,-4.5,-5.0,-100.0,10.0,0.5,1.0,1.0,6.5,2024-11-15 00:22:00+00:00,2024-11-15 00:22:00+00:00,2024-11-15 00:23:00+00:00,2024-11-15 00:37:00+00:00,trajectory_1163dafd9e9d_13_47316a2592d4,-1,market,0.0,15,1,4,12,14095.0
663145,663146,663147,663147,closed,stop,22094.0,22098.0,22093.75,22098.25,22098.0,22082.0,-4.0,-4.5,-5.0,-100.0,10.0,0.5,2.0,2.0,5.0,2024-11-15 01:12:00+00:00,2024-11-15 01:12:00+00:00,2024-11-15 01:14:00+00:00,2024-11-15 01:27:00+00:00,trajectory_1163dafd9e9d_13_47316a2592d4,-1,market,0.0,15,1,4,12,13995.0
663441,663442,663446,663446,closed,target,22076.5,22064.5,22076.25,22064.75,22080.5,22064.5,12.0,11.5,11.0,220.0,10.0,0.5,5.0,5.0,4.0,2024-11-15 06:08:00+00:00,2024-11-15 06:08:00+00:00,2024-11-15 06:13:00+00:00,2024-11-15 06:23:00+00:00,trajectory_1163dafd9e9d_13_47316a2592d4,-1,market,0.0,15,1,4,12,14215.0
663458,663459,663464,663464,closed,stop,22040.0,22044.0,22039.75,22044.25,22044.0,22028.0,-4.0,-4.5,-5.0,-100.0,10.0,0.5,6.0,6.0,5.75,2024-11-15 06:25:00+00:00,2024-11-15 06:25:00+00:00,2024-11-15 06:31:00+00:00,2024-11-15 06:40:00+00:00,trajectory_1163dafd9e9d_13_47316a2592d4,-1,market,0.0,15,1,4,12,14115.0
664545,664546,664546,664546,closed,stop,21805.0,21809.0,21804.75,21809.25,21809.0,21793.0,-4.0,-4.5,-5.0,-100.0,10.0,0.5,1.0,1.0,9.25,2024-11-18 01:47:00+00:00,2024-11-18 01:47:00+00:00,2024-11-18 01:48:00+00:00,2024-11-18 02:02:00+00:00,trajectory_1163dafd9e9d_13_47316a2592d4,-1,market,0.0,15,1,4,12,14015.0
664769,664770,664784,664784,closed,stop,21832.75,21836.75,21832.5,21837.0,21836.75,21820.75,-4.0,-4.5,-5.0,-100.0,10.0,0.5,15.0,15.0,5.25,2024-11-18 05:31:00+00:00,2024-11-18 05:31:00+00:00,2024-11-18 05:46:00+00:00,2024-11-18 05:46:00+00:00,trajectory_1163dafd9e9d_13_47316a2592d4,-1,market,0.0,15,1,4,12,13915.0
664908,664909,664909,664909,closed,stop,21779.5,21783.5,21779.25,21783.75,21783.5,21767.5,-4.0,-4.5,-5.0,-100.0,10.0,0.5,1.0,1.0,9.5,2024-11-18 07:50:00+00:00,2024-11-18 07:50:00+00:00,2024-11-18 07:51:00+00:00,2024-11-18 08:05:00+00:00,trajectory_1163dafd9e9d_13_47316a2592d4,-1,market,0.0,15,1,4,12,13815.0
664980,664981,664983,664983,closed,target,21814.0,21802.0,21813.75,21802.25,21818.0,21802.0,12.0,11.5,11.0,220.0,10.0,0.5,3.0,3.0,1.5,2024-11-18 09:02:00+00:00,2024-11-18 09:02:00+00:00,2024-11-18 09:05:00+00:00,2024-11-18 09:17:00+00:00,trajectory_1163dafd9e9d_13_47316a2592d4,-1,market,0.0,15,1,4,12,14035.0
665309,665310,665310,665310,closed,target,21734.25,21722.25,21734.0,21722.5,21738.25,21722.25,12.0,11.5,11.0,220.0,10.0,0.5,1.0,1.0,1.75,2024-11-18 14:31:00+00:00,2024-11-18 14:31:00+00:00,2024-11-18 14:32:00+00:00,2024-11-18 14:46:00+00:00,trajectory_1163dafd9e9d_13_47316a2592d4,-1,market,0.0,15,1,4,12,14255.0
665447,665448,665448,665448,closed,stop,21881.75,21885.75,21881.5,21886.0,21885.75,21869.75,-4.0,-4.5,-5.0,-100.0,10.0,0.5,1.0,1.0,6.0,2024-11-18 16:49:00+00:00,2024-11-18 16:49:00+00:00,2024-11-18 16:50:00+00:00,2024-11-18 17:04:00+00:00,trajectory_1163dafd9e9d_13_47316a2592d4,-1,market,0.0,15,1,4,12,14155.0
665503,665504,665505,665505,closed,stop,21824.25,21828.25,21824.0,21828.5,21828.25,21812.25,-4.0,-4.5,-5.0,-100.0,10.0,0.5,2.0,2.0,4.5,2024-11-18 17:45:00+00:00,2024-11-18 17:45:00+00:00,2024-11-18 17:47:00+00:00,2024-11-18 18:00:00+00:00,trajectory_1163dafd9e9d_13_47316a2592d4,-1,market,0.0,15,1,4,12,14055.0
665563,665564,665564,665564,closed,stop,21809.0,21813.0,21808.75,21813.25,21813.0,21797.0,-4.0,-4.5,-5.0,-100.0,10.0,0.5,1.0,1.0,5.75,2024-11-18 18:45:00+00:00,2024-11-18 18:45:00+00:00,2024-11-18 18:46:00+00:00,2024-11-18 19:00:00+00:00,trajectory_1163dafd9e9d_13_47316a2592d4,-1,market,0.0,15,1,4,12,13955.0
665835,665836,665840,665840,closed,target,21834.0,21822.0,21833.75,21822.25,21838.0,21822.0,12.0,11.5,11.0,220.0,10.0,0.5,5.0,5.0,1.0,2024-11-19 00:32:00+00:00,2024-11-19 00:32:00+00:00,2024-11-19 00:37:00+00:00,2024-11-19 00:47:00+00:00,trajectory_1163dafd9e9d_13_47316a2592d4,-1,market,0.0,15,1,4,12,14175.0
666121,666122,666122,666122,closed,stop,21866.5,21870.5,21866.25,21870.75,21870.5,21854.5,-4.0,-4.5,-5.0,-100.0,10.0,0.5,1.0,1.0,6.0,2024-11-19 05:18:00+00:00,2024-11-19 05:18:00+00:00,2024-11-19 05:19:00+00:00,2024-11-19 05:33:00+00:00,trajectory_1163dafd9e9d_13_47316a2592d4,-1,market,0.0,15,1,4,12,14075.0
666319,666320,666320,666320,closed,target,21829.25,21817.25,21829.0,21817.5,21833.25,21817.25,12.0,11.5,11.0,220.0,10.0,0.5,1.0,1.0,1.5,2024-11-19 08:36:00+00:00,2024-11-19 08:36:00+00:00,2024-11-19 08:37:00+00:00,2024-11-19 08:51:00+00:00,trajectory_1163dafd9e9d_13_47316a2592d4,-1,market,0.0,15,1,4,12,14295.0
666320,666321,666321,666321,closed,target,21816.25,21804.25,21816.0,21804.5,21820.25,21804.25,12.0,11.5,11.0,220.0,10.0,0.5,1.0,1.0,2.0,2024-11-19 08:37:00+00:00,2024-11-19 08:37:00+00:00,2024-11-19 08:38:00+00:00,2024-11-19 08:52:00+00:00,trajectory_1163dafd9e9d_13_47316a2592d4,-1,market,0.0,15,1,4,12,14515.0
666322,666323,666323,666323,closed,target,21791.0,21779.0,21790.75,21779.25,21795.0,21779.0,12.0,11.5,11.0,220.0,10.0,0.5,1.0,1.0,3.25,2024-11-19 08:39:00+00:00,2024-11-19 08:39:00+00:00,2024-11-19 08:40:00+00:00,2024-11-19 08:54:00+00:00,trajectory_1163dafd9e9d_13_47316a2592d4,-1,market,0.0,15,1,4,12,14735.0
666323,666324,666324,666324,closed,stop,21764.75,21768.75,21764.5,21769.0,21768.75,21752.75,-4.0,-4.5,-5.0,-100.0,10.0,0.5,1.0,1.0,17.75,2024-11-19 08:40:00+00:00,2024-11-19 08:40:00+00:00,2024-11-19 08:41:00+00:00,2024-11-19 08:55:00+00:00,trajectory_1163dafd9e9d_13_47316a2592d4,-1,market,0.0,15,1,4,12,14635.0
666494,666495,666495,666495,closed,stop,21737.0,21741.0,21736.75,21741.25,21741.0,21725.0,-4.0,-4.5,-5.0,-100.0,10.0,0.5,1.0,1.0,5.75,2024-11-19 11:31:00+00:00,2024-11-19 11:31:00+00:00,2024-11-19 11:32:00+00:00,2024-11-19 11:46:00+00:00,trajectory_1163dafd9e9d_13_47316a2592d4,-1,market,0.0,15,1,4,12,14535.0
667363,667364,667369,667369,closed,stop,21990.0,21994.0,21989.75,21994.25,21994.0,21978.0,-4.0,-4.5,-5.0,-100.0,10.0,0.5,6.0,6.0,5.75,2024-11-20 03:15:00+00:00,2024-11-20 03:15:00+00:00,2024-11-20 03:21:00+00:00,2024-11-20 03:30:00+00:00,trajectory_1163dafd9e9d_13_47316a2592d4,-1,market,0.0,15,1,4,12,14435.0
667399,667400,667405,667405,closed,stop,21974.5,21978.5,21974.25,21978.75,21978.5,21962.5,-4.0,-4.5,-5.0,-100.0,10.0,0.5,6.0,6.0,5.5,2024-11-20 03:51:00+00:00,2024-11-20 03:51:00+00:00,2024-11-20 03:57:00+00:00,2024-11-20 04:06:00+00:00,trajectory_1163dafd9e9d_13_47316a2592d4,-1,market,0.0,15,1,4,12,14335.0
667650,667651,667651,667651,closed,stop,22010.5,22014.5,22010.25,22014.75,22014.5,21998.5,-4.0,-4.5,-5.0,-100.0,10.0,0.5,1.0,1.0,10.0,2024-11-20 08:02:00+00:00,2024-11-20 08:02:00+00:00,2024-11-20 08:03:00+00:00,2024-11-20 08:17:00+00:00,trajectory_1163dafd9e9d_13_47316a2592d4,-1,market,0.0,15,1,4,12,14235.0
668029,668030,668030,668030,closed,target,21950.75,21938.75,21950.5,21939.0,21954.75,21938.75,12.0,11.5,11.0,220.0,10.0,0.5,1.0,1.0,0.25,2024-11-20 14:21:00+00:00,2024-11-20 14:21:00+00:00,2024-11-20 14:22:00+00:00,2024-11-20 14:36:00+00:00,trajectory_1163dafd9e9d_13_47316a2592d4,-1,market,0.0,15,1,4,12,14455.0
668030,668031,668032,668032,closed,stop,21940.5,21944.5,21940.25,21944.75,21944.5,21928.5,-4.0,-4.5,-5.0,-100.0,10.0,0.5,2.0,2.0,7.75,2024-11-20 14:22:00+00:00,2024-11-20 14:22:00+00:00,2024-11-20 14:24:00+00:00,2024-11-20 14:37:00+00:00,trajectory_1163dafd9e9d_13_47316a2592d4,-1,market,0.0,15,1,4,12,14355.0
668536,668537,668538,668538,closed,target,21937.25,21925.25,21937.0,21925.5,21941.25,21925.25,12.0,11.5,11.0,220.0,10.0,0.5,2.0,2.0,0.25,2024-11-21 00:03:00+00:00,2024-11-21 00:03:00+00:00,2024-11-21 00:05:00+00:00,2024-11-21 00:18:00+00:00,trajectory_1163dafd9e9d_13_47316a2592d4,-1,market,0.0,15,1,4,12,14575.0
668538,668539,668544,668544,closed,stop,21920.75,21924.75,21920.5,21925.0,21924.75,21908.75,-4.0,-4.5,-5.0,-100.0,10.0,0.5,6.0,6.0,6.0,2024-11-21 00:05:00+00:00,2024-11-21 00:05:00+00:00,2024-11-21 00:11:00+00:00,2024-11-21 00:20:00+00:00,trajectory_1163dafd9e9d_13_47316a2592d4,-1,market,0.0,15,1,4,12,14475.0
668583,668584,668586,668586,closed,stop,21860.75,21864.75,21860.5,21865.0,21864.75,21848.75,-4.0,-4.5,-5.0,-100.0,10.0,0.5,3.0,3.0,7.75,2024-11-21 00:50:00+00:00,2024-11-21 00:50:00+00:00,2024-11-21 00:53:00+00:00,2024-11-21 01:05:00+00:00,trajectory_1163dafd9e9d_13_47316a2592d4,-1,market,0.0,15,1,4,12,14375.0
668875,668876,668876,668876,closed,stop,21860.0,21864.0,21859.75,21864.25,21864.0,21848.0,-4.0,-4.5,-5.0,-100.0,10.0,0.5,1.0,1.0,7.25,2024-11-21 05:42:00+00:00,2024-11-21 05:42:00+00:00,2024-11-21 05:43:00+00:00,2024-11-21 05:57:00+00:00,trajectory_1163dafd9e9d_13_47316a2592d4,-1,market,0.0,15,1,4,12,14275.0
668980,668981,668981,668981,closed,stop,21852.0,21856.0,21851.75,21856.25,21856.0,21840.0,-4.0,-4.5,-5.0,-100.0,10.0,0.5,1.0,1.0,6.5,2024-11-21 07:27:00+00:00,2024-11-21 07:27:00+00:00,2024-11-21 07:28:00+00:00,2024-11-21 07:42:00+00:00,trajectory_1163dafd9e9d_13_47316a2592d4,-1,market,0.0,15,1,4,12,14175.0
668981,668982,668982,668982,closed,stop,21815.0,21819.0,21814.75,21819.25,21819.0,21803.0,-4.0,-4.5,-5.0,-100.0,10.0,0.5,1.0,1.0,22.75,2024-11-21 07:28:00+00:00,2024-11-21 07:28:00+00:00,2024-11-21 07:29:00+00:00,2024-11-21 07:43:00+00:00,trajectory_1163dafd9e9d_13_47316a2592d4,-1,market,0.0,15,1,4,12,14075.0
669408,669409,669409,669409,closed,target,21994.0,21982.0,21993.75,21982.25,21998.0,21982.0,12.0,11.5,11.0,220.0,10.0,0.5,1.0,1.0,2.25,2024-11-21 14:35:00+00:00,2024-11-21 14:35:00+00:00,2024-11-21 14:36:00+00:00,2024-11-21 14:50:00+00:00,trajectory_1163dafd9e9d_13_47316a2592d4,-1,market,0.0,15,1,4,12,14295.0
670118,670119,670119,670119,closed,target,21983.5,21971.5,21983.25,21971.75,21987.5,21971.5,12.0,11.5,11.0,220.0,10.0,0.5,1.0,1.0,1.75,2024-11-22 03:40:00+00:00,2024-11-22 03:40:00+00:00,2024-11-22 03:41:00+00:00,2024-11-22 03:55:00+00:00,trajectory_1163dafd9e9d_13_47316a2592d4,-1,market,0.0,15,1,4,12,14515.0
670119,670120,670121,670121,closed,target,21971.5,21959.5,21971.25,21959.75,21975.5,21959.5,12.0,11.5,11.0,220.0,10.0,0.5,2.0,2.0,0.25,2024-11-22 03:41:00+00:00,2024-11-22 03:41:00+00:00,2024-11-22 03:43:00+00:00,2024-11-22 03:56:00+00:00,trajectory_1163dafd9e9d_13_47316a2592d4,-1,market,0.0,15,1,4,12,14735.0
670466,670467,670467,670467,closed,stop,21918.25,21922.25,21918.0,21922.5,21922.25,21906.25,-4.0,-4.5,-5.0,-100.0,10.0,0.5,1.0,1.0,15.75,2024-11-22 09:28:00+00:00,2024-11-22 09:28:00+00:00,2024-11-22 09:29:00+00:00,2024-11-22 09:43:00+00:00,trajectory_1163dafd9e9d_13_47316a2592d4,-1,market,0.0,15,1,4,12,14635.0
671102,671103,671103,671103,closed,target,22017.25,22005.25,22017.0,22005.5,22021.25,22005.25,12.0,11.5,11.0,220.0,10.0,0.5,1.0,1.0,1.25,2024-11-22 20:04:00+00:00,2024-11-22 20:04:00+00:00,2024-11-22 20:05:00+00:00,2024-11-22 20:19:00+00:00,trajectory_1163dafd9e9d_13_47316a2592d4,-1,market,0.0,15,1,4,12,14855.0
671471,671472,671486,671486,closed,timeout,22156.0,22152.75,22155.75,22153.0,22160.0,22144.0,3.25,2.75,2.25,45.0,10.0,0.5,15.0,15.0,2.25,2024-11-25 03:28:00+00:00,2024-11-25 03:28:00+00:00,2024-11-25 03:43:00+00:00,2024-11-25 03:43:00+00:00,trajectory_1163dafd9e9d_13_47316a2592d4,-1,market,0.0,15,1,4,12,14900.0
671627,671628,671642,671642,closed,timeout,22160.0,22156.5,22159.75,22156.75,22164.0,22148.0,3.5,3.0,2.5,50.0,10.0,0.5,15.0,15.0,0.75,2024-11-25 06:04:00+00:00,2024-11-25 06:04:00+00:00,2024-11-25 06:19:00+00:00,2024-11-25 06:19:00+00:00,trajectory_1163dafd9e9d_13_47316a2592d4,-1,market,0.0,15,1,4,12,14950.0
671684,671685,671685,671685,closed,stop,22149.5,22153.5,22149.25,22153.75,22153.5,22137.5,-4.0,-4.5,-5.0,-100.0,10.0,0.5,1.0,1.0,7.0,2024-11-25 07:01:00+00:00,2024-11-25 07:01:00+00:00,2024-11-25 07:02:00+00:00,2024-11-25 07:16:00+00:00,trajectory_1163dafd9e9d_13_47316a2592d4,-1,market,0.0,15,1,4,12,14850.0
671764,671765,671767,671767,closed,stop,22141.5,22145.5,22141.25,22145.75,22145.5,22129.5,-4.0,-4.5,-5.0,-100.0,10.0,0.5,3.0,3.0,7.75,2024-11-25 08:22:00+00:00,2024-11-25 08:22:00+00:00,2024-11-25 08:25:00+00:00,2024-11-25 08:37:00+00:00,trajectory_1163dafd9e9d_13_47316a2592d4,-1,market,0.0,15,1,4,12,14750.0
671768,671769,671770,671770,closed,stop,22132.5,22136.5,22132.25,22136.75,22136.5,22120.5,-4.0,-4.5,-5.0,-100.0,10.0,0.5,2.0,2.0,11.75,2024-11-25 08:26:00+00:00,2024-11-25 08:26:00+00:00,2024-11-25 08:28:00+00:00,2024-11-25 08:41:00+00:00,trajectory_1163dafd9e9d_13_47316a2592d4,-1,market,0.0,15,1,4,12,14650.0
671936,671937,671938,671938,closed,stop,22163.0,22167.0,22162.75,22167.25,22167.0,22151.0,-4.0,-4.5,-5.0,-100.0,10.0,0.5,2.0,2.0,4.25,2024-11-25 11:14:00+00:00,2024-11-25 11:14:00+00:00,2024-11-25 11:16:00+00:00,2024-11-25 11:29:00+00:00,trajectory_1163dafd9e9d_13_47316a2592d4,-1,market,0.0,15,1,4,12,14550.0
672133,672134,672134,672134,closed,target,22176.0,22164.0,22175.75,22164.25,22180.0,22164.0,12.0,11.5,11.0,220.0,10.0,0.5,1.0,1.0,1.0,2024-11-25 14:31:00+00:00,2024-11-25 14:31:00+00:00,2024-11-25 14:32:00+00:00,2024-11-25 14:46:00+00:00,trajectory_1163dafd9e9d_13_47316a2592d4,-1,market,0.0,15,1,4,12,14770.0
672681,672682,672682,672682,closed,stop,21995.25,21999.25,21995.0,21999.5,21999.25,21983.25,-4.0,-4.5,-5.0,-100.0,10.0,0.5,1.0,1.0,6.0,2024-11-26 00:54:00+00:00,2024-11-26 00:54:00+00:00,2024-11-26 00:55:00+00:00,2024-11-26 01:09:00+00:00,trajectory_1163dafd9e9d_13_47316a2592d4,-1,market,0.0,15,1,4,12,14670.0
672690,672691,672691,672691,closed,stop,21961.75,21965.75,21961.5,21966.0,21965.75,21949.75,-4.0,-4.5,-5.0,-100.0,10.0,0.5,1.0,1.0,9.5,2024-11-26 01:03:00+00:00,2024-11-26 01:03:00+00:00,2024-11-26 01:04:00+00:00,2024-11-26 01:18:00+00:00,trajectory_1163dafd9e9d_13_47316a2592d4,-1,market,0.0,15,1,4,12,14570.0
672971,672972,672972,672972,closed,stop,22075.5,22079.5,22075.25,22079.75,22079.5,22063.5,-4.0,-4.5,-5.0,-100.0,10.0,0.5,1.0,1.0,4.25,2024-11-26 05:44:00+00:00,2024-11-26 05:44:00+00:00,2024-11-26 05:45:00+00:00,2024-11-26 05:59:00+00:00,trajectory_1163dafd9e9d_13_47316a2592d4,-1,market,0.0,15,1,4,12,14470.0
673048,673049,673053,673053,closed,stop,22092.75,22096.75,22092.5,22097.0,22096.75,22080.75,-4.0,-4.5,-5.0,-100.0,10.0,0.5,5.0,5.0,8.75,2024-11-26 07:01:00+00:00,2024-11-26 07:01:00+00:00,2024-11-26 07:06:00+00:00,2024-11-26 07:16:00+00:00,trajectory_1163dafd9e9d_13_47316a2592d4,-1,market,0.0,15,1,4,12,14370.0
673083,673084,673085,673085,closed,stop,22080.5,22084.5,22080.25,22084.75,22084.5,22068.5,-4.0,-4.5,-5.0,-100.0,10.0,0.5,2.0,2.0,6.5,2024-11-26 07:36:00+00:00,2024-11-26 07:36:00+00:00,2024-11-26 07:38:00+00:00,2024-11-26 07:51:00+00:00,trajectory_1163dafd9e9d_13_47316a2592d4,-1,market,0.0,15,1,4,12,14270.0
673493,673494,673496,673496,closed,stop,22126.25,22130.25,22126.0,22130.5,22130.25,22114.25,-4.0,-4.5,-5.0,-100.0,10.0,0.5,3.0,3.0,5.75,2024-11-26 14:26:00+00:00,2024-11-26 14:26:00+00:00,2024-11-26 14:29:00+00:00,2024-11-26 14:41:00+00:00,trajectory_1163dafd9e9d_13_47316a2592d4,-1,market,0.0,15,1,4,12,14170.0
674204,674205,674218,674218,closed,stop,22181.25,22185.25,22181.0,22185.5,22185.25,22169.25,-4.0,-4.5,-5.0,-100.0,10.0,0.5,14.0,14.0,4.75,2024-11-27 03:32:00+00:00,2024-11-27 03:32:00+00:00,2024-11-27 03:46:00+00:00,2024-11-27 03:47:00+00:00,trajectory_1163dafd9e9d_13_47316a2592d4,-1,market,0.0,15,1,4,12,14070.0
674283,674284,674289,674289,closed,stop,22162.75,22166.75,22162.5,22167.0,22166.75,22150.75,-4.0,-4.5,-5.0,-100.0,10.0,0.5,6.0,6.0,4.25,2024-11-27 04:51:00+00:00,2024-11-27 04:51:00+00:00,2024-11-27 04:57:00+00:00,2024-11-27 05:06:00+00:00,trajectory_1163dafd9e9d_13_47316a2592d4,-1,market,0.0,15,1,4,12,13970.0
674311,674312,674314,674314,closed,stop,22152.5,22156.5,22152.25,22156.75,22156.5,22140.5,-4.0,-4.5,-5.0,-100.0,10.0,0.5,3.0,3.0,4.75,2024-11-27 05:19:00+00:00,2024-11-27 05:19:00+00:00,2024-11-27 05:22:00+00:00,2024-11-27 05:34:00+00:00,trajectory_1163dafd9e9d_13_47316a2592d4,-1,market,0.0,15,1,4,12,13870.0
674473,674474,674480,674480,closed,stop,22163.5,22167.5,22163.25,22167.75,22167.5,22151.5,-4.0,-4.5,-5.0,-100.0,10.0,0.5,7.0,7.0,10.75,2024-11-27 08:01:00+00:00,2024-11-27 08:01:00+00:00,2024-11-27 08:08:00+00:00,2024-11-27 08:16:00+00:00,trajectory_1163dafd9e9d_13_47316a2592d4,-1,market,0.0,15,1,4,12,13770.0
674863,674864,674864,674864,closed,target,22091.0,22079.0,22090.75,22079.25,22095.0,22079.0,12.0,11.5,11.0,220.0,10.0,0.5,1.0,1.0,2.5,2024-11-27 14:31:00+00:00,2024-11-27 14:31:00+00:00,2024-11-27 14:32:00+00:00,2024-11-27 14:46:00+00:00,trajectory_1163dafd9e9d_13_47316a2592d4,-1,market,0.0,15,1,4,12,13990.0
675459,675460,675460,675460,closed,stop,22033.5,22037.5,22033.25,22037.75,22037.5,22021.5,-4.0,-4.5,-5.0,-100.0,10.0,0.5,1.0,1.0,10.5,2024-11-28 01:42:00+00:00,2024-11-28 01:42:00+00:00,2024-11-28 01:43:00+00:00,2024-11-28 01:57:00+00:00,trajectory_1163dafd9e9d_13_47316a2592d4,-1,market,0.0,15,1,4,12,13890.0
675811,675812,675825,675825,closed,stop,22056.0,22060.0,22055.75,22060.25,22060.0,22044.0,-4.0,-4.5,-5.0,-100.0,10.0,0.5,14.0,14.0,8.0,2024-11-28 07:34:00+00:00,2024-11-28 07:34:00+00:00,2024-11-28 07:48:00+00:00,2024-11-28 07:49:00+00:00,trajectory_1163dafd9e9d_13_47316a2592d4,-1,market,0.0,15,1,4,12,13790.0
675887,675888,675889,675889,closed,stop,22043.0,22047.0,22042.75,22047.25,22047.0,22031.0,-4.0,-4.5,-5.0,-100.0,10.0,0.5,2.0,2.0,5.0,2024-11-28 08:50:00+00:00,2024-11-28 08:50:00+00:00,2024-11-28 08:52:00+00:00,2024-11-28 09:05:00+00:00,trajectory_1163dafd9e9d_13_47316a2592d4,-1,market,0.0,15,1,4,12,13690.0
676169,676170,676171,676171,closed,stop,22059.5,22063.5,22059.25,22063.75,22063.5,22047.5,-4.0,-4.5,-5.0,-100.0,10.0,0.5,2.0,2.0,4.25,2024-11-28 13:32:00+00:00,2024-11-28 13:32:00+00:00,2024-11-28 13:34:00+00:00,2024-11-28 13:47:00+00:00,trajectory_1163dafd9e9d_13_47316a2592d4,-1,market,0.0,15,1,4,12,13590.0
676345,676346,676360,676360,closed,timeout,22090.25,22081.0,22090.0,22081.25,22094.25,22078.25,9.25,8.75,8.25,165.0,10.0,0.5,15.0,15.0,3.25,2024-11-28 16:28:00+00:00,2024-11-28 16:28:00+00:00,2024-11-28 16:43:00+00:00,2024-11-28 16:43:00+00:00,trajectory_1163dafd9e9d_13_47316a2592d4,-1,market,0.0,15,1,4,12,13755.0
676531,676532,676546,676546,closed,target,22060.0,22048.0,22059.75,22048.25,22064.0,22048.0,12.0,11.5,11.0,220.0,10.0,0.5,15.0,15.0,0.25,2024-11-29 00:34:00+00:00,2024-11-29 00:34:00+00:00,2024-11-29 00:49:00+00:00,2024-11-29 00:49:00+00:00,trajectory_1163dafd9e9d_13_47316a2592d4,-1,market,0.0,15,1,4,12,13975.0
676549,676550,676550,676550,closed,stop,22031.25,22035.25,22031.0,22035.5,22035.25,22019.25,-4.0,-4.5,-5.0,-100.0,10.0,0.5,1.0,1.0,5.0,2024-11-29 00:52:00+00:00,2024-11-29 00:52:00+00:00,2024-11-29 00:53:00+00:00,2024-11-29 01:07:00+00:00,trajectory_1163dafd9e9d_13_47316a2592d4,-1,market,0.0,15,1,4,12,13875.0
677124,677125,677139,677139,closed,target,22092.0,22080.0,22091.75,22080.25,22096.0,22080.0,12.0,11.5,11.0,220.0,10.0,0.5,15.0,15.0,2.5,2024-11-29 10:27:00+00:00,2024-11-29 10:27:00+00:00,2024-11-29 10:42:00+00:00,2024-11-29 10:42:00+00:00,trajectory_1163dafd9e9d_13_47316a2592d4,-1,market,0.0,15,1,4,12,14095.0
677366,677367,677368,677368,closed,stop,22025.5,22029.5,22025.25,22029.75,22029.5,22013.5,-4.0,-4.5,-5.0,-100.0,10.0,0.5,2.0,2.0,7.25,2024-11-29 14:29:00+00:00,2024-11-29 14:29:00+00:00,2024-11-29 14:31:00+00:00,2024-11-29 14:44:00+00:00,trajectory_1163dafd9e9d_13_47316a2592d4,-1,market,0.0,15,1,4,12,13995.0
677672,677673,677673,677673,closed,stop,22149.5,22153.5,22149.25,22153.75,22153.5,22137.5,-4.0,-4.5,-5.0,-100.0,10.0,0.5,1.0,1.0,6.0,2024-12-02 00:35:00+00:00,2024-12-02 00:35:00+00:00,2024-12-02 00:36:00+00:00,2024-12-02 00:50:00+00:00,trajectory_1163dafd9e9d_13_47316a2592d4,-1,market,0.0,15,1,4,12,13895.0
677871,677872,677877,677877,closed,stop,22144.0,22148.0,22143.75,22148.25,22148.0,22132.0,-4.0,-4.5,-5.0,-100.0,10.0,0.5,6.0,6.0,5.5,2024-12-02 03:54:00+00:00,2024-12-02 03:54:00+00:00,2024-12-02 04:00:00+00:00,2024-12-02 04:09:00+00:00,trajectory_1163dafd9e9d_13_47316a2592d4,-1,market,0.0,15,1,4,12,13795.0
678033,678034,678043,678043,closed,stop,22139.5,22143.5,22139.25,22143.75,22143.5,22127.5,-4.0,-4.5,-5.0,-100.0,10.0,0.5,10.0,10.0,6.5,2024-12-02 06:36:00+00:00,2024-12-02 06:36:00+00:00,2024-12-02 06:46:00+00:00,2024-12-02 06:51:00+00:00,trajectory_1163dafd9e9d_13_47316a2592d4,-1,market,0.0,15,1,4,12,13695.0
678686,678687,678690,678690,closed,stop,22432.75,22436.75,22432.5,22437.0,22436.75,22420.75,-4.0,-4.5,-5.0,-100.0,10.0,0.5,4.0,4.0,8.75,2024-12-02 17:29:00+00:00,2024-12-02 17:29:00+00:00,2024-12-02 17:33:00+00:00,2024-12-02 17:44:00+00:00,trajectory_1163dafd9e9d_13_47316a2592d4,-1,market,0.0,15,1,4,12,13595.0
679238,679239,679243,679243,closed,stop,22426.75,22430.75,22426.5,22431.0,22430.75,22414.75,-4.0,-4.5,-5.0,-100.0,10.0,0.5,5.0,5.0,4.75,2024-12-03 03:56:00+00:00,2024-12-03 03:56:00+00:00,2024-12-03 04:01:00+00:00,2024-12-03 04:11:00+00:00,trajectory_1163dafd9e9d_13_47316a2592d4,-1,market,0.0,15,1,4,12,13495.0
679424,679425,679433,679433,closed,stop,22419.75,22423.75,22419.5,22424.0,22423.75,22407.75,-4.0,-4.5,-5.0,-100.0,10.0,0.5,9.0,9.0,6.5,2024-12-03 07:02:00+00:00,2024-12-03 07:02:00+00:00,2024-12-03 07:11:00+00:00,2024-12-03 07:17:00+00:00,trajectory_1163dafd9e9d_13_47316a2592d4,-1,market,0.0,15,1,4,12,13395.0
679497,679498,679498,679498,closed,stop,22417.0,22421.0,22416.75,22421.25,22421.0,22405.0,-4.0,-4.5,-5.0,-100.0,10.0,0.5,1.0,1.0,5.25,2024-12-03 08:15:00+00:00,2024-12-03 08:15:00+00:00,2024-12-03 08:16:00+00:00,2024-12-03 08:30:00+00:00,trajectory_1163dafd9e9d_13_47316a2592d4,-1,market,0.0,15,1,4,12,13295.0
679637,679638,679638,679638,closed,stop,22404.75,22408.75,22404.5,22409.0,22408.75,22392.75,-4.0,-4.5,-5.0,-100.0,10.0,0.5,1.0,1.0,6.5,2024-12-03 10:35:00+00:00,2024-12-03 10:35:00+00:00,2024-12-03 10:36:00+00:00,2024-12-03 10:50:00+00:00,trajectory_1163dafd9e9d_13_47316a2592d4,-1,market,0.0,15,1,4,12,13195.0
679666,679667,679669,679669,closed,stop,22392.25,22396.25,22392.0,22396.5,22396.25,22380.25,-4.0,-4.5,-5.0,-100.0,10.0,0.5,3.0,3.0,6.25,2024-12-03 11:04:00+00:00,2024-12-03 11:04:00+00:00,2024-12-03 11:07:00+00:00,2024-12-03 11:19:00+00:00,trajectory_1163dafd9e9d_13_47316a2592d4,-1,market,0.0,15,1,4,12,13095.0
679731,679732,679738,679738,closed,target,22403.25,22391.25,22403.0,22391.5,22407.25,22391.25,12.0,11.5,11.0,220.0,10.0,0.5,7.0,7.0,1.75,2024-12-03 12:09:00+00:00,2024-12-03 12:09:00+00:00,2024-12-03 12:16:00+00:00,2024-12-03 12:24:00+00:00,trajectory_1163dafd9e9d_13_47316a2592d4,-1,market,0.0,15,1,4,12,13315.0
679836,679837,679838,679838,closed,stop,22405.75,22409.75,22405.5,22410.0,22409.75,22393.75,-4.0,-4.5,-5.0,-100.0,10.0,0.5,2.0,2.0,6.0,2024-12-03 13:54:00+00:00,2024-12-03 13:54:00+00:00,2024-12-03 13:56:00+00:00,2024-12-03 14:09:00+00:00,trajectory_1163dafd9e9d_13_47316a2592d4,-1,market,0.0,15,1,4,12,13215.0
679848,679849,679849,679849,closed,target,22375.5,22363.5,22375.25,22363.75,22379.5,22363.5,12.0,11.5,11.0,220.0,10.0,0.5,1.0,1.0,1.75,2024-12-03 14:06:00+00:00,2024-12-03 14:06:00+00:00,2024-12-03 14:07:00+00:00,2024-12-03 14:21:00+00:00,trajectory_1163dafd9e9d_13_47316a2592d4,-1,market,0.0,15,1,4,12,13435.0
680749,680750,680764,680764,closed,timeout,22547.75,22539.0,22547.5,22539.25,22551.75,22535.75,8.75,8.25,7.75,155.0,10.0,0.5,15.0,15.0,2.75,2024-12-04 06:23:00+00:00,2024-12-04 06:23:00+00:00,2024-12-04 06:38:00+00:00,2024-12-04 06:38:00+00:00,trajectory_1163dafd9e9d_13_47316a2592d4,-1,market,0.0,15,1,4,12,13590.0
681238,681239,681239,681239,closed,stop,22599.25,22603.25,22599.0,22603.5,22603.25,22587.25,-4.0,-4.5,-5.0,-100.0,10.0,0.5,1.0,1.0,15.75,2024-12-04 14:32:00+00:00,2024-12-04 14:32:00+00:00,2024-12-04 14:33:00+00:00,2024-12-04 14:47:00+00:00,trajectory_1163dafd9e9d_13_47316a2592d4,-1,market,0.0,15,1,4,12,13490.0
681408,681409,681409,681409,closed,stop,22665.25,22669.25,22665.0,22669.5,22669.25,22653.25,-4.0,-4.5,-5.0,-100.0,10.0,0.5,1.0,1.0,9.25,2024-12-04 17:22:00+00:00,2024-12-04 17:22:00+00:00,2024-12-04 17:23:00+00:00,2024-12-04 17:37:00+00:00,trajectory_1163dafd9e9d_13_47316a2592d4,-1,market,0.0,15,1,4,12,13390.0
682060,682061,682067,682067,closed,stop,22708.0,22712.0,22707.75,22712.25,22712.0,22696.0,-4.0,-4.5,-5.0,-100.0,10.0,0.5,7.0,7.0,4.75,2024-12-05 05:29:00+00:00,2024-12-05 05:29:00+00:00,2024-12-05 05:36:00+00:00,2024-12-05 05:44:00+00:00,trajectory_1163dafd9e9d_13_47316a2592d4,-1,market,0.0,15,1,4,12,13290.0
682152,682153,682158,682158,closed,stop,22696.0,22700.75,22695.75,22701.0,22700.0,22684.0,-4.75,-5.25,-5.75,-115.0,10.0,0.5,6.0,6.0,5.75,2024-12-05 07:01:00+00:00,2024-12-05 07:01:00+00:00,2024-12-05 07:07:00+00:00,2024-12-05 07:16:00+00:00,trajectory_1163dafd9e9d_13_47316a2592d4,-1,market,0.0,15,1,4,12,13175.0
682356,682357,682361,682361,closed,stop,22705.75,22709.75,22705.5,22710.0,22709.75,22693.75,-4.0,-4.5,-5.0,-100.0,10.0,0.5,5.0,5.0,4.5,2024-12-05 10:25:00+00:00,2024-12-05 10:25:00+00:00,2024-12-05 10:30:00+00:00,2024-12-05 10:40:00+00:00,trajectory_1163dafd9e9d_13_47316a2592d4,-1,market,0.0,15,1,4,12,13075.0
682835,682836,682838,682838,closed,stop,22688.0,22692.0,22687.75,22692.25,22692.0,22676.0,-4.0,-4.5,-5.0,-100.0,10.0,0.5,3.0,3.0,14.0,2024-12-05 18:24:00+00:00,2024-12-05 18:24:00+00:00,2024-12-05 18:27:00+00:00,2024-12-05 18:39:00+00:00,trajectory_1163dafd9e9d_13_47316a2592d4,-1,market,0.0,15,1,4,12,12975.0
683292,683293,683307,683307,closed,timeout,22670.0,22669.5,22669.75,22669.75,22674.0,22658.0,0.5,-0.0,-0.5,-10.0,10.0,0.5,15.0,15.0,3.5,2024-12-06 03:16:00+00:00,2024-12-06 03:16:00+00:00,2024-12-06 03:31:00+00:00,2024-12-06 03:31:00+00:00,trajectory_1163dafd9e9d_13_47316a2592d4,-1,market,0.0,15,1,4,12,12965.0
683538,683539,683553,683553,closed,timeout,22676.0,22673.5,22675.75,22673.75,22680.0,22664.0,2.5,2.0,1.5,30.0,10.0,0.5,15.0,15.0,4.0,2024-12-06 07:22:00+00:00,2024-12-06 07:22:00+00:00,2024-12-06 07:37:00+00:00,2024-12-06 07:37:00+00:00,trajectory_1163dafd9e9d_13_47316a2592d4,-1,market,0.0,15,1,4,12,12995.0
683711,683712,683713,683713,closed,stop,22653.25,22657.25,22653.0,22657.5,22657.25,22641.25,-4.0,-4.5,-5.0,-100.0,10.0,0.5,2.0,2.0,6.0,2024-12-06 10:15:00+00:00,2024-12-06 10:15:00+00:00,2024-12-06 10:17:00+00:00,2024-12-06 10:30:00+00:00,trajectory_1163dafd9e9d_13_47316a2592d4,-1,market,0.0,15,1,4,12,12895.0
683756,683757,683758,683758,closed,stop,22652.0,22656.0,22651.75,22656.25,22656.0,22640.0,-4.0,-4.5,-5.0,-100.0,10.0,0.5,2.0,2.0,7.0,2024-12-06 11:00:00+00:00,2024-12-06 11:00:00+00:00,2024-12-06 11:02:00+00:00,2024-12-06 11:15:00+00:00,trajectory_1163dafd9e9d_13_47316a2592d4,-1,market,0.0,15,1,4,12,12795.0
683898,683899,683901,683901,closed,stop,22668.0,22672.0,22667.75,22672.25,22672.0,22656.0,-4.0,-4.5,-5.0,-100.0,10.0,0.5,3.0,3.0,5.25,2024-12-06 13:22:00+00:00,2024-12-06 13:22:00+00:00,2024-12-06 13:25:00+00:00,2024-12-06 13:37:00+00:00,trajectory_1163dafd9e9d_13_47316a2592d4,-1,market,0.0,15,1,4,12,12695.0
684070,684071,684071,684071,closed,stop,22777.0,22781.0,22776.75,22781.25,22781.0,22765.0,-4.0,-4.5,-5.0,-100.0,10.0,0.5,1.0,1.0,17.75,2024-12-06 16:14:00+00:00,2024-12-06 16:14:00+00:00,2024-12-06 16:15:00+00:00,2024-12-06 16:29:00+00:00,trajectory_1163dafd9e9d_13_47316a2592d4,-1,market,0.0,15,1,4,12,12595.0
684489,684490,684493,684493,closed,stop,22837.75,22841.75,22837.5,22842.0,22841.75,22825.75,-4.0,-4.5,-5.0,-100.0,10.0,0.5,4.0,4.0,5.0,2024-12-09 00:28:00+00:00,2024-12-09 00:28:00+00:00,2024-12-09 00:32:00+00:00,2024-12-09 00:43:00+00:00,trajectory_1163dafd9e9d_13_47316a2592d4,-1,market,0.0,15,1,4,12,12495.0
684526,684527,684527,684527,closed,stop,22828.25,22832.25,22828.0,22832.5,22832.25,22816.25,-4.0,-4.5,-5.0,-100.0,10.0,0.5,1.0,1.0,4.25,2024-12-09 01:05:00+00:00,2024-12-09 01:05:00+00:00,2024-12-09 01:06:00+00:00,2024-12-09 01:20:00+00:00,trajectory_1163dafd9e9d_13_47316a2592d4,-1,market,0.0,15,1,4,12,12395.0
684734,684735,684746,684746,closed,stop,22834.25,22838.25,22834.0,22838.5,22838.25,22822.25,-4.0,-4.5,-5.0,-100.0,10.0,0.5,12.0,12.0,4.25,2024-12-09 04:33:00+00:00,2024-12-09 04:33:00+00:00,2024-12-09 04:45:00+00:00,2024-12-09 04:48:00+00:00,trajectory_1163dafd9e9d_13_47316a2592d4,-1,market,0.0,15,1,4,12,12295.0
685002,685003,685009,685009,closed,target,22883.25,22871.25,22883.0,22871.5,22887.25,22871.25,12.0,11.5,11.0,220.0,10.0,0.5,7.0,7.0,1.75,2024-12-09 09:01:00+00:00,2024-12-09 09:01:00+00:00,2024-12-09 09:08:00+00:00,2024-12-09 09:16:00+00:00,trajectory_1163dafd9e9d_13_47316a2592d4,-1,market,0.0,15,1,4,12,12515.0
685156,685157,685157,685157,closed,stop,22795.5,22799.5,22795.25,22799.75,22799.5,22783.5,-4.0,-4.5,-5.0,-100.0,10.0,0.5,1.0,1.0,12.75,2024-12-09 11:35:00+00:00,2024-12-09 11:35:00+00:00,2024-12-09 11:36:00+00:00,2024-12-09 11:50:00+00:00,trajectory_1163dafd9e9d_13_47316a2592d4,-1,market,0.0,15,1,4,12,12415.0
685332,685333,685333,685333,closed,stop,22790.25,22794.25,22790.0,22794.5,22794.25,22778.25,-4.0,-4.5,-5.0,-100.0,10.0,0.5,1.0,1.0,43.5,2024-12-09 14:31:00+00:00,2024-12-09 14:31:00+00:00,2024-12-09 14:32:00+00:00,2024-12-09 14:46:00+00:00,trajectory_1163dafd9e9d_13_47316a2592d4,-1,market,0.0,15,1,4,12,12315.0
685390,685391,685391,685391,closed,stop,22745.5,22749.5,22745.25,22749.75,22749.5,22733.5,-4.0,-4.5,-5.0,-100.0,10.0,0.5,1.0,1.0,11.75,2024-12-09 15:29:00+00:00,2024-12-09 15:29:00+00:00,2024-12-09 15:30:00+00:00,2024-12-09 15:44:00+00:00,trajectory_1163dafd9e9d_13_47316a2592d4,-1,market,0.0,15,1,4,12,12215.0
685643,685644,685645,685645,closed,stop,22659.75,22663.75,22659.5,22664.0,22663.75,22647.75,-4.0,-4.5,-5.0,-100.0,10.0,0.5,2.0,2.0,11.0,2024-12-09 19:42:00+00:00,2024-12-09 19:42:00+00:00,2024-12-09 19:44:00+00:00,2024-12-09 19:57:00+00:00,trajectory_1163dafd9e9d_13_47316a2592d4,-1,market,0.0,15,1,4,12,12115.0
686157,686158,686159,686159,closed,stop,22660.75,22664.75,22660.5,22665.0,22664.75,22648.75,-4.0,-4.5,-5.0,-100.0,10.0,0.5,2.0,2.0,4.5,2024-12-10 05:31:00+00:00,2024-12-10 05:31:00+00:00,2024-12-10 05:33:00+00:00,2024-12-10 05:46:00+00:00,trajectory_1163dafd9e9d_13_47316a2592d4,-1,market,0.0,15,1,4,12,12015.0
686697,686698,686699,686699,closed,stop,22715.25,22719.25,22715.0,22719.5,22719.25,22703.25,-4.0,-4.5,-5.0,-100.0,10.0,0.5,2.0,2.0,10.0,2024-12-10 14:31:00+00:00,2024-12-10 14:31:00+00:00,2024-12-10 14:33:00+00:00,2024-12-10 14:46:00+00:00,trajectory_1163dafd9e9d_13_47316a2592d4,-1,market,0.0,15,1,4,12,11915.0
687225,687226,687227,687227,closed,stop,22609.0,22613.0,22608.75,22613.25,22613.0,22597.0,-4.0,-4.5,-5.0,-100.0,10.0,0.5,2.0,2.0,4.5,2024-12-11 00:34:00+00:00,2024-12-11 00:34:00+00:00,2024-12-11 00:36:00+00:00,2024-12-11 00:49:00+00:00,trajectory_1163dafd9e9d_13_47316a2592d4,-1,market,0.0,15,1,4,12,11815.0
687621,687622,687622,687622,closed,target,22637.75,22625.75,22637.5,22626.0,22641.75,22625.75,12.0,11.5,11.0,220.0,10.0,0.5,1.0,1.0,0.5,2024-12-11 07:10:00+00:00,2024-12-11 07:10:00+00:00,2024-12-11 07:11:00+00:00,2024-12-11 07:25:00+00:00,trajectory_1163dafd9e9d_13_47316a2592d4,-1,market,0.0,15,1,4,12,12035.0
687622,687623,687623,687623,closed,stop,22627.25,22631.25,22627.0,22631.5,22631.25,22615.25,-4.0,-4.5,-5.0,-100.0,10.0,0.5,1.0,1.0,7.25,2024-12-11 07:11:00+00:00,2024-12-11 07:11:00+00:00,2024-12-11 07:12:00+00:00,2024-12-11 07:26:00+00:00,trajectory_1163dafd9e9d_13_47316a2592d4,-1,market,0.0,15,1,4,12,11935.0
687947,687948,687949,687949,closed,stop,22630.5,22634.5,22630.25,22634.75,22634.5,22618.5,-4.0,-4.5,-5.0,-100.0,10.0,0.5,2.0,2.0,4.75,2024-12-11 12:36:00+00:00,2024-12-11 12:36:00+00:00,2024-12-11 12:38:00+00:00,2024-12-11 12:51:00+00:00,trajectory_1163dafd9e9d_13_47316a2592d4,-1,market,0.0,15,1,4,12,11835.0
688668,688669,688677,688677,closed,stop,22947.75,22951.75,22947.5,22952.0,22951.75,22935.75,-4.0,-4.5,-5.0,-100.0,10.0,0.5,9.0,9.0,9.25,2024-12-12 01:52:00+00:00,2024-12-12 01:52:00+00:00,2024-12-12 02:01:00+00:00,2024-12-12 02:07:00+00:00,trajectory_1163dafd9e9d_13_47316a2592d4,-1,market,0.0,15,1,4,12,11735.0
688976,688977,688979,688979,closed,stop,22953.25,22957.25,22953.0,22957.5,22957.25,22941.25,-4.0,-4.5,-5.0,-100.0,10.0,0.5,3.0,3.0,6.0,2024-12-12 07:01:00+00:00,2024-12-12 07:01:00+00:00,2024-12-12 07:04:00+00:00,2024-12-12 07:16:00+00:00,trajectory_1163dafd9e9d_13_47316a2592d4,-1,market,0.0,15,1,4,12,11635.0
689028,689029,689036,689036,closed,stop,22950.5,22954.5,22950.25,22954.75,22954.5,22938.5,-4.0,-4.5,-5.0,-100.0,10.0,0.5,8.0,8.0,7.5,2024-12-12 07:53:00+00:00,2024-12-12 07:53:00+00:00,2024-12-12 08:01:00+00:00,2024-12-12 08:08:00+00:00,trajectory_1163dafd9e9d_13_47316a2592d4,-1,market,0.0,15,1,4,12,11535.0
689307,689308,689321,689321,closed,target,22912.0,22900.0,22911.75,22900.25,22916.0,22900.0,12.0,11.5,11.0,220.0,10.0,0.5,14.0,14.0,2.25,2024-12-12 12:32:00+00:00,2024-12-12 12:32:00+00:00,2024-12-12 12:46:00+00:00,2024-12-12 12:47:00+00:00,trajectory_1163dafd9e9d_13_47316a2592d4,-1,market,0.0,15,1,4,12,11755.0
689366,689367,689367,689367,closed,target,22902.0,22890.0,22901.75,22890.25,22906.0,22890.0,12.0,11.5,11.0,220.0,10.0,0.5,1.0,1.0,0.25,2024-12-12 13:31:00+00:00,2024-12-12 13:31:00+00:00,2024-12-12 13:32:00+00:00,2024-12-12 13:46:00+00:00,trajectory_1163dafd9e9d_13_47316a2592d4,-1,market,0.0,15,1,4,12,11975.0
689367,689368,689368,689368,closed,stop,22884.25,22888.25,22884.0,22888.5,22888.25,22872.25,-4.0,-4.5,-5.0,-100.0,10.0,0.5,1.0,1.0,4.25,2024-12-12 13:32:00+00:00,2024-12-12 13:32:00+00:00,2024-12-12 13:33:00+00:00,2024-12-12 13:47:00+00:00,trajectory_1163dafd9e9d_13_47316a2592d4,-1,market,0.0,15,1,4,12,11875.0
690051,690052,690053,690053,closed,stop,22907.75,22911.75,22907.5,22912.0,22911.75,22895.75,-4.0,-4.5,-5.0,-100.0,10.0,0.5,2.0,2.0,8.0,2024-12-13 02:11:00+00:00,2024-12-13 02:11:00+00:00,2024-12-13 02:13:00+00:00,2024-12-13 02:26:00+00:00,trajectory_1163dafd9e9d_13_47316a2592d4,-1,market,0.0,15,1,4,12,11775.0
690105,690106,690106,690106,closed,stop,22911.5,22915.5,22911.25,22915.75,22915.5,22899.5,-4.0,-4.5,-5.0,-100.0,10.0,0.5,1.0,1.0,4.5,2024-12-13 03:05:00+00:00,2024-12-13 03:05:00+00:00,2024-12-13 03:06:00+00:00,2024-12-13 03:20:00+00:00,trajectory_1163dafd9e9d_13_47316a2592d4,-1,market,0.0,15,1,4,12,11675.0
690346,690347,690348,690348,closed,stop,22930.25,22934.25,22930.0,22934.5,22934.25,22918.25,-4.0,-4.5,-5.0,-100.0,10.0,0.5,2.0,2.0,5.25,2024-12-13 07:06:00+00:00,2024-12-13 07:06:00+00:00,2024-12-13 07:08:00+00:00,2024-12-13 07:21:00+00:00,trajectory_1163dafd9e9d_13_47316a2592d4,-1,market,0.0,15,1,4,12,11575.0
690861,690862,690862,690862,closed,stop,22957.75,22961.75,22957.5,22962.0,22961.75,22945.75,-4.0,-4.5,-5.0,-100.0,10.0,0.5,1.0,1.0,7.25,2024-12-13 15:41:00+00:00,2024-12-13 15:41:00+00:00,2024-12-13 15:42:00+00:00,2024-12-13 15:56:00+00:00,trajectory_1163dafd9e9d_13_47316a2592d4,-1,market,0.0,15,1,4,12,11475.0
691941,691942,691953,691953,closed,target,23060.5,23048.5,23060.25,23048.75,23064.5,23048.5,12.0,11.5,11.0,220.0,10.0,0.5,12.0,12.0,2.75,2024-12-16 11:01:00+00:00,2024-12-16 11:01:00+00:00,2024-12-16 11:13:00+00:00,2024-12-16 11:16:00+00:00,trajectory_1163dafd9e9d_13_47316a2592d4,-1,market,0.0,15,1,4,12,11695.0
692047,692048,692048,692048,closed,stop,23079.75,23083.75,23079.5,23084.0,23083.75,23067.75,-4.0,-4.5,-5.0,-100.0,10.0,0.5,1.0,1.0,6.5,2024-12-16 12:47:00+00:00,2024-12-16 12:47:00+00:00,2024-12-16 12:48:00+00:00,2024-12-16 13:02:00+00:00,trajectory_1163dafd9e9d_13_47316a2592d4,-1,market,0.0,15,1,4,12,11595.0
692647,692648,692653,692653,closed,stop,23303.5,23307.5,23303.25,23307.75,23307.5,23291.5,-4.0,-4.5,-5.0,-100.0,10.0,0.5,6.0,6.0,4.75,2024-12-17 00:02:00+00:00,2024-12-17 00:02:00+00:00,2024-12-17 00:08:00+00:00,2024-12-17 00:17:00+00:00,trajectory_1163dafd9e9d_13_47316a2592d4,-1,market,0.0,15,1,4,12,11495.0
693027,693028,693034,693034,closed,target,23311.75,23299.75,23311.5,23300.0,23315.75,23299.75,12.0,11.5,11.0,220.0,10.0,0.5,7.0,7.0,0.5,2024-12-17 06:23:00+00:00,2024-12-17 06:23:00+00:00,2024-12-17 06:30:00+00:00,2024-12-17 06:38:00+00:00,trajectory_1163dafd9e9d_13_47316a2592d4,-1,market,0.0,15,1,4,12,11715.0
693034,693035,693037,693037,closed,stop,23300.0,23304.0,23299.75,23304.25,23304.0,23288.0,-4.0,-4.5,-5.0,-100.0,10.0,0.5,3.0,3.0,4.25,2024-12-17 06:30:00+00:00,2024-12-17 06:30:00+00:00,2024-12-17 06:33:00+00:00,2024-12-17 06:45:00+00:00,trajectory_1163dafd9e9d_13_47316a2592d4,-1,market,0.0,15,1,4,12,11615.0
693108,693109,693110,693110,closed,target,23270.75,23258.75,23270.5,23259.0,23274.75,23258.75,12.0,11.5,11.0,220.0,10.0,0.5,2.0,2.0,2.5,2024-12-17 07:45:00+00:00,2024-12-17 07:45:00+00:00,2024-12-17 07:47:00+00:00,2024-12-17 08:00:00+00:00,trajectory_1163dafd9e9d_13_47316a2592d4,-1,market,0.0,15,1,4,12,11835.0
693110,693111,693111,693111,closed,stop,23256.5,23260.5,23256.25,23260.75,23260.5,23244.5,-4.0,-4.5,-5.0,-100.0,10.0,0.5,1.0,1.0,11.5,2024-12-17 07:47:00+00:00,2024-12-17 07:47:00+00:00,2024-12-17 07:48:00+00:00,2024-12-17 08:02:00+00:00,trajectory_1163dafd9e9d_13_47316a2592d4,-1,market,0.0,15,1,4,12,11735.0
693514,693515,693515,693515,closed,target,23225.75,23213.75,23225.5,23214.0,23229.75,23213.75,12.0,11.5,11.0,220.0,10.0,0.5,1.0,1.0,1.75,2024-12-17 14:31:00+00:00,2024-12-17 14:31:00+00:00,2024-12-17 14:32:00+00:00,2024-12-17 14:46:00+00:00,trajectory_1163dafd9e9d_13_47316a2592d4,-1,market,0.0,15,1,4,12,11955.0
693517,693518,693518,693518,closed,stop,23207.25,23211.25,23207.0,23211.5,23211.25,23195.25,-4.0,-4.5,-5.0,-100.0,10.0,0.5,1.0,1.0,19.5,2024-12-17 14:34:00+00:00,2024-12-17 14:34:00+00:00,2024-12-17 14:35:00+00:00,2024-12-17 14:49:00+00:00,trajectory_1163dafd9e9d_13_47316a2592d4,-1,market,0.0,15,1,4,12,11855.0
694214,694215,694216,694216,closed,stop,23217.0,23221.0,23216.75,23221.25,23221.0,23205.0,-4.0,-4.5,-5.0,-100.0,10.0,0.5,2.0,2.0,5.75,2024-12-18 03:26:00+00:00,2024-12-18 03:26:00+00:00,2024-12-18 03:28:00+00:00,2024-12-18 03:41:00+00:00,trajectory_1163dafd9e9d_13_47316a2592d4,-1,market,0.0,15,1,4,12,11755.0
694309,694310,694324,694324,closed,timeout,23240.5,23240.0,23240.25,23240.25,23244.5,23228.5,0.5,-0.0,-0.5,-10.0,10.0,0.5,15.0,15.0,2.75,2024-12-18 05:01:00+00:00,2024-12-18 05:01:00+00:00,2024-12-18 05:16:00+00:00,2024-12-18 05:16:00+00:00,trajectory_1163dafd9e9d_13_47316a2592d4,-1,market,0.0,15,1,4,12,11745.0
694401,694402,694414,694414,closed,stop,23234.75,23238.75,23234.5,23239.0,23238.75,23222.75,-4.0,-4.5,-5.0,-100.0,10.0,0.5,13.0,13.0,4.25,2024-12-18 06:33:00+00:00,2024-12-18 06:33:00+00:00,2024-12-18 06:46:00+00:00,2024-12-18 06:48:00+00:00,trajectory_1163dafd9e9d_13_47316a2592d4,-1,market,0.0,15,1,4,12,11645.0
694880,694881,694881,694881,closed,stop,23156.5,23160.5,23156.25,23160.75,23160.5,23144.5,-4.0,-4.5,-5.0,-100.0,10.0,0.5,1.0,1.0,14.5,2024-12-18 14:32:00+00:00,2024-12-18 14:32:00+00:00,2024-12-18 14:33:00+00:00,2024-12-18 14:47:00+00:00,trajectory_1163dafd9e9d_13_47316a2592d4,-1,market,0.0,15,1,4,12,11545.0
694883,694884,694884,694884,closed,stop,23144.0,23148.0,23143.75,23148.25,23148.0,23132.0,-4.0,-4.5,-5.0,-100.0,10.0,0.5,1.0,1.0,7.75,2024-12-18 14:35:00+00:00,2024-12-18 14:35:00+00:00,2024-12-18 14:36:00+00:00,2024-12-18 14:50:00+00:00,trajectory_1163dafd9e9d_13_47316a2592d4,-1,market,0.0,15,1,4,12,11445.0
694982,694983,694983,694983,closed,stop,23206.25,23210.25,23206.0,23210.5,23210.25,23194.25,-4.0,-4.5,-5.0,-100.0,10.0,0.5,1.0,1.0,13.25,2024-12-18 16:14:00+00:00,2024-12-18 16:14:00+00:00,2024-12-18 16:15:00+00:00,2024-12-18 16:29:00+00:00,trajectory_1163dafd9e9d_13_47316a2592d4,-1,market,0.0,15,1,4,12,11345.0
695149,695150,695150,695150,closed,stop,23142.5,23146.5,23142.25,23146.75,23146.5,23130.5,-4.0,-4.5,-5.0,-100.0,10.0,0.5,1.0,1.0,6.75,2024-12-18 19:01:00+00:00,2024-12-18 19:01:00+00:00,2024-12-18 19:02:00+00:00,2024-12-18 19:16:00+00:00,trajectory_1163dafd9e9d_13_47316a2592d4,-1,market,0.0,15,1,4,12,11245.0
695154,695155,695155,695155,closed,stop,23085.0,23089.0,23084.75,23089.25,23089.0,23073.0,-4.0,-4.5,-5.0,-100.0,10.0,0.5,1.0,1.0,8.5,2024-12-18 19:06:00+00:00,2024-12-18 19:06:00+00:00,2024-12-18 19:07:00+00:00,2024-12-18 19:21:00+00:00,trajectory_1163dafd9e9d_13_47316a2592d4,-1,market,0.0,15,1,4,12,11145.0
695462,695463,695465,695465,closed,stop,22404.25,22408.25,22404.0,22408.5,22408.25,22392.25,-4.0,-4.5,-5.0,-100.0,10.0,0.5,3.0,3.0,5.0,2024-12-19 01:29:00+00:00,2024-12-19 01:29:00+00:00,2024-12-19 01:32:00+00:00,2024-12-19 01:44:00+00:00,trajectory_1163dafd9e9d_13_47316a2592d4,-1,market,0.0,15,1,4,12,11045.0
695560,695561,695563,695563,closed,target,22361.0,22349.0,22360.75,22349.25,22365.0,22349.0,12.0,11.5,11.0,220.0,10.0,0.5,3.0,3.0,0.75,2024-12-19 03:07:00+00:00,2024-12-19 03:07:00+00:00,2024-12-19 03:10:00+00:00,2024-12-19 03:22:00+00:00,trajectory_1163dafd9e9d_13_47316a2592d4,-1,market,0.0,15,1,4,12,11265.0
695654,695655,695660,695660,closed,stop,22384.75,22388.75,22384.5,22389.0,22388.75,22372.75,-4.0,-4.5,-5.0,-100.0,10.0,0.5,6.0,6.0,7.25,2024-12-19 04:41:00+00:00,2024-12-19 04:41:00+00:00,2024-12-19 04:47:00+00:00,2024-12-19 04:56:00+00:00,trajectory_1163dafd9e9d_13_47316a2592d4,-1,market,0.0,15,1,4,12,11165.0
695725,695726,695726,695726,closed,stop,22365.25,22369.25,22365.0,22369.5,22369.25,22353.25,-4.0,-4.5,-5.0,-100.0,10.0,0.5,1.0,1.0,6.75,2024-12-19 05:52:00+00:00,2024-12-19 05:52:00+00:00,2024-12-19 05:53:00+00:00,2024-12-19 06:07:00+00:00,trajectory_1163dafd9e9d_13_47316a2592d4,-1,market,0.0,15,1,4,12,11065.0
696246,696247,696247,696247,closed,stop,22559.75,22563.75,22559.5,22564.0,22563.75,22547.75,-4.0,-4.5,-5.0,-100.0,10.0,0.5,1.0,1.0,40.5,2024-12-19 14:33:00+00:00,2024-12-19 14:33:00+00:00,2024-12-19 14:34:00+00:00,2024-12-19 14:48:00+00:00,trajectory_1163dafd9e9d_13_47316a2592d4,-1,market,0.0,15,1,4,12,10965.0
696748,696749,696749,696749,closed,stop,22247.75,22251.75,22247.5,22252.0,22251.75,22235.75,-4.0,-4.5,-5.0,-100.0,10.0,0.5,1.0,1.0,11.5,2024-12-20 00:10:00+00:00,2024-12-20 00:10:00+00:00,2024-12-20 00:11:00+00:00,2024-12-20 00:25:00+00:00,trajectory_1163dafd9e9d_13_47316a2592d4,-1,market,0.0,15,1,4,12,10865.0
696755,696756,696756,696756,closed,stop,22200.5,22204.5,22200.25,22204.75,22204.5,22188.5,-4.0,-4.5,-5.0,-100.0,10.0,0.5,1.0,1.0,12.0,2024-12-20 00:17:00+00:00,2024-12-20 00:17:00+00:00,2024-12-20 00:18:00+00:00,2024-12-20 00:32:00+00:00,trajectory_1163dafd9e9d_13_47316a2592d4,-1,market,0.0,15,1,4,12,10765.0
696963,696964,696968,696968,closed,stop,22125.75,22129.75,22125.5,22130.0,22129.75,22113.75,-4.0,-4.5,-5.0,-100.0,10.0,0.5,5.0,5.0,4.5,2024-12-20 03:45:00+00:00,2024-12-20 03:45:00+00:00,2024-12-20 03:50:00+00:00,2024-12-20 04:00:00+00:00,trajectory_1163dafd9e9d_13_47316a2592d4,-1,market,0.0,15,1,4,12,10665.0
697107,697108,697110,697110,closed,stop,22153.5,22157.5,22153.25,22157.75,22157.5,22141.5,-4.0,-4.5,-5.0,-100.0,10.0,0.5,3.0,3.0,6.25,2024-12-20 06:09:00+00:00,2024-12-20 06:09:00+00:00,2024-12-20 06:12:00+00:00,2024-12-20 06:24:00+00:00,trajectory_1163dafd9e9d_13_47316a2592d4,-1,market,0.0,15,1,4,12,10565.0
697257,697258,697260,697260,closed,stop,22073.0,22077.0,22072.75,22077.25,22077.0,22061.0,-4.0,-4.5,-5.0,-100.0,10.0,0.5,3.0,3.0,7.25,2024-12-20 08:39:00+00:00,2024-12-20 08:39:00+00:00,2024-12-20 08:42:00+00:00,2024-12-20 08:54:00+00:00,trajectory_1163dafd9e9d_13_47316a2592d4,-1,market,0.0,15,1,4,12,10465.0
697286,697287,697287,697287,closed,stop,22041.5,22045.5,22041.25,22045.75,22045.5,22029.5,-4.0,-4.5,-5.0,-100.0,10.0,0.5,1.0,1.0,8.5,2024-12-20 09:08:00+00:00,2024-12-20 09:08:00+00:00,2024-12-20 09:09:00+00:00,2024-12-20 09:23:00+00:00,trajectory_1163dafd9e9d_13_47316a2592d4,-1,market,0.0,15,1,4,12,10365.0
698515,698516,698517,698517,closed,stop,22625.75,22629.75,22625.5,22630.0,22629.75,22613.75,-4.0,-4.5,-5.0,-100.0,10.0,0.5,2.0,2.0,5.0,2024-12-23 06:52:00+00:00,2024-12-23 06:52:00+00:00,2024-12-23 06:54:00+00:00,2024-12-23 07:07:00+00:00,trajectory_1163dafd9e9d_13_47316a2592d4,-1,market,0.0,15,1,4,12,10265.0
698543,698544,698544,698544,closed,stop,22609.0,22613.0,22608.75,22613.25,22613.0,22597.0,-4.0,-4.5,-5.0,-100.0,10.0,0.5,1.0,1.0,9.25,2024-12-23 07:20:00+00:00,2024-12-23 07:20:00+00:00,2024-12-23 07:21:00+00:00,2024-12-23 07:35:00+00:00,trajectory_1163dafd9e9d_13_47316a2592d4,-1,market,0.0,15,1,4,12,10165.0
698584,698585,698585,698585,closed,stop,22614.25,22618.25,22614.0,22618.5,22618.25,22602.25,-4.0,-4.5,-5.0,-100.0,10.0,0.5,1.0,1.0,7.75,2024-12-23 08:01:00+00:00,2024-12-23 08:01:00+00:00,2024-12-23 08:02:00+00:00,2024-12-23 08:16:00+00:00,trajectory_1163dafd9e9d_13_47316a2592d4,-1,market,0.0,15,1,4,12,10065.0
698727,698728,698728,698728,closed,stop,22559.0,22563.0,22558.75,22563.25,22563.0,22547.0,-4.0,-4.5,-5.0,-100.0,10.0,0.5,1.0,1.0,4.5,2024-12-23 10:24:00+00:00,2024-12-23 10:24:00+00:00,2024-12-23 10:25:00+00:00,2024-12-23 10:39:00+00:00,trajectory_1163dafd9e9d_13_47316a2592d4,-1,market,0.0,15,1,4,12,9965.0
699729,699730,699735,699735,closed,stop,22644.25,22648.25,22644.0,22648.5,22648.25,22632.25,-4.0,-4.5,-5.0,-100.0,10.0,0.5,6.0,6.0,4.5,2024-12-24 04:21:00+00:00,2024-12-24 04:21:00+00:00,2024-12-24 04:27:00+00:00,2024-12-24 04:36:00+00:00,trajectory_1163dafd9e9d_13_47316a2592d4,-1,market,0.0,15,1,4,12,9865.0
700482,700483,700483,700483,closed,stop,22876.25,22880.25,22876.0,22880.5,22880.25,22864.25,-4.0,-4.5,-5.0,-100.0,10.0,0.5,1.0,1.0,5.75,2024-12-24 16:54:00+00:00,2024-12-24 16:54:00+00:00,2024-12-24 16:55:00+00:00,2024-12-24 17:09:00+00:00,trajectory_1163dafd9e9d_13_47316a2592d4,-1,market,0.0,15,1,4,12,9765.0
700907,700908,700920,700920,closed,target,23000.75,22988.75,23000.5,22989.0,23004.75,22988.75,12.0,11.5,11.0,220.0,10.0,0.5,13.0,13.0,1.75,2024-12-26 04:59:00+00:00,2024-12-26 04:59:00+00:00,2024-12-26 05:12:00+00:00,2024-12-26 05:14:00+00:00,trajectory_1163dafd9e9d_13_47316a2592d4,-1,market,0.0,15,1,4,12,9985.0
701030,701031,701036,701036,closed,stop,22983.0,22987.0,22982.75,22987.25,22987.0,22971.0,-4.0,-4.5,-5.0,-100.0,10.0,0.5,6.0,6.0,4.5,2024-12-26 07:02:00+00:00,2024-12-26 07:02:00+00:00,2024-12-26 07:08:00+00:00,2024-12-26 07:17:00+00:00,trajectory_1163dafd9e9d_13_47316a2592d4,-1,market,0.0,15,1,4,12,9885.0
701501,701502,701502,701502,closed,stop,22791.75,22795.75,22791.5,22796.0,22795.75,22779.75,-4.0,-4.5,-5.0,-100.0,10.0,0.5,1.0,1.0,13.75,2024-12-26 14:54:00+00:00,2024-12-26 14:54:00+00:00,2024-12-26 14:55:00+00:00,2024-12-26 15:09:00+00:00,trajectory_1163dafd9e9d_13_47316a2592d4,-1,market,0.0,15,1,4,12,9785.0
701592,701593,701593,701593,closed,stop,22902.0,22906.0,22901.75,22906.25,22906.0,22890.0,-4.0,-4.5,-5.0,-100.0,10.0,0.5,1.0,1.0,6.5,2024-12-26 16:25:00+00:00,2024-12-26 16:25:00+00:00,2024-12-26 16:26:00+00:00,2024-12-26 16:40:00+00:00,trajectory_1163dafd9e9d_13_47316a2592d4,-1,market,0.0,15,1,4,12,9685.0
701675,701676,701676,701676,closed,stop,22906.75,22910.75,22906.5,22911.0,22910.75,22894.75,-4.0,-4.5,-5.0,-100.0,10.0,0.5,1.0,1.0,10.5,2024-12-26 17:48:00+00:00,2024-12-26 17:48:00+00:00,2024-12-26 17:49:00+00:00,2024-12-26 18:03:00+00:00,trajectory_1163dafd9e9d_13_47316a2592d4,-1,market,0.0,15,1,4,12,9585.0
701988,701989,701993,701993,closed,target,22899.0,22887.0,22898.75,22887.25,22903.0,22887.0,12.0,11.5,11.0,220.0,10.0,0.5,5.0,5.0,0.75,2024-12-27 00:16:00+00:00,2024-12-27 00:16:00+00:00,2024-12-27 00:21:00+00:00,2024-12-27 00:31:00+00:00,trajectory_1163dafd9e9d_13_47316a2592d4,-1,market,0.0,15,1,4,12,9805.0
701993,701994,701994,701994,closed,stop,22876.25,22880.25,22876.0,22880.5,22880.25,22864.25,-4.0,-4.5,-5.0,-100.0,10.0,0.5,1.0,1.0,5.75,2024-12-27 00:21:00+00:00,2024-12-27 00:21:00+00:00,2024-12-27 00:22:00+00:00,2024-12-27 00:36:00+00:00,trajectory_1163dafd9e9d_13_47316a2592d4,-1,market,0.0,15,1,4,12,9705.0
702177,702178,702178,702178,closed,stop,22859.5,22863.5,22859.25,22863.75,22863.5,22847.5,-4.0,-4.5,-5.0,-100.0,10.0,0.5,1.0,1.0,6.5,2024-12-27 03:25:00+00:00,2024-12-27 03:25:00+00:00,2024-12-27 03:26:00+00:00,2024-12-27 03:40:00+00:00,trajectory_1163dafd9e9d_13_47316a2592d4,-1,market,0.0,15,1,4,12,9605.0
702335,702336,702340,702340,closed,target,22859.5,22847.5,22859.25,22847.75,22863.5,22847.5,12.0,11.5,11.0,220.0,10.0,0.5,5.0,5.0,1.5,2024-12-27 06:03:00+00:00,2024-12-27 06:03:00+00:00,2024-12-27 06:08:00+00:00,2024-12-27 06:18:00+00:00,trajectory_1163dafd9e9d_13_47316a2592d4,-1,market,0.0,15,1,4,12,9825.0
702340,702341,702351,702351,closed,stop,22845.25,22849.25,22845.0,22849.5,22849.25,22833.25,-4.0,-4.5,-5.0,-100.0,10.0,0.5,11.0,11.0,4.75,2024-12-27 06:08:00+00:00,2024-12-27 06:08:00+00:00,2024-12-27 06:19:00+00:00,2024-12-27 06:23:00+00:00,trajectory_1163dafd9e9d_13_47316a2592d4,-1,market,0.0,15,1,4,12,9725.0
702403,702404,702405,702405,closed,stop,22834.5,22838.5,22834.25,22838.75,22838.5,22822.5,-4.0,-4.5,-5.0,-100.0,10.0,0.5,2.0,2.0,6.25,2024-12-27 07:11:00+00:00,2024-12-27 07:11:00+00:00,2024-12-27 07:13:00+00:00,2024-12-27 07:26:00+00:00,trajectory_1163dafd9e9d_13_47316a2592d4,-1,market,0.0,15,1,4,12,9625.0
702455,702456,702456,702456,closed,stop,22824.25,22828.25,22824.0,22828.5,22828.25,22812.25,-4.0,-4.5,-5.0,-100.0,10.0,0.5,1.0,1.0,5.25,2024-12-27 08:03:00+00:00,2024-12-27 08:03:00+00:00,2024-12-27 08:04:00+00:00,2024-12-27 08:18:00+00:00,trajectory_1163dafd9e9d_13_47316a2592d4,-1,market,0.0,15,1,4,12,9525.0
702754,702755,702755,702755,closed,stop,22838.25,22842.25,22838.0,22842.5,22842.25,22826.25,-4.0,-4.5,-5.0,-100.0,10.0,0.5,1.0,1.0,4.25,2024-12-27 13:02:00+00:00,2024-12-27 13:02:00+00:00,2024-12-27 13:03:00+00:00,2024-12-27 13:17:00+00:00,trajectory_1163dafd9e9d_13_47316a2592d4,-1,market,0.0,15,1,4,12,9425.0
702788,702789,702789,702789,closed,stop,22802.5,22806.5,22802.25,22806.75,22806.5,22790.5,-4.0,-4.5,-5.0,-100.0,10.0,0.5,1.0,1.0,9.0,2024-12-27 13:36:00+00:00,2024-12-27 13:36:00+00:00,2024-12-27 13:37:00+00:00,2024-12-27 13:51:00+00:00,trajectory_1163dafd9e9d_13_47316a2592d4,-1,market,0.0,15,1,4,12,9325.0
702844,702845,702845,702845,closed,target,22732.5,22720.5,22732.25,22720.75,22736.5,22720.5,12.0,11.5,11.0,220.0,10.0,0.5,1.0,1.0,4.0,2024-12-27 14:32:00+00:00,2024-12-27 14:32:00+00:00,2024-12-27 14:33:00+00:00,2024-12-27 14:47:00+00:00,trajectory_1163dafd9e9d_13_47316a2592d4,-1,market,0.0,15,1,4,12,9545.0
702847,702848,702848,702848,closed,stop,22686.75,22690.75,22686.5,22691.0,22690.75,22674.75,-4.0,-4.5,-5.0,-100.0,10.0,0.5,1.0,1.0,17.5,2024-12-27 14:35:00+00:00,2024-12-27 14:35:00+00:00,2024-12-27 14:36:00+00:00,2024-12-27 14:50:00+00:00,trajectory_1163dafd9e9d_13_47316a2592d4,-1,market,0.0,15,1,4,12,9445.0
703406,703407,703407,703407,closed,stop,22601.5,22605.5,22601.25,22605.75,22605.5,22589.5,-4.0,-4.5,-5.0,-100.0,10.0,0.5,1.0,1.0,6.5,2024-12-30 01:09:00+00:00,2024-12-30 01:09:00+00:00,2024-12-30 01:10:00+00:00,2024-12-30 01:24:00+00:00,trajectory_1163dafd9e9d_13_47316a2592d4,-1,market,0.0,15,1,4,12,9345.0
703571,703572,703572,703572,closed,stop,22586.25,22590.25,22586.0,22590.5,22590.25,22574.25,-4.0,-4.5,-5.0,-100.0,10.0,0.5,1.0,1.0,7.5,2024-12-30 03:54:00+00:00,2024-12-30 03:54:00+00:00,2024-12-30 03:55:00+00:00,2024-12-30 04:09:00+00:00,trajectory_1163dafd9e9d_13_47316a2592d4,-1,market,0.0,15,1,4,12,9245.0
703668,703669,703669,703669,closed,stop,22577.25,22581.25,22577.0,22581.5,22581.25,22565.25,-4.0,-4.5,-5.0,-100.0,10.0,0.5,1.0,1.0,4.25,2024-12-30 05:31:00+00:00,2024-12-30 05:31:00+00:00,2024-12-30 05:32:00+00:00,2024-12-30 05:46:00+00:00,trajectory_1163dafd9e9d_13_47316a2592d4,-1,market,0.0,15,1,4,12,9145.0
703670,703671,703673,703673,closed,stop,22569.0,22573.0,22568.75,22573.25,22573.0,22557.0,-4.0,-4.5,-5.0,-100.0,10.0,0.5,3.0,3.0,4.25,2024-12-30 05:33:00+00:00,2024-12-30 05:33:00+00:00,2024-12-30 05:36:00+00:00,2024-12-30 05:48:00+00:00,trajectory_1163dafd9e9d_13_47316a2592d4,-1,market,0.0,15,1,4,12,9045.0
703743,703744,703744,703744,closed,stop,22561.0,22565.0,22560.75,22565.25,22565.0,22549.0,-4.0,-4.5,-5.0,-100.0,10.0,0.5,1.0,1.0,11.5,2024-12-30 06:46:00+00:00,2024-12-30 06:46:00+00:00,2024-12-30 06:47:00+00:00,2024-12-30 07:01:00+00:00,trajectory_1163dafd9e9d_13_47316a2592d4,-1,market,0.0,15,1,4,12,8945.0
704055,704056,704064,704064,closed,stop,22558.5,22562.5,22558.25,22562.75,22562.5,22546.5,-4.0,-4.5,-5.0,-100.0,10.0,0.5,9.0,9.0,5.25,2024-12-30 11:58:00+00:00,2024-12-30 11:58:00+00:00,2024-12-30 12:07:00+00:00,2024-12-30 12:13:00+00:00,trajectory_1163dafd9e9d_13_47316a2592d4,-1,market,0.0,15,1,4,12,8845.0
704078,704079,704083,704083,closed,target,22534.75,22522.75,22534.5,22523.0,22538.75,22522.75,12.0,11.5,11.0,220.0,10.0,0.5,5.0,5.0,2.5,2024-12-30 12:21:00+00:00,2024-12-30 12:21:00+00:00,2024-12-30 12:26:00+00:00,2024-12-30 12:36:00+00:00,trajectory_1163dafd9e9d_13_47316a2592d4,-1,market,0.0,15,1,4,12,9065.0
704106,704107,704107,704107,closed,target,22388.75,22376.75,22388.5,22377.0,22392.75,22376.75,12.0,11.5,11.0,220.0,10.0,0.5,1.0,1.0,3.5,2024-12-30 12:49:00+00:00,2024-12-30 12:49:00+00:00,2024-12-30 12:50:00+00:00,2024-12-30 13:04:00+00:00,trajectory_1163dafd9e9d_13_47316a2592d4,-1,market,0.0,15,1,4,12,9285.0
704153,704154,704154,704154,closed,target,22329.25,22317.25,22329.0,22317.5,22333.25,22317.25,12.0,11.5,11.0,220.0,10.0,0.5,1.0,1.0,1.25,2024-12-30 13:36:00+00:00,2024-12-30 13:36:00+00:00,2024-12-30 13:37:00+00:00,2024-12-30 13:51:00+00:00,trajectory_1163dafd9e9d_13_47316a2592d4,-1,market,0.0,15,1,4,12,9505.0
704881,704882,704886,704886,closed,target,22336.0,22324.0,22335.75,22324.25,22340.0,22324.0,12.0,11.5,11.0,220.0,10.0,0.5,5.0,5.0,3.0,2024-12-31 02:59:00+00:00,2024-12-31 02:59:00+00:00,2024-12-31 03:04:00+00:00,2024-12-31 03:14:00+00:00,trajectory_1163dafd9e9d_13_47316a2592d4,-1,market,0.0,15,1,4,12,9725.0
704918,704919,704925,704925,closed,target,22320.0,22308.0,22319.75,22308.25,22324.0,22308.0,12.0,11.5,11.0,220.0,10.0,0.5,7.0,7.0,3.75,2024-12-31 03:36:00+00:00,2024-12-31 03:36:00+00:00,2024-12-31 03:43:00+00:00,2024-12-31 03:51:00+00:00,trajectory_1163dafd9e9d_13_47316a2592d4,-1,market,0.0,15,1,4,12,9945.0
704925,704926,704929,704929,closed,stop,22307.25,22311.25,22307.0,22311.5,22311.25,22295.25,-4.0,-4.5,-5.0,-100.0,10.0,0.5,4.0,4.0,5.25,2024-12-31 03:43:00+00:00,2024-12-31 03:43:00+00:00,2024-12-31 03:47:00+00:00,2024-12-31 03:58:00+00:00,trajectory_1163dafd9e9d_13_47316a2592d4,-1,market,0.0,15,1,4,12,9845.0
705154,705155,705155,705155,closed,stop,22287.5,22291.5,22287.25,22291.75,22291.5,22275.5,-4.0,-4.5,-5.0,-100.0,10.0,0.5,1.0,1.0,8.0,2024-12-31 07:32:00+00:00,2024-12-31 07:32:00+00:00,2024-12-31 07:33:00+00:00,2024-12-31 07:47:00+00:00,trajectory_1163dafd9e9d_13_47316a2592d4,-1,market,0.0,15,1,4,12,9745.0
705472,705473,705473,705473,closed,stop,22392.25,22396.25,22392.0,22396.5,22396.25,22380.25,-4.0,-4.5,-5.0,-100.0,10.0,0.5,1.0,1.0,5.75,2024-12-31 12:50:00+00:00,2024-12-31 12:50:00+00:00,2024-12-31 12:51:00+00:00,2024-12-31 13:05:00+00:00,trajectory_1163dafd9e9d_13_47316a2592d4,-1,market,0.0,15,1,4,12,9645.0
705574,705575,705575,705575,closed,stop,22353.25,22357.25,22353.0,22357.5,22357.25,22341.25,-4.0,-4.5,-5.0,-100.0,10.0,0.5,1.0,1.0,22.5,2024-12-31 14:32:00+00:00,2024-12-31 14:32:00+00:00,2024-12-31 14:33:00+00:00,2024-12-31 14:47:00+00:00,trajectory_1163dafd9e9d_13_47316a2592d4,-1,market,0.0,15,1,4,12,9545.0
